// Created by Crowbar 0.74
version 1
nodes
  0 "root" -1
  1 "pelvis" 0
  2 "spine_01" 1
  3 "spine_02" 2
  4 "spine_03" 3
  5 "clavicle_r" 4
  6 "upperarm_r" 5
  7 "lowerarm_r" 6
  8 "hand_r" 7
  9 "index_01_r" 8
  10 "index_02_r" 9
  11 "index_03_r" 10
  12 "middle_01_r" 8
  13 "middle_02_r" 12
  14 "middle_03_r" 13
  15 "pinky_01_r" 8
  16 "pinky_02_r" 15
  17 "pinky_03_r" 16
  18 "ring_01_r" 8
  19 "ring_02_r" 18
  20 "ring_03_r" 19
  21 "thumb_01_r" 8
  22 "thumb_02_r" 21
  23 "thumb_03_r" 22
  24 "lowerarm_twist_01_r" 7
  25 "upperarm_twist_01_r" 6
  26 "clavicle_l" 4
  27 "upperarm_l" 26
  28 "lowerarm_l" 27
  29 "hand_l" 28
  30 "index_01_l" 29
  31 "index_02_l" 30
  32 "index_03_l" 31
  33 "middle_01_l" 29
  34 "middle_02_l" 33
  35 "middle_03_l" 34
  36 "pinky_01_l" 29
  37 "pinky_02_l" 36
  38 "pinky_03_l" 37
  39 "ring_01_l" 29
  40 "ring_02_l" 39
  41 "ring_03_l" 40
  42 "thumb_01_l" 29
  43 "thumb_02_l" 42
  44 "thumb_03_l" 43
  45 "lowerarm_twist_01_l" 28
  46 "upperarm_twist_01_l" 27
  47 "cam_driver" -1
  48 "Base" -1
  49 "Trigger" 48
  50 "Bolt" 48
  51 "rhand_ikTarget" 48
  52 "lhand_ikTarget" 48
  53 "MagRelease" 48
  54 "BoltCover" 48
  55 "Boltpuller" 48
  56 "Mag" 48
  57 "Bullet" 56
  58 "BulletMove" 57
end
skeleton
  time 0
    0 -0.000001 9.445313 -27.500000 0.000000 0.000000 -0.000001
    1 -0.000002 0.000000 0.000000 1.570743 -1.567137 -1.570743
    2 4.255468 -0.335183 -0.000002 0.000000 0.000000 -0.124848
    3 7.431248 1.496477 0.000002 0.000000 0.000000 0.245450
    4 5.278479 0.165541 0.000001 0.000000 0.000000 0.048511
    5 5.346643 2.736980 0.985055 1.975864 1.159909 -1.298786
    6 -6.214482 -0.000007 -0.000027 2.824204 -0.194546 2.437399
    7 11.944882 0.000000 0.000001 -0.338834 -0.330520 1.913296
    8 10.620181 0.000002 0.000000 1.289859 0.010498 2.574864
    9 -4.751106 -0.694494 0.830577 0.158601 -0.097860 -0.042117
    10 -1.688068 0.000046 -0.000032 0.017344 -0.017702 0.663661
    11 -1.336140 0.000057 -0.000012 0.026393 -0.000544 0.574360
    12 -4.820494 -0.509460 -0.224759 -0.570999 -0.105502 1.450020
    13 -1.826992 -0.000064 0.000006 0.006567 0.039974 1.436945
    14 -1.436573 0.000006 0.000002 -0.027803 -0.072691 0.273305
    15 -3.992355 -0.891188 -1.827909 -0.633029 0.345677 1.729988
    16 -1.405918 -0.000025 -0.000003 -0.002971 -0.029380 0.976527
    17 -1.175358 0.000128 -0.000020 0.013926 0.066539 0.109973
    18 -4.526751 -0.690575 -1.120744 -0.604095 0.115941 1.646758
    19 -1.744038 0.000033 -0.000008 -0.023781 -0.017656 1.343242
    20 -1.368771 0.000025 0.000002 -0.239312 0.018433 -0.003581
    21 -1.874800 -0.935125 0.999174 2.067205 0.441574 0.749805
    22 -1.523453 0.000032 0.000031 0.074265 0.233956 0.563732
    23 -1.599285 0.000004 0.000016 0.029772 -0.030974 0.785151
    24 5.582130 0.113292 0.292977 1.947506 -0.067397 3.121215
    25 0.196847 -0.000001 0.000003 2.793407 0.000006 -3.141577
    26 0.408993 -1.474086 3.206478 1.975862 1.159909 1.842803
    27 6.214485 0.000006 0.000020 -1.412198 0.112190 -2.434435
    28 11.944885 -0.000029 -0.000194 -0.368237 -0.002010 -0.005534
    29 10.620166 0.000002 0.000010 -3.513777 0.168677 -0.321172
    30 4.751156 0.694376 -0.830473 0.189383 -0.487308 0.129678
    31 1.688065 -0.000026 0.000002 0.013092 -0.021033 0.882493
    32 1.336151 -0.000051 -0.000009 -0.007070 -0.038117 0.554832
    33 4.820513 0.509340 0.224865 -0.139047 -0.590596 0.613146
    34 1.826996 0.000066 0.000008 0.000507 0.040525 1.286319
    35 1.436577 -0.000010 0.000007 0.010213 -0.011246 0.103836
    36 3.992353 0.891087 1.827994 -0.523945 -0.460102 0.914512
    37 1.405918 0.000021 -0.000007 -0.017410 -0.023857 1.506112
    38 1.175369 -0.000131 0.000002 -0.074946 0.097993 -0.699688
    39 4.526756 0.690460 1.120842 -0.404195 -0.511930 0.927742
    40 1.744041 -0.000031 -0.000002 -0.027934 -0.009848 1.643013
    41 1.368763 -0.000031 -0.000017 -0.121957 0.101813 -1.063948
    42 2.107422 1.210938 -0.811523 1.583876 0.588896 0.201389
    43 1.617188 -0.084045 -0.171265 -0.003886 -0.072947 0.120807
    44 1.590820 -0.071716 0.012482 0.038036 0.074387 -0.271149
    45 5.511806 -0.000002 0.000006 -0.996279 0.000005 0.000007
    46 0.196850 0.000003 -0.000002 -0.348225 0.000015 -0.000002
    47 0.000000 1.996155 0.000000 0.000000 0.000000 -1.570814
    48 -8.343224 -6.294732 -7.415294 1.133346 0.004996 1.402394
    49 3.332491 -0.003284 -0.934897 0.000000 0.000000 0.000000
    50 0.381264 0.001021 0.888928 0.000000 0.000000 0.000000
    51 9.572872 1.446741 -4.365668 0.569552 1.156004 2.164662
    52 -2.236083 -2.968158 -0.775715 -2.911537 1.182270 -2.084704
    53 1.813139 0.139032 -0.745562 0.000000 0.000000 0.000000
    54 0.381264 0.803034 0.617693 -3.023270 0.000000 0.000000
    55 6.501173 0.256559 2.048409 0.000000 0.000000 0.000000
    56 0.050734 -0.015066 -0.906442 0.000000 0.000000 0.000000
    57 0.026926 -0.174474 1.260252 0.000000 0.000000 0.000000
    58 0.000000 0.345213 0.242352 0.000000 0.000000 0.000000
  time 1
    0 -0.000001 9.445313 -27.500000 0.000000 0.000000 -0.000001
    1 -0.000002 0.000000 0.000000 1.570743 -1.567137 -1.570743
    2 4.255468 -0.335183 -0.000002 0.000000 0.000000 -0.124848
    3 7.431248 1.496477 0.000002 0.000000 0.000000 0.245450
    4 5.278479 0.165541 0.000001 0.000000 0.000000 0.048511
    5 3.311425 -7.497707 7.075085 1.975864 1.159909 -1.298786
    6 -6.214482 -0.000007 -0.000027 2.886847 -0.104683 2.048322
    7 11.944882 0.000000 0.000001 -0.403678 -0.300978 2.121450
    8 10.620181 0.000002 0.000000 1.384963 0.054286 2.789335
    9 -4.751106 -0.694494 0.830577 0.158601 -0.097860 -0.042117
    10 -1.688068 0.000046 -0.000032 0.017344 -0.017702 0.663661
    11 -1.336140 0.000057 -0.000012 0.026393 -0.000544 0.574360
    12 -4.820494 -0.509460 -0.224759 -0.570999 -0.105502 1.450020
    13 -1.826992 -0.000064 0.000006 0.006567 0.039986 1.436945
    14 -1.436573 0.000006 0.000002 -0.027803 -0.072691 0.273305
    15 -3.992355 -0.891188 -1.827909 -0.633029 0.345677 1.729988
    16 -1.405918 -0.000025 -0.000003 -0.002971 -0.029380 0.976527
    17 -1.175358 0.000128 -0.000020 0.013926 0.066539 0.109973
    18 -4.526751 -0.690575 -1.120744 -0.604095 0.115941 1.646758
    19 -1.744038 0.000033 -0.000008 -0.023781 -0.017656 1.343242
    20 -1.368771 0.000025 0.000002 -0.239312 0.018433 -0.003581
    21 -1.874800 -0.935125 0.999174 2.067205 0.441574 0.749805
    22 -1.523453 0.000032 0.000031 0.074265 0.233956 0.563732
    23 -1.599285 0.000004 0.000016 0.029772 -0.030974 0.785151
    24 5.582130 0.113292 0.292977 2.382360 -0.073965 3.136543
    25 0.196847 -0.000001 0.000003 2.793407 0.000006 -3.141577
    26 -2.462188 -9.056348 2.249417 1.975862 1.159909 1.842803
    27 6.214485 0.000006 0.000020 -1.543492 0.266766 -2.424812
    28 11.944885 -0.000029 -0.000194 -0.167994 -0.319242 -1.137153
    29 10.620166 0.000002 0.000010 -3.142912 -0.150017 0.051825
    30 4.751156 0.694376 -0.830473 0.189383 -0.487308 0.129678
    31 1.688065 -0.000026 0.000002 0.013092 -0.021033 0.882493
    32 1.336151 -0.000051 -0.000009 -0.007070 -0.038117 0.554832
    33 4.820513 0.509340 0.224865 -0.139047 -0.590596 0.613146
    34 1.826996 0.000066 0.000008 0.000507 0.040525 1.286319
    35 1.436577 -0.000010 0.000007 0.010213 -0.011246 0.103836
    36 3.992353 0.891087 1.827994 -0.523945 -0.460102 0.914512
    37 1.405918 0.000021 -0.000007 -0.017410 -0.023857 1.506112
    38 1.175369 -0.000131 0.000002 -0.074946 0.097993 -0.699688
    39 4.526756 0.690460 1.120842 -0.404195 -0.511930 0.927742
    40 1.744041 -0.000031 -0.000002 -0.027934 -0.009848 1.643013
    41 1.368763 -0.000031 -0.000017 -0.121957 0.101813 -1.063948
    42 2.107422 1.210938 -0.811523 1.583876 0.588896 0.201389
    43 1.617188 -0.084045 -0.171265 -0.003886 -0.072947 0.120807
    44 1.590820 -0.071716 0.012482 0.038036 0.074387 -0.271149
    45 5.511806 -0.000002 0.000006 -0.996390 0.000005 0.000007
    46 0.196850 0.000003 -0.000002 -0.348225 0.000015 -0.000002
    47 0.000000 1.996155 0.000000 -0.029147 0.000815 -1.575554
    48 -2.882120 -10.638615 -3.840966 1.387270 0.291906 2.165536
    49 3.332491 -0.003284 -0.934897 0.000000 0.000000 0.000000
    50 0.381264 0.001021 0.888928 0.000000 0.000000 0.000000
    51 9.568965 1.446741 -4.365668 0.569552 1.156004 2.164662
    52 -2.763442 -2.886124 -0.931970 -2.911537 1.182270 -2.084704
    53 1.813139 0.139032 -0.745562 0.000000 0.000000 0.000000
    54 0.381264 0.803034 0.617693 -3.023270 0.000000 0.000000
    55 6.501173 0.256559 2.048409 0.000000 0.000000 0.000000
    56 0.050734 -0.015066 -0.906442 0.000000 0.000000 0.000000
    57 0.026926 -0.174474 1.260252 0.000000 0.000000 0.000000
    58 0.000000 0.345213 0.242352 0.000000 0.000000 0.000000
  time 2
    0 -0.000001 9.445313 -27.500000 0.000000 0.000000 -0.000001
    1 -0.000002 0.000000 0.000000 1.570743 -1.567137 -1.570743
    2 4.255468 -0.335183 -0.000002 0.000000 0.000000 -0.124848
    3 7.431248 1.496477 0.000002 0.000000 0.000000 0.245450
    4 5.278479 0.165541 0.000001 0.000000 0.000000 0.048511
    5 1.088701 -18.548825 13.485437 1.975864 1.159909 -1.298786
    6 -6.214482 -0.000007 -0.000027 2.744938 0.205660 0.778798
    7 11.944882 0.000000 0.000001 0.015496 -0.257175 0.806655
    8 10.620181 0.000002 0.000000 1.234750 0.256172 3.622275
    9 -4.751106 -0.694494 0.830577 0.158601 -0.097860 -0.042117
    10 -1.688068 0.000046 -0.000032 0.017344 -0.017702 0.663661
    11 -1.336140 0.000057 -0.000012 0.026393 -0.000544 0.574360
    12 -4.820494 -0.509460 -0.224759 -0.570999 -0.105502 1.450020
    13 -1.826992 -0.000064 0.000006 0.006567 0.039986 1.436945
    14 -1.436573 0.000006 0.000002 -0.027803 -0.072691 0.273305
    15 -3.992355 -0.891188 -1.827909 -0.633029 0.345677 1.729988
    16 -1.405918 -0.000025 -0.000003 -0.002971 -0.029380 0.976527
    17 -1.175358 0.000128 -0.000020 0.013926 0.066539 0.109973
    18 -4.526751 -0.690575 -1.120744 -0.604095 0.115941 1.646758
    19 -1.744038 0.000033 -0.000008 -0.023781 -0.017656 1.343242
    20 -1.368771 0.000025 0.000002 -0.239312 0.018433 -0.003581
    21 -1.874800 -0.935125 0.999174 2.067205 0.441574 0.749805
    22 -1.523453 0.000032 0.000031 0.074265 0.233956 0.563732
    23 -1.599285 0.000004 0.000016 0.029772 -0.030974 0.785151
    24 5.582130 0.113292 0.292977 2.817417 -0.086369 3.147653
    25 0.196847 -0.000001 0.000003 2.793407 0.000006 -3.141577
    26 -5.333370 -16.638611 1.292357 1.975862 1.159909 1.842803
    27 6.214485 0.000006 0.000020 -1.488709 -0.104284 -2.025216
    28 11.944885 -0.000029 -0.000194 -0.100177 -0.343870 -1.386474
    29 10.620166 0.000002 0.000010 -2.795907 -0.384599 0.039586
    30 4.751156 0.694376 -0.830473 0.189383 -0.487308 0.129678
    31 1.688065 -0.000026 0.000002 0.013092 -0.021033 0.882493
    32 1.336151 -0.000051 -0.000009 -0.007070 -0.038105 0.554832
    33 4.820513 0.509340 0.224865 -0.139047 -0.590596 0.613146
    34 1.826996 0.000066 0.000008 0.000507 0.040525 1.286319
    35 1.436577 -0.000010 0.000007 0.010213 -0.011246 0.103836
    36 3.992353 0.891087 1.827994 -0.523945 -0.460102 0.914512
    37 1.405918 0.000021 -0.000007 -0.017410 -0.023857 1.506112
    38 1.175369 -0.000131 0.000002 -0.074946 0.097993 -0.699688
    39 4.526756 0.690460 1.120842 -0.404195 -0.511930 0.927742
    40 1.744041 -0.000031 -0.000002 -0.027934 -0.009848 1.643013
    41 1.368763 -0.000031 -0.000017 -0.121957 0.101813 -1.063948
    42 2.107422 1.210938 -0.811523 1.583876 0.588896 0.201389
    43 1.617188 -0.084045 -0.171265 -0.003886 -0.072947 0.120807
    44 1.590820 -0.071716 0.012482 0.038036 0.074387 -0.271149
    45 5.511806 -0.000002 0.000006 -0.996759 0.000005 0.000007
    46 0.196850 0.000003 -0.000002 -0.348225 0.000015 -0.000002
    47 0.000000 1.996155 0.000000 -0.058293 0.002721 -1.580390
    48 4.700143 -15.310633 -0.262732 1.699760 0.253359 3.103623
    49 3.332491 -0.003284 -0.934897 0.000000 0.000000 0.000000
    50 0.381264 0.001021 0.888928 0.000000 0.000000 0.000000
    51 9.572872 1.446741 -4.365668 0.569552 1.156004 2.164662
    52 -2.763442 -2.886124 -0.931970 -2.911537 1.182270 -2.084704
    53 1.813139 0.139032 -0.745562 0.000000 0.000000 0.000000
    54 0.381264 0.803034 0.617693 -3.023270 0.000000 0.000000
    55 6.501173 0.256559 2.048409 0.000000 0.000000 0.000000
    56 0.050734 -0.015066 -0.906442 0.000000 0.000000 0.000000
    57 0.026926 -0.174474 1.260252 0.000000 0.000000 0.000000
    58 0.000000 0.345213 0.242352 0.000000 0.000000 0.000000
  time 3
    0 -0.000001 9.445313 -27.500000 0.000000 0.000000 -0.000001
    1 -0.000002 0.000000 0.000000 1.570743 -1.567137 -1.570743
    2 4.255468 -0.335183 -0.000002 0.000000 0.000000 -0.124848
    3 7.431248 1.496477 0.000002 0.000000 0.000000 0.245450
    4 5.278479 0.165541 0.000001 0.000000 0.000000 0.048511
    5 -3.161429 -20.330130 10.094708 1.975864 1.159909 -1.298786
    6 -6.214482 -0.000007 -0.000027 2.634543 0.319164 0.545815
    7 11.944882 0.000000 0.000001 0.097009 -0.141164 0.400767
    8 10.620181 0.000002 0.000000 0.934430 0.389017 3.914611
    9 -4.751106 -0.694494 0.830577 0.158601 -0.097860 -0.042117
    10 -1.688068 0.000046 -0.000032 0.017344 -0.017702 0.663661
    11 -1.336140 0.000057 -0.000012 0.026393 -0.000544 0.574360
    12 -4.820494 -0.509460 -0.224759 -0.570999 -0.105502 1.450020
    13 -1.826992 -0.000064 0.000006 0.006567 0.039986 1.436945
    14 -1.436573 0.000006 0.000002 -0.027803 -0.072691 0.273305
    15 -3.992355 -0.891188 -1.827909 -0.633029 0.345677 1.729988
    16 -1.405918 -0.000025 -0.000003 -0.002971 -0.029380 0.976527
    17 -1.175358 0.000128 -0.000020 0.013926 0.066539 0.109973
    18 -4.526751 -0.690575 -1.120744 -0.604095 0.115941 1.646758
    19 -1.744038 0.000033 -0.000008 -0.023781 -0.017656 1.343242
    20 -1.368771 0.000025 0.000002 -0.239312 0.018433 -0.003581
    21 -1.874800 -0.935125 0.999174 2.067205 0.441574 0.749805
    22 -1.523453 0.000032 0.000031 0.074265 0.233956 0.563732
    23 -1.599285 0.000004 0.000016 0.029772 -0.030974 0.785151
    24 5.582130 0.113292 0.292977 2.808995 -0.086093 3.147497
    25 0.196847 -0.000001 0.000003 2.793407 0.000006 -3.141577
    26 -5.208366 -16.458918 1.296263 1.975862 1.159909 1.842803
    27 6.214485 0.000006 0.000020 -1.353875 -0.040747 -1.649164
    28 11.944885 -0.000029 -0.000194 -0.126251 -0.343103 -1.374058
    29 10.620166 0.000002 0.000010 -2.967223 -0.502374 0.191125
    30 4.751156 0.694376 -0.830473 0.189383 -0.487308 0.129678
    31 1.688065 -0.000026 0.000002 0.013092 -0.021033 0.882493
    32 1.336151 -0.000051 -0.000009 -0.007070 -0.038117 0.554832
    33 4.820513 0.509340 0.224865 -0.139047 -0.590596 0.613146
    34 1.826996 0.000066 0.000008 0.000507 0.040525 1.286319
    35 1.436577 -0.000010 0.000007 0.010213 -0.011246 0.103836
    36 3.992353 0.891087 1.827994 -0.523945 -0.460102 0.914512
    37 1.405918 0.000021 -0.000007 -0.017410 -0.023857 1.506112
    38 1.175369 -0.000131 0.000002 -0.074946 0.097993 -0.699688
    39 4.526756 0.690460 1.120842 -0.404195 -0.511930 0.927742
    40 1.744041 -0.000031 -0.000002 -0.027934 -0.009848 1.643013
    41 1.368763 -0.000031 -0.000017 -0.121957 0.101813 -1.063948
    42 2.107422 1.210938 -0.811523 1.583876 0.588896 0.201389
    43 1.617188 -0.084045 -0.171265 -0.003886 -0.072947 0.120807
    44 1.590820 -0.071716 0.012482 0.038036 0.074387 -0.271149
    45 5.511806 -0.000002 0.000006 -0.997350 0.000005 0.000007
    46 0.196850 0.000003 -0.000002 -0.348225 0.000015 -0.000002
    47 0.000000 1.996155 0.000000 -0.058281 0.004938 -1.579181
    48 7.965867 -15.810648 -1.016661 1.532621 0.220865 -3.021597
    49 3.332491 -0.003284 -0.934897 0.000000 0.000000 0.000000
    50 0.381264 0.001021 0.888928 0.000000 0.000000 0.000000
    51 9.572872 1.446741 -4.365668 0.569552 1.156004 2.164662
    52 -2.763442 -2.886124 -0.931970 -2.911537 1.182270 -2.084704
    53 1.813139 0.139032 -0.745562 0.000000 0.000000 0.000000
    54 0.381264 0.803034 0.617693 -3.023270 0.000000 0.000000
    55 6.501173 0.256559 2.048409 0.000000 0.000000 0.000000
    56 0.050734 -0.015066 -0.906442 0.000000 0.000000 0.000000
    57 0.026926 -0.174474 1.260252 0.000000 0.000000 0.000000
    58 0.000000 0.345213 0.242352 0.000000 0.000000 0.000000
  time 4
    0 -0.000001 9.445313 -27.500000 0.000000 0.000000 -0.000001
    1 -0.000002 0.000000 0.000000 1.570743 -1.567137 -1.570743
    2 4.255468 -0.335183 -0.000002 0.000000 0.000000 -0.124848
    3 7.431248 1.496477 0.000002 0.000000 0.000000 0.245450
    4 5.278479 0.165541 0.000001 0.000000 0.000000 0.048511
    5 -7.138113 -21.587981 5.692230 1.975864 1.159909 -1.298786
    6 -6.214482 -0.000007 -0.000027 2.673483 0.421202 0.766469
    7 11.944882 0.000000 0.000001 0.028559 -0.244387 0.754003
    8 10.620181 0.000002 0.000000 0.676690 0.516969 3.753056
    9 -4.751106 -0.694494 0.830577 0.158601 -0.097860 -0.042117
    10 -1.688068 0.000046 -0.000032 0.017344 -0.017690 0.663661
    11 -1.336140 0.000057 -0.000012 0.026393 -0.000544 0.574360
    12 -4.820494 -0.509460 -0.224759 -0.570999 -0.105502 1.450020
    13 -1.826992 -0.000064 0.000006 0.006567 0.039986 1.436945
    14 -1.436573 0.000006 0.000002 -0.027803 -0.072691 0.273305
    15 -3.992355 -0.891188 -1.827909 -0.633029 0.345677 1.729988
    16 -1.405918 -0.000025 -0.000003 -0.002971 -0.029380 0.976527
    17 -1.175358 0.000128 -0.000020 0.013926 0.066551 0.109973
    18 -4.526751 -0.690575 -1.120744 -0.604095 0.115941 1.646758
    19 -1.744038 0.000033 -0.000008 -0.023781 -0.017656 1.343242
    20 -1.368771 0.000025 0.000002 -0.239312 0.018445 -0.003581
    21 -1.874800 -0.935125 0.999174 2.067205 0.441574 0.749805
    22 -1.523453 0.000032 0.000031 0.074265 0.233956 0.563732
    23 -1.599285 0.000004 0.000016 0.029772 -0.030974 0.785151
    24 5.582130 0.113292 0.292977 2.785043 -0.085290 3.147029
    25 0.196847 -0.000001 0.000003 2.793407 0.000006 -3.141577
    26 -4.864605 -15.966715 1.300170 1.975862 1.159909 1.842803
    27 6.214485 0.000006 0.000020 -1.296369 0.097012 -1.466417
    28 11.944885 -0.000029 -0.000194 -0.137714 -0.346003 -1.427064
    29 10.620166 0.000002 0.000010 -2.948887 -0.478644 0.190405
    30 4.751156 0.694376 -0.830473 0.189383 -0.487308 0.129678
    31 1.688065 -0.000026 0.000002 0.013092 -0.021033 0.882493
    32 1.336151 -0.000051 -0.000009 -0.007070 -0.038105 0.554832
    33 4.820513 0.509340 0.224865 -0.139047 -0.590596 0.613146
    34 1.826996 0.000066 0.000008 0.000507 0.040525 1.286319
    35 1.436577 -0.000010 0.000007 0.010213 -0.011246 0.103836
    36 3.992353 0.891087 1.827994 -0.523945 -0.460102 0.914512
    37 1.405918 0.000021 -0.000007 -0.017410 -0.023857 1.506112
    38 1.175369 -0.000131 0.000002 -0.074946 0.097993 -0.699688
    39 4.526756 0.690460 1.120842 -0.404195 -0.511930 0.927742
    40 1.744041 -0.000031 -0.000002 -0.027934 -0.009848 1.643013
    41 1.368763 -0.000031 -0.000017 -0.121957 0.101813 -1.063948
    42 2.107422 1.210938 -0.811523 1.583876 0.588896 0.201389
    43 1.617188 -0.084045 -0.171265 -0.003886 -0.072947 0.120807
    44 1.590820 -0.071716 0.012482 0.038036 0.074387 -0.271149
    45 5.511806 -0.000002 0.000006 -0.998126 0.000005 0.000007
    46 0.196850 0.000003 -0.000002 -0.348225 0.000015 -0.000002
    47 0.000000 1.996155 0.000000 -0.058245 0.007167 -1.576231
    48 9.641700 -16.072375 -2.926876 1.396140 0.275188 -2.910114
    49 3.332491 -0.003284 -0.934897 0.000000 0.000000 0.000000
    50 0.381264 0.001021 0.888928 0.000000 0.000000 0.000000
    51 9.572872 1.446741 -4.365668 0.569552 1.156004 2.164662
    52 -2.763442 -2.886124 -0.931970 -2.911537 1.182270 -2.084704
    53 1.813139 0.139032 -0.745562 0.000000 0.000000 0.000000
    54 0.381264 0.803034 0.617693 -3.023270 0.000000 0.000000
    55 6.501173 0.256559 2.048409 0.000000 0.000000 0.000000
    56 0.050734 -0.015066 -0.906442 0.000000 0.000000 0.000000
    57 0.026926 -0.174474 1.260252 0.000000 0.000000 0.000000
    58 0.000000 0.345213 0.242352 0.000000 0.000000 0.000000
  time 5
    0 -0.000001 9.445313 -27.500000 0.000000 0.000000 -0.000001
    1 -0.000002 0.000000 0.000000 1.570743 -1.567137 -1.570743
    2 4.255468 -0.335183 -0.000002 0.000000 0.000000 -0.124848
    3 7.431248 1.496477 0.000002 0.000000 0.000000 0.245450
    4 5.278479 0.165541 0.000001 0.000000 0.000000 0.048511
    5 -5.962296 -21.556730 4.653136 1.975864 1.159909 -1.298786
    6 -6.214482 -0.000007 -0.000027 2.788342 0.134365 0.898951
    7 11.944882 0.000000 0.000001 -0.042250 -0.300235 1.015764
    8 10.620181 0.000002 0.000000 0.875228 0.533723 3.712595
    9 -4.751106 -0.694494 0.830577 0.158601 -0.097860 -0.042117
    10 -1.688068 0.000046 -0.000032 0.017344 -0.017690 0.663661
    11 -1.336140 0.000057 -0.000012 0.026393 -0.000544 0.574360
    12 -4.820494 -0.509460 -0.224759 -0.570999 -0.105502 1.450020
    13 -1.826992 -0.000064 0.000006 0.006567 0.039986 1.436945
    14 -1.436573 0.000006 0.000002 -0.027803 -0.072691 0.273305
    15 -3.992355 -0.891188 -1.827909 -0.633029 0.345677 1.729988
    16 -1.405918 -0.000025 -0.000003 -0.002971 -0.029380 0.976527
    17 -1.175358 0.000128 -0.000020 0.013926 0.066539 0.109973
    18 -4.526751 -0.690575 -1.120744 -0.604095 0.115941 1.646758
    19 -1.744038 0.000033 -0.000008 -0.023781 -0.017656 1.343242
    20 -1.368771 0.000025 0.000002 -0.239312 0.018433 -0.003581
    21 -1.874800 -0.935125 0.999174 2.067205 0.441574 0.749805
    22 -1.523453 0.000032 0.000031 0.074265 0.233956 0.563732
    23 -1.599285 0.000004 0.000016 0.029772 -0.030974 0.785151
    24 5.582130 0.113292 0.292977 2.747403 -0.084068 3.146250
    25 0.196847 -0.000001 0.000003 2.793407 0.000006 -3.141577
    26 -4.356777 -15.224505 1.296263 1.975862 1.159909 1.842803
    27 6.214485 0.000006 0.000020 -1.280468 0.285505 -1.399709
    28 11.944885 -0.000029 -0.000194 -0.148150 -0.348568 -1.502359
    29 10.620166 0.000002 0.000010 -2.847463 -0.416083 0.101138
    30 4.751156 0.694376 -0.830473 0.189383 -0.487308 0.129678
    31 1.688065 -0.000026 0.000002 0.013092 -0.021033 0.882493
    32 1.336151 -0.000051 -0.000009 -0.007070 -0.038117 0.554832
    33 4.820513 0.509340 0.224865 -0.139047 -0.590596 0.613146
    34 1.826996 0.000066 0.000008 0.000507 0.040525 1.286319
    35 1.436577 -0.000010 0.000007 0.010213 -0.011246 0.103836
    36 3.992353 0.891087 1.827994 -0.523945 -0.460102 0.914512
    37 1.405918 0.000021 -0.000007 -0.017410 -0.023857 1.506112
    38 1.175369 -0.000131 0.000002 -0.074946 0.097993 -0.699688
    39 4.526756 0.690460 1.120842 -0.404195 -0.511930 0.927742
    40 1.744041 -0.000031 -0.000002 -0.027934 -0.009848 1.643013
    41 1.368763 -0.000031 -0.000017 -0.121957 0.101813 -1.063948
    42 2.107422 1.210938 -0.811523 1.583876 0.588896 0.201389
    43 1.617188 -0.084045 -0.171265 -0.003886 -0.072947 0.120807
    44 1.590820 -0.071716 0.012482 0.038036 0.074387 -0.271149
    45 5.511806 -0.000002 0.000006 -0.999087 0.000005 0.000007
    46 0.196850 0.000003 -0.000002 -0.348225 0.000015 -0.000002
    47 0.000000 1.996155 0.000000 -0.058137 0.009228 -1.572362
    48 10.258906 -16.166127 -5.450390 1.286012 0.350072 -2.863702
    49 3.332491 -0.003284 -0.934897 0.000000 0.000000 0.000000
    50 0.381264 0.001021 0.888928 0.000000 0.000000 0.000000
    51 9.572872 1.446741 -4.365668 0.569552 1.156004 2.164662
    52 -2.763442 -2.886124 -0.931970 -2.911537 1.182270 -2.084704
    53 1.813139 0.139032 -0.745562 0.000000 0.000000 0.000000
    54 0.381264 0.803034 0.617693 -3.023270 0.000000 0.000000
    55 6.501173 0.256559 2.048409 0.000000 0.000000 0.000000
    56 0.050734 -0.015066 -0.906442 0.000000 0.000000 0.000000
    57 0.026926 -0.174474 1.260252 0.000000 0.000000 0.000000
    58 0.000000 0.345213 0.242352 0.000000 0.000000 0.000000
  time 6
    0 -0.000001 9.445313 -27.500000 0.000000 0.000000 -0.000001
    1 -0.000002 0.000000 0.000000 1.570743 -1.567137 -1.570743
    2 4.255468 -0.335183 -0.000002 0.000000 0.000000 -0.124848
    3 7.431248 1.496477 0.000002 0.000000 0.000000 0.245450
    4 5.278479 0.165541 0.000001 0.000000 0.000000 0.048511
    5 -3.774729 -20.580137 4.071087 1.975864 1.159909 -1.298786
    6 -6.214482 -0.000007 -0.000027 2.924440 -0.246563 0.993848
    7 11.944882 0.000000 0.000001 -0.057616 -0.308816 1.067053
    8 10.620181 0.000002 0.000000 1.181866 0.383927 3.891922
    9 -4.751106 -0.694494 0.830577 0.158601 -0.097860 -0.042117
    10 -1.688068 0.000046 -0.000032 0.017344 -0.017690 0.663661
    11 -1.336140 0.000057 -0.000012 0.026393 -0.000544 0.574360
    12 -4.820494 -0.509460 -0.224759 -0.570999 -0.105502 1.450020
    13 -1.826992 -0.000064 0.000006 0.006567 0.039986 1.436945
    14 -1.436573 0.000006 0.000002 -0.027803 -0.072691 0.273305
    15 -3.992355 -0.891188 -1.827909 -0.633029 0.345677 1.729988
    16 -1.405918 -0.000025 -0.000003 -0.002971 -0.029380 0.976527
    17 -1.175358 0.000128 -0.000020 0.013926 0.066539 0.109973
    18 -4.526751 -0.690575 -1.120744 -0.604095 0.115941 1.646758
    19 -1.744038 0.000033 -0.000008 -0.023781 -0.017656 1.343242
    20 -1.368771 0.000025 0.000002 -0.239312 0.018433 -0.003581
    21 -1.874800 -0.935125 0.999174 2.067205 0.441574 0.749805
    22 -1.523453 0.000032 0.000031 0.074265 0.233956 0.563732
    23 -1.599285 0.000004 0.000016 0.029772 -0.030974 0.785151
    24 5.582130 0.113292 0.292977 2.697920 -0.082498 3.145160
    25 0.196847 -0.000001 0.000003 2.793407 0.000006 -3.141577
    26 -3.727852 -14.294789 1.268919 1.975862 1.159909 1.842803
    27 6.214485 0.000006 0.000020 -1.278562 0.480838 -1.391487
    28 11.944885 -0.000029 -0.000194 -0.185034 -0.348868 -1.517368
    29 10.620166 0.000002 0.000010 -2.777725 -0.360372 -0.027994
    30 4.751156 0.694376 -0.830473 0.189383 -0.487308 0.129678
    31 1.688065 -0.000026 0.000002 0.013092 -0.021033 0.882493
    32 1.336151 -0.000051 -0.000009 -0.007070 -0.038117 0.554832
    33 4.820513 0.509340 0.224865 -0.139047 -0.590610 0.613146
    34 1.826996 0.000066 0.000008 0.000507 0.040525 1.286319
    35 1.436577 -0.000010 0.000007 0.010213 -0.011246 0.103836
    36 3.992353 0.891087 1.827994 -0.523945 -0.460102 0.914512
    37 1.405918 0.000021 -0.000007 -0.017410 -0.023857 1.506112
    38 1.175369 -0.000131 0.000002 -0.074958 0.097993 -0.699688
    39 4.526756 0.690460 1.120842 -0.404195 -0.511930 0.927742
    40 1.744041 -0.000031 -0.000002 -0.027934 -0.009848 1.643013
    41 1.368763 -0.000031 -0.000017 -0.121957 0.101813 -1.063948
    42 2.107422 1.210938 -0.811523 1.583876 0.588896 0.201389
    43 1.617188 -0.084045 -0.171265 -0.003886 -0.072947 0.120807
    44 1.590820 -0.071716 0.012482 0.038036 0.074387 -0.271149
    45 5.511806 -0.000002 0.000006 -1.000196 0.000005 0.000007
    46 0.196850 0.000003 -0.000002 -0.348225 0.000015 -0.000002
    47 0.000000 1.996155 0.000000 -0.057934 0.010918 -1.568493
    48 10.348752 -16.177847 -8.071564 1.194506 0.378799 -2.895528
    49 3.332491 -0.003284 -0.934897 0.000000 0.000000 0.000000
    50 0.381264 0.001021 0.888928 0.000000 0.000000 0.000000
    51 9.572872 1.446741 -4.365668 0.569552 1.156004 2.164662
    52 -2.763442 -2.886124 -0.931970 -2.911537 1.182270 -2.084704
    53 1.813139 0.139032 -0.745562 0.000000 0.000000 0.000000
    54 0.381264 0.803034 0.617693 -3.023270 0.000000 0.000000
    55 6.501173 0.256559 2.048409 0.000000 0.000000 0.000000
    56 0.050734 -0.015066 -0.906442 0.000000 0.000000 0.000000
    57 0.026926 -0.174474 1.260252 0.000000 0.000000 0.000000
    58 0.000000 0.345213 0.242352 0.000000 0.000000 0.000000
  time 7
    0 -0.000001 9.445313 -27.500000 0.000000 0.000000 -0.000001
    1 -0.000002 0.000000 0.000000 1.570743 -1.567137 -1.570743
    2 4.255468 -0.335183 -0.000002 0.000000 0.000000 -0.124848
    3 7.431248 1.496477 0.000002 0.000000 0.000000 0.245450
    4 5.278479 0.165541 0.000001 0.000000 0.000000 0.048511
    5 -2.094990 -19.095717 3.582791 1.975864 1.159909 -1.298786
    6 -6.214482 -0.000007 -0.000027 3.050034 -0.523322 1.118783
    7 11.944882 0.000000 0.000001 -0.065167 -0.312651 1.091642
    8 10.620181 0.000002 0.000000 1.278909 0.125057 3.951795
    9 -4.751106 -0.694494 0.830577 0.158601 -0.097860 -0.042117
    10 -1.688068 0.000046 -0.000032 0.017344 -0.017702 0.663661
    11 -1.336140 0.000057 -0.000012 0.026393 -0.000544 0.574360
    12 -4.820494 -0.509460 -0.224759 -0.570999 -0.105502 1.450020
    13 -1.826992 -0.000064 0.000006 0.006567 0.039986 1.436945
    14 -1.436573 0.000006 0.000002 -0.027803 -0.072691 0.273305
    15 -3.992355 -0.891188 -1.827909 -0.633029 0.345677 1.729988
    16 -1.405918 -0.000025 -0.000003 -0.002971 -0.029380 0.976527
    17 -1.175358 0.000128 -0.000020 0.013926 0.066539 0.109973
    18 -4.526751 -0.690575 -1.120744 -0.604095 0.115941 1.646758
    19 -1.744038 0.000033 -0.000008 -0.023781 -0.017656 1.343242
    20 -1.368771 0.000025 0.000002 -0.239312 0.018433 -0.003581
    21 -1.874800 -0.935125 0.999174 2.067205 0.441574 0.749805
    22 -1.523453 0.000032 0.000031 0.074265 0.233956 0.563732
    23 -1.599285 0.000004 0.000016 0.029772 -0.030974 0.785151
    24 5.582130 0.113292 0.292977 2.638522 -0.080700 3.143746
    25 0.196847 -0.000001 0.000003 2.793407 0.000006 -3.141577
    26 -3.032518 -13.251789 1.206417 1.975862 1.159909 1.842803
    27 6.214485 0.000006 0.000020 -1.267725 0.644770 -1.408958
    28 11.944885 -0.000029 -0.000194 -0.254595 -0.347046 -1.451697
    29 10.620166 0.000002 0.000010 -2.779182 -0.355514 -0.097509
    30 4.751156 0.694376 -0.830473 0.189383 -0.487308 0.129678
    31 1.688065 -0.000026 0.000002 0.013092 -0.021033 0.882493
    32 1.336151 -0.000051 -0.000009 -0.007070 -0.038117 0.554832
    33 4.820513 0.509340 0.224865 -0.139047 -0.590596 0.613146
    34 1.826996 0.000066 0.000008 0.000507 0.040525 1.286319
    35 1.436577 -0.000010 0.000007 0.010213 -0.011246 0.103836
    36 3.992353 0.891087 1.827994 -0.523945 -0.460102 0.914512
    37 1.405918 0.000021 -0.000007 -0.017410 -0.023857 1.506112
    38 1.175369 -0.000131 0.000002 -0.074946 0.097993 -0.699688
    39 4.526756 0.690460 1.120842 -0.404195 -0.511930 0.927742
    40 1.744041 -0.000031 -0.000002 -0.027934 -0.009848 1.643013
    41 1.368763 -0.000031 -0.000017 -0.121957 0.101813 -1.063948
    42 2.107422 1.210938 -0.811523 1.583876 0.588896 0.201389
    43 1.617188 -0.084045 -0.171265 -0.003886 -0.072947 0.120807
    44 1.590820 -0.071716 0.012482 0.038036 0.074387 -0.271149
    45 5.511806 -0.000002 0.000006 -1.001415 0.000005 0.000007
    46 0.196850 0.000003 -0.000002 -0.348225 0.000015 -0.000002
    47 0.000000 1.996155 0.000000 -0.057598 0.012080 -1.565494
    48 10.141715 -16.107532 -10.325539 1.064353 0.301917 -3.019608
    49 3.332491 -0.003284 -0.934897 0.000000 0.000000 0.000000
    50 0.381264 0.001021 0.888928 0.000000 0.000000 0.000000
    51 9.572872 1.446741 -4.365668 0.569552 1.156004 2.164662
    52 -2.763442 -2.886124 -0.931970 -2.911537 1.182270 -2.084704
    53 1.813139 0.139032 -0.745562 0.000000 0.000000 0.000000
    54 0.381264 0.803034 0.617693 -3.023270 0.000000 0.000000
    55 6.501173 0.256559 2.048409 0.000000 0.000000 0.000000
    56 0.050734 -0.015066 -0.906442 0.000000 0.000000 0.000000
    57 0.026926 -0.174474 1.260252 0.000000 0.000000 0.000000
    58 0.000000 0.345213 0.242352 0.000000 0.000000 0.000000
  time 8
    0 -0.000001 9.445313 -27.500000 0.000000 0.000000 -0.000001
    1 -0.000002 0.000000 0.000000 1.570743 -1.567137 -1.570743
    2 4.255468 -0.335183 -0.000002 0.000000 0.000000 -0.124848
    3 7.431248 1.496477 0.000002 0.000000 0.000000 0.245450
    4 5.278479 0.165541 0.000001 0.000000 0.000000 0.048511
    5 -1.235589 -17.540982 3.063244 1.975864 1.159909 -1.298786
    6 -6.214482 -0.000007 -0.000027 3.088666 -0.692630 1.326883
    7 11.944882 0.000000 0.000001 -0.121932 -0.334787 1.269691
    8 10.620181 0.000002 0.000000 1.213496 -0.145229 3.781682
    9 -4.751106 -0.694494 0.830577 0.158601 -0.097860 -0.042117
    10 -1.688068 0.000046 -0.000032 0.017344 -0.017702 0.663661
    11 -1.336140 0.000057 -0.000012 0.026393 -0.000544 0.574360
    12 -4.820494 -0.509460 -0.224759 -0.570999 -0.105502 1.450020
    13 -1.826992 -0.000064 0.000006 0.006567 0.039986 1.436945
    14 -1.436573 0.000006 0.000002 -0.027803 -0.072691 0.273305
    15 -3.992355 -0.891188 -1.827909 -0.633029 0.345677 1.729988
    16 -1.405918 -0.000025 -0.000003 -0.002971 -0.029380 0.976527
    17 -1.175358 0.000128 -0.000020 0.013926 0.066551 0.109973
    18 -4.526751 -0.690575 -1.120744 -0.604095 0.115941 1.646758
    19 -1.744038 0.000033 -0.000008 -0.023781 -0.017656 1.343242
    20 -1.368771 0.000025 0.000002 -0.239312 0.018445 -0.003581
    21 -1.874800 -0.935125 0.999174 2.067205 0.441574 0.749805
    22 -1.523453 0.000032 0.000031 0.074265 0.233956 0.563732
    23 -1.599285 0.000004 0.000016 0.029772 -0.030974 0.785151
    24 5.582130 0.113292 0.292977 2.571169 -0.078747 3.142020
    25 0.196847 -0.000001 0.000003 2.793407 0.000006 -3.141577
    26 -2.317653 -12.150193 1.093132 1.975862 1.159909 1.842803
    27 6.214485 0.000006 0.000020 -1.209838 0.767945 -1.425589
    28 11.944885 -0.000029 -0.000194 -0.340107 -0.341569 -1.351071
    29 10.620166 0.000002 0.000010 -2.841019 -0.413373 -0.048736
    30 4.751156 0.694376 -0.830473 0.189383 -0.487308 0.129678
    31 1.688065 -0.000026 0.000002 0.013092 -0.021033 0.882493
    32 1.336151 -0.000051 -0.000009 -0.007070 -0.038117 0.554832
    33 4.820513 0.509340 0.224865 -0.139047 -0.590610 0.613146
    34 1.826996 0.000066 0.000008 0.000507 0.040525 1.286319
    35 1.436577 -0.000010 0.000007 0.010213 -0.011246 0.103836
    36 3.992353 0.891087 1.827994 -0.523945 -0.460102 0.914512
    37 1.405918 0.000021 -0.000007 -0.017410 -0.023857 1.506112
    38 1.175369 -0.000131 0.000002 -0.074946 0.097993 -0.699688
    39 4.526756 0.690460 1.120842 -0.404195 -0.511930 0.927742
    40 1.744041 -0.000031 -0.000002 -0.027934 -0.009848 1.643013
    41 1.368763 -0.000031 -0.000017 -0.121957 0.101813 -1.063948
    42 2.107422 1.210938 -0.811523 1.583876 0.588896 0.201389
    43 1.617188 -0.084045 -0.171265 -0.003886 -0.072947 0.120807
    44 1.590820 -0.071716 0.012482 0.038036 0.074387 -0.271149
    45 5.511806 -0.000002 0.000006 -1.002745 0.000005 0.000007
    46 0.196850 0.000003 -0.000002 -0.348225 0.000015 -0.000002
    47 0.000000 1.996155 0.000000 -0.057095 0.012500 -1.564333
    48 9.606542 -15.935652 -12.048248 0.890471 0.123288 3.092541
    49 3.332491 -0.003284 -0.934897 0.000000 0.000000 0.000000
    50 0.381264 0.001021 0.888928 0.000000 0.000000 0.000000
    51 9.572872 1.446741 -4.365668 0.569552 1.156004 2.164662
    52 -2.763442 -2.886124 -0.931970 -2.911537 1.182270 -2.084704
    53 1.813139 0.139032 -0.745562 0.000000 0.000000 0.000000
    54 0.381264 0.803034 0.617693 -3.023270 0.000000 0.000000
    55 6.501173 0.256559 2.048409 0.000000 0.000000 0.000000
    56 0.050734 -0.015066 -0.906442 0.000000 0.000000 0.000000
    57 0.026926 -0.174474 1.260252 0.000000 0.000000 0.000000
    58 0.000000 0.345213 0.242352 0.000000 0.000000 0.000000
  time 9
    0 -0.000001 9.445313 -27.500000 0.000000 0.000000 -0.000001
    1 -0.000002 0.000000 0.000000 1.570743 -1.567137 -1.570743
    2 4.255468 -0.335183 -0.000002 0.000000 0.000000 -0.124848
    3 7.431248 1.496477 0.000002 0.000000 0.000000 0.245450
    4 5.278479 0.165541 0.000001 0.000000 0.000000 0.048511
    5 -0.481660 -16.083906 2.625731 1.975864 1.159909 -1.298786
    6 -6.214482 -0.000007 -0.000027 3.063386 -0.770250 1.531397
    7 11.944882 0.000000 0.000001 -0.186568 -0.347443 1.462384
    8 10.620181 0.000002 0.000000 1.131747 -0.374742 3.536108
    9 -4.751106 -0.694494 0.830577 0.158601 -0.097860 -0.042117
    10 -1.688068 0.000046 -0.000032 0.017344 -0.017690 0.663661
    11 -1.336140 0.000057 -0.000012 0.026393 -0.000544 0.574360
    12 -4.820494 -0.509460 -0.224759 -0.570999 -0.105502 1.450020
    13 -1.826992 -0.000064 0.000006 0.006567 0.039986 1.436945
    14 -1.436573 0.000006 0.000002 -0.027803 -0.072691 0.273305
    15 -3.992355 -0.891188 -1.827909 -0.633029 0.345677 1.729988
    16 -1.405918 -0.000025 -0.000003 -0.002971 -0.029380 0.976527
    17 -1.175358 0.000128 -0.000020 0.013926 0.066551 0.109973
    18 -4.526751 -0.690575 -1.120744 -0.604095 0.115941 1.646758
    19 -1.744038 0.000033 -0.000008 -0.023781 -0.017656 1.343242
    20 -1.368771 0.000025 0.000002 -0.239312 0.018445 -0.003581
    21 -1.874800 -0.935125 0.999174 2.067205 0.441574 0.749805
    22 -1.523453 0.000032 0.000031 0.074265 0.233956 0.563732
    23 -1.599285 0.000004 0.000016 0.029772 -0.030974 0.785151
    24 5.582130 0.113292 0.292977 2.497997 -0.076781 3.140018
    25 0.196847 -0.000001 0.000003 2.793407 0.000006 -3.141577
    26 -1.634038 -11.056409 0.925158 1.975862 1.159909 1.842803
    27 6.214485 0.000006 0.000020 -1.084752 0.839227 -1.424561
    28 11.944885 -0.000029 -0.000194 -0.430041 -0.332341 -1.245358
    29 10.620166 0.000002 0.000010 -2.966072 -0.498730 0.079946
    30 4.751156 0.694376 -0.830473 0.189383 -0.487308 0.129678
    31 1.688065 -0.000026 0.000002 0.013092 -0.021033 0.882493
    32 1.336151 -0.000051 -0.000009 -0.007070 -0.038117 0.554832
    33 4.820513 0.509340 0.224865 -0.139047 -0.590596 0.613146
    34 1.826996 0.000066 0.000008 0.000507 0.040525 1.286319
    35 1.436577 -0.000010 0.000007 0.010213 -0.011246 0.103836
    36 3.992353 0.891087 1.827994 -0.523945 -0.460102 0.914512
    37 1.405918 0.000021 -0.000007 -0.017410 -0.023857 1.506112
    38 1.175369 -0.000131 0.000002 -0.074946 0.097993 -0.699688
    39 4.526756 0.690460 1.120842 -0.404195 -0.511930 0.927742
    40 1.744041 -0.000031 -0.000002 -0.027934 -0.009848 1.643013
    41 1.368763 -0.000031 -0.000017 -0.121957 0.101813 -1.063948
    42 2.107422 1.210938 -0.811523 1.583876 0.588896 0.201389
    43 1.617188 -0.084045 -0.171265 -0.003886 -0.072947 0.120807
    44 1.590820 -0.071716 0.012482 0.038036 0.074387 -0.271149
    45 5.511806 -0.000002 0.000006 -1.004149 0.000005 0.000007
    46 0.196850 0.000003 -0.000002 -0.348225 0.000015 -0.000002
    47 0.000000 1.996155 0.000000 -0.054901 0.012284 -1.564430
    48 8.852613 -15.724708 -13.145938 0.736042 -0.095617 2.941466
    49 3.332491 -0.003284 -0.934897 0.000000 0.000000 0.000000
    50 0.381264 0.001021 0.888928 0.000000 0.000000 0.000000
    51 9.572872 1.446741 -4.365668 0.569552 1.156004 2.164662
    52 -2.763442 -2.886124 -0.931970 -2.911537 1.182270 -2.084704
    53 1.813139 0.139032 -0.745562 0.000000 0.000000 0.000000
    54 0.381264 0.803034 0.617693 -3.023270 0.000000 0.000000
    55 6.501173 0.256559 2.048409 0.000000 0.000000 0.000000
    56 0.050734 -0.015066 -0.906442 0.000000 0.000000 0.000000
    57 0.026926 -0.174474 1.260252 0.000000 0.000000 0.000000
    58 0.000000 0.345213 0.242352 0.000000 0.000000 0.000000
  time 10
    0 -0.000001 9.445313 -27.500000 0.000000 0.000000 -0.000001
    1 -0.000002 0.000000 0.000000 1.570743 -1.567137 -1.570743
    2 4.255468 -0.335183 -0.000002 0.000000 0.000000 -0.124848
    3 7.431248 1.496477 0.000002 0.000000 0.000000 0.245450
    4 5.278479 0.165541 0.000001 0.000000 0.000000 0.048511
    5 0.174610 -14.720584 2.262438 1.975864 1.159909 -1.298786
    6 -6.214482 -0.000007 -0.000027 3.046878 -0.775289 1.662309
    7 11.944882 0.000000 0.000001 -0.222039 -0.349324 1.566257
    8 10.620181 0.000002 0.000000 1.061810 -0.515099 3.364174
    9 -4.751106 -0.694494 0.830577 0.158601 -0.097860 -0.042117
    10 -1.688068 0.000046 -0.000032 0.017344 -0.017702 0.663661
    11 -1.336140 0.000057 -0.000012 0.026393 -0.000544 0.574360
    12 -4.820494 -0.509460 -0.224759 -0.570999 -0.105502 1.450020
    13 -1.826992 -0.000064 0.000006 0.006567 0.039986 1.436945
    14 -1.436573 0.000006 0.000002 -0.027803 -0.072691 0.273305
    15 -3.992355 -0.891188 -1.827909 -0.633029 0.345677 1.729988
    16 -1.405918 -0.000025 -0.000003 -0.002971 -0.029380 0.976527
    17 -1.175358 0.000128 -0.000020 0.013926 0.066539 0.109973
    18 -4.526751 -0.690575 -1.120744 -0.604095 0.115941 1.646758
    19 -1.744038 0.000033 -0.000008 -0.023781 -0.017656 1.343242
    20 -1.368771 0.000025 0.000002 -0.239312 0.018433 -0.003581
    21 -1.874800 -0.935125 0.999174 2.067205 0.441574 0.749805
    22 -1.523453 0.000032 0.000031 0.074265 0.233956 0.563732
    23 -1.599285 0.000004 0.000016 0.029772 -0.030974 0.785151
    24 5.582130 0.113292 0.292977 2.421315 -0.074864 3.137753
    25 0.196847 -0.000001 0.000003 2.793407 0.000006 -3.141577
    26 -1.028551 -10.040753 0.686870 1.975862 1.159909 1.842803
    27 6.214485 0.000006 0.000020 -0.930912 0.849147 -1.421384
    28 11.944885 -0.000029 -0.000194 -0.516705 -0.321591 -1.154506
    29 10.620166 0.000002 0.000010 -3.091970 -0.567022 0.205838
    30 4.751156 0.694376 -0.830473 0.189383 -0.487308 0.129678
    31 1.688065 -0.000026 0.000002 0.013092 -0.021033 0.882493
    32 1.336151 -0.000051 -0.000009 -0.007070 -0.038117 0.554832
    33 4.820513 0.509340 0.224865 -0.139047 -0.590596 0.613146
    34 1.826996 0.000066 0.000008 0.000507 0.040525 1.286319
    35 1.436577 -0.000010 0.000007 0.010213 -0.011246 0.103836
    36 3.992353 0.891087 1.827994 -0.523945 -0.460102 0.914512
    37 1.405918 0.000021 -0.000007 -0.017410 -0.023857 1.506112
    38 1.175369 -0.000131 0.000002 -0.074946 0.097993 -0.699688
    39 4.526756 0.690460 1.120842 -0.404195 -0.511930 0.927742
    40 1.744041 -0.000031 -0.000002 -0.027934 -0.009848 1.643013
    41 1.368763 -0.000031 -0.000017 -0.121957 0.101813 -1.063948
    42 2.107422 1.210938 -0.811523 1.583876 0.588896 0.201389
    43 1.617188 -0.084045 -0.171265 -0.003886 -0.072947 0.120807
    44 1.590820 -0.071716 0.012482 0.038036 0.074387 -0.271149
    45 5.511806 -0.000002 0.000006 -1.005590 0.000005 0.000007
    46 0.196850 0.000003 -0.000002 -0.348225 0.000015 -0.000002
    47 0.000000 1.996155 0.000000 -0.049988 0.011697 -1.564769
    48 8.004931 -15.537202 -13.532668 0.625913 -0.253205 2.838791
    49 3.332491 -0.003284 -0.934897 0.000000 0.000000 0.000000
    50 0.381264 0.001021 0.888928 0.000000 0.000000 0.000000
    51 9.572872 1.446741 -4.365668 0.569552 1.156004 2.164662
    52 -2.763442 -2.886124 -0.931970 -2.911537 1.182270 -2.084704
    53 1.813139 0.139032 -0.745562 0.000000 0.000000 0.000000
    54 0.381264 0.803034 0.617693 -3.023270 0.000000 0.000000
    55 6.501173 0.256559 2.048409 0.000000 0.000000 0.000000
    56 0.050734 -0.015066 -0.906442 0.000000 0.000000 0.000000
    57 0.026926 -0.174474 1.260252 0.000000 0.000000 0.000000
    58 0.000000 0.345213 0.242352 0.000000 0.000000 0.000000
  time 11
    0 -0.000001 9.445313 -27.500000 0.000000 0.000000 -0.000001
    1 -0.000002 0.000000 0.000000 1.570743 -1.567137 -1.570743
    2 4.255468 -0.335183 -0.000002 0.000000 0.000000 -0.124848
    3 7.431248 1.496477 0.000002 0.000000 0.000000 0.245450
    4 5.278479 0.165541 0.000001 0.000000 0.000000 0.048511
    5 0.741034 -13.458826 1.969460 1.975864 1.159909 -1.298786
    6 -6.214482 -0.000007 -0.000027 3.053843 -0.773294 1.747268
    7 11.944882 0.000000 0.000001 -0.235121 -0.349144 1.604401
    8 10.620181 0.000002 0.000000 1.010865 -0.576827 3.280992
    9 -4.751106 -0.694494 0.830577 0.158601 -0.097860 -0.042117
    10 -1.688068 0.000046 -0.000032 0.017344 -0.017702 0.663661
    11 -1.336140 0.000057 -0.000012 0.026393 -0.000544 0.574360
    12 -4.820494 -0.509460 -0.224759 -0.570999 -0.105502 1.450020
    13 -1.826992 -0.000064 0.000006 0.006567 0.039986 1.436945
    14 -1.436573 0.000006 0.000002 -0.027803 -0.072691 0.273305
    15 -3.992355 -0.891188 -1.827909 -0.633029 0.345677 1.729988
    16 -1.405918 -0.000025 -0.000003 -0.002971 -0.029380 0.976527
    17 -1.175358 0.000128 -0.000020 0.013926 0.066539 0.109973
    18 -4.526751 -0.690575 -1.120744 -0.604095 0.115941 1.646758
    19 -1.744038 0.000033 -0.000008 -0.023781 -0.017656 1.343242
    20 -1.368771 0.000025 0.000002 -0.239312 0.018433 -0.003581
    21 -1.874800 -0.935125 0.999174 2.067205 0.441574 0.749805
    22 -1.523453 0.000032 0.000031 0.074265 0.233956 0.563732
    23 -1.599285 0.000004 0.000016 0.029772 -0.030974 0.785151
    24 5.582130 0.113292 0.292977 2.343404 -0.073114 3.135309
    25 0.196847 -0.000001 0.000003 2.793407 0.000006 -3.141577
    26 -0.555880 -9.165727 0.362641 1.975862 1.159909 1.842803
    27 6.214485 0.000006 0.000020 -0.808767 0.815400 -1.441378
    28 11.944885 -0.000029 -0.000194 -0.599631 -0.310481 -1.077615
    29 10.620166 0.000002 0.000010 -3.151582 -0.602335 0.285071
    30 4.751156 0.694376 -0.830473 0.189383 -0.487308 0.129678
    31 1.688065 -0.000026 0.000002 0.013092 -0.021033 0.882493
    32 1.336151 -0.000051 -0.000009 -0.007070 -0.038117 0.554832
    33 4.820513 0.509340 0.224865 -0.139047 -0.590596 0.613146
    34 1.826996 0.000066 0.000008 0.000507 0.040525 1.286319
    35 1.436577 -0.000010 0.000007 0.010213 -0.011246 0.103836
    36 3.992353 0.891087 1.827994 -0.523945 -0.460102 0.914512
    37 1.405918 0.000021 -0.000007 -0.017410 -0.023857 1.506112
    38 1.175369 -0.000131 0.000002 -0.074946 0.097993 -0.699688
    39 4.526756 0.690460 1.120842 -0.404195 -0.511930 0.927742
    40 1.744041 -0.000031 -0.000002 -0.027934 -0.009848 1.643013
    41 1.368763 -0.000031 -0.000017 -0.121957 0.101813 -1.063948
    42 2.107422 1.210938 -0.811523 1.583876 0.588896 0.201389
    43 1.617188 -0.084045 -0.171265 -0.003886 -0.072947 0.120807
    44 1.590820 -0.071716 0.012482 0.038036 0.074387 -0.271149
    45 5.511806 -0.000002 0.000006 -1.007105 0.000005 0.000007
    46 0.196850 0.000003 -0.000002 -0.348225 0.000015 -0.000002
    47 0.000000 1.996155 0.000000 -0.043061 0.010810 -1.565252
    48 7.153342 -15.404385 -13.407664 0.541618 -0.321632 2.760838
    49 3.332491 -0.003284 -0.934897 0.000000 0.000000 0.000000
    50 0.381264 0.001021 0.888928 0.000000 0.000000 0.000000
    51 9.572872 1.446741 -4.365668 0.569552 1.156004 2.164662
    52 -2.763442 -2.886124 -0.931970 -2.911537 1.182270 -2.084704
    53 1.813139 0.139032 -0.745562 0.000000 0.000000 0.000000
    54 0.381264 0.803034 0.617693 -3.023270 0.000000 0.000000
    55 6.501173 0.256559 2.048409 0.000000 0.000000 0.000000
    56 0.050734 -0.015066 -0.906442 0.000000 0.000000 0.000000
    57 0.026926 -0.174474 1.260252 0.000000 0.000000 0.000000
    58 0.000000 0.345213 0.242352 0.000000 0.000000 0.000000
  time 12
    0 -0.000001 9.445313 -27.500000 0.000000 0.000000 -0.000001
    1 -0.000002 0.000000 0.000000 1.570743 -1.567137 -1.570743
    2 4.255468 -0.335183 -0.000002 0.000000 0.000000 -0.124848
    3 7.431248 1.496477 0.000002 0.000000 0.000000 0.245450
    4 5.278479 0.165541 0.000001 0.000000 0.000000 0.048511
    5 1.221517 -12.298635 1.738985 1.975864 1.159909 -1.298786
    6 -6.214482 -0.000007 -0.000027 3.047494 -0.770690 1.824306
    7 11.944882 0.000000 0.000001 -0.248864 -0.348449 1.644656
    8 10.620181 0.000002 0.000000 0.966490 -0.583696 3.194388
    9 -4.751106 -0.694494 0.830577 0.158601 -0.097860 -0.042117
    10 -1.688068 0.000046 -0.000032 0.017344 -0.017690 0.663661
    11 -1.336140 0.000057 -0.000012 0.026393 -0.000544 0.574360
    12 -4.820494 -0.509460 -0.224759 -0.570999 -0.105502 1.450020
    13 -1.826992 -0.000064 0.000006 0.006567 0.039986 1.436945
    14 -1.436573 0.000006 0.000002 -0.027803 -0.072691 0.273305
    15 -3.992355 -0.891188 -1.827909 -0.633029 0.345677 1.729988
    16 -1.405918 -0.000025 -0.000003 -0.002971 -0.029380 0.976527
    17 -1.175358 0.000128 -0.000020 0.013926 0.066539 0.109973
    18 -4.526751 -0.690575 -1.120744 -0.604095 0.115941 1.646758
    19 -1.744038 0.000033 -0.000008 -0.023781 -0.017656 1.343242
    20 -1.368771 0.000025 0.000002 -0.239312 0.018433 -0.003581
    21 -1.874800 -0.935125 0.999174 2.067205 0.441574 0.749805
    22 -1.523453 0.000032 0.000031 0.074265 0.233956 0.563732
    23 -1.599285 0.000004 0.000016 0.029772 -0.030974 0.785151
    24 5.582130 0.113292 0.292977 2.266722 -0.071580 3.132768
    25 0.196847 -0.000001 0.000003 2.793407 0.000006 -3.141577
    26 -0.262902 -8.493831 -0.059247 1.975862 1.159909 1.842803
    27 6.214485 0.000006 0.000020 -0.715755 0.767097 -1.477815
    28 11.944885 -0.000029 -0.000194 -0.676202 -0.301193 -1.021368
    29 10.620166 0.000002 0.000010 -3.168920 -0.609591 0.360210
    30 4.751156 0.694376 -0.830473 0.189383 -0.487308 0.129678
    31 1.688065 -0.000026 0.000002 0.013092 -0.021033 0.882493
    32 1.336151 -0.000051 -0.000009 -0.007070 -0.038117 0.554832
    33 4.820513 0.509340 0.224865 -0.139047 -0.590596 0.613146
    34 1.826996 0.000066 0.000008 0.000507 0.040525 1.286319
    35 1.436577 -0.000010 0.000007 0.010213 -0.011246 0.103836
    36 3.992353 0.891087 1.827994 -0.523945 -0.460102 0.914512
    37 1.405918 0.000021 -0.000007 -0.017410 -0.023857 1.506112
    38 1.175369 -0.000131 0.000002 -0.074946 0.097993 -0.699688
    39 4.526756 0.690460 1.120842 -0.404195 -0.511930 0.927742
    40 1.744041 -0.000031 -0.000002 -0.027934 -0.009848 1.643013
    41 1.368763 -0.000031 -0.000017 -0.121957 0.101813 -1.063948
    42 2.107422 1.210938 -0.811523 1.583876 0.588896 0.201389
    43 1.617188 -0.084045 -0.171265 -0.003886 -0.072947 0.120807
    44 1.590820 -0.071716 0.012482 0.038036 0.074387 -0.271149
    45 5.511806 -0.000002 0.000006 -1.008620 0.000005 0.000007
    46 0.196850 0.000003 -0.000002 -0.348225 0.000015 -0.000002
    47 0.000000 1.996155 0.000000 -0.034791 0.009708 -1.565881
    48 6.329099 -15.302820 -13.056091 0.459397 -0.351398 2.674740
    49 3.332491 -0.003284 -0.934897 0.000000 0.000000 0.000000
    50 0.381264 0.001021 0.888928 0.000000 0.000000 0.000000
    51 9.572872 1.446741 -4.365668 0.569552 1.156039 2.164662
    52 -2.763442 -2.886124 -0.931970 -2.911537 1.182270 -2.084704
    53 1.813139 0.139032 -0.745562 0.000000 0.000000 0.000000
    54 0.381264 0.803034 0.617693 -3.023270 0.000000 0.000000
    55 6.501173 0.256559 2.048409 0.000000 0.000000 0.000000
    56 0.050734 -0.015066 -0.906442 0.000000 0.000000 0.000000
    57 0.026926 -0.174474 1.260252 0.000000 0.000000 0.000000
    58 0.000000 0.345213 0.242352 0.000000 0.000000 0.000000
  time 13
    0 -0.000001 9.445313 -27.500000 0.000000 0.000000 -0.000001
    1 -0.000002 0.000000 0.000000 1.570743 -1.567137 -1.570743
    2 4.255468 -0.335183 -0.000002 0.000000 0.000000 -0.124848
    3 7.431248 1.496477 0.000002 0.000000 0.000000 0.245450
    4 5.278479 0.165541 0.000001 0.000000 0.000000 0.048511
    5 1.623873 -11.240009 1.563198 1.975864 1.159909 -1.298786
    6 -6.214482 -0.000007 -0.000027 3.026908 -0.768153 1.894395
    7 11.944882 0.000000 0.000001 -0.266401 -0.346807 1.696082
    8 10.620181 0.000002 0.000000 0.923444 -0.544653 3.092123
    9 -4.751106 -0.694494 0.830577 0.158601 -0.097860 -0.042117
    10 -1.688068 0.000046 -0.000032 0.017344 -0.017702 0.663661
    11 -1.336140 0.000057 -0.000012 0.026393 -0.000544 0.574360
    12 -4.820494 -0.509460 -0.224759 -0.570999 -0.105502 1.450020
    13 -1.826992 -0.000064 0.000006 0.006567 0.039974 1.436945
    14 -1.436573 0.000006 0.000002 -0.027803 -0.072691 0.273305
    15 -3.992355 -0.891188 -1.827909 -0.633029 0.345677 1.729988
    16 -1.405918 -0.000025 -0.000003 -0.002971 -0.029380 0.976527
    17 -1.175358 0.000128 -0.000020 0.013926 0.066539 0.109973
    18 -4.526751 -0.690575 -1.120744 -0.604095 0.115941 1.646758
    19 -1.744038 0.000033 -0.000008 -0.023781 -0.017656 1.343242
    20 -1.368771 0.000025 0.000002 -0.239312 0.018433 -0.003581
    21 -1.874800 -0.935125 0.999174 2.067205 0.441574 0.749805
    22 -1.523453 0.000032 0.000031 0.074265 0.233956 0.563732
    23 -1.599285 0.000004 0.000016 0.029772 -0.030974 0.785151
    24 5.582130 0.113292 0.292977 2.193579 -0.070297 3.130251
    25 0.196847 -0.000001 0.000003 2.793407 0.000006 -3.141577
    26 -0.200400 -8.091475 -0.586607 1.975862 1.159909 1.842803
    27 6.214485 0.000006 0.000020 -0.649264 0.714723 -1.524063
    28 11.944885 -0.000029 -0.000194 -0.742181 -0.297094 -0.998131
    29 10.620166 0.000002 0.000010 -3.146748 -0.603674 0.441424
    30 4.751156 0.694376 -0.830473 0.189383 -0.487308 0.129678
    31 1.688065 -0.000026 0.000002 0.013092 -0.021033 0.882493
    32 1.336151 -0.000051 -0.000009 -0.007070 -0.038117 0.554832
    33 4.820513 0.509340 0.224865 -0.139047 -0.590596 0.613146
    34 1.826996 0.000066 0.000008 0.000507 0.040525 1.286319
    35 1.436577 -0.000010 0.000007 0.010213 -0.011246 0.103836
    36 3.992353 0.891087 1.827994 -0.523945 -0.460102 0.914512
    37 1.405918 0.000021 -0.000007 -0.017410 -0.023857 1.506112
    38 1.175369 -0.000131 0.000002 -0.074946 0.097993 -0.699688
    39 4.526756 0.690460 1.120842 -0.404195 -0.511930 0.927742
    40 1.744041 -0.000031 -0.000002 -0.027934 -0.009848 1.643013
    41 1.368763 -0.000031 -0.000017 -0.121957 0.101813 -1.063948
    42 2.107422 1.210938 -0.811523 1.583876 0.588896 0.201389
    43 1.617188 -0.084045 -0.171265 -0.003886 -0.072947 0.120807
    44 1.590820 -0.071716 0.012482 0.038036 0.074387 -0.271149
    45 5.511806 -0.000002 0.000006 -1.010098 0.000005 0.000007
    46 0.196850 0.000003 -0.000002 -0.348225 0.000015 -0.000002
    47 0.000000 1.996155 0.000000 -0.025887 0.008449 -1.566558
    48 5.532199 -15.228599 -12.517012 0.377384 -0.353358 2.577180
    49 3.332491 -0.003284 -0.934897 0.000000 0.000000 0.000000
    50 0.381264 0.001021 0.888928 0.000000 0.000000 0.000000
    51 9.572872 1.446741 -4.365668 0.569552 1.156004 2.164662
    52 -2.763442 -2.886124 -0.931970 -2.911537 1.182270 -2.084704
    53 1.813139 0.139032 -0.745562 0.000000 0.000000 0.000000
    54 0.381264 0.803034 0.617693 -3.023270 0.000000 0.000000
    55 6.501173 0.256559 2.048409 0.000000 0.000000 0.000000
    56 0.050734 -0.015066 -0.906442 0.000000 0.000000 0.000000
    57 0.026926 -0.174474 1.260252 0.000000 0.000000 0.000000
    58 0.000000 0.345213 0.242352 0.000000 0.000000 0.000000
  time 14
    0 -0.000001 9.445313 -27.500000 0.000000 0.000000 -0.000001
    1 -0.000002 0.000000 0.000000 1.570743 -1.567137 -1.570743
    2 4.255468 -0.335183 -0.000002 0.000000 0.000000 -0.124848
    3 7.431248 1.496477 0.000002 0.000000 0.000000 0.245450
    4 5.278479 0.165541 0.000001 0.000000 0.000000 0.048511
    5 1.952008 -10.282948 1.438194 1.975864 1.159909 -1.298786
    6 -6.214482 -0.000007 -0.000027 2.998588 -0.767375 1.950736
    7 11.944882 0.000000 0.000001 -0.287883 -0.343607 1.759563
    8 10.620181 0.000002 0.000000 0.881977 -0.469780 2.966113
    9 -4.751106 -0.694494 0.830577 0.158601 -0.097860 -0.042117
    10 -1.688068 0.000046 -0.000032 0.017344 -0.017702 0.663661
    11 -1.336140 0.000057 -0.000012 0.026393 -0.000544 0.574360
    12 -4.820494 -0.509460 -0.224759 -0.570999 -0.105502 1.450020
    13 -1.826992 -0.000064 0.000006 0.006567 0.039986 1.436945
    14 -1.436573 0.000006 0.000002 -0.027803 -0.072691 0.273305
    15 -3.992355 -0.891188 -1.827909 -0.633029 0.345677 1.729988
    16 -1.405918 -0.000025 -0.000003 -0.002971 -0.029380 0.976527
    17 -1.175358 0.000128 -0.000020 0.013926 0.066539 0.109973
    18 -4.526751 -0.690575 -1.120744 -0.604095 0.115941 1.646758
    19 -1.744038 0.000033 -0.000008 -0.023781 -0.017656 1.343242
    20 -1.368771 0.000025 0.000002 -0.239312 0.018433 -0.003581
    21 -1.874800 -0.935125 0.999174 2.067205 0.441574 0.749805
    22 -1.523453 0.000032 0.000031 0.074265 0.233956 0.563732
    23 -1.599285 0.000004 0.000016 0.029772 -0.030974 0.785151
    24 5.582130 0.113292 0.292977 2.126256 -0.069279 3.127854
    25 0.196847 -0.000001 0.000003 2.793407 0.000006 -3.141577
    26 -0.364468 -8.294606 -1.348349 1.975862 1.159909 1.842803
    27 6.214485 0.000006 0.000020 -0.587020 0.685018 -1.560874
    28 11.944885 -0.000029 -0.000194 -0.781930 -0.307437 -1.058567
    29 10.620166 0.000002 0.000010 -3.111380 -0.612425 0.557192
    30 4.751156 0.694376 -0.830473 0.189383 -0.487308 0.129678
    31 1.688065 -0.000026 0.000002 0.013092 -0.021033 0.882493
    32 1.336151 -0.000051 -0.000009 -0.007070 -0.038117 0.554832
    33 4.820513 0.509340 0.224865 -0.139047 -0.590596 0.613146
    34 1.826996 0.000066 0.000008 0.000507 0.040525 1.286319
    35 1.436577 -0.000010 0.000007 0.010213 -0.011246 0.103836
    36 3.992353 0.891087 1.827994 -0.523945 -0.460102 0.914512
    37 1.405918 0.000021 -0.000007 -0.017410 -0.023857 1.506112
    38 1.175369 -0.000131 0.000002 -0.074946 0.097993 -0.699688
    39 4.526756 0.690460 1.120842 -0.404195 -0.511930 0.927742
    40 1.744041 -0.000031 -0.000002 -0.027934 -0.009848 1.643013
    41 1.368763 -0.000031 -0.000017 -0.121957 0.101813 -1.063948
    42 2.107422 1.210938 -0.811523 1.583876 0.588896 0.201389
    43 1.617188 -0.084045 -0.171265 -0.003886 -0.072947 0.120807
    44 1.590820 -0.071716 0.012482 0.038036 0.074387 -0.271149
    45 5.511806 -0.000002 0.000006 -1.011576 0.000005 0.000007
    46 0.196850 0.000003 -0.000002 -0.348225 0.000015 -0.000002
    47 0.000000 1.996155 0.000000 -0.017054 0.007131 -1.567235
    48 4.774364 -15.181722 -11.825585 0.295268 -0.336698 2.467308
    49 3.332491 -0.003284 -0.934897 0.000000 0.000000 0.000000
    50 0.381264 0.001021 0.888928 0.000000 0.000000 0.000000
    51 9.572872 1.446741 -4.365668 0.569552 1.156004 2.164662
    52 -2.763442 -2.886124 -0.931970 -2.911537 1.182270 -2.084704
    53 1.813139 0.139032 -0.745562 0.000000 0.000000 0.000000
    54 0.381264 0.803034 0.617693 -3.023270 0.000000 0.000000
    55 6.501173 0.256559 2.048409 0.000000 0.000000 0.000000
    56 0.050734 -0.015066 -0.906442 0.000000 0.000000 0.000000
    57 0.026926 -0.174474 1.260252 0.000000 0.000000 0.000000
    58 0.000000 0.345213 0.242352 0.000000 0.000000 0.000000
  time 15
    0 -0.000001 9.445313 -27.500000 0.000000 0.000000 -0.000001
    1 -0.000002 0.000000 0.000000 1.570743 -1.567137 -1.570743
    2 4.255468 -0.335183 -0.000002 0.000000 0.000000 -0.124848
    3 7.431248 1.496477 0.000002 0.000000 0.000000 0.245450
    4 5.278479 0.165541 0.000001 0.000000 0.000000 0.048511
    5 2.221548 -9.435266 1.352254 1.975864 1.159909 -1.298786
    6 -6.214482 -0.000007 -0.000027 2.978618 -0.773564 1.980101
    7 11.944882 0.000000 0.000001 -0.311046 -0.338646 1.828767
    8 10.620181 0.000002 0.000000 0.848588 -0.373210 2.813518
    9 -4.751106 -0.694494 0.830577 0.158601 -0.097860 -0.042117
    10 -1.688068 0.000046 -0.000032 0.017344 -0.017690 0.663661
    11 -1.336140 0.000057 -0.000012 0.026393 -0.000544 0.574360
    12 -4.820494 -0.509460 -0.224759 -0.570999 -0.105502 1.450020
    13 -1.826992 -0.000064 0.000006 0.006567 0.039974 1.436945
    14 -1.436573 0.000006 0.000002 -0.027803 -0.072691 0.273305
    15 -3.992355 -0.891188 -1.827909 -0.633029 0.345677 1.729988
    16 -1.405918 -0.000025 -0.000003 -0.002971 -0.029380 0.976527
    17 -1.175358 0.000128 -0.000020 0.013926 0.066539 0.109973
    18 -4.526751 -0.690575 -1.120744 -0.604095 0.115941 1.646758
    19 -1.744038 0.000033 -0.000008 -0.023781 -0.017656 1.343242
    20 -1.368771 0.000025 0.000002 -0.239312 0.018433 -0.003581
    21 -1.874800 -0.935125 0.999174 2.067205 0.441574 0.749805
    22 -1.523453 0.000032 0.000031 0.074265 0.233956 0.563732
    23 -1.599285 0.000004 0.000016 0.029772 -0.030974 0.785151
    24 5.582130 0.113292 0.292977 2.066887 -0.068524 3.125685
    25 0.196847 -0.000001 0.000003 2.793407 0.000006 -3.141577
    26 -0.680884 -9.232135 -2.383537 1.975862 1.159909 1.842803
    27 6.214485 0.000006 0.000020 -0.520910 0.678008 -1.590117
    28 11.944885 -0.000029 -0.000194 -0.792896 -0.327331 -1.200281
    29 10.620166 0.000002 0.000010 -3.094195 -0.647333 0.714220
    30 4.751156 0.694376 -0.830473 0.189383 -0.487308 0.129678
    31 1.688065 -0.000026 0.000002 0.013092 -0.021033 0.882493
    32 1.336151 -0.000051 -0.000009 -0.007070 -0.038117 0.554832
    33 4.820513 0.509340 0.224865 -0.139047 -0.590596 0.613146
    34 1.826996 0.000066 0.000008 0.000507 0.040525 1.286319
    35 1.436577 -0.000010 0.000007 0.010213 -0.011246 0.103836
    36 3.992353 0.891087 1.827994 -0.523945 -0.460102 0.914512
    37 1.405918 0.000021 -0.000007 -0.017410 -0.023857 1.506112
    38 1.175369 -0.000131 0.000002 -0.074946 0.097993 -0.699688
    39 4.526756 0.690460 1.120842 -0.404195 -0.511930 0.927742
    40 1.744041 -0.000031 -0.000002 -0.027934 -0.009848 1.643013
    41 1.368763 -0.000031 -0.000017 -0.121957 0.101813 -1.063948
    42 2.107422 1.210938 -0.811523 1.583876 0.588896 0.201389
    43 1.617188 -0.084045 -0.171265 -0.003886 -0.072947 0.120807
    44 1.590820 -0.071716 0.012482 0.038036 0.074387 -0.271149
    45 5.511806 -0.000002 0.000006 -1.012980 0.000005 0.000007
    46 0.196850 0.000003 -0.000002 -0.348225 0.000015 -0.000002
    47 0.000000 1.996155 0.000000 -0.008964 0.005836 -1.567961
    48 4.059498 -15.154378 -11.016966 0.214811 -0.309988 2.346732
    49 3.332491 -0.003284 -0.934897 0.000000 0.000000 0.000000
    50 0.381264 0.001021 0.888928 0.000000 0.000000 0.000000
    51 9.572872 1.446741 -4.365668 0.569552 1.156004 2.164662
    52 -2.763442 -2.886124 -0.931970 -2.911537 1.182270 -2.084704
    53 1.813139 0.139032 -0.745562 0.000000 0.000000 0.000000
    54 0.381264 0.803034 0.617693 -3.023270 0.000000 0.000000
    55 6.501173 0.256559 2.048409 0.000000 0.000000 0.000000
    56 0.050734 -0.015066 -0.906442 0.000000 0.000000 0.000000
    57 0.026926 -0.174474 1.260252 0.000000 0.000000 0.000000
    58 0.000000 0.345213 0.242352 0.000000 0.000000 0.000000
  time 16
    0 -0.000001 9.445313 -27.500000 0.000000 0.000000 -0.000001
    1 -0.000002 0.000000 0.000000 1.570743 -1.567137 -1.570743
    2 4.255468 -0.335183 -0.000002 0.000000 0.000000 -0.124848
    3 7.431248 1.496477 0.000002 0.000000 0.000000 0.245450
    4 5.278479 0.165541 0.000001 0.000000 0.000000 0.048511
    5 2.428586 -8.693056 1.297565 1.975864 1.159909 -1.298786
    6 -6.214482 -0.000007 -0.000027 2.983466 -0.788479 1.969341
    7 11.944882 0.000000 0.000001 -0.332151 -0.332701 1.892793
    8 10.620181 0.000002 0.000000 0.828950 -0.267003 2.640928
    9 -4.751106 -0.694494 0.830577 0.158601 -0.097860 -0.042117
    10 -1.688068 0.000046 -0.000032 0.017344 -0.017702 0.663661
    11 -1.336140 0.000057 -0.000012 0.026393 -0.000544 0.574360
    12 -4.820494 -0.509460 -0.224759 -0.570999 -0.105502 1.450020
    13 -1.826992 -0.000064 0.000006 0.006567 0.039986 1.436945
    14 -1.436573 0.000006 0.000002 -0.027803 -0.072691 0.273305
    15 -3.992355 -0.891188 -1.827909 -0.633029 0.345677 1.729988
    16 -1.405918 -0.000025 -0.000003 -0.002971 -0.029380 0.976527
    17 -1.175358 0.000128 -0.000020 0.013926 0.066539 0.109973
    18 -4.526751 -0.690575 -1.120744 -0.604095 0.115941 1.646758
    19 -1.744038 0.000033 -0.000008 -0.023781 -0.017656 1.343242
    20 -1.368771 0.000025 0.000002 -0.239312 0.018433 -0.003581
    21 -1.874800 -0.935125 0.999174 2.067205 0.441574 0.749805
    22 -1.523453 0.000032 0.000031 0.074265 0.233956 0.563732
    23 -1.599285 0.000004 0.000016 0.029772 -0.030974 0.785151
    24 5.582130 0.113292 0.292977 2.017433 -0.067996 3.123851
    25 0.196847 -0.000001 0.000003 2.793407 0.000006 -3.141577
    26 -1.098865 -10.673585 -3.586698 1.975862 1.159909 1.842803
    27 6.214485 0.000006 0.000020 -0.465038 0.667579 -1.636551
    28 11.944885 -0.000029 -0.000194 -0.791868 -0.342264 -1.361143
    29 10.620166 0.000002 0.000010 -3.111227 -0.694294 0.895094
    30 4.751156 0.694376 -0.830473 0.189383 -0.487308 0.129678
    31 1.688065 -0.000026 0.000002 0.013092 -0.021033 0.882493
    32 1.336151 -0.000051 -0.000009 -0.007070 -0.038117 0.554832
    33 4.820513 0.509340 0.224865 -0.139047 -0.590596 0.613146
    34 1.826996 0.000066 0.000008 0.000507 0.040525 1.286319
    35 1.436577 -0.000010 0.000007 0.010213 -0.011246 0.103836
    36 3.992353 0.891087 1.827994 -0.523945 -0.460102 0.914512
    37 1.405918 0.000021 -0.000007 -0.017410 -0.023857 1.506112
    38 1.175369 -0.000131 0.000002 -0.074946 0.097993 -0.699688
    39 4.526756 0.690460 1.120842 -0.404195 -0.511930 0.927742
    40 1.744041 -0.000031 -0.000002 -0.027934 -0.009848 1.643013
    41 1.368763 -0.000031 -0.000017 -0.121957 0.101813 -1.063948
    42 2.107422 1.210938 -0.811523 1.583876 0.588896 0.201389
    43 1.617188 -0.084045 -0.171265 -0.003886 -0.072947 0.120807
    44 1.590820 -0.071716 0.012482 0.038036 0.074387 -0.271149
    45 5.511806 -0.000002 0.000006 -1.014310 0.000005 0.000007
    46 0.196850 0.000003 -0.000002 -0.348225 0.000015 -0.000002
    47 0.000000 1.996155 0.000000 -0.002337 0.004614 -1.568589
    48 3.395415 -15.138752 -10.122408 0.140216 -0.281049 2.219810
    49 3.332491 -0.003284 -0.934897 0.000000 0.000000 0.000000
    50 0.381264 0.001021 0.888928 0.000000 0.000000 0.000000
    51 9.572872 1.446741 -4.365668 0.569552 1.156004 2.164662
    52 -2.763442 -2.886124 -0.931970 -2.911537 1.182270 -2.084704
    53 1.813139 0.139032 -0.745562 0.000000 0.000000 0.000000
    54 0.381264 0.803034 0.617693 -3.023270 0.000000 0.000000
    55 6.501173 0.256559 2.048409 0.000000 0.000000 0.000000
    56 0.050734 -0.015066 -0.906442 0.000000 0.000000 0.000000
    57 0.026926 -0.174474 1.260252 0.000000 0.000000 0.000000
    58 0.000000 0.345213 0.242352 0.000000 0.000000 0.000000
  time 17
    0 -0.000001 9.445313 -27.500000 0.000000 0.000000 -0.000001
    1 -0.000002 0.000000 0.000000 1.570743 -1.567137 -1.570743
    2 4.255468 -0.335183 -0.000002 0.000000 0.000000 -0.124848
    3 7.431248 1.496477 0.000002 0.000000 0.000000 0.245450
    4 5.278479 0.165541 0.000001 0.000000 0.000000 0.048511
    5 2.588747 -8.060224 1.270220 1.975864 1.159909 -1.298786
    6 -6.214482 -0.000007 -0.000027 3.025330 -0.807724 1.912104
    7 11.944882 0.000000 0.000001 -0.347687 -0.327404 1.940745
    8 10.620181 0.000002 0.000000 0.826509 -0.162082 2.463494
    9 -4.751106 -0.694494 0.830577 0.158601 -0.097860 -0.042117
    10 -1.688068 0.000046 -0.000032 0.017344 -0.017702 0.663661
    11 -1.336140 0.000057 -0.000012 0.026393 -0.000544 0.574360
    12 -4.820494 -0.509460 -0.224759 -0.570999 -0.105502 1.450020
    13 -1.826992 -0.000064 0.000006 0.006567 0.039986 1.436945
    14 -1.436573 0.000006 0.000002 -0.027803 -0.072691 0.273305
    15 -3.992355 -0.891188 -1.827909 -0.633029 0.345677 1.729988
    16 -1.405918 -0.000025 -0.000003 -0.002971 -0.029380 0.976527
    17 -1.175358 0.000128 -0.000020 0.013926 0.066539 0.109973
    18 -4.526751 -0.690575 -1.120744 -0.604095 0.115941 1.646758
    19 -1.744038 0.000033 -0.000008 -0.023781 -0.017656 1.343242
    20 -1.368771 0.000025 0.000002 -0.239312 0.018433 -0.003581
    21 -1.874800 -0.935125 0.999174 2.067205 0.441574 0.749805
    22 -1.523453 0.000032 0.000031 0.074265 0.233956 0.563732
    23 -1.599285 0.000004 0.000016 0.029772 -0.030974 0.785151
    24 5.582130 0.113292 0.292977 1.979852 -0.067649 3.122449
    25 0.196847 -0.000001 0.000003 2.793407 0.000006 -3.141577
    26 -1.563723 -12.380668 -4.832830 1.975862 1.159909 1.842803
    27 6.214485 0.000006 0.000020 -0.428335 0.641350 -1.715405
    28 11.944885 -0.000029 -0.000194 -0.792896 -0.348484 -1.498619
    29 10.620166 0.000002 0.000010 -3.169841 -0.739603 1.084202
    30 4.751156 0.694376 -0.830473 0.189383 -0.487308 0.129678
    31 1.688065 -0.000026 0.000002 0.013092 -0.021033 0.882493
    32 1.336151 -0.000051 -0.000009 -0.007070 -0.038117 0.554832
    33 4.820513 0.509340 0.224865 -0.139047 -0.590596 0.613146
    34 1.826996 0.000066 0.000008 0.000507 0.040525 1.286319
    35 1.436577 -0.000010 0.000007 0.010213 -0.011246 0.103836
    36 3.992353 0.891087 1.827994 -0.523945 -0.460102 0.914512
    37 1.405918 0.000021 -0.000007 -0.017410 -0.023857 1.506112
    38 1.175369 -0.000131 0.000002 -0.074946 0.097993 -0.699688
    39 4.526756 0.690460 1.120842 -0.404195 -0.511930 0.927742
    40 1.744041 -0.000031 -0.000002 -0.027934 -0.009848 1.643013
    41 1.368763 -0.000031 -0.000017 -0.121957 0.101813 -1.063948
    42 2.107422 1.210938 -0.811523 1.583876 0.588896 0.201389
    43 1.617188 -0.084045 -0.171265 -0.003886 -0.072947 0.120807
    44 1.590820 -0.071716 0.012482 0.038036 0.074387 -0.271149
    45 5.511806 -0.000002 0.000006 -1.015529 0.000005 0.000007
    46 0.196850 0.000003 -0.000002 -0.348225 0.000015 -0.000002
    47 0.000000 1.996155 0.000000 0.002145 0.003559 -1.569121
    48 2.786022 -15.130940 -9.184879 0.078278 -0.256165 2.093266
    49 3.332491 -0.003284 -0.934897 0.000000 0.000000 0.000000
    50 0.381264 0.001021 0.888928 0.000000 0.000000 0.000000
    51 9.572872 1.446741 -4.365668 0.569552 1.156004 2.164662
    52 -2.763442 -2.886124 -0.931970 -2.911537 1.182270 -2.084704
    53 1.813139 0.139032 -0.745562 0.000000 0.000000 0.000000
    54 0.381264 0.803034 0.617693 -3.023270 0.000000 0.000000
    55 6.501173 0.256559 2.048409 0.000000 0.000000 0.000000
    56 0.050734 -0.015066 -0.906442 0.000000 0.000000 0.000000
    57 0.026926 -0.174474 1.260252 0.000000 0.000000 0.000000
    58 0.000000 0.345213 0.242352 0.000000 0.000000 0.000000
  time 18
    0 -0.000001 9.445313 -27.500000 0.000000 0.000000 -0.000001
    1 -0.000002 0.000000 0.000000 1.570743 -1.567137 -1.570743
    2 4.255468 -0.335183 -0.000002 0.000000 0.000000 -0.124848
    3 7.431248 1.496477 0.000002 0.000000 0.000000 0.245450
    4 5.278479 0.165541 0.000001 0.000000 0.000000 0.048511
    5 2.702031 -7.540677 1.266314 1.975864 1.159909 -1.298786
    6 -6.214482 -0.000007 -0.000027 3.105597 -0.821151 1.816012
    7 11.944882 0.000000 0.000001 -0.356220 -0.324132 1.967446
    8 10.620181 0.000002 0.000000 0.844137 -0.070355 2.299463
    9 -4.751106 -0.694494 0.830577 0.158601 -0.097860 -0.042117
    10 -1.688068 0.000046 -0.000032 0.017344 -0.017702 0.663661
    11 -1.336140 0.000057 -0.000012 0.026393 -0.000544 0.574360
    12 -4.820494 -0.509460 -0.224759 -0.570999 -0.105502 1.450020
    13 -1.826992 -0.000064 0.000006 0.006567 0.039974 1.436945
    14 -1.436573 0.000006 0.000002 -0.027803 -0.072691 0.273305
    15 -3.992355 -0.891188 -1.827909 -0.633029 0.345677 1.729988
    16 -1.405918 -0.000025 -0.000003 -0.002971 -0.029380 0.976527
    17 -1.175358 0.000128 -0.000020 0.013926 0.066539 0.109973
    18 -4.526751 -0.690575 -1.120744 -0.604095 0.115941 1.646758
    19 -1.744038 0.000033 -0.000008 -0.023781 -0.017656 1.343242
    20 -1.368771 0.000025 0.000002 -0.239312 0.018433 -0.003581
    21 -1.874800 -0.935125 0.999174 2.067205 0.441574 0.749805
    22 -1.523453 0.000032 0.000031 0.074265 0.233956 0.563732
    23 -1.599285 0.000004 0.000016 0.029772 -0.030974 0.785151
    24 5.582130 0.113292 0.292977 1.955900 -0.067457 3.121538
    25 0.196847 -0.000001 0.000003 2.793407 0.000006 -3.141577
    26 -2.020769 -14.119003 -6.008647 1.975862 1.159909 1.842803
    27 6.214485 0.000006 0.000020 -0.410364 0.597286 -1.824157
    28 11.944885 -0.000029 -0.000194 -0.804484 -0.349275 -1.589023
    29 10.620166 0.000002 0.000010 -3.262979 -0.772550 1.259092
    30 4.751156 0.694376 -0.830473 0.189383 -0.487308 0.129678
    31 1.688065 -0.000026 0.000002 0.013092 -0.021033 0.882493
    32 1.336151 -0.000051 -0.000009 -0.007070 -0.038117 0.554832
    33 4.820513 0.509340 0.224865 -0.139047 -0.590596 0.613146
    34 1.826996 0.000066 0.000008 0.000507 0.040525 1.286319
    35 1.436577 -0.000010 0.000007 0.010213 -0.011246 0.103836
    36 3.992353 0.891087 1.827994 -0.523945 -0.460102 0.914512
    37 1.405918 0.000021 -0.000007 -0.017410 -0.023857 1.506112
    38 1.175369 -0.000131 0.000002 -0.074946 0.097993 -0.699688
    39 4.526756 0.690460 1.120842 -0.404195 -0.511930 0.927742
    40 1.744041 -0.000031 -0.000002 -0.027934 -0.009848 1.643013
    41 1.368763 -0.000031 -0.000017 -0.121957 0.101813 -1.063948
    42 2.107422 1.210938 -0.811523 1.583876 0.588896 0.201389
    43 1.617188 -0.084045 -0.171265 -0.003886 -0.072947 0.120807
    44 1.590820 -0.071716 0.012482 0.038036 0.074387 -0.271149
    45 5.511806 -0.000002 0.000006 -1.016638 0.000005 0.000007
    46 0.196850 0.000003 -0.000002 -0.348225 0.000015 -0.000002
    47 0.000000 1.996155 0.000000 0.003799 0.002732 -1.569557
    48 2.235224 -15.130940 -8.235632 0.037401 -0.239293 1.975343
    49 3.332491 -0.003284 -0.934897 0.000000 0.000000 0.000000
    50 0.381264 0.001021 0.888928 0.000000 0.000000 0.000000
    51 9.572872 1.446741 -4.365668 0.569552 1.156004 2.164662
    52 -2.763442 -2.886124 -0.931970 -2.911537 1.182270 -2.084704
    53 1.813139 0.139032 -0.745562 0.000000 0.000000 0.000000
    54 0.381264 0.803034 0.617693 -3.023270 0.000000 0.000000
    55 6.501173 0.256559 2.048409 0.000000 0.000000 0.000000
    56 0.050734 -0.015066 -0.906442 0.000000 0.000000 0.000000
    57 0.026926 -0.174474 1.260252 0.000000 0.000000 0.000000
    58 0.000000 0.345213 0.242352 0.000000 0.000000 0.000000
  time 19
    0 -0.000001 9.445313 -27.500000 0.000000 0.000000 -0.000001
    1 -0.000002 0.000000 0.000000 1.570743 -1.567137 -1.570743
    2 4.255468 -0.335183 -0.000002 0.000000 0.000000 -0.124848
    3 7.431248 1.496477 0.000002 0.000000 0.000000 0.245450
    4 5.278479 0.165541 0.000001 0.000000 0.000000 0.048511
    5 2.780159 -7.130508 1.274127 1.975864 1.159909 -1.298786
    6 -6.214482 -0.000007 -0.000027 3.195636 -0.819798 1.710580
    7 11.944882 0.000000 0.000001 -0.356616 -0.323977 1.968672
    8 10.620181 0.000002 0.000000 0.866934 0.014007 2.179134
    9 -4.751106 -0.694494 0.830577 0.158601 -0.097860 -0.042117
    10 -1.688068 0.000046 -0.000032 0.017344 -0.017702 0.663661
    11 -1.336140 0.000057 -0.000012 0.026393 -0.000544 0.574360
    12 -4.820494 -0.509460 -0.224759 -0.570999 -0.105502 1.450020
    13 -1.826992 -0.000064 0.000006 0.006567 0.039974 1.436945
    14 -1.436573 0.000006 0.000002 -0.027803 -0.072691 0.273305
    15 -3.992355 -0.891188 -1.827909 -0.633029 0.345677 1.729988
    16 -1.405918 -0.000025 -0.000003 -0.002971 -0.029380 0.976527
    17 -1.175358 0.000128 -0.000020 0.013926 0.066539 0.109973
    18 -4.526751 -0.690575 -1.120744 -0.604095 0.115941 1.646758
    19 -1.744038 0.000033 -0.000008 -0.023781 -0.017656 1.343242
    20 -1.368771 0.000025 0.000002 -0.239312 0.018433 -0.003581
    21 -1.874800 -0.935125 0.999174 2.067205 0.441574 0.749805
    22 -1.523453 0.000032 0.000031 0.074265 0.233956 0.563732
    23 -1.599285 0.000004 0.000016 0.029772 -0.030974 0.785151
    24 5.582130 0.113292 0.292977 1.947506 -0.067397 3.121215
    25 0.196847 -0.000001 0.000003 2.793407 0.000006 -3.141577
    26 -2.411405 -15.650299 -6.989146 1.975862 1.159909 1.842803
    27 6.214485 0.000006 0.000020 -0.408894 0.536886 -1.945334
    28 11.944885 -0.000029 -0.000194 -0.830589 -0.348951 -1.619440
    29 10.620166 0.000002 0.000010 -3.344226 -0.791857 1.382149
    30 4.751156 0.694376 -0.830473 0.189383 -0.487308 0.129678
    31 1.688065 -0.000026 0.000002 0.013092 -0.021033 0.882493
    32 1.336151 -0.000051 -0.000009 -0.007070 -0.038117 0.554832
    33 4.820513 0.509340 0.224865 -0.139047 -0.590596 0.613146
    34 1.826996 0.000066 0.000008 0.000507 0.040525 1.286319
    35 1.436577 -0.000010 0.000007 0.010213 -0.011246 0.103836
    36 3.992353 0.891087 1.827994 -0.523945 -0.460102 0.914512
    37 1.405918 0.000021 -0.000007 -0.017410 -0.023857 1.506112
    38 1.175369 -0.000131 0.000002 -0.074946 0.097993 -0.699688
    39 4.526756 0.690460 1.120842 -0.404195 -0.511930 0.927742
    40 1.744041 -0.000031 -0.000002 -0.027934 -0.009848 1.643013
    41 1.368763 -0.000031 -0.000017 -0.121957 0.101813 -1.063948
    42 2.107422 1.210938 -0.811523 1.583876 0.588896 0.201389
    43 1.617188 -0.084045 -0.171265 -0.003886 -0.072947 0.120807
    44 1.590820 -0.071716 0.012482 0.038036 0.074387 -0.271149
    45 5.511806 -0.000002 0.000006 -1.017598 0.000005 0.000007
    46 0.196850 0.000003 -0.000002 -0.348225 0.000015 -0.000002
    47 0.000000 1.996155 0.000000 0.003727 0.002097 -1.569847
    48 1.750834 -15.158284 -7.313728 0.015822 -0.219386 1.874184
    49 3.332491 -0.003284 -0.934897 0.000000 0.000000 0.000000
    50 0.381264 0.001021 0.888928 0.000000 0.000000 0.000000
    51 9.572872 1.446741 -4.365668 0.569552 1.156004 2.164662
    52 -2.763442 -2.886124 -0.931970 -2.911537 1.182270 -2.084704
    53 1.813139 0.139032 -0.745562 0.000000 0.000000 0.000000
    54 0.381264 0.803034 0.617693 -3.023270 0.000000 0.000000
    55 6.501173 0.256559 2.048409 0.000000 0.000000 0.000000
    56 0.050734 -0.015066 -0.906442 0.000000 0.000000 0.000000
    57 0.026926 -0.174474 1.260252 0.000000 0.000000 0.000000
    58 0.000000 0.345213 0.242352 0.000000 0.000000 0.000000
  time 20
    0 -0.000001 9.445313 -27.500000 0.000000 0.000000 -0.000001
    1 -0.000002 0.000000 0.000000 1.570743 -1.567137 -1.570743
    2 4.255468 -0.335183 -0.000002 0.000000 0.000000 -0.124848
    3 7.431248 1.496477 0.000002 0.000000 0.000000 0.245450
    4 5.278479 0.165541 0.000001 0.000000 0.000000 0.048511
    5 2.823129 -6.837530 1.289752 1.975864 1.159909 -1.298786
    6 -6.214482 -0.000007 -0.000027 3.260011 -0.802515 1.626069
    7 11.944882 0.000000 0.000001 -0.350292 -0.326434 1.948851
    8 10.620181 0.000002 0.000000 0.872679 0.098518 2.110958
    9 -4.751106 -0.694494 0.830577 0.158601 -0.097860 -0.042117
    10 -1.688068 0.000046 -0.000032 0.017344 -0.017702 0.663661
    11 -1.336140 0.000057 -0.000012 0.026393 -0.000544 0.574360
    12 -4.820494 -0.509460 -0.224759 -0.570999 -0.105502 1.450020
    13 -1.826992 -0.000064 0.000006 0.006567 0.039974 1.436945
    14 -1.436573 0.000006 0.000002 -0.027803 -0.072691 0.273305
    15 -3.992355 -0.891188 -1.827909 -0.633029 0.345677 1.729988
    16 -1.405918 -0.000025 -0.000003 -0.002971 -0.029380 0.976527
    17 -1.175358 0.000128 -0.000020 0.013926 0.066539 0.109973
    18 -4.526751 -0.690575 -1.120744 -0.604095 0.115941 1.646758
    19 -1.744038 0.000033 -0.000008 -0.023781 -0.017656 1.343242
    20 -1.368771 0.000025 0.000002 -0.239312 0.018433 -0.003581
    21 -1.874800 -0.935125 0.999174 2.067205 0.441574 0.749805
    22 -1.523453 0.000032 0.000031 0.074265 0.233956 0.563732
    23 -1.599285 0.000004 0.000016 0.029772 -0.030974 0.785151
    24 5.582130 0.113292 0.292977 1.947506 -0.067397 3.121215
    25 0.196847 -0.000001 0.000003 2.793407 0.000006 -3.141577
    26 -2.688758 -16.744083 -7.668854 1.975862 1.159909 1.842803
    27 6.214485 0.000006 0.000020 -0.416681 0.463795 -2.051096
    28 11.944885 -0.000029 -0.000194 -0.870619 -0.349275 -1.589471
    29 10.620166 0.000002 0.000010 -3.362408 -0.795158 1.423813
    30 4.751156 0.694376 -0.830473 0.189383 -0.487308 0.129678
    31 1.688065 -0.000026 0.000002 0.013092 -0.021033 0.882493
    32 1.336151 -0.000051 -0.000009 -0.007070 -0.038117 0.554832
    33 4.820513 0.509340 0.224865 -0.139047 -0.590596 0.613146
    34 1.826996 0.000066 0.000008 0.000507 0.040525 1.286319
    35 1.436577 -0.000010 0.000007 0.010213 -0.011246 0.103836
    36 3.992353 0.891087 1.827994 -0.523945 -0.460102 0.914512
    37 1.405918 0.000021 -0.000007 -0.017410 -0.023857 1.506112
    38 1.175369 -0.000131 0.000002 -0.074946 0.097993 -0.699688
    39 4.526756 0.690460 1.120842 -0.404195 -0.511930 0.927742
    40 1.744041 -0.000031 -0.000002 -0.027934 -0.009848 1.643013
    41 1.368763 -0.000031 -0.000017 -0.121957 0.101813 -1.063948
    42 2.107422 1.210938 -0.811523 1.583876 0.588896 0.201389
    43 1.617188 -0.084045 -0.171265 -0.003886 -0.072947 0.120807
    44 1.590820 -0.071716 0.012482 0.038036 0.074387 -0.271149
    45 5.511806 -0.000002 0.000006 -1.018374 0.000005 0.000007
    46 0.196850 0.000003 -0.000002 -0.348225 0.000015 -0.000002
    47 0.000000 1.996155 0.000000 0.003511 0.001582 -1.570089
    48 1.328946 -15.232505 -6.446514 0.002801 -0.186854 1.791495
    49 3.332491 -0.003284 -0.934897 0.000000 0.000000 0.000000
    50 0.381264 0.001021 0.888928 0.000000 0.000000 0.000000
    51 9.572872 1.446741 -4.365668 0.569552 1.156004 2.164662
    52 -2.763442 -2.886124 -0.931970 -2.911537 1.182270 -2.084704
    53 1.813139 0.139032 -0.745562 0.000000 0.000000 0.000000
    54 0.381264 0.803034 0.617693 -3.023270 0.000000 0.000000
    55 6.501173 0.256559 2.048409 0.000000 0.000000 0.000000
    56 0.050734 -0.015066 -0.906442 0.000000 0.000000 0.000000
    57 0.026926 -0.174474 1.260252 0.000000 0.000000 0.000000
    58 0.000000 0.345213 0.242352 0.000000 0.000000 0.000000
  time 21
    0 -0.000001 9.445313 -27.500000 0.000000 0.000000 -0.000001
    1 -0.000002 0.000000 0.000000 1.570743 -1.567137 -1.570743
    2 4.255468 -0.335183 -0.000002 0.000000 0.000000 -0.124848
    3 7.431248 1.496477 0.000002 0.000000 0.000000 0.245450
    4 5.278479 0.165541 0.000001 0.000000 0.000000 0.048511
    5 2.846567 -6.661744 1.301471 1.975864 1.159909 -1.298786
    6 -6.214482 -0.000007 -0.000027 3.299220 -0.779483 1.567487
    7 11.944882 0.000000 0.000001 -0.341212 -0.329705 1.920720
    8 10.620181 0.000002 0.000000 0.869340 0.175121 2.079346
    9 -4.751106 -0.694494 0.830577 0.158601 -0.097860 -0.042117
    10 -1.688068 0.000046 -0.000032 0.017344 -0.017702 0.663661
    11 -1.336140 0.000057 -0.000012 0.026393 -0.000544 0.574360
    12 -4.820494 -0.509460 -0.224759 -0.570999 -0.105502 1.450020
    13 -1.826992 -0.000064 0.000006 0.006567 0.039974 1.436945
    14 -1.436573 0.000006 0.000002 -0.027803 -0.072691 0.273305
    15 -3.992355 -0.891188 -1.827909 -0.633029 0.345677 1.729988
    16 -1.405918 -0.000025 -0.000003 -0.002971 -0.029380 0.976527
    17 -1.175358 0.000128 -0.000020 0.013926 0.066539 0.109973
    18 -4.526751 -0.690575 -1.120744 -0.604095 0.115941 1.646758
    19 -1.744038 0.000033 -0.000008 -0.023781 -0.017656 1.343242
    20 -1.368771 0.000025 0.000002 -0.239312 0.018433 -0.003581
    21 -1.874800 -0.935125 0.999174 2.067205 0.441574 0.749805
    22 -1.523453 0.000032 0.000031 0.074265 0.233956 0.563732
    23 -1.599285 0.000004 0.000016 0.029772 -0.030974 0.785151
    24 5.582130 0.113292 0.292977 1.947506 -0.067397 3.121215
    25 0.196847 -0.000001 0.000003 2.793407 0.000006 -3.141577
    26 -2.790323 -17.162064 -7.918862 1.975862 1.159909 1.842803
    27 6.214485 0.000006 0.000020 -0.420003 0.383610 -2.113974
    28 11.944885 -0.000029 -0.000194 -0.920399 -0.348712 -1.508941
    29 10.620166 0.000002 0.000010 -3.305405 -0.768626 1.374680
    30 4.751156 0.694376 -0.830473 0.189383 -0.487308 0.129678
    31 1.688065 -0.000026 0.000002 0.013092 -0.021033 0.882493
    32 1.336151 -0.000051 -0.000009 -0.007070 -0.038117 0.554832
    33 4.820513 0.509340 0.224865 -0.139047 -0.590596 0.613146
    34 1.826996 0.000066 0.000008 0.000507 0.040525 1.286319
    35 1.436577 -0.000010 0.000007 0.010213 -0.011246 0.103836
    36 3.992353 0.891087 1.827994 -0.523945 -0.460102 0.914512
    37 1.405918 0.000021 -0.000007 -0.017410 -0.023857 1.506112
    38 1.175369 -0.000131 0.000002 -0.074946 0.097993 -0.699688
    39 4.526756 0.690460 1.120842 -0.404195 -0.511930 0.927742
    40 1.744041 -0.000031 -0.000002 -0.027934 -0.009848 1.643013
    41 1.368763 -0.000031 -0.000017 -0.121957 0.101813 -1.063948
    42 2.107422 1.210938 -0.811523 1.583876 0.588896 0.201389
    43 1.617188 -0.084045 -0.171265 -0.003886 -0.072947 0.120807
    44 1.590820 -0.071716 0.012482 0.038036 0.074387 -0.271149
    45 5.511806 -0.000002 0.000006 -1.018929 0.000005 0.000007
    46 0.196850 0.000003 -0.000002 -0.348225 0.000015 -0.000002
    47 0.000000 1.996155 0.000000 0.003200 0.001151 -1.570282
    48 0.973466 -15.334071 -5.665241 -0.004669 -0.146616 1.725666
    49 3.332491 -0.003284 -0.934897 0.000000 0.000000 0.000000
    50 0.381264 0.001021 0.888928 0.000000 0.000000 0.000000
    51 9.572872 1.446741 -4.365668 0.569552 1.156004 2.164662
    52 -2.763442 -2.886124 -0.931970 -2.911537 1.182270 -2.084704
    53 1.813139 0.139032 -0.745562 0.000000 0.000000 0.000000
    54 0.381264 0.803034 0.617693 -3.023270 0.000000 0.000000
    55 6.501173 0.256559 2.048409 0.000000 0.000000 0.000000
    56 0.050734 -0.015066 -0.906442 0.000000 0.000000 0.000000
    57 0.026926 -0.174474 1.260252 0.000000 0.000000 0.000000
    58 0.000000 0.345213 0.242352 0.000000 0.000000 0.000000
  time 22
    0 -0.000001 9.445313 -27.500000 0.000000 0.000000 -0.000001
    1 -0.000002 0.000000 0.000000 1.570743 -1.567137 -1.570743
    2 4.255468 -0.335183 -0.000002 0.000000 0.000000 -0.124848
    3 7.431248 1.496477 0.000002 0.000000 0.000000 0.245450
    4 5.278479 0.165541 0.000001 0.000000 0.000000 0.048511
    5 2.854380 -6.599242 1.309284 1.975864 1.159909 -1.298786
    6 -6.214482 -0.000007 -0.000027 3.326232 -0.763283 1.528109
    7 11.944882 0.000000 0.000001 -0.332623 -0.332546 1.894292
    8 10.620181 0.000002 0.000000 0.871063 0.241445 2.073519
    9 -4.751106 -0.694494 0.830577 0.158601 -0.097860 -0.042117
    10 -1.688068 0.000046 -0.000032 0.017344 -0.017702 0.663661
    11 -1.336140 0.000057 -0.000012 0.026393 -0.000544 0.574360
    12 -4.820494 -0.509460 -0.224759 -0.570999 -0.105502 1.450020
    13 -1.826992 -0.000064 0.000006 0.006567 0.039974 1.436945
    14 -1.436573 0.000006 0.000002 -0.027803 -0.072691 0.273305
    15 -3.992355 -0.891188 -1.827909 -0.633029 0.345677 1.729988
    16 -1.405918 -0.000025 -0.000003 -0.002971 -0.029380 0.976527
    17 -1.175358 0.000128 -0.000020 0.013926 0.066539 0.109973
    18 -4.526751 -0.690575 -1.120744 -0.604095 0.115941 1.646758
    19 -1.744038 0.000033 -0.000008 -0.023781 -0.017656 1.343242
    20 -1.368771 0.000025 0.000002 -0.239312 0.018433 -0.003581
    21 -1.874800 -0.935125 0.999174 2.067205 0.441574 0.749805
    22 -1.523453 0.000032 0.000031 0.074265 0.233956 0.563732
    23 -1.599285 0.000004 0.000016 0.029772 -0.030974 0.785151
    24 5.582130 0.113292 0.292977 1.947506 -0.067397 3.121215
    25 0.196847 -0.000001 0.000003 2.793407 0.000006 -3.141577
    26 -2.790323 -17.162064 -7.918862 1.975862 1.159909 1.842803
    27 6.214485 0.000006 0.000020 -0.414122 0.306703 -2.145833
    28 11.944885 -0.000029 -0.000194 -0.968280 -0.345128 -1.409112
    29 10.620166 0.000002 0.000010 -3.220016 -0.721075 1.284198
    30 4.751156 0.694376 -0.830473 0.189383 -0.487308 0.129678
    31 1.688065 -0.000026 0.000002 0.013092 -0.021033 0.882493
    32 1.336151 -0.000051 -0.000009 -0.007070 -0.038117 0.554832
    33 4.820513 0.509340 0.224865 -0.139047 -0.590596 0.613146
    34 1.826996 0.000066 0.000008 0.000507 0.040525 1.286319
    35 1.436577 -0.000010 0.000007 0.010213 -0.011246 0.103836
    36 3.992353 0.891087 1.827994 -0.523945 -0.460102 0.914512
    37 1.405918 0.000021 -0.000007 -0.017410 -0.023857 1.506112
    38 1.175369 -0.000131 0.000002 -0.074946 0.097993 -0.699688
    39 4.526756 0.690460 1.120842 -0.404195 -0.511930 0.927742
    40 1.744041 -0.000031 -0.000002 -0.027934 -0.009848 1.643013
    41 1.368763 -0.000031 -0.000017 -0.121957 0.101813 -1.063948
    42 2.107422 1.210938 -0.811523 1.583876 0.588896 0.201389
    43 1.617188 -0.084045 -0.171265 -0.003886 -0.072947 0.120807
    44 1.590820 -0.071716 0.012482 0.038036 0.074387 -0.271149
    45 5.511806 -0.000002 0.000006 -1.019298 0.000005 0.000007
    46 0.196850 0.000003 -0.000002 -0.348225 0.000015 -0.000002
    47 0.000000 1.996155 0.000000 0.002816 0.000803 -1.570427
    48 0.680489 -15.447356 -5.005064 -0.008663 -0.103995 1.674802
    49 3.332491 -0.003284 -0.934897 0.000000 0.000000 0.000000
    50 0.381264 0.001021 0.888928 0.000000 0.000000 0.000000
    51 9.572872 1.446741 -4.365668 0.569552 1.156004 2.164662
    52 -2.763442 -2.886124 -0.931970 -2.911537 1.182270 -2.084704
    53 1.813139 0.139032 -0.745562 0.000000 0.000000 0.000000
    54 0.381264 0.803034 0.617693 -3.023270 0.000000 0.000000
    55 6.501173 0.256559 2.048409 0.000000 0.000000 0.000000
    56 0.050734 -0.015066 -0.906442 0.000000 0.000000 0.000000
    57 0.026926 -0.174474 1.260252 0.000000 0.000000 0.000000
    58 0.000000 0.345213 0.242352 0.000000 0.000000 0.000000
  time 23
    0 -0.000001 9.445313 -27.500000 0.000000 0.000000 -0.000001
    1 -0.000002 0.000000 0.000000 1.570743 -1.567137 -1.570743
    2 4.255468 -0.335183 -0.000002 0.000000 0.000000 -0.124848
    3 7.431248 1.496477 0.000002 0.000000 0.000000 0.245450
    4 5.278479 0.165541 0.000001 0.000000 0.000000 0.048511
    5 2.854380 -6.599242 1.309284 1.975864 1.159909 -1.298786
    6 -6.214482 -0.000007 -0.000027 3.343086 -0.753170 1.504273
    7 11.944882 0.000000 0.000001 -0.325091 -0.334847 1.871270
    8 10.620181 0.000002 0.000000 0.875766 0.295710 2.083753
    9 -4.751106 -0.694494 0.830577 0.158601 -0.097860 -0.042117
    10 -1.688068 0.000046 -0.000032 0.017344 -0.017702 0.663661
    11 -1.336140 0.000057 -0.000012 0.026393 -0.000544 0.574360
    12 -4.820494 -0.509460 -0.224759 -0.570999 -0.105502 1.450020
    13 -1.826992 -0.000064 0.000006 0.006567 0.039974 1.436945
    14 -1.436573 0.000006 0.000002 -0.027803 -0.072691 0.273305
    15 -3.992355 -0.891188 -1.827909 -0.633029 0.345677 1.729988
    16 -1.405918 -0.000025 -0.000003 -0.002971 -0.029380 0.976527
    17 -1.175358 0.000128 -0.000020 0.013926 0.066539 0.109973
    18 -4.526751 -0.690575 -1.120744 -0.604095 0.115941 1.646758
    19 -1.744038 0.000033 -0.000008 -0.023781 -0.017656 1.343242
    20 -1.368771 0.000025 0.000002 -0.239312 0.018433 -0.003581
    21 -1.874800 -0.935125 0.999174 2.067205 0.441574 0.749805
    22 -1.523453 0.000032 0.000031 0.074265 0.233956 0.563732
    23 -1.599285 0.000004 0.000016 0.029772 -0.030974 0.785151
    24 5.582130 0.113292 0.292977 1.947506 -0.067397 3.121215
    25 0.196847 -0.000001 0.000003 2.793407 0.000006 -3.141577
    26 -2.790323 -17.162064 -7.918862 1.975862 1.159909 1.842803
    27 6.214485 0.000006 0.000020 -0.401161 0.243081 -2.170031
    28 11.944885 -0.000029 -0.000194 -1.002110 -0.339448 -1.322797
    29 10.620166 0.000002 0.000010 -3.156031 -0.674052 1.205774
    30 4.751156 0.694376 -0.830473 0.189383 -0.487308 0.129678
    31 1.688065 -0.000026 0.000002 0.013092 -0.021033 0.882493
    32 1.336151 -0.000051 -0.000009 -0.007070 -0.038117 0.554832
    33 4.820513 0.509340 0.224865 -0.139047 -0.590596 0.613146
    34 1.826996 0.000066 0.000008 0.000507 0.040525 1.286319
    35 1.436577 -0.000010 0.000007 0.010213 -0.011246 0.103836
    36 3.992353 0.891087 1.827994 -0.523945 -0.460102 0.914512
    37 1.405918 0.000021 -0.000007 -0.017410 -0.023857 1.506112
    38 1.175369 -0.000131 0.000002 -0.074946 0.097993 -0.699688
    39 4.526756 0.690460 1.120842 -0.404195 -0.511930 0.927742
    40 1.744041 -0.000031 -0.000002 -0.027934 -0.009848 1.643013
    41 1.368763 -0.000031 -0.000017 -0.121957 0.101813 -1.063948
    42 2.107422 1.210938 -0.811523 1.583876 0.588896 0.201389
    43 1.617188 -0.084045 -0.171265 -0.003886 -0.072947 0.120807
    44 1.590820 -0.071716 0.012482 0.038036 0.074387 -0.271149
    45 5.511806 -0.000002 0.000006 -1.019446 0.000005 0.000007
    46 0.196850 0.000003 -0.000002 -0.348225 0.000015 -0.000002
    47 0.000000 1.996155 0.000000 0.002373 0.000539 -1.570572
    48 0.442200 -15.545015 -4.493330 -0.010323 -0.064373 1.637105
    49 3.332491 -0.003284 -0.934897 0.000000 0.000000 0.000000
    50 0.381264 0.001021 0.888928 0.000000 0.000000 0.000000
    51 9.572872 1.446741 -4.365668 0.569552 1.156004 2.164662
    52 -2.763442 -2.886124 -0.931970 -2.911537 1.182270 -2.084704
    53 1.813139 0.139032 -0.745562 0.000000 0.000000 0.000000
    54 0.381264 0.803034 0.617693 -3.023270 0.000000 0.000000
    55 6.501173 0.256559 2.048409 0.000000 0.000000 0.000000
    56 0.050734 -0.015066 -0.906442 0.000000 0.000000 0.000000
    57 0.026926 -0.174474 1.260252 0.000000 0.000000 0.000000
    58 0.000000 0.345213 0.242352 0.000000 0.000000 0.000000
  time 24
    0 -0.000001 9.445313 -27.500000 0.000000 0.000000 -0.000001
    1 -0.000002 0.000000 0.000000 1.570743 -1.567137 -1.570743
    2 4.255468 -0.335183 -0.000002 0.000000 0.000000 -0.124848
    3 7.431248 1.496477 0.000002 0.000000 0.000000 0.245450
    4 5.278479 0.165541 0.000001 0.000000 0.000000 0.048511
    5 2.854380 -6.599242 1.309284 1.975864 1.159909 -1.298786
    6 -6.214482 -0.000007 -0.000027 3.351474 -0.747759 1.492018
    7 11.944882 0.000000 0.000001 -0.318635 -0.336668 1.851653
    8 10.620181 0.000002 0.000000 0.880362 0.336729 2.100469
    9 -4.751106 -0.694494 0.830577 0.158601 -0.097860 -0.042117
    10 -1.688068 0.000046 -0.000032 0.017344 -0.017702 0.663661
    11 -1.336140 0.000057 -0.000012 0.026393 -0.000544 0.574360
    12 -4.820494 -0.509460 -0.224759 -0.570999 -0.105502 1.450020
    13 -1.826992 -0.000064 0.000006 0.006567 0.039974 1.436945
    14 -1.436573 0.000006 0.000002 -0.027803 -0.072691 0.273305
    15 -3.992355 -0.891188 -1.827909 -0.633029 0.345677 1.729988
    16 -1.405918 -0.000025 -0.000003 -0.002971 -0.029380 0.976527
    17 -1.175358 0.000128 -0.000020 0.013926 0.066539 0.109973
    18 -4.526751 -0.690575 -1.120744 -0.604095 0.115941 1.646758
    19 -1.744038 0.000033 -0.000008 -0.023781 -0.017656 1.343242
    20 -1.368771 0.000025 0.000002 -0.239312 0.018433 -0.003581
    21 -1.874800 -0.935125 0.999174 2.067205 0.441574 0.749805
    22 -1.523453 0.000032 0.000031 0.074265 0.233956 0.563732
    23 -1.599285 0.000004 0.000016 0.029772 -0.030974 0.785151
    24 5.582130 0.113292 0.292977 1.947506 -0.067397 3.121215
    25 0.196847 -0.000001 0.000003 2.793407 0.000006 -3.141577
    26 -2.790323 -17.162064 -7.918862 1.975862 1.159909 1.842803
    27 6.214485 0.000006 0.000020 -0.380794 0.195258 -2.184980
    28 11.944885 -0.000029 -0.000194 -1.023605 -0.333599 -1.257675
    29 10.620166 0.000002 0.000010 -3.118745 -0.631421 1.145258
    30 4.751156 0.694376 -0.830473 0.189383 -0.487308 0.129678
    31 1.688065 -0.000026 0.000002 0.013092 -0.021033 0.882493
    32 1.336151 -0.000051 -0.000009 -0.007070 -0.038117 0.554832
    33 4.820513 0.509340 0.224865 -0.139047 -0.590596 0.613146
    34 1.826996 0.000066 0.000008 0.000507 0.040525 1.286319
    35 1.436577 -0.000010 0.000007 0.010213 -0.011246 0.103836
    36 3.992353 0.891087 1.827994 -0.523945 -0.460102 0.914512
    37 1.405918 0.000021 -0.000007 -0.017410 -0.023857 1.506112
    38 1.175369 -0.000131 0.000002 -0.074946 0.097993 -0.699688
    39 4.526756 0.690460 1.120842 -0.404195 -0.511930 0.927742
    40 1.744041 -0.000031 -0.000002 -0.027934 -0.009848 1.643013
    41 1.368763 -0.000031 -0.000017 -0.121957 0.101813 -1.063948
    42 2.107422 1.210938 -0.811523 1.583876 0.588896 0.201389
    43 1.617188 -0.084045 -0.171265 -0.003886 -0.072947 0.120807
    44 1.590820 -0.071716 0.012482 0.038036 0.074387 -0.271149
    45 5.511806 -0.000002 0.000006 -1.019446 0.000005 0.000007
    46 0.196850 0.000003 -0.000002 -0.348225 0.000015 -0.000002
    47 0.000000 1.996155 0.000000 0.001894 0.000336 -1.570669
    48 0.262507 -15.619236 -4.169101 -0.010582 -0.033070 1.610394
    49 3.332491 -0.003284 -0.934897 0.000000 0.000000 0.000000
    50 0.381264 0.001021 0.888928 0.000000 0.000000 0.000000
    51 9.572872 1.446741 -4.365668 0.569552 1.156004 2.164662
    52 -2.763442 -2.886124 -0.931970 -2.911537 1.182270 -2.084704
    53 1.813139 0.139032 -0.745562 0.000000 0.000000 0.000000
    54 0.381264 0.803034 0.617693 -3.023270 0.000000 0.000000
    55 6.501173 0.256559 2.048409 0.000000 0.000000 0.000000
    56 0.050734 -0.015066 -0.906442 0.000000 0.000000 0.000000
    57 0.026926 -0.174474 1.260252 0.000000 0.000000 0.000000
    58 0.000000 0.345213 0.242352 0.000000 0.000000 0.000000
  time 25
    0 -0.000001 9.445313 -27.500000 0.000000 0.000000 -0.000001
    1 -0.000002 0.000000 0.000000 1.570743 -1.567137 -1.570743
    2 4.255468 -0.335183 -0.000002 0.000000 0.000000 -0.124848
    3 7.431248 1.496477 0.000002 0.000000 0.000000 0.245450
    4 5.278479 0.165541 0.000001 0.000000 0.000000 0.048511
    5 2.854380 -6.599242 1.309284 1.975864 1.159909 -1.298786
    6 -6.214482 -0.000007 -0.000027 3.350743 -0.748097 1.489552
    7 11.944882 0.000000 0.000001 -0.315237 -0.337567 1.841436
    8 10.620181 0.000002 0.000000 0.882480 0.364603 2.111504
    9 -4.751106 -0.694494 0.830577 0.158601 -0.097860 -0.042117
    10 -1.688068 0.000046 -0.000032 0.017344 -0.017702 0.663661
    11 -1.336140 0.000057 -0.000012 0.026393 -0.000544 0.574360
    12 -4.820494 -0.509460 -0.224759 -0.570999 -0.105502 1.450020
    13 -1.826992 -0.000064 0.000006 0.006567 0.039974 1.436945
    14 -1.436573 0.000006 0.000002 -0.027803 -0.072691 0.273305
    15 -3.992355 -0.891188 -1.827909 -0.633029 0.345677 1.729988
    16 -1.405918 -0.000025 -0.000003 -0.002971 -0.029380 0.976527
    17 -1.175358 0.000128 -0.000020 0.013926 0.066539 0.109973
    18 -4.526751 -0.690575 -1.120744 -0.604095 0.115941 1.646758
    19 -1.744038 0.000033 -0.000008 -0.023781 -0.017656 1.343242
    20 -1.368771 0.000025 0.000002 -0.239312 0.018433 -0.003581
    21 -1.874800 -0.935125 0.999174 2.067205 0.441574 0.749805
    22 -1.523453 0.000032 0.000031 0.074265 0.233956 0.563732
    23 -1.599285 0.000004 0.000016 0.029772 -0.030974 0.785151
    24 5.582130 0.113292 0.292977 1.947506 -0.067397 3.121215
    25 0.196847 -0.000001 0.000003 2.793407 0.000006 -3.141577
    26 -2.790323 -17.162064 -7.918862 1.975862 1.159909 1.842803
    27 6.214485 0.000006 0.000020 -0.352804 0.165892 -2.188904
    28 11.944885 -0.000029 -0.000194 -1.035442 -0.329752 -1.221374
    29 10.620166 0.000002 0.000010 -3.111073 -0.598380 1.106788
    30 4.751156 0.694376 -0.830473 0.189383 -0.487308 0.129678
    31 1.688065 -0.000026 0.000002 0.013092 -0.021033 0.882493
    32 1.336151 -0.000051 -0.000009 -0.007070 -0.038117 0.554832
    33 4.820513 0.509340 0.224865 -0.139047 -0.590596 0.613146
    34 1.826996 0.000066 0.000008 0.000507 0.040525 1.286319
    35 1.436577 -0.000010 0.000007 0.010213 -0.011246 0.103836
    36 3.992353 0.891087 1.827994 -0.523945 -0.460102 0.914512
    37 1.405918 0.000021 -0.000007 -0.017410 -0.023857 1.506112
    38 1.175369 -0.000131 0.000002 -0.074946 0.097993 -0.699688
    39 4.526756 0.690460 1.120842 -0.404195 -0.511930 0.927742
    40 1.744041 -0.000031 -0.000002 -0.027934 -0.009848 1.643013
    41 1.368763 -0.000031 -0.000017 -0.121957 0.101813 -1.063948
    42 2.107422 1.210938 -0.811523 1.583876 0.588896 0.201389
    43 1.617188 -0.084045 -0.171265 -0.003886 -0.072947 0.120807
    44 1.590820 -0.071716 0.012482 0.038036 0.074387 -0.271149
    45 5.511806 -0.000002 0.000006 -1.019446 0.000005 0.000007
    46 0.196850 0.000003 -0.000002 -0.348225 0.000015 -0.000002
    47 0.000000 1.996155 0.000000 0.001426 0.000192 -1.570717
    48 0.137503 -15.650487 -4.051910 -0.010271 -0.015296 1.592966
    49 3.332491 -0.003284 -0.934897 0.000000 0.000000 0.000000
    50 0.381264 0.001021 0.888928 0.000000 0.000000 0.000000
    51 9.572872 1.446741 -4.365668 0.569552 1.156004 2.164662
    52 -2.763442 -2.886124 -0.931970 -2.911537 1.182270 -2.084704
    53 1.813139 0.139032 -0.745562 0.000000 0.000000 0.000000
    54 0.381264 0.803034 0.617693 -3.023270 0.000000 0.000000
    55 6.501173 0.256559 2.048409 0.000000 0.000000 0.000000
    56 0.050734 -0.015066 -0.906442 0.000000 0.000000 0.000000
    57 0.026926 -0.174474 1.260252 0.000000 0.000000 0.000000
    58 0.000000 0.345213 0.242352 0.000000 0.000000 0.000000
  time 26
    0 -0.000001 9.445313 -27.500000 0.000000 0.000000 -0.000001
    1 -0.000002 0.000000 0.000000 1.570743 -1.567137 -1.570743
    2 4.255468 -0.335183 -0.000002 0.000000 0.000000 -0.124848
    3 7.431248 1.496477 0.000002 0.000000 0.000000 0.245450
    4 5.278479 0.165541 0.000001 0.000000 0.000000 0.048511
    5 2.854380 -6.599242 1.309284 1.975864 1.159909 -1.298786
    6 -6.214482 -0.000007 -0.000027 3.345394 -0.751445 1.492168
    7 11.944882 0.000000 0.000001 -0.314538 -0.337759 1.839324
    8 10.620181 0.000002 0.000000 0.883521 0.381901 2.115109
    9 -4.751106 -0.694494 0.830577 0.158601 -0.097860 -0.042117
    10 -1.688068 0.000046 -0.000032 0.017344 -0.017702 0.663661
    11 -1.336140 0.000057 -0.000012 0.026393 -0.000544 0.574360
    12 -4.820494 -0.509460 -0.224759 -0.570999 -0.105502 1.450020
    13 -1.826992 -0.000064 0.000006 0.006567 0.039986 1.436945
    14 -1.436573 0.000006 0.000002 -0.027803 -0.072691 0.273305
    15 -3.992355 -0.891188 -1.827909 -0.633029 0.345677 1.729988
    16 -1.405918 -0.000025 -0.000003 -0.002971 -0.029380 0.976527
    17 -1.175358 0.000128 -0.000020 0.013926 0.066539 0.109973
    18 -4.526751 -0.690575 -1.120744 -0.604095 0.115941 1.646758
    19 -1.744038 0.000033 -0.000008 -0.023781 -0.017656 1.343242
    20 -1.368771 0.000025 0.000002 -0.239312 0.018433 -0.003581
    21 -1.874800 -0.935125 0.999174 2.067205 0.441574 0.749805
    22 -1.523453 0.000032 0.000031 0.074265 0.233956 0.563732
    23 -1.599285 0.000004 0.000016 0.029772 -0.030974 0.785151
    24 5.582130 0.113292 0.292977 1.947506 -0.067397 3.121215
    25 0.196847 -0.000001 0.000003 2.793407 0.000006 -3.141577
    26 -2.790323 -17.162064 -7.918862 1.975862 1.159909 1.842803
    27 6.214485 0.000006 0.000020 -0.323397 0.149527 -2.185821
    28 11.944885 -0.000029 -0.000194 -1.040115 -0.328098 -1.206863
    29 10.620166 0.000002 0.000010 -3.122351 -0.574558 1.085686
    30 4.751156 0.694376 -0.830473 0.189383 -0.487308 0.129678
    31 1.688065 -0.000026 0.000002 0.013092 -0.021033 0.882493
    32 1.336151 -0.000051 -0.000009 -0.007070 -0.038117 0.554832
    33 4.820513 0.509340 0.224865 -0.139047 -0.590596 0.613146
    34 1.826996 0.000066 0.000008 0.000507 0.040525 1.286319
    35 1.436577 -0.000010 0.000007 0.010213 -0.011246 0.103836
    36 3.992353 0.891087 1.827994 -0.523945 -0.460102 0.914512
    37 1.405918 0.000021 -0.000007 -0.017410 -0.023857 1.506112
    38 1.175369 -0.000131 0.000002 -0.074946 0.097993 -0.699688
    39 4.526756 0.690460 1.120842 -0.404195 -0.511930 0.927742
    40 1.744041 -0.000031 -0.000002 -0.027934 -0.009848 1.643013
    41 1.368763 -0.000031 -0.000017 -0.121957 0.101813 -1.063948
    42 2.107422 1.210938 -0.811523 1.583876 0.588896 0.201389
    43 1.617188 -0.084045 -0.171265 -0.003886 -0.072947 0.120807
    44 1.590820 -0.071716 0.012482 0.038036 0.074387 -0.271149
    45 5.511806 -0.000002 0.000006 -1.019446 0.000005 0.000007
    46 0.196850 0.000003 -0.000002 -0.348225 0.000015 -0.000002
    47 0.000000 1.996155 0.000000 0.000983 0.000096 -1.570766
    48 0.055470 -15.642674 -4.059723 -0.009026 -0.007782 1.581979
    49 3.332491 -0.003284 -0.934897 0.000000 0.000000 0.000000
    50 0.381264 0.001021 0.888928 0.000000 0.000000 0.000000
    51 9.572872 1.446741 -4.365668 0.569552 1.156004 2.164662
    52 -2.763442 -2.886124 -0.931970 -2.911537 1.182270 -2.084704
    53 1.813139 0.139032 -0.745562 0.000000 0.000000 0.000000
    54 0.381264 0.803034 0.617693 -3.023270 0.000000 0.000000
    55 6.501173 0.256559 2.048409 0.000000 0.000000 0.000000
    56 0.050734 -0.015066 -0.906442 0.000000 0.000000 0.000000
    57 0.026926 -0.174474 1.260252 0.000000 0.000000 0.000000
    58 0.000000 0.345213 0.242352 0.000000 0.000000 0.000000
  time 27
    0 -0.000001 9.445313 -27.500000 0.000000 0.000000 -0.000001
    1 -0.000002 0.000000 0.000000 1.570743 -1.567137 -1.570743
    2 4.255468 -0.335183 -0.000002 0.000000 0.000000 -0.124848
    3 7.431248 1.496477 0.000002 0.000000 0.000000 0.245450
    4 5.278479 0.165541 0.000001 0.000000 0.000000 0.048511
    5 2.854380 -6.599242 1.309284 1.975864 1.159909 -1.298786
    6 -6.214482 -0.000007 -0.000027 3.340546 -0.754455 1.495530
    7 11.944882 0.000000 0.000001 -0.314727 -0.337711 1.839869
    8 10.620181 0.000002 0.000000 0.885962 0.392328 2.117513
    9 -4.751106 -0.694494 0.830577 0.158601 -0.097860 -0.042117
    10 -1.688068 0.000046 -0.000032 0.017344 -0.017702 0.663661
    11 -1.336140 0.000057 -0.000012 0.026393 -0.000544 0.574360
    12 -4.820494 -0.509460 -0.224759 -0.570999 -0.105502 1.450020
    13 -1.826992 -0.000064 0.000006 0.006567 0.039974 1.436945
    14 -1.436573 0.000006 0.000002 -0.027803 -0.072691 0.273305
    15 -3.992355 -0.891188 -1.827909 -0.633029 0.345677 1.729988
    16 -1.405918 -0.000025 -0.000003 -0.002971 -0.029380 0.976527
    17 -1.175358 0.000128 -0.000020 0.013926 0.066539 0.109973
    18 -4.526751 -0.690575 -1.120744 -0.604095 0.115941 1.646758
    19 -1.744038 0.000033 -0.000008 -0.023781 -0.017656 1.343242
    20 -1.368771 0.000025 0.000002 -0.239312 0.018433 -0.003581
    21 -1.874800 -0.935125 0.999174 2.067205 0.441574 0.749805
    22 -1.523453 0.000032 0.000031 0.074265 0.233956 0.563732
    23 -1.599285 0.000004 0.000016 0.029772 -0.030974 0.785151
    24 5.582130 0.113292 0.292977 1.947506 -0.067397 3.121215
    25 0.196847 -0.000001 0.000003 2.793407 0.000006 -3.141577
    26 -2.790323 -17.162064 -7.918862 1.975862 1.159909 1.842803
    27 6.214485 0.000006 0.000020 -0.299600 0.138476 -2.181803
    28 11.944885 -0.000029 -0.000194 -1.042047 -0.327403 -1.200879
    29 10.620166 0.000002 0.000010 -3.136698 -0.558489 1.072368
    30 4.751156 0.694376 -0.830473 0.189383 -0.487308 0.129678
    31 1.688065 -0.000026 0.000002 0.013092 -0.021045 0.882493
    32 1.336151 -0.000051 -0.000009 -0.007070 -0.038117 0.554832
    33 4.820513 0.509340 0.224865 -0.139047 -0.590596 0.613146
    34 1.826996 0.000066 0.000008 0.000507 0.040525 1.286319
    35 1.436577 -0.000010 0.000007 0.010213 -0.011246 0.103836
    36 3.992353 0.891087 1.827994 -0.523945 -0.460102 0.914512
    37 1.405918 0.000021 -0.000007 -0.017410 -0.023857 1.506112
    38 1.175369 -0.000131 0.000002 -0.074946 0.097993 -0.699688
    39 4.526756 0.690460 1.120842 -0.404195 -0.511930 0.927742
    40 1.744041 -0.000031 -0.000002 -0.027934 -0.009848 1.643013
    41 1.368763 -0.000031 -0.000017 -0.121957 0.101813 -1.063948
    42 2.107422 1.210938 -0.811523 1.583876 0.588896 0.201389
    43 1.617188 -0.084045 -0.171265 -0.003886 -0.072947 0.120807
    44 1.590820 -0.071716 0.012482 0.038036 0.074387 -0.271149
    45 5.511806 -0.000002 0.000006 -1.019446 0.000005 0.000007
    46 0.196850 0.000003 -0.000002 -0.348225 0.000015 -0.000002
    47 0.000000 1.996155 0.000000 0.000587 0.000036 -1.570814
    48 0.004687 -15.623142 -4.083161 -0.006432 -0.003267 1.575443
    49 3.332491 -0.003284 -0.934897 0.000000 0.000000 0.000000
    50 0.381264 0.001021 0.888928 0.000000 0.000000 0.000000
    51 9.572872 1.446741 -4.365668 0.569552 1.156004 2.164662
    52 -2.763442 -2.886124 -0.931970 -2.911537 1.182270 -2.084704
    53 1.813139 0.139032 -0.745562 0.000000 0.000000 0.000000
    54 0.381264 0.803034 0.617693 -3.023270 0.000000 0.000000
    55 6.501173 0.256559 2.048409 0.000000 0.000000 0.000000
    56 0.050734 -0.015066 -0.906442 0.000000 0.000000 0.000000
    57 0.026926 -0.174474 1.260252 0.000000 0.000000 0.000000
    58 0.000000 0.345213 0.242352 0.000000 0.000000 0.000000
  time 28
    0 -0.000001 9.445313 -27.500000 0.000000 0.000000 -0.000001
    1 -0.000002 0.000000 0.000000 1.570743 -1.567137 -1.570743
    2 4.255468 -0.335183 -0.000002 0.000000 0.000000 -0.124848
    3 7.431248 1.496477 0.000002 0.000000 0.000000 0.245450
    4 5.278479 0.165541 0.000001 0.000000 0.000000 0.048511
    5 2.854380 -6.599242 1.309284 1.975864 1.159909 -1.298786
    6 -6.214482 -0.000007 -0.000027 3.336506 -0.756891 1.498967
    7 11.944882 0.000000 0.000001 -0.315388 -0.337531 1.841844
    8 10.620181 0.000002 0.000000 0.888870 0.397715 2.118897
    9 -4.751106 -0.694494 0.830577 0.158601 -0.097860 -0.042117
    10 -1.688068 0.000046 -0.000032 0.017344 -0.017702 0.663661
    11 -1.336140 0.000057 -0.000012 0.026393 -0.000544 0.574360
    12 -4.820494 -0.509460 -0.224759 -0.570999 -0.105502 1.450020
    13 -1.826992 -0.000064 0.000006 0.006567 0.039974 1.436945
    14 -1.436573 0.000006 0.000002 -0.027803 -0.072691 0.273305
    15 -3.992355 -0.891188 -1.827909 -0.633029 0.345677 1.729988
    16 -1.405918 -0.000025 -0.000003 -0.002971 -0.029380 0.976527
    17 -1.175358 0.000128 -0.000020 0.013926 0.066539 0.109973
    18 -4.526751 -0.690575 -1.120744 -0.604095 0.115941 1.646758
    19 -1.744038 0.000033 -0.000008 -0.023781 -0.017656 1.343242
    20 -1.368771 0.000025 0.000002 -0.239312 0.018433 -0.003581
    21 -1.874800 -0.935125 0.999174 2.067205 0.441574 0.749805
    22 -1.523453 0.000032 0.000031 0.074265 0.233956 0.563732
    23 -1.599285 0.000004 0.000016 0.029772 -0.030974 0.785151
    24 5.582130 0.113292 0.292977 1.947506 -0.067397 3.121215
    25 0.196847 -0.000001 0.000003 2.793407 0.000006 -3.141577
    26 -2.790323 -17.162064 -7.918862 1.975862 1.159909 1.842803
    27 6.214485 0.000006 0.000020 -0.282228 0.131805 -2.177692
    28 11.944885 -0.000029 -0.000194 -1.042234 -0.327331 -1.200331
    29 10.620166 0.000002 0.000010 -3.150584 -0.548867 1.065034
    30 4.751156 0.694376 -0.830473 0.189383 -0.487308 0.129678
    31 1.688065 -0.000026 0.000002 0.013092 -0.021033 0.882493
    32 1.336151 -0.000051 -0.000009 -0.007070 -0.038117 0.554832
    33 4.820513 0.509340 0.224865 -0.139047 -0.590596 0.613146
    34 1.826996 0.000066 0.000008 0.000507 0.040525 1.286319
    35 1.436577 -0.000010 0.000007 0.010213 -0.011246 0.103836
    36 3.992353 0.891087 1.827994 -0.523945 -0.460102 0.914512
    37 1.405918 0.000021 -0.000007 -0.017410 -0.023857 1.506112
    38 1.175369 -0.000131 0.000002 -0.074946 0.097993 -0.699688
    39 4.526756 0.690460 1.120842 -0.404195 -0.511930 0.927742
    40 1.744041 -0.000031 -0.000002 -0.027934 -0.009848 1.643013
    41 1.368763 -0.000031 -0.000017 -0.121957 0.101813 -1.063948
    42 2.107422 1.210938 -0.811523 1.583876 0.588896 0.201389
    43 1.617188 -0.084045 -0.171265 -0.003886 -0.072947 0.120807
    44 1.590820 -0.071716 0.012482 0.038036 0.074387 -0.271149
    45 5.511806 -0.000002 0.000006 -1.019446 0.000005 0.000007
    46 0.196850 0.000003 -0.000002 -0.348225 0.000015 -0.000002
    47 0.000000 1.996155 0.000000 0.000276 0.000012 -1.570814
    48 -0.018751 -15.595798 -4.106599 -0.003476 -0.000961 1.572128
    49 3.332491 -0.003284 -0.934897 0.000000 0.000000 0.000000
    50 0.381264 0.001021 0.888928 0.000000 0.000000 0.000000
    51 9.572872 1.446741 -4.365668 0.569552 1.156004 2.164662
    52 -2.763442 -2.886124 -0.931970 -2.911537 1.182270 -2.084704
    53 1.813139 0.139032 -0.745562 0.000000 0.000000 0.000000
    54 0.381264 0.803034 0.617693 -3.023270 0.000000 0.000000
    55 6.501173 0.256559 2.048409 0.000000 0.000000 0.000000
    56 0.050734 -0.015066 -0.906442 0.000000 0.000000 0.000000
    57 0.026926 -0.174474 1.260252 0.000000 0.000000 0.000000
    58 0.000000 0.345213 0.242352 0.000000 0.000000 0.000000
  time 29
    0 -0.000001 9.445313 -27.500000 0.000000 0.000000 -0.000001
    1 -0.000002 0.000000 0.000000 1.570743 -1.567137 -1.570743
    2 4.255468 -0.335183 -0.000002 0.000000 0.000000 -0.124848
    3 7.431248 1.496477 0.000002 0.000000 0.000000 0.245450
    4 5.278479 0.165541 0.000001 0.000000 0.000000 0.048511
    5 2.854380 -6.599242 1.309284 1.975864 1.159909 -1.298786
    6 -6.214482 -0.000007 -0.000027 3.333774 -0.758548 1.501583
    7 11.944882 0.000000 0.000001 -0.316105 -0.337340 1.844024
    8 10.620181 0.000002 0.000000 0.891276 0.399791 2.119553
    9 -4.751106 -0.694494 0.830577 0.158601 -0.097860 -0.042117
    10 -1.688068 0.000046 -0.000032 0.017344 -0.017702 0.663661
    11 -1.336140 0.000057 -0.000012 0.026393 -0.000544 0.574360
    12 -4.820494 -0.509460 -0.224759 -0.570999 -0.105502 1.450020
    13 -1.826992 -0.000064 0.000006 0.006567 0.039974 1.436945
    14 -1.436573 0.000006 0.000002 -0.027803 -0.072691 0.273305
    15 -3.992355 -0.891188 -1.827909 -0.633029 0.345677 1.729988
    16 -1.405918 -0.000025 -0.000003 -0.002971 -0.029380 0.976527
    17 -1.175358 0.000128 -0.000020 0.013926 0.066539 0.109973
    18 -4.526751 -0.690575 -1.120744 -0.604095 0.115941 1.646758
    19 -1.744038 0.000033 -0.000008 -0.023781 -0.017656 1.343242
    20 -1.368771 0.000025 0.000002 -0.239312 0.018433 -0.003581
    21 -1.874800 -0.935125 0.999174 2.067205 0.441574 0.749805
    22 -1.523453 0.000032 0.000031 0.074265 0.233956 0.563732
    23 -1.599285 0.000004 0.000016 0.029772 -0.030974 0.785151
    24 5.582130 0.113292 0.292977 1.947506 -0.067397 3.121215
    25 0.196847 -0.000001 0.000003 2.793407 0.000006 -3.141577
    26 -2.790323 -17.162064 -7.918862 1.975862 1.159909 1.842803
    27 6.214485 0.000006 0.000020 -0.271609 0.128583 -2.174422
    28 11.944885 -0.000029 -0.000194 -1.041642 -0.327559 -1.202176
    29 10.620166 0.000002 0.000010 -3.160941 -0.544227 1.061885
    30 4.751156 0.694376 -0.830473 0.189383 -0.487308 0.129678
    31 1.688065 -0.000026 0.000002 0.013092 -0.021033 0.882493
    32 1.336151 -0.000051 -0.000009 -0.007070 -0.038117 0.554832
    33 4.820513 0.509340 0.224865 -0.139047 -0.590596 0.613146
    34 1.826996 0.000066 0.000008 0.000507 0.040525 1.286319
    35 1.436577 -0.000010 0.000007 0.010213 -0.011246 0.103836
    36 3.992353 0.891087 1.827994 -0.523945 -0.460102 0.914512
    37 1.405918 0.000021 -0.000007 -0.017410 -0.023857 1.506112
    38 1.175369 -0.000131 0.000002 -0.074946 0.097993 -0.699688
    39 4.526756 0.690460 1.120842 -0.404195 -0.511930 0.927742
    40 1.744041 -0.000031 -0.000002 -0.027934 -0.009848 1.643013
    41 1.368763 -0.000031 -0.000017 -0.121957 0.101813 -1.063948
    42 2.107422 1.210938 -0.811523 1.583876 0.588896 0.201389
    43 1.617188 -0.084045 -0.171265 -0.003886 -0.072947 0.120807
    44 1.590820 -0.071716 0.012482 0.038036 0.074387 -0.271149
    45 5.511806 -0.000002 0.000006 -1.019446 0.000005 0.000007
    46 0.196850 0.000003 -0.000002 -0.348225 0.000015 -0.000002
    47 0.000000 1.996155 0.000000 0.000072 0.000000 -1.570814
    48 -0.030470 -15.576266 -4.126131 -0.000986 -0.000115 1.570897
    49 3.332491 -0.003284 -0.934897 0.000000 0.000000 0.000000
    50 0.381264 0.001021 0.888928 0.000000 0.000000 0.000000
    51 9.572872 1.446741 -4.365668 0.569552 1.156004 2.164662
    52 -2.763442 -2.886124 -0.931970 -2.911537 1.182270 -2.084704
    53 1.813139 0.139032 -0.745562 0.000000 0.000000 0.000000
    54 0.381264 0.803034 0.617693 -3.023270 0.000000 0.000000
    55 6.501173 0.256559 2.048409 0.000000 0.000000 0.000000
    56 0.050734 -0.015066 -0.906442 0.000000 0.000000 0.000000
    57 0.026926 -0.174474 1.260252 0.000000 0.000000 0.000000
    58 0.000000 0.345213 0.242352 0.000000 0.000000 0.000000
  time 30
    0 -0.000001 9.445313 -27.500000 0.000000 0.000000 -0.000001
    1 -0.000002 0.000000 0.000000 1.570743 -1.567137 -1.570743
    2 4.255468 -0.335183 -0.000002 0.000000 0.000000 -0.124848
    3 7.431248 1.496477 0.000002 0.000000 0.000000 0.245450
    4 5.278479 0.165541 0.000001 0.000000 0.000000 0.048511
    5 2.851563 -6.601563 1.305664 1.975864 1.159909 -1.298786
    6 -6.214482 -0.000007 -0.000027 -2.950395 -0.759189 1.502583
    7 11.944882 0.000000 0.000001 -0.316451 -0.337261 1.845074
    8 10.620181 0.000002 0.000000 0.892282 0.400110 2.119669
    9 -4.751106 -0.694494 0.830577 0.158601 -0.097860 -0.042117
    10 -1.688068 0.000046 -0.000032 0.017336 -0.017701 0.663687
    11 -1.336140 0.000057 -0.000012 0.026392 -0.000545 0.574362
    12 -4.820494 -0.509460 -0.224759 -0.571001 -0.105504 1.450021
    13 -1.826992 -0.000064 0.000006 0.006579 0.039984 1.436963
    14 -1.436573 0.000006 0.000002 -0.027803 -0.072691 0.273305
    15 -3.992355 -0.891188 -1.827909 -0.633029 0.345677 1.729988
    16 -1.405918 -0.000025 -0.000003 -0.002971 -0.029380 0.976527
    17 -1.175358 0.000128 -0.000020 0.013934 0.066537 0.109985
    18 -4.526751 -0.690575 -1.120744 -0.604096 0.115940 1.646759
    19 -1.744038 0.000033 -0.000008 -0.023781 -0.017656 1.343242
    20 -1.368771 0.000025 0.000002 -0.239317 0.018432 -0.003573
    21 -1.874800 -0.935125 0.999174 2.067204 0.441573 0.749806
    22 -1.523453 0.000032 0.000031 0.074265 0.233956 0.563732
    23 -1.599285 0.000004 0.000016 0.029772 -0.030974 0.785151
    24 5.582031 0.115723 0.294922 1.947477 -0.067517 3.121295
    25 0.196847 -0.000001 0.000003 2.793407 0.000006 -3.141577
    26 -2.791016 -17.156250 -7.917969 1.975862 1.159909 1.842803
    27 6.214485 0.000006 0.000020 -0.268110 0.127744 -2.173138
    28 11.944885 -0.000029 -0.000194 -1.041227 -0.327711 -1.203507
    29 10.620166 0.000002 0.000010 3.118233 -0.543036 1.061231
    30 4.751156 0.694376 -0.830473 0.189383 -0.487308 0.129678
    31 1.688065 -0.000026 0.000002 0.013084 -0.021043 0.882505
    32 1.336151 -0.000051 -0.000009 -0.007081 -0.038116 0.554862
    33 4.820513 0.509340 0.224865 -0.139047 -0.590609 0.613154
    34 1.826996 0.000066 0.000008 0.000507 0.040525 1.286319
    35 1.436577 -0.000010 0.000007 0.010213 -0.011246 0.103836
    36 3.992353 0.891087 1.827994 -0.523945 -0.460102 0.914512
    37 1.405918 0.000021 -0.000007 -0.017410 -0.023857 1.506112
    38 1.175369 -0.000131 0.000002 -0.074956 0.097991 -0.699733
    39 4.526756 0.690460 1.120842 -0.404193 -0.511931 0.927741
    40 1.744041 -0.000031 -0.000002 -0.027934 -0.009848 1.643013
    41 1.368763 -0.000031 -0.000017 -0.121957 0.101813 -1.063948
    42 2.107422 1.210938 -0.811523 1.583876 0.588895 0.201391
    43 1.617188 -0.084045 -0.171265 -0.003886 -0.072947 0.120807
    44 1.590820 -0.071716 0.012482 0.038036 0.074387 -0.271149
    45 5.511806 -0.000002 0.000006 -1.019455 0.000004 0.000007
    46 0.196850 0.000003 -0.000002 -0.348225 0.000015 -0.000002
    47 0.000000 1.999023 0.000000 0.000000 0.000000 -1.570796
    48 -0.027924 -15.570313 -4.132813 0.000000 -0.000008 -4.710436
    49 3.332491 -0.003284 -0.934897 0.000000 0.000000 0.000000
    50 0.381264 0.001021 0.888928 0.000000 0.000000 0.000000
    51 9.562500 1.444336 -4.363281 0.569577 1.156037 2.164700
    52 -2.763672 -2.882813 -0.931152 -2.911576 1.182301 -2.084725
    53 1.813139 0.139032 -0.745562 0.000000 0.000000 0.000000
    54 0.381264 0.803034 0.617693 -3.023270 0.000000 0.000000
    55 6.501173 0.256559 2.048409 0.000000 0.000000 0.000000
    56 0.050734 -0.015066 -0.906442 0.000000 0.000000 0.000000
    57 0.026926 -0.174474 1.260252 0.000000 0.000000 0.000000
    58 0.000000 0.345213 0.242352 0.000000 0.000000 0.000000
end
