version 1
nodes
0 "root" -1
1 "pelvis" 0
2 "spine_01" 1
3 "spine_02" 2
4 "spine_03" 3
5 "clavicle_r" 4
6 "upperarm_r" 5
7 "lowerarm_r" 6
8 "hand_r" 7
9 "index_01_r" 8
10 "index_02_r" 9
11 "index_03_r" 10
12 "middle_01_r" 8
13 "middle_02_r" 12
14 "middle_03_r" 13
15 "pinky_01_r" 8
16 "pinky_02_r" 15
17 "pinky_03_r" 16
18 "ring_01_r" 8
19 "ring_02_r" 18
20 "ring_03_r" 19
21 "thumb_01_r" 8
22 "thumb_02_r" 21
23 "thumb_03_r" 22
24 "lowerarm_twist_01_r" 7
25 "upperarm_twist_01_r" 6
26 "clavicle_l" 4
27 "upperarm_l" 26
28 "lowerarm_l" 27
29 "hand_l" 28
30 "index_01_l" 29
31 "index_02_l" 30
32 "index_03_l" 31
33 "middle_01_l" 29
34 "middle_02_l" 33
35 "middle_03_l" 34
36 "pinky_01_l" 29
37 "pinky_02_l" 36
38 "pinky_03_l" 37
39 "ring_01_l" 29
40 "ring_02_l" 39
41 "ring_03_l" 40
42 "thumb_01_l" 29
43 "thumb_02_l" 42
44 "thumb_03_l" 43
45 "lowerarm_twist_01_l" 28
46 "upperarm_twist_01_l" 27
47 "cam_driver" -1
48 "BaseRoot" -1
49 "Base" 48
50 "rhand_ikTarget" 49
51 "Pin" 49
52 "Ring" 51
53 "lhand_ikTarget" 49
end
skeleton
time 0
0 -0.00000100 7.45008900 -27.50902600 0.00000000 0.00000000 0.00003100
1 -0.00000200 0.00000000 0.00000000 1.57074300 -1.56713700 -1.57074300
2 4.25546800 -0.33518300 -0.00000200 0.00000000 0.00000000 -0.12484800
3 7.43124800 1.49647700 0.00000200 0.00000000 0.00000000 0.24545000
4 5.27847900 0.16554100 0.00000100 0.00000000 0.00000000 0.04851100
5 2.63886500 -13.19337700 1.00679000 2.12269900 1.26566500 -1.14230500
6 -6.21448200 -0.00000700 -0.00002700 2.99018400 -1.08743900 2.02474500
7 11.94488200 0.00000000 0.00000100 -1.68097900 -0.44659000 1.55963400
8 10.62018100 0.00000200 0.00000000 -0.13965900 0.71963600 2.69708700
9 -4.75110600 -0.69449400 0.83057700 0.00028100 -0.16938500 0.33403800
10 -1.68806800 0.00004600 -0.00003200 0.00631400 -0.02389200 1.18264900
11 -1.33614000 0.00005700 -0.00001200 0.02637800 0.00063800 0.52890100
12 -4.82049400 -0.50946000 -0.22475900 -0.24351800 -0.14426100 0.82030500
13 -1.82699200 -0.00006400 0.00000600 0.00911100 0.03941700 1.49994600
14 -1.43657300 0.00000600 0.00000200 0.05259500 -0.05734700 -0.83594400
15 -3.99235500 -0.89118800 -1.82790900 -0.38697900 0.18514600 1.26743400
16 -1.40591800 -0.00002500 -0.00000300 -0.00622200 -0.02882100 1.08722300
17 -1.17535800 0.00012800 -0.00002000 -0.03636700 0.05734700 -0.66304300
18 -4.52675100 -0.69057500 -1.12074400 -0.20786400 0.08020500 1.04110200
19 -1.74403800 0.00003300 -0.00000800 -0.02361300 -0.01776000 1.33785000
20 -1.36877100 0.00002500 0.00000200 -0.02529200 0.04599800 -0.60797500
21 -1.87480000 -0.93512500 0.99917400 2.73721800 0.58247900 0.69523300
22 -1.54243500 0.03903600 0.17887100 -0.56361300 0.01980100 0.16334400
23 -1.59928500 0.00000400 0.00001600 0.05950500 0.03321900 -0.33057100
24 5.51181500 0.00000800 -0.00000100 1.90386392 0.00026729 3.14138973
25 0.19684700 -0.00000100 0.00000300 2.79340698 -0.00031616 -3.14150943
26 2.82592000 -12.20577300 -2.78509900 1.97586200 1.15990900 1.84280300
27 6.21448500 0.00000600 0.00002000 -0.65235700 0.98943400 -1.78419100
28 11.94488500 -0.00002900 -0.00019400 -0.35356700 -0.34909700 -1.61173600
29 10.62016600 0.00000200 0.00001000 -1.64415100 0.03639500 -0.43888200
30 4.75115600 0.69437600 -0.83047300 0.20299500 0.08083800 0.60824900
31 1.68806500 -0.00002600 0.00000200 -0.00039700 -0.02472600 1.45469900
32 1.33615100 -0.00005100 -0.00000900 0.03211100 -0.02159500 -0.60809400
33 4.82051300 0.50934000 0.22486500 -0.00856500 -0.02581600 0.80590600
34 1.82699600 0.00006600 0.00000800 -0.02704000 0.03008700 0.54162100
35 1.43657700 -0.00001000 0.00000700 0.00034600 -0.01510000 0.81494400
36 3.99235300 0.89108700 1.82799400 -0.59705700 -0.08663300 1.07907000
37 1.40591800 0.00002100 -0.00000700 0.00773100 -0.02839800 0.60867400
38 1.17536900 -0.00013100 0.00000200 0.07777500 0.09569900 0.63953200
39 4.52675600 0.69046000 1.12084200 -0.32698600 -0.07846000 0.97354900
40 1.74404100 -0.00003100 -0.00000200 -0.00983100 -0.02786000 0.74857100
41 1.36876300 -0.00003100 -0.00001700 0.12047900 0.10340200 0.67954500
42 1.87485500 0.93508100 -0.99913000 1.65829700 0.62943900 0.47059700
43 1.52344900 -0.00003400 -0.00000300 -0.04681000 0.17065600 0.16702000
44 1.59928100 -0.00000200 0.00000900 0.07497000 -0.03671300 1.28091000
45 5.51180600 -0.00000200 0.00000600 -0.23579700 0.00000500 0.00000700
46 0.19685000 0.00000300 -0.00000200 -0.34822500 0.00001500 -0.00000200
47 0.00000000 0.00000000 0.00000000 0.00000000 0.00000000 -1.57079600
48 -4.33264300 33.56495300 -4.02389200 0.00000000 0.00000000 -3.14156200
49 -5.50628200 49.41425300 -3.23374000 0.22679300 0.07135200 -1.21934000
50 1.83146400 2.54520700 -8.09276300 1.18434200 0.49215400 2.51044500
51 1.00001700 -0.23261300 2.80764800 0.00000000 0.00000000 0.00000000
52 -0.00505400 -0.00848500 0.39764100 -0.08095000 0.00921600 1.61879700
53 -0.80051200 -3.65257900 -1.98334900 2.44542600 -0.08843800 -2.57804300
time 1
0 -0.00000100 7.45008900 -27.50902600 0.00000000 0.00000000 0.00003100
1 -0.00000200 0.00000000 0.00000000 1.57074300 -1.56713700 -1.57074300
2 4.25546800 -0.33518300 -0.00000200 0.00000000 0.00000000 -0.12484800
3 7.43124800 1.49647700 0.00000200 0.00000000 0.00000000 0.24545000
4 5.27847900 0.16554100 0.00000100 0.00000000 0.00000000 0.04851100
5 2.63886500 -13.19337700 1.00679000 2.12269900 1.26566500 -1.14230500
6 -6.21448200 -0.00000700 -0.00002700 2.99202374 -1.09028021 2.01828618
7 11.94488200 0.00000000 0.00000100 -1.67961191 -0.44902059 1.55640311
8 10.62018100 0.00000200 0.00000000 -0.14766985 0.72032082 2.69065375
9 -4.75110600 -0.69449400 0.83057700 0.00028100 -0.16938500 0.33403800
10 -1.68806800 0.00004600 -0.00003200 0.00631400 -0.02389200 1.18264900
11 -1.33614000 0.00005700 -0.00001200 0.02637800 0.00063800 0.52890100
12 -4.82049400 -0.50946000 -0.22475900 -0.24351800 -0.14426100 0.82030500
13 -1.82699200 -0.00006400 0.00000600 0.00911100 0.03941700 1.49994600
14 -1.43657300 0.00000600 0.00000200 0.05259500 -0.05734700 -0.83594400
15 -3.99235500 -0.89118800 -1.82790900 -0.38697900 0.18514600 1.26743400
16 -1.40591800 -0.00002500 -0.00000300 -0.00622200 -0.02882100 1.08722300
17 -1.17535800 0.00012800 -0.00002000 -0.03636700 0.05734700 -0.66304300
18 -4.52675100 -0.69057500 -1.12074400 -0.20786400 0.08020500 1.04110200
19 -1.74403800 0.00003300 -0.00000800 -0.02361300 -0.01776000 1.33785000
20 -1.36877100 0.00002500 0.00000200 -0.02529200 0.04599800 -0.60797500
21 -1.87480000 -0.93512500 0.99917400 2.73721800 0.58247900 0.69523300
22 -1.54243500 0.03903600 0.17887100 -0.56361300 0.01980100 0.16334400
23 -1.59928500 0.00000400 0.00001600 0.05950500 0.03321900 -0.33057100
24 5.51181500 0.00000800 -0.00000100 1.90386392 0.00026729 3.14138973
25 0.19684700 -0.00000100 0.00000300 2.79340698 -0.00031616 -3.14150943
26 2.82592000 -12.20577300 -2.78509900 1.97586200 1.15990900 1.84280300
27 6.21448500 0.00000600 0.00002000 -0.65273588 0.98848924 -1.78254389
28 11.94488500 -0.00002900 -0.00019400 -0.35210993 -0.34782278 -1.61594079
29 10.62016600 0.00000200 0.00001000 -1.63847746 0.03764122 -0.42899436
30 4.75115600 0.69437600 -0.83047300 0.20299500 0.08083800 0.60824900
31 1.68806500 -0.00002600 0.00000200 -0.00039700 -0.02472600 1.45469900
32 1.33615100 -0.00005100 -0.00000900 0.03211100 -0.02159500 -0.60809400
33 4.82051300 0.50934000 0.22486500 -0.00856500 -0.02581600 0.80590600
34 1.82699600 0.00006600 0.00000800 -0.02704000 0.03008700 0.54162100
35 1.43657700 -0.00001000 0.00000700 0.00034600 -0.01510000 0.81494400
36 3.99235300 0.89108700 1.82799400 -0.59705700 -0.08663300 1.07907000
37 1.40591800 0.00002100 -0.00000700 0.00773100 -0.02839800 0.60867400
38 1.17536900 -0.00013100 0.00000200 0.07777500 0.09569900 0.63953200
39 4.52675600 0.69046000 1.12084200 -0.32698600 -0.07846000 0.97354900
40 1.74404100 -0.00003100 -0.00000200 -0.00983100 -0.02786000 0.74857100
41 1.36876300 -0.00003100 -0.00001700 0.12047900 0.10340200 0.67954500
42 1.87485500 0.93508100 -0.99913000 1.65829700 0.62943900 0.47059700
43 1.52344900 -0.00003400 -0.00000300 -0.04681000 0.17065600 0.16702000
44 1.59928100 -0.00000200 0.00000900 0.07497000 -0.03671300 1.28091000
45 5.51180600 -0.00000200 0.00000600 -0.23579700 0.00000500 0.00000700
46 0.19685000 0.00000300 -0.00000200 -0.34822500 0.00001500 -0.00000200
47 0.00000000 0.00000000 0.00000000 0.00000000 0.00000000 -1.57079600
48 -4.33264300 33.56495300 -4.02389200 0.00000000 0.00000000 -3.14156200
49 -5.50806192 49.41425300 -3.21954172 0.21860051 0.07173646 -1.21615564
50 1.83146400 2.54520700 -8.09276300 1.18434200 0.49215400 2.51044500
51 1.00001700 -0.23261300 2.80764800 0.00000000 0.00000000 0.00000000
52 -0.00505400 -0.00848500 0.39764100 -0.06843545 0.00519430 1.61800080
53 -0.80051200 -3.65257900 -1.98334900 2.44542600 -0.08843800 -2.57804300
time 2
0 -0.00000100 7.45008900 -27.50902600 0.00000000 0.00000000 0.00003100
1 -0.00000200 0.00000000 0.00000000 1.57074300 -1.56713700 -1.57074300
2 4.25546800 -0.33518300 -0.00000200 0.00000000 0.00000000 -0.12484800
3 7.43124800 1.49647700 0.00000200 0.00000000 0.00000000 0.24545000
4 5.27847900 0.16554100 0.00000100 0.00000000 0.00000000 0.04851100
5 2.63886500 -13.19337700 1.00679000 2.12269900 1.26566500 -1.14230500
6 -6.21448200 -0.00000700 -0.00002700 2.99402881 -1.09270694 2.01206851
7 11.94488200 0.00000000 0.00000100 -1.67857072 -0.45121969 1.55404234
8 10.62018100 0.00000200 0.00000000 -0.15470605 0.72019012 2.68532224
9 -4.75110600 -0.69449400 0.83057700 0.00028100 -0.16938500 0.33403800
10 -1.68806800 0.00004600 -0.00003200 0.00631400 -0.02389200 1.18264900
11 -1.33614000 0.00005700 -0.00001200 0.02637800 0.00063800 0.52890100
12 -4.82049400 -0.50946000 -0.22475900 -0.24351800 -0.14426100 0.82030500
13 -1.82699200 -0.00006400 0.00000600 0.00911100 0.03941700 1.49994600
14 -1.43657300 0.00000600 0.00000200 0.05259500 -0.05734700 -0.83594400
15 -3.99235500 -0.89118800 -1.82790900 -0.38697900 0.18514600 1.26743400
16 -1.40591800 -0.00002500 -0.00000300 -0.00622200 -0.02882100 1.08722300
17 -1.17535800 0.00012800 -0.00002000 -0.03636700 0.05734700 -0.66304300
18 -4.52675100 -0.69057500 -1.12074400 -0.20786400 0.08020500 1.04110200
19 -1.74403800 0.00003300 -0.00000800 -0.02361300 -0.01776000 1.33785000
20 -1.36877100 0.00002500 0.00000200 -0.02529200 0.04599800 -0.60797500
21 -1.87480000 -0.93512500 0.99917400 2.73721800 0.58247900 0.69523300
22 -1.54243500 0.03903600 0.17887100 -0.56361300 0.01980100 0.16334400
23 -1.59928500 0.00000400 0.00001600 0.05950500 0.03321900 -0.33057100
24 5.51181500 0.00000800 -0.00000100 1.90386392 0.00026729 3.14138973
25 0.19684700 -0.00000100 0.00000300 2.79340698 -0.00031616 -3.14150943
26 2.82592000 -12.20577300 -2.78509900 1.97586200 1.15990900 1.84280300
27 6.21448500 0.00000600 0.00002000 -0.65316582 0.98744611 -1.78091019
28 11.94488500 -0.00002900 -0.00019400 -0.35074567 -0.34662602 -1.61998842
29 10.62016600 0.00000200 0.00001000 -1.63326642 0.03843713 -0.41926301
30 4.75115600 0.69437600 -0.83047300 0.20299500 0.08083800 0.60824900
31 1.68806500 -0.00002600 0.00000200 -0.00039700 -0.02472600 1.45469900
32 1.33615100 -0.00005100 -0.00000900 0.03211100 -0.02159500 -0.60809400
33 4.82051300 0.50934000 0.22486500 -0.00856500 -0.02581600 0.80590600
34 1.82699600 0.00006600 0.00000800 -0.02704000 0.03008700 0.54162100
35 1.43657700 -0.00001000 0.00000700 0.00034600 -0.01510000 0.81494400
36 3.99235300 0.89108700 1.82799400 -0.59705700 -0.08663300 1.07907000
37 1.40591800 0.00002100 -0.00000700 0.00773100 -0.02839800 0.60867400
38 1.17536900 -0.00013100 0.00000200 0.07777500 0.09569900 0.63953200
39 4.52675600 0.69046000 1.12084200 -0.32698600 -0.07846000 0.97354900
40 1.74404100 -0.00003100 -0.00000200 -0.00983100 -0.02786000 0.74857100
41 1.36876300 -0.00003100 -0.00001700 0.12047900 0.10340200 0.67954500
42 1.87485500 0.93508100 -0.99913000 1.65829700 0.62943900 0.47059700
43 1.52344900 -0.00003400 -0.00000300 -0.04681000 0.17065600 0.16702000
44 1.59928100 -0.00000200 0.00000900 0.07497000 -0.03671300 1.28091000
45 5.51180600 -0.00000200 0.00000600 -0.23579700 0.00000500 0.00000700
46 0.19685000 0.00000300 -0.00000200 -0.34822500 0.00001500 -0.00000200
47 0.00000000 0.00000000 0.00000000 0.00000000 0.00000000 -1.57079600
48 -4.33264300 33.56495300 -4.02389200 0.00000000 0.00000000 -3.14156200
49 -5.51107828 49.41425300 -3.20015170 0.21109306 0.07183170 -1.21312267
50 1.83146400 2.54520700 -8.09276300 1.18434200 0.49215400 2.51044500
51 1.00001700 -0.23261300 2.80764800 0.00000000 0.00000000 0.00000000
52 -0.00505400 -0.00848500 0.39764100 -0.05495282 -0.00111899 1.61635447
53 -0.80051200 -3.65257900 -1.98334900 2.44542600 -0.08843800 -2.57804300
time 3
0 -0.00000100 7.45008900 -27.50902600 0.00000000 0.00000000 0.00003100
1 -0.00000200 0.00000000 0.00000000 1.57074300 -1.56713700 -1.57074300
2 4.25546800 -0.33518300 -0.00000200 0.00000000 0.00000000 -0.12484800
3 7.43124800 1.49647700 0.00000200 0.00000000 0.00000000 0.24545000
4 5.27847900 0.16554100 0.00000100 0.00000000 0.00000000 0.04851100
5 2.63886500 -13.19337700 1.00679000 2.12269900 1.26566500 -1.14230500
6 -6.21448200 -0.00000700 -0.00002700 2.99761295 -1.09381509 2.00552352
7 11.94488200 0.00000000 0.00000100 -1.67876562 -0.45279501 1.55447779
8 10.62018100 0.00000200 0.00000000 -0.15839085 0.71740960 2.68341452
9 -4.75110600 -0.69449400 0.83057700 0.00028100 -0.16938500 0.33403800
10 -1.68806800 0.00004600 -0.00003200 0.00631400 -0.02389200 1.18264900
11 -1.33614000 0.00005700 -0.00001200 0.02637800 0.00063800 0.52890100
12 -4.82049400 -0.50946000 -0.22475900 -0.24351800 -0.14426100 0.82030500
13 -1.82699200 -0.00006400 0.00000600 0.00911100 0.03941700 1.49994600
14 -1.43657300 0.00000600 0.00000200 0.05259500 -0.05734700 -0.83594400
15 -3.99235500 -0.89118800 -1.82790900 -0.38697900 0.18514600 1.26743400
16 -1.40591800 -0.00002500 -0.00000300 -0.00622200 -0.02882100 1.08722300
17 -1.17535800 0.00012800 -0.00002000 -0.03636700 0.05734700 -0.66304300
18 -4.52675100 -0.69057500 -1.12074400 -0.20786400 0.08020500 1.04110200
19 -1.74403800 0.00003300 -0.00000800 -0.02361300 -0.01776000 1.33785000
20 -1.36877100 0.00002500 0.00000200 -0.02529200 0.04599800 -0.60797500
21 -1.87480000 -0.93512500 0.99917400 2.73721800 0.58247900 0.69523300
22 -1.54243500 0.03903600 0.17887100 -0.56361300 0.01980100 0.16334400
23 -1.59928500 0.00000400 0.00001600 0.05950500 0.03321900 -0.33057100
24 5.51181500 0.00000800 -0.00000100 1.90386392 0.00026729 3.14138973
25 0.19684700 -0.00000100 0.00000300 2.79340698 -0.00031616 -3.14150943
26 2.82592000 -12.20577300 -2.78509900 1.97586200 1.15990900 1.84280300
27 6.21448500 0.00000600 0.00002000 -0.65487001 0.98511639 -1.78070988
28 11.94488500 -0.00002900 -0.00019400 -0.34935317 -0.34566456 -1.62412699
29 10.62016600 0.00000200 0.00001000 -1.62961837 0.03803301 -0.40981330
30 4.75115600 0.69437600 -0.83047300 0.20299500 0.08083800 0.60824900
31 1.68806500 -0.00002600 0.00000200 -0.00039700 -0.02472600 1.45469900
32 1.33615100 -0.00005100 -0.00000900 0.03211100 -0.02159500 -0.60809400
33 4.82051300 0.50934000 0.22486500 -0.00856500 -0.02581600 0.80590600
34 1.82699600 0.00006600 0.00000800 -0.02704000 0.03008700 0.54162100
35 1.43657700 -0.00001000 0.00000700 0.00034600 -0.01510000 0.81494400
36 3.99235300 0.89108700 1.82799400 -0.59705700 -0.08663300 1.07907000
37 1.40591800 0.00002100 -0.00000700 0.00773100 -0.02839800 0.60867400
38 1.17536900 -0.00013100 0.00000200 0.07777500 0.09569900 0.63953200
39 4.52675600 0.69046000 1.12084200 -0.32698600 -0.07846000 0.97354900
40 1.74404100 -0.00003100 -0.00000200 -0.00983100 -0.02786000 0.74857100
41 1.36876300 -0.00003100 -0.00001700 0.12047900 0.10340200 0.67954500
42 1.87485500 0.93508100 -0.99913000 1.65829700 0.62943900 0.47059700
43 1.52344900 -0.00003400 -0.00000300 -0.04681000 0.17065600 0.16702000
44 1.59928100 -0.00000200 0.00000900 0.07497000 -0.03671300 1.28091000
45 5.51180600 -0.00000200 0.00000600 -0.23579700 0.00000500 0.00000700
46 0.19685000 0.00000300 -0.00000200 -0.34822500 0.00001500 -0.00000200
47 0.00000000 0.00000000 0.00000000 0.00000000 0.00000000 -1.57079600
48 -4.33264300 33.56495300 -4.02389200 0.00000000 0.00000000 -3.14156200
49 -5.51965860 49.41425300 -3.15249434 0.20587647 0.07180528 -1.21061084
50 1.83146400 2.54520700 -8.09276300 1.18434200 0.49215400 2.51044500
51 1.00001700 -0.23261300 2.80764800 0.00000000 0.00000000 0.00000000
52 -0.00505400 -0.00848500 0.39764100 -0.02927180 -0.01220235 1.61361581
53 -0.80051200 -3.65257900 -1.98334900 2.44542600 -0.08843800 -2.57804300
time 4
0 -0.00000100 7.45008900 -27.50902600 0.00000000 0.00000000 0.00003100
1 -0.00000200 0.00000000 0.00000000 1.57074300 -1.56713700 -1.57074300
2 4.25546800 -0.33518300 -0.00000200 0.00000000 0.00000000 -0.12484800
3 7.43124800 1.49647700 0.00000200 0.00000000 0.00000000 0.24545000
4 5.27847900 0.16554100 0.00000100 0.00000000 0.00000000 0.04851100
5 2.63886500 -13.19337700 1.00679000 2.12269900 1.26566500 -1.14230500
6 -6.21448200 -0.00000700 -0.00002700 3.00025875 -1.09409723 2.00157431
7 11.94488200 0.00000000 0.00000100 -1.67968087 -0.45361409 1.55657649
8 10.62018100 0.00000200 0.00000000 -0.15876288 0.71377729 2.68430267
9 -4.75110600 -0.69449400 0.83057700 0.00028100 -0.16938500 0.33403800
10 -1.68806800 0.00004600 -0.00003200 0.00631400 -0.02389200 1.18264900
11 -1.33614000 0.00005700 -0.00001200 0.02637800 0.00063800 0.52890100
12 -4.82049400 -0.50946000 -0.22475900 -0.24351800 -0.14426100 0.82030500
13 -1.82699200 -0.00006400 0.00000600 0.00911100 0.03941700 1.49994600
14 -1.43657300 0.00000600 0.00000200 0.05259500 -0.05734700 -0.83594400
15 -3.99235500 -0.89118800 -1.82790900 -0.38697900 0.18514600 1.26743400
16 -1.40591800 -0.00002500 -0.00000300 -0.00622200 -0.02882100 1.08722300
17 -1.17535800 0.00012800 -0.00002000 -0.03636700 0.05734700 -0.66304300
18 -4.52675100 -0.69057500 -1.12074400 -0.20786400 0.08020500 1.04110200
19 -1.74403800 0.00003300 -0.00000800 -0.02361300 -0.01776000 1.33785000
20 -1.36877100 0.00002500 0.00000200 -0.02529200 0.04599800 -0.60797500
21 -1.87480000 -0.93512500 0.99917400 2.73721800 0.58247900 0.69523300
22 -1.54243500 0.03903600 0.17887100 -0.56361300 0.01980100 0.16334400
23 -1.59928500 0.00000400 0.00001600 0.05950500 0.03321900 -0.33057100
24 5.51181500 0.00000800 -0.00000100 1.90386392 0.00026729 3.14138973
25 0.19684700 -0.00000100 0.00000300 2.79340698 -0.00031616 -3.14150943
26 2.82592000 -12.20577300 -2.78509900 1.97586200 1.15990900 1.84280300
27 6.21448500 0.00000600 0.00002000 -0.65617776 0.98313901 -1.78074494
28 11.94488500 -0.00002900 -0.00019400 -0.34838291 -0.34511378 -1.62702982
29 10.62016600 0.00000200 0.00001000 -1.62822471 0.03674764 -0.40353994
30 4.75115600 0.69437600 -0.83047300 0.20299500 0.08083800 0.60824900
31 1.68806500 -0.00002600 0.00000200 -0.00039700 -0.02472600 1.45469900
32 1.33615100 -0.00005100 -0.00000900 0.03211100 -0.02159500 -0.60809400
33 4.82051300 0.50934000 0.22486500 -0.00856500 -0.02581600 0.80590600
34 1.82699600 0.00006600 0.00000800 -0.02704000 0.03008700 0.54162100
35 1.43657700 -0.00001000 0.00000700 0.00034600 -0.01510000 0.81494400
36 3.99235300 0.89108700 1.82799400 -0.59705700 -0.08663300 1.07907000
37 1.40591800 0.00002100 -0.00000700 0.00773100 -0.02839800 0.60867400
38 1.17536900 -0.00013100 0.00000200 0.07777500 0.09569900 0.63953200
39 4.52675600 0.69046000 1.12084200 -0.32698600 -0.07846000 0.97354900
40 1.74404100 -0.00003100 -0.00000200 -0.00983100 -0.02786000 0.74857100
41 1.36876300 -0.00003100 -0.00001700 0.12047900 0.10340200 0.67954500
42 1.87485500 0.93508100 -0.99913000 1.65829700 0.62943900 0.47059700
43 1.52344900 -0.00003400 -0.00000300 -0.04681000 0.17065600 0.16702000
44 1.59928100 -0.00000200 0.00000900 0.07497000 -0.03671300 1.28091000
45 5.51180600 -0.00000200 0.00000600 -0.23579700 0.00000500 0.00000700
46 0.19685000 0.00000300 -0.00000200 -0.34822500 0.00001500 -0.00000200
47 0.00000000 0.00000000 0.00000000 0.00000000 0.00000000 -1.57079600
48 -4.33264300 33.56495300 -4.02389200 0.00000000 0.00000000 -3.14156200
49 -5.52940154 49.41425300 -3.10858482 0.20362035 0.07118497 -1.20919198
50 1.83146400 2.54520700 -8.09276300 1.18434200 0.49215400 2.51044500
51 1.00001700 -0.23261300 2.80764800 0.00000000 0.00000000 0.00000000
52 -0.00505400 -0.00848500 0.39764100 -0.00493078 -0.02452293 1.61037547
53 -0.80051200 -3.65257900 -1.98334900 2.44542600 -0.08843800 -2.57804300
time 5
0 -0.00000100 7.45008900 -27.50902600 0.00000000 0.00000000 0.00003100
1 -0.00000200 0.00000000 0.00000000 1.57074300 -1.56713700 -1.57074300
2 4.25546800 -0.33518300 -0.00000200 0.00000000 0.00000000 -0.12484800
3 7.43124800 1.49647700 0.00000200 0.00000000 0.00000000 0.24545000
4 5.27847900 0.16554100 0.00000100 0.00000000 0.00000000 0.04851100
5 2.63886500 -13.19337700 1.00679000 2.12269900 1.26566500 -1.14230500
6 -6.21448200 -0.00000700 -0.00002700 3.00131215 -1.09254354 2.00200110
7 11.94488200 0.00000000 0.00000100 -1.68172025 -0.45301613 1.56118593
8 10.62018100 0.00000200 0.00000000 -0.15384682 0.70887047 2.68973823
9 -4.75110600 -0.69449400 0.83057700 0.00028100 -0.16938500 0.33403800
10 -1.68806800 0.00004600 -0.00003200 0.00631400 -0.02389200 1.18264900
11 -1.33614000 0.00005700 -0.00001200 0.02637800 0.00063800 0.52890100
12 -4.82049400 -0.50946000 -0.22475900 -0.24351800 -0.14426100 0.82030500
13 -1.82699200 -0.00006400 0.00000600 0.00911100 0.03941700 1.49994600
14 -1.43657300 0.00000600 0.00000200 0.05259500 -0.05734700 -0.83594400
15 -3.99235500 -0.89118800 -1.82790900 -0.38697900 0.18514600 1.26743400
16 -1.40591800 -0.00002500 -0.00000300 -0.00622200 -0.02882100 1.08722300
17 -1.17535800 0.00012800 -0.00002000 -0.03636700 0.05734700 -0.66304300
18 -4.52675100 -0.69057500 -1.12074400 -0.20786400 0.08020500 1.04110200
19 -1.74403800 0.00003300 -0.00000800 -0.02361300 -0.01776000 1.33785000
20 -1.36877100 0.00002500 0.00000200 -0.02529200 0.04599800 -0.60797500
21 -1.87480000 -0.93512500 0.99917400 2.73721800 0.58247900 0.69523300
22 -1.54243500 0.03903600 0.17887100 -0.56361300 0.01980100 0.16334400
23 -1.59928500 0.00000400 0.00001600 0.05950500 0.03321900 -0.33057100
24 5.51181500 0.00000800 -0.00000100 1.90386392 0.00026729 3.14138973
25 0.19684700 -0.00000100 0.00000300 2.79340698 -0.00031616 -3.14150943
26 2.82592000 -12.20577300 -2.78509900 1.97586200 1.15990900 1.84280300
27 6.21448500 0.00000600 0.00002000 -0.65736228 0.98180454 -1.78170593
28 11.94488500 -0.00002900 -0.00019400 -0.34814509 -0.34526084 -1.62770766
29 10.62016600 0.00000200 0.00001000 -1.63053514 0.03426191 -0.40276851
30 4.75115600 0.69437600 -0.83047300 0.20299500 0.08083800 0.60824900
31 1.68806500 -0.00002600 0.00000200 -0.00039700 -0.02472600 1.45469900
32 1.33615100 -0.00005100 -0.00000900 0.03211100 -0.02159500 -0.60809400
33 4.82051300 0.50934000 0.22486500 -0.00856500 -0.02581600 0.80590600
34 1.82699600 0.00006600 0.00000800 -0.02704000 0.03008700 0.54162100
35 1.43657700 -0.00001000 0.00000700 0.00034600 -0.01510000 0.81494400
36 3.99235300 0.89108700 1.82799400 -0.59705700 -0.08663300 1.07907000
37 1.40591800 0.00002100 -0.00000700 0.00773100 -0.02839800 0.60867400
38 1.17536900 -0.00013100 0.00000200 0.07777500 0.09569900 0.63953200
39 4.52675600 0.69046000 1.12084200 -0.32698600 -0.07846000 0.97354900
40 1.74404100 -0.00003100 -0.00000200 -0.00983100 -0.02786000 0.74857100
41 1.36876300 -0.00003100 -0.00001700 0.12047900 0.10340200 0.67954500
42 1.87485500 0.93508100 -0.99913000 1.65829700 0.62943900 0.47059700
43 1.52344900 -0.00003400 -0.00000300 -0.04681000 0.17065600 0.16702000
44 1.59928100 -0.00000200 0.00000900 0.07497000 -0.03671300 1.28091000
45 5.51180600 -0.00000200 0.00000600 -0.23579700 0.00000500 0.00000700
46 0.19685000 0.00000300 -0.00000200 -0.34822500 0.00001500 -0.00000200
47 0.00000000 0.00000000 0.00000000 0.00000000 0.00000000 -1.57079600
48 -4.33264300 33.56495300 -4.02389200 0.00000000 0.00000000 -3.14156200
49 -5.54117907 49.41425300 -3.07012328 0.20656117 0.06979970 -1.20965263
50 1.83146400 2.54520700 -8.09276300 1.18434200 0.49215400 2.51044500
51 1.00001700 -0.23261300 2.80764800 0.00000000 0.00000000 0.00000000
52 -0.00505400 -0.00848500 0.39764100 0.01867676 -0.03816829 1.60687126
53 -0.80051200 -3.65257900 -1.98334900 2.44542600 -0.08843800 -2.57804300
time 6
0 -0.00000100 7.45008900 -27.50902600 0.00000000 0.00000000 0.00003100
1 -0.00000200 0.00000000 0.00000000 1.57074300 -1.56713700 -1.57074300
2 4.25546800 -0.33518300 -0.00000200 0.00000000 0.00000000 -0.12484800
3 7.43124800 1.49647700 0.00000200 0.00000000 0.00000000 0.24545000
4 5.27847900 0.16554100 0.00000100 0.00000000 0.00000000 0.04851100
5 2.63886500 -13.19337700 1.00679000 2.12269900 1.26566500 -1.14230500
6 -6.21448200 -0.00000700 -0.00002700 3.00152936 -1.09107439 2.00362543
7 11.94488200 0.00000000 0.00000100 -1.68360334 -0.45231308 1.56575146
8 10.62018100 0.00000200 0.00000000 -0.14787406 0.70428404 2.69607717
9 -4.75110600 -0.69449400 0.83057700 0.00028100 -0.16938500 0.33403800
10 -1.68806800 0.00004600 -0.00003200 0.00631400 -0.02389200 1.18264900
11 -1.33614000 0.00005700 -0.00001200 0.02637800 0.00063800 0.52890100
12 -4.82049400 -0.50946000 -0.22475900 -0.24351800 -0.14426100 0.82030500
13 -1.82699200 -0.00006400 0.00000600 0.00911100 0.03941700 1.49994600
14 -1.43657300 0.00000600 0.00000200 0.05259500 -0.05734700 -0.83594400
15 -3.99235500 -0.89118800 -1.82790900 -0.38697900 0.18514600 1.26743400
16 -1.40591800 -0.00002500 -0.00000300 -0.00622200 -0.02882100 1.08722300
17 -1.17535800 0.00012800 -0.00002000 -0.03636700 0.05734700 -0.66304300
18 -4.52675100 -0.69057500 -1.12074400 -0.20786400 0.08020500 1.04110200
19 -1.74403800 0.00003300 -0.00000800 -0.02361300 -0.01776000 1.33785000
20 -1.36877100 0.00002500 0.00000200 -0.02529200 0.04599800 -0.60797500
21 -1.87480000 -0.93512500 0.99917400 2.73721800 0.58247900 0.69523300
22 -1.54243500 0.03903600 0.17887100 -0.56361300 0.01980100 0.16334400
23 -1.59928500 0.00000400 0.00001600 0.05950500 0.03321900 -0.33057100
24 5.51181500 0.00000800 -0.00000100 1.90386392 0.00026729 3.14138973
25 0.19684700 -0.00000100 0.00000300 2.79340698 -0.00031616 -3.14150943
26 2.82592000 -12.20577300 -2.78509900 1.97586200 1.15990900 1.84280300
27 6.21448500 0.00000600 0.00002000 -0.65790643 0.98100001 -1.78228811
28 11.94488500 -0.00002900 -0.00019400 -0.34812903 -0.34551211 -1.62767597
29 10.62016600 0.00000200 0.00001000 -1.63374812 0.03142759 -0.40390542
30 4.75115600 0.69437600 -0.83047300 0.20299500 0.08083800 0.60824900
31 1.68806500 -0.00002600 0.00000200 -0.00039700 -0.02472600 1.45469900
32 1.33615100 -0.00005100 -0.00000900 0.03211100 -0.02159500 -0.60809400
33 4.82051300 0.50934000 0.22486500 -0.00856500 -0.02581600 0.80590600
34 1.82699600 0.00006600 0.00000800 -0.02704000 0.03008700 0.54162100
35 1.43657700 -0.00001000 0.00000700 0.00034600 -0.01510000 0.81494400
36 3.99235300 0.89108700 1.82799400 -0.59705700 -0.08663300 1.07907000
37 1.40591800 0.00002100 -0.00000700 0.00773100 -0.02839800 0.60867400
38 1.17536900 -0.00013100 0.00000200 0.07777500 0.09569900 0.63953200
39 4.52675600 0.69046000 1.12084200 -0.32698600 -0.07846000 0.97354900
40 1.74404100 -0.00003100 -0.00000200 -0.00983100 -0.02786000 0.74857100
41 1.36876300 -0.00003100 -0.00001700 0.12047900 0.10340200 0.67954500
42 1.87485500 0.93508100 -0.99913000 1.65829700 0.62943900 0.47059700
43 1.52344900 -0.00003400 -0.00000300 -0.04681000 0.17065600 0.16702000
44 1.59928100 -0.00000200 0.00000900 0.07497000 -0.03671300 1.28091000
45 5.51180600 -0.00000200 0.00000600 -0.23579700 0.00000500 0.00000700
46 0.19685000 0.00000300 -0.00000200 -0.34822500 0.00001500 -0.00000200
47 0.00000000 0.00000000 0.00000000 0.00000000 0.00000000 -1.57079600
48 -4.33264300 33.56495300 -4.02389200 0.00000000 0.00000000 -3.14156200
49 -5.55440060 49.41425300 -3.04185309 0.21062483 0.06818823 -1.21048205
50 1.83146400 2.54520700 -8.09276300 1.18434200 0.49215400 2.51044500
51 1.00001700 -0.23261300 2.80764800 0.00000000 0.00000000 0.00000000
52 -0.00505400 -0.00848500 0.39764100 0.03201204 -0.05081377 1.60374792
53 -0.80051200 -3.65257900 -1.98334900 2.44542600 -0.08843800 -2.57804300
time 7
0 -0.00000100 7.45008900 -27.50902600 0.00000000 0.00000000 0.00003100
1 -0.00000200 0.00000000 0.00000000 1.57074300 -1.56713700 -1.57074300
2 4.25546800 -0.33518300 -0.00000200 0.00000000 0.00000000 -0.12484800
3 7.43124800 1.49647700 0.00000200 0.00000000 0.00000000 0.24545000
4 5.27847900 0.16554100 0.00000100 0.00000000 0.00000000 0.04851100
5 2.63886500 -13.19337700 1.00679000 2.12269900 1.26566500 -1.14230500
6 -6.21448200 -0.00000700 -0.00002700 3.00122586 -1.08951395 2.00612997
7 11.94488200 0.00000000 0.00000100 -1.68570941 -0.45157786 1.57046795
8 10.62018100 0.00000200 0.00000000 -0.14084151 0.69991781 2.70337807
9 -4.75110600 -0.69449400 0.83057700 0.00028100 -0.16938500 0.33403800
10 -1.68806800 0.00004600 -0.00003200 0.00631400 -0.02389200 1.18264900
11 -1.33614000 0.00005700 -0.00001200 0.02637800 0.00063800 0.52890100
12 -4.82049400 -0.50946000 -0.22475900 -0.24351800 -0.14426100 0.82030500
13 -1.82699200 -0.00006400 0.00000600 0.00911100 0.03941700 1.49994600
14 -1.43657300 0.00000600 0.00000200 0.05259500 -0.05734700 -0.83594400
15 -3.99235500 -0.89118800 -1.82790900 -0.38697900 0.18514600 1.26743400
16 -1.40591800 -0.00002500 -0.00000300 -0.00622200 -0.02882100 1.08722300
17 -1.17535800 0.00012800 -0.00002000 -0.03636700 0.05734700 -0.66304300
18 -4.52675100 -0.69057500 -1.12074400 -0.20786400 0.08020500 1.04110200
19 -1.74403800 0.00003300 -0.00000800 -0.02361300 -0.01776000 1.33785000
20 -1.36877100 0.00002500 0.00000200 -0.02529200 0.04599800 -0.60797500
21 -1.87480000 -0.93512500 0.99917400 2.73721800 0.58247900 0.69523300
22 -1.54243500 0.03903600 0.17887100 -0.56361300 0.01980100 0.16334400
23 -1.59928500 0.00000400 0.00001600 0.05950500 0.03321900 -0.33057100
24 5.51181500 0.00000800 -0.00000100 1.90386392 0.00026729 3.14138973
25 0.19684700 -0.00000100 0.00000300 2.79340698 -0.00031616 -3.14150943
26 2.82592000 -12.20577300 -2.78509900 1.97586200 1.15990900 1.84280300
27 6.21448500 0.00000600 0.00002000 -0.65805737 0.98068991 -1.78271146
28 11.94488500 -0.00002900 -0.00019400 -0.34834991 -0.34591694 -1.62711189
29 10.62016600 0.00000200 0.00001000 -1.63762183 0.02835941 -0.40679252
30 4.75115600 0.69437600 -0.83047300 0.20299500 0.08083800 0.60824900
31 1.68806500 -0.00002600 0.00000200 -0.00039700 -0.02472600 1.45469900
32 1.33615100 -0.00005100 -0.00000900 0.03211100 -0.02159500 -0.60809400
33 4.82051300 0.50934000 0.22486500 -0.00856500 -0.02581600 0.80590600
34 1.82699600 0.00006600 0.00000800 -0.02704000 0.03008700 0.54162100
35 1.43657700 -0.00001000 0.00000700 0.00034600 -0.01510000 0.81494400
36 3.99235300 0.89108700 1.82799400 -0.59705700 -0.08663300 1.07907000
37 1.40591800 0.00002100 -0.00000700 0.00773100 -0.02839800 0.60867400
38 1.17536900 -0.00013100 0.00000200 0.07777500 0.09569900 0.63953200
39 4.52675600 0.69046000 1.12084200 -0.32698600 -0.07846000 0.97354900
40 1.74404100 -0.00003100 -0.00000200 -0.00983100 -0.02786000 0.74857100
41 1.36876300 -0.00003100 -0.00001700 0.12047900 0.10340200 0.67954500
42 1.87485500 0.93508100 -0.99913000 1.65829700 0.62943900 0.47059700
43 1.52344900 -0.00003400 -0.00000300 -0.04681000 0.17065600 0.16702000
44 1.59928100 -0.00000200 0.00000900 0.07497000 -0.03671300 1.28091000
45 5.51180600 -0.00000200 0.00000600 -0.23579700 0.00000500 0.00000700
46 0.19685000 0.00000300 -0.00000200 -0.34822500 0.00001500 -0.00000200
47 0.00000000 0.00000000 0.00000000 0.00000000 0.00000000 -1.57079600
48 -4.33264300 33.56495300 -4.02389200 0.00000000 0.00000000 -3.14156200
49 -5.56882546 49.41425300 -3.02230504 0.21582869 0.06625427 -1.21164526
50 1.83146400 2.54520700 -8.09276300 1.18434200 0.49215400 2.51044500
51 1.00001700 -0.23261300 2.80764800 0.00000000 0.00000000 0.00000000
52 -0.00505400 -0.00848500 0.39764100 0.03683274 -0.06243694 1.60119733
53 -0.80051200 -3.65257900 -1.98334900 2.44542600 -0.08843800 -2.57804300
time 8
0 -0.00000100 7.45008900 -27.50902600 0.00000000 0.00000000 0.00003100
1 -0.00000200 0.00000000 0.00000000 1.57074300 -1.56713700 -1.57074300
2 4.25546800 -0.33518300 -0.00000200 0.00000000 0.00000000 -0.12484800
3 7.43124800 1.49647700 0.00000200 0.00000000 0.00000000 0.24545000
4 5.27847900 0.16554100 0.00000100 0.00000000 0.00000000 0.04851100
5 2.63886500 -13.19337700 1.00679000 2.12269900 1.26566500 -1.14230500
6 -6.21448200 -0.00000700 -0.00002700 3.00043568 -1.08805558 2.00902902
7 11.94488200 0.00000000 0.00000100 -1.68744145 -0.45091458 1.57457634
8 10.62018100 0.00000200 0.00000000 -0.13325180 0.69635982 2.71118581
9 -4.75110600 -0.69449400 0.83057700 0.00028100 -0.16938500 0.33403800
10 -1.68806800 0.00004600 -0.00003200 0.00631400 -0.02389200 1.18264900
11 -1.33614000 0.00005700 -0.00001200 0.02637800 0.00063800 0.52890100
12 -4.82049400 -0.50946000 -0.22475900 -0.24351800 -0.14426100 0.82030500
13 -1.82699200 -0.00006400 0.00000600 0.00911100 0.03941700 1.49994600
14 -1.43657300 0.00000600 0.00000200 0.05259500 -0.05734700 -0.83594400
15 -3.99235500 -0.89118800 -1.82790900 -0.38697900 0.18514600 1.26743400
16 -1.40591800 -0.00002500 -0.00000300 -0.00622200 -0.02882100 1.08722300
17 -1.17535800 0.00012800 -0.00002000 -0.03636700 0.05734700 -0.66304300
18 -4.52675100 -0.69057500 -1.12074400 -0.20786400 0.08020500 1.04110200
19 -1.74403800 0.00003300 -0.00000800 -0.02361300 -0.01776000 1.33785000
20 -1.36877100 0.00002500 0.00000200 -0.02529200 0.04599800 -0.60797500
21 -1.87480000 -0.93512500 0.99917400 2.73721800 0.58247900 0.69523300
22 -1.54243500 0.03903600 0.17887100 -0.56361300 0.01980100 0.16334400
23 -1.59928500 0.00000400 0.00001600 0.05950500 0.03321900 -0.33057100
24 5.51181500 0.00000800 -0.00000100 1.90386392 0.00026729 3.14138973
25 0.19684700 -0.00000100 0.00000300 2.79340698 -0.00031616 -3.14150943
26 2.82592000 -12.20577300 -2.78509900 1.97586200 1.15990900 1.84280300
27 6.21448500 0.00000600 0.00002000 -0.65755578 0.98102400 -1.78240577
28 11.94488500 -0.00002900 -0.00019400 -0.34868239 -0.34631441 -1.62616054
29 10.62016600 0.00000200 0.00001000 -1.64203828 0.02511539 -0.41082232
30 4.75115600 0.69437600 -0.83047300 0.20299500 0.08083800 0.60824900
31 1.68806500 -0.00002600 0.00000200 -0.00039700 -0.02472600 1.45469900
32 1.33615100 -0.00005100 -0.00000900 0.03211100 -0.02159500 -0.60809400
33 4.82051300 0.50934000 0.22486500 -0.00856500 -0.02581600 0.80590600
34 1.82699600 0.00006600 0.00000800 -0.02704000 0.03008700 0.54162100
35 1.43657700 -0.00001000 0.00000700 0.00034600 -0.01510000 0.81494400
36 3.99235300 0.89108700 1.82799400 -0.59705700 -0.08663300 1.07907000
37 1.40591800 0.00002100 -0.00000700 0.00773100 -0.02839800 0.60867400
38 1.17536900 -0.00013100 0.00000200 0.07777500 0.09569900 0.63953200
39 4.52675600 0.69046000 1.12084200 -0.32698600 -0.07846000 0.97354900
40 1.74404100 -0.00003100 -0.00000200 -0.00983100 -0.02786000 0.74857100
41 1.36876300 -0.00003100 -0.00001700 0.12047900 0.10340200 0.67954500
42 1.87485500 0.93508100 -0.99913000 1.65829700 0.62943900 0.47059700
43 1.52344900 -0.00003400 -0.00000300 -0.04681000 0.17065600 0.16702000
44 1.59928100 -0.00000200 0.00000900 0.07497000 -0.03671300 1.28091000
45 5.51180600 -0.00000200 0.00000600 -0.23579700 0.00000500 0.00000700
46 0.19685000 0.00000300 -0.00000200 -0.34822500 0.00001500 -0.00000200
47 0.00000000 0.00000000 0.00000000 0.00000000 0.00000000 -1.57079600
48 -4.33264300 33.56495300 -4.02389200 0.00000000 0.00000000 -3.14156200
49 -5.58639072 49.41425300 -3.01396854 0.22161369 0.06409597 -1.21289046
50 1.83146400 2.54520700 -8.09276300 1.18434200 0.49215400 2.51044500
51 1.00001700 -0.23261300 2.80764800 0.00000000 0.00000000 0.00000000
52 -0.00505400 -0.00848500 0.39764100 0.02371476 -0.07868584 1.59922444
53 -0.80051200 -3.65257900 -1.98334900 2.44542600 -0.08843800 -2.57804300
time 9
0 -0.00000100 7.45008900 -27.50902600 0.00000000 0.00000000 0.00003100
1 -0.00000200 0.00000000 0.00000000 1.57074300 -1.56713700 -1.57074300
2 4.25546800 -0.33518300 -0.00000200 0.00000000 0.00000000 -0.12484800
3 7.43124800 1.49647700 0.00000200 0.00000000 0.00000000 0.24545000
4 5.27847900 0.16554100 0.00000100 0.00000000 0.00000000 0.04851100
5 2.63886500 -13.19337700 1.00679000 2.12269900 1.26566500 -1.14230500
6 -6.21448200 -0.00000700 -0.00002700 2.99914760 -1.08670098 2.01249724
7 11.94488200 0.00000000 0.00000100 -1.68926966 -0.45035581 1.57869027
8 10.62018100 0.00000200 0.00000000 -0.12544578 0.69276216 2.71927333
9 -4.75110600 -0.69449400 0.83057700 0.00028100 -0.16938500 0.33403800
10 -1.68806800 0.00004600 -0.00003200 0.00631400 -0.02389200 1.18264900
11 -1.33614000 0.00005700 -0.00001200 0.02637800 0.00063800 0.52890100
12 -4.82049400 -0.50946000 -0.22475900 -0.24351800 -0.14426100 0.82030500
13 -1.82699200 -0.00006400 0.00000600 0.00911100 0.03941700 1.49994600
14 -1.43657300 0.00000600 0.00000200 0.05259500 -0.05734700 -0.83594400
15 -3.99235500 -0.89118800 -1.82790900 -0.38697900 0.18514600 1.26743400
16 -1.40591800 -0.00002500 -0.00000300 -0.00622200 -0.02882100 1.08722300
17 -1.17535800 0.00012800 -0.00002000 -0.03636700 0.05734700 -0.66304300
18 -4.52675100 -0.69057500 -1.12074400 -0.20786400 0.08020500 1.04110200
19 -1.74403800 0.00003300 -0.00000800 -0.02361300 -0.01776000 1.33785000
20 -1.36877100 0.00002500 0.00000200 -0.02529200 0.04599800 -0.60797500
21 -1.87480000 -0.93512500 0.99917400 2.73721800 0.58247900 0.69523300
22 -1.54243500 0.03903600 0.17887100 -0.56361300 0.01980100 0.16334400
23 -1.59928500 0.00000400 0.00001600 0.05950500 0.03321900 -0.33057100
24 5.51181500 0.00000800 -0.00000100 1.90386392 0.00026729 3.14138973
25 0.19684700 -0.00000100 0.00000300 2.79340698 -0.00031616 -3.14150943
26 2.82592000 -12.20577300 -2.78509900 1.97586200 1.15990900 1.84280300
27 6.21448500 0.00000600 0.00002000 -0.65682894 0.98159940 -1.78189481
28 11.94488500 -0.00002900 -0.00019400 -0.34906988 -0.34668665 -1.62499124
29 10.62016600 0.00000200 0.00001000 -1.64678202 0.02166624 -0.41555719
30 4.75115600 0.69437600 -0.83047300 0.20299500 0.08083800 0.60824900
31 1.68806500 -0.00002600 0.00000200 -0.00039700 -0.02472600 1.45469900
32 1.33615100 -0.00005100 -0.00000900 0.03211100 -0.02159500 -0.60809400
33 4.82051300 0.50934000 0.22486500 -0.00856500 -0.02581600 0.80590600
34 1.82699600 0.00006600 0.00000800 -0.02704000 0.03008700 0.54162100
35 1.43657700 -0.00001000 0.00000700 0.00034600 -0.01510000 0.81494400
36 3.99235300 0.89108700 1.82799400 -0.59705700 -0.08663300 1.07907000
37 1.40591800 0.00002100 -0.00000700 0.00773100 -0.02839800 0.60867400
38 1.17536900 -0.00013100 0.00000200 0.07777500 0.09569900 0.63953200
39 4.52675600 0.69046000 1.12084200 -0.32698600 -0.07846000 0.97354900
40 1.74404100 -0.00003100 -0.00000200 -0.00983100 -0.02786000 0.74857100
41 1.36876300 -0.00003100 -0.00001700 0.12047900 0.10340200 0.67954500
42 1.87485500 0.93508100 -0.99913000 1.65829700 0.62943900 0.47059700
43 1.52344900 -0.00003400 -0.00000300 -0.04681000 0.17065600 0.16702000
44 1.59928100 -0.00000200 0.00000900 0.07497000 -0.03671300 1.28091000
45 5.51180600 -0.00000200 0.00000600 -0.23579700 0.00000500 0.00000700
46 0.19685000 0.00000300 -0.00000200 -0.34822500 0.00001500 -0.00000200
47 0.00000000 0.00000000 0.00000000 0.00000000 0.00000000 -1.57079600
48 -4.33264300 33.56495300 -4.02389200 0.00000000 0.00000000 -3.14156200
49 -5.60513364 49.41425300 -3.01059262 0.22779690 0.06176009 -1.21419037
50 1.83146400 2.54520700 -8.09276300 1.18434200 0.49215400 2.51044500
51 1.00001700 -0.23261300 2.80764800 0.00000000 0.00000000 0.00000000
52 -0.00505400 -0.00848500 0.39764100 0.00372454 -0.09677811 1.59792030
53 -0.80051200 -3.65257900 -1.98334900 2.44542600 -0.08843800 -2.57804300
time 10
0 -0.00000100 7.45008900 -27.50902600 0.00000000 0.00000000 0.00003100
1 -0.00000200 0.00000000 0.00000000 1.57074300 -1.56713700 -1.57074300
2 4.25546800 -0.33518300 -0.00000200 0.00000000 0.00000000 -0.12484800
3 7.43124800 1.49647700 0.00000200 0.00000000 0.00000000 0.24545000
4 5.27847900 0.16554100 0.00000100 0.00000000 0.00000000 0.04851100
5 2.63886500 -13.19337700 1.00679000 2.12269900 1.26566500 -1.14230500
6 -6.21448200 -0.00000700 -0.00002700 2.99787302 -1.08609732 2.01501132
7 11.94488200 0.00000000 0.00000100 -1.69054890 -0.45033949 1.58171094
8 10.62018100 0.00000200 0.00000000 -0.11804293 0.69024811 2.72712394
9 -4.75110600 -0.69449400 0.83057700 0.00028100 -0.16938500 0.33403800
10 -1.68806800 0.00004600 -0.00003200 0.00631400 -0.02389200 1.18264900
11 -1.33614000 0.00005700 -0.00001200 0.02637800 0.00063800 0.52890100
12 -4.82049400 -0.50946000 -0.22475900 -0.24351800 -0.14426100 0.82030500
13 -1.82699200 -0.00006400 0.00000600 0.00911100 0.03941700 1.49994600
14 -1.43657300 0.00000600 0.00000200 0.05259500 -0.05734700 -0.83594400
15 -3.99235500 -0.89118800 -1.82790900 -0.38697900 0.18514600 1.26743400
16 -1.40591800 -0.00002500 -0.00000300 -0.00622200 -0.02882100 1.08722300
17 -1.17535800 0.00012800 -0.00002000 -0.03636700 0.05734700 -0.66304300
18 -4.52675100 -0.69057500 -1.12074400 -0.20786400 0.08020500 1.04110200
19 -1.74403800 0.00003300 -0.00000800 -0.02361300 -0.01776000 1.33785000
20 -1.36877100 0.00002500 0.00000200 -0.02529200 0.04599800 -0.60797500
21 -1.87480000 -0.93512500 0.99917400 2.73721800 0.58247900 0.69523300
22 -1.54243500 0.03903600 0.17887100 -0.56361300 0.01980100 0.16334400
23 -1.59928500 0.00000400 0.00001600 0.05950500 0.03321900 -0.33057100
24 5.51181500 0.00000800 -0.00000100 1.90386392 0.00026729 3.14138973
25 0.19684700 -0.00000100 0.00000300 2.79340698 -0.00031616 -3.14150943
26 2.82592000 -12.20577300 -2.78509900 1.97586200 1.15990900 1.84280300
27 6.21448500 0.00000600 0.00002000 -0.65543423 0.98277018 -1.78036359
28 11.94488500 -0.00002900 -0.00019400 -0.34934088 -0.34696066 -1.62422106
29 10.62016600 0.00000200 0.00001000 -1.65112563 0.01835237 -0.42040675
30 4.75115600 0.69437600 -0.83047300 0.20299500 0.08083800 0.60824900
31 1.68806500 -0.00002600 0.00000200 -0.00039700 -0.02472600 1.45469900
32 1.33615100 -0.00005100 -0.00000900 0.03211100 -0.02159500 -0.60809400
33 4.82051300 0.50934000 0.22486500 -0.00856500 -0.02581600 0.80590600
34 1.82699600 0.00006600 0.00000800 -0.02704000 0.03008700 0.54162100
35 1.43657700 -0.00001000 0.00000700 0.00034600 -0.01510000 0.81494400
36 3.99235300 0.89108700 1.82799400 -0.59705700 -0.08663300 1.07907000
37 1.40591800 0.00002100 -0.00000700 0.00773100 -0.02839800 0.60867400
38 1.17536900 -0.00013100 0.00000200 0.07777500 0.09569900 0.63953200
39 4.52675600 0.69046000 1.12084200 -0.32698600 -0.07846000 0.97354900
40 1.74404100 -0.00003100 -0.00000200 -0.00983100 -0.02786000 0.74857100
41 1.36876300 -0.00003100 -0.00001700 0.12047900 0.10340200 0.67954500
42 1.87485500 0.93508100 -0.99913000 1.65829700 0.62943900 0.47059700
43 1.52344900 -0.00003400 -0.00000300 -0.04681000 0.17065600 0.16702000
44 1.59928100 -0.00000200 0.00000900 0.07497000 -0.03671300 1.28091000
45 5.51180600 -0.00000200 0.00000600 -0.23579700 0.00000500 0.00000700
46 0.19685000 0.00000300 -0.00000200 -0.34822500 0.00001500 -0.00000200
47 0.00000000 0.00000000 0.00000000 0.00000000 0.00000000 -1.57079600
48 -4.33264300 33.56495300 -4.02389200 0.00000000 0.00000000 -3.14156200
49 -5.62932197 49.41425300 -3.01830932 0.23351188 0.05934398 -1.21503893
50 1.83146400 2.54520700 -8.09276300 1.18434200 0.49215400 2.51044500
51 1.00001700 -0.23261300 2.80764800 0.00000000 0.00000000 0.00000000
52 -0.00505400 -0.00848500 0.39764100 -0.02843766 -0.12567791 1.59694666
53 -0.80051200 -3.65257900 -1.98334900 2.44542600 -0.08843800 -2.57804300
time 11
0 -0.00000100 7.45008900 -27.50902600 0.00000000 0.00000000 0.00003100
1 -0.00000200 0.00000000 0.00000000 1.57074300 -1.56713700 -1.57074300
2 4.25546800 -0.33518300 -0.00000200 0.00000000 0.00000000 -0.12484800
3 7.43124800 1.49647700 0.00000200 0.00000000 0.00000000 0.24545000
4 5.27847900 0.16554100 0.00000100 0.00000000 0.00000000 0.04851100
5 2.63886500 -13.19337700 1.00679000 2.12269900 1.26566500 -1.14230500
6 -6.21448200 -0.00000700 -0.00002700 2.99637461 -1.08566552 2.01765493
7 11.94488200 0.00000000 0.00000100 -1.69172949 -0.45052320 1.58434789
8 10.62018100 0.00000200 0.00000000 -0.11068058 0.68799244 2.73501566
9 -4.75110600 -0.69449400 0.83057700 0.00028100 -0.16938500 0.33403800
10 -1.68806800 0.00004600 -0.00003200 0.00631400 -0.02389200 1.18264900
11 -1.33614000 0.00005700 -0.00001200 0.02637800 0.00063800 0.52890100
12 -4.82049400 -0.50946000 -0.22475900 -0.24351800 -0.14426100 0.82030500
13 -1.82699200 -0.00006400 0.00000600 0.00911100 0.03941700 1.49994600
14 -1.43657300 0.00000600 0.00000200 0.05259500 -0.05734700 -0.83594400
15 -3.99235500 -0.89118800 -1.82790900 -0.38697900 0.18514600 1.26743400
16 -1.40591800 -0.00002500 -0.00000300 -0.00622200 -0.02882100 1.08722300
17 -1.17535800 0.00012800 -0.00002000 -0.03636700 0.05734700 -0.66304300
18 -4.52675100 -0.69057500 -1.12074400 -0.20786400 0.08020500 1.04110200
19 -1.74403800 0.00003300 -0.00000800 -0.02361300 -0.01776000 1.33785000
20 -1.36877100 0.00002500 0.00000200 -0.02529200 0.04599800 -0.60797500
21 -1.87480000 -0.93512500 0.99917400 2.73721800 0.58247900 0.69523300
22 -1.54243500 0.03903600 0.17887100 -0.56361300 0.01980100 0.16334400
23 -1.59928500 0.00000400 0.00001600 0.05950500 0.03321900 -0.33057100
24 5.51181500 0.00000800 -0.00000100 1.90386392 0.00026729 3.14138973
25 0.19684700 -0.00000100 0.00000300 2.79340698 -0.00031616 -3.14150943
26 2.82592000 -12.20577300 -2.78509900 1.97586200 1.15990900 1.84280300
27 6.21448500 0.00000600 0.00002000 -0.65386272 0.98407851 -1.77854629
28 11.94488500 -0.00002900 -0.00019400 -0.34961235 -0.34717192 -1.62339277
29 10.62016600 0.00000200 0.00001000 -1.65549485 0.01494706 -0.42537278
30 4.75115600 0.69437600 -0.83047300 0.20299500 0.08083800 0.60824900
31 1.68806500 -0.00002600 0.00000200 -0.00039700 -0.02472600 1.45469900
32 1.33615100 -0.00005100 -0.00000900 0.03211100 -0.02159500 -0.60809400
33 4.82051300 0.50934000 0.22486500 -0.00856500 -0.02581600 0.80590600
34 1.82699600 0.00006600 0.00000800 -0.02704000 0.03008700 0.54162100
35 1.43657700 -0.00001000 0.00000700 0.00034600 -0.01510000 0.81494400
36 3.99235300 0.89108700 1.82799400 -0.59705700 -0.08663300 1.07907000
37 1.40591800 0.00002100 -0.00000700 0.00773100 -0.02839800 0.60867400
38 1.17536900 -0.00013100 0.00000200 0.07777500 0.09569900 0.63953200
39 4.52675600 0.69046000 1.12084200 -0.32698600 -0.07846000 0.97354900
40 1.74404100 -0.00003100 -0.00000200 -0.00983100 -0.02786000 0.74857100
41 1.36876300 -0.00003100 -0.00001700 0.12047900 0.10340200 0.67954500
42 1.87485500 0.93508100 -0.99913000 1.65829700 0.62943900 0.47059700
43 1.52344900 -0.00003400 -0.00000300 -0.04681000 0.17065600 0.16702000
44 1.59928100 -0.00000200 0.00000900 0.07497000 -0.03671300 1.28091000
45 5.51180600 -0.00000200 0.00000600 -0.23579700 0.00000500 0.00000700
46 0.19685000 0.00000300 -0.00000200 -0.34822500 0.00001500 -0.00000200
47 0.00000000 0.00000000 0.00000000 0.00000000 0.00000000 -1.57079600
48 -4.33264300 33.56495300 -4.02389200 0.00000000 0.00000000 -3.14156200
49 -5.65462647 49.41425300 -3.02984410 0.23920539 0.05687860 -1.21578943
50 1.83146400 2.54520700 -8.09276300 1.18434200 0.49215400 2.51044500
51 1.00001700 -0.23261300 2.80764800 0.00000000 0.00000000 0.00000000
52 -0.00505400 -0.00848500 0.39764100 -0.06230561 -0.15581874 1.59710732
53 -0.80051200 -3.65257900 -1.98334900 2.44542600 -0.08843800 -2.57804300
time 12
0 -0.00000100 7.45008900 -27.50902600 0.00000000 0.00000000 0.00003100
1 -0.00000200 0.00000000 0.00000000 1.57074300 -1.56713700 -1.57074300
2 4.25546800 -0.33518300 -0.00000200 0.00000000 0.00000000 -0.12484800
3 7.43124800 1.49647700 0.00000200 0.00000000 0.00000000 0.24545000
4 5.27847900 0.16554100 0.00000100 0.00000000 0.00000000 0.04851100
5 2.63886500 -13.19337700 1.00679000 2.12269900 1.26566500 -1.14230500
6 -6.21448200 -0.00000700 -0.00002700 2.99446826 -1.08636658 2.01921490
7 11.94488200 0.00000000 0.00000100 -1.69188545 -0.45146286 1.58463449
8 10.62018100 0.00000200 0.00000000 -0.10476830 0.68787709 2.74156050
9 -4.75110600 -0.69449400 0.83057700 0.00028100 -0.16938500 0.33403800
10 -1.68806800 0.00004600 -0.00003200 0.00631400 -0.02389200 1.18264900
11 -1.33614000 0.00005700 -0.00001200 0.02637800 0.00063800 0.52890100
12 -4.82049400 -0.50946000 -0.22475900 -0.24351800 -0.14426100 0.82030500
13 -1.82699200 -0.00006400 0.00000600 0.00911100 0.03941700 1.49994600
14 -1.43657300 0.00000600 0.00000200 0.05259500 -0.05734700 -0.83594400
15 -3.99235500 -0.89118800 -1.82790900 -0.38697900 0.18514600 1.26743400
16 -1.40591800 -0.00002500 -0.00000300 -0.00622200 -0.02882100 1.08722300
17 -1.17535800 0.00012800 -0.00002000 -0.03636700 0.05734700 -0.66304300
18 -4.52675100 -0.69057500 -1.12074400 -0.20786400 0.08020500 1.04110200
19 -1.74403800 0.00003300 -0.00000800 -0.02361300 -0.01776000 1.33785000
20 -1.36877100 0.00002500 0.00000200 -0.02529200 0.04599800 -0.60797500
21 -1.87480000 -0.93512500 0.99917400 2.73721800 0.58247900 0.69523300
22 -1.54243500 0.03903600 0.17887100 -0.56361300 0.01980100 0.16334400
23 -1.59928500 0.00000400 0.00001600 0.05950500 0.03321900 -0.33057100
24 5.51181500 0.00000800 -0.00000100 1.90386392 0.00026729 3.14138973
25 0.19684700 -0.00000100 0.00000300 2.79340698 -0.00031616 -3.14150943
26 2.82592000 -12.20577300 -2.78509900 1.97586200 1.15990900 1.84280300
27 6.21448500 0.00000600 0.00002000 -0.65104875 0.98642051 -1.77483665
28 11.94488500 -0.00002900 -0.00019400 -0.34978378 -0.34714381 -1.62286080
29 10.62016600 0.00000200 0.00001000 -1.65914053 0.01206847 -0.43045124
30 4.75115600 0.69437600 -0.83047300 0.20299500 0.08083800 0.60824900
31 1.68806500 -0.00002600 0.00000200 -0.00039700 -0.02472600 1.45469900
32 1.33615100 -0.00005100 -0.00000900 0.03211100 -0.02159500 -0.60809400
33 4.82051300 0.50934000 0.22486500 -0.00856500 -0.02581600 0.80590600
34 1.82699600 0.00006600 0.00000800 -0.02704000 0.03008700 0.54162100
35 1.43657700 -0.00001000 0.00000700 0.00034600 -0.01510000 0.81494400
36 3.99235300 0.89108700 1.82799400 -0.59705700 -0.08663300 1.07907000
37 1.40591800 0.00002100 -0.00000700 0.00773100 -0.02839800 0.60867400
38 1.17536900 -0.00013100 0.00000200 0.07777500 0.09569900 0.63953200
39 4.52675600 0.69046000 1.12084200 -0.32698600 -0.07846000 0.97354900
40 1.74404100 -0.00003100 -0.00000200 -0.00983100 -0.02786000 0.74857100
41 1.36876300 -0.00003100 -0.00001700 0.12047900 0.10340200 0.67954500
42 1.87485500 0.93508100 -0.99913000 1.65829700 0.62943900 0.47059700
43 1.52344900 -0.00003400 -0.00000300 -0.04681000 0.17065600 0.16702000
44 1.59928100 -0.00000200 0.00000900 0.07497000 -0.03671300 1.28091000
45 5.51180600 -0.00000200 0.00000600 -0.23579700 0.00000500 0.00000700
46 0.19685000 0.00000300 -0.00000200 -0.34822500 0.00001500 -0.00000200
47 0.00000000 0.00000000 0.00000000 0.00000000 0.00000000 -1.57079600
48 -4.33264300 33.56495300 -4.02389200 0.00000000 0.00000000 -3.14156200
49 -5.68564724 49.41425300 -3.06234509 0.24371447 0.05443742 -1.21570538
50 1.83146400 2.54520700 -8.09276300 1.18434200 0.49215400 2.51044500
51 1.00001700 -0.23261300 2.80764800 0.00000000 0.00000000 0.00000000
52 -0.00505400 -0.00848500 0.39764100 -0.10052886 -0.18844814 1.59823154
53 -0.80051200 -3.65257900 -1.98334900 2.44542600 -0.08843800 -2.57804300
time 13
0 -0.00000100 7.45008900 -27.50902600 0.00000000 0.00000000 0.00003100
1 -0.00000200 0.00000000 0.00000000 1.57074300 -1.56713700 -1.57074300
2 4.25546800 -0.33518300 -0.00000200 0.00000000 0.00000000 -0.12484800
3 7.43124800 1.49647700 0.00000200 0.00000000 0.00000000 0.24545000
4 5.27847900 0.16554100 0.00000100 0.00000000 0.00000000 0.04851100
5 2.63886500 -13.19337700 1.00679000 2.12269900 1.26566500 -1.14230500
6 -6.21448200 -0.00000700 -0.00002700 2.99243717 -1.08730775 2.02086737
7 11.94488200 0.00000000 0.00000100 -1.69175955 -0.45253828 1.58448770
8 10.62018100 0.00000200 0.00000000 -0.09892019 0.68831158 2.74783331
9 -4.75110600 -0.69449400 0.83057700 0.00028100 -0.16938500 0.33403800
10 -1.68806800 0.00004600 -0.00003200 0.00631400 -0.02389200 1.18264900
11 -1.33614000 0.00005700 -0.00001200 0.02637800 0.00063800 0.52890100
12 -4.82049400 -0.50946000 -0.22475900 -0.24351800 -0.14426100 0.82030500
13 -1.82699200 -0.00006400 0.00000600 0.00911100 0.03941700 1.49994600
14 -1.43657300 0.00000600 0.00000200 0.05259500 -0.05734700 -0.83594400
15 -3.99235500 -0.89118800 -1.82790900 -0.38697900 0.18514600 1.26743400
16 -1.40591800 -0.00002500 -0.00000300 -0.00622200 -0.02882100 1.08722300
17 -1.17535800 0.00012800 -0.00002000 -0.03636700 0.05734700 -0.66304300
18 -4.52675100 -0.69057500 -1.12074400 -0.20786400 0.08020500 1.04110200
19 -1.74403800 0.00003300 -0.00000800 -0.02361300 -0.01776000 1.33785000
20 -1.36877100 0.00002500 0.00000200 -0.02529200 0.04599800 -0.60797500
21 -1.87480000 -0.93512500 0.99917400 2.73721800 0.58247900 0.69523300
22 -1.54243500 0.03903600 0.17887100 -0.56361300 0.01980100 0.16334400
23 -1.59928500 0.00000400 0.00001600 0.05950500 0.03321900 -0.33057100
24 5.51181500 0.00000800 -0.00000100 1.90386392 0.00026729 3.14138973
25 0.19684700 -0.00000100 0.00000300 2.79340698 -0.00031616 -3.14150943
26 2.82592000 -12.20577300 -2.78509900 1.97586200 1.15990900 1.84280300
27 6.21448500 0.00000600 0.00002000 -0.64782250 0.98897372 -1.77078676
28 11.94488500 -0.00002900 -0.00019400 -0.35000420 -0.34708773 -1.62218584
29 10.62016600 0.00000200 0.00001000 -1.66266109 0.00933698 -0.43597613
30 4.75115600 0.69437600 -0.83047300 0.20299500 0.08083800 0.60824900
31 1.68806500 -0.00002600 0.00000200 -0.00039700 -0.02472600 1.45469900
32 1.33615100 -0.00005100 -0.00000900 0.03211100 -0.02159500 -0.60809400
33 4.82051300 0.50934000 0.22486500 -0.00856500 -0.02581600 0.80590600
34 1.82699600 0.00006600 0.00000800 -0.02704000 0.03008700 0.54162100
35 1.43657700 -0.00001000 0.00000700 0.00034600 -0.01510000 0.81494400
36 3.99235300 0.89108700 1.82799400 -0.59705700 -0.08663300 1.07907000
37 1.40591800 0.00002100 -0.00000700 0.00773100 -0.02839800 0.60867400
38 1.17536900 -0.00013100 0.00000200 0.07777500 0.09569900 0.63953200
39 4.52675600 0.69046000 1.12084200 -0.32698600 -0.07846000 0.97354900
40 1.74404100 -0.00003100 -0.00000200 -0.00983100 -0.02786000 0.74857100
41 1.36876300 -0.00003100 -0.00001700 0.12047900 0.10340200 0.67954500
42 1.87485500 0.93508100 -0.99913000 1.65829700 0.62943900 0.47059700
43 1.52344900 -0.00003400 -0.00000300 -0.04681000 0.17065600 0.16702000
44 1.59928100 -0.00000200 0.00000900 0.07497000 -0.03671300 1.28091000
45 5.51180600 -0.00000200 0.00000600 -0.23579700 0.00000500 0.00000700
46 0.19685000 0.00000300 -0.00000200 -0.34822500 0.00001500 -0.00000200
47 0.00000000 0.00000000 0.00000000 0.00000000 0.00000000 -1.57079600
48 -4.33264300 33.56495300 -4.02389200 0.00000000 0.00000000 -3.14156200
49 -5.71696657 49.41425300 -3.10117605 0.24801015 0.05203553 -1.21569819
50 1.83146400 2.54520700 -8.09276300 1.18434200 0.49215400 2.51044500
51 1.00001700 -0.23261300 2.80764800 0.00000000 0.00000000 0.00000000
52 -0.00505400 -0.00848500 0.39764100 -0.13767721 -0.21905634 1.60019542
53 -0.80051200 -3.65257900 -1.98334900 2.44542600 -0.08843800 -2.57804300
time 14
0 -0.00000100 7.45008900 -27.50902600 0.00000000 0.00000000 0.00003100
1 -0.00000200 0.00000000 0.00000000 1.57074300 -1.56713700 -1.57074300
2 4.25546800 -0.33518300 -0.00000200 0.00000000 0.00000000 -0.12484800
3 7.43124800 1.49647700 0.00000200 0.00000000 0.00000000 0.24545000
4 5.27847900 0.16554100 0.00000100 0.00000000 0.00000000 0.04851100
5 2.63886500 -13.19337700 1.00679000 2.12269900 1.26566500 -1.14230500
6 -6.21448200 -0.00000700 -0.00002700 2.98958393 -1.08887989 2.02281352
7 11.94488200 0.00000000 0.00000100 -1.69115453 -0.45365205 1.58310181
8 10.62018100 0.00000200 0.00000000 -0.09353321 0.69015192 2.75346779
9 -4.75110600 -0.69449400 0.83057700 0.00028100 -0.16938500 0.33403800
10 -1.68806800 0.00004600 -0.00003200 0.00631400 -0.02389200 1.18264900
11 -1.33614000 0.00005700 -0.00001200 0.02637800 0.00063800 0.52890100
12 -4.82049400 -0.50946000 -0.22475900 -0.24351800 -0.14426100 0.82030500
13 -1.82699200 -0.00006400 0.00000600 0.00911100 0.03941700 1.49994600
14 -1.43657300 0.00000600 0.00000200 0.05259500 -0.05734700 -0.83594400
15 -3.99235500 -0.89118800 -1.82790900 -0.38697900 0.18514600 1.26743400
16 -1.40591800 -0.00002500 -0.00000300 -0.00622200 -0.02882100 1.08722300
17 -1.17535800 0.00012800 -0.00002000 -0.03636700 0.05734700 -0.66304300
18 -4.52675100 -0.69057500 -1.12074400 -0.20786400 0.08020500 1.04110200
19 -1.74403800 0.00003300 -0.00000800 -0.02361300 -0.01776000 1.33785000
20 -1.36877100 0.00002500 0.00000200 -0.02529200 0.04599800 -0.60797500
21 -1.87480000 -0.93512500 0.99917400 2.73721800 0.58247900 0.69523300
22 -1.54243500 0.03903600 0.17887100 -0.56361300 0.01980100 0.16334400
23 -1.59928500 0.00000400 0.00001600 0.05950500 0.03321900 -0.33057100
24 5.51181500 0.00000800 -0.00000100 1.90386392 0.00026729 3.14138973
25 0.19684700 -0.00000100 0.00000300 2.79340698 -0.00031616 -3.14150943
26 2.82592000 -12.20577300 -2.78509900 1.97586200 1.15990900 1.84280300
27 6.21448500 0.00000600 0.00002000 -0.64392504 0.99233132 -1.76586053
28 11.94488500 -0.00002900 -0.00019400 -0.35033025 -0.34698150 -1.62126199
29 10.62016600 0.00000200 0.00001000 -1.66613311 0.00688602 -0.44234892
30 4.75115600 0.69437600 -0.83047300 0.20299500 0.08083800 0.60824900
31 1.68806500 -0.00002600 0.00000200 -0.00039700 -0.02472600 1.45469900
32 1.33615100 -0.00005100 -0.00000900 0.03211100 -0.02159500 -0.60809400
33 4.82051300 0.50934000 0.22486500 -0.00856500 -0.02581600 0.80590600
34 1.82699600 0.00006600 0.00000800 -0.02704000 0.03008700 0.54162100
35 1.43657700 -0.00001000 0.00000700 0.00034600 -0.01510000 0.81494400
36 3.99235300 0.89108700 1.82799400 -0.59705700 -0.08663300 1.07907000
37 1.40591800 0.00002100 -0.00000700 0.00773100 -0.02839800 0.60867400
38 1.17536900 -0.00013100 0.00000200 0.07777500 0.09569900 0.63953200
39 4.52675600 0.69046000 1.12084200 -0.32698600 -0.07846000 0.97354900
40 1.74404100 -0.00003100 -0.00000200 -0.00983100 -0.02786000 0.74857100
41 1.36876300 -0.00003100 -0.00001700 0.12047900 0.10340200 0.67954500
42 1.87485500 0.93508100 -0.99913000 1.65829700 0.62943900 0.47059700
43 1.52344900 -0.00003400 -0.00000300 -0.04681000 0.17065600 0.16702000
44 1.59928100 -0.00000200 0.00000900 0.07497000 -0.03671300 1.28091000
45 5.51180600 -0.00000200 0.00000600 -0.23579700 0.00000500 0.00000700
46 0.19685000 0.00000300 -0.00000200 -0.34822500 0.00001500 -0.00000200
47 0.00000000 0.00000000 0.00000000 0.00000000 0.00000000 -1.57079600
48 -4.33264300 33.56495300 -4.02389200 0.00000000 0.00000000 -3.14156200
49 -5.74908206 49.41425300 -3.15658098 0.25214821 0.04952158 -1.21553360
50 1.83146400 2.54520700 -8.09276300 1.18434200 0.49215400 2.51044500
51 1.00001700 -0.23261300 2.80764800 0.00000000 0.00000000 0.00000000
52 -0.00505400 -0.00848500 0.39764100 -0.17164685 -0.24524600 1.60227493
53 -0.80051200 -3.65257900 -1.98334900 2.44542600 -0.08843800 -2.57804300
time 15
0 -0.00000100 7.45008900 -27.50902600 0.00000000 0.00000000 0.00003100
1 -0.00000200 0.00000000 0.00000000 1.57074300 -1.56713700 -1.57074300
2 4.25546800 -0.33518300 -0.00000200 0.00000000 0.00000000 -0.12484800
3 7.43124800 1.49647700 0.00000200 0.00000000 0.00000000 0.24545000
4 5.27847900 0.16554100 0.00000100 0.00000000 0.00000000 0.04851100
5 2.63886500 -13.19337700 1.00679000 2.12269900 1.26566500 -1.14230500
6 -6.21448200 -0.00000700 -0.00002700 2.98640068 -1.09004959 2.02576209
7 11.94488200 0.00000000 0.00000100 -1.69073453 -0.45453594 1.58211511
8 10.62018100 0.00000200 0.00000000 -0.08783358 0.69166629 2.75926126
9 -4.75110600 -0.69449400 0.83057700 0.00028100 -0.16938500 0.33403800
10 -1.68806800 0.00004600 -0.00003200 0.00631400 -0.02389200 1.18264900
11 -1.33614000 0.00005700 -0.00001200 0.02637800 0.00063800 0.52890100
12 -4.82049400 -0.50946000 -0.22475900 -0.24351800 -0.14426100 0.82030500
13 -1.82699200 -0.00006400 0.00000600 0.00911100 0.03941700 1.49994600
14 -1.43657300 0.00000600 0.00000200 0.05259500 -0.05734700 -0.83594400
15 -3.99235500 -0.89118800 -1.82790900 -0.38697900 0.18514600 1.26743400
16 -1.40591800 -0.00002500 -0.00000300 -0.00622200 -0.02882100 1.08722300
17 -1.17535800 0.00012800 -0.00002000 -0.03636700 0.05734700 -0.66304300
18 -4.52675100 -0.69057500 -1.12074400 -0.20786400 0.08020500 1.04110200
19 -1.74403800 0.00003300 -0.00000800 -0.02361300 -0.01776000 1.33785000
20 -1.36877100 0.00002500 0.00000200 -0.02529200 0.04599800 -0.60797500
21 -1.87480000 -0.93512500 0.99917400 2.73721800 0.58247900 0.69523300
22 -1.54243500 0.03903600 0.17887100 -0.56361300 0.01980100 0.16334400
23 -1.59928500 0.00000400 0.00001600 0.05950500 0.03321900 -0.33057100
24 5.51181500 0.00000800 -0.00000100 1.90386392 0.00026729 3.14138973
25 0.19684700 -0.00000100 0.00000300 2.79340698 -0.00031616 -3.14150943
26 2.82592000 -12.20577300 -2.78509900 1.97586200 1.15990900 1.84280300
27 6.21448500 0.00000600 0.00002000 -0.64020479 0.99560764 -1.76152623
28 11.94488500 -0.00002900 -0.00019400 -0.35082233 -0.34699414 -1.61984711
29 10.62016600 0.00000200 0.00001000 -1.66999723 0.00447015 -0.44935317
30 4.75115600 0.69437600 -0.83047300 0.20299500 0.08083800 0.60824900
31 1.68806500 -0.00002600 0.00000200 -0.00039700 -0.02472600 1.45469900
32 1.33615100 -0.00005100 -0.00000900 0.03211100 -0.02159500 -0.60809400
33 4.82051300 0.50934000 0.22486500 -0.00856500 -0.02581600 0.80590600
34 1.82699600 0.00006600 0.00000800 -0.02704000 0.03008700 0.54162100
35 1.43657700 -0.00001000 0.00000700 0.00034600 -0.01510000 0.81494400
36 3.99235300 0.89108700 1.82799400 -0.59705700 -0.08663300 1.07907000
37 1.40591800 0.00002100 -0.00000700 0.00773100 -0.02839800 0.60867400
38 1.17536900 -0.00013100 0.00000200 0.07777500 0.09569900 0.63953200
39 4.52675600 0.69046000 1.12084200 -0.32698600 -0.07846000 0.97354900
40 1.74404100 -0.00003100 -0.00000200 -0.00983100 -0.02786000 0.74857100
41 1.36876300 -0.00003100 -0.00001700 0.12047900 0.10340200 0.67954500
42 1.87485500 0.93508100 -0.99913000 1.65829700 0.62943900 0.47059700
43 1.52344900 -0.00003400 -0.00000300 -0.04681000 0.17065600 0.16702000
44 1.59928100 -0.00000200 0.00000900 0.07497000 -0.03671300 1.28091000
45 5.51180600 -0.00000200 0.00000600 -0.23579700 0.00000500 0.00000700
46 0.19685000 0.00000300 -0.00000200 -0.34822500 0.00001500 -0.00000200
47 0.00000000 0.00000000 0.00000000 0.00000000 0.00000000 -1.57079600
48 -4.33264300 33.56495300 -4.02389200 0.00000000 0.00000000 -3.14156200
49 -5.77871144 49.41425300 -3.21322354 0.25676547 0.04705180 -1.21573860
50 1.83146400 2.54520700 -8.09276300 1.18434200 0.49215400 2.51044500
51 1.00001700 -0.23261300 2.80764800 0.00000000 0.00000000 0.00000000
52 -0.00505400 -0.00848500 0.39764100 -0.19967490 -0.26476372 1.60360131
53 -0.80051200 -3.65257900 -1.98334900 2.44542600 -0.08843800 -2.57804300
time 16
0 -0.00000100 7.45008900 -27.50902600 0.00000000 0.00000000 0.00003100
1 -0.00000200 0.00000000 0.00000000 1.57074300 -1.56713700 -1.57074300
2 4.25546800 -0.33518300 -0.00000200 0.00000000 0.00000000 -0.12484800
3 7.43124800 1.49647700 0.00000200 0.00000000 0.00000000 0.24545000
4 5.27847900 0.16554100 0.00000100 0.00000000 0.00000000 0.04851100
5 2.63886500 -13.19337700 1.00679000 2.12269900 1.26566500 -1.14230500
6 -6.21448200 -0.00000700 -0.00002700 2.98284233 -1.09103572 2.02946224
7 11.94488200 0.00000000 0.00000100 -1.69047668 -0.45491325 1.58149234
8 10.62018100 0.00000200 0.00000000 -0.08179192 0.69303848 2.76496358
9 -4.75110600 -0.69449400 0.83057700 0.00028100 -0.16938500 0.33403800
10 -1.68806800 0.00004600 -0.00003200 0.00631400 -0.02389200 1.18264900
11 -1.33614000 0.00005700 -0.00001200 0.02637800 0.00063800 0.52890100
12 -4.82049400 -0.50946000 -0.22475900 -0.24351800 -0.14426100 0.82030500
13 -1.82699200 -0.00006400 0.00000600 0.00911100 0.03941700 1.49994600
14 -1.43657300 0.00000600 0.00000200 0.05259500 -0.05734700 -0.83594400
15 -3.99235500 -0.89118800 -1.82790900 -0.38697900 0.18514600 1.26743400
16 -1.40591800 -0.00002500 -0.00000300 -0.00622200 -0.02882100 1.08722300
17 -1.17535800 0.00012800 -0.00002000 -0.03636700 0.05734700 -0.66304300
18 -4.52675100 -0.69057500 -1.12074400 -0.20786400 0.08020500 1.04110200
19 -1.74403800 0.00003300 -0.00000800 -0.02361300 -0.01776000 1.33785000
20 -1.36877100 0.00002500 0.00000200 -0.02529200 0.04599800 -0.60797500
21 -1.87480000 -0.93512500 0.99917400 2.73721800 0.58247900 0.69523300
22 -1.54243500 0.03903600 0.17887100 -0.56361300 0.01980100 0.16334400
23 -1.59928500 0.00000400 0.00001600 0.05950500 0.03321900 -0.33057100
24 5.51181500 0.00000800 -0.00000100 1.90386392 0.00026729 3.14138973
25 0.19684700 -0.00000100 0.00000300 2.79340698 -0.00031616 -3.14150943
26 2.82592000 -12.20577300 -2.78509900 1.97586200 1.15990900 1.84280300
27 6.21448500 0.00000600 0.00002000 -0.63636583 0.99901484 -1.75737515
28 11.94488500 -0.00002900 -0.00019400 -0.35151446 -0.34715076 -1.61784781
29 10.62016600 0.00000200 0.00001000 -1.67416395 0.00202186 -0.45695855
30 4.75115600 0.69437600 -0.83047300 0.20299500 0.08083800 0.60824900
31 1.68806500 -0.00002600 0.00000200 -0.00039700 -0.02472600 1.45469900
32 1.33615100 -0.00005100 -0.00000900 0.03211100 -0.02159500 -0.60809400
33 4.82051300 0.50934000 0.22486500 -0.00856500 -0.02581600 0.80590600
34 1.82699600 0.00006600 0.00000800 -0.02704000 0.03008700 0.54162100
35 1.43657700 -0.00001000 0.00000700 0.00034600 -0.01510000 0.81494400
36 3.99235300 0.89108700 1.82799400 -0.59705700 -0.08663300 1.07907000
37 1.40591800 0.00002100 -0.00000700 0.00773100 -0.02839800 0.60867400
38 1.17536900 -0.00013100 0.00000200 0.07777500 0.09569900 0.63953200
39 4.52675600 0.69046000 1.12084200 -0.32698600 -0.07846000 0.97354900
40 1.74404100 -0.00003100 -0.00000200 -0.00983100 -0.02786000 0.74857100
41 1.36876300 -0.00003100 -0.00001700 0.12047900 0.10340200 0.67954500
42 1.87485500 0.93508100 -0.99913000 1.65829700 0.62943900 0.47059700
43 1.52344900 -0.00003400 -0.00000300 -0.04681000 0.17065600 0.16702000
44 1.59928100 -0.00000200 0.00000900 0.07497000 -0.03671300 1.28091000
45 5.51180600 -0.00000200 0.00000600 -0.23579700 0.00000500 0.00000700
46 0.19685000 0.00000300 -0.00000200 -0.34822500 0.00001500 -0.00000200
47 0.00000000 0.00000000 0.00000000 0.00000000 0.00000000 -1.57079600
48 -4.33264300 33.56495300 -4.02389200 0.00000000 0.00000000 -3.14156200
49 -5.80535748 49.41425300 -3.27110507 0.26186540 0.04447168 -1.21639825
50 1.83146400 2.54520700 -8.09276300 1.18434200 0.49215400 2.51044500
51 1.00001700 -0.23261300 2.80764800 0.00000000 0.00000000 0.00000000
52 -0.00505400 -0.00848500 0.39764100 -0.22007393 -0.27658560 1.60328576
53 -0.80051200 -3.65257900 -1.98334900 2.44542600 -0.08843800 -2.57804300
time 17
0 -0.00000100 7.45008900 -27.50902600 0.00000000 0.00000000 0.00003100
1 -0.00000200 0.00000000 0.00000000 1.57074300 -1.56713700 -1.57074300
2 4.25546800 -0.33518300 -0.00000200 0.00000000 0.00000000 -0.12484800
3 7.43124800 1.49647700 0.00000200 0.00000000 0.00000000 0.24545000
4 5.27847900 0.16554100 0.00000100 0.00000000 0.00000000 0.04851100
5 2.63886500 -13.19337700 1.00679000 2.12269900 1.26566500 -1.14230500
6 -6.21448200 -0.00000700 -0.00002700 2.97677366 -1.09094490 2.03765156
7 11.94488200 0.00000000 0.00000100 -1.69186333 -0.45376671 1.58480166
8 10.62018100 0.00000200 0.00000000 -0.07396651 0.68999194 2.77204008
9 -4.75110600 -0.69449400 0.83057700 0.00028100 -0.16938500 0.33403800
10 -1.68806800 0.00004600 -0.00003200 0.00631400 -0.02389200 1.18264900
11 -1.33614000 0.00005700 -0.00001200 0.02637800 0.00063800 0.52890100
12 -4.82049400 -0.50946000 -0.22475900 -0.24351800 -0.14426100 0.82030500
13 -1.82699200 -0.00006400 0.00000600 0.00911100 0.03941700 1.49994600
14 -1.43657300 0.00000600 0.00000200 0.05259500 -0.05734700 -0.83594400
15 -3.99235500 -0.89118800 -1.82790900 -0.38697900 0.18514600 1.26743400
16 -1.40591800 -0.00002500 -0.00000300 -0.00622200 -0.02882100 1.08722300
17 -1.17535800 0.00012800 -0.00002000 -0.03636700 0.05734700 -0.66304300
18 -4.52675100 -0.69057500 -1.12074400 -0.20786400 0.08020500 1.04110200
19 -1.74403800 0.00003300 -0.00000800 -0.02361300 -0.01776000 1.33785000
20 -1.36877100 0.00002500 0.00000200 -0.02529200 0.04599800 -0.60797500
21 -1.87480000 -0.93512500 0.99917400 2.73721800 0.58247900 0.69523300
22 -1.54243500 0.03903600 0.17887100 -0.56361300 0.01980100 0.16334400
23 -1.59928500 0.00000400 0.00001600 0.05950500 0.03321900 -0.33057100
24 5.51181500 0.00000800 -0.00000100 1.90386392 0.00026729 3.14138973
25 0.19684700 -0.00000100 0.00000300 2.79340698 -0.00031616 -3.14150943
26 2.82592000 -12.20577300 -2.78509900 1.97586200 1.15990900 1.84280300
27 6.21448500 0.00000600 0.00002000 -0.63302045 1.00220604 -1.75460223
28 11.94488500 -0.00002900 -0.00019400 -0.35223442 -0.34750279 -1.61572048
29 10.62016600 0.00000200 0.00001000 -1.68000345 -0.00212456 -0.46386771
30 4.75115600 0.69437600 -0.83047300 0.20299500 0.08083800 0.60824900
31 1.68806500 -0.00002600 0.00000200 -0.00039700 -0.02472600 1.45469900
32 1.33615100 -0.00005100 -0.00000900 0.03211100 -0.02159500 -0.60809400
33 4.82051300 0.50934000 0.22486500 -0.00856500 -0.02581600 0.80590600
34 1.82699600 0.00006600 0.00000800 -0.02704000 0.03008700 0.54162100
35 1.43657700 -0.00001000 0.00000700 0.00034600 -0.01510000 0.81494400
36 3.99235300 0.89108700 1.82799400 -0.59705700 -0.08663300 1.07907000
37 1.40591800 0.00002100 -0.00000700 0.00773100 -0.02839800 0.60867400
38 1.17536900 -0.00013100 0.00000200 0.07777500 0.09569900 0.63953200
39 4.52675600 0.69046000 1.12084200 -0.32698600 -0.07846000 0.97354900
40 1.74404100 -0.00003100 -0.00000200 -0.00983100 -0.02786000 0.74857100
41 1.36876300 -0.00003100 -0.00001700 0.12047900 0.10340200 0.67954500
42 1.87485500 0.93508100 -0.99913000 1.65829700 0.62943900 0.47059700
43 1.52344900 -0.00003400 -0.00000300 -0.04681000 0.17065600 0.16702000
44 1.59928100 -0.00000200 0.00000900 0.07497000 -0.03671300 1.28091000
45 5.51180600 -0.00000200 0.00000600 -0.23579700 0.00000500 0.00000700
46 0.19685000 0.00000300 -0.00000200 -0.34822500 0.00001500 -0.00000200
47 0.00000000 0.00000000 0.00000000 0.00000000 0.00000000 -1.57079600
48 -4.33264300 33.56495300 -4.02389200 0.00000000 0.00000000 -3.14156200
49 -5.82516514 49.41425300 -3.31964581 0.26818301 0.03985146 -1.21835753
50 1.83146400 2.54520700 -8.09276300 1.18434200 0.49215400 2.51044500
51 1.00001700 -0.23261300 2.80764800 0.00000000 0.00000000 0.00000000
52 -0.00505400 -0.00848500 0.39764100 -0.23176696 -0.26912213 1.59450473
53 -0.80051200 -3.65257900 -1.98334900 2.44542600 -0.08843800 -2.57804300
time 18
0 -0.00000100 7.45008900 -27.50902600 0.00000000 0.00000000 0.00003100
1 -0.00000200 0.00000000 0.00000000 1.57074300 -1.56713700 -1.57074300
2 4.25546800 -0.33518300 -0.00000200 0.00000000 0.00000000 -0.12484800
3 7.43124800 1.49647700 0.00000200 0.00000000 0.00000000 0.24545000
4 5.27847900 0.16554100 0.00000100 0.00000000 0.00000000 0.04851100
5 2.63886500 -13.19337700 1.00679000 2.12269900 1.26566500 -1.14230500
6 -6.21448200 -0.00000700 -0.00002700 2.96973824 -1.09036738 2.04777898
7 11.94488200 0.00000000 0.00000100 -1.69424521 -0.45177668 1.59024605
8 10.62018100 0.00000200 0.00000000 -0.06564011 0.68475778 2.77933637
9 -4.75110600 -0.69449400 0.83057700 0.00028100 -0.16938500 0.33403800
10 -1.68806800 0.00004600 -0.00003200 0.00631400 -0.02389200 1.18264900
11 -1.33614000 0.00005700 -0.00001200 0.02637800 0.00063800 0.52890100
12 -4.82049400 -0.50946000 -0.22475900 -0.24351800 -0.14426100 0.82030500
13 -1.82699200 -0.00006400 0.00000600 0.00911100 0.03941700 1.49994600
14 -1.43657300 0.00000600 0.00000200 0.05259500 -0.05734700 -0.83594400
15 -3.99235500 -0.89118800 -1.82790900 -0.38697900 0.18514600 1.26743400
16 -1.40591800 -0.00002500 -0.00000300 -0.00622200 -0.02882100 1.08722300
17 -1.17535800 0.00012800 -0.00002000 -0.03636700 0.05734700 -0.66304300
18 -4.52675100 -0.69057500 -1.12074400 -0.20786400 0.08020500 1.04110200
19 -1.74403800 0.00003300 -0.00000800 -0.02361300 -0.01776000 1.33785000
20 -1.36877100 0.00002500 0.00000200 -0.02529200 0.04599800 -0.60797500
21 -1.87480000 -0.93512500 0.99917400 2.73721800 0.58247900 0.69523300
22 -1.54243500 0.03903600 0.17887100 -0.56361300 0.01980100 0.16334400
23 -1.59928500 0.00000400 0.00001600 0.05950500 0.03321900 -0.33057100
24 5.51181500 0.00000800 -0.00000100 1.90386392 0.00026729 3.14138973
25 0.19684700 -0.00000100 0.00000300 2.79340698 -0.00031616 -3.14150943
26 2.82592000 -12.20577300 -2.78509900 1.97586200 1.15990900 1.84280300
27 6.21448500 0.00000600 0.00002000 -0.63006269 1.00516296 -1.75267598
28 11.94488500 -0.00002900 -0.00019400 -0.35303761 -0.34796483 -1.61335304
29 10.62016600 0.00000200 0.00001000 -1.68647584 -0.00707630 -0.47019697
30 4.75115600 0.69437600 -0.83047300 0.20299500 0.08083800 0.60824900
31 1.68806500 -0.00002600 0.00000200 -0.00039700 -0.02472600 1.45469900
32 1.33615100 -0.00005100 -0.00000900 0.03211100 -0.02159500 -0.60809400
33 4.82051300 0.50934000 0.22486500 -0.00856500 -0.02581600 0.80590600
34 1.82699600 0.00006600 0.00000800 -0.02704000 0.03008700 0.54162100
35 1.43657700 -0.00001000 0.00000700 0.00034600 -0.01510000 0.81494400
36 3.99235300 0.89108700 1.82799400 -0.59705700 -0.08663300 1.07907000
37 1.40591800 0.00002100 -0.00000700 0.00773100 -0.02839800 0.60867400
38 1.17536900 -0.00013100 0.00000200 0.07777500 0.09569900 0.63953200
39 4.52675600 0.69046000 1.12084200 -0.32698600 -0.07846000 0.97354900
40 1.74404100 -0.00003100 -0.00000200 -0.00983100 -0.02786000 0.74857100
41 1.36876300 -0.00003100 -0.00001700 0.12047900 0.10340200 0.67954500
42 1.87485500 0.93508100 -0.99913000 1.65829700 0.62943900 0.47059700
43 1.52344900 -0.00003400 -0.00000300 -0.04681000 0.17065600 0.16702000
44 1.59928100 -0.00000200 0.00000900 0.07497000 -0.03671300 1.28091000
45 5.51180600 -0.00000200 0.00000600 -0.23579700 0.00000500 0.00000700
46 0.19685000 0.00000300 -0.00000200 -0.34822500 0.00001500 -0.00000200
47 0.00000000 0.00000000 0.00000000 0.00000000 0.00000000 -1.57079600
48 -4.33264300 33.56495300 -4.02389200 0.00000000 0.00000000 -3.14156200
49 -5.84106517 49.41425300 -3.36166953 0.27505794 0.03422926 -1.22105793
50 1.83146400 2.54520700 -8.09276300 1.18434200 0.49215400 2.51044500
51 1.00001700 -0.23261300 2.80764800 0.00000000 0.00000000 0.00000000
52 -0.00505400 -0.00848500 0.39764100 -0.23783477 -0.25022063 1.58073495
53 -0.80051200 -3.65257900 -1.98334900 2.44542600 -0.08843800 -2.57804300
time 19
0 -0.00000100 7.45008900 -27.50902600 0.00000000 0.00000000 0.00003100
1 -0.00000200 0.00000000 0.00000000 1.57074300 -1.56713700 -1.57074300
2 4.25546800 -0.33518300 -0.00000200 0.00000000 0.00000000 -0.12484800
3 7.43124800 1.49647700 0.00000200 0.00000000 0.00000000 0.24545000
4 5.27847900 0.16554100 0.00000100 0.00000000 0.00000000 0.04851100
5 2.63886500 -13.19337700 1.00679000 2.12269900 1.26566500 -1.14230500
6 -6.21448200 -0.00000700 -0.00002700 2.96241634 -1.08886775 2.05941279
7 11.94488200 0.00000000 0.00000100 -1.69766358 -0.44878579 1.59815835
8 10.62018100 0.00000200 0.00000000 -0.05717783 0.67649328 2.78680288
9 -4.75110600 -0.69449400 0.83057700 0.00028100 -0.16938500 0.33403800
10 -1.68806800 0.00004600 -0.00003200 0.00631400 -0.02389200 1.18264900
11 -1.33614000 0.00005700 -0.00001200 0.02637800 0.00063800 0.52890100
12 -4.82049400 -0.50946000 -0.22475900 -0.24351800 -0.14426100 0.82030500
13 -1.82699200 -0.00006400 0.00000600 0.00911100 0.03941700 1.49994600
14 -1.43657300 0.00000600 0.00000200 0.05259500 -0.05734700 -0.83594400
15 -3.99235500 -0.89118800 -1.82790900 -0.38697900 0.18514600 1.26743400
16 -1.40591800 -0.00002500 -0.00000300 -0.00622200 -0.02882100 1.08722300
17 -1.17535800 0.00012800 -0.00002000 -0.03636700 0.05734700 -0.66304300
18 -4.52675100 -0.69057500 -1.12074400 -0.20786400 0.08020500 1.04110200
19 -1.74403800 0.00003300 -0.00000800 -0.02361300 -0.01776000 1.33785000
20 -1.36877100 0.00002500 0.00000200 -0.02529200 0.04599800 -0.60797500
21 -1.87480000 -0.93512500 0.99917400 2.73721800 0.58247900 0.69523300
22 -1.54243500 0.03903600 0.17887100 -0.56361300 0.01980100 0.16334400
23 -1.59928500 0.00000400 0.00001600 0.05950500 0.03321900 -0.33057100
24 5.51181500 0.00000800 -0.00000100 1.90386392 0.00026729 3.14138973
25 0.19684700 -0.00000100 0.00000300 2.79340698 -0.00031616 -3.14150943
26 2.82592000 -12.20577300 -2.78509900 1.97586200 1.15990900 1.84280300
27 6.21448500 0.00000600 0.00002000 -0.62841096 1.00722905 -1.75258421
28 11.94488500 -0.00002900 -0.00019400 -0.35373087 -0.34865678 -1.61124451
29 10.62016600 0.00000200 0.00001000 -1.69302471 -0.01266162 -0.47495727
30 4.75115600 0.69437600 -0.83047300 0.20299500 0.08083800 0.60824900
31 1.68806500 -0.00002600 0.00000200 -0.00039700 -0.02472600 1.45469900
32 1.33615100 -0.00005100 -0.00000900 0.03211100 -0.02159500 -0.60809400
33 4.82051300 0.50934000 0.22486500 -0.00856500 -0.02581600 0.80590600
34 1.82699600 0.00006600 0.00000800 -0.02704000 0.03008700 0.54162100
35 1.43657700 -0.00001000 0.00000700 0.00034600 -0.01510000 0.81494400
36 3.99235300 0.89108700 1.82799400 -0.59705700 -0.08663300 1.07907000
37 1.40591800 0.00002100 -0.00000700 0.00773100 -0.02839800 0.60867400
38 1.17536900 -0.00013100 0.00000200 0.07777500 0.09569900 0.63953200
39 4.52675600 0.69046000 1.12084200 -0.32698600 -0.07846000 0.97354900
40 1.74404100 -0.00003100 -0.00000200 -0.00983100 -0.02786000 0.74857100
41 1.36876300 -0.00003100 -0.00001700 0.12047900 0.10340200 0.67954500
42 1.87485500 0.93508100 -0.99913000 1.65829700 0.62943900 0.47059700
43 1.52344900 -0.00003400 -0.00000300 -0.04681000 0.17065600 0.16702000
44 1.59928100 -0.00000200 0.00000900 0.07497000 -0.03671300 1.28091000
45 5.51180600 -0.00000200 0.00000600 -0.23579700 0.00000500 0.00000700
46 0.19685000 0.00000300 -0.00000200 -0.34822500 0.00001500 -0.00000200
47 0.00000000 0.00000000 0.00000000 0.00000000 0.00000000 -1.57079600
48 -4.33264300 33.56495300 -4.02389200 0.00000000 0.00000000 -3.14156200
49 -5.84807927 49.41425300 -3.38334551 0.28206392 0.02811909 -1.22439727
50 1.83146400 2.54520700 -8.09276300 1.18434200 0.49215400 2.51044500
51 1.00001700 -0.23261300 2.80764800 0.00000000 0.00000000 0.00000000
52 -0.00505400 -0.00848500 0.39764100 -0.23959000 -0.20968840 1.55554457
53 -0.80051200 -3.65257900 -1.98334900 2.44542600 -0.08843800 -2.57804300
time 20
0 -0.00000100 7.45008900 -27.50902600 0.00000000 0.00000000 0.00003100
1 -0.00000200 0.00000000 0.00000000 1.57074300 -1.56713700 -1.57074300
2 4.25546800 -0.33518300 -0.00000200 0.00000000 0.00000000 -0.12484800
3 7.43124800 1.49647700 0.00000200 0.00000000 0.00000000 0.24545000
4 5.27847900 0.16554100 0.00000100 0.00000000 0.00000000 0.04851100
5 2.63886500 -13.19337700 1.00679000 2.12269900 1.26566500 -1.14230500
6 -6.21448200 -0.00000700 -0.00002700 2.95585688 -1.08702373 2.07038412
7 11.94488200 0.00000000 0.00000100 -1.70104960 -0.44559800 1.60613647
8 10.62018100 0.00000200 0.00000000 -0.04936808 0.66798543 2.79361715
9 -4.75110600 -0.69449400 0.83057700 0.00028100 -0.16938500 0.33403800
10 -1.68806800 0.00004600 -0.00003200 0.00631400 -0.02389200 1.18264900
11 -1.33614000 0.00005700 -0.00001200 0.02637800 0.00063800 0.52890100
12 -4.82049400 -0.50946000 -0.22475900 -0.24351800 -0.14426100 0.82030500
13 -1.82699200 -0.00006400 0.00000600 0.00911100 0.03941700 1.49994600
14 -1.43657300 0.00000600 0.00000200 0.05259500 -0.05734700 -0.83594400
15 -3.99235500 -0.89118800 -1.82790900 -0.38697900 0.18514600 1.26743400
16 -1.40591800 -0.00002500 -0.00000300 -0.00622200 -0.02882100 1.08722300
17 -1.17535800 0.00012800 -0.00002000 -0.03636700 0.05734700 -0.66304300
18 -4.52675100 -0.69057500 -1.12074400 -0.20786400 0.08020500 1.04110200
19 -1.74403800 0.00003300 -0.00000800 -0.02361300 -0.01776000 1.33785000
20 -1.36877100 0.00002500 0.00000200 -0.02529200 0.04599800 -0.60797500
21 -1.87480000 -0.93512500 0.99917400 2.73721800 0.58247900 0.69523300
22 -1.54243500 0.03903600 0.17887100 -0.56361300 0.01980100 0.16334400
23 -1.59928500 0.00000400 0.00001600 0.05950500 0.03321900 -0.33057100
24 5.51181500 0.00000800 -0.00000100 1.90386392 0.00026729 3.14138973
25 0.19684700 -0.00000100 0.00000300 2.79340698 -0.00031616 -3.14150943
26 2.82592000 -12.20577300 -2.78509900 1.97586200 1.15990900 1.84280300
27 6.21448500 0.00000600 0.00002000 -0.62715806 1.00896719 -1.75302333
28 11.94488500 -0.00002900 -0.00019400 -0.35447516 -0.34918474 -1.60919068
29 10.62016600 0.00000200 0.00001000 -1.69942389 -0.01802684 -0.47901870
30 4.75115600 0.69437600 -0.83047300 0.20299500 0.08083800 0.60824900
31 1.68806500 -0.00002600 0.00000200 -0.00039700 -0.02472600 1.45469900
32 1.33615100 -0.00005100 -0.00000900 0.03211100 -0.02159500 -0.60809400
33 4.82051300 0.50934000 0.22486500 -0.00856500 -0.02581600 0.80590600
34 1.82699600 0.00006600 0.00000800 -0.02704000 0.03008700 0.54162100
35 1.43657700 -0.00001000 0.00000700 0.00034600 -0.01510000 0.81494400
36 3.99235300 0.89108700 1.82799400 -0.59705700 -0.08663300 1.07907000
37 1.40591800 0.00002100 -0.00000700 0.00773100 -0.02839800 0.60867400
38 1.17536900 -0.00013100 0.00000200 0.07777500 0.09569900 0.63953200
39 4.52675600 0.69046000 1.12084200 -0.32698600 -0.07846000 0.97354900
40 1.74404100 -0.00003100 -0.00000200 -0.00983100 -0.02786000 0.74857100
41 1.36876300 -0.00003100 -0.00001700 0.12047900 0.10340200 0.67954500
42 1.87485500 0.93508100 -0.99913000 1.65829700 0.62943900 0.47059700
43 1.52344900 -0.00003400 -0.00000300 -0.04681000 0.17065600 0.16702000
44 1.59928100 -0.00000200 0.00000900 0.07497000 -0.03671300 1.28091000
45 5.51180600 -0.00000200 0.00000600 -0.23579700 0.00000500 0.00000700
46 0.19685000 0.00000300 -0.00000200 -0.34822500 0.00001500 -0.00000200
47 0.00000000 0.00000000 0.00000000 0.00000000 0.00000000 -1.57079600
48 -4.33264300 33.56495300 -4.02389200 0.00000000 0.00000000 -3.14156200
49 -5.85311873 49.41425300 -3.39844799 0.28866746 0.02231353 -1.22782376
50 1.83146400 2.54520700 -8.09276300 1.18434200 0.49215400 2.51044500
51 1.00001700 -0.23261300 2.80764800 0.00000000 0.00000000 0.00000000
52 -0.00505400 -0.00848500 0.39764100 -0.23998866 -0.16292027 1.52843763
53 -0.80051200 -3.65257900 -1.98334900 2.44542600 -0.08843800 -2.57804300
time 21
0 -0.00000100 7.45008900 -27.50902600 0.00000000 0.00000000 0.00003100
1 -0.00000200 0.00000000 0.00000000 1.57074300 -1.56713700 -1.57074300
2 4.25546800 -0.33518300 -0.00000200 0.00000000 0.00000000 -0.12484800
3 7.43124800 1.49647700 0.00000200 0.00000000 0.00000000 0.24545000
4 5.27847900 0.16554100 0.00000100 0.00000000 0.00000000 0.04851100
5 2.63886500 -13.19337700 1.00679000 2.12269900 1.26566500 -1.14230500
6 -6.21448200 -0.00000700 -0.00002700 2.95362609 -1.08472899 2.07612986
7 11.94488200 0.00000000 0.00000100 -1.70349045 -0.44327284 1.61176179
8 10.62018100 0.00000200 0.00000000 -0.04474852 0.66248912 2.79767604
9 -4.75110600 -0.69449400 0.83057700 0.00028100 -0.16938500 0.33403800
10 -1.68806800 0.00004600 -0.00003200 0.00631400 -0.02389200 1.18264900
11 -1.33614000 0.00005700 -0.00001200 0.02637800 0.00063800 0.52890100
12 -4.82049400 -0.50946000 -0.22475900 -0.24351800 -0.14426100 0.82030500
13 -1.82699200 -0.00006400 0.00000600 0.00911100 0.03941700 1.49994600
14 -1.43657300 0.00000600 0.00000200 0.05259500 -0.05734700 -0.83594400
15 -3.99235500 -0.89118800 -1.82790900 -0.38697900 0.18514600 1.26743400
16 -1.40591800 -0.00002500 -0.00000300 -0.00622200 -0.02882100 1.08722300
17 -1.17535800 0.00012800 -0.00002000 -0.03636700 0.05734700 -0.66304300
18 -4.52675100 -0.69057500 -1.12074400 -0.20786400 0.08020500 1.04110200
19 -1.74403800 0.00003300 -0.00000800 -0.02361300 -0.01776000 1.33785000
20 -1.36877100 0.00002500 0.00000200 -0.02529200 0.04599800 -0.60797500
21 -1.87480000 -0.93512500 0.99917400 2.73721800 0.58247900 0.69523300
22 -1.54243500 0.03903600 0.17887100 -0.56361300 0.01980100 0.16334400
23 -1.59928500 0.00000400 0.00001600 0.05950500 0.03321900 -0.33057100
24 5.51181500 0.00000800 -0.00000100 1.90386392 0.00026729 3.14138973
25 0.19684700 -0.00000100 0.00000300 2.79340698 -0.00031616 -3.14150943
26 2.82592000 -12.20577300 -2.78509900 1.97586200 1.15990900 1.84280300
27 6.21448500 0.00000600 0.00002000 -0.62777178 1.00886794 -1.75515507
28 11.94488500 -0.00002900 -0.00019400 -0.35493303 -0.34993818 -1.60773836
29 10.62016600 0.00000200 0.00001000 -1.70294209 -0.02073801 -0.48150205
30 4.75115600 0.69437600 -0.83047300 0.20299500 0.08083800 0.60824900
31 1.68806500 -0.00002600 0.00000200 -0.00039700 -0.02472600 1.45469900
32 1.33615100 -0.00005100 -0.00000900 0.03211100 -0.02159500 -0.60809400
33 4.82051300 0.50934000 0.22486500 -0.00856500 -0.02581600 0.80590600
34 1.82699600 0.00006600 0.00000800 -0.02704000 0.03008700 0.54162100
35 1.43657700 -0.00001000 0.00000700 0.00034600 -0.01510000 0.81494400
36 3.99235300 0.89108700 1.82799400 -0.59705700 -0.08663300 1.07907000
37 1.40591800 0.00002100 -0.00000700 0.00773100 -0.02839800 0.60867400
38 1.17536900 -0.00013100 0.00000200 0.07777500 0.09569900 0.63953200
39 4.52675600 0.69046000 1.12084200 -0.32698600 -0.07846000 0.97354900
40 1.74404100 -0.00003100 -0.00000200 -0.00983100 -0.02786000 0.74857100
41 1.36876300 -0.00003100 -0.00001700 0.12047900 0.10340200 0.67954500
42 1.87485500 0.93508100 -0.99913000 1.65829700 0.62943900 0.47059700
43 1.52344900 -0.00003400 -0.00000300 -0.04681000 0.17065600 0.16702000
44 1.59928100 -0.00000200 0.00000900 0.07497000 -0.03671300 1.28091000
45 5.51180600 -0.00000200 0.00000600 -0.23579700 0.00000500 0.00000700
46 0.19685000 0.00000300 -0.00000200 -0.34822500 0.00001500 -0.00000200
47 0.00000000 0.00000000 0.00000000 0.00000000 0.00000000 -1.57079600
48 -4.33264300 33.56495300 -4.02389200 0.00000000 0.00000000 -3.14156200
49 -5.84849680 49.41425300 -3.38694416 0.29337422 0.02013868 -1.23021420
50 1.83146400 2.54520700 -8.09276300 1.18434200 0.49215400 2.51044500
51 1.00001700 -0.23261300 2.80764800 0.00000000 0.00000000 0.00000000
52 -0.00505400 -0.00848500 0.39764100 -0.23860469 -0.11361375 1.50137228
53 -0.80051200 -3.65257900 -1.98334900 2.44542600 -0.08843800 -2.57804300
time 22
0 -0.00000100 7.45008900 -27.50902600 0.00000000 0.00000000 0.00003100
1 -0.00000200 0.00000000 0.00000000 1.57074300 -1.56713700 -1.57074300
2 4.25546800 -0.33518300 -0.00000200 0.00000000 0.00000000 -0.12484800
3 7.43124800 1.49647700 0.00000200 0.00000000 0.00000000 0.24545000
4 5.27847900 0.16554100 0.00000100 0.00000000 0.00000000 0.04851100
5 2.63886500 -13.19337700 1.00679000 2.12269900 1.26566500 -1.14230500
6 -6.21448200 -0.00000700 -0.00002700 2.95234412 -1.08244728 2.08056821
7 11.94488200 0.00000000 0.00000100 -1.70552320 -0.44109546 1.61656289
8 10.62018100 0.00000200 0.00000000 -0.04122740 0.65759991 2.80071218
9 -4.75110600 -0.69449400 0.83057700 0.00028100 -0.16938500 0.33403800
10 -1.68806800 0.00004600 -0.00003200 0.00631400 -0.02389200 1.18264900
11 -1.33614000 0.00005700 -0.00001200 0.02637800 0.00063800 0.52890100
12 -4.82049400 -0.50946000 -0.22475900 -0.24351800 -0.14426100 0.82030500
13 -1.82699200 -0.00006400 0.00000600 0.00911100 0.03941700 1.49994600
14 -1.43657300 0.00000600 0.00000200 0.05259500 -0.05734700 -0.83594400
15 -3.99235500 -0.89118800 -1.82790900 -0.38697900 0.18514600 1.26743400
16 -1.40591800 -0.00002500 -0.00000300 -0.00622200 -0.02882100 1.08722300
17 -1.17535800 0.00012800 -0.00002000 -0.03636700 0.05734700 -0.66304300
18 -4.52675100 -0.69057500 -1.12074400 -0.20786400 0.08020500 1.04110200
19 -1.74403800 0.00003300 -0.00000800 -0.02361300 -0.01776000 1.33785000
20 -1.36877100 0.00002500 0.00000200 -0.02529200 0.04599800 -0.60797500
21 -1.87480000 -0.93512500 0.99917400 2.73721800 0.58247900 0.69523300
22 -1.54243500 0.03903600 0.17887100 -0.56361300 0.01980100 0.16334400
23 -1.59928500 0.00000400 0.00001600 0.05950500 0.03321900 -0.33057100
24 5.51181500 0.00000800 -0.00000100 1.90386392 0.00026729 3.14138973
25 0.19684700 -0.00000100 0.00000300 2.79340698 -0.00031616 -3.14150943
26 2.82592000 -12.20577300 -2.78509900 1.97586200 1.15990900 1.84280300
27 6.21448500 0.00000600 0.00002000 -0.62875018 1.00841654 -1.75757435
28 11.94488500 -0.00002900 -0.00019400 -0.35539196 -0.35047312 -1.60648268
29 10.62016600 0.00000200 0.00001000 -1.70580975 -0.02269283 -0.48314793
30 4.75115600 0.69437600 -0.83047300 0.20299500 0.08083800 0.60824900
31 1.68806500 -0.00002600 0.00000200 -0.00039700 -0.02472600 1.45469900
32 1.33615100 -0.00005100 -0.00000900 0.03211100 -0.02159500 -0.60809400
33 4.82051300 0.50934000 0.22486500 -0.00856500 -0.02581600 0.80590600
34 1.82699600 0.00006600 0.00000800 -0.02704000 0.03008700 0.54162100
35 1.43657700 -0.00001000 0.00000700 0.00034600 -0.01510000 0.81494400
36 3.99235300 0.89108700 1.82799400 -0.59705700 -0.08663300 1.07907000
37 1.40591800 0.00002100 -0.00000700 0.00773100 -0.02839800 0.60867400
38 1.17536900 -0.00013100 0.00000200 0.07777500 0.09569900 0.63953200
39 4.52675600 0.69046000 1.12084200 -0.32698600 -0.07846000 0.97354900
40 1.74404100 -0.00003100 -0.00000200 -0.00983100 -0.02786000 0.74857100
41 1.36876300 -0.00003100 -0.00001700 0.12047900 0.10340200 0.67954500
42 1.87485500 0.93508100 -0.99913000 1.65829700 0.62943900 0.47059700
43 1.52344900 -0.00003400 -0.00000300 -0.04681000 0.17065600 0.16702000
44 1.59928100 -0.00000200 0.00000900 0.07497000 -0.03671300 1.28091000
45 5.51180600 -0.00000200 0.00000600 -0.23579700 0.00000500 0.00000700
46 0.19685000 0.00000300 -0.00000200 -0.34822500 0.00001500 -0.00000200
47 0.00000000 0.00000000 0.00000000 0.00000000 0.00000000 -1.57079600
48 -4.33264300 33.56495300 -4.02389200 0.00000000 0.00000000 -3.14156200
49 -5.84244798 49.41425300 -3.37001987 0.29706005 0.01863289 -1.23235378
50 1.83146400 2.54520700 -8.09276300 1.18434200 0.49215400 2.51044500
51 1.00001700 -0.23261300 2.80764800 0.00000000 0.00000000 0.00000000
52 -0.00505400 -0.00848500 0.39764100 -0.23677073 -0.06707023 1.47708949
53 -0.80051200 -3.65257900 -1.98334900 2.44542600 -0.08843800 -2.57804300
time 23
0 -0.00000100 7.45008900 -27.50902600 0.00000000 0.00000000 0.00003100
1 -0.00000200 0.00000000 0.00000000 1.57074300 -1.56713700 -1.57074300
2 4.25546800 -0.33518300 -0.00000200 0.00000000 0.00000000 -0.12484800
3 7.43124800 1.49647700 0.00000200 0.00000000 0.00000000 0.24545000
4 5.27847900 0.16554100 0.00000100 0.00000000 0.00000000 0.04851100
5 2.63886500 -13.19337700 1.00679000 2.12269900 1.26566500 -1.14230500
6 -6.21448200 -0.00000700 -0.00002700 2.95330016 -1.08033754 2.08201366
7 11.94488200 0.00000000 0.00000100 -1.70698054 -0.43933212 1.62002001
8 10.62018100 0.00000200 0.00000000 -0.04040817 0.65409617 2.80121909
9 -4.75110600 -0.69449400 0.83057700 0.00028100 -0.16938500 0.33403800
10 -1.68806800 0.00004600 -0.00003200 0.00631400 -0.02389200 1.18264900
11 -1.33614000 0.00005700 -0.00001200 0.02637800 0.00063800 0.52890100
12 -4.82049400 -0.50946000 -0.22475900 -0.24351800 -0.14426100 0.82030500
13 -1.82699200 -0.00006400 0.00000600 0.00911100 0.03941700 1.49994600
14 -1.43657300 0.00000600 0.00000200 0.05259500 -0.05734700 -0.83594400
15 -3.99235500 -0.89118800 -1.82790900 -0.38697900 0.18514600 1.26743400
16 -1.40591800 -0.00002500 -0.00000300 -0.00622200 -0.02882100 1.08722300
17 -1.17535800 0.00012800 -0.00002000 -0.03636700 0.05734700 -0.66304300
18 -4.52675100 -0.69057500 -1.12074400 -0.20786400 0.08020500 1.04110200
19 -1.74403800 0.00003300 -0.00000800 -0.02361300 -0.01776000 1.33785000
20 -1.36877100 0.00002500 0.00000200 -0.02529200 0.04599800 -0.60797500
21 -1.87480000 -0.93512500 0.99917400 2.73721800 0.58247900 0.69523300
22 -1.54243500 0.03903600 0.17887100 -0.56361300 0.01980100 0.16334400
23 -1.59928500 0.00000400 0.00001600 0.05950500 0.03321900 -0.33057100
24 5.51181500 0.00000800 -0.00000100 1.90386392 0.00026729 3.14138973
25 0.19684700 -0.00000100 0.00000300 2.79340698 -0.00031616 -3.14150943
26 2.82592000 -12.20577300 -2.78509900 1.97586200 1.15990900 1.84280300
27 6.21448500 0.00000600 0.00002000 -0.63091734 1.00693978 -1.76077042
28 11.94488500 -0.00002900 -0.00019400 -0.35552328 -0.35095576 -1.60611747
29 10.62016600 0.00000200 0.00001000 -1.70655420 -0.02317430 -0.48245242
30 4.75115600 0.69437600 -0.83047300 0.20299500 0.08083800 0.60824900
31 1.68806500 -0.00002600 0.00000200 -0.00039700 -0.02472600 1.45469900
32 1.33615100 -0.00005100 -0.00000900 0.03211100 -0.02159500 -0.60809400
33 4.82051300 0.50934000 0.22486500 -0.00856500 -0.02581600 0.80590600
34 1.82699600 0.00006600 0.00000800 -0.02704000 0.03008700 0.54162100
35 1.43657700 -0.00001000 0.00000700 0.00034600 -0.01510000 0.81494400
36 3.99235300 0.89108700 1.82799400 -0.59705700 -0.08663300 1.07907000
37 1.40591800 0.00002100 -0.00000700 0.00773100 -0.02839800 0.60867400
38 1.17536900 -0.00013100 0.00000200 0.07777500 0.09569900 0.63953200
39 4.52675600 0.69046000 1.12084200 -0.32698600 -0.07846000 0.97354900
40 1.74404100 -0.00003100 -0.00000200 -0.00983100 -0.02786000 0.74857100
41 1.36876300 -0.00003100 -0.00001700 0.12047900 0.10340200 0.67954500
42 1.87485500 0.93508100 -0.99913000 1.65829700 0.62943900 0.47059700
43 1.52344900 -0.00003400 -0.00000300 -0.04681000 0.17065600 0.16702000
44 1.59928100 -0.00000200 0.00000900 0.07497000 -0.03671300 1.28091000
45 5.51180600 -0.00000200 0.00000600 -0.23579700 0.00000500 0.00000700
46 0.19685000 0.00000300 -0.00000200 -0.34822500 0.00001500 -0.00000200
47 0.00000000 0.00000000 0.00000000 0.00000000 0.00000000 -1.57079600
48 -4.33264300 33.56495300 -4.02389200 0.00000000 0.00000000 -3.14156200
49 -5.82997813 49.41425300 -3.33800246 0.29842381 0.01878339 -1.23369534
50 1.83146400 2.54520700 -8.09276300 1.18434200 0.49215400 2.51044500
51 1.00001700 -0.23261300 2.80764800 0.00000000 0.00000000 0.00000000
52 -0.00505400 -0.00848500 0.39764100 -0.23348498 -0.04020354 1.46478058
53 -0.80051200 -3.65257900 -1.98334900 2.44542600 -0.08843800 -2.57804300
time 24
0 -0.00000100 7.45008900 -27.50902600 0.00000000 0.00000000 0.00003100
1 -0.00000200 0.00000000 0.00000000 1.57074300 -1.56713700 -1.57074300
2 4.25546800 -0.33518300 -0.00000200 0.00000000 0.00000000 -0.12484800
3 7.43124800 1.49647700 0.00000200 0.00000000 0.00000000 0.24545000
4 5.27847900 0.16554100 0.00000100 0.00000000 0.00000000 0.04851100
5 2.63886500 -13.19337700 1.00679000 2.12269900 1.26566500 -1.14230500
6 -6.21448200 -0.00000700 -0.00002700 2.95491667 -1.07838604 2.08231309
7 11.94488200 0.00000000 0.00000100 -1.70811371 -0.43776449 1.62278087
8 10.62018100 0.00000200 0.00000000 -0.04082599 0.65129635 2.80049477
9 -4.75110600 -0.69449400 0.83057700 0.00028100 -0.16938500 0.33403800
10 -1.68806800 0.00004600 -0.00003200 0.00631400 -0.02389200 1.18264900
11 -1.33614000 0.00005700 -0.00001200 0.02637800 0.00063800 0.52890100
12 -4.82049400 -0.50946000 -0.22475900 -0.24351800 -0.14426100 0.82030500
13 -1.82699200 -0.00006400 0.00000600 0.00911100 0.03941700 1.49994600
14 -1.43657300 0.00000600 0.00000200 0.05259500 -0.05734700 -0.83594400
15 -3.99235500 -0.89118800 -1.82790900 -0.38697900 0.18514600 1.26743400
16 -1.40591800 -0.00002500 -0.00000300 -0.00622200 -0.02882100 1.08722300
17 -1.17535800 0.00012800 -0.00002000 -0.03636700 0.05734700 -0.66304300
18 -4.52675100 -0.69057500 -1.12074400 -0.20786400 0.08020500 1.04110200
19 -1.74403800 0.00003300 -0.00000800 -0.02361300 -0.01776000 1.33785000
20 -1.36877100 0.00002500 0.00000200 -0.02529200 0.04599800 -0.60797500
21 -1.87480000 -0.93512500 0.99917400 2.73721800 0.58247900 0.69523300
22 -1.54243500 0.03903600 0.17887100 -0.56361300 0.01980100 0.16334400
23 -1.59928500 0.00000400 0.00001600 0.05950500 0.03321900 -0.33057100
24 5.51181500 0.00000800 -0.00000100 1.90386392 0.00026729 3.14138973
25 0.19684700 -0.00000100 0.00000300 2.79340698 -0.00031616 -3.14150943
26 2.82592000 -12.20577300 -2.78509900 1.97586200 1.15990900 1.84280300
27 6.21448500 0.00000600 0.00002000 -0.63343494 1.00508765 -1.76420810
28 11.94488500 -0.00002900 -0.00019400 -0.35555753 -0.35139705 -1.60609864
29 10.62016600 0.00000200 0.00001000 -1.70651852 -0.02286557 -0.48073151
30 4.75115600 0.69437600 -0.83047300 0.20299500 0.08083800 0.60824900
31 1.68806500 -0.00002600 0.00000200 -0.00039700 -0.02472600 1.45469900
32 1.33615100 -0.00005100 -0.00000900 0.03211100 -0.02159500 -0.60809400
33 4.82051300 0.50934000 0.22486500 -0.00856500 -0.02581600 0.80590600
34 1.82699600 0.00006600 0.00000800 -0.02704000 0.03008700 0.54162100
35 1.43657700 -0.00001000 0.00000700 0.00034600 -0.01510000 0.81494400
36 3.99235300 0.89108700 1.82799400 -0.59705700 -0.08663300 1.07907000
37 1.40591800 0.00002100 -0.00000700 0.00773100 -0.02839800 0.60867400
38 1.17536900 -0.00013100 0.00000200 0.07777500 0.09569900 0.63953200
39 4.52675600 0.69046000 1.12084200 -0.32698600 -0.07846000 0.97354900
40 1.74404100 -0.00003100 -0.00000200 -0.00983100 -0.02786000 0.74857100
41 1.36876300 -0.00003100 -0.00001700 0.12047900 0.10340200 0.67954500
42 1.87485500 0.93508100 -0.99913000 1.65829700 0.62943900 0.47059700
43 1.52344900 -0.00003400 -0.00000300 -0.04681000 0.17065600 0.16702000
44 1.59928100 -0.00000200 0.00000900 0.07497000 -0.03671300 1.28091000
45 5.51180600 -0.00000200 0.00000600 -0.23579700 0.00000500 0.00000700
46 0.19685000 0.00000300 -0.00000200 -0.34822500 0.00001500 -0.00000200
47 0.00000000 0.00000000 0.00000000 0.00000000 0.00000000 -1.57079600
48 -4.33264300 33.56495300 -4.02389200 0.00000000 0.00000000 -3.14156200
49 -5.81541557 49.41425300 -3.30078257 0.29877238 0.01966064 -1.23470114
50 1.83146400 2.54520700 -8.09276300 1.18434200 0.49215400 2.51044500
51 1.00001700 -0.23261300 2.80764800 0.00000000 0.00000000 0.00000000
52 -0.00505400 -0.00848500 0.39764100 -0.22824189 -0.02155739 1.45726957
53 -0.80051200 -3.65257900 -1.98334900 2.44542600 -0.08843800 -2.57804300
time 25
0 -0.00000100 7.45008900 -27.50902600 0.00000000 0.00000000 0.00003100
1 -0.00000200 0.00000000 0.00000000 1.57074300 -1.56713700 -1.57074300
2 4.25546800 -0.33518300 -0.00000200 0.00000000 0.00000000 -0.12484800
3 7.43124800 1.49647700 0.00000200 0.00000000 0.00000000 0.24545000
4 5.27847900 0.16554100 0.00000100 0.00000000 0.00000000 0.04851100
5 2.63886500 -13.19337700 1.00679000 2.12269900 1.26566500 -1.14230500
6 -6.21448200 -0.00000700 -0.00002700 2.95763464 -1.07672209 2.08090951
7 11.94488200 0.00000000 0.00000100 -1.70887103 -0.43652451 1.62448564
8 10.62018100 0.00000200 0.00000000 -0.04302938 0.64948080 2.79815385
9 -4.75110600 -0.69449400 0.83057700 0.00028100 -0.16938500 0.33403800
10 -1.68806800 0.00004600 -0.00003200 0.00631400 -0.02389200 1.18264900
11 -1.33614000 0.00005700 -0.00001200 0.02637800 0.00063800 0.52890100
12 -4.82049400 -0.50946000 -0.22475900 -0.24351800 -0.14426100 0.82030500
13 -1.82699200 -0.00006400 0.00000600 0.00911100 0.03941700 1.49994600
14 -1.43657300 0.00000600 0.00000200 0.05259500 -0.05734700 -0.83594400
15 -3.99235500 -0.89118800 -1.82790900 -0.38697900 0.18514600 1.26743400
16 -1.40591800 -0.00002500 -0.00000300 -0.00622200 -0.02882100 1.08722300
17 -1.17535800 0.00012800 -0.00002000 -0.03636700 0.05734700 -0.66304300
18 -4.52675100 -0.69057500 -1.12074400 -0.20786400 0.08020500 1.04110200
19 -1.74403800 0.00003300 -0.00000800 -0.02361300 -0.01776000 1.33785000
20 -1.36877100 0.00002500 0.00000200 -0.02529200 0.04599800 -0.60797500
21 -1.87480000 -0.93512500 0.99917400 2.73721800 0.58247900 0.69523300
22 -1.54243500 0.03903600 0.17887100 -0.56361300 0.01980100 0.16334400
23 -1.59928500 0.00000400 0.00001600 0.05950500 0.03321900 -0.33057100
24 5.51181500 0.00000800 -0.00000100 1.90386392 0.00026729 3.14138973
25 0.19684700 -0.00000100 0.00000300 2.79340698 -0.00031616 -3.14150943
26 2.82592000 -12.20577300 -2.78509900 1.97586200 1.15990900 1.84280300
27 6.21448500 0.00000600 0.00002000 -0.63643856 1.00270332 -1.76797605
28 11.94488500 -0.00002900 -0.00019400 -0.35537980 -0.35166146 -1.60652917
29 10.62016600 0.00000200 0.00001000 -1.70509528 -0.02155428 -0.47753095
30 4.75115600 0.69437600 -0.83047300 0.20299500 0.08083800 0.60824900
31 1.68806500 -0.00002600 0.00000200 -0.00039700 -0.02472600 1.45469900
32 1.33615100 -0.00005100 -0.00000900 0.03211100 -0.02159500 -0.60809400
33 4.82051300 0.50934000 0.22486500 -0.00856500 -0.02581600 0.80590600
34 1.82699600 0.00006600 0.00000800 -0.02704000 0.03008700 0.54162100
35 1.43657700 -0.00001000 0.00000700 0.00034600 -0.01510000 0.81494400
36 3.99235300 0.89108700 1.82799400 -0.59705700 -0.08663300 1.07907000
37 1.40591800 0.00002100 -0.00000700 0.00773100 -0.02839800 0.60867400
38 1.17536900 -0.00013100 0.00000200 0.07777500 0.09569900 0.63953200
39 4.52675600 0.69046000 1.12084200 -0.32698600 -0.07846000 0.97354900
40 1.74404100 -0.00003100 -0.00000200 -0.00983100 -0.02786000 0.74857100
41 1.36876300 -0.00003100 -0.00001700 0.12047900 0.10340200 0.67954500
42 1.87485500 0.93508100 -0.99913000 1.65829700 0.62943900 0.47059700
43 1.52344900 -0.00003400 -0.00000300 -0.04681000 0.17065600 0.16702000
44 1.59928100 -0.00000200 0.00000900 0.07497000 -0.03671300 1.28091000
45 5.51180600 -0.00000200 0.00000600 -0.23579700 0.00000500 0.00000700
46 0.19685000 0.00000300 -0.00000200 -0.34822500 0.00001500 -0.00000200
47 0.00000000 0.00000000 0.00000000 0.00000000 0.00000000 -1.57079600
48 -4.33264300 33.56495300 -4.02389200 0.00000000 0.00000000 -3.14156200
49 -5.79719079 49.41425300 -3.25657436 0.29743021 0.02139466 -1.23517527
50 1.83146400 2.54520700 -8.09276300 1.18434200 0.49215400 2.51044500
51 1.00001700 -0.23261300 2.80764800 0.00000000 0.00000000 0.00000000
52 -0.00505400 -0.00848500 0.39764100 -0.22023258 -0.01873120 1.45774454
53 -0.80051200 -3.65257900 -1.98334900 2.44542600 -0.08843800 -2.57804300
time 26
0 -0.00000100 7.45008900 -27.50902600 0.00000000 0.00000000 0.00003100
1 -0.00000200 0.00000000 0.00000000 1.57074300 -1.56713700 -1.57074300
2 4.25546800 -0.33518300 -0.00000200 0.00000000 0.00000000 -0.12484800
3 7.43124800 1.49647700 0.00000200 0.00000000 0.00000000 0.24545000
4 5.27847900 0.16554100 0.00000100 0.00000000 0.00000000 0.04851100
5 2.63886500 -13.19337700 1.00679000 2.12269900 1.26566500 -1.14230500
6 -6.21448200 -0.00000700 -0.00002700 2.96122636 -1.07561409 2.07742906
7 11.94488200 0.00000000 0.00000100 -1.70880364 -0.43596833 1.62432436
8 10.62018100 0.00000200 0.00000000 -0.04736256 0.64957136 2.79373005
9 -4.75110600 -0.69449400 0.83057700 0.00028100 -0.16938500 0.33403800
10 -1.68806800 0.00004600 -0.00003200 0.00631400 -0.02389200 1.18264900
11 -1.33614000 0.00005700 -0.00001200 0.02637800 0.00063800 0.52890100
12 -4.82049400 -0.50946000 -0.22475900 -0.24351800 -0.14426100 0.82030500
13 -1.82699200 -0.00006400 0.00000600 0.00911100 0.03941700 1.49994600
14 -1.43657300 0.00000600 0.00000200 0.05259500 -0.05734700 -0.83594400
15 -3.99235500 -0.89118800 -1.82790900 -0.38697900 0.18514600 1.26743400
16 -1.40591800 -0.00002500 -0.00000300 -0.00622200 -0.02882100 1.08722300
17 -1.17535800 0.00012800 -0.00002000 -0.03636700 0.05734700 -0.66304300
18 -4.52675100 -0.69057500 -1.12074400 -0.20786400 0.08020500 1.04110200
19 -1.74403800 0.00003300 -0.00000800 -0.02361300 -0.01776000 1.33785000
20 -1.36877100 0.00002500 0.00000200 -0.02529200 0.04599800 -0.60797500
21 -1.87480000 -0.93512500 0.99917400 2.73721800 0.58247900 0.69523300
22 -1.54243500 0.03903600 0.17887100 -0.56361300 0.01980100 0.16334400
23 -1.59928500 0.00000400 0.00001600 0.05950500 0.03321900 -0.33057100
24 5.51181500 0.00000800 -0.00000100 1.90386392 0.00026729 3.14138973
25 0.19684700 -0.00000100 0.00000300 2.79340698 -0.00031616 -3.14150943
26 2.82592000 -12.20577300 -2.78509900 1.97586200 1.15990900 1.84280300
27 6.21448500 0.00000600 0.00002000 -0.63958315 0.99997970 -1.77140996
28 11.94488500 -0.00002900 -0.00019400 -0.35502053 -0.35173495 -1.60755047
29 10.62016600 0.00000200 0.00001000 -1.70208028 -0.01894759 -0.47297514
30 4.75115600 0.69437600 -0.83047300 0.20299500 0.08083800 0.60824900
31 1.68806500 -0.00002600 0.00000200 -0.00039700 -0.02472600 1.45469900
32 1.33615100 -0.00005100 -0.00000900 0.03211100 -0.02159500 -0.60809400
33 4.82051300 0.50934000 0.22486500 -0.00856500 -0.02581600 0.80590600
34 1.82699600 0.00006600 0.00000800 -0.02704000 0.03008700 0.54162100
35 1.43657700 -0.00001000 0.00000700 0.00034600 -0.01510000 0.81494400
36 3.99235300 0.89108700 1.82799400 -0.59705700 -0.08663300 1.07907000
37 1.40591800 0.00002100 -0.00000700 0.00773100 -0.02839800 0.60867400
38 1.17536900 -0.00013100 0.00000200 0.07777500 0.09569900 0.63953200
39 4.52675600 0.69046000 1.12084200 -0.32698600 -0.07846000 0.97354900
40 1.74404100 -0.00003100 -0.00000200 -0.00983100 -0.02786000 0.74857100
41 1.36876300 -0.00003100 -0.00001700 0.12047900 0.10340200 0.67954500
42 1.87485500 0.93508100 -0.99913000 1.65829700 0.62943900 0.47059700
43 1.52344900 -0.00003400 -0.00000300 -0.04681000 0.17065600 0.16702000
44 1.59928100 -0.00000200 0.00000900 0.07497000 -0.03671300 1.28091000
45 5.51180600 -0.00000200 0.00000600 -0.23579700 0.00000500 0.00000700
46 0.19685000 0.00000300 -0.00000200 -0.34822500 0.00001500 -0.00000200
47 0.00000000 0.00000000 0.00000000 0.00000000 0.00000000 -1.57079600
48 -4.33264300 33.56495300 -4.02389200 0.00000000 0.00000000 -3.14156200
49 -5.77682452 49.41425300 -3.21066132 0.29407570 0.02422936 -1.23470661
50 1.83146400 2.54520700 -8.09276300 1.18434200 0.49215400 2.51044500
51 1.00001700 -0.23261300 2.80764800 0.00000000 0.00000000 0.00000000
52 -0.00505400 -0.00848500 0.39764100 -0.21001642 -0.01865785 1.45901631
53 -0.80051200 -3.65257900 -1.98334900 2.44542600 -0.08843800 -2.57804300
time 27
0 -0.00000100 7.45008900 -27.50902600 0.00000000 0.00000000 0.00003100
1 -0.00000200 0.00000000 0.00000000 1.57074300 -1.56713700 -1.57074300
2 4.25546800 -0.33518300 -0.00000200 0.00000000 0.00000000 -0.12484800
3 7.43124800 1.49647700 0.00000200 0.00000000 0.00000000 0.24545000
4 5.27847900 0.16554100 0.00000100 0.00000000 0.00000000 0.04851100
5 2.63886500 -13.19337700 1.00679000 2.12269900 1.26566500 -1.14230500
6 -6.21448200 -0.00000700 -0.00002700 2.96587155 -1.07507843 2.07196317
7 11.94488200 0.00000000 0.00000100 -1.70800125 -0.43603946 1.62248389
8 10.62018100 0.00000200 0.00000000 -0.05345897 0.65124286 2.78766984
9 -4.75110600 -0.69449400 0.83057700 0.00028100 -0.16938500 0.33403800
10 -1.68806800 0.00004600 -0.00003200 0.00631400 -0.02389200 1.18264900
11 -1.33614000 0.00005700 -0.00001200 0.02637800 0.00063800 0.52890100
12 -4.82049400 -0.50946000 -0.22475900 -0.24351800 -0.14426100 0.82030500
13 -1.82699200 -0.00006400 0.00000600 0.00911100 0.03941700 1.49994600
14 -1.43657300 0.00000600 0.00000200 0.05259500 -0.05734700 -0.83594400
15 -3.99235500 -0.89118800 -1.82790900 -0.38697900 0.18514600 1.26743400
16 -1.40591800 -0.00002500 -0.00000300 -0.00622200 -0.02882100 1.08722300
17 -1.17535800 0.00012800 -0.00002000 -0.03636700 0.05734700 -0.66304300
18 -4.52675100 -0.69057500 -1.12074400 -0.20786400 0.08020500 1.04110200
19 -1.74403800 0.00003300 -0.00000800 -0.02361300 -0.01776000 1.33785000
20 -1.36877100 0.00002500 0.00000200 -0.02529200 0.04599800 -0.60797500
21 -1.87480000 -0.93512500 0.99917400 2.73721800 0.58247900 0.69523300
22 -1.54243500 0.03903600 0.17887100 -0.56361300 0.01980100 0.16334400
23 -1.59928500 0.00000400 0.00001600 0.05950500 0.03321900 -0.33057100
24 5.51181500 0.00000800 -0.00000100 1.90386392 0.00026729 3.14138973
25 0.19684700 -0.00000100 0.00000300 2.79340698 -0.00031616 -3.14150943
26 2.82592000 -12.20577300 -2.78509900 1.97586200 1.15990900 1.84280300
27 6.21448500 0.00000600 0.00002000 -0.64281698 0.99700531 -1.77458104
28 11.94488500 -0.00002900 -0.00019400 -0.35452588 -0.35162023 -1.60896145
29 10.62016600 0.00000200 0.00001000 -1.69760099 -0.01525846 -0.46715895
30 4.75115600 0.69437600 -0.83047300 0.20299500 0.08083800 0.60824900
31 1.68806500 -0.00002600 0.00000200 -0.00039700 -0.02472600 1.45469900
32 1.33615100 -0.00005100 -0.00000900 0.03211100 -0.02159500 -0.60809400
33 4.82051300 0.50934000 0.22486500 -0.00856500 -0.02581600 0.80590600
34 1.82699600 0.00006600 0.00000800 -0.02704000 0.03008700 0.54162100
35 1.43657700 -0.00001000 0.00000700 0.00034600 -0.01510000 0.81494400
36 3.99235300 0.89108700 1.82799400 -0.59705700 -0.08663300 1.07907000
37 1.40591800 0.00002100 -0.00000700 0.00773100 -0.02839800 0.60867400
38 1.17536900 -0.00013100 0.00000200 0.07777500 0.09569900 0.63953200
39 4.52675600 0.69046000 1.12084200 -0.32698600 -0.07846000 0.97354900
40 1.74404100 -0.00003100 -0.00000200 -0.00983100 -0.02786000 0.74857100
41 1.36876300 -0.00003100 -0.00001700 0.12047900 0.10340200 0.67954500
42 1.87485500 0.93508100 -0.99913000 1.65829700 0.62943900 0.47059700
43 1.52344900 -0.00003400 -0.00000300 -0.04681000 0.17065600 0.16702000
44 1.59928100 -0.00000200 0.00000900 0.07497000 -0.03671300 1.28091000
45 5.51180600 -0.00000200 0.00000600 -0.23579700 0.00000500 0.00000700
46 0.19685000 0.00000300 -0.00000200 -0.34822500 0.00001500 -0.00000200
47 0.00000000 0.00000000 0.00000000 0.00000000 0.00000000 -1.57079600
48 -4.33264300 33.56495300 -4.02389200 0.00000000 0.00000000 -3.14156200
49 -5.75467370 49.41425300 -3.16355841 0.28900068 0.02805003 -1.23364939
50 1.83146400 2.54520700 -8.09276300 1.18434200 0.49215400 2.51044500
51 1.00001700 -0.23261300 2.80764800 0.00000000 0.00000000 0.00000000
52 -0.00505400 -0.00848500 0.39764100 -0.19796671 -0.02092475 1.46094328
53 -0.80051200 -3.65257900 -1.98334900 2.44542600 -0.08843800 -2.57804300
time 28
0 -0.00000100 7.45008900 -27.50902600 0.00000000 0.00000000 0.00003100
1 -0.00000200 0.00000000 0.00000000 1.57074300 -1.56713700 -1.57074300
2 4.25546800 -0.33518300 -0.00000200 0.00000000 0.00000000 -0.12484800
3 7.43124800 1.49647700 0.00000200 0.00000000 0.00000000 0.24545000
4 5.27847900 0.16554100 0.00000100 0.00000000 0.00000000 0.04851100
5 2.63886500 -13.19337700 1.00679000 2.12269900 1.26566500 -1.14230500
6 -6.21448200 -0.00000700 -0.00002700 2.97149409 -1.07518291 2.06439425
7 11.94488200 0.00000000 0.00000100 -1.70623190 -0.43694112 1.61836650
8 10.62018100 0.00000200 0.00000000 -0.06148462 0.65569661 2.77967338
9 -4.75110600 -0.69449400 0.83057700 0.00028100 -0.16938500 0.33403800
10 -1.68806800 0.00004600 -0.00003200 0.00631400 -0.02389200 1.18264900
11 -1.33614000 0.00005700 -0.00001200 0.02637800 0.00063800 0.52890100
12 -4.82049400 -0.50946000 -0.22475900 -0.24351800 -0.14426100 0.82030500
13 -1.82699200 -0.00006400 0.00000600 0.00911100 0.03941700 1.49994600
14 -1.43657300 0.00000600 0.00000200 0.05259500 -0.05734700 -0.83594400
15 -3.99235500 -0.89118800 -1.82790900 -0.38697900 0.18514600 1.26743400
16 -1.40591800 -0.00002500 -0.00000300 -0.00622200 -0.02882100 1.08722300
17 -1.17535800 0.00012800 -0.00002000 -0.03636700 0.05734700 -0.66304300
18 -4.52675100 -0.69057500 -1.12074400 -0.20786400 0.08020500 1.04110200
19 -1.74403800 0.00003300 -0.00000800 -0.02361300 -0.01776000 1.33785000
20 -1.36877100 0.00002500 0.00000200 -0.02529200 0.04599800 -0.60797500
21 -1.87480000 -0.93512500 0.99917400 2.73721800 0.58247900 0.69523300
22 -1.54243500 0.03903600 0.17887100 -0.56361300 0.01980100 0.16334400
23 -1.59928500 0.00000400 0.00001600 0.05950500 0.03321900 -0.33057100
24 5.51181500 0.00000800 -0.00000100 1.90386392 0.00026729 3.14138973
25 0.19684700 -0.00000100 0.00000300 2.79340698 -0.00031616 -3.14150943
26 2.82592000 -12.20577300 -2.78509900 1.97586200 1.15990900 1.84280300
27 6.21448500 0.00000600 0.00002000 -0.64608127 0.99388963 -1.77756967
28 11.94488500 -0.00002900 -0.00019400 -0.35399334 -0.35141730 -1.61054189
29 10.62016600 0.00000200 0.00001000 -1.69167694 -0.01011444 -0.46115057
30 4.75115600 0.69437600 -0.83047300 0.20299500 0.08083800 0.60824900
31 1.68806500 -0.00002600 0.00000200 -0.00039700 -0.02472600 1.45469900
32 1.33615100 -0.00005100 -0.00000900 0.03211100 -0.02159500 -0.60809400
33 4.82051300 0.50934000 0.22486500 -0.00856500 -0.02581600 0.80590600
34 1.82699600 0.00006600 0.00000800 -0.02704000 0.03008700 0.54162100
35 1.43657700 -0.00001000 0.00000700 0.00034600 -0.01510000 0.81494400
36 3.99235300 0.89108700 1.82799400 -0.59705700 -0.08663300 1.07907000
37 1.40591800 0.00002100 -0.00000700 0.00773100 -0.02839800 0.60867400
38 1.17536900 -0.00013100 0.00000200 0.07777500 0.09569900 0.63953200
39 4.52675600 0.69046000 1.12084200 -0.32698600 -0.07846000 0.97354900
40 1.74404100 -0.00003100 -0.00000200 -0.00983100 -0.02786000 0.74857100
41 1.36876300 -0.00003100 -0.00001700 0.12047900 0.10340200 0.67954500
42 1.87485500 0.93508100 -0.99913000 1.65829700 0.62943900 0.47059700
43 1.52344900 -0.00003400 -0.00000300 -0.04681000 0.17065600 0.16702000
44 1.59928100 -0.00000200 0.00000900 0.07497000 -0.03671300 1.28091000
45 5.51180600 -0.00000200 0.00000600 -0.23579700 0.00000500 0.00000700
46 0.19685000 0.00000300 -0.00000200 -0.34822500 0.00001500 -0.00000200
47 0.00000000 0.00000000 0.00000000 0.00000000 0.00000000 -1.57079600
48 -4.33264300 33.56495300 -4.02389200 0.00000000 0.00000000 -3.14156200
49 -5.73022913 49.41425300 -3.12138722 0.28241951 0.03332330 -1.23182003
50 1.83146400 2.54520700 -8.09276300 1.18434200 0.49215400 2.51044500
51 1.00001700 -0.23261300 2.80764800 0.00000000 0.00000000 0.00000000
52 -0.00505400 -0.00848500 0.39764100 -0.18486586 -0.02447602 1.46378706
53 -0.80051200 -3.65257900 -1.98334900 2.44542600 -0.08843800 -2.57804300
time 29
0 -0.00000100 7.45008900 -27.50902600 0.00000000 0.00000000 0.00003100
1 -0.00000200 0.00000000 0.00000000 1.57074300 -1.56713700 -1.57074300
2 4.25546800 -0.33518300 -0.00000200 0.00000000 0.00000000 -0.12484800
3 7.43124800 1.49647700 0.00000200 0.00000000 0.00000000 0.24545000
4 5.27847900 0.16554100 0.00000100 0.00000000 0.00000000 0.04851100
5 2.63886500 -13.19337700 1.00679000 2.12269900 1.26566500 -1.14230500
6 -6.21448200 -0.00000700 -0.00002700 2.97782861 -1.07546728 2.05563333
7 11.94488200 0.00000000 0.00000100 -1.70401987 -0.43823145 1.61310657
8 10.62018100 0.00000200 0.00000000 -0.07040769 0.66122912 2.77081180
9 -4.75110600 -0.69449400 0.83057700 0.00028100 -0.16938500 0.33403800
10 -1.68806800 0.00004600 -0.00003200 0.00631400 -0.02389200 1.18264900
11 -1.33614000 0.00005700 -0.00001200 0.02637800 0.00063800 0.52890100
12 -4.82049400 -0.50946000 -0.22475900 -0.24351800 -0.14426100 0.82030500
13 -1.82699200 -0.00006400 0.00000600 0.00911100 0.03941700 1.49994600
14 -1.43657300 0.00000600 0.00000200 0.05259500 -0.05734700 -0.83594400
15 -3.99235500 -0.89118800 -1.82790900 -0.38697900 0.18514600 1.26743400
16 -1.40591800 -0.00002500 -0.00000300 -0.00622200 -0.02882100 1.08722300
17 -1.17535800 0.00012800 -0.00002000 -0.03636700 0.05734700 -0.66304300
18 -4.52675100 -0.69057500 -1.12074400 -0.20786400 0.08020500 1.04110200
19 -1.74403800 0.00003300 -0.00000800 -0.02361300 -0.01776000 1.33785000
20 -1.36877100 0.00002500 0.00000200 -0.02529200 0.04599800 -0.60797500
21 -1.87480000 -0.93512500 0.99917400 2.73721800 0.58247900 0.69523300
22 -1.54243500 0.03903600 0.17887100 -0.56361300 0.01980100 0.16334400
23 -1.59928500 0.00000400 0.00001600 0.05950500 0.03321900 -0.33057100
24 5.51181500 0.00000800 -0.00000100 1.90386392 0.00026729 3.14138973
25 0.19684700 -0.00000100 0.00000300 2.79340698 -0.00031616 -3.14150943
26 2.82592000 -12.20577300 -2.78509900 1.97586200 1.15990900 1.84280300
27 6.21448500 0.00000600 0.00002000 -0.64926071 0.99071691 -1.78024408
28 11.94488500 -0.00002900 -0.00019400 -0.35346052 -0.35115403 -1.61212341
29 10.62016600 0.00000200 0.00001000 -1.68517273 -0.00427538 -0.45501182
30 4.75115600 0.69437600 -0.83047300 0.20299500 0.08083800 0.60824900
31 1.68806500 -0.00002600 0.00000200 -0.00039700 -0.02472600 1.45469900
32 1.33615100 -0.00005100 -0.00000900 0.03211100 -0.02159500 -0.60809400
33 4.82051300 0.50934000 0.22486500 -0.00856500 -0.02581600 0.80590600
34 1.82699600 0.00006600 0.00000800 -0.02704000 0.03008700 0.54162100
35 1.43657700 -0.00001000 0.00000700 0.00034600 -0.01510000 0.81494400
36 3.99235300 0.89108700 1.82799400 -0.59705700 -0.08663300 1.07907000
37 1.40591800 0.00002100 -0.00000700 0.00773100 -0.02839800 0.60867400
38 1.17536900 -0.00013100 0.00000200 0.07777500 0.09569900 0.63953200
39 4.52675600 0.69046000 1.12084200 -0.32698600 -0.07846000 0.97354900
40 1.74404100 -0.00003100 -0.00000200 -0.00983100 -0.02786000 0.74857100
41 1.36876300 -0.00003100 -0.00001700 0.12047900 0.10340200 0.67954500
42 1.87485500 0.93508100 -0.99913000 1.65829700 0.62943900 0.47059700
43 1.52344900 -0.00003400 -0.00000300 -0.04681000 0.17065600 0.16702000
44 1.59928100 -0.00000200 0.00000900 0.07497000 -0.03671300 1.28091000
45 5.51180600 -0.00000200 0.00000600 -0.23579700 0.00000500 0.00000700
46 0.19685000 0.00000300 -0.00000200 -0.34822500 0.00001500 -0.00000200
47 0.00000000 0.00000000 0.00000000 0.00000000 0.00000000 -1.57079600
48 -4.33264300 33.56495300 -4.02389200 0.00000000 0.00000000 -3.14156200
49 -5.70492442 49.41425300 -3.08123381 0.27517013 0.03931740 -1.22974873
50 1.83146400 2.54520700 -8.09276300 1.18434200 0.49215400 2.51044500
51 1.00001700 -0.23261300 2.80764800 0.00000000 0.00000000 0.00000000
52 -0.00505400 -0.00848500 0.39764100 -0.17116595 -0.02838092 1.46700159
53 -0.80051200 -3.65257900 -1.98334900 2.44542600 -0.08843800 -2.57804300
time 30
0 -0.00000100 7.45008900 -27.50902600 0.00000000 0.00000000 0.00003100
1 -0.00000200 0.00000000 0.00000000 1.57074300 -1.56713700 -1.57074300
2 4.25546800 -0.33518300 -0.00000200 0.00000000 0.00000000 -0.12484800
3 7.43124800 1.49647700 0.00000200 0.00000000 0.00000000 0.24545000
4 5.27847900 0.16554100 0.00000100 0.00000000 0.00000000 0.04851100
5 2.63886500 -13.19337700 1.00679000 2.12269900 1.26566500 -1.14230500
6 -6.21448200 -0.00000700 -0.00002700 2.98320706 -1.07534058 2.04876087
7 11.94488200 0.00000000 0.00000100 -1.70167187 -0.43909265 1.60765444
8 10.62018100 0.00000200 0.00000000 -0.07790158 0.66786596 2.76288415
9 -4.75110600 -0.69449400 0.83057700 0.00028100 -0.16938500 0.33403800
10 -1.68806800 0.00004600 -0.00003200 0.00631400 -0.02389200 1.18264900
11 -1.33614000 0.00005700 -0.00001200 0.02637800 0.00063800 0.52890100
12 -4.82049400 -0.50946000 -0.22475900 -0.24351800 -0.14426100 0.82030500
13 -1.82699200 -0.00006400 0.00000600 0.00911100 0.03941700 1.49994600
14 -1.43657300 0.00000600 0.00000200 0.05259500 -0.05734700 -0.83594400
15 -3.99235500 -0.89118800 -1.82790900 -0.38697900 0.18514600 1.26743400
16 -1.40591800 -0.00002500 -0.00000300 -0.00622200 -0.02882100 1.08722300
17 -1.17535800 0.00012800 -0.00002000 -0.03636700 0.05734700 -0.66304300
18 -4.52675100 -0.69057500 -1.12074400 -0.20786400 0.08020500 1.04110200
19 -1.74403800 0.00003300 -0.00000800 -0.02361300 -0.01776000 1.33785000
20 -1.36877100 0.00002500 0.00000200 -0.02529200 0.04599800 -0.60797500
21 -1.87480000 -0.93512500 0.99917400 2.73721800 0.58247900 0.69523300
22 -1.54243500 0.03903500 0.17886700 -0.56361300 0.01980100 0.16334400
23 -1.59928500 0.00000400 0.00001600 0.05950500 0.03321900 -0.33057100
24 5.51181500 0.00000800 -0.00000100 1.90386392 0.00026729 3.14138973
25 0.19684700 -0.00000100 0.00000300 2.79340698 -0.00031616 -3.14150943
26 2.82592000 -12.20577300 -2.78509900 1.97586200 1.15990900 1.84280300
27 6.21448500 0.00000600 0.00002000 -0.65196689 0.98819956 -1.78318405
28 11.94488500 -0.00002900 -0.00019400 -0.35343585 -0.35119159 -1.61222395
29 10.62016600 0.00000200 0.00001000 -1.67992287 0.00172439 -0.45222837
30 4.75115600 0.69437600 -0.83047300 0.20299500 0.08083800 0.60824900
31 1.68806500 -0.00002600 0.00000200 -0.00039700 -0.02472600 1.45469900
32 1.33615100 -0.00005100 -0.00000900 0.03211100 -0.02159500 -0.60809400
33 4.82051300 0.50934000 0.22486500 -0.00856500 -0.02581600 0.80590600
34 1.82699600 0.00006600 0.00000800 -0.02704000 0.03008700 0.54162100
35 1.43657700 -0.00001000 0.00000700 0.00034600 -0.01510000 0.81494400
36 3.99235300 0.89108700 1.82799400 -0.59705700 -0.08663300 1.07907000
37 1.40591800 0.00002100 -0.00000700 0.00773100 -0.02839800 0.60867400
38 1.17536900 -0.00013100 0.00000200 0.07777500 0.09569900 0.63953200
39 4.52675600 0.69046000 1.12084200 -0.32698600 -0.07846000 0.97354900
40 1.74404100 -0.00003100 -0.00000200 -0.00983100 -0.02786000 0.74857100
41 1.36876300 -0.00003100 -0.00001700 0.12047900 0.10340200 0.67954500
42 1.87485500 0.93508100 -0.99913000 1.65829700 0.62943900 0.47059700
43 1.52344900 -0.00003400 -0.00000300 -0.04681000 0.17065600 0.16702000
44 1.59928100 -0.00000200 0.00000900 0.07497000 -0.03671300 1.28091000
45 5.51180600 -0.00000200 0.00000600 -0.23579700 0.00000500 0.00000700
46 0.19685000 0.00000300 -0.00000200 -0.34822500 0.00001500 -0.00000200
47 0.00000000 0.00000000 0.00000000 0.00000000 0.00000000 -1.57079600
48 -4.33264300 33.56495300 -4.02389200 0.00000000 0.00000000 -3.14156200
49 -5.67721519 49.41425300 -3.05540575 0.26986834 0.04556460 -1.22868190
50 1.83145900 2.54520800 -8.09276000 1.18434200 0.49215400 2.51044500
51 1.00001700 -0.23261300 2.80764800 0.00000000 0.00000000 0.00000000
52 -0.00505400 -0.00848500 0.39764100 -0.15832278 -0.03068202 1.47175823
53 -0.80051200 -3.65257900 -1.98334900 2.44542600 -0.08843800 -2.57804300
time 31
0 -0.00000100 7.45008900 -27.50902600 0.00000000 0.00000000 0.00003100
1 -0.00000200 0.00000000 0.00000000 1.57074300 -1.56713700 -1.57074300
2 4.25546800 -0.33518300 -0.00000200 0.00000000 0.00000000 -0.12484800
3 7.43124800 1.49647700 0.00000200 0.00000000 0.00000000 0.24545000
4 5.27847900 0.16554100 0.00000100 0.00000000 0.00000000 0.04851100
5 2.63886500 -13.19337700 1.00679000 2.12269900 1.26566500 -1.14230500
6 -6.21448200 -0.00000700 -0.00002700 2.98844917 -1.07514160 2.04214604
7 11.94488200 0.00000000 0.00000100 -1.69928644 -0.43993400 1.60210598
8 10.62018100 0.00000200 0.00000000 -0.08516754 0.67458404 2.75500414
9 -4.75110600 -0.69449400 0.83057700 0.00028100 -0.16938500 0.33403800
10 -1.68806800 0.00004600 -0.00003200 0.00631400 -0.02389200 1.18264900
11 -1.33614000 0.00005700 -0.00001200 0.02637800 0.00063800 0.52890100
12 -4.82049400 -0.50946000 -0.22475900 -0.24351800 -0.14426100 0.82030500
13 -1.82699200 -0.00006400 0.00000600 0.00911100 0.03941700 1.49994600
14 -1.43657300 0.00000600 0.00000200 0.05259500 -0.05734700 -0.83594400
15 -3.99235500 -0.89118800 -1.82790900 -0.38697900 0.18514600 1.26743400
16 -1.40591800 -0.00002500 -0.00000300 -0.00622200 -0.02882100 1.08722300
17 -1.17535800 0.00012800 -0.00002000 -0.03636700 0.05734700 -0.66304300
18 -4.52675100 -0.69057500 -1.12074400 -0.20786400 0.08020500 1.04110200
19 -1.74403800 0.00003300 -0.00000800 -0.02361300 -0.01776000 1.33785000
20 -1.36877100 0.00002500 0.00000200 -0.02529200 0.04599800 -0.60797500
21 -1.87480000 -0.93512500 0.99917400 2.73721800 0.58247900 0.69523300
22 -1.54243500 0.03903500 0.17886700 -0.56361300 0.01980100 0.16334400
23 -1.59928500 0.00000400 0.00001600 0.05950500 0.03321900 -0.33057100
24 5.51181500 0.00000800 -0.00000100 1.90386392 0.00026729 3.14138973
25 0.19684700 -0.00000100 0.00000300 2.79340698 -0.00031616 -3.14150943
26 2.82592000 -12.20577300 -2.78509900 1.97586200 1.15990900 1.84280300
27 6.21448500 0.00000600 0.00002000 -0.65459860 0.98581324 -1.78627357
28 11.94488500 -0.00002900 -0.00019400 -0.35353715 -0.35126233 -1.61189847
29 10.62016600 0.00000200 0.00001000 -1.67494078 0.00761905 -0.45017640
30 4.75115600 0.69437600 -0.83047300 0.20299500 0.08083800 0.60824900
31 1.68806500 -0.00002600 0.00000200 -0.00039700 -0.02472600 1.45469900
32 1.33615100 -0.00005100 -0.00000900 0.03211100 -0.02159500 -0.60809400
33 4.82051300 0.50934000 0.22486500 -0.00856500 -0.02581600 0.80590600
34 1.82699600 0.00006600 0.00000800 -0.02704000 0.03008700 0.54162100
35 1.43657700 -0.00001000 0.00000700 0.00034600 -0.01510000 0.81494400
36 3.99235300 0.89108700 1.82799400 -0.59705700 -0.08663300 1.07907000
37 1.40591800 0.00002100 -0.00000700 0.00773100 -0.02839800 0.60867400
38 1.17536900 -0.00013100 0.00000200 0.07777500 0.09569900 0.63953200
39 4.52675600 0.69046000 1.12084200 -0.32698600 -0.07846000 0.97354900
40 1.74404100 -0.00003100 -0.00000200 -0.00983100 -0.02786000 0.74857100
41 1.36876300 -0.00003100 -0.00001700 0.12047900 0.10340200 0.67954500
42 1.87485500 0.93508100 -0.99913000 1.65829700 0.62943900 0.47059700
43 1.52344900 -0.00003400 -0.00000300 -0.04681000 0.17065600 0.16702000
44 1.59928100 -0.00000200 0.00000900 0.07497000 -0.03671300 1.28091000
45 5.51180600 -0.00000200 0.00000600 -0.23579700 0.00000500 0.00000700
46 0.19685000 0.00000300 -0.00000200 -0.34822500 0.00001500 -0.00000200
47 0.00000000 0.00000000 0.00000000 0.00000000 0.00000000 -1.57079600
48 -4.33264300 33.56495300 -4.02389200 0.00000000 0.00000000 -3.14156200
49 -5.64914512 49.41425300 -3.03417764 0.26507159 0.05181611 -1.22774394
50 1.83145900 2.54520800 -8.09276000 1.18434200 0.49215400 2.51044500
51 1.00001700 -0.23261300 2.80764800 0.00000000 0.00000000 0.00000000
52 -0.00505400 -0.00848500 0.39764100 -0.14577391 -0.03238956 1.47717909
53 -0.80051200 -3.65257900 -1.98334900 2.44542600 -0.08843800 -2.57804300
time 32
0 -0.00000100 7.45008900 -27.50902600 0.00000000 0.00000000 0.00003100
1 -0.00000200 0.00000000 0.00000000 1.57074300 -1.56713700 -1.57074300
2 4.25546800 -0.33518300 -0.00000200 0.00000000 0.00000000 -0.12484800
3 7.43124800 1.49647700 0.00000200 0.00000000 0.00000000 0.24545000
4 5.27847900 0.16554100 0.00000100 0.00000000 0.00000000 0.04851100
5 2.63886500 -13.19337700 1.00679000 2.12269900 1.26566500 -1.14230500
6 -6.21448200 -0.00000700 -0.00002700 2.99146821 -1.07474346 2.03893579
7 11.94488200 0.00000000 0.00000100 -1.69712709 -0.44020753 1.59696305
8 10.62018100 0.00000200 0.00000000 -0.09031779 0.68177470 2.74867313
9 -4.75110600 -0.69449400 0.83057700 0.00028100 -0.16938500 0.33403800
10 -1.68806800 0.00004600 -0.00003200 0.00631400 -0.02389200 1.18264900
11 -1.33614000 0.00005700 -0.00001200 0.02637800 0.00063800 0.52890100
12 -4.82049400 -0.50946000 -0.22475900 -0.24351800 -0.14426100 0.82030500
13 -1.82699200 -0.00006400 0.00000600 0.00911100 0.03941700 1.49994600
14 -1.43657300 0.00000600 0.00000200 0.05259500 -0.05734700 -0.83594400
15 -3.99235500 -0.89118800 -1.82790900 -0.38697900 0.18514600 1.26743400
16 -1.40591800 -0.00002500 -0.00000300 -0.00622200 -0.02882100 1.08722300
17 -1.17535800 0.00012800 -0.00002000 -0.03636700 0.05734700 -0.66304300
18 -4.52675100 -0.69057500 -1.12074400 -0.20786400 0.08020500 1.04110200
19 -1.74403800 0.00003300 -0.00000800 -0.02361300 -0.01776000 1.33785000
20 -1.36877100 0.00002500 0.00000200 -0.02529200 0.04599800 -0.60797500
21 -1.87480000 -0.93512500 0.99917400 2.73721800 0.58247900 0.69523300
22 -1.54243500 0.03903500 0.17886700 -0.56361300 0.01980100 0.16334400
23 -1.59928500 0.00000400 0.00001600 0.05950500 0.03321900 -0.33057100
24 5.51181500 0.00000800 -0.00000100 1.90386392 0.00026729 3.14138973
25 0.19684700 -0.00000100 0.00000300 2.79340698 -0.00031616 -3.14150943
26 2.82592000 -12.20577300 -2.78509900 1.97586200 1.15990900 1.84280300
27 6.21448500 0.00000600 0.00002000 -0.65635714 0.98472684 -1.78910385
28 11.94488500 -0.00002900 -0.00019400 -0.35416100 -0.35163916 -1.61010665
29 10.62016600 0.00000200 0.00001000 -1.67186430 0.01308688 -0.45188228
30 4.75115600 0.69437600 -0.83047300 0.20299500 0.08083800 0.60824900
31 1.68806500 -0.00002600 0.00000200 -0.00039700 -0.02472600 1.45469900
32 1.33615100 -0.00005100 -0.00000900 0.03211100 -0.02159500 -0.60809400
33 4.82051300 0.50934000 0.22486500 -0.00856500 -0.02581600 0.80590600
34 1.82699600 0.00006600 0.00000800 -0.02704000 0.03008700 0.54162100
35 1.43657700 -0.00001000 0.00000700 0.00034600 -0.01510000 0.81494400
36 3.99235300 0.89108700 1.82799400 -0.59705700 -0.08663300 1.07907000
37 1.40591800 0.00002100 -0.00000700 0.00773100 -0.02839800 0.60867400
38 1.17536900 -0.00013100 0.00000200 0.07777500 0.09569900 0.63953200
39 4.52675600 0.69046000 1.12084200 -0.32698600 -0.07846000 0.97354900
40 1.74404100 -0.00003100 -0.00000200 -0.00983100 -0.02786000 0.74857100
41 1.36876300 -0.00003100 -0.00001700 0.12047900 0.10340200 0.67954500
42 1.87485500 0.93508100 -0.99913000 1.65829700 0.62943900 0.47059700
43 1.52344900 -0.00003400 -0.00000300 -0.04681000 0.17065600 0.16702000
44 1.59928100 -0.00000200 0.00000900 0.07497000 -0.03671300 1.28091000
45 5.51180600 -0.00000200 0.00000600 -0.23579700 0.00000500 0.00000700
46 0.19685000 0.00000300 -0.00000200 -0.34822500 0.00001500 -0.00000200
47 0.00000000 0.00000000 0.00000000 0.00000000 0.00000000 -1.57079600
48 -4.33264300 33.56495300 -4.02389200 0.00000000 0.00000000 -3.14156200
49 -5.61987104 49.41425300 -3.03775867 0.26250276 0.05727096 -1.22792560
50 1.83145900 2.54520800 -8.09276000 1.18434200 0.49215400 2.51044500
51 1.00001700 -0.23261300 2.80764800 0.00000000 0.00000000 0.00000000
52 -0.00505400 -0.00848500 0.39764100 -0.13578526 -0.02900871 1.48447631
53 -0.80051200 -3.65257900 -1.98334900 2.44542600 -0.08843800 -2.57804300
time 33
0 -0.00000100 7.45008900 -27.50902600 0.00000000 0.00000000 0.00003100
1 -0.00000200 0.00000000 0.00000000 1.57074300 -1.56713700 -1.57074300
2 4.25546800 -0.33518300 -0.00000200 0.00000000 0.00000000 -0.12484800
3 7.43124800 1.49647700 0.00000200 0.00000000 0.00000000 0.24545000
4 5.27847900 0.16554100 0.00000100 0.00000000 0.00000000 0.04851100
5 2.63886500 -13.19337700 1.00679000 2.12269900 1.26566500 -1.14230500
6 -6.21448200 -0.00000700 -0.00002700 2.99376244 -1.07456092 2.03644639
7 11.94488200 0.00000000 0.00000100 -1.69483731 -0.44052398 1.59173141
8 10.62018100 0.00000200 0.00000000 -0.09556701 0.68881280 2.74226248
9 -4.75110600 -0.69449400 0.83057700 0.00028100 -0.16938500 0.33403800
10 -1.68806800 0.00004600 -0.00003200 0.00631400 -0.02389200 1.18264900
11 -1.33614000 0.00005700 -0.00001200 0.02637800 0.00063800 0.52890100
12 -4.82049400 -0.50946000 -0.22475900 -0.24351800 -0.14426100 0.82030500
13 -1.82699200 -0.00006400 0.00000600 0.00911100 0.03941700 1.49994600
14 -1.43657300 0.00000600 0.00000200 0.05259500 -0.05734700 -0.83594400
15 -3.99235500 -0.89118800 -1.82790900 -0.38697900 0.18514600 1.26743400
16 -1.40591800 -0.00002500 -0.00000300 -0.00622200 -0.02882100 1.08722300
17 -1.17535800 0.00012800 -0.00002000 -0.03636700 0.05734700 -0.66304300
18 -4.52675100 -0.69057500 -1.12074400 -0.20786400 0.08020500 1.04110200
19 -1.74403800 0.00003300 -0.00000800 -0.02361300 -0.01776000 1.33785000
20 -1.36877100 0.00002500 0.00000200 -0.02529200 0.04599800 -0.60797500
21 -1.87480000 -0.93512500 0.99917400 2.73721800 0.58247900 0.69523300
22 -1.54243500 0.03903500 0.17886700 -0.56361300 0.01980100 0.16334400
23 -1.59928500 0.00000400 0.00001600 0.05950500 0.03321900 -0.33057100
24 5.51181500 0.00000800 -0.00000100 1.90386392 0.00026729 3.14138973
25 0.19684700 -0.00000100 0.00000300 2.79340698 -0.00031616 -3.14150943
26 2.82592000 -12.20577300 -2.78509900 1.97586200 1.15990900 1.84280300
27 6.21448500 0.00000600 0.00002000 -0.65741634 0.98414517 -1.79125081
28 11.94488500 -0.00002900 -0.00019400 -0.35479166 -0.35195507 -1.60823720
29 10.62016600 0.00000200 0.00001000 -1.66887400 0.01811716 -0.45380491
30 4.75115600 0.69437600 -0.83047300 0.20299500 0.08083800 0.60824900
31 1.68806500 -0.00002600 0.00000200 -0.00039700 -0.02472600 1.45469900
32 1.33615100 -0.00005100 -0.00000900 0.03211100 -0.02159500 -0.60809400
33 4.82051300 0.50934000 0.22486500 -0.00856500 -0.02581600 0.80590600
34 1.82699600 0.00006600 0.00000800 -0.02704000 0.03008700 0.54162100
35 1.43657700 -0.00001000 0.00000700 0.00034600 -0.01510000 0.81494400
36 3.99235300 0.89108700 1.82799400 -0.59705700 -0.08663300 1.07907000
37 1.40591800 0.00002100 -0.00000700 0.00773100 -0.02839800 0.60867400
38 1.17536900 -0.00013100 0.00000200 0.07777500 0.09569900 0.63953200
39 4.52675600 0.69046000 1.12084200 -0.32698600 -0.07846000 0.97354900
40 1.74404100 -0.00003100 -0.00000200 -0.00983100 -0.02786000 0.74857100
41 1.36876300 -0.00003100 -0.00001700 0.12047900 0.10340200 0.67954500
42 1.87485500 0.93508100 -0.99913000 1.65829700 0.62943900 0.47059700
43 1.52344900 -0.00003400 -0.00000300 -0.04681000 0.17065600 0.16702000
44 1.59928100 -0.00000200 0.00000900 0.07497000 -0.03671300 1.28091000
45 5.51180600 -0.00000200 0.00000600 -0.23579700 0.00000500 0.00000700
46 0.19685000 0.00000300 -0.00000200 -0.34822500 0.00001500 -0.00000200
47 0.00000000 0.00000000 0.00000000 0.00000000 0.00000000 -1.57079600
48 -4.33264300 33.56495300 -4.02389200 0.00000000 0.00000000 -3.14156200
49 -5.59148252 49.41425300 -3.04882965 0.25998654 0.06225921 -1.22806905
50 1.83145900 2.54520800 -8.09276000 1.18434200 0.49215400 2.51044500
51 1.00001700 -0.23261300 2.80764800 0.00000000 0.00000000 0.00000000
52 -0.00505400 -0.00848500 0.39764100 -0.12647036 -0.02462307 1.49410305
53 -0.80051200 -3.65257900 -1.98334900 2.44542600 -0.08843800 -2.57804300
time 34
0 -0.00000100 7.45008900 -27.50902600 0.00000000 0.00000000 0.00003100
1 -0.00000200 0.00000000 0.00000000 1.57074300 -1.56713700 -1.57074300
2 4.25546800 -0.33518300 -0.00000200 0.00000000 0.00000000 -0.12484800
3 7.43124800 1.49647700 0.00000200 0.00000000 0.00000000 0.24545000
4 5.27847900 0.16554100 0.00000100 0.00000000 0.00000000 0.04851100
5 2.63886500 -13.19337700 1.00679000 2.12269900 1.26566500 -1.14230500
6 -6.21448200 -0.00000700 -0.00002700 2.99417724 -1.07503138 2.03563711
7 11.94488200 0.00000000 0.00000100 -1.69261187 -0.44061492 1.58646427
8 10.62018100 0.00000200 0.00000000 -0.10084420 0.69579888 2.73599740
9 -4.75110600 -0.69449400 0.83057700 0.00028100 -0.16938500 0.33403800
10 -1.68806800 0.00004600 -0.00003200 0.00631400 -0.02389200 1.18264900
11 -1.33614000 0.00005700 -0.00001200 0.02637800 0.00063800 0.52890100
12 -4.82049400 -0.50946000 -0.22475900 -0.24351800 -0.14426100 0.82030500
13 -1.82699200 -0.00006400 0.00000600 0.00911100 0.03941700 1.49994600
14 -1.43657300 0.00000600 0.00000200 0.05259500 -0.05734700 -0.83594400
15 -3.99235500 -0.89118800 -1.82790900 -0.38697900 0.18514600 1.26743400
16 -1.40591800 -0.00002500 -0.00000300 -0.00622200 -0.02882100 1.08722300
17 -1.17535800 0.00012800 -0.00002000 -0.03636700 0.05734700 -0.66304300
18 -4.52675100 -0.69057500 -1.12074400 -0.20786400 0.08020500 1.04110200
19 -1.74403800 0.00003300 -0.00000800 -0.02361300 -0.01776000 1.33785000
20 -1.36877100 0.00002500 0.00000200 -0.02529200 0.04599800 -0.60797500
21 -1.87480000 -0.93512500 0.99917400 2.73721800 0.58247900 0.69523300
22 -1.54243500 0.03903500 0.17886700 -0.56361300 0.01980100 0.16334400
23 -1.59928500 0.00000400 0.00001600 0.05950500 0.03321900 -0.33057100
24 5.51181500 0.00000800 -0.00000100 1.90386392 0.00026729 3.14138973
25 0.19684700 -0.00000100 0.00000300 2.79340698 -0.00031616 -3.14150943
26 2.82592000 -12.20577300 -2.78509900 1.97586200 1.15990900 1.84280300
27 6.21448500 0.00000600 0.00002000 -0.65736582 0.98452110 -1.79219924
28 11.94488500 -0.00002900 -0.00019400 -0.35540734 -0.35215180 -1.60635038
29 10.62016600 0.00000200 0.00001000 -1.66614836 0.02234005 -0.45613341
30 4.75115600 0.69437600 -0.83047300 0.20299500 0.08083800 0.60824900
31 1.68806500 -0.00002600 0.00000200 -0.00039700 -0.02472600 1.45469900
32 1.33615100 -0.00005100 -0.00000900 0.03211100 -0.02159500 -0.60809400
33 4.82051300 0.50934000 0.22486500 -0.00856500 -0.02581600 0.80590600
34 1.82699600 0.00006600 0.00000800 -0.02704000 0.03008700 0.54162100
35 1.43657700 -0.00001000 0.00000700 0.00034600 -0.01510000 0.81494400
36 3.99235300 0.89108700 1.82799400 -0.59705700 -0.08663300 1.07907000
37 1.40591800 0.00002100 -0.00000700 0.00773100 -0.02839800 0.60867400
38 1.17536900 -0.00013100 0.00000200 0.07777500 0.09569900 0.63953200
39 4.52675600 0.69046000 1.12084200 -0.32698600 -0.07846000 0.97354900
40 1.74404100 -0.00003100 -0.00000200 -0.00983100 -0.02786000 0.74857100
41 1.36876300 -0.00003100 -0.00001700 0.12047900 0.10340200 0.67954500
42 1.87485500 0.93508100 -0.99913000 1.65829700 0.62943900 0.47059700
43 1.52344900 -0.00003400 -0.00000300 -0.04681000 0.17065600 0.16702000
44 1.59928100 -0.00000200 0.00000900 0.07497000 -0.03671300 1.28091000
45 5.51180600 -0.00000200 0.00000600 -0.23579700 0.00000500 0.00000700
46 0.19685000 0.00000300 -0.00000200 -0.34822500 0.00001500 -0.00000200
47 0.00000000 0.00000000 0.00000000 0.00000000 0.00000000 -1.57079600
48 -4.33264300 33.56495300 -4.02389200 0.00000000 0.00000000 -3.14156200
49 -5.56545551 49.41425300 -3.07772351 0.25744720 0.06585410 -1.22806145
50 1.83145900 2.54520800 -8.09276000 1.18434200 0.49215400 2.51044500
51 1.00001700 -0.23261300 2.80764800 0.00000000 0.00000000 0.00000000
52 -0.00505400 -0.00848500 0.39764100 -0.11855491 -0.01687002 1.50902577
53 -0.80051200 -3.65257900 -1.98334900 2.44542600 -0.08843800 -2.57804300
time 35
0 -0.00000100 7.45008900 -27.50902600 0.00000000 0.00000000 0.00003100
1 -0.00000200 0.00000000 0.00000000 1.57074300 -1.56713700 -1.57074300
2 4.25546800 -0.33518300 -0.00000200 0.00000000 0.00000000 -0.12484800
3 7.43124800 1.49647700 0.00000200 0.00000000 0.00000000 0.24545000
4 5.27847900 0.16554100 0.00000100 0.00000000 0.00000000 0.04851100
5 2.63886500 -13.19337700 1.00679000 2.12269900 1.26566500 -1.14230500
6 -6.21448200 -0.00000700 -0.00002700 2.99364939 -1.07595057 2.03529110
7 11.94488200 0.00000000 0.00000100 -1.69030594 -0.44090074 1.58130688
8 10.62018100 0.00000200 0.00000000 -0.10642023 0.70205382 2.72975834
9 -4.75110600 -0.69449400 0.83057700 0.00028100 -0.16938500 0.33403800
10 -1.68806800 0.00004600 -0.00003200 0.00631400 -0.02389200 1.18264900
11 -1.33614000 0.00005700 -0.00001200 0.02637800 0.00063800 0.52890100
12 -4.82049400 -0.50946000 -0.22475900 -0.24351800 -0.14426100 0.82030500
13 -1.82699200 -0.00006400 0.00000600 0.00911100 0.03941700 1.49994600
14 -1.43657300 0.00000600 0.00000200 0.05259500 -0.05734700 -0.83594400
15 -3.99235500 -0.89118800 -1.82790900 -0.38697900 0.18514600 1.26743400
16 -1.40591800 -0.00002500 -0.00000300 -0.00622200 -0.02882100 1.08722300
17 -1.17535800 0.00012800 -0.00002000 -0.03636700 0.05734700 -0.66304300
18 -4.52675100 -0.69057500 -1.12074400 -0.20786400 0.08020500 1.04110200
19 -1.74403800 0.00003300 -0.00000800 -0.02361300 -0.01776000 1.33785000
20 -1.36877100 0.00002500 0.00000200 -0.02529200 0.04599800 -0.60797500
21 -1.87480000 -0.93512500 0.99917400 2.73721800 0.58247900 0.69523300
22 -1.54243500 0.03903500 0.17886700 -0.56361300 0.01980100 0.16334400
23 -1.59928500 0.00000400 0.00001600 0.05950500 0.03321900 -0.33057100
24 5.51181500 0.00000800 -0.00000100 1.90386392 0.00026729 3.14138973
25 0.19684700 -0.00000100 0.00000300 2.79340698 -0.00031616 -3.14150943
26 2.82592000 -12.20577300 -2.78509900 1.97586200 1.15990900 1.84280300
27 6.21448500 0.00000600 0.00002000 -0.65694979 0.98542021 -1.79258589
28 11.94488500 -0.00002900 -0.00019400 -0.35588514 -0.35222081 -1.60503263
29 10.62016600 0.00000200 0.00001000 -1.66325532 0.02600981 -0.45749020
30 4.75115600 0.69437600 -0.83047300 0.20299500 0.08083800 0.60824900
31 1.68806500 -0.00002600 0.00000200 -0.00039700 -0.02472600 1.45469900
32 1.33615100 -0.00005100 -0.00000900 0.03211100 -0.02159500 -0.60809400
33 4.82051300 0.50934000 0.22486500 -0.00856500 -0.02581600 0.80590600
34 1.82699600 0.00006600 0.00000800 -0.02704000 0.03008700 0.54162100
35 1.43657700 -0.00001000 0.00000700 0.00034600 -0.01510000 0.81494400
36 3.99235300 0.89108700 1.82799400 -0.59705700 -0.08663300 1.07907000
37 1.40591800 0.00002100 -0.00000700 0.00773100 -0.02839800 0.60867400
38 1.17536900 -0.00013100 0.00000200 0.07777500 0.09569900 0.63953200
39 4.52675600 0.69046000 1.12084200 -0.32698600 -0.07846000 0.97354900
40 1.74404100 -0.00003100 -0.00000200 -0.00983100 -0.02786000 0.74857100
41 1.36876300 -0.00003100 -0.00001700 0.12047900 0.10340200 0.67954500
42 1.87485500 0.93508100 -0.99913000 1.65829700 0.62943900 0.47059700
43 1.52344900 -0.00003400 -0.00000300 -0.04681000 0.17065600 0.16702000
44 1.59928100 -0.00000200 0.00000900 0.07497000 -0.03671300 1.28091000
45 5.51180600 -0.00000200 0.00000600 -0.23579700 0.00000500 0.00000700
46 0.19685000 0.00000300 -0.00000200 -0.34822500 0.00001500 -0.00000200
47 0.00000000 0.00000000 0.00000000 0.00000000 0.00000000 -1.57079600
48 -4.33264300 33.56495300 -4.02389200 0.00000000 0.00000000 -3.14156200
49 -5.54337490 49.41425300 -3.11164736 0.25452928 0.06853821 -1.22773332
50 1.83145900 2.54520800 -8.09276000 1.18434200 0.49215400 2.51044500
51 1.00001700 -0.23261300 2.80764800 0.00000000 0.00000000 0.00000000
52 -0.00505400 -0.00848500 0.39764100 -0.11058600 -0.00948253 1.52686202
53 -0.80051200 -3.65257900 -1.98334900 2.44542600 -0.08843800 -2.57804300
time 36
0 -0.00000100 7.45008900 -27.50902600 0.00000000 0.00000000 0.00003100
1 -0.00000200 0.00000000 0.00000000 1.57074300 -1.56713700 -1.57074300
2 4.25546800 -0.33518300 -0.00000200 0.00000000 0.00000000 -0.12484800
3 7.43124800 1.49647700 0.00000200 0.00000000 0.00000000 0.24545000
4 5.27847900 0.16554100 0.00000100 0.00000000 0.00000000 0.04851100
5 2.63886500 -13.19337700 1.00679000 2.12269900 1.26566500 -1.14230500
6 -6.21448200 -0.00000700 -0.00002700 2.99239787 -1.07753752 2.03518323
7 11.94488200 0.00000000 0.00000100 -1.68819689 -0.44139402 1.57637983
8 10.62018100 0.00000200 0.00000000 -0.11206067 0.70755707 2.72362480
9 -4.75110600 -0.69449400 0.83057700 0.00028100 -0.16938500 0.33403800
10 -1.68806800 0.00004600 -0.00003200 0.00631400 -0.02389200 1.18264900
11 -1.33614000 0.00005700 -0.00001200 0.02637800 0.00063800 0.52890100
12 -4.82049400 -0.50946000 -0.22475900 -0.24351800 -0.14426100 0.82030500
13 -1.82699200 -0.00006400 0.00000600 0.00911100 0.03941700 1.49994600
14 -1.43657300 0.00000600 0.00000200 0.05259500 -0.05734700 -0.83594400
15 -3.99235500 -0.89118800 -1.82790900 -0.38697900 0.18514600 1.26743400
16 -1.40591800 -0.00002500 -0.00000300 -0.00622200 -0.02882100 1.08722300
17 -1.17535800 0.00012800 -0.00002000 -0.03636700 0.05734700 -0.66304300
18 -4.52675100 -0.69057500 -1.12074400 -0.20786400 0.08020500 1.04110200
19 -1.74403800 0.00003300 -0.00000800 -0.02361300 -0.01776000 1.33785000
20 -1.36877100 0.00002500 0.00000200 -0.02529200 0.04599800 -0.60797500
21 -1.87480000 -0.93512500 0.99917400 2.73721800 0.58247900 0.69523300
22 -1.54243500 0.03903500 0.17886700 -0.56361300 0.01980100 0.16334400
23 -1.59928500 0.00000400 0.00001600 0.05950500 0.03321900 -0.33057100
24 5.51181500 0.00000800 -0.00000100 1.90386392 0.00026729 3.14138973
25 0.19684700 -0.00000100 0.00000300 2.79340698 -0.00031616 -3.14150943
26 2.82592000 -12.20577300 -2.78509900 1.97586200 1.15990900 1.84280300
27 6.21448500 0.00000600 0.00002000 -0.65589728 0.98677121 -1.79186171
28 11.94488500 -0.00002900 -0.00019400 -0.35606174 -0.35198470 -1.60436712
29 10.62016600 0.00000200 0.00001000 -1.66040737 0.02876915 -0.45785871
30 4.75115600 0.69437600 -0.83047300 0.20299500 0.08083800 0.60824900
31 1.68806500 -0.00002600 0.00000200 -0.00039700 -0.02472600 1.45469900
32 1.33615100 -0.00005100 -0.00000900 0.03211100 -0.02159500 -0.60809400
33 4.82051300 0.50934000 0.22486500 -0.00856500 -0.02581600 0.80590600
34 1.82699600 0.00006600 0.00000800 -0.02704000 0.03008700 0.54162100
35 1.43657700 -0.00001000 0.00000700 0.00034600 -0.01510000 0.81494400
36 3.99235300 0.89108700 1.82799400 -0.59705700 -0.08663300 1.07907000
37 1.40591800 0.00002100 -0.00000700 0.00773100 -0.02839800 0.60867400
38 1.17536900 -0.00013100 0.00000200 0.07777500 0.09569900 0.63953200
39 4.52675600 0.69046000 1.12084200 -0.32698600 -0.07846000 0.97354900
40 1.74404100 -0.00003100 -0.00000200 -0.00983100 -0.02786000 0.74857100
41 1.36876300 -0.00003100 -0.00001700 0.12047900 0.10340200 0.67954500
42 1.87485500 0.93508100 -0.99913000 1.65829700 0.62943900 0.47059700
43 1.52344900 -0.00003400 -0.00000300 -0.04681000 0.17065600 0.16702000
44 1.59928100 -0.00000200 0.00000900 0.07497000 -0.03671300 1.28091000
45 5.51180600 -0.00000200 0.00000600 -0.23579700 0.00000500 0.00000700
46 0.19685000 0.00000300 -0.00000200 -0.34822500 0.00001500 -0.00000200
47 0.00000000 0.00000000 0.00000000 0.00000000 0.00000000 -1.57079600
48 -4.33264300 33.56495300 -4.02389200 0.00000000 0.00000000 -3.14156200
49 -5.52602999 49.41425300 -3.15130359 0.25087957 0.07001999 -1.22700373
50 1.83145900 2.54520800 -8.09276000 1.18434200 0.49215400 2.51044500
51 1.00001700 -0.23261300 2.80764800 0.00000000 0.00000000 0.00000000
52 -0.00505400 -0.00848500 0.39764100 -0.10275217 -0.00253663 1.54820752
53 -0.80051200 -3.65257900 -1.98334900 2.44542600 -0.08843800 -2.57804300
time 37
0 -0.00000100 7.45008900 -27.50902600 0.00000000 0.00000000 0.00003100
1 -0.00000200 0.00000000 0.00000000 1.57074300 -1.56713700 -1.57074300
2 4.25546800 -0.33518300 -0.00000200 0.00000000 0.00000000 -0.12484800
3 7.43124800 1.49647700 0.00000200 0.00000000 0.00000000 0.24545000
4 5.27847900 0.16554100 0.00000100 0.00000000 0.00000000 0.04851100
5 2.63886500 -13.19337700 1.00679000 2.12269900 1.26566500 -1.14230500
6 -6.21448200 -0.00000700 -0.00002700 2.99118620 -1.07970585 2.03395627
7 11.94488200 0.00000000 0.00000100 -1.68612189 -0.44231883 1.57146877
8 10.62018100 0.00000200 0.00000000 -0.11872188 0.71210870 2.71677566
9 -4.75110600 -0.69449400 0.83057700 0.00028100 -0.16938500 0.33403800
10 -1.68806800 0.00004600 -0.00003200 0.00631400 -0.02389200 1.18264900
11 -1.33614000 0.00005700 -0.00001200 0.02637800 0.00063800 0.52890100
12 -4.82049400 -0.50946000 -0.22475900 -0.24351800 -0.14426100 0.82030500
13 -1.82699200 -0.00006400 0.00000600 0.00911100 0.03941700 1.49994600
14 -1.43657300 0.00000600 0.00000200 0.05259500 -0.05734700 -0.83594400
15 -3.99235500 -0.89118800 -1.82790900 -0.38697900 0.18514600 1.26743400
16 -1.40591800 -0.00002500 -0.00000300 -0.00622200 -0.02882100 1.08722300
17 -1.17535800 0.00012800 -0.00002000 -0.03636700 0.05734700 -0.66304300
18 -4.52675100 -0.69057500 -1.12074400 -0.20786400 0.08020500 1.04110200
19 -1.74403800 0.00003300 -0.00000800 -0.02361300 -0.01776000 1.33785000
20 -1.36877100 0.00002500 0.00000200 -0.02529200 0.04599800 -0.60797500
21 -1.87480000 -0.93512500 0.99917400 2.73721800 0.58247900 0.69523300
22 -1.54243500 0.03903500 0.17886700 -0.56361300 0.01980100 0.16334400
23 -1.59928500 0.00000400 0.00001600 0.05950500 0.03321900 -0.33057100
24 5.51181500 0.00000800 -0.00000100 1.90386392 0.00026729 3.14138973
25 0.19684700 -0.00000100 0.00000300 2.79340698 -0.00031616 -3.14150943
26 2.82592000 -12.20577300 -2.78509900 1.97586200 1.15990900 1.84280300
27 6.21448500 0.00000600 0.00002000 -0.65486875 0.98789546 -1.79039268
28 11.94488500 -0.00002900 -0.00019400 -0.35582084 -0.35151462 -1.60508568
29 10.62016600 0.00000200 0.00001000 -1.65673540 0.03128571 -0.45549997
30 4.75115600 0.69437600 -0.83047300 0.20299500 0.08083800 0.60824900
31 1.68806500 -0.00002600 0.00000200 -0.00039700 -0.02472600 1.45469900
32 1.33615100 -0.00005100 -0.00000900 0.03211100 -0.02159500 -0.60809400
33 4.82051300 0.50934000 0.22486500 -0.00856500 -0.02581600 0.80590600
34 1.82699600 0.00006600 0.00000800 -0.02704000 0.03008700 0.54162100
35 1.43657700 -0.00001000 0.00000700 0.00034600 -0.01510000 0.81494400
36 3.99235300 0.89108700 1.82799400 -0.59705700 -0.08663300 1.07907000
37 1.40591800 0.00002100 -0.00000700 0.00773100 -0.02839800 0.60867400
38 1.17536900 -0.00013100 0.00000200 0.07777500 0.09569900 0.63953200
39 4.52675600 0.69046000 1.12084200 -0.32698600 -0.07846000 0.97354900
40 1.74404100 -0.00003100 -0.00000200 -0.00983100 -0.02786000 0.74857100
41 1.36876300 -0.00003100 -0.00001700 0.12047900 0.10340200 0.67954500
42 1.87485500 0.93508100 -0.99913000 1.65829700 0.62943900 0.47059700
43 1.52344900 -0.00003400 -0.00000300 -0.04681000 0.17065600 0.16702000
44 1.59928100 -0.00000200 0.00000900 0.07497000 -0.03671300 1.28091000
45 5.51180600 -0.00000200 0.00000600 -0.23579700 0.00000500 0.00000700
46 0.19685000 0.00000300 -0.00000200 -0.34822500 0.00001500 -0.00000200
47 0.00000000 0.00000000 0.00000000 0.00000000 0.00000000 -1.57079600
48 -4.33264300 33.56495300 -4.02389200 0.00000000 0.00000000 -3.14156200
49 -5.51561769 49.41425300 -3.18385920 0.24576747 0.07092023 -1.22560124
50 1.83145900 2.54520800 -8.09276000 1.18434200 0.49215400 2.51044500
51 1.00001700 -0.23261300 2.80764800 0.00000000 0.00000000 0.00000000
52 -0.00505400 -0.00848500 0.39764100 -0.09539756 0.00318058 1.56900448
53 -0.80051200 -3.65257900 -1.98334900 2.44542600 -0.08843800 -2.57804300
time 38
0 -0.00000100 7.45008900 -27.50902600 0.00000000 0.00000000 0.00003100
1 -0.00000200 0.00000000 0.00000000 1.57074300 -1.56713700 -1.57074300
2 4.25546800 -0.33518300 -0.00000200 0.00000000 0.00000000 -0.12484800
3 7.43124800 1.49647700 0.00000200 0.00000000 0.00000000 0.24545000
4 5.27847900 0.16554100 0.00000100 0.00000000 0.00000000 0.04851100
5 2.63886500 -13.19337700 1.00679000 2.12269900 1.26566500 -1.14230500
6 -6.21448200 -0.00000700 -0.00002700 2.99019298 -1.08222456 2.03192021
7 11.94488200 0.00000000 0.00000100 -1.68417082 -0.44347454 1.56687275
8 10.62018100 0.00000200 0.00000000 -0.12567954 0.71583677 2.70983135
9 -4.75110600 -0.69449400 0.83057700 0.00028100 -0.16938500 0.33403800
10 -1.68806800 0.00004600 -0.00003200 0.00631400 -0.02389200 1.18264900
11 -1.33614000 0.00005700 -0.00001200 0.02637800 0.00063800 0.52890100
12 -4.82049400 -0.50946000 -0.22475900 -0.24351800 -0.14426100 0.82030500
13 -1.82699200 -0.00006400 0.00000600 0.00911100 0.03941700 1.49994600
14 -1.43657300 0.00000600 0.00000200 0.05259500 -0.05734700 -0.83594400
15 -3.99235500 -0.89118800 -1.82790900 -0.38697900 0.18514600 1.26743400
16 -1.40591800 -0.00002500 -0.00000300 -0.00622200 -0.02882100 1.08722300
17 -1.17535800 0.00012800 -0.00002000 -0.03636700 0.05734700 -0.66304300
18 -4.52675100 -0.69057500 -1.12074400 -0.20786400 0.08020500 1.04110200
19 -1.74403800 0.00003300 -0.00000800 -0.02361300 -0.01776000 1.33785000
20 -1.36877100 0.00002500 0.00000200 -0.02529200 0.04599800 -0.60797500
21 -1.87480000 -0.93512500 0.99917400 2.73721800 0.58247900 0.69523300
22 -1.54243500 0.03903500 0.17886700 -0.56361300 0.01980100 0.16334400
23 -1.59928500 0.00000400 0.00001600 0.05950500 0.03321900 -0.33057100
24 5.51181500 0.00000800 -0.00000100 1.90386392 0.00026729 3.14138973
25 0.19684700 -0.00000100 0.00000300 2.79340698 -0.00031616 -3.14150943
26 2.82592000 -12.20577300 -2.78509900 1.97586200 1.15990900 1.84280300
27 6.21448500 0.00000600 0.00002000 -0.65363895 0.98890179 -1.78834757
28 11.94488500 -0.00002900 -0.00019400 -0.35539226 -0.35090521 -1.60645287
29 10.62016600 0.00000200 0.00001000 -1.65285634 0.03343931 -0.45171321
30 4.75115600 0.69437600 -0.83047300 0.20299500 0.08083800 0.60824900
31 1.68806500 -0.00002600 0.00000200 -0.00039700 -0.02472600 1.45469900
32 1.33615100 -0.00005100 -0.00000900 0.03211100 -0.02159500 -0.60809400
33 4.82051300 0.50934000 0.22486500 -0.00856500 -0.02581600 0.80590600
34 1.82699600 0.00006600 0.00000800 -0.02704000 0.03008700 0.54162100
35 1.43657700 -0.00001000 0.00000700 0.00034600 -0.01510000 0.81494400
36 3.99235300 0.89108700 1.82799400 -0.59705700 -0.08663300 1.07907000
37 1.40591800 0.00002100 -0.00000700 0.00773100 -0.02839800 0.60867400
38 1.17536900 -0.00013100 0.00000200 0.07777500 0.09569900 0.63953200
39 4.52675600 0.69046000 1.12084200 -0.32698600 -0.07846000 0.97354900
40 1.74404100 -0.00003100 -0.00000200 -0.00983100 -0.02786000 0.74857100
41 1.36876300 -0.00003100 -0.00001700 0.12047900 0.10340200 0.67954500
42 1.87485500 0.93508100 -0.99913000 1.65829700 0.62943900 0.47059700
43 1.52344900 -0.00003400 -0.00000300 -0.04681000 0.17065600 0.16702000
44 1.59928100 -0.00000200 0.00000900 0.07497000 -0.03671300 1.28091000
45 5.51180600 -0.00000200 0.00000600 -0.23579700 0.00000500 0.00000700
46 0.19685000 0.00000300 -0.00000200 -0.34822500 0.00001500 -0.00000200
47 0.00000000 0.00000000 0.00000000 0.00000000 0.00000000 -1.57079600
48 -4.33264300 33.56495300 -4.02389200 0.00000000 0.00000000 -3.14156200
49 -5.50916687 49.41425300 -3.21296546 0.24000661 0.07137356 -1.22393597
50 1.83145900 2.54520800 -8.09276000 1.18434200 0.49215400 2.51044500
51 1.00001700 -0.23261300 2.80764800 0.00000000 0.00000000 0.00000000
52 -0.00505400 -0.00848500 0.39764100 -0.08895041 0.00731495 1.58985087
53 -0.80051200 -3.65257900 -1.98334900 2.44542600 -0.08843800 -2.57804300
time 39
0 -0.00000100 7.45008900 -27.50902600 0.00000000 0.00000000 0.00003100
1 -0.00000200 0.00000000 0.00000000 1.57074300 -1.56713700 -1.57074300
2 4.25546800 -0.33518300 -0.00000200 0.00000000 0.00000000 -0.12484800
3 7.43124800 1.49647700 0.00000200 0.00000000 0.00000000 0.24545000
4 5.27847900 0.16554100 0.00000100 0.00000000 0.00000000 0.04851100
5 2.63886500 -13.19337700 1.00679000 2.12269900 1.26566500 -1.14230500
6 -6.21448200 -0.00000700 -0.00002700 2.99020881 -1.08487887 2.02829410
7 11.94488200 0.00000000 0.00000100 -1.68240722 -0.44497284 1.56288681
8 10.62018100 0.00000200 0.00000000 -0.13299098 0.71807438 2.70304447
9 -4.75110600 -0.69449400 0.83057700 0.00028100 -0.16938500 0.33403800
10 -1.68806800 0.00004600 -0.00003200 0.00631400 -0.02389200 1.18264900
11 -1.33614000 0.00005700 -0.00001200 0.02637800 0.00063800 0.52890100
12 -4.82049400 -0.50946000 -0.22475900 -0.24351800 -0.14426100 0.82030500
13 -1.82699200 -0.00006400 0.00000600 0.00911100 0.03941700 1.49994600
14 -1.43657300 0.00000600 0.00000200 0.05259500 -0.05734700 -0.83594400
15 -3.99235500 -0.89118800 -1.82790900 -0.38697900 0.18514600 1.26743400
16 -1.40591800 -0.00002500 -0.00000300 -0.00622200 -0.02882100 1.08722300
17 -1.17535800 0.00012800 -0.00002000 -0.03636700 0.05734700 -0.66304300
18 -4.52675100 -0.69057500 -1.12074400 -0.20786400 0.08020500 1.04110200
19 -1.74403800 0.00003300 -0.00000800 -0.02361300 -0.01776000 1.33785000
20 -1.36877100 0.00002500 0.00000200 -0.02529200 0.04599800 -0.60797500
21 -1.87480000 -0.93512500 0.99917400 2.73721800 0.58247900 0.69523300
22 -1.54243500 0.03903500 0.17886700 -0.56361300 0.01980100 0.16334400
23 -1.59928500 0.00000400 0.00001600 0.05950500 0.03321900 -0.33057100
24 5.51181500 0.00000800 -0.00000100 1.90386392 0.00026729 3.14138973
25 0.19684700 -0.00000100 0.00000300 2.79340698 -0.00031616 -3.14150943
26 2.82592000 -12.20577300 -2.78509900 1.97586200 1.15990900 1.84280300
27 6.21448500 0.00000600 0.00002000 -0.65293291 0.98924057 -1.78624807
28 11.94488500 -0.00002900 -0.00019400 -0.35448881 -0.35000096 -1.60898261
29 10.62016600 0.00000200 0.00001000 -1.64845230 0.03520592 -0.44543397
30 4.75115600 0.69437600 -0.83047300 0.20299500 0.08083800 0.60824900
31 1.68806500 -0.00002600 0.00000200 -0.00039700 -0.02472600 1.45469900
32 1.33615100 -0.00005100 -0.00000900 0.03211100 -0.02159500 -0.60809400
33 4.82051300 0.50934000 0.22486500 -0.00856500 -0.02581600 0.80590600
34 1.82699600 0.00006600 0.00000800 -0.02704000 0.03008700 0.54162100
35 1.43657700 -0.00001000 0.00000700 0.00034600 -0.01510000 0.81494400
36 3.99235300 0.89108700 1.82799400 -0.59705700 -0.08663300 1.07907000
37 1.40591800 0.00002100 -0.00000700 0.00773100 -0.02839800 0.60867400
38 1.17536900 -0.00013100 0.00000200 0.07777500 0.09569900 0.63953200
39 4.52675600 0.69046000 1.12084200 -0.32698600 -0.07846000 0.97354900
40 1.74404100 -0.00003100 -0.00000200 -0.00983100 -0.02786000 0.74857100
41 1.36876300 -0.00003100 -0.00001700 0.12047900 0.10340200 0.67954500
42 1.87485500 0.93508100 -0.99913000 1.65829700 0.62943900 0.47059700
43 1.52344900 -0.00003400 -0.00000300 -0.04681000 0.17065600 0.16702000
44 1.59928100 -0.00000200 0.00000900 0.07497000 -0.03671300 1.28091000
45 5.51180600 -0.00000200 0.00000600 -0.23579700 0.00000500 0.00000700
46 0.19685000 0.00000300 -0.00000200 -0.34822500 0.00001500 -0.00000200
47 0.00000000 0.00000000 0.00000000 0.00000000 0.00000000 -1.57079600
48 -4.33264300 33.56495300 -4.02389200 0.00000000 0.00000000 -3.14156200
49 -5.50722360 49.41425300 -3.22475813 0.23330355 0.07152175 -1.22167326
50 1.83145900 2.54520800 -8.09276000 1.18434200 0.49215400 2.51044500
51 1.00001700 -0.23261300 2.80764800 0.00000000 0.00000000 0.00000000
52 -0.00505400 -0.00848500 0.39764100 -0.08412949 0.00928169 1.60467384
53 -0.80051200 -3.65257900 -1.98334900 2.44542600 -0.08843800 -2.57804300
time 40
0 -0.00000100 7.45008900 -27.50902600 0.00000000 0.00000000 0.00003100
1 -0.00000200 0.00000000 0.00000000 1.57074300 -1.56713700 -1.57074300
2 4.25546800 -0.33518300 -0.00000200 0.00000000 0.00000000 -0.12484800
3 7.43124800 1.49647700 0.00000200 0.00000000 0.00000000 0.24545000
4 5.27847900 0.16554100 0.00000100 0.00000000 0.00000000 0.04851100
5 2.63886500 -13.19337700 1.00679000 2.12269900 1.26566500 -1.14230500
6 -6.21448200 -0.00000700 -0.00002700 2.99018400 -1.08743900 2.02474500
7 11.94488200 0.00000000 0.00000100 -1.68097900 -0.44659000 1.55963400
8 10.62018100 0.00000200 0.00000000 -0.13965900 0.71963600 2.69708700
9 -4.75110600 -0.69449400 0.83057700 0.00028100 -0.16938500 0.33403800
10 -1.68806800 0.00004600 -0.00003200 0.00631400 -0.02389200 1.18264900
11 -1.33614000 0.00005700 -0.00001200 0.02637800 0.00063800 0.52890100
12 -4.82049400 -0.50946000 -0.22475900 -0.24351800 -0.14426100 0.82030500
13 -1.82699200 -0.00006400 0.00000600 0.00911100 0.03941700 1.49994600
14 -1.43657300 0.00000600 0.00000200 0.05259500 -0.05734700 -0.83594400
15 -3.99235500 -0.89118800 -1.82790900 -0.38697900 0.18514600 1.26743400
16 -1.40591800 -0.00002500 -0.00000300 -0.00622200 -0.02882100 1.08722300
17 -1.17535800 0.00012800 -0.00002000 -0.03636700 0.05734700 -0.66304300
18 -4.52675100 -0.69057500 -1.12074400 -0.20786400 0.08020500 1.04110200
19 -1.74403800 0.00003300 -0.00000800 -0.02361300 -0.01776000 1.33785000
20 -1.36877100 0.00002500 0.00000200 -0.02529200 0.04599800 -0.60797500
21 -1.87480000 -0.93512500 0.99917400 2.73721800 0.58247900 0.69523300
22 -1.54243500 0.03903500 0.17886700 -0.56361300 0.01980100 0.16334400
23 -1.59928500 0.00000400 0.00001600 0.05950500 0.03321900 -0.33057100
24 5.51181500 0.00000800 -0.00000100 1.90386392 0.00026729 3.14138973
25 0.19684700 -0.00000100 0.00000300 2.79340698 -0.00031616 -3.14150943
26 2.82592000 -12.20577300 -2.78509900 1.97586200 1.15990900 1.84280300
27 6.21448500 0.00000600 0.00002000 -0.65235700 0.98943400 -1.78419100
28 11.94488500 -0.00002900 -0.00019400 -0.35356700 -0.34909700 -1.61173600
29 10.62016600 0.00000200 0.00001000 -1.64415100 0.03639500 -0.43888200
30 4.75115600 0.69437600 -0.83047300 0.20299500 0.08083800 0.60824900
31 1.68806500 -0.00002600 0.00000200 -0.00039700 -0.02472600 1.45469900
32 1.33615100 -0.00005100 -0.00000900 0.03211100 -0.02159500 -0.60809400
33 4.82051300 0.50934000 0.22486500 -0.00856500 -0.02581600 0.80590600
34 1.82699600 0.00006600 0.00000800 -0.02704000 0.03008700 0.54162100
35 1.43657700 -0.00001000 0.00000700 0.00034600 -0.01510000 0.81494400
36 3.99235300 0.89108700 1.82799400 -0.59705700 -0.08663300 1.07907000
37 1.40591800 0.00002100 -0.00000700 0.00773100 -0.02839800 0.60867400
38 1.17536900 -0.00013100 0.00000200 0.07777500 0.09569900 0.63953200
39 4.52675600 0.69046000 1.12084200 -0.32698600 -0.07846000 0.97354900
40 1.74404100 -0.00003100 -0.00000200 -0.00983100 -0.02786000 0.74857100
41 1.36876300 -0.00003100 -0.00001700 0.12047900 0.10340200 0.67954500
42 1.87485500 0.93508100 -0.99913000 1.65829700 0.62943900 0.47059700
43 1.52344900 -0.00003400 -0.00000300 -0.04681000 0.17065600 0.16702000
44 1.59928100 -0.00000200 0.00000900 0.07497000 -0.03671300 1.28091000
45 5.51180600 -0.00000200 0.00000600 -0.23579700 0.00000500 0.00000700
46 0.19685000 0.00000300 -0.00000200 -0.34822500 0.00001500 -0.00000200
47 0.00000000 0.00000000 0.00000000 0.00000000 0.00000000 -1.57079600
48 -4.33264300 33.56495300 -4.02389200 0.00000000 0.00000000 -3.14156200
49 -5.50628200 49.41425300 -3.23374000 0.22679300 0.07135200 -1.21934000
50 1.83145900 2.54520800 -8.09276000 1.18434200 0.49215400 2.51044500
51 1.00001700 -0.23261300 2.80764800 0.00000000 0.00000000 0.00000000
52 -0.00505400 -0.00848500 0.39764100 -0.08095000 0.00921600 1.61879700
53 -0.80051200 -3.65257900 -1.98334900 2.44542600 -0.08843800 -2.57804300
end
