version 1
nodes
0 "root" -1
1 "pelvis" 0
2 "spine_01" 1
3 "spine_02" 2
4 "spine_03" 3
5 "clavicle_r" 4
6 "upperarm_r" 5
7 "lowerarm_r" 6
8 "hand_r" 7
9 "index_01_r" 8
10 "index_02_r" 9
11 "index_03_r" 10
12 "middle_01_r" 8
13 "middle_02_r" 12
14 "middle_03_r" 13
15 "pinky_01_r" 8
16 "pinky_02_r" 15
17 "pinky_03_r" 16
18 "ring_01_r" 8
19 "ring_02_r" 18
20 "ring_03_r" 19
21 "thumb_01_r" 8
22 "thumb_02_r" 21
23 "thumb_03_r" 22
24 "lowerarm_twist_01_r" 7
25 "upperarm_twist_01_r" 6
26 "clavicle_l" 4
27 "upperarm_l" 26
28 "lowerarm_l" 27
29 "hand_l" 28
30 "index_01_l" 29
31 "index_02_l" 30
32 "index_03_l" 31
33 "middle_01_l" 29
34 "middle_02_l" 33
35 "middle_03_l" 34
36 "pinky_01_l" 29
37 "pinky_02_l" 36
38 "pinky_03_l" 37
39 "ring_01_l" 29
40 "ring_02_l" 39
41 "ring_03_l" 40
42 "thumb_01_l" 29
43 "thumb_02_l" 42
44 "thumb_03_l" 43
45 "lowerarm_twist_01_l" 28
46 "upperarm_twist_01_l" 27
47 "cam_driver" -1
48 "BaseRoot" -1
49 "Base" 48
50 "rhand_ikTarget" 49
51 "Trigger" 49
52 "Bullet.001" 49
53 "Bullet.002" 52
54 "Bullet.003" 53
55 "Bullet.004" 54
56 "Bullet.005" 55
57 "Bullet.006" 56
58 "Bullet.007" 57
59 "Bullet.008" 58
60 "Bullet.009" 59
61 "Bullet.010" 60
62 "Cover" 49
63 "Bipod1" 49
64 "Bipod2" 49
65 "Bolt" 49
66 "lhand_ikTarget" 49
end
skeleton
time 0
0 -0.00000100 8.45008800 -27.50902600 0.00000000 0.00000000 0.00003100
1 -0.00000200 0.00000000 0.00000000 1.57074700 -1.56714200 -1.57074700
2 4.25546500 -0.33518400 -0.00000200 0.00000000 0.00000000 -0.12484800
3 7.43125000 1.49647900 0.00000200 0.00000000 0.00000000 0.24545000
4 5.27847900 0.16554300 0.00000100 0.00000000 0.00000000 0.04851100
5 -1.64873900 -13.09409500 6.31045600 1.97586600 1.15990900 -1.29878500
6 -6.21447800 -0.00001000 -0.00002700 2.74498786 -0.69757492 1.75124702
7 11.94488900 0.00000000 0.00000000 -0.43361738 -0.33538366 1.78180698
8 10.62019000 0.00000000 0.00000000 0.50649082 0.29073525 -3.12792064
9 -4.75111000 -0.69449400 0.83057900 -0.20909800 -0.26626700 0.23759500
10 -1.68807600 0.00004300 -0.00003100 0.01890100 -0.01595800 0.56873800
11 -1.33614300 0.00005300 -0.00001000 0.02638000 -0.00059700 0.57491600
12 -4.82049600 -0.50945900 -0.22476100 -0.40355600 -0.04801500 1.29352100
13 -1.82699200 -0.00007200 0.00000800 0.00083000 0.10005500 1.71807400
14 -1.43657300 0.00000800 0.00000400 -0.01240500 -0.09794400 -0.01495000
15 -3.99235900 -0.89118600 -1.82791000 -0.64296900 0.36064400 1.56296000
16 -1.40592200 -0.00002700 0.00000000 -0.01220200 -0.02684500 1.30196100
17 -1.17535800 0.00012800 -0.00002100 0.02756300 0.06210400 0.32121000
18 -4.52675200 -0.69057500 -1.12074400 -0.46821800 0.17091500 1.47116200
19 -1.74403800 0.00003300 -0.00000400 -0.13022500 0.10023700 1.62651500
20 -1.36877400 0.00002500 0.00000400 0.00993500 0.05150500 0.08698400
21 -2.03839500 -0.89278900 0.93250500 1.78891300 0.18637700 0.83287400
22 -1.62788600 0.15474600 0.01182500 -0.11534900 0.17036400 0.47218900
23 -1.59927600 0.00000800 0.00001500 0.02557200 -0.03449500 0.91329800
24 5.51182400 0.00000800 -0.00000400 2.10279000 -0.06602500 3.11587600
25 0.19684600 -0.00000100 0.00000400 2.79340696 -0.00047267 -3.14147660
26 -2.55123000 -11.57811500 -3.02197200 1.97586200 1.15991000 1.84280300
27 6.21448500 0.00001000 0.00002000 -1.30611342 0.63821461 -1.73134881
28 11.94488500 -0.00003200 -0.00019900 -0.70632320 -0.32634416 -1.27947713
29 10.62016900 -0.00000200 0.00000800 -2.00955801 -0.51481427 0.21160446
30 4.75116500 0.69437600 -0.83047400 0.02505900 -0.18560800 0.14615800
31 1.68806100 -0.00002400 0.00000200 -0.00776500 -0.02349400 1.75632300
32 1.33615100 -0.00005000 -0.00001000 0.00924200 -0.03762600 0.12943000
33 4.82051700 0.50934200 0.22486600 -0.20655200 -0.13961500 0.62947100
34 1.82700300 0.00006200 0.00001000 0.02735300 0.02979100 2.01690100
35 1.43658100 -0.00000600 0.00001000 0.01515000 0.00045200 -0.75718600
36 3.99235500 0.89109000 1.82799500 -0.42620000 0.27844800 1.39074000
37 1.40592200 0.00003100 -0.00000400 -0.01231800 -0.02677000 1.30554600
38 1.17536200 -0.00013200 0.00000400 -0.09551900 0.07798600 -0.93359900
39 4.52676200 0.69046800 1.12084200 -0.36932500 0.01644200 1.00623400
40 1.74404100 -0.00002700 0.00000100 -0.02939300 -0.00337500 1.86812600
41 1.36876300 -0.00003100 -0.00002000 -0.12957300 0.09181900 -1.14340300
42 1.80926900 0.89528800 -1.12010700 1.88461400 0.36803000 0.40774200
43 1.49514200 -0.24140500 0.04487400 0.00360000 -0.23414300 0.03443400
44 1.57424000 -0.10445200 0.03324300 0.03981700 0.07342300 -0.24671300
45 5.51180800 -0.00000600 0.00000400 -0.95227000 0.00000000 0.00000000
46 0.19684600 0.00000600 0.00000000 -0.34822500 0.00001500 -0.00000200
47 0.00000000 1.00000000 0.00000000 0.00000000 0.00000000 -1.57079600
48 -2.88370400 33.22035600 -3.42586400 0.00000000 0.00000000 -3.14156200
49 -7.56287193 48.92653299 -6.87443699 0.22349994 0.06749524 -0.41058116
50 11.07231800 1.05239700 -5.47148900 0.93682200 1.06673800 2.43562500
51 5.51488700 0.00125700 -1.24599700 0.00000000 0.00000000 0.00000000
52 -5.17175500 -0.20860600 1.50504400 0.11058500 0.00000000 0.00000000
53 0.00000400 0.45916200 0.00000000 -0.19771300 0.00000000 0.00000000
54 0.00000200 0.90097000 0.00000000 -0.43178600 0.00000000 0.00000000
55 0.00000400 0.90137900 0.00000100 -0.77968100 0.00000000 0.00000000
56 0.00000400 0.92234000 0.00000000 -0.26286200 0.00000000 0.00000000
57 0.00000000 0.90352400 -0.00000200 -0.00009000 0.00000000 0.00000000
58 0.00000200 0.91195300 0.00000000 -0.00896200 0.00000000 0.00000000
59 0.00000000 0.91130700 0.00000000 -0.00389300 0.00000000 0.00000000
60 0.00000400 0.90763800 0.00000200 0.00781400 0.00000000 0.00000000
61 0.00000000 0.90783600 0.00000000 0.01513400 0.00000000 0.00000000
62 -7.93947800 -0.00024100 1.60274100 0.00000000 0.00000000 0.00000000
63 -17.25021400 -0.73788500 -1.61960300 -0.54875900 0.30608400 -0.18218700
64 -17.25020600 0.71140500 -1.55281900 0.51629900 0.36128900 0.19804100
65 -1.11169100 1.28617900 -1.15214400 0.00000000 0.00000000 0.00000000
66 -8.44460900 -2.21927600 -2.25476600 3.09200100 1.15353800 -2.39145700
time 1
0 -0.00000100 8.45008800 -27.50902600 0.00000000 0.00000000 0.00003100
1 -0.00000200 0.00000000 0.00000000 1.57074700 -1.56714200 -1.57074700
2 4.25546500 -0.33518400 -0.00000200 0.00000000 0.00000000 -0.12484800
3 7.43125000 1.49647900 0.00000200 0.00000000 0.00000000 0.24545000
4 5.27847900 0.16554300 0.00000100 0.00000000 0.00000000 0.04851100
5 -1.64873900 -13.09409500 6.31045600 1.97586600 1.15990900 -1.29878500
6 -6.21447800 -0.00001000 -0.00002700 2.74120640 -0.69742353 1.75201734
7 11.94488900 0.00000000 0.00000000 -0.43394510 -0.33507564 1.78295185
8 10.62019000 0.00000000 0.00000000 0.50308859 0.29328495 -3.13190010
9 -4.75111000 -0.69449400 0.83057900 -0.20909800 -0.26626700 0.23759500
10 -1.68807600 0.00004300 -0.00003100 0.01890100 -0.01595800 0.56873800
11 -1.33614300 0.00005300 -0.00001000 0.02638000 -0.00059700 0.57491600
12 -4.82049600 -0.50945900 -0.22476100 -0.40355600 -0.04801500 1.29352100
13 -1.82699200 -0.00007200 0.00000800 0.00083000 0.10005500 1.71807400
14 -1.43657300 0.00000800 0.00000400 -0.01240500 -0.09794400 -0.01495000
15 -3.99235900 -0.89118600 -1.82791000 -0.64296900 0.36064400 1.56296000
16 -1.40592200 -0.00002700 0.00000000 -0.01220200 -0.02684500 1.30196100
17 -1.17535800 0.00012800 -0.00002100 0.02756300 0.06210400 0.32121000
18 -4.52675200 -0.69057500 -1.12074400 -0.46821800 0.17091500 1.47116200
19 -1.74403800 0.00003300 -0.00000400 -0.13022500 0.10023700 1.62651500
20 -1.36877400 0.00002500 0.00000400 0.00993500 0.05150500 0.08698400
21 -2.03839500 -0.89278900 0.93250500 1.78891300 0.18637700 0.83287400
22 -1.62788600 0.15474600 0.01182500 -0.11534900 0.17036400 0.47218900
23 -1.59927600 0.00000800 0.00001500 0.02557200 -0.03449500 0.91329800
24 5.51182400 0.00000800 -0.00000400 2.10279000 -0.06602500 3.11587600
25 0.19684600 -0.00000100 0.00000400 2.79340696 -0.00047267 -3.14147660
26 -2.55123000 -11.57811500 -3.02197200 1.97586200 1.15991000 1.84280300
27 6.21448500 0.00001000 0.00002000 -1.30595579 0.64008114 -1.73149172
28 11.94488500 -0.00003200 -0.00019900 -0.70610033 -0.32788152 -1.28006861
29 10.62016900 -0.00000200 0.00000800 -2.00773302 -0.51518384 0.21386118
30 4.75116500 0.69437600 -0.83047400 0.02505900 -0.18560800 0.14615800
31 1.68806100 -0.00002400 0.00000200 -0.00776500 -0.02349400 1.75632300
32 1.33615100 -0.00005000 -0.00001000 0.00924200 -0.03762600 0.12943000
33 4.82051700 0.50934200 0.22486600 -0.20655200 -0.13961500 0.62947100
34 1.82700300 0.00006200 0.00001000 0.02735300 0.02979100 2.01690100
35 1.43658100 -0.00000600 0.00001000 0.01515000 0.00045200 -0.75718600
36 3.99235500 0.89109000 1.82799500 -0.42620000 0.27844800 1.39074000
37 1.40592200 0.00003100 -0.00000400 -0.01231800 -0.02677000 1.30554600
38 1.17536200 -0.00013200 0.00000400 -0.09551900 0.07798600 -0.93359900
39 4.52676200 0.69046800 1.12084200 -0.36932500 0.01644200 1.00623400
40 1.74404100 -0.00002700 0.00000100 -0.02939300 -0.00337500 1.86812600
41 1.36876300 -0.00003100 -0.00002000 -0.12957300 0.09181900 -1.14340300
42 1.80926900 0.89528800 -1.12010700 1.88461400 0.36803000 0.40774200
43 1.49514200 -0.24140500 0.04487400 0.00360000 -0.23414300 0.03443400
44 1.57424000 -0.10445200 0.03324300 0.03981700 0.07342300 -0.24671300
45 5.51180800 -0.00000600 0.00000400 -0.95227000 0.00000000 0.00000000
46 0.19684600 0.00000600 0.00000000 -0.34822500 0.00001500 -0.00000200
47 0.00000000 1.00000000 0.00000000 0.00000000 0.00000000 -1.57079600
48 -2.88370400 33.22035600 -3.42586400 0.00000000 0.00000000 -3.14156200
49 -7.56780902 48.92653299 -6.90128796 0.21954348 0.06637030 -0.41106167
50 11.07231800 1.05239700 -5.47148900 0.93682200 1.06673800 2.43562500
51 5.51488700 0.00125700 -1.24599700 0.00000000 0.00000000 0.00000000
52 -5.17175500 -0.20860600 1.50504400 0.11058500 0.00000000 0.00000000
53 0.00000400 0.45916200 0.00000000 -0.19771300 0.00000000 0.00000000
54 0.00000200 0.90097000 0.00000000 -0.43178600 0.00000000 0.00000000
55 0.00000400 0.90137900 0.00000100 -0.77968100 0.00000000 0.00000000
56 0.00000400 0.92234000 0.00000000 -0.26286200 0.00000000 0.00000000
57 0.00000000 0.90352400 -0.00000200 -0.00009000 0.00000000 0.00000000
58 0.00000200 0.91195300 0.00000000 -0.00896200 0.00000000 0.00000000
59 0.00000000 0.91130700 0.00000000 -0.00389300 0.00000000 0.00000000
60 0.00000400 0.90763800 0.00000200 0.00781400 0.00000000 0.00000000
61 0.00000000 0.90783600 0.00000000 0.01513400 0.00000000 0.00000000
62 -7.93947800 -0.00024100 1.60274100 0.00000000 0.00000000 0.00000000
63 -17.25021400 -0.73788500 -1.61960300 -0.54875900 0.30608400 -0.18218700
64 -17.25020600 0.71140500 -1.55281900 0.51629900 0.36128900 0.19804100
65 -1.11169100 1.28617900 -1.15214400 0.00000000 0.00000000 0.00000000
66 -8.44460900 -2.21927600 -2.25476600 3.09200100 1.15353800 -2.39145700
time 2
0 -0.00000100 8.45008800 -27.50902600 0.00000000 0.00000000 0.00003100
1 -0.00000200 0.00000000 0.00000000 1.57074700 -1.56714200 -1.57074700
2 4.25546500 -0.33518400 -0.00000200 0.00000000 0.00000000 -0.12484800
3 7.43125000 1.49647900 0.00000200 0.00000000 0.00000000 0.24545000
4 5.27847900 0.16554300 0.00000100 0.00000000 0.00000000 0.04851100
5 -1.64873900 -13.09409500 6.31045600 1.97586600 1.15990900 -1.29878500
6 -6.21447800 -0.00001000 -0.00002700 2.73719192 -0.69720937 1.75309190
7 11.94488900 0.00000000 0.00000000 -0.43460536 -0.33480036 1.78481346
8 10.62019000 0.00000000 0.00000000 0.49892224 0.29499976 -3.13702894
9 -4.75111000 -0.69449400 0.83057900 -0.20909800 -0.26626700 0.23759500
10 -1.68807600 0.00004300 -0.00003100 0.01890100 -0.01595800 0.56873800
11 -1.33614300 0.00005300 -0.00001000 0.02638000 -0.00059700 0.57491600
12 -4.82049600 -0.50945900 -0.22476100 -0.40355600 -0.04801500 1.29352100
13 -1.82699200 -0.00007200 0.00000800 0.00083000 0.10005500 1.71807400
14 -1.43657300 0.00000800 0.00000400 -0.01240500 -0.09794400 -0.01495000
15 -3.99235900 -0.89118600 -1.82791000 -0.64296900 0.36064400 1.56296000
16 -1.40592200 -0.00002700 0.00000000 -0.01220200 -0.02684500 1.30196100
17 -1.17535800 0.00012800 -0.00002100 0.02756300 0.06210400 0.32121000
18 -4.52675200 -0.69057500 -1.12074400 -0.46821800 0.17091500 1.47116200
19 -1.74403800 0.00003300 -0.00000400 -0.13022500 0.10023700 1.62651500
20 -1.36877400 0.00002500 0.00000400 0.00993500 0.05150500 0.08698400
21 -2.03839500 -0.89278900 0.93250500 1.78891300 0.18637700 0.83287400
22 -1.62788600 0.15474600 0.01182500 -0.11534900 0.17036400 0.47218900
23 -1.59927600 0.00000800 0.00001500 0.02557200 -0.03449500 0.91329800
24 5.51182400 0.00000800 -0.00000400 2.10279000 -0.06602500 3.11587600
25 0.19684600 -0.00000100 0.00000400 2.79340696 -0.00047267 -3.14147660
26 -2.55123000 -11.57811500 -3.02197200 1.97586200 1.15991000 1.84280300
27 6.21448500 0.00001000 0.00002000 -1.30591472 0.64255867 -1.73161166
28 11.94488500 -0.00003200 -0.00019900 -0.70578664 -0.32959917 -1.28095519
29 10.62016900 -0.00000200 0.00000800 -2.00621296 -0.51607077 0.21671246
30 4.75116500 0.69437600 -0.83047400 0.02505900 -0.18560800 0.14615800
31 1.68806100 -0.00002400 0.00000200 -0.00776500 -0.02349400 1.75632300
32 1.33615100 -0.00005000 -0.00001000 0.00924200 -0.03762600 0.12943000
33 4.82051700 0.50934200 0.22486600 -0.20655200 -0.13961500 0.62947100
34 1.82700300 0.00006200 0.00001000 0.02735300 0.02979100 2.01690100
35 1.43658100 -0.00000600 0.00001000 0.01515000 0.00045200 -0.75718600
36 3.99235500 0.89109000 1.82799500 -0.42620000 0.27844800 1.39074000
37 1.40592200 0.00003100 -0.00000400 -0.01231800 -0.02677000 1.30554600
38 1.17536200 -0.00013200 0.00000400 -0.09551900 0.07798600 -0.93359900
39 4.52676200 0.69046800 1.12084200 -0.36932500 0.01644200 1.00623400
40 1.74404100 -0.00002700 0.00000100 -0.02939300 -0.00337500 1.86812600
41 1.36876300 -0.00003100 -0.00002000 -0.12957300 0.09181900 -1.14340300
42 1.80926900 0.89528800 -1.12010700 1.88461400 0.36803000 0.40774200
43 1.49514200 -0.24140500 0.04487400 0.00360000 -0.23414300 0.03443400
44 1.57424000 -0.10445200 0.03324300 0.03981700 0.07342300 -0.24671300
45 5.51180800 -0.00000600 0.00000400 -0.95227000 0.00000000 0.00000000
46 0.19684600 0.00000600 0.00000000 -0.34822500 0.00001500 -0.00000200
47 0.00000000 1.00000000 0.00000000 0.00000000 0.00000000 -1.57079600
48 -2.88370400 33.22035600 -3.42586400 0.00000000 0.00000000 -3.14156200
49 -7.57274611 48.92653299 -6.93194593 0.21483955 0.06455090 -0.41153693
50 11.07231800 1.05239700 -5.47148900 0.93682200 1.06673800 2.43562500
51 5.51488700 0.00125700 -1.24599700 0.00000000 0.00000000 0.00000000
52 -5.17175500 -0.20860600 1.50504400 0.11058500 0.00000000 0.00000000
53 0.00000400 0.45916200 0.00000000 -0.19771300 0.00000000 0.00000000
54 0.00000200 0.90097000 0.00000000 -0.43178600 0.00000000 0.00000000
55 0.00000400 0.90137900 0.00000100 -0.77968100 0.00000000 0.00000000
56 0.00000400 0.92234000 0.00000000 -0.26286200 0.00000000 0.00000000
57 0.00000000 0.90352400 -0.00000200 -0.00009000 0.00000000 0.00000000
58 0.00000200 0.91195300 0.00000000 -0.00896200 0.00000000 0.00000000
59 0.00000000 0.91130700 0.00000000 -0.00389300 0.00000000 0.00000000
60 0.00000400 0.90763800 0.00000200 0.00781400 0.00000000 0.00000000
61 0.00000000 0.90783600 0.00000000 0.01513400 0.00000000 0.00000000
62 -7.93947800 -0.00024100 1.60274100 0.00000000 0.00000000 0.00000000
63 -17.25021400 -0.73788500 -1.61960300 -0.54875900 0.30608400 -0.18218700
64 -17.25020600 0.71140500 -1.55281900 0.51629900 0.36128900 0.19804100
65 -1.11169100 1.28617900 -1.15214400 0.00000000 0.00000000 0.00000000
66 -8.44460900 -2.21927600 -2.25476600 3.09200100 1.15353800 -2.39145700
time 3
0 -0.00000100 8.45008800 -27.50902600 0.00000000 0.00000000 0.00003100
1 -0.00000200 0.00000000 0.00000000 1.57074700 -1.56714200 -1.57074700
2 4.25546500 -0.33518400 -0.00000200 0.00000000 0.00000000 -0.12484800
3 7.43125000 1.49647900 0.00000200 0.00000000 0.00000000 0.24545000
4 5.27847900 0.16554300 0.00000100 0.00000000 0.00000000 0.04851100
5 -1.64873900 -13.09409500 6.31045600 1.97586600 1.15990900 -1.29878500
6 -6.21447800 -0.00001000 -0.00002700 2.73338104 -0.69711521 1.75401585
7 11.94488900 0.00000000 0.00000000 -0.43524830 -0.33460407 1.78664524
8 10.62019000 0.00000000 0.00000000 0.49491208 0.29652179 3.14101746
9 -4.75111000 -0.69449400 0.83057900 -0.20909800 -0.26626700 0.23759500
10 -1.68807600 0.00004300 -0.00003100 0.01890100 -0.01595800 0.56873800
11 -1.33614300 0.00005300 -0.00001000 0.02638000 -0.00059700 0.57491600
12 -4.82049600 -0.50945900 -0.22476100 -0.40355600 -0.04801500 1.29352100
13 -1.82699200 -0.00007200 0.00000800 0.00083000 0.10005500 1.71807400
14 -1.43657300 0.00000800 0.00000400 -0.01240500 -0.09794400 -0.01495000
15 -3.99235900 -0.89118600 -1.82791000 -0.64296900 0.36064400 1.56296000
16 -1.40592200 -0.00002700 0.00000000 -0.01220200 -0.02684500 1.30196100
17 -1.17535800 0.00012800 -0.00002100 0.02756300 0.06210400 0.32121000
18 -4.52675200 -0.69057500 -1.12074400 -0.46821800 0.17091500 1.47116200
19 -1.74403800 0.00003300 -0.00000400 -0.13022500 0.10023700 1.62651500
20 -1.36877400 0.00002500 0.00000400 0.00993500 0.05150500 0.08698400
21 -2.03839500 -0.89278900 0.93250500 1.78891300 0.18637700 0.83287400
22 -1.62788600 0.15474600 0.01182500 -0.11534900 0.17036400 0.47218900
23 -1.59927600 0.00000800 0.00001500 0.02557200 -0.03449500 0.91329800
24 5.51182400 0.00000800 -0.00000400 2.10279000 -0.06602500 3.11587600
25 0.19684600 -0.00000100 0.00000400 2.79340696 -0.00047267 -3.14147660
26 -2.55123000 -11.57811500 -3.02197200 1.97586200 1.15991000 1.84280300
27 6.21448500 0.00001000 0.00002000 -1.30600456 0.64501060 -1.73171110
28 11.94488500 -0.00003200 -0.00019900 -0.70546546 -0.33104037 -1.28170686
29 10.62016900 -0.00000200 0.00000800 -2.00484143 -0.51682334 0.21934405
30 4.75116500 0.69437600 -0.83047400 0.02505900 -0.18560800 0.14615800
31 1.68806100 -0.00002400 0.00000200 -0.00776500 -0.02349400 1.75632300
32 1.33615100 -0.00005000 -0.00001000 0.00924200 -0.03762600 0.12943000
33 4.82051700 0.50934200 0.22486600 -0.20655200 -0.13961500 0.62947100
34 1.82700300 0.00006200 0.00001000 0.02735300 0.02979100 2.01690100
35 1.43658100 -0.00000600 0.00001000 0.01515000 0.00045200 -0.75718600
36 3.99235500 0.89109000 1.82799500 -0.42620000 0.27844800 1.39074000
37 1.40592200 0.00003100 -0.00000400 -0.01231800 -0.02677000 1.30554600
38 1.17536200 -0.00013200 0.00000400 -0.09551900 0.07798600 -0.93359900
39 4.52676200 0.69046800 1.12084200 -0.36932500 0.01644200 1.00623400
40 1.74404100 -0.00002700 0.00000100 -0.02939300 -0.00337500 1.86812600
41 1.36876300 -0.00003100 -0.00002000 -0.12957300 0.09181900 -1.14340300
42 1.80926900 0.89528800 -1.12010700 1.88461400 0.36803000 0.40774200
43 1.49514200 -0.24140500 0.04487400 0.00360000 -0.23414300 0.03443400
44 1.57424000 -0.10445200 0.03324300 0.03981700 0.07342300 -0.24671300
45 5.51180800 -0.00000600 0.00000400 -0.95227000 0.00000000 0.00000000
46 0.19684600 0.00000600 0.00000000 -0.34822500 0.00001500 -0.00000200
47 0.00000000 1.00000000 0.00000000 0.00000000 0.00000000 -1.57079600
48 -2.88370400 33.22035600 -3.42586400 0.00000000 0.00000000 -3.14156200
49 -7.58017110 48.92653299 -6.96277877 0.21047806 0.06250739 -0.41197545
50 11.07231800 1.05239700 -5.47148900 0.93682200 1.06673800 2.43562500
51 5.51488700 0.00125700 -1.24599700 0.00000000 0.00000000 0.00000000
52 -5.17175500 -0.20860600 1.50504400 0.11058500 0.00000000 0.00000000
53 0.00000400 0.45916200 0.00000000 -0.19771300 0.00000000 0.00000000
54 0.00000200 0.90097000 0.00000000 -0.43178600 0.00000000 0.00000000
55 0.00000400 0.90137900 0.00000100 -0.77968100 0.00000000 0.00000000
56 0.00000400 0.92234000 0.00000000 -0.26286200 0.00000000 0.00000000
57 0.00000000 0.90352400 -0.00000200 -0.00009000 0.00000000 0.00000000
58 0.00000200 0.91195300 0.00000000 -0.00896200 0.00000000 0.00000000
59 0.00000000 0.91130700 0.00000000 -0.00389300 0.00000000 0.00000000
60 0.00000400 0.90763800 0.00000200 0.00781400 0.00000000 0.00000000
61 0.00000000 0.90783600 0.00000000 0.01513400 0.00000000 0.00000000
62 -7.93947800 -0.00024100 1.60274100 0.00000000 0.00000000 0.00000000
63 -17.25021400 -0.73788500 -1.61960300 -0.54875900 0.30608400 -0.18218700
64 -17.25020600 0.71140500 -1.55281900 0.51629900 0.36128900 0.19804100
65 -1.11169100 1.28617900 -1.15214400 0.00000000 0.00000000 0.00000000
66 -8.44460900 -2.21927600 -2.25476600 3.09200100 1.15353800 -2.39145700
time 4
0 -0.00000100 8.45008800 -27.50902600 0.00000000 0.00000000 0.00003100
1 -0.00000200 0.00000000 0.00000000 1.57074700 -1.56714200 -1.57074700
2 4.25546500 -0.33518400 -0.00000200 0.00000000 0.00000000 -0.12484800
3 7.43125000 1.49647900 0.00000200 0.00000000 0.00000000 0.24545000
4 5.27847900 0.16554300 0.00000100 0.00000000 0.00000000 0.04851100
5 -1.64873900 -13.09409500 6.31045600 1.97586600 1.15990900 -1.29878500
6 -6.21447800 -0.00001000 -0.00002700 2.73036293 -0.69710062 1.75397023
7 11.94488900 0.00000000 0.00000000 -0.43549585 -0.33464687 1.78746299
8 10.62019000 0.00000000 0.00000000 0.49267090 0.29803497 3.13725567
9 -4.75111000 -0.69449400 0.83057900 -0.20909800 -0.26626700 0.23759500
10 -1.68807600 0.00004300 -0.00003100 0.01890100 -0.01595800 0.56873800
11 -1.33614300 0.00005300 -0.00001000 0.02638000 -0.00059700 0.57491600
12 -4.82049600 -0.50945900 -0.22476100 -0.40355600 -0.04801500 1.29352100
13 -1.82699200 -0.00007200 0.00000800 0.00083000 0.10005500 1.71807400
14 -1.43657300 0.00000800 0.00000400 -0.01240500 -0.09794400 -0.01495000
15 -3.99235900 -0.89118600 -1.82791000 -0.64296900 0.36064400 1.56296000
16 -1.40592200 -0.00002700 0.00000000 -0.01220200 -0.02684500 1.30196100
17 -1.17535800 0.00012800 -0.00002100 0.02756300 0.06210400 0.32121000
18 -4.52675200 -0.69057500 -1.12074400 -0.46821800 0.17091500 1.47116200
19 -1.74403800 0.00003300 -0.00000400 -0.13022500 0.10023700 1.62651500
20 -1.36877400 0.00002500 0.00000400 0.00993500 0.05150500 0.08698400
21 -2.03839500 -0.89278900 0.93250500 1.78891300 0.18637700 0.83287400
22 -1.62788600 0.15474600 0.01182500 -0.11534900 0.17036400 0.47218900
23 -1.59927600 0.00000800 0.00001500 0.02557200 -0.03449500 0.91329800
24 5.51182400 0.00000800 -0.00000400 2.10279000 -0.06602500 3.11587600
25 0.19684600 -0.00000100 0.00000400 2.79340696 -0.00047267 -3.14147660
26 -2.55123000 -11.57811500 -3.02197200 1.97586200 1.15991000 1.84280300
27 6.21448500 0.00001000 0.00002000 -1.30611721 0.64676046 -1.73132149
28 11.94488500 -0.00003200 -0.00019900 -0.70553116 -0.33215375 -1.28160603
29 10.62016900 -0.00000200 0.00000800 -2.00421153 -0.51635803 0.22108578
30 4.75116500 0.69437600 -0.83047400 0.02505900 -0.18560800 0.14615800
31 1.68806100 -0.00002400 0.00000200 -0.00776500 -0.02349400 1.75632300
32 1.33615100 -0.00005000 -0.00001000 0.00924200 -0.03762600 0.12943000
33 4.82051700 0.50934200 0.22486600 -0.20655200 -0.13961500 0.62947100
34 1.82700300 0.00006200 0.00001000 0.02735300 0.02979100 2.01690100
35 1.43658100 -0.00000600 0.00001000 0.01515000 0.00045200 -0.75718600
36 3.99235500 0.89109000 1.82799500 -0.42620000 0.27844800 1.39074000
37 1.40592200 0.00003100 -0.00000400 -0.01231800 -0.02677000 1.30554600
38 1.17536200 -0.00013200 0.00000400 -0.09551900 0.07798600 -0.93359900
39 4.52676200 0.69046800 1.12084200 -0.36932500 0.01644200 1.00623400
40 1.74404100 -0.00002700 0.00000100 -0.02939300 -0.00337500 1.86812600
41 1.36876300 -0.00003100 -0.00002000 -0.12957300 0.09181900 -1.14340300
42 1.80926900 0.89528800 -1.12010700 1.88461400 0.36803000 0.40774200
43 1.49514200 -0.24140500 0.04487400 0.00360000 -0.23414300 0.03443400
44 1.57424000 -0.10445200 0.03324300 0.03981700 0.07342300 -0.24671300
45 5.51180800 -0.00000600 0.00000400 -0.95227000 0.00000000 0.00000000
46 0.19684600 0.00000600 0.00000000 -0.34822500 0.00001500 -0.00000200
47 0.00000000 1.00000000 0.00000000 0.00000000 0.00000000 -1.57079600
48 -2.88370400 33.22035600 -3.42586400 0.00000000 0.00000000 -3.14156200
49 -7.59423046 48.92653299 -6.98978491 0.20760095 0.06111129 -0.41250807
50 11.07231800 1.05239700 -5.47148900 0.93682200 1.06673800 2.43562500
51 5.51488700 0.00125700 -1.24599700 0.00000000 0.00000000 0.00000000
52 -5.17175500 -0.20860600 1.50504400 0.11058500 0.00000000 0.00000000
53 0.00000400 0.45916200 0.00000000 -0.19771300 0.00000000 0.00000000
54 0.00000200 0.90097000 0.00000000 -0.43178600 0.00000000 0.00000000
55 0.00000400 0.90137900 0.00000100 -0.77968100 0.00000000 0.00000000
56 0.00000400 0.92234000 0.00000000 -0.26286200 0.00000000 0.00000000
57 0.00000000 0.90352400 -0.00000200 -0.00009000 0.00000000 0.00000000
58 0.00000200 0.91195300 0.00000000 -0.00896200 0.00000000 0.00000000
59 0.00000000 0.91130700 0.00000000 -0.00389300 0.00000000 0.00000000
60 0.00000400 0.90763800 0.00000200 0.00781400 0.00000000 0.00000000
61 0.00000000 0.90783600 0.00000000 0.01513400 0.00000000 0.00000000
62 -7.93947800 -0.00024100 1.60274100 0.00000000 0.00000000 0.00000000
63 -17.25021400 -0.73788500 -1.61960300 -0.54875900 0.30608400 -0.18218700
64 -17.25020600 0.71140500 -1.55281900 0.51629900 0.36128900 0.19804100
65 -1.11169100 1.28617900 -1.15214400 0.00000000 0.00000000 0.00000000
66 -8.44460900 -2.21927600 -2.25476600 3.09200100 1.15353800 -2.39145700
time 5
0 -0.00000100 8.45008800 -27.50902600 0.00000000 0.00000000 0.00003100
1 -0.00000200 0.00000000 0.00000000 1.57074700 -1.56714200 -1.57074700
2 4.25546500 -0.33518400 -0.00000200 0.00000000 0.00000000 -0.12484800
3 7.43125000 1.49647900 0.00000200 0.00000000 0.00000000 0.24545000
4 5.27847900 0.16554300 0.00000100 0.00000000 0.00000000 0.04851100
5 -1.64873900 -13.09409500 6.31045600 1.97586600 1.15990900 -1.29878500
6 -6.21447800 -0.00001000 -0.00002700 2.72728732 -0.69701897 1.75393883
7 11.94488900 0.00000000 0.00000000 -0.43574523 -0.33469078 1.78828614
8 10.62019000 0.00000000 0.00000000 0.49030952 0.29938921 3.13333814
9 -4.75111000 -0.69449400 0.83057900 -0.20909800 -0.26626700 0.23759500
10 -1.68807600 0.00004300 -0.00003100 0.01890100 -0.01595800 0.56873800
11 -1.33614300 0.00005300 -0.00001000 0.02638000 -0.00059700 0.57491600
12 -4.82049600 -0.50945900 -0.22476100 -0.40355600 -0.04801500 1.29352100
13 -1.82699200 -0.00007200 0.00000800 0.00083000 0.10005500 1.71807400
14 -1.43657300 0.00000800 0.00000400 -0.01240500 -0.09794400 -0.01495000
15 -3.99235900 -0.89118600 -1.82791000 -0.64296900 0.36064400 1.56296000
16 -1.40592200 -0.00002700 0.00000000 -0.01220200 -0.02684500 1.30196100
17 -1.17535800 0.00012800 -0.00002100 0.02756300 0.06210400 0.32121000
18 -4.52675200 -0.69057500 -1.12074400 -0.46821800 0.17091500 1.47116200
19 -1.74403800 0.00003300 -0.00000400 -0.13022500 0.10023700 1.62651500
20 -1.36877400 0.00002500 0.00000400 0.00993500 0.05150500 0.08698400
21 -2.03839500 -0.89278900 0.93250500 1.78891300 0.18637700 0.83287400
22 -1.62788600 0.15474600 0.01182500 -0.11534900 0.17036400 0.47218900
23 -1.59927600 0.00000800 0.00001500 0.02557200 -0.03449500 0.91329800
24 5.51182400 0.00000800 -0.00000400 2.10279000 -0.06602500 3.11587600
25 0.19684600 -0.00000100 0.00000400 2.79340696 -0.00047267 -3.14147660
26 -2.55123000 -11.57811500 -3.02197200 1.97586200 1.15991000 1.84280300
27 6.21448500 0.00001000 0.00002000 -1.30634662 0.64857541 -1.73096997
28 11.94488500 -0.00003200 -0.00019900 -0.70552654 -0.33320061 -1.28149108
29 10.62016900 -0.00000200 0.00000800 -2.00359757 -0.51606435 0.22293054
30 4.75116500 0.69437600 -0.83047400 0.02505900 -0.18560800 0.14615800
31 1.68806100 -0.00002400 0.00000200 -0.00776500 -0.02349400 1.75632300
32 1.33615100 -0.00005000 -0.00001000 0.00924200 -0.03762600 0.12943000
33 4.82051700 0.50934200 0.22486600 -0.20655200 -0.13961500 0.62947100
34 1.82700300 0.00006200 0.00001000 0.02735300 0.02979100 2.01690100
35 1.43658100 -0.00000600 0.00001000 0.01515000 0.00045200 -0.75718600
36 3.99235500 0.89109000 1.82799500 -0.42620000 0.27844800 1.39074000
37 1.40592200 0.00003100 -0.00000400 -0.01231800 -0.02677000 1.30554600
38 1.17536200 -0.00013200 0.00000400 -0.09551900 0.07798600 -0.93359900
39 4.52676200 0.69046800 1.12084200 -0.36932500 0.01644200 1.00623400
40 1.74404100 -0.00002700 0.00000100 -0.02939300 -0.00337500 1.86812600
41 1.36876300 -0.00003100 -0.00002000 -0.12957300 0.09181900 -1.14340300
42 1.80926900 0.89528800 -1.12010700 1.88461400 0.36803000 0.40774200
43 1.49514200 -0.24140500 0.04487400 0.00360000 -0.23414300 0.03443400
44 1.57424000 -0.10445200 0.03324300 0.03981700 0.07342300 -0.24671300
45 5.51180800 -0.00000600 0.00000400 -0.95227000 0.00000000 0.00000000
46 0.19684600 0.00000600 0.00000000 -0.34822500 0.00001500 -0.00000200
47 0.00000000 1.00000000 0.00000000 0.00000000 0.00000000 -1.57079600
48 -2.88370400 33.22035600 -3.42586400 0.00000000 0.00000000 -3.14156200
49 -7.60828982 48.92653299 -7.01767605 0.20459339 0.05949907 -0.41297652
50 11.07231800 1.05239700 -5.47148900 0.93682200 1.06673800 2.43562500
51 5.51488700 0.00125700 -1.24599700 0.00000000 0.00000000 0.00000000
52 -5.17175500 -0.20860600 1.50504400 0.11058500 0.00000000 0.00000000
53 0.00000400 0.45916200 0.00000000 -0.19771300 0.00000000 0.00000000
54 0.00000200 0.90097000 0.00000000 -0.43178600 0.00000000 0.00000000
55 0.00000400 0.90137900 0.00000100 -0.77968100 0.00000000 0.00000000
56 0.00000400 0.92234000 0.00000000 -0.26286200 0.00000000 0.00000000
57 0.00000000 0.90352400 -0.00000200 -0.00009000 0.00000000 0.00000000
58 0.00000200 0.91195300 0.00000000 -0.00896200 0.00000000 0.00000000
59 0.00000000 0.91130700 0.00000000 -0.00389300 0.00000000 0.00000000
60 0.00000400 0.90763800 0.00000200 0.00781400 0.00000000 0.00000000
61 0.00000000 0.90783600 0.00000000 0.01513400 0.00000000 0.00000000
62 -7.93947800 -0.00024100 1.60274100 0.00000000 0.00000000 0.00000000
63 -17.25021400 -0.73788500 -1.61960300 -0.54875900 0.30608400 -0.18218700
64 -17.25020600 0.71140500 -1.55281900 0.51629900 0.36128900 0.19804100
65 -1.11169100 1.28617900 -1.15214400 0.00000000 0.00000000 0.00000000
66 -8.44460900 -2.21927600 -2.25476600 3.09200100 1.15353800 -2.39145700
time 6
0 -0.00000100 8.45008800 -27.50902600 0.00000000 0.00000000 0.00003100
1 -0.00000200 0.00000000 0.00000000 1.57074700 -1.56714200 -1.57074700
2 4.25546500 -0.33518400 -0.00000200 0.00000000 0.00000000 -0.12484800
3 7.43125000 1.49647900 0.00000200 0.00000000 0.00000000 0.24545000
4 5.27847900 0.16554300 0.00000100 0.00000000 0.00000000 0.04851100
5 -1.64873900 -13.09409500 6.31045600 1.97586600 1.15990900 -1.29878500
6 -6.21447800 -0.00001000 -0.00002700 2.72593397 -0.69709807 1.75326112
7 11.94488900 0.00000000 0.00000000 -0.43603798 -0.33501813 1.78912837
8 10.62019000 0.00000000 0.00000000 0.48934842 0.29897993 3.13011792
9 -4.75111000 -0.69449400 0.83057900 -0.20909800 -0.26626700 0.23759500
10 -1.68807600 0.00004300 -0.00003100 0.01890100 -0.01595800 0.56873800
11 -1.33614300 0.00005300 -0.00001000 0.02638000 -0.00059700 0.57491600
12 -4.82049600 -0.50945900 -0.22476100 -0.40355600 -0.04801500 1.29352100
13 -1.82699200 -0.00007200 0.00000800 0.00083000 0.10005500 1.71807400
14 -1.43657300 0.00000800 0.00000400 -0.01240500 -0.09794400 -0.01495000
15 -3.99235900 -0.89118600 -1.82791000 -0.64296900 0.36064400 1.56296000
16 -1.40592200 -0.00002700 0.00000000 -0.01220200 -0.02684500 1.30196100
17 -1.17535800 0.00012800 -0.00002100 0.02756300 0.06210400 0.32121000
18 -4.52675200 -0.69057500 -1.12074400 -0.46821800 0.17091500 1.47116200
19 -1.74403800 0.00003300 -0.00000400 -0.13022500 0.10023700 1.62651500
20 -1.36877400 0.00002500 0.00000400 0.00993500 0.05150500 0.08698400
21 -2.03839500 -0.89278900 0.93250500 1.78891300 0.18637700 0.83287400
22 -1.62788600 0.15474600 0.01182500 -0.11534900 0.17036400 0.47218900
23 -1.59927600 0.00000800 0.00001500 0.02557200 -0.03449500 0.91329800
24 5.51182400 0.00000800 -0.00000400 2.10279000 -0.06602500 3.11587600
25 0.19684600 -0.00000100 0.00000400 2.79340696 -0.00047267 -3.14147660
26 -2.55123000 -11.57811500 -3.02197200 1.97586200 1.15991000 1.84280300
27 6.21448500 0.00001000 0.00002000 -1.30677152 0.64972535 -1.73047255
28 11.94488500 -0.00003200 -0.00019900 -0.70574511 -0.33379990 -1.28078911
29 10.62016900 -0.00000200 0.00000800 -2.00413721 -0.51526996 0.22415050
30 4.75116500 0.69437600 -0.83047400 0.02505900 -0.18560800 0.14615800
31 1.68806100 -0.00002400 0.00000200 -0.00776500 -0.02349400 1.75632300
32 1.33615100 -0.00005000 -0.00001000 0.00924200 -0.03762600 0.12943000
33 4.82051700 0.50934200 0.22486600 -0.20655200 -0.13961500 0.62947100
34 1.82700300 0.00006200 0.00001000 0.02735300 0.02979100 2.01690100
35 1.43658100 -0.00000600 0.00001000 0.01515000 0.00045200 -0.75718600
36 3.99235500 0.89109000 1.82799500 -0.42620000 0.27844800 1.39074000
37 1.40592200 0.00003100 -0.00000400 -0.01231800 -0.02677000 1.30554600
38 1.17536200 -0.00013200 0.00000400 -0.09551900 0.07798600 -0.93359900
39 4.52676200 0.69046800 1.12084200 -0.36932500 0.01644200 1.00623400
40 1.74404100 -0.00002700 0.00000100 -0.02939300 -0.00337500 1.86812600
41 1.36876300 -0.00003100 -0.00002000 -0.12957300 0.09181900 -1.14340300
42 1.80926900 0.89528800 -1.12010700 1.88461400 0.36803000 0.40774200
43 1.49514200 -0.24140500 0.04487400 0.00360000 -0.23414300 0.03443400
44 1.57424000 -0.10445200 0.03324300 0.03981700 0.07342300 -0.24671300
45 5.51180800 -0.00000600 0.00000400 -0.95227000 0.00000000 0.00000000
46 0.19684600 0.00000600 0.00000000 -0.34822500 0.00001500 -0.00000200
47 0.00000000 1.00000000 0.00000000 0.00000000 0.00000000 -1.57079600
48 -2.88370400 33.22035600 -3.42586400 0.00000000 0.00000000 -3.14156200
49 -7.62662575 48.92653299 -7.03503617 0.20326144 0.05785164 -0.41354422
50 11.07231800 1.05239700 -5.47148900 0.93682200 1.06673800 2.43562500
51 5.51488700 0.00125700 -1.24599700 0.00000000 0.00000000 0.00000000
52 -5.17175500 -0.20860600 1.50504400 0.11058500 0.00000000 0.00000000
53 0.00000400 0.45916200 0.00000000 -0.19771300 0.00000000 0.00000000
54 0.00000200 0.90097000 0.00000000 -0.43178600 0.00000000 0.00000000
55 0.00000400 0.90137900 0.00000100 -0.77968100 0.00000000 0.00000000
56 0.00000400 0.92234000 0.00000000 -0.26286200 0.00000000 0.00000000
57 0.00000000 0.90352400 -0.00000200 -0.00009000 0.00000000 0.00000000
58 0.00000200 0.91195300 0.00000000 -0.00896200 0.00000000 0.00000000
59 0.00000000 0.91130700 0.00000000 -0.00389300 0.00000000 0.00000000
60 0.00000400 0.90763800 0.00000200 0.00781400 0.00000000 0.00000000
61 0.00000000 0.90783600 0.00000000 0.01513400 0.00000000 0.00000000
62 -7.93947800 -0.00024100 1.60274100 0.00000000 0.00000000 0.00000000
63 -17.25021400 -0.73788500 -1.61960300 -0.54875900 0.30608400 -0.18218700
64 -17.25020600 0.71140500 -1.55281900 0.51629900 0.36128900 0.19804100
65 -1.11169100 1.28617900 -1.15214400 0.00000000 0.00000000 0.00000000
66 -8.44460900 -2.21927600 -2.25476600 3.09200100 1.15353800 -2.39145700
time 7
0 -0.00000100 8.45008800 -27.50902600 0.00000000 0.00000000 0.00003100
1 -0.00000200 0.00000000 0.00000000 1.57074700 -1.56714200 -1.57074700
2 4.25546500 -0.33518400 -0.00000200 0.00000000 0.00000000 -0.12484800
3 7.43125000 1.49647900 0.00000200 0.00000000 0.00000000 0.24545000
4 5.27847900 0.16554300 0.00000100 0.00000000 0.00000000 0.04851100
5 -1.64873900 -13.09409500 6.31045600 1.97586600 1.15990900 -1.29878500
6 -6.21447800 -0.00001000 -0.00002700 2.72597686 -0.69736004 1.75180747
7 11.94488900 0.00000000 0.00000000 -0.43627746 -0.33557448 1.78979717
8 10.62019000 0.00000000 0.00000000 0.48972510 0.29714215 3.12756964
9 -4.75111000 -0.69449400 0.83057900 -0.20909800 -0.26626700 0.23759500
10 -1.68807600 0.00004300 -0.00003100 0.01890100 -0.01595800 0.56873800
11 -1.33614300 0.00005300 -0.00001000 0.02638000 -0.00059700 0.57491600
12 -4.82049600 -0.50945900 -0.22476100 -0.40355600 -0.04801500 1.29352100
13 -1.82699200 -0.00007200 0.00000800 0.00083000 0.10005500 1.71807400
14 -1.43657300 0.00000800 0.00000400 -0.01240500 -0.09794400 -0.01495000
15 -3.99235900 -0.89118600 -1.82791000 -0.64296900 0.36064400 1.56296000
16 -1.40592200 -0.00002700 0.00000000 -0.01220200 -0.02684500 1.30196100
17 -1.17535800 0.00012800 -0.00002100 0.02756300 0.06210400 0.32121000
18 -4.52675200 -0.69057500 -1.12074400 -0.46821800 0.17091500 1.47116200
19 -1.74403800 0.00003300 -0.00000400 -0.13022500 0.10023700 1.62651500
20 -1.36877400 0.00002500 0.00000400 0.00993500 0.05150500 0.08698400
21 -2.03839500 -0.89278900 0.93250500 1.78891300 0.18637700 0.83287400
22 -1.62788600 0.15474600 0.01182500 -0.11534900 0.17036400 0.47218900
23 -1.59927600 0.00000800 0.00001500 0.02557200 -0.03449500 0.91329800
24 5.51182400 0.00000800 -0.00000400 2.10279000 -0.06602500 3.11587600
25 0.19684600 -0.00000100 0.00000400 2.79340696 -0.00047267 -3.14147660
26 -2.55123000 -11.57811500 -3.02197200 1.97586200 1.15991000 1.84280300
27 6.21448500 0.00001000 0.00002000 -1.30711435 0.65026842 -1.72968462
28 11.94488500 -0.00003200 -0.00019900 -0.70612886 -0.33386501 -1.27953894
29 10.62016900 -0.00000200 0.00000800 -2.00565394 -0.51407161 0.22487060
30 4.75116500 0.69437600 -0.83047400 0.02505900 -0.18560800 0.14615800
31 1.68806100 -0.00002400 0.00000200 -0.00776500 -0.02349400 1.75632300
32 1.33615100 -0.00005000 -0.00001000 0.00924200 -0.03762600 0.12943000
33 4.82051700 0.50934200 0.22486600 -0.20655200 -0.13961500 0.62947100
34 1.82700300 0.00006200 0.00001000 0.02735300 0.02979100 2.01690100
35 1.43658100 -0.00000600 0.00001000 0.01515000 0.00045200 -0.75718600
36 3.99235500 0.89109000 1.82799500 -0.42620000 0.27844800 1.39074000
37 1.40592200 0.00003100 -0.00000400 -0.01231800 -0.02677000 1.30554600
38 1.17536200 -0.00013200 0.00000400 -0.09551900 0.07798600 -0.93359900
39 4.52676200 0.69046800 1.12084200 -0.36932500 0.01644200 1.00623400
40 1.74404100 -0.00002700 0.00000100 -0.02939300 -0.00337500 1.86812600
41 1.36876300 -0.00003100 -0.00002000 -0.12957300 0.09181900 -1.14340300
42 1.80926900 0.89528800 -1.12010700 1.88461400 0.36803000 0.40774200
43 1.49514200 -0.24140500 0.04487400 0.00360000 -0.23414300 0.03443400
44 1.57424000 -0.10445200 0.03324300 0.03981700 0.07342300 -0.24671300
45 5.51180800 -0.00000600 0.00000400 -0.95227000 0.00000000 0.00000000
46 0.19684600 0.00000600 0.00000000 -0.34822500 0.00001500 -0.00000200
47 0.00000000 1.00000000 0.00000000 0.00000000 0.00000000 -1.57079600
48 -2.88370400 33.22035600 -3.42586400 0.00000000 0.00000000 -3.14156200
49 -7.64852550 48.92653299 -7.04353492 0.20331963 0.05614103 -0.41403578
50 11.07231800 1.05239700 -5.47148900 0.93682200 1.06673800 2.43562500
51 5.51488700 0.00125700 -1.24599700 0.00000000 0.00000000 0.00000000
52 -5.17175500 -0.20860600 1.50504400 0.11058500 0.00000000 0.00000000
53 0.00000400 0.45916200 0.00000000 -0.19771300 0.00000000 0.00000000
54 0.00000200 0.90097000 0.00000000 -0.43178600 0.00000000 0.00000000
55 0.00000400 0.90137900 0.00000100 -0.77968100 0.00000000 0.00000000
56 0.00000400 0.92234000 0.00000000 -0.26286200 0.00000000 0.00000000
57 0.00000000 0.90352400 -0.00000200 -0.00009000 0.00000000 0.00000000
58 0.00000200 0.91195300 0.00000000 -0.00896200 0.00000000 0.00000000
59 0.00000000 0.91130700 0.00000000 -0.00389300 0.00000000 0.00000000
60 0.00000400 0.90763800 0.00000200 0.00781400 0.00000000 0.00000000
61 0.00000000 0.90783600 0.00000000 0.01513400 0.00000000 0.00000000
62 -7.93947800 -0.00024100 1.60274100 0.00000000 0.00000000 0.00000000
63 -17.25021400 -0.73788500 -1.61960300 -0.54875900 0.30608400 -0.18218700
64 -17.25020600 0.71140500 -1.55281900 0.51629900 0.36128900 0.19804100
65 -1.11169100 1.28617900 -1.15214400 0.00000000 0.00000000 0.00000000
66 -8.44460900 -2.21927600 -2.25476600 3.09200100 1.15353800 -2.39145700
time 8
0 -0.00000100 8.45008800 -27.50902600 0.00000000 0.00000000 0.00003100
1 -0.00000200 0.00000000 0.00000000 1.57074700 -1.56714200 -1.57074700
2 4.25546500 -0.33518400 -0.00000200 0.00000000 0.00000000 -0.12484800
3 7.43125000 1.49647900 0.00000200 0.00000000 0.00000000 0.24545000
4 5.27847900 0.16554300 0.00000100 0.00000000 0.00000000 0.04851100
5 -1.64873900 -13.09409500 6.31045600 1.97586600 1.15990900 -1.29878500
6 -6.21447800 -0.00001000 -0.00002700 2.72598430 -0.69746171 1.75051547
7 11.94488900 0.00000000 0.00000000 -0.43658916 -0.33618587 1.79046497
8 10.62019000 0.00000000 0.00000000 0.49001332 0.29521629 3.12499677
9 -4.75111000 -0.69449400 0.83057900 -0.20909800 -0.26626700 0.23759500
10 -1.68807600 0.00004300 -0.00003100 0.01890100 -0.01595800 0.56873800
11 -1.33614300 0.00005300 -0.00001000 0.02638000 -0.00059700 0.57491600
12 -4.82049600 -0.50945900 -0.22476100 -0.40355600 -0.04801500 1.29352100
13 -1.82699200 -0.00007200 0.00000800 0.00083000 0.10005500 1.71807400
14 -1.43657300 0.00000800 0.00000400 -0.01240500 -0.09794400 -0.01495000
15 -3.99235900 -0.89118600 -1.82791000 -0.64296900 0.36064400 1.56296000
16 -1.40592200 -0.00002700 0.00000000 -0.01220200 -0.02684500 1.30196100
17 -1.17535800 0.00012800 -0.00002100 0.02756300 0.06210400 0.32121000
18 -4.52675200 -0.69057500 -1.12074400 -0.46821800 0.17091500 1.47116200
19 -1.74403800 0.00003300 -0.00000400 -0.13022500 0.10023700 1.62651500
20 -1.36877400 0.00002500 0.00000400 0.00993500 0.05150500 0.08698400
21 -2.03839500 -0.89278900 0.93250500 1.78891300 0.18637700 0.83287400
22 -1.62788600 0.15474600 0.01182500 -0.11534900 0.17036400 0.47218900
23 -1.59927600 0.00000800 0.00001500 0.02557200 -0.03449500 0.91329800
24 5.51182400 0.00000800 -0.00000400 2.10279000 -0.06602500 3.11587600
25 0.19684600 -0.00000100 0.00000400 2.79340696 -0.00047267 -3.14147660
26 -2.55123000 -11.57811500 -3.02197200 1.97586200 1.15991000 1.84280300
27 6.21448500 0.00001000 0.00002000 -1.30758936 0.65081824 -1.72903032
28 11.94488500 -0.00003200 -0.00019900 -0.70654466 -0.33405084 -1.27826102
29 10.62016900 -0.00000200 0.00000800 -2.00729309 -0.51291768 0.22569019
30 4.75116500 0.69437600 -0.83047400 0.02505900 -0.18560800 0.14615800
31 1.68806100 -0.00002400 0.00000200 -0.00776500 -0.02349400 1.75632300
32 1.33615100 -0.00005000 -0.00001000 0.00924200 -0.03762600 0.12943000
33 4.82051700 0.50934200 0.22486600 -0.20655200 -0.13961500 0.62947100
34 1.82700300 0.00006200 0.00001000 0.02735300 0.02979100 2.01690100
35 1.43658100 -0.00000600 0.00001000 0.01515000 0.00045200 -0.75718600
36 3.99235500 0.89109000 1.82799500 -0.42620000 0.27844800 1.39074000
37 1.40592200 0.00003100 -0.00000400 -0.01231800 -0.02677000 1.30554600
38 1.17536200 -0.00013200 0.00000400 -0.09551900 0.07798600 -0.93359900
39 4.52676200 0.69046800 1.12084200 -0.36932500 0.01644200 1.00623400
40 1.74404100 -0.00002700 0.00000100 -0.02939300 -0.00337500 1.86812600
41 1.36876300 -0.00003100 -0.00002000 -0.12957300 0.09181900 -1.14340300
42 1.80926900 0.89528800 -1.12010700 1.88461400 0.36803000 0.40774200
43 1.49514200 -0.24140500 0.04487400 0.00360000 -0.23414300 0.03443400
44 1.57424000 -0.10445200 0.03324300 0.03981700 0.07342300 -0.24671300
45 5.51180800 -0.00000600 0.00000400 -0.95227000 0.00000000 0.00000000
46 0.19684600 0.00000600 0.00000000 -0.34822500 0.00001500 -0.00000200
47 0.00000000 1.00000000 0.00000000 0.00000000 0.00000000 -1.57079600
48 -2.88370400 33.22035600 -3.42586400 0.00000000 0.00000000 -3.14156200
49 -7.67042524 48.92653299 -7.05230368 0.20329641 0.05441030 -0.41452595
50 11.07231800 1.05239700 -5.47148900 0.93682200 1.06673800 2.43562500
51 5.51488700 0.00125700 -1.24599700 0.00000000 0.00000000 0.00000000
52 -5.17175500 -0.20860600 1.50504400 0.11058500 0.00000000 0.00000000
53 0.00000400 0.45916200 0.00000000 -0.19771300 0.00000000 0.00000000
54 0.00000200 0.90097000 0.00000000 -0.43178600 0.00000000 0.00000000
55 0.00000400 0.90137900 0.00000100 -0.77968100 0.00000000 0.00000000
56 0.00000400 0.92234000 0.00000000 -0.26286200 0.00000000 0.00000000
57 0.00000000 0.90352400 -0.00000200 -0.00009000 0.00000000 0.00000000
58 0.00000200 0.91195300 0.00000000 -0.00896200 0.00000000 0.00000000
59 0.00000000 0.91130700 0.00000000 -0.00389300 0.00000000 0.00000000
60 0.00000400 0.90763800 0.00000200 0.00781400 0.00000000 0.00000000
61 0.00000000 0.90783600 0.00000000 0.01513400 0.00000000 0.00000000
62 -7.93947800 -0.00024100 1.60274100 0.00000000 0.00000000 0.00000000
63 -17.25021400 -0.73788500 -1.61960300 -0.54875900 0.30608400 -0.18218700
64 -17.25020600 0.71140500 -1.55281900 0.51629900 0.36128900 0.19804100
65 -1.11169100 1.28617900 -1.15214400 0.00000000 0.00000000 0.00000000
66 -8.44460900 -2.21927600 -2.25476600 3.09200100 1.15353800 -2.39145700
time 9
0 -0.00000100 8.45008800 -27.50902600 0.00000000 0.00000000 0.00003100
1 -0.00000200 0.00000000 0.00000000 1.57074700 -1.56714200 -1.57074700
2 4.25546500 -0.33518400 -0.00000200 0.00000000 0.00000000 -0.12484800
3 7.43125000 1.49647900 0.00000200 0.00000000 0.00000000 0.24545000
4 5.27847900 0.16554300 0.00000100 0.00000000 0.00000000 0.04851100
5 -1.64873900 -13.09409500 6.31045600 1.97586600 1.15990900 -1.29878500
6 -6.21447800 -0.00001000 -0.00002700 2.72720082 -0.69779736 1.74856153
7 11.94488900 0.00000000 0.00000000 -0.43662308 -0.33709759 1.79073163
8 10.62019000 0.00000000 0.00000000 0.49188266 0.29205194 3.12363328
9 -4.75111000 -0.69449400 0.83057900 -0.20909800 -0.26626700 0.23759500
10 -1.68807600 0.00004300 -0.00003100 0.01890100 -0.01595800 0.56873800
11 -1.33614300 0.00005300 -0.00001000 0.02638000 -0.00059700 0.57491600
12 -4.82049600 -0.50945900 -0.22476100 -0.40355600 -0.04801500 1.29352100
13 -1.82699200 -0.00007200 0.00000800 0.00083000 0.10005500 1.71807400
14 -1.43657300 0.00000800 0.00000400 -0.01240500 -0.09794400 -0.01495000
15 -3.99235900 -0.89118600 -1.82791000 -0.64296900 0.36064400 1.56296000
16 -1.40592200 -0.00002700 0.00000000 -0.01220200 -0.02684500 1.30196100
17 -1.17535800 0.00012800 -0.00002100 0.02756300 0.06210400 0.32121000
18 -4.52675200 -0.69057500 -1.12074400 -0.46821800 0.17091500 1.47116200
19 -1.74403800 0.00003300 -0.00000400 -0.13022500 0.10023700 1.62651500
20 -1.36877400 0.00002500 0.00000400 0.00993500 0.05150500 0.08698400
21 -2.03839500 -0.89278900 0.93250500 1.78891300 0.18637700 0.83287400
22 -1.62788600 0.15474600 0.01182500 -0.11534900 0.17036400 0.47218900
23 -1.59927600 0.00000800 0.00001500 0.02557200 -0.03449500 0.91329800
24 5.51182400 0.00000800 -0.00000400 2.10279000 -0.06602500 3.11587600
25 0.19684600 -0.00000100 0.00000400 2.79340696 -0.00047267 -3.14147660
26 -2.55123000 -11.57811500 -3.02197200 1.97586200 1.15991000 1.84280300
27 6.21448500 0.00001000 0.00002000 -1.30806188 0.65103417 -1.72813273
28 11.94488500 -0.00003200 -0.00019900 -0.70714219 -0.33417300 -1.27649441
29 10.62016900 -0.00000200 0.00000800 -2.00983405 -0.51105947 0.22551680
30 4.75116500 0.69437600 -0.83047400 0.02505900 -0.18560800 0.14615800
31 1.68806100 -0.00002400 0.00000200 -0.00776500 -0.02349400 1.75632300
32 1.33615100 -0.00005000 -0.00001000 0.00924200 -0.03762600 0.12943000
33 4.82051700 0.50934200 0.22486600 -0.20655200 -0.13961500 0.62947100
34 1.82700300 0.00006200 0.00001000 0.02735300 0.02979100 2.01690100
35 1.43658100 -0.00000600 0.00001000 0.01515000 0.00045200 -0.75718600
36 3.99235500 0.89109000 1.82799500 -0.42620000 0.27844800 1.39074000
37 1.40592200 0.00003100 -0.00000400 -0.01231800 -0.02677000 1.30554600
38 1.17536200 -0.00013200 0.00000400 -0.09551900 0.07798600 -0.93359900
39 4.52676200 0.69046800 1.12084200 -0.36932500 0.01644200 1.00623400
40 1.74404100 -0.00002700 0.00000100 -0.02939300 -0.00337500 1.86812600
41 1.36876300 -0.00003100 -0.00002000 -0.12957300 0.09181900 -1.14340300
42 1.80926900 0.89528800 -1.12010700 1.88461400 0.36803000 0.40774200
43 1.49514200 -0.24140500 0.04487400 0.00360000 -0.23414300 0.03443400
44 1.57424000 -0.10445200 0.03324300 0.03981700 0.07342300 -0.24671300
45 5.51180800 -0.00000600 0.00000400 -0.95227000 0.00000000 0.00000000
46 0.19684600 0.00000600 0.00000000 -0.34822500 0.00001500 -0.00000200
47 0.00000000 1.00000000 0.00000000 0.00000000 0.00000000 -1.57079600
48 -2.88370400 33.22035600 -3.42586400 0.00000000 0.00000000 -3.14156200
49 -7.69718813 48.92653299 -7.05629263 0.20493760 0.05257657 -0.41492022
50 11.07231800 1.05239700 -5.47148900 0.93682200 1.06673800 2.43562500
51 5.51488700 0.00125700 -1.24599700 0.00000000 0.00000000 0.00000000
52 -5.17175500 -0.20860600 1.50504400 0.11058500 0.00000000 0.00000000
53 0.00000400 0.45916200 0.00000000 -0.19771300 0.00000000 0.00000000
54 0.00000200 0.90097000 0.00000000 -0.43178600 0.00000000 0.00000000
55 0.00000400 0.90137900 0.00000100 -0.77968100 0.00000000 0.00000000
56 0.00000400 0.92234000 0.00000000 -0.26286200 0.00000000 0.00000000
57 0.00000000 0.90352400 -0.00000200 -0.00009000 0.00000000 0.00000000
58 0.00000200 0.91195300 0.00000000 -0.00896200 0.00000000 0.00000000
59 0.00000000 0.91130700 0.00000000 -0.00389300 0.00000000 0.00000000
60 0.00000400 0.90763800 0.00000200 0.00781400 0.00000000 0.00000000
61 0.00000000 0.90783600 0.00000000 0.01513400 0.00000000 0.00000000
62 -7.93947800 -0.00024100 1.60274100 0.00000000 0.00000000 0.00000000
63 -17.25021400 -0.73788500 -1.61960300 -0.54875900 0.30608400 -0.18218700
64 -17.25020600 0.71140500 -1.55281900 0.51629900 0.36128900 0.19804100
65 -1.11169100 1.28617900 -1.15214400 0.00000000 0.00000000 0.00000000
66 -8.44460900 -2.21927600 -2.25476600 3.09200100 1.15353800 -2.39145700
time 10
0 -0.00000100 8.45008800 -27.50902600 0.00000000 0.00000000 0.00003100
1 -0.00000200 0.00000000 0.00000000 1.57074700 -1.56714200 -1.57074700
2 4.25546500 -0.33518400 -0.00000200 0.00000000 0.00000000 -0.12484800
3 7.43125000 1.49647900 0.00000200 0.00000000 0.00000000 0.24545000
4 5.27847900 0.16554300 0.00000100 0.00000000 0.00000000 0.04851100
5 -1.64873900 -13.09409500 6.31045600 1.97586600 1.15990900 -1.29878500
6 -6.21447800 -0.00001000 -0.00002700 2.72877234 -0.69808581 1.74645044
7 11.94488900 0.00000000 0.00000000 -0.43666905 -0.33801124 1.79086922
8 10.62019000 0.00000000 0.00000000 0.49408995 0.28862911 3.12246071
9 -4.75111000 -0.69449400 0.83057900 -0.20909800 -0.26626700 0.23759500
10 -1.68807600 0.00004300 -0.00003100 0.01890100 -0.01595800 0.56873800
11 -1.33614300 0.00005300 -0.00001000 0.02638000 -0.00059700 0.57491600
12 -4.82049600 -0.50945900 -0.22476100 -0.40355600 -0.04801500 1.29352100
13 -1.82699200 -0.00007200 0.00000800 0.00083000 0.10005500 1.71807400
14 -1.43657300 0.00000800 0.00000400 -0.01240500 -0.09794400 -0.01495000
15 -3.99235900 -0.89118600 -1.82791000 -0.64296900 0.36064400 1.56296000
16 -1.40592200 -0.00002700 0.00000000 -0.01220200 -0.02684500 1.30196100
17 -1.17535800 0.00012800 -0.00002100 0.02756300 0.06210400 0.32121000
18 -4.52675200 -0.69057500 -1.12074400 -0.46821800 0.17091500 1.47116200
19 -1.74403800 0.00003300 -0.00000400 -0.13022500 0.10023700 1.62651500
20 -1.36877400 0.00002500 0.00000400 0.00993500 0.05150500 0.08698400
21 -2.03839500 -0.89278900 0.93250500 1.78891300 0.18637700 0.83287400
22 -1.62788600 0.15474600 0.01182500 -0.11534900 0.17036400 0.47218900
23 -1.59927600 0.00000800 0.00001500 0.02557200 -0.03449500 0.91329800
24 5.51182400 0.00000800 -0.00000400 2.10279000 -0.06602500 3.11587600
25 0.19684600 -0.00000100 0.00000400 2.79340696 -0.00047267 -3.14147660
26 -2.55123000 -11.57811500 -3.02197200 1.97586200 1.15991000 1.84280300
27 6.21448500 0.00001000 0.00002000 -1.30847746 0.65123168 -1.72720536
28 11.94488500 -0.00003200 -0.00019900 -0.70779781 -0.33423020 -1.27449443
29 10.62016900 -0.00000200 0.00000800 -2.01263529 -0.50902558 0.22528573
30 4.75116500 0.69437600 -0.83047400 0.02505900 -0.18560800 0.14615800
31 1.68806100 -0.00002400 0.00000200 -0.00776500 -0.02349400 1.75632300
32 1.33615100 -0.00005000 -0.00001000 0.00924200 -0.03762600 0.12943000
33 4.82051700 0.50934200 0.22486600 -0.20655200 -0.13961500 0.62947100
34 1.82700300 0.00006200 0.00001000 0.02735300 0.02979100 2.01690100
35 1.43658100 -0.00000600 0.00001000 0.01515000 0.00045200 -0.75718600
36 3.99235500 0.89109000 1.82799500 -0.42620000 0.27844800 1.39074000
37 1.40592200 0.00003100 -0.00000400 -0.01231800 -0.02677000 1.30554600
38 1.17536200 -0.00013200 0.00000400 -0.09551900 0.07798600 -0.93359900
39 4.52676200 0.69046800 1.12084200 -0.36932500 0.01644200 1.00623400
40 1.74404100 -0.00002700 0.00000100 -0.02939300 -0.00337500 1.86812600
41 1.36876300 -0.00003100 -0.00002000 -0.12957300 0.09181900 -1.14340300
42 1.80926900 0.89528800 -1.12010700 1.88461400 0.36803000 0.40774200
43 1.49514200 -0.24140500 0.04487400 0.00360000 -0.23414300 0.03443400
44 1.57424000 -0.10445200 0.03324300 0.03981700 0.07342300 -0.24671300
45 5.51180800 -0.00000600 0.00000400 -0.95227000 0.00000000 0.00000000
46 0.19684600 0.00000600 0.00000000 -0.34822500 0.00001500 -0.00000200
47 0.00000000 1.00000000 0.00000000 0.00000000 0.00000000 -1.57079600
48 -2.88370400 33.22035600 -3.42586400 0.00000000 0.00000000 -3.14156200
49 -7.72503173 48.92653299 -7.05925907 0.20682809 0.05088798 -0.41527017
50 11.07231800 1.05239700 -5.47148900 0.93682200 1.06673800 2.43562500
51 5.51488700 0.00125700 -1.24599700 0.00000000 0.00000000 0.00000000
52 -5.17175500 -0.20860600 1.50504400 0.11058500 0.00000000 0.00000000
53 0.00000400 0.45916200 0.00000000 -0.19771300 0.00000000 0.00000000
54 0.00000200 0.90097000 0.00000000 -0.43178600 0.00000000 0.00000000
55 0.00000400 0.90137900 0.00000100 -0.77968100 0.00000000 0.00000000
56 0.00000400 0.92234000 0.00000000 -0.26286200 0.00000000 0.00000000
57 0.00000000 0.90352400 -0.00000200 -0.00009000 0.00000000 0.00000000
58 0.00000200 0.91195300 0.00000000 -0.00896200 0.00000000 0.00000000
59 0.00000000 0.91130700 0.00000000 -0.00389300 0.00000000 0.00000000
60 0.00000400 0.90763800 0.00000200 0.00781400 0.00000000 0.00000000
61 0.00000000 0.90783600 0.00000000 0.01513400 0.00000000 0.00000000
62 -7.93947800 -0.00024100 1.60274100 0.00000000 0.00000000 0.00000000
63 -17.25021400 -0.73788500 -1.61960300 -0.54875900 0.30608400 -0.18218700
64 -17.25020600 0.71140500 -1.55281900 0.51629900 0.36128900 0.19804100
65 -1.11169100 1.28617900 -1.15214400 0.00000000 0.00000000 0.00000000
66 -8.44460900 -2.21927600 -2.25476600 3.09200100 1.15353800 -2.39145700
time 11
0 -0.00000100 8.45008800 -27.50902600 0.00000000 0.00000000 0.00003100
1 -0.00000200 0.00000000 0.00000000 1.57074700 -1.56714200 -1.57074700
2 4.25546500 -0.33518400 -0.00000200 0.00000000 0.00000000 -0.12484800
3 7.43125000 1.49647900 0.00000200 0.00000000 0.00000000 0.24545000
4 5.27847900 0.16554300 0.00000100 0.00000000 0.00000000 0.04851100
5 -1.64873900 -13.09409500 6.31045600 1.97586600 1.15990900 -1.29878500
6 -6.21447800 -0.00001000 -0.00002700 2.73031843 -0.69837869 1.74429207
7 11.94488900 0.00000000 0.00000000 -0.43670195 -0.33894999 1.79091222
8 10.62019000 0.00000000 0.00000000 0.49613867 0.28513615 3.12122279
9 -4.75111000 -0.69449400 0.83057900 -0.20909800 -0.26626700 0.23759500
10 -1.68807600 0.00004300 -0.00003100 0.01890100 -0.01595800 0.56873800
11 -1.33614300 0.00005300 -0.00001000 0.02638000 -0.00059700 0.57491600
12 -4.82049600 -0.50945900 -0.22476100 -0.40355600 -0.04801500 1.29352100
13 -1.82699200 -0.00007200 0.00000800 0.00083000 0.10005500 1.71807400
14 -1.43657300 0.00000800 0.00000400 -0.01240500 -0.09794400 -0.01495000
15 -3.99235900 -0.89118600 -1.82791000 -0.64296900 0.36064400 1.56296000
16 -1.40592200 -0.00002700 0.00000000 -0.01220200 -0.02684500 1.30196100
17 -1.17535800 0.00012800 -0.00002100 0.02756300 0.06210400 0.32121000
18 -4.52675200 -0.69057500 -1.12074400 -0.46821800 0.17091500 1.47116200
19 -1.74403800 0.00003300 -0.00000400 -0.13022500 0.10023700 1.62651500
20 -1.36877400 0.00002500 0.00000400 0.00993500 0.05150500 0.08698400
21 -2.03839500 -0.89278900 0.93250500 1.78891300 0.18637700 0.83287400
22 -1.62788600 0.15474600 0.01182500 -0.11534900 0.17036400 0.47218900
23 -1.59927600 0.00000800 0.00001500 0.02557200 -0.03449500 0.91329800
24 5.51182400 0.00000800 -0.00000400 2.10279000 -0.06602500 3.11587600
25 0.19684600 -0.00000100 0.00000400 2.79340696 -0.00047267 -3.14147660
26 -2.55123000 -11.57811500 -3.02197200 1.97586200 1.15991000 1.84280300
27 6.21448500 0.00001000 0.00002000 -1.30897470 0.65134914 -1.72621750
28 11.94488500 -0.00003200 -0.00019900 -0.70834825 -0.33416618 -1.27257849
29 10.62016900 -0.00000200 0.00000800 -2.01542819 -0.50713716 0.22508762
30 4.75116500 0.69437600 -0.83047400 0.02505900 -0.18560800 0.14615800
31 1.68806100 -0.00002400 0.00000200 -0.00776500 -0.02349400 1.75632300
32 1.33615100 -0.00005000 -0.00001000 0.00924200 -0.03762600 0.12943000
33 4.82051700 0.50934200 0.22486600 -0.20655200 -0.13961500 0.62947100
34 1.82700300 0.00006200 0.00001000 0.02735300 0.02979100 2.01690100
35 1.43658100 -0.00000600 0.00001000 0.01515000 0.00045200 -0.75718600
36 3.99235500 0.89109000 1.82799500 -0.42620000 0.27844800 1.39074000
37 1.40592200 0.00003100 -0.00000400 -0.01231800 -0.02677000 1.30554600
38 1.17536200 -0.00013200 0.00000400 -0.09551900 0.07798600 -0.93359900
39 4.52676200 0.69046800 1.12084200 -0.36932500 0.01644200 1.00623400
40 1.74404100 -0.00002700 0.00000100 -0.02939300 -0.00337500 1.86812600
41 1.36876300 -0.00003100 -0.00002000 -0.12957300 0.09181900 -1.14340300
42 1.80926900 0.89528800 -1.12010700 1.88461400 0.36803000 0.40774200
43 1.49514200 -0.24140500 0.04487400 0.00360000 -0.23414300 0.03443400
44 1.57424000 -0.10445200 0.03324300 0.03981700 0.07342300 -0.24671300
45 5.51180800 -0.00000600 0.00000400 -0.95227000 0.00000000 0.00000000
46 0.19684600 0.00000600 0.00000000 -0.34822500 0.00001500 -0.00000200
47 0.00000000 1.00000000 0.00000000 0.00000000 0.00000000 -1.57079600
48 -2.88370400 33.22035600 -3.42586400 0.00000000 0.00000000 -3.14156200
49 -7.75322939 48.92653307 -7.06186152 0.20865910 0.04904660 -0.41560822
50 11.07231800 1.05239700 -5.47148900 0.93682200 1.06673800 2.43562500
51 5.51488700 0.00125700 -1.24599700 0.00000000 0.00000000 0.00000000
52 -5.17175500 -0.20860600 1.50504400 0.11058500 0.00000000 0.00000000
53 0.00000400 0.45916200 0.00000000 -0.19771300 0.00000000 0.00000000
54 0.00000200 0.90097000 0.00000000 -0.43178600 0.00000000 0.00000000
55 0.00000400 0.90137900 0.00000100 -0.77968100 0.00000000 0.00000000
56 0.00000400 0.92234000 0.00000000 -0.26286200 0.00000000 0.00000000
57 0.00000000 0.90352400 -0.00000200 -0.00009000 0.00000000 0.00000000
58 0.00000200 0.91195300 0.00000000 -0.00896200 0.00000000 0.00000000
59 0.00000000 0.91130700 0.00000000 -0.00389300 0.00000000 0.00000000
60 0.00000400 0.90763800 0.00000200 0.00781400 0.00000000 0.00000000
61 0.00000000 0.90783600 0.00000000 0.01513400 0.00000000 0.00000000
62 -7.93947800 -0.00024100 1.60274100 0.00000000 0.00000000 0.00000000
63 -17.25021400 -0.73788500 -1.61960300 -0.54875900 0.30608400 -0.18218700
64 -17.25020600 0.71140500 -1.55281900 0.51629900 0.36128900 0.19804100
65 -1.11169100 1.28617900 -1.15214400 0.00000000 0.00000000 0.00000000
66 -8.44460900 -2.21927600 -2.25476600 3.09200100 1.15353800 -2.39145700
time 12
0 -0.00000100 8.45008800 -27.50902600 0.00000000 0.00000000 0.00003100
1 -0.00000200 0.00000000 0.00000000 1.57074700 -1.56714200 -1.57074700
2 4.25546500 -0.33518400 -0.00000200 0.00000000 0.00000000 -0.12484800
3 7.43125000 1.49647900 0.00000200 0.00000000 0.00000000 0.24545000
4 5.27847900 0.16554300 0.00000100 0.00000000 0.00000000 0.04851100
5 -1.64873900 -13.09409500 6.31045600 1.97586600 1.15990900 -1.29878500
6 -6.21447800 -0.00001000 -0.00002700 2.73164761 -0.69884938 1.74164937
7 11.94488900 0.00000000 0.00000000 -0.43683991 -0.33993788 1.79133142
8 10.62019000 0.00000000 0.00000000 0.49649133 0.28205891 3.11861714
9 -4.75111000 -0.69449400 0.83057900 -0.20909800 -0.26626700 0.23759500
10 -1.68807600 0.00004300 -0.00003100 0.01890100 -0.01595800 0.56873800
11 -1.33614300 0.00005300 -0.00001000 0.02638000 -0.00059700 0.57491600
12 -4.82049600 -0.50945900 -0.22476100 -0.40355600 -0.04801500 1.29352100
13 -1.82699200 -0.00007200 0.00000800 0.00083000 0.10005500 1.71807400
14 -1.43657300 0.00000800 0.00000400 -0.01240500 -0.09794400 -0.01495000
15 -3.99235900 -0.89118600 -1.82791000 -0.64296900 0.36064400 1.56296000
16 -1.40592200 -0.00002700 0.00000000 -0.01220200 -0.02684500 1.30196100
17 -1.17535800 0.00012800 -0.00002100 0.02756300 0.06210400 0.32121000
18 -4.52675200 -0.69057500 -1.12074400 -0.46821800 0.17091500 1.47116200
19 -1.74403800 0.00003300 -0.00000400 -0.13022500 0.10023700 1.62651500
20 -1.36877400 0.00002500 0.00000400 0.00993500 0.05150500 0.08698400
21 -2.03839500 -0.89278900 0.93250500 1.78891300 0.18637700 0.83287400
22 -1.62788600 0.15474600 0.01182500 -0.11534900 0.17036400 0.47218900
23 -1.59927600 0.00000800 0.00001500 0.02557200 -0.03449500 0.91329800
24 5.51182400 0.00000800 -0.00000400 2.10279000 -0.06602500 3.11587600
25 0.19684600 -0.00000100 0.00000400 2.79340696 -0.00047267 -3.14147660
26 -2.55123000 -11.57811500 -3.02197200 1.97586200 1.15991000 1.84280300
27 6.21448500 0.00001000 0.00002000 -1.30979215 0.65132945 -1.72484205
28 11.94488500 -0.00003200 -0.00019900 -0.70873976 -0.33362536 -1.27162156
29 10.62016900 -0.00000200 0.00000800 -2.01717106 -0.50646184 0.22643115
30 4.75116500 0.69437600 -0.83047400 0.02505900 -0.18560800 0.14615800
31 1.68806100 -0.00002400 0.00000200 -0.00776500 -0.02349400 1.75632300
32 1.33615100 -0.00005000 -0.00001000 0.00924200 -0.03762600 0.12943000
33 4.82051700 0.50934200 0.22486600 -0.20655200 -0.13961500 0.62947100
34 1.82700300 0.00006200 0.00001000 0.02735300 0.02979100 2.01690100
35 1.43658100 -0.00000600 0.00001000 0.01515000 0.00045200 -0.75718600
36 3.99235500 0.89109000 1.82799500 -0.42620000 0.27844800 1.39074000
37 1.40592200 0.00003100 -0.00000400 -0.01231800 -0.02677000 1.30554600
38 1.17536200 -0.00013200 0.00000400 -0.09551900 0.07798600 -0.93359900
39 4.52676200 0.69046800 1.12084200 -0.36932500 0.01644200 1.00623400
40 1.74404100 -0.00002700 0.00000100 -0.02939300 -0.00337500 1.86812600
41 1.36876300 -0.00003100 -0.00002000 -0.12957300 0.09181900 -1.14340300
42 1.80926900 0.89528800 -1.12010700 1.88461400 0.36803000 0.40774200
43 1.49514200 -0.24140500 0.04487400 0.00360000 -0.23414300 0.03443400
44 1.57424000 -0.10445200 0.03324300 0.03981700 0.07342300 -0.24671300
45 5.51180800 -0.00000600 0.00000400 -0.95227000 0.00000000 0.00000000
46 0.19684600 0.00000600 0.00000000 -0.34822500 0.00001500 -0.00000200
47 0.00000000 1.00000000 0.00000000 0.00000000 0.00000000 -1.57079600
48 -2.88370400 33.22035600 -3.42586400 0.00000000 0.00000000 -3.14156200
49 -7.78496775 48.92653395 -7.06070800 0.20866253 0.04725816 -0.41570717
50 11.07231800 1.05239700 -5.47148900 0.93682200 1.06673800 2.43562500
51 5.51488700 0.00125700 -1.24599700 0.00000000 0.00000000 0.00000000
52 -5.17175500 -0.20860600 1.50504400 0.11058500 0.00000000 0.00000000
53 0.00000400 0.45916200 0.00000000 -0.19771300 0.00000000 0.00000000
54 0.00000200 0.90097000 0.00000000 -0.43178600 0.00000000 0.00000000
55 0.00000400 0.90137900 0.00000100 -0.77968100 0.00000000 0.00000000
56 0.00000400 0.92234000 0.00000000 -0.26286200 0.00000000 0.00000000
57 0.00000000 0.90352400 -0.00000200 -0.00009000 0.00000000 0.00000000
58 0.00000200 0.91195300 0.00000000 -0.00896200 0.00000000 0.00000000
59 0.00000000 0.91130700 0.00000000 -0.00389300 0.00000000 0.00000000
60 0.00000400 0.90763800 0.00000200 0.00781400 0.00000000 0.00000000
61 0.00000000 0.90783600 0.00000000 0.01513400 0.00000000 0.00000000
62 -7.93947800 -0.00024100 1.60274100 0.00000000 0.00000000 0.00000000
63 -17.25021400 -0.73788500 -1.61960300 -0.54875900 0.30608400 -0.18218700
64 -17.25020600 0.71140500 -1.55281900 0.51629900 0.36128900 0.19804100
65 -1.11169100 1.28617900 -1.15214400 0.00000000 0.00000000 0.00000000
66 -8.44460900 -2.21927600 -2.25476600 3.09200100 1.15353800 -2.39145700
time 13
0 -0.00000100 8.45008800 -27.50902600 0.00000000 0.00000000 0.00003100
1 -0.00000200 0.00000000 0.00000000 1.57074700 -1.56714200 -1.57074700
2 4.25546500 -0.33518400 -0.00000200 0.00000000 0.00000000 -0.12484800
3 7.43125000 1.49647900 0.00000200 0.00000000 0.00000000 0.24545000
4 5.27847900 0.16554300 0.00000100 0.00000000 0.00000000 0.04851100
5 -1.64873900 -13.09409500 6.31045600 1.97586600 1.15990900 -1.29878500
6 -6.21447800 -0.00001000 -0.00002700 2.73291866 -0.69924484 1.73902435
7 11.94488900 0.00000000 0.00000000 -0.43695451 -0.34094560 1.79162623
8 10.62019000 0.00000000 0.00000000 0.49687312 0.27886041 3.11616891
9 -4.75111000 -0.69449400 0.83057900 -0.20909800 -0.26626700 0.23759500
10 -1.68807600 0.00004300 -0.00003100 0.01890100 -0.01595800 0.56873800
11 -1.33614300 0.00005300 -0.00001000 0.02638000 -0.00059700 0.57491600
12 -4.82049600 -0.50945900 -0.22476100 -0.40355600 -0.04801500 1.29352100
13 -1.82699200 -0.00007200 0.00000800 0.00083000 0.10005500 1.71807400
14 -1.43657300 0.00000800 0.00000400 -0.01240500 -0.09794400 -0.01495000
15 -3.99235900 -0.89118600 -1.82791000 -0.64296900 0.36064400 1.56296000
16 -1.40592200 -0.00002700 0.00000000 -0.01220200 -0.02684500 1.30196100
17 -1.17535800 0.00012800 -0.00002100 0.02756300 0.06210400 0.32121000
18 -4.52675200 -0.69057500 -1.12074400 -0.46821800 0.17091500 1.47116200
19 -1.74403800 0.00003300 -0.00000400 -0.13022500 0.10023700 1.62651500
20 -1.36877400 0.00002500 0.00000400 0.00993500 0.05150500 0.08698400
21 -2.03839500 -0.89278900 0.93250500 1.78891300 0.18637700 0.83287400
22 -1.62788600 0.15474600 0.01182500 -0.11534900 0.17036400 0.47218900
23 -1.59927600 0.00000800 0.00001500 0.02557200 -0.03449500 0.91329800
24 5.51182400 0.00000800 -0.00000400 2.10279000 -0.06602500 3.11587600
25 0.19684600 -0.00000100 0.00000400 2.79340696 -0.00047267 -3.14147660
26 -2.55123000 -11.57811500 -3.02197200 1.97586200 1.15991000 1.84280300
27 6.21448500 0.00001000 0.00002000 -1.31059082 0.65137456 -1.72337293
28 11.94488500 -0.00003200 -0.00019900 -0.70909698 -0.33310887 -1.27053707
29 10.62016900 -0.00000200 0.00000800 -2.01888413 -0.50581890 0.22764195
30 4.75116500 0.69437600 -0.83047400 0.02505900 -0.18560800 0.14615800
31 1.68806100 -0.00002400 0.00000200 -0.00776500 -0.02349400 1.75632300
32 1.33615100 -0.00005000 -0.00001000 0.00924200 -0.03762600 0.12943000
33 4.82051700 0.50934200 0.22486600 -0.20655200 -0.13961500 0.62947100
34 1.82700300 0.00006200 0.00001000 0.02735300 0.02979100 2.01690100
35 1.43658100 -0.00000600 0.00001000 0.01515000 0.00045200 -0.75718600
36 3.99235500 0.89109000 1.82799500 -0.42620000 0.27844800 1.39074000
37 1.40592200 0.00003100 -0.00000400 -0.01231800 -0.02677000 1.30554600
38 1.17536200 -0.00013200 0.00000400 -0.09551900 0.07798600 -0.93359900
39 4.52676200 0.69046800 1.12084200 -0.36932500 0.01644200 1.00623400
40 1.74404100 -0.00002700 0.00000100 -0.02939300 -0.00337500 1.86812600
41 1.36876300 -0.00003100 -0.00002000 -0.12957300 0.09181900 -1.14340300
42 1.80926900 0.89528800 -1.12010700 1.88461400 0.36803000 0.40774200
43 1.49514200 -0.24140500 0.04487400 0.00360000 -0.23414300 0.03443400
44 1.57424000 -0.10445200 0.03324300 0.03981700 0.07342300 -0.24671300
45 5.51180800 -0.00000600 0.00000400 -0.95227000 0.00000000 0.00000000
46 0.19684600 0.00000600 0.00000000 -0.34822500 0.00001500 -0.00000200
47 0.00000000 1.00000000 0.00000000 0.00000000 0.00000000 -1.57079600
48 -2.88370400 33.22035600 -3.42586400 0.00000000 0.00000000 -3.14156200
49 -7.81670611 48.92653483 -7.05944148 0.20866696 0.04546968 -0.41580363
50 11.07231800 1.05239700 -5.47148900 0.93682200 1.06673800 2.43562500
51 5.51488700 0.00125700 -1.24599700 0.00000000 0.00000000 0.00000000
52 -5.17175500 -0.20860600 1.50504400 0.11058500 0.00000000 0.00000000
53 0.00000400 0.45916200 0.00000000 -0.19771300 0.00000000 0.00000000
54 0.00000200 0.90097000 0.00000000 -0.43178600 0.00000000 0.00000000
55 0.00000400 0.90137900 0.00000100 -0.77968100 0.00000000 0.00000000
56 0.00000400 0.92234000 0.00000000 -0.26286200 0.00000000 0.00000000
57 0.00000000 0.90352400 -0.00000200 -0.00009000 0.00000000 0.00000000
58 0.00000200 0.91195300 0.00000000 -0.00896200 0.00000000 0.00000000
59 0.00000000 0.91130700 0.00000000 -0.00389300 0.00000000 0.00000000
60 0.00000400 0.90763800 0.00000200 0.00781400 0.00000000 0.00000000
61 0.00000000 0.90783600 0.00000000 0.01513400 0.00000000 0.00000000
62 -7.93947800 -0.00024100 1.60274100 0.00000000 0.00000000 0.00000000
63 -17.25021400 -0.73788500 -1.61960300 -0.54875900 0.30608400 -0.18218700
64 -17.25020600 0.71140500 -1.55281900 0.51629900 0.36128900 0.19804100
65 -1.11169100 1.28617900 -1.15214400 0.00000000 0.00000000 0.00000000
66 -8.44460900 -2.21927600 -2.25476600 3.09200100 1.15353800 -2.39145700
time 14
0 -0.00000100 8.45008800 -27.50902600 0.00000000 0.00000000 0.00003100
1 -0.00000200 0.00000000 0.00000000 1.57074700 -1.56714200 -1.57074700
2 4.25546500 -0.33518400 -0.00000200 0.00000000 0.00000000 -0.12484800
3 7.43125000 1.49647900 0.00000200 0.00000000 0.00000000 0.24545000
4 5.27847900 0.16554300 0.00000100 0.00000000 0.00000000 0.04851100
5 -1.64873900 -13.09409500 6.31045600 1.97586600 1.15990900 -1.29878500
6 -6.21447800 -0.00001000 -0.00002700 2.73388888 -0.69975772 1.73616341
7 11.94488900 0.00000000 0.00000000 -0.43714772 -0.34190420 1.79215826
8 10.62019000 0.00000000 0.00000000 0.49602083 0.27627443 3.11277572
9 -4.75111000 -0.69449400 0.83057900 -0.20909800 -0.26626700 0.23759500
10 -1.68807600 0.00004300 -0.00003100 0.01890100 -0.01595800 0.56873800
11 -1.33614300 0.00005300 -0.00001000 0.02638000 -0.00059700 0.57491600
12 -4.82049600 -0.50945900 -0.22476100 -0.40355600 -0.04801500 1.29352100
13 -1.82699200 -0.00007200 0.00000800 0.00083000 0.10005500 1.71807400
14 -1.43657300 0.00000800 0.00000400 -0.01240500 -0.09794400 -0.01495000
15 -3.99235900 -0.89118600 -1.82791000 -0.64296900 0.36064400 1.56296000
16 -1.40592200 -0.00002700 0.00000000 -0.01220200 -0.02684500 1.30196100
17 -1.17535800 0.00012800 -0.00002100 0.02756300 0.06210400 0.32121000
18 -4.52675200 -0.69057500 -1.12074400 -0.46821800 0.17091500 1.47116200
19 -1.74403800 0.00003300 -0.00000400 -0.13022500 0.10023700 1.62651500
20 -1.36877400 0.00002500 0.00000400 0.00993500 0.05150500 0.08698400
21 -2.03839500 -0.89278900 0.93250500 1.78891300 0.18637700 0.83287400
22 -1.62788600 0.15474600 0.01182500 -0.11534900 0.17036400 0.47218900
23 -1.59927600 0.00000800 0.00001500 0.02557200 -0.03449500 0.91329800
24 5.51182400 0.00000800 -0.00000400 2.10279000 -0.06602500 3.11587600
25 0.19684600 -0.00000100 0.00000400 2.79340696 -0.00047267 -3.14147660
26 -2.55123000 -11.57811500 -3.02197200 1.97586200 1.15991000 1.84280300
27 6.21448500 0.00001000 0.00002000 -1.31146558 0.65145647 -1.72164761
28 11.94488500 -0.00003200 -0.00019900 -0.70923246 -0.33233385 -1.27012142
29 10.62016900 -0.00000200 0.00000800 -2.01992608 -0.50597792 0.22990124
30 4.75116500 0.69437600 -0.83047400 0.02505900 -0.18560800 0.14615800
31 1.68806100 -0.00002400 0.00000200 -0.00776500 -0.02349400 1.75632300
32 1.33615100 -0.00005000 -0.00001000 0.00924200 -0.03762600 0.12943000
33 4.82051700 0.50934200 0.22486600 -0.20655200 -0.13961500 0.62947100
34 1.82700300 0.00006200 0.00001000 0.02735300 0.02979100 2.01690100
35 1.43658100 -0.00000600 0.00001000 0.01515000 0.00045200 -0.75718600
36 3.99235500 0.89109000 1.82799500 -0.42620000 0.27844800 1.39074000
37 1.40592200 0.00003100 -0.00000400 -0.01231800 -0.02677000 1.30554600
38 1.17536200 -0.00013200 0.00000400 -0.09551900 0.07798600 -0.93359900
39 4.52676200 0.69046800 1.12084200 -0.36932500 0.01644200 1.00623400
40 1.74404100 -0.00002700 0.00000100 -0.02939300 -0.00337500 1.86812600
41 1.36876300 -0.00003100 -0.00002000 -0.12957300 0.09181900 -1.14340300
42 1.80926900 0.89528800 -1.12010700 1.88461400 0.36803000 0.40774200
43 1.49514200 -0.24140500 0.04487400 0.00360000 -0.23414300 0.03443400
44 1.57424000 -0.10445200 0.03324300 0.03981700 0.07342300 -0.24671300
45 5.51180800 -0.00000600 0.00000400 -0.95227000 0.00000000 0.00000000
46 0.19684600 0.00000600 0.00000000 -0.34822500 0.00001500 -0.00000200
47 0.00000000 1.00000000 0.00000000 0.00000000 0.00000000 -1.57079600
48 -2.88370400 33.22035600 -3.42586400 0.00000000 0.00000000 -3.14156200
49 -7.84900028 48.92653539 -7.05741602 0.20728512 0.04364520 -0.41574715
50 11.07231800 1.05239700 -5.47148900 0.93682200 1.06673800 2.43562500
51 5.51488700 0.00125700 -1.24599700 0.00000000 0.00000000 0.00000000
52 -5.17175500 -0.20860600 1.50504400 0.11058500 0.00000000 0.00000000
53 0.00000400 0.45916200 0.00000000 -0.19771300 0.00000000 0.00000000
54 0.00000200 0.90097000 0.00000000 -0.43178600 0.00000000 0.00000000
55 0.00000400 0.90137900 0.00000100 -0.77968100 0.00000000 0.00000000
56 0.00000400 0.92234000 0.00000000 -0.26286200 0.00000000 0.00000000
57 0.00000000 0.90352400 -0.00000200 -0.00009000 0.00000000 0.00000000
58 0.00000200 0.91195300 0.00000000 -0.00896200 0.00000000 0.00000000
59 0.00000000 0.91130700 0.00000000 -0.00389300 0.00000000 0.00000000
60 0.00000400 0.90763800 0.00000200 0.00781400 0.00000000 0.00000000
61 0.00000000 0.90783600 0.00000000 0.01513400 0.00000000 0.00000000
62 -7.93947800 -0.00024100 1.60274100 0.00000000 0.00000000 0.00000000
63 -17.25021400 -0.73788500 -1.61960300 -0.54875900 0.30608400 -0.18218700
64 -17.25020600 0.71140500 -1.55281900 0.51629900 0.36128900 0.19804100
65 -1.11169100 1.28617900 -1.15214400 0.00000000 0.00000000 0.00000000
66 -8.44460900 -2.21927600 -2.25476600 3.09200100 1.15353800 -2.39145700
time 15
0 -0.00000100 8.45008800 -27.50902600 0.00000000 0.00000000 0.00003100
1 -0.00000200 0.00000000 0.00000000 1.57074700 -1.56714200 -1.57074700
2 4.25546500 -0.33518400 -0.00000200 0.00000000 0.00000000 -0.12484800
3 7.43125000 1.49647900 0.00000200 0.00000000 0.00000000 0.24545000
4 5.27847900 0.16554300 0.00000100 0.00000000 0.00000000 0.04851100
5 -1.64873900 -13.09409500 6.31045600 1.97586600 1.15990900 -1.29878500
6 -6.21447800 -0.00001000 -0.00002700 2.73406877 -0.70024758 1.73320052
7 11.94488900 0.00000000 0.00000000 -0.43746445 -0.34280387 1.79299933
8 10.62019000 0.00000000 0.00000000 0.49275831 0.27431029 3.10782015
9 -4.75111000 -0.69449400 0.83057900 -0.20909800 -0.26626700 0.23759500
10 -1.68807600 0.00004300 -0.00003100 0.01890100 -0.01595800 0.56873800
11 -1.33614300 0.00005300 -0.00001000 0.02638000 -0.00059700 0.57491600
12 -4.82049600 -0.50945900 -0.22476100 -0.40355600 -0.04801500 1.29352100
13 -1.82699200 -0.00007200 0.00000800 0.00083000 0.10005500 1.71807400
14 -1.43657300 0.00000800 0.00000400 -0.01240500 -0.09794400 -0.01495000
15 -3.99235900 -0.89118600 -1.82791000 -0.64296900 0.36064400 1.56296000
16 -1.40592200 -0.00002700 0.00000000 -0.01220200 -0.02684500 1.30196100
17 -1.17535800 0.00012800 -0.00002100 0.02756300 0.06210400 0.32121000
18 -4.52675200 -0.69057500 -1.12074400 -0.46821800 0.17091500 1.47116200
19 -1.74403800 0.00003300 -0.00000400 -0.13022500 0.10023700 1.62651500
20 -1.36877400 0.00002500 0.00000400 0.00993500 0.05150500 0.08698400
21 -2.03839500 -0.89278900 0.93250500 1.78891300 0.18637700 0.83287400
22 -1.62788600 0.15474600 0.01182500 -0.11534900 0.17036400 0.47218900
23 -1.59927600 0.00000800 0.00001500 0.02557200 -0.03449500 0.91329800
24 5.51182400 0.00000800 -0.00000400 2.10279000 -0.06602500 3.11587600
25 0.19684600 -0.00000100 0.00000400 2.79340696 -0.00047267 -3.14147660
26 -2.55123000 -11.57811500 -3.02197200 1.97586200 1.15991000 1.84280300
27 6.21448500 0.00001000 0.00002000 -1.31282464 0.65173629 -1.71968538
28 11.94488500 -0.00003200 -0.00019900 -0.70898277 -0.33111621 -1.27087451
29 10.62016900 -0.00000200 0.00000800 -2.01945867 -0.50769893 0.23383860
30 4.75116500 0.69437600 -0.83047400 0.02505900 -0.18560800 0.14615800
31 1.68806100 -0.00002400 0.00000200 -0.00776500 -0.02349400 1.75632300
32 1.33615100 -0.00005000 -0.00001000 0.00924200 -0.03762600 0.12943000
33 4.82051700 0.50934200 0.22486600 -0.20655200 -0.13961500 0.62947100
34 1.82700300 0.00006200 0.00001000 0.02735300 0.02979100 2.01690100
35 1.43658100 -0.00000600 0.00001000 0.01515000 0.00045200 -0.75718600
36 3.99235500 0.89109000 1.82799500 -0.42620000 0.27844800 1.39074000
37 1.40592200 0.00003100 -0.00000400 -0.01231800 -0.02677000 1.30554600
38 1.17536200 -0.00013200 0.00000400 -0.09551900 0.07798600 -0.93359900
39 4.52676200 0.69046800 1.12084200 -0.36932500 0.01644200 1.00623400
40 1.74404100 -0.00002700 0.00000100 -0.02939300 -0.00337500 1.86812600
41 1.36876300 -0.00003100 -0.00002000 -0.12957300 0.09181900 -1.14340300
42 1.80926900 0.89528800 -1.12010700 1.88461400 0.36803000 0.40774200
43 1.49514200 -0.24140500 0.04487400 0.00360000 -0.23414300 0.03443400
44 1.57424000 -0.10445200 0.03324300 0.03981700 0.07342300 -0.24671300
45 5.51180800 -0.00000600 0.00000400 -0.95227000 0.00000000 0.00000000
46 0.19684600 0.00000600 0.00000000 -0.34822500 0.00001500 -0.00000200
47 0.00000000 1.00000000 0.00000000 0.00000000 0.00000000 -1.57079600
48 -2.88370400 33.22035600 -3.42586400 0.00000000 0.00000000 -3.14156200
49 -7.88226715 48.92653539 -7.05414164 0.20356022 0.04177778 -0.41542547
50 11.07231800 1.05239700 -5.47148900 0.93682200 1.06673800 2.43562500
51 5.51488700 0.00125700 -1.24599700 0.00000000 0.00000000 0.00000000
52 -5.17175500 -0.20860600 1.50504400 0.11058500 0.00000000 0.00000000
53 0.00000400 0.45916200 0.00000000 -0.19771300 0.00000000 0.00000000
54 0.00000200 0.90097000 0.00000000 -0.43178600 0.00000000 0.00000000
55 0.00000400 0.90137900 0.00000100 -0.77968100 0.00000000 0.00000000
56 0.00000400 0.92234000 0.00000000 -0.26286200 0.00000000 0.00000000
57 0.00000000 0.90352400 -0.00000200 -0.00009000 0.00000000 0.00000000
58 0.00000200 0.91195300 0.00000000 -0.00896200 0.00000000 0.00000000
59 0.00000000 0.91130700 0.00000000 -0.00389300 0.00000000 0.00000000
60 0.00000400 0.90763800 0.00000200 0.00781400 0.00000000 0.00000000
61 0.00000000 0.90783600 0.00000000 0.01513400 0.00000000 0.00000000
62 -7.93947800 -0.00024100 1.60274100 0.00000000 0.00000000 0.00000000
63 -17.25021400 -0.73788500 -1.61960300 -0.54875900 0.30608400 -0.18218700
64 -17.25020600 0.71140500 -1.55281900 0.51629900 0.36128900 0.19804100
65 -1.11169100 1.28617900 -1.15214400 0.00000000 0.00000000 0.00000000
66 -8.44460900 -2.21927600 -2.25476600 3.09200100 1.15353800 -2.39145700
time 16
0 -0.00000100 8.45008800 -27.50902600 0.00000000 0.00000000 0.00003100
1 -0.00000200 0.00000000 0.00000000 1.57074700 -1.56714200 -1.57074700
2 4.25546500 -0.33518400 -0.00000200 0.00000000 0.00000000 -0.12484800
3 7.43125000 1.49647900 0.00000200 0.00000000 0.00000000 0.24545000
4 5.27847900 0.16554300 0.00000100 0.00000000 0.00000000 0.04851100
5 -1.64873900 -13.09409500 6.31045600 1.97586600 1.15990900 -1.29878500
6 -6.21447800 -0.00001000 -0.00002700 2.73426579 -0.70078355 1.73035627
7 11.94488900 0.00000000 0.00000000 -0.43765326 -0.34370947 1.79383592
8 10.62019000 0.00000000 0.00000000 0.48962699 0.27249748 3.10301697
9 -4.75111000 -0.69449400 0.83057900 -0.20909800 -0.26626700 0.23759500
10 -1.68807600 0.00004300 -0.00003100 0.01890100 -0.01595800 0.56873800
11 -1.33614300 0.00005300 -0.00001000 0.02638000 -0.00059700 0.57491600
12 -4.82049600 -0.50945900 -0.22476100 -0.40355600 -0.04801500 1.29352100
13 -1.82699200 -0.00007200 0.00000800 0.00083000 0.10005500 1.71807400
14 -1.43657300 0.00000800 0.00000400 -0.01240500 -0.09794400 -0.01495000
15 -3.99235900 -0.89118600 -1.82791000 -0.64296900 0.36064400 1.56296000
16 -1.40592200 -0.00002700 0.00000000 -0.01220200 -0.02684500 1.30196100
17 -1.17535800 0.00012800 -0.00002100 0.02756300 0.06210400 0.32121000
18 -4.52675200 -0.69057500 -1.12074400 -0.46821800 0.17091500 1.47116200
19 -1.74403800 0.00003300 -0.00000400 -0.13022500 0.10023700 1.62651500
20 -1.36877400 0.00002500 0.00000400 0.00993500 0.05150500 0.08698400
21 -2.03839500 -0.89278900 0.93250500 1.78891300 0.18637700 0.83287400
22 -1.62788600 0.15474600 0.01182500 -0.11534900 0.17036400 0.47218900
23 -1.59927600 0.00000800 0.00001500 0.02557200 -0.03449500 0.91329800
24 5.51182400 0.00000800 -0.00000400 2.10279000 -0.06602500 3.11587600
25 0.19684600 -0.00000100 0.00000400 2.79340696 -0.00047267 -3.14147660
26 -2.55123000 -11.57811500 -3.02197200 1.97586200 1.15991000 1.84280300
27 6.21448500 0.00001000 0.00002000 -1.31409517 0.65193099 -1.71757834
28 11.94488500 -0.00003200 -0.00019900 -0.70873429 -0.32989584 -1.27161345
29 10.62016900 -0.00000200 0.00000800 -2.01910383 -0.50935551 0.23772690
30 4.75116500 0.69437600 -0.83047400 0.02505900 -0.18560800 0.14615800
31 1.68806100 -0.00002400 0.00000200 -0.00776500 -0.02349400 1.75632300
32 1.33615100 -0.00005000 -0.00001000 0.00924200 -0.03762600 0.12943000
33 4.82051700 0.50934200 0.22486600 -0.20655200 -0.13961500 0.62947100
34 1.82700300 0.00006200 0.00001000 0.02735300 0.02979100 2.01690100
35 1.43658100 -0.00000600 0.00001000 0.01515000 0.00045200 -0.75718600
36 3.99235500 0.89109000 1.82799500 -0.42620000 0.27844800 1.39074000
37 1.40592200 0.00003100 -0.00000400 -0.01231800 -0.02677000 1.30554600
38 1.17536200 -0.00013200 0.00000400 -0.09551900 0.07798600 -0.93359900
39 4.52676200 0.69046800 1.12084200 -0.36932500 0.01644200 1.00623400
40 1.74404100 -0.00002700 0.00000100 -0.02939300 -0.00337500 1.86812600
41 1.36876300 -0.00003100 -0.00002000 -0.12957300 0.09181900 -1.14340300
42 1.80926900 0.89528800 -1.12010700 1.88461400 0.36803000 0.40774200
43 1.49514200 -0.24140500 0.04487400 0.00360000 -0.23414300 0.03443400
44 1.57424000 -0.10445200 0.03324300 0.03981700 0.07342300 -0.24671300
45 5.51180800 -0.00000600 0.00000400 -0.95227000 0.00000000 0.00000000
46 0.19684600 0.00000600 0.00000000 -0.34822500 0.00001500 -0.00000200
47 0.00000000 1.00000000 0.00000000 0.00000000 0.00000000 -1.57079600
48 -2.88370400 33.22035600 -3.42586400 0.00000000 0.00000000 -3.14156200
49 -7.91553402 48.92653539 -7.05060426 0.19990020 0.04002392 -0.41517975
50 11.07231800 1.05239700 -5.47148900 0.93682200 1.06673800 2.43562500
51 5.51488700 0.00125700 -1.24599700 0.00000000 0.00000000 0.00000000
52 -5.17175500 -0.20860600 1.50504400 0.11058500 0.00000000 0.00000000
53 0.00000400 0.45916200 0.00000000 -0.19771300 0.00000000 0.00000000
54 0.00000200 0.90097000 0.00000000 -0.43178600 0.00000000 0.00000000
55 0.00000400 0.90137900 0.00000100 -0.77968100 0.00000000 0.00000000
56 0.00000400 0.92234000 0.00000000 -0.26286200 0.00000000 0.00000000
57 0.00000000 0.90352400 -0.00000200 -0.00009000 0.00000000 0.00000000
58 0.00000200 0.91195300 0.00000000 -0.00896200 0.00000000 0.00000000
59 0.00000000 0.91130700 0.00000000 -0.00389300 0.00000000 0.00000000
60 0.00000400 0.90763800 0.00000200 0.00781400 0.00000000 0.00000000
61 0.00000000 0.90783600 0.00000000 0.01513400 0.00000000 0.00000000
62 -7.93947800 -0.00024100 1.60274100 0.00000000 0.00000000 0.00000000
63 -17.25021400 -0.73788500 -1.61960300 -0.54875900 0.30608400 -0.18218700
64 -17.25020600 0.71140500 -1.55281900 0.51629900 0.36128900 0.19804100
65 -1.11169100 1.28617900 -1.15214400 0.00000000 0.00000000 0.00000000
66 -8.44460900 -2.21927600 -2.25476600 3.09200100 1.15353800 -2.39145700
time 17
0 -0.00000100 8.45008800 -27.50902600 0.00000000 0.00000000 0.00003100
1 -0.00000200 0.00000000 0.00000000 1.57074700 -1.56714200 -1.57074700
2 4.25546500 -0.33518400 -0.00000200 0.00000000 0.00000000 -0.12484800
3 7.43125000 1.49647900 0.00000200 0.00000000 0.00000000 0.24545000
4 5.27847900 0.16554300 0.00000100 0.00000000 0.00000000 0.04851100
5 -1.64873900 -13.09409500 6.31045600 1.97586600 1.15990900 -1.29878500
6 -6.21447800 -0.00001000 -0.00002700 2.73435034 -0.70126014 1.72756224
7 11.94488900 0.00000000 0.00000000 -0.43801807 -0.34453610 1.79481990
8 10.62019000 0.00000000 0.00000000 0.48576083 0.27079440 3.09796318
9 -4.75111000 -0.69449400 0.83057900 -0.20909800 -0.26626700 0.23759500
10 -1.68807600 0.00004300 -0.00003100 0.01890100 -0.01595800 0.56873800
11 -1.33614300 0.00005300 -0.00001000 0.02638000 -0.00059700 0.57491600
12 -4.82049600 -0.50945900 -0.22476100 -0.40355600 -0.04801500 1.29352100
13 -1.82699200 -0.00007200 0.00000800 0.00083000 0.10005500 1.71807400
14 -1.43657300 0.00000800 0.00000400 -0.01240500 -0.09794400 -0.01495000
15 -3.99235900 -0.89118600 -1.82791000 -0.64296900 0.36064400 1.56296000
16 -1.40592200 -0.00002700 0.00000000 -0.01220200 -0.02684500 1.30196100
17 -1.17535800 0.00012800 -0.00002100 0.02756300 0.06210400 0.32121000
18 -4.52675200 -0.69057500 -1.12074400 -0.46821800 0.17091500 1.47116200
19 -1.74403800 0.00003300 -0.00000400 -0.13022500 0.10023700 1.62651500
20 -1.36877400 0.00002500 0.00000400 0.00993500 0.05150500 0.08698400
21 -2.03839500 -0.89278900 0.93250500 1.78891300 0.18637700 0.83287400
22 -1.62788600 0.15474600 0.01182500 -0.11534900 0.17036400 0.47218900
23 -1.59927600 0.00000800 0.00001500 0.02557200 -0.03449500 0.91329800
24 5.51182400 0.00000800 -0.00000400 2.10279000 -0.06602500 3.11587600
25 0.19684600 -0.00000100 0.00000400 2.79340696 -0.00047267 -3.14147660
26 -2.55123000 -11.57811500 -3.02197200 1.97586200 1.15991000 1.84280300
27 6.21448500 0.00001000 0.00002000 -1.31541828 0.65246886 -1.71546483
28 11.94488500 -0.00003200 -0.00019900 -0.70830476 -0.32867874 -1.27282725
29 10.62016900 -0.00000200 0.00000800 -2.01818531 -0.51159487 0.24196341
30 4.75116500 0.69437600 -0.83047400 0.02505900 -0.18560800 0.14615800
31 1.68806100 -0.00002400 0.00000200 -0.00776500 -0.02349400 1.75632300
32 1.33615100 -0.00005000 -0.00001000 0.00924200 -0.03762600 0.12943000
33 4.82051700 0.50934200 0.22486600 -0.20655200 -0.13961500 0.62947100
34 1.82700300 0.00006200 0.00001000 0.02735300 0.02979100 2.01690100
35 1.43658100 -0.00000600 0.00001000 0.01515000 0.00045200 -0.75718600
36 3.99235500 0.89109000 1.82799500 -0.42620000 0.27844800 1.39074000
37 1.40592200 0.00003100 -0.00000400 -0.01231800 -0.02677000 1.30554600
38 1.17536200 -0.00013200 0.00000400 -0.09551900 0.07798600 -0.93359900
39 4.52676200 0.69046800 1.12084200 -0.36932500 0.01644200 1.00623400
40 1.74404100 -0.00002700 0.00000100 -0.02939300 -0.00337500 1.86812600
41 1.36876300 -0.00003100 -0.00002000 -0.12957300 0.09181900 -1.14340300
42 1.80926900 0.89528800 -1.12010700 1.88461400 0.36803000 0.40774200
43 1.49514200 -0.24140500 0.04487400 0.00360000 -0.23414300 0.03443400
44 1.57424000 -0.10445200 0.03324300 0.03981700 0.07342300 -0.24671300
45 5.51180800 -0.00000600 0.00000400 -0.95227000 0.00000000 0.00000000
46 0.19684600 0.00000600 0.00000000 -0.34822500 0.00001500 -0.00000200
47 0.00000000 1.00000000 0.00000000 0.00000000 0.00000000 -1.57079600
48 -2.88370400 33.22035600 -3.42586400 0.00000000 0.00000000 -3.14156200
49 -7.94746176 48.92653539 -7.04845889 0.19552450 0.03820396 -0.41462447
50 11.07231800 1.05239700 -5.47148900 0.93682200 1.06673800 2.43562500
51 5.51488700 0.00125700 -1.24599700 0.00000000 0.00000000 0.00000000
52 -5.17175500 -0.20860600 1.50504400 0.11058500 0.00000000 0.00000000
53 0.00000400 0.45916200 0.00000000 -0.19771300 0.00000000 0.00000000
54 0.00000200 0.90097000 0.00000000 -0.43178600 0.00000000 0.00000000
55 0.00000400 0.90137900 0.00000100 -0.77968100 0.00000000 0.00000000
56 0.00000400 0.92234000 0.00000000 -0.26286200 0.00000000 0.00000000
57 0.00000000 0.90352400 -0.00000200 -0.00009000 0.00000000 0.00000000
58 0.00000200 0.91195300 0.00000000 -0.00896200 0.00000000 0.00000000
59 0.00000000 0.91130700 0.00000000 -0.00389300 0.00000000 0.00000000
60 0.00000400 0.90763800 0.00000200 0.00781400 0.00000000 0.00000000
61 0.00000000 0.90783600 0.00000000 0.01513400 0.00000000 0.00000000
62 -7.93947800 -0.00024100 1.60274100 0.00000000 0.00000000 0.00000000
63 -17.25021400 -0.73788500 -1.61960300 -0.54875900 0.30608400 -0.18218700
64 -17.25020600 0.71140500 -1.55281900 0.51629900 0.36128900 0.19804100
65 -1.11169100 1.28617900 -1.15214400 0.00000000 0.00000000 0.00000000
66 -8.44460900 -2.21927600 -2.25476600 3.09200100 1.15353800 -2.39145700
time 18
0 -0.00000100 8.45008800 -27.50902600 0.00000000 0.00000000 0.00003100
1 -0.00000200 0.00000000 0.00000000 1.57074700 -1.56714200 -1.57074700
2 4.25546500 -0.33518400 -0.00000200 0.00000000 0.00000000 -0.12484800
3 7.43125000 1.49647900 0.00000200 0.00000000 0.00000000 0.24545000
4 5.27847900 0.16554300 0.00000100 0.00000000 0.00000000 0.04851100
5 -1.64873900 -13.09409500 6.31045600 1.97586600 1.15990900 -1.29878500
6 -6.21447800 -0.00001000 -0.00002700 2.73421145 -0.70174839 1.72476166
7 11.94488900 0.00000000 0.00000000 -0.43831827 -0.34529312 1.79576630
8 10.62019000 0.00000000 0.00000000 0.48143611 0.26908163 3.09283721
9 -4.75111000 -0.69449400 0.83057900 -0.20909800 -0.26626700 0.23759500
10 -1.68807600 0.00004300 -0.00003100 0.01890100 -0.01595800 0.56873800
11 -1.33614300 0.00005300 -0.00001000 0.02638000 -0.00059700 0.57491600
12 -4.82049600 -0.50945900 -0.22476100 -0.40355600 -0.04801500 1.29352100
13 -1.82699200 -0.00007200 0.00000800 0.00083000 0.10005500 1.71807400
14 -1.43657300 0.00000800 0.00000400 -0.01240500 -0.09794400 -0.01495000
15 -3.99235900 -0.89118600 -1.82791000 -0.64296900 0.36064400 1.56296000
16 -1.40592200 -0.00002700 0.00000000 -0.01220200 -0.02684500 1.30196100
17 -1.17535800 0.00012800 -0.00002100 0.02756300 0.06210400 0.32121000
18 -4.52675200 -0.69057500 -1.12074400 -0.46821800 0.17091500 1.47116200
19 -1.74403800 0.00003300 -0.00000400 -0.13022500 0.10023700 1.62651500
20 -1.36877400 0.00002500 0.00000400 0.00993500 0.05150500 0.08698400
21 -2.03839500 -0.89278900 0.93250500 1.78891300 0.18637700 0.83287400
22 -1.62788600 0.15474600 0.01182500 -0.11534900 0.17036400 0.47218900
23 -1.59927600 0.00000800 0.00001500 0.02557200 -0.03449500 0.91329800
24 5.51182400 0.00000800 -0.00000400 2.10279000 -0.06602500 3.11587600
25 0.19684600 -0.00000100 0.00000400 2.79340696 -0.00047267 -3.14147660
26 -2.55123000 -11.57811500 -3.02197200 1.97586200 1.15991000 1.84280300
27 6.21448500 0.00001000 0.00002000 -1.31678060 0.65312814 -1.71343545
28 11.94488500 -0.00003200 -0.00019900 -0.70779883 -0.32745709 -1.27449383
29 10.62016900 -0.00000200 0.00000800 -2.01704616 -0.51410987 0.24651625
30 4.75116500 0.69437600 -0.83047400 0.02505900 -0.18560800 0.14615800
31 1.68806100 -0.00002400 0.00000200 -0.00776500 -0.02349400 1.75632300
32 1.33615100 -0.00005000 -0.00001000 0.00924200 -0.03762600 0.12943000
33 4.82051700 0.50934200 0.22486600 -0.20655200 -0.13961500 0.62947100
34 1.82700300 0.00006200 0.00001000 0.02735300 0.02979100 2.01690100
35 1.43658100 -0.00000600 0.00001000 0.01515000 0.00045200 -0.75718600
36 3.99235500 0.89109000 1.82799500 -0.42620000 0.27844800 1.39074000
37 1.40592200 0.00003100 -0.00000400 -0.01231800 -0.02677000 1.30554600
38 1.17536200 -0.00013200 0.00000400 -0.09551900 0.07798600 -0.93359900
39 4.52676200 0.69046800 1.12084200 -0.36932500 0.01644200 1.00623400
40 1.74404100 -0.00002700 0.00000100 -0.02939300 -0.00337500 1.86812600
41 1.36876300 -0.00003100 -0.00002000 -0.12957300 0.09181900 -1.14340300
42 1.80926900 0.89528800 -1.12010700 1.88461400 0.36803000 0.40774200
43 1.49514200 -0.24140500 0.04487400 0.00360000 -0.23414300 0.03443400
44 1.57424000 -0.10445200 0.03324300 0.03981700 0.07342300 -0.24671300
45 5.51180800 -0.00000600 0.00000400 -0.95227000 0.00000000 0.00000000
46 0.19684600 0.00000600 0.00000000 -0.34822500 0.00001500 -0.00000200
47 0.00000000 1.00000000 0.00000000 0.00000000 0.00000000 -1.57079600
48 -2.88370400 33.22035600 -3.42586400 0.00000000 0.00000000 -3.14156200
49 -7.97862428 48.92653539 -7.04692711 0.19069916 0.03629773 -0.41394582
50 11.07231800 1.05239700 -5.47148900 0.93682200 1.06673800 2.43562500
51 5.51488700 0.00125700 -1.24599700 0.00000000 0.00000000 0.00000000
52 -5.17175500 -0.20860600 1.50504400 0.11058500 0.00000000 0.00000000
53 0.00000400 0.45916200 0.00000000 -0.19771300 0.00000000 0.00000000
54 0.00000200 0.90097000 0.00000000 -0.43178600 0.00000000 0.00000000
55 0.00000400 0.90137900 0.00000100 -0.77968100 0.00000000 0.00000000
56 0.00000400 0.92234000 0.00000000 -0.26286200 0.00000000 0.00000000
57 0.00000000 0.90352400 -0.00000200 -0.00009000 0.00000000 0.00000000
58 0.00000200 0.91195300 0.00000000 -0.00896200 0.00000000 0.00000000
59 0.00000000 0.91130700 0.00000000 -0.00389300 0.00000000 0.00000000
60 0.00000400 0.90763800 0.00000200 0.00781400 0.00000000 0.00000000
61 0.00000000 0.90783600 0.00000000 0.01513400 0.00000000 0.00000000
62 -7.93947800 -0.00024100 1.60274100 0.00000000 0.00000000 0.00000000
63 -17.25021400 -0.73788500 -1.61960300 -0.54875900 0.30608400 -0.18218700
64 -17.25020600 0.71140500 -1.55281900 0.51629900 0.36128900 0.19804100
65 -1.11169100 1.28617900 -1.15214400 0.00000000 0.00000000 0.00000000
66 -8.44460900 -2.21927600 -2.25476600 3.09200100 1.15353800 -2.39145700
time 19
0 -0.00000100 8.45008800 -27.50902600 0.00000000 0.00000000 0.00003100
1 -0.00000200 0.00000000 0.00000000 1.57074700 -1.56714200 -1.57074700
2 4.25546500 -0.33518400 -0.00000200 0.00000000 0.00000000 -0.12484800
3 7.43125000 1.49647900 0.00000200 0.00000000 0.00000000 0.24545000
4 5.27847900 0.16554300 0.00000100 0.00000000 0.00000000 0.04851100
5 -1.64873900 -13.09409500 6.31045600 1.97586600 1.15990900 -1.29878500
6 -6.21447800 -0.00001000 -0.00002700 2.73416571 -0.70221889 1.72207439
7 11.94488900 0.00000000 0.00000000 -0.43859821 -0.34607140 1.79659648
8 10.62019000 0.00000000 0.00000000 0.47723374 0.26751379 3.08785469
9 -4.75111000 -0.69449400 0.83057900 -0.20909800 -0.26626700 0.23759500
10 -1.68807600 0.00004300 -0.00003100 0.01890100 -0.01595800 0.56873800
11 -1.33614300 0.00005300 -0.00001000 0.02638000 -0.00059700 0.57491600
12 -4.82049600 -0.50945900 -0.22476100 -0.40355600 -0.04801500 1.29352100
13 -1.82699200 -0.00007200 0.00000800 0.00083000 0.10005500 1.71807400
14 -1.43657300 0.00000800 0.00000400 -0.01240500 -0.09794400 -0.01495000
15 -3.99235900 -0.89118600 -1.82791000 -0.64296900 0.36064400 1.56296000
16 -1.40592200 -0.00002700 0.00000000 -0.01220200 -0.02684500 1.30196100
17 -1.17535800 0.00012800 -0.00002100 0.02756300 0.06210400 0.32121000
18 -4.52675200 -0.69057500 -1.12074400 -0.46821800 0.17091500 1.47116200
19 -1.74403800 0.00003300 -0.00000400 -0.13022500 0.10023700 1.62651500
20 -1.36877400 0.00002500 0.00000400 0.00993500 0.05150500 0.08698400
21 -2.03839500 -0.89278900 0.93250500 1.78891300 0.18637700 0.83287400
22 -1.62788600 0.15474600 0.01182500 -0.11534900 0.17036400 0.47218900
23 -1.59927600 0.00000800 0.00001500 0.02557200 -0.03449500 0.91329800
24 5.51182400 0.00000800 -0.00000400 2.10279000 -0.06602500 3.11587600
25 0.19684600 -0.00000100 0.00000400 2.79340696 -0.00047267 -3.14147660
26 -2.55123000 -11.57811500 -3.02197200 1.97586200 1.15991000 1.84280300
27 6.21448500 0.00001000 0.00002000 -1.31806772 0.65363589 -1.71135047
28 11.94488500 -0.00003200 -0.00019900 -0.70726278 -0.32625792 -1.27601192
29 10.62016900 -0.00000200 0.00000800 -2.01587988 -0.51659908 0.25086211
30 4.75116500 0.69437600 -0.83047400 0.02505900 -0.18560800 0.14615800
31 1.68806100 -0.00002400 0.00000200 -0.00776500 -0.02349400 1.75632300
32 1.33615100 -0.00005000 -0.00001000 0.00924200 -0.03762600 0.12943000
33 4.82051700 0.50934200 0.22486600 -0.20655200 -0.13961500 0.62947100
34 1.82700300 0.00006200 0.00001000 0.02735300 0.02979100 2.01690100
35 1.43658100 -0.00000600 0.00001000 0.01515000 0.00045200 -0.75718600
36 3.99235500 0.89109000 1.82799500 -0.42620000 0.27844800 1.39074000
37 1.40592200 0.00003100 -0.00000400 -0.01231800 -0.02677000 1.30554600
38 1.17536200 -0.00013200 0.00000400 -0.09551900 0.07798600 -0.93359900
39 4.52676200 0.69046800 1.12084200 -0.36932500 0.01644200 1.00623400
40 1.74404100 -0.00002700 0.00000100 -0.02939300 -0.00337500 1.86812600
41 1.36876300 -0.00003100 -0.00002000 -0.12957300 0.09181900 -1.14340300
42 1.80926900 0.89528800 -1.12010700 1.88461400 0.36803000 0.40774200
43 1.49514200 -0.24140500 0.04487400 0.00360000 -0.23414300 0.03443400
44 1.57424000 -0.10445200 0.03324300 0.03981700 0.07342300 -0.24671300
45 5.51180800 -0.00000600 0.00000400 -0.95227000 0.00000000 0.00000000
46 0.19684600 0.00000600 0.00000000 -0.34822500 0.00001500 -0.00000200
47 0.00000000 1.00000000 0.00000000 0.00000000 0.00000000 -1.57079600
48 -2.88370400 33.22035600 -3.42586400 0.00000000 0.00000000 -3.14156200
49 -8.00978680 48.92653539 -7.04498534 0.18602372 0.03451567 -0.41325526
50 11.07231800 1.05239700 -5.47148900 0.93682200 1.06673800 2.43562500
51 5.51488700 0.00125700 -1.24599700 0.00000000 0.00000000 0.00000000
52 -5.17175500 -0.20860600 1.50504400 0.11058500 0.00000000 0.00000000
53 0.00000400 0.45916200 0.00000000 -0.19771300 0.00000000 0.00000000
54 0.00000200 0.90097000 0.00000000 -0.43178600 0.00000000 0.00000000
55 0.00000400 0.90137900 0.00000100 -0.77968100 0.00000000 0.00000000
56 0.00000400 0.92234000 0.00000000 -0.26286200 0.00000000 0.00000000
57 0.00000000 0.90352400 -0.00000200 -0.00009000 0.00000000 0.00000000
58 0.00000200 0.91195300 0.00000000 -0.00896200 0.00000000 0.00000000
59 0.00000000 0.91130700 0.00000000 -0.00389300 0.00000000 0.00000000
60 0.00000400 0.90763800 0.00000200 0.00781400 0.00000000 0.00000000
61 0.00000000 0.90783600 0.00000000 0.01513400 0.00000000 0.00000000
62 -7.93947800 -0.00024100 1.60274100 0.00000000 0.00000000 0.00000000
63 -17.25021400 -0.73788500 -1.61960300 -0.54875900 0.30608400 -0.18218700
64 -17.25020600 0.71140500 -1.55281900 0.51629900 0.36128900 0.19804100
65 -1.11169100 1.28617900 -1.15214400 0.00000000 0.00000000 0.00000000
66 -8.44460900 -2.21927600 -2.25476600 3.09200100 1.15353800 -2.39145700
time 20
0 -0.00000100 8.45008800 -27.50902600 0.00000000 0.00000000 0.00003100
1 -0.00000200 0.00000000 0.00000000 1.57074700 -1.56714200 -1.57074700
2 4.25546500 -0.33518400 -0.00000200 0.00000000 0.00000000 -0.12484800
3 7.43125000 1.49647900 0.00000200 0.00000000 0.00000000 0.24545000
4 5.27847900 0.16554300 0.00000100 0.00000000 0.00000000 0.04851100
5 -1.64873900 -13.09409500 6.31045600 1.97586600 1.15990900 -1.29878500
6 -6.21447800 -0.00001000 -0.00002700 2.73429948 -0.70261830 1.72011696
7 11.94488900 0.00000000 0.00000000 -0.43890673 -0.34678864 1.79745166
8 10.62019000 0.00000000 0.00000000 0.47408862 0.26508074 3.08400909
9 -4.75111000 -0.69449400 0.83057900 -0.20909800 -0.26626700 0.23759500
10 -1.68807600 0.00004300 -0.00003100 0.01890100 -0.01595800 0.56873800
11 -1.33614300 0.00005300 -0.00001000 0.02638000 -0.00059700 0.57491600
12 -4.82049600 -0.50945900 -0.22476100 -0.40355600 -0.04801500 1.29352100
13 -1.82699200 -0.00007200 0.00000800 0.00083000 0.10005500 1.71807400
14 -1.43657300 0.00000800 0.00000400 -0.01240500 -0.09794400 -0.01495000
15 -3.99235900 -0.89118600 -1.82791000 -0.64296900 0.36064400 1.56296000
16 -1.40592200 -0.00002700 0.00000000 -0.01220200 -0.02684500 1.30196100
17 -1.17535800 0.00012800 -0.00002100 0.02756300 0.06210400 0.32121000
18 -4.52675200 -0.69057500 -1.12074400 -0.46821800 0.17091500 1.47116200
19 -1.74403800 0.00003300 -0.00000400 -0.13022500 0.10023700 1.62651500
20 -1.36877400 0.00002500 0.00000400 0.00993500 0.05150500 0.08698400
21 -2.03839500 -0.89278900 0.93250500 1.78891300 0.18637700 0.83287400
22 -1.62788600 0.15474600 0.01182500 -0.11534900 0.17036400 0.47218900
23 -1.59927600 0.00000800 0.00001500 0.02557200 -0.03449500 0.91329800
24 5.51182400 0.00000800 -0.00000400 2.10279000 -0.06602500 3.11587600
25 0.19684600 -0.00000100 0.00000400 2.79340696 -0.00047267 -3.14147660
26 -2.55123000 -11.57811500 -3.02197200 1.97586200 1.15991000 1.84280300
27 6.21448500 0.00001000 0.00002000 -1.31911485 0.65486281 -1.70996306
28 11.94488500 -0.00003200 -0.00019900 -0.70679934 -0.32578773 -1.27724814
29 10.62016900 -0.00000200 0.00000800 -2.01551086 -0.51848160 0.25421000
30 4.75116500 0.69437600 -0.83047400 0.02505900 -0.18560800 0.14615800
31 1.68806100 -0.00002400 0.00000200 -0.00776500 -0.02349400 1.75632300
32 1.33615100 -0.00005000 -0.00001000 0.00924200 -0.03762600 0.12943000
33 4.82051700 0.50934200 0.22486600 -0.20655200 -0.13961500 0.62947100
34 1.82700300 0.00006200 0.00001000 0.02735300 0.02979100 2.01690100
35 1.43658100 -0.00000600 0.00001000 0.01515000 0.00045200 -0.75718600
36 3.99235500 0.89109000 1.82799500 -0.42620000 0.27844800 1.39074000
37 1.40592200 0.00003100 -0.00000400 -0.01231800 -0.02677000 1.30554600
38 1.17536200 -0.00013200 0.00000400 -0.09551900 0.07798600 -0.93359900
39 4.52676200 0.69046800 1.12084200 -0.36932500 0.01644200 1.00623400
40 1.74404100 -0.00002700 0.00000100 -0.02939300 -0.00337500 1.86812600
41 1.36876300 -0.00003100 -0.00002000 -0.12957300 0.09181900 -1.14340300
42 1.80926900 0.89528800 -1.12010700 1.88461400 0.36803000 0.40774200
43 1.49514200 -0.24140500 0.04487400 0.00360000 -0.23414300 0.03443400
44 1.57424000 -0.10445200 0.03324300 0.03981700 0.07342300 -0.24671300
45 5.51180800 -0.00000600 0.00000400 -0.95227000 0.00000000 0.00000000
46 0.19684600 0.00000600 0.00000000 -0.34822500 0.00001500 -0.00000200
47 0.00000000 1.00000000 0.00000000 0.00000000 0.00000000 -1.57079600
48 -2.88370400 33.22035600 -3.42586400 0.00000000 0.00000000 -3.14156200
49 -8.03544615 48.92653539 -7.04934635 0.18245800 0.03236201 -0.41263557
50 11.07231800 1.05239700 -5.47148900 0.93682200 1.06673800 2.43562500
51 5.51488700 0.00125700 -1.24599700 0.00000000 0.00000000 0.00000000
52 -5.17175500 -0.20860600 1.50504400 0.11058500 0.00000000 0.00000000
53 0.00000400 0.45916200 0.00000000 -0.19771300 0.00000000 0.00000000
54 0.00000200 0.90097000 0.00000000 -0.43178600 0.00000000 0.00000000
55 0.00000400 0.90137900 0.00000100 -0.77968100 0.00000000 0.00000000
56 0.00000400 0.92234000 0.00000000 -0.26286200 0.00000000 0.00000000
57 0.00000000 0.90352400 -0.00000200 -0.00009000 0.00000000 0.00000000
58 0.00000200 0.91195300 0.00000000 -0.00896200 0.00000000 0.00000000
59 0.00000000 0.91130700 0.00000000 -0.00389300 0.00000000 0.00000000
60 0.00000400 0.90763800 0.00000200 0.00781400 0.00000000 0.00000000
61 0.00000000 0.90783600 0.00000000 0.01513400 0.00000000 0.00000000
62 -7.93947800 -0.00024100 1.60274100 0.00000000 0.00000000 0.00000000
63 -17.25021400 -0.73788500 -1.61960300 -0.54875900 0.30608400 -0.18218700
64 -17.25020600 0.71140500 -1.55281900 0.51629900 0.36128900 0.19804100
65 -1.11169100 1.28617900 -1.15214400 0.00000000 0.00000000 0.00000000
66 -8.44460900 -2.21927600 -2.25476600 3.09200100 1.15353800 -2.39145700
time 21
0 -0.00000100 8.45008800 -27.50902600 0.00000000 0.00000000 0.00003100
1 -0.00000200 0.00000000 0.00000000 1.57074700 -1.56714200 -1.57074700
2 4.25546500 -0.33518400 -0.00000200 0.00000000 0.00000000 -0.12484800
3 7.43125000 1.49647900 0.00000200 0.00000000 0.00000000 0.24545000
4 5.27847900 0.16554300 0.00000100 0.00000000 0.00000000 0.04851100
5 -1.64873900 -13.09409500 6.31045600 1.97586600 1.15990900 -1.29878500
6 -6.21447800 -0.00001000 -0.00002700 2.73444933 -0.70300944 1.71824407
7 11.94488900 0.00000000 0.00000000 -0.43919981 -0.34752209 1.79820196
8 10.62019000 0.00000000 0.00000000 0.47106252 0.26261316 3.08037807
9 -4.75111000 -0.69449400 0.83057900 -0.20909800 -0.26626700 0.23759500
10 -1.68807600 0.00004300 -0.00003100 0.01890100 -0.01595800 0.56873800
11 -1.33614300 0.00005300 -0.00001000 0.02638000 -0.00059700 0.57491600
12 -4.82049600 -0.50945900 -0.22476100 -0.40355600 -0.04801500 1.29352100
13 -1.82699200 -0.00007200 0.00000800 0.00083000 0.10005500 1.71807400
14 -1.43657300 0.00000800 0.00000400 -0.01240500 -0.09794400 -0.01495000
15 -3.99235900 -0.89118600 -1.82791000 -0.64296900 0.36064400 1.56296000
16 -1.40592200 -0.00002700 0.00000000 -0.01220200 -0.02684500 1.30196100
17 -1.17535800 0.00012800 -0.00002100 0.02756300 0.06210400 0.32121000
18 -4.52675200 -0.69057500 -1.12074400 -0.46821800 0.17091500 1.47116200
19 -1.74403800 0.00003300 -0.00000400 -0.13022500 0.10023700 1.62651500
20 -1.36877400 0.00002500 0.00000400 0.00993500 0.05150500 0.08698400
21 -2.03839500 -0.89278900 0.93250500 1.78891300 0.18637700 0.83287400
22 -1.62788600 0.15474600 0.01182500 -0.11534900 0.17036400 0.47218900
23 -1.59927600 0.00000800 0.00001500 0.02557200 -0.03449500 0.91329800
24 5.51182400 0.00000800 -0.00000400 2.10279000 -0.06602500 3.11587600
25 0.19684600 -0.00000100 0.00000400 2.79340696 -0.00047267 -3.14147660
26 -2.55123000 -11.57811500 -3.02197200 1.97586200 1.15991000 1.84280300
27 6.21448500 0.00001000 0.00002000 -1.31991671 0.65600442 -1.70844049
28 11.94488500 -0.00003200 -0.00019900 -0.70642513 -0.32544950 -1.27844870
29 10.62016900 -0.00000200 0.00000800 -2.01521565 -0.52026052 0.25737425
30 4.75116500 0.69437600 -0.83047400 0.02505900 -0.18560800 0.14615800
31 1.68806100 -0.00002400 0.00000200 -0.00776500 -0.02349400 1.75632300
32 1.33615100 -0.00005000 -0.00001000 0.00924200 -0.03762600 0.12943000
33 4.82051700 0.50934200 0.22486600 -0.20655200 -0.13961500 0.62947100
34 1.82700300 0.00006200 0.00001000 0.02735300 0.02979100 2.01690100
35 1.43658100 -0.00000600 0.00001000 0.01515000 0.00045200 -0.75718600
36 3.99235500 0.89109000 1.82799500 -0.42620000 0.27844800 1.39074000
37 1.40592200 0.00003100 -0.00000400 -0.01231800 -0.02677000 1.30554600
38 1.17536200 -0.00013200 0.00000400 -0.09551900 0.07798600 -0.93359900
39 4.52676200 0.69046800 1.12084200 -0.36932500 0.01644200 1.00623400
40 1.74404100 -0.00002700 0.00000100 -0.02939300 -0.00337500 1.86812600
41 1.36876300 -0.00003100 -0.00002000 -0.12957300 0.09181900 -1.14340300
42 1.80926900 0.89528800 -1.12010700 1.88461400 0.36803000 0.40774200
43 1.49514200 -0.24140500 0.04487400 0.00360000 -0.23414300 0.03443400
44 1.57424000 -0.10445200 0.03324300 0.03981700 0.07342300 -0.24671300
45 5.51180800 -0.00000600 0.00000400 -0.95227000 0.00000000 0.00000000
46 0.19684600 0.00000600 0.00000000 -0.34822500 0.00001500 -0.00000200
47 0.00000000 1.00000000 0.00000000 0.00000000 0.00000000 -1.57079600
48 -2.88370400 33.22035600 -3.42586400 0.00000000 0.00000000 -3.14156200
49 -8.06055517 48.92653539 -7.05386395 0.17917442 0.03019024 -0.41192011
50 11.07231800 1.05239700 -5.47148900 0.93682200 1.06673800 2.43562500
51 5.51488700 0.00125700 -1.24599700 0.00000000 0.00000000 0.00000000
52 -5.17175500 -0.20860600 1.50504400 0.11058500 0.00000000 0.00000000
53 0.00000400 0.45916200 0.00000000 -0.19771300 0.00000000 0.00000000
54 0.00000200 0.90097000 0.00000000 -0.43178600 0.00000000 0.00000000
55 0.00000400 0.90137900 0.00000100 -0.77968100 0.00000000 0.00000000
56 0.00000400 0.92234000 0.00000000 -0.26286200 0.00000000 0.00000000
57 0.00000000 0.90352400 -0.00000200 -0.00009000 0.00000000 0.00000000
58 0.00000200 0.91195300 0.00000000 -0.00896200 0.00000000 0.00000000
59 0.00000000 0.91130700 0.00000000 -0.00389300 0.00000000 0.00000000
60 0.00000400 0.90763800 0.00000200 0.00781400 0.00000000 0.00000000
61 0.00000000 0.90783600 0.00000000 0.01513400 0.00000000 0.00000000
62 -7.93947800 -0.00024100 1.60274100 0.00000000 0.00000000 0.00000000
63 -17.25021400 -0.73788500 -1.61960300 -0.54875900 0.30608400 -0.18218700
64 -17.25020600 0.71140500 -1.55281900 0.51629900 0.36128900 0.19804100
65 -1.11169100 1.28617900 -1.15214400 0.00000000 0.00000000 0.00000000
66 -8.44460900 -2.21927600 -2.25476600 3.09200100 1.15353800 -2.39145700
time 22
0 -0.00000100 8.45008800 -27.50902600 0.00000000 0.00000000 0.00003100
1 -0.00000200 0.00000000 0.00000000 1.57074700 -1.56714200 -1.57074700
2 4.25546500 -0.33518400 -0.00000200 0.00000000 0.00000000 -0.12484800
3 7.43125000 1.49647900 0.00000200 0.00000000 0.00000000 0.24545000
4 5.27847900 0.16554300 0.00000100 0.00000000 0.00000000 0.04851100
5 -1.64873900 -13.09409500 6.31045600 1.97586600 1.15990900 -1.29878500
6 -6.21447800 -0.00001000 -0.00002700 2.73482399 -0.70331996 1.71643632
7 11.94488900 0.00000000 0.00000000 -0.43942903 -0.34816798 1.79897701
8 10.62019000 0.00000000 0.00000000 0.46863245 0.26012176 3.07732361
9 -4.75111000 -0.69449400 0.83057900 -0.20909800 -0.26626700 0.23759500
10 -1.68807600 0.00004300 -0.00003100 0.01890100 -0.01595800 0.56873800
11 -1.33614300 0.00005300 -0.00001000 0.02638000 -0.00059700 0.57491600
12 -4.82049600 -0.50945900 -0.22476100 -0.40355600 -0.04801500 1.29352100
13 -1.82699200 -0.00007200 0.00000800 0.00083000 0.10005500 1.71807400
14 -1.43657300 0.00000800 0.00000400 -0.01240500 -0.09794400 -0.01495000
15 -3.99235900 -0.89118600 -1.82791000 -0.64296900 0.36064400 1.56296000
16 -1.40592200 -0.00002700 0.00000000 -0.01220200 -0.02684500 1.30196100
17 -1.17535800 0.00012800 -0.00002100 0.02756300 0.06210400 0.32121000
18 -4.52675200 -0.69057500 -1.12074400 -0.46821800 0.17091500 1.47116200
19 -1.74403800 0.00003300 -0.00000400 -0.13022500 0.10023700 1.62651500
20 -1.36877400 0.00002500 0.00000400 0.00993500 0.05150500 0.08698400
21 -2.03839500 -0.89278900 0.93250500 1.78891300 0.18637700 0.83287400
22 -1.62788600 0.15474600 0.01182500 -0.11534900 0.17036400 0.47218900
23 -1.59927600 0.00000800 0.00001500 0.02557200 -0.03449500 0.91329800
24 5.51182400 0.00000800 -0.00000400 2.10279000 -0.06602500 3.11587600
25 0.19684600 -0.00000100 0.00000400 2.79340696 -0.00047267 -3.14147660
26 -2.55123000 -11.57811500 -3.02197200 1.97586200 1.15991000 1.84280300
27 6.21448500 0.00001000 0.00002000 -1.32080169 0.65719430 -1.70719933
28 11.94488500 -0.00003200 -0.00019900 -0.70596559 -0.32527135 -1.27950431
29 10.62016900 -0.00000200 0.00000800 -2.01519429 -0.52170740 0.26015424
30 4.75116500 0.69437600 -0.83047400 0.02505900 -0.18560800 0.14615800
31 1.68806100 -0.00002400 0.00000200 -0.00776500 -0.02349400 1.75632300
32 1.33615100 -0.00005000 -0.00001000 0.00924200 -0.03762600 0.12943000
33 4.82051700 0.50934200 0.22486600 -0.20655200 -0.13961500 0.62947100
34 1.82700300 0.00006200 0.00001000 0.02735300 0.02979100 2.01690100
35 1.43658100 -0.00000600 0.00001000 0.01515000 0.00045200 -0.75718600
36 3.99235500 0.89109000 1.82799500 -0.42620000 0.27844800 1.39074000
37 1.40592200 0.00003100 -0.00000400 -0.01231800 -0.02677000 1.30554600
38 1.17536200 -0.00013200 0.00000400 -0.09551900 0.07798600 -0.93359900
39 4.52676200 0.69046800 1.12084200 -0.36932500 0.01644200 1.00623400
40 1.74404100 -0.00002700 0.00000100 -0.02939300 -0.00337500 1.86812600
41 1.36876300 -0.00003100 -0.00002000 -0.12957300 0.09181900 -1.14340300
42 1.80926900 0.89528800 -1.12010700 1.88461400 0.36803000 0.40774200
43 1.49514200 -0.24140500 0.04487400 0.00360000 -0.23414300 0.03443400
44 1.57424000 -0.10445200 0.03324300 0.03981700 0.07342300 -0.24671300
45 5.51180800 -0.00000600 0.00000400 -0.95227000 0.00000000 0.00000000
46 0.19684600 0.00000600 0.00000000 -0.34822500 0.00001500 -0.00000200
47 0.00000000 1.00000000 0.00000000 0.00000000 0.00000000 -1.57079600
48 -2.88370400 33.22035600 -3.42586400 0.00000000 0.00000000 -3.14156200
49 -8.08402747 48.92653539 -7.05889949 0.17645017 0.02814592 -0.41122391
50 11.07231800 1.05239700 -5.47148900 0.93682200 1.06673800 2.43562500
51 5.51488700 0.00125700 -1.24599700 0.00000000 0.00000000 0.00000000
52 -5.17175500 -0.20860600 1.50504400 0.11058500 0.00000000 0.00000000
53 0.00000400 0.45916200 0.00000000 -0.19771300 0.00000000 0.00000000
54 0.00000200 0.90097000 0.00000000 -0.43178600 0.00000000 0.00000000
55 0.00000400 0.90137900 0.00000100 -0.77968100 0.00000000 0.00000000
56 0.00000400 0.92234000 0.00000000 -0.26286200 0.00000000 0.00000000
57 0.00000000 0.90352400 -0.00000200 -0.00009000 0.00000000 0.00000000
58 0.00000200 0.91195300 0.00000000 -0.00896200 0.00000000 0.00000000
59 0.00000000 0.91130700 0.00000000 -0.00389300 0.00000000 0.00000000
60 0.00000400 0.90763800 0.00000200 0.00781400 0.00000000 0.00000000
61 0.00000000 0.90783600 0.00000000 0.01513400 0.00000000 0.00000000
62 -7.93947800 -0.00024100 1.60274100 0.00000000 0.00000000 0.00000000
63 -17.25021400 -0.73788500 -1.61960300 -0.54875900 0.30608400 -0.18218700
64 -17.25020600 0.71140500 -1.55281900 0.51629900 0.36128900 0.19804100
65 -1.11169100 1.28617900 -1.15214400 0.00000000 0.00000000 0.00000000
66 -8.44460900 -2.21927600 -2.25476600 3.09200100 1.15353800 -2.39145700
time 23
0 -0.00000100 8.45008800 -27.50902600 0.00000000 0.00000000 0.00003100
1 -0.00000200 0.00000000 0.00000000 1.57074700 -1.56714200 -1.57074700
2 4.25546500 -0.33518400 -0.00000200 0.00000000 0.00000000 -0.12484800
3 7.43125000 1.49647900 0.00000200 0.00000000 0.00000000 0.24545000
4 5.27847900 0.16554300 0.00000100 0.00000000 0.00000000 0.04851100
5 -1.64873900 -13.09409500 6.31045600 1.97586600 1.15990900 -1.29878500
6 -6.21447800 -0.00001000 -0.00002700 2.73553314 -0.70352602 1.71563525
7 11.94488900 0.00000000 0.00000000 -0.43967760 -0.34869073 1.79969825
8 10.62019000 0.00000000 0.00000000 0.46786683 0.25663670 3.07565722
9 -4.75111000 -0.69449400 0.83057900 -0.20909800 -0.26626700 0.23759500
10 -1.68807600 0.00004300 -0.00003100 0.01890100 -0.01595800 0.56873800
11 -1.33614300 0.00005300 -0.00001000 0.02638000 -0.00059700 0.57491600
12 -4.82049600 -0.50945900 -0.22476100 -0.40355600 -0.04801500 1.29352100
13 -1.82699200 -0.00007200 0.00000800 0.00083000 0.10005500 1.71807400
14 -1.43657300 0.00000800 0.00000400 -0.01240500 -0.09794400 -0.01495000
15 -3.99235900 -0.89118600 -1.82791000 -0.64296900 0.36064400 1.56296000
16 -1.40592200 -0.00002700 0.00000000 -0.01220200 -0.02684500 1.30196100
17 -1.17535800 0.00012800 -0.00002100 0.02756300 0.06210400 0.32121000
18 -4.52675200 -0.69057500 -1.12074400 -0.46821800 0.17091500 1.47116200
19 -1.74403800 0.00003300 -0.00000400 -0.13022500 0.10023700 1.62651500
20 -1.36877400 0.00002500 0.00000400 0.00993500 0.05150500 0.08698400
21 -2.03839500 -0.89278900 0.93250500 1.78891300 0.18637700 0.83287400
22 -1.62788600 0.15474600 0.01182500 -0.11534900 0.17036400 0.47218900
23 -1.59927600 0.00000800 0.00001500 0.02557200 -0.03449500 0.91329800
24 5.51182400 0.00000800 -0.00000400 2.10279000 -0.06602500 3.11587600
25 0.19684600 -0.00000100 0.00000400 2.79340696 -0.00047267 -3.14147660
26 -2.55123000 -11.57811500 -3.02197200 1.97586200 1.15991000 1.84280300
27 6.21448500 0.00001000 0.00002000 -1.32118852 0.65867588 -1.70671095
28 11.94488500 -0.00003200 -0.00019900 -0.70583785 -0.32579870 -1.27998223
29 10.62016900 -0.00000200 0.00000800 -2.01637175 -0.52215643 0.26125825
30 4.75116500 0.69437600 -0.83047400 0.02505900 -0.18560800 0.14615800
31 1.68806100 -0.00002400 0.00000200 -0.00776500 -0.02349400 1.75632300
32 1.33615100 -0.00005000 -0.00001000 0.00924200 -0.03762600 0.12943000
33 4.82051700 0.50934200 0.22486600 -0.20655200 -0.13961500 0.62947100
34 1.82700300 0.00006200 0.00001000 0.02735300 0.02979100 2.01690100
35 1.43658100 -0.00000600 0.00001000 0.01515000 0.00045200 -0.75718600
36 3.99235500 0.89109000 1.82799500 -0.42620000 0.27844800 1.39074000
37 1.40592200 0.00003100 -0.00000400 -0.01231800 -0.02677000 1.30554600
38 1.17536200 -0.00013200 0.00000400 -0.09551900 0.07798600 -0.93359900
39 4.52676200 0.69046800 1.12084200 -0.36932500 0.01644200 1.00623400
40 1.74404100 -0.00002700 0.00000100 -0.02939300 -0.00337500 1.86812600
41 1.36876300 -0.00003100 -0.00002000 -0.12957300 0.09181900 -1.14340300
42 1.80926900 0.89528800 -1.12010700 1.88461400 0.36803000 0.40774200
43 1.49514200 -0.24140500 0.04487400 0.00360000 -0.23414300 0.03443400
44 1.57424000 -0.10445200 0.03324300 0.03981700 0.07342300 -0.24671300
45 5.51180800 -0.00000600 0.00000400 -0.95227000 0.00000000 0.00000000
46 0.19684600 0.00000600 0.00000000 -0.34822500 0.00001500 -0.00000200
47 0.00000000 1.00000000 0.00000000 0.00000000 0.00000000 -1.57079600
48 -2.88370400 33.22035600 -3.42586400 0.00000000 0.00000000 -3.14156200
49 -8.10013445 48.92653539 -7.06824522 0.17571808 0.02584966 -0.41079173
50 11.07231800 1.05239700 -5.47148900 0.93682200 1.06673800 2.43562500
51 5.51488700 0.00125700 -1.24599700 0.00000000 0.00000000 0.00000000
52 -5.17175500 -0.20860600 1.50504400 0.11058500 0.00000000 0.00000000
53 0.00000400 0.45916200 0.00000000 -0.19771300 0.00000000 0.00000000
54 0.00000200 0.90097000 0.00000000 -0.43178600 0.00000000 0.00000000
55 0.00000400 0.90137900 0.00000100 -0.77968100 0.00000000 0.00000000
56 0.00000400 0.92234000 0.00000000 -0.26286200 0.00000000 0.00000000
57 0.00000000 0.90352400 -0.00000200 -0.00009000 0.00000000 0.00000000
58 0.00000200 0.91195300 0.00000000 -0.00896200 0.00000000 0.00000000
59 0.00000000 0.91130700 0.00000000 -0.00389300 0.00000000 0.00000000
60 0.00000400 0.90763800 0.00000200 0.00781400 0.00000000 0.00000000
61 0.00000000 0.90783600 0.00000000 0.01513400 0.00000000 0.00000000
62 -7.93947800 -0.00024100 1.60274100 0.00000000 0.00000000 0.00000000
63 -17.25021400 -0.73788500 -1.61960300 -0.54875900 0.30608400 -0.18218700
64 -17.25020600 0.71140500 -1.55281900 0.51629900 0.36128900 0.19804100
65 -1.11169100 1.28617900 -1.15214400 0.00000000 0.00000000 0.00000000
66 -8.44460900 -2.21927600 -2.25476600 3.09200100 1.15353800 -2.39145700
time 24
0 -0.00000100 8.45008800 -27.50902600 0.00000000 0.00000000 0.00003100
1 -0.00000200 0.00000000 0.00000000 1.57074700 -1.56714200 -1.57074700
2 4.25546500 -0.33518400 -0.00000200 0.00000000 0.00000000 -0.12484800
3 7.43125000 1.49647900 0.00000200 0.00000000 0.00000000 0.24545000
4 5.27847900 0.16554300 0.00000100 0.00000000 0.00000000 0.04851100
5 -1.64873900 -13.09409500 6.31045600 1.97586600 1.15990900 -1.29878500
6 -6.21447800 -0.00001000 -0.00002700 2.73632301 -0.70366466 1.71482241
7 11.94488900 0.00000000 0.00000000 -0.43983041 -0.34917874 1.80028986
8 10.62019000 0.00000000 0.00000000 0.46731434 0.25337074 3.07425556
9 -4.75111000 -0.69449400 0.83057900 -0.20909800 -0.26626700 0.23759500
10 -1.68807600 0.00004300 -0.00003100 0.01890100 -0.01595800 0.56873800
11 -1.33614300 0.00005300 -0.00001000 0.02638000 -0.00059700 0.57491600
12 -4.82049600 -0.50945900 -0.22476100 -0.40355600 -0.04801500 1.29352100
13 -1.82699200 -0.00007200 0.00000800 0.00083000 0.10005500 1.71807400
14 -1.43657300 0.00000800 0.00000400 -0.01240500 -0.09794400 -0.01495000
15 -3.99235900 -0.89118600 -1.82791000 -0.64296900 0.36064400 1.56296000
16 -1.40592200 -0.00002700 0.00000000 -0.01220200 -0.02684500 1.30196100
17 -1.17535800 0.00012800 -0.00002100 0.02756300 0.06210400 0.32121000
18 -4.52675200 -0.69057500 -1.12074400 -0.46821800 0.17091500 1.47116200
19 -1.74403800 0.00003300 -0.00000400 -0.13022500 0.10023700 1.62651500
20 -1.36877400 0.00002500 0.00000400 0.00993500 0.05150500 0.08698400
21 -2.03839500 -0.89278900 0.93250500 1.78891300 0.18637700 0.83287400
22 -1.62788600 0.15474600 0.01182500 -0.11534900 0.17036400 0.47218900
23 -1.59927600 0.00000800 0.00001500 0.02557200 -0.03449500 0.91329800
24 5.51182400 0.00000800 -0.00000400 2.10279000 -0.06602500 3.11587600
25 0.19684600 -0.00000100 0.00000400 2.79340696 -0.00047267 -3.14147660
26 -2.55123000 -11.57811500 -3.02197200 1.97586200 1.15991000 1.84280300
27 6.21448500 0.00001000 0.00002000 -1.32143716 0.66015523 -1.70608835
28 11.94488500 -0.00003200 -0.00019900 -0.70573971 -0.32625329 -1.28025307
29 10.62016900 -0.00000200 0.00000800 -2.01751330 -0.52251040 0.26220028
30 4.75116500 0.69437600 -0.83047400 0.02505900 -0.18560800 0.14615800
31 1.68806100 -0.00002400 0.00000200 -0.00776500 -0.02349400 1.75632300
32 1.33615100 -0.00005000 -0.00001000 0.00924200 -0.03762600 0.12943000
33 4.82051700 0.50934200 0.22486600 -0.20655200 -0.13961500 0.62947100
34 1.82700300 0.00006200 0.00001000 0.02735300 0.02979100 2.01690100
35 1.43658100 -0.00000600 0.00001000 0.01515000 0.00045200 -0.75718600
36 3.99235500 0.89109000 1.82799500 -0.42620000 0.27844800 1.39074000
37 1.40592200 0.00003100 -0.00000400 -0.01231800 -0.02677000 1.30554600
38 1.17536200 -0.00013200 0.00000400 -0.09551900 0.07798600 -0.93359900
39 4.52676200 0.69046800 1.12084200 -0.36932500 0.01644200 1.00623400
40 1.74404100 -0.00002700 0.00000100 -0.02939300 -0.00337500 1.86812600
41 1.36876300 -0.00003100 -0.00002000 -0.12957300 0.09181900 -1.14340300
42 1.80926900 0.89528800 -1.12010700 1.88461400 0.36803000 0.40774200
43 1.49514200 -0.24140500 0.04487400 0.00360000 -0.23414300 0.03443400
44 1.57424000 -0.10445200 0.03324300 0.03981700 0.07342300 -0.24671300
45 5.51180800 -0.00000600 0.00000400 -0.95227000 0.00000000 0.00000000
46 0.19684600 0.00000600 0.00000000 -0.34822500 0.00001500 -0.00000200
47 0.00000000 1.00000000 0.00000000 0.00000000 0.00000000 -1.57079600
48 -2.88370400 33.22035600 -3.42586400 0.00000000 0.00000000 -3.14156200
49 -8.11624143 48.92653539 -7.07685995 0.17513634 0.02367325 -0.41034519
50 11.07231800 1.05239700 -5.47148900 0.93682200 1.06673800 2.43562500
51 5.51488700 0.00125700 -1.24599700 0.00000000 0.00000000 0.00000000
52 -5.17175500 -0.20860600 1.50504400 0.11058500 0.00000000 0.00000000
53 0.00000400 0.45916200 0.00000000 -0.19771300 0.00000000 0.00000000
54 0.00000200 0.90097000 0.00000000 -0.43178600 0.00000000 0.00000000
55 0.00000400 0.90137900 0.00000100 -0.77968100 0.00000000 0.00000000
56 0.00000400 0.92234000 0.00000000 -0.26286200 0.00000000 0.00000000
57 0.00000000 0.90352400 -0.00000200 -0.00009000 0.00000000 0.00000000
58 0.00000200 0.91195300 0.00000000 -0.00896200 0.00000000 0.00000000
59 0.00000000 0.91130700 0.00000000 -0.00389300 0.00000000 0.00000000
60 0.00000400 0.90763800 0.00000200 0.00781400 0.00000000 0.00000000
61 0.00000000 0.90783600 0.00000000 0.01513400 0.00000000 0.00000000
62 -7.93947800 -0.00024100 1.60274100 0.00000000 0.00000000 0.00000000
63 -17.25021400 -0.73788500 -1.61960300 -0.54875900 0.30608400 -0.18218700
64 -17.25020600 0.71140500 -1.55281900 0.51629900 0.36128900 0.19804100
65 -1.11169100 1.28617900 -1.15214400 0.00000000 0.00000000 0.00000000
66 -8.44460900 -2.21927600 -2.25476600 3.09200100 1.15353800 -2.39145700
time 25
0 -0.00000100 8.45008800 -27.50902600 0.00000000 0.00000000 0.00003100
1 -0.00000200 0.00000000 0.00000000 1.57074700 -1.56714200 -1.57074700
2 4.25546500 -0.33518400 -0.00000200 0.00000000 0.00000000 -0.12484800
3 7.43125000 1.49647900 0.00000200 0.00000000 0.00000000 0.24545000
4 5.27847900 0.16554300 0.00000100 0.00000000 0.00000000 0.04851100
5 -1.64873900 -13.09409500 6.31045600 1.97586600 1.15990900 -1.29878500
6 -6.21447800 -0.00001000 -0.00002700 2.73711740 -0.70382473 1.71432524
7 11.94488900 0.00000000 0.00000000 -0.44005120 -0.34967225 1.80075691
8 10.62019000 0.00000000 0.00000000 0.46729045 0.24999615 3.07350293
9 -4.75111000 -0.69449400 0.83057900 -0.20909800 -0.26626700 0.23759500
10 -1.68807600 0.00004300 -0.00003100 0.01890100 -0.01595800 0.56873800
11 -1.33614300 0.00005300 -0.00001000 0.02638000 -0.00059700 0.57491600
12 -4.82049600 -0.50945900 -0.22476100 -0.40355600 -0.04801500 1.29352100
13 -1.82699200 -0.00007200 0.00000800 0.00083000 0.10005500 1.71807400
14 -1.43657300 0.00000800 0.00000400 -0.01240500 -0.09794400 -0.01495000
15 -3.99235900 -0.89118600 -1.82791000 -0.64296900 0.36064400 1.56296000
16 -1.40592200 -0.00002700 0.00000000 -0.01220200 -0.02684500 1.30196100
17 -1.17535800 0.00012800 -0.00002100 0.02756300 0.06210400 0.32121000
18 -4.52675200 -0.69057500 -1.12074400 -0.46821800 0.17091500 1.47116200
19 -1.74403800 0.00003300 -0.00000400 -0.13022500 0.10023700 1.62651500
20 -1.36877400 0.00002500 0.00000400 0.00993500 0.05150500 0.08698400
21 -2.03839500 -0.89278900 0.93250500 1.78891300 0.18637700 0.83287400
22 -1.62788600 0.15474600 0.01182500 -0.11534900 0.17036400 0.47218900
23 -1.59927600 0.00000800 0.00001500 0.02557200 -0.03449500 0.91329800
24 5.51182400 0.00000800 -0.00000400 2.10279000 -0.06602500 3.11587600
25 0.19684600 -0.00000100 0.00000400 2.79340696 -0.00047267 -3.14147660
26 -2.55123000 -11.57811500 -3.02197200 1.97586200 1.15991000 1.84280300
27 6.21448500 0.00001000 0.00002000 -1.32161276 0.66164322 -1.70579252
28 11.94488500 -0.00003200 -0.00019900 -0.70567009 -0.32697529 -1.28051727
29 10.62016900 -0.00000200 0.00000800 -2.01885160 -0.52249898 0.26250541
30 4.75116500 0.69437600 -0.83047400 0.02505900 -0.18560800 0.14615800
31 1.68806100 -0.00002400 0.00000200 -0.00776500 -0.02349400 1.75632300
32 1.33615100 -0.00005000 -0.00001000 0.00924200 -0.03762600 0.12943000
33 4.82051700 0.50934200 0.22486600 -0.20655200 -0.13961500 0.62947100
34 1.82700300 0.00006200 0.00001000 0.02735300 0.02979100 2.01690100
35 1.43658100 -0.00000600 0.00001000 0.01515000 0.00045200 -0.75718600
36 3.99235500 0.89109000 1.82799500 -0.42620000 0.27844800 1.39074000
37 1.40592200 0.00003100 -0.00000400 -0.01231800 -0.02677000 1.30554600
38 1.17536200 -0.00013200 0.00000400 -0.09551900 0.07798600 -0.93359900
39 4.52676200 0.69046800 1.12084200 -0.36932500 0.01644200 1.00623400
40 1.74404100 -0.00002700 0.00000100 -0.02939300 -0.00337500 1.86812600
41 1.36876300 -0.00003100 -0.00002000 -0.12957300 0.09181900 -1.14340300
42 1.80926900 0.89528800 -1.12010700 1.88461400 0.36803000 0.40774200
43 1.49514200 -0.24140500 0.04487400 0.00360000 -0.23414300 0.03443400
44 1.57424000 -0.10445200 0.03324300 0.03981700 0.07342300 -0.24671300
45 5.51180800 -0.00000600 0.00000400 -0.95227000 0.00000000 0.00000000
46 0.19684600 0.00000600 0.00000000 -0.34822500 0.00001500 -0.00000200
47 0.00000000 1.00000000 0.00000000 0.00000000 0.00000000 -1.57079600
48 -2.88370400 33.22035600 -3.42586400 0.00000000 0.00000000 -3.14156200
49 -8.12873529 48.92653539 -7.08671030 0.17519557 0.02160739 -0.40993993
50 11.07231800 1.05239700 -5.47148900 0.93682200 1.06673800 2.43562500
51 5.51488700 0.00125700 -1.24599700 0.00000000 0.00000000 0.00000000
52 -5.17175500 -0.20860600 1.50504400 0.11058500 0.00000000 0.00000000
53 0.00000400 0.45916200 0.00000000 -0.19771300 0.00000000 0.00000000
54 0.00000200 0.90097000 0.00000000 -0.43178600 0.00000000 0.00000000
55 0.00000400 0.90137900 0.00000100 -0.77968100 0.00000000 0.00000000
56 0.00000400 0.92234000 0.00000000 -0.26286200 0.00000000 0.00000000
57 0.00000000 0.90352400 -0.00000200 -0.00009000 0.00000000 0.00000000
58 0.00000200 0.91195300 0.00000000 -0.00896200 0.00000000 0.00000000
59 0.00000000 0.91130700 0.00000000 -0.00389300 0.00000000 0.00000000
60 0.00000400 0.90763800 0.00000200 0.00781400 0.00000000 0.00000000
61 0.00000000 0.90783600 0.00000000 0.01513400 0.00000000 0.00000000
62 -7.93947800 -0.00024100 1.60274100 0.00000000 0.00000000 0.00000000
63 -17.25021400 -0.73788500 -1.61960300 -0.54875900 0.30608400 -0.18218700
64 -17.25020600 0.71140500 -1.55281900 0.51629900 0.36128900 0.19804100
65 -1.11169100 1.28617900 -1.15214400 0.00000000 0.00000000 0.00000000
66 -8.44460900 -2.21927600 -2.25476600 3.09200100 1.15353800 -2.39145700
time 26
0 -0.00000100 8.45008800 -27.50902600 0.00000000 0.00000000 0.00003100
1 -0.00000200 0.00000000 0.00000000 1.57074700 -1.56714200 -1.57074700
2 4.25546500 -0.33518400 -0.00000200 0.00000000 0.00000000 -0.12484800
3 7.43125000 1.49647900 0.00000200 0.00000000 0.00000000 0.24545000
4 5.27847900 0.16554300 0.00000100 0.00000000 0.00000000 0.04851100
5 -1.64873900 -13.09409500 6.31045600 1.97586600 1.15990900 -1.29878500
6 -6.21447800 -0.00001000 -0.00002700 2.73807870 -0.70386496 1.71421646
7 11.94488900 0.00000000 0.00000000 -0.44014910 -0.34995235 1.80122501
8 10.62019000 0.00000000 0.00000000 0.46796704 0.24655992 3.07350694
9 -4.75111000 -0.69449400 0.83057900 -0.20909800 -0.26626700 0.23759500
10 -1.68807600 0.00004300 -0.00003100 0.01890100 -0.01595800 0.56873800
11 -1.33614300 0.00005300 -0.00001000 0.02638000 -0.00059700 0.57491600
12 -4.82049600 -0.50945900 -0.22476100 -0.40355600 -0.04801500 1.29352100
13 -1.82699200 -0.00007200 0.00000800 0.00083000 0.10005500 1.71807400
14 -1.43657300 0.00000800 0.00000400 -0.01240500 -0.09794400 -0.01495000
15 -3.99235900 -0.89118600 -1.82791000 -0.64296900 0.36064400 1.56296000
16 -1.40592200 -0.00002700 0.00000000 -0.01220200 -0.02684500 1.30196100
17 -1.17535800 0.00012800 -0.00002100 0.02756300 0.06210400 0.32121000
18 -4.52675200 -0.69057500 -1.12074400 -0.46821800 0.17091500 1.47116200
19 -1.74403800 0.00003300 -0.00000400 -0.13022500 0.10023700 1.62651500
20 -1.36877400 0.00002500 0.00000400 0.00993500 0.05150500 0.08698400
21 -2.03839500 -0.89278900 0.93250500 1.78891300 0.18637700 0.83287400
22 -1.62788600 0.15474600 0.01182500 -0.11534900 0.17036400 0.47218900
23 -1.59927600 0.00000800 0.00001500 0.02557200 -0.03449500 0.91329800
24 5.51182400 0.00000800 -0.00000400 2.10279000 -0.06602500 3.11587600
25 0.19684600 -0.00000100 0.00000400 2.79340696 -0.00047267 -3.14147660
26 -2.55123000 -11.57811500 -3.02197200 1.97586200 1.15991000 1.84280300
27 6.21448500 0.00001000 0.00002000 -1.32143031 0.66331696 -1.70575788
28 11.94488500 -0.00003200 -0.00019900 -0.70571218 -0.32802488 -1.28041310
29 10.62016900 -0.00000200 0.00000800 -2.02056731 -0.52211701 0.26218941
30 4.75116500 0.69437600 -0.83047400 0.02505900 -0.18560800 0.14615800
31 1.68806100 -0.00002400 0.00000200 -0.00776500 -0.02349400 1.75632300
32 1.33615100 -0.00005000 -0.00001000 0.00924200 -0.03762600 0.12943000
33 4.82051700 0.50934200 0.22486600 -0.20655200 -0.13961500 0.62947100
34 1.82700300 0.00006200 0.00001000 0.02735300 0.02979100 2.01690100
35 1.43658100 -0.00000600 0.00001000 0.01515000 0.00045200 -0.75718600
36 3.99235500 0.89109000 1.82799500 -0.42620000 0.27844800 1.39074000
37 1.40592200 0.00003100 -0.00000400 -0.01231800 -0.02677000 1.30554600
38 1.17536200 -0.00013200 0.00000400 -0.09551900 0.07798600 -0.93359900
39 4.52676200 0.69046800 1.12084200 -0.36932500 0.01644200 1.00623400
40 1.74404100 -0.00002700 0.00000100 -0.02939300 -0.00337500 1.86812600
41 1.36876300 -0.00003100 -0.00002000 -0.12957300 0.09181900 -1.14340300
42 1.80926900 0.89528800 -1.12010700 1.88461400 0.36803000 0.40774200
43 1.49514200 -0.24140500 0.04487400 0.00360000 -0.23414300 0.03443400
44 1.57424000 -0.10445200 0.03324300 0.03981700 0.07342300 -0.24671300
45 5.51180800 -0.00000600 0.00000400 -0.95227000 0.00000000 0.00000000
46 0.19684600 0.00000600 0.00000000 -0.34822500 0.00001500 -0.00000200
47 0.00000000 1.00000000 0.00000000 0.00000000 0.00000000 -1.57079600
48 -2.88370400 33.22035600 -3.42586400 0.00000000 0.00000000 -3.14156200
49 -8.13689343 48.92653539 -7.09810959 0.17601232 0.01954755 -0.40959823
50 11.07231800 1.05239700 -5.47148900 0.93682200 1.06673800 2.43562500
51 5.51488700 0.00125700 -1.24599700 0.00000000 0.00000000 0.00000000
52 -5.17175500 -0.20860600 1.50504400 0.11058500 0.00000000 0.00000000
53 0.00000400 0.45916200 0.00000000 -0.19771300 0.00000000 0.00000000
54 0.00000200 0.90097000 0.00000000 -0.43178600 0.00000000 0.00000000
55 0.00000400 0.90137900 0.00000100 -0.77968100 0.00000000 0.00000000
56 0.00000400 0.92234000 0.00000000 -0.26286200 0.00000000 0.00000000
57 0.00000000 0.90352400 -0.00000200 -0.00009000 0.00000000 0.00000000
58 0.00000200 0.91195300 0.00000000 -0.00896200 0.00000000 0.00000000
59 0.00000000 0.91130700 0.00000000 -0.00389300 0.00000000 0.00000000
60 0.00000400 0.90763800 0.00000200 0.00781400 0.00000000 0.00000000
61 0.00000000 0.90783600 0.00000000 0.01513400 0.00000000 0.00000000
62 -7.93947800 -0.00024100 1.60274100 0.00000000 0.00000000 0.00000000
63 -17.25021400 -0.73788500 -1.61960300 -0.54875900 0.30608400 -0.18218700
64 -17.25020600 0.71140500 -1.55281900 0.51629900 0.36128900 0.19804100
65 -1.11169100 1.28617900 -1.15214400 0.00000000 0.00000000 0.00000000
66 -8.44460900 -2.21927600 -2.25476600 3.09200100 1.15353800 -2.39145700
time 27
0 -0.00000100 8.45008800 -27.50902600 0.00000000 0.00000000 0.00003100
1 -0.00000200 0.00000000 0.00000000 1.57074700 -1.56714200 -1.57074700
2 4.25546500 -0.33518400 -0.00000200 0.00000000 0.00000000 -0.12484800
3 7.43125000 1.49647900 0.00000200 0.00000000 0.00000000 0.24545000
4 5.27847900 0.16554300 0.00000100 0.00000000 0.00000000 0.04851100
5 -1.64873900 -13.09409500 6.31045600 1.97586600 1.15990900 -1.29878500
6 -6.21447800 -0.00001000 -0.00002700 2.73911738 -0.70383522 1.71409871
7 11.94488900 0.00000000 0.00000000 -0.44024565 -0.35038118 1.80158115
8 10.62019000 0.00000000 0.00000000 0.46885139 0.24333911 3.07377067
9 -4.75111000 -0.69449400 0.83057900 -0.20909800 -0.26626700 0.23759500
10 -1.68807600 0.00004300 -0.00003100 0.01890100 -0.01595800 0.56873800
11 -1.33614300 0.00005300 -0.00001000 0.02638000 -0.00059700 0.57491600
12 -4.82049600 -0.50945900 -0.22476100 -0.40355600 -0.04801500 1.29352100
13 -1.82699200 -0.00007200 0.00000800 0.00083000 0.10005500 1.71807400
14 -1.43657300 0.00000800 0.00000400 -0.01240500 -0.09794400 -0.01495000
15 -3.99235900 -0.89118600 -1.82791000 -0.64296900 0.36064400 1.56296000
16 -1.40592200 -0.00002700 0.00000000 -0.01220200 -0.02684500 1.30196100
17 -1.17535800 0.00012800 -0.00002100 0.02756300 0.06210400 0.32121000
18 -4.52675200 -0.69057500 -1.12074400 -0.46821800 0.17091500 1.47116200
19 -1.74403800 0.00003300 -0.00000400 -0.13022500 0.10023700 1.62651500
20 -1.36877400 0.00002500 0.00000400 0.00993500 0.05150500 0.08698400
21 -2.03839500 -0.89278900 0.93250500 1.78891300 0.18637700 0.83287400
22 -1.62788600 0.15474600 0.01182500 -0.11534900 0.17036400 0.47218900
23 -1.59927600 0.00000800 0.00001500 0.02557200 -0.03449500 0.91329800
24 5.51182400 0.00000800 -0.00000400 2.10279000 -0.06602500 3.11587600
25 0.19684600 -0.00000100 0.00000400 2.79340696 -0.00047267 -3.14147660
26 -2.55123000 -11.57811500 -3.02197200 1.97586200 1.15991000 1.84280300
27 6.21448500 0.00001000 0.00002000 -1.32125451 0.66471775 -1.70575600
28 11.94488500 -0.00003200 -0.00019900 -0.70572977 -0.32894808 -1.28032680
29 10.62016900 -0.00000200 0.00000800 -2.02236991 -0.52162638 0.26173264
30 4.75116500 0.69437600 -0.83047400 0.02505900 -0.18560800 0.14615800
31 1.68806100 -0.00002400 0.00000200 -0.00776500 -0.02349400 1.75632300
32 1.33615100 -0.00005000 -0.00001000 0.00924200 -0.03762600 0.12943000
33 4.82051700 0.50934200 0.22486600 -0.20655200 -0.13961500 0.62947100
34 1.82700300 0.00006200 0.00001000 0.02735300 0.02979100 2.01690100
35 1.43658100 -0.00000600 0.00001000 0.01515000 0.00045200 -0.75718600
36 3.99235500 0.89109000 1.82799500 -0.42620000 0.27844800 1.39074000
37 1.40592200 0.00003100 -0.00000400 -0.01231800 -0.02677000 1.30554600
38 1.17536200 -0.00013200 0.00000400 -0.09551900 0.07798600 -0.93359900
39 4.52676200 0.69046800 1.12084200 -0.36932500 0.01644200 1.00623400
40 1.74404100 -0.00002700 0.00000100 -0.02939300 -0.00337500 1.86812600
41 1.36876300 -0.00003100 -0.00002000 -0.12957300 0.09181900 -1.14340300
42 1.80926900 0.89528800 -1.12010700 1.88461400 0.36803000 0.40774200
43 1.49514200 -0.24140500 0.04487400 0.00360000 -0.23414300 0.03443400
44 1.57424000 -0.10445200 0.03324300 0.03981700 0.07342300 -0.24671300
45 5.51180800 -0.00000600 0.00000400 -0.95227000 0.00000000 0.00000000
46 0.19684600 0.00000600 0.00000000 -0.34822500 0.00001500 -0.00000200
47 0.00000000 1.00000000 0.00000000 0.00000000 0.00000000 -1.57079600
48 -2.88370400 33.22035600 -3.42586400 0.00000000 0.00000000 -3.14156200
49 -8.14505156 48.92653539 -7.10845889 0.17704962 0.01770915 -0.40923546
50 11.07231800 1.05239700 -5.47148900 0.93682200 1.06673800 2.43562500
51 5.51488700 0.00125700 -1.24599700 0.00000000 0.00000000 0.00000000
52 -5.17175500 -0.20860600 1.50504400 0.11058500 0.00000000 0.00000000
53 0.00000400 0.45916200 0.00000000 -0.19771300 0.00000000 0.00000000
54 0.00000200 0.90097000 0.00000000 -0.43178600 0.00000000 0.00000000
55 0.00000400 0.90137900 0.00000100 -0.77968100 0.00000000 0.00000000
56 0.00000400 0.92234000 0.00000000 -0.26286200 0.00000000 0.00000000
57 0.00000000 0.90352400 -0.00000200 -0.00009000 0.00000000 0.00000000
58 0.00000200 0.91195300 0.00000000 -0.00896200 0.00000000 0.00000000
59 0.00000000 0.91130700 0.00000000 -0.00389300 0.00000000 0.00000000
60 0.00000400 0.90763800 0.00000200 0.00781400 0.00000000 0.00000000
61 0.00000000 0.90783600 0.00000000 0.01513400 0.00000000 0.00000000
62 -7.93947800 -0.00024100 1.60274100 0.00000000 0.00000000 0.00000000
63 -17.25021400 -0.73788500 -1.61960300 -0.54875900 0.30608400 -0.18218700
64 -17.25020600 0.71140500 -1.55281900 0.51629900 0.36128900 0.19804100
65 -1.11169100 1.28617900 -1.15214400 0.00000000 0.00000000 0.00000000
66 -8.44460900 -2.21927600 -2.25476600 3.09200100 1.15353800 -2.39145700
time 28
0 -0.00000100 8.45008800 -27.50902600 0.00000000 0.00000000 0.00003100
1 -0.00000200 0.00000000 0.00000000 1.57074700 -1.56714200 -1.57074700
2 4.25546500 -0.33518400 -0.00000200 0.00000000 0.00000000 -0.12484800
3 7.43125000 1.49647900 0.00000200 0.00000000 0.00000000 0.24545000
4 5.27847900 0.16554300 0.00000100 0.00000000 0.00000000 0.04851100
5 -1.64873900 -13.09409500 6.31045600 1.97586600 1.15990900 -1.29878500
6 -6.21447800 -0.00001000 -0.00002700 2.73959742 -0.70372394 1.71468138
7 11.94488900 0.00000000 0.00000000 -0.44020818 -0.35056967 1.80162491
8 10.62019000 0.00000000 0.00000000 0.46998263 0.24051045 3.07469882
9 -4.75111000 -0.69449400 0.83057900 -0.20909800 -0.26626700 0.23759500
10 -1.68807600 0.00004300 -0.00003100 0.01890100 -0.01595800 0.56873800
11 -1.33614300 0.00005300 -0.00001000 0.02638000 -0.00059700 0.57491600
12 -4.82049600 -0.50945900 -0.22476100 -0.40355600 -0.04801500 1.29352100
13 -1.82699200 -0.00007200 0.00000800 0.00083000 0.10005500 1.71807400
14 -1.43657300 0.00000800 0.00000400 -0.01240500 -0.09794400 -0.01495000
15 -3.99235900 -0.89118600 -1.82791000 -0.64296900 0.36064400 1.56296000
16 -1.40592200 -0.00002700 0.00000000 -0.01220200 -0.02684500 1.30196100
17 -1.17535800 0.00012800 -0.00002100 0.02756300 0.06210400 0.32121000
18 -4.52675200 -0.69057500 -1.12074400 -0.46821800 0.17091500 1.47116200
19 -1.74403800 0.00003300 -0.00000400 -0.13022500 0.10023700 1.62651500
20 -1.36877400 0.00002500 0.00000400 0.00993500 0.05150500 0.08698400
21 -2.03839500 -0.89278900 0.93250500 1.78891300 0.18637700 0.83287400
22 -1.62788600 0.15474600 0.01182500 -0.11534900 0.17036400 0.47218900
23 -1.59927600 0.00000800 0.00001500 0.02557200 -0.03449500 0.91329800
24 5.51182400 0.00000800 -0.00000400 2.10279000 -0.06602500 3.11587600
25 0.19684600 -0.00000100 0.00000400 2.79340696 -0.00047267 -3.14147660
26 -2.55123000 -11.57811500 -3.02197200 1.97586200 1.15991000 1.84280300
27 6.21448500 0.00001000 0.00002000 -1.32091290 0.66651815 -1.70619341
28 11.94488500 -0.00003200 -0.00019900 -0.70579823 -0.33046552 -1.28012995
29 10.62016900 -0.00000200 0.00000800 -2.02399081 -0.52084631 0.26057187
30 4.75116500 0.69437600 -0.83047400 0.02505900 -0.18560800 0.14615800
31 1.68806100 -0.00002400 0.00000200 -0.00776500 -0.02349400 1.75632300
32 1.33615100 -0.00005000 -0.00001000 0.00924200 -0.03762600 0.12943000
33 4.82051700 0.50934200 0.22486600 -0.20655200 -0.13961500 0.62947100
34 1.82700300 0.00006200 0.00001000 0.02735300 0.02979100 2.01690100
35 1.43658100 -0.00000600 0.00001000 0.01515000 0.00045200 -0.75718600
36 3.99235500 0.89109000 1.82799500 -0.42620000 0.27844800 1.39074000
37 1.40592200 0.00003100 -0.00000400 -0.01231800 -0.02677000 1.30554600
38 1.17536200 -0.00013200 0.00000400 -0.09551900 0.07798600 -0.93359900
39 4.52676200 0.69046800 1.12084200 -0.36932500 0.01644200 1.00623400
40 1.74404100 -0.00002700 0.00000100 -0.02939300 -0.00337500 1.86812600
41 1.36876300 -0.00003100 -0.00002000 -0.12957300 0.09181900 -1.14340300
42 1.80926900 0.89528800 -1.12010700 1.88461400 0.36803000 0.40774200
43 1.49514200 -0.24140500 0.04487400 0.00360000 -0.23414300 0.03443400
44 1.57424000 -0.10445200 0.03324300 0.03981700 0.07342300 -0.24671300
45 5.51180800 -0.00000600 0.00000400 -0.95227000 0.00000000 0.00000000
46 0.19684600 0.00000600 0.00000000 -0.34822500 0.00001500 -0.00000200
47 0.00000000 1.00000000 0.00000000 0.00000000 0.00000000 -1.57079600
48 -2.88370400 33.22035600 -3.42586400 0.00000000 0.00000000 -3.14156200
49 -8.14892238 48.92653539 -7.12420872 0.17861063 0.01594179 -0.40886534
50 11.07231800 1.05239700 -5.47148900 0.93682200 1.06673800 2.43562500
51 5.51488700 0.00125700 -1.24599700 0.00000000 0.00000000 0.00000000
52 -5.17175500 -0.20860600 1.50504400 0.11058500 0.00000000 0.00000000
53 0.00000400 0.45916200 0.00000000 -0.19771300 0.00000000 0.00000000
54 0.00000200 0.90097000 0.00000000 -0.43178600 0.00000000 0.00000000
55 0.00000400 0.90137900 0.00000100 -0.77968100 0.00000000 0.00000000
56 0.00000400 0.92234000 0.00000000 -0.26286200 0.00000000 0.00000000
57 0.00000000 0.90352400 -0.00000200 -0.00009000 0.00000000 0.00000000
58 0.00000200 0.91195300 0.00000000 -0.00896200 0.00000000 0.00000000
59 0.00000000 0.91130700 0.00000000 -0.00389300 0.00000000 0.00000000
60 0.00000400 0.90763800 0.00000200 0.00781400 0.00000000 0.00000000
61 0.00000000 0.90783600 0.00000000 0.01513400 0.00000000 0.00000000
62 -7.93947800 -0.00024100 1.60274100 0.00000000 0.00000000 0.00000000
63 -17.25021400 -0.73788500 -1.61960300 -0.54875900 0.30608400 -0.18218700
64 -17.25020600 0.71140500 -1.55281900 0.51629900 0.36128900 0.19804100
65 -1.11169100 1.28617900 -1.15214400 0.00000000 0.00000000 0.00000000
66 -8.44460900 -2.21927600 -2.25476600 3.09200100 1.15353800 -2.39145700
time 29
0 -0.00000100 8.45008800 -27.50902600 0.00000000 0.00000000 0.00003100
1 -0.00000200 0.00000000 0.00000000 1.57074700 -1.56714200 -1.57074700
2 4.25546500 -0.33518400 -0.00000200 0.00000000 0.00000000 -0.12484800
3 7.43125000 1.49647900 0.00000200 0.00000000 0.00000000 0.24545000
4 5.27847900 0.16554300 0.00000100 0.00000000 0.00000000 0.04851100
5 -1.64873900 -13.09409500 6.31045600 1.97586600 1.15990900 -1.29878500
6 -6.21447800 -0.00001000 -0.00002700 2.74017036 -0.70363301 1.71519319
7 11.94488900 0.00000000 0.00000000 -0.44013473 -0.35075891 1.80144363
8 10.62019000 0.00000000 0.00000000 0.47147281 0.23800602 3.07615494
9 -4.75111000 -0.69449400 0.83057900 -0.20909800 -0.26626700 0.23759500
10 -1.68807600 0.00004300 -0.00003100 0.01890100 -0.01595800 0.56873800
11 -1.33614300 0.00005300 -0.00001000 0.02638000 -0.00059700 0.57491600
12 -4.82049600 -0.50945900 -0.22476100 -0.40355600 -0.04801500 1.29352100
13 -1.82699200 -0.00007200 0.00000800 0.00083000 0.10005500 1.71807400
14 -1.43657300 0.00000800 0.00000400 -0.01240500 -0.09794400 -0.01495000
15 -3.99235900 -0.89118600 -1.82791000 -0.64296900 0.36064400 1.56296000
16 -1.40592200 -0.00002700 0.00000000 -0.01220200 -0.02684500 1.30196100
17 -1.17535800 0.00012800 -0.00002100 0.02756300 0.06210400 0.32121000
18 -4.52675200 -0.69057500 -1.12074400 -0.46821800 0.17091500 1.47116200
19 -1.74403800 0.00003300 -0.00000400 -0.13022500 0.10023700 1.62651500
20 -1.36877400 0.00002500 0.00000400 0.00993500 0.05150500 0.08698400
21 -2.03839500 -0.89278900 0.93250500 1.78891300 0.18637700 0.83287400
22 -1.62788600 0.15474600 0.01182500 -0.11534900 0.17036400 0.47218900
23 -1.59927600 0.00000800 0.00001500 0.02557200 -0.03449500 0.91329800
24 5.51182400 0.00000800 -0.00000400 2.10279000 -0.06602500 3.11587600
25 0.19684600 -0.00000100 0.00000400 2.79340696 -0.00047267 -3.14147660
26 -2.55123000 -11.57811500 -3.02197200 1.97586200 1.15991000 1.84280300
27 6.21448500 0.00001000 0.00002000 -1.32048642 0.66824085 -1.70679044
28 11.94488500 -0.00003200 -0.00019900 -0.70597357 -0.33218582 -1.27981439
29 10.62016900 -0.00000200 0.00000800 -2.02572759 -0.51962659 0.25902675
30 4.75116500 0.69437600 -0.83047400 0.02505900 -0.18560800 0.14615800
31 1.68806100 -0.00002400 0.00000200 -0.00776500 -0.02349400 1.75632300
32 1.33615100 -0.00005000 -0.00001000 0.00924200 -0.03762600 0.12943000
33 4.82051700 0.50934200 0.22486600 -0.20655200 -0.13961500 0.62947100
34 1.82700300 0.00006200 0.00001000 0.02735300 0.02979100 2.01690100
35 1.43658100 -0.00000600 0.00001000 0.01515000 0.00045200 -0.75718600
36 3.99235500 0.89109000 1.82799500 -0.42620000 0.27844800 1.39074000
37 1.40592200 0.00003100 -0.00000400 -0.01231800 -0.02677000 1.30554600
38 1.17536200 -0.00013200 0.00000400 -0.09551900 0.07798600 -0.93359900
39 4.52676200 0.69046800 1.12084200 -0.36932500 0.01644200 1.00623400
40 1.74404100 -0.00002700 0.00000100 -0.02939300 -0.00337500 1.86812600
41 1.36876300 -0.00003100 -0.00002000 -0.12957300 0.09181900 -1.14340300
42 1.80926900 0.89528800 -1.12010700 1.88461400 0.36803000 0.40774200
43 1.49514200 -0.24140500 0.04487400 0.00360000 -0.23414300 0.03443400
44 1.57424000 -0.10445200 0.03324300 0.03981700 0.07342300 -0.24671300
45 5.51180800 -0.00000600 0.00000400 -0.95227000 0.00000000 0.00000000
46 0.19684600 0.00000600 0.00000000 -0.34822500 0.00001500 -0.00000200
47 0.00000000 1.00000000 0.00000000 0.00000000 0.00000000 -1.57079600
48 -2.88370400 33.22035600 -3.42586400 0.00000000 0.00000000 -3.14156200
49 -8.15118546 48.92653539 -7.14105526 0.18037272 0.01440707 -0.40856169
50 11.07231800 1.05239700 -5.47148900 0.93682200 1.06673800 2.43562500
51 5.51488700 0.00125700 -1.24599700 0.00000000 0.00000000 0.00000000
52 -5.17175500 -0.20860600 1.50504400 0.11058500 0.00000000 0.00000000
53 0.00000400 0.45916200 0.00000000 -0.19771300 0.00000000 0.00000000
54 0.00000200 0.90097000 0.00000000 -0.43178600 0.00000000 0.00000000
55 0.00000400 0.90137900 0.00000100 -0.77968100 0.00000000 0.00000000
56 0.00000400 0.92234000 0.00000000 -0.26286200 0.00000000 0.00000000
57 0.00000000 0.90352400 -0.00000200 -0.00009000 0.00000000 0.00000000
58 0.00000200 0.91195300 0.00000000 -0.00896200 0.00000000 0.00000000
59 0.00000000 0.91130700 0.00000000 -0.00389300 0.00000000 0.00000000
60 0.00000400 0.90763800 0.00000200 0.00781400 0.00000000 0.00000000
61 0.00000000 0.90783600 0.00000000 0.01513400 0.00000000 0.00000000
62 -7.93947800 -0.00024100 1.60274100 0.00000000 0.00000000 0.00000000
63 -17.25021400 -0.73788500 -1.61960300 -0.54875900 0.30608400 -0.18218700
64 -17.25020600 0.71140500 -1.55281900 0.51629900 0.36128900 0.19804100
65 -1.11169100 1.28617900 -1.15214400 0.00000000 0.00000000 0.00000000
66 -8.44460900 -2.21927600 -2.25476600 3.09200100 1.15353800 -2.39145700
time 30
0 -0.00000100 8.45008800 -27.50902600 0.00000000 0.00000000 0.00003100
1 -0.00000200 0.00000000 0.00000000 1.57074700 -1.56714200 -1.57074700
2 4.25546500 -0.33518400 -0.00000200 0.00000000 0.00000000 -0.12484800
3 7.43125000 1.49647900 0.00000200 0.00000000 0.00000000 0.24545000
4 5.27847900 0.16554300 0.00000100 0.00000000 0.00000000 0.04851100
5 -1.64873900 -13.09409500 6.31045600 1.97586600 1.15990900 -1.29878500
6 -6.21447800 -0.00001000 -0.00002700 2.74060356 -0.70353735 1.71572957
7 11.94488900 0.00000000 0.00000000 -0.44002177 -0.35100356 1.80103225
8 10.62019000 0.00000000 0.00000000 0.47317921 0.23585746 3.07798931
9 -4.75111000 -0.69449400 0.83057900 -0.20909800 -0.26626700 0.23759500
10 -1.68807600 0.00004300 -0.00003100 0.01890100 -0.01595800 0.56873800
11 -1.33614300 0.00005300 -0.00001000 0.02638000 -0.00059700 0.57491600
12 -4.82049600 -0.50945900 -0.22476100 -0.40355600 -0.04801500 1.29352100
13 -1.82699200 -0.00007200 0.00000800 0.00083000 0.10005500 1.71807400
14 -1.43657300 0.00000800 0.00000400 -0.01240500 -0.09794400 -0.01495000
15 -3.99235900 -0.89118600 -1.82791000 -0.64296900 0.36064400 1.56296000
16 -1.40592200 -0.00002700 0.00000000 -0.01220200 -0.02684500 1.30196100
17 -1.17535800 0.00012800 -0.00002100 0.02756300 0.06210400 0.32121000
18 -4.52675200 -0.69057500 -1.12074400 -0.46821800 0.17091500 1.47116200
19 -1.74403800 0.00003300 -0.00000400 -0.13022500 0.10023700 1.62651500
20 -1.36877400 0.00002500 0.00000400 0.00993500 0.05150500 0.08698400
21 -2.03839700 -0.89279200 0.93250500 1.78891300 0.18637700 0.83287400
22 -1.62788800 0.15474900 0.01182400 -0.11534900 0.17036400 0.47218900
23 -1.59927600 0.00000800 0.00001500 0.02557400 -0.03449400 0.91320200
24 5.51182400 0.00000800 -0.00000400 2.10279000 -0.06602500 3.11587600
25 0.19684600 -0.00000100 0.00000400 2.79340696 -0.00047267 -3.14147660
26 -2.55123000 -11.57811500 -3.02197200 1.97586200 1.15991000 1.84280300
27 6.21448500 0.00001000 0.00002000 -1.31992868 0.66968477 -1.70728437
28 11.94488500 -0.00003200 -0.00019900 -0.70610885 -0.33376541 -1.27927366
29 10.62016900 -0.00000200 0.00000800 -2.02731891 -0.51831904 0.25727554
30 4.75116500 0.69437600 -0.83047400 0.02505900 -0.18560800 0.14615800
31 1.68806100 -0.00002400 0.00000200 -0.00776500 -0.02349400 1.75632300
32 1.33615100 -0.00005000 -0.00001000 0.00924200 -0.03762600 0.12943000
33 4.82051700 0.50934200 0.22486600 -0.20655200 -0.13961500 0.62947100
34 1.82700300 0.00006200 0.00001000 0.02735300 0.02979100 2.01690100
35 1.43658100 -0.00000600 0.00001000 0.01515000 0.00045200 -0.75718600
36 3.99235500 0.89109000 1.82799500 -0.42620000 0.27844800 1.39074000
37 1.40592200 0.00003100 -0.00000400 -0.01231800 -0.02677000 1.30554600
38 1.17536200 -0.00013200 0.00000400 -0.09551900 0.07798600 -0.93359900
39 4.52676200 0.69046800 1.12084200 -0.36932500 0.01644200 1.00623400
40 1.74404100 -0.00002700 0.00000100 -0.02939300 -0.00337500 1.86812600
41 1.36876300 -0.00003100 -0.00002000 -0.12957300 0.09181900 -1.14340300
42 1.80927100 0.89528800 -1.12011200 1.88461400 0.36803000 0.40774200
43 1.49514000 -0.24140600 0.04487800 0.00360000 -0.23414300 0.03443400
44 1.57423800 -0.10444600 0.03324200 0.03981700 0.07342300 -0.24671300
45 5.51180800 -0.00000600 0.00000400 -0.95227000 0.00000000 0.00000000
46 0.19684600 0.00000600 0.00000000 -0.34822500 0.00001500 -0.00000200
47 0.00000000 1.00000000 0.00000000 0.00000000 0.00000000 -1.57079600
48 -2.88370400 33.22035600 -3.42586400 0.00000000 0.00000000 -3.14156200
49 -8.15344854 48.92653539 -7.15630480 0.18252319 0.01312831 -0.40824022
50 11.07229800 1.05240800 -5.47149600 0.93682200 1.06673800 2.43562500
51 5.51488700 0.00125700 -1.24599700 0.00000000 0.00000000 0.00000000
52 -5.17175500 -0.20860600 1.50504400 0.11058500 0.00000000 0.00000000
53 0.00000400 0.45916200 0.00000000 -0.19771300 0.00000000 0.00000000
54 0.00000200 0.90097000 0.00000000 -0.43178600 0.00000000 0.00000000
55 0.00000400 0.90137900 0.00000100 -0.77968100 0.00000000 0.00000000
56 0.00000400 0.92234000 0.00000000 -0.26286200 0.00000000 0.00000000
57 0.00000000 0.90352400 -0.00000200 -0.00009000 0.00000000 0.00000000
58 0.00000200 0.91195300 0.00000000 -0.00896200 0.00000000 0.00000000
59 0.00000000 0.91130700 0.00000000 -0.00389300 0.00000000 0.00000000
60 0.00000400 0.90763800 0.00000200 0.00781400 0.00000000 0.00000000
61 0.00000000 0.90783600 0.00000000 0.01513400 0.00000000 0.00000000
62 -7.93947800 -0.00024100 1.60274100 0.00000000 0.00000000 0.00000000
63 -17.25021400 -0.73788500 -1.61960300 -0.54875900 0.30608400 -0.18218700
64 -17.25020600 0.71140500 -1.55281900 0.51629900 0.36128900 0.19804100
65 -1.11169100 1.28617900 -1.15214400 0.00000000 0.00000000 0.00000000
66 -8.44460900 -2.21927600 -2.25476600 3.09200100 1.15353800 -2.39145700
time 31
0 -0.00000100 8.45008800 -27.50902600 0.00000000 0.00000000 0.00003100
1 -0.00000200 0.00000000 0.00000000 1.57074700 -1.56714200 -1.57074700
2 4.25546500 -0.33518400 -0.00000200 0.00000000 0.00000000 -0.12484800
3 7.43125000 1.49647900 0.00000200 0.00000000 0.00000000 0.24545000
4 5.27847900 0.16554300 0.00000100 0.00000000 0.00000000 0.04851100
5 -1.64873900 -13.09409500 6.31045600 1.97586600 1.15990900 -1.29878500
6 -6.21447800 -0.00001000 -0.00002700 2.74018323 -0.70327253 1.71701868
7 11.94488900 0.00000000 0.00000000 -0.43979139 -0.35100622 1.80023869
8 10.62019000 0.00000000 0.00000000 0.47488072 0.23484288 3.08054880
9 -4.75111000 -0.69449400 0.83057900 -0.20909800 -0.26626700 0.23759500
10 -1.68807600 0.00004300 -0.00003100 0.01890100 -0.01595800 0.56873800
11 -1.33614300 0.00005300 -0.00001000 0.02638000 -0.00059700 0.57491600
12 -4.82049600 -0.50945900 -0.22476100 -0.40355600 -0.04801500 1.29352100
13 -1.82699200 -0.00007200 0.00000800 0.00083000 0.10005500 1.71807400
14 -1.43657300 0.00000800 0.00000400 -0.01240500 -0.09794400 -0.01495000
15 -3.99235900 -0.89118600 -1.82791000 -0.64296900 0.36064400 1.56296000
16 -1.40592200 -0.00002700 0.00000000 -0.01220200 -0.02684500 1.30196100
17 -1.17535800 0.00012800 -0.00002100 0.02756300 0.06210400 0.32121000
18 -4.52675200 -0.69057500 -1.12074400 -0.46821800 0.17091500 1.47116200
19 -1.74403800 0.00003300 -0.00000400 -0.13022500 0.10023700 1.62651500
20 -1.36877400 0.00002500 0.00000400 0.00993500 0.05150500 0.08698400
21 -2.03839700 -0.89279200 0.93250500 1.78891300 0.18637700 0.83287400
22 -1.62788800 0.15474900 0.01182400 -0.11534900 0.17036400 0.47218900
23 -1.59927600 0.00000800 0.00001500 0.02557400 -0.03449400 0.91320200
24 5.51182400 0.00000800 -0.00000400 2.10279000 -0.06602500 3.11587600
25 0.19684600 -0.00000100 0.00000400 2.79340696 -0.00047267 -3.14147660
26 -2.55123000 -11.57811500 -3.02197200 1.97586200 1.15991000 1.84280300
27 6.21448500 0.00001000 0.00002000 -1.31912940 0.67173028 -1.70838032
28 11.94488500 -0.00003200 -0.00019900 -0.70634725 -0.33621427 -1.27897049
29 10.62016900 -0.00000200 0.00000800 -2.02863021 -0.51660340 0.25495135
30 4.75116500 0.69437600 -0.83047400 0.02505900 -0.18560800 0.14615800
31 1.68806100 -0.00002400 0.00000200 -0.00776500 -0.02349400 1.75632300
32 1.33615100 -0.00005000 -0.00001000 0.00924200 -0.03762600 0.12943000
33 4.82051700 0.50934200 0.22486600 -0.20655200 -0.13961500 0.62947100
34 1.82700300 0.00006200 0.00001000 0.02735300 0.02979100 2.01690100
35 1.43658100 -0.00000600 0.00001000 0.01515000 0.00045200 -0.75718600
36 3.99235500 0.89109000 1.82799500 -0.42620000 0.27844800 1.39074000
37 1.40592200 0.00003100 -0.00000400 -0.01231800 -0.02677000 1.30554600
38 1.17536200 -0.00013200 0.00000400 -0.09551900 0.07798600 -0.93359900
39 4.52676200 0.69046800 1.12084200 -0.36932500 0.01644200 1.00623400
40 1.74404100 -0.00002700 0.00000100 -0.02939300 -0.00337500 1.86812600
41 1.36876300 -0.00003100 -0.00002000 -0.12957300 0.09181900 -1.14340300
42 1.80927100 0.89528800 -1.12011200 1.88461400 0.36803000 0.40774200
43 1.49514000 -0.24140600 0.04487800 0.00360000 -0.23414300 0.03443400
44 1.57423800 -0.10444600 0.03324200 0.03981700 0.07342300 -0.24671300
45 5.51180800 -0.00000600 0.00000400 -0.95227000 0.00000000 0.00000000
46 0.19684600 0.00000600 0.00000000 -0.34822500 0.00001500 -0.00000200
47 0.00000000 1.00000000 0.00000000 0.00000000 0.00000000 -1.57079600
48 -2.88370400 33.22035600 -3.42586400 0.00000000 0.00000000 -3.14156200
49 -8.14922221 48.92653539 -7.18114329 0.18464008 0.01207043 -0.40786860
50 11.07229800 1.05240800 -5.47149600 0.93682200 1.06673800 2.43562500
51 5.51488700 0.00125700 -1.24599700 0.00000000 0.00000000 0.00000000
52 -5.17175500 -0.20860600 1.50504400 0.11058500 0.00000000 0.00000000
53 0.00000400 0.45916200 0.00000000 -0.19771300 0.00000000 0.00000000
54 0.00000200 0.90097000 0.00000000 -0.43178600 0.00000000 0.00000000
55 0.00000400 0.90137900 0.00000100 -0.77968100 0.00000000 0.00000000
56 0.00000400 0.92234000 0.00000000 -0.26286200 0.00000000 0.00000000
57 0.00000000 0.90352400 -0.00000200 -0.00009000 0.00000000 0.00000000
58 0.00000200 0.91195300 0.00000000 -0.00896200 0.00000000 0.00000000
59 0.00000000 0.91130700 0.00000000 -0.00389300 0.00000000 0.00000000
60 0.00000400 0.90763800 0.00000200 0.00781400 0.00000000 0.00000000
61 0.00000000 0.90783600 0.00000000 0.01513400 0.00000000 0.00000000
62 -7.93947800 -0.00024100 1.60274100 0.00000000 0.00000000 0.00000000
63 -17.25021400 -0.73788500 -1.61960300 -0.54875900 0.30608400 -0.18218700
64 -17.25020600 0.71140500 -1.55281900 0.51629900 0.36128900 0.19804100
65 -1.11169100 1.28617900 -1.15214400 0.00000000 0.00000000 0.00000000
66 -8.44460900 -2.21927600 -2.25476600 3.09200100 1.15353800 -2.39145700
time 32
0 -0.00000100 8.45008800 -27.50902600 0.00000000 0.00000000 0.00003100
1 -0.00000200 0.00000000 0.00000000 1.57074700 -1.56714200 -1.57074700
2 4.25546500 -0.33518400 -0.00000200 0.00000000 0.00000000 -0.12484800
3 7.43125000 1.49647900 0.00000200 0.00000000 0.00000000 0.24545000
4 5.27847900 0.16554300 0.00000100 0.00000000 0.00000000 0.04851100
5 -1.64873900 -13.09409500 6.31045600 1.97586600 1.15990900 -1.29878500
6 -6.21447800 -0.00001000 -0.00002700 2.73977897 -0.70287211 1.71831383
7 11.94488900 0.00000000 0.00000000 -0.43939604 -0.35092239 1.79932235
8 10.62019000 0.00000000 0.00000000 0.47679403 0.23420874 3.08339696
9 -4.75111000 -0.69449400 0.83057900 -0.20909800 -0.26626700 0.23759500
10 -1.68807600 0.00004300 -0.00003100 0.01890100 -0.01595800 0.56873800
11 -1.33614300 0.00005300 -0.00001000 0.02638000 -0.00059700 0.57491600
12 -4.82049600 -0.50945900 -0.22476100 -0.40355600 -0.04801500 1.29352100
13 -1.82699200 -0.00007200 0.00000800 0.00083000 0.10005500 1.71807400
14 -1.43657300 0.00000800 0.00000400 -0.01240500 -0.09794400 -0.01495000
15 -3.99235900 -0.89118600 -1.82791000 -0.64296900 0.36064400 1.56296000
16 -1.40592200 -0.00002700 0.00000000 -0.01220200 -0.02684500 1.30196100
17 -1.17535800 0.00012800 -0.00002100 0.02756300 0.06210400 0.32121000
18 -4.52675200 -0.69057500 -1.12074400 -0.46821800 0.17091500 1.47116200
19 -1.74403800 0.00003300 -0.00000400 -0.13022500 0.10023700 1.62651500
20 -1.36877400 0.00002500 0.00000400 0.00993500 0.05150500 0.08698400
21 -2.03839700 -0.89279200 0.93250500 1.78891300 0.18637700 0.83287400
22 -1.62788800 0.15474900 0.01182400 -0.11534900 0.17036400 0.47218900
23 -1.59927600 0.00000800 0.00001500 0.02557400 -0.03449400 0.91320200
24 5.51182400 0.00000800 -0.00000400 2.10279000 -0.06602500 3.11587600
25 0.19684600 -0.00000100 0.00000400 2.79340696 -0.00047267 -3.14147660
26 -2.55123000 -11.57811500 -3.02197200 1.97586200 1.15991000 1.84280300
27 6.21448500 0.00001000 0.00002000 -1.31819782 0.67349360 -1.70937141
28 11.94488500 -0.00003200 -0.00019900 -0.70655052 -0.33852009 -1.27843452
29 10.62016900 -0.00000200 0.00000800 -2.02980132 -0.51479733 0.25242136
30 4.75116500 0.69437600 -0.83047400 0.02505900 -0.18560800 0.14615800
31 1.68806100 -0.00002400 0.00000200 -0.00776500 -0.02349400 1.75632300
32 1.33615100 -0.00005000 -0.00001000 0.00924200 -0.03762600 0.12943000
33 4.82051700 0.50934200 0.22486600 -0.20655200 -0.13961500 0.62947100
34 1.82700300 0.00006200 0.00001000 0.02735300 0.02979100 2.01690100
35 1.43658100 -0.00000600 0.00001000 0.01515000 0.00045200 -0.75718600
36 3.99235500 0.89109000 1.82799500 -0.42620000 0.27844800 1.39074000
37 1.40592200 0.00003100 -0.00000400 -0.01231800 -0.02677000 1.30554600
38 1.17536200 -0.00013200 0.00000400 -0.09551900 0.07798600 -0.93359900
39 4.52676200 0.69046800 1.12084200 -0.36932500 0.01644200 1.00623400
40 1.74404100 -0.00002700 0.00000100 -0.02939300 -0.00337500 1.86812600
41 1.36876300 -0.00003100 -0.00002000 -0.12957300 0.09181900 -1.14340300
42 1.80927100 0.89528800 -1.12011200 1.88461400 0.36803000 0.40774200
43 1.49514000 -0.24140600 0.04487800 0.00360000 -0.23414300 0.03443400
44 1.57423800 -0.10444600 0.03324200 0.03981700 0.07342300 -0.24671300
45 5.51180800 -0.00000600 0.00000400 -0.95227000 0.00000000 0.00000000
46 0.19684600 0.00000600 0.00000000 -0.34822500 0.00001500 -0.00000200
47 0.00000000 1.00000000 0.00000000 0.00000000 0.00000000 -1.57079600
48 -2.88370400 33.22035600 -3.42586400 0.00000000 0.00000000 -3.14156200
49 -8.14499587 48.92653539 -7.20442379 0.18706079 0.01125028 -0.40748146
50 11.07229800 1.05240800 -5.47149600 0.93682200 1.06673800 2.43562500
51 5.51488700 0.00125700 -1.24599700 0.00000000 0.00000000 0.00000000
52 -5.17175500 -0.20860600 1.50504400 0.11058500 0.00000000 0.00000000
53 0.00000400 0.45916200 0.00000000 -0.19771300 0.00000000 0.00000000
54 0.00000200 0.90097000 0.00000000 -0.43178600 0.00000000 0.00000000
55 0.00000400 0.90137900 0.00000100 -0.77968100 0.00000000 0.00000000
56 0.00000400 0.92234000 0.00000000 -0.26286200 0.00000000 0.00000000
57 0.00000000 0.90352400 -0.00000200 -0.00009000 0.00000000 0.00000000
58 0.00000200 0.91195300 0.00000000 -0.00896200 0.00000000 0.00000000
59 0.00000000 0.91130700 0.00000000 -0.00389300 0.00000000 0.00000000
60 0.00000400 0.90763800 0.00000200 0.00781400 0.00000000 0.00000000
61 0.00000000 0.90783600 0.00000000 0.01513400 0.00000000 0.00000000
62 -7.93947800 -0.00024100 1.60274100 0.00000000 0.00000000 0.00000000
63 -17.25021400 -0.73788500 -1.61960300 -0.54875900 0.30608400 -0.18218700
64 -17.25020600 0.71140500 -1.55281900 0.51629900 0.36128900 0.19804100
65 -1.11169100 1.28617900 -1.15214400 0.00000000 0.00000000 0.00000000
66 -8.44460900 -2.21927600 -2.25476600 3.09200100 1.15353800 -2.39145700
time 33
0 -0.00000100 8.45008800 -27.50902600 0.00000000 0.00000000 0.00003100
1 -0.00000200 0.00000000 0.00000000 1.57074700 -1.56714200 -1.57074700
2 4.25546500 -0.33518400 -0.00000200 0.00000000 0.00000000 -0.12484800
3 7.43125000 1.49647900 0.00000200 0.00000000 0.00000000 0.24545000
4 5.27847900 0.16554300 0.00000100 0.00000000 0.00000000 0.04851100
5 -1.64873900 -13.09409500 6.31045600 1.97586600 1.15990900 -1.29878500
6 -6.21447800 -0.00001000 -0.00002700 2.73953868 -0.70262429 1.71963510
7 11.94488900 0.00000000 0.00000000 -0.43907208 -0.35085713 1.79822731
8 10.62019000 0.00000000 0.00000000 0.47890251 0.23380023 3.08661554
9 -4.75111000 -0.69449400 0.83057900 -0.20909800 -0.26626700 0.23759500
10 -1.68807600 0.00004300 -0.00003100 0.01890100 -0.01595800 0.56873800
11 -1.33614300 0.00005300 -0.00001000 0.02638000 -0.00059700 0.57491600
12 -4.82049600 -0.50945900 -0.22476100 -0.40355600 -0.04801500 1.29352100
13 -1.82699200 -0.00007200 0.00000800 0.00083000 0.10005500 1.71807400
14 -1.43657300 0.00000800 0.00000400 -0.01240500 -0.09794400 -0.01495000
15 -3.99235900 -0.89118600 -1.82791000 -0.64296900 0.36064400 1.56296000
16 -1.40592200 -0.00002700 0.00000000 -0.01220200 -0.02684500 1.30196100
17 -1.17535800 0.00012800 -0.00002100 0.02756300 0.06210400 0.32121000
18 -4.52675200 -0.69057500 -1.12074400 -0.46821800 0.17091500 1.47116200
19 -1.74403800 0.00003300 -0.00000400 -0.13022500 0.10023700 1.62651500
20 -1.36877400 0.00002500 0.00000400 0.00993500 0.05150500 0.08698400
21 -2.03839700 -0.89279200 0.93250500 1.78891300 0.18637700 0.83287400
22 -1.62788800 0.15474900 0.01182400 -0.11534900 0.17036400 0.47218900
23 -1.59927600 0.00000800 0.00001500 0.02557400 -0.03449400 0.91320200
24 5.51182400 0.00000800 -0.00000400 2.10279000 -0.06602500 3.11587600
25 0.19684600 -0.00000100 0.00000400 2.79340696 -0.00047267 -3.14147660
26 -2.55123000 -11.57811500 -3.02197200 1.97586200 1.15991000 1.84280300
27 6.21448500 0.00001000 0.00002000 -1.31742266 0.67482142 -1.71057647
28 11.94488500 -0.00003200 -0.00019900 -0.70682542 -0.34059270 -1.27785427
29 10.62016900 -0.00000200 0.00000800 -2.03102873 -0.51288996 0.24976270
30 4.75116500 0.69437600 -0.83047400 0.02505900 -0.18560800 0.14615800
31 1.68806100 -0.00002400 0.00000200 -0.00776500 -0.02349400 1.75632300
32 1.33615100 -0.00005000 -0.00001000 0.00924200 -0.03762600 0.12943000
33 4.82051700 0.50934200 0.22486600 -0.20655200 -0.13961500 0.62947100
34 1.82700300 0.00006200 0.00001000 0.02735300 0.02979100 2.01690100
35 1.43658100 -0.00000600 0.00001000 0.01515000 0.00045200 -0.75718600
36 3.99235500 0.89109000 1.82799500 -0.42620000 0.27844800 1.39074000
37 1.40592200 0.00003100 -0.00000400 -0.01231800 -0.02677000 1.30554600
38 1.17536200 -0.00013200 0.00000400 -0.09551900 0.07798600 -0.93359900
39 4.52676200 0.69046800 1.12084200 -0.36932500 0.01644200 1.00623400
40 1.74404100 -0.00002700 0.00000100 -0.02939300 -0.00337500 1.86812600
41 1.36876300 -0.00003100 -0.00002000 -0.12957300 0.09181900 -1.14340300
42 1.80927100 0.89528800 -1.12011200 1.88461400 0.36803000 0.40774200
43 1.49514000 -0.24140600 0.04487800 0.00360000 -0.23414300 0.03443400
44 1.57423800 -0.10444600 0.03324200 0.03981700 0.07342300 -0.24671300
45 5.51180800 -0.00000600 0.00000400 -0.95227000 0.00000000 0.00000000
46 0.19684600 0.00000600 0.00000000 -0.34822500 0.00001500 -0.00000200
47 0.00000000 1.00000000 0.00000000 0.00000000 0.00000000 -1.57079600
48 -2.88370400 33.22035600 -3.42586400 0.00000000 0.00000000 -3.14156200
49 -8.13779159 48.92653539 -7.22360821 0.18979428 0.01084082 -0.40722034
50 11.07229800 1.05240800 -5.47149600 0.93682200 1.06673800 2.43562500
51 5.51488700 0.00125700 -1.24599700 0.00000000 0.00000000 0.00000000
52 -5.17175500 -0.20860600 1.50504400 0.11058500 0.00000000 0.00000000
53 0.00000400 0.45916200 0.00000000 -0.19771300 0.00000000 0.00000000
54 0.00000200 0.90097000 0.00000000 -0.43178600 0.00000000 0.00000000
55 0.00000400 0.90137900 0.00000100 -0.77968100 0.00000000 0.00000000
56 0.00000400 0.92234000 0.00000000 -0.26286200 0.00000000 0.00000000
57 0.00000000 0.90352400 -0.00000200 -0.00009000 0.00000000 0.00000000
58 0.00000200 0.91195300 0.00000000 -0.00896200 0.00000000 0.00000000
59 0.00000000 0.91130700 0.00000000 -0.00389300 0.00000000 0.00000000
60 0.00000400 0.90763800 0.00000200 0.00781400 0.00000000 0.00000000
61 0.00000000 0.90783600 0.00000000 0.01513400 0.00000000 0.00000000
62 -7.93947800 -0.00024100 1.60274100 0.00000000 0.00000000 0.00000000
63 -17.25021400 -0.73788500 -1.61960300 -0.54875900 0.30608400 -0.18218700
64 -17.25020600 0.71140500 -1.55281900 0.51629900 0.36128900 0.19804100
65 -1.11169100 1.28617900 -1.15214400 0.00000000 0.00000000 0.00000000
66 -8.44460900 -2.21927600 -2.25476600 3.09200100 1.15353800 -2.39145700
time 34
0 -0.00000100 8.45008800 -27.50902600 0.00000000 0.00000000 0.00003100
1 -0.00000200 0.00000000 0.00000000 1.57074700 -1.56714200 -1.57074700
2 4.25546500 -0.33518400 -0.00000200 0.00000000 0.00000000 -0.12484800
3 7.43125000 1.49647900 0.00000200 0.00000000 0.00000000 0.24545000
4 5.27847900 0.16554300 0.00000100 0.00000000 0.00000000 0.04851100
5 -1.64873900 -13.09409500 6.31045600 1.97586600 1.15990900 -1.29878500
6 -6.21447800 -0.00001000 -0.00002700 2.73968921 -0.70224876 1.72131942
7 11.94488900 0.00000000 0.00000000 -0.43878673 -0.35048902 1.79733172
8 10.62019000 0.00000000 0.00000000 0.48116256 0.23369316 3.09018020
9 -4.75111000 -0.69449400 0.83057900 -0.20909800 -0.26626700 0.23759500
10 -1.68807600 0.00004300 -0.00003100 0.01890100 -0.01595800 0.56873800
11 -1.33614300 0.00005300 -0.00001000 0.02638000 -0.00059700 0.57491600
12 -4.82049600 -0.50945900 -0.22476100 -0.40355600 -0.04801500 1.29352100
13 -1.82699200 -0.00007200 0.00000800 0.00083000 0.10005500 1.71807400
14 -1.43657300 0.00000800 0.00000400 -0.01240500 -0.09794400 -0.01495000
15 -3.99235900 -0.89118600 -1.82791000 -0.64296900 0.36064400 1.56296000
16 -1.40592200 -0.00002700 0.00000000 -0.01220200 -0.02684500 1.30196100
17 -1.17535800 0.00012800 -0.00002100 0.02756300 0.06210400 0.32121000
18 -4.52675200 -0.69057500 -1.12074400 -0.46821800 0.17091500 1.47116200
19 -1.74403800 0.00003300 -0.00000400 -0.13022500 0.10023700 1.62651500
20 -1.36877400 0.00002500 0.00000400 0.00993500 0.05150500 0.08698400
21 -2.03839700 -0.89279200 0.93250500 1.78891300 0.18637700 0.83287400
22 -1.62788800 0.15474900 0.01182400 -0.11534900 0.17036400 0.47218900
23 -1.59927600 0.00000800 0.00001500 0.02557400 -0.03449400 0.91320200
24 5.51182400 0.00000800 -0.00000400 2.10279000 -0.06602500 3.11587600
25 0.19684600 -0.00000100 0.00000400 2.79340696 -0.00047267 -3.14147660
26 -2.55123000 -11.57811500 -3.02197200 1.97586200 1.15991000 1.84280300
27 6.21448500 0.00001000 0.00002000 -1.31649177 0.67555911 -1.71174048
28 11.94488500 -0.00003200 -0.00019900 -0.70697293 -0.34204296 -1.27736091
29 10.62016900 -0.00000200 0.00000800 -2.03196492 -0.51152099 0.24683021
30 4.75116500 0.69437600 -0.83047400 0.02505900 -0.18560800 0.14615800
31 1.68806100 -0.00002400 0.00000200 -0.00776500 -0.02349400 1.75632300
32 1.33615100 -0.00005000 -0.00001000 0.00924200 -0.03762600 0.12943000
33 4.82051700 0.50934200 0.22486600 -0.20655200 -0.13961500 0.62947100
34 1.82700300 0.00006200 0.00001000 0.02735300 0.02979100 2.01690100
35 1.43658100 -0.00000600 0.00001000 0.01515000 0.00045200 -0.75718600
36 3.99235500 0.89109000 1.82799500 -0.42620000 0.27844800 1.39074000
37 1.40592200 0.00003100 -0.00000400 -0.01231800 -0.02677000 1.30554600
38 1.17536200 -0.00013200 0.00000400 -0.09551900 0.07798600 -0.93359900
39 4.52676200 0.69046800 1.12084200 -0.36932500 0.01644200 1.00623400
40 1.74404100 -0.00002700 0.00000100 -0.02939300 -0.00337500 1.86812600
41 1.36876300 -0.00003100 -0.00002000 -0.12957300 0.09181900 -1.14340300
42 1.80927100 0.89528800 -1.12011200 1.88461400 0.36803000 0.40774200
43 1.49514000 -0.24140600 0.04487800 0.00360000 -0.23414300 0.03443400
44 1.57423800 -0.10444600 0.03324200 0.03981700 0.07342300 -0.24671300
45 5.51180800 -0.00000600 0.00000400 -0.95227000 0.00000000 0.00000000
46 0.19684600 0.00000600 0.00000000 -0.34822500 0.00001500 -0.00000200
47 0.00000000 1.00000000 0.00000000 0.00000000 0.00000000 -1.57079600
48 -2.88370400 33.22035600 -3.42586400 0.00000000 0.00000000 -3.14156200
49 -8.12264610 48.92653539 -7.23424513 0.19257904 0.01114018 -0.40707612
50 11.07229800 1.05240800 -5.47149600 0.93682200 1.06673800 2.43562500
51 5.51488700 0.00125700 -1.24599700 0.00000000 0.00000000 0.00000000
52 -5.17175500 -0.20860600 1.50504400 0.11058500 0.00000000 0.00000000
53 0.00000400 0.45916200 0.00000000 -0.19771300 0.00000000 0.00000000
54 0.00000200 0.90097000 0.00000000 -0.43178600 0.00000000 0.00000000
55 0.00000400 0.90137900 0.00000100 -0.77968100 0.00000000 0.00000000
56 0.00000400 0.92234000 0.00000000 -0.26286200 0.00000000 0.00000000
57 0.00000000 0.90352400 -0.00000200 -0.00009000 0.00000000 0.00000000
58 0.00000200 0.91195300 0.00000000 -0.00896200 0.00000000 0.00000000
59 0.00000000 0.91130700 0.00000000 -0.00389300 0.00000000 0.00000000
60 0.00000400 0.90763800 0.00000200 0.00781400 0.00000000 0.00000000
61 0.00000000 0.90783600 0.00000000 0.01513400 0.00000000 0.00000000
62 -7.93947800 -0.00024100 1.60274100 0.00000000 0.00000000 0.00000000
63 -17.25021400 -0.73788500 -1.61960300 -0.54875900 0.30608400 -0.18218700
64 -17.25020600 0.71140500 -1.55281900 0.51629900 0.36128900 0.19804100
65 -1.11169100 1.28617900 -1.15214400 0.00000000 0.00000000 0.00000000
66 -8.44460900 -2.21927600 -2.25476600 3.09200100 1.15353800 -2.39145700
time 35
0 -0.00000100 8.45008800 -27.50902600 0.00000000 0.00000000 0.00003100
1 -0.00000200 0.00000000 0.00000000 1.57074700 -1.56714200 -1.57074700
2 4.25546500 -0.33518400 -0.00000200 0.00000000 0.00000000 -0.12484800
3 7.43125000 1.49647900 0.00000200 0.00000000 0.00000000 0.24545000
4 5.27847900 0.16554300 0.00000100 0.00000000 0.00000000 0.04851100
5 -1.64873900 -13.09409500 6.31045600 1.97586600 1.15990900 -1.29878500
6 -6.21447800 -0.00001000 -0.00002700 2.73984489 -0.70187611 1.72299742
7 11.94488900 0.00000000 0.00000000 -0.43846480 -0.35002271 1.79631443
8 10.62019000 0.00000000 0.00000000 0.48363655 0.23387764 3.09401332
9 -4.75111000 -0.69449400 0.83057900 -0.20909800 -0.26626700 0.23759500
10 -1.68807600 0.00004300 -0.00003100 0.01890100 -0.01595800 0.56873800
11 -1.33614300 0.00005300 -0.00001000 0.02638000 -0.00059700 0.57491600
12 -4.82049600 -0.50945900 -0.22476100 -0.40355600 -0.04801500 1.29352100
13 -1.82699200 -0.00007200 0.00000800 0.00083000 0.10005500 1.71807400
14 -1.43657300 0.00000800 0.00000400 -0.01240500 -0.09794400 -0.01495000
15 -3.99235900 -0.89118600 -1.82791000 -0.64296900 0.36064400 1.56296000
16 -1.40592200 -0.00002700 0.00000000 -0.01220200 -0.02684500 1.30196100
17 -1.17535800 0.00012800 -0.00002100 0.02756300 0.06210400 0.32121000
18 -4.52675200 -0.69057500 -1.12074400 -0.46821800 0.17091500 1.47116200
19 -1.74403800 0.00003300 -0.00000400 -0.13022500 0.10023700 1.62651500
20 -1.36877400 0.00002500 0.00000400 0.00993500 0.05150500 0.08698400
21 -2.03839700 -0.89279200 0.93250500 1.78891300 0.18637700 0.83287400
22 -1.62788800 0.15474900 0.01182400 -0.11534900 0.17036400 0.47218900
23 -1.59927600 0.00000800 0.00001500 0.02557400 -0.03449400 0.91320200
24 5.51182400 0.00000800 -0.00000400 2.10279000 -0.06602500 3.11587600
25 0.19684600 -0.00000100 0.00000400 2.79340696 -0.00047267 -3.14147660
26 -2.55123000 -11.57811500 -3.02197200 1.97586200 1.15991000 1.84280300
27 6.21448500 0.00001000 0.00002000 -1.31563042 0.67616125 -1.71298778
28 11.94488500 -0.00003200 -0.00019900 -0.70725152 -0.34348653 -1.27687399
29 10.62016900 -0.00000200 0.00000800 -2.03291021 -0.50990155 0.24383724
30 4.75116500 0.69437600 -0.83047400 0.02505900 -0.18560800 0.14615800
31 1.68806100 -0.00002400 0.00000200 -0.00776500 -0.02349400 1.75632300
32 1.33615100 -0.00005000 -0.00001000 0.00924200 -0.03762600 0.12943000
33 4.82051700 0.50934200 0.22486600 -0.20655200 -0.13961500 0.62947100
34 1.82700300 0.00006200 0.00001000 0.02735300 0.02979100 2.01690100
35 1.43658100 -0.00000600 0.00001000 0.01515000 0.00045200 -0.75718600
36 3.99235500 0.89109000 1.82799500 -0.42620000 0.27844800 1.39074000
37 1.40592200 0.00003100 -0.00000400 -0.01231800 -0.02677000 1.30554600
38 1.17536200 -0.00013200 0.00000400 -0.09551900 0.07798600 -0.93359900
39 4.52676200 0.69046800 1.12084200 -0.36932500 0.01644200 1.00623400
40 1.74404100 -0.00002700 0.00000100 -0.02939300 -0.00337500 1.86812600
41 1.36876300 -0.00003100 -0.00002000 -0.12957300 0.09181900 -1.14340300
42 1.80927100 0.89528800 -1.12011200 1.88461400 0.36803000 0.40774200
43 1.49514000 -0.24140600 0.04487800 0.00360000 -0.23414300 0.03443400
44 1.57423800 -0.10444600 0.03324200 0.03981700 0.07342300 -0.24671300
45 5.51180800 -0.00000600 0.00000400 -0.95227000 0.00000000 0.00000000
46 0.19684600 0.00000600 0.00000000 -0.34822500 0.00001500 -0.00000200
47 0.00000000 1.00000000 0.00000000 0.00000000 0.00000000 -1.57079600
48 -2.88370400 33.22035600 -3.42586400 0.00000000 0.00000000 -3.14156200
49 -8.10750061 48.92653539 -7.24390605 0.19570432 0.01150915 -0.40693279
50 11.07229800 1.05240800 -5.47149600 0.93682200 1.06673800 2.43562500
51 5.51488700 0.00125700 -1.24599700 0.00000000 0.00000000 0.00000000
52 -5.17175500 -0.20860600 1.50504400 0.11058500 0.00000000 0.00000000
53 0.00000400 0.45916200 0.00000000 -0.19771300 0.00000000 0.00000000
54 0.00000200 0.90097000 0.00000000 -0.43178600 0.00000000 0.00000000
55 0.00000400 0.90137900 0.00000100 -0.77968100 0.00000000 0.00000000
56 0.00000400 0.92234000 0.00000000 -0.26286200 0.00000000 0.00000000
57 0.00000000 0.90352400 -0.00000200 -0.00009000 0.00000000 0.00000000
58 0.00000200 0.91195300 0.00000000 -0.00896200 0.00000000 0.00000000
59 0.00000000 0.91130700 0.00000000 -0.00389300 0.00000000 0.00000000
60 0.00000400 0.90763800 0.00000200 0.00781400 0.00000000 0.00000000
61 0.00000000 0.90783600 0.00000000 0.01513400 0.00000000 0.00000000
62 -7.93947800 -0.00024100 1.60274100 0.00000000 0.00000000 0.00000000
63 -17.25021400 -0.73788500 -1.61960300 -0.54875900 0.30608400 -0.18218700
64 -17.25020600 0.71140500 -1.55281900 0.51629900 0.36128900 0.19804100
65 -1.11169100 1.28617900 -1.15214400 0.00000000 0.00000000 0.00000000
66 -8.44460900 -2.21927600 -2.25476600 3.09200100 1.15353800 -2.39145700
time 36
0 -0.00000100 8.45008800 -27.50902600 0.00000000 0.00000000 0.00003100
1 -0.00000200 0.00000000 0.00000000 1.57074700 -1.56714200 -1.57074700
2 4.25546500 -0.33518400 -0.00000200 0.00000000 0.00000000 -0.12484800
3 7.43125000 1.49647900 0.00000200 0.00000000 0.00000000 0.24545000
4 5.27847900 0.16554300 0.00000100 0.00000000 0.00000000 0.04851100
5 -1.64873900 -13.09409500 6.31045600 1.97586600 1.15990900 -1.29878500
6 -6.21447800 -0.00001000 -0.00002700 2.74083885 -0.70158793 1.72480709
7 11.94488900 0.00000000 0.00000000 -0.43821819 -0.34943618 1.79562210
8 10.62019000 0.00000000 0.00000000 0.48633856 0.23376992 3.09817354
9 -4.75111000 -0.69449400 0.83057900 -0.20909800 -0.26626700 0.23759500
10 -1.68807600 0.00004300 -0.00003100 0.01890100 -0.01595800 0.56873800
11 -1.33614300 0.00005300 -0.00001000 0.02638000 -0.00059700 0.57491600
12 -4.82049600 -0.50945900 -0.22476100 -0.40355600 -0.04801500 1.29352100
13 -1.82699200 -0.00007200 0.00000800 0.00083000 0.10005500 1.71807400
14 -1.43657300 0.00000800 0.00000400 -0.01240500 -0.09794400 -0.01495000
15 -3.99235900 -0.89118600 -1.82791000 -0.64296900 0.36064400 1.56296000
16 -1.40592200 -0.00002700 0.00000000 -0.01220200 -0.02684500 1.30196100
17 -1.17535800 0.00012800 -0.00002100 0.02756300 0.06210400 0.32121000
18 -4.52675200 -0.69057500 -1.12074400 -0.46821800 0.17091500 1.47116200
19 -1.74403800 0.00003300 -0.00000400 -0.13022500 0.10023700 1.62651500
20 -1.36877400 0.00002500 0.00000400 0.00993500 0.05150500 0.08698400
21 -2.03839700 -0.89279200 0.93250500 1.78891300 0.18637700 0.83287400
22 -1.62788800 0.15474900 0.01182400 -0.11534900 0.17036400 0.47218900
23 -1.59927600 0.00000800 0.00001500 0.02557400 -0.03449400 0.91320200
24 5.51182400 0.00000800 -0.00000400 2.10279000 -0.06602500 3.11587600
25 0.19684600 -0.00000100 0.00000400 2.79340696 -0.00047267 -3.14147660
26 -2.55123000 -11.57811500 -3.02197200 1.97586200 1.15991000 1.84280300
27 6.21448500 0.00001000 0.00002000 -1.31488855 0.67604501 -1.71445941
28 11.94488500 -0.00003200 -0.00019900 -0.70738746 -0.34411966 -1.27648410
29 10.62016900 -0.00000200 0.00000800 -2.03381600 -0.50887533 0.24069102
30 4.75116500 0.69437600 -0.83047400 0.02505900 -0.18560800 0.14615800
31 1.68806100 -0.00002400 0.00000200 -0.00776500 -0.02349400 1.75632300
32 1.33615100 -0.00005000 -0.00001000 0.00924200 -0.03762600 0.12943000
33 4.82051700 0.50934200 0.22486600 -0.20655200 -0.13961500 0.62947100
34 1.82700300 0.00006200 0.00001000 0.02735300 0.02979100 2.01690100
35 1.43658100 -0.00000600 0.00001000 0.01515000 0.00045200 -0.75718600
36 3.99235500 0.89109000 1.82799500 -0.42620000 0.27844800 1.39074000
37 1.40592200 0.00003100 -0.00000400 -0.01231800 -0.02677000 1.30554600
38 1.17536200 -0.00013200 0.00000400 -0.09551900 0.07798600 -0.93359900
39 4.52676200 0.69046800 1.12084200 -0.36932500 0.01644200 1.00623400
40 1.74404100 -0.00002700 0.00000100 -0.02939300 -0.00337500 1.86812600
41 1.36876300 -0.00003100 -0.00002000 -0.12957300 0.09181900 -1.14340300
42 1.80927100 0.89528800 -1.12011200 1.88461400 0.36803000 0.40774200
43 1.49514000 -0.24140600 0.04487800 0.00360000 -0.23414300 0.03443400
44 1.57423800 -0.10444600 0.03324200 0.03981700 0.07342300 -0.24671300
45 5.51180800 -0.00000600 0.00000400 -0.95227000 0.00000000 0.00000000
46 0.19684600 0.00000600 0.00000000 -0.34822500 0.00001500 -0.00000200
47 0.00000000 1.00000000 0.00000000 0.00000000 0.00000000 -1.57079600
48 -2.88370400 33.22035600 -3.42586400 0.00000000 0.00000000 -3.14156200
49 -8.08537902 48.92653539 -7.24217643 0.19911135 0.01256825 -0.40693907
50 11.07229800 1.05240800 -5.47149600 0.93682200 1.06673800 2.43562500
51 5.51488700 0.00125700 -1.24599700 0.00000000 0.00000000 0.00000000
52 -5.17175500 -0.20860600 1.50504400 0.11058500 0.00000000 0.00000000
53 0.00000400 0.45916200 0.00000000 -0.19771300 0.00000000 0.00000000
54 0.00000200 0.90097000 0.00000000 -0.43178600 0.00000000 0.00000000
55 0.00000400 0.90137900 0.00000100 -0.77968100 0.00000000 0.00000000
56 0.00000400 0.92234000 0.00000000 -0.26286200 0.00000000 0.00000000
57 0.00000000 0.90352400 -0.00000200 -0.00009000 0.00000000 0.00000000
58 0.00000200 0.91195300 0.00000000 -0.00896200 0.00000000 0.00000000
59 0.00000000 0.91130700 0.00000000 -0.00389300 0.00000000 0.00000000
60 0.00000400 0.90763800 0.00000200 0.00781400 0.00000000 0.00000000
61 0.00000000 0.90783600 0.00000000 0.01513400 0.00000000 0.00000000
62 -7.93947800 -0.00024100 1.60274100 0.00000000 0.00000000 0.00000000
63 -17.25021400 -0.73788500 -1.61960300 -0.54875900 0.30608400 -0.18218700
64 -17.25020600 0.71140500 -1.55281900 0.51629900 0.36128900 0.19804100
65 -1.11169100 1.28617900 -1.15214400 0.00000000 0.00000000 0.00000000
66 -8.44460900 -2.21927600 -2.25476600 3.09200100 1.15353800 -2.39145700
time 37
0 -0.00000100 8.45008800 -27.50902600 0.00000000 0.00000000 0.00003100
1 -0.00000200 0.00000000 0.00000000 1.57074700 -1.56714200 -1.57074700
2 4.25546500 -0.33518400 -0.00000200 0.00000000 0.00000000 -0.12484800
3 7.43125000 1.49647900 0.00000200 0.00000000 0.00000000 0.24545000
4 5.27847900 0.16554300 0.00000100 0.00000000 0.00000000 0.04851100
5 -1.64873900 -13.09409500 6.31045600 1.97586600 1.15990900 -1.29878500
6 -6.21447800 -0.00001000 -0.00002700 2.74245261 -0.70115883 1.72687217
7 11.94488900 0.00000000 0.00000000 -0.43807577 -0.34870373 1.79517698
8 10.62019000 0.00000000 0.00000000 0.48925920 0.23356846 3.10275344
9 -4.75111000 -0.69449400 0.83057900 -0.20909800 -0.26626700 0.23759500
10 -1.68807600 0.00004300 -0.00003100 0.01890100 -0.01595800 0.56873800
11 -1.33614300 0.00005300 -0.00001000 0.02638000 -0.00059700 0.57491600
12 -4.82049600 -0.50945900 -0.22476100 -0.40355600 -0.04801500 1.29352100
13 -1.82699200 -0.00007200 0.00000800 0.00083000 0.10005500 1.71807400
14 -1.43657300 0.00000800 0.00000400 -0.01240500 -0.09794400 -0.01495000
15 -3.99235900 -0.89118600 -1.82791000 -0.64296900 0.36064400 1.56296000
16 -1.40592200 -0.00002700 0.00000000 -0.01220200 -0.02684500 1.30196100
17 -1.17535800 0.00012800 -0.00002100 0.02756300 0.06210400 0.32121000
18 -4.52675200 -0.69057500 -1.12074400 -0.46821800 0.17091500 1.47116200
19 -1.74403800 0.00003300 -0.00000400 -0.13022500 0.10023700 1.62651500
20 -1.36877400 0.00002500 0.00000400 0.00993500 0.05150500 0.08698400
21 -2.03839700 -0.89279200 0.93250500 1.78891300 0.18637700 0.83287400
22 -1.62788800 0.15474900 0.01182400 -0.11534900 0.17036400 0.47218900
23 -1.59927600 0.00000800 0.00001500 0.02557400 -0.03449400 0.91320200
24 5.51182400 0.00000800 -0.00000400 2.10279000 -0.06602500 3.11587600
25 0.19684600 -0.00000100 0.00000400 2.79340696 -0.00047267 -3.14147660
26 -2.55123000 -11.57811500 -3.02197200 1.97586200 1.15991000 1.84280300
27 6.21448500 0.00001000 0.00002000 -1.31418904 0.67529363 -1.71581223
28 11.94488500 -0.00003200 -0.00019900 -0.70745331 -0.34401483 -1.27616232
29 10.62016900 -0.00000200 0.00000800 -2.03489171 -0.50831269 0.23745195
30 4.75116500 0.69437600 -0.83047400 0.02505900 -0.18560800 0.14615800
31 1.68806100 -0.00002400 0.00000200 -0.00776500 -0.02349400 1.75632300
32 1.33615100 -0.00005000 -0.00001000 0.00924200 -0.03762600 0.12943000
33 4.82051700 0.50934200 0.22486600 -0.20655200 -0.13961500 0.62947100
34 1.82700300 0.00006200 0.00001000 0.02735300 0.02979100 2.01690100
35 1.43658100 -0.00000600 0.00001000 0.01515000 0.00045200 -0.75718600
36 3.99235500 0.89109000 1.82799500 -0.42620000 0.27844800 1.39074000
37 1.40592200 0.00003100 -0.00000400 -0.01231800 -0.02677000 1.30554600
38 1.17536200 -0.00013200 0.00000400 -0.09551900 0.07798600 -0.93359900
39 4.52676200 0.69046800 1.12084200 -0.36932500 0.01644200 1.00623400
40 1.74404100 -0.00002700 0.00000100 -0.02939300 -0.00337500 1.86812600
41 1.36876300 -0.00003100 -0.00002000 -0.12957300 0.09181900 -1.14340300
42 1.80927100 0.89528800 -1.12011200 1.88461400 0.36803000 0.40774200
43 1.49514000 -0.24140600 0.04487800 0.00360000 -0.23414300 0.03443400
44 1.57423800 -0.10444600 0.03324200 0.03981700 0.07342300 -0.24671300
45 5.51180800 -0.00000600 0.00000400 -0.95227000 0.00000000 0.00000000
46 0.19684600 0.00000600 0.00000000 -0.34822500 0.00001500 -0.00000200
47 0.00000000 1.00000000 0.00000000 0.00000000 0.00000000 -1.57079600
48 -2.88370400 33.22035600 -3.42586400 0.00000000 0.00000000 -3.14156200
49 -8.05744401 48.92653539 -7.23091302 0.20289705 0.01399560 -0.40692867
50 11.07229800 1.05240800 -5.47149600 0.93682200 1.06673800 2.43562500
51 5.51488700 0.00125700 -1.24599700 0.00000000 0.00000000 0.00000000
52 -5.17175500 -0.20860600 1.50504400 0.11058500 0.00000000 0.00000000
53 0.00000400 0.45916200 0.00000000 -0.19771300 0.00000000 0.00000000
54 0.00000200 0.90097000 0.00000000 -0.43178600 0.00000000 0.00000000
55 0.00000400 0.90137900 0.00000100 -0.77968100 0.00000000 0.00000000
56 0.00000400 0.92234000 0.00000000 -0.26286200 0.00000000 0.00000000
57 0.00000000 0.90352400 -0.00000200 -0.00009000 0.00000000 0.00000000
58 0.00000200 0.91195300 0.00000000 -0.00896200 0.00000000 0.00000000
59 0.00000000 0.91130700 0.00000000 -0.00389300 0.00000000 0.00000000
60 0.00000400 0.90763800 0.00000200 0.00781400 0.00000000 0.00000000
61 0.00000000 0.90783600 0.00000000 0.01513400 0.00000000 0.00000000
62 -7.93947800 -0.00024100 1.60274100 0.00000000 0.00000000 0.00000000
63 -17.25021400 -0.73788500 -1.61960300 -0.54875900 0.30608400 -0.18218700
64 -17.25020600 0.71140500 -1.55281900 0.51629900 0.36128900 0.19804100
65 -1.11169100 1.28617900 -1.15214400 0.00000000 0.00000000 0.00000000
66 -8.44460900 -2.21927600 -2.25476600 3.09200100 1.15353800 -2.39145700
time 38
0 -0.00000100 8.45008800 -27.50902600 0.00000000 0.00000000 0.00003100
1 -0.00000200 0.00000000 0.00000000 1.57074700 -1.56714200 -1.57074700
2 4.25546500 -0.33518400 -0.00000200 0.00000000 0.00000000 -0.12484800
3 7.43125000 1.49647900 0.00000200 0.00000000 0.00000000 0.24545000
4 5.27847900 0.16554300 0.00000100 0.00000000 0.00000000 0.04851100
5 -1.64873900 -13.09409500 6.31045600 1.97586600 1.15990900 -1.29878500
6 -6.21447800 -0.00001000 -0.00002700 2.74404532 -0.70082324 1.72879344
7 11.94488900 0.00000000 0.00000000 -0.43789359 -0.34803066 1.79449686
8 10.62019000 0.00000000 0.00000000 0.49227589 0.23344202 3.10736829
9 -4.75111000 -0.69449400 0.83057900 -0.20909800 -0.26626700 0.23759500
10 -1.68807600 0.00004300 -0.00003100 0.01890100 -0.01595800 0.56873800
11 -1.33614300 0.00005300 -0.00001000 0.02638000 -0.00059700 0.57491600
12 -4.82049600 -0.50945900 -0.22476100 -0.40355600 -0.04801500 1.29352100
13 -1.82699200 -0.00007200 0.00000800 0.00083000 0.10005500 1.71807400
14 -1.43657300 0.00000800 0.00000400 -0.01240500 -0.09794400 -0.01495000
15 -3.99235900 -0.89118600 -1.82791000 -0.64296900 0.36064400 1.56296000
16 -1.40592200 -0.00002700 0.00000000 -0.01220200 -0.02684500 1.30196100
17 -1.17535800 0.00012800 -0.00002100 0.02756300 0.06210400 0.32121000
18 -4.52675200 -0.69057500 -1.12074400 -0.46821800 0.17091500 1.47116200
19 -1.74403800 0.00003300 -0.00000400 -0.13022500 0.10023700 1.62651500
20 -1.36877400 0.00002500 0.00000400 0.00993500 0.05150500 0.08698400
21 -2.03839700 -0.89279200 0.93250500 1.78891300 0.18637700 0.83287400
22 -1.62788800 0.15474900 0.01182400 -0.11534900 0.17036400 0.47218900
23 -1.59927600 0.00000800 0.00001500 0.02557400 -0.03449400 0.91320200
24 5.51182400 0.00000800 -0.00000400 2.10279000 -0.06602500 3.11587600
25 0.19684600 -0.00000100 0.00000400 2.79340696 -0.00047267 -3.14147660
26 -2.55123000 -11.57811500 -3.02197200 1.97586200 1.15991000 1.84280300
27 6.21448500 0.00001000 0.00002000 -1.31341348 0.67440001 -1.71710530
28 11.94488500 -0.00003200 -0.00019900 -0.70755276 -0.34388313 -1.27596627
29 10.62016900 -0.00000200 0.00000800 -2.03584224 -0.50759197 0.23406593
30 4.75116500 0.69437600 -0.83047400 0.02505900 -0.18560800 0.14615800
31 1.68806100 -0.00002400 0.00000200 -0.00776500 -0.02349400 1.75632300
32 1.33615100 -0.00005000 -0.00001000 0.00924200 -0.03762600 0.12943000
33 4.82051700 0.50934200 0.22486600 -0.20655200 -0.13961500 0.62947100
34 1.82700300 0.00006200 0.00001000 0.02735300 0.02979100 2.01690100
35 1.43658100 -0.00000600 0.00001000 0.01515000 0.00045200 -0.75718600
36 3.99235500 0.89109000 1.82799500 -0.42620000 0.27844800 1.39074000
37 1.40592200 0.00003100 -0.00000400 -0.01231800 -0.02677000 1.30554600
38 1.17536200 -0.00013200 0.00000400 -0.09551900 0.07798600 -0.93359900
39 4.52676200 0.69046800 1.12084200 -0.36932500 0.01644200 1.00623400
40 1.74404100 -0.00002700 0.00000100 -0.02939300 -0.00337500 1.86812600
41 1.36876300 -0.00003100 -0.00002000 -0.12957300 0.09181900 -1.14340300
42 1.80927100 0.89528800 -1.12011200 1.88461400 0.36803000 0.40774200
43 1.49514000 -0.24140600 0.04487800 0.00360000 -0.23414300 0.03443400
44 1.57423800 -0.10444600 0.03324200 0.03981700 0.07342300 -0.24671300
45 5.51180800 -0.00000600 0.00000400 -0.95227000 0.00000000 0.00000000
46 0.19684600 0.00000600 0.00000000 -0.34822500 0.00001500 -0.00000200
47 0.00000000 1.00000000 0.00000000 0.00000000 0.00000000 -1.57079600
48 -2.88370400 33.22035600 -3.42586400 0.00000000 0.00000000 -3.14156200
49 -8.02950900 48.92653539 -7.21897261 0.20673278 0.01561773 -0.40698698
50 11.07229800 1.05240800 -5.47149600 0.93682200 1.06673800 2.43562500
51 5.51488700 0.00125700 -1.24599700 0.00000000 0.00000000 0.00000000
52 -5.17175500 -0.20860600 1.50504400 0.11058500 0.00000000 0.00000000
53 0.00000400 0.45916200 0.00000000 -0.19771300 0.00000000 0.00000000
54 0.00000200 0.90097000 0.00000000 -0.43178600 0.00000000 0.00000000
55 0.00000400 0.90137900 0.00000100 -0.77968100 0.00000000 0.00000000
56 0.00000400 0.92234000 0.00000000 -0.26286200 0.00000000 0.00000000
57 0.00000000 0.90352400 -0.00000200 -0.00009000 0.00000000 0.00000000
58 0.00000200 0.91195300 0.00000000 -0.00896200 0.00000000 0.00000000
59 0.00000000 0.91130700 0.00000000 -0.00389300 0.00000000 0.00000000
60 0.00000400 0.90763800 0.00000200 0.00781400 0.00000000 0.00000000
61 0.00000000 0.90783600 0.00000000 0.01513400 0.00000000 0.00000000
62 -7.93947800 -0.00024100 1.60274100 0.00000000 0.00000000 0.00000000
63 -17.25021400 -0.73788500 -1.61960300 -0.54875900 0.30608400 -0.18218700
64 -17.25020600 0.71140500 -1.55281900 0.51629900 0.36128900 0.19804100
65 -1.11169100 1.28617900 -1.15214400 0.00000000 0.00000000 0.00000000
66 -8.44460900 -2.21927600 -2.25476600 3.09200100 1.15353800 -2.39145700
time 39
0 -0.00000100 8.45008800 -27.50902600 0.00000000 0.00000000 0.00003100
1 -0.00000200 0.00000000 0.00000000 1.57074700 -1.56714200 -1.57074700
2 4.25546500 -0.33518400 -0.00000200 0.00000000 0.00000000 -0.12484800
3 7.43125000 1.49647900 0.00000200 0.00000000 0.00000000 0.24545000
4 5.27847900 0.16554300 0.00000100 0.00000000 0.00000000 0.04851100
5 -1.64873900 -13.09409500 6.31045600 1.97586600 1.15990900 -1.29878500
6 -6.21447800 -0.00001000 -0.00002700 2.74607812 -0.70047882 1.73109175
7 11.94488900 0.00000000 0.00000000 -0.43775577 -0.34710565 1.79415575
8 10.62019000 0.00000000 0.00000000 0.49523932 0.23326142 3.11232775
9 -4.75111000 -0.69449400 0.83057900 -0.20909800 -0.26626700 0.23759500
10 -1.68807600 0.00004300 -0.00003100 0.01890100 -0.01595800 0.56873800
11 -1.33614300 0.00005300 -0.00001000 0.02638000 -0.00059700 0.57491600
12 -4.82049600 -0.50945900 -0.22476100 -0.40355600 -0.04801500 1.29352100
13 -1.82699200 -0.00007200 0.00000800 0.00083000 0.10005500 1.71807400
14 -1.43657300 0.00000800 0.00000400 -0.01240500 -0.09794400 -0.01495000
15 -3.99235900 -0.89118600 -1.82791000 -0.64296900 0.36064400 1.56296000
16 -1.40592200 -0.00002700 0.00000000 -0.01220200 -0.02684500 1.30196100
17 -1.17535800 0.00012800 -0.00002100 0.02756300 0.06210400 0.32121000
18 -4.52675200 -0.69057500 -1.12074400 -0.46821800 0.17091500 1.47116200
19 -1.74403800 0.00003300 -0.00000400 -0.13022500 0.10023700 1.62651500
20 -1.36877400 0.00002500 0.00000400 0.00993500 0.05150500 0.08698400
21 -2.03839700 -0.89279200 0.93250500 1.78891300 0.18637700 0.83287400
22 -1.62788800 0.15474900 0.01182400 -0.11534900 0.17036400 0.47218900
23 -1.59927600 0.00000800 0.00001500 0.02557400 -0.03449400 0.91320200
24 5.51182400 0.00000800 -0.00000400 2.10279000 -0.06602500 3.11587600
25 0.19684600 -0.00000100 0.00000400 2.79340696 -0.00047267 -3.14147660
26 -2.55123000 -11.57811500 -3.02197200 1.97586200 1.15991000 1.84280300
27 6.21448500 0.00001000 0.00002000 -1.31266995 0.67333249 -1.71848357
28 11.94488500 -0.00003200 -0.00019900 -0.70751365 -0.34326413 -1.27584787
29 10.62016900 -0.00000200 0.00000800 -2.03682359 -0.50742880 0.23071530
30 4.75116500 0.69437600 -0.83047400 0.02505900 -0.18560800 0.14615800
31 1.68806100 -0.00002400 0.00000200 -0.00776500 -0.02349400 1.75632300
32 1.33615100 -0.00005000 -0.00001000 0.00924200 -0.03762600 0.12943000
33 4.82051700 0.50934200 0.22486600 -0.20655200 -0.13961500 0.62947100
34 1.82700300 0.00006200 0.00001000 0.02735300 0.02979100 2.01690100
35 1.43658100 -0.00000600 0.00001000 0.01515000 0.00045200 -0.75718600
36 3.99235500 0.89109000 1.82799500 -0.42620000 0.27844800 1.39074000
37 1.40592200 0.00003100 -0.00000400 -0.01231800 -0.02677000 1.30554600
38 1.17536200 -0.00013200 0.00000400 -0.09551900 0.07798600 -0.93359900
39 4.52676200 0.69046800 1.12084200 -0.36932500 0.01644200 1.00623400
40 1.74404100 -0.00002700 0.00000100 -0.02939300 -0.00337500 1.86812600
41 1.36876300 -0.00003100 -0.00002000 -0.12957300 0.09181900 -1.14340300
42 1.80927100 0.89528800 -1.12011200 1.88461400 0.36803000 0.40774200
43 1.49514000 -0.24140600 0.04487800 0.00360000 -0.23414300 0.03443400
44 1.57423800 -0.10444600 0.03324200 0.03981700 0.07342300 -0.24671300
45 5.51180800 -0.00000600 0.00000400 -0.95227000 0.00000000 0.00000000
46 0.19684600 0.00000600 0.00000000 -0.34822500 0.00001500 -0.00000200
47 0.00000000 1.00000000 0.00000000 0.00000000 0.00000000 -1.57079600
48 -2.88370400 33.22035600 -3.42586400 0.00000000 0.00000000 -3.14156200
49 -7.99556534 48.92653539 -7.20159334 0.21067797 0.01745756 -0.40695574
50 11.07229800 1.05240800 -5.47149600 0.93682200 1.06673800 2.43562500
51 5.51488700 0.00125700 -1.24599700 0.00000000 0.00000000 0.00000000
52 -5.17175500 -0.20860600 1.50504400 0.11058500 0.00000000 0.00000000
53 0.00000400 0.45916200 0.00000000 -0.19771300 0.00000000 0.00000000
54 0.00000200 0.90097000 0.00000000 -0.43178600 0.00000000 0.00000000
55 0.00000400 0.90137900 0.00000100 -0.77968100 0.00000000 0.00000000
56 0.00000400 0.92234000 0.00000000 -0.26286200 0.00000000 0.00000000
57 0.00000000 0.90352400 -0.00000200 -0.00009000 0.00000000 0.00000000
58 0.00000200 0.91195300 0.00000000 -0.00896200 0.00000000 0.00000000
59 0.00000000 0.91130700 0.00000000 -0.00389300 0.00000000 0.00000000
60 0.00000400 0.90763800 0.00000200 0.00781400 0.00000000 0.00000000
61 0.00000000 0.90783600 0.00000000 0.01513400 0.00000000 0.00000000
62 -7.93947800 -0.00024100 1.60274100 0.00000000 0.00000000 0.00000000
63 -17.25021400 -0.73788500 -1.61960300 -0.54875900 0.30608400 -0.18218700
64 -17.25020600 0.71140500 -1.55281900 0.51629900 0.36128900 0.19804100
65 -1.11169100 1.28617900 -1.15214400 0.00000000 0.00000000 0.00000000
66 -8.44460900 -2.21927600 -2.25476600 3.09200100 1.15353800 -2.39145700
time 40
0 -0.00000100 8.45008800 -27.50902600 0.00000000 0.00000000 0.00003100
1 -0.00000200 0.00000000 0.00000000 1.57074700 -1.56714200 -1.57074700
2 4.25546500 -0.33518400 -0.00000200 0.00000000 0.00000000 -0.12484800
3 7.43125000 1.49647900 0.00000200 0.00000000 0.00000000 0.24545000
4 5.27847900 0.16554300 0.00000100 0.00000000 0.00000000 0.04851100
5 -1.64873900 -13.09409500 6.31045600 1.97586600 1.15990900 -1.29878500
6 -6.21447800 -0.00001000 -0.00002700 2.74804291 -0.70013050 1.73350134
7 11.94488900 0.00000000 0.00000000 -0.43762349 -0.34617482 1.79377051
8 10.62019000 0.00000000 0.00000000 0.49818437 0.23317296 3.11744540
9 -4.75111000 -0.69449400 0.83057900 -0.20909800 -0.26626700 0.23759500
10 -1.68807600 0.00004300 -0.00003100 0.01890100 -0.01595800 0.56873800
11 -1.33614300 0.00005300 -0.00001000 0.02638000 -0.00059700 0.57491600
12 -4.82049600 -0.50945900 -0.22476100 -0.40355600 -0.04801500 1.29352100
13 -1.82699200 -0.00007200 0.00000800 0.00083000 0.10005500 1.71807400
14 -1.43657300 0.00000800 0.00000400 -0.01240500 -0.09794400 -0.01495000
15 -3.99235900 -0.89118600 -1.82791000 -0.64296900 0.36064400 1.56296000
16 -1.40592200 -0.00002700 0.00000000 -0.01220200 -0.02684500 1.30196100
17 -1.17535800 0.00012800 -0.00002100 0.02756300 0.06210400 0.32121000
18 -4.52675200 -0.69057500 -1.12074400 -0.46821800 0.17091500 1.47116200
19 -1.74403800 0.00003300 -0.00000400 -0.13022500 0.10023700 1.62651500
20 -1.36877400 0.00002500 0.00000400 0.00993500 0.05150500 0.08698400
21 -2.03839700 -0.89279200 0.93250500 1.78891300 0.18637700 0.83287400
22 -1.62788800 0.15474900 0.01182400 -0.11534900 0.17036400 0.47218900
23 -1.59927600 0.00000800 0.00001500 0.02557400 -0.03449400 0.91320200
24 5.51182400 0.00000800 -0.00000400 2.10279000 -0.06602500 3.11587600
25 0.19684600 -0.00000100 0.00000400 2.79340696 -0.00047267 -3.14147660
26 -2.55123000 -11.57811500 -3.02197200 1.97586200 1.15991000 1.84280300
27 6.21448500 0.00001000 0.00002000 -1.31200111 0.67202577 -1.72003873
28 11.94488500 -0.00003200 -0.00019900 -0.70743700 -0.34257177 -1.27590628
29 10.62016900 -0.00000200 0.00000800 -2.03764873 -0.50731428 0.22717059
30 4.75116500 0.69437600 -0.83047400 0.02505900 -0.18560800 0.14615800
31 1.68806100 -0.00002400 0.00000200 -0.00776500 -0.02349400 1.75632300
32 1.33615100 -0.00005000 -0.00001000 0.00924200 -0.03762600 0.12943000
33 4.82051700 0.50934200 0.22486600 -0.20655200 -0.13961500 0.62947100
34 1.82700300 0.00006200 0.00001000 0.02735300 0.02979100 2.01690100
35 1.43658100 -0.00000600 0.00001000 0.01515000 0.00045200 -0.75718600
36 3.99235500 0.89109000 1.82799500 -0.42620000 0.27844800 1.39074000
37 1.40592200 0.00003100 -0.00000400 -0.01231800 -0.02677000 1.30554600
38 1.17536200 -0.00013200 0.00000400 -0.09551900 0.07798600 -0.93359900
39 4.52676200 0.69046800 1.12084200 -0.36932500 0.01644200 1.00623400
40 1.74404100 -0.00002700 0.00000100 -0.02939300 -0.00337500 1.86812600
41 1.36876300 -0.00003100 -0.00002000 -0.12957300 0.09181900 -1.14340300
42 1.80927100 0.89528800 -1.12011200 1.88461400 0.36803000 0.40774200
43 1.49514000 -0.24140600 0.04487800 0.00360000 -0.23414300 0.03443400
44 1.57423800 -0.10444600 0.03324200 0.03981700 0.07342300 -0.24671300
45 5.51180800 -0.00000600 0.00000400 -0.95227000 0.00000000 0.00000000
46 0.19684600 0.00000600 0.00000000 -0.34822500 0.00001500 -0.00000200
47 0.00000000 1.00000000 0.00000000 0.00000000 0.00000000 -1.57079600
48 -2.88370400 33.22035600 -3.42586400 0.00000000 0.00000000 -3.14156200
49 -7.96028642 48.92653539 -7.18259777 0.21465949 0.01953477 -0.40699146
50 11.07229800 1.05240800 -5.47149600 0.93682200 1.06673800 2.43562500
51 5.51488700 0.00125700 -1.24599700 0.00000000 0.00000000 0.00000000
52 -5.17175500 -0.20860600 1.50504400 0.11058500 0.00000000 0.00000000
53 0.00000400 0.45916200 0.00000000 -0.19771300 0.00000000 0.00000000
54 0.00000200 0.90097000 0.00000000 -0.43178600 0.00000000 0.00000000
55 0.00000400 0.90137900 0.00000100 -0.77968100 0.00000000 0.00000000
56 0.00000400 0.92234000 0.00000000 -0.26286200 0.00000000 0.00000000
57 0.00000000 0.90352400 -0.00000200 -0.00009000 0.00000000 0.00000000
58 0.00000200 0.91195300 0.00000000 -0.00896200 0.00000000 0.00000000
59 0.00000000 0.91130700 0.00000000 -0.00389300 0.00000000 0.00000000
60 0.00000400 0.90763800 0.00000200 0.00781400 0.00000000 0.00000000
61 0.00000000 0.90783600 0.00000000 0.01513400 0.00000000 0.00000000
62 -7.93947800 -0.00024100 1.60274100 0.00000000 0.00000000 0.00000000
63 -17.25021400 -0.73788500 -1.61960300 -0.54875900 0.30608400 -0.18218700
64 -17.25020600 0.71140500 -1.55281900 0.51629900 0.36128900 0.19804100
65 -1.11169100 1.28617900 -1.15214400 0.00000000 0.00000000 0.00000000
66 -8.44460900 -2.21927600 -2.25476600 3.09200100 1.15353800 -2.39145700
time 41
0 -0.00000100 8.45008800 -27.50902600 0.00000000 0.00000000 0.00003100
1 -0.00000200 0.00000000 0.00000000 1.57074700 -1.56714200 -1.57074700
2 4.25546500 -0.33518400 -0.00000200 0.00000000 0.00000000 -0.12484800
3 7.43125000 1.49647900 0.00000200 0.00000000 0.00000000 0.24545000
4 5.27847900 0.16554300 0.00000100 0.00000000 0.00000000 0.04851100
5 -1.64873900 -13.09409500 6.31045600 1.97586600 1.15990900 -1.29878500
6 -6.21447800 -0.00001000 -0.00002700 2.75006329 -0.69973045 1.73587097
7 11.94488900 0.00000000 0.00000000 -0.43746680 -0.34527102 1.79325499
8 10.62019000 0.00000000 0.00000000 0.50126801 0.23324072 3.12265086
9 -4.75111000 -0.69449400 0.83057900 -0.20909800 -0.26626700 0.23759500
10 -1.68807600 0.00004300 -0.00003100 0.01890100 -0.01595800 0.56873800
11 -1.33614300 0.00005300 -0.00001000 0.02638000 -0.00059700 0.57491600
12 -4.82049600 -0.50945900 -0.22476100 -0.40355600 -0.04801500 1.29352100
13 -1.82699200 -0.00007200 0.00000800 0.00083000 0.10005500 1.71807400
14 -1.43657300 0.00000800 0.00000400 -0.01240500 -0.09794400 -0.01495000
15 -3.99235900 -0.89118600 -1.82791000 -0.64296900 0.36064400 1.56296000
16 -1.40592200 -0.00002700 0.00000000 -0.01220200 -0.02684500 1.30196100
17 -1.17535800 0.00012800 -0.00002100 0.02756300 0.06210400 0.32121000
18 -4.52675200 -0.69057500 -1.12074400 -0.46821800 0.17091500 1.47116200
19 -1.74403800 0.00003300 -0.00000400 -0.13022500 0.10023700 1.62651500
20 -1.36877400 0.00002500 0.00000400 0.00993500 0.05150500 0.08698400
21 -2.03839700 -0.89279200 0.93250500 1.78891300 0.18637700 0.83287400
22 -1.62788800 0.15474900 0.01182400 -0.11534900 0.17036400 0.47218900
23 -1.59927600 0.00000800 0.00001500 0.02557400 -0.03449400 0.91320200
24 5.51182400 0.00000800 -0.00000400 2.10279000 -0.06602500 3.11587600
25 0.19684600 -0.00000100 0.00000400 2.79340696 -0.00047267 -3.14147660
26 -2.55123000 -11.57811500 -3.02197200 1.97586200 1.15991000 1.84280300
27 6.21448500 0.00001000 0.00002000 -1.31118773 0.67072360 -1.72132916
28 11.94488500 -0.00003200 -0.00019900 -0.70747595 -0.34178485 -1.27573607
29 10.62016900 -0.00000200 0.00000800 -2.03840911 -0.50724303 0.22366811
30 4.75116500 0.69437600 -0.83047400 0.02505900 -0.18560800 0.14615800
31 1.68806100 -0.00002400 0.00000200 -0.00776500 -0.02349400 1.75632300
32 1.33615100 -0.00005000 -0.00001000 0.00924200 -0.03762600 0.12943000
33 4.82051700 0.50934200 0.22486600 -0.20655200 -0.13961500 0.62947100
34 1.82700300 0.00006200 0.00001000 0.02735300 0.02979100 2.01690100
35 1.43658100 -0.00000600 0.00001000 0.01515000 0.00045200 -0.75718600
36 3.99235500 0.89109000 1.82799500 -0.42620000 0.27844800 1.39074000
37 1.40592200 0.00003100 -0.00000400 -0.01231800 -0.02677000 1.30554600
38 1.17536200 -0.00013200 0.00000400 -0.09551900 0.07798600 -0.93359900
39 4.52676200 0.69046800 1.12084200 -0.36932500 0.01644200 1.00623400
40 1.74404100 -0.00002700 0.00000100 -0.02939300 -0.00337500 1.86812600
41 1.36876300 -0.00003100 -0.00002000 -0.12957300 0.09181900 -1.14340300
42 1.80927100 0.89528800 -1.12011200 1.88461400 0.36803000 0.40774200
43 1.49514000 -0.24140600 0.04487800 0.00360000 -0.23414300 0.03443400
44 1.57423800 -0.10444600 0.03324200 0.03981700 0.07342300 -0.24671300
45 5.51180800 -0.00000600 0.00000400 -0.95227000 0.00000000 0.00000000
46 0.19684600 0.00000600 0.00000000 -0.34822500 0.00001500 -0.00000200
47 0.00000000 1.00000000 0.00000000 0.00000000 0.00000000 -1.57079600
48 -2.88370400 33.22035600 -3.42586400 0.00000000 0.00000000 -3.14156200
49 -7.92500114 48.92653539 -7.16280655 0.21864863 0.02167732 -0.40702856
50 11.07229800 1.05240800 -5.47149600 0.93682200 1.06673800 2.43562500
51 5.51488700 0.00125700 -1.24599700 0.00000000 0.00000000 0.00000000
52 -5.17175500 -0.20860600 1.50504400 0.11058500 0.00000000 0.00000000
53 0.00000400 0.45916200 0.00000000 -0.19771300 0.00000000 0.00000000
54 0.00000200 0.90097000 0.00000000 -0.43178600 0.00000000 0.00000000
55 0.00000400 0.90137900 0.00000100 -0.77968100 0.00000000 0.00000000
56 0.00000400 0.92234000 0.00000000 -0.26286200 0.00000000 0.00000000
57 0.00000000 0.90352400 -0.00000200 -0.00009000 0.00000000 0.00000000
58 0.00000200 0.91195300 0.00000000 -0.00896200 0.00000000 0.00000000
59 0.00000000 0.91130700 0.00000000 -0.00389300 0.00000000 0.00000000
60 0.00000400 0.90763800 0.00000200 0.00781400 0.00000000 0.00000000
61 0.00000000 0.90783600 0.00000000 0.01513400 0.00000000 0.00000000
62 -7.93947800 -0.00024100 1.60274100 0.00000000 0.00000000 0.00000000
63 -17.25021400 -0.73788500 -1.61960300 -0.54875900 0.30608400 -0.18218700
64 -17.25020600 0.71140500 -1.55281900 0.51629900 0.36128900 0.19804100
65 -1.11169100 1.28617900 -1.15214400 0.00000000 0.00000000 0.00000000
66 -8.44460900 -2.21927600 -2.25476600 3.09200100 1.15353800 -2.39145700
time 42
0 -0.00000100 8.45008800 -27.50902600 0.00000000 0.00000000 0.00003100
1 -0.00000200 0.00000000 0.00000000 1.57074700 -1.56714200 -1.57074700
2 4.25546500 -0.33518400 -0.00000200 0.00000000 0.00000000 -0.12484800
3 7.43125000 1.49647900 0.00000200 0.00000000 0.00000000 0.24545000
4 5.27847900 0.16554300 0.00000100 0.00000000 0.00000000 0.04851100
5 -1.64873900 -13.09409500 6.31045600 1.97586600 1.15990900 -1.29878500
6 -6.21447800 -0.00001000 -0.00002700 2.75187447 -0.69949777 1.73789923
7 11.94488900 0.00000000 0.00000000 -0.43728845 -0.34426149 1.79267356
8 10.62019000 0.00000000 0.00000000 0.50376299 0.23439619 3.12750251
9 -4.75111000 -0.69449400 0.83057900 -0.20909800 -0.26626700 0.23759500
10 -1.68807600 0.00004300 -0.00003100 0.01890100 -0.01595800 0.56873800
11 -1.33614300 0.00005300 -0.00001000 0.02638000 -0.00059700 0.57491600
12 -4.82049600 -0.50945900 -0.22476100 -0.40355600 -0.04801500 1.29352100
13 -1.82699200 -0.00007200 0.00000800 0.00083000 0.10005500 1.71807400
14 -1.43657300 0.00000800 0.00000400 -0.01240500 -0.09794400 -0.01495000
15 -3.99235900 -0.89118600 -1.82791000 -0.64296900 0.36064400 1.56296000
16 -1.40592200 -0.00002700 0.00000000 -0.01220200 -0.02684500 1.30196100
17 -1.17535800 0.00012800 -0.00002100 0.02756300 0.06210400 0.32121000
18 -4.52675200 -0.69057500 -1.12074400 -0.46821800 0.17091500 1.47116200
19 -1.74403800 0.00003300 -0.00000400 -0.13022500 0.10023700 1.62651500
20 -1.36877400 0.00002500 0.00000400 0.00993500 0.05150500 0.08698400
21 -2.03839700 -0.89279200 0.93250500 1.78891300 0.18637700 0.83287400
22 -1.62788800 0.15474900 0.01182400 -0.11534900 0.17036400 0.47218900
23 -1.59927600 0.00000800 0.00001500 0.02557400 -0.03449400 0.91320200
24 5.51182400 0.00000800 -0.00000400 2.10279000 -0.06602500 3.11587600
25 0.19684600 -0.00000100 0.00000400 2.79340696 -0.00047267 -3.14147660
26 -2.55123000 -11.57811500 -3.02197200 1.97586200 1.15991000 1.84280300
27 6.21448500 0.00001000 0.00002000 -1.31067464 0.66880900 -1.72255648
28 11.94488500 -0.00003200 -0.00019900 -0.70735040 -0.34043167 -1.27587705
29 10.62016900 -0.00000200 0.00000800 -2.03845619 -0.50741662 0.22067130
30 4.75116500 0.69437600 -0.83047400 0.02505900 -0.18560800 0.14615800
31 1.68806100 -0.00002400 0.00000200 -0.00776500 -0.02349400 1.75632300
32 1.33615100 -0.00005000 -0.00001000 0.00924200 -0.03762600 0.12943000
33 4.82051700 0.50934200 0.22486600 -0.20655200 -0.13961500 0.62947100
34 1.82700300 0.00006200 0.00001000 0.02735300 0.02979100 2.01690100
35 1.43658100 -0.00000600 0.00001000 0.01515000 0.00045200 -0.75718600
36 3.99235500 0.89109000 1.82799500 -0.42620000 0.27844800 1.39074000
37 1.40592200 0.00003100 -0.00000400 -0.01231800 -0.02677000 1.30554600
38 1.17536200 -0.00013200 0.00000400 -0.09551900 0.07798600 -0.93359900
39 4.52676200 0.69046800 1.12084200 -0.36932500 0.01644200 1.00623400
40 1.74404100 -0.00002700 0.00000100 -0.02939300 -0.00337500 1.86812600
41 1.36876300 -0.00003100 -0.00002000 -0.12957300 0.09181900 -1.14340300
42 1.80927100 0.89528800 -1.12011200 1.88461400 0.36803000 0.40774200
43 1.49514000 -0.24140600 0.04487800 0.00360000 -0.23414300 0.03443400
44 1.57423800 -0.10444600 0.03324200 0.03981700 0.07342300 -0.24671300
45 5.51180800 -0.00000600 0.00000400 -0.95227000 0.00000000 0.00000000
46 0.19684600 0.00000600 0.00000000 -0.34822500 0.00001500 -0.00000200
47 0.00000000 1.00000000 0.00000000 0.00000000 0.00000000 -1.57079600
48 -2.88370400 33.22035600 -3.42586400 0.00000000 0.00000000 -3.14156200
49 -7.88965227 48.92653539 -7.13949980 0.22200585 0.02442664 -0.40710897
50 11.07229800 1.05240800 -5.47149600 0.93682200 1.06673800 2.43562500
51 5.51488700 0.00125700 -1.24599700 0.00000000 0.00000000 0.00000000
52 -5.17175500 -0.20860600 1.50504400 0.11058500 0.00000000 0.00000000
53 0.00000400 0.45916200 0.00000000 -0.19771300 0.00000000 0.00000000
54 0.00000200 0.90097000 0.00000000 -0.43178600 0.00000000 0.00000000
55 0.00000400 0.90137900 0.00000100 -0.77968100 0.00000000 0.00000000
56 0.00000400 0.92234000 0.00000000 -0.26286200 0.00000000 0.00000000
57 0.00000000 0.90352400 -0.00000200 -0.00009000 0.00000000 0.00000000
58 0.00000200 0.91195300 0.00000000 -0.00896200 0.00000000 0.00000000
59 0.00000000 0.91130700 0.00000000 -0.00389300 0.00000000 0.00000000
60 0.00000400 0.90763800 0.00000200 0.00781400 0.00000000 0.00000000
61 0.00000000 0.90783600 0.00000000 0.01513400 0.00000000 0.00000000
62 -7.93947800 -0.00024100 1.60274100 0.00000000 0.00000000 0.00000000
63 -17.25021400 -0.73788500 -1.61960300 -0.54875900 0.30608400 -0.18218700
64 -17.25020600 0.71140500 -1.55281900 0.51629900 0.36128900 0.19804100
65 -1.11169100 1.28617900 -1.15214400 0.00000000 0.00000000 0.00000000
66 -8.44460900 -2.21927600 -2.25476600 3.09200100 1.15353800 -2.39145700
time 43
0 -0.00000100 8.45008800 -27.50902600 0.00000000 0.00000000 0.00003100
1 -0.00000200 0.00000000 0.00000000 1.57074700 -1.56714200 -1.57074700
2 4.25546500 -0.33518400 -0.00000200 0.00000000 0.00000000 -0.12484800
3 7.43125000 1.49647900 0.00000200 0.00000000 0.00000000 0.24545000
4 5.27847900 0.16554300 0.00000100 0.00000000 0.00000000 0.04851100
5 -1.64873900 -13.09409500 6.31045600 1.97586600 1.15990900 -1.29878500
6 -6.21447800 -0.00001000 -0.00002700 2.75371232 -0.69913559 1.73992493
7 11.94488900 0.00000000 0.00000000 -0.43701307 -0.34323133 1.79195935
8 10.62019000 0.00000000 0.00000000 0.50636631 0.23562479 3.13239790
9 -4.75111000 -0.69449400 0.83057900 -0.20909800 -0.26626700 0.23759500
10 -1.68807600 0.00004300 -0.00003100 0.01890100 -0.01595800 0.56873800
11 -1.33614300 0.00005300 -0.00001000 0.02638000 -0.00059700 0.57491600
12 -4.82049600 -0.50945900 -0.22476100 -0.40355600 -0.04801500 1.29352100
13 -1.82699200 -0.00007200 0.00000800 0.00083000 0.10005500 1.71807400
14 -1.43657300 0.00000800 0.00000400 -0.01240500 -0.09794400 -0.01495000
15 -3.99235900 -0.89118600 -1.82791000 -0.64296900 0.36064400 1.56296000
16 -1.40592200 -0.00002700 0.00000000 -0.01220200 -0.02684500 1.30196100
17 -1.17535800 0.00012800 -0.00002100 0.02756300 0.06210400 0.32121000
18 -4.52675200 -0.69057500 -1.12074400 -0.46821800 0.17091500 1.47116200
19 -1.74403800 0.00003300 -0.00000400 -0.13022500 0.10023700 1.62651500
20 -1.36877400 0.00002500 0.00000400 0.00993500 0.05150500 0.08698400
21 -2.03839700 -0.89279200 0.93250500 1.78891300 0.18637700 0.83287400
22 -1.62788800 0.15474900 0.01182400 -0.11534900 0.17036400 0.47218900
23 -1.59927600 0.00000800 0.00001500 0.02557400 -0.03449400 0.91320200
24 5.51182400 0.00000800 -0.00000400 2.10279000 -0.06602500 3.11587600
25 0.19684600 -0.00000100 0.00000400 2.79340696 -0.00047267 -3.14147660
26 -2.55123000 -11.57811500 -3.02197200 1.97586200 1.15991000 1.84280300
27 6.21448500 0.00001000 0.00002000 -1.31014167 0.66688490 -1.72376229
28 11.94488500 -0.00003200 -0.00019900 -0.70731765 -0.33911429 -1.27599756
29 10.62016900 -0.00000200 0.00000800 -2.03860886 -0.50753971 0.21761138
30 4.75116500 0.69437600 -0.83047400 0.02505900 -0.18560800 0.14615800
31 1.68806100 -0.00002400 0.00000200 -0.00776500 -0.02349400 1.75632300
32 1.33615100 -0.00005000 -0.00001000 0.00924200 -0.03762600 0.12943000
33 4.82051700 0.50934200 0.22486600 -0.20655200 -0.13961500 0.62947100
34 1.82700300 0.00006200 0.00001000 0.02735300 0.02979100 2.01690100
35 1.43658100 -0.00000600 0.00001000 0.01515000 0.00045200 -0.75718600
36 3.99235500 0.89109000 1.82799500 -0.42620000 0.27844800 1.39074000
37 1.40592200 0.00003100 -0.00000400 -0.01231800 -0.02677000 1.30554600
38 1.17536200 -0.00013200 0.00000400 -0.09551900 0.07798600 -0.93359900
39 4.52676200 0.69046800 1.12084200 -0.36932500 0.01644200 1.00623400
40 1.74404100 -0.00002700 0.00000100 -0.02939300 -0.00337500 1.86812600
41 1.36876300 -0.00003100 -0.00002000 -0.12957300 0.09181900 -1.14340300
42 1.80927100 0.89528800 -1.12011200 1.88461400 0.36803000 0.40774200
43 1.49514000 -0.24140600 0.04487800 0.00360000 -0.23414300 0.03443400
44 1.57423800 -0.10444600 0.03324200 0.03981700 0.07342300 -0.24671300
45 5.51180800 -0.00000600 0.00000400 -0.95227000 0.00000000 0.00000000
46 0.19684600 0.00000600 0.00000000 -0.34822500 0.00001500 -0.00000200
47 0.00000000 1.00000000 0.00000000 0.00000000 0.00000000 -1.57079600
48 -2.88370400 33.22035600 -3.42586400 0.00000000 0.00000000 -3.14156200
49 -7.85430339 48.92653539 -7.11579804 0.22534628 0.02726142 -0.40717283
50 11.07229800 1.05240800 -5.47149600 0.93682200 1.06673800 2.43562500
51 5.51488700 0.00125700 -1.24599700 0.00000000 0.00000000 0.00000000
52 -5.17175500 -0.20860600 1.50504400 0.11058500 0.00000000 0.00000000
53 0.00000400 0.45916200 0.00000000 -0.19771300 0.00000000 0.00000000
54 0.00000200 0.90097000 0.00000000 -0.43178600 0.00000000 0.00000000
55 0.00000400 0.90137900 0.00000100 -0.77968100 0.00000000 0.00000000
56 0.00000400 0.92234000 0.00000000 -0.26286200 0.00000000 0.00000000
57 0.00000000 0.90352400 -0.00000200 -0.00009000 0.00000000 0.00000000
58 0.00000200 0.91195300 0.00000000 -0.00896200 0.00000000 0.00000000
59 0.00000000 0.91130700 0.00000000 -0.00389300 0.00000000 0.00000000
60 0.00000400 0.90763800 0.00000200 0.00781400 0.00000000 0.00000000
61 0.00000000 0.90783600 0.00000000 0.01513400 0.00000000 0.00000000
62 -7.93947800 -0.00024100 1.60274100 0.00000000 0.00000000 0.00000000
63 -17.25021400 -0.73788500 -1.61960300 -0.54875900 0.30608400 -0.18218700
64 -17.25020600 0.71140500 -1.55281900 0.51629900 0.36128900 0.19804100
65 -1.11169100 1.28617900 -1.15214400 0.00000000 0.00000000 0.00000000
66 -8.44460900 -2.21927600 -2.25476600 3.09200100 1.15353800 -2.39145700
time 44
0 -0.00000100 8.45008800 -27.50902600 0.00000000 0.00000000 0.00003100
1 -0.00000200 0.00000000 0.00000000 1.57074700 -1.56714200 -1.57074700
2 4.25546500 -0.33518400 -0.00000200 0.00000000 0.00000000 -0.12484800
3 7.43125000 1.49647900 0.00000200 0.00000000 0.00000000 0.24545000
4 5.27847900 0.16554300 0.00000100 0.00000000 0.00000000 0.04851100
5 -1.64873900 -13.09409500 6.31045600 1.97586600 1.15990900 -1.29878500
6 -6.21447800 -0.00001000 -0.00002700 2.75532190 -0.69894556 1.74170976
7 11.94488900 0.00000000 0.00000000 -0.43677997 -0.34235910 1.79110489
8 10.62019000 0.00000000 0.00000000 0.50887886 0.23721659 3.13712789
9 -4.75111000 -0.69449400 0.83057900 -0.20909800 -0.26626700 0.23759500
10 -1.68807600 0.00004300 -0.00003100 0.01890100 -0.01595800 0.56873800
11 -1.33614300 0.00005300 -0.00001000 0.02638000 -0.00059700 0.57491600
12 -4.82049600 -0.50945900 -0.22476100 -0.40355600 -0.04801500 1.29352100
13 -1.82699200 -0.00007200 0.00000800 0.00083000 0.10005500 1.71807400
14 -1.43657300 0.00000800 0.00000400 -0.01240500 -0.09794400 -0.01495000
15 -3.99235900 -0.89118600 -1.82791000 -0.64296900 0.36064400 1.56296000
16 -1.40592200 -0.00002700 0.00000000 -0.01220200 -0.02684500 1.30196100
17 -1.17535800 0.00012800 -0.00002100 0.02756300 0.06210400 0.32121000
18 -4.52675200 -0.69057500 -1.12074400 -0.46821800 0.17091500 1.47116200
19 -1.74403800 0.00003300 -0.00000400 -0.13022500 0.10023700 1.62651500
20 -1.36877400 0.00002500 0.00000400 0.00993500 0.05150500 0.08698400
21 -2.03839700 -0.89279200 0.93250500 1.78891300 0.18637700 0.83287400
22 -1.62788800 0.15474900 0.01182400 -0.11534900 0.17036400 0.47218900
23 -1.59927600 0.00000800 0.00001500 0.02557400 -0.03449400 0.91320200
24 5.51182400 0.00000800 -0.00000400 2.10279000 -0.06602500 3.11587600
25 0.19684600 -0.00000100 0.00000400 2.79340696 -0.00047267 -3.14147660
26 -2.55123000 -11.57811500 -3.02197200 1.97586200 1.15991000 1.84280300
27 6.21448500 0.00001000 0.00002000 -1.30973852 0.66476463 -1.72482376
28 11.94488500 -0.00003200 -0.00019900 -0.70732819 -0.33766347 -1.27595875
29 10.62016900 -0.00000200 0.00000800 -2.03841854 -0.50764004 0.21472424
30 4.75116500 0.69437600 -0.83047400 0.02505900 -0.18560800 0.14615800
31 1.68806100 -0.00002400 0.00000200 -0.00776500 -0.02349400 1.75632300
32 1.33615100 -0.00005000 -0.00001000 0.00924200 -0.03762600 0.12943000
33 4.82051700 0.50934200 0.22486600 -0.20655200 -0.13961500 0.62947100
34 1.82700300 0.00006200 0.00001000 0.02735300 0.02979100 2.01690100
35 1.43658100 -0.00000600 0.00001000 0.01515000 0.00045200 -0.75718600
36 3.99235500 0.89109000 1.82799500 -0.42620000 0.27844800 1.39074000
37 1.40592200 0.00003100 -0.00000400 -0.01231800 -0.02677000 1.30554600
38 1.17536200 -0.00013200 0.00000400 -0.09551900 0.07798600 -0.93359900
39 4.52676200 0.69046800 1.12084200 -0.36932500 0.01644200 1.00623400
40 1.74404100 -0.00002700 0.00000100 -0.02939300 -0.00337500 1.86812600
41 1.36876300 -0.00003100 -0.00002000 -0.12957300 0.09181900 -1.14340300
42 1.80927100 0.89528800 -1.12011200 1.88461400 0.36803000 0.40774200
43 1.49514000 -0.24140600 0.04487800 0.00360000 -0.23414300 0.03443400
44 1.57423800 -0.10444600 0.03324200 0.03981700 0.07342300 -0.24671300
45 5.51180800 -0.00000600 0.00000400 -0.95227000 0.00000000 0.00000000
46 0.19684600 0.00000600 0.00000000 -0.34822500 0.00001500 -0.00000200
47 0.00000000 1.00000000 0.00000000 0.00000000 0.00000000 -1.57079600
48 -2.88370400 33.22035600 -3.42586400 0.00000000 0.00000000 -3.14156200
49 -7.82108235 48.92653507 -7.09149694 0.22843896 0.03018209 -0.40727903
50 11.07229800 1.05240800 -5.47149600 0.93682200 1.06673800 2.43562500
51 5.51488700 0.00125700 -1.24599700 0.00000000 0.00000000 0.00000000
52 -5.17175500 -0.20860600 1.50504400 0.11058500 0.00000000 0.00000000
53 0.00000400 0.45916200 0.00000000 -0.19771300 0.00000000 0.00000000
54 0.00000200 0.90097000 0.00000000 -0.43178600 0.00000000 0.00000000
55 0.00000400 0.90137900 0.00000100 -0.77968100 0.00000000 0.00000000
56 0.00000400 0.92234000 0.00000000 -0.26286200 0.00000000 0.00000000
57 0.00000000 0.90352400 -0.00000200 -0.00009000 0.00000000 0.00000000
58 0.00000200 0.91195300 0.00000000 -0.00896200 0.00000000 0.00000000
59 0.00000000 0.91130700 0.00000000 -0.00389300 0.00000000 0.00000000
60 0.00000400 0.90763800 0.00000200 0.00781400 0.00000000 0.00000000
61 0.00000000 0.90783600 0.00000000 0.01513400 0.00000000 0.00000000
62 -7.93947800 -0.00024100 1.60274100 0.00000000 0.00000000 0.00000000
63 -17.25021400 -0.73788500 -1.61960300 -0.54875900 0.30608400 -0.18218700
64 -17.25020600 0.71140500 -1.55281900 0.51629900 0.36128900 0.19804100
65 -1.11169100 1.28617900 -1.15214400 0.00000000 0.00000000 0.00000000
66 -8.44460900 -2.21927600 -2.25476600 3.09200100 1.15353800 -2.39145700
time 45
0 -0.00000100 8.45008800 -27.50902600 0.00000000 0.00000000 0.00003100
1 -0.00000200 0.00000000 0.00000000 1.57074700 -1.56714200 -1.57074700
2 4.25546500 -0.33518400 -0.00000200 0.00000000 0.00000000 -0.12484800
3 7.43125000 1.49647900 0.00000200 0.00000000 0.00000000 0.24545000
4 5.27847900 0.16554300 0.00000100 0.00000000 0.00000000 0.04851100
5 -1.64873900 -13.09409500 6.31045600 1.97586600 1.15990900 -1.29878500
6 -6.21447800 -0.00001000 -0.00002700 2.75659951 -0.69884118 1.74296799
7 11.94488900 0.00000000 0.00000000 -0.43646031 -0.34154488 1.79020573
8 10.62019000 0.00000000 0.00000000 0.51103271 0.23946996 3.14122463
9 -4.75111000 -0.69449400 0.83057900 -0.20909800 -0.26626700 0.23759500
10 -1.68807600 0.00004300 -0.00003100 0.01890100 -0.01595800 0.56873800
11 -1.33614300 0.00005300 -0.00001000 0.02638000 -0.00059700 0.57491600
12 -4.82049600 -0.50945900 -0.22476100 -0.40355600 -0.04801500 1.29352100
13 -1.82699200 -0.00007200 0.00000800 0.00083000 0.10005500 1.71807400
14 -1.43657300 0.00000800 0.00000400 -0.01240500 -0.09794400 -0.01495000
15 -3.99235900 -0.89118600 -1.82791000 -0.64296900 0.36064400 1.56296000
16 -1.40592200 -0.00002700 0.00000000 -0.01220200 -0.02684500 1.30196100
17 -1.17535800 0.00012800 -0.00002100 0.02756300 0.06210400 0.32121000
18 -4.52675200 -0.69057500 -1.12074400 -0.46821800 0.17091500 1.47116200
19 -1.74403800 0.00003300 -0.00000400 -0.13022500 0.10023700 1.62651500
20 -1.36877400 0.00002500 0.00000400 0.00993500 0.05150500 0.08698400
21 -2.03839700 -0.89279200 0.93250500 1.78891300 0.18637700 0.83287400
22 -1.62788800 0.15474900 0.01182400 -0.11534900 0.17036400 0.47218900
23 -1.59927600 0.00000800 0.00001500 0.02557400 -0.03449400 0.91320200
24 5.51182400 0.00000800 -0.00000400 2.10279000 -0.06602500 3.11587600
25 0.19684600 -0.00000100 0.00000400 2.79340696 -0.00047267 -3.14147660
26 -2.55123000 -11.57811500 -3.02197200 1.97586200 1.15991000 1.84280300
27 6.21448500 0.00001000 0.00002000 -1.30936387 0.66235588 -1.72562140
28 11.94488500 -0.00003200 -0.00019900 -0.70737131 -0.33606537 -1.27584990
29 10.62016900 -0.00000200 0.00000800 -2.03785791 -0.50767821 0.21238719
30 4.75116500 0.69437600 -0.83047400 0.02505900 -0.18560800 0.14615800
31 1.68806100 -0.00002400 0.00000200 -0.00776500 -0.02349400 1.75632300
32 1.33615100 -0.00005000 -0.00001000 0.00924200 -0.03762600 0.12943000
33 4.82051700 0.50934200 0.22486600 -0.20655200 -0.13961500 0.62947100
34 1.82700300 0.00006200 0.00001000 0.02735300 0.02979100 2.01690100
35 1.43658100 -0.00000600 0.00001000 0.01515000 0.00045200 -0.75718600
36 3.99235500 0.89109000 1.82799500 -0.42620000 0.27844800 1.39074000
37 1.40592200 0.00003100 -0.00000400 -0.01231800 -0.02677000 1.30554600
38 1.17536200 -0.00013200 0.00000400 -0.09551900 0.07798600 -0.93359900
39 4.52676200 0.69046800 1.12084200 -0.36932500 0.01644200 1.00623400
40 1.74404100 -0.00002700 0.00000100 -0.02939300 -0.00337500 1.86812600
41 1.36876300 -0.00003100 -0.00002000 -0.12957300 0.09181900 -1.14340300
42 1.80927100 0.89528800 -1.12011200 1.88461400 0.36803000 0.40774200
43 1.49514000 -0.24140600 0.04487800 0.00360000 -0.23414300 0.03443400
44 1.57423800 -0.10444600 0.03324200 0.03981700 0.07342300 -0.24671300
45 5.51180800 -0.00000600 0.00000400 -0.95227000 0.00000000 0.00000000
46 0.19684600 0.00000600 0.00000000 -0.34822500 0.00001500 -0.00000200
47 0.00000000 1.00000000 0.00000000 0.00000000 0.00000000 -1.57079600
48 -2.88370400 33.22035600 -3.42586400 0.00000000 0.00000000 -3.14156200
49 -7.79158503 48.92653419 -7.06645646 0.23101565 0.03332685 -0.40745634
50 11.07229800 1.05240800 -5.47149600 0.93682200 1.06673800 2.43562500
51 5.51488700 0.00125700 -1.24599700 0.00000000 0.00000000 0.00000000
52 -5.17175500 -0.20860600 1.50504400 0.11058500 0.00000000 0.00000000
53 0.00000400 0.45916200 0.00000000 -0.19771300 0.00000000 0.00000000
54 0.00000200 0.90097000 0.00000000 -0.43178600 0.00000000 0.00000000
55 0.00000400 0.90137900 0.00000100 -0.77968100 0.00000000 0.00000000
56 0.00000400 0.92234000 0.00000000 -0.26286200 0.00000000 0.00000000
57 0.00000000 0.90352400 -0.00000200 -0.00009000 0.00000000 0.00000000
58 0.00000200 0.91195300 0.00000000 -0.00896200 0.00000000 0.00000000
59 0.00000000 0.91130700 0.00000000 -0.00389300 0.00000000 0.00000000
60 0.00000400 0.90763800 0.00000200 0.00781400 0.00000000 0.00000000
61 0.00000000 0.90783600 0.00000000 0.01513400 0.00000000 0.00000000
62 -7.93947800 -0.00024100 1.60274100 0.00000000 0.00000000 0.00000000
63 -17.25021400 -0.73788500 -1.61960300 -0.54875900 0.30608400 -0.18218700
64 -17.25020600 0.71140500 -1.55281900 0.51629900 0.36128900 0.19804100
65 -1.11169100 1.28617900 -1.15214400 0.00000000 0.00000000 0.00000000
66 -8.44460900 -2.21927600 -2.25476600 3.09200100 1.15353800 -2.39145700
time 46
0 -0.00000100 8.45008800 -27.50902600 0.00000000 0.00000000 0.00003100
1 -0.00000200 0.00000000 0.00000000 1.57074700 -1.56714200 -1.57074700
2 4.25546500 -0.33518400 -0.00000200 0.00000000 0.00000000 -0.12484800
3 7.43125000 1.49647900 0.00000200 0.00000000 0.00000000 0.24545000
4 5.27847900 0.16554300 0.00000100 0.00000000 0.00000000 0.04851100
5 -1.64873900 -13.09409500 6.31045600 1.97586600 1.15990900 -1.29878500
6 -6.21447800 -0.00001000 -0.00002700 2.75785393 -0.69857893 1.74436540
7 11.94488900 0.00000000 0.00000000 -0.43616904 -0.34069978 1.78917193
8 10.62019000 0.00000000 0.00000000 0.51320388 0.24171473 -3.13784942
9 -4.75111000 -0.69449400 0.83057900 -0.20909800 -0.26626700 0.23759500
10 -1.68807600 0.00004300 -0.00003100 0.01890100 -0.01595800 0.56873800
11 -1.33614300 0.00005300 -0.00001000 0.02638000 -0.00059700 0.57491600
12 -4.82049600 -0.50945900 -0.22476100 -0.40355600 -0.04801500 1.29352100
13 -1.82699200 -0.00007200 0.00000800 0.00083000 0.10005500 1.71807400
14 -1.43657300 0.00000800 0.00000400 -0.01240500 -0.09794400 -0.01495000
15 -3.99235900 -0.89118600 -1.82791000 -0.64296900 0.36064400 1.56296000
16 -1.40592200 -0.00002700 0.00000000 -0.01220200 -0.02684500 1.30196100
17 -1.17535800 0.00012800 -0.00002100 0.02756300 0.06210400 0.32121000
18 -4.52675200 -0.69057500 -1.12074400 -0.46821800 0.17091500 1.47116200
19 -1.74403800 0.00003300 -0.00000400 -0.13022500 0.10023700 1.62651500
20 -1.36877400 0.00002500 0.00000400 0.00993500 0.05150500 0.08698400
21 -2.03839700 -0.89279200 0.93250500 1.78891300 0.18637700 0.83287400
22 -1.62788800 0.15474900 0.01182400 -0.11534900 0.17036400 0.47218900
23 -1.59927600 0.00000800 0.00001500 0.02557400 -0.03449400 0.91320200
24 5.51182400 0.00000800 -0.00000400 2.10279000 -0.06602500 3.11587600
25 0.19684600 -0.00000100 0.00000400 2.79340696 -0.00047267 -3.14147660
26 -2.55123000 -11.57811500 -3.02197200 1.97586200 1.15991000 1.84280300
27 6.21448500 0.00001000 0.00002000 -1.30902860 0.65987297 -1.72639201
28 11.94488500 -0.00003200 -0.00019900 -0.70744478 -0.33440636 -1.27562237
29 10.62016900 -0.00000200 0.00000800 -2.03716089 -0.50776942 0.20988318
30 4.75116500 0.69437600 -0.83047400 0.02505900 -0.18560800 0.14615800
31 1.68806100 -0.00002400 0.00000200 -0.00776500 -0.02349400 1.75632300
32 1.33615100 -0.00005000 -0.00001000 0.00924200 -0.03762600 0.12943000
33 4.82051700 0.50934200 0.22486600 -0.20655200 -0.13961500 0.62947100
34 1.82700300 0.00006200 0.00001000 0.02735300 0.02979100 2.01690100
35 1.43658100 -0.00000600 0.00001000 0.01515000 0.00045200 -0.75718600
36 3.99235500 0.89109000 1.82799500 -0.42620000 0.27844800 1.39074000
37 1.40592200 0.00003100 -0.00000400 -0.01231800 -0.02677000 1.30554600
38 1.17536200 -0.00013200 0.00000400 -0.09551900 0.07798600 -0.93359900
39 4.52676200 0.69046800 1.12084200 -0.36932500 0.01644200 1.00623400
40 1.74404100 -0.00002700 0.00000100 -0.02939300 -0.00337500 1.86812600
41 1.36876300 -0.00003100 -0.00002000 -0.12957300 0.09181900 -1.14340300
42 1.80927100 0.89528800 -1.12011200 1.88461400 0.36803000 0.40774200
43 1.49514000 -0.24140600 0.04487800 0.00360000 -0.23414300 0.03443400
44 1.57423800 -0.10444600 0.03324200 0.03981700 0.07342300 -0.24671300
45 5.51180800 -0.00000600 0.00000400 -0.95227000 0.00000000 0.00000000
46 0.19684600 0.00000600 0.00000000 -0.34822500 0.00001500 -0.00000200
47 0.00000000 1.00000000 0.00000000 0.00000000 0.00000000 -1.57079600
48 -2.88370400 33.22035600 -3.42586400 0.00000000 0.00000000 -3.14156200
49 -7.76208770 48.92653331 -7.04113098 0.23367752 0.03648913 -0.40762377
50 11.07229800 1.05240800 -5.47149600 0.93682200 1.06673800 2.43562500
51 5.51488700 0.00125700 -1.24599700 0.00000000 0.00000000 0.00000000
52 -5.17175500 -0.20860600 1.50504400 0.11058500 0.00000000 0.00000000
53 0.00000400 0.45916200 0.00000000 -0.19771300 0.00000000 0.00000000
54 0.00000200 0.90097000 0.00000000 -0.43178600 0.00000000 0.00000000
55 0.00000400 0.90137900 0.00000100 -0.77968100 0.00000000 0.00000000
56 0.00000400 0.92234000 0.00000000 -0.26286200 0.00000000 0.00000000
57 0.00000000 0.90352400 -0.00000200 -0.00009000 0.00000000 0.00000000
58 0.00000200 0.91195300 0.00000000 -0.00896200 0.00000000 0.00000000
59 0.00000000 0.91130700 0.00000000 -0.00389300 0.00000000 0.00000000
60 0.00000400 0.90763800 0.00000200 0.00781400 0.00000000 0.00000000
61 0.00000000 0.90783600 0.00000000 0.01513400 0.00000000 0.00000000
62 -7.93947800 -0.00024100 1.60274100 0.00000000 0.00000000 0.00000000
63 -17.25021400 -0.73788500 -1.61960300 -0.54875900 0.30608400 -0.18218700
64 -17.25020600 0.71140500 -1.55281900 0.51629900 0.36128900 0.19804100
65 -1.11169100 1.28617900 -1.15214400 0.00000000 0.00000000 0.00000000
66 -8.44460900 -2.21927600 -2.25476600 3.09200100 1.15353800 -2.39145700
time 47
0 -0.00000100 8.45008800 -27.50902600 0.00000000 0.00000000 0.00003100
1 -0.00000200 0.00000000 0.00000000 1.57074700 -1.56714200 -1.57074700
2 4.25546500 -0.33518400 -0.00000200 0.00000000 0.00000000 -0.12484800
3 7.43125000 1.49647900 0.00000200 0.00000000 0.00000000 0.24545000
4 5.27847900 0.16554300 0.00000100 0.00000000 0.00000000 0.04851100
5 -1.64873900 -13.09409500 6.31045600 1.97586600 1.15990900 -1.29878500
6 -6.21447800 -0.00001000 -0.00002700 2.75909937 -0.69846491 1.74538615
7 11.94488900 0.00000000 0.00000000 -0.43591315 -0.34007229 1.78835261
8 10.62019000 0.00000000 0.00000000 0.51536282 0.24369178 -3.13432605
9 -4.75111000 -0.69449400 0.83057900 -0.20909800 -0.26626700 0.23759500
10 -1.68807600 0.00004300 -0.00003100 0.01890100 -0.01595800 0.56873800
11 -1.33614300 0.00005300 -0.00001000 0.02638000 -0.00059700 0.57491600
12 -4.82049600 -0.50945900 -0.22476100 -0.40355600 -0.04801500 1.29352100
13 -1.82699200 -0.00007200 0.00000800 0.00083000 0.10005500 1.71807400
14 -1.43657300 0.00000800 0.00000400 -0.01240500 -0.09794400 -0.01495000
15 -3.99235900 -0.89118600 -1.82791000 -0.64296900 0.36064400 1.56296000
16 -1.40592200 -0.00002700 0.00000000 -0.01220200 -0.02684500 1.30196100
17 -1.17535800 0.00012800 -0.00002100 0.02756300 0.06210400 0.32121000
18 -4.52675200 -0.69057500 -1.12074400 -0.46821800 0.17091500 1.47116200
19 -1.74403800 0.00003300 -0.00000400 -0.13022500 0.10023700 1.62651500
20 -1.36877400 0.00002500 0.00000400 0.00993500 0.05150500 0.08698400
21 -2.03839700 -0.89279200 0.93250500 1.78891300 0.18637700 0.83287400
22 -1.62788800 0.15474900 0.01182400 -0.11534900 0.17036400 0.47218900
23 -1.59927600 0.00000800 0.00001500 0.02557400 -0.03449400 0.91320200
24 5.51182400 0.00000800 -0.00000400 2.10279000 -0.06602500 3.11587600
25 0.19684600 -0.00000100 0.00000400 2.79340696 -0.00047267 -3.14147660
26 -2.55123000 -11.57811500 -3.02197200 1.97586200 1.15991000 1.84280300
27 6.21448500 0.00001000 0.00002000 -1.30856261 0.65759596 -1.72710668
28 11.94488500 -0.00003200 -0.00019900 -0.70758632 -0.33308837 -1.27527439
29 10.62016900 -0.00000200 0.00000800 -2.03678734 -0.50763668 0.20781929
30 4.75116500 0.69437600 -0.83047400 0.02505900 -0.18560800 0.14615800
31 1.68806100 -0.00002400 0.00000200 -0.00776500 -0.02349400 1.75632300
32 1.33615100 -0.00005000 -0.00001000 0.00924200 -0.03762600 0.12943000
33 4.82051700 0.50934200 0.22486600 -0.20655200 -0.13961500 0.62947100
34 1.82700300 0.00006200 0.00001000 0.02735300 0.02979100 2.01690100
35 1.43658100 -0.00000600 0.00001000 0.01515000 0.00045200 -0.75718600
36 3.99235500 0.89109000 1.82799500 -0.42620000 0.27844800 1.39074000
37 1.40592200 0.00003100 -0.00000400 -0.01231800 -0.02677000 1.30554600
38 1.17536200 -0.00013200 0.00000400 -0.09551900 0.07798600 -0.93359900
39 4.52676200 0.69046800 1.12084200 -0.36932500 0.01644200 1.00623400
40 1.74404100 -0.00002700 0.00000100 -0.02939300 -0.00337500 1.86812600
41 1.36876300 -0.00003100 -0.00002000 -0.12957300 0.09181900 -1.14340300
42 1.80927100 0.89528800 -1.12011200 1.88461400 0.36803000 0.40774200
43 1.49514000 -0.24140600 0.04487800 0.00360000 -0.23414300 0.03443400
44 1.57423800 -0.10444600 0.03324200 0.03981700 0.07342300 -0.24671300
45 5.51180800 -0.00000600 0.00000400 -0.95227000 0.00000000 0.00000000
46 0.19684600 0.00000600 0.00000000 -0.34822500 0.00001500 -0.00000200
47 0.00000000 1.00000000 0.00000000 0.00000000 0.00000000 -1.57079600
48 -2.88370400 33.22035600 -3.42586400 0.00000000 0.00000000 -3.14156200
49 -7.73663695 48.92653299 -7.01734656 0.23605703 0.03932311 -0.40791996
50 11.07229800 1.05240800 -5.47149600 0.93682200 1.06673800 2.43562500
51 5.51488700 0.00125700 -1.24599700 0.00000000 0.00000000 0.00000000
52 -5.17175500 -0.20860600 1.50504400 0.11058500 0.00000000 0.00000000
53 0.00000400 0.45916200 0.00000000 -0.19771300 0.00000000 0.00000000
54 0.00000200 0.90097000 0.00000000 -0.43178600 0.00000000 0.00000000
55 0.00000400 0.90137900 0.00000100 -0.77968100 0.00000000 0.00000000
56 0.00000400 0.92234000 0.00000000 -0.26286200 0.00000000 0.00000000
57 0.00000000 0.90352400 -0.00000200 -0.00009000 0.00000000 0.00000000
58 0.00000200 0.91195300 0.00000000 -0.00896200 0.00000000 0.00000000
59 0.00000000 0.91130700 0.00000000 -0.00389300 0.00000000 0.00000000
60 0.00000400 0.90763800 0.00000200 0.00781400 0.00000000 0.00000000
61 0.00000000 0.90783600 0.00000000 0.01513400 0.00000000 0.00000000
62 -7.93947800 -0.00024100 1.60274100 0.00000000 0.00000000 0.00000000
63 -17.25021400 -0.73788500 -1.61960300 -0.54875900 0.30608400 -0.18218700
64 -17.25020600 0.71140500 -1.55281900 0.51629900 0.36128900 0.19804100
65 -1.11169100 1.28617900 -1.15214400 0.00000000 0.00000000 0.00000000
66 -8.44460900 -2.21927600 -2.25476600 3.09200100 1.15353800 -2.39145700
time 48
0 -0.00000100 8.45008800 -27.50902600 0.00000000 0.00000000 0.00003100
1 -0.00000200 0.00000000 0.00000000 1.57074700 -1.56714200 -1.57074700
2 4.25546500 -0.33518400 -0.00000200 0.00000000 0.00000000 -0.12484800
3 7.43125000 1.49647900 0.00000200 0.00000000 0.00000000 0.24545000
4 5.27847900 0.16554300 0.00000100 0.00000000 0.00000000 0.04851100
5 -1.64873900 -13.09409500 6.31045600 1.97586600 1.15990900 -1.29878500
6 -6.21447800 -0.00001000 -0.00002700 2.76027409 -0.69838075 1.74628828
7 11.94488900 0.00000000 0.00000000 -0.43564639 -0.33946093 1.78771289
8 10.62019000 0.00000000 0.00000000 0.51744900 0.24544228 -3.13126479
9 -4.75111000 -0.69449400 0.83057900 -0.20909800 -0.26626700 0.23759500
10 -1.68807600 0.00004300 -0.00003100 0.01890100 -0.01595800 0.56873800
11 -1.33614300 0.00005300 -0.00001000 0.02638000 -0.00059700 0.57491600
12 -4.82049600 -0.50945900 -0.22476100 -0.40355600 -0.04801500 1.29352100
13 -1.82699200 -0.00007200 0.00000800 0.00083000 0.10005500 1.71807400
14 -1.43657300 0.00000800 0.00000400 -0.01240500 -0.09794400 -0.01495000
15 -3.99235900 -0.89118600 -1.82791000 -0.64296900 0.36064400 1.56296000
16 -1.40592200 -0.00002700 0.00000000 -0.01220200 -0.02684500 1.30196100
17 -1.17535800 0.00012800 -0.00002100 0.02756300 0.06210400 0.32121000
18 -4.52675200 -0.69057500 -1.12074400 -0.46821800 0.17091500 1.47116200
19 -1.74403800 0.00003300 -0.00000400 -0.13022500 0.10023700 1.62651500
20 -1.36877400 0.00002500 0.00000400 0.00993500 0.05150500 0.08698400
21 -2.03839700 -0.89279200 0.93250500 1.78891300 0.18637700 0.83287400
22 -1.62788800 0.15474900 0.01182400 -0.11534900 0.17036400 0.47218900
23 -1.59927600 0.00000800 0.00001500 0.02557400 -0.03449400 0.91320200
24 5.51182400 0.00000800 -0.00000400 2.10279000 -0.06602500 3.11587600
25 0.19684600 -0.00000100 0.00000400 2.79340696 -0.00047267 -3.14147660
26 -2.55123000 -11.57811500 -3.02197200 1.97586200 1.15991000 1.84280300
27 6.21448500 0.00001000 0.00002000 -1.30811931 0.65526348 -1.72786281
28 11.94488500 -0.00003200 -0.00019900 -0.70779188 -0.33190376 -1.27468588
29 10.62016900 -0.00000200 0.00000800 -2.03652623 -0.50742772 0.20596393
30 4.75116500 0.69437600 -0.83047400 0.02505900 -0.18560800 0.14615800
31 1.68806100 -0.00002400 0.00000200 -0.00776500 -0.02349400 1.75632300
32 1.33615100 -0.00005000 -0.00001000 0.00924200 -0.03762600 0.12943000
33 4.82051700 0.50934200 0.22486600 -0.20655200 -0.13961500 0.62947100
34 1.82700300 0.00006200 0.00001000 0.02735300 0.02979100 2.01690100
35 1.43658100 -0.00000600 0.00001000 0.01515000 0.00045200 -0.75718600
36 3.99235500 0.89109000 1.82799500 -0.42620000 0.27844800 1.39074000
37 1.40592200 0.00003100 -0.00000400 -0.01231800 -0.02677000 1.30554600
38 1.17536200 -0.00013200 0.00000400 -0.09551900 0.07798600 -0.93359900
39 4.52676200 0.69046800 1.12084200 -0.36932500 0.01644200 1.00623400
40 1.74404100 -0.00002700 0.00000100 -0.02939300 -0.00337500 1.86812600
41 1.36876300 -0.00003100 -0.00002000 -0.12957300 0.09181900 -1.14340300
42 1.80927100 0.89528800 -1.12011200 1.88461400 0.36803000 0.40774200
43 1.49514000 -0.24140600 0.04487800 0.00360000 -0.23414300 0.03443400
44 1.57423800 -0.10444600 0.03324200 0.03981700 0.07342300 -0.24671300
45 5.51180800 -0.00000600 0.00000400 -0.95227000 0.00000000 0.00000000
46 0.19684600 0.00000600 0.00000000 -0.34822500 0.00001500 -0.00000200
47 0.00000000 1.00000000 0.00000000 0.00000000 0.00000000 -1.57079600
48 -2.88370400 33.22035600 -3.42586400 0.00000000 0.00000000 -3.14156200
49 -7.71349852 48.92653299 -6.99436960 0.23836850 0.04194022 -0.40829096
50 11.07229800 1.05240800 -5.47149600 0.93682200 1.06673800 2.43562500
51 5.51488700 0.00125700 -1.24599700 0.00000000 0.00000000 0.00000000
52 -5.17175500 -0.20860600 1.50504400 0.11058500 0.00000000 0.00000000
53 0.00000400 0.45916200 0.00000000 -0.19771300 0.00000000 0.00000000
54 0.00000200 0.90097000 0.00000000 -0.43178600 0.00000000 0.00000000
55 0.00000400 0.90137900 0.00000100 -0.77968100 0.00000000 0.00000000
56 0.00000400 0.92234000 0.00000000 -0.26286200 0.00000000 0.00000000
57 0.00000000 0.90352400 -0.00000200 -0.00009000 0.00000000 0.00000000
58 0.00000200 0.91195300 0.00000000 -0.00896200 0.00000000 0.00000000
59 0.00000000 0.91130700 0.00000000 -0.00389300 0.00000000 0.00000000
60 0.00000400 0.90763800 0.00000200 0.00781400 0.00000000 0.00000000
61 0.00000000 0.90783600 0.00000000 0.01513400 0.00000000 0.00000000
62 -7.93947800 -0.00024100 1.60274100 0.00000000 0.00000000 0.00000000
63 -17.25021400 -0.73788500 -1.61960300 -0.54875900 0.30608400 -0.18218700
64 -17.25020600 0.71140500 -1.55281900 0.51629900 0.36128900 0.19804100
65 -1.11169100 1.28617900 -1.15214400 0.00000000 0.00000000 0.00000000
66 -8.44460900 -2.21927600 -2.25476600 3.09200100 1.15353800 -2.39145700
time 49
0 -0.00000100 8.45008800 -27.50902600 0.00000000 0.00000000 0.00003100
1 -0.00000200 0.00000000 0.00000000 1.57074700 -1.56714200 -1.57074700
2 4.25546500 -0.33518400 -0.00000200 0.00000000 0.00000000 -0.12484800
3 7.43125000 1.49647900 0.00000200 0.00000000 0.00000000 0.24545000
4 5.27847900 0.16554300 0.00000100 0.00000000 0.00000000 0.04851100
5 -1.64873900 -13.09409500 6.31045600 1.97586600 1.15990900 -1.29878500
6 -6.21447800 -0.00001000 -0.00002700 2.76145162 -0.69830062 1.74718629
7 11.94488900 0.00000000 0.00000000 -0.43545081 -0.33890857 1.78707309
8 10.62019000 0.00000000 0.00000000 0.51964159 0.24727448 -3.12815895
9 -4.75111000 -0.69449400 0.83057900 -0.20909800 -0.26626700 0.23759500
10 -1.68807600 0.00004300 -0.00003100 0.01890100 -0.01595800 0.56873800
11 -1.33614300 0.00005300 -0.00001000 0.02638000 -0.00059700 0.57491600
12 -4.82049600 -0.50945900 -0.22476100 -0.40355600 -0.04801500 1.29352100
13 -1.82699200 -0.00007200 0.00000800 0.00083000 0.10005500 1.71807400
14 -1.43657300 0.00000800 0.00000400 -0.01240500 -0.09794400 -0.01495000
15 -3.99235900 -0.89118600 -1.82791000 -0.64296900 0.36064400 1.56296000
16 -1.40592200 -0.00002700 0.00000000 -0.01220200 -0.02684500 1.30196100
17 -1.17535800 0.00012800 -0.00002100 0.02756300 0.06210400 0.32121000
18 -4.52675200 -0.69057500 -1.12074400 -0.46821800 0.17091500 1.47116200
19 -1.74403800 0.00003300 -0.00000400 -0.13022500 0.10023700 1.62651500
20 -1.36877400 0.00002500 0.00000400 0.00993500 0.05150500 0.08698400
21 -2.03839700 -0.89279200 0.93250500 1.78891300 0.18637700 0.83287400
22 -1.62788800 0.15474900 0.01182400 -0.11534900 0.17036400 0.47218900
23 -1.59927600 0.00000800 0.00001500 0.02557400 -0.03449400 0.91320200
24 5.51182400 0.00000800 -0.00000400 2.10279000 -0.06602500 3.11587600
25 0.19684600 -0.00000100 0.00000400 2.79340696 -0.00047267 -3.14147660
26 -2.55123000 -11.57811500 -3.02197200 1.97586200 1.15991000 1.84280300
27 6.21448500 0.00001000 0.00002000 -1.30758719 0.65285349 -1.72846899
28 11.94488500 -0.00003200 -0.00019900 -0.70795801 -0.33077225 -1.27407080
29 10.62016900 -0.00000200 0.00000800 -2.03624227 -0.50713184 0.20394372
30 4.75116500 0.69437600 -0.83047400 0.02505900 -0.18560800 0.14615800
31 1.68806100 -0.00002400 0.00000200 -0.00776500 -0.02349400 1.75632300
32 1.33615100 -0.00005000 -0.00001000 0.00924200 -0.03762600 0.12943000
33 4.82051700 0.50934200 0.22486600 -0.20655200 -0.13961500 0.62947100
34 1.82700300 0.00006200 0.00001000 0.02735300 0.02979100 2.01690100
35 1.43658100 -0.00000600 0.00001000 0.01515000 0.00045200 -0.75718600
36 3.99235500 0.89109000 1.82799500 -0.42620000 0.27844800 1.39074000
37 1.40592200 0.00003100 -0.00000400 -0.01231800 -0.02677000 1.30554600
38 1.17536200 -0.00013200 0.00000400 -0.09551900 0.07798600 -0.93359900
39 4.52676200 0.69046800 1.12084200 -0.36932500 0.01644200 1.00623400
40 1.74404100 -0.00002700 0.00000100 -0.02939300 -0.00337500 1.86812600
41 1.36876300 -0.00003100 -0.00002000 -0.12957300 0.09181900 -1.14340300
42 1.80927100 0.89528800 -1.12011200 1.88461400 0.36803000 0.40774200
43 1.49514000 -0.24140600 0.04487800 0.00360000 -0.23414300 0.03443400
44 1.57423800 -0.10444600 0.03324200 0.03981700 0.07342300 -0.24671300
45 5.51180800 -0.00000600 0.00000400 -0.95227000 0.00000000 0.00000000
46 0.19684600 0.00000600 0.00000000 -0.34822500 0.00001500 -0.00000200
47 0.00000000 1.00000000 0.00000000 0.00000000 0.00000000 -1.57079600
48 -2.88370400 33.22035600 -3.42586400 0.00000000 0.00000000 -3.14156200
49 -7.69036010 48.92653299 -6.97121264 0.24066231 0.04464325 -0.40864825
50 11.07229800 1.05240800 -5.47149600 0.93682200 1.06673800 2.43562500
51 5.51488700 0.00125700 -1.24599700 0.00000000 0.00000000 0.00000000
52 -5.17175500 -0.20860600 1.50504400 0.11058500 0.00000000 0.00000000
53 0.00000400 0.45916200 0.00000000 -0.19771300 0.00000000 0.00000000
54 0.00000200 0.90097000 0.00000000 -0.43178600 0.00000000 0.00000000
55 0.00000400 0.90137900 0.00000100 -0.77968100 0.00000000 0.00000000
56 0.00000400 0.92234000 0.00000000 -0.26286200 0.00000000 0.00000000
57 0.00000000 0.90352400 -0.00000200 -0.00009000 0.00000000 0.00000000
58 0.00000200 0.91195300 0.00000000 -0.00896200 0.00000000 0.00000000
59 0.00000000 0.91130700 0.00000000 -0.00389300 0.00000000 0.00000000
60 0.00000400 0.90763800 0.00000200 0.00781400 0.00000000 0.00000000
61 0.00000000 0.90783600 0.00000000 0.01513400 0.00000000 0.00000000
62 -7.93947800 -0.00024100 1.60274100 0.00000000 0.00000000 0.00000000
63 -17.25021400 -0.73788500 -1.61960300 -0.54875900 0.30608400 -0.18218700
64 -17.25020600 0.71140500 -1.55281900 0.51629900 0.36128900 0.19804100
65 -1.11169100 1.28617900 -1.15214400 0.00000000 0.00000000 0.00000000
66 -8.44460900 -2.21927600 -2.25476600 3.09200100 1.15353800 -2.39145700
time 50
0 -0.00000100 8.45008800 -27.50902600 0.00000000 0.00000000 0.00003100
1 -0.00000200 0.00000000 0.00000000 1.57074700 -1.56714200 -1.57074700
2 4.25546500 -0.33518400 -0.00000200 0.00000000 0.00000000 -0.12484800
3 7.43125000 1.49647900 0.00000200 0.00000000 0.00000000 0.24545000
4 5.27847900 0.16554300 0.00000100 0.00000000 0.00000000 0.04851100
5 -1.64873900 -13.09409500 6.31045600 1.97586600 1.15990900 -1.29878500
6 -6.21447800 -0.00001000 -0.00002700 2.76228282 -0.69827500 1.74776881
7 11.94488900 0.00000000 0.00000000 -0.43518531 -0.33858332 1.78637626
8 10.62019000 0.00000000 0.00000000 0.52183433 0.24885258 -3.12541522
9 -4.75111000 -0.69449400 0.83057900 -0.20909800 -0.26626700 0.23759500
10 -1.68807600 0.00004300 -0.00003100 0.01890100 -0.01595800 0.56873800
11 -1.33614300 0.00005300 -0.00001000 0.02638000 -0.00059700 0.57491600
12 -4.82049600 -0.50945900 -0.22476100 -0.40355600 -0.04801500 1.29352100
13 -1.82699200 -0.00007200 0.00000800 0.00083000 0.10005500 1.71807400
14 -1.43657300 0.00000800 0.00000400 -0.01240500 -0.09794400 -0.01495000
15 -3.99235900 -0.89118600 -1.82791000 -0.64296900 0.36064400 1.56296000
16 -1.40592200 -0.00002700 0.00000000 -0.01220200 -0.02684500 1.30196100
17 -1.17535800 0.00012800 -0.00002100 0.02756300 0.06210400 0.32121000
18 -4.52675200 -0.69057500 -1.12074400 -0.46821800 0.17091500 1.47116200
19 -1.74403800 0.00003300 -0.00000400 -0.13022500 0.10023700 1.62651500
20 -1.36877400 0.00002500 0.00000400 0.00993500 0.05150500 0.08698400
21 -2.03839700 -0.89279200 0.93250500 1.78891300 0.18637700 0.83287400
22 -1.62788800 0.15474900 0.01182400 -0.11534900 0.17036400 0.47218900
23 -1.59927600 0.00000800 0.00001500 0.02557400 -0.03449400 0.91320200
24 5.51182400 0.00000800 -0.00000400 2.10279000 -0.06602500 3.11587600
25 0.19684600 -0.00000100 0.00000400 2.79340696 -0.00047267 -3.14147660
26 -2.55123000 -11.57811500 -3.02197200 1.97586200 1.15991000 1.84280300
27 6.21448500 0.00001000 0.00002000 -1.30710777 0.65094350 -1.72928632
28 11.94488500 -0.00003200 -0.00019900 -0.70823083 -0.33024077 -1.27327373
29 10.62016900 -0.00000200 0.00000800 -2.03611501 -0.50648109 0.20216891
30 4.75116500 0.69437600 -0.83047400 0.02505900 -0.18560800 0.14615800
31 1.68806100 -0.00002400 0.00000200 -0.00776500 -0.02349400 1.75632300
32 1.33615100 -0.00005000 -0.00001000 0.00924200 -0.03762600 0.12943000
33 4.82051700 0.50934200 0.22486600 -0.20655200 -0.13961500 0.62947100
34 1.82700300 0.00006200 0.00001000 0.02735300 0.02979100 2.01690100
35 1.43658100 -0.00000600 0.00001000 0.01515000 0.00045200 -0.75718600
36 3.99235500 0.89109000 1.82799500 -0.42620000 0.27844800 1.39074000
37 1.40592200 0.00003100 -0.00000400 -0.01231800 -0.02677000 1.30554600
38 1.17536200 -0.00013200 0.00000400 -0.09551900 0.07798600 -0.93359900
39 4.52676200 0.69046800 1.12084200 -0.36932500 0.01644200 1.00623400
40 1.74404100 -0.00002700 0.00000100 -0.02939300 -0.00337500 1.86812600
41 1.36876300 -0.00003100 -0.00002000 -0.12957300 0.09181900 -1.14340300
42 1.80927100 0.89528800 -1.12011200 1.88461400 0.36803000 0.40774200
43 1.49514000 -0.24140600 0.04487800 0.00360000 -0.23414300 0.03443400
44 1.57423800 -0.10444600 0.03324200 0.03981700 0.07342300 -0.24671300
45 5.51180800 -0.00000600 0.00000400 -0.95227000 0.00000000 0.00000000
46 0.19684600 0.00000600 0.00000000 -0.34822500 0.00001500 -0.00000200
47 0.00000000 1.00000000 0.00000000 0.00000000 0.00000000 -1.57079600
48 -2.88370400 33.22035600 -3.42586400 0.00000000 0.00000000 -3.14156200
49 -7.67223396 48.92653299 -6.95380453 0.24298548 0.04686863 -0.40902454
50 11.07229800 1.05240800 -5.47149600 0.93682200 1.06673800 2.43562500
51 5.51488700 0.00125700 -1.24599700 0.00000000 0.00000000 0.00000000
52 -5.17175500 -0.20860600 1.50504400 0.11058500 0.00000000 0.00000000
53 0.00000400 0.45916200 0.00000000 -0.19771300 0.00000000 0.00000000
54 0.00000200 0.90097000 0.00000000 -0.43178600 0.00000000 0.00000000
55 0.00000400 0.90137900 0.00000100 -0.77968100 0.00000000 0.00000000
56 0.00000400 0.92234000 0.00000000 -0.26286200 0.00000000 0.00000000
57 0.00000000 0.90352400 -0.00000200 -0.00009000 0.00000000 0.00000000
58 0.00000200 0.91195300 0.00000000 -0.00896200 0.00000000 0.00000000
59 0.00000000 0.91130700 0.00000000 -0.00389300 0.00000000 0.00000000
60 0.00000400 0.90763800 0.00000200 0.00781400 0.00000000 0.00000000
61 0.00000000 0.90783600 0.00000000 0.01513400 0.00000000 0.00000000
62 -7.93947800 -0.00024100 1.60274100 0.00000000 0.00000000 0.00000000
63 -17.25021400 -0.73788500 -1.61960300 -0.54875900 0.30608400 -0.18218700
64 -17.25020600 0.71140500 -1.55281900 0.51629900 0.36128900 0.19804100
65 -1.11169100 1.28617900 -1.15214400 0.00000000 0.00000000 0.00000000
66 -8.44460900 -2.21927600 -2.25476600 3.09200100 1.15353800 -2.39145700
time 51
0 -0.00000100 8.45008800 -27.50902600 0.00000000 0.00000000 0.00003100
1 -0.00000200 0.00000000 0.00000000 1.57074700 -1.56714200 -1.57074700
2 4.25546500 -0.33518400 -0.00000200 0.00000000 0.00000000 -0.12484800
3 7.43125000 1.49647900 0.00000200 0.00000000 0.00000000 0.24545000
4 5.27847900 0.16554300 0.00000100 0.00000000 0.00000000 0.04851100
5 -1.64873900 -13.09409500 6.31045600 1.97586600 1.15990900 -1.29878500
6 -6.21447800 -0.00001000 -0.00002700 2.76302544 -0.69822813 1.74847417
7 11.94488900 0.00000000 0.00000000 -0.43499299 -0.33834348 1.78568631
8 10.62019000 0.00000000 0.00000000 0.52404188 0.25037800 -3.12262470
9 -4.75111000 -0.69449400 0.83057900 -0.20909800 -0.26626700 0.23759500
10 -1.68807600 0.00004300 -0.00003100 0.01890100 -0.01595800 0.56873800
11 -1.33614300 0.00005300 -0.00001000 0.02638000 -0.00059700 0.57491600
12 -4.82049600 -0.50945900 -0.22476100 -0.40355600 -0.04801500 1.29352100
13 -1.82699200 -0.00007200 0.00000800 0.00083000 0.10005500 1.71807400
14 -1.43657300 0.00000800 0.00000400 -0.01240500 -0.09794400 -0.01495000
15 -3.99235900 -0.89118600 -1.82791000 -0.64296900 0.36064400 1.56296000
16 -1.40592200 -0.00002700 0.00000000 -0.01220200 -0.02684500 1.30196100
17 -1.17535800 0.00012800 -0.00002100 0.02756300 0.06210400 0.32121000
18 -4.52675200 -0.69057500 -1.12074400 -0.46821800 0.17091500 1.47116200
19 -1.74403800 0.00003300 -0.00000400 -0.13022500 0.10023700 1.62651500
20 -1.36877400 0.00002500 0.00000400 0.00993500 0.05150500 0.08698400
21 -2.03839700 -0.89279200 0.93250500 1.78891300 0.18637700 0.83287400
22 -1.62788800 0.15474900 0.01182400 -0.11534900 0.17036400 0.47218900
23 -1.59927600 0.00000800 0.00001500 0.02557400 -0.03449400 0.91320200
24 5.51182400 0.00000800 -0.00000400 2.10279000 -0.06602500 3.11587600
25 0.19684600 -0.00000100 0.00000400 2.79340696 -0.00047267 -3.14147660
26 -2.55123000 -11.57811500 -3.02197200 1.97586200 1.15991000 1.84280300
27 6.21448500 0.00001000 0.00002000 -1.30654126 0.64900106 -1.72996726
28 11.94488500 -0.00003200 -0.00019900 -0.70851110 -0.32977487 -1.27245835
29 10.62016900 -0.00000200 0.00000800 -2.03587665 -0.50575903 0.20030193
30 4.75116500 0.69437600 -0.83047400 0.02505900 -0.18560800 0.14615800
31 1.68806100 -0.00002400 0.00000200 -0.00776500 -0.02349400 1.75632300
32 1.33615100 -0.00005000 -0.00001000 0.00924200 -0.03762600 0.12943000
33 4.82051700 0.50934200 0.22486600 -0.20655200 -0.13961500 0.62947100
34 1.82700300 0.00006200 0.00001000 0.02735300 0.02979100 2.01690100
35 1.43658100 -0.00000600 0.00001000 0.01515000 0.00045200 -0.75718600
36 3.99235500 0.89109000 1.82799500 -0.42620000 0.27844800 1.39074000
37 1.40592200 0.00003100 -0.00000400 -0.01231800 -0.02677000 1.30554600
38 1.17536200 -0.00013200 0.00000400 -0.09551900 0.07798600 -0.93359900
39 4.52676200 0.69046800 1.12084200 -0.36932500 0.01644200 1.00623400
40 1.74404100 -0.00002700 0.00000100 -0.02939300 -0.00337500 1.86812600
41 1.36876300 -0.00003100 -0.00002000 -0.12957300 0.09181900 -1.14340300
42 1.80927100 0.89528800 -1.12011200 1.88461400 0.36803000 0.40774200
43 1.49514000 -0.24140600 0.04487800 0.00360000 -0.23414300 0.03443400
44 1.57423800 -0.10444600 0.03324200 0.03981700 0.07342300 -0.24671300
45 5.51180800 -0.00000600 0.00000400 -0.95227000 0.00000000 0.00000000
46 0.19684600 0.00000600 0.00000000 -0.34822500 0.00001500 -0.00000200
47 0.00000000 1.00000000 0.00000000 0.00000000 0.00000000 -1.57079600
48 -2.88370400 33.22035600 -3.42586400 0.00000000 0.00000000 -3.14156200
49 -7.65460905 48.92653299 -6.93688181 0.24520746 0.04902679 -0.40940153
50 11.07229800 1.05240800 -5.47149600 0.93682200 1.06673800 2.43562500
51 5.51488700 0.00125700 -1.24599700 0.00000000 0.00000000 0.00000000
52 -5.17175500 -0.20860600 1.50504400 0.11058500 0.00000000 0.00000000
53 0.00000400 0.45916200 0.00000000 -0.19771300 0.00000000 0.00000000
54 0.00000200 0.90097000 0.00000000 -0.43178600 0.00000000 0.00000000
55 0.00000400 0.90137900 0.00000100 -0.77968100 0.00000000 0.00000000
56 0.00000400 0.92234000 0.00000000 -0.26286200 0.00000000 0.00000000
57 0.00000000 0.90352400 -0.00000200 -0.00009000 0.00000000 0.00000000
58 0.00000200 0.91195300 0.00000000 -0.00896200 0.00000000 0.00000000
59 0.00000000 0.91130700 0.00000000 -0.00389300 0.00000000 0.00000000
60 0.00000400 0.90763800 0.00000200 0.00781400 0.00000000 0.00000000
61 0.00000000 0.90783600 0.00000000 0.01513400 0.00000000 0.00000000
62 -7.93947800 -0.00024100 1.60274100 0.00000000 0.00000000 0.00000000
63 -17.25021400 -0.73788500 -1.61960300 -0.54875900 0.30608400 -0.18218700
64 -17.25020600 0.71140500 -1.55281900 0.51629900 0.36128900 0.19804100
65 -1.11169100 1.28617900 -1.15214400 0.00000000 0.00000000 0.00000000
66 -8.44460900 -2.21927600 -2.25476600 3.09200100 1.15353800 -2.39145700
time 52
0 -0.00000100 8.45008800 -27.50902600 0.00000000 0.00000000 0.00003100
1 -0.00000200 0.00000000 0.00000000 1.57074700 -1.56714200 -1.57074700
2 4.25546500 -0.33518400 -0.00000200 0.00000000 0.00000000 -0.12484800
3 7.43125000 1.49647900 0.00000200 0.00000000 0.00000000 0.24545000
4 5.27847900 0.16554300 0.00000100 0.00000000 0.00000000 0.04851100
5 -1.64873900 -13.09409500 6.31045600 1.97586600 1.15990900 -1.29878500
6 -6.21447800 -0.00001000 -0.00002700 2.76344882 -0.69820620 1.74902887
7 11.94488900 0.00000000 0.00000000 -0.43473647 -0.33805917 1.78495577
8 10.62019000 0.00000000 0.00000000 0.52572986 0.25233193 -3.12026468
9 -4.75111000 -0.69449400 0.83057900 -0.20909800 -0.26626700 0.23759500
10 -1.68807600 0.00004300 -0.00003100 0.01890100 -0.01595800 0.56873800
11 -1.33614300 0.00005300 -0.00001000 0.02638000 -0.00059700 0.57491600
12 -4.82049600 -0.50945900 -0.22476100 -0.40355600 -0.04801500 1.29352100
13 -1.82699200 -0.00007200 0.00000800 0.00083000 0.10005500 1.71807400
14 -1.43657300 0.00000800 0.00000400 -0.01240500 -0.09794400 -0.01495000
15 -3.99235900 -0.89118600 -1.82791000 -0.64296900 0.36064400 1.56296000
16 -1.40592200 -0.00002700 0.00000000 -0.01220200 -0.02684500 1.30196100
17 -1.17535800 0.00012800 -0.00002100 0.02756300 0.06210400 0.32121000
18 -4.52675200 -0.69057500 -1.12074400 -0.46821800 0.17091500 1.47116200
19 -1.74403800 0.00003300 -0.00000400 -0.13022500 0.10023700 1.62651500
20 -1.36877400 0.00002500 0.00000400 0.00993500 0.05150500 0.08698400
21 -2.03839700 -0.89279200 0.93250500 1.78891300 0.18637700 0.83287400
22 -1.62788800 0.15474900 0.01182400 -0.11534900 0.17036400 0.47218900
23 -1.59927600 0.00000800 0.00001500 0.02557400 -0.03449400 0.91320200
24 5.51182400 0.00000800 -0.00000400 2.10279000 -0.06602500 3.11587600
25 0.19684600 -0.00000100 0.00000400 2.79340696 -0.00047267 -3.14147660
26 -2.55123000 -11.57811500 -3.02197200 1.97586200 1.15991000 1.84280300
27 6.21448500 0.00001000 0.00002000 -1.30603404 0.64709596 -1.73067233
28 11.94488500 -0.00003200 -0.00019900 -0.70872524 -0.32933398 -1.27184278
29 10.62016900 -0.00000200 0.00000800 -2.03539319 -0.50520742 0.19879086
30 4.75116500 0.69437600 -0.83047400 0.02505900 -0.18560800 0.14615800
31 1.68806100 -0.00002400 0.00000200 -0.00776500 -0.02349400 1.75632300
32 1.33615100 -0.00005000 -0.00001000 0.00924200 -0.03762600 0.12943000
33 4.82051700 0.50934200 0.22486600 -0.20655200 -0.13961500 0.62947100
34 1.82700300 0.00006200 0.00001000 0.02735300 0.02979100 2.01690100
35 1.43658100 -0.00000600 0.00001000 0.01515000 0.00045200 -0.75718600
36 3.99235500 0.89109000 1.82799500 -0.42620000 0.27844800 1.39074000
37 1.40592200 0.00003100 -0.00000400 -0.01231800 -0.02677000 1.30554600
38 1.17536200 -0.00013200 0.00000400 -0.09551900 0.07798600 -0.93359900
39 4.52676200 0.69046800 1.12084200 -0.36932500 0.01644200 1.00623400
40 1.74404100 -0.00002700 0.00000100 -0.02939300 -0.00337500 1.86812600
41 1.36876300 -0.00003100 -0.00002000 -0.12957300 0.09181900 -1.14340300
42 1.80927100 0.89528800 -1.12011200 1.88461400 0.36803000 0.40774200
43 1.49514000 -0.24140600 0.04487800 0.00360000 -0.23414300 0.03443400
44 1.57423800 -0.10444600 0.03324200 0.03981700 0.07342300 -0.24671300
45 5.51180800 -0.00000600 0.00000400 -0.95227000 0.00000000 0.00000000
46 0.19684600 0.00000600 0.00000000 -0.34822500 0.00001500 -0.00000200
47 0.00000000 1.00000000 0.00000000 0.00000000 0.00000000 -1.57079600
48 -2.88370400 33.22035600 -3.42586400 0.00000000 0.00000000 -3.14156200
49 -7.63778228 48.92653299 -6.92120440 0.24690537 0.05116855 -0.40975440
50 11.07229800 1.05240800 -5.47149600 0.93682200 1.06673800 2.43562500
51 5.51488700 0.00125700 -1.24599700 0.00000000 0.00000000 0.00000000
52 -5.17175500 -0.20860600 1.50504400 0.11058500 0.00000000 0.00000000
53 0.00000400 0.45916200 0.00000000 -0.19771300 0.00000000 0.00000000
54 0.00000200 0.90097000 0.00000000 -0.43178600 0.00000000 0.00000000
55 0.00000400 0.90137900 0.00000100 -0.77968100 0.00000000 0.00000000
56 0.00000400 0.92234000 0.00000000 -0.26286200 0.00000000 0.00000000
57 0.00000000 0.90352400 -0.00000200 -0.00009000 0.00000000 0.00000000
58 0.00000200 0.91195300 0.00000000 -0.00896200 0.00000000 0.00000000
59 0.00000000 0.91130700 0.00000000 -0.00389300 0.00000000 0.00000000
60 0.00000400 0.90763800 0.00000200 0.00781400 0.00000000 0.00000000
61 0.00000000 0.90783600 0.00000000 0.01513400 0.00000000 0.00000000
62 -7.93947800 -0.00024100 1.60274100 0.00000000 0.00000000 0.00000000
63 -17.25021400 -0.73788500 -1.61960300 -0.54875900 0.30608400 -0.18218700
64 -17.25020600 0.71140500 -1.55281900 0.51629900 0.36128900 0.19804100
65 -1.11169100 1.28617900 -1.15214400 0.00000000 0.00000000 0.00000000
66 -8.44460900 -2.21927600 -2.25476600 3.09200100 1.15353800 -2.39145700
time 53
0 -0.00000100 8.45008800 -27.50902600 0.00000000 0.00000000 0.00003100
1 -0.00000200 0.00000000 0.00000000 1.57074700 -1.56714200 -1.57074700
2 4.25546500 -0.33518400 -0.00000200 0.00000000 0.00000000 -0.12484800
3 7.43125000 1.49647900 0.00000200 0.00000000 0.00000000 0.24545000
4 5.27847900 0.16554300 0.00000100 0.00000000 0.00000000 0.04851100
5 -1.64873900 -13.09409500 6.31045600 1.97586600 1.15990900 -1.29878500
6 -6.21447800 -0.00001000 -0.00002700 2.76216788 -0.69814000 1.74968490
7 11.94488900 0.00000000 0.00000000 -0.43459974 -0.33772531 1.78458275
8 10.62019000 0.00000000 0.00000000 0.52509557 0.25586546 -3.11996002
9 -4.75111000 -0.69449400 0.83057900 -0.20909800 -0.26626700 0.23759500
10 -1.68807600 0.00004300 -0.00003100 0.01890100 -0.01595800 0.56873800
11 -1.33614300 0.00005300 -0.00001000 0.02638000 -0.00059700 0.57491600
12 -4.82049600 -0.50945900 -0.22476100 -0.40355600 -0.04801500 1.29352100
13 -1.82699200 -0.00007200 0.00000800 0.00083000 0.10005500 1.71807400
14 -1.43657300 0.00000800 0.00000400 -0.01240500 -0.09794400 -0.01495000
15 -3.99235900 -0.89118600 -1.82791000 -0.64296900 0.36064400 1.56296000
16 -1.40592200 -0.00002700 0.00000000 -0.01220200 -0.02684500 1.30196100
17 -1.17535800 0.00012800 -0.00002100 0.02756300 0.06210400 0.32121000
18 -4.52675200 -0.69057500 -1.12074400 -0.46821800 0.17091500 1.47116200
19 -1.74403800 0.00003300 -0.00000400 -0.13022500 0.10023700 1.62651500
20 -1.36877400 0.00002500 0.00000400 0.00993500 0.05150500 0.08698400
21 -2.03839700 -0.89279200 0.93250500 1.78891300 0.18637700 0.83287400
22 -1.62788800 0.15474900 0.01182400 -0.11534900 0.17036400 0.47218900
23 -1.59927600 0.00000800 0.00001500 0.02557400 -0.03449400 0.91320200
24 5.51182400 0.00000800 -0.00000400 2.10279000 -0.06602500 3.11587600
25 0.19684600 -0.00000100 0.00000400 2.79340696 -0.00047267 -3.14147660
26 -2.55123000 -11.57811500 -3.02197200 1.97586200 1.15991000 1.84280300
27 6.21448500 0.00001000 0.00002000 -1.30574051 0.64573654 -1.73100177
28 11.94488500 -0.00003200 -0.00019900 -0.70863656 -0.32901509 -1.27214262
29 10.62016900 -0.00000200 0.00000800 -2.03336900 -0.50561202 0.19916400
30 4.75116500 0.69437600 -0.83047400 0.02505900 -0.18560800 0.14615800
31 1.68806100 -0.00002400 0.00000200 -0.00776500 -0.02349400 1.75632300
32 1.33615100 -0.00005000 -0.00001000 0.00924200 -0.03762600 0.12943000
33 4.82051700 0.50934200 0.22486600 -0.20655200 -0.13961500 0.62947100
34 1.82700300 0.00006200 0.00001000 0.02735300 0.02979100 2.01690100
35 1.43658100 -0.00000600 0.00001000 0.01515000 0.00045200 -0.75718600
36 3.99235500 0.89109000 1.82799500 -0.42620000 0.27844800 1.39074000
37 1.40592200 0.00003100 -0.00000400 -0.01231800 -0.02677000 1.30554600
38 1.17536200 -0.00013200 0.00000400 -0.09551900 0.07798600 -0.93359900
39 4.52676200 0.69046800 1.12084200 -0.36932500 0.01644200 1.00623400
40 1.74404100 -0.00002700 0.00000100 -0.02939300 -0.00337500 1.86812600
41 1.36876300 -0.00003100 -0.00002000 -0.12957300 0.09181900 -1.14340300
42 1.80927100 0.89528800 -1.12011200 1.88461400 0.36803000 0.40774200
43 1.49514000 -0.24140600 0.04487800 0.00360000 -0.23414300 0.03443400
44 1.57423800 -0.10444600 0.03324200 0.03981700 0.07342300 -0.24671300
45 5.51180800 -0.00000600 0.00000400 -0.95227000 0.00000000 0.00000000
46 0.19684600 0.00000600 0.00000000 -0.34822500 0.00001500 -0.00000200
47 0.00000000 1.00000000 0.00000000 0.00000000 0.00000000 -1.57079600
48 -2.88370400 33.22035600 -3.42586400 0.00000000 0.00000000 -3.14156200
49 -7.62454714 48.92653299 -6.91137893 0.24593442 0.05324382 -0.41000760
50 11.07229800 1.05240800 -5.47149600 0.93682200 1.06673800 2.43562500
51 5.51488700 0.00125700 -1.24599700 0.00000000 0.00000000 0.00000000
52 -5.17175500 -0.20860600 1.50504400 0.11058500 0.00000000 0.00000000
53 0.00000400 0.45916200 0.00000000 -0.19771300 0.00000000 0.00000000
54 0.00000200 0.90097000 0.00000000 -0.43178600 0.00000000 0.00000000
55 0.00000400 0.90137900 0.00000100 -0.77968100 0.00000000 0.00000000
56 0.00000400 0.92234000 0.00000000 -0.26286200 0.00000000 0.00000000
57 0.00000000 0.90352400 -0.00000200 -0.00009000 0.00000000 0.00000000
58 0.00000200 0.91195300 0.00000000 -0.00896200 0.00000000 0.00000000
59 0.00000000 0.91130700 0.00000000 -0.00389300 0.00000000 0.00000000
60 0.00000400 0.90763800 0.00000200 0.00781400 0.00000000 0.00000000
61 0.00000000 0.90783600 0.00000000 0.01513400 0.00000000 0.00000000
62 -7.93947800 -0.00024100 1.60274100 0.00000000 0.00000000 0.00000000
63 -17.25021400 -0.73788500 -1.61960300 -0.54875900 0.30608400 -0.18218700
64 -17.25020600 0.71140500 -1.55281900 0.51629900 0.36128900 0.19804100
65 -1.11169100 1.28617900 -1.15214400 0.00000000 0.00000000 0.00000000
66 -8.44460900 -2.21927600 -2.25476600 3.09200100 1.15353800 -2.39145700
time 54
0 -0.00000100 8.45008800 -27.50902600 0.00000000 0.00000000 0.00003100
1 -0.00000200 0.00000000 0.00000000 1.57074700 -1.56714200 -1.57074700
2 4.25546500 -0.33518400 -0.00000200 0.00000000 0.00000000 -0.12484800
3 7.43125000 1.49647900 0.00000200 0.00000000 0.00000000 0.24545000
4 5.27847900 0.16554300 0.00000100 0.00000000 0.00000000 0.04851100
5 -1.64873900 -13.09409500 6.31045600 1.97586600 1.15990900 -1.29878500
6 -6.21447800 -0.00001000 -0.00002700 2.76101737 -0.69803216 1.75018717
7 11.94488900 0.00000000 0.00000000 -0.43451403 -0.33731898 1.78420065
8 10.62019000 0.00000000 0.00000000 0.52438597 0.25946440 -3.11955264
9 -4.75111000 -0.69449400 0.83057900 -0.20909800 -0.26626700 0.23759500
10 -1.68807600 0.00004300 -0.00003100 0.01890100 -0.01595800 0.56873800
11 -1.33614300 0.00005300 -0.00001000 0.02638000 -0.00059700 0.57491600
12 -4.82049600 -0.50945900 -0.22476100 -0.40355600 -0.04801500 1.29352100
13 -1.82699200 -0.00007200 0.00000800 0.00083000 0.10005500 1.71807400
14 -1.43657300 0.00000800 0.00000400 -0.01240500 -0.09794400 -0.01495000
15 -3.99235900 -0.89118600 -1.82791000 -0.64296900 0.36064400 1.56296000
16 -1.40592200 -0.00002700 0.00000000 -0.01220200 -0.02684500 1.30196100
17 -1.17535800 0.00012800 -0.00002100 0.02756300 0.06210400 0.32121000
18 -4.52675200 -0.69057500 -1.12074400 -0.46821800 0.17091500 1.47116200
19 -1.74403800 0.00003300 -0.00000400 -0.13022500 0.10023700 1.62651500
20 -1.36877400 0.00002500 0.00000400 0.00993500 0.05150500 0.08698400
21 -2.03839700 -0.89279200 0.93250500 1.78891300 0.18637700 0.83287400
22 -1.62788800 0.15474900 0.01182400 -0.11534900 0.17036400 0.47218900
23 -1.59927600 0.00000800 0.00001500 0.02557400 -0.03449400 0.91320200
24 5.51182400 0.00000800 -0.00000400 2.10279000 -0.06602500 3.11587600
25 0.19684600 -0.00000100 0.00000400 2.79340696 -0.00047267 -3.14147660
26 -2.55123000 -11.57811500 -3.02197200 1.97586200 1.15991000 1.84280300
27 6.21448500 0.00001000 0.00002000 -1.30545920 0.64430978 -1.73142180
28 11.94488500 -0.00003200 -0.00019900 -0.70864427 -0.32871328 -1.27232867
29 10.62016900 -0.00000200 0.00000800 -2.03132812 -0.50609777 0.19948589
30 4.75116500 0.69437600 -0.83047400 0.02505900 -0.18560800 0.14615800
31 1.68806100 -0.00002400 0.00000200 -0.00776500 -0.02349400 1.75632300
32 1.33615100 -0.00005000 -0.00001000 0.00924200 -0.03762600 0.12943000
33 4.82051700 0.50934200 0.22486600 -0.20655200 -0.13961500 0.62947100
34 1.82700300 0.00006200 0.00001000 0.02735300 0.02979100 2.01690100
35 1.43658100 -0.00000600 0.00001000 0.01515000 0.00045200 -0.75718600
36 3.99235500 0.89109000 1.82799500 -0.42620000 0.27844800 1.39074000
37 1.40592200 0.00003100 -0.00000400 -0.01231800 -0.02677000 1.30554600
38 1.17536200 -0.00013200 0.00000400 -0.09551900 0.07798600 -0.93359900
39 4.52676200 0.69046800 1.12084200 -0.36932500 0.01644200 1.00623400
40 1.74404100 -0.00002700 0.00000100 -0.02939300 -0.00337500 1.86812600
41 1.36876300 -0.00003100 -0.00002000 -0.12957300 0.09181900 -1.14340300
42 1.80927100 0.89528800 -1.12011200 1.88461400 0.36803000 0.40774200
43 1.49514000 -0.24140600 0.04487800 0.00360000 -0.23414300 0.03443400
44 1.57423800 -0.10444600 0.03324200 0.03981700 0.07342300 -0.24671300
45 5.51180800 -0.00000600 0.00000400 -0.95227000 0.00000000 0.00000000
46 0.19684600 0.00000600 0.00000000 -0.34822500 0.00001500 -0.00000200
47 0.00000000 1.00000000 0.00000000 0.00000000 0.00000000 -1.57079600
48 -2.88370400 33.22035600 -3.42586400 0.00000000 0.00000000 -3.14156200
49 -7.61131200 48.92653299 -6.90162246 0.24487784 0.05530370 -0.41025949
50 11.07229800 1.05240800 -5.47149600 0.93682200 1.06673800 2.43562500
51 5.51488700 0.00125700 -1.24599700 0.00000000 0.00000000 0.00000000
52 -5.17175500 -0.20860600 1.50504400 0.11058500 0.00000000 0.00000000
53 0.00000400 0.45916200 0.00000000 -0.19771300 0.00000000 0.00000000
54 0.00000200 0.90097000 0.00000000 -0.43178600 0.00000000 0.00000000
55 0.00000400 0.90137900 0.00000100 -0.77968100 0.00000000 0.00000000
56 0.00000400 0.92234000 0.00000000 -0.26286200 0.00000000 0.00000000
57 0.00000000 0.90352400 -0.00000200 -0.00009000 0.00000000 0.00000000
58 0.00000200 0.91195300 0.00000000 -0.00896200 0.00000000 0.00000000
59 0.00000000 0.91130700 0.00000000 -0.00389300 0.00000000 0.00000000
60 0.00000400 0.90763800 0.00000200 0.00781400 0.00000000 0.00000000
61 0.00000000 0.90783600 0.00000000 0.01513400 0.00000000 0.00000000
62 -7.93947800 -0.00024100 1.60274100 0.00000000 0.00000000 0.00000000
63 -17.25021400 -0.73788500 -1.61960300 -0.54875900 0.30608400 -0.18218700
64 -17.25020600 0.71140500 -1.55281900 0.51629900 0.36128900 0.19804100
65 -1.11169100 1.28617900 -1.15214400 0.00000000 0.00000000 0.00000000
66 -8.44460900 -2.21927600 -2.25476600 3.09200100 1.15353800 -2.39145700
time 55
0 -0.00000100 8.45008800 -27.50902600 0.00000000 0.00000000 0.00003100
1 -0.00000200 0.00000000 0.00000000 1.57074700 -1.56714200 -1.57074700
2 4.25546500 -0.33518400 -0.00000200 0.00000000 0.00000000 -0.12484800
3 7.43125000 1.49647900 0.00000200 0.00000000 0.00000000 0.24545000
4 5.27847900 0.16554300 0.00000100 0.00000000 0.00000000 0.04851100
5 -1.64873900 -13.09409500 6.31045600 1.97586600 1.15990900 -1.29878500
6 -6.21447800 -0.00001000 -0.00002700 2.75895551 -0.69798612 1.75060990
7 11.94488900 0.00000000 0.00000000 -0.43432342 -0.33692548 1.78382425
8 10.62019000 0.00000000 0.00000000 0.52246003 0.26403865 -3.12015513
9 -4.75111000 -0.69449400 0.83057900 -0.20909800 -0.26626700 0.23759500
10 -1.68807600 0.00004300 -0.00003100 0.01890100 -0.01595800 0.56873800
11 -1.33614300 0.00005300 -0.00001000 0.02638000 -0.00059700 0.57491600
12 -4.82049600 -0.50945900 -0.22476100 -0.40355600 -0.04801500 1.29352100
13 -1.82699200 -0.00007200 0.00000800 0.00083000 0.10005500 1.71807400
14 -1.43657300 0.00000800 0.00000400 -0.01240500 -0.09794400 -0.01495000
15 -3.99235900 -0.89118600 -1.82791000 -0.64296900 0.36064400 1.56296000
16 -1.40592200 -0.00002700 0.00000000 -0.01220200 -0.02684500 1.30196100
17 -1.17535800 0.00012800 -0.00002100 0.02756300 0.06210400 0.32121000
18 -4.52675200 -0.69057500 -1.12074400 -0.46821800 0.17091500 1.47116200
19 -1.74403800 0.00003300 -0.00000400 -0.13022500 0.10023700 1.62651500
20 -1.36877400 0.00002500 0.00000400 0.00993500 0.05150500 0.08698400
21 -2.03839700 -0.89279200 0.93250500 1.78891300 0.18637700 0.83287400
22 -1.62788800 0.15474900 0.01182400 -0.11534900 0.17036400 0.47218900
23 -1.59927600 0.00000800 0.00001500 0.02557400 -0.03449400 0.91320200
24 5.51182400 0.00000800 -0.00000400 2.10279000 -0.06602500 3.11587600
25 0.19684600 -0.00000100 0.00000400 2.79340696 -0.00047267 -3.14147660
26 -2.55123000 -11.57811500 -3.02197200 1.97586200 1.15991000 1.84280300
27 6.21448500 0.00001000 0.00002000 -1.30546611 0.64305689 -1.73168044
28 11.94488500 -0.00003200 -0.00019900 -0.70833599 -0.32833680 -1.27314754
29 10.62016900 -0.00000200 0.00000800 -2.02822517 -0.50720252 0.20069551
30 4.75116500 0.69437600 -0.83047400 0.02505900 -0.18560800 0.14615800
31 1.68806100 -0.00002400 0.00000200 -0.00776500 -0.02349400 1.75632300
32 1.33615100 -0.00005000 -0.00001000 0.00924200 -0.03762600 0.12943000
33 4.82051700 0.50934200 0.22486600 -0.20655200 -0.13961500 0.62947100
34 1.82700300 0.00006200 0.00001000 0.02735300 0.02979100 2.01690100
35 1.43658100 -0.00000600 0.00001000 0.01515000 0.00045200 -0.75718600
36 3.99235500 0.89109000 1.82799500 -0.42620000 0.27844800 1.39074000
37 1.40592200 0.00003100 -0.00000400 -0.01231800 -0.02677000 1.30554600
38 1.17536200 -0.00013200 0.00000400 -0.09551900 0.07798600 -0.93359900
39 4.52676200 0.69046800 1.12084200 -0.36932500 0.01644200 1.00623400
40 1.74404100 -0.00002700 0.00000100 -0.02939300 -0.00337500 1.86812600
41 1.36876300 -0.00003100 -0.00002000 -0.12957300 0.09181900 -1.14340300
42 1.80927100 0.89528800 -1.12011200 1.88461400 0.36803000 0.40774200
43 1.49514000 -0.24140600 0.04487800 0.00360000 -0.23414300 0.03443400
44 1.57423800 -0.10444600 0.03324200 0.03981700 0.07342300 -0.24671300
45 5.51180800 -0.00000600 0.00000400 -0.95227000 0.00000000 0.00000000
46 0.19684600 0.00000600 0.00000000 -0.34822500 0.00001500 -0.00000200
47 0.00000000 1.00000000 0.00000000 0.00000000 0.00000000 -1.57079600
48 -2.88370400 33.22035600 -3.42586400 0.00000000 0.00000000 -3.14156200
49 -7.59956368 48.92653299 -6.89339184 0.24249064 0.05755029 -0.41043048
50 11.07229800 1.05240800 -5.47149600 0.93682200 1.06673800 2.43562500
51 5.51488700 0.00125700 -1.24599700 0.00000000 0.00000000 0.00000000
52 -5.17175500 -0.20860600 1.50504400 0.11058500 0.00000000 0.00000000
53 0.00000400 0.45916200 0.00000000 -0.19771300 0.00000000 0.00000000
54 0.00000200 0.90097000 0.00000000 -0.43178600 0.00000000 0.00000000
55 0.00000400 0.90137900 0.00000100 -0.77968100 0.00000000 0.00000000
56 0.00000400 0.92234000 0.00000000 -0.26286200 0.00000000 0.00000000
57 0.00000000 0.90352400 -0.00000200 -0.00009000 0.00000000 0.00000000
58 0.00000200 0.91195300 0.00000000 -0.00896200 0.00000000 0.00000000
59 0.00000000 0.91130700 0.00000000 -0.00389300 0.00000000 0.00000000
60 0.00000400 0.90763800 0.00000200 0.00781400 0.00000000 0.00000000
61 0.00000000 0.90783600 0.00000000 0.01513400 0.00000000 0.00000000
62 -7.93947800 -0.00024100 1.60274100 0.00000000 0.00000000 0.00000000
63 -17.25021400 -0.73788500 -1.61960300 -0.54875900 0.30608400 -0.18218700
64 -17.25020600 0.71140500 -1.55281900 0.51629900 0.36128900 0.19804100
65 -1.11169100 1.28617900 -1.15214400 0.00000000 0.00000000 0.00000000
66 -8.44460900 -2.21927600 -2.25476600 3.09200100 1.15353800 -2.39145700
time 56
0 -0.00000100 8.45008800 -27.50902600 0.00000000 0.00000000 0.00003100
1 -0.00000200 0.00000000 0.00000000 1.57074700 -1.56714200 -1.57074700
2 4.25546500 -0.33518400 -0.00000200 0.00000000 0.00000000 -0.12484800
3 7.43125000 1.49647900 0.00000200 0.00000000 0.00000000 0.24545000
4 5.27847900 0.16554300 0.00000100 0.00000000 0.00000000 0.04851100
5 -1.64873900 -13.09409500 6.31045600 1.97586600 1.15990900 -1.29878500
6 -6.21447800 -0.00001000 -0.00002700 2.75590436 -0.69793487 1.75091395
7 11.94488900 0.00000000 0.00000000 -0.43425269 -0.33656639 1.78359279
8 10.62019000 0.00000000 0.00000000 0.51895923 0.26984444 -3.12187935
9 -4.75111000 -0.69449400 0.83057900 -0.20909800 -0.26626700 0.23759500
10 -1.68807600 0.00004300 -0.00003100 0.01890100 -0.01595800 0.56873800
11 -1.33614300 0.00005300 -0.00001000 0.02638000 -0.00059700 0.57491600
12 -4.82049600 -0.50945900 -0.22476100 -0.40355600 -0.04801500 1.29352100
13 -1.82699200 -0.00007200 0.00000800 0.00083000 0.10005500 1.71807400
14 -1.43657300 0.00000800 0.00000400 -0.01240500 -0.09794400 -0.01495000
15 -3.99235900 -0.89118600 -1.82791000 -0.64296900 0.36064400 1.56296000
16 -1.40592200 -0.00002700 0.00000000 -0.01220200 -0.02684500 1.30196100
17 -1.17535800 0.00012800 -0.00002100 0.02756300 0.06210400 0.32121000
18 -4.52675200 -0.69057500 -1.12074400 -0.46821800 0.17091500 1.47116200
19 -1.74403800 0.00003300 -0.00000400 -0.13022500 0.10023700 1.62651500
20 -1.36877400 0.00002500 0.00000400 0.00993500 0.05150500 0.08698400
21 -2.03839700 -0.89279200 0.93250500 1.78891300 0.18637700 0.83287400
22 -1.62788800 0.15474900 0.01182400 -0.11534900 0.17036400 0.47218900
23 -1.59927600 0.00000800 0.00001500 0.02557400 -0.03449400 0.91320200
24 5.51182400 0.00000800 -0.00000400 2.10279000 -0.06602500 3.11587600
25 0.19684600 -0.00000100 0.00000400 2.79340696 -0.00047267 -3.14147660
26 -2.55123000 -11.57811500 -3.02197200 1.97586200 1.15991000 1.84280300
27 6.21448500 0.00001000 0.00002000 -1.30554181 0.64191625 -1.73155950
28 11.94488500 -0.00003200 -0.00019900 -0.70786785 -0.32774671 -1.27463518
29 10.62016900 -0.00000200 0.00000800 -2.02412973 -0.50901675 0.20317370
30 4.75116500 0.69437600 -0.83047400 0.02505900 -0.18560800 0.14615800
31 1.68806100 -0.00002400 0.00000200 -0.00776500 -0.02349400 1.75632300
32 1.33615100 -0.00005000 -0.00001000 0.00924200 -0.03762600 0.12943000
33 4.82051700 0.50934200 0.22486600 -0.20655200 -0.13961500 0.62947100
34 1.82700300 0.00006200 0.00001000 0.02735300 0.02979100 2.01690100
35 1.43658100 -0.00000600 0.00001000 0.01515000 0.00045200 -0.75718600
36 3.99235500 0.89109000 1.82799500 -0.42620000 0.27844800 1.39074000
37 1.40592200 0.00003100 -0.00000400 -0.01231800 -0.02677000 1.30554600
38 1.17536200 -0.00013200 0.00000400 -0.09551900 0.07798600 -0.93359900
39 4.52676200 0.69046800 1.12084200 -0.36932500 0.01644200 1.00623400
40 1.74404100 -0.00002700 0.00000100 -0.02939300 -0.00337500 1.86812600
41 1.36876300 -0.00003100 -0.00002000 -0.12957300 0.09181900 -1.14340300
42 1.80927100 0.89528800 -1.12011200 1.88461400 0.36803000 0.40774200
43 1.49514000 -0.24140600 0.04487800 0.00360000 -0.23414300 0.03443400
44 1.57423800 -0.10444600 0.03324200 0.03981700 0.07342300 -0.24671300
45 5.51180800 -0.00000600 0.00000400 -0.95227000 0.00000000 0.00000000
46 0.19684600 0.00000600 0.00000000 -0.34822500 0.00001500 -0.00000200
47 0.00000000 1.00000000 0.00000000 0.00000000 0.00000000 -1.57079600
48 -2.88370400 33.22035600 -3.42586400 0.00000000 0.00000000 -3.14156200
49 -7.58959955 48.92653299 -6.88709383 0.23825411 0.05977798 -0.41053256
50 11.07229800 1.05240800 -5.47149600 0.93682200 1.06673800 2.43562500
51 5.51488700 0.00125700 -1.24599700 0.00000000 0.00000000 0.00000000
52 -5.17175500 -0.20860600 1.50504400 0.11058500 0.00000000 0.00000000
53 0.00000400 0.45916200 0.00000000 -0.19771300 0.00000000 0.00000000
54 0.00000200 0.90097000 0.00000000 -0.43178600 0.00000000 0.00000000
55 0.00000400 0.90137900 0.00000100 -0.77968100 0.00000000 0.00000000
56 0.00000400 0.92234000 0.00000000 -0.26286200 0.00000000 0.00000000
57 0.00000000 0.90352400 -0.00000200 -0.00009000 0.00000000 0.00000000
58 0.00000200 0.91195300 0.00000000 -0.00896200 0.00000000 0.00000000
59 0.00000000 0.91130700 0.00000000 -0.00389300 0.00000000 0.00000000
60 0.00000400 0.90763800 0.00000200 0.00781400 0.00000000 0.00000000
61 0.00000000 0.90783600 0.00000000 0.01513400 0.00000000 0.00000000
62 -7.93947800 -0.00024100 1.60274100 0.00000000 0.00000000 0.00000000
63 -17.25021400 -0.73788500 -1.61960300 -0.54875900 0.30608400 -0.18218700
64 -17.25020600 0.71140500 -1.55281900 0.51629900 0.36128900 0.19804100
65 -1.11169100 1.28617900 -1.15214400 0.00000000 0.00000000 0.00000000
66 -8.44460900 -2.21927600 -2.25476600 3.09200100 1.15353800 -2.39145700
time 57
0 -0.00000100 8.45008800 -27.50902600 0.00000000 0.00000000 0.00003100
1 -0.00000200 0.00000000 0.00000000 1.57074700 -1.56714200 -1.57074700
2 4.25546500 -0.33518400 -0.00000200 0.00000000 0.00000000 -0.12484800
3 7.43125000 1.49647900 0.00000200 0.00000000 0.00000000 0.24545000
4 5.27847900 0.16554300 0.00000100 0.00000000 0.00000000 0.04851100
5 -1.64873900 -13.09409500 6.31045600 1.97586600 1.15990900 -1.29878500
6 -6.21447800 -0.00001000 -0.00002700 2.75286473 -0.69787479 1.75120023
7 11.94488900 0.00000000 0.00000000 -0.43417821 -0.33620289 1.78335165
8 10.62019000 0.00000000 0.00000000 0.51535513 0.27562479 -3.12353785
9 -4.75111000 -0.69449400 0.83057900 -0.20909800 -0.26626700 0.23759500
10 -1.68807600 0.00004300 -0.00003100 0.01890100 -0.01595800 0.56873800
11 -1.33614300 0.00005300 -0.00001000 0.02638000 -0.00059700 0.57491600
12 -4.82049600 -0.50945900 -0.22476100 -0.40355600 -0.04801500 1.29352100
13 -1.82699200 -0.00007200 0.00000800 0.00083000 0.10005500 1.71807400
14 -1.43657300 0.00000800 0.00000400 -0.01240500 -0.09794400 -0.01495000
15 -3.99235900 -0.89118600 -1.82791000 -0.64296900 0.36064400 1.56296000
16 -1.40592200 -0.00002700 0.00000000 -0.01220200 -0.02684500 1.30196100
17 -1.17535800 0.00012800 -0.00002100 0.02756300 0.06210400 0.32121000
18 -4.52675200 -0.69057500 -1.12074400 -0.46821800 0.17091500 1.47116200
19 -1.74403800 0.00003300 -0.00000400 -0.13022500 0.10023700 1.62651500
20 -1.36877400 0.00002500 0.00000400 0.00993500 0.05150500 0.08698400
21 -2.03839700 -0.89279200 0.93250500 1.78891300 0.18637700 0.83287400
22 -1.62788800 0.15474900 0.01182400 -0.11534900 0.17036400 0.47218900
23 -1.59927600 0.00000800 0.00001500 0.02557400 -0.03449400 0.91320200
24 5.51182400 0.00000800 -0.00000400 2.10279000 -0.06602500 3.11587600
25 0.19684600 -0.00000100 0.00000400 2.79340696 -0.00047267 -3.14147660
26 -2.55123000 -11.57811500 -3.02197200 1.97586200 1.15991000 1.84280300
27 6.21448500 0.00001000 0.00002000 -1.30561905 0.64076928 -1.73144079
28 11.94488500 -0.00003200 -0.00019900 -0.70740263 -0.32714771 -1.27612219
29 10.62016900 -0.00000200 0.00000800 -2.02001909 -0.51092677 0.20559364
30 4.75116500 0.69437600 -0.83047400 0.02505900 -0.18560800 0.14615800
31 1.68806100 -0.00002400 0.00000200 -0.00776500 -0.02349400 1.75632300
32 1.33615100 -0.00005000 -0.00001000 0.00924200 -0.03762600 0.12943000
33 4.82051700 0.50934200 0.22486600 -0.20655200 -0.13961500 0.62947100
34 1.82700300 0.00006200 0.00001000 0.02735300 0.02979100 2.01690100
35 1.43658100 -0.00000600 0.00001000 0.01515000 0.00045200 -0.75718600
36 3.99235500 0.89109000 1.82799500 -0.42620000 0.27844800 1.39074000
37 1.40592200 0.00003100 -0.00000400 -0.01231800 -0.02677000 1.30554600
38 1.17536200 -0.00013200 0.00000400 -0.09551900 0.07798600 -0.93359900
39 4.52676200 0.69046800 1.12084200 -0.36932500 0.01644200 1.00623400
40 1.74404100 -0.00002700 0.00000100 -0.02939300 -0.00337500 1.86812600
41 1.36876300 -0.00003100 -0.00002000 -0.12957300 0.09181900 -1.14340300
42 1.80927100 0.89528800 -1.12011200 1.88461400 0.36803000 0.40774200
43 1.49514000 -0.24140600 0.04487800 0.00360000 -0.23414300 0.03443400
44 1.57423800 -0.10444600 0.03324200 0.03981700 0.07342300 -0.24671300
45 5.51180800 -0.00000600 0.00000400 -0.95227000 0.00000000 0.00000000
46 0.19684600 0.00000600 0.00000000 -0.34822500 0.00001500 -0.00000200
47 0.00000000 1.00000000 0.00000000 0.00000000 0.00000000 -1.57079600
48 -2.88370400 33.22035600 -3.42586400 0.00000000 0.00000000 -3.14156200
49 -7.57963542 48.92653299 -6.88128983 0.23401961 0.06199526 -0.41054132
50 11.07229800 1.05240800 -5.47149600 0.93682200 1.06673800 2.43562500
51 5.51488700 0.00125700 -1.24599700 0.00000000 0.00000000 0.00000000
52 -5.17175500 -0.20860600 1.50504400 0.11058500 0.00000000 0.00000000
53 0.00000400 0.45916200 0.00000000 -0.19771300 0.00000000 0.00000000
54 0.00000200 0.90097000 0.00000000 -0.43178600 0.00000000 0.00000000
55 0.00000400 0.90137900 0.00000100 -0.77968100 0.00000000 0.00000000
56 0.00000400 0.92234000 0.00000000 -0.26286200 0.00000000 0.00000000
57 0.00000000 0.90352400 -0.00000200 -0.00009000 0.00000000 0.00000000
58 0.00000200 0.91195300 0.00000000 -0.00896200 0.00000000 0.00000000
59 0.00000000 0.91130700 0.00000000 -0.00389300 0.00000000 0.00000000
60 0.00000400 0.90763800 0.00000200 0.00781400 0.00000000 0.00000000
61 0.00000000 0.90783600 0.00000000 0.01513400 0.00000000 0.00000000
62 -7.93947800 -0.00024100 1.60274100 0.00000000 0.00000000 0.00000000
63 -17.25021400 -0.73788500 -1.61960300 -0.54875900 0.30608400 -0.18218700
64 -17.25020600 0.71140500 -1.55281900 0.51629900 0.36128900 0.19804100
65 -1.11169100 1.28617900 -1.15214400 0.00000000 0.00000000 0.00000000
66 -8.44460900 -2.21927600 -2.25476600 3.09200100 1.15353800 -2.39145700
time 58
0 -0.00000100 8.45008800 -27.50902600 0.00000000 0.00000000 0.00003100
1 -0.00000200 0.00000000 0.00000000 1.57074700 -1.56714200 -1.57074700
2 4.25546500 -0.33518400 -0.00000200 0.00000000 0.00000000 -0.12484800
3 7.43125000 1.49647900 0.00000200 0.00000000 0.00000000 0.24545000
4 5.27847900 0.16554300 0.00000100 0.00000000 0.00000000 0.04851100
5 -1.64873900 -13.09409500 6.31045600 1.97586600 1.15990900 -1.29878500
6 -6.21447800 -0.00001000 -0.00002700 2.75016428 -0.69777282 1.75116896
7 11.94488900 0.00000000 0.00000000 -0.43394213 -0.33589351 1.78277639
8 10.62019000 0.00000000 0.00000000 0.51248775 0.28100217 -3.12499949
9 -4.75111000 -0.69449400 0.83057900 -0.20909800 -0.26626700 0.23759500
10 -1.68807600 0.00004300 -0.00003100 0.01890100 -0.01595800 0.56873800
11 -1.33614300 0.00005300 -0.00001000 0.02638000 -0.00059700 0.57491600
12 -4.82049600 -0.50945900 -0.22476100 -0.40355600 -0.04801500 1.29352100
13 -1.82699200 -0.00007200 0.00000800 0.00083000 0.10005500 1.71807400
14 -1.43657300 0.00000800 0.00000400 -0.01240500 -0.09794400 -0.01495000
15 -3.99235900 -0.89118600 -1.82791000 -0.64296900 0.36064400 1.56296000
16 -1.40592200 -0.00002700 0.00000000 -0.01220200 -0.02684500 1.30196100
17 -1.17535800 0.00012800 -0.00002100 0.02756300 0.06210400 0.32121000
18 -4.52675200 -0.69057500 -1.12074400 -0.46821800 0.17091500 1.47116200
19 -1.74403800 0.00003300 -0.00000400 -0.13022500 0.10023700 1.62651500
20 -1.36877400 0.00002500 0.00000400 0.00993500 0.05150500 0.08698400
21 -2.03839700 -0.89279200 0.93250500 1.78891300 0.18637700 0.83287400
22 -1.62788800 0.15474900 0.01182400 -0.11534900 0.17036400 0.47218900
23 -1.59927600 0.00000800 0.00001500 0.02557400 -0.03449400 0.91320200
24 5.51182400 0.00000800 -0.00000400 2.10279000 -0.06602500 3.11587600
25 0.19684600 -0.00000100 0.00000400 2.79340696 -0.00047267 -3.14147660
26 -2.55123000 -11.57811500 -3.02197200 1.97586200 1.15991000 1.84280300
27 6.21448500 0.00001000 0.00002000 -1.30571323 0.63964876 -1.73138044
28 11.94488500 -0.00003200 -0.00019900 -0.70709391 -0.32677429 -1.27710844
29 10.62016900 -0.00000200 0.00000800 -2.01633495 -0.51214540 0.20764673
30 4.75116500 0.69437600 -0.83047400 0.02505900 -0.18560800 0.14615800
31 1.68806100 -0.00002400 0.00000200 -0.00776500 -0.02349400 1.75632300
32 1.33615100 -0.00005000 -0.00001000 0.00924200 -0.03762600 0.12943000
33 4.82051700 0.50934200 0.22486600 -0.20655200 -0.13961500 0.62947100
34 1.82700300 0.00006200 0.00001000 0.02735300 0.02979100 2.01690100
35 1.43658100 -0.00000600 0.00001000 0.01515000 0.00045200 -0.75718600
36 3.99235500 0.89109000 1.82799500 -0.42620000 0.27844800 1.39074000
37 1.40592200 0.00003100 -0.00000400 -0.01231800 -0.02677000 1.30554600
38 1.17536200 -0.00013200 0.00000400 -0.09551900 0.07798600 -0.93359900
39 4.52676200 0.69046800 1.12084200 -0.36932500 0.01644200 1.00623400
40 1.74404100 -0.00002700 0.00000100 -0.02939300 -0.00337500 1.86812600
41 1.36876300 -0.00003100 -0.00002000 -0.12957300 0.09181900 -1.14340300
42 1.80927100 0.89528800 -1.12011200 1.88461400 0.36803000 0.40774200
43 1.49514000 -0.24140600 0.04487800 0.00360000 -0.23414300 0.03443400
44 1.57423800 -0.10444600 0.03324200 0.03981700 0.07342300 -0.24671300
45 5.51180800 -0.00000600 0.00000400 -0.95227000 0.00000000 0.00000000
46 0.19684600 0.00000600 0.00000000 -0.34822500 0.00001500 -0.00000200
47 0.00000000 1.00000000 0.00000000 0.00000000 0.00000000 -1.57079600
48 -2.88370400 33.22035600 -3.42586400 0.00000000 0.00000000 -3.14156200
49 -7.57317233 48.92653299 -6.87649367 0.23053829 0.06411601 -0.41062558
50 11.07229800 1.05240800 -5.47149600 0.93682200 1.06673800 2.43562500
51 5.51488700 0.00125700 -1.24599700 0.00000000 0.00000000 0.00000000
52 -5.17175500 -0.20860600 1.50504400 0.11058500 0.00000000 0.00000000
53 0.00000400 0.45916200 0.00000000 -0.19771300 0.00000000 0.00000000
54 0.00000200 0.90097000 0.00000000 -0.43178600 0.00000000 0.00000000
55 0.00000400 0.90137900 0.00000100 -0.77968100 0.00000000 0.00000000
56 0.00000400 0.92234000 0.00000000 -0.26286200 0.00000000 0.00000000
57 0.00000000 0.90352400 -0.00000200 -0.00009000 0.00000000 0.00000000
58 0.00000200 0.91195300 0.00000000 -0.00896200 0.00000000 0.00000000
59 0.00000000 0.91130700 0.00000000 -0.00389300 0.00000000 0.00000000
60 0.00000400 0.90763800 0.00000200 0.00781400 0.00000000 0.00000000
61 0.00000000 0.90783600 0.00000000 0.01513400 0.00000000 0.00000000
62 -7.93947800 -0.00024100 1.60274100 0.00000000 0.00000000 0.00000000
63 -17.25021400 -0.73788500 -1.61960300 -0.54875900 0.30608400 -0.18218700
64 -17.25020600 0.71140500 -1.55281900 0.51629900 0.36128900 0.19804100
65 -1.11169100 1.28617900 -1.15214400 0.00000000 0.00000000 0.00000000
66 -8.44460900 -2.21927600 -2.25476600 3.09200100 1.15353800 -2.39145700
time 59
0 -0.00000100 8.45008800 -27.50902600 0.00000000 0.00000000 0.00003100
1 -0.00000200 0.00000000 0.00000000 1.57074700 -1.56714200 -1.57074700
2 4.25546500 -0.33518400 -0.00000200 0.00000000 0.00000000 -0.12484800
3 7.43125000 1.49647900 0.00000200 0.00000000 0.00000000 0.24545000
4 5.27847900 0.16554300 0.00000100 0.00000000 0.00000000 0.04851100
5 -1.64873900 -13.09409500 6.31045600 1.97586600 1.15990900 -1.29878500
6 -6.21447800 -0.00001000 -0.00002700 2.74761929 -0.69768010 1.75100410
7 11.94488900 0.00000000 0.00000000 -0.43375227 -0.33567568 1.78211722
8 10.62019000 0.00000000 0.00000000 0.50980939 0.28619976 -3.12628061
9 -4.75111000 -0.69449400 0.83057900 -0.20909800 -0.26626700 0.23759500
10 -1.68807600 0.00004300 -0.00003100 0.01890100 -0.01595800 0.56873800
11 -1.33614300 0.00005300 -0.00001000 0.02638000 -0.00059700 0.57491600
12 -4.82049600 -0.50945900 -0.22476100 -0.40355600 -0.04801500 1.29352100
13 -1.82699200 -0.00007200 0.00000800 0.00083000 0.10005500 1.71807400
14 -1.43657300 0.00000800 0.00000400 -0.01240500 -0.09794400 -0.01495000
15 -3.99235900 -0.89118600 -1.82791000 -0.64296900 0.36064400 1.56296000
16 -1.40592200 -0.00002700 0.00000000 -0.01220200 -0.02684500 1.30196100
17 -1.17535800 0.00012800 -0.00002100 0.02756300 0.06210400 0.32121000
18 -4.52675200 -0.69057500 -1.12074400 -0.46821800 0.17091500 1.47116200
19 -1.74403800 0.00003300 -0.00000400 -0.13022500 0.10023700 1.62651500
20 -1.36877400 0.00002500 0.00000400 0.00993500 0.05150500 0.08698400
21 -2.03839700 -0.89279200 0.93250500 1.78891300 0.18637700 0.83287400
22 -1.62788800 0.15474900 0.01182400 -0.11534900 0.17036400 0.47218900
23 -1.59927600 0.00000800 0.00001500 0.02557400 -0.03449400 0.91320200
24 5.51182400 0.00000800 -0.00000400 2.10279000 -0.06602500 3.11587600
25 0.19684600 -0.00000100 0.00000400 2.79340696 -0.00047267 -3.14147660
26 -2.55123000 -11.57811500 -3.02197200 1.97586200 1.15991000 1.84280300
27 6.21448500 0.00001000 0.00002000 -1.30585525 0.63862407 -1.73137520
28 11.94488500 -0.00003200 -0.00019900 -0.70682770 -0.32652163 -1.27801578
29 10.62016900 -0.00000200 0.00000800 -2.01292545 -0.51327747 0.20947667
30 4.75116500 0.69437600 -0.83047400 0.02505900 -0.18560800 0.14615800
31 1.68806100 -0.00002400 0.00000200 -0.00776500 -0.02349400 1.75632300
32 1.33615100 -0.00005000 -0.00001000 0.00924200 -0.03762600 0.12943000
33 4.82051700 0.50934200 0.22486600 -0.20655200 -0.13961500 0.62947100
34 1.82700300 0.00006200 0.00001000 0.02735300 0.02979100 2.01690100
35 1.43658100 -0.00000600 0.00001000 0.01515000 0.00045200 -0.75718600
36 3.99235500 0.89109000 1.82799500 -0.42620000 0.27844800 1.39074000
37 1.40592200 0.00003100 -0.00000400 -0.01231800 -0.02677000 1.30554600
38 1.17536200 -0.00013200 0.00000400 -0.09551900 0.07798600 -0.93359900
39 4.52676200 0.69046800 1.12084200 -0.36932500 0.01644200 1.00623400
40 1.74404100 -0.00002700 0.00000100 -0.02939300 -0.00337500 1.86812600
41 1.36876300 -0.00003100 -0.00002000 -0.12957300 0.09181900 -1.14340300
42 1.80927100 0.89528800 -1.12011200 1.88461400 0.36803000 0.40774200
43 1.49514000 -0.24140600 0.04487800 0.00360000 -0.23414300 0.03443400
44 1.57423800 -0.10444600 0.03324200 0.03981700 0.07342300 -0.24671300
45 5.51180800 -0.00000600 0.00000400 -0.95227000 0.00000000 0.00000000
46 0.19684600 0.00000600 0.00000000 -0.34822500 0.00001500 -0.00000200
47 0.00000000 1.00000000 0.00000000 0.00000000 0.00000000 -1.57079600
48 -2.88370400 33.22035600 -3.42586400 0.00000000 0.00000000 -3.14156200
49 -7.56802213 48.92653299 -6.87337783 0.22726926 0.06609980 -0.41074758
50 11.07229800 1.05240800 -5.47149600 0.93682200 1.06673800 2.43562500
51 5.51488700 0.00125700 -1.24599700 0.00000000 0.00000000 0.00000000
52 -5.17175500 -0.20860600 1.50504400 0.11058500 0.00000000 0.00000000
53 0.00000400 0.45916200 0.00000000 -0.19771300 0.00000000 0.00000000
54 0.00000200 0.90097000 0.00000000 -0.43178600 0.00000000 0.00000000
55 0.00000400 0.90137900 0.00000100 -0.77968100 0.00000000 0.00000000
56 0.00000400 0.92234000 0.00000000 -0.26286200 0.00000000 0.00000000
57 0.00000000 0.90352400 -0.00000200 -0.00009000 0.00000000 0.00000000
58 0.00000200 0.91195300 0.00000000 -0.00896200 0.00000000 0.00000000
59 0.00000000 0.91130700 0.00000000 -0.00389300 0.00000000 0.00000000
60 0.00000400 0.90763800 0.00000200 0.00781400 0.00000000 0.00000000
61 0.00000000 0.90783600 0.00000000 0.01513400 0.00000000 0.00000000
62 -7.93947800 -0.00024100 1.60274100 0.00000000 0.00000000 0.00000000
63 -17.25021400 -0.73788500 -1.61960300 -0.54875900 0.30608400 -0.18218700
64 -17.25020600 0.71140500 -1.55281900 0.51629900 0.36128900 0.19804100
65 -1.11169100 1.28617900 -1.15214400 0.00000000 0.00000000 0.00000000
66 -8.44460900 -2.21927600 -2.25476600 3.09200100 1.15353800 -2.39145700
time 60
0 -0.00000100 8.45008800 -27.50902600 0.00000000 0.00000000 0.00003100
1 -0.00000200 0.00000000 0.00000000 1.57074700 -1.56714200 -1.57074700
2 4.25546500 -0.33518400 -0.00000200 0.00000000 0.00000000 -0.12484800
3 7.43125000 1.49647900 0.00000200 0.00000000 0.00000000 0.24545000
4 5.27847900 0.16554300 0.00000100 0.00000000 0.00000000 0.04851100
5 -1.64873900 -13.09409500 6.31045600 1.97586600 1.15990900 -1.29878500
6 -6.21447800 -0.00001000 -0.00002700 2.74498786 -0.69757492 1.75124702
7 11.94488900 0.00000000 0.00000000 -0.43361738 -0.33538366 1.78180698
8 10.62019000 0.00000000 0.00000000 0.50649082 0.29073525 -3.12792064
9 -4.75111000 -0.69449400 0.83057900 -0.20909800 -0.26626700 0.23759500
10 -1.68807600 0.00004300 -0.00003100 0.01890100 -0.01595800 0.56873800
11 -1.33614300 0.00005300 -0.00001000 0.02638000 -0.00059700 0.57491600
12 -4.82049600 -0.50945900 -0.22476100 -0.40355600 -0.04801500 1.29352100
13 -1.82699200 -0.00007200 0.00000800 0.00083000 0.10005500 1.71807400
14 -1.43657300 0.00000800 0.00000400 -0.01240500 -0.09794400 -0.01495000
15 -3.99235900 -0.89118600 -1.82791000 -0.64296900 0.36064400 1.56296000
16 -1.40592200 -0.00002700 0.00000000 -0.01220200 -0.02684500 1.30196100
17 -1.17535800 0.00012800 -0.00002100 0.02756300 0.06210400 0.32121000
18 -4.52675200 -0.69057500 -1.12074400 -0.46821800 0.17091500 1.47116200
19 -1.74403800 0.00003300 -0.00000400 -0.13022500 0.10023700 1.62651500
20 -1.36877400 0.00002500 0.00000400 0.00993500 0.05150500 0.08698400
21 -2.03839500 -0.89278900 0.93250500 1.78891300 0.18637700 0.83287400
22 -1.62788600 0.15474600 0.01182500 -0.11534900 0.17036400 0.47218900
23 -1.59927600 0.00000800 0.00001500 0.02557200 -0.03449500 0.91329800
24 5.51182400 0.00000800 -0.00000400 2.10279000 -0.06602500 3.11587600
25 0.19684600 -0.00000100 0.00000400 2.79340696 -0.00047267 -3.14147660
26 -2.55123000 -11.57811500 -3.02197200 1.97586200 1.15991000 1.84280300
27 6.21448500 0.00001000 0.00002000 -1.30611342 0.63821461 -1.73134881
28 11.94488500 -0.00003200 -0.00019900 -0.70632320 -0.32634416 -1.27947713
29 10.62016900 -0.00000200 0.00000800 -2.00955801 -0.51481427 0.21160446
30 4.75116500 0.69437600 -0.83047400 0.02505900 -0.18560800 0.14615800
31 1.68806100 -0.00002400 0.00000200 -0.00776500 -0.02349400 1.75632300
32 1.33615100 -0.00005000 -0.00001000 0.00924200 -0.03762600 0.12943000
33 4.82051700 0.50934200 0.22486600 -0.20655200 -0.13961500 0.62947100
34 1.82700300 0.00006200 0.00001000 0.02735300 0.02979100 2.01690100
35 1.43658100 -0.00000600 0.00001000 0.01515000 0.00045200 -0.75718600
36 3.99235500 0.89109000 1.82799500 -0.42620000 0.27844800 1.39074000
37 1.40592200 0.00003100 -0.00000400 -0.01231800 -0.02677000 1.30554600
38 1.17536200 -0.00013200 0.00000400 -0.09551900 0.07798600 -0.93359900
39 4.52676200 0.69046800 1.12084200 -0.36932500 0.01644200 1.00623400
40 1.74404100 -0.00002700 0.00000100 -0.02939300 -0.00337500 1.86812600
41 1.36876300 -0.00003100 -0.00002000 -0.12957300 0.09181900 -1.14340300
42 1.80926900 0.89528800 -1.12010700 1.88461400 0.36803000 0.40774200
43 1.49514200 -0.24140500 0.04487400 0.00360000 -0.23414300 0.03443400
44 1.57424000 -0.10445200 0.03324300 0.03981700 0.07342300 -0.24671300
45 5.51180800 -0.00000600 0.00000400 -0.95227000 0.00000000 0.00000000
46 0.19684600 0.00000600 0.00000000 -0.34822500 0.00001500 -0.00000200
47 0.00000000 1.00000000 0.00000000 0.00000000 0.00000000 -1.57079600
48 -2.88370400 33.22035600 -3.42586400 0.00000000 0.00000000 -3.14156200
49 -7.56287193 48.92653299 -6.87443699 0.22349994 0.06749524 -0.41058116
50 11.07231800 1.05239700 -5.47148900 0.93682200 1.06673800 2.43562500
51 5.51488700 0.00125700 -1.24599700 0.00000000 0.00000000 0.00000000
52 -5.17175500 -0.20860600 1.50504400 0.11058500 0.00000000 0.00000000
53 0.00000400 0.45916200 0.00000000 -0.19771300 0.00000000 0.00000000
54 0.00000200 0.90097000 0.00000000 -0.43178600 0.00000000 0.00000000
55 0.00000400 0.90137900 0.00000100 -0.77968100 0.00000000 0.00000000
56 0.00000400 0.92234000 0.00000000 -0.26286200 0.00000000 0.00000000
57 0.00000000 0.90352400 -0.00000200 -0.00009000 0.00000000 0.00000000
58 0.00000200 0.91195300 0.00000000 -0.00896200 0.00000000 0.00000000
59 0.00000000 0.91130700 0.00000000 -0.00389300 0.00000000 0.00000000
60 0.00000400 0.90763800 0.00000200 0.00781400 0.00000000 0.00000000
61 0.00000000 0.90783600 0.00000000 0.01513400 0.00000000 0.00000000
62 -7.93947800 -0.00024100 1.60274100 0.00000000 0.00000000 0.00000000
63 -17.25021400 -0.73788500 -1.61960300 -0.54875900 0.30608400 -0.18218700
64 -17.25020600 0.71140500 -1.55281900 0.51629900 0.36128900 0.19804100
65 -1.11169100 1.28617900 -1.15214400 0.00000000 0.00000000 0.00000000
66 -8.44460900 -2.21927600 -2.25476600 3.09200100 1.15353800 -2.39145700
end
