// Created by Crowbar 0.74
version 1
nodes
  0 "root" -1
  1 "pelvis" 0
  2 "spine_01" 1
  3 "spine_02" 2
  4 "spine_03" 3
  5 "clavicle_r" 4
  6 "upperarm_r" 5
  7 "lowerarm_r" 6
  8 "hand_r" 7
  9 "index_01_r" 8
  10 "index_02_r" 9
  11 "index_03_r" 10
  12 "middle_01_r" 8
  13 "middle_02_r" 12
  14 "middle_03_r" 13
  15 "pinky_01_r" 8
  16 "pinky_02_r" 15
  17 "pinky_03_r" 16
  18 "ring_01_r" 8
  19 "ring_02_r" 18
  20 "ring_03_r" 19
  21 "thumb_01_r" 8
  22 "thumb_02_r" 21
  23 "thumb_03_r" 22
  24 "BaseMesh" 8
  25 "Mag" 24
  26 "Bullet.001" 25
  27 "Bullet.002" 25
  28 "Hammer" 24
  29 "Trigger" 24
  30 "Slide" 24
  31 "MagRelease" 24
  32 "rhand_ikTarget" 24
  33 "LHand_IKtarget" 24
  34 "lowerarm_twist_01_r" 7
  35 "upperarm_twist_01_r" 6
  36 "clavicle_l" 4
  37 "upperarm_l" 36
  38 "lowerarm_l" 37
  39 "hand_l" 38
  40 "index_01_l" 39
  41 "index_02_l" 40
  42 "index_03_l" 41
  43 "middle_01_l" 39
  44 "middle_02_l" 43
  45 "middle_03_l" 44
  46 "pinky_01_l" 39
  47 "pinky_02_l" 46
  48 "pinky_03_l" 47
  49 "ring_01_l" 39
  50 "ring_02_l" 49
  51 "ring_03_l" 50
  52 "thumb_01_l" 39
  53 "thumb_02_l" 52
  54 "thumb_03_l" 53
  55 "BaseLeftMesh" 39
  56 "lowerarm_twist_01_l" 38
  57 "upperarm_twist_01_l" 37
  58 "cam_driver" -1
  59 "MagLeft" 55
  60 "BulletLeft.001" 59
  61 "BulletLeft.002" 59
  62 "HammerLeft" 55
  63 "TriggerLeft" 55
  64 "SlideLeft" 55
  65 "MagReleaseLeft" 55
end
skeleton
  time 0
    0 -0.000001 7.450089 -27.509026 0.000000 0.000000 0.000031
    1 -0.000002 0.000000 0.000000 1.570743 -1.567137 -1.570743
    2 4.255468 -0.335183 -0.000002 0.000000 0.000000 -0.124848
    3 7.431248 1.496477 0.000002 0.000000 0.000000 0.245450
    4 5.278479 0.165541 0.000001 0.000000 0.000000 0.048511
    5 3.455526 -8.400610 1.488976 1.975864 1.159909 -1.298786
  6 -6.214482 -0.000007 -0.000027 -2.928916 -0.226110 0.960322
  7 11.944882 0.000000 0.000001 0.001314 0.141633 0.501386
    8 10.620181 0.000002 0.000000 1.225653 0.340892 2.338925
    9 -4.751106 -0.694494 0.830577 -0.265066 -0.185212 0.638415
    10 -1.688068 0.000046 -0.000032 0.017318 -0.017625 0.661047
    11 -1.336140 0.000057 -0.000012 0.026268 0.002327 0.462662
    12 -4.820494 -0.509460 -0.224759 -0.387629 -0.157873 1.437294
    13 -1.826992 -0.000064 0.000006 -0.008328 0.039588 1.065564
    14 -1.436573 0.000006 0.000002 -0.060134 -0.049384 0.791627
    15 -3.992355 -0.891188 -1.827909 -0.524035 -0.011224 1.323612
    16 -1.405918 -0.000025 -0.000003 0.000590 -0.029494 0.855908
    17 -1.175358 0.000128 -0.000020 0.064417 0.021463 1.153028
    18 -4.526751 -0.690575 -1.120744 -0.418129 0.007769 1.492663
    19 -1.744038 0.000033 -0.000008 -0.019053 -0.022614 1.113174
    20 -1.368771 0.000025 0.000002 0.037954 0.036187 0.704409
    21 -1.718808 -1.282706 0.931533 1.575721 0.719793 0.767447
    22 -1.523453 0.000032 0.000031 0.067008 -0.064052 0.809655
    23 -1.599285 0.000004 0.000016 -0.081649 -0.031942 0.967523
    24 -4.170181 -1.854373 0.753363 -0.190417 -0.170868 0.450040
    25 -0.420464 -0.018744 1.271440 0.000000 0.000000 0.000000
    26 1.192043 0.000000 -3.424385 0.000000 1.300764 0.000000
    27 0.786932 0.000001 -3.578654 0.000000 1.300764 0.000000
    28 1.388578 -0.009689 0.998069 0.000000 0.924975 0.000000
    29 -1.500304 -0.009689 0.357643 0.000000 0.000002 0.000000
    30 -0.762001 -0.009688 2.091125 0.000000 0.000002 0.000000
    31 -1.126226 -0.584940 -0.293132 0.000000 0.000002 0.000000
    32 4.367017 0.145637 -1.518008 0.343408 1.059062 1.581273
    33 4.219040 -7.698124 -2.874346 2.431460 -1.247772 -0.947552
    34 5.511815 0.000008 -0.000001 2.243153 0.000000 3.141593
    35 0.196847 -0.000001 0.000003 2.793407 0.000006 -3.141577
    36 3.455526 -8.400609 -1.488978 1.975862 1.159909 1.842803
    37 6.214485 0.000006 0.000020 -0.203572 0.505796 -1.700979
    38 11.944885 -0.000029 -0.000194 0.774202 -0.301891 -1.025503
    39 10.620166 0.000002 0.000010 -2.374599 -0.123777 0.603609
    40 4.751156 0.694376 -0.830473 -0.056027 -0.279163 0.546048
    41 1.688065 -0.000026 0.000002 0.015390 -0.019324 0.766007
    42 1.336151 -0.000051 -0.000009 -0.010073 -0.037400 0.633142
    43 4.820513 0.509340 0.224865 -0.282059 -0.320142 1.392856
    44 1.826996 0.000066 0.000008 0.004297 0.040213 1.379384
    45 1.436577 -0.000010 0.000007 0.007051 -0.013384 0.358405
    46 3.992353 0.891087 1.827994 -0.535673 0.001046 1.726522
    47 1.405918 0.000021 -0.000007 -0.008992 -0.028075 1.183726
    48 1.175369 -0.000131 0.000002 0.073099 0.099343 0.591189
    49 4.526756 0.690460 1.120842 -0.485496 -0.175754 1.641301
    50 1.744041 -0.000031 -0.000002 -0.025718 -0.014586 1.468156
    51 1.368763 -0.000031 -0.000017 0.050831 0.150370 0.142238
    52 1.874855 0.935081 -0.999130 2.126006 0.483450 1.082862
    53 1.523449 -0.000034 -0.000003 -0.460179 -0.057098 0.780184
    54 1.599281 -0.000002 0.000009 0.079776 -0.024525 1.123837
    55 4.123357 1.860056 -0.741613 3.139446 0.288360 -2.792691
    56 5.511806 -0.000002 0.000006 -0.907938 0.000000 0.000000
    57 0.196850 0.000003 -0.000002 -0.348225 0.000015 -0.000002
    58 0.000000 0.000000 0.000000 0.000000 0.000000 -1.570796
    59 -0.420467 -0.018743 1.271442 0.000000 0.000000 0.000000
    60 0.516761 0.000000 0.128687 0.000000 0.000000 0.000000
    61 0.557412 0.000000 -0.302896 0.000000 0.000000 0.000000
    62 1.388578 -0.009689 0.998071 0.000000 0.924975 0.000000
    63 -1.500303 -0.009689 0.357642 0.000000 0.000000 0.000000
    64 -2.978541 -0.009687 2.091135 0.000000 0.000000 0.000000
    65 -1.126226 -0.584940 -0.293134 0.000000 0.000000 0.000000
  time 1
    0 -0.000001 7.450089 -27.509026 0.000000 0.000000 0.000031
    1 -0.000002 0.000000 0.000000 1.570743 -1.567137 -1.570743
    2 4.255468 -0.335183 -0.000002 0.000000 0.000000 -0.124848
    3 7.431248 1.496477 0.000002 0.000000 0.000000 0.245450
    4 5.278479 0.165541 0.000001 0.000000 0.000000 0.048511
    5 3.455526 -8.400610 1.488976 1.975864 1.159909 -1.298786
  6 -6.214482 -0.000007 -0.000027 -2.918976 -0.215766 0.942139
  7 11.944882 0.000000 0.000001 0.005003 0.127959 0.490467
    8 10.620181 0.000002 0.000000 1.182237 0.301824 2.357414
    9 -4.751106 -0.694494 0.830577 -0.265066 -0.185212 0.638415
    10 -1.688068 0.000046 -0.000032 0.017318 -0.017625 0.661047
    11 -1.336140 0.000057 -0.000012 0.026268 0.002327 0.462662
    12 -4.820494 -0.509460 -0.224759 -0.387629 -0.157873 1.437294
    13 -1.826992 -0.000064 0.000006 -0.008328 0.039588 1.065564
    14 -1.436573 0.000006 0.000002 -0.060134 -0.049384 0.791627
    15 -3.992355 -0.891188 -1.827909 -0.524035 -0.011224 1.323612
    16 -1.405918 -0.000025 -0.000003 0.000590 -0.029494 0.855908
    17 -1.175358 0.000128 -0.000020 0.064417 0.021463 1.153028
    18 -4.526751 -0.690575 -1.120744 -0.418129 0.007769 1.492663
    19 -1.744038 0.000033 -0.000008 -0.019053 -0.022614 1.113174
    20 -1.368771 0.000025 0.000002 0.037954 0.036187 0.704409
    21 -1.718808 -1.282706 0.931533 1.601822 0.753708 0.787286
    22 -1.523453 0.000032 0.000031 0.067145 -0.063821 0.807495
    23 -1.599285 0.000004 0.000016 -0.082426 -0.030977 0.978449
    24 -4.170181 -1.854373 0.753363 -0.190417 -0.170868 0.450040
    25 -0.420462 -0.018743 1.271439 0.000000 0.000000 0.000000
    26 1.192045 -0.000001 -3.424384 0.000000 1.300764 0.000000
    27 0.786932 0.000000 -3.578653 0.000000 1.300764 0.000000
    28 1.388578 -0.009689 0.998069 0.000000 0.924975 0.000000
    29 -1.500304 -0.009689 0.357643 0.000000 0.000002 0.000000
    30 -0.762001 -0.009688 2.091125 0.000000 0.000002 0.000000
    31 -1.126226 -0.584940 -0.293132 0.000000 0.000002 0.000000
    32 4.367017 0.145637 -1.518008 0.343408 1.059062 1.581273
    33 3.939322 -7.870535 -2.648096 2.778606 -1.210745 -1.307227
    34 5.511815 0.000008 -0.000001 2.243153 0.000000 3.141593
    35 0.196847 -0.000001 0.000003 2.793407 0.000006 -3.141577
    36 3.455526 -8.400609 -1.488978 1.975862 1.159909 1.842803
    37 6.214485 0.000006 0.000020 -0.229093 0.498599 -1.695895
    38 11.944885 -0.000029 -0.000194 0.776616 -0.305203 -1.044863
    39 10.620166 0.000002 0.000010 -2.396599 -0.028811 0.580740
    40 4.751156 0.694376 -0.830473 -0.034094 -0.286593 0.485649
    41 1.688065 -0.000026 0.000002 0.015168 -0.019457 0.777283
    42 1.336151 -0.000051 -0.000009 -0.007398 -0.038032 0.562710
    43 4.820513 0.509340 0.224865 -0.282059 -0.320142 1.392856
    44 1.826996 0.000066 0.000008 0.004297 0.040213 1.379384
    45 1.436577 -0.000010 0.000007 0.007051 -0.013384 0.358405
    46 3.992353 0.891087 1.827994 -0.535673 0.001046 1.726522
    47 1.405918 0.000021 -0.000007 -0.008992 -0.028075 1.183726
    48 1.175369 -0.000131 0.000002 0.073099 0.099343 0.591189
    49 4.526756 0.690460 1.120842 -0.485496 -0.175754 1.641301
    50 1.744041 -0.000031 -0.000002 -0.025718 -0.014586 1.468156
    51 1.368763 -0.000031 -0.000017 0.050831 0.150370 0.142238
    52 1.874855 0.935081 -0.999130 2.126006 0.483450 1.082862
    53 1.523449 -0.000034 -0.000003 -0.460179 -0.057098 0.780184
    54 1.599281 -0.000002 0.000009 0.079776 -0.024525 1.123837
    55 4.123360 1.860058 -0.741615 3.139446 0.288360 -2.792691
    56 5.511806 -0.000002 0.000006 -0.907938 0.000000 0.000000
    57 0.196850 0.000003 -0.000002 -0.348225 0.000015 -0.000002
    58 0.000000 0.000000 0.000000 0.001381 0.000604 -1.570451
    59 -0.420465 -0.018743 1.271441 0.000000 0.000000 0.000000
    60 0.516761 0.000000 0.128687 0.000000 0.000000 0.000000
    61 0.557412 0.000000 -0.302896 0.000000 0.000000 0.000000
    62 1.388578 -0.009689 0.998071 0.000000 0.924975 0.000000
    63 -1.500303 -0.009689 0.357642 0.000000 0.000000 0.000000
    64 -2.978541 -0.009687 2.091135 0.000000 0.000000 0.000000
    65 -1.126226 -0.584940 -0.293134 0.000000 0.000000 0.000000
  time 2
    0 -0.000001 7.450089 -27.509026 0.000000 0.000000 0.000031
    1 -0.000002 0.000000 0.000000 1.570743 -1.567137 -1.570743
    2 4.255468 -0.335183 -0.000002 0.000000 0.000000 -0.124848
    3 7.431248 1.496477 0.000002 0.000000 0.000000 0.245450
    4 5.278479 0.165541 0.000001 0.000000 0.000000 0.048511
    5 3.455526 -8.400610 1.488976 1.975864 1.159909 -1.298786
  6 -6.214482 -0.000007 -0.000027 -2.896465 -0.191236 0.885906
  7 11.944882 0.000000 0.000001 0.019400 0.094952 0.429876
    8 10.620181 0.000002 0.000000 1.067475 0.228195 2.385984
    9 -4.751106 -0.694494 0.830577 -0.265066 -0.185212 0.638415
    10 -1.688068 0.000046 -0.000032 0.017318 -0.017625 0.661047
    11 -1.336140 0.000057 -0.000012 0.026268 0.002327 0.462662
    12 -4.820494 -0.509460 -0.224759 -0.387629 -0.157873 1.437294
    13 -1.826992 -0.000064 0.000006 -0.008328 0.039588 1.065564
    14 -1.436573 0.000006 0.000002 -0.060134 -0.049384 0.791627
    15 -3.992355 -0.891188 -1.827909 -0.524035 -0.011224 1.323612
    16 -1.405918 -0.000025 -0.000003 0.000590 -0.029494 0.855908
    17 -1.175358 0.000128 -0.000020 0.064417 0.021463 1.153028
    18 -4.526751 -0.690575 -1.120744 -0.418129 0.007769 1.492663
    19 -1.744038 0.000033 -0.000008 -0.019053 -0.022614 1.113174
    20 -1.368771 0.000025 0.000002 0.037954 0.036187 0.704409
    21 -1.718808 -1.282706 0.931533 1.678846 0.825142 0.845177
    22 -1.523453 0.000032 0.000031 0.068166 -0.062692 0.792294
    23 -1.599285 0.000004 0.000016 -0.083868 -0.029109 0.999312
    24 -4.170181 -1.854373 0.753363 -0.190417 -0.170868 0.450040
    25 -0.420462 -0.018744 1.271439 0.000000 0.000000 0.000000
    26 1.192043 -0.000001 -3.424384 0.000000 1.300764 0.000000
    27 0.786926 0.000000 -3.578655 0.000000 1.300764 0.000000
    28 1.388578 -0.009689 0.998069 0.000000 0.924975 0.000000
    29 -1.500304 -0.009689 0.357643 0.000000 0.000002 0.000000
    30 -0.762001 -0.009688 2.091125 0.000000 0.000002 0.000000
    31 -1.126226 -0.584940 -0.293132 0.000000 0.000002 0.000000
    32 4.367017 0.145637 -1.518008 0.343408 1.059062 1.581273
    33 3.295362 -8.319209 -2.382064 -3.086077 -1.000527 -1.753306
    34 5.511815 0.000008 -0.000001 2.243153 0.000000 3.141593
    35 0.196847 -0.000001 0.000003 2.793407 0.000006 -3.141577
    36 3.455526 -8.400609 -1.488978 1.975862 1.159909 1.842803
    37 6.214485 0.000006 0.000020 -0.287556 0.479584 -1.690361
    38 11.944885 -0.000029 -0.000194 0.774869 -0.309548 -1.071696
    39 10.620166 0.000002 0.000010 -2.468180 0.154266 0.543038
    40 4.751156 0.694376 -0.830473 0.026771 -0.299971 0.323445
    41 1.688065 -0.000026 0.000002 0.014055 -0.020289 0.833501
    42 1.336151 -0.000051 -0.000009 -0.002362 -0.038634 0.431114
    43 4.820513 0.509340 0.224865 -0.282059 -0.320142 1.392856
    44 1.826996 0.000066 0.000008 0.004297 0.040213 1.379384
    45 1.436577 -0.000010 0.000007 0.007051 -0.013384 0.358405
    46 3.992353 0.891087 1.827994 -0.535673 0.001046 1.726522
    47 1.405918 0.000021 -0.000007 -0.008992 -0.028075 1.183726
    48 1.175369 -0.000131 0.000002 0.073099 0.099343 0.591189
    49 4.526756 0.690460 1.120842 -0.485496 -0.175754 1.641301
    50 1.744041 -0.000031 -0.000002 -0.025718 -0.014586 1.468156
    51 1.368763 -0.000031 -0.000017 0.050831 0.150370 0.142238
    52 1.874855 0.935081 -0.999130 2.126006 0.483450 1.082862
    53 1.523449 -0.000034 -0.000003 -0.460179 -0.057098 0.780184
    54 1.599281 -0.000002 0.000009 0.079776 -0.024525 1.123837
    55 4.123362 1.860055 -0.741616 3.139446 0.288360 -2.792691
    56 5.511806 -0.000002 0.000006 -0.907938 0.000000 0.000000
    57 0.196850 0.000003 -0.000002 -0.348225 0.000015 -0.000002
    58 0.000000 0.000000 0.000000 0.005094 0.002155 -1.569669
    59 -0.420465 -0.018743 1.271442 0.000000 0.000000 0.000000
    60 0.516761 0.000000 0.128687 0.000000 0.000000 0.000000
    61 0.557412 0.000000 -0.302896 0.000000 0.000000 0.000000
    62 1.388578 -0.009689 0.998071 0.000000 0.924975 0.000000
    63 -1.500303 -0.009689 0.357642 0.000000 0.000000 0.000000
    64 -2.978541 -0.009687 2.091135 0.000000 0.000000 0.000000
    65 -1.126226 -0.584940 -0.293134 0.000000 0.000000 0.000000
  time 3
    0 -0.000001 7.450089 -27.509026 0.000000 0.000000 0.000031
    1 -0.000002 0.000000 0.000000 1.570743 -1.567137 -1.570743
    2 4.255468 -0.335183 -0.000002 0.000000 0.000000 -0.124848
    3 7.431248 1.496477 0.000002 0.000000 0.000000 0.245450
    4 5.278479 0.165541 0.000001 0.000000 0.000000 0.048511
    5 3.455526 -8.400610 1.488976 1.975864 1.159909 -1.298786
  6 -6.214482 -0.000007 -0.000027 -2.876216 -0.165210 0.820097
  7 11.944882 0.000000 0.000001 0.038891 0.064466 0.343105
    8 10.620181 0.000002 0.000000 0.909739 0.179124 2.372617
    9 -4.751106 -0.694494 0.830577 -0.265066 -0.185212 0.638415
    10 -1.688068 0.000046 -0.000032 0.017318 -0.017625 0.661047
    11 -1.336140 0.000057 -0.000012 0.026268 0.002327 0.462662
    12 -4.820494 -0.509460 -0.224759 -0.387629 -0.157873 1.437294
    13 -1.826992 -0.000064 0.000006 -0.008328 0.039588 1.065564
    14 -1.436573 0.000006 0.000002 -0.060134 -0.049384 0.791627
    15 -3.992355 -0.891188 -1.827909 -0.524035 -0.011224 1.323612
    16 -1.405918 -0.000025 -0.000003 0.000590 -0.029494 0.855908
    17 -1.175358 0.000128 -0.000020 0.064417 0.021463 1.153028
    18 -4.526751 -0.690575 -1.120744 -0.418129 0.007769 1.492663
    19 -1.744038 0.000033 -0.000008 -0.019053 -0.022614 1.113174
    20 -1.368771 0.000025 0.000002 0.037954 0.036187 0.704409
    21 -1.718808 -1.282706 0.931533 1.801839 0.887085 0.935290
    22 -1.523453 0.000032 0.000031 0.070678 -0.059800 0.750791
    23 -1.599285 0.000004 0.000016 -0.084361 -0.028148 1.010816
    24 -4.170181 -1.854373 0.753363 -0.190417 -0.170868 0.450040
    25 -0.420462 -0.018744 1.271440 0.000000 0.000000 0.000000
    26 1.192045 0.000000 -3.424383 0.000000 1.300764 0.000000
    27 0.786932 0.000000 -3.578653 0.000000 1.300764 0.000000
    28 1.388578 -0.009689 0.998069 0.000000 0.924975 0.000000
    29 -1.500304 -0.009689 0.357643 0.000000 0.000002 0.000000
    30 -0.762001 -0.009688 2.091125 0.000000 0.000002 0.000000
    31 -1.126226 -0.584940 -0.293132 0.000000 0.000002 0.000000
    32 4.367017 0.145637 -1.518008 0.343472 1.058997 1.581272
    33 2.841066 -8.809617 -2.729949 -3.005194 -0.667289 -1.848447
    34 5.511815 0.000008 -0.000001 2.243153 0.000000 3.141593
    35 0.196847 -0.000001 0.000003 2.793407 0.000006 -3.141577
    36 3.455526 -8.400609 -1.488978 1.975862 1.159909 1.842803
    37 6.214485 0.000006 0.000020 -0.341307 0.460594 -1.687583
    38 11.944885 -0.000029 -0.000194 0.764312 -0.312377 -1.089642
    39 10.620166 0.000002 0.000010 -2.578997 0.274464 0.546056
    40 4.751156 0.694376 -0.830473 0.116952 -0.302185 0.090686
    41 1.688065 -0.000026 0.000002 0.011071 -0.022077 0.973950
    42 1.336151 -0.000051 -0.000009 0.000416 -0.038686 0.360169
    43 4.820513 0.509340 0.224865 -0.282059 -0.320142 1.392856
    44 1.826996 0.000066 0.000008 0.004297 0.040213 1.379384
    45 1.436577 -0.000010 0.000007 0.007051 -0.013384 0.358405
    46 3.992353 0.891087 1.827994 -0.535673 0.001046 1.726522
    47 1.405918 0.000021 -0.000007 -0.008992 -0.028075 1.183726
    48 1.175369 -0.000131 0.000002 0.073099 0.099343 0.591189
    49 4.526756 0.690460 1.120842 -0.485496 -0.175754 1.641301
    50 1.744041 -0.000031 -0.000002 -0.025718 -0.014586 1.468156
    51 1.368763 -0.000031 -0.000017 0.050831 0.150370 0.142238
    52 1.874855 0.935081 -0.999130 2.126006 0.483450 1.082862
    53 1.523449 -0.000034 -0.000003 -0.460179 -0.057098 0.780184
    54 1.599281 -0.000002 0.000009 0.079776 -0.024525 1.123837
    55 4.123361 1.860052 -0.741621 3.139446 0.288360 -2.792691
    56 5.511806 -0.000002 0.000006 -0.907938 0.000000 0.000000
    57 0.196850 0.000003 -0.000002 -0.348225 0.000015 -0.000002
    58 0.000000 0.000000 0.000000 0.010449 0.003961 -1.568876
    59 -0.420464 -0.018743 1.271442 0.000000 0.000000 0.000000
    60 0.516761 0.000000 0.128687 0.000000 0.000000 0.000000
    61 0.557412 0.000000 -0.302896 0.000000 0.000000 0.000000
    62 1.388578 -0.009689 0.998071 0.000000 0.924975 0.000000
    63 -1.500303 -0.009689 0.357642 0.000000 0.000000 0.000000
    64 -2.978541 -0.009687 2.091135 0.000000 0.000000 0.000000
    65 -1.126226 -0.584940 -0.293134 0.000000 0.000000 0.000000
  time 4
    0 -0.000001 7.450089 -27.509026 0.000000 0.000000 0.000031
    1 -0.000002 0.000000 0.000000 1.570743 -1.567137 -1.570743
    2 4.255468 -0.335183 -0.000002 0.000000 0.000000 -0.124848
    3 7.431248 1.496477 0.000002 0.000000 0.000000 0.245450
    4 5.278479 0.165541 0.000001 0.000000 0.000000 0.048511
    5 3.455526 -8.400610 1.488976 1.975864 1.159909 -1.298786
  6 -6.214482 -0.000007 -0.000027 -2.868709 -0.143798 0.786099
  7 11.944882 0.000000 0.000001 0.049596 0.047148 0.304588
    8 10.620181 0.000002 0.000000 0.728234 0.175730 2.316483
    9 -4.751106 -0.694494 0.830577 -0.265066 -0.185212 0.638415
    10 -1.688068 0.000046 -0.000032 0.017318 -0.017625 0.661047
    11 -1.336140 0.000057 -0.000012 0.026268 0.002327 0.462662
    12 -4.820494 -0.509460 -0.224759 -0.387629 -0.157873 1.437294
    13 -1.826992 -0.000064 0.000006 -0.008328 0.039588 1.065564
    14 -1.436573 0.000006 0.000002 -0.060134 -0.049384 0.791627
    15 -3.992355 -0.891188 -1.827909 -0.524035 -0.011224 1.323612
    16 -1.405918 -0.000025 -0.000003 0.000590 -0.029494 0.855908
    17 -1.175358 0.000128 -0.000020 0.064417 0.021463 1.153028
    18 -4.526751 -0.690575 -1.120744 -0.418129 0.007769 1.492663
    19 -1.744038 0.000033 -0.000008 -0.019053 -0.022614 1.113174
    20 -1.368771 0.000025 0.000002 0.037954 0.036187 0.704409
    21 -1.718808 -1.282706 0.931533 1.939364 0.894147 1.024789
    22 -1.523453 0.000032 0.000031 0.075338 -0.053992 0.668903
    23 -1.599285 0.000004 0.000016 -0.082382 -0.029977 0.991632
    24 -4.170181 -1.854373 0.753363 -0.190417 -0.170868 0.450040
    25 -0.420462 -0.018744 1.271439 0.000000 0.000000 0.000000
    26 1.192045 0.000000 -3.424384 0.000000 1.300764 0.000000
    27 0.786934 0.000000 -3.578653 0.000000 1.300764 0.000000
    28 1.388578 -0.009689 0.998069 0.000000 0.924975 0.000000
    29 -1.500304 -0.009689 0.357643 0.000000 0.000002 0.000000
    30 -0.762001 -0.009688 2.091125 0.000000 0.000002 0.000000
    31 -1.126226 -0.584940 -0.293132 0.000000 0.000002 0.000000
    32 4.367017 0.145637 -1.518008 0.343408 1.059062 1.581273
    33 2.958382 -9.054254 -3.620731 -3.023585 -0.285611 -1.791154
    34 5.511815 0.000008 -0.000001 2.243153 0.000000 3.141593
    35 0.196847 -0.000001 0.000003 2.793407 0.000006 -3.141577
    36 3.455526 -8.400609 -1.488978 1.975862 1.159909 1.842803
    37 6.214485 0.000006 0.000020 -0.379213 0.445664 -1.689264
    38 11.944885 -0.000029 -0.000194 0.747567 -0.314857 -1.106436
    39 10.620166 0.000002 0.000010 -2.702756 0.311649 0.608735
    40 4.751156 0.694376 -0.830473 0.216836 -0.280610 -0.168169
    41 1.688065 -0.000026 0.000002 0.004804 -0.024264 1.244040
    42 1.336151 -0.000051 -0.000009 -0.003567 -0.038538 0.462038
    43 4.820513 0.509340 0.224865 -0.282059 -0.320142 1.392856
    44 1.826996 0.000066 0.000008 0.004297 0.040213 1.379384
    45 1.436577 -0.000010 0.000007 0.007051 -0.013384 0.358405
    46 3.992353 0.891087 1.827994 -0.535673 0.001046 1.726522
    47 1.405918 0.000021 -0.000007 -0.008992 -0.028075 1.183726
    48 1.175369 -0.000131 0.000002 0.073099 0.099343 0.591189
    49 4.526756 0.690460 1.120842 -0.485496 -0.175754 1.641301
    50 1.744041 -0.000031 -0.000002 -0.025718 -0.014586 1.468156
    51 1.368763 -0.000031 -0.000017 0.050831 0.150370 0.142238
    52 1.874855 0.935081 -0.999130 2.126006 0.483450 1.082862
    53 1.523449 -0.000034 -0.000003 -0.460179 -0.057098 0.780184
    54 1.599281 -0.000002 0.000009 0.079776 -0.024525 1.123837
    55 4.123365 1.860061 -0.741618 3.139446 0.288360 -2.792691
    56 5.511806 -0.000002 0.000006 -0.907938 0.000000 0.000000
    57 0.196850 0.000003 -0.000002 -0.348225 0.000015 -0.000002
    58 0.000000 0.000000 0.000000 0.016840 0.005506 -1.568505
    59 -0.420465 -0.018743 1.271443 0.000000 0.000000 0.000000
    60 0.516761 0.000000 0.128687 0.000000 0.000000 0.000000
    61 0.557412 0.000000 -0.302896 0.000000 0.000000 0.000000
    62 1.388578 -0.009689 0.998071 0.000000 0.924975 0.000000
    63 -1.500303 -0.009689 0.357642 0.000000 0.000000 0.000000
    64 -2.978541 -0.009687 2.091135 0.000000 0.000000 0.000000
    65 -1.126226 -0.584940 -0.293134 0.000000 0.000000 0.000000
  time 5
    0 -0.000001 7.450089 -27.509026 0.000000 0.000000 0.000031
    1 -0.000002 0.000000 0.000000 1.570743 -1.567137 -1.570743
    2 4.255468 -0.335183 -0.000002 0.000000 0.000000 -0.124848
    3 7.431248 1.496477 0.000002 0.000000 0.000000 0.245450
    4 5.278479 0.165541 0.000001 0.000000 0.000000 0.048511
    5 3.455526 -8.400610 1.488976 1.975864 1.159909 -1.298786
  6 -6.214482 -0.000007 -0.000027 -2.868968 -0.119059 0.758576
  7 11.944882 0.000000 0.000001 0.060658 0.031335 0.271586
    8 10.620181 0.000002 0.000000 0.537018 0.193924 2.265037
    9 -4.751106 -0.694494 0.830577 -0.265066 -0.185212 0.638415
    10 -1.688068 0.000046 -0.000032 0.017318 -0.017625 0.661047
    11 -1.336140 0.000057 -0.000012 0.026268 0.002327 0.462662
    12 -4.820494 -0.509460 -0.224759 -0.387629 -0.157873 1.437294
    13 -1.826992 -0.000064 0.000006 -0.008328 0.039588 1.065564
    14 -1.436573 0.000006 0.000002 -0.060134 -0.049384 0.791627
    15 -3.992355 -0.891188 -1.827909 -0.524035 -0.011224 1.323612
    16 -1.405918 -0.000025 -0.000003 0.000590 -0.029494 0.855908
    17 -1.175358 0.000128 -0.000020 0.064417 0.021463 1.153028
    18 -4.526751 -0.690575 -1.120744 -0.418129 0.007769 1.492663
    19 -1.744038 0.000033 -0.000008 -0.019053 -0.022614 1.113174
    20 -1.368771 0.000025 0.000002 0.037954 0.036187 0.704409
    21 -1.718808 -1.282706 0.931533 2.056000 0.843879 1.078552
    22 -1.523453 0.000032 0.000031 0.082263 -0.042726 0.523819
    23 -1.599285 0.000004 0.000016 -0.069893 -0.050899 0.721884
    24 -4.170181 -1.854373 0.753363 -0.190417 -0.170868 0.450040
    25 -0.420464 -0.018744 1.271439 0.000000 0.000000 0.000000
    26 1.192043 0.000001 -3.424383 0.000000 1.300764 0.000000
    27 0.786932 0.000000 -3.578652 0.000000 1.300764 0.000000
    28 1.388578 -0.009689 0.998069 0.000000 0.924975 0.000000
    29 -1.500304 -0.009689 0.357643 0.000000 0.000002 0.000000
    30 -0.762001 -0.009688 2.091125 0.000000 0.000002 0.000000
    31 -1.126226 -0.584940 -0.293132 0.000000 0.000002 0.000000
    32 4.367017 0.145637 -1.518008 0.343408 1.059062 1.581273
    33 3.314376 -9.127989 -4.528358 -3.002726 0.103680 -1.723972
    34 5.511815 0.000008 -0.000001 2.243153 0.000000 3.141593
    35 0.196847 -0.000001 0.000003 2.793407 0.000006 -3.141577
    36 3.455526 -8.400609 -1.488978 1.975862 1.159909 1.842803
    37 6.214485 0.000006 0.000020 -0.416834 0.425882 -1.698350
    38 11.944885 -0.000029 -0.000194 0.723049 -0.316214 -1.115508
    39 10.620166 0.000002 0.000010 -2.825443 0.331711 0.682277
    40 4.751156 0.694376 -0.830473 0.302463 -0.238963 -0.400622
    41 1.688065 -0.000026 0.000002 -0.003722 -0.024443 1.590645
    42 1.336151 -0.000051 -0.000009 -0.012087 -0.036755 0.688949
    43 4.820513 0.509340 0.224865 -0.282059 -0.320142 1.392856
    44 1.826996 0.000066 0.000008 0.004297 0.040213 1.379384
    45 1.436577 -0.000010 0.000007 0.007051 -0.013384 0.358405
    46 3.992353 0.891087 1.827994 -0.535673 0.001046 1.726522
    47 1.405918 0.000021 -0.000007 -0.008992 -0.028075 1.183726
    48 1.175369 -0.000131 0.000002 0.073099 0.099343 0.591189
    49 4.526756 0.690460 1.120842 -0.485496 -0.175754 1.641301
    50 1.744041 -0.000031 -0.000002 -0.025718 -0.014586 1.468156
    51 1.368763 -0.000031 -0.000017 0.050831 0.150370 0.142238
    52 1.874855 0.935081 -0.999130 2.126006 0.483450 1.082862
    53 1.523449 -0.000034 -0.000003 -0.460179 -0.057098 0.780184
    54 1.599281 -0.000002 0.000009 0.079776 -0.024525 1.123837
    55 4.123362 1.860057 -0.741615 3.139446 0.288360 -2.792691
    56 5.511806 -0.000002 0.000006 -0.907938 0.000000 0.000000
    57 0.196850 0.000003 -0.000002 -0.348225 0.000015 -0.000002
    58 0.000000 0.000000 0.000000 0.023573 0.006455 -1.569080
    59 -0.420467 -0.018742 1.271443 0.000000 0.000000 0.000000
    60 0.516761 0.000000 0.128687 0.000000 0.000000 0.000000
    61 0.557412 0.000000 -0.302896 0.000000 0.000000 0.000000
    62 1.388578 -0.009689 0.998071 0.000000 0.924975 0.000000
    63 -1.500303 -0.009689 0.357642 0.000000 0.000000 0.000000
    64 -2.978541 -0.009687 2.091135 0.000000 0.000000 0.000000
    65 -1.126226 -0.584940 -0.293134 0.000000 0.000000 0.000000
  time 6
    0 -0.000001 7.450089 -27.509026 0.000000 0.000000 0.000031
    1 -0.000002 0.000000 0.000000 1.570743 -1.567137 -1.570743
    2 4.255468 -0.335183 -0.000002 0.000000 0.000000 -0.124848
    3 7.431248 1.496477 0.000002 0.000000 0.000000 0.245450
    4 5.278479 0.165541 0.000001 0.000000 0.000000 0.048511
    5 3.455526 -8.400610 1.488976 1.975864 1.159909 -1.298786
  6 -6.214482 -0.000007 -0.000027 -2.873410 -0.092894 0.728046
  7 11.944882 0.000000 0.000001 0.075538 0.017340 0.220089
    8 10.620181 0.000002 0.000000 0.362956 0.218321 2.224822
    9 -4.751106 -0.694494 0.830577 -0.265066 -0.185212 0.638415
    10 -1.688068 0.000046 -0.000032 0.017318 -0.017625 0.661047
    11 -1.336140 0.000057 -0.000012 0.026268 0.002327 0.462662
    12 -4.820494 -0.509460 -0.224759 -0.387629 -0.157873 1.437294
    13 -1.826992 -0.000064 0.000006 -0.008328 0.039588 1.065564
    14 -1.436573 0.000006 0.000002 -0.060134 -0.049384 0.791627
    15 -3.992355 -0.891188 -1.827909 -0.524035 -0.011224 1.323612
    16 -1.405918 -0.000025 -0.000003 0.000590 -0.029494 0.855908
    17 -1.175358 0.000128 -0.000020 0.064417 0.021463 1.153028
    18 -4.526751 -0.690575 -1.120744 -0.418129 0.007769 1.492663
    19 -1.744038 0.000033 -0.000008 -0.019053 -0.022614 1.113174
    20 -1.368771 0.000025 0.000002 0.037954 0.036187 0.704409
    21 -1.718808 -1.282706 0.931533 2.141026 0.768936 1.098517
    22 -1.523453 0.000032 0.000031 0.088526 -0.027270 0.344895
    23 -1.599285 0.000004 0.000016 -0.031865 -0.080822 0.157586
    24 -4.170181 -1.854373 0.753363 -0.190417 -0.170868 0.450040
    25 -0.420462 -0.018744 1.271440 0.000000 0.000000 0.000000
    26 1.192045 0.000000 -3.424384 0.000000 1.300764 0.000000
    27 0.786930 0.000000 -3.578654 0.000000 1.300764 0.000000
    28 1.388578 -0.009689 0.998069 0.000000 0.924975 0.000000
    29 -1.500304 -0.009689 0.357643 0.000000 0.000002 0.000000
    30 -0.762001 -0.009688 2.091125 0.000000 0.000002 0.000000
    31 -1.126226 -0.584940 -0.293132 0.000000 0.000002 0.000000
    32 4.367017 0.145637 -1.518008 0.343408 1.059062 1.581273
    33 3.712673 -9.074541 -5.297652 -2.964310 0.446461 -1.637258
    34 5.511815 0.000008 -0.000001 2.243153 0.000000 3.141593
    35 0.196847 -0.000001 0.000003 2.793407 0.000006 -3.141577
    36 3.455526 -8.400609 -1.488978 1.975862 1.159909 1.842803
    37 6.214485 0.000006 0.000020 -0.449191 0.402730 -1.713202
    38 11.944885 -0.000029 -0.000194 0.688990 -0.315403 -1.110212
    39 10.620166 0.000002 0.000010 -2.942496 0.316549 0.742822
    40 4.751156 0.694376 -0.830473 0.360307 -0.195835 -0.562849
    41 1.688065 -0.000026 0.000002 -0.010842 -0.022171 1.893256
    42 1.336151 -0.000051 -0.000009 -0.019994 -0.033172 0.915183
    43 4.820513 0.509340 0.224865 -0.282059 -0.320142 1.392856
    44 1.826996 0.000066 0.000008 0.004297 0.040213 1.379384
    45 1.436577 -0.000010 0.000007 0.007051 -0.013384 0.358405
    46 3.992353 0.891087 1.827994 -0.535673 0.001046 1.726522
    47 1.405918 0.000021 -0.000007 -0.008992 -0.028075 1.183726
    48 1.175369 -0.000131 0.000002 0.073099 0.099343 0.591189
    49 4.526756 0.690460 1.120842 -0.485496 -0.175754 1.641301
    50 1.744041 -0.000031 -0.000002 -0.025718 -0.014586 1.468156
    51 1.368763 -0.000031 -0.000017 0.050831 0.150370 0.142238
    52 1.874855 0.935081 -0.999130 2.126006 0.483450 1.082862
    53 1.523449 -0.000034 -0.000003 -0.460179 -0.057098 0.780184
    54 1.599281 -0.000002 0.000009 0.079776 -0.024525 1.123837
    55 4.123358 1.860058 -0.741610 3.139446 0.288360 -2.792691
    56 5.511806 -0.000002 0.000006 -0.907938 0.000000 0.000000
    57 0.196850 0.000003 -0.000002 -0.348225 0.000015 -0.000002
    58 0.000000 0.000000 0.000000 0.029957 0.007075 -1.570518
    59 -0.420465 -0.018744 1.271442 0.000000 0.000000 0.000000
    60 0.516761 0.000000 0.128687 0.000000 0.000000 0.000000
    61 0.557412 0.000000 -0.302896 0.000000 0.000000 0.000000
    62 1.388578 -0.009689 0.998071 0.000000 0.924975 0.000000
    63 -1.500303 -0.009689 0.357642 0.000000 0.000000 0.000000
    64 -2.978541 -0.009687 2.091135 0.000000 0.000000 0.000000
    65 -1.126226 -0.584940 -0.293134 0.000000 0.000000 0.000000
  time 7
    0 -0.000001 7.450089 -27.509026 0.000000 0.000000 0.000031
    1 -0.000002 0.000000 0.000000 1.570743 -1.567137 -1.570743
    2 4.255468 -0.335183 -0.000002 0.000000 0.000000 -0.124848
    3 7.431248 1.496477 0.000002 0.000000 0.000000 0.245450
    4 5.278479 0.165541 0.000001 0.000000 0.000000 0.048511
    5 3.455526 -8.400610 1.488976 1.975864 1.159909 -1.298786
  6 -6.214482 -0.000007 -0.000027 -2.877083 -0.065534 0.671295
  7 11.944882 0.000000 0.000001 0.104221 0.004976 0.096209
    8 10.620181 0.000002 0.000000 0.232088 0.241550 2.206054
    9 -4.751106 -0.694494 0.830577 -0.265066 -0.185212 0.638415
    10 -1.688068 0.000046 -0.000032 0.017318 -0.017625 0.661047
    11 -1.336140 0.000057 -0.000012 0.026268 0.002327 0.462662
    12 -4.820494 -0.509460 -0.224759 -0.387629 -0.157873 1.437294
    13 -1.826992 -0.000064 0.000006 -0.008328 0.039588 1.065564
    14 -1.436573 0.000006 0.000002 -0.060134 -0.049384 0.791627
    15 -3.992355 -0.891188 -1.827909 -0.524035 -0.011224 1.323612
    16 -1.405918 -0.000025 -0.000003 0.000590 -0.029494 0.855908
    17 -1.175358 0.000128 -0.000020 0.064417 0.021463 1.153028
    18 -4.526751 -0.690575 -1.120744 -0.418129 0.007769 1.492663
    19 -1.744038 0.000033 -0.000008 -0.019053 -0.022614 1.113174
    20 -1.368771 0.000025 0.000002 0.037954 0.036187 0.704409
    21 -1.718808 -1.282706 0.931533 2.181226 0.683839 1.087776
    22 -1.523453 0.000032 0.000031 0.091593 -0.013677 0.195512
    23 -1.599285 0.000004 0.000016 0.011764 -0.086687 -0.360441
    24 -4.170181 -1.854373 0.753363 -0.190417 -0.170868 0.450040
    25 -0.420465 -0.018744 1.271440 0.000000 0.000000 0.000000
    26 1.192051 -0.000001 -3.424383 0.000000 1.300764 0.000000
    27 0.786938 -0.000002 -3.578653 0.000000 1.300764 0.000000
    28 1.388578 -0.009689 0.998069 0.000000 0.924975 0.000000
    29 -1.500304 -0.009689 0.357643 0.000000 0.000002 0.000000
    30 -0.762001 -0.009688 2.091125 0.000000 0.000002 0.000000
    31 -1.126226 -0.584940 -0.293132 0.000000 0.000002 0.000000
    32 4.367017 0.145637 -1.518008 0.343408 1.059062 1.581273
    33 3.930917 -8.951489 -5.831885 -2.943250 0.703346 -1.551333
    34 5.511815 0.000008 -0.000001 2.243153 0.000000 3.141593
    35 0.196847 -0.000001 0.000003 2.793407 0.000006 -3.141577
    36 3.455526 -8.400609 -1.488978 1.975862 1.159909 1.842803
    37 6.214485 0.000006 0.000020 -0.470271 0.380556 -1.730788
    38 11.944885 -0.000029 -0.000194 0.644493 -0.311870 -1.086366
    39 10.620166 0.000002 0.000010 -3.055168 0.246933 0.768648
    40 4.751156 0.694376 -0.830473 0.388332 -0.172332 -0.623441
    41 1.688065 -0.000026 0.000002 -0.014344 -0.020164 2.054643
    42 1.336151 -0.000051 -0.000009 -0.023252 -0.030928 1.016209
    43 4.820513 0.509340 0.224865 -0.282059 -0.320142 1.392856
    44 1.826996 0.000066 0.000008 0.004297 0.040213 1.379384
    45 1.436577 -0.000010 0.000007 0.007051 -0.013384 0.358405
    46 3.992353 0.891087 1.827994 -0.535673 0.001046 1.726522
    47 1.405918 0.000021 -0.000007 -0.008992 -0.028075 1.183726
    48 1.175369 -0.000131 0.000002 0.073099 0.099343 0.591189
    49 4.526756 0.690460 1.120842 -0.485496 -0.175754 1.641301
    50 1.744041 -0.000031 -0.000002 -0.025718 -0.014586 1.468156
    51 1.368763 -0.000031 -0.000017 0.050831 0.150370 0.142238
    52 1.874855 0.935081 -0.999130 2.126006 0.483450 1.082862
    53 1.523449 -0.000034 -0.000003 -0.460179 -0.057098 0.780184
    54 1.599281 -0.000002 0.000009 0.079776 -0.024525 1.123837
    55 4.123355 1.860058 -0.741608 3.139446 0.288360 -2.792691
    56 5.511806 -0.000002 0.000006 -0.907938 0.000000 0.000000
    57 0.196850 0.000003 -0.000002 -0.348225 0.000015 -0.000002
    58 0.000000 0.000000 0.000000 0.035391 0.007449 -1.572132
    59 -0.420464 -0.018744 1.271442 0.000000 0.000000 0.000000
    60 0.516761 0.000000 0.128687 0.000000 0.000000 0.000000
    61 0.557412 0.000000 -0.302896 0.000000 0.000000 0.000000
    62 1.388578 -0.009689 0.998071 0.000000 0.924975 0.000000
    63 -1.500303 -0.009689 0.357642 0.000000 0.000000 0.000000
    64 -2.978541 -0.009687 2.091135 0.000000 0.000000 0.000000
    65 -1.126226 -0.584940 -0.293134 0.000000 0.000000 0.000000
  time 8
    0 -0.000001 7.450089 -27.509026 0.000000 0.000000 0.000031
    1 -0.000002 0.000000 0.000000 1.570743 -1.567137 -1.570743
    2 4.255468 -0.335183 -0.000002 0.000000 0.000000 -0.124848
    3 7.431248 1.496477 0.000002 0.000000 0.000000 0.245450
    4 5.278479 0.165541 0.000001 0.000000 0.000000 0.048511
    5 3.455526 -8.400610 1.488976 1.975864 1.159909 -1.298786
  6 -6.214482 -0.000007 -0.000027 -2.881425 -0.053000 0.645101
  7 11.944882 0.000000 0.000001 0.121588 0.000693 0.018849
    8 10.620181 0.000002 0.000000 0.159253 0.262932 2.205762
    9 -4.751106 -0.694494 0.830577 -0.265066 -0.185212 0.638415
    10 -1.688068 0.000046 -0.000032 0.017318 -0.017625 0.661047
    11 -1.336140 0.000057 -0.000012 0.026268 0.002327 0.462662
    12 -4.820494 -0.509460 -0.224759 -0.387629 -0.157873 1.437294
    13 -1.826992 -0.000064 0.000006 -0.008328 0.039588 1.065564
    14 -1.436573 0.000006 0.000002 -0.060134 -0.049384 0.791627
    15 -3.992355 -0.891188 -1.827909 -0.524035 -0.011224 1.323612
    16 -1.405918 -0.000025 -0.000003 0.000590 -0.029494 0.855908
    17 -1.175358 0.000128 -0.000020 0.064417 0.021463 1.153028
    18 -4.526751 -0.690575 -1.120744 -0.418129 0.007769 1.492663
    19 -1.744038 0.000033 -0.000008 -0.019053 -0.022614 1.113174
    20 -1.368771 0.000025 0.000002 0.037954 0.036187 0.704409
    21 -1.718808 -1.282706 0.931533 2.167842 0.600363 1.055703
    22 -1.523453 0.000032 0.000031 0.092253 -0.007908 0.133597
    23 -1.599285 0.000004 0.000016 0.028693 -0.082857 -0.565915
    24 -4.170181 -1.854373 0.753363 -0.190417 -0.170868 0.450040
    25 -0.420460 -0.018744 1.271440 0.000000 0.000000 0.000000
    26 1.192047 -0.000002 -3.424384 0.000000 1.300764 0.000000
    27 0.786928 -0.000002 -3.578653 0.000000 1.300764 0.000000
    28 1.388578 -0.009689 0.998069 0.000000 0.924975 0.000000
    29 -1.500304 -0.009689 0.357643 0.000000 0.000002 0.000000
    30 -0.762001 -0.009688 2.091125 0.000000 0.000002 0.000000
    31 -1.126226 -0.584940 -0.293132 0.000000 0.000002 0.000000
    32 4.367017 0.145637 -1.518008 0.343408 1.059062 1.581273
    33 3.879997 -8.732560 -6.118997 -2.993872 0.860374 -1.507031
    34 5.511815 0.000008 -0.000001 2.243153 0.000000 3.141593
    35 0.196847 -0.000001 0.000003 2.793407 0.000006 -3.141577
    36 3.455526 -8.400609 -1.488978 1.975862 1.159909 1.842803
    37 6.214485 0.000006 0.000020 -0.476532 0.361943 -1.751074
    38 11.944885 -0.000029 -0.000194 0.588687 -0.304263 -1.039032
    39 10.620166 0.000002 0.000010 3.125187 0.109861 0.756377
    40 4.751156 0.694376 -0.830473 0.394649 -0.165555 -0.602025
    41 1.688065 -0.000026 0.000002 -0.015264 -0.019425 2.106000
    42 1.336151 -0.000051 -0.000009 -0.020564 -0.032858 0.931004
    43 4.820513 0.509340 0.224865 -0.282059 -0.320142 1.392856
    44 1.826996 0.000066 0.000008 0.004297 0.040213 1.379384
    45 1.436577 -0.000010 0.000007 0.007051 -0.013384 0.358405
    46 3.992353 0.891087 1.827994 -0.535673 0.001046 1.726522
    47 1.405918 0.000021 -0.000007 -0.008992 -0.028075 1.183726
    48 1.175369 -0.000131 0.000002 0.073099 0.099343 0.591189
    49 4.526756 0.690460 1.120842 -0.485496 -0.175754 1.641301
    50 1.744041 -0.000031 -0.000002 -0.025718 -0.014586 1.468156
    51 1.368763 -0.000031 -0.000017 0.050831 0.150370 0.142238
    52 1.874855 0.935081 -0.999130 2.126006 0.483450 1.082862
    53 1.523449 -0.000034 -0.000003 -0.460179 -0.057098 0.780184
    54 1.599281 -0.000002 0.000009 0.079776 -0.024525 1.123837
    55 4.123356 1.860054 -0.741603 3.139446 0.288360 -2.792691
    56 5.511806 -0.000002 0.000006 -0.907938 0.000000 0.000000
    57 0.196850 0.000003 -0.000002 -0.348225 0.000015 -0.000002
    58 0.000000 0.000000 0.000000 0.039098 0.007566 -1.573584
    59 -0.420460 -0.018743 1.271442 0.000000 0.000000 0.000000
    60 0.516761 0.000000 0.128687 0.000000 0.000000 0.000000
    61 0.557412 0.000000 -0.302896 0.000000 0.000000 0.000000
    62 1.388578 -0.009689 0.998071 0.000000 0.924975 0.000000
    63 -1.500303 -0.009689 0.357642 0.000000 0.000000 0.000000
    64 -2.978541 -0.009687 2.091135 0.000000 0.000000 0.000000
    65 -1.126226 -0.584940 -0.293134 0.000000 0.000000 0.000000
  time 9
    0 -0.000001 7.450089 -27.509026 0.000000 0.000000 0.000031
    1 -0.000002 0.000000 0.000000 1.570743 -1.567137 -1.570743
    2 4.255468 -0.335183 -0.000002 0.000000 0.000000 -0.124848
    3 7.431248 1.496477 0.000002 0.000000 0.000000 0.245450
    4 5.278479 0.165541 0.000001 0.000000 0.000000 0.048511
    5 3.455526 -8.400610 1.488976 1.975864 1.159909 -1.298786
  6 -6.214482 -0.000007 -0.000027 -2.884275 -0.055778 0.659100
  7 11.944882 0.000000 0.000001 0.121596 0.000604 0.018852
    8 10.620181 0.000002 0.000000 0.136224 0.273953 2.208286
    9 -4.751106 -0.694494 0.830577 -0.265066 -0.185212 0.638415
    10 -1.688068 0.000046 -0.000032 0.017318 -0.017625 0.661047
    11 -1.336140 0.000057 -0.000012 0.026268 0.002327 0.462662
    12 -4.820494 -0.509460 -0.224759 -0.387629 -0.157873 1.437294
    13 -1.826992 -0.000064 0.000006 -0.008328 0.039588 1.065564
    14 -1.436573 0.000006 0.000002 -0.060134 -0.049384 0.791627
    15 -3.992355 -0.891188 -1.827909 -0.524035 -0.011224 1.323612
    16 -1.405918 -0.000025 -0.000003 0.000590 -0.029494 0.855908
    17 -1.175358 0.000128 -0.000020 0.064417 0.021463 1.153028
    18 -4.526751 -0.690575 -1.120744 -0.418129 0.007769 1.492663
    19 -1.744038 0.000033 -0.000008 -0.019053 -0.022614 1.113174
    20 -1.368771 0.000025 0.000002 0.037954 0.036187 0.704409
    21 -1.718808 -1.282706 0.931533 2.124699 0.526080 1.016159
    22 -1.523453 0.000032 0.000031 0.084310 -0.038322 0.473830
    23 -1.599285 0.000004 0.000016 -0.018705 -0.085637 -0.015184
    24 -4.170181 -1.854373 0.753363 -0.190417 -0.170868 0.450040
    25 -0.420465 -0.018743 1.271440 0.000000 0.000000 0.000000
    26 1.192045 0.000000 -3.424385 0.000000 1.300764 0.000000
    27 0.786930 0.000001 -3.578655 0.000000 1.300764 0.000000
    28 1.388578 -0.009689 0.998069 0.000000 0.924975 0.000000
    29 -1.500304 -0.009689 0.357643 0.000000 0.000002 0.000000
    30 -0.762001 -0.009688 2.091125 0.000000 0.000002 0.000000
    31 -1.126226 -0.584940 -0.293132 0.000000 0.000002 0.000000
    32 4.367017 0.145637 -1.518008 0.343408 1.059062 1.581273
    33 3.631353 -8.496720 -6.254313 -3.125509 0.939406 -1.526571
    34 5.511815 0.000008 -0.000001 2.243153 0.000000 3.141593
    35 0.196847 -0.000001 0.000003 2.793407 0.000006 -3.141577
    36 3.455526 -8.400609 -1.488978 1.975862 1.159909 1.842803
    37 6.214485 0.000006 0.000020 -0.475674 0.344254 -1.773961
    38 11.944885 -0.000029 -0.000194 0.523828 -0.292409 -0.972672
    39 10.620166 0.000002 0.000010 3.048918 -0.060182 0.721217
    40 4.751156 0.694376 -0.830473 0.391740 -0.160781 -0.555345
    41 1.688065 -0.000026 0.000002 -0.015826 -0.019012 2.131249
    42 1.336151 -0.000051 -0.000009 -0.014046 -0.036130 0.741520
    43 4.820513 0.509340 0.224865 -0.282059 -0.320142 1.392856
    44 1.826996 0.000066 0.000008 0.004297 0.040213 1.379384
    45 1.436577 -0.000010 0.000007 0.007051 -0.013384 0.358405
    46 3.992353 0.891087 1.827994 -0.535673 0.001046 1.726522
    47 1.405918 0.000021 -0.000007 -0.008992 -0.028075 1.183726
    48 1.175369 -0.000131 0.000002 0.073099 0.099343 0.591189
    49 4.526756 0.690460 1.120842 -0.485496 -0.175754 1.641301
    50 1.744041 -0.000031 -0.000002 -0.025718 -0.014586 1.468156
    51 1.368763 -0.000031 -0.000017 0.050831 0.150370 0.142238
    52 1.874855 0.935081 -0.999130 2.126006 0.483450 1.082862
    53 1.523449 -0.000034 -0.000003 -0.460179 -0.057098 0.780184
    54 1.599281 -0.000002 0.000009 0.079776 -0.024525 1.123837
    55 4.123360 1.860052 -0.741594 3.139446 0.288360 -2.792691
    56 5.511806 -0.000002 0.000006 -0.907938 0.000000 0.000000
    57 0.196850 0.000003 -0.000002 -0.348225 0.000015 -0.000002
    58 0.000000 0.000000 0.000000 0.040477 0.007667 -1.574181
    59 -0.420464 -0.018743 1.271442 0.000000 0.000000 0.000000
    60 0.516761 0.000000 0.128687 0.000000 0.000000 0.000000
    61 0.557412 0.000000 -0.302896 0.000000 0.000000 0.000000
    62 1.388578 -0.009689 0.998071 0.000000 0.924975 0.000000
    63 -1.500303 -0.009689 0.357642 0.000000 0.000000 0.000000
    64 -2.978541 -0.009687 2.091135 0.000000 0.000000 0.000000
    65 -1.126226 -0.584940 -0.293134 0.000000 0.000000 0.000000
  time 10
    0 -0.000001 7.450089 -27.509026 0.000000 0.000000 0.000031
    1 -0.000002 0.000000 0.000000 1.570743 -1.567137 -1.570743
    2 4.255468 -0.335183 -0.000002 0.000000 0.000000 -0.124848
    3 7.431248 1.496477 0.000002 0.000000 0.000000 0.245450
    4 5.278479 0.165541 0.000001 0.000000 0.000000 0.048511
    5 3.455526 -8.400610 1.488976 1.975864 1.159909 -1.298786
  6 -6.214482 -0.000007 -0.000027 -2.874661 -0.060874 0.669795
  7 11.944882 0.000000 0.000001 0.121496 0.000747 0.018847
    8 10.620181 0.000002 0.000000 0.353977 0.310571 2.290115
    9 -4.751106 -0.694494 0.830577 -0.265066 -0.185212 0.638415
    10 -1.688068 0.000046 -0.000032 0.017318 -0.017625 0.661047
    11 -1.336140 0.000057 -0.000012 0.026268 0.002327 0.462662
    12 -4.820494 -0.509460 -0.224759 -0.387629 -0.157873 1.437294
    13 -1.826992 -0.000064 0.000006 -0.008328 0.039588 1.065564
    14 -1.436573 0.000006 0.000002 -0.060134 -0.049384 0.791627
    15 -3.992355 -0.891188 -1.827909 -0.524035 -0.011224 1.323612
    16 -1.405918 -0.000025 -0.000003 0.000590 -0.029494 0.855908
    17 -1.175358 0.000128 -0.000020 0.064417 0.021463 1.153028
    18 -4.526751 -0.690575 -1.120744 -0.418129 0.007769 1.492663
    19 -1.744038 0.000033 -0.000008 -0.019053 -0.022614 1.113174
    20 -1.368771 0.000025 0.000002 0.037954 0.036187 0.704409
    21 -1.718808 -1.282706 0.931533 2.103748 0.491299 0.996745
    22 -1.523453 0.000032 0.000031 0.066694 -0.064350 0.814831
    23 -1.599285 0.000004 0.000016 -0.060657 -0.063396 0.533260
    24 -4.170181 -1.854373 0.753363 -0.190417 -0.170868 0.450040
    25 -0.184246 -0.018744 0.839322 0.000000 0.000000 0.000000
    26 1.192045 0.000001 -3.424385 0.000000 1.300764 0.000000
    27 0.786932 0.000001 -3.578654 0.000000 1.300764 0.000000
    28 1.388578 -0.009689 0.998069 0.000000 0.924975 0.000000
    29 -1.500304 -0.009689 0.357643 0.000000 0.000002 0.000000
    30 -0.762001 -0.009688 2.091125 0.000000 0.000002 0.000000
    31 -1.126226 -0.584940 -0.293132 0.000000 0.000002 0.000000
    32 4.367017 0.145637 -1.518008 0.343408 1.059062 1.581273
    33 3.011166 -9.563441 -4.533870 2.960131 0.763659 -1.636180
    34 5.511815 0.000008 -0.000001 2.243153 0.000000 3.141593
    35 0.196847 -0.000001 0.000003 2.793407 0.000006 -3.141577
    36 3.455526 -8.400609 -1.488978 1.975862 1.159909 1.842803
    37 6.214485 0.000006 0.000020 -0.475567 0.328640 -1.792744
    38 11.944885 -0.000029 -0.000194 0.456574 -0.279543 -0.907701
    39 10.620166 0.000002 0.000010 3.013890 -0.210141 0.668708
    40 4.751156 0.694376 -0.830473 0.385780 -0.157668 -0.509693
    41 1.688065 -0.000026 0.000002 -0.015954 -0.018864 2.140413
    42 1.336151 -0.000051 -0.000009 -0.007032 -0.038117 0.552196
    43 4.820513 0.509340 0.224865 -0.282059 -0.320142 1.392856
    44 1.826996 0.000066 0.000008 0.004297 0.040213 1.379384
    45 1.436577 -0.000010 0.000007 0.007051 -0.013384 0.358405
    46 3.992353 0.891087 1.827994 -0.535673 0.001046 1.726522
    47 1.405918 0.000021 -0.000007 -0.008992 -0.028075 1.183726
    48 1.175369 -0.000131 0.000002 0.073099 0.099343 0.591189
    49 4.526756 0.690460 1.120842 -0.485496 -0.175754 1.641301
    50 1.744041 -0.000031 -0.000002 -0.025718 -0.014586 1.468156
    51 1.368763 -0.000031 -0.000017 0.050831 0.150370 0.142238
    52 1.874855 0.935081 -0.999130 2.126006 0.483450 1.082862
    53 1.523449 -0.000034 -0.000003 -0.460179 -0.057098 0.780184
    54 1.599281 -0.000002 0.000009 0.079776 -0.024525 1.123837
    55 4.123356 1.860047 -0.741589 3.139446 0.288360 -2.792691
    56 5.511806 -0.000002 0.000006 -0.907938 0.000000 0.000000
    57 0.196850 0.000003 -0.000002 -0.348225 0.000015 -0.000002
    58 0.000000 0.000000 0.000000 0.005609 0.003887 -1.571735
    59 -0.420464 -0.018744 1.271443 0.000000 0.000000 0.000000
    60 0.516761 0.000000 0.128687 0.000000 0.000000 0.000000
    61 0.557412 0.000000 -0.302896 0.000000 0.000000 0.000000
    62 1.388578 -0.009689 0.998071 0.000000 0.924975 0.000000
    63 -1.500303 -0.009689 0.357642 0.000000 0.000000 0.000000
    64 -2.978541 -0.009687 2.091135 0.000000 0.000000 0.000000
    65 -1.126226 -0.584940 -0.293134 0.000000 0.000000 0.000000
  time 11
    0 -0.000001 7.450089 -27.509026 0.000000 0.000000 0.000031
    1 -0.000002 0.000000 0.000000 1.570743 -1.567137 -1.570743
    2 4.255468 -0.335183 -0.000002 0.000000 0.000000 -0.124848
    3 7.431248 1.496477 0.000002 0.000000 0.000000 0.245450
    4 5.278479 0.165541 0.000001 0.000000 0.000000 0.048511
    5 3.455526 -8.400610 1.488976 1.975864 1.159909 -1.298786
  6 -6.214482 -0.000007 -0.000027 -2.887420 -0.064900 0.669520
  7 11.944882 0.000000 0.000001 0.121782 0.000336 0.018858
    8 10.620181 0.000002 0.000000 0.315241 0.395163 2.322850
    9 -4.751106 -0.694494 0.830577 -0.265066 -0.185212 0.638415
    10 -1.688068 0.000046 -0.000032 0.017318 -0.017625 0.661047
    11 -1.336140 0.000057 -0.000012 0.026268 0.002327 0.462662
    12 -4.820494 -0.509460 -0.224759 -0.387629 -0.157873 1.437294
    13 -1.826992 -0.000064 0.000006 -0.008328 0.039588 1.065564
    14 -1.436573 0.000006 0.000002 -0.060134 -0.049384 0.791627
    15 -3.992355 -0.891188 -1.827909 -0.524035 -0.011224 1.323612
    16 -1.405918 -0.000025 -0.000003 0.000590 -0.029494 0.855908
    17 -1.175358 0.000128 -0.000020 0.064417 0.021463 1.153028
    18 -4.526751 -0.690575 -1.120744 -0.418129 0.007769 1.492663
    19 -1.744038 0.000033 -0.000008 -0.019053 -0.022614 1.113174
    20 -1.368771 0.000025 0.000002 0.037954 0.036187 0.704409
    21 -1.718808 -1.282706 0.931533 2.103748 0.491299 0.996745
    22 -1.523453 0.000032 0.000031 0.066694 -0.064350 0.814831
    23 -1.599285 0.000004 0.000016 -0.060657 -0.063396 0.533260
    24 -4.170181 -1.854373 0.753363 -0.190417 -0.170868 0.450040
    25 0.335434 -0.018743 -0.278548 0.000000 0.000000 0.000000
    26 1.192043 -0.000001 -3.424385 0.000000 1.300764 0.000000
    27 0.786928 0.000001 -3.578656 0.000000 1.300764 0.000000
    28 1.388578 -0.009689 0.998069 0.000000 0.924975 0.000000
    29 -1.500304 -0.009689 0.357643 0.000000 0.000002 0.000000
    30 -0.762001 -0.009688 2.091125 0.000000 0.000002 0.000000
    31 -1.126226 -0.584940 -0.293132 0.000000 0.000002 0.000000
    32 4.367017 0.145637 -1.518008 0.343408 1.059062 1.581273
    33 3.076153 -9.725037 -4.255198 2.987734 0.768466 -1.628864
    34 5.511815 0.000008 -0.000001 2.243153 0.000000 3.141593
    35 0.196847 -0.000001 0.000003 2.793407 0.000006 -3.141577
    36 3.455526 -8.400609 -1.488978 1.975862 1.159909 1.842803
    37 6.214485 0.000006 0.000020 -0.479095 0.322529 -1.795021
    38 11.944885 -0.000029 -0.000194 0.396660 -0.273400 -0.878774
    39 10.620166 0.000002 0.000010 3.032385 -0.283788 0.606307
    40 4.751156 0.694376 -0.830473 0.382474 -0.156484 -0.489157
    41 1.688065 -0.000026 0.000002 -0.015966 -0.018853 2.141692
    42 1.336151 -0.000051 -0.000009 -0.003747 -0.038509 0.467010
    43 4.820513 0.509340 0.224865 -0.282059 -0.320142 1.392856
    44 1.826996 0.000066 0.000008 0.004297 0.040213 1.379384
    45 1.436577 -0.000010 0.000007 0.007051 -0.013384 0.358405
    46 3.992353 0.891087 1.827994 -0.535673 0.001046 1.726522
    47 1.405918 0.000021 -0.000007 -0.008992 -0.028075 1.183726
    48 1.175369 -0.000131 0.000002 0.073099 0.099343 0.591189
    49 4.526756 0.690460 1.120842 -0.485496 -0.175754 1.641301
    50 1.744041 -0.000031 -0.000002 -0.025718 -0.014586 1.468156
    51 1.368763 -0.000031 -0.000017 0.050831 0.150370 0.142238
    52 1.874855 0.935081 -0.999130 2.126006 0.483450 1.082862
    53 1.523449 -0.000034 -0.000003 -0.460179 -0.057098 0.780184
    54 1.599281 -0.000002 0.000009 0.079776 -0.024525 1.123837
    55 4.123359 1.860049 -0.741585 3.139446 0.288360 -2.792691
    56 5.511806 -0.000002 0.000006 -0.907938 0.000000 0.000000
    57 0.196850 0.000003 -0.000002 -0.348225 0.000015 -0.000002
    58 0.000000 0.000000 0.000000 -0.010441 0.004759 -1.568749
    59 -0.420464 -0.018742 1.271442 0.000000 0.000000 0.000000
    60 0.516761 0.000000 0.128687 0.000000 0.000000 0.000000
    61 0.557412 0.000000 -0.302896 0.000000 0.000000 0.000000
    62 1.388578 -0.009689 0.998071 0.000000 0.924975 0.000000
    63 -1.500303 -0.009689 0.357642 0.000000 0.000000 0.000000
    64 -2.978541 -0.009687 2.091135 0.000000 0.000000 0.000000
    65 -1.126226 -0.584940 -0.293134 0.000000 0.000000 0.000000
  time 12
    0 -0.000001 7.450089 -27.509026 0.000000 0.000000 0.000031
    1 -0.000002 0.000000 0.000000 1.570743 -1.567137 -1.570743
    2 4.255468 -0.335183 -0.000002 0.000000 0.000000 -0.124848
    3 7.431248 1.496477 0.000002 0.000000 0.000000 0.245450
    4 5.278479 0.165541 0.000001 0.000000 0.000000 0.048511
    5 3.455526 -8.400610 1.488976 1.975864 1.159909 -1.298786
  6 -6.214482 -0.000007 -0.000027 -2.885548 -0.056202 0.621379
  7 11.944882 0.000000 0.000001 0.121831 0.000324 0.018859
    8 10.620181 0.000002 0.000000 0.292669 0.381965 2.298992
    9 -4.751106 -0.694494 0.830577 -0.265066 -0.185212 0.638415
    10 -1.688068 0.000046 -0.000032 0.017318 -0.017625 0.661047
    11 -1.336140 0.000057 -0.000012 0.026268 0.002327 0.462662
    12 -4.820494 -0.509460 -0.224759 -0.387629 -0.157873 1.437294
    13 -1.826992 -0.000064 0.000006 -0.008328 0.039588 1.065564
    14 -1.436573 0.000006 0.000002 -0.060134 -0.049384 0.791627
    15 -3.992355 -0.891188 -1.827909 -0.524035 -0.011224 1.323612
    16 -1.405918 -0.000025 -0.000003 0.000590 -0.029494 0.855908
    17 -1.175358 0.000128 -0.000020 0.064417 0.021463 1.153028
    18 -4.526751 -0.690575 -1.120744 -0.418129 0.007769 1.492663
    19 -1.744038 0.000033 -0.000008 -0.019053 -0.022614 1.113174
    20 -1.368771 0.000025 0.000002 0.037954 0.036187 0.704409
    21 -1.718808 -1.282706 0.931533 2.103748 0.491299 0.996745
    22 -1.523453 0.000032 0.000031 0.066694 -0.064350 0.814831
    23 -1.599285 0.000004 0.000016 -0.060657 -0.063396 0.533260
    24 -4.170181 -1.854373 0.753363 -0.190417 -0.170868 0.450040
    25 0.855120 -0.018743 -1.814438 0.000000 0.000000 0.000000
    26 1.192041 0.000000 -3.424385 0.000000 1.300764 0.000000
    27 0.786930 0.000001 -3.578653 0.000000 1.300764 0.000000
    28 1.388578 -0.009689 0.998069 0.000000 0.924975 0.000000
    29 -1.500304 -0.009689 0.357643 0.000000 0.000002 0.000000
    30 -0.762001 -0.009688 2.091125 0.000000 0.000002 0.000000
    31 -1.126226 -0.584940 -0.293132 0.000000 0.000002 0.000000
    32 4.367017 0.145637 -1.518008 0.343408 1.059062 1.581273
    33 3.304466 -10.712876 -4.316730 3.096763 0.536862 -1.677677
    34 5.511815 0.000008 -0.000001 2.243153 0.000000 3.141593
    35 0.196847 -0.000001 0.000003 2.793407 0.000006 -3.141577
    36 3.455526 -8.400609 -1.488978 1.975862 1.159909 1.842803
    37 6.214485 0.000006 0.000020 -0.519837 0.339822 -1.736073
    38 11.944885 -0.000029 -0.000194 0.367005 -0.291646 -0.968852
    39 10.620166 0.000002 0.000010 -2.878841 -0.127658 0.487965
    40 4.751156 0.694376 -0.830473 0.382474 -0.156484 -0.489157
    41 1.688065 -0.000026 0.000002 -0.015966 -0.018853 2.141692
    42 1.336151 -0.000051 -0.000009 -0.003747 -0.038509 0.467010
    43 4.820513 0.509340 0.224865 -0.282059 -0.320142 1.392856
    44 1.826996 0.000066 0.000008 0.004297 0.040213 1.379384
    45 1.436577 -0.000010 0.000007 0.007051 -0.013384 0.358405
    46 3.992353 0.891087 1.827994 -0.535673 0.001046 1.726522
    47 1.405918 0.000021 -0.000007 -0.008992 -0.028075 1.183726
    48 1.175369 -0.000131 0.000002 0.073099 0.099343 0.591189
    49 4.526756 0.690460 1.120842 -0.485496 -0.175754 1.641301
    50 1.744041 -0.000031 -0.000002 -0.025718 -0.014586 1.468156
    51 1.368763 -0.000031 -0.000017 0.050831 0.150370 0.142238
    52 1.874855 0.935081 -0.999130 2.126006 0.483450 1.082862
    53 1.523449 -0.000034 -0.000003 -0.460179 -0.057098 0.780184
    54 1.599281 -0.000002 0.000009 0.079776 -0.024525 1.123837
    55 4.123360 1.860054 -0.741602 3.139446 0.288360 -2.792691
    56 5.511806 -0.000002 0.000006 -0.907938 0.000000 0.000000
    57 0.196850 0.000003 -0.000002 -0.348225 0.000015 -0.000002
    58 0.000000 0.000000 0.000000 -0.016389 0.006766 -1.566881
    59 -0.172518 -0.018744 0.810952 0.000000 0.000000 0.000000
    60 0.516761 0.000000 0.128687 0.000000 0.000000 0.000000
    61 0.557412 0.000000 -0.302896 0.000000 0.000000 0.000000
    62 1.388578 -0.009689 0.998071 0.000000 0.924975 0.000000
    63 -1.500303 -0.009689 0.357642 0.000000 0.000000 0.000000
    64 -2.978541 -0.009687 2.091135 0.000000 0.000000 0.000000
    65 -1.126226 -0.584940 -0.293134 0.000000 0.000000 0.000000
  time 13
    0 -0.000001 7.450089 -27.509026 0.000000 0.000000 0.000031
    1 -0.000002 0.000000 0.000000 1.570743 -1.567137 -1.570743
    2 4.255468 -0.335183 -0.000002 0.000000 0.000000 -0.124848
    3 7.431248 1.496477 0.000002 0.000000 0.000000 0.245450
    4 5.278479 0.165541 0.000001 0.000000 0.000000 0.048511
    5 3.455526 -8.400610 1.488976 1.975864 1.159909 -1.298786
  6 -6.214482 -0.000007 -0.000027 -2.879801 -0.071310 0.630289
  7 11.944882 0.000000 0.000001 0.121566 0.000641 0.018850
    8 10.620181 0.000002 0.000000 0.278975 0.354186 2.262771
    9 -4.751106 -0.694494 0.830577 -0.265066 -0.185212 0.638415
    10 -1.688068 0.000046 -0.000032 0.017318 -0.017625 0.661047
    11 -1.336140 0.000057 -0.000012 0.026268 0.002327 0.462662
    12 -4.820494 -0.509460 -0.224759 -0.387629 -0.157873 1.437294
    13 -1.826992 -0.000064 0.000006 -0.008328 0.039588 1.065564
    14 -1.436573 0.000006 0.000002 -0.060134 -0.049384 0.791627
    15 -3.992355 -0.891188 -1.827909 -0.524035 -0.011224 1.323612
    16 -1.405918 -0.000025 -0.000003 0.000590 -0.029494 0.855908
    17 -1.175358 0.000128 -0.000020 0.064417 0.021463 1.153028
    18 -4.526751 -0.690575 -1.120744 -0.418129 0.007769 1.492663
    19 -1.744038 0.000033 -0.000008 -0.019053 -0.022614 1.113174
    20 -1.368771 0.000025 0.000002 0.037954 0.036187 0.704409
    21 -1.718808 -1.282706 0.931533 2.103748 0.491299 0.996745
    22 -1.523453 0.000032 0.000031 0.066694 -0.064350 0.814831
    23 -1.599285 0.000004 0.000016 -0.060657 -0.063396 0.533260
    24 -4.170181 -1.854373 0.753363 -0.190417 -0.170868 0.450040
    25 1.091333 -0.018743 -3.500620 0.000000 0.000000 0.000000
    26 1.192039 0.000000 -3.424383 0.000000 1.300764 0.000000
    27 0.786930 -0.000001 -3.578652 0.000000 1.300764 0.000000
    28 1.388578 -0.009689 0.998069 0.000000 0.924975 0.000000
    29 -1.500304 -0.009689 0.357643 0.000000 0.000002 0.000000
    30 -0.762001 -0.009688 2.091125 0.000000 0.000002 0.000000
    31 -1.126226 -0.584940 -0.293132 0.000000 0.000002 0.000000
    32 4.367017 0.145637 -1.518008 0.343408 1.059062 1.581273
    33 3.317653 -10.294671 -4.950057 3.013086 0.584171 -1.665660
    34 5.511815 0.000008 -0.000001 2.243153 0.000000 3.141593
    35 0.196847 -0.000001 0.000003 2.793407 0.000006 -3.141577
    36 3.455526 -8.400609 -1.488978 1.975862 1.159909 1.842803
    37 6.214485 0.000006 0.000020 -0.502302 0.346820 -1.738392
    38 11.944885 -0.000029 -0.000194 0.303169 -0.287075 -0.945062
    39 10.620166 0.000002 0.000010 -2.877987 -0.237098 0.468154
    40 4.751156 0.694376 -0.830473 0.382474 -0.156484 -0.489157
    41 1.688065 -0.000026 0.000002 -0.015966 -0.018853 2.141692
    42 1.336151 -0.000051 -0.000009 -0.003747 -0.038509 0.467010
    43 4.820513 0.509340 0.224865 -0.282059 -0.320142 1.392856
    44 1.826996 0.000066 0.000008 0.004297 0.040213 1.379384
    45 1.436577 -0.000010 0.000007 0.007051 -0.013384 0.358405
    46 3.992353 0.891087 1.827994 -0.535673 0.001046 1.726522
    47 1.405918 0.000021 -0.000007 -0.008992 -0.028075 1.183726
    48 1.175369 -0.000131 0.000002 0.073099 0.099343 0.591189
    49 4.526756 0.690460 1.120842 -0.485496 -0.175754 1.641301
    50 1.744041 -0.000031 -0.000002 -0.025718 -0.014586 1.468156
    51 1.368763 -0.000031 -0.000017 0.050831 0.150370 0.142238
    52 1.874855 0.935081 -0.999130 2.126006 0.483450 1.082862
    53 1.523449 -0.000034 -0.000003 -0.460179 -0.057098 0.780184
    54 1.599281 -0.000002 0.000009 0.079776 -0.024525 1.123837
    55 4.123352 1.860050 -0.741600 3.139446 0.288360 -2.792691
    56 5.511806 -0.000002 0.000006 -0.907938 0.000000 0.000000
    57 0.196850 0.000003 -0.000002 -0.348225 0.000015 -0.000002
    58 0.000000 0.000000 0.000000 -0.017245 0.009276 -1.566301
    59 0.372948 -0.018744 -0.349441 0.000000 0.000000 0.000000
    60 0.516761 0.000000 0.128687 0.000000 0.000000 0.000000
    61 0.557412 0.000000 -0.302896 0.000000 0.000000 0.000000
    62 1.388578 -0.009689 0.998071 0.000000 0.924975 0.000000
    63 -1.500303 -0.009689 0.357642 0.000000 0.000000 0.000000
    64 -2.978541 -0.009687 2.091135 0.000000 0.000000 0.000000
    65 -1.126226 -0.584940 -0.293134 0.000000 0.000000 0.000000
  time 14
    0 -0.000001 7.450089 -27.509026 0.000000 0.000000 0.000031
    1 -0.000002 0.000000 0.000000 1.570743 -1.567137 -1.570743
    2 4.255468 -0.335183 -0.000002 0.000000 0.000000 -0.124848
    3 7.431248 1.496477 0.000002 0.000000 0.000000 0.245450
    4 5.278479 0.165541 0.000001 0.000000 0.000000 0.048511
    5 3.455526 -8.400610 1.488976 1.975864 1.159909 -1.298786
  6 -6.214482 -0.000007 -0.000027 -2.874162 -0.073586 0.633422
  7 11.944882 0.000000 0.000001 0.121458 0.000772 0.018846
    8 10.620181 0.000002 0.000000 0.318007 0.334700 2.244121
    9 -4.751106 -0.694494 0.830577 -0.265066 -0.185212 0.638415
    10 -1.688068 0.000046 -0.000032 0.017318 -0.017625 0.661047
    11 -1.336140 0.000057 -0.000012 0.026268 0.002327 0.462662
    12 -4.820494 -0.509460 -0.224759 -0.387629 -0.157873 1.437294
    13 -1.826992 -0.000064 0.000006 -0.008328 0.039588 1.065564
    14 -1.436573 0.000006 0.000002 -0.060134 -0.049384 0.791627
    15 -3.992355 -0.891188 -1.827909 -0.524035 -0.011224 1.323612
    16 -1.405918 -0.000025 -0.000003 0.000590 -0.029494 0.855908
    17 -1.175358 0.000128 -0.000020 0.064417 0.021463 1.153028
    18 -4.526751 -0.690575 -1.120744 -0.418129 0.007769 1.492663
    19 -1.744038 0.000033 -0.000008 -0.019053 -0.022614 1.113174
    20 -1.368771 0.000025 0.000002 0.037954 0.036187 0.704409
    21 -1.718808 -1.282706 0.931533 2.103748 0.491299 0.996745
    22 -1.523453 0.000032 0.000031 0.066694 -0.064350 0.814831
    23 -1.599285 0.000004 0.000016 -0.060657 -0.063396 0.533260
    24 -4.170181 -1.854373 0.753363 -0.190417 -0.170868 0.450040
    25 0.252466 -0.193700 -5.128482 0.343220 0.083271 0.053726
    26 1.192047 0.000000 -3.424383 0.000000 1.300764 0.000000
    27 0.786932 0.000000 -3.578655 0.000000 1.300764 0.000000
    28 1.388578 -0.009689 0.998069 0.000000 0.924975 0.000000
    29 -1.500304 -0.009689 0.357643 0.000000 0.000002 0.000000
    30 -0.762001 -0.009688 2.091125 0.000000 0.000002 0.000000
    31 -1.126226 -0.584940 -0.293132 0.000000 0.000002 0.000000
    32 4.367017 0.145637 -1.518008 0.343408 1.059062 1.581273
    33 3.393465 -10.309557 -4.798017 3.003528 0.599103 -1.641728
    34 5.511815 0.000008 -0.000001 2.243153 0.000000 3.141593
    35 0.196847 -0.000001 0.000003 2.793407 0.000006 -3.141577
    36 3.455526 -8.400609 -1.488978 1.975862 1.159909 1.842803
    37 6.214485 0.000006 0.000020 -0.494243 0.352368 -1.738336
    38 11.944885 -0.000029 -0.000194 0.246911 -0.288929 -0.954685
    39 10.620166 0.000002 0.000010 -2.868368 -0.264496 0.499819
    40 4.751156 0.694376 -0.830473 0.382474 -0.156484 -0.489157
    41 1.688065 -0.000026 0.000002 -0.015966 -0.018853 2.141692
    42 1.336151 -0.000051 -0.000009 -0.003747 -0.038509 0.467010
    43 4.820513 0.509340 0.224865 -0.282059 -0.320142 1.392856
    44 1.826996 0.000066 0.000008 0.004297 0.040213 1.379384
    45 1.436577 -0.000010 0.000007 0.007051 -0.013384 0.358405
    46 3.992353 0.891087 1.827994 -0.535673 0.001046 1.726522
    47 1.405918 0.000021 -0.000007 -0.008992 -0.028075 1.183726
    48 1.175369 -0.000131 0.000002 0.073099 0.099343 0.591189
    49 4.526756 0.690460 1.120842 -0.485496 -0.175754 1.641301
    50 1.744041 -0.000031 -0.000002 -0.025718 -0.014586 1.468156
    51 1.368763 -0.000031 -0.000017 0.050831 0.150370 0.142238
    52 1.874855 0.935081 -0.999130 2.126006 0.483450 1.082862
    53 1.523449 -0.000034 -0.000003 -0.460179 -0.057098 0.780184
    54 1.599281 -0.000002 0.000009 0.079776 -0.024525 1.123837
    55 4.123364 1.860054 -0.741598 3.139446 0.288360 -2.792691
    56 5.511806 -0.000002 0.000006 -0.907938 0.000000 0.000000
    57 0.196850 0.000003 -0.000002 -0.348225 0.000015 -0.000002
    58 0.000000 0.000000 0.000000 -0.015772 0.011775 -1.566400
    59 0.918427 -0.018745 -1.878126 0.000000 0.000000 0.000000
    60 0.516761 0.000000 0.128687 0.000000 0.000000 0.000000
    61 0.557412 0.000000 -0.302896 0.000000 0.000000 0.000000
    62 1.388578 -0.009689 0.998071 0.000000 0.924975 0.000000
    63 -1.500303 -0.009689 0.357642 0.000000 0.000000 0.000000
    64 -2.978541 -0.009687 2.091135 0.000000 0.000000 0.000000
    65 -1.126226 -0.584940 -0.293134 0.000000 0.000000 0.000000
  time 15
    0 -0.000001 7.450089 -27.509026 0.000000 0.000000 0.000031
    1 -0.000002 0.000000 0.000000 1.570743 -1.567137 -1.570743
    2 4.255468 -0.335183 -0.000002 0.000000 0.000000 -0.124848
    3 7.431248 1.496477 0.000002 0.000000 0.000000 0.245450
    4 5.278479 0.165541 0.000001 0.000000 0.000000 0.048511
    5 3.455526 -8.400610 1.488976 1.975864 1.159909 -1.298786
  6 -6.214482 -0.000007 -0.000027 -2.865530 -0.072740 0.626985
  7 11.944882 0.000000 0.000001 0.121215 0.000874 0.018841
    8 10.620181 0.000002 0.000000 0.385869 0.325159 2.237502
    9 -4.751106 -0.694494 0.830577 -0.265066 -0.185212 0.638415
    10 -1.688068 0.000046 -0.000032 0.017318 -0.017625 0.661047
    11 -1.336140 0.000057 -0.000012 0.026268 0.002327 0.462662
    12 -4.820494 -0.509460 -0.224759 -0.387629 -0.157873 1.437294
    13 -1.826992 -0.000064 0.000006 -0.008328 0.039588 1.065564
    14 -1.436573 0.000006 0.000002 -0.060134 -0.049384 0.791627
    15 -3.992355 -0.891188 -1.827909 -0.524035 -0.011224 1.323612
    16 -1.405918 -0.000025 -0.000003 0.000590 -0.029494 0.855908
    17 -1.175358 0.000128 -0.000020 0.064417 0.021463 1.153028
    18 -4.526751 -0.690575 -1.120744 -0.418129 0.007769 1.492663
    19 -1.744038 0.000033 -0.000008 -0.019053 -0.022614 1.113174
    20 -1.368771 0.000025 0.000002 0.037954 0.036187 0.704409
    21 -1.718808 -1.282706 0.931533 2.103748 0.491299 0.996745
    22 -1.523453 0.000032 0.000031 0.066694 -0.064350 0.814831
    23 -1.599285 0.000004 0.000016 -0.060657 -0.063396 0.533260
    24 -4.170181 -1.854373 0.753363 -0.190417 -0.170868 0.450040
    25 -1.305422 -0.631948 -6.725914 1.117605 0.169097 0.240982
    26 1.192046 -0.000001 -3.424385 0.000000 1.300764 0.000000
    27 0.786935 0.000000 -3.578655 0.000000 1.300764 0.000000
    28 1.388578 -0.009689 0.998069 0.000000 0.924975 0.000000
    29 -1.500304 -0.009689 0.357643 0.000000 0.000002 0.000000
    30 -0.762001 -0.009688 2.091125 0.000000 0.000002 0.000000
    31 -1.126226 -0.584940 -0.293132 0.000000 0.000002 0.000000
    32 4.367017 0.145637 -1.518008 0.343408 1.059062 1.581273
    33 3.534422 -10.729981 -4.246410 3.047079 0.562381 -1.618711
    34 5.511815 0.000008 -0.000001 2.243153 0.000000 3.141593
    35 0.196847 -0.000001 0.000003 2.793407 0.000006 -3.141577
    36 3.455526 -8.400609 -1.488978 1.975862 1.159909 1.842803
    37 6.214485 0.000006 0.000020 -0.493435 0.362982 -1.726356
    38 11.944885 -0.000029 -0.000194 0.196713 -0.295717 -0.990800
    39 10.620166 0.000002 0.000010 -2.820657 -0.233964 0.544690
    40 4.751156 0.694376 -0.830473 0.382474 -0.156484 -0.489157
    41 1.688065 -0.000026 0.000002 -0.015966 -0.018853 2.141692
    42 1.336151 -0.000051 -0.000009 -0.003747 -0.038509 0.467010
    43 4.820513 0.509340 0.224865 -0.282059 -0.320142 1.392856
    44 1.826996 0.000066 0.000008 0.004297 0.040213 1.379384
    45 1.436577 -0.000010 0.000007 0.007051 -0.013384 0.358405
    46 3.992353 0.891087 1.827994 -0.535673 0.001046 1.726522
    47 1.405918 0.000021 -0.000007 -0.008992 -0.028075 1.183726
    48 1.175369 -0.000131 0.000002 0.073099 0.099343 0.591189
    49 4.526756 0.690460 1.120842 -0.485496 -0.175754 1.641301
    50 1.744041 -0.000031 -0.000002 -0.025718 -0.014586 1.468156
    51 1.368763 -0.000031 -0.000017 0.050831 0.150370 0.142238
    52 1.874855 0.935081 -0.999130 2.126006 0.483450 1.082862
    53 1.523449 -0.000034 -0.000003 -0.460179 -0.057098 0.780184
    54 1.599281 -0.000002 0.000009 0.079776 -0.024525 1.123837
    55 4.123357 1.860056 -0.741599 3.139446 0.288360 -2.792691
    56 5.511806 -0.000002 0.000006 -0.907938 0.000000 0.000000
    57 0.196850 0.000003 -0.000002 -0.348225 0.000015 -0.000002
    58 0.000000 0.000000 0.000000 -0.011537 0.014183 -1.566389
    59 1.166361 -0.018744 -3.443487 0.000000 0.000000 0.000000
    60 0.516761 0.000000 0.128687 0.000000 0.000000 0.000000
    61 0.557412 0.000000 -0.302896 0.000000 0.000000 0.000000
    62 1.388578 -0.009689 0.998071 0.000000 0.924975 0.000000
    63 -1.500303 -0.009689 0.357642 0.000000 0.000000 0.000000
    64 -2.978541 -0.009687 2.091135 0.000000 0.000000 0.000000
    65 -1.126226 -0.584940 -0.293134 0.000000 0.000000 0.000000
  time 16
    0 -0.000001 7.450089 -27.509026 0.000000 0.000000 0.000031
    1 -0.000002 0.000000 0.000000 1.570743 -1.567137 -1.570743
    2 4.255468 -0.335183 -0.000002 0.000000 0.000000 -0.124848
    3 7.431248 1.496477 0.000002 0.000000 0.000000 0.245450
    4 5.278479 0.165541 0.000001 0.000000 0.000000 0.048511
    5 3.455526 -8.400610 1.488976 1.975864 1.159909 -1.298786
  6 -6.214482 -0.000007 -0.000027 -2.850549 -0.067207 0.604311
  7 11.944882 0.000000 0.000001 0.121080 0.000919 0.018839
    8 10.620181 0.000002 0.000000 0.454792 0.325478 2.238964
    9 -4.751106 -0.694494 0.830577 -0.265066 -0.185212 0.638415
    10 -1.688068 0.000046 -0.000032 0.017318 -0.017625 0.661047
    11 -1.336140 0.000057 -0.000012 0.026268 0.002327 0.462662
    12 -4.820494 -0.509460 -0.224759 -0.387629 -0.157873 1.437294
    13 -1.826992 -0.000064 0.000006 -0.008328 0.039588 1.065564
    14 -1.436573 0.000006 0.000002 -0.060134 -0.049384 0.791627
    15 -3.992355 -0.891188 -1.827909 -0.524035 -0.011224 1.323612
    16 -1.405918 -0.000025 -0.000003 0.000590 -0.029494 0.855908
    17 -1.175358 0.000128 -0.000020 0.064417 0.021463 1.153028
    18 -4.526751 -0.690575 -1.120744 -0.418129 0.007769 1.492663
    19 -1.744038 0.000033 -0.000008 -0.019053 -0.022614 1.113174
    20 -1.368771 0.000025 0.000002 0.037954 0.036187 0.704409
    21 -1.718808 -1.282706 0.931533 2.103748 0.491299 0.996745
    22 -1.523453 0.000032 0.000031 0.066694 -0.064350 0.814831
    23 -1.599285 0.000004 0.000016 -0.060657 -0.063396 0.533260
    24 -4.170181 -1.854373 0.753363 -0.190417 -0.170868 0.450040
    25 -2.144287 -1.203557 -8.379927 1.632248 0.131814 0.354088
    26 1.192042 -0.000002 -3.424383 0.000000 1.300764 0.000000
    27 0.786932 -0.000002 -3.578650 0.000000 1.300764 0.000000
    28 1.388578 -0.009689 0.998069 0.000000 0.924975 0.000000
    29 -1.500304 -0.009689 0.357643 0.000000 0.000002 0.000000
    30 -0.762001 -0.009688 2.091125 0.000000 0.000002 0.000000
    31 -1.126226 -0.584940 -0.293132 0.000000 0.000002 0.000000
    32 4.367017 0.145637 -1.518008 0.343408 1.059062 1.581273
    33 3.766770 -11.496416 -3.468427 -3.092861 0.446306 -1.594688
    34 5.511815 0.000008 -0.000001 2.243153 0.000000 3.141593
    35 0.196847 -0.000001 0.000003 2.793407 0.000006 -3.141577
    36 3.455526 -8.400609 -1.488978 1.975862 1.159909 1.842803
    37 6.214485 0.000006 0.000020 -0.433591 0.352840 -1.669435
    38 11.944885 -0.000029 -0.000194 0.154116 -0.306802 -1.055145
    39 10.620166 0.000002 0.000010 -2.740658 -0.105630 0.640639
    40 4.751156 0.694376 -0.830473 0.382474 -0.156484 -0.489157
    41 1.688065 -0.000026 0.000002 -0.015966 -0.018853 2.141692
    42 1.336151 -0.000051 -0.000009 -0.003747 -0.038509 0.467010
    43 4.820513 0.509340 0.224865 -0.282059 -0.320142 1.392856
    44 1.826996 0.000066 0.000008 0.004297 0.040213 1.379384
    45 1.436577 -0.000010 0.000007 0.007051 -0.013384 0.358405
    46 3.992353 0.891087 1.827994 -0.535673 0.001046 1.726522
    47 1.405918 0.000021 -0.000007 -0.008992 -0.028075 1.183726
    48 1.175369 -0.000131 0.000002 0.073099 0.099343 0.591189
    49 4.526756 0.690460 1.120842 -0.485496 -0.175754 1.641301
    50 1.744041 -0.000031 -0.000002 -0.025718 -0.014586 1.468156
    51 1.368763 -0.000031 -0.000017 0.050831 0.150370 0.142238
    52 1.874855 0.935081 -0.999130 2.126006 0.483450 1.082862
    53 1.523449 -0.000034 -0.000003 -0.460179 -0.057098 0.780184
    54 1.599281 -0.000002 0.000009 0.079776 -0.024525 1.123837
    55 4.123358 1.860060 -0.741603 3.139446 0.288360 -2.792691
    56 5.511806 -0.000002 0.000006 -0.907938 0.000000 0.000000
    57 0.196850 0.000003 -0.000002 -0.348225 0.000015 -0.000002
    58 0.000000 0.000000 0.000000 -0.005317 0.016414 -1.566524
    59 0.352995 -0.018966 -4.780734 -0.247068 0.319279 -0.090108
    60 0.516761 0.000000 0.128687 0.000000 0.000000 0.000000
    61 0.557412 0.000000 -0.302896 0.000000 0.000000 0.000000
    62 1.388578 -0.009689 0.998071 0.000000 0.924975 0.000000
    63 -1.500303 -0.009689 0.357642 0.000000 0.000000 0.000000
    64 -2.978541 -0.009687 2.091135 0.000000 0.000000 0.000000
    65 -1.126226 -0.584940 -0.293134 0.000000 0.000000 0.000000
  time 17
    0 -0.000001 7.450089 -27.509026 0.000000 0.000000 0.000031
    1 -0.000002 0.000000 0.000000 1.570743 -1.567137 -1.570743
    2 4.255468 -0.335183 -0.000002 0.000000 0.000000 -0.124848
    3 7.431248 1.496477 0.000002 0.000000 0.000000 0.245450
    4 5.278479 0.165541 0.000001 0.000000 0.000000 0.048511
    5 3.455526 -8.400610 1.488976 1.975864 1.159909 -1.298786
  6 -6.214482 -0.000007 -0.000027 -2.829274 -0.056802 0.575882
  7 11.944882 0.000000 0.000001 0.121033 0.000829 0.018843
    8 10.620181 0.000002 0.000000 0.495713 0.336100 2.243305
    9 -4.751106 -0.694494 0.830577 -0.265066 -0.185212 0.638415
    10 -1.688068 0.000046 -0.000032 0.017318 -0.017625 0.661047
    11 -1.336140 0.000057 -0.000012 0.026268 0.002327 0.462662
    12 -4.820494 -0.509460 -0.224759 -0.387629 -0.157873 1.437294
    13 -1.826992 -0.000064 0.000006 -0.008328 0.039588 1.065564
    14 -1.436573 0.000006 0.000002 -0.060134 -0.049384 0.791627
    15 -3.992355 -0.891188 -1.827909 -0.524035 -0.011224 1.323612
    16 -1.405918 -0.000025 -0.000003 0.000590 -0.029494 0.855908
    17 -1.175358 0.000128 -0.000020 0.064417 0.021463 1.153028
    18 -4.526751 -0.690575 -1.120744 -0.418129 0.007769 1.492663
    19 -1.744038 0.000033 -0.000008 -0.019053 -0.022614 1.113174
    20 -1.368771 0.000025 0.000002 0.037954 0.036187 0.704409
    21 -1.718808 -1.282706 0.931533 2.103748 0.491299 0.996745
    22 -1.523453 0.000032 0.000031 0.066694 -0.064350 0.814831
    23 -1.599285 0.000004 0.000016 -0.060657 -0.063396 0.533260
    24 -4.170181 -1.854373 0.753363 -0.190417 -0.170868 0.450040
    25 -1.998142 -1.796042 -10.144554 1.787334 0.092119 0.344038
    26 1.192041 -0.000002 -3.424385 0.000000 1.300764 0.000000
    27 0.786930 0.000000 -3.578652 0.000000 1.300764 0.000000
    28 1.388578 -0.009689 0.998069 0.000000 0.924975 0.000000
    29 -1.500304 -0.009689 0.357643 0.000000 0.000002 0.000000
    30 -0.762001 -0.009688 2.091125 0.000000 0.000002 0.000000
    31 -1.126226 -0.584940 -0.293132 0.000000 0.000002 0.000000
    32 4.367017 0.145637 -1.518008 0.343408 1.059062 1.581273
    33 3.849882 -12.291681 -2.742778 -2.874357 0.279779 -1.598246
    34 5.511815 0.000008 -0.000001 2.243153 0.000000 3.141593
    35 0.196847 -0.000001 0.000003 2.793407 0.000006 -3.141577
    36 3.455526 -8.400609 -1.488978 1.975862 1.159909 1.842803
    37 6.214485 0.000006 0.000020 -0.270088 0.279974 -1.571706
    38 11.944885 -0.000029 -0.000194 0.105107 -0.313865 -1.099884
    39 10.620166 0.000002 0.000010 -2.679202 0.100624 0.762730
    40 4.751156 0.694376 -0.830473 0.382474 -0.156484 -0.489157
    41 1.688065 -0.000026 0.000002 -0.015966 -0.018853 2.141692
    42 1.336151 -0.000051 -0.000009 -0.003747 -0.038509 0.467010
    43 4.820513 0.509340 0.224865 -0.282059 -0.320142 1.392856
    44 1.826996 0.000066 0.000008 0.004297 0.040213 1.379384
    45 1.436577 -0.000010 0.000007 0.007051 -0.013384 0.358405
    46 3.992353 0.891087 1.827994 -0.535673 0.001046 1.726522
    47 1.405918 0.000021 -0.000007 -0.008992 -0.028075 1.183726
    48 1.175369 -0.000131 0.000002 0.073099 0.099343 0.591189
    49 4.526756 0.690460 1.120842 -0.485496 -0.175754 1.641301
    50 1.744041 -0.000031 -0.000002 -0.025718 -0.014586 1.468156
    51 1.368763 -0.000031 -0.000017 0.050831 0.150370 0.142238
    52 1.874855 0.935081 -0.999130 2.126006 0.483450 1.082862
    53 1.523449 -0.000034 -0.000003 -0.460179 -0.057098 0.780184
    54 1.599281 -0.000002 0.000009 0.079776 -0.024525 1.123837
    55 4.123356 1.860059 -0.741613 3.139446 0.288360 -2.792691
    56 5.511806 -0.000002 0.000006 -0.907938 0.000000 0.000000
    57 0.196850 0.000003 -0.000002 -0.348225 0.000015 -0.000002
    58 0.000000 0.000000 0.000000 0.002284 0.018556 -1.566545
    59 -1.157547 -0.019372 -5.892353 -1.041006 0.800043 -0.646710
    60 0.516761 0.000000 0.128687 0.000000 0.000000 0.000000
    61 0.557412 0.000000 -0.302896 0.000000 0.000000 0.000000
    62 1.388578 -0.009689 0.998071 0.000000 0.924975 0.000000
    63 -1.500303 -0.009689 0.357642 0.000000 0.000000 0.000000
    64 -2.978541 -0.009687 2.091135 0.000000 0.000000 0.000000
    65 -1.126226 -0.584940 -0.293134 0.000000 0.000000 0.000000
  time 18
    0 -0.000001 7.450089 -27.509026 0.000000 0.000000 0.000031
    1 -0.000002 0.000000 0.000000 1.570743 -1.567137 -1.570743
    2 4.255468 -0.335183 -0.000002 0.000000 0.000000 -0.124848
    3 7.431248 1.496477 0.000002 0.000000 0.000000 0.245450
    4 5.278479 0.165541 0.000001 0.000000 0.000000 0.048511
    5 3.455526 -8.400610 1.488976 1.975864 1.159909 -1.298786
  6 -6.214482 -0.000007 -0.000027 -2.803568 -0.050952 0.558736
  7 11.944882 0.000000 0.000001 0.121042 0.000670 0.018850
    8 10.620181 0.000002 0.000000 0.500960 0.358856 2.250626
    9 -4.751106 -0.694494 0.830577 -0.265066 -0.185212 0.638415
    10 -1.688068 0.000046 -0.000032 0.017318 -0.017625 0.661047
    11 -1.336140 0.000057 -0.000012 0.026268 0.002327 0.462662
    12 -4.820494 -0.509460 -0.224759 -0.387629 -0.157873 1.437294
    13 -1.826992 -0.000064 0.000006 -0.008328 0.039588 1.065564
    14 -1.436573 0.000006 0.000002 -0.060134 -0.049384 0.791627
    15 -3.992355 -0.891188 -1.827909 -0.524035 -0.011224 1.323612
    16 -1.405918 -0.000025 -0.000003 0.000590 -0.029494 0.855908
    17 -1.175358 0.000128 -0.000020 0.064417 0.021463 1.153028
    18 -4.526751 -0.690575 -1.120744 -0.418129 0.007769 1.492663
    19 -1.744038 0.000033 -0.000008 -0.019053 -0.022614 1.113174
    20 -1.368771 0.000025 0.000002 0.037954 0.036187 0.704409
    21 -1.718808 -1.282706 0.931533 2.103748 0.491299 0.996745
    22 -1.523453 0.000032 0.000031 0.066694 -0.064350 0.814831
    23 -1.599285 0.000004 0.000016 -0.060657 -0.063396 0.533260
    24 -4.170181 -1.854373 0.753363 -0.190417 -0.170868 0.450040
    25 -1.597988 -2.366691 -11.941895 1.891567 0.050555 0.309123
    26 1.192043 0.000000 -3.424385 0.000000 1.300764 0.000000
    27 0.786928 -0.000002 -3.578653 0.000000 1.300764 0.000000
    28 1.388578 -0.009689 0.998069 0.000000 0.924975 0.000000
    29 -1.500304 -0.009689 0.357643 0.000000 0.000002 0.000000
    30 -0.762001 -0.009688 2.091125 0.000000 0.000002 0.000000
    31 -1.126226 -0.584940 -0.293132 0.000000 0.000002 0.000000
    32 4.367017 0.145637 -1.518008 0.343408 1.059062 1.581273
    33 3.613634 -12.815092 -2.391398 -2.629882 0.122928 -1.646614
    34 5.511815 0.000008 -0.000001 2.243153 0.000000 3.141593
    35 0.196847 -0.000001 0.000003 2.793407 0.000006 -3.141577
    36 3.455526 -8.400609 -1.488978 1.975862 1.159909 1.842803
    37 6.214485 0.000006 0.000020 -0.034620 0.149710 -1.486723
    38 11.944885 -0.000029 -0.000194 0.039820 -0.312900 -1.093347
    39 10.620166 0.000002 0.000010 -2.666325 0.327703 0.827884
    40 4.751156 0.694376 -0.830473 0.382474 -0.156484 -0.489157
    41 1.688065 -0.000026 0.000002 -0.015966 -0.018853 2.141692
    42 1.336151 -0.000051 -0.000009 -0.003747 -0.038509 0.467010
    43 4.820513 0.509340 0.224865 -0.282059 -0.320142 1.392856
    44 1.826996 0.000066 0.000008 0.004297 0.040213 1.379384
    45 1.436577 -0.000010 0.000007 0.007051 -0.013384 0.358405
    46 3.992353 0.891087 1.827994 -0.535673 0.001046 1.726522
    47 1.405918 0.000021 -0.000007 -0.008992 -0.028075 1.183726
    48 1.175369 -0.000131 0.000002 0.073099 0.099343 0.591189
    49 4.526756 0.690460 1.120842 -0.485496 -0.175754 1.641301
    50 1.744041 -0.000031 -0.000002 -0.025718 -0.014586 1.468156
    51 1.368763 -0.000031 -0.000017 0.050831 0.150370 0.142238
    52 1.874855 0.935081 -0.999130 2.126006 0.483450 1.082862
    53 1.523449 -0.000034 -0.000003 -0.460179 -0.057098 0.780184
    54 1.599281 -0.000002 0.000009 0.079776 -0.024525 1.123837
    55 4.123360 1.860059 -0.741616 3.139446 0.288360 -2.792691
    56 5.511806 -0.000002 0.000006 -0.907938 0.000000 0.000000
    57 0.196850 0.000003 -0.000002 -0.348225 0.000015 -0.000002
    58 0.000000 0.000000 0.000000 0.010920 0.020437 -1.566627
    59 -1.970911 -0.019591 -6.847664 -1.628694 0.829266 -1.130334
    60 0.516761 0.000000 0.128687 0.000000 0.000000 0.000000
    61 0.557412 0.000000 -0.302896 0.000000 0.000000 0.000000
    62 1.388578 -0.009689 0.998071 0.000000 0.924975 0.000000
    63 -1.500303 -0.009689 0.357642 0.000000 0.000000 0.000000
    64 -2.978541 -0.009687 2.091135 0.000000 0.000000 0.000000
    65 -1.126226 -0.584940 -0.293134 0.000000 0.000000 0.000000
  time 19
    0 -0.000001 7.450089 -27.509026 0.000000 0.000000 0.000031
    1 -0.000002 0.000000 0.000000 1.570743 -1.567137 -1.570743
    2 4.255468 -0.335183 -0.000002 0.000000 0.000000 -0.124848
    3 7.431248 1.496477 0.000002 0.000000 0.000000 0.245450
    4 5.278479 0.165541 0.000001 0.000000 0.000000 0.048511
    5 3.455526 -8.400610 1.488976 1.975864 1.159909 -1.298786
  6 -6.214482 -0.000007 -0.000027 -2.763410 -0.068373 0.556810
  7 11.944882 0.000000 0.000001 0.120847 0.000849 0.018842
    8 10.620181 0.000002 0.000000 0.490260 0.393023 2.265507
    9 -4.751106 -0.694494 0.830577 -0.265066 -0.185212 0.638415
    10 -1.688068 0.000046 -0.000032 0.017318 -0.017625 0.661047
    11 -1.336140 0.000057 -0.000012 0.026268 0.002327 0.462662
    12 -4.820494 -0.509460 -0.224759 -0.387629 -0.157873 1.437294
    13 -1.826992 -0.000064 0.000006 -0.008328 0.039588 1.065564
    14 -1.436573 0.000006 0.000002 -0.060134 -0.049384 0.791627
    15 -3.992355 -0.891188 -1.827909 -0.524035 -0.011224 1.323612
    16 -1.405918 -0.000025 -0.000003 0.000590 -0.029494 0.855908
    17 -1.175358 0.000128 -0.000020 0.064417 0.021463 1.153028
    18 -4.526751 -0.690575 -1.120744 -0.418129 0.007769 1.492663
    19 -1.744038 0.000033 -0.000008 -0.019053 -0.022614 1.113174
    20 -1.368771 0.000025 0.000002 0.037954 0.036187 0.704409
    21 -1.718808 -1.282706 0.931533 2.103748 0.491299 0.996745
    22 -1.523453 0.000032 0.000031 0.066694 -0.064350 0.814831
    23 -1.599285 0.000004 0.000016 -0.060657 -0.063396 0.533260
    24 -4.170181 -1.854373 0.753363 -0.190417 -0.170868 0.450040
    25 -1.001255 -2.890239 -13.661072 1.958489 0.013406 0.258758
    26 1.192047 0.000000 -3.424384 0.000000 1.300764 0.000000
    27 0.786930 0.000000 -3.578655 0.000000 1.300764 0.000000
    28 1.388578 -0.009689 0.998069 0.000000 0.924975 0.000000
    29 -1.500304 -0.009689 0.357643 0.000000 0.000002 0.000000
    30 -0.762001 -0.009688 2.091125 0.000000 0.000002 0.000000
    31 -1.126226 -0.584940 -0.293132 0.000000 0.000002 0.000000
    32 4.367017 0.145637 -1.518008 0.343408 1.059062 1.581273
    33 3.233800 -12.976363 -2.727372 -2.420188 0.019998 -1.715299
    34 5.511815 0.000008 -0.000001 2.243153 0.000000 3.141593
    35 0.196847 -0.000001 0.000003 2.793407 0.000006 -3.141577
    36 3.455526 -8.400609 -1.488978 1.975862 1.159909 1.842803
    37 6.214485 0.000006 0.000020 0.219169 0.029257 -1.448202
    38 11.944885 -0.000029 -0.000194 -0.034576 -0.307313 -1.058037
    39 10.620166 0.000002 0.000010 -2.716763 0.484376 0.799810
    40 4.751156 0.694376 -0.830473 0.382474 -0.156484 -0.489157
    41 1.688065 -0.000026 0.000002 -0.015966 -0.018853 2.141692
    42 1.336151 -0.000051 -0.000009 -0.003747 -0.038509 0.467010
    43 4.820513 0.509340 0.224865 -0.282059 -0.320142 1.392856
    44 1.826996 0.000066 0.000008 0.004297 0.040213 1.379384
    45 1.436577 -0.000010 0.000007 0.007051 -0.013384 0.358405
    46 3.992353 0.891087 1.827994 -0.535673 0.001046 1.726522
    47 1.405918 0.000021 -0.000007 -0.008992 -0.028075 1.183726
    48 1.175369 -0.000131 0.000002 0.073099 0.099343 0.591189
    49 4.526756 0.690460 1.120842 -0.485496 -0.175754 1.641301
    50 1.744041 -0.000031 -0.000002 -0.025718 -0.014586 1.468156
    51 1.368763 -0.000031 -0.000017 0.050831 0.150370 0.142238
    52 1.874855 0.935081 -0.999130 2.126006 0.483450 1.082862
    53 1.523449 -0.000034 -0.000003 -0.460179 -0.057098 0.780184
    54 1.599281 -0.000002 0.000009 0.079776 -0.024525 1.123837
    55 4.123354 1.860056 -0.741612 3.139446 0.288360 -2.792691
    56 5.511806 -0.000002 0.000006 -0.907938 0.000000 0.000000
    57 0.196850 0.000003 -0.000002 -0.348225 0.000015 -0.000002
    58 0.000000 0.000000 0.000000 0.019816 0.022060 -1.566606
    59 -1.310896 0.048352 -7.704307 -1.628694 0.829266 -1.130334
    60 0.516761 0.000000 0.128687 0.000000 0.000000 0.000000
    61 0.557412 0.000000 -0.302896 0.000000 0.000000 0.000000
    62 1.388578 -0.009689 0.998071 0.000000 0.924975 0.000000
    63 -1.500303 -0.009689 0.357642 0.000000 0.000000 0.000000
    64 -2.978541 -0.009687 2.091135 0.000000 0.000000 0.000000
    65 -1.126226 -0.584940 -0.293134 0.000000 0.000000 0.000000
  time 20
    0 -0.000001 7.450089 -27.509026 0.000000 0.000000 0.000031
    1 -0.000002 0.000000 0.000000 1.570743 -1.567137 -1.570743
    2 4.255468 -0.335183 -0.000002 0.000000 0.000000 -0.124848
    3 7.431248 1.496477 0.000002 0.000000 0.000000 0.245450
    4 5.278479 0.165541 0.000001 0.000000 0.000000 0.048511
    5 3.455526 -8.400610 1.488976 1.975864 1.159909 -1.298786
  6 -6.214482 -0.000007 -0.000027 -2.700197 -0.124417 0.559556
  7 11.944882 0.000000 0.000001 0.120294 0.001771 0.018778
    8 10.620181 0.000002 0.000000 0.468074 0.433377 2.285488
    9 -4.751106 -0.694494 0.830577 -0.265066 -0.185212 0.638415
    10 -1.688068 0.000046 -0.000032 0.017318 -0.017625 0.661047
    11 -1.336140 0.000057 -0.000012 0.026268 0.002327 0.462662
    12 -4.820494 -0.509460 -0.224759 -0.387629 -0.157873 1.437294
    13 -1.826992 -0.000064 0.000006 -0.008328 0.039588 1.065564
    14 -1.436573 0.000006 0.000002 -0.060134 -0.049384 0.791627
    15 -3.992355 -0.891188 -1.827909 -0.524035 -0.011224 1.323612
    16 -1.405918 -0.000025 -0.000003 0.000590 -0.029494 0.855908
    17 -1.175358 0.000128 -0.000020 0.064417 0.021463 1.153028
    18 -4.526751 -0.690575 -1.120744 -0.418129 0.007769 1.492663
    19 -1.744038 0.000033 -0.000008 -0.019053 -0.022614 1.113174
    20 -1.368771 0.000025 0.000002 0.037954 0.036187 0.704409
    21 -1.718808 -1.282706 0.931533 2.095974 0.495838 0.994464
    22 -1.523453 0.000032 0.000031 0.066697 -0.064346 0.814737
    23 -1.599285 0.000004 0.000016 -0.061090 -0.062940 0.540517
    24 -4.170181 -1.854373 0.753363 -0.190417 -0.170868 0.450040
    25 -0.265360 -3.341425 -15.191218 1.998565 -0.015338 0.201166
    26 1.121815 -0.000002 -3.054864 0.000000 1.172346 0.000000
    27 0.763062 -0.000002 -3.237975 0.000000 1.172346 0.000000
    28 1.388578 -0.009689 0.998069 0.000000 0.924975 0.000000
    29 -1.500304 -0.009689 0.357643 0.000000 0.000002 0.000000
    30 -0.762001 -0.009688 2.091125 0.000000 0.000002 0.000000
    31 -1.126226 -0.584940 -0.293132 0.000000 0.000002 0.000000
    32 4.367017 0.145637 -1.518008 0.343408 1.059062 1.581273
    33 3.158026 -12.773520 -4.105592 -2.311107 0.005166 -1.747175
    34 5.511815 0.000008 -0.000001 2.243153 0.000000 3.141593
    35 0.196847 -0.000001 0.000003 2.793407 0.000006 -3.141577
    36 3.455526 -8.400609 -1.488978 1.975862 1.159909 1.842803
    37 6.214485 0.000006 0.000020 0.418012 -0.003248 -1.429781
    38 11.944885 -0.000029 -0.000194 -0.101599 -0.305508 -1.046958
    39 10.620166 0.000002 0.000010 -2.797644 0.478302 0.756124
    40 4.751156 0.694376 -0.830473 0.382474 -0.156484 -0.489157
    41 1.688065 -0.000026 0.000002 -0.015966 -0.018853 2.141692
    42 1.336151 -0.000051 -0.000009 -0.003747 -0.038509 0.467010
    43 4.820513 0.509340 0.224865 -0.282059 -0.320142 1.392856
    44 1.826996 0.000066 0.000008 0.004297 0.040213 1.379384
    45 1.436577 -0.000010 0.000007 0.007051 -0.013384 0.358405
    46 3.992353 0.891087 1.827994 -0.535673 0.001046 1.726522
    47 1.405918 0.000021 -0.000007 -0.008992 -0.028075 1.183726
    48 1.175369 -0.000131 0.000002 0.073099 0.099343 0.591189
    49 4.526756 0.690460 1.120842 -0.485496 -0.175754 1.641301
    50 1.744041 -0.000031 -0.000002 -0.025718 -0.014586 1.468156
    51 1.368763 -0.000031 -0.000017 0.050831 0.150370 0.142238
    52 1.874855 0.935081 -0.999130 2.126006 0.483450 1.082862
    53 1.523449 -0.000034 -0.000003 -0.460179 -0.057098 0.780184
    54 1.599281 -0.000002 0.000009 0.079776 -0.024525 1.123837
    55 4.123363 1.860054 -0.741613 3.139446 0.288360 -2.792691
    56 5.511806 -0.000002 0.000006 -0.907938 0.000000 0.000000
    57 0.196850 0.000003 -0.000002 -0.348225 0.000015 -0.000002
    58 0.000000 0.000000 0.000000 0.028453 0.023511 -1.566663
    59 0.480591 0.232768 -8.473338 -1.628694 0.829266 -1.130334
    60 0.516761 0.000000 0.128687 0.000000 0.000000 0.000000
    61 0.557412 0.000000 -0.302896 0.000000 0.000000 0.000000
    62 1.388578 -0.009689 0.998071 0.000000 0.924975 0.000000
    63 -1.500303 -0.009689 0.357642 0.000000 0.000000 0.000000
    64 -2.978541 -0.009687 2.091135 0.000000 0.000000 0.000000
    65 -1.126226 -0.584940 -0.293134 0.000000 0.000000 0.000000
  time 21
    0 -0.000001 7.450089 -27.509026 0.000000 0.000000 0.000031
    1 -0.000002 0.000000 0.000000 1.570743 -1.567137 -1.570743
    2 4.255468 -0.335183 -0.000002 0.000000 0.000000 -0.124848
    3 7.431248 1.496477 0.000002 0.000000 0.000000 0.245450
    4 5.278479 0.165541 0.000001 0.000000 0.000000 0.048511
    5 3.455526 -8.400610 1.488976 1.975864 1.159909 -1.298786
  6 -6.214482 -0.000007 -0.000027 -2.618608 -0.211655 0.559209
  7 11.944882 0.000000 0.000001 0.119359 0.003392 0.018554
    8 10.620181 0.000002 0.000000 0.438260 0.474082 2.307419
    9 -4.751106 -0.694494 0.830577 -0.265066 -0.185212 0.638415
    10 -1.688068 0.000046 -0.000032 0.017318 -0.017625 0.661047
    11 -1.336140 0.000057 -0.000012 0.026268 0.002327 0.462662
    12 -4.820494 -0.509460 -0.224759 -0.387629 -0.157873 1.437294
    13 -1.826992 -0.000064 0.000006 -0.008328 0.039588 1.065564
    14 -1.436573 0.000006 0.000002 -0.060134 -0.049384 0.791627
    15 -3.992355 -0.891188 -1.827909 -0.524035 -0.011224 1.323612
    16 -1.405918 -0.000025 -0.000003 0.000590 -0.029494 0.855908
    17 -1.175358 0.000128 -0.000020 0.064417 0.021463 1.153028
    18 -4.526751 -0.690575 -1.120744 -0.418129 0.007769 1.492663
    19 -1.744038 0.000033 -0.000008 -0.019053 -0.022614 1.113174
    20 -1.368771 0.000025 0.000002 0.037954 0.036187 0.704409
    21 -1.718808 -1.282706 0.931533 2.074405 0.508308 0.987642
    22 -1.523453 0.000032 0.000031 0.066706 -0.064337 0.814455
    23 -1.599285 0.000004 0.000016 -0.062352 -0.061688 0.560805
    24 -4.170181 -1.854373 0.753363 -0.190417 -0.170868 0.450040
    25 0.552246 -3.694978 -16.421455 2.019792 -0.032220 0.143890
    26 0.954344 0.000002 -2.173703 0.000000 0.849370 0.000000
    27 0.706142 0.000004 -2.425587 0.000000 0.849370 0.000000
    28 1.388578 -0.009689 0.998069 0.000000 0.924975 0.000000
    29 -1.500304 -0.009689 0.357643 0.000000 0.000002 0.000000
    30 -0.762001 -0.009688 2.091125 0.000000 0.000002 0.000000
    31 -1.126226 -0.584940 -0.293132 0.000000 0.000002 0.000000
    32 4.367017 0.145637 -1.518008 0.343408 1.059062 1.581273
    33 3.682127 -12.172018 -6.234597 -2.272033 0.044501 -1.721297
    34 5.511815 0.000008 -0.000001 2.243153 0.000000 3.141593
    35 0.196847 -0.000001 0.000003 2.793407 0.000006 -3.141577
    36 3.455526 -8.400609 -1.488978 1.975862 1.159909 1.842803
    37 6.214485 0.000006 0.000020 0.579408 0.028727 -1.404436
    38 11.944885 -0.000029 -0.000194 -0.157768 -0.309457 -1.071372
    39 10.620166 0.000002 0.000010 -2.893235 0.356015 0.767391
    40 4.751156 0.694376 -0.830473 0.374201 -0.162087 -0.444868
    41 1.688065 -0.000026 0.000002 -0.014475 -0.020029 2.063206
    42 1.336151 -0.000051 -0.000009 -0.002047 -0.038679 0.423599
    43 4.820513 0.509340 0.224865 -0.282059 -0.320142 1.392856
    44 1.826996 0.000066 0.000008 0.004297 0.040213 1.379384
    45 1.436577 -0.000010 0.000007 0.007051 -0.013384 0.358405
    46 3.992353 0.891087 1.827994 -0.535673 0.001046 1.726522
    47 1.405918 0.000021 -0.000007 -0.008992 -0.028075 1.183726
    48 1.175369 -0.000131 0.000002 0.073099 0.099343 0.591189
    49 4.526756 0.690460 1.120842 -0.485496 -0.175754 1.641301
    50 1.744041 -0.000031 -0.000002 -0.025718 -0.014586 1.468156
    51 1.368763 -0.000031 -0.000017 0.050831 0.150370 0.142238
    52 1.874855 0.935081 -0.999130 2.126006 0.483450 1.082862
    53 1.523449 -0.000034 -0.000003 -0.460179 -0.057098 0.780184
    54 1.599281 -0.000002 0.000009 0.079776 -0.024525 1.123837
    55 4.123358 1.860059 -0.741606 3.139446 0.288360 -2.792691
    56 5.511806 -0.000002 0.000006 -0.907938 0.000000 0.000000
    57 0.196850 0.000003 -0.000002 -0.348225 0.000015 -0.000002
    58 0.000000 0.000000 0.000000 0.036138 0.024622 -1.566811
    59 3.120670 0.504538 -9.154161 -1.628694 0.829266 -1.130334
    60 0.516761 0.000000 0.128687 0.000000 0.000000 0.000000
    61 0.557412 0.000000 -0.302896 0.000000 0.000000 0.000000
    62 1.388578 -0.009689 0.998071 0.000000 0.924975 0.000000
    63 -1.500303 -0.009689 0.357642 0.000000 0.000000 0.000000
    64 -2.978541 -0.009687 2.091135 0.000000 0.000000 0.000000
    65 -1.126226 -0.584940 -0.293134 0.000000 0.000000 0.000000
  time 22
    0 -0.000001 7.450089 -27.509026 0.000000 0.000000 0.000031
    1 -0.000002 0.000000 0.000000 1.570743 -1.567137 -1.570743
    2 4.255468 -0.335183 -0.000002 0.000000 0.000000 -0.124848
    3 7.431248 1.496477 0.000002 0.000000 0.000000 0.245450
    4 5.278479 0.165541 0.000001 0.000000 0.000000 0.048511
    5 3.455526 -8.400610 1.488976 1.975864 1.159909 -1.298786
  6 -6.214482 -0.000007 -0.000027 -2.532520 -0.308551 0.556967
  7 11.944882 0.000000 0.000001 0.118278 0.005321 0.018095
    8 10.620181 0.000002 0.000000 0.404476 0.509563 2.326913
    9 -4.751106 -0.694494 0.830577 -0.265066 -0.185212 0.638415
    10 -1.688068 0.000046 -0.000032 0.017318 -0.017625 0.661047
    11 -1.336140 0.000057 -0.000012 0.026268 0.002327 0.462662
    12 -4.820494 -0.509460 -0.224759 -0.387629 -0.157873 1.437294
    13 -1.826992 -0.000064 0.000006 -0.008328 0.039588 1.065564
    14 -1.436573 0.000006 0.000002 -0.060134 -0.049384 0.791627
    15 -3.992355 -0.891188 -1.827909 -0.524035 -0.011224 1.323612
    16 -1.405918 -0.000025 -0.000003 0.000590 -0.029494 0.855908
    17 -1.175358 0.000128 -0.000020 0.064417 0.021463 1.153028
    18 -4.526751 -0.690575 -1.120744 -0.418129 0.007769 1.492663
    19 -1.744038 0.000033 -0.000008 -0.019053 -0.022614 1.113174
    20 -1.368771 0.000025 0.000002 0.037954 0.036187 0.704409
    21 -1.718808 -1.282706 0.931533 2.040925 0.527045 0.976424
    22 -1.523453 0.000032 0.000031 0.066718 -0.064324 0.814078
    23 -1.599285 0.000004 0.000016 -0.064254 -0.059702 0.591794
    24 -4.170181 -1.854373 0.753363 -0.190417 -0.170868 0.450040
    25 1.394147 -3.925641 -17.240902 2.028638 -0.032868 0.093871
    26 0.754457 -0.000002 -1.121994 0.000000 0.451423 0.000000
    27 0.638200 -0.000004 -1.455962 0.000000 0.451423 0.000000
    28 1.388578 -0.009689 0.998069 0.000000 0.924975 0.000000
    29 -1.500304 -0.009689 0.357643 0.000000 0.000002 0.000000
    30 -0.762001 -0.009688 2.091125 0.000000 0.000002 0.000000
    31 -1.126226 -0.584940 -0.293132 0.000000 0.000002 0.000000
    32 4.367017 0.145637 -1.518008 0.343408 1.059062 1.581273
    33 4.657811 -11.149499 -8.516437 -2.231973 0.091345 -1.666575
    34 5.511815 0.000008 -0.000001 2.243153 0.000000 3.141593
    35 0.196847 -0.000001 0.000003 2.793407 0.000006 -3.141577
    36 3.455526 -8.400609 -1.488978 1.975862 1.159909 1.842803
    37 6.214485 0.000006 0.000020 0.742976 0.074527 -1.390797
    38 11.944885 -0.000029 -0.000194 -0.214455 -0.312803 -1.092781
    39 10.620166 0.000002 0.000010 -3.004086 0.221309 0.818238
    40 4.751156 0.694376 -0.830473 0.350526 -0.175187 -0.325273
    41 1.688065 -0.000026 0.000002 -0.009667 -0.022780 1.839195
    42 1.336151 -0.000051 -0.000009 0.002408 -0.038636 0.307069
    43 4.820513 0.509340 0.224865 -0.282059 -0.320142 1.392856
    44 1.826996 0.000066 0.000008 0.004297 0.040213 1.379384
    45 1.436577 -0.000010 0.000007 0.007051 -0.013384 0.358405
    46 3.992353 0.891087 1.827994 -0.535673 0.001046 1.726522
    47 1.405918 0.000021 -0.000007 -0.008992 -0.028075 1.183726
    48 1.175369 -0.000131 0.000002 0.073099 0.099343 0.591189
    49 4.526756 0.690460 1.120842 -0.485496 -0.175754 1.641301
    50 1.744041 -0.000031 -0.000002 -0.025718 -0.014586 1.468156
    51 1.368763 -0.000031 -0.000017 0.050831 0.150370 0.142238
    52 1.874855 0.935081 -0.999130 2.126006 0.483450 1.082862
    53 1.523449 -0.000034 -0.000003 -0.460179 -0.057098 0.780184
    54 1.599281 -0.000002 0.000009 0.079776 -0.024525 1.123837
    55 4.123360 1.860058 -0.741603 3.139446 0.288360 -2.792691
    56 5.511806 -0.000002 0.000006 -0.907938 0.000000 0.000000
    57 0.196850 0.000003 -0.000002 -0.348225 0.000015 -0.000002
    58 0.000000 0.000000 0.000000 0.042356 0.025476 -1.566889
    59 6.326483 0.834545 -9.746153 -1.628694 0.829266 -1.130334
    60 0.516761 0.000000 0.128687 0.000000 0.000000 0.000000
    61 0.557412 0.000000 -0.302896 0.000000 0.000000 0.000000
    62 1.388578 -0.009689 0.998071 0.000000 0.924975 0.000000
    63 -1.500303 -0.009689 0.357642 0.000000 0.000000 0.000000
    64 -2.978541 -0.009687 2.091135 0.000000 0.000000 0.000000
    65 -1.126226 -0.584940 -0.293134 0.000000 0.000000 0.000000
  time 23
    0 -0.000001 7.450089 -27.509026 0.000000 0.000000 0.000031
    1 -0.000002 0.000000 0.000000 1.570743 -1.567137 -1.570743
    2 4.255468 -0.335183 -0.000002 0.000000 0.000000 -0.124848
    3 7.431248 1.496477 0.000002 0.000000 0.000000 0.245450
    4 5.278479 0.165541 0.000001 0.000000 0.000000 0.048511
    5 3.455526 -8.400610 1.488976 1.975864 1.159909 -1.298786
  6 -6.214482 -0.000007 -0.000027 -2.449143 -0.404295 0.553959
  7 11.944882 0.000000 0.000001 0.117192 0.007371 0.017362
    8 10.620181 0.000002 0.000000 0.369715 0.534035 2.338658
    9 -4.751106 -0.694494 0.830577 -0.265066 -0.185212 0.638415
    10 -1.688068 0.000046 -0.000032 0.017318 -0.017625 0.661047
    11 -1.336140 0.000057 -0.000012 0.026268 0.002327 0.462662
    12 -4.820494 -0.509460 -0.224759 -0.387629 -0.157873 1.437294
    13 -1.826992 -0.000064 0.000006 -0.008328 0.039588 1.065564
    14 -1.436573 0.000006 0.000002 -0.060134 -0.049384 0.791627
    15 -3.992355 -0.891188 -1.827909 -0.524035 -0.011224 1.323612
    16 -1.405918 -0.000025 -0.000003 0.000590 -0.029494 0.855908
    17 -1.175358 0.000128 -0.000020 0.064417 0.021463 1.153028
    18 -4.526751 -0.690575 -1.120744 -0.418129 0.007769 1.492663
    19 -1.744038 0.000033 -0.000008 -0.019053 -0.022614 1.113174
    20 -1.368771 0.000025 0.000002 0.037954 0.036187 0.704409
    21 -1.718808 -1.282706 0.931533 1.997438 0.550566 0.961003
    22 -1.523453 0.000032 0.000031 0.066734 -0.064309 0.813607
    23 -1.599285 0.000004 0.000016 -0.066541 -0.057152 0.631091
    24 -4.170181 -1.854373 0.753363 -0.190417 -0.170868 0.450040
    25 2.202919 -4.008137 -17.538702 2.030923 -0.011990 0.058140
    26 0.586987 -0.000004 -0.240833 0.000000 0.128455 0.000000
    27 0.581283 0.000000 -0.643575 0.000000 0.128455 0.000000
    28 1.388578 -0.009689 0.998069 0.000000 0.924975 0.000000
    29 -1.500304 -0.009689 0.357643 0.000000 0.000002 0.000000
    30 -0.762001 -0.009688 2.091125 0.000000 0.000002 0.000000
    31 -1.126226 -0.584940 -0.293132 0.000000 0.000002 0.000000
    32 4.367017 0.145637 -1.518008 0.343408 1.059062 1.581273
    33 5.857244 -9.749814 -10.708044 -2.191347 0.145683 -1.594111
    34 5.511815 0.000008 -0.000001 2.243153 0.000000 3.141593
    35 0.196847 -0.000001 0.000003 2.793407 0.000006 -3.141577
    36 3.455526 -8.400609 -1.488978 1.975862 1.159909 1.842803
    37 6.214485 0.000006 0.000020 0.885300 0.136622 -1.393142
    38 11.944885 -0.000029 -0.000194 -0.279463 -0.311686 -1.085841
    39 10.620166 0.000002 0.000010 -3.119365 0.095705 0.881231
    40 4.751156 0.694376 -0.830473 0.313711 -0.189132 -0.150772
    41 1.688065 -0.000026 0.000002 -0.001122 -0.024734 1.483676
    42 1.336151 -0.000051 -0.000009 0.008907 -0.037654 0.138090
    43 4.820513 0.509340 0.224865 -0.282059 -0.320142 1.392856
    44 1.826996 0.000066 0.000008 0.004297 0.040213 1.379384
    45 1.436577 -0.000010 0.000007 0.007051 -0.013384 0.358405
    46 3.992353 0.891087 1.827994 -0.535673 0.001046 1.726522
    47 1.405918 0.000021 -0.000007 -0.008992 -0.028075 1.183726
    48 1.175369 -0.000131 0.000002 0.073099 0.099343 0.591189
    49 4.526756 0.690460 1.120842 -0.485496 -0.175754 1.641301
    50 1.744041 -0.000031 -0.000002 -0.025718 -0.014586 1.468156
    51 1.368763 -0.000031 -0.000017 0.050831 0.150370 0.142238
    52 1.874855 0.935081 -0.999130 2.126006 0.483450 1.082862
    53 1.523449 -0.000034 -0.000003 -0.460179 -0.057098 0.780184
    54 1.599281 -0.000002 0.000009 0.079776 -0.024525 1.123837
    55 4.123354 1.860056 -0.741597 3.139446 0.288360 -2.792691
    56 5.511806 -0.000002 0.000006 -0.907938 0.000000 0.000000
    57 0.196850 0.000003 -0.000002 -0.348225 0.000015 -0.000002
    58 0.000000 0.000000 0.000000 0.046586 0.026078 -1.567080
    59 9.815175 1.193669 -10.248735 -1.628694 0.829266 -1.130334
    60 0.516761 0.000000 0.128687 0.000000 0.000000 0.000000
    61 0.557412 0.000000 -0.302896 0.000000 0.000000 0.000000
    62 1.388578 -0.009689 0.998071 0.000000 0.924975 0.000000
    63 -1.500303 -0.009689 0.357642 0.000000 0.000000 0.000000
    64 -2.978541 -0.009687 2.091135 0.000000 0.000000 0.000000
    65 -1.126226 -0.584940 -0.293134 0.000000 0.000000 0.000000
  time 24
    0 -0.000001 7.450089 -27.509026 0.000000 0.000000 0.000031
    1 -0.000002 0.000000 0.000000 1.570743 -1.567137 -1.570743
    2 4.255468 -0.335183 -0.000002 0.000000 0.000000 -0.124848
    3 7.431248 1.496477 0.000002 0.000000 0.000000 0.245450
    4 5.278479 0.165541 0.000001 0.000000 0.000000 0.048511
    5 3.455526 -8.400610 1.488976 1.975864 1.159909 -1.298786
  6 -6.214482 -0.000007 -0.000027 -2.375125 -0.486669 0.551260
  7 11.944882 0.000000 0.000001 0.116136 0.009305 0.016406
    8 10.620181 0.000002 0.000000 0.337032 0.542092 2.336632
    9 -4.751106 -0.694494 0.830577 -0.265066 -0.185212 0.638415
    10 -1.688068 0.000046 -0.000032 0.017318 -0.017625 0.661047
    11 -1.336140 0.000057 -0.000012 0.026268 0.002327 0.462662
    12 -4.820494 -0.509460 -0.224759 -0.387629 -0.157873 1.437294
    13 -1.826992 -0.000064 0.000006 -0.008328 0.039588 1.065564
    14 -1.436573 0.000006 0.000002 -0.060134 -0.049384 0.791627
    15 -3.992355 -0.891188 -1.827909 -0.524035 -0.011224 1.323612
    16 -1.405918 -0.000025 -0.000003 0.000590 -0.029494 0.855908
    17 -1.175358 0.000128 -0.000020 0.064417 0.021463 1.153028
    18 -4.526751 -0.690575 -1.120744 -0.418129 0.007769 1.492663
    19 -1.744038 0.000033 -0.000008 -0.019053 -0.022614 1.113174
    20 -1.368771 0.000025 0.000002 0.037954 0.036187 0.704409
    21 -1.718808 -1.282706 0.931533 1.945936 0.576789 0.941483
    22 -1.523453 0.000032 0.000031 0.066783 -0.064214 0.813138
    23 -1.599285 0.000004 0.000016 -0.069023 -0.054107 0.676481
    24 -4.170181 -1.854373 0.753363 -0.190417 -0.170868 0.450040
    25 2.928556 -3.289071 -17.285213 1.932030 0.036168 0.024541
    26 0.516759 -0.000002 0.128685 0.000000 0.000000 0.000000
    27 0.557412 0.000000 -0.302896 0.000000 0.000000 0.000000
    28 1.388578 -0.009689 0.998069 0.000000 0.924975 0.000000
    29 -1.500304 -0.009689 0.357643 0.000000 0.000002 0.000000
    30 -0.762001 -0.009688 2.091125 0.000000 0.000002 0.000000
    31 -1.126226 -0.584940 -0.293132 0.000000 0.000002 0.000000
    32 4.367017 0.145637 -1.518008 0.343408 1.059062 1.581273
    33 7.000972 -8.067429 -12.626334 -2.152520 0.209502 -1.514171
    34 5.511815 0.000008 -0.000001 2.243153 0.000000 3.141593
    35 0.196847 -0.000001 0.000003 2.793407 0.000006 -3.141577
    36 3.455526 -8.400609 -1.488978 1.975862 1.159909 1.842803
    37 6.214485 0.000006 0.000020 0.988763 0.208162 -1.404533
    38 11.944885 -0.000029 -0.000194 -0.352569 -0.305981 -1.050062
    39 10.620166 0.000002 0.000010 3.060515 -0.006425 0.933696
    40 4.751156 0.694376 -0.830473 0.268374 -0.197063 0.053682
    41 1.688065 -0.000026 0.000002 0.009617 -0.022816 1.040105
    42 1.336151 -0.000051 -0.000009 0.016153 -0.035195 -0.058919
    43 4.820513 0.509340 0.224865 -0.282059 -0.320142 1.392856
    44 1.826996 0.000066 0.000008 0.004297 0.040213 1.379384
    45 1.436577 -0.000010 0.000007 0.007051 -0.013384 0.358405
    46 3.992353 0.891087 1.827994 -0.535673 0.001046 1.726522
    47 1.405918 0.000021 -0.000007 -0.008992 -0.028075 1.183726
    48 1.175369 -0.000131 0.000002 0.073099 0.099343 0.591189
    49 4.526756 0.690460 1.120842 -0.485496 -0.175754 1.641301
    50 1.744041 -0.000031 -0.000002 -0.025718 -0.014586 1.468156
    51 1.368763 -0.000031 -0.000017 0.050831 0.150370 0.142238
    52 1.874855 0.935081 -0.999130 2.131642 0.500245 1.094704
    53 1.523449 -0.000034 -0.000003 -0.461319 -0.046083 0.802271
    54 1.599281 -0.000002 0.000009 0.081460 -0.018326 1.047258
    55 4.123356 1.860056 -0.741593 3.139446 0.288360 -2.792691
    56 5.511806 -0.000002 0.000006 -0.907938 0.000000 0.000000
    57 0.196850 0.000003 -0.000002 -0.348225 0.000015 -0.000002
    58 0.000000 0.000000 0.000000 0.048051 0.026256 -1.567402
    59 13.303854 1.552794 -10.661286 -1.628694 0.829266 -1.130334
    60 0.516761 0.000000 0.128687 0.000000 0.000000 0.000000
    61 0.557412 0.000000 -0.302896 0.000000 0.000000 0.000000
    62 1.388578 -0.009689 0.998071 0.000000 0.924975 0.000000
    63 -1.500303 -0.009689 0.357642 0.000000 0.000000 0.000000
    64 -2.978541 -0.009687 2.091135 0.000000 0.000000 0.000000
    65 -1.126226 -0.584940 -0.293134 0.000000 0.000000 0.000000
  time 25
    0 -0.000001 7.450089 -27.509026 0.000000 0.000000 0.000031
    1 -0.000002 0.000000 0.000000 1.570743 -1.567137 -1.570743
    2 4.255468 -0.335183 -0.000002 0.000000 0.000000 -0.124848
    3 7.431248 1.496477 0.000002 0.000000 0.000000 0.245450
    4 5.278479 0.165541 0.000001 0.000000 0.000000 0.048511
    5 3.455526 -8.400610 1.488976 1.975864 1.159909 -1.298786
  6 -6.214482 -0.000007 -0.000027 -2.314987 -0.544101 0.549586
  7 11.944882 0.000000 0.000001 0.115228 0.010855 0.015425
    8 10.620181 0.000002 0.000000 0.310851 0.521629 2.310457
    9 -4.751106 -0.694494 0.830577 -0.265066 -0.185212 0.638415
    10 -1.688068 0.000046 -0.000032 0.017318 -0.017625 0.661047
    11 -1.336140 0.000057 -0.000012 0.026268 0.002327 0.462662
    12 -4.820494 -0.509460 -0.224759 -0.387629 -0.157873 1.437294
    13 -1.826992 -0.000064 0.000006 -0.008328 0.039588 1.065564
    14 -1.436573 0.000006 0.000002 -0.060134 -0.049384 0.791627
    15 -3.992355 -0.891188 -1.827909 -0.524035 -0.011224 1.323612
    16 -1.405918 -0.000025 -0.000003 0.000590 -0.029494 0.855908
    17 -1.175358 0.000128 -0.000020 0.064417 0.021463 1.153028
    18 -4.526751 -0.690575 -1.120744 -0.418129 0.007769 1.492663
    19 -1.744038 0.000033 -0.000008 -0.019053 -0.022614 1.113174
    20 -1.368771 0.000025 0.000002 0.037954 0.036187 0.704409
    21 -1.718808 -1.282706 0.931533 1.888612 0.604182 0.918173
    22 -1.523453 0.000032 0.000031 0.066801 -0.064195 0.812573
    23 -1.599285 0.000004 0.000016 -0.071591 -0.050627 0.725448
    24 -4.170181 -1.854373 0.753363 -0.190417 -0.170868 0.450040
    25 3.550877 -1.491395 -16.594862 1.638883 0.103979 -0.040066
    26 0.516762 0.000000 0.128686 0.000000 0.000000 0.000000
    27 0.557409 -0.000002 -0.302896 0.000000 0.000000 0.000000
    28 1.388578 -0.009689 0.998069 0.000000 0.924975 0.000000
    29 -1.500304 -0.009689 0.357643 0.000000 0.000002 0.000000
    30 -0.762001 -0.009688 2.091125 0.000000 0.000002 0.000000
    31 -1.126226 -0.584940 -0.293132 0.000000 0.000002 0.000000
    32 4.367017 0.145637 -1.518008 0.343408 1.059062 1.581273
    33 7.656437 -6.252645 -14.179014 -2.128945 0.289106 -1.437837
    34 5.511815 0.000008 -0.000001 2.243153 0.000000 3.141593
    35 0.196847 -0.000001 0.000003 2.793407 0.000006 -3.141577
    36 3.455526 -8.400609 -1.488978 1.975862 1.159909 1.842803
    37 6.214485 0.000006 0.000020 1.044693 0.271209 -1.414687
    38 11.944885 -0.000029 -0.000194 -0.427273 -0.298536 -1.006517
    39 10.620166 0.000002 0.000010 2.989346 -0.082954 0.962581
    40 4.751156 0.694376 -0.830473 0.222284 -0.195779 0.258452
    41 1.688065 -0.000026 0.000002 0.018435 -0.016416 0.596588
    42 1.336151 -0.000051 -0.000009 0.022667 -0.031380 -0.255933
    43 4.820513 0.509340 0.224865 -0.282059 -0.320142 1.392856
    44 1.826996 0.000066 0.000008 0.004297 0.040213 1.379384
    45 1.436577 -0.000010 0.000007 0.007051 -0.013384 0.358405
    46 3.992353 0.891087 1.827994 -0.535673 0.001046 1.726522
    47 1.405918 0.000021 -0.000007 -0.008992 -0.028075 1.183726
    48 1.175369 -0.000131 0.000002 0.073099 0.099343 0.591189
    49 4.526756 0.690460 1.120842 -0.485496 -0.175754 1.641301
    50 1.744041 -0.000031 -0.000002 -0.025718 -0.014586 1.468156
    51 1.368763 -0.000031 -0.000017 0.050831 0.150370 0.142238
    52 1.874855 0.935081 -0.999130 2.146985 0.542008 1.125467
    53 1.523449 -0.000034 -0.000003 -0.463174 -0.018532 0.857657
    54 1.599281 -0.000002 0.000009 0.083477 0.000199 0.823501
    55 4.123352 1.860051 -0.741598 3.139446 0.288360 -2.792691
    56 5.511806 -0.000002 0.000006 -0.907938 0.000000 0.000000
    57 0.196850 0.000003 -0.000002 -0.348225 0.000015 -0.000002
    58 0.000000 0.000000 0.000000 0.047267 0.025836 -1.567854
    59 16.509659 1.882799 -10.983209 -1.628694 0.829266 -1.130334
    60 0.516761 0.000000 0.128687 0.000000 0.000000 0.000000
    61 0.557412 0.000000 -0.302896 0.000000 0.000000 0.000000
    62 1.388578 -0.009689 0.998071 0.000000 0.924975 0.000000
    63 -1.500303 -0.009689 0.357642 0.000000 0.000000 0.000000
    64 -2.978541 -0.009687 2.091135 0.000000 0.000000 0.000000
    65 -1.126226 -0.584940 -0.293134 0.000000 0.000000 0.000000
  time 26
    0 -0.000001 7.450089 -27.509026 0.000000 0.000000 0.000031
    1 -0.000002 0.000000 0.000000 1.570743 -1.567137 -1.570743
    2 4.255468 -0.335183 -0.000002 0.000000 0.000000 -0.124848
    3 7.431248 1.496477 0.000002 0.000000 0.000000 0.245450
    4 5.278479 0.165541 0.000001 0.000000 0.000000 0.048511
    5 3.455526 -8.400610 1.488976 1.975864 1.159909 -1.298786
  6 -6.214482 -0.000007 -0.000027 -2.274173 -0.565720 0.549272
  7 11.944882 0.000000 0.000001 0.114657 0.011729 0.014771
    8 10.620181 0.000002 0.000000 0.291251 0.472008 2.261217
    9 -4.751106 -0.694494 0.830577 -0.265066 -0.185212 0.638415
    10 -1.688068 0.000046 -0.000032 0.017318 -0.017625 0.661047
    11 -1.336140 0.000057 -0.000012 0.026268 0.002327 0.462662
    12 -4.820494 -0.509460 -0.224759 -0.387629 -0.157873 1.437294
    13 -1.826992 -0.000064 0.000006 -0.008328 0.039588 1.065564
    14 -1.436573 0.000006 0.000002 -0.060134 -0.049384 0.791627
    15 -3.992355 -0.891188 -1.827909 -0.524035 -0.011224 1.323612
    16 -1.405918 -0.000025 -0.000003 0.000590 -0.029494 0.855908
    17 -1.175358 0.000128 -0.000020 0.064417 0.021463 1.153028
    18 -4.526751 -0.690575 -1.120744 -0.418129 0.007769 1.492663
    19 -1.744038 0.000033 -0.000008 -0.019053 -0.022614 1.113174
    20 -1.368771 0.000025 0.000002 0.037954 0.036187 0.704409
    21 -1.718808 -1.282706 0.931533 1.827582 0.631221 0.891730
    22 -1.523453 0.000032 0.000031 0.066822 -0.064173 0.811914
    23 -1.599285 0.000004 0.000016 -0.074027 -0.046928 0.775692
    24 -4.170181 -1.854373 0.753363 -0.190417 -0.170868 0.450040
    25 4.057115 0.845585 -15.572792 1.160870 0.154311 -0.155642
    26 0.516761 -0.000002 0.128685 0.000000 0.000000 0.000000
    27 0.557408 -0.000004 -0.302896 0.000000 0.000000 0.000000
    28 1.388578 -0.009689 0.998069 0.000000 0.924975 0.000000
    29 -1.500304 -0.009689 0.357643 0.000000 0.000002 0.000000
    30 -0.762001 -0.009688 2.091125 0.000000 0.000002 0.000000
    31 -1.126226 -0.584940 -0.293132 0.000000 0.000002 0.000000
    32 4.367017 0.145637 -1.518008 0.343408 1.059062 1.581273
    33 7.486464 -4.576303 -15.209173 -2.126591 0.392727 -1.380798
    34 5.511815 0.000008 -0.000001 2.243153 0.000000 3.141593
    35 0.196847 -0.000001 0.000003 2.793407 0.000006 -3.141577
    36 3.455526 -8.400609 -1.488978 1.975862 1.159909 1.842803
    37 6.214485 0.000006 0.000020 1.046833 0.304409 -1.413261
    38 11.944885 -0.000029 -0.000194 -0.494360 -0.294846 -0.986036
    39 10.620166 0.000002 0.000010 2.973155 -0.138404 0.964636
    40 4.751156 0.694376 -0.830473 0.183659 -0.187400 0.433607
    41 1.688065 -0.000026 0.000002 0.023001 -0.008964 0.241351
    42 1.336151 -0.000051 -0.000009 0.027653 -0.027069 -0.424816
    43 4.820513 0.509340 0.224865 -0.282059 -0.320142 1.392856
    44 1.826996 0.000066 0.000008 0.004297 0.040213 1.379384
    45 1.436577 -0.000010 0.000007 0.007051 -0.013384 0.358405
    46 3.992353 0.891087 1.827994 -0.535673 0.001046 1.726522
    47 1.405918 0.000021 -0.000007 -0.008992 -0.028075 1.183726
    48 1.175369 -0.000131 0.000002 0.073099 0.099343 0.591189
    49 4.526756 0.690460 1.120842 -0.485496 -0.175754 1.641301
    50 1.744041 -0.000031 -0.000002 -0.025718 -0.014586 1.468156
    51 1.368763 -0.000031 -0.000017 0.050831 0.150370 0.142238
    52 1.874855 0.935081 -0.999130 2.169814 0.595790 1.167955
    53 1.523449 -0.000034 -0.000003 -0.463154 0.017409 0.929631
    54 1.599281 -0.000002 0.000009 0.077644 0.030673 0.450799
    55 4.123354 1.860055 -0.741595 3.139446 0.288360 -2.792691
    56 5.511806 -0.000002 0.000006 -0.907938 0.000000 0.000000
    57 0.196850 0.000003 -0.000002 -0.348225 0.000015 -0.000002
    58 0.000000 0.000000 0.000000 0.045015 0.024812 -1.568252
    59 19.149746 2.154568 -11.213903 -1.628694 0.829266 -1.130334
    60 0.516761 0.000000 0.128687 0.000000 0.000000 0.000000
    61 0.557412 0.000000 -0.302896 0.000000 0.000000 0.000000
    62 1.388578 -0.009689 0.998071 0.000000 0.924975 0.000000
    63 -1.500303 -0.009689 0.357642 0.000000 0.000000 0.000000
    64 -2.978541 -0.009687 2.091135 0.000000 0.000000 0.000000
    65 -1.126226 -0.584940 -0.293134 0.000000 0.000000 0.000000
  time 27
    0 -0.000001 7.450089 -27.509026 0.000000 0.000000 0.000031
    1 -0.000002 0.000000 0.000000 1.570743 -1.567137 -1.570743
    2 4.255468 -0.335183 -0.000002 0.000000 0.000000 -0.124848
    3 7.431248 1.496477 0.000002 0.000000 0.000000 0.245450
    4 5.278479 0.165541 0.000001 0.000000 0.000000 0.048511
    5 3.455526 -8.400610 1.488976 1.975864 1.159909 -1.298786
  6 -6.214482 -0.000007 -0.000027 -2.227326 -0.770300 0.634845
  7 11.944882 0.000000 0.000001 0.112635 0.015992 0.010001
    8 10.620181 0.000002 0.000000 0.275208 0.405769 2.201190
    9 -4.751106 -0.694494 0.830577 -0.265066 -0.185212 0.638415
    10 -1.688068 0.000046 -0.000032 0.017318 -0.017625 0.661047
    11 -1.336140 0.000057 -0.000012 0.026268 0.002327 0.462662
    12 -4.820494 -0.509460 -0.224759 -0.387629 -0.157873 1.437294
    13 -1.826992 -0.000064 0.000006 -0.008328 0.039588 1.065564
    14 -1.436573 0.000006 0.000002 -0.060134 -0.049384 0.791627
    15 -3.992355 -0.891188 -1.827909 -0.524035 -0.011224 1.323612
    16 -1.405918 -0.000025 -0.000003 0.000590 -0.029494 0.855908
    17 -1.175358 0.000128 -0.000020 0.064417 0.021463 1.153028
    18 -4.526751 -0.690575 -1.120744 -0.418129 0.007769 1.492663
    19 -1.744038 0.000033 -0.000008 -0.019053 -0.022614 1.113174
    20 -1.368771 0.000025 0.000002 0.037954 0.036187 0.704409
    21 -1.718808 -1.282706 0.931533 1.766338 0.656097 0.863598
    22 -1.523453 0.000032 0.000031 0.066840 -0.064154 0.811350
    23 -1.599285 0.000004 0.000016 -0.076249 -0.043302 0.824657
    24 -4.170181 -1.854373 0.753363 -0.190417 -0.170868 0.450040
    25 4.434510 3.182561 -14.324135 0.608164 0.136394 -0.286751
    26 0.516756 0.000000 0.128687 0.000000 0.000000 0.000000
    27 0.557409 -0.000001 -0.302895 0.000000 0.000000 0.000000
    28 1.388578 -0.009689 0.998069 0.000000 0.924975 0.000000
    29 -1.500304 -0.009689 0.357643 0.000000 0.000002 0.000000
    30 -0.762001 -0.009688 2.091125 0.000000 0.000002 0.000000
    31 -1.126226 -0.584940 -0.293132 0.000000 0.000002 0.000000
    32 4.367017 0.145637 -1.518008 0.343408 1.059062 1.581273
    33 8.459484 1.344564 -18.876839 -2.327931 1.298757 -1.242813
    34 5.511815 0.000008 -0.000001 2.243153 0.000000 3.141593
    35 0.196847 -0.000001 0.000003 2.793407 0.000006 -3.141577
    36 3.455526 -8.400609 -1.488978 1.975862 1.159909 1.842803
    37 6.214485 0.000006 0.000020 0.932752 0.803780 -1.893559
    38 11.944885 -0.000029 -0.000194 -0.714053 -0.002021 -0.005419
    39 10.620166 0.000002 0.000010 2.343279 -0.536321 0.171793
    40 4.751156 0.694376 -0.830473 0.158314 -0.177849 0.553866
    41 1.688065 -0.000026 0.000002 0.024486 -0.003666 0.017395
    42 1.336151 -0.000051 -0.000009 0.030582 -0.023681 -0.541305
    43 4.820513 0.509340 0.224865 -0.282059 -0.320142 1.392856
    44 1.826996 0.000066 0.000008 0.004297 0.040213 1.379384
    45 1.436577 -0.000010 0.000007 0.007051 -0.013384 0.358405
    46 3.992353 0.891087 1.827994 -0.535673 0.001046 1.726522
    47 1.405918 0.000021 -0.000007 -0.008992 -0.028075 1.183726
    48 1.175369 -0.000131 0.000002 0.073099 0.099343 0.591189
    49 4.526756 0.690460 1.120842 -0.485496 -0.175754 1.641301
    50 1.744041 -0.000031 -0.000002 -0.025718 -0.014586 1.468156
    51 1.368763 -0.000031 -0.000017 0.050831 0.150370 0.142238
    52 1.874855 0.935081 -0.999130 2.196372 0.648534 1.213534
    53 1.523449 -0.000034 -0.000003 -0.460589 0.053353 1.001823
    54 1.599281 -0.000002 0.000009 0.054929 0.062884 -0.025144
    55 4.168585 1.847076 -0.716467 3.139446 0.288360 -2.792691
    56 5.511806 -0.000002 0.000006 -0.907938 0.000000 0.000000
    57 0.196850 0.000003 -0.000002 -0.348225 0.000015 -0.000002
    58 0.000000 0.000000 0.000000 0.041552 0.023185 -1.568760
    59 20.941231 2.338991 -11.352762 -1.628694 0.829266 -1.130334
    60 0.516761 0.000000 0.128687 0.000000 0.000000 0.000000
    61 0.557412 0.000000 -0.302896 0.000000 0.000000 0.000000
    62 1.388578 -0.009689 0.998071 0.000000 0.924975 0.000000
    63 -1.500303 -0.009689 0.357642 0.000000 0.000000 0.000000
    64 -2.978541 -0.009687 2.091135 0.000000 0.000000 0.000000
    65 -1.126226 -0.584940 -0.293134 0.000000 0.000000 0.000000
  time 28
    0 -0.000001 7.450089 -27.509026 0.000000 0.000000 0.000031
    1 -0.000002 0.000000 0.000000 1.570743 -1.567137 -1.570743
    2 4.255468 -0.335183 -0.000002 0.000000 0.000000 -0.124848
    3 7.431248 1.496477 0.000002 0.000000 0.000000 0.245450
    4 5.278479 0.165541 0.000001 0.000000 0.000000 0.048511
    5 3.455526 -8.400610 1.488976 1.975864 1.159909 -1.298786
  6 -6.214482 -0.000007 -0.000027 -2.166098 -0.878370 0.623664
  7 11.944882 0.000000 0.000001 0.112045 0.017724 0.006452
    8 10.620181 0.000002 0.000000 0.258747 0.334841 2.143487
    9 -4.751106 -0.694494 0.830577 -0.265066 -0.185212 0.638415
    10 -1.688068 0.000046 -0.000032 0.017318 -0.017625 0.661047
    11 -1.336140 0.000057 -0.000012 0.026268 0.002327 0.462662
    12 -4.820494 -0.509460 -0.224759 -0.387629 -0.157873 1.437294
    13 -1.826992 -0.000064 0.000006 -0.008328 0.039588 1.065564
    14 -1.436573 0.000006 0.000002 -0.060134 -0.049384 0.791627
    15 -3.992355 -0.891188 -1.827909 -0.524035 -0.011224 1.323612
    16 -1.405918 -0.000025 -0.000003 0.000590 -0.029494 0.855908
    17 -1.175358 0.000128 -0.000020 0.064417 0.021463 1.153028
    18 -4.526751 -0.690575 -1.120744 -0.418129 0.007769 1.492663
    19 -1.744038 0.000033 -0.000008 -0.019053 -0.022614 1.113174
    20 -1.368771 0.000025 0.000002 0.037954 0.036187 0.704409
    21 -1.718808 -1.282706 0.931533 1.707785 0.677818 0.835303
    22 -1.523453 0.000032 0.000031 0.066889 -0.064059 0.810880
    23 -1.599285 0.000004 0.000016 -0.078187 -0.039776 0.869951
    24 -4.170181 -1.854373 0.753363 -0.190417 -0.170868 0.450040
    25 4.670302 4.980232 -12.954040 0.182286 0.075008 -0.359874
    26 0.516761 0.000000 0.128687 0.000000 0.000000 0.000000
    27 0.557414 0.000000 -0.302895 0.000000 0.000000 0.000000
    28 1.388578 -0.009689 0.998069 0.000000 0.924975 0.000000
    29 -1.500304 -0.009689 0.357643 0.000000 0.000002 0.000000
    30 -0.762001 -0.009688 2.091125 0.000000 0.000002 0.000000
    31 -1.126226 -0.584940 -0.293132 0.000000 0.000002 0.000000
    32 4.367017 0.145637 -1.518008 0.343408 1.059062 1.581273
    33 9.792654 4.483788 -19.858999 1.732515 1.240081 2.976499
    34 5.511815 0.000008 -0.000001 2.243153 0.000000 3.141593
    35 0.196847 -0.000001 0.000003 2.793407 0.000006 -3.141577
    36 3.455526 -8.400609 -1.488978 1.975862 1.159909 1.842803
    37 6.214485 0.000006 0.000020 0.946252 0.927941 -1.927089
    38 11.944885 -0.000029 -0.000194 -0.773823 -0.002055 -0.005501
    39 10.620166 0.000002 0.000010 2.396693 -1.042503 -0.091315
    40 4.751156 0.694376 -0.830473 0.149202 -0.173531 0.598466
    41 1.688065 -0.000026 0.000002 0.024668 -0.001752 -0.060982
    42 1.336151 -0.000051 -0.000009 0.031600 -0.022318 -0.584616
    43 4.820513 0.509340 0.224865 -0.282059 -0.320142 1.392856
    44 1.826996 0.000066 0.000008 0.004297 0.040213 1.379384
    45 1.436577 -0.000010 0.000007 0.007051 -0.013384 0.358405
    46 3.992353 0.891087 1.827994 -0.535673 0.001046 1.726522
    47 1.405918 0.000021 -0.000007 -0.008992 -0.028075 1.183726
    48 1.175369 -0.000131 0.000002 0.073099 0.099343 0.591189
    49 4.526756 0.690460 1.120842 -0.485496 -0.175754 1.641301
    50 1.744041 -0.000031 -0.000002 -0.025718 -0.014586 1.468156
    51 1.368763 -0.000031 -0.000017 0.050831 0.150370 0.142238
    52 1.874855 0.935081 -0.999130 2.219727 0.688524 1.251311
    53 1.523449 -0.000034 -0.000003 -0.456894 0.080708 1.057288
    54 1.599281 -0.000002 0.000009 0.024318 0.079854 -0.448370
    55 5.123725 0.563948 0.389462 3.139446 0.288360 -2.792691
    56 5.511806 -0.000002 0.000006 -0.907938 0.000000 0.000000
    57 0.196850 0.000003 -0.000002 -0.348225 0.000015 -0.000002
    58 0.000000 0.000000 0.000000 0.037227 0.021126 -1.569281
    59 21.601263 2.406935 -11.399184 -1.628694 0.829266 -1.130334
    60 0.516761 0.000000 0.128687 0.000000 0.000000 0.000000
    61 0.557412 0.000000 -0.302896 0.000000 0.000000 0.000000
    62 1.388578 -0.009689 0.998071 0.000000 0.924975 0.000000
    63 -1.500303 -0.009689 0.357642 0.000000 0.000000 0.000000
    64 -2.978541 -0.009687 2.091135 0.000000 0.000000 0.000000
    65 -1.126226 -0.584940 -0.293134 0.000000 0.000000 0.000000
  time 29
    0 -0.000001 7.450089 -27.509026 0.000000 0.000000 0.000031
    1 -0.000002 0.000000 0.000000 1.570743 -1.567137 -1.570743
    2 4.255468 -0.335183 -0.000002 0.000000 0.000000 -0.124848
    3 7.431248 1.496477 0.000002 0.000000 0.000000 0.245450
    4 5.278479 0.165541 0.000001 0.000000 0.000000 0.048511
    5 3.455526 -8.400610 1.488976 1.975864 1.159909 -1.298786
  6 -6.214482 -0.000007 -0.000027 -2.158667 -0.842964 0.603614
  7 11.944882 0.000000 0.000001 0.111882 0.017564 0.006874
    8 10.620181 0.000002 0.000000 0.236265 0.270353 2.100934
    9 -4.751106 -0.694494 0.830577 -0.265066 -0.185212 0.638415
    10 -1.688068 0.000046 -0.000032 0.017318 -0.017625 0.661047
    11 -1.336140 0.000057 -0.000012 0.026268 0.002327 0.462662
    12 -4.820494 -0.509460 -0.224759 -0.387629 -0.157873 1.437294
    13 -1.826992 -0.000064 0.000006 -0.008328 0.039588 1.065564
    14 -1.436573 0.000006 0.000002 -0.060134 -0.049384 0.791627
    15 -3.992355 -0.891188 -1.827909 -0.524035 -0.011224 1.323612
    16 -1.405918 -0.000025 -0.000003 0.000590 -0.029494 0.855908
    17 -1.175358 0.000128 -0.000020 0.064417 0.021463 1.153028
    18 -4.526751 -0.690575 -1.120744 -0.418129 0.007769 1.492663
    19 -1.744038 0.000033 -0.000008 -0.019053 -0.022614 1.113174
    20 -1.368771 0.000025 0.000002 0.037954 0.036187 0.704409
    21 -1.718808 -1.282706 0.931533 1.655568 0.695516 0.809138
    22 -1.523453 0.000032 0.000031 0.066904 -0.064043 0.810410
    23 -1.599285 0.000004 0.000016 -0.079621 -0.036657 0.909182
    24 -4.170181 -1.854373 0.753363 -0.190417 -0.170868 0.450040
    25 4.751735 5.699303 -11.567649 0.002033 0.039544 -0.368217
    26 0.516762 0.000002 0.128688 0.000000 0.000000 0.000000
    27 0.557415 0.000001 -0.302894 0.000000 0.000000 0.000000
    28 1.388578 -0.009689 0.998069 0.000000 0.924975 0.000000
    29 -1.500304 -0.009689 0.357643 0.000000 0.000002 0.000000
    30 -0.762001 -0.009688 2.091125 0.000000 0.000002 0.000000
    31 -1.126226 -0.584940 -0.293132 0.000000 0.000002 0.000000
    32 4.367017 0.145637 -1.518008 0.343408 1.059062 1.581273
    33 8.614338 5.100435 -19.681749 2.249992 1.193378 -2.817929
    34 5.511815 0.000008 -0.000001 2.243153 0.000000 3.141593
    35 0.196847 -0.000001 0.000003 2.793407 0.000006 -3.141577
    36 3.455526 -8.400609 -1.488978 1.975862 1.159909 1.842803
    37 6.214485 0.000006 0.000020 1.109066 0.763184 -1.664835
    38 11.944885 -0.000029 -0.000194 -0.802584 -0.149469 -0.426163
    39 10.620166 0.000002 0.000010 2.782124 -1.041092 -0.019236
    40 4.751156 0.694376 -0.830473 0.149202 -0.173531 0.598466
    41 1.688065 -0.000026 0.000002 0.024668 -0.001752 -0.060982
    42 1.336151 -0.000051 -0.000009 0.031600 -0.022318 -0.584616
    43 4.820513 0.509340 0.224865 -0.282059 -0.320142 1.392856
    44 1.826996 0.000066 0.000008 0.004297 0.040213 1.379384
    45 1.436577 -0.000010 0.000007 0.007051 -0.013384 0.358405
    46 3.992353 0.891087 1.827994 -0.535673 0.001046 1.726522
    47 1.405918 0.000021 -0.000007 -0.008992 -0.028075 1.183726
    48 1.175369 -0.000131 0.000002 0.073099 0.099343 0.591189
    49 4.526756 0.690460 1.120842 -0.485496 -0.175754 1.641301
    50 1.744041 -0.000031 -0.000002 -0.025718 -0.014586 1.468156
    51 1.368763 -0.000031 -0.000017 0.050831 0.150370 0.142238
    52 1.874855 0.935081 -0.999130 2.229805 0.704143 1.267116
    53 1.523449 -0.000034 -0.000003 -0.455001 0.091618 1.079516
    54 1.599281 -0.000002 0.000009 0.010006 0.082893 -0.624265
    55 4.123369 1.860008 -0.741589 3.139446 0.288360 -2.792691
    56 5.511806 -0.000002 0.000006 -0.907938 0.000000 0.000000
    57 0.196850 0.000003 -0.000002 -0.348225 0.000015 -0.000002
    58 0.000000 0.000000 0.000000 0.032384 0.018806 -1.569801
    59 21.601254 2.406935 -11.399177 -1.628694 0.829266 -1.130334
    60 0.516761 0.000000 0.128687 0.000000 0.000000 0.000000
    61 0.557412 0.000000 -0.302896 0.000000 0.000000 0.000000
    62 1.388578 -0.009689 0.998071 0.000000 0.924975 0.000000
    63 -1.500303 -0.009689 0.357642 0.000000 0.000000 0.000000
    64 -2.978541 -0.009687 2.091135 0.000000 0.000000 0.000000
    65 -1.126226 -0.584940 -0.293134 0.000000 0.000000 0.000000
  time 30
    0 -0.000001 7.450089 -27.509026 0.000000 0.000000 0.000031
    1 -0.000002 0.000000 0.000000 1.570743 -1.567137 -1.570743
    2 4.255468 -0.335183 -0.000002 0.000000 0.000000 -0.124848
    3 7.431248 1.496477 0.000002 0.000000 0.000000 0.245450
    4 5.278479 0.165541 0.000001 0.000000 0.000000 0.048511
    5 3.455526 -8.400610 1.488976 1.975864 1.159909 -1.298786
  6 -6.214482 -0.000007 -0.000027 -2.160149 -0.791617 0.577693
  7 11.944882 0.000000 0.000001 0.111916 0.017125 0.007906
    8 10.620181 0.000002 0.000000 0.207258 0.226023 2.087932
    9 -4.751106 -0.694494 0.830577 -0.265066 -0.185212 0.638415
    10 -1.688068 0.000046 -0.000032 0.017318 -0.017625 0.661047
    11 -1.336140 0.000057 -0.000012 0.026268 0.002327 0.462662
    12 -4.820494 -0.509460 -0.224759 -0.387629 -0.157873 1.437294
    13 -1.826992 -0.000064 0.000006 -0.008328 0.039588 1.065564
    14 -1.436573 0.000006 0.000002 -0.060134 -0.049384 0.791627
    15 -3.992355 -0.891188 -1.827909 -0.524035 -0.011224 1.323612
    16 -1.405918 -0.000025 -0.000003 0.000590 -0.029494 0.855908
    17 -1.175358 0.000128 -0.000020 0.064417 0.021463 1.153028
    18 -4.526751 -0.690575 -1.120744 -0.418129 0.007769 1.492663
    19 -1.744038 0.000033 -0.000008 -0.019053 -0.022614 1.113174
    20 -1.368771 0.000025 0.000002 0.037954 0.036187 0.704409
    21 -1.718807 -1.282706 0.931533 1.613639 0.708708 0.787453
    22 -1.523453 0.000032 0.000031 0.066916 -0.064031 0.810034
    23 -1.599285 0.000004 0.000016 -0.080709 -0.034183 0.940082
    24 -4.170137 -1.854461 0.753395 -0.190417 -0.170868 0.450040
    25 4.657979 5.538958 -10.253843 -0.033897 0.037463 -0.346124
    26 0.516761 0.000000 0.128687 0.000000 0.000000 0.000000
    27 0.557412 0.000000 -0.302895 0.000000 0.000000 0.000000
    28 1.388578 -0.009689 0.998069 0.000000 0.924975 0.000000
    29 -1.500304 -0.009689 0.357643 0.000000 0.000002 0.000000
    30 -0.761999 -0.009687 2.091125 0.000000 0.000002 0.000000
    31 -1.126226 -0.584940 -0.293132 0.000000 0.000002 0.000000
    32 4.367043 0.145741 -1.518017 0.343408 1.059062 1.581273
    33 8.450630 4.749775 -18.384666 2.324638 1.170954 -2.725361
    34 5.511815 0.000008 -0.000001 2.243153 0.000000 3.141593
    35 0.196847 -0.000001 0.000003 2.793407 0.000006 -3.141577
    36 3.455526 -8.400609 -1.488978 1.975862 1.159909 1.842803
    37 6.214485 0.000006 0.000020 1.139413 0.592901 -1.484409
    38 11.944885 -0.000029 -0.000194 -0.774518 -0.269579 -0.861118
    39 10.620166 0.000002 0.000010 3.043467 -1.106063 0.069332
    40 4.751156 0.694376 -0.830473 0.149202 -0.173531 0.598466
    41 1.688065 -0.000026 0.000002 0.024668 -0.001752 -0.060982
    42 1.336151 -0.000051 -0.000009 0.031600 -0.022318 -0.584616
    43 4.820513 0.509340 0.224865 -0.282059 -0.320142 1.392856
    44 1.826996 0.000066 0.000008 0.004297 0.040213 1.379384
    45 1.436577 -0.000010 0.000007 0.007051 -0.013384 0.358405
    46 3.992353 0.891087 1.827994 -0.535673 0.001046 1.726522
    47 1.405918 0.000021 -0.000007 -0.008992 -0.028075 1.183726
    48 1.175369 -0.000131 0.000002 0.073099 0.099343 0.591189
    49 4.526756 0.690460 1.120842 -0.485496 -0.175754 1.641301
    50 1.744041 -0.000031 -0.000002 -0.025718 -0.014586 1.468156
    51 1.368763 -0.000031 -0.000017 0.050831 0.150370 0.142238
    52 1.874855 0.935081 -0.999130 2.229805 0.704143 1.267116
    53 1.523449 -0.000034 -0.000003 -0.455001 0.091618 1.079516
    54 1.599281 -0.000002 0.000009 0.010006 0.082893 -0.624265
    55 4.123351 1.860031 -0.741586 3.139446 0.288360 -2.792691
    56 5.511806 -0.000002 0.000006 -0.907938 0.000000 0.000000
    57 0.196850 0.000003 -0.000002 -0.348225 0.000015 -0.000002
    58 0.000000 0.000000 0.000000 0.027199 0.016396 -1.570228
    59 21.601252 2.406935 -11.399178 -1.628694 0.829266 -1.130334
    60 0.516761 0.000000 0.128687 0.000000 0.000000 0.000000
    61 0.557412 0.000000 -0.302896 0.000000 0.000000 0.000000
    62 1.388578 -0.009689 0.998071 0.000000 0.924975 0.000000
    63 -1.500303 -0.009689 0.357642 0.000000 0.000000 0.000000
    64 -2.978541 -0.009687 2.091135 0.000000 0.000000 0.000000
    65 -1.126226 -0.584940 -0.293134 0.000000 0.000000 0.000000
  time 31
    0 -0.000001 7.450089 -27.509026 0.000000 0.000000 0.000031
    1 -0.000002 0.000000 0.000000 1.570743 -1.567137 -1.570743
    2 4.255468 -0.335183 -0.000002 0.000000 0.000000 -0.124848
    3 7.431248 1.496477 0.000002 0.000000 0.000000 0.245450
    4 5.278479 0.165541 0.000001 0.000000 0.000000 0.048511
    5 3.455526 -8.400610 1.488976 1.975864 1.159909 -1.298786
  6 -6.214482 -0.000007 -0.000027 -2.186014 -0.728320 0.579631
  7 11.944882 0.000000 0.000001 0.112141 0.016422 0.009277
    8 10.620181 0.000002 0.000000 0.176519 0.205645 2.108876
    9 -4.751106 -0.694494 0.830577 -0.265066 -0.185212 0.638415
    10 -1.688068 0.000046 -0.000032 0.017318 -0.017625 0.661047
    11 -1.336140 0.000057 -0.000012 0.026268 0.002327 0.462662
    12 -4.820494 -0.509460 -0.224759 -0.387629 -0.157873 1.437294
    13 -1.826992 -0.000064 0.000006 -0.008328 0.039588 1.065564
    14 -1.436573 0.000006 0.000002 -0.060134 -0.049384 0.791627
    15 -3.992355 -0.891188 -1.827909 -0.524035 -0.011224 1.323612
    16 -1.405918 -0.000025 -0.000003 0.000590 -0.029494 0.855908
    17 -1.175358 0.000128 -0.000020 0.064417 0.021463 1.153028
    18 -4.526751 -0.690575 -1.120744 -0.418129 0.007769 1.492663
    19 -1.744038 0.000033 -0.000008 -0.019053 -0.022614 1.113174
    20 -1.368771 0.000025 0.000002 0.037954 0.036187 0.704409
    21 -1.718807 -1.282706 0.931533 1.585730 0.716955 0.772746
    22 -1.523453 0.000032 0.000031 0.067005 -0.064055 0.809749
    23 -1.599285 0.000004 0.000016 -0.081383 -0.032508 0.960327
    24 -4.170137 -1.854461 0.753395 -0.190417 -0.170868 0.450040
    25 4.402709 5.103731 -9.036501 -0.062261 0.047404 -0.314717
    26 0.516761 0.000000 0.128687 0.000000 0.000000 0.000000
    27 0.557412 0.000000 -0.302895 0.000000 0.000000 0.000000
    28 1.388578 -0.009689 0.998069 0.000000 0.924975 0.000000
    29 -1.500304 -0.009689 0.357643 0.000000 0.000002 0.000000
    30 -0.761999 -0.009687 2.091125 0.000000 0.000002 0.000000
    31 -1.126226 -0.584940 -0.293132 0.000000 0.000002 0.000000
    32 4.367043 0.145741 -1.518017 0.343408 1.059062 1.581273
    33 8.070532 4.243614 -17.217249 2.357623 1.143936 -2.662550
    34 5.511815 0.000008 -0.000001 2.243153 0.000000 3.141593
    35 0.196847 -0.000001 0.000003 2.793407 0.000006 -3.141577
    36 3.455526 -8.400609 -1.488978 1.975862 1.159909 1.842803
    37 6.214485 0.000006 0.000020 1.039790 0.524072 -1.411847
    38 11.944885 -0.000029 -0.000194 -0.793713 -0.301934 -1.025537
    39 10.620166 0.000002 0.000010 -2.863112 -1.100205 -0.078725
    40 4.751156 0.694376 -0.830473 0.149202 -0.173531 0.598466
    41 1.688065 -0.000026 0.000002 0.024668 -0.001752 -0.060982
    42 1.336151 -0.000051 -0.000009 0.031600 -0.022318 -0.584616
    43 4.820513 0.509340 0.224865 -0.282059 -0.320142 1.392856
    44 1.826996 0.000066 0.000008 0.004297 0.040213 1.379384
    45 1.436577 -0.000010 0.000007 0.007051 -0.013384 0.358405
    46 3.992353 0.891087 1.827994 -0.535673 0.001046 1.726522
    47 1.405918 0.000021 -0.000007 -0.008992 -0.028075 1.183726
    48 1.175369 -0.000131 0.000002 0.073099 0.099343 0.591189
    49 4.526756 0.690460 1.120842 -0.485496 -0.175754 1.641301
    50 1.744041 -0.000031 -0.000002 -0.025718 -0.014586 1.468156
    51 1.368763 -0.000031 -0.000017 0.050831 0.150370 0.142238
    52 1.874855 0.935081 -0.999130 2.229805 0.704143 1.267116
    53 1.523449 -0.000034 -0.000003 -0.455001 0.091618 1.079516
    54 1.599281 -0.000002 0.000009 0.010006 0.082893 -0.624265
    55 4.123351 1.860031 -0.741586 3.139446 0.288360 -2.792691
    56 5.511806 -0.000002 0.000006 -0.907938 0.000000 0.000000
    57 0.196850 0.000003 -0.000002 -0.348225 0.000015 -0.000002
    58 0.000000 0.000000 0.000000 0.022015 0.013898 -1.570643
    59 21.601255 2.406937 -11.399172 -1.628694 0.829266 -1.130334
    60 0.516761 0.000000 0.128687 0.000000 0.000000 0.000000
    61 0.557412 0.000000 -0.302896 0.000000 0.000000 0.000000
    62 1.388578 -0.009689 0.998071 0.000000 0.924975 0.000000
    63 -1.500303 -0.009689 0.357642 0.000000 0.000000 0.000000
    64 -2.978541 -0.009687 2.091135 0.000000 0.000000 0.000000
    65 -1.126226 -0.584940 -0.293134 0.000000 0.000000 0.000000
  time 32
    0 -0.000001 7.450089 -27.509026 0.000000 0.000000 0.000031
    1 -0.000002 0.000000 0.000000 1.570743 -1.567137 -1.570743
    2 4.255468 -0.335183 -0.000002 0.000000 0.000000 -0.124848
    3 7.431248 1.496477 0.000002 0.000000 0.000000 0.245450
    4 5.278479 0.165541 0.000001 0.000000 0.000000 0.048511
    5 3.455526 -8.400610 1.488976 1.975864 1.159909 -1.298786
  6 -6.214482 -0.000007 -0.000027 -2.219831 -0.660357 0.592593
  7 11.944882 0.000000 0.000001 0.112477 0.015456 0.010811
    8 10.620181 0.000002 0.000000 0.146688 0.198668 2.151691
    9 -4.751106 -0.694494 0.830577 -0.265066 -0.185212 0.638415
    10 -1.688068 0.000046 -0.000032 0.017318 -0.017625 0.661047
    11 -1.336140 0.000057 -0.000012 0.026268 0.002327 0.462662
    12 -4.820494 -0.509460 -0.224759 -0.387629 -0.157873 1.437294
    13 -1.826992 -0.000064 0.000006 -0.008328 0.039588 1.065564
    14 -1.436573 0.000006 0.000002 -0.060134 -0.049384 0.791627
    15 -3.992355 -0.891188 -1.827909 -0.524035 -0.011224 1.323612
    16 -1.405918 -0.000025 -0.000003 0.000590 -0.029494 0.855908
    17 -1.175358 0.000128 -0.000020 0.064417 0.021463 1.153028
    18 -4.526751 -0.690575 -1.120744 -0.418129 0.007769 1.492663
    19 -1.744038 0.000033 -0.000008 -0.019053 -0.022614 1.113174
    20 -1.368771 0.000025 0.000002 0.037954 0.036187 0.704409
    21 -1.718807 -1.282706 0.931533 1.575721 0.719793 0.767447
    22 -1.523453 0.000032 0.000031 0.067008 -0.064052 0.809655
    23 -1.599285 0.000004 0.000016 -0.081649 -0.031942 0.967523
    24 -4.170137 -1.854461 0.753395 -0.190417 -0.170868 0.450040
    25 4.024938 4.462350 -7.923218 -0.084243 0.066172 -0.277003
    26 0.516761 0.000000 0.128687 0.000000 0.000000 0.000000
    27 0.557412 0.000000 -0.302895 0.000000 0.000000 0.000000
    28 1.388578 -0.009689 0.998069 0.000000 0.924975 0.000000
    29 -1.500304 -0.009689 0.357643 0.000000 0.000002 0.000000
    30 -0.761999 -0.009687 2.091125 0.000000 0.000002 0.000000
    31 -1.126226 -0.584940 -0.293132 0.000000 0.000002 0.000000
    32 4.367043 0.145741 -1.518017 0.343408 1.059062 1.581273
    33 7.526233 3.614650 -16.177891 2.362079 1.115178 -2.619558
    34 5.511815 0.000008 -0.000001 2.243153 0.000000 3.141593
    35 0.196847 -0.000001 0.000003 2.793407 0.000006 -3.141577
    36 3.455526 -8.400609 -1.488978 1.975862 1.159909 1.842803
    37 6.214485 0.000006 0.000020 0.871881 0.512969 -1.363429
    38 11.944885 -0.000029 -0.000194 -0.839787 -0.312639 -1.091402
    39 10.620166 0.000002 0.000010 -2.423248 -1.018701 -0.314127
    40 4.751156 0.694376 -0.830473 0.149202 -0.173531 0.598466
    41 1.688065 -0.000026 0.000002 0.024668 -0.001752 -0.060982
    42 1.336151 -0.000051 -0.000009 0.031600 -0.022318 -0.584616
    43 4.820513 0.509340 0.224865 -0.282059 -0.320142 1.392856
    44 1.826996 0.000066 0.000008 0.004297 0.040213 1.379384
    45 1.436577 -0.000010 0.000007 0.007051 -0.013384 0.358405
    46 3.992353 0.891087 1.827994 -0.535673 0.001046 1.726522
    47 1.405918 0.000021 -0.000007 -0.008992 -0.028075 1.183726
    48 1.175369 -0.000131 0.000002 0.073099 0.099343 0.591189
    49 4.526756 0.690460 1.120842 -0.485496 -0.175754 1.641301
    50 1.744041 -0.000031 -0.000002 -0.025718 -0.014586 1.468156
    51 1.368763 -0.000031 -0.000017 0.050831 0.150370 0.142238
    52 1.874855 0.935081 -0.999130 2.229805 0.704143 1.267116
    53 1.523449 -0.000034 -0.000003 -0.455001 0.091618 1.079516
    54 1.599281 -0.000002 0.000009 0.010006 0.082893 -0.624265
    55 4.123351 1.860031 -0.741586 3.139446 0.288360 -2.792691
    56 5.511806 -0.000002 0.000006 -0.907938 0.000000 0.000000
    57 0.196850 0.000003 -0.000002 -0.348225 0.000015 -0.000002
    58 0.000000 0.000000 0.000000 0.017179 0.011569 -1.570870
    59 21.601252 2.406937 -11.399173 -1.628694 0.829266 -1.130334
    60 0.516761 0.000000 0.128687 0.000000 0.000000 0.000000
    61 0.557412 0.000000 -0.302896 0.000000 0.000000 0.000000
    62 1.388578 -0.009689 0.998071 0.000000 0.924975 0.000000
    63 -1.500303 -0.009689 0.357642 0.000000 0.000000 0.000000
    64 -2.978541 -0.009687 2.091135 0.000000 0.000000 0.000000
    65 -1.126226 -0.584940 -0.293134 0.000000 0.000000 0.000000
  time 33
    0 -0.000001 7.450089 -27.509026 0.000000 0.000000 0.000031
    1 -0.000002 0.000000 0.000000 1.570743 -1.567137 -1.570743
    2 4.255468 -0.335183 -0.000002 0.000000 0.000000 -0.124848
    3 7.431248 1.496477 0.000002 0.000000 0.000000 0.245450
    4 5.278479 0.165541 0.000001 0.000000 0.000000 0.048511
    5 3.455526 -8.400610 1.488976 1.975864 1.159909 -1.298786
  6 -6.214482 -0.000007 -0.000027 -2.252898 -0.591263 0.605774
  7 11.944882 0.000000 0.000001 0.113096 0.014231 0.012379
    8 10.620181 0.000002 0.000000 0.117343 0.199643 2.207159
    9 -4.751106 -0.694494 0.830577 -0.265066 -0.185212 0.638415
    10 -1.688068 0.000046 -0.000032 0.017318 -0.017625 0.661047
    11 -1.336140 0.000057 -0.000012 0.026268 0.002327 0.462662
    12 -4.820494 -0.509460 -0.224759 -0.387629 -0.157873 1.437294
    13 -1.826992 -0.000064 0.000006 -0.008328 0.039588 1.065564
    14 -1.436573 0.000006 0.000002 -0.060134 -0.049384 0.791627
    15 -3.992355 -0.891188 -1.827909 -0.524035 -0.011224 1.323612
    16 -1.405918 -0.000025 -0.000003 0.000590 -0.029494 0.855908
    17 -1.175358 0.000128 -0.000020 0.064417 0.021463 1.153028
    18 -4.526751 -0.690575 -1.120744 -0.418129 0.007769 1.492663
    19 -1.744038 0.000033 -0.000008 -0.019053 -0.022614 1.113174
    20 -1.368771 0.000025 0.000002 0.037954 0.036187 0.704409
    21 -1.718807 -1.282706 0.931533 1.575721 0.719793 0.767447
    22 -1.523453 0.000032 0.000031 0.067008 -0.064052 0.809655
    23 -1.599285 0.000004 0.000016 -0.081649 -0.031942 0.967523
    24 -4.170137 -1.854461 0.753395 -0.190417 -0.170868 0.450040
    25 3.563659 3.683529 -6.921608 -0.100322 0.090874 -0.235404
    26 0.516761 0.000000 0.128687 0.000000 0.000000 0.000000
    27 0.557412 0.000000 -0.302895 0.000000 0.000000 0.000000
    28 1.388578 -0.009689 0.998069 0.000000 0.924975 0.000000
    29 -1.500304 -0.009689 0.357643 0.000000 0.000002 0.000000
    30 -0.761999 -0.009687 2.091125 0.000000 0.000002 0.000000
    31 -1.126226 -0.584940 -0.293132 0.000000 0.000002 0.000000
    32 4.367043 0.145741 -1.518017 0.343408 1.059062 1.581273
    33 6.867598 2.904479 -15.263924 2.348047 1.086419 -2.589155
    34 5.511815 0.000008 -0.000001 2.243153 0.000000 3.141593
    35 0.196847 -0.000001 0.000003 2.793407 0.000006 -3.141577
    36 3.455526 -8.400609 -1.488978 1.975862 1.159909 1.842803
    37 6.214485 0.000006 0.000020 0.644914 0.549255 -1.335994
    38 11.944885 -0.000029 -0.000194 -0.899177 -0.315256 -1.109396
    39 10.620166 0.000002 0.000010 -2.027759 -0.847381 -0.499749
    40 4.751156 0.694376 -0.830473 0.149202 -0.173531 0.598466
    41 1.688065 -0.000026 0.000002 0.024668 -0.001752 -0.060982
    42 1.336151 -0.000051 -0.000009 0.031600 -0.022318 -0.584616
    43 4.820513 0.509340 0.224865 -0.282059 -0.320142 1.392856
    44 1.826996 0.000066 0.000008 0.004297 0.040213 1.379384
    45 1.436577 -0.000010 0.000007 0.007051 -0.013384 0.358405
    46 3.992353 0.891087 1.827994 -0.535673 0.001046 1.726522
    47 1.405918 0.000021 -0.000007 -0.008992 -0.028075 1.183726
    48 1.175369 -0.000131 0.000002 0.073099 0.099343 0.591189
    49 4.526756 0.690460 1.120842 -0.485496 -0.175754 1.641301
    50 1.744041 -0.000031 -0.000002 -0.025718 -0.014586 1.468156
    51 1.368763 -0.000031 -0.000017 0.050831 0.150370 0.142238
    52 1.874855 0.935081 -0.999130 2.229805 0.704143 1.267116
    53 1.523449 -0.000034 -0.000003 -0.455001 0.091618 1.079516
    54 1.599281 -0.000002 0.000009 0.010006 0.082893 -0.624265
    55 4.123351 1.860031 -0.741586 3.139446 0.288360 -2.792691
    56 5.511806 -0.000002 0.000006 -0.907938 0.000000 0.000000
    57 0.196850 0.000003 -0.000002 -0.348225 0.000015 -0.000002
    58 0.000000 0.000000 0.000000 0.012861 0.009585 -1.571166
    59 21.601254 2.406931 -11.399178 -1.628694 0.829266 -1.130334
    60 0.516761 0.000000 0.128687 0.000000 0.000000 0.000000
    61 0.557412 0.000000 -0.302896 0.000000 0.000000 0.000000
    62 1.388578 -0.009689 0.998071 0.000000 0.924975 0.000000
    63 -1.500303 -0.009689 0.357642 0.000000 0.000000 0.000000
    64 -2.978541 -0.009687 2.091135 0.000000 0.000000 0.000000
    65 -1.126226 -0.584940 -0.293134 0.000000 0.000000 0.000000
  time 34
    0 -0.000001 7.450089 -27.509026 0.000000 0.000000 0.000031
    1 -0.000002 0.000000 0.000000 1.570743 -1.567137 -1.570743
    2 4.255468 -0.335183 -0.000002 0.000000 0.000000 -0.124848
    3 7.431248 1.496477 0.000002 0.000000 0.000000 0.245450
    4 5.278479 0.165541 0.000001 0.000000 0.000000 0.048511
    5 3.455526 -8.400610 1.488976 1.975864 1.159909 -1.298786
  6 -6.214482 -0.000007 -0.000027 -2.280745 -0.524386 0.613654
  7 11.944882 0.000000 0.000001 0.113927 0.012829 0.013826
    8 10.620181 0.000002 0.000000 0.087890 0.202668 2.265652
    9 -4.751106 -0.694494 0.830577 -0.265066 -0.185212 0.638415
    10 -1.688068 0.000046 -0.000032 0.017318 -0.017625 0.661047
    11 -1.336140 0.000057 -0.000012 0.026268 0.002327 0.462662
    12 -4.820494 -0.509460 -0.224759 -0.387629 -0.157873 1.437294
    13 -1.826992 -0.000064 0.000006 -0.008328 0.039588 1.065564
    14 -1.436573 0.000006 0.000002 -0.060134 -0.049384 0.791627
    15 -3.992355 -0.891188 -1.827909 -0.524035 -0.011224 1.323612
    16 -1.405918 -0.000025 -0.000003 0.000590 -0.029494 0.855908
    17 -1.175358 0.000128 -0.000020 0.064417 0.021463 1.153028
    18 -4.526751 -0.690575 -1.120744 -0.418129 0.007769 1.492663
    19 -1.744038 0.000033 -0.000008 -0.019053 -0.022614 1.113174
    20 -1.368771 0.000025 0.000002 0.037954 0.036187 0.704409
    21 -1.718807 -1.282706 0.931533 1.575721 0.719793 0.767447
    22 -1.523453 0.000032 0.000031 0.067008 -0.064052 0.809655
    23 -1.599285 0.000004 0.000016 -0.081649 -0.031942 0.967523
    24 -4.170137 -1.854461 0.753395 -0.190417 -0.170868 0.450040
    25 3.057884 2.835988 -6.039277 -0.111246 0.118865 -0.192156
    26 0.516761 0.000000 0.128687 0.000000 0.000000 0.000000
    27 0.557412 0.000000 -0.302895 0.000000 0.000000 0.000000
    28 1.388578 -0.009689 0.998069 0.000000 0.924975 0.000000
    29 -1.500304 -0.009689 0.357643 0.000000 0.000002 0.000000
    30 -0.761999 -0.009687 2.091125 0.000000 0.000002 0.000000
    31 -1.126226 -0.584940 -0.293132 0.000000 0.000002 0.000000
    32 4.367043 0.145741 -1.518017 0.343408 1.059062 1.581273
    33 6.145173 2.160192 -14.473115 2.323065 1.058849 -2.566689
    34 5.511815 0.000008 -0.000001 2.243153 0.000000 3.141593
    35 0.196847 -0.000001 0.000003 2.793407 0.000006 -3.141577
    36 3.455526 -8.400609 -1.488978 1.975862 1.159909 1.842803
    37 6.214485 0.000006 0.000020 0.373738 0.615408 -1.342919
    38 11.944885 -0.000029 -0.000194 -0.960458 -0.315649 -1.111651
    39 10.620166 0.000002 0.000010 -1.715564 -0.617141 -0.582176
    40 4.751156 0.694376 -0.830473 0.149202 -0.173531 0.598466
    41 1.688065 -0.000026 0.000002 0.024668 -0.001752 -0.060982
    42 1.336151 -0.000051 -0.000009 0.031600 -0.022318 -0.584616
    43 4.820513 0.509340 0.224865 -0.282059 -0.320142 1.392856
    44 1.826996 0.000066 0.000008 0.004297 0.040213 1.379384
    45 1.436577 -0.000010 0.000007 0.007051 -0.013384 0.358405
    46 3.992353 0.891087 1.827994 -0.535673 0.001046 1.726522
    47 1.405918 0.000021 -0.000007 -0.008992 -0.028075 1.183726
    48 1.175369 -0.000131 0.000002 0.073099 0.099343 0.591189
    49 4.526756 0.690460 1.120842 -0.485496 -0.175754 1.641301
    50 1.744041 -0.000031 -0.000002 -0.025718 -0.014586 1.468156
    51 1.368763 -0.000031 -0.000017 0.050831 0.150370 0.142238
    52 1.874855 0.935081 -0.999130 2.229805 0.704143 1.267116
    53 1.523449 -0.000034 -0.000003 -0.455001 0.091618 1.079516
    54 1.599281 -0.000002 0.000009 0.010006 0.082893 -0.624265
    55 4.123351 1.860031 -0.741586 3.139446 0.288360 -2.792691
    56 5.511806 -0.000002 0.000006 -0.907938 0.000000 0.000000
    57 0.196850 0.000003 -0.000002 -0.348225 0.000015 -0.000002
    58 0.000000 0.000000 0.000000 0.009494 0.007945 -1.571363
    59 21.601255 2.406931 -11.399172 -1.628694 0.829266 -1.130334
    60 0.516761 0.000000 0.128687 0.000000 0.000000 0.000000
    61 0.557412 0.000000 -0.302896 0.000000 0.000000 0.000000
    62 1.388578 -0.009689 0.998071 0.000000 0.924975 0.000000
    63 -1.500303 -0.009689 0.357642 0.000000 0.000000 0.000000
    64 -2.978541 -0.009687 2.091135 0.000000 0.000000 0.000000
    65 -1.126226 -0.584940 -0.293134 0.000000 0.000000 0.000000
  time 35
    0 -0.000001 7.450089 -27.509026 0.000000 0.000000 0.000031
    1 -0.000002 0.000000 0.000000 1.570743 -1.567137 -1.570743
    2 4.255468 -0.335183 -0.000002 0.000000 0.000000 -0.124848
    3 7.431248 1.496477 0.000002 0.000000 0.000000 0.245450
    4 5.278479 0.165541 0.000001 0.000000 0.000000 0.048511
    5 3.455526 -8.400610 1.488976 1.975864 1.159909 -1.298786
  6 -6.214482 -0.000007 -0.000027 -2.301933 -0.462374 0.614037
  7 11.944882 0.000000 0.000001 0.114677 0.011389 0.015035
    8 10.620181 0.000002 0.000000 0.057186 0.201699 2.318129
    9 -4.751106 -0.694494 0.830577 -0.265066 -0.185212 0.638415
    10 -1.688068 0.000046 -0.000032 0.017318 -0.017625 0.661047
    11 -1.336140 0.000057 -0.000012 0.026268 0.002327 0.462662
    12 -4.820494 -0.509460 -0.224759 -0.387629 -0.157873 1.437294
    13 -1.826992 -0.000064 0.000006 -0.008328 0.039588 1.065564
    14 -1.436573 0.000006 0.000002 -0.060134 -0.049384 0.791627
    15 -3.992355 -0.891188 -1.827909 -0.524035 -0.011224 1.323612
    16 -1.405918 -0.000025 -0.000003 0.000590 -0.029494 0.855908
    17 -1.175358 0.000128 -0.000020 0.064417 0.021463 1.153028
    18 -4.526751 -0.690575 -1.120744 -0.418129 0.007769 1.492663
    19 -1.744038 0.000033 -0.000008 -0.019053 -0.022614 1.113174
    20 -1.368771 0.000025 0.000002 0.037954 0.036187 0.704409
    21 -1.718807 -1.282706 0.931533 1.575721 0.719793 0.767447
    22 -1.523453 0.000032 0.000031 0.067008 -0.064052 0.809655
    23 -1.599285 0.000004 0.000016 -0.081649 -0.031942 0.967523
    24 -4.170137 -1.854461 0.753395 -0.190417 -0.170868 0.450040
    25 2.546622 1.988449 -5.283835 -0.117509 0.147546 -0.149107
    26 0.516761 0.000000 0.128687 0.000000 0.000000 0.000000
    27 0.557412 0.000000 -0.302895 0.000000 0.000000 0.000000
    28 1.388578 -0.009689 0.998069 0.000000 0.924975 0.000000
    29 -1.500304 -0.009689 0.357643 0.000000 0.000002 0.000000
    30 -0.761999 -0.009687 2.091125 0.000000 0.000002 0.000000
    31 -1.126226 -0.584940 -0.293132 0.000000 0.000002 0.000000
    32 4.367043 0.145741 -1.518017 0.343408 1.059062 1.581273
    33 5.411898 1.432686 -13.804299 2.292817 1.033685 -2.549105
    34 5.511815 0.000008 -0.000001 2.243153 0.000000 3.141593
    35 0.196847 -0.000001 0.000003 2.793407 0.000006 -3.141577
    36 3.455526 -8.400609 -1.488978 1.975862 1.159909 1.842803
    37 6.214485 0.000006 0.000020 0.093051 0.681615 -1.388231
    38 11.944885 -0.000029 -0.000194 -1.014350 -0.316928 -1.120738
    39 10.620166 0.000002 0.000010 -1.466736 -0.388612 -0.580709
    40 4.751156 0.694376 -0.830473 0.149202 -0.173531 0.598466
    41 1.688065 -0.000026 0.000002 0.024668 -0.001752 -0.060982
    42 1.336151 -0.000051 -0.000009 0.031600 -0.022318 -0.584616
    43 4.820513 0.509340 0.224865 -0.282059 -0.320142 1.392856
    44 1.826996 0.000066 0.000008 0.004297 0.040213 1.379384
    45 1.436577 -0.000010 0.000007 0.007051 -0.013384 0.358405
    46 3.992353 0.891087 1.827994 -0.535673 0.001046 1.726522
    47 1.405918 0.000021 -0.000007 -0.008992 -0.028075 1.183726
    48 1.175369 -0.000131 0.000002 0.073099 0.099343 0.591189
    49 4.526756 0.690460 1.120842 -0.485496 -0.175754 1.641301
    50 1.744041 -0.000031 -0.000002 -0.025718 -0.014586 1.468156
    51 1.368763 -0.000031 -0.000017 0.050831 0.150370 0.142238
    52 1.874855 0.935081 -0.999130 2.229805 0.704143 1.267116
    53 1.523449 -0.000034 -0.000003 -0.455001 0.091618 1.079516
    54 1.599281 -0.000002 0.000009 0.010006 0.082893 -0.624265
    55 4.123351 1.860031 -0.741586 3.139446 0.288360 -2.792691
    56 5.511806 -0.000002 0.000006 -0.907938 0.000000 0.000000
    57 0.196850 0.000003 -0.000002 -0.348225 0.000015 -0.000002
    58 0.000000 0.000000 0.000000 0.007163 0.006822 -1.571463
    59 21.601254 2.406931 -11.399175 -1.628694 0.829266 -1.130334
    60 0.516761 0.000000 0.128687 0.000000 0.000000 0.000000
    61 0.557412 0.000000 -0.302896 0.000000 0.000000 0.000000
    62 1.388578 -0.009689 0.998071 0.000000 0.924975 0.000000
    63 -1.500303 -0.009689 0.357642 0.000000 0.000000 0.000000
    64 -2.978541 -0.009687 2.091135 0.000000 0.000000 0.000000
    65 -1.126226 -0.584940 -0.293134 0.000000 0.000000 0.000000
  time 36
    0 -0.000001 7.450089 -27.509026 0.000000 0.000000 0.000031
    1 -0.000002 0.000000 0.000000 1.570743 -1.567137 -1.570743
    2 4.255468 -0.335183 -0.000002 0.000000 0.000000 -0.124848
    3 7.431248 1.496477 0.000002 0.000000 0.000000 0.245450
    4 5.278479 0.165541 0.000001 0.000000 0.000000 0.048511
    5 3.455526 -8.400610 1.488976 1.975864 1.159909 -1.298786
  6 -6.214482 -0.000007 -0.000027 -2.316736 -0.406689 0.607972
  7 11.944882 0.000000 0.000001 0.115345 0.010060 0.015955
    8 10.620181 0.000002 0.000000 0.024704 0.192734 2.357381
    9 -4.751106 -0.694494 0.830577 -0.265066 -0.185212 0.638415
    10 -1.688068 0.000046 -0.000032 0.017318 -0.017625 0.661047
    11 -1.336140 0.000057 -0.000012 0.026268 0.002327 0.462662
    12 -4.820494 -0.509460 -0.224759 -0.387629 -0.157873 1.437294
    13 -1.826992 -0.000064 0.000006 -0.008328 0.039588 1.065564
    14 -1.436573 0.000006 0.000002 -0.060134 -0.049384 0.791627
    15 -3.992355 -0.891188 -1.827909 -0.524035 -0.011224 1.323612
    16 -1.405918 -0.000025 -0.000003 0.000590 -0.029494 0.855908
    17 -1.175358 0.000128 -0.000020 0.064417 0.021463 1.153028
    18 -4.526751 -0.690575 -1.120744 -0.418129 0.007769 1.492663
    19 -1.744038 0.000033 -0.000008 -0.019053 -0.022614 1.113174
    20 -1.368771 0.000025 0.000002 0.037954 0.036187 0.704409
    21 -1.718807 -1.282706 0.931533 1.575721 0.719793 0.767447
    22 -1.523453 0.000032 0.000031 0.067008 -0.064052 0.809655
    23 -1.599285 0.000004 0.000016 -0.081649 -0.031942 0.967523
    24 -4.170137 -1.854461 0.753395 -0.190417 -0.170868 0.450040
    25 2.068873 1.209629 -4.662890 -0.119948 0.174383 -0.108632
    26 0.516761 0.000000 0.128687 0.000000 0.000000 0.000000
    27 0.557412 0.000000 -0.302895 0.000000 0.000000 0.000000
    28 1.388578 -0.009689 0.998069 0.000000 0.924975 0.000000
    29 -1.500304 -0.009689 0.357643 0.000000 0.000002 0.000000
    30 -0.761999 -0.009687 2.091125 0.000000 0.000002 0.000000
    31 -1.126226 -0.584940 -0.293132 0.000000 0.000002 0.000000
    32 4.367043 0.145741 -1.518017 0.343408 1.059062 1.581273
    33 4.723850 0.775852 -13.258244 2.261906 1.012002 -2.534561
    34 5.511815 0.000008 -0.000001 2.243153 0.000000 3.141593
    35 0.196847 -0.000001 0.000003 2.793407 0.000006 -3.141577
    36 3.455526 -8.400609 -1.488978 1.975862 1.159909 1.842803
    37 6.214485 0.000006 0.000020 -0.156557 0.727011 -1.455132
    38 11.944885 -0.000029 -0.000194 -1.055343 -0.320500 -1.146225
    39 10.620166 0.000002 0.000010 -1.260407 -0.210306 -0.527927
    40 4.751156 0.694376 -0.830473 0.149202 -0.173531 0.598466
    41 1.688065 -0.000026 0.000002 0.024668 -0.001752 -0.060982
    42 1.336151 -0.000051 -0.000009 0.031600 -0.022318 -0.584616
    43 4.820513 0.509340 0.224865 -0.282059 -0.320142 1.392856
    44 1.826996 0.000066 0.000008 0.004297 0.040213 1.379384
    45 1.436577 -0.000010 0.000007 0.007051 -0.013384 0.358405
    46 3.992353 0.891087 1.827994 -0.535673 0.001046 1.726522
    47 1.405918 0.000021 -0.000007 -0.008992 -0.028075 1.183726
    48 1.175369 -0.000131 0.000002 0.073099 0.099343 0.591189
    49 4.526756 0.690460 1.120842 -0.485496 -0.175754 1.641301
    50 1.744041 -0.000031 -0.000002 -0.025718 -0.014586 1.468156
    51 1.368763 -0.000031 -0.000017 0.050831 0.150370 0.142238
    52 1.874855 0.935081 -0.999130 2.229805 0.704143 1.267116
    53 1.523449 -0.000034 -0.000003 -0.455001 0.091618 1.079516
    54 1.599281 -0.000002 0.000009 0.010006 0.082893 -0.624265
    55 4.123351 1.860031 -0.741586 3.139446 0.288360 -2.792691
    56 5.511806 -0.000002 0.000006 -0.907938 0.000000 0.000000
    57 0.196850 0.000003 -0.000002 -0.348225 0.000015 -0.000002
    58 0.000000 0.000000 0.000000 0.006386 0.006390 -1.571467
    59 21.601252 2.406931 -11.399172 -1.628694 0.829266 -1.130334
    60 0.516761 0.000000 0.128687 0.000000 0.000000 0.000000
    61 0.557412 0.000000 -0.302896 0.000000 0.000000 0.000000
    62 1.388578 -0.009689 0.998071 0.000000 0.924975 0.000000
    63 -1.500303 -0.009689 0.357642 0.000000 0.000000 0.000000
    64 -2.978541 -0.009687 2.091135 0.000000 0.000000 0.000000
    65 -1.126226 -0.584940 -0.293134 0.000000 0.000000 0.000000
  time 37
    0 -0.000001 7.450089 -27.509026 0.000000 0.000000 0.000031
    1 -0.000002 0.000000 0.000000 1.570743 -1.567137 -1.570743
    2 4.255468 -0.335183 -0.000002 0.000000 0.000000 -0.124848
    3 7.431248 1.496477 0.000002 0.000000 0.000000 0.245450
    4 5.278479 0.165541 0.000001 0.000000 0.000000 0.048511
    5 3.455526 -8.400610 1.488976 1.975864 1.159909 -1.298786
  6 -6.214482 -0.000007 -0.000027 -2.328413 -0.359992 0.601325
  7 11.944882 0.000000 0.000001 0.115987 0.008958 0.016599
    8 10.620181 0.000002 0.000000 -0.006442 0.183138 2.387386
    9 -4.751106 -0.694494 0.830577 -0.265066 -0.185212 0.638415
    10 -1.688068 0.000046 -0.000032 0.017318 -0.017625 0.661047
    11 -1.336140 0.000057 -0.000012 0.026268 0.002327 0.462662
    12 -4.820494 -0.509460 -0.224759 -0.387629 -0.157873 1.437294
    13 -1.826992 -0.000064 0.000006 -0.008328 0.039588 1.065564
    14 -1.436573 0.000006 0.000002 -0.060134 -0.049384 0.791627
    15 -3.992355 -0.891188 -1.827909 -0.524035 -0.011224 1.323612
    16 -1.405918 -0.000025 -0.000003 0.000590 -0.029494 0.855908
    17 -1.175358 0.000128 -0.000020 0.064417 0.021463 1.153028
    18 -4.526751 -0.690575 -1.120744 -0.418129 0.007769 1.492663
    19 -1.744038 0.000033 -0.000008 -0.019053 -0.022614 1.113174
    20 -1.368771 0.000025 0.000002 0.037954 0.036187 0.704409
    21 -1.718807 -1.282706 0.931533 1.575721 0.719793 0.767447
    22 -1.523453 0.000032 0.000031 0.067008 -0.064052 0.809655
    23 -1.599285 0.000004 0.000016 -0.081649 -0.031942 0.967523
    24 -4.170137 -1.854461 0.753395 -0.190417 -0.170868 0.450040
    25 1.663649 0.568245 -4.184046 -0.119593 0.196821 -0.073008
    26 0.516761 0.000000 0.128687 0.000000 0.000000 0.000000
    27 0.557412 0.000000 -0.302895 0.000000 0.000000 0.000000
    28 1.388578 -0.009689 0.998069 0.000000 0.924975 0.000000
    29 -1.500304 -0.009689 0.357643 0.000000 0.000002 0.000000
    30 -0.761999 -0.009687 2.091125 0.000000 0.000002 0.000000
    31 -1.126226 -0.584940 -0.293132 0.000000 0.000002 0.000000
    32 4.367043 0.145741 -1.518017 0.343408 1.059062 1.581273
    33 4.140004 0.245852 -12.837432 2.234614 0.995141 -2.522027
    34 5.511815 0.000008 -0.000001 2.243153 0.000000 3.141593
    35 0.196847 -0.000001 0.000003 2.793407 0.000006 -3.141577
    36 3.455526 -8.400609 -1.488978 1.975862 1.159909 1.842803
    37 6.214485 0.000006 0.000020 -0.352685 0.745736 -1.527505
    38 11.944885 -0.000029 -0.000194 -1.086923 -0.323299 -1.168044
    39 10.620166 0.000002 0.000010 -1.097580 -0.088120 -0.464699
    40 4.751156 0.694376 -0.830473 0.149202 -0.173531 0.598466
    41 1.688065 -0.000026 0.000002 0.024668 -0.001752 -0.060982
    42 1.336151 -0.000051 -0.000009 0.031600 -0.022318 -0.584616
    43 4.820513 0.509340 0.224865 -0.282059 -0.320142 1.392856
    44 1.826996 0.000066 0.000008 0.004297 0.040213 1.379384
    45 1.436577 -0.000010 0.000007 0.007051 -0.013384 0.358405
    46 3.992353 0.891087 1.827994 -0.535673 0.001046 1.726522
    47 1.405918 0.000021 -0.000007 -0.008992 -0.028075 1.183726
    48 1.175369 -0.000131 0.000002 0.073099 0.099343 0.591189
    49 4.526756 0.690460 1.120842 -0.485496 -0.175754 1.641301
    50 1.744041 -0.000031 -0.000002 -0.025718 -0.014586 1.468156
    51 1.368763 -0.000031 -0.000017 0.050831 0.150370 0.142238
    52 1.874855 0.935081 -0.999130 2.229805 0.704143 1.267116
    53 1.523449 -0.000034 -0.000003 -0.455001 0.091618 1.079516
    54 1.599281 -0.000002 0.000009 0.010006 0.082893 -0.624265
    55 4.123351 1.860031 -0.741586 3.139446 0.288360 -2.792691
    56 5.511806 -0.000002 0.000006 -0.907938 0.000000 0.000000
    57 0.196850 0.000003 -0.000002 -0.348225 0.000015 -0.000002
    58 0.000000 0.000000 0.000000 0.006561 0.006475 -1.570861
    59 21.601250 2.406937 -11.399176 -1.628694 0.829266 -1.130334
    60 0.516761 0.000000 0.128687 0.000000 0.000000 0.000000
    61 0.557412 0.000000 -0.302896 0.000000 0.000000 0.000000
    62 1.388578 -0.009689 0.998071 0.000000 0.924975 0.000000
    63 -1.500303 -0.009689 0.357642 0.000000 0.000000 0.000000
    64 -2.978541 -0.009687 2.091135 0.000000 0.000000 0.000000
    65 -1.126226 -0.584940 -0.293134 0.000000 0.000000 0.000000
  time 38
    0 -0.000001 7.450089 -27.509026 0.000000 0.000000 0.000031
    1 -0.000002 0.000000 0.000000 1.570743 -1.567137 -1.570743
    2 4.255468 -0.335183 -0.000002 0.000000 0.000000 -0.124848
    3 7.431248 1.496477 0.000002 0.000000 0.000000 0.245450
    4 5.278479 0.165541 0.000001 0.000000 0.000000 0.048511
    5 3.455526 -8.400610 1.488976 1.975864 1.159909 -1.298786
  6 -6.214482 -0.000007 -0.000027 -2.338543 -0.326616 0.599562
  7 11.944882 0.000000 0.000001 0.116442 0.008149 0.017010
    8 10.620181 0.000002 0.000000 -0.032467 0.183415 2.414819
    9 -4.751106 -0.694494 0.830577 -0.265066 -0.185212 0.638415
    10 -1.688068 0.000046 -0.000032 0.017318 -0.017625 0.661047
    11 -1.336140 0.000057 -0.000012 0.026268 0.002327 0.462662
    12 -4.820494 -0.509460 -0.224759 -0.387629 -0.157873 1.437294
    13 -1.826992 -0.000064 0.000006 -0.008328 0.039588 1.065564
    14 -1.436573 0.000006 0.000002 -0.060134 -0.049384 0.791627
    15 -3.992355 -0.891188 -1.827909 -0.524035 -0.011224 1.323612
    16 -1.405918 -0.000025 -0.000003 0.000590 -0.029494 0.855908
    17 -1.175358 0.000128 -0.000020 0.064417 0.021463 1.153028
    18 -4.526751 -0.690575 -1.120744 -0.418129 0.007769 1.492663
    19 -1.744038 0.000033 -0.000008 -0.019053 -0.022614 1.113174
    20 -1.368771 0.000025 0.000002 0.037954 0.036187 0.704409
    21 -1.718807 -1.282706 0.931533 1.575721 0.719793 0.767447
    22 -1.523453 0.000032 0.000031 0.067008 -0.064052 0.809655
    23 -1.599285 0.000004 0.000016 -0.081649 -0.031942 0.967523
    24 -4.170137 -1.854461 0.753395 -0.190417 -0.170868 0.450040
    25 1.369941 0.133022 -3.854914 -0.117827 0.212186 -0.045001
    26 0.516761 0.000000 0.128687 0.000000 0.000000 0.000000
    27 0.557412 0.000000 -0.302895 0.000000 0.000000 0.000000
    28 1.388578 -0.009689 0.998069 0.000000 0.924975 0.000000
    29 -1.500304 -0.009689 0.357643 0.000000 0.000002 0.000000
    30 -0.761999 -0.009687 2.091125 0.000000 0.000002 0.000000
    31 -1.126226 -0.584940 -0.293132 0.000000 0.000002 0.000000
    32 4.367043 0.145741 -1.518017 0.343408 1.059062 1.581273
    33 3.721870 -0.099653 -12.545777 2.214370 0.984339 -2.511329
    34 5.511815 0.000008 -0.000001 2.243153 0.000000 3.141593
    35 0.196847 -0.000001 0.000003 2.793407 0.000006 -3.141577
    36 3.455526 -8.400609 -1.488978 1.975862 1.159909 1.842803
    37 6.214485 0.000006 0.000020 -0.486720 0.742327 -1.590932
    38 11.944885 -0.000029 -0.000194 -1.112933 -0.322936 -1.165494
    39 10.620166 0.000002 0.000010 -0.989059 -0.001916 -0.423885
    40 4.751156 0.694376 -0.830473 0.149202 -0.173531 0.598466
    41 1.688065 -0.000026 0.000002 0.024668 -0.001752 -0.060982
    42 1.336151 -0.000051 -0.000009 0.031600 -0.022318 -0.584616
    43 4.820513 0.509340 0.224865 -0.282059 -0.320142 1.392856
    44 1.826996 0.000066 0.000008 0.004297 0.040213 1.379384
    45 1.436577 -0.000010 0.000007 0.007051 -0.013384 0.358405
    46 3.992353 0.891087 1.827994 -0.535673 0.001046 1.726522
    47 1.405918 0.000021 -0.000007 -0.008992 -0.028075 1.183726
    48 1.175369 -0.000131 0.000002 0.073099 0.099343 0.591189
    49 4.526756 0.690460 1.120842 -0.485496 -0.175754 1.641301
    50 1.744041 -0.000031 -0.000002 -0.025718 -0.014586 1.468156
    51 1.368763 -0.000031 -0.000017 0.050831 0.150370 0.142238
    52 1.874855 0.935081 -0.999130 2.229805 0.704143 1.267116
    53 1.523449 -0.000034 -0.000003 -0.455001 0.091618 1.079516
    54 1.599281 -0.000002 0.000009 0.010006 0.082893 -0.624265
    55 4.123351 1.860031 -0.741586 3.139446 0.288360 -2.792691
    56 5.511806 -0.000002 0.000006 -0.907938 0.000000 0.000000
    57 0.196850 0.000003 -0.000002 -0.348225 0.000015 -0.000002
    58 0.000000 0.000000 0.000000 0.006997 0.006556 -1.569392
    59 21.601242 2.406934 -11.399168 -1.628694 0.829266 -1.130334
    60 0.516761 0.000000 0.128687 0.000000 0.000000 0.000000
    61 0.557412 0.000000 -0.302896 0.000000 0.000000 0.000000
    62 1.388578 -0.009689 0.998071 0.000000 0.924975 0.000000
    63 -1.500303 -0.009689 0.357642 0.000000 0.000000 0.000000
    64 -2.978541 -0.009687 2.091135 0.000000 0.000000 0.000000
    65 -1.126226 -0.584940 -0.293134 0.000000 0.000000 0.000000
  time 39
    0 -0.000001 7.450089 -27.509026 0.000000 0.000000 0.000031
    1 -0.000002 0.000000 0.000000 1.570743 -1.567137 -1.570743
    2 4.255468 -0.335183 -0.000002 0.000000 0.000000 -0.124848
    3 7.431248 1.496477 0.000002 0.000000 0.000000 0.245450
    4 5.278479 0.165541 0.000001 0.000000 0.000000 0.048511
    5 3.455526 -8.400610 1.488976 1.975864 1.159909 -1.298786
  6 -6.214482 -0.000007 -0.000027 -2.347842 -0.311331 0.606588
  7 11.944882 0.000000 0.000001 0.116841 0.007696 0.017220
    8 10.620181 0.000002 0.000000 -0.049098 0.204282 2.446022
    9 -4.751106 -0.694494 0.830577 -0.265066 -0.185212 0.638415
    10 -1.688068 0.000046 -0.000032 0.017318 -0.017625 0.661047
    11 -1.336140 0.000057 -0.000012 0.026268 0.002327 0.462662
    12 -4.820494 -0.509460 -0.224759 -0.387629 -0.157873 1.437294
    13 -1.826992 -0.000064 0.000006 -0.008328 0.039588 1.065564
    14 -1.436573 0.000006 0.000002 -0.060134 -0.049384 0.791627
    15 -3.992355 -0.891188 -1.827909 -0.524035 -0.011224 1.323612
    16 -1.405918 -0.000025 -0.000003 0.000590 -0.029494 0.855908
    17 -1.175358 0.000128 -0.000020 0.064417 0.021463 1.153028
    18 -4.526751 -0.690575 -1.120744 -0.418129 0.007769 1.492663
    19 -1.744038 0.000033 -0.000008 -0.019053 -0.022614 1.113174
    20 -1.368771 0.000025 0.000002 0.037954 0.036187 0.704409
    21 -1.718807 -1.282706 0.931533 1.575721 0.719793 0.767447
    22 -1.523453 0.000032 0.000031 0.067008 -0.064052 0.809655
    23 -1.599285 0.000004 0.000016 -0.081649 -0.031942 0.967523
    24 -4.170137 -1.854461 0.753395 -0.190417 -0.170868 0.450040
    25 1.226771 -0.027325 -3.683100 -0.115973 0.217984 -0.027492
    26 0.516761 0.000000 0.128687 0.000000 0.000000 0.000000
    27 0.557412 0.000000 -0.302895 0.000000 0.000000 0.000000
    28 1.388578 -0.009689 0.998069 0.000000 0.924975 0.000000
    29 -1.500304 -0.009689 0.357643 0.000000 0.000002 0.000000
    30 -0.761999 -0.009687 2.091125 0.000000 0.000002 0.000000
    31 -1.126226 -0.584940 -0.293132 0.000000 0.000002 0.000000
    32 4.367043 0.145741 -1.518017 0.343408 1.059062 1.581273
    33 3.532229 -0.202414 -12.387774 2.205231 0.980984 -2.501812
    34 5.511815 0.000008 -0.000001 2.243153 0.000000 3.141593
    35 0.196847 -0.000001 0.000003 2.793407 0.000006 -3.141577
    36 3.455526 -8.400609 -1.488978 1.975862 1.159909 1.842803
    37 6.214485 0.000006 0.000020 -0.561040 0.724301 -1.639248
    38 11.944885 -0.000029 -0.000194 -1.135934 -0.316914 -1.120847
    39 10.620166 0.000002 0.000010 -0.947608 0.073476 -0.428711
    40 4.751156 0.694376 -0.830473 0.149202 -0.173531 0.598466
    41 1.688065 -0.000026 0.000002 0.024668 -0.001752 -0.060982
    42 1.336151 -0.000051 -0.000009 0.031600 -0.022318 -0.584616
    43 4.820513 0.509340 0.224865 -0.282059 -0.320142 1.392856
    44 1.826996 0.000066 0.000008 0.004297 0.040213 1.379384
    45 1.436577 -0.000010 0.000007 0.007051 -0.013384 0.358405
    46 3.992353 0.891087 1.827994 -0.535673 0.001046 1.726522
    47 1.405918 0.000021 -0.000007 -0.008992 -0.028075 1.183726
    48 1.175369 -0.000131 0.000002 0.073099 0.099343 0.591189
    49 4.526756 0.690460 1.120842 -0.485496 -0.175754 1.641301
    50 1.744041 -0.000031 -0.000002 -0.025718 -0.014586 1.468156
    51 1.368763 -0.000031 -0.000017 0.050831 0.150370 0.142238
    52 1.874855 0.935081 -0.999130 2.229805 0.704143 1.267116
    53 1.523449 -0.000034 -0.000003 -0.455001 0.091618 1.079516
    54 1.599281 -0.000002 0.000009 0.010006 0.082893 -0.624265
    55 4.123351 1.860031 -0.741586 3.139446 0.288360 -2.792691
    56 5.511806 -0.000002 0.000006 -0.907938 0.000000 0.000000
    57 0.196850 0.000003 -0.000002 -0.348225 0.000015 -0.000002
    58 0.000000 0.000000 0.000000 0.007609 0.006806 -1.567231
    59 21.601244 2.406928 -11.399179 -1.628694 0.829266 -1.130334
    60 0.516761 0.000000 0.128687 0.000000 0.000000 0.000000
    61 0.557412 0.000000 -0.302896 0.000000 0.000000 0.000000
    62 1.388578 -0.009689 0.998071 0.000000 0.924975 0.000000
    63 -1.500303 -0.009689 0.357642 0.000000 0.000000 0.000000
    64 -2.978541 -0.009687 2.091135 0.000000 0.000000 0.000000
    65 -1.126226 -0.584940 -0.293134 0.000000 0.000000 0.000000
  time 40
    0 -0.000001 7.450089 -27.509026 0.000000 0.000000 0.000031
    1 -0.000002 0.000000 0.000000 1.570743 -1.567137 -1.570743
    2 4.255468 -0.335183 -0.000002 0.000000 0.000000 -0.124848
    3 7.431248 1.496477 0.000002 0.000000 0.000000 0.245450
    4 5.278479 0.165541 0.000001 0.000000 0.000000 0.048511
    5 3.455526 -8.400610 1.488976 1.975864 1.159909 -1.298786
  6 -6.214482 -0.000007 -0.000027 -2.353355 -0.319942 0.623209
  7 11.944882 0.000000 0.000001 0.116915 0.007770 0.017187
    8 10.620181 0.000002 0.000000 -0.048854 0.232661 2.473814
    9 -4.751106 -0.694494 0.830577 -0.265066 -0.185212 0.638415
    10 -1.688068 0.000046 -0.000032 0.017318 -0.017625 0.661047
    11 -1.336140 0.000057 -0.000012 0.026268 0.002327 0.462662
    12 -4.820494 -0.509460 -0.224759 -0.387629 -0.157873 1.437294
    13 -1.826992 -0.000064 0.000006 -0.008328 0.039588 1.065564
    14 -1.436573 0.000006 0.000002 -0.060134 -0.049384 0.791627
    15 -3.992355 -0.891188 -1.827909 -0.524035 -0.011224 1.323612
    16 -1.405918 -0.000025 -0.000003 0.000590 -0.029494 0.855908
    17 -1.175358 0.000128 -0.000020 0.064417 0.021463 1.153028
    18 -4.526751 -0.690575 -1.120744 -0.418129 0.007769 1.492663
    19 -1.744038 0.000033 -0.000008 -0.019053 -0.022614 1.113174
    20 -1.368771 0.000025 0.000002 0.037954 0.036187 0.704409
    21 -1.718807 -1.282706 0.931533 1.575721 0.719793 0.767447
    22 -1.523453 0.000032 0.000031 0.067008 -0.064052 0.809655
    23 -1.599285 0.000004 0.000016 -0.081649 -0.031942 0.967523
    24 -4.170137 -1.854461 0.753395 -0.190417 -0.170868 0.450040
    25 1.194749 -0.025985 -3.630243 -0.096537 0.184320 -0.015091
    26 0.516761 0.000000 0.128687 0.000000 0.000000 0.000000
    27 0.557412 0.000000 -0.302895 0.000000 0.000000 0.000000
    28 1.388578 -0.009689 0.998069 0.000000 0.924975 0.000000
    29 -1.500304 -0.009689 0.357643 0.000000 0.000002 0.000000
    30 -0.761999 -0.009687 2.091125 0.000000 0.000002 0.000000
    31 -1.126226 -0.584940 -0.293132 0.000000 0.000002 0.000000
    32 4.367043 0.145741 -1.518017 0.343408 1.059062 1.581273
    33 3.796283 -0.021315 -12.252844 2.216257 1.019171 -2.484015
    34 5.511815 0.000008 -0.000001 2.243153 0.000000 3.141593
    35 0.196847 -0.000001 0.000003 2.793407 0.000006 -3.141577
    36 3.455526 -8.400609 -1.488978 1.975862 1.159909 1.842803
    37 6.214485 0.000006 0.000020 -0.550945 0.715807 -1.658160
    38 11.944885 -0.000029 -0.000194 -1.150053 -0.310091 -1.075369
    39 10.620166 0.000002 0.000010 -0.976248 0.077672 -0.506238
    40 4.751156 0.694376 -0.830473 0.149202 -0.173531 0.598466
    41 1.688065 -0.000026 0.000002 0.024668 -0.001752 -0.060982
    42 1.336151 -0.000051 -0.000009 0.031600 -0.022318 -0.584616
    43 4.820513 0.509340 0.224865 -0.282059 -0.320142 1.392856
    44 1.826996 0.000066 0.000008 0.004297 0.040213 1.379384
    45 1.436577 -0.000010 0.000007 0.007051 -0.013384 0.358405
    46 3.992353 0.891087 1.827994 -0.535673 0.001046 1.726522
    47 1.405918 0.000021 -0.000007 -0.008992 -0.028075 1.183726
    48 1.175369 -0.000131 0.000002 0.073099 0.099343 0.591189
    49 4.526756 0.690460 1.120842 -0.485496 -0.175754 1.641301
    50 1.744041 -0.000031 -0.000002 -0.025718 -0.014586 1.468156
    51 1.368763 -0.000031 -0.000017 0.050831 0.150370 0.142238
    52 1.874855 0.935081 -0.999130 2.229805 0.704143 1.267116
    53 1.523449 -0.000034 -0.000003 -0.455001 0.091618 1.079516
    54 1.599281 -0.000002 0.000009 0.010006 0.082893 -0.624265
    55 4.123351 1.860031 -0.741586 3.139446 0.288360 -2.792691
    56 5.511806 -0.000002 0.000006 -0.907938 0.000000 0.000000
    57 0.196850 0.000003 -0.000002 -0.348225 0.000015 -0.000002
    58 0.000000 0.000000 0.000000 0.008223 0.007400 -1.564809
    59 21.601231 2.406930 -11.399168 -1.628694 0.829266 -1.130334
    60 0.516761 0.000000 0.128687 0.000000 0.000000 0.000000
    61 0.557412 0.000000 -0.302896 0.000000 0.000000 0.000000
    62 1.388578 -0.009689 0.998071 0.000000 0.924975 0.000000
    63 -1.500303 -0.009689 0.357642 0.000000 0.000000 0.000000
    64 -2.978541 -0.009687 2.091135 0.000000 0.000000 0.000000
    65 -1.126226 -0.584940 -0.293134 0.000000 0.000000 0.000000
  time 41
    0 -0.000001 7.450089 -27.509026 0.000000 0.000000 0.000031
    1 -0.000002 0.000000 0.000000 1.570743 -1.567137 -1.570743
    2 4.255468 -0.335183 -0.000002 0.000000 0.000000 -0.124848
    3 7.431248 1.496477 0.000002 0.000000 0.000000 0.245450
    4 5.278479 0.165541 0.000001 0.000000 0.000000 0.048511
    5 3.455526 -8.400610 1.488976 1.975864 1.159909 -1.298786
  6 -6.214482 -0.000007 -0.000027 -2.352151 -0.336439 0.629383
  7 11.944882 0.000000 0.000001 0.116748 0.008096 0.017036
    8 10.620181 0.000002 0.000000 -0.065635 0.231167 2.468579
    9 -4.751106 -0.694494 0.830577 -0.265066 -0.185212 0.638415
    10 -1.688068 0.000046 -0.000032 0.017318 -0.017625 0.661047
    11 -1.336140 0.000057 -0.000012 0.026268 0.002327 0.462662
    12 -4.820494 -0.509460 -0.224759 -0.387629 -0.157873 1.437294
    13 -1.826992 -0.000064 0.000006 -0.008328 0.039588 1.065564
    14 -1.436573 0.000006 0.000002 -0.060134 -0.049384 0.791627
    15 -3.992355 -0.891188 -1.827909 -0.524035 -0.011224 1.323612
    16 -1.405918 -0.000025 -0.000003 0.000590 -0.029494 0.855908
    17 -1.175358 0.000128 -0.000020 0.064417 0.021463 1.153028
    18 -4.526751 -0.690575 -1.120744 -0.418129 0.007769 1.492663
    19 -1.744038 0.000033 -0.000008 -0.019053 -0.022614 1.113174
    20 -1.368771 0.000025 0.000002 0.037954 0.036187 0.704409
    21 -1.718807 -1.282706 0.931533 1.575721 0.719793 0.767447
    22 -1.523453 0.000032 0.000031 0.067008 -0.064052 0.809655
    23 -1.599285 0.000004 0.000016 -0.081649 -0.031942 0.967523
    24 -4.170137 -1.854461 0.753395 -0.190417 -0.170868 0.450040
    25 1.190171 -0.023034 -3.622689 -0.056472 0.109421 -0.004910
    26 0.516761 0.000000 0.128687 0.000000 0.000000 0.000000
    27 0.557412 0.000000 -0.302895 0.000000 0.000000 0.000000
    28 1.388578 -0.009689 0.998069 0.000000 0.924975 0.000000
    29 -1.500304 -0.009689 0.357643 0.000000 0.000002 0.000000
    30 -0.761999 -0.009687 2.091125 0.000000 0.000002 0.000000
    31 -1.126226 -0.584940 -0.293132 0.000000 0.000002 0.000000
    32 4.367043 0.145741 -1.518017 0.343408 1.059062 1.581273
    33 4.431772 0.325032 -12.018414 2.250537 1.102284 -2.449675
    34 5.511815 0.000008 -0.000001 2.243153 0.000000 3.141593
    35 0.196847 -0.000001 0.000003 2.793407 0.000006 -3.141577
    36 3.455526 -8.400609 -1.488978 1.975862 1.159909 1.842803
    37 6.214485 0.000006 0.000020 -0.476135 0.740839 -1.629545
    38 11.944885 -0.000029 -0.000194 -1.133861 -0.317880 -1.127614
    39 10.620166 0.000002 0.000010 -0.985455 -0.037143 -0.572835
    40 4.751156 0.694376 -0.830473 0.149202 -0.173531 0.598466
    41 1.688065 -0.000026 0.000002 0.024668 -0.001752 -0.060982
    42 1.336151 -0.000051 -0.000009 0.031600 -0.022318 -0.584616
    43 4.820513 0.509340 0.224865 -0.282059 -0.320142 1.392856
    44 1.826996 0.000066 0.000008 0.004297 0.040213 1.379384
    45 1.436577 -0.000010 0.000007 0.007051 -0.013384 0.358405
    46 3.992353 0.891087 1.827994 -0.535673 0.001046 1.726522
    47 1.405918 0.000021 -0.000007 -0.008992 -0.028075 1.183726
    48 1.175369 -0.000131 0.000002 0.073099 0.099343 0.591189
    49 4.526756 0.690460 1.120842 -0.485496 -0.175754 1.641301
    50 1.744041 -0.000031 -0.000002 -0.025718 -0.014586 1.468156
    51 1.368763 -0.000031 -0.000017 0.050831 0.150370 0.142238
    52 1.874855 0.935081 -0.999130 2.229805 0.704143 1.267116
    53 1.523449 -0.000034 -0.000003 -0.455001 0.091618 1.079516
    54 1.599281 -0.000002 0.000009 0.010006 0.082893 -0.624265
    55 4.123351 1.860031 -0.741586 3.139446 0.288360 -2.792691
    56 5.511806 -0.000002 0.000006 -0.907938 0.000000 0.000000
    57 0.196850 0.000003 -0.000002 -0.348225 0.000015 -0.000002
    58 0.000000 0.000000 0.000000 0.008839 0.008338 -1.562645
    59 21.601236 2.406929 -11.399168 -1.628694 0.829266 -1.130334
    60 0.516761 0.000000 0.128687 0.000000 0.000000 0.000000
    61 0.557412 0.000000 -0.302896 0.000000 0.000000 0.000000
    62 1.388578 -0.009689 0.998071 0.000000 0.924975 0.000000
    63 -1.500303 -0.009689 0.357642 0.000000 0.000000 0.000000
    64 -2.978541 -0.009687 2.091135 0.000000 0.000000 0.000000
    65 -1.126226 -0.584940 -0.293134 0.000000 0.000000 0.000000
  time 42
    0 -0.000001 7.450089 -27.509026 0.000000 0.000000 0.000031
    1 -0.000002 0.000000 0.000000 1.570743 -1.567137 -1.570743
    2 4.255468 -0.335183 -0.000002 0.000000 0.000000 -0.124848
    3 7.431248 1.496477 0.000002 0.000000 0.000000 0.245450
    4 5.278479 0.165541 0.000001 0.000000 0.000000 0.048511
    5 3.455526 -8.400610 1.488976 1.975864 1.159909 -1.298786
  6 -6.214482 -0.000007 -0.000027 -2.419479 -0.399801 0.813476
  7 11.944882 0.000000 0.000001 -0.022246 0.172118 0.363722
    8 10.620181 0.000002 0.000000 -0.099282 0.225298 2.453481
    9 -4.751106 -0.694494 0.830577 -0.265066 -0.185212 0.638415
    10 -1.688068 0.000046 -0.000032 0.017318 -0.017625 0.661047
    11 -1.336140 0.000057 -0.000012 0.026268 0.002327 0.462662
    12 -4.820494 -0.509460 -0.224759 -0.387629 -0.157873 1.437294
    13 -1.826992 -0.000064 0.000006 -0.008328 0.039588 1.065564
    14 -1.436573 0.000006 0.000002 -0.060134 -0.049384 0.791627
    15 -3.992355 -0.891188 -1.827909 -0.524035 -0.011224 1.323612
    16 -1.405918 -0.000025 -0.000003 0.000590 -0.029494 0.855908
    17 -1.175358 0.000128 -0.000020 0.064417 0.021463 1.153028
    18 -4.526751 -0.690575 -1.120744 -0.418129 0.007769 1.492663
    19 -1.744038 0.000033 -0.000008 -0.019053 -0.022614 1.113174
    20 -1.368771 0.000025 0.000002 0.037954 0.036187 0.704409
    21 -1.718807 -1.282706 0.931533 1.575721 0.719793 0.767447
    22 -1.523453 0.000032 0.000031 0.067008 -0.064052 0.809655
    23 -1.599285 0.000004 0.000016 -0.081649 -0.031942 0.967523
    24 -4.170137 -1.854461 0.753395 -0.190417 -0.170868 0.450040
    25 1.185595 -0.020084 -3.615139 -0.017535 0.034184 -0.000472
    26 0.516761 0.000000 0.128687 0.000000 0.000000 0.000000
    27 0.557412 0.000000 -0.302895 0.000000 0.000000 0.000000
    28 1.388578 -0.009689 0.998069 0.000000 0.924975 0.000000
    29 -1.500304 -0.009689 0.357643 0.000000 0.000002 0.000000
    30 -0.761999 -0.009687 2.091125 0.000000 0.000002 0.000000
    31 -1.126226 -0.584940 -0.293132 0.000000 0.000002 0.000000
    32 4.367043 0.145741 -1.518017 0.343408 1.059062 1.581273
    33 5.048449 0.653076 -11.723291 2.299307 1.184534 -2.403671
    34 5.511815 0.000008 -0.000001 2.243153 0.000000 3.141593
    35 0.196847 -0.000001 0.000003 2.793407 0.000006 -3.141577
    36 3.455526 -8.400609 -1.488978 1.975862 1.159909 1.842803
    37 6.214485 0.000006 0.000020 -0.402043 0.761238 -1.593188
    38 11.944885 -0.000029 -0.000194 -1.111874 -0.326895 -1.196974
    39 10.620166 0.000002 0.000010 -0.967994 -0.157420 -0.616283
    40 4.751156 0.694376 -0.830473 0.149202 -0.173531 0.598466
    41 1.688065 -0.000026 0.000002 0.024668 -0.001752 -0.060982
    42 1.336151 -0.000051 -0.000009 0.031600 -0.022318 -0.584616
    43 4.820513 0.509340 0.224865 -0.282059 -0.320142 1.392856
    44 1.826996 0.000066 0.000008 0.004297 0.040213 1.379384
    45 1.436577 -0.000010 0.000007 0.007051 -0.013384 0.358405
    46 3.992353 0.891087 1.827994 -0.535673 0.001046 1.726522
    47 1.405918 0.000021 -0.000007 -0.008992 -0.028075 1.183726
    48 1.175369 -0.000131 0.000002 0.073099 0.099343 0.591189
    49 4.526756 0.690460 1.120842 -0.485496 -0.175754 1.641301
    50 1.744041 -0.000031 -0.000002 -0.025718 -0.014586 1.468156
    51 1.368763 -0.000031 -0.000017 0.050831 0.150370 0.142238
    52 1.874855 0.935081 -0.999130 2.229805 0.704143 1.267116
    53 1.523449 -0.000034 -0.000003 -0.455001 0.091618 1.079516
    54 1.599281 -0.000002 0.000009 0.010006 0.082893 -0.624265
    55 4.123351 1.860031 -0.741586 3.139446 0.288360 -2.792691
    56 5.511806 -0.000002 0.000006 -0.907938 0.000000 0.000000
    57 0.196850 0.000003 -0.000002 -0.348225 0.000015 -0.000002
    58 0.000000 0.000000 0.000000 0.009285 0.009796 -1.561082
    59 21.601238 2.406931 -11.399165 -1.628694 0.829266 -1.130334
    60 0.516761 0.000000 0.128687 0.000000 0.000000 0.000000
    61 0.557412 0.000000 -0.302896 0.000000 0.000000 0.000000
    62 1.388578 -0.009689 0.998071 0.000000 0.924975 0.000000
    63 -1.500303 -0.009689 0.357642 0.000000 0.000000 0.000000
    64 -2.978541 -0.009687 2.091135 0.000000 0.000000 0.000000
    65 -1.126226 -0.584940 -0.293134 0.000000 0.000000 0.000000
  time 43
    0 -0.000001 7.450089 -27.509026 0.000000 0.000000 0.000031
    1 -0.000002 0.000000 0.000000 1.570743 -1.567137 -1.570743
    2 4.255468 -0.335183 -0.000002 0.000000 0.000000 -0.124848
    3 7.431248 1.496477 0.000002 0.000000 0.000000 0.245450
    4 5.278479 0.165541 0.000001 0.000000 0.000000 0.048511
    5 3.455526 -8.400610 1.488976 1.975864 1.159909 -1.298786
  6 -6.214482 -0.000007 -0.000027 -2.444928 -0.413301 0.870867
  7 11.944882 0.000000 0.000001 -0.052209 0.221965 0.487181
    8 10.620181 0.000002 0.000000 -0.130659 0.213002 2.431640
    9 -4.751106 -0.694494 0.830577 -0.265066 -0.185212 0.638415
    10 -1.688068 0.000046 -0.000032 0.017318 -0.017625 0.661047
    11 -1.336140 0.000057 -0.000012 0.026268 0.002327 0.462662
    12 -4.820494 -0.509460 -0.224759 -0.387629 -0.157873 1.437294
    13 -1.826992 -0.000064 0.000006 -0.008328 0.039588 1.065564
    14 -1.436573 0.000006 0.000002 -0.060134 -0.049384 0.791627
    15 -3.992355 -0.891188 -1.827909 -0.524035 -0.011224 1.323612
    16 -1.405918 -0.000025 -0.000003 0.000590 -0.029494 0.855908
    17 -1.175358 0.000128 -0.000020 0.064417 0.021463 1.153028
    18 -4.526751 -0.690575 -1.120744 -0.418129 0.007769 1.492663
    19 -1.744038 0.000033 -0.000008 -0.019053 -0.022614 1.113174
    20 -1.368771 0.000025 0.000002 0.037954 0.036187 0.704409
    21 -1.718807 -1.282706 0.931533 1.575721 0.719793 0.767447
    22 -1.523453 0.000032 0.000031 0.067008 -0.064052 0.809655
    23 -1.599285 0.000004 0.000016 -0.081649 -0.031942 0.967523
    24 -4.170137 -1.854461 0.753395 -0.190417 -0.170868 0.450040
    25 1.153569 -0.018744 -3.562278 0.000000 0.000000 0.000000
    26 0.516761 0.000000 0.128687 0.000000 0.000000 0.000000
    27 0.557412 0.000000 -0.302895 0.000000 0.000000 0.000000
    28 1.388578 -0.009689 0.998069 0.000000 0.924975 0.000000
    29 -1.500304 -0.009689 0.357643 0.000000 0.000002 0.000000
    30 -0.761999 -0.009687 2.091125 0.000000 0.000002 0.000000
    31 -1.126226 -0.584940 -0.293132 0.000000 0.000002 0.000000
    32 4.367043 0.145741 -1.518017 0.343408 1.059062 1.581273
    33 5.291119 0.796368 -11.520500 2.328640 1.221491 -2.376068
    34 5.511815 0.000008 -0.000001 2.243153 0.000000 3.141593
    35 0.196847 -0.000001 0.000003 2.793407 0.000006 -3.141577
    36 3.455526 -8.400609 -1.488978 1.975862 1.159909 1.842803
    37 6.214485 0.000006 0.000020 -0.364625 0.767615 -1.567008
    38 11.944885 -0.000029 -0.000194 -1.093710 -0.333111 -1.252982
    39 10.620166 0.000002 0.000010 -0.938554 -0.227654 -0.612387
    40 4.751156 0.694376 -0.830473 0.149202 -0.173531 0.598466
    41 1.688065 -0.000026 0.000002 0.024668 -0.001752 -0.060982
    42 1.336151 -0.000051 -0.000009 0.031600 -0.022318 -0.584616
    43 4.820513 0.509340 0.224865 -0.282059 -0.320142 1.392856
    44 1.826996 0.000066 0.000008 0.004297 0.040213 1.379384
    45 1.436577 -0.000010 0.000007 0.007051 -0.013384 0.358405
    46 3.992353 0.891087 1.827994 -0.535673 0.001046 1.726522
    47 1.405918 0.000021 -0.000007 -0.008992 -0.028075 1.183726
    48 1.175369 -0.000131 0.000002 0.073099 0.099343 0.591189
    49 4.526756 0.690460 1.120842 -0.485496 -0.175754 1.641301
    50 1.744041 -0.000031 -0.000002 -0.025718 -0.014586 1.468156
    51 1.368763 -0.000031 -0.000017 0.050831 0.150370 0.142238
    52 1.874855 0.935081 -0.999130 2.229805 0.704143 1.267116
    53 1.523449 -0.000034 -0.000003 -0.455001 0.091618 1.079516
    54 1.599281 -0.000002 0.000009 0.010006 0.082893 -0.624265
    55 4.123351 1.860031 -0.741586 3.139446 0.288360 -2.792691
    56 5.511806 -0.000002 0.000006 -0.907938 0.000000 0.000000
    57 0.196850 0.000003 -0.000002 -0.348225 0.000015 -0.000002
    58 0.000000 0.000000 0.000000 0.009471 0.011778 -1.560381
    59 21.601242 2.406928 -11.399170 -1.628694 0.829266 -1.130334
    60 0.516761 0.000000 0.128687 0.000000 0.000000 0.000000
    61 0.557412 0.000000 -0.302896 0.000000 0.000000 0.000000
    62 1.388578 -0.009689 0.998071 0.000000 0.924975 0.000000
    63 -1.500303 -0.009689 0.357642 0.000000 0.000000 0.000000
    64 -2.978541 -0.009687 2.091135 0.000000 0.000000 0.000000
    65 -1.126226 -0.584940 -0.293134 0.000000 0.000000 0.000000
  time 44
    0 -0.000001 7.450089 -27.509026 0.000000 0.000000 0.000031
    1 -0.000002 0.000000 0.000000 1.570743 -1.567137 -1.570743
    2 4.255468 -0.335183 -0.000002 0.000000 0.000000 -0.124848
    3 7.431248 1.496477 0.000002 0.000000 0.000000 0.245450
    4 5.278479 0.165541 0.000001 0.000000 0.000000 0.048511
    5 3.455526 -8.400610 1.488976 1.975864 1.159909 -1.298786
  6 -6.214482 -0.000007 -0.000027 -2.539613 -0.411512 1.083438
  7 11.944882 0.000000 0.000001 -0.071227 0.210805 0.817470
    8 10.620181 0.000002 0.000000 -0.140965 0.193009 2.405465
    9 -4.751106 -0.694494 0.830577 -0.265066 -0.185212 0.638415
    10 -1.688068 0.000046 -0.000032 0.017318 -0.017625 0.661047
    11 -1.336140 0.000057 -0.000012 0.026268 0.002327 0.462662
    12 -4.820494 -0.509460 -0.224759 -0.387629 -0.157873 1.437294
    13 -1.826992 -0.000064 0.000006 -0.008328 0.039588 1.065564
    14 -1.436573 0.000006 0.000002 -0.060134 -0.049384 0.791627
    15 -3.992355 -0.891188 -1.827909 -0.524035 -0.011224 1.323612
    16 -1.405918 -0.000025 -0.000003 0.000590 -0.029494 0.855908
    17 -1.175358 0.000128 -0.000020 0.064417 0.021463 1.153028
    18 -4.526751 -0.690575 -1.120744 -0.418129 0.007769 1.492663
    19 -1.744038 0.000033 -0.000008 -0.019053 -0.022614 1.113174
    20 -1.368771 0.000025 0.000002 0.037954 0.036187 0.704409
    21 -1.718807 -1.282706 0.931533 1.575721 0.719793 0.767447
    22 -1.523453 0.000032 0.000031 0.067008 -0.064052 0.809655
    23 -1.599285 0.000004 0.000016 -0.081649 -0.031942 0.967523
    24 -4.170137 -1.854461 0.753395 -0.190417 -0.170868 0.450040
    25 0.352828 -0.018744 -1.122765 0.000000 0.000000 0.000000
    26 0.516761 0.000000 0.128687 0.000000 0.000000 0.000000
    27 0.557412 0.000000 -0.302895 0.000000 0.000000 0.000000
    28 1.388578 -0.009689 0.998069 0.000000 0.924975 0.000000
    29 -1.500304 -0.009689 0.357643 0.000000 0.000002 0.000000
    30 -0.761999 -0.009687 2.091125 0.000000 0.000002 0.000000
    31 -1.126226 -0.584940 -0.293132 0.000000 0.000002 0.000000
    32 4.367043 0.145741 -1.518017 0.343408 1.059062 1.581273
    33 4.768946 0.580811 -8.977944 2.434301 1.259222 -2.377248
    34 5.511815 0.000008 -0.000001 2.243153 0.000000 3.141593
    35 0.196847 -0.000001 0.000003 2.793407 0.000006 -3.141577
    36 3.455526 -8.400609 -1.488978 1.975862 1.159909 1.842803
    37 6.214485 0.000006 0.000020 -0.397735 0.679154 -1.729689
    38 11.944885 -0.000029 -0.000194 -1.107459 -0.328502 -1.210715
    39 10.620166 0.000002 0.000010 -0.887493 -0.451025 -0.552147
    40 4.751156 0.694376 -0.830473 0.149202 -0.173531 0.598466
    41 1.688065 -0.000026 0.000002 0.024668 -0.001752 -0.060982
    42 1.336151 -0.000051 -0.000009 0.031600 -0.022318 -0.584616
    43 4.820513 0.509340 0.224865 -0.282059 -0.320142 1.392856
    44 1.826996 0.000066 0.000008 0.004297 0.040213 1.379384
    45 1.436577 -0.000010 0.000007 0.007051 -0.013384 0.358405
    46 3.992353 0.891087 1.827994 -0.535673 0.001046 1.726522
    47 1.405918 0.000021 -0.000007 -0.008992 -0.028075 1.183726
    48 1.175369 -0.000131 0.000002 0.073099 0.099343 0.591189
    49 4.526756 0.690460 1.120842 -0.485496 -0.175754 1.641301
    50 1.744041 -0.000031 -0.000002 -0.025718 -0.014586 1.468156
    51 1.368763 -0.000031 -0.000017 0.050831 0.150370 0.142238
    52 1.874855 0.935081 -0.999130 2.250055 0.683623 1.273689
    53 1.523449 -0.000034 -0.000003 -0.461095 -0.049036 0.796432
    54 1.599281 -0.000002 0.000009 0.018758 0.081342 -0.517730
    55 4.123351 1.860031 -0.741586 3.139446 0.288360 -2.792691
    56 5.511806 -0.000002 0.000006 -0.907938 0.000000 0.000000
    57 0.196850 0.000003 -0.000002 -0.348225 0.000015 -0.000002
    58 0.000000 0.000000 0.000000 0.006251 0.025134 -1.574862
    59 21.601250 2.406929 -11.399164 -1.628694 0.829266 -1.130334
    60 0.516761 0.000000 0.128687 0.000000 0.000000 0.000000
    61 0.557412 0.000000 -0.302896 0.000000 0.000000 0.000000
    62 1.388578 -0.009689 0.998071 0.000000 0.924975 0.000000
    63 -1.500303 -0.009689 0.357642 0.000000 0.000000 0.000000
    64 -2.978541 -0.009687 2.091135 0.000000 0.000000 0.000000
    65 -1.126226 -0.584940 -0.293134 0.000000 0.000000 0.000000
  time 45
    0 -0.000001 7.450089 -27.509026 0.000000 0.000000 0.000031
    1 -0.000002 0.000000 0.000000 1.570743 -1.567137 -1.570743
    2 4.255468 -0.335183 -0.000002 0.000000 0.000000 -0.124848
    3 7.431248 1.496477 0.000002 0.000000 0.000000 0.245450
    4 5.278479 0.165541 0.000001 0.000000 0.000000 0.048511
    5 3.455526 -8.400610 1.488976 1.975864 1.159909 -1.298786
  6 -6.214482 -0.000007 -0.000027 -2.601450 -0.443953 1.307582
  7 11.944882 0.000000 0.000001 -0.097367 0.092665 1.122063
    8 10.620181 0.000002 0.000000 0.039039 0.117495 2.289744
    9 -4.751106 -0.694494 0.830577 -0.265066 -0.185212 0.638415
    10 -1.688068 0.000046 -0.000032 0.017318 -0.017625 0.661047
    11 -1.336140 0.000057 -0.000012 0.026268 0.002327 0.462662
    12 -4.820494 -0.509460 -0.224759 -0.387629 -0.157873 1.437294
    13 -1.826992 -0.000064 0.000006 -0.008328 0.039588 1.065564
    14 -1.436573 0.000006 0.000002 -0.060134 -0.049384 0.791627
    15 -3.992355 -0.891188 -1.827909 -0.524035 -0.011224 1.323612
    16 -1.405918 -0.000025 -0.000003 0.000590 -0.029494 0.855908
    17 -1.175358 0.000128 -0.000020 0.064417 0.021463 1.153028
    18 -4.526751 -0.690575 -1.120744 -0.418129 0.007769 1.492663
    19 -1.744038 0.000033 -0.000008 -0.019053 -0.022614 1.113174
    20 -1.368771 0.000025 0.000002 0.037954 0.036187 0.704409
    21 -1.718807 -1.282706 0.931533 1.575721 0.719793 0.767447
    22 -1.523453 0.000032 0.000031 0.067008 -0.064052 0.809655
    23 -1.599285 0.000004 0.000016 -0.081649 -0.031942 0.967523
    24 -4.170137 -1.854461 0.753395 -0.190417 -0.170868 0.450040
    25 -0.420465 -0.018744 1.271440 0.000000 0.000000 0.000000
    26 0.516761 0.000000 0.128687 0.000000 0.000000 0.000000
    27 0.557412 0.000000 -0.302895 0.000000 0.000000 0.000000
    28 1.388578 -0.009689 0.998069 0.000000 0.924975 0.000000
    29 -1.500304 -0.009689 0.357643 0.000000 0.000002 0.000000
    30 -0.761999 -0.009687 2.091125 0.000000 0.000002 0.000000
    31 -1.126226 -0.584940 -0.293132 0.000000 0.000002 0.000000
    32 4.367043 0.145741 -1.518017 0.343408 1.059062 1.581273
    33 4.306279 0.126733 -6.334637 2.674291 1.312699 -2.296862
    34 5.511815 0.000008 -0.000001 2.243153 0.000000 3.141593
    35 0.196847 -0.000001 0.000003 2.793407 0.000006 -3.141577
    36 3.455526 -8.400609 -1.488978 1.975862 1.159909 1.842803
    37 6.214485 0.000006 0.000020 -0.408397 0.570665 -1.944070
    38 11.944885 -0.000029 -0.000194 -1.145390 -0.312466 -1.090406
    39 10.620166 0.000002 0.000010 -1.078434 -0.840319 -0.414664
    40 4.751156 0.694376 -0.830473 0.149202 -0.173531 0.598466
    41 1.688065 -0.000026 0.000002 0.024668 -0.001752 -0.060982
    42 1.336151 -0.000051 -0.000009 0.031600 -0.022318 -0.584616
    43 4.820513 0.509340 0.224865 -0.282059 -0.320142 1.392856
    44 1.826996 0.000066 0.000008 0.004297 0.040213 1.379384
    45 1.436577 -0.000010 0.000007 0.007051 -0.013384 0.358405
    46 3.992353 0.891087 1.827994 -0.535673 0.001046 1.726522
    47 1.405918 0.000021 -0.000007 -0.008992 -0.028075 1.183726
    48 1.175369 -0.000131 0.000002 0.073099 0.099343 0.591189
    49 4.526756 0.690460 1.120842 -0.485496 -0.175754 1.641301
    50 1.744041 -0.000031 -0.000002 -0.025718 -0.014586 1.468156
    51 1.368763 -0.000031 -0.000017 0.050831 0.150370 0.142238
    52 1.874855 0.935081 -0.999130 2.270916 0.662340 1.281376
    53 1.523449 -0.000034 -0.000003 -0.426876 -0.186362 0.508014
    54 1.599281 -0.000002 0.000009 0.032462 0.076918 -0.344871
    55 4.123351 1.860031 -0.741586 3.139446 0.288360 -2.792691
    56 5.511806 -0.000002 0.000006 -0.907938 0.000000 0.000000
    57 0.196850 0.000003 -0.000002 -0.348225 0.000015 -0.000002
    58 0.000000 0.000000 0.000000 0.023301 0.001187 -1.583732
    59 21.601250 2.406929 -11.399175 -1.628694 0.829266 -1.130334
    60 0.516761 0.000000 0.128687 0.000000 0.000000 0.000000
    61 0.557412 0.000000 -0.302896 0.000000 0.000000 0.000000
    62 1.388578 -0.009689 0.998071 0.000000 0.924975 0.000000
    63 -1.500303 -0.009689 0.357642 0.000000 0.000000 0.000000
    64 -2.978541 -0.009687 2.091135 0.000000 0.000000 0.000000
    65 -1.126226 -0.584940 -0.293134 0.000000 0.000000 0.000000
  time 46
    0 -0.000001 7.450089 -27.509026 0.000000 0.000000 0.000031
    1 -0.000002 0.000000 0.000000 1.570743 -1.567137 -1.570743
    2 4.255468 -0.335183 -0.000002 0.000000 0.000000 -0.124848
    3 7.431248 1.496477 0.000002 0.000000 0.000000 0.245450
    4 5.278479 0.165541 0.000001 0.000000 0.000000 0.048511
    5 3.455526 -8.400610 1.488976 1.975864 1.159909 -1.298786
  6 -6.214482 -0.000007 -0.000027 -2.575316 -0.413063 1.284886
  7 11.944882 0.000000 0.000001 -0.116811 0.040121 1.237597
    8 10.620181 0.000002 0.000000 -0.175186 -0.022500 2.191554
    9 -4.751106 -0.694494 0.830577 -0.265066 -0.185212 0.638415
    10 -1.688068 0.000046 -0.000032 0.017318 -0.017625 0.661047
    11 -1.336140 0.000057 -0.000012 0.026268 0.002327 0.462662
    12 -4.820494 -0.509460 -0.224759 -0.387629 -0.157873 1.437294
    13 -1.826992 -0.000064 0.000006 -0.008328 0.039588 1.065564
    14 -1.436573 0.000006 0.000002 -0.060134 -0.049384 0.791627
    15 -3.992355 -0.891188 -1.827909 -0.524035 -0.011224 1.323612
    16 -1.405918 -0.000025 -0.000003 0.000590 -0.029494 0.855908
    17 -1.175358 0.000128 -0.000020 0.064417 0.021463 1.153028
    18 -4.526751 -0.690575 -1.120744 -0.418129 0.007769 1.492663
    19 -1.744038 0.000033 -0.000008 -0.019053 -0.022614 1.113174
    20 -1.368771 0.000025 0.000002 0.037954 0.036187 0.704409
    21 -1.718807 -1.282706 0.931533 1.575721 0.719793 0.767447
    22 -1.523453 0.000032 0.000031 0.067008 -0.064052 0.809655
    23 -1.599285 0.000004 0.000016 -0.081649 -0.031942 0.967523
    24 -4.170137 -1.854461 0.753395 -0.190417 -0.170868 0.450040
    25 -0.420466 -0.018743 1.271440 0.000000 0.000000 0.000000
    26 0.516761 0.000000 0.128687 0.000000 0.000000 0.000000
    27 0.557412 0.000000 -0.302895 0.000000 0.000000 0.000000
    28 1.388578 -0.009689 0.998069 0.000000 0.924975 0.000000
    29 -1.500304 -0.009689 0.357643 0.000000 0.000002 0.000000
    30 -0.761999 -0.009687 2.091125 0.000000 0.000002 0.000000
    31 -1.126226 -0.584940 -0.293132 0.000000 0.000002 0.000000
    32 4.367043 0.145741 -1.518017 0.343408 1.059062 1.581273
    33 4.397829 -0.176313 -6.126103 2.871195 1.331302 -2.172897
    34 5.511815 0.000008 -0.000001 2.243153 0.000000 3.141593
    35 0.196847 -0.000001 0.000003 2.793407 0.000006 -3.141577
    36 3.455526 -8.400609 -1.488978 1.975862 1.159909 1.842803
    37 6.214485 0.000006 0.000020 -0.452203 0.534228 -1.946938
    38 11.944885 -0.000029 -0.000194 -1.101085 -0.330743 -1.230390
    39 10.620166 0.000002 0.000010 -0.822705 -1.053413 -0.236168
    40 4.751156 0.694376 -0.830473 0.149202 -0.173531 0.598466
    41 1.688065 -0.000026 0.000002 0.024668 -0.001752 -0.060982
    42 1.336151 -0.000051 -0.000009 0.031600 -0.022318 -0.584616
    43 4.820513 0.509340 0.224865 -0.282059 -0.320142 1.392856
    44 1.826996 0.000066 0.000008 0.004297 0.040213 1.379384
    45 1.436577 -0.000010 0.000007 0.007051 -0.013384 0.358405
    46 3.992353 0.891087 1.827994 -0.535673 0.001046 1.726522
    47 1.405918 0.000021 -0.000007 -0.008992 -0.028075 1.183726
    48 1.175369 -0.000131 0.000002 0.073099 0.099343 0.591189
    49 4.526756 0.690460 1.120842 -0.485496 -0.175754 1.641301
    50 1.744041 -0.000031 -0.000002 -0.025718 -0.014586 1.468156
    51 1.368763 -0.000031 -0.000017 0.050831 0.150370 0.142238
    52 1.874855 0.935081 -0.999130 2.275615 0.666617 1.289048
    53 1.523449 -0.000034 -0.000003 -0.426458 -0.187348 0.505818
    54 1.599281 -0.000002 0.000009 0.039046 0.073848 -0.257447
    55 4.123351 1.860031 -0.741586 3.139446 0.288360 -2.792691
    56 5.511806 -0.000002 0.000006 -0.907938 0.000000 0.000000
    57 0.196850 0.000003 -0.000002 -0.348225 0.000015 -0.000002
    58 0.000000 0.000000 0.000000 -0.000253 -0.002245 -1.576321
    59 21.601259 2.406930 -11.399175 -1.628694 0.829266 -1.130334
    60 0.516761 0.000000 0.128687 0.000000 0.000000 0.000000
    61 0.557412 0.000000 -0.302896 0.000000 0.000000 0.000000
    62 1.388578 -0.009689 0.998071 0.000000 0.924975 0.000000
    63 -1.500303 -0.009689 0.357642 0.000000 0.000000 0.000000
    64 -2.978541 -0.009687 2.091135 0.000000 0.000000 0.000000
    65 -1.126226 -0.584940 -0.293134 0.000000 0.000000 0.000000
  time 47
    0 -0.000001 7.450089 -27.509026 0.000000 0.000000 0.000031
    1 -0.000002 0.000000 0.000000 1.570743 -1.567137 -1.570743
    2 4.255468 -0.335183 -0.000002 0.000000 0.000000 -0.124848
    3 7.431248 1.496477 0.000002 0.000000 0.000000 0.245450
    4 5.278479 0.165541 0.000001 0.000000 0.000000 0.048511
    5 3.455526 -8.400610 1.488976 1.975864 1.159909 -1.298786
  6 -6.214482 -0.000007 -0.000027 -2.601297 -0.445333 1.308614
  7 11.944882 0.000000 0.000001 -0.101900 0.061054 1.153050
    8 10.620181 0.000002 0.000000 0.022689 0.145135 2.232473
    9 -4.751106 -0.694494 0.830577 -0.265066 -0.185212 0.638415
    10 -1.688068 0.000046 -0.000032 0.017318 -0.017625 0.661047
    11 -1.336140 0.000057 -0.000012 0.026268 0.002327 0.462662
    12 -4.820494 -0.509460 -0.224759 -0.387629 -0.157873 1.437294
    13 -1.826992 -0.000064 0.000006 -0.008328 0.039588 1.065564
    14 -1.436573 0.000006 0.000002 -0.060134 -0.049384 0.791627
    15 -3.992355 -0.891188 -1.827909 -0.524035 -0.011224 1.323612
    16 -1.405918 -0.000025 -0.000003 0.000590 -0.029494 0.855908
    17 -1.175358 0.000128 -0.000020 0.064417 0.021463 1.153028
    18 -4.526751 -0.690575 -1.120744 -0.418129 0.007769 1.492663
    19 -1.744038 0.000033 -0.000008 -0.019053 -0.022614 1.113174
    20 -1.368771 0.000025 0.000002 0.037954 0.036187 0.704409
    21 -1.718807 -1.282706 0.931533 1.575721 0.719793 0.767447
    22 -1.523453 0.000032 0.000031 0.067008 -0.064052 0.809655
    23 -1.599285 0.000004 0.000016 -0.081649 -0.031942 0.967523
    24 -4.170137 -1.854461 0.753395 -0.190417 -0.170868 0.450040
    25 -0.420460 -0.018744 1.271440 0.000000 0.000000 0.000000
    26 0.516761 0.000000 0.128687 0.000000 0.000000 0.000000
    27 0.557412 0.000000 -0.302895 0.000000 0.000000 0.000000
    28 1.388578 -0.009689 0.998069 0.000000 0.924975 0.000000
    29 -1.500304 -0.009689 0.357643 0.000000 0.000002 0.000000
    30 -0.761999 -0.009687 2.091125 0.000000 0.000002 0.000000
    31 -1.126226 -0.584940 -0.293132 0.000000 0.000002 0.000000
    32 4.367043 0.145741 -1.518017 0.343408 1.059062 1.581273
    33 4.425220 -0.285616 -6.039516 2.955274 1.335301 -2.114410
    34 5.511815 0.000008 -0.000001 2.243153 0.000000 3.141593
    35 0.196847 -0.000001 0.000003 2.793407 0.000006 -3.141577
    36 3.455526 -8.400609 -1.488978 1.975862 1.159909 1.842803
    37 6.214485 0.000006 0.000020 -0.380481 0.545319 -1.940420
    38 11.944885 -0.000029 -0.000194 -1.140232 -0.314981 -1.107395
    39 10.620166 0.000002 0.000010 -1.241858 -0.946534 -0.177122
    40 4.751156 0.694376 -0.830473 0.149202 -0.173531 0.598466
    41 1.688065 -0.000026 0.000002 0.024668 -0.001752 -0.060982
    42 1.336151 -0.000051 -0.000009 0.031600 -0.022318 -0.584616
    43 4.820513 0.509340 0.224865 -0.282059 -0.320142 1.392856
    44 1.826996 0.000066 0.000008 0.004297 0.040213 1.379384
    45 1.436577 -0.000010 0.000007 0.007051 -0.013384 0.358405
    46 3.992353 0.891087 1.827994 -0.535673 0.001046 1.726522
    47 1.405918 0.000021 -0.000007 -0.008992 -0.028075 1.183726
    48 1.175369 -0.000131 0.000002 0.073099 0.099343 0.591189
    49 4.526756 0.690460 1.120842 -0.485496 -0.175754 1.641301
    50 1.744041 -0.000031 -0.000002 -0.025718 -0.014586 1.468156
    51 1.368763 -0.000031 -0.000017 0.050831 0.150370 0.142238
    52 1.874855 0.935081 -0.999130 2.284327 0.678774 1.303052
    53 1.523449 -0.000034 -0.000003 -0.426230 -0.187956 0.504380
    54 1.599281 -0.000002 0.000009 0.040743 0.072881 -0.234244
    55 4.123351 1.860031 -0.741586 3.139446 0.288360 -2.792691
    56 5.511806 -0.000002 0.000006 -0.907938 0.000000 0.000000
    57 0.196850 0.000003 -0.000002 -0.348225 0.000015 -0.000002
    58 0.000000 0.000000 0.000000 -0.023829 -0.002654 -1.568952
    59 21.601248 2.406930 -11.399174 -1.628694 0.829266 -1.130334
    60 0.516761 0.000000 0.128687 0.000000 0.000000 0.000000
    61 0.557412 0.000000 -0.302896 0.000000 0.000000 0.000000
    62 1.388578 -0.009689 0.998071 0.000000 0.924975 0.000000
    63 -1.500303 -0.009689 0.357642 0.000000 0.000000 0.000000
    64 -2.978541 -0.009687 2.091135 0.000000 0.000000 0.000000
    65 -1.126226 -0.584940 -0.293134 0.000000 0.000000 0.000000
  time 48
    0 -0.000001 7.450089 -27.509026 0.000000 0.000000 0.000031
    1 -0.000002 0.000000 0.000000 1.570743 -1.567137 -1.570743
    2 4.255468 -0.335183 -0.000002 0.000000 0.000000 -0.124848
    3 7.431248 1.496477 0.000002 0.000000 0.000000 0.245450
    4 5.278479 0.165541 0.000001 0.000000 0.000000 0.048511
    5 3.455526 -8.400610 1.488976 1.975864 1.159909 -1.298786
  6 -6.214482 -0.000007 -0.000027 -2.629538 -0.475020 1.329370
  7 11.944882 0.000000 0.000001 -0.083102 0.067527 1.044728
    8 10.620181 0.000002 0.000000 0.227176 0.305536 2.318413
    9 -4.751106 -0.694494 0.830577 -0.265066 -0.185212 0.638415
    10 -1.688068 0.000046 -0.000032 0.017318 -0.017625 0.661047
    11 -1.336140 0.000057 -0.000012 0.026268 0.002327 0.462662
    12 -4.820494 -0.509460 -0.224759 -0.387629 -0.157873 1.437294
    13 -1.826992 -0.000064 0.000006 -0.008328 0.039588 1.065564
    14 -1.436573 0.000006 0.000002 -0.060134 -0.049384 0.791627
    15 -3.992355 -0.891188 -1.827909 -0.524035 -0.011224 1.323612
    16 -1.405918 -0.000025 -0.000003 0.000590 -0.029494 0.855908
    17 -1.175358 0.000128 -0.000020 0.064417 0.021463 1.153028
    18 -4.526751 -0.690575 -1.120744 -0.418129 0.007769 1.492663
    19 -1.744038 0.000033 -0.000008 -0.019053 -0.022614 1.113174
    20 -1.368771 0.000025 0.000002 0.037954 0.036187 0.704409
    21 -1.718807 -1.282706 0.931533 1.575721 0.719793 0.767447
    22 -1.523453 0.000032 0.000031 0.067008 -0.064052 0.809655
    23 -1.599285 0.000004 0.000016 -0.081649 -0.031942 0.967523
    24 -4.170137 -1.854461 0.753395 -0.190417 -0.170868 0.450040
    25 -0.420462 -0.018744 1.271439 0.000000 0.000000 0.000000
    26 0.516761 0.000000 0.128687 0.000000 0.000000 0.000000
    27 0.557412 0.000000 -0.302895 0.000000 0.000000 0.000000
    28 1.388578 -0.009689 0.998069 0.000000 0.924975 0.000000
    29 -1.500304 -0.009689 0.357643 0.000000 0.000002 0.000000
    30 -0.761999 -0.009687 2.091125 0.000000 0.000002 0.000000
    31 -1.126226 -0.584940 -0.293132 0.000000 0.000002 0.000000
    32 4.367043 0.145741 -1.518017 0.343408 1.059062 1.581273
    33 4.418549 -0.327593 -6.035904 2.953865 1.331440 -2.124542
    34 5.511815 0.000008 -0.000001 2.243153 0.000000 3.141593
    35 0.196847 -0.000001 0.000003 2.793407 0.000006 -3.141577
    36 3.455526 -8.400609 -1.488978 1.975862 1.159909 1.842803
    37 6.214485 0.000006 0.000020 -0.316135 0.538114 -1.973781
    38 11.944885 -0.000029 -0.000194 -1.194067 -0.283067 -0.924904
    39 10.620166 0.000002 0.000010 -1.590000 -0.788357 -0.229057
    40 4.751156 0.694376 -0.830473 0.149202 -0.173531 0.598466
    41 1.688065 -0.000026 0.000002 0.024668 -0.001752 -0.060982
    42 1.336151 -0.000051 -0.000009 0.031600 -0.022318 -0.584616
    43 4.820513 0.509340 0.224865 -0.282059 -0.320142 1.392856
    44 1.826996 0.000066 0.000008 0.004297 0.040213 1.379384
    45 1.436577 -0.000010 0.000007 0.007051 -0.013384 0.358405
    46 3.992353 0.891087 1.827994 -0.535673 0.001046 1.726522
    47 1.405918 0.000021 -0.000007 -0.008992 -0.028075 1.183726
    48 1.175369 -0.000131 0.000002 0.073099 0.099343 0.591189
    49 4.526756 0.690460 1.120842 -0.485496 -0.175754 1.641301
    50 1.744041 -0.000031 -0.000002 -0.025718 -0.014586 1.468156
    51 1.368763 -0.000031 -0.000017 0.050831 0.150370 0.142238
    52 1.874855 0.935081 -0.999130 2.294286 0.693768 1.318704
    53 1.523449 -0.000034 -0.000003 -0.426106 -0.188210 0.503693
    54 1.599281 -0.000002 0.000009 0.040806 0.072846 -0.232502
    55 4.123351 1.860031 -0.741586 3.139446 0.288360 -2.792691
    56 5.511806 -0.000002 0.000006 -0.907938 0.000000 0.000000
    57 0.196850 0.000003 -0.000002 -0.348225 0.000015 -0.000002
    58 0.000000 0.000000 0.000000 -0.023568 -0.002497 -1.570249
    59 21.601250 2.406938 -11.399168 -1.628694 0.829266 -1.130334
    60 0.516761 0.000000 0.128687 0.000000 0.000000 0.000000
    61 0.557412 0.000000 -0.302896 0.000000 0.000000 0.000000
    62 1.388578 -0.009689 0.998071 0.000000 0.924975 0.000000
    63 -1.500303 -0.009689 0.357642 0.000000 0.000000 0.000000
    64 -2.978541 -0.009687 2.091135 0.000000 0.000000 0.000000
    65 -1.126226 -0.584940 -0.293134 0.000000 0.000000 0.000000
  time 49
    0 -0.000001 7.450089 -27.509026 0.000000 0.000000 0.000031
    1 -0.000002 0.000000 0.000000 1.570743 -1.567137 -1.570743
    2 4.255468 -0.335183 -0.000002 0.000000 0.000000 -0.124848
    3 7.431248 1.496477 0.000002 0.000000 0.000000 0.245450
    4 5.278479 0.165541 0.000001 0.000000 0.000000 0.048511
    5 3.455526 -8.400610 1.488976 1.975864 1.159909 -1.298786
  6 -6.214482 -0.000007 -0.000027 -2.637083 -0.480211 1.310875
  7 11.944882 0.000000 0.000001 -0.083739 0.071404 1.042360
    8 10.620181 0.000002 0.000000 0.190650 0.287875 2.299340
    9 -4.751106 -0.694494 0.830577 -0.265066 -0.185212 0.638415
    10 -1.688068 0.000046 -0.000032 0.017318 -0.017625 0.661047
    11 -1.336140 0.000057 -0.000012 0.026268 0.002327 0.462662
    12 -4.820494 -0.509460 -0.224759 -0.387629 -0.157873 1.437294
    13 -1.826992 -0.000064 0.000006 -0.008328 0.039588 1.065564
    14 -1.436573 0.000006 0.000002 -0.060134 -0.049384 0.791627
    15 -3.992355 -0.891188 -1.827909 -0.524035 -0.011224 1.323612
    16 -1.405918 -0.000025 -0.000003 0.000590 -0.029494 0.855908
    17 -1.175358 0.000128 -0.000020 0.064417 0.021463 1.153028
    18 -4.526751 -0.690575 -1.120744 -0.418129 0.007769 1.492663
    19 -1.744038 0.000033 -0.000008 -0.019053 -0.022614 1.113174
    20 -1.368771 0.000025 0.000002 0.037954 0.036187 0.704409
    21 -1.718807 -1.282706 0.931533 1.575721 0.719793 0.767447
    22 -1.523453 0.000032 0.000031 0.067008 -0.064052 0.809655
    23 -1.599285 0.000004 0.000016 -0.081649 -0.031942 0.967523
    24 -4.170137 -1.854461 0.753395 -0.190417 -0.170868 0.450040
    25 -0.420462 -0.018743 1.271439 0.000000 0.000000 0.000000
    26 0.516761 0.000000 0.128687 0.000000 0.000000 0.000000
    27 0.557412 0.000000 -0.302895 0.000000 0.000000 0.000000
    28 1.388578 -0.009689 0.998069 0.000000 0.924975 0.000000
    29 -1.500304 -0.009689 0.357643 0.000000 0.000002 0.000000
    30 -0.761999 -0.009687 2.091125 0.000000 0.000002 0.000000
    31 -1.126226 -0.584940 -0.293132 0.000000 0.000002 0.000000
    32 4.367043 0.145741 -1.518017 0.343408 1.059062 1.581273
    33 4.367558 -0.347721 -6.130505 2.851169 1.317689 -2.228904
    34 5.511815 0.000008 -0.000001 2.243153 0.000000 3.141593
    35 0.196847 -0.000001 0.000003 2.793407 0.000006 -3.141577
    36 3.455526 -8.400609 -1.488978 1.975862 1.159909 1.842803
    37 6.214485 0.000006 0.000020 -0.277440 0.551005 -1.925487
    38 11.944885 -0.000029 -0.000194 -1.178847 -0.293490 -0.978526
    39 10.620166 0.000002 0.000010 -1.588081 -0.800946 -0.200073
    40 4.751156 0.694376 -0.830473 0.149202 -0.173531 0.598466
    41 1.688065 -0.000026 0.000002 0.024668 -0.001752 -0.060982
    42 1.336151 -0.000051 -0.000009 0.031600 -0.022318 -0.584616
    43 4.820513 0.509340 0.224865 -0.282059 -0.320142 1.392856
    44 1.826996 0.000066 0.000008 0.004297 0.040213 1.379384
    45 1.436577 -0.000010 0.000007 0.007051 -0.013384 0.358405
    46 3.992353 0.891087 1.827994 -0.535673 0.001046 1.726522
    47 1.405918 0.000021 -0.000007 -0.008992 -0.028075 1.183726
    48 1.175369 -0.000131 0.000002 0.073099 0.099343 0.591189
    49 4.526756 0.690460 1.120842 -0.485496 -0.175754 1.641301
    50 1.744041 -0.000031 -0.000002 -0.025718 -0.014586 1.468156
    51 1.368763 -0.000031 -0.000017 0.050831 0.150370 0.142238
    52 1.874855 0.935081 -0.999130 2.302687 0.706370 1.331654
    53 1.523449 -0.000034 -0.000003 -0.426022 -0.188370 0.503446
    54 1.599281 -0.000002 0.000009 0.042487 0.071847 -0.209250
    55 4.123351 1.860031 -0.741586 3.139446 0.288360 -2.792691
    56 5.511806 -0.000002 0.000006 -0.907938 0.000000 0.000000
    57 0.196850 0.000003 -0.000002 -0.348225 0.000015 -0.000002
    58 0.000000 0.000000 0.000000 -0.022874 -0.002101 -1.573362
    59 21.601250 2.406938 -11.399173 -1.628694 0.829266 -1.130334
    60 0.516761 0.000000 0.128687 0.000000 0.000000 0.000000
    61 0.557412 0.000000 -0.302896 0.000000 0.000000 0.000000
    62 1.388578 -0.009689 0.998071 0.000000 0.924975 0.000000
    63 -1.500303 -0.009689 0.357642 0.000000 0.000000 0.000000
    64 -2.978541 -0.009687 2.091135 0.000000 0.000000 0.000000
    65 -1.126226 -0.584940 -0.293134 0.000000 0.000000 0.000000
  time 50
    0 -0.000001 7.450089 -27.509026 0.000000 0.000000 0.000031
    1 -0.000002 0.000000 0.000000 1.570743 -1.567137 -1.570743
    2 4.255468 -0.335183 -0.000002 0.000000 0.000000 -0.124848
    3 7.431248 1.496477 0.000002 0.000000 0.000000 0.245450
    4 5.278479 0.165541 0.000001 0.000000 0.000000 0.048511
    5 3.455526 -8.400610 1.488976 1.975864 1.159909 -1.298786
  6 -6.214482 -0.000007 -0.000027 -2.639796 -0.483011 1.298179
  7 11.944882 0.000000 0.000001 -0.090806 0.082926 1.069977
    8 10.620181 0.000002 0.000000 0.145414 0.225398 2.260230
    9 -4.751106 -0.694494 0.830577 -0.265066 -0.185212 0.638415
    10 -1.688068 0.000046 -0.000032 0.017318 -0.017625 0.661047
    11 -1.336140 0.000057 -0.000012 0.026268 0.002327 0.462662
    12 -4.820494 -0.509460 -0.224759 -0.387629 -0.157873 1.437294
    13 -1.826992 -0.000064 0.000006 -0.008328 0.039588 1.065564
    14 -1.436573 0.000006 0.000002 -0.060134 -0.049384 0.791627
    15 -3.992355 -0.891188 -1.827909 -0.524035 -0.011224 1.323612
    16 -1.405918 -0.000025 -0.000003 0.000590 -0.029494 0.855908
    17 -1.175358 0.000128 -0.000020 0.064417 0.021463 1.153028
    18 -4.526751 -0.690575 -1.120744 -0.418129 0.007769 1.492663
    19 -1.744038 0.000033 -0.000008 -0.019053 -0.022614 1.113174
    20 -1.368771 0.000025 0.000002 0.037954 0.036187 0.704409
    21 -1.718807 -1.282706 0.931533 1.575721 0.719793 0.767447
    22 -1.523453 0.000032 0.000031 0.067008 -0.064052 0.809655
    23 -1.599285 0.000004 0.000016 -0.081649 -0.031942 0.967523
    24 -4.170137 -1.854461 0.753395 -0.190417 -0.170868 0.450040
    25 -0.420460 -0.018744 1.271439 0.000000 0.000000 0.000000
    26 0.516761 0.000000 0.128687 0.000000 0.000000 0.000000
    27 0.557412 0.000000 -0.302895 0.000000 0.000000 0.000000
    28 1.388578 -0.009689 0.998069 0.000000 0.924975 0.000000
    29 -1.500304 -0.009689 0.357643 0.000000 0.000002 0.000000
    30 -0.761999 -0.009687 2.091125 0.000000 0.000002 0.000000
    31 -1.126226 -0.584940 -0.293132 0.000000 0.000002 0.000000
    32 4.367043 0.145741 -1.518017 0.343408 1.059062 1.581273
    33 4.283186 -0.320660 -6.296200 2.699974 1.292004 -2.369420
    34 5.511815 0.000008 -0.000001 2.243153 0.000000 3.141593
    35 0.196847 -0.000001 0.000003 2.793407 0.000006 -3.141577
    36 3.455526 -8.400609 -1.488978 1.975862 1.159909 1.842803
    37 6.214485 0.000006 0.000020 -0.239818 0.564737 -1.867943
    38 11.944885 -0.000029 -0.000194 -1.152810 -0.308672 -1.066187
    39 10.620166 0.000002 0.000010 -1.556404 -0.844463 -0.156910
    40 4.751156 0.694376 -0.830473 0.149202 -0.173531 0.598466
    41 1.688065 -0.000026 0.000002 0.024668 -0.001752 -0.060982
    42 1.336151 -0.000051 -0.000009 0.031600 -0.022318 -0.584616
    43 4.820513 0.509340 0.224865 -0.282059 -0.320142 1.392856
    44 1.826996 0.000066 0.000008 0.004297 0.040213 1.379384
    45 1.436577 -0.000010 0.000007 0.007051 -0.013384 0.358405
    46 3.992353 0.891087 1.827994 -0.535673 0.001046 1.726522
    47 1.405918 0.000021 -0.000007 -0.008992 -0.028075 1.183726
    48 1.175369 -0.000131 0.000002 0.073099 0.099343 0.591189
    49 4.526756 0.690460 1.120842 -0.485496 -0.175754 1.641301
    50 1.744041 -0.000031 -0.000002 -0.025718 -0.014586 1.468156
    51 1.368763 -0.000031 -0.000017 0.050831 0.150370 0.142238
    52 1.874855 0.935081 -0.999130 2.306142 0.711643 1.337070
    53 1.523449 -0.000034 -0.000003 -0.426022 -0.188370 0.503446
    54 1.599281 -0.000002 0.000009 0.048647 0.067867 -0.121981
    55 4.123351 1.860031 -0.741586 3.139446 0.288360 -2.792691
    56 5.511806 -0.000002 0.000006 -0.907938 0.000000 0.000000
    57 0.196850 0.000003 -0.000002 -0.348225 0.000015 -0.000002
    58 0.000000 0.000000 0.000000 -0.022009 -0.001456 -1.577600
    59 21.601242 2.406933 -11.399168 -1.628694 0.829266 -1.130334
    60 0.516761 0.000000 0.128687 0.000000 0.000000 0.000000
    61 0.557412 0.000000 -0.302896 0.000000 0.000000 0.000000
    62 1.388578 -0.009689 0.998071 0.000000 0.924975 0.000000
    63 -1.500303 -0.009689 0.357642 0.000000 0.000000 0.000000
    64 -2.978541 -0.009687 2.091135 0.000000 0.000000 0.000000
    65 -1.126226 -0.584940 -0.293134 0.000000 0.000000 0.000000
  time 51
    0 -0.000001 7.450089 -27.509026 0.000000 0.000000 0.000031
    1 -0.000002 0.000000 0.000000 1.570743 -1.567137 -1.570743
    2 4.255468 -0.335183 -0.000002 0.000000 0.000000 -0.124848
    3 7.431248 1.496477 0.000002 0.000000 0.000000 0.245450
    4 5.278479 0.165541 0.000001 0.000000 0.000000 0.048511
    5 3.455526 -8.400610 1.488976 1.975864 1.159909 -1.298786
  6 -6.214482 -0.000007 -0.000027 -2.631276 -0.479634 1.282965
  7 11.944882 0.000000 0.000001 -0.100117 0.098492 1.109732
    8 10.620181 0.000002 0.000000 0.135005 0.160588 2.225400
    9 -4.751106 -0.694494 0.830577 -0.265066 -0.185212 0.638415
    10 -1.688068 0.000046 -0.000032 0.017318 -0.017625 0.661047
    11 -1.336140 0.000057 -0.000012 0.026268 0.002327 0.462662
    12 -4.820494 -0.509460 -0.224759 -0.387629 -0.157873 1.437294
    13 -1.826992 -0.000064 0.000006 -0.008328 0.039588 1.065564
    14 -1.436573 0.000006 0.000002 -0.060134 -0.049384 0.791627
    15 -3.992355 -0.891188 -1.827909 -0.524035 -0.011224 1.323612
    16 -1.405918 -0.000025 -0.000003 0.000590 -0.029494 0.855908
    17 -1.175358 0.000128 -0.000020 0.064417 0.021463 1.153028
    18 -4.526751 -0.690575 -1.120744 -0.418129 0.007769 1.492663
    19 -1.744038 0.000033 -0.000008 -0.019053 -0.022614 1.113174
    20 -1.368771 0.000025 0.000002 0.037954 0.036187 0.704409
    21 -1.718807 -1.282706 0.931533 1.575721 0.719793 0.767447
    22 -1.523453 0.000032 0.000031 0.067008 -0.064052 0.809655
    23 -1.599285 0.000004 0.000016 -0.081649 -0.031942 0.967523
    24 -4.170137 -1.854461 0.753395 -0.190417 -0.170868 0.450040
    25 -0.420465 -0.018743 1.271440 0.000000 0.000000 0.000000
    26 0.516761 0.000000 0.128687 0.000000 0.000000 0.000000
    27 0.557412 0.000000 -0.302895 0.000000 0.000000 0.000000
    28 1.388578 -0.009689 0.998069 0.000000 0.924975 0.000000
    29 -1.500304 -0.009689 0.357643 0.000000 0.000002 0.000000
    30 -0.761999 -0.009687 2.091125 0.000000 0.000002 0.000000
    31 -1.126226 -0.584940 -0.293132 0.000000 0.000002 0.000000
    32 4.367043 0.145741 -1.518017 0.343408 1.059062 1.581273
    33 4.184321 -0.650676 -6.530763 2.656341 1.296027 -2.435263
    34 5.511815 0.000008 -0.000001 2.243153 0.000000 3.141593
    35 0.196847 -0.000001 0.000003 2.793407 0.000006 -3.141577
    36 3.455526 -8.400609 -1.488978 1.975862 1.159909 1.842803
    37 6.214485 0.000006 0.000020 -0.213429 0.572240 -1.811460
    38 11.944885 -0.000029 -0.000194 -1.121690 -0.323102 -1.166418
    39 10.620166 0.000002 0.000010 -1.620422 -0.924163 -0.022963
    40 4.751156 0.694376 -0.830473 0.149202 -0.173531 0.598466
    41 1.688065 -0.000026 0.000002 0.024668 -0.001752 -0.060982
    42 1.336151 -0.000051 -0.000009 0.031600 -0.022318 -0.584616
    43 4.820513 0.509340 0.224865 -0.282059 -0.320142 1.392856
    44 1.826996 0.000066 0.000008 0.004297 0.040213 1.379384
    45 1.436577 -0.000010 0.000007 0.007051 -0.013384 0.358405
    46 3.992353 0.891087 1.827994 -0.535673 0.001046 1.726522
    47 1.405918 0.000021 -0.000007 -0.008992 -0.028075 1.183726
    48 1.175369 -0.000131 0.000002 0.073099 0.099343 0.591189
    49 4.526756 0.690460 1.120842 -0.485496 -0.175754 1.641301
    50 1.744041 -0.000031 -0.000002 -0.025718 -0.014586 1.468156
    51 1.368763 -0.000031 -0.000017 0.050831 0.150370 0.142238
    52 1.874855 0.935081 -0.999130 2.282585 0.689917 1.306195
    53 1.523449 -0.000034 -0.000003 -0.431294 -0.175314 0.532583
    54 1.599281 -0.000002 0.000009 0.064627 0.052820 0.141965
    55 4.123351 1.860031 -0.741586 3.139446 0.288360 -2.792691
    56 5.511806 -0.000002 0.000006 -0.907938 0.000000 0.000000
    57 0.196850 0.000003 -0.000002 -0.348225 0.000015 -0.000002
    58 0.000000 0.000000 0.000000 -0.021149 -0.000376 -1.581843
    59 21.601259 2.406935 -11.399178 -1.628694 0.829266 -1.130334
    60 0.516761 0.000000 0.128687 0.000000 0.000000 0.000000
    61 0.557412 0.000000 -0.302896 0.000000 0.000000 0.000000
    62 1.388578 -0.009689 0.998071 0.000000 0.924975 0.000000
    63 -1.500303 -0.009689 0.357642 0.000000 0.000000 0.000000
    64 -2.978541 -0.009687 2.091135 0.000000 0.000000 0.000000
    65 -1.126226 -0.584940 -0.293134 0.000000 0.000000 0.000000
  time 52
    0 -0.000001 7.450089 -27.509026 0.000000 0.000000 0.000031
    1 -0.000002 0.000000 0.000000 1.570743 -1.567137 -1.570743
    2 4.255468 -0.335183 -0.000002 0.000000 0.000000 -0.124848
    3 7.431248 1.496477 0.000002 0.000000 0.000000 0.245450
    4 5.278479 0.165541 0.000001 0.000000 0.000000 0.048511
    5 3.455526 -8.400610 1.488976 1.975864 1.159909 -1.298786
  6 -6.214482 -0.000007 -0.000027 -2.602684 -0.465166 1.250569
  7 11.944882 0.000000 0.000001 -0.106679 0.111855 1.127596
    8 10.620181 0.000002 0.000000 0.202142 0.127402 2.212772
    9 -4.751106 -0.694494 0.830577 -0.265066 -0.185212 0.638415
    10 -1.688068 0.000046 -0.000032 0.017318 -0.017625 0.661047
    11 -1.336140 0.000057 -0.000012 0.026268 0.002327 0.462662
    12 -4.820494 -0.509460 -0.224759 -0.387629 -0.157873 1.437294
    13 -1.826992 -0.000064 0.000006 -0.008328 0.039588 1.065564
    14 -1.436573 0.000006 0.000002 -0.060134 -0.049384 0.791627
    15 -3.992355 -0.891188 -1.827909 -0.524035 -0.011224 1.323612
    16 -1.405918 -0.000025 -0.000003 0.000590 -0.029494 0.855908
    17 -1.175358 0.000128 -0.000020 0.064417 0.021463 1.153028
    18 -4.526751 -0.690575 -1.120744 -0.418129 0.007769 1.492663
    19 -1.744038 0.000033 -0.000008 -0.019053 -0.022614 1.113174
    20 -1.368771 0.000025 0.000002 0.037954 0.036187 0.704409
    21 -1.718807 -1.282706 0.931533 1.575721 0.719793 0.767447
    22 -1.523453 0.000032 0.000031 0.067008 -0.064052 0.809655
    23 -1.599285 0.000004 0.000016 -0.081649 -0.031942 0.967523
    24 -4.170137 -1.854461 0.753395 -0.190417 -0.170868 0.450040
    25 -0.420462 -0.018744 1.271439 0.000000 0.000000 0.000000
    26 0.516761 0.000000 0.128687 0.000000 0.000000 0.000000
    27 0.557412 0.000000 -0.302895 0.000000 0.000000 0.000000
    28 1.388578 -0.009689 0.998069 0.000000 0.924975 0.000000
    29 -1.500304 -0.009689 0.357643 0.000000 0.000002 0.000000
    30 -0.761999 -0.009687 2.091125 0.000000 0.000002 0.000000
    31 -1.126226 -0.584940 -0.293132 0.000000 0.000002 0.000000
    32 4.367043 0.145741 -1.518017 0.343408 1.059062 1.581273
    33 3.953848 -1.754883 -6.753791 2.765146 1.340195 -2.398583
    34 5.511815 0.000008 -0.000001 2.243153 0.000000 3.141593
    35 0.196847 -0.000001 0.000003 2.793407 0.000006 -3.141577
    36 3.455526 -8.400609 -1.488978 1.975862 1.159909 1.842803
    37 6.214485 0.000006 0.000020 -0.212024 0.566711 -1.768599
    38 11.944885 -0.000029 -0.000194 -1.095485 -0.332598 -1.247631
    39 10.620166 0.000002 0.000010 -1.884427 -0.989781 0.255081
    40 4.751156 0.694376 -0.830473 0.149202 -0.173531 0.598466
    41 1.688065 -0.000026 0.000002 0.024668 -0.001752 -0.060982
    42 1.336151 -0.000051 -0.000009 0.031600 -0.022318 -0.584616
    43 4.820513 0.509340 0.224865 -0.282059 -0.320142 1.392856
    44 1.826996 0.000066 0.000008 0.004297 0.040213 1.379384
    45 1.436577 -0.000010 0.000007 0.007051 -0.013384 0.358405
    46 3.992353 0.891087 1.827994 -0.535673 0.001046 1.726522
    47 1.405918 0.000021 -0.000007 -0.008992 -0.028075 1.183726
    48 1.175369 -0.000131 0.000002 0.073099 0.099343 0.591189
    49 4.526756 0.690460 1.120842 -0.485496 -0.175754 1.641301
    50 1.744041 -0.000031 -0.000002 -0.025718 -0.014586 1.468156
    51 1.368763 -0.000031 -0.000017 0.050831 0.150370 0.142238
    52 1.874855 0.935081 -0.999130 2.231241 0.635838 1.237033
    53 1.523449 -0.000034 -0.000003 -0.442261 -0.143324 0.601833
    54 1.599281 -0.000002 0.000009 0.079707 0.024865 0.523866
    55 4.123351 1.860031 -0.741586 3.139446 0.288360 -2.792691
    56 5.511806 -0.000002 0.000006 -0.907938 0.000000 0.000000
    57 0.196850 0.000003 -0.000002 -0.348225 0.000015 -0.000002
    58 0.000000 0.000000 0.000000 -0.020467 0.000976 -1.585137
    59 21.601265 2.406932 -11.399180 -1.628694 0.829266 -1.130334
    60 0.516761 0.000000 0.128687 0.000000 0.000000 0.000000
    61 0.557412 0.000000 -0.302896 0.000000 0.000000 0.000000
    62 1.388578 -0.009689 0.998071 0.000000 0.924975 0.000000
    63 -1.500303 -0.009689 0.357642 0.000000 0.000000 0.000000
    64 -2.978541 -0.009687 2.091135 0.000000 0.000000 0.000000
    65 -1.126226 -0.584940 -0.293134 0.000000 0.000000 0.000000
  time 53
    0 -0.000001 7.450089 -27.509026 0.000000 0.000000 0.000031
    1 -0.000002 0.000000 0.000000 1.570743 -1.567137 -1.570743
    2 4.255468 -0.335183 -0.000002 0.000000 0.000000 -0.124848
    3 7.431248 1.496477 0.000002 0.000000 0.000000 0.245450
    4 5.278479 0.165541 0.000001 0.000000 0.000000 0.048511
    5 3.455526 -8.400610 1.488976 1.975864 1.159909 -1.298786
  6 -6.214482 -0.000007 -0.000027 -2.549928 -0.434468 1.187387
  7 11.944882 0.000000 0.000001 -0.109831 0.119911 1.109458
    8 10.620181 0.000002 0.000000 0.341781 0.112109 2.219274
    9 -4.751106 -0.694494 0.830577 -0.265066 -0.185212 0.638415
    10 -1.688068 0.000046 -0.000032 0.017318 -0.017625 0.661047
    11 -1.336140 0.000057 -0.000012 0.026268 0.002327 0.462662
    12 -4.820494 -0.509460 -0.224759 -0.387629 -0.157873 1.437294
    13 -1.826992 -0.000064 0.000006 -0.008328 0.039588 1.065564
    14 -1.436573 0.000006 0.000002 -0.060134 -0.049384 0.791627
    15 -3.992355 -0.891188 -1.827909 -0.524035 -0.011224 1.323612
    16 -1.405918 -0.000025 -0.000003 0.000590 -0.029494 0.855908
    17 -1.175358 0.000128 -0.000020 0.064417 0.021463 1.153028
    18 -4.526751 -0.690575 -1.120744 -0.418129 0.007769 1.492663
    19 -1.744038 0.000033 -0.000008 -0.019053 -0.022614 1.113174
    20 -1.368771 0.000025 0.000002 0.037954 0.036187 0.704409
    21 -1.718807 -1.282706 0.931533 1.575721 0.719793 0.767447
    22 -1.523453 0.000032 0.000031 0.067008 -0.064052 0.809655
    23 -1.599285 0.000004 0.000016 -0.081649 -0.031942 0.967523
    24 -4.170137 -1.854461 0.753395 -0.190417 -0.170868 0.450040
    25 -0.420462 -0.018743 1.271439 0.000000 0.000000 0.000000
    26 0.516761 0.000000 0.128687 0.000000 0.000000 0.000000
    27 0.557412 0.000000 -0.302895 0.000000 0.000000 0.000000
    28 1.388578 -0.009689 0.998069 0.000000 0.924975 0.000000
    29 -1.500304 -0.009689 0.357643 0.000000 0.000002 0.000000
    30 -0.761999 -0.009687 2.091125 0.000000 0.000002 0.000000
    31 -1.126226 -0.584940 -0.293132 0.000000 0.000002 0.000000
    32 4.367043 0.145741 -1.518017 0.343408 1.059062 1.581273
    33 3.513814 -3.865639 -6.638502 3.107935 1.357055 -2.133633
    34 5.511815 0.000008 -0.000001 2.243153 0.000000 3.141593
    35 0.196847 -0.000001 0.000003 2.793407 0.000006 -3.141577
    36 3.455526 -8.400609 -1.488978 1.975862 1.159909 1.842803
    37 6.214485 0.000006 0.000020 -0.244578 0.548071 -1.734766
    38 11.944885 -0.000029 -0.000194 -1.073257 -0.338772 -1.315145
    39 10.620166 0.000002 0.000010 -2.234100 -0.989747 0.620323
    40 4.751156 0.694376 -0.830473 0.149202 -0.173531 0.598466
    41 1.688065 -0.000026 0.000002 0.024668 -0.001752 -0.060982
    42 1.336151 -0.000051 -0.000009 0.031600 -0.022318 -0.584616
    43 4.820513 0.509340 0.224865 -0.282059 -0.320142 1.392856
    44 1.826996 0.000066 0.000008 0.004297 0.040213 1.379384
    45 1.436577 -0.000010 0.000007 0.007051 -0.013384 0.358405
    46 3.992353 0.891087 1.827994 -0.535673 0.001046 1.726522
    47 1.405918 0.000021 -0.000007 -0.008992 -0.028075 1.183726
    48 1.175369 -0.000131 0.000002 0.073099 0.099343 0.591189
    49 4.526756 0.690460 1.120842 -0.485496 -0.175754 1.641301
    50 1.744041 -0.000031 -0.000002 -0.025718 -0.014586 1.468156
    51 1.368763 -0.000031 -0.000017 0.050831 0.150370 0.142238
    52 1.874855 0.935081 -0.999130 2.178393 0.567814 1.162245
    53 1.523449 -0.000034 -0.000003 -0.452383 -0.104247 0.683843
    54 1.599281 -0.000002 0.000009 0.083474 -0.001939 0.849699
    55 4.123351 1.860031 -0.741586 3.139446 0.288360 -2.792691
    56 5.511806 -0.000002 0.000006 -0.907938 0.000000 0.000000
    57 0.196850 0.000003 -0.000002 -0.348225 0.000015 -0.000002
    58 0.000000 0.000000 0.000000 -0.020224 0.002863 -1.586451
    59 21.068750 2.194565 -11.574129 -1.564756 0.841771 -1.067081
    60 0.516761 0.000000 0.128687 0.000000 0.000000 0.000000
    61 0.557412 0.000000 -0.302896 0.000000 0.000000 0.000000
    62 1.388578 -0.009689 0.998071 0.000000 0.924975 0.000000
    63 -1.500303 -0.009689 0.357642 0.000000 0.000000 0.000000
    64 -2.978541 -0.009687 2.091135 0.000000 0.000000 0.000000
    65 -1.126226 -0.584940 -0.293134 0.000000 0.000000 0.000000
  time 54
    0 -0.000001 7.450089 -27.509026 0.000000 0.000000 0.000031
    1 -0.000002 0.000000 0.000000 1.570743 -1.567137 -1.570743
    2 4.255468 -0.335183 -0.000002 0.000000 0.000000 -0.124848
    3 7.431248 1.496477 0.000002 0.000000 0.000000 0.245450
    4 5.278479 0.165541 0.000001 0.000000 0.000000 0.048511
    5 3.455526 -8.400610 1.488976 1.975864 1.159909 -1.298786
  6 -6.214482 -0.000007 -0.000027 -2.473930 -0.382873 1.083142
  7 11.944882 0.000000 0.000001 -0.107456 0.130353 1.024913
    8 10.620181 0.000002 0.000000 0.522070 0.090376 2.228398
    9 -4.751106 -0.694494 0.830577 -0.265066 -0.185212 0.638415
    10 -1.688068 0.000046 -0.000032 0.017318 -0.017625 0.661047
    11 -1.336140 0.000057 -0.000012 0.026268 0.002327 0.462662
    12 -4.820494 -0.509460 -0.224759 -0.387629 -0.157873 1.437294
    13 -1.826992 -0.000064 0.000006 -0.008328 0.039588 1.065564
    14 -1.436573 0.000006 0.000002 -0.060134 -0.049384 0.791627
    15 -3.992355 -0.891188 -1.827909 -0.524035 -0.011224 1.323612
    16 -1.405918 -0.000025 -0.000003 0.000590 -0.029494 0.855908
    17 -1.175358 0.000128 -0.000020 0.064417 0.021463 1.153028
    18 -4.526751 -0.690575 -1.120744 -0.418129 0.007769 1.492663
    19 -1.744038 0.000033 -0.000008 -0.019053 -0.022614 1.113174
    20 -1.368771 0.000025 0.000002 0.037954 0.036187 0.704409
    21 -1.718807 -1.282706 0.931533 1.575721 0.719793 0.767447
    22 -1.523453 0.000032 0.000031 0.067008 -0.064052 0.809655
    23 -1.599285 0.000004 0.000016 -0.081649 -0.031942 0.967523
    24 -4.170137 -1.854461 0.753395 -0.190417 -0.170868 0.450040
    25 -0.420462 -0.018744 1.271440 0.000000 0.000000 0.000000
    26 0.516761 0.000000 0.128687 0.000000 0.000000 0.000000
    27 0.557412 0.000000 -0.302895 0.000000 0.000000 0.000000
    28 1.388578 -0.009689 0.998069 0.000000 0.924975 0.000000
    29 -1.500304 -0.009689 0.357643 0.000000 0.000002 0.000000
    30 -0.761999 -0.009687 2.091125 0.000000 0.000002 0.000000
    31 -1.126226 -0.584940 -0.293132 0.000000 0.000002 0.000000
    32 4.367043 0.145741 -1.518017 0.343408 1.059062 1.581273
    33 2.924693 -6.773433 -5.889657 -2.957634 1.266892 -1.903834
    34 5.511815 0.000008 -0.000001 2.243153 0.000000 3.141593
    35 0.196847 -0.000001 0.000003 2.793407 0.000006 -3.141577
    36 3.455526 -8.400609 -1.488978 1.975862 1.159909 1.842803
    37 6.214485 0.000006 0.000020 -0.308491 0.521367 -1.699964
    38 11.944885 -0.000029 -0.000194 -1.056895 -0.342393 -1.364101
    39 10.620166 0.000002 0.000010 -2.402481 -0.959778 0.854245
    40 4.751156 0.694376 -0.830473 0.149202 -0.173531 0.598466
    41 1.688065 -0.000026 0.000002 0.024668 -0.001752 -0.060982
    42 1.336151 -0.000051 -0.000009 0.031600 -0.022318 -0.584616
    43 4.820513 0.509340 0.224865 -0.282059 -0.320142 1.392856
    44 1.826996 0.000066 0.000008 0.004297 0.040213 1.379384
    45 1.436577 -0.000010 0.000007 0.007051 -0.013384 0.358405
    46 3.992353 0.891087 1.827994 -0.535673 0.001046 1.726522
    47 1.405918 0.000021 -0.000007 -0.008992 -0.028075 1.183726
    48 1.175369 -0.000131 0.000002 0.073099 0.099343 0.591189
    49 4.526756 0.690460 1.120842 -0.485496 -0.175754 1.641301
    50 1.744041 -0.000031 -0.000002 -0.025718 -0.014586 1.468156
    51 1.368763 -0.000031 -0.000017 0.050831 0.150370 0.142238
    52 1.874855 0.935081 -0.999130 2.140419 0.508664 1.105356
    53 1.523449 -0.000034 -0.000003 -0.458422 -0.071075 0.751842
    54 1.599281 -0.000002 0.000009 0.081353 -0.018825 1.052932
    55 4.123351 1.860031 -0.741586 3.139446 0.288360 -2.792691
    56 5.511806 -0.000002 0.000006 -0.907938 0.000000 0.000000
    57 0.196850 0.000003 -0.000002 -0.348225 0.000015 -0.000002
    58 0.000000 0.000000 0.000000 -0.020328 0.005107 -1.586474
    59 19.617481 1.625451 -12.042994 -1.375602 0.862861 -0.879734
    60 0.516761 0.000000 0.128687 0.000000 0.000000 0.000000
    61 0.557412 0.000000 -0.302896 0.000000 0.000000 0.000000
    62 1.388578 -0.009689 0.998071 0.000000 0.924975 0.000000
    63 -1.500303 -0.009689 0.357642 0.000000 0.000000 0.000000
    64 -2.978541 -0.009687 2.091135 0.000000 0.000000 0.000000
    65 -1.126226 -0.584940 -0.293134 0.000000 0.000000 0.000000
  time 55
    0 -0.000001 7.450089 -27.509026 0.000000 0.000000 0.000031
    1 -0.000002 0.000000 0.000000 1.570743 -1.567137 -1.570743
    2 4.255468 -0.335183 -0.000002 0.000000 0.000000 -0.124848
    3 7.431248 1.496477 0.000002 0.000000 0.000000 0.245450
    4 5.278479 0.165541 0.000001 0.000000 0.000000 0.048511
    5 3.455526 -8.400610 1.488976 1.975864 1.159909 -1.298786
  6 -6.214482 -0.000007 -0.000027 -2.388428 -0.326365 0.961337
  7 11.944882 0.000000 0.000001 -0.097701 0.142828 0.861359
    8 10.620181 0.000002 0.000000 0.710012 0.046635 2.218460
    9 -4.751106 -0.694494 0.830577 -0.265066 -0.185212 0.638415
    10 -1.688068 0.000046 -0.000032 0.017318 -0.017625 0.661047
    11 -1.336140 0.000057 -0.000012 0.026268 0.002327 0.462662
    12 -4.820494 -0.509460 -0.224759 -0.387629 -0.157873 1.437294
    13 -1.826992 -0.000064 0.000006 -0.008328 0.039588 1.065564
    14 -1.436573 0.000006 0.000002 -0.060134 -0.049384 0.791627
    15 -3.992355 -0.891188 -1.827909 -0.524035 -0.011224 1.323612
    16 -1.405918 -0.000025 -0.000003 0.000590 -0.029494 0.855908
    17 -1.175358 0.000128 -0.000020 0.064417 0.021463 1.153028
    18 -4.526751 -0.690575 -1.120744 -0.418129 0.007769 1.492663
    19 -1.744038 0.000033 -0.000008 -0.019053 -0.022614 1.113174
    20 -1.368771 0.000025 0.000002 0.037954 0.036187 0.704409
    21 -1.718807 -1.282706 0.931533 1.575721 0.719793 0.767447
    22 -1.523453 0.000032 0.000031 0.067008 -0.064052 0.809655
    23 -1.599285 0.000004 0.000016 -0.081649 -0.031942 0.967523
    24 -4.170137 -1.854461 0.753395 -0.190417 -0.170868 0.450040
    25 -0.420462 -0.018745 1.271440 0.000000 0.000000 0.000000
    26 0.516761 0.000000 0.128687 0.000000 0.000000 0.000000
    27 0.557412 0.000000 -0.302895 0.000000 0.000000 0.000000
    28 1.388578 -0.009689 0.998069 0.000000 0.924975 0.000000
    29 -1.500304 -0.009689 0.357643 0.000000 0.000002 0.000000
    30 -0.761999 -0.009687 2.091125 0.000000 0.000002 0.000000
    31 -1.126226 -0.584940 -0.293132 0.000000 0.000002 0.000000
    32 4.367043 0.145741 -1.518017 0.343408 1.059062 1.581273
    33 2.411312 -9.708948 -4.567505 3.084879 1.092459 -1.962120
    34 5.511815 0.000008 -0.000001 2.243153 0.000000 3.141593
    35 0.196847 -0.000001 0.000003 2.793407 0.000006 -3.141577
    36 3.455526 -8.400609 -1.488978 1.975862 1.159909 1.842803
    37 6.214485 0.000006 0.000020 -0.370365 0.498082 -1.665355
    38 11.944885 -0.000029 -0.000194 -1.056222 -0.342567 -1.365932
    39 10.620166 0.000002 0.000010 -2.249110 -0.966505 0.752261
    40 4.751156 0.694376 -0.830473 0.149202 -0.173531 0.598466
    41 1.688065 -0.000026 0.000002 0.024668 -0.001752 -0.060982
    42 1.336151 -0.000051 -0.000009 0.031600 -0.022318 -0.584616
    43 4.820513 0.509340 0.224865 -0.282059 -0.320142 1.392856
    44 1.826996 0.000066 0.000008 0.004297 0.040213 1.379384
    45 1.436577 -0.000010 0.000007 0.007051 -0.013384 0.358405
    46 3.992353 0.891087 1.827994 -0.535673 0.001046 1.726522
    47 1.405918 0.000021 -0.000007 -0.008992 -0.028075 1.183726
    48 1.175369 -0.000131 0.000002 0.073099 0.099343 0.591189
    49 4.526756 0.690460 1.120842 -0.485496 -0.175754 1.641301
    50 1.744041 -0.000031 -0.000002 -0.025718 -0.014586 1.468156
    51 1.368763 -0.000031 -0.000017 0.050831 0.150370 0.142238
    52 1.874855 0.935081 -0.999130 2.126006 0.483450 1.082862
    53 1.523449 -0.000034 -0.000003 -0.460179 -0.057098 0.780184
    54 1.599281 -0.000002 0.000009 0.079776 -0.024525 1.123837
    55 4.123351 1.860031 -0.741586 3.139446 0.288360 -2.792691
    56 5.511806 -0.000002 0.000006 -0.907938 0.000000 0.000000
    57 0.196850 0.000003 -0.000002 -0.348225 0.000015 -0.000002
    58 0.000000 0.000000 0.000000 -0.020605 0.007523 -1.586414
    59 17.466782 0.801497 -12.721788 -1.071747 0.850405 -0.578603
    60 0.516761 0.000000 0.128687 0.000000 0.000000 0.000000
    61 0.557412 0.000000 -0.302896 0.000000 0.000000 0.000000
    62 1.388578 -0.009689 0.998071 0.000000 0.924975 0.000000
    63 -1.500303 -0.009689 0.357642 0.000000 0.000000 0.000000
    64 -2.978541 -0.009687 2.091135 0.000000 0.000000 0.000000
    65 -1.126226 -0.584940 -0.293134 0.000000 0.000000 0.000000
  time 56
    0 -0.000001 7.450089 -27.509026 0.000000 0.000000 0.000031
    1 -0.000002 0.000000 0.000000 1.570743 -1.567137 -1.570743
    2 4.255468 -0.335183 -0.000002 0.000000 0.000000 -0.124848
    3 7.431248 1.496477 0.000002 0.000000 0.000000 0.245450
    4 5.278479 0.165541 0.000001 0.000000 0.000000 0.048511
    5 3.455526 -8.400610 1.488976 1.975864 1.159909 -1.298786
  6 -6.214482 -0.000007 -0.000027 -2.320178 -0.294676 0.885693
  7 11.944882 0.000000 0.000001 -0.080630 0.139314 0.701284
    8 10.620181 0.000002 0.000000 0.876449 -0.024768 2.166865
    9 -4.751106 -0.694494 0.830577 -0.265066 -0.185212 0.638415
    10 -1.688068 0.000046 -0.000032 0.017318 -0.017625 0.661047
    11 -1.336140 0.000057 -0.000012 0.026268 0.002327 0.462662
    12 -4.820494 -0.509460 -0.224759 -0.387629 -0.157873 1.437294
    13 -1.826992 -0.000064 0.000006 -0.008328 0.039588 1.065564
    14 -1.436573 0.000006 0.000002 -0.060134 -0.049384 0.791627
    15 -3.992355 -0.891188 -1.827909 -0.524035 -0.011224 1.323612
    16 -1.405918 -0.000025 -0.000003 0.000590 -0.029494 0.855908
    17 -1.175358 0.000128 -0.000020 0.064417 0.021463 1.153028
    18 -4.526751 -0.690575 -1.120744 -0.418129 0.007769 1.492663
    19 -1.744038 0.000033 -0.000008 -0.019053 -0.022614 1.113174
    20 -1.368771 0.000025 0.000002 0.037954 0.036187 0.704409
    21 -1.718807 -1.282706 0.931533 1.575721 0.719793 0.767447
    22 -1.523453 0.000032 0.000031 0.067008 -0.064052 0.809655
    23 -1.599285 0.000004 0.000016 -0.081649 -0.031942 0.967523
    24 -4.170137 -1.854461 0.753395 -0.190417 -0.170868 0.450040
    25 -0.420465 -0.018744 1.271440 0.000000 0.000000 0.000000
    26 0.516761 0.000000 0.128687 0.000000 0.000000 0.000000
    27 0.557412 0.000000 -0.302895 0.000000 0.000000 0.000000
    28 1.388578 -0.009689 0.998069 0.000000 0.924975 0.000000
    29 -1.500304 -0.009689 0.357643 0.000000 0.000002 0.000000
    30 -0.761999 -0.009687 2.091125 0.000000 0.000002 0.000000
    31 -1.126226 -0.584940 -0.293132 0.000000 0.000002 0.000000
    32 4.367043 0.145741 -1.518017 0.343408 1.059062 1.581273
    33 2.372684 -11.736193 -2.995420 2.650988 0.914076 -2.115770
    34 5.511815 0.000008 -0.000001 2.243153 0.000000 3.141593
    35 0.196847 -0.000001 0.000003 2.793407 0.000006 -3.141577
    36 3.455526 -8.400609 -1.488978 1.975862 1.159909 1.842803
    37 6.214485 0.000006 0.000020 -0.387514 0.480032 -1.657719
    38 11.944885 -0.000029 -0.000194 -1.076260 -0.338011 -1.306003
    39 10.620166 0.000002 0.000010 -1.987022 -0.949816 0.422473
    40 4.751156 0.694376 -0.830473 0.149202 -0.173531 0.598466
    41 1.688065 -0.000026 0.000002 0.024668 -0.001752 -0.060982
    42 1.336151 -0.000051 -0.000009 0.031600 -0.022318 -0.584616
    43 4.820513 0.509340 0.224865 -0.282059 -0.320142 1.392856
    44 1.826996 0.000066 0.000008 0.004297 0.040213 1.379384
    45 1.436577 -0.000010 0.000007 0.007051 -0.013384 0.358405
    46 3.992353 0.891087 1.827994 -0.535673 0.001046 1.726522
    47 1.405918 0.000021 -0.000007 -0.008992 -0.028075 1.183726
    48 1.175369 -0.000131 0.000002 0.073099 0.099343 0.591189
    49 4.526756 0.690460 1.120842 -0.485496 -0.175754 1.641301
    50 1.744041 -0.000031 -0.000002 -0.025718 -0.014586 1.468156
    51 1.368763 -0.000031 -0.000017 0.050831 0.150370 0.142238
    52 1.874855 0.935081 -0.999130 2.126006 0.483450 1.082862
    53 1.523449 -0.000034 -0.000003 -0.460179 -0.057098 0.780184
    54 1.599281 -0.000002 0.000009 0.079776 -0.024525 1.123837
    55 4.123351 1.860031 -0.741586 3.139446 0.288360 -2.792691
    56 5.511806 -0.000002 0.000006 -0.907938 0.000000 0.000000
    57 0.196850 0.000003 -0.000002 -0.348225 0.000015 -0.000002
    58 0.000000 0.000000 0.000000 -0.020971 0.010111 -1.586356
    59 14.836000 -0.175353 -13.526553 -0.723364 0.756266 -0.233515
    60 0.516761 0.000000 0.128687 0.000000 0.000000 0.000000
    61 0.557412 0.000000 -0.302896 0.000000 0.000000 0.000000
    62 1.388578 -0.009689 0.998071 0.000000 0.924975 0.000000
    63 -1.500303 -0.009689 0.357642 0.000000 0.000000 0.000000
    64 -2.978541 -0.009687 2.091135 0.000000 0.000000 0.000000
    65 -1.126226 -0.584940 -0.293134 0.000000 0.000000 0.000000
  time 57
    0 -0.000001 7.450089 -27.509026 0.000000 0.000000 0.000031
    1 -0.000002 0.000000 0.000000 1.570743 -1.567137 -1.570743
    2 4.255468 -0.335183 -0.000002 0.000000 0.000000 -0.124848
    3 7.431248 1.496477 0.000002 0.000000 0.000000 0.245450
    4 5.278479 0.165541 0.000001 0.000000 0.000000 0.048511
    5 3.455526 -8.400610 1.488976 1.975864 1.159909 -1.298786
  6 -6.214482 -0.000007 -0.000027 -2.311255 -0.297720 0.871850
  7 11.944882 0.000000 0.000001 -0.047548 0.102432 0.630530
    8 10.620181 0.000002 0.000000 0.960976 -0.109338 2.120360
    9 -4.751106 -0.694494 0.830577 -0.265066 -0.185212 0.638415
    10 -1.688068 0.000046 -0.000032 0.017318 -0.017625 0.661047
    11 -1.336140 0.000057 -0.000012 0.026268 0.002327 0.462662
    12 -4.820494 -0.509460 -0.224759 -0.387629 -0.157873 1.437294
    13 -1.826992 -0.000064 0.000006 -0.008328 0.039588 1.065564
    14 -1.436573 0.000006 0.000002 -0.060134 -0.049384 0.791627
    15 -3.992355 -0.891188 -1.827909 -0.524035 -0.011224 1.323612
    16 -1.405918 -0.000025 -0.000003 0.000590 -0.029494 0.855908
    17 -1.175358 0.000128 -0.000020 0.064417 0.021463 1.153028
    18 -4.526751 -0.690575 -1.120744 -0.418129 0.007769 1.492663
    19 -1.744038 0.000033 -0.000008 -0.019053 -0.022614 1.113174
    20 -1.368771 0.000025 0.000002 0.037954 0.036187 0.704409
    21 -1.718807 -1.282706 0.931533 1.575721 0.719793 0.767447
    22 -1.523453 0.000032 0.000031 0.067008 -0.064052 0.809655
    23 -1.599285 0.000004 0.000016 -0.081649 -0.031942 0.967523
    24 -4.170137 -1.854461 0.753395 -0.190417 -0.170868 0.450040
    25 -0.420460 -0.018743 1.271438 0.000000 0.000000 0.000000
    26 0.516761 0.000000 0.128687 0.000000 0.000000 0.000000
    27 0.557412 0.000000 -0.302895 0.000000 0.000000 0.000000
    28 1.388578 -0.009689 0.998069 0.000000 0.924975 0.000000
    29 -1.500304 -0.009689 0.357643 0.000000 0.000002 0.000000
    30 -0.761999 -0.009687 2.091125 0.000000 0.000002 0.000000
    31 -1.126226 -0.584940 -0.293132 0.000000 0.000002 0.000000
    32 4.367043 0.145741 -1.518017 0.343408 1.059062 1.581273
    33 3.780342 -13.196424 -1.136430 2.188380 0.749200 -2.326518
    34 5.511815 0.000008 -0.000001 2.243153 0.000000 3.141593
    35 0.196847 -0.000001 0.000003 2.793407 0.000006 -3.141577
    36 3.455526 -8.400609 -1.488978 1.975862 1.159909 1.842803
    37 6.214485 0.000006 0.000020 -0.368637 0.465260 -1.678774
    38 11.944885 -0.000029 -0.000194 -1.102642 -0.330232 -1.225693
    39 10.620166 0.000002 0.000010 -1.894717 -0.902765 0.181516
    40 4.751156 0.694376 -0.830473 0.149202 -0.173531 0.598466
    41 1.688065 -0.000026 0.000002 0.024668 -0.001752 -0.060982
    42 1.336151 -0.000051 -0.000009 0.031600 -0.022318 -0.584616
    43 4.820513 0.509340 0.224865 -0.282059 -0.320142 1.392856
    44 1.826996 0.000066 0.000008 0.004297 0.040213 1.379384
    45 1.436577 -0.000010 0.000007 0.007051 -0.013384 0.358405
    46 3.992353 0.891087 1.827994 -0.535673 0.001046 1.726522
    47 1.405918 0.000021 -0.000007 -0.008992 -0.028075 1.183726
    48 1.175369 -0.000131 0.000002 0.073099 0.099343 0.591189
    49 4.526756 0.690460 1.120842 -0.485496 -0.175754 1.641301
    50 1.744041 -0.000031 -0.000002 -0.025718 -0.014586 1.468156
    51 1.368763 -0.000031 -0.000017 0.050831 0.150370 0.142238
    52 1.874855 0.935081 -0.999130 2.126006 0.483450 1.082862
    53 1.523449 -0.000034 -0.000003 -0.460179 -0.057098 0.780184
    54 1.599281 -0.000002 0.000009 0.079776 -0.024525 1.123837
    55 4.123351 1.860031 -0.741586 3.139446 0.288360 -2.792691
    56 5.511806 -0.000002 0.000006 -0.907938 0.000000 0.000000
    57 0.196850 0.000003 -0.000002 -0.348225 0.000015 -0.000002
    58 0.000000 0.000000 0.000000 -0.021334 0.012527 -1.586211
    59 11.944494 -1.203170 -14.373304 -0.429631 0.574829 0.057002
    60 0.516761 0.000000 0.128687 0.000000 0.000000 0.000000
    61 0.557412 0.000000 -0.302896 0.000000 0.000000 0.000000
    62 1.388578 -0.009689 0.998071 0.000000 0.924975 0.000000
    63 -1.500303 -0.009689 0.357642 0.000000 0.000000 0.000000
    64 -2.978541 -0.009687 2.091135 0.000000 0.000000 0.000000
    65 -1.126226 -0.584940 -0.293134 0.000000 0.000000 0.000000
  time 58
    0 -0.000001 7.450089 -27.509026 0.000000 0.000000 0.000031
    1 -0.000002 0.000000 0.000000 1.570743 -1.567137 -1.570743
    2 4.255468 -0.335183 -0.000002 0.000000 0.000000 -0.124848
    3 7.431248 1.496477 0.000002 0.000000 0.000000 0.245450
    4 5.278479 0.165541 0.000001 0.000000 0.000000 0.048511
    5 3.455526 -8.400610 1.488976 1.975864 1.159909 -1.298786
  6 -6.214482 -0.000007 -0.000027 -2.398252 -0.285287 0.858101
  7 11.944882 0.000000 0.000001 0.016925 0.032253 0.555267
    8 10.620181 0.000002 0.000000 0.942299 -0.196928 2.166134
    9 -4.751106 -0.694494 0.830577 -0.265066 -0.185212 0.638415
    10 -1.688068 0.000046 -0.000032 0.017318 -0.017625 0.661047
    11 -1.336140 0.000057 -0.000012 0.026268 0.002327 0.462662
    12 -4.820494 -0.509460 -0.224759 -0.387629 -0.157873 1.437294
    13 -1.826992 -0.000064 0.000006 -0.008328 0.039588 1.065564
    14 -1.436573 0.000006 0.000002 -0.060134 -0.049384 0.791627
    15 -3.992355 -0.891188 -1.827909 -0.524035 -0.011224 1.323612
    16 -1.405918 -0.000025 -0.000003 0.000590 -0.029494 0.855908
    17 -1.175358 0.000128 -0.000020 0.064417 0.021463 1.153028
    18 -4.526751 -0.690575 -1.120744 -0.418129 0.007769 1.492663
    19 -1.744038 0.000033 -0.000008 -0.019053 -0.022614 1.113174
    20 -1.368771 0.000025 0.000002 0.037954 0.036187 0.704409
    21 -1.718807 -1.282706 0.931533 1.575721 0.719793 0.767447
    22 -1.523453 0.000032 0.000031 0.067008 -0.064052 0.809655
    23 -1.599285 0.000004 0.000016 -0.081649 -0.031942 0.967523
    24 -4.170137 -1.854461 0.753395 -0.190417 -0.170868 0.450040
    25 -0.420465 -0.018745 1.271441 0.000000 0.000000 0.000000
    26 0.516761 0.000000 0.128687 0.000000 0.000000 0.000000
    27 0.557412 0.000000 -0.302895 0.000000 0.000000 0.000000
    28 1.388578 -0.009689 0.998069 0.000000 0.924975 0.000000
    29 -1.500304 -0.009689 0.357643 0.000000 0.000002 0.000000
    30 -0.761999 -0.009687 2.091125 0.000000 0.000002 0.000000
    31 -1.126226 -0.584940 -0.293132 0.000000 0.000002 0.000000
    32 4.367043 0.145741 -1.518017 0.343408 1.059062 1.581273
    33 7.287655 -14.756407 0.070008 1.819328 0.529134 -2.497759
    34 5.511815 0.000008 -0.000001 2.243153 0.000000 3.141593
    35 0.196847 -0.000001 0.000003 2.793407 0.000006 -3.141577
    36 3.455526 -8.400609 -1.488978 1.975862 1.159909 1.842803
    37 6.214485 0.000006 0.000020 -0.362356 0.449407 -1.704713
    38 11.944885 -0.000029 -0.000194 -1.127303 -0.320719 -1.148481
    39 10.620166 0.000002 0.000010 -1.908557 -0.831139 0.061952
    40 4.751156 0.694376 -0.830473 0.149202 -0.173531 0.598466
    41 1.688065 -0.000026 0.000002 0.024668 -0.001752 -0.060982
    42 1.336151 -0.000051 -0.000009 0.031600 -0.022318 -0.584616
    43 4.820513 0.509340 0.224865 -0.282059 -0.320142 1.392856
    44 1.826996 0.000066 0.000008 0.004297 0.040213 1.379384
    45 1.436577 -0.000010 0.000007 0.007051 -0.013384 0.358405
    46 3.992353 0.891087 1.827994 -0.535673 0.001046 1.726522
    47 1.405918 0.000021 -0.000007 -0.008992 -0.028075 1.183726
    48 1.175369 -0.000131 0.000002 0.073099 0.099343 0.591189
    49 4.526756 0.690460 1.120842 -0.485496 -0.175754 1.641301
    50 1.744041 -0.000031 -0.000002 -0.025718 -0.014586 1.468156
    51 1.368763 -0.000031 -0.000017 0.050831 0.150370 0.142238
    52 1.874855 0.935081 -0.999130 2.126006 0.483450 1.082862
    53 1.523449 -0.000034 -0.000003 -0.460179 -0.057098 0.780184
    54 1.599281 -0.000002 0.000009 0.079776 -0.024525 1.123837
    55 4.123351 1.860031 -0.741586 3.139446 0.288360 -2.792691
    56 5.511806 -0.000002 0.000006 -0.907938 0.000000 0.000000
    57 0.196850 0.000003 -0.000002 -0.348225 0.000015 -0.000002
    58 0.000000 0.000000 0.000000 -0.021782 0.014682 -1.586151
    59 9.011610 -2.180021 -15.178064 -0.222640 0.351313 0.261443
    60 0.516761 0.000000 0.128687 0.000000 0.000000 0.000000
    61 0.557412 0.000000 -0.302896 0.000000 0.000000 0.000000
    62 1.388578 -0.009689 0.998071 0.000000 0.924975 0.000000
    63 -1.500303 -0.009689 0.357642 0.000000 0.000000 0.000000
    64 -2.978541 -0.009687 2.091135 0.000000 0.000000 0.000000
    65 -1.126226 -0.584940 -0.293134 0.000000 0.000000 0.000000
  time 59
    0 -0.000001 7.450089 -27.509026 0.000000 0.000000 0.000031
    1 -0.000002 0.000000 0.000000 1.570743 -1.567137 -1.570743
    2 4.255468 -0.335183 -0.000002 0.000000 0.000000 -0.124848
    3 7.431248 1.496477 0.000002 0.000000 0.000000 0.245450
    4 5.278479 0.165541 0.000001 0.000000 0.000000 0.048511
    5 3.455526 -8.400610 1.488976 1.975864 1.159909 -1.298786
  6 -6.214482 -0.000007 -0.000027 -2.553019 -0.261122 0.847352
  7 11.944882 0.000000 0.000001 0.075489 -0.032884 0.475465
    8 10.620181 0.000002 0.000000 0.872361 -0.271782 2.331787
    9 -4.751106 -0.694494 0.830577 -0.265066 -0.185212 0.638415
    10 -1.688068 0.000046 -0.000032 0.017318 -0.017625 0.661047
    11 -1.336140 0.000057 -0.000012 0.026268 0.002327 0.462662
    12 -4.820494 -0.509460 -0.224759 -0.387629 -0.157873 1.437294
    13 -1.826992 -0.000064 0.000006 -0.008328 0.039588 1.065564
    14 -1.436573 0.000006 0.000002 -0.060134 -0.049384 0.791627
    15 -3.992355 -0.891188 -1.827909 -0.524035 -0.011224 1.323612
    16 -1.405918 -0.000025 -0.000003 0.000590 -0.029494 0.855908
    17 -1.175358 0.000128 -0.000020 0.064417 0.021463 1.153028
    18 -4.526751 -0.690575 -1.120744 -0.418129 0.007769 1.492663
    19 -1.744038 0.000033 -0.000008 -0.019053 -0.022614 1.113174
    20 -1.368771 0.000025 0.000002 0.037954 0.036187 0.704409
    21 -1.718807 -1.282706 0.931533 1.575721 0.719793 0.767447
    22 -1.523453 0.000032 0.000031 0.067008 -0.064052 0.809655
    23 -1.599285 0.000004 0.000016 -0.081649 -0.031942 0.967523
    24 -4.170137 -1.854461 0.753395 -0.190417 -0.170868 0.450040
    25 -0.420460 -0.018744 1.271442 0.000000 0.000000 0.000000
    26 0.516761 0.000000 0.128687 0.000000 0.000000 0.000000
    27 0.557412 0.000000 -0.302895 0.000000 0.000000 0.000000
    28 1.388578 -0.009689 0.998069 0.000000 0.924975 0.000000
    29 -1.500304 -0.009689 0.357643 0.000000 0.000002 0.000000
    30 -0.761999 -0.009687 2.091125 0.000000 0.000002 0.000000
    31 -1.126226 -0.584940 -0.293132 0.000000 0.000002 0.000000
    32 4.367043 0.145741 -1.518017 0.343408 1.059062 1.581273
    33 11.340531 -15.727565 -0.259355 1.615852 0.296829 -2.576133
    34 5.511815 0.000008 -0.000001 2.243153 0.000000 3.141593
    35 0.196847 -0.000001 0.000003 2.793407 0.000006 -3.141577
    36 3.455526 -8.400609 -1.488978 1.975862 1.159909 1.842803
    37 6.214485 0.000006 0.000020 -0.362507 0.435517 -1.728060
    38 11.944885 -0.000029 -0.000194 -1.147241 -0.311504 -1.084308
    39 10.620166 0.000002 0.000010 -1.970924 -0.752790 0.013952
    40 4.751156 0.694376 -0.830473 0.149202 -0.173531 0.598466
    41 1.688065 -0.000026 0.000002 0.024668 -0.001752 -0.060982
    42 1.336151 -0.000051 -0.000009 0.031600 -0.022318 -0.584616
    43 4.820513 0.509340 0.224865 -0.282059 -0.320142 1.392856
    44 1.826996 0.000066 0.000008 0.004297 0.040213 1.379384
    45 1.436577 -0.000010 0.000007 0.007051 -0.013384 0.358405
    46 3.992353 0.891087 1.827994 -0.535673 0.001046 1.726522
    47 1.405918 0.000021 -0.000007 -0.008992 -0.028075 1.183726
    48 1.175369 -0.000131 0.000002 0.073099 0.099343 0.591189
    49 4.526756 0.690460 1.120842 -0.485496 -0.175754 1.641301
    50 1.744041 -0.000031 -0.000002 -0.025718 -0.014586 1.468156
    51 1.368763 -0.000031 -0.000017 0.050831 0.150370 0.142238
    52 1.874855 0.935081 -0.999130 2.126006 0.483450 1.082862
    53 1.523449 -0.000034 -0.000003 -0.460179 -0.057098 0.780184
    54 1.599281 -0.000002 0.000009 0.079776 -0.024525 1.123837
    55 4.123351 1.860031 -0.741586 3.139446 0.288360 -2.792691
    56 5.511806 -0.000002 0.000006 -0.907938 0.000000 0.000000
    57 0.196850 0.000003 -0.000002 -0.348225 0.000015 -0.000002
    58 0.000000 0.000000 0.000000 -0.022054 0.016495 -1.586001
    59 6.256696 -3.003973 -15.856876 -0.083086 0.141221 0.399835
    60 0.516761 0.000000 0.128687 0.000000 0.000000 0.000000
    61 0.557412 0.000000 -0.302896 0.000000 0.000000 0.000000
    62 1.388578 -0.009689 0.998071 0.000000 0.924975 0.000000
    63 -1.500303 -0.009689 0.357642 0.000000 0.000000 0.000000
    64 -2.978541 -0.009687 2.091135 0.000000 0.000000 0.000000
    65 -1.126226 -0.584940 -0.293134 0.000000 0.000000 0.000000
  time 60
    0 -0.000001 7.450089 -27.509026 0.000000 0.000000 0.000031
    1 -0.000002 0.000000 0.000000 1.570743 -1.567137 -1.570743
    2 4.255468 -0.335183 -0.000002 0.000000 0.000000 -0.124848
    3 7.431248 1.496477 0.000002 0.000000 0.000000 0.245450
    4 5.278479 0.165541 0.000001 0.000000 0.000000 0.048511
    5 3.455526 -8.400610 1.488976 1.975864 1.159909 -1.298786
  6 -6.214482 -0.000007 -0.000027 -2.636485 -0.237821 0.830491
  7 11.944882 0.000000 0.000001 0.104610 -0.051339 0.397481
    8 10.620181 0.000002 0.000000 0.860639 -0.264874 2.525797
    9 -4.751106 -0.694494 0.830577 -0.265066 -0.185212 0.638415
    10 -1.688068 0.000046 -0.000032 0.017318 -0.017625 0.661047
    11 -1.336140 0.000057 -0.000012 0.026268 0.002327 0.462662
    12 -4.820494 -0.509460 -0.224759 -0.387629 -0.157873 1.437294
    13 -1.826992 -0.000064 0.000006 -0.008328 0.039588 1.065564
    14 -1.436573 0.000006 0.000002 -0.060134 -0.049384 0.791627
    15 -3.992355 -0.891188 -1.827909 -0.524035 -0.011224 1.323612
    16 -1.405918 -0.000025 -0.000003 0.000590 -0.029494 0.855908
    17 -1.175358 0.000128 -0.000020 0.064417 0.021463 1.153028
    18 -4.526751 -0.690575 -1.120744 -0.418129 0.007769 1.492663
    19 -1.744038 0.000033 -0.000008 -0.019053 -0.022614 1.113174
    20 -1.368771 0.000025 0.000002 0.037954 0.036187 0.704409
    21 -1.718803 -1.282703 0.931534 1.575721 0.719793 0.767447
    22 -1.523453 0.000032 0.000031 0.067008 -0.064052 0.809655
    23 -1.599285 0.000004 0.000016 -0.081649 -0.031942 0.967523
    24 -4.170126 -1.854398 0.753332 -0.190417 -0.170868 0.450040
    25 -0.420465 -0.018743 1.271440 0.000000 0.000002 0.000000
    26 0.516761 0.000000 0.128687 0.000000 0.000000 0.000000
    27 0.557412 0.000000 -0.302895 0.000000 0.000000 0.000000
    28 1.388578 -0.009689 0.998069 0.000000 0.924975 0.000000
    29 -1.500304 -0.009689 0.357643 0.000000 0.000002 0.000000
    30 -0.761999 -0.009687 2.091128 0.000000 0.000002 0.000000
    31 -1.126226 -0.584940 -0.293132 0.000000 0.000002 0.000000
    32 4.366932 0.145734 -1.517929 0.343472 1.058997 1.581272
    33 13.583153 -15.708016 -0.151912 1.594214 0.138055 -2.585859
    34 5.511815 0.000008 -0.000001 2.243153 0.000000 3.141593
    35 0.196847 -0.000001 0.000003 2.793407 0.000006 -3.141577
    36 3.455526 -8.400609 -1.488978 1.975862 1.159909 1.842803
    37 6.214485 0.000006 0.000020 -0.364483 0.425432 -1.743200
    38 11.944885 -0.000029 -0.000194 -1.161133 -0.304117 -1.038734
    39 10.620166 0.000002 0.000010 -2.036665 -0.675660 -0.000616
    40 4.751156 0.694376 -0.830473 0.149202 -0.173531 0.598466
    41 1.688065 -0.000026 0.000002 0.024668 -0.001752 -0.060982
    42 1.336151 -0.000051 -0.000009 0.031600 -0.022318 -0.584616
    43 4.820513 0.509340 0.224865 -0.282059 -0.320142 1.392856
    44 1.826996 0.000066 0.000008 0.004297 0.040213 1.379384
    45 1.436577 -0.000010 0.000007 0.007051 -0.013384 0.358405
    46 3.992353 0.891087 1.827994 -0.535673 0.001046 1.726522
    47 1.405918 0.000021 -0.000007 -0.008992 -0.028075 1.183726
    48 1.175369 -0.000131 0.000002 0.073099 0.099343 0.591189
    49 4.526756 0.690460 1.120842 -0.485496 -0.175754 1.641301
    50 1.744041 -0.000031 -0.000002 -0.025718 -0.014586 1.468156
    51 1.368763 -0.000031 -0.000017 0.050831 0.150370 0.142238
    52 1.874855 0.935081 -0.999130 2.126006 0.483450 1.082862
    53 1.523449 -0.000034 -0.000003 -0.460179 -0.057098 0.780184
    54 1.599281 -0.000002 0.000009 0.079776 -0.024525 1.123837
    55 4.123355 1.860057 -0.741599 3.139446 0.288360 -2.792691
    56 5.511806 -0.000002 0.000006 -0.907938 0.000000 0.000000
    57 0.196850 0.000003 -0.000002 -0.348225 0.000015 -0.000002
    58 0.000000 0.000000 0.000000 -0.022320 0.017617 -1.585843
    59 3.899089 -3.573095 -16.325729 0.012696 -0.015247 0.497180
    60 0.516761 0.000000 0.128687 0.000000 0.000000 0.000000
    61 0.557412 0.000000 -0.302896 0.000000 0.000000 0.000000
    62 1.388578 -0.009689 0.998071 0.000000 0.924975 0.000000
    63 -1.500303 -0.009689 0.357642 0.000000 0.000000 0.000000
    64 -2.978541 -0.009687 2.091135 0.000000 0.000000 0.000000
    65 -1.126226 -0.584940 -0.293134 0.000000 0.000000 0.000000
  time 61
    0 -0.000001 7.450089 -27.509026 0.000000 0.000000 0.000031
    1 -0.000002 0.000000 0.000000 1.570743 -1.567137 -1.570743
    2 4.255468 -0.335183 -0.000002 0.000000 0.000000 -0.124848
    3 7.431248 1.496477 0.000002 0.000000 0.000000 0.245450
    4 5.278479 0.165541 0.000001 0.000000 0.000000 0.048511
    5 3.455526 -8.400610 1.488976 1.975864 1.159909 -1.298786
  6 -6.214482 -0.000007 -0.000027 -2.661664 -0.225711 0.795559
  7 11.944882 0.000000 0.000001 0.097103 -0.070878 0.315947
    8 10.620181 0.000002 0.000000 0.760190 0.000486 2.780816
    9 -4.751106 -0.694494 0.830577 -0.265066 -0.185212 0.638415
    10 -1.688068 0.000046 -0.000032 0.017318 -0.017625 0.661047
    11 -1.336140 0.000057 -0.000012 0.026268 0.002327 0.462662
    12 -4.820494 -0.509460 -0.224759 -0.387629 -0.157873 1.437294
    13 -1.826992 -0.000064 0.000006 -0.008328 0.039588 1.065564
    14 -1.436573 0.000006 0.000002 -0.060134 -0.049384 0.791627
    15 -3.992355 -0.891188 -1.827909 -0.524035 -0.011224 1.323612
    16 -1.405918 -0.000025 -0.000003 0.000590 -0.029494 0.855908
    17 -1.175358 0.000128 -0.000020 0.064417 0.021463 1.153028
    18 -4.526751 -0.690575 -1.120744 -0.418129 0.007769 1.492663
    19 -1.744038 0.000033 -0.000008 -0.019053 -0.022614 1.113174
    20 -1.368771 0.000025 0.000002 0.037954 0.036187 0.704409
    21 -1.718803 -1.282703 0.931534 1.464273 0.682354 0.730160
    22 -1.523453 0.000032 0.000031 0.075810 -0.053260 0.659589
    23 -1.599285 0.000004 0.000016 -0.043611 -0.076111 0.290317
    24 -4.170126 -1.854398 0.753332 -0.190417 -0.170868 0.450040
    25 -0.420465 -0.018743 1.271440 0.000000 0.000002 0.000000
    26 0.516761 0.000000 0.128687 0.000000 0.000000 0.000000
    27 0.557412 0.000000 -0.302895 0.000000 0.000000 0.000000
    28 1.388578 -0.009689 0.998069 0.000000 0.924975 0.000000
    29 -1.500304 -0.009689 0.357643 0.000000 0.000002 0.000000
    30 -0.761995 -0.009688 2.091122 0.000000 0.000002 0.000000
    31 -1.126226 -0.584940 -0.293132 0.000000 0.000002 0.000000
    32 4.366932 0.145734 -1.517929 0.343408 1.059062 1.581273
    33 6.548056 -15.781096 9.452141 2.083942 0.380654 -2.659852
    34 5.511815 0.000008 -0.000001 2.243153 0.000000 3.141593
    35 0.196847 -0.000001 0.000003 2.793407 0.000006 -3.141577
    36 3.455526 -8.400609 -1.488978 1.975862 1.159909 1.842803
    37 6.214485 0.000006 0.000020 -0.367753 0.420839 -1.746410
    38 11.944885 -0.000029 -0.000194 -1.167916 -0.300206 -1.015838
    39 10.620166 0.000002 0.000010 -2.072169 -0.606559 -0.006511
    40 4.751156 0.694376 -0.830473 0.149202 -0.173531 0.598466
    41 1.688065 -0.000026 0.000002 0.024668 -0.001752 -0.060982
    42 1.336151 -0.000051 -0.000009 0.031600 -0.022318 -0.584616
    43 4.820513 0.509340 0.224865 -0.282059 -0.320142 1.392856
    44 1.826996 0.000066 0.000008 0.004297 0.040213 1.379384
    45 1.436577 -0.000010 0.000007 0.007051 -0.013384 0.358405
    46 3.992353 0.891087 1.827994 -0.535673 0.001046 1.726522
    47 1.405918 0.000021 -0.000007 -0.008992 -0.028075 1.183726
    48 1.175369 -0.000131 0.000002 0.073099 0.099343 0.591189
    49 4.526756 0.690460 1.120842 -0.485496 -0.175754 1.641301
    50 1.744041 -0.000031 -0.000002 -0.025718 -0.014586 1.468156
    51 1.368763 -0.000031 -0.000017 0.050831 0.150370 0.142238
    52 1.874855 0.935081 -0.999130 2.126006 0.483450 1.082862
    53 1.523449 -0.000034 -0.000003 -0.460179 -0.057098 0.780184
    54 1.599281 -0.000002 0.000009 0.079776 -0.024525 1.123837
    55 4.123355 1.860057 -0.741599 3.139446 0.288360 -2.792691
    56 5.511806 -0.000002 0.000006 -0.907938 0.000000 0.000000
    57 0.196850 0.000003 -0.000002 -0.348225 0.000015 -0.000002
    58 0.000000 0.000000 0.000000 -0.022409 0.018049 -1.585762
    59 2.158150 -3.785457 -16.500689 0.081403 -0.094963 0.571076
    60 0.516761 0.000000 0.128687 0.000000 0.000000 0.000000
    61 0.557412 0.000000 -0.302896 0.000000 0.000000 0.000000
    62 1.388578 -0.009689 0.998071 0.000000 0.924975 0.000000
    63 -1.500303 -0.009689 0.357642 0.000000 0.000000 0.000000
    64 -2.978541 -0.009687 2.091135 0.000000 0.000000 0.000000
    65 -1.126226 -0.584940 -0.293134 0.000000 0.000000 0.000000
  time 62
    0 -0.000001 7.450089 -27.509026 0.000000 0.000000 0.000031
    1 -0.000002 0.000000 0.000000 1.570743 -1.567137 -1.570743
    2 4.255468 -0.335183 -0.000002 0.000000 0.000000 -0.124848
    3 7.431248 1.496477 0.000002 0.000000 0.000000 0.245450
    4 5.278479 0.165541 0.000001 0.000000 0.000000 0.048511
    5 3.455526 -8.400610 1.488976 1.975864 1.159909 -1.298786
  6 -6.214482 -0.000007 -0.000027 -2.476632 -0.204536 0.760327
  7 11.944882 0.000000 0.000001 0.087930 -0.019094 0.240763
    8 10.620181 0.000002 0.000000 0.926829 0.107243 3.065773
    9 -4.751106 -0.694494 0.830577 -0.265066 -0.185212 0.638415
    10 -1.688068 0.000046 -0.000032 0.017318 -0.017625 0.661047
    11 -1.336140 0.000057 -0.000012 0.026268 0.002327 0.462662
    12 -4.820494 -0.509460 -0.224759 -0.387629 -0.157873 1.437294
    13 -1.826992 -0.000064 0.000006 -0.008328 0.039588 1.065564
    14 -1.436573 0.000006 0.000002 -0.060134 -0.049384 0.791627
    15 -3.992355 -0.891188 -1.827909 -0.524035 -0.011224 1.323612
    16 -1.405918 -0.000025 -0.000003 0.000590 -0.029494 0.855908
    17 -1.175358 0.000128 -0.000020 0.064417 0.021463 1.153028
    18 -4.526751 -0.690575 -1.120744 -0.418129 0.007769 1.492663
    19 -1.744038 0.000033 -0.000008 -0.019053 -0.022614 1.113174
    20 -1.368771 0.000025 0.000002 0.037954 0.036187 0.704409
    21 -1.718803 -1.282703 0.931534 1.358109 0.642119 0.699476
    22 -1.523453 0.000032 0.000031 0.082946 -0.041353 0.509735
    23 -1.599285 0.000004 0.000016 0.013831 -0.086613 -0.389378
    24 -4.170126 -1.854398 0.753332 -0.190417 -0.170868 0.450040
    25 -0.420465 -0.018743 1.271440 0.000000 0.000002 0.000000
    26 0.516761 0.000000 0.128687 0.000000 0.000000 0.000000
    27 0.557412 0.000000 -0.302895 0.000000 0.000000 0.000000
    28 1.388578 -0.009689 0.998069 0.000000 0.924975 0.000000
    29 -1.500304 -0.009689 0.357643 0.000000 0.000002 0.000000
    30 -0.761999 -0.009686 2.091127 0.000000 0.000002 0.000000
    31 -1.126226 -0.584940 -0.293132 0.000000 0.000002 0.000000
    32 4.366932 0.145734 -1.517929 0.343408 1.059062 1.581273
    33 -0.692095 -13.466764 11.436356 2.465529 0.558490 -2.625223
    34 5.511815 0.000008 -0.000001 2.243153 0.000000 3.141593
    35 0.196847 -0.000001 0.000003 2.793407 0.000006 -3.141577
    36 3.455526 -8.400609 -1.488978 1.975862 1.159909 1.842803
    37 6.214485 0.000006 0.000020 -0.372281 0.418330 -1.744831
    38 11.944885 -0.000029 -0.000194 -1.171225 -0.298221 -1.004512
    39 10.620166 0.000002 0.000010 -2.075581 -0.554746 -0.017868
    40 4.751156 0.694376 -0.830473 0.149202 -0.173531 0.598466
    41 1.688065 -0.000026 0.000002 0.024668 -0.001752 -0.060982
    42 1.336151 -0.000051 -0.000009 0.031600 -0.022318 -0.584616
    43 4.820513 0.509340 0.224865 -0.282059 -0.320142 1.392856
    44 1.826996 0.000066 0.000008 0.004297 0.040213 1.379384
    45 1.436577 -0.000010 0.000007 0.007051 -0.013384 0.358405
    46 3.992353 0.891087 1.827994 -0.535673 0.001046 1.726522
    47 1.405918 0.000021 -0.000007 -0.008992 -0.028075 1.183726
    48 1.175369 -0.000131 0.000002 0.073099 0.099343 0.591189
    49 4.526756 0.690460 1.120842 -0.485496 -0.175754 1.641301
    50 1.744041 -0.000031 -0.000002 -0.025718 -0.014586 1.468156
    51 1.368763 -0.000031 -0.000017 0.050831 0.150370 0.142238
    52 1.874855 0.935081 -0.999130 2.126006 0.483450 1.082862
    53 1.523449 -0.000034 -0.000003 -0.460179 -0.057098 0.780184
    54 1.599281 -0.000002 0.000009 0.079776 -0.024525 1.123837
    55 4.123355 1.860057 -0.741599 3.139446 0.288360 -2.792691
    56 5.511806 -0.000002 0.000006 -0.907938 0.000000 0.000000
    57 0.196850 0.000003 -0.000002 -0.348225 0.000015 -0.000002
    58 0.000000 0.000000 0.000000 -0.021542 0.017625 -1.585663
    59 1.174118 -2.674444 -14.351939 0.123460 -0.122298 0.629561
    60 0.516761 0.000000 0.128687 0.000000 0.000000 0.000000
    61 0.557412 0.000000 -0.302896 0.000000 0.000000 0.000000
    62 1.388578 -0.009689 0.998071 0.000000 0.924975 0.000000
    63 -1.500303 -0.009689 0.357642 0.000000 0.000000 0.000000
    64 -2.978541 -0.009687 2.091135 0.000000 0.000000 0.000000
    65 -1.126226 -0.584940 -0.293134 0.000000 0.000000 0.000000
  time 63
    0 -0.000001 7.450089 -27.509026 0.000000 0.000000 0.000031
    1 -0.000002 0.000000 0.000000 1.570743 -1.567137 -1.570743
    2 4.255468 -0.335183 -0.000002 0.000000 0.000000 -0.124848
    3 7.431248 1.496477 0.000002 0.000000 0.000000 0.245450
    4 5.278479 0.165541 0.000001 0.000000 0.000000 0.048511
    5 3.455526 -8.400610 1.488976 1.975864 1.159909 -1.298786
  6 -6.214482 -0.000007 -0.000027 -2.253419 -0.176325 0.723841
  7 11.944882 0.000000 0.000001 0.072603 0.013293 0.147607
    8 10.620181 0.000002 0.000000 1.122227 -0.110588 2.636408
    9 -4.751106 -0.694494 0.830577 -0.265066 -0.185212 0.638415
    10 -1.688068 0.000046 -0.000032 0.017318 -0.017625 0.661047
    11 -1.336140 0.000057 -0.000012 0.026268 0.002327 0.462662
    12 -4.820494 -0.509460 -0.224759 -0.387629 -0.157873 1.437294
    13 -1.826992 -0.000064 0.000006 -0.008328 0.039588 1.065564
    14 -1.436573 0.000006 0.000002 -0.060134 -0.049384 0.791627
    15 -3.992355 -0.891188 -1.827909 -0.524035 -0.011224 1.323612
    16 -1.405918 -0.000025 -0.000003 0.000590 -0.029494 0.855908
    17 -1.175358 0.000128 -0.000020 0.064417 0.021463 1.153028
    18 -4.526751 -0.690575 -1.120744 -0.418129 0.007769 1.492663
    19 -1.744038 0.000033 -0.000008 -0.019053 -0.022614 1.113174
    20 -1.368771 0.000025 0.000002 0.037954 0.036187 0.704409
    21 -1.718803 -1.282703 0.931534 1.358109 0.642119 0.699476
    22 -1.523453 0.000032 0.000031 0.082946 -0.041353 0.509735
    23 -1.599285 0.000004 0.000016 0.013831 -0.086613 -0.389378
    24 -4.170126 -1.854398 0.753332 -0.190417 -0.170868 0.450040
    25 -0.420465 -0.018743 1.271440 0.000000 0.000002 0.000000
    26 0.516761 0.000000 0.128687 0.000000 0.000000 0.000000
    27 0.557412 0.000000 -0.302895 0.000000 0.000000 0.000000
    28 1.388578 -0.009689 0.998069 0.000000 0.924975 0.000000
    29 -1.500304 -0.009689 0.357643 0.000000 0.000002 0.000000
    30 -0.761999 -0.009686 2.091126 0.000000 0.000002 0.000000
    31 -1.126226 -0.584940 -0.293132 0.000000 0.000002 0.000000
    32 4.366932 0.145734 -1.517929 0.343408 1.059062 1.581273
    33 -1.768393 -11.370143 7.128314 2.447720 0.517301 -2.653162
    34 5.511815 0.000008 -0.000001 2.243153 0.000000 3.141593
    35 0.196847 -0.000001 0.000003 2.793407 0.000006 -3.141577
    36 3.455526 -8.400609 -1.488978 1.975862 1.159909 1.842803
    37 6.214485 0.000006 0.000020 -0.377567 0.414502 -1.745916
    38 11.944885 -0.000029 -0.000194 -1.174585 -0.296174 -0.993275
    39 10.620166 0.000002 0.000010 -2.068385 -0.520015 -0.033315
    40 4.751156 0.694376 -0.830473 0.149202 -0.173531 0.598466
    41 1.688065 -0.000026 0.000002 0.024668 -0.001752 -0.060982
    42 1.336151 -0.000051 -0.000009 0.031600 -0.022318 -0.584616
    43 4.820513 0.509340 0.224865 -0.282059 -0.320142 1.392856
    44 1.826996 0.000066 0.000008 0.004297 0.040213 1.379384
    45 1.436577 -0.000010 0.000007 0.007051 -0.013384 0.358405
    46 3.992353 0.891087 1.827994 -0.535673 0.001046 1.726522
    47 1.405918 0.000021 -0.000007 -0.008992 -0.028075 1.183726
    48 1.175369 -0.000131 0.000002 0.073099 0.099343 0.591189
    49 4.526756 0.690460 1.120842 -0.485496 -0.175754 1.641301
    50 1.744041 -0.000031 -0.000002 -0.025718 -0.014586 1.468156
    51 1.368763 -0.000031 -0.000017 0.050831 0.150370 0.142238
    52 1.874855 0.935081 -0.999130 2.126006 0.483450 1.082862
    53 1.523449 -0.000034 -0.000003 -0.460179 -0.057098 0.780184
    54 1.599281 -0.000002 0.000009 0.079776 -0.024525 1.123837
    55 4.123355 1.860057 -0.741599 3.139446 0.288360 -2.792691
    56 5.511806 -0.000002 0.000006 -0.907938 0.000000 0.000000
    57 0.196850 0.000003 -0.000002 -0.348225 0.000015 -0.000002
    58 0.000000 0.000000 0.000000 -0.019286 0.016522 -1.585373
    59 0.770865 -0.611137 -9.909929 0.140678 -0.135897 0.669819
    60 0.516761 0.000000 0.128687 0.000000 0.000000 0.000000
    61 0.557412 0.000000 -0.302896 0.000000 0.000000 0.000000
    62 1.388578 -0.009689 0.998071 0.000000 0.924975 0.000000
    63 -1.500303 -0.009689 0.357642 0.000000 0.000000 0.000000
    64 -2.978541 -0.009687 2.091135 0.000000 0.000000 0.000000
    65 -1.126226 -0.584940 -0.293134 0.000000 0.000000 0.000000
  time 64
    0 -0.000001 7.450089 -27.509026 0.000000 0.000000 0.000031
    1 -0.000002 0.000000 0.000000 1.570743 -1.567137 -1.570743
    2 4.255468 -0.335183 -0.000002 0.000000 0.000000 -0.124848
    3 7.431248 1.496477 0.000002 0.000000 0.000000 0.245450
    4 5.278479 0.165541 0.000001 0.000000 0.000000 0.048511
    5 3.455526 -8.400610 1.488976 1.975864 1.159909 -1.298786
  6 -6.214482 -0.000007 -0.000027 -2.277999 -0.130798 0.679777
  7 11.944882 0.000000 0.000001 0.117085 0.001840 0.018771
    8 10.620181 0.000002 0.000000 1.188088 -0.138605 2.325270
    9 -4.751106 -0.694494 0.830577 -0.265066 -0.185212 0.638415
    10 -1.688068 0.000046 -0.000032 0.017318 -0.017625 0.661047
    11 -1.336140 0.000057 -0.000012 0.026268 0.002327 0.462662
    12 -4.820494 -0.509460 -0.224759 -0.387629 -0.157873 1.437294
    13 -1.826992 -0.000064 0.000006 -0.008328 0.039588 1.065564
    14 -1.436573 0.000006 0.000002 -0.060134 -0.049384 0.791627
    15 -3.992355 -0.891188 -1.827909 -0.524035 -0.011224 1.323612
    16 -1.405918 -0.000025 -0.000003 0.000590 -0.029494 0.855908
    17 -1.175358 0.000128 -0.000020 0.064417 0.021463 1.153028
    18 -4.526751 -0.690575 -1.120744 -0.418129 0.007769 1.492663
    19 -1.744038 0.000033 -0.000008 -0.019053 -0.022614 1.113174
    20 -1.368771 0.000025 0.000002 0.037954 0.036187 0.704409
    21 -1.718803 -1.282703 0.931534 1.358109 0.642119 0.699476
    22 -1.523453 0.000032 0.000031 0.082946 -0.041353 0.509735
    23 -1.599285 0.000004 0.000016 0.013831 -0.086613 -0.389378
    24 -4.170126 -1.854398 0.753332 -0.190417 -0.170868 0.450040
    25 -0.420465 -0.018743 1.271440 0.000000 0.000002 0.000000
    26 0.516761 0.000000 0.128687 0.000000 0.000000 0.000000
    27 0.557412 0.000000 -0.302895 0.000000 0.000000 0.000000
    28 1.388578 -0.009689 0.998069 0.000000 0.924975 0.000000
    29 -1.500304 -0.009689 0.357643 0.000000 0.000002 0.000000
    30 -0.761997 -0.009688 2.091125 0.000000 0.000002 0.000000
    31 -1.126226 -0.584940 -0.293132 0.000000 0.000002 0.000000
    32 4.366932 0.145734 -1.517929 0.343408 1.059062 1.581273
    33 -2.436745 -9.258020 3.919669 2.440738 0.504647 -2.665228
    34 5.511815 0.000008 -0.000001 2.243153 0.000000 3.141593
    35 0.196847 -0.000001 0.000003 2.793407 0.000006 -3.141577
    36 3.455526 -8.400609 -1.488978 1.975862 1.159909 1.842803
    37 6.214485 0.000006 0.000020 -0.383110 0.410363 -1.747208
    38 11.944885 -0.000029 -0.000194 -1.177294 -0.294450 -0.983742
    39 10.620166 0.000002 0.000010 -2.057351 -0.496229 -0.048104
    40 4.751156 0.694376 -0.830473 0.149202 -0.173531 0.598466
    41 1.688065 -0.000026 0.000002 0.024668 -0.001752 -0.060982
    42 1.336151 -0.000051 -0.000009 0.031600 -0.022318 -0.584616
    43 4.820513 0.509340 0.224865 -0.282059 -0.320142 1.392856
    44 1.826996 0.000066 0.000008 0.004297 0.040213 1.379384
    45 1.436577 -0.000010 0.000007 0.007051 -0.013384 0.358405
    46 3.992353 0.891087 1.827994 -0.535673 0.001046 1.726522
    47 1.405918 0.000021 -0.000007 -0.008992 -0.028075 1.183726
    48 1.175369 -0.000131 0.000002 0.073099 0.099343 0.591189
    49 4.526756 0.690460 1.120842 -0.485496 -0.175754 1.641301
    50 1.744041 -0.000031 -0.000002 -0.025718 -0.014586 1.468156
    51 1.368763 -0.000031 -0.000017 0.050831 0.150370 0.142238
    52 1.874855 0.935081 -0.999130 2.126006 0.483450 1.082862
    53 1.523449 -0.000034 -0.000003 -0.460179 -0.057098 0.780184
    54 1.599281 -0.000002 0.000009 0.079776 -0.024525 1.123837
    55 4.123355 1.860057 -0.741599 3.139446 0.288360 -2.792691
    56 5.511806 -0.000002 0.000006 -0.907938 0.000000 0.000000
    57 0.196850 0.000003 -0.000002 -0.348225 0.000015 -0.000002
    58 0.000000 0.000000 0.000000 -0.015818 0.014822 -1.585072
    59 0.693168 0.499876 -6.181005 0.144130 -0.139410 0.685073
    60 0.516761 0.000000 0.128687 0.000000 0.000000 0.000000
    61 0.557412 0.000000 -0.302896 0.000000 0.000000 0.000000
    62 1.388578 -0.009689 0.998071 0.000000 0.924975 0.000000
    63 -1.500303 -0.009689 0.357642 0.000000 0.000000 0.000000
    64 -2.978541 -0.009687 2.091135 0.000000 0.000000 0.000000
    65 -1.126226 -0.584940 -0.293134 0.000000 0.000000 0.000000
  time 65
    0 -0.000001 7.450089 -27.509026 0.000000 0.000000 0.000031
    1 -0.000002 0.000000 0.000000 1.570743 -1.567137 -1.570743
    2 4.255468 -0.335183 -0.000002 0.000000 0.000000 -0.124848
    3 7.431248 1.496477 0.000002 0.000000 0.000000 0.245450
    4 5.278479 0.165541 0.000001 0.000000 0.000000 0.048511
    5 3.455526 -8.400610 1.488976 1.975864 1.159909 -1.298786
  6 -6.214482 -0.000007 -0.000027 -2.396646 -0.129272 0.677519
  7 11.944882 0.000000 0.000001 0.119584 -0.000112 0.018861
    8 10.620181 0.000002 0.000000 1.075103 0.060498 2.459635
    9 -4.751106 -0.694494 0.830577 -0.265066 -0.185212 0.638415
    10 -1.688068 0.000046 -0.000032 0.017318 -0.017625 0.661047
    11 -1.336140 0.000057 -0.000012 0.026268 0.002327 0.462662
    12 -4.820494 -0.509460 -0.224759 -0.387629 -0.157873 1.437294
    13 -1.826992 -0.000064 0.000006 -0.008328 0.039588 1.065564
    14 -1.436573 0.000006 0.000002 -0.060134 -0.049384 0.791627
    15 -3.992355 -0.891188 -1.827909 -0.524035 -0.011224 1.323612
    16 -1.405918 -0.000025 -0.000003 0.000590 -0.029494 0.855908
    17 -1.175358 0.000128 -0.000020 0.064417 0.021463 1.153028
    18 -4.526751 -0.690575 -1.120744 -0.418129 0.007769 1.492663
    19 -1.744038 0.000033 -0.000008 -0.019053 -0.022614 1.113174
    20 -1.368771 0.000025 0.000002 0.037954 0.036187 0.704409
    21 -1.718803 -1.282703 0.931534 1.358109 0.642119 0.699476
    22 -1.523453 0.000032 0.000031 0.082946 -0.041353 0.509735
    23 -1.599285 0.000004 0.000016 0.013831 -0.086613 -0.389378
    24 -4.170126 -1.854398 0.753332 -0.190417 -0.170868 0.450040
    25 -0.420465 -0.018743 1.271440 0.000000 0.000002 0.000000
    26 0.516761 0.000000 0.128687 0.000000 0.000000 0.000000
    27 0.557412 0.000000 -0.302895 0.000000 0.000000 0.000000
    28 1.388578 -0.009689 0.998069 0.000000 0.924975 0.000000
    29 -1.500304 -0.009689 0.357643 0.000000 0.000002 0.000000
    30 -0.761999 -0.009687 2.091126 0.000000 0.000002 0.000000
    31 -1.126226 -0.584940 -0.293132 0.000000 0.000002 0.000000
    32 4.366932 0.145734 -1.517929 0.343408 1.059062 1.581273
    33 -2.184736 -8.100374 2.981268 2.567151 0.635593 -2.594643
    34 5.511815 0.000008 -0.000001 2.243153 0.000000 3.141593
    35 0.196847 -0.000001 0.000003 2.793407 0.000006 -3.141577
    36 3.455526 -8.400609 -1.488978 1.975862 1.159909 1.842803
    37 6.214485 0.000006 0.000020 -0.388737 0.407203 -1.746906
    38 11.944885 -0.000029 -0.000194 -1.179184 -0.293238 -0.977251
    39 10.620166 0.000002 0.000010 -2.049221 -0.477324 -0.057788
    40 4.751156 0.694376 -0.830473 0.149202 -0.173531 0.598466
    41 1.688065 -0.000026 0.000002 0.024668 -0.001752 -0.060982
    42 1.336151 -0.000051 -0.000009 0.031600 -0.022318 -0.584616
    43 4.820513 0.509340 0.224865 -0.282059 -0.320142 1.392856
    44 1.826996 0.000066 0.000008 0.004297 0.040213 1.379384
    45 1.436577 -0.000010 0.000007 0.007051 -0.013384 0.358405
    46 3.992353 0.891087 1.827994 -0.535673 0.001046 1.726522
    47 1.405918 0.000021 -0.000007 -0.008992 -0.028075 1.183726
    48 1.175369 -0.000131 0.000002 0.073099 0.099343 0.591189
    49 4.526756 0.690460 1.120842 -0.485496 -0.175754 1.641301
    50 1.744041 -0.000031 -0.000002 -0.025718 -0.014586 1.468156
    51 1.368763 -0.000031 -0.000017 0.050831 0.150370 0.142238
    52 1.874855 0.935081 -0.999130 2.126006 0.483450 1.082862
    53 1.523449 -0.000034 -0.000003 -0.460179 -0.057098 0.780184
    54 1.599281 -0.000002 0.000009 0.079776 -0.024525 1.123837
    55 4.123355 1.860057 -0.741599 3.139446 0.288360 -2.792691
    56 5.511806 -0.000002 0.000006 -0.907938 0.000000 0.000000
    57 0.196850 0.000003 -0.000002 -0.348225 0.000015 -0.000002
    58 0.000000 0.000000 0.000000 -0.011568 0.012698 -1.584424
    59 0.715880 0.401525 -4.513050 0.107447 -0.021932 0.572689
    60 0.516761 0.000000 0.128687 0.000000 0.000000 0.000000
    61 0.557412 0.000000 -0.302896 0.000000 0.000000 0.000000
    62 1.388578 -0.009689 0.998071 0.000000 0.924975 0.000000
    63 -1.500303 -0.009689 0.357642 0.000000 0.000000 0.000000
    64 -2.978541 -0.009687 2.091135 0.000000 0.000000 0.000000
    65 -1.126226 -0.584940 -0.293134 0.000000 0.000000 0.000000
  time 66
    0 -0.000001 7.450089 -27.509026 0.000000 0.000000 0.000031
    1 -0.000002 0.000000 0.000000 1.570743 -1.567137 -1.570743
    2 4.255468 -0.335183 -0.000002 0.000000 0.000000 -0.124848
    3 7.431248 1.496477 0.000002 0.000000 0.000000 0.245450
    4 5.278479 0.165541 0.000001 0.000000 0.000000 0.048511
    5 3.455526 -8.400610 1.488976 1.975864 1.159909 -1.298786
  6 -6.214482 -0.000007 -0.000027 -2.519359 -0.128772 0.673287
  7 11.944882 0.000000 0.000001 0.122488 -0.002340 0.018716
    8 10.620181 0.000002 0.000000 0.980793 0.427525 2.822953
    9 -4.751106 -0.694494 0.830577 -0.265066 -0.185212 0.638415
    10 -1.688068 0.000046 -0.000032 0.017318 -0.017625 0.661047
    11 -1.336140 0.000057 -0.000012 0.026268 0.002327 0.462662
    12 -4.820494 -0.509460 -0.224759 -0.387629 -0.157873 1.437294
    13 -1.826992 -0.000064 0.000006 -0.008328 0.039588 1.065564
    14 -1.436573 0.000006 0.000002 -0.060134 -0.049384 0.791627
    15 -3.992355 -0.891188 -1.827909 -0.524035 -0.011224 1.323612
    16 -1.405918 -0.000025 -0.000003 0.000590 -0.029494 0.855908
    17 -1.175358 0.000128 -0.000020 0.064417 0.021463 1.153028
    18 -4.526751 -0.690575 -1.120744 -0.418129 0.007769 1.492663
    19 -1.744038 0.000033 -0.000008 -0.019053 -0.022614 1.113174
    20 -1.368771 0.000025 0.000002 0.037954 0.036187 0.704409
    21 -1.718803 -1.282703 0.931534 1.358109 0.642119 0.699476
    22 -1.523453 0.000032 0.000031 0.082946 -0.041353 0.509735
    23 -1.599285 0.000004 0.000016 0.013831 -0.086613 -0.389378
    24 -4.170126 -1.854398 0.753332 -0.190417 -0.170868 0.450040
    25 -0.420465 -0.018743 1.271440 0.000000 0.000002 0.000000
    26 0.516761 0.000000 0.128687 0.000000 0.000000 0.000000
    27 0.557412 0.000000 -0.302895 0.000000 0.000000 0.000000
    28 1.388578 -0.009689 0.998069 0.000000 0.924975 0.000000
    29 -1.500304 -0.009689 0.357643 0.000000 0.000002 0.000000
    30 -0.761998 -0.009687 2.091125 0.000000 0.000002 0.000000
    31 -1.126226 -0.584940 -0.293132 0.000000 0.000002 0.000000
    32 4.366932 0.145734 -1.517929 0.343408 1.059062 1.581273
    33 -1.823410 -7.592467 3.198001 2.888932 0.848599 -2.357644
    34 5.511815 0.000008 -0.000001 2.243153 0.000000 3.141593
    35 0.196847 -0.000001 0.000003 2.793407 0.000006 -3.141577
    36 3.455526 -8.400609 -1.488978 1.975862 1.159909 1.842803
    37 6.214485 0.000006 0.000020 -0.394123 0.405787 -1.743081
    38 11.944885 -0.000029 -0.000194 -1.179972 -0.292671 -0.974516
    39 10.620166 0.000002 0.000010 -2.050393 -0.457123 -0.058370
    40 4.751156 0.694376 -0.830473 0.149202 -0.173531 0.598466
    41 1.688065 -0.000026 0.000002 0.024668 -0.001752 -0.060982
    42 1.336151 -0.000051 -0.000009 0.031600 -0.022318 -0.584616
    43 4.820513 0.509340 0.224865 -0.282059 -0.320142 1.392856
    44 1.826996 0.000066 0.000008 0.004297 0.040213 1.379384
    45 1.436577 -0.000010 0.000007 0.007051 -0.013384 0.358405
    46 3.992353 0.891087 1.827994 -0.535673 0.001046 1.726522
    47 1.405918 0.000021 -0.000007 -0.008992 -0.028075 1.183726
    48 1.175369 -0.000131 0.000002 0.073099 0.099343 0.591189
    49 4.526756 0.690460 1.120842 -0.485496 -0.175754 1.641301
    50 1.744041 -0.000031 -0.000002 -0.025718 -0.014586 1.468156
    51 1.368763 -0.000031 -0.000017 0.050831 0.150370 0.142238
    52 1.874855 0.935081 -0.999130 2.126006 0.483450 1.082862
    53 1.523449 -0.000034 -0.000003 -0.460179 -0.057098 0.780184
    54 1.599281 -0.000002 0.000009 0.079776 -0.024525 1.123837
    55 4.123355 1.860057 -0.741599 3.139446 0.288360 -2.792691
    56 5.511806 -0.000002 0.000006 -0.907938 0.000000 0.000000
    57 0.196850 0.000003 -0.000002 -0.348225 0.000015 -0.000002
    58 0.000000 0.000000 0.000000 -0.006886 0.010402 -1.583522
    59 0.773589 0.208364 -3.898538 0.006273 0.176230 0.337443
    60 0.516761 0.000000 0.128687 0.000000 0.000000 0.000000
    61 0.557412 0.000000 -0.302896 0.000000 0.000000 0.000000
    62 1.388578 -0.009689 0.998071 0.000000 0.924975 0.000000
    63 -1.500303 -0.009689 0.357642 0.000000 0.000000 0.000000
    64 -2.978541 -0.009687 2.091135 0.000000 0.000000 0.000000
    65 -1.126226 -0.584940 -0.293134 0.000000 0.000000 0.000000
  time 67
    0 -0.000001 7.450089 -27.509026 0.000000 0.000000 0.000031
    1 -0.000002 0.000000 0.000000 1.570743 -1.567137 -1.570743
    2 4.255468 -0.335183 -0.000002 0.000000 0.000000 -0.124848
    3 7.431248 1.496477 0.000002 0.000000 0.000000 0.245450
    4 5.278479 0.165541 0.000001 0.000000 0.000000 0.048511
    5 3.455526 -8.400610 1.488976 1.975864 1.159909 -1.298786
  6 -6.214482 -0.000007 -0.000027 -2.553906 -0.127054 0.669763
  7 11.944882 0.000000 0.000001 0.123218 -0.002922 0.018634
    8 10.620181 0.000002 0.000000 1.058885 0.629339 3.014891
    9 -4.751106 -0.694494 0.830577 -0.265066 -0.185212 0.638415
    10 -1.688068 0.000046 -0.000032 0.017318 -0.017625 0.661047
    11 -1.336140 0.000057 -0.000012 0.026268 0.002327 0.462662
    12 -4.820494 -0.509460 -0.224759 -0.387629 -0.157873 1.437294
    13 -1.826992 -0.000064 0.000006 -0.008328 0.039588 1.065564
    14 -1.436573 0.000006 0.000002 -0.060134 -0.049384 0.791627
    15 -3.992355 -0.891188 -1.827909 -0.524035 -0.011224 1.323612
    16 -1.405918 -0.000025 -0.000003 0.000590 -0.029494 0.855908
    17 -1.175358 0.000128 -0.000020 0.064417 0.021463 1.153028
    18 -4.526751 -0.690575 -1.120744 -0.418129 0.007769 1.492663
    19 -1.744038 0.000033 -0.000008 -0.019053 -0.022614 1.113174
    20 -1.368771 0.000025 0.000002 0.037954 0.036187 0.704409
    21 -1.718803 -1.282703 0.931534 1.358109 0.642119 0.699476
    22 -1.523453 0.000032 0.000031 0.082946 -0.041353 0.509735
    23 -1.599285 0.000004 0.000016 0.013831 -0.086613 -0.389378
    24 -4.170126 -1.854398 0.753332 -0.190417 -0.170868 0.450040
    25 -0.420465 -0.018743 1.271440 0.000000 0.000002 0.000000
    26 0.516761 0.000000 0.128687 0.000000 0.000000 0.000000
    27 0.557412 0.000000 -0.302895 0.000000 0.000000 0.000000
    28 1.388578 -0.009689 0.998069 0.000000 0.924975 0.000000
    29 -1.500304 -0.009689 0.357643 0.000000 0.000002 0.000000
    30 -0.761999 -0.009687 2.091128 0.000000 0.000002 0.000000
    31 -1.126226 -0.584940 -0.293132 0.000000 0.000002 0.000000
    32 4.366932 0.145734 -1.517929 0.343408 1.059062 1.581273
    33 -1.668428 -7.363078 3.658402 -3.102105 0.929976 -2.084672
    34 5.511815 0.000008 -0.000001 2.243153 0.000000 3.141593
    35 0.196847 -0.000001 0.000003 2.793407 0.000006 -3.141577
    36 3.455526 -8.400609 -1.488978 1.975862 1.159909 1.842803
    37 6.214485 0.000006 0.000020 -0.399120 0.404624 -1.740191
    38 11.944885 -0.000029 -0.000194 -1.179635 -0.292922 -0.975790
    39 10.620166 0.000002 0.000010 -2.110174 -0.452798 -0.032415
    40 4.751156 0.694376 -0.830473 0.149202 -0.173531 0.598466
    41 1.688065 -0.000026 0.000002 0.024668 -0.001752 -0.060982
    42 1.336151 -0.000051 -0.000009 0.031600 -0.022318 -0.584616
    43 4.820513 0.509340 0.224865 -0.282059 -0.320142 1.392856
    44 1.826996 0.000066 0.000008 0.004297 0.040213 1.379384
    45 1.436577 -0.000010 0.000007 0.007051 -0.013384 0.358405
    46 3.992353 0.891087 1.827994 -0.535673 0.001046 1.726522
    47 1.405918 0.000021 -0.000007 -0.008992 -0.028075 1.183726
    48 1.175369 -0.000131 0.000002 0.073099 0.099343 0.591189
    49 4.526756 0.690460 1.120842 -0.485496 -0.175754 1.641301
    50 1.744041 -0.000031 -0.000002 -0.025718 -0.014586 1.468156
    51 1.368763 -0.000031 -0.000017 0.050831 0.150370 0.142238
    52 1.874855 0.935081 -0.999130 2.126006 0.483450 1.082862
    53 1.523449 -0.000034 -0.000003 -0.460179 -0.057098 0.780184
    54 1.599281 -0.000002 0.000009 0.079776 -0.024525 1.123837
    55 4.123355 1.860057 -0.741599 3.139446 0.288360 -2.792691
    56 5.511806 -0.000002 0.000006 -0.907938 0.000000 0.000000
    57 0.196850 0.000003 -0.000002 -0.348225 0.000015 -0.000002
    58 0.000000 0.000000 0.000000 -0.001944 0.007931 -1.582199
    59 0.850662 0.073229 -3.810750 -0.071952 0.264039 0.150600
    60 0.516761 0.000000 0.128687 0.000000 0.000000 0.000000
    61 0.557412 0.000000 -0.302896 0.000000 0.000000 0.000000
    62 1.388578 -0.009689 0.998071 0.000000 0.924975 0.000000
    63 -1.500303 -0.009689 0.357642 0.000000 0.000000 0.000000
    64 -2.978541 -0.009687 2.091135 0.000000 0.000000 0.000000
    65 -1.126226 -0.584940 -0.293134 0.000000 0.000000 0.000000
  time 68
    0 -0.000001 7.450089 -27.509026 0.000000 0.000000 0.000031
    1 -0.000002 0.000000 0.000000 1.570743 -1.567137 -1.570743
    2 4.255468 -0.335183 -0.000002 0.000000 0.000000 -0.124848
    3 7.431248 1.496477 0.000002 0.000000 0.000000 0.245450
    4 5.278479 0.165541 0.000001 0.000000 0.000000 0.048511
    5 3.455526 -8.400610 1.488976 1.975864 1.159909 -1.298786
  6 -6.214482 -0.000007 -0.000027 -2.605016 -0.123005 0.665260
  7 11.944882 0.000000 0.000001 0.124130 -0.004286 0.018368
    8 10.620181 0.000002 0.000000 0.963176 0.756608 2.915245
    9 -4.751106 -0.694494 0.830577 -0.265066 -0.185212 0.638415
    10 -1.688068 0.000046 -0.000032 0.017318 -0.017625 0.661047
    11 -1.336140 0.000057 -0.000012 0.026268 0.002327 0.462662
    12 -4.820494 -0.509460 -0.224759 -0.387629 -0.157873 1.437294
    13 -1.826992 -0.000064 0.000006 -0.008328 0.039588 1.065564
    14 -1.436573 0.000006 0.000002 -0.060134 -0.049384 0.791627
    15 -3.992355 -0.891188 -1.827909 -0.524035 -0.011224 1.323612
    16 -1.405918 -0.000025 -0.000003 0.000590 -0.029494 0.855908
    17 -1.175358 0.000128 -0.000020 0.064417 0.021463 1.153028
    18 -4.526751 -0.690575 -1.120744 -0.418129 0.007769 1.492663
    19 -1.744038 0.000033 -0.000008 -0.019053 -0.022614 1.113174
    20 -1.368771 0.000025 0.000002 0.037954 0.036187 0.704409
    21 -1.718803 -1.282703 0.931534 1.358109 0.642119 0.699476
    22 -1.523453 0.000032 0.000031 0.082946 -0.041353 0.509735
    23 -1.599285 0.000004 0.000016 0.013831 -0.086613 -0.389378
    24 -4.170126 -1.854398 0.753332 -0.190417 -0.170868 0.450040
    25 -0.420465 -0.018743 1.271440 0.000000 0.000002 0.000000
    26 0.516761 0.000000 0.128687 0.000000 0.000000 0.000000
    27 0.557412 0.000000 -0.302895 0.000000 0.000000 0.000000
    28 1.388578 -0.009689 0.998069 0.000000 0.924975 0.000000
    29 -1.500304 -0.009689 0.357643 0.000000 0.000002 0.000000
    30 -0.761997 -0.009689 2.091129 0.000000 0.000002 0.000000
    31 -1.126226 -0.584940 -0.293132 0.000000 0.000002 0.000000
    32 4.366932 0.145734 -1.517929 0.343408 1.059062 1.581273
    33 -1.525957 -7.299647 3.615158 -3.032702 0.957987 -1.954032
    34 5.511815 0.000008 -0.000001 2.243153 0.000000 3.141593
    35 0.196847 -0.000001 0.000003 2.793407 0.000006 -3.141577
    36 3.455526 -8.400609 -1.488978 1.975862 1.159909 1.842803
    37 6.214485 0.000006 0.000020 -0.401991 0.407379 -1.734391
    38 11.944885 -0.000029 -0.000194 -1.173368 -0.296939 -0.997322
    39 10.620166 0.000002 0.000010 -2.092856 -0.479454 0.010256
    40 4.751156 0.694376 -0.830473 0.149202 -0.173531 0.598466
    41 1.688065 -0.000026 0.000002 0.024668 -0.001752 -0.060982
    42 1.336151 -0.000051 -0.000009 0.031600 -0.022318 -0.584616
    43 4.820513 0.509340 0.224865 -0.282059 -0.320142 1.392856
    44 1.826996 0.000066 0.000008 0.004297 0.040213 1.379384
    45 1.436577 -0.000010 0.000007 0.007051 -0.013384 0.358405
    46 3.992353 0.891087 1.827994 -0.535673 0.001046 1.726522
    47 1.405918 0.000021 -0.000007 -0.008992 -0.028075 1.183726
    48 1.175369 -0.000131 0.000002 0.073099 0.099343 0.591189
    49 4.526756 0.690460 1.120842 -0.485496 -0.175754 1.641301
    50 1.744041 -0.000031 -0.000002 -0.025718 -0.014586 1.468156
    51 1.368763 -0.000031 -0.000017 0.050831 0.150370 0.142238
    52 1.874855 0.935081 -0.999130 2.126006 0.483450 1.082862
    53 1.523449 -0.000034 -0.000003 -0.460179 -0.057098 0.780184
    54 1.599281 -0.000002 0.000009 0.079776 -0.024525 1.123837
    55 4.123355 1.860057 -0.741599 3.139446 0.288360 -2.792691
    56 5.511806 -0.000002 0.000006 -0.907938 0.000000 0.000000
    57 0.196850 0.000003 -0.000002 -0.348225 0.000015 -0.000002
    58 0.000000 0.000000 0.000000 0.002649 0.005538 -1.580458
    59 0.932736 0.028347 -3.808015 -0.073394 0.233300 0.073000
    60 0.516761 0.000000 0.128687 0.000000 0.000000 0.000000
    61 0.557412 0.000000 -0.302896 0.000000 0.000000 0.000000
    62 1.388578 -0.009689 0.998071 0.000000 0.924975 0.000000
    63 -1.500303 -0.009689 0.357642 0.000000 0.000000 0.000000
    64 -2.978541 -0.009687 2.091135 0.000000 0.000000 0.000000
    65 -1.126226 -0.584940 -0.293134 0.000000 0.000000 0.000000
  time 69
    0 -0.000001 7.450089 -27.509026 0.000000 0.000000 0.000031
    1 -0.000002 0.000000 0.000000 1.570743 -1.567137 -1.570743
    2 4.255468 -0.335183 -0.000002 0.000000 0.000000 -0.124848
    3 7.431248 1.496477 0.000002 0.000000 0.000000 0.245450
    4 5.278479 0.165541 0.000001 0.000000 0.000000 0.048511
    5 3.455526 -8.400610 1.488976 1.975864 1.159909 -1.298786
  6 -6.214482 -0.000007 -0.000027 -2.667894 -0.118153 0.661101
  7 11.944882 0.000000 0.000001 0.125267 -0.005935 0.017903
    8 10.620181 0.000002 0.000000 0.735929 0.849854 2.684329
    9 -4.751106 -0.694494 0.830577 -0.265066 -0.185212 0.638415
    10 -1.688068 0.000046 -0.000032 0.017318 -0.017625 0.661047
    11 -1.336140 0.000057 -0.000012 0.026268 0.002327 0.462662
    12 -4.820494 -0.509460 -0.224759 -0.387629 -0.157873 1.437294
    13 -1.826992 -0.000064 0.000006 -0.008328 0.039588 1.065564
    14 -1.436573 0.000006 0.000002 -0.060134 -0.049384 0.791627
    15 -3.992355 -0.891188 -1.827909 -0.524035 -0.011224 1.323612
    16 -1.405918 -0.000025 -0.000003 0.000590 -0.029494 0.855908
    17 -1.175358 0.000128 -0.000020 0.064417 0.021463 1.153028
    18 -4.526751 -0.690575 -1.120744 -0.418129 0.007769 1.492663
    19 -1.744038 0.000033 -0.000008 -0.019053 -0.022614 1.113174
    20 -1.368771 0.000025 0.000002 0.037954 0.036187 0.704409
    21 -1.718803 -1.282703 0.931534 1.358109 0.642119 0.699476
    22 -1.523453 0.000032 0.000031 0.082946 -0.041353 0.509735
    23 -1.599285 0.000004 0.000016 0.013831 -0.086613 -0.389378
    24 -4.170126 -1.854398 0.753332 -0.190417 -0.170868 0.450040
    25 -0.420465 -0.018743 1.271440 0.000000 0.000002 0.000000
    26 0.516761 0.000000 0.128687 0.000000 0.000000 0.000000
    27 0.557412 0.000000 -0.302895 0.000000 0.000000 0.000000
    28 1.388578 -0.009689 0.998069 0.000000 0.924975 0.000000
    29 -1.500304 -0.009689 0.357643 0.000000 0.000002 0.000000
    30 -0.761995 -0.009687 2.091125 0.000000 0.000002 0.000000
    31 -1.126226 -0.584940 -0.293132 0.000000 0.000002 0.000000
    32 4.366932 0.145734 -1.517929 0.343408 1.059062 1.581273
    33 -1.382725 -7.331042 3.273106 -3.026838 1.011702 -1.862408
    34 5.511815 0.000008 -0.000001 2.243153 0.000000 3.141593
    35 0.196847 -0.000001 0.000003 2.793407 0.000006 -3.141577
    36 3.455526 -8.400609 -1.488978 1.975862 1.159909 1.842803
    37 6.214485 0.000006 0.000020 -0.404001 0.410893 -1.728925
    38 11.944885 -0.000029 -0.000194 -1.165621 -0.301610 -1.023722
    39 10.620166 0.000002 0.000010 -2.055543 -0.526131 0.054521
    40 4.751156 0.694376 -0.830473 0.149202 -0.173531 0.598466
    41 1.688065 -0.000026 0.000002 0.024668 -0.001752 -0.060982
    42 1.336151 -0.000051 -0.000009 0.031600 -0.022318 -0.584616
    43 4.820513 0.509340 0.224865 -0.282059 -0.320142 1.392856
    44 1.826996 0.000066 0.000008 0.004297 0.040213 1.379384
    45 1.436577 -0.000010 0.000007 0.007051 -0.013384 0.358405
    46 3.992353 0.891087 1.827994 -0.535673 0.001046 1.726522
    47 1.405918 0.000021 -0.000007 -0.008992 -0.028075 1.183726
    48 1.175369 -0.000131 0.000002 0.073099 0.099343 0.591189
    49 4.526756 0.690460 1.120842 -0.485496 -0.175754 1.641301
    50 1.744041 -0.000031 -0.000002 -0.025718 -0.014586 1.468156
    51 1.368763 -0.000031 -0.000017 0.050831 0.150370 0.142238
    52 1.874855 0.935081 -0.999130 2.126006 0.483450 1.082862
    53 1.523449 -0.000034 -0.000003 -0.460179 -0.057098 0.780184
    54 1.599281 -0.000002 0.000009 0.079776 -0.024525 1.123837
    55 4.123355 1.860057 -0.741599 3.139446 0.288360 -2.792691
    56 5.511806 -0.000002 0.000006 -0.907938 0.000000 0.000000
    57 0.196850 0.000003 -0.000002 -0.348225 0.000015 -0.000002
    58 0.000000 0.000000 0.000000 0.006894 0.003392 -1.578122
    59 1.010519 0.001119 -3.788884 -0.056528 0.167377 0.029577
    60 0.516761 0.000000 0.128687 0.000000 0.000000 0.000000
    61 0.557412 0.000000 -0.302896 0.000000 0.000000 0.000000
    62 1.388578 -0.009689 0.998071 0.000000 0.924975 0.000000
    63 -1.500303 -0.009689 0.357642 0.000000 0.000000 0.000000
    64 -2.978541 -0.009687 2.091135 0.000000 0.000000 0.000000
    65 -1.126226 -0.584940 -0.293134 0.000000 0.000000 0.000000
  time 70
    0 -0.000001 7.450089 -27.509026 0.000000 0.000000 0.000031
    1 -0.000002 0.000000 0.000000 1.570743 -1.567137 -1.570743
    2 4.255468 -0.335183 -0.000002 0.000000 0.000000 -0.124848
    3 7.431248 1.496477 0.000002 0.000000 0.000000 0.245450
    4 5.278479 0.165541 0.000001 0.000000 0.000000 0.048511
    5 3.455526 -8.400610 1.488976 1.975864 1.159909 -1.298786
  6 -6.214482 -0.000007 -0.000027 -2.712238 -0.127815 0.670173
  7 11.944882 0.000000 0.000001 0.126458 -0.019350 0.048076
    8 10.620181 0.000002 0.000000 0.566987 0.889554 2.449543
    9 -4.751106 -0.694494 0.830577 -0.265066 -0.185212 0.638415
    10 -1.688068 0.000046 -0.000032 0.017318 -0.017625 0.661047
    11 -1.336140 0.000057 -0.000012 0.026268 0.002327 0.462662
    12 -4.820494 -0.509460 -0.224759 -0.387629 -0.157873 1.437294
    13 -1.826992 -0.000064 0.000006 -0.008328 0.039588 1.065564
    14 -1.436573 0.000006 0.000002 -0.060134 -0.049384 0.791627
    15 -3.992355 -0.891188 -1.827909 -0.524035 -0.011224 1.323612
    16 -1.405918 -0.000025 -0.000003 0.000590 -0.029494 0.855908
    17 -1.175358 0.000128 -0.000020 0.064417 0.021463 1.153028
    18 -4.526751 -0.690575 -1.120744 -0.418129 0.007769 1.492663
    19 -1.744038 0.000033 -0.000008 -0.019053 -0.022614 1.113174
    20 -1.368771 0.000025 0.000002 0.037954 0.036187 0.704409
    21 -1.718803 -1.282703 0.931534 1.358109 0.642119 0.699476
    22 -1.523453 0.000032 0.000031 0.082946 -0.041353 0.509735
    23 -1.599285 0.000004 0.000016 0.013831 -0.086613 -0.389378
    24 -4.170126 -1.854398 0.753332 -0.190417 -0.170868 0.450040
    25 -0.420465 -0.018743 1.271440 0.000000 0.000002 0.000000
    26 0.516761 0.000000 0.128687 0.000000 0.000000 0.000000
    27 0.557412 0.000000 -0.302895 0.000000 0.000000 0.000000
    28 1.388578 -0.009689 0.998069 0.000000 0.924975 0.000000
    29 -1.500304 -0.009689 0.357643 0.000000 0.000002 0.000000
    30 -0.762000 -0.009688 2.091125 0.000000 0.000002 0.000000
    31 -1.126226 -0.584940 -0.293132 0.000000 0.000002 0.000000
    32 4.366932 0.145734 -1.517929 0.343408 1.059062 1.581273
    33 -1.241089 -7.272755 3.062918 -3.058038 1.034021 -1.808905
    34 5.511815 0.000008 -0.000001 2.243153 0.000000 3.141593
    35 0.196847 -0.000001 0.000003 2.793407 0.000006 -3.141577
    36 3.455526 -8.400609 -1.488978 1.975862 1.159909 1.842803
    37 6.214485 0.000006 0.000020 -0.403797 0.413067 -1.726273
    38 11.944885 -0.000029 -0.000194 -1.161883 -0.303728 -1.036210
    39 10.620166 0.000002 0.000010 -2.035651 -0.550833 0.073610
    40 4.751156 0.694376 -0.830473 0.149202 -0.173531 0.598466
    41 1.688065 -0.000026 0.000002 0.024668 -0.001752 -0.060982
    42 1.336151 -0.000051 -0.000009 0.031600 -0.022318 -0.584616
    43 4.820513 0.509340 0.224865 -0.282059 -0.320142 1.392856
    44 1.826996 0.000066 0.000008 0.004297 0.040213 1.379384
    45 1.436577 -0.000010 0.000007 0.007051 -0.013384 0.358405
    46 3.992353 0.891087 1.827994 -0.535673 0.001046 1.726522
    47 1.405918 0.000021 -0.000007 -0.008992 -0.028075 1.183726
    48 1.175369 -0.000131 0.000002 0.073099 0.099343 0.591189
    49 4.526756 0.690460 1.120842 -0.485496 -0.175754 1.641301
    50 1.744041 -0.000031 -0.000002 -0.025718 -0.014586 1.468156
    51 1.368763 -0.000031 -0.000017 0.050831 0.150370 0.142238
    52 1.874855 0.935081 -0.999130 2.126006 0.483450 1.082862
    53 1.523449 -0.000034 -0.000003 -0.460179 -0.057098 0.780184
    54 1.599281 -0.000002 0.000009 0.079776 -0.024525 1.123837
    55 4.123355 1.860057 -0.741599 3.139446 0.288360 -2.792691
    56 5.511806 -0.000002 0.000006 -0.907938 0.000000 0.000000
    57 0.196850 0.000003 -0.000002 -0.348225 0.000015 -0.000002
    58 0.000000 0.000000 0.000000 0.010356 0.001663 -1.575104
    59 1.076003 -0.012860 -3.736956 -0.031582 0.090563 0.008681
    60 0.516761 0.000000 0.128687 0.000000 0.000000 0.000000
    61 0.557412 0.000000 -0.302896 0.000000 0.000000 0.000000
    62 1.388578 -0.009689 0.998071 0.000000 0.924975 0.000000
    63 -1.500303 -0.009689 0.357642 0.000000 0.000000 0.000000
    64 -2.978541 -0.009687 2.091135 0.000000 0.000000 0.000000
    65 -1.126226 -0.584940 -0.293134 0.000000 0.000000 0.000000
  time 71
    0 -0.000001 7.450089 -27.509026 0.000000 0.000000 0.000031
    1 -0.000002 0.000000 0.000000 1.570743 -1.567137 -1.570743
    2 4.255468 -0.335183 -0.000002 0.000000 0.000000 -0.124848
    3 7.431248 1.496477 0.000002 0.000000 0.000000 0.245450
    4 5.278479 0.165541 0.000001 0.000000 0.000000 0.048511
    5 3.455526 -8.400610 1.488976 1.975864 1.159909 -1.298786
  6 -6.214482 -0.000007 -0.000027 -2.723291 -0.119884 0.661790
  7 11.944882 0.000000 0.000001 0.126378 -0.007961 0.018787
    8 10.620181 0.000002 0.000000 0.550329 0.903306 2.333027
    9 -4.751106 -0.694494 0.830577 -0.265066 -0.185212 0.638415
    10 -1.688068 0.000046 -0.000032 0.017318 -0.017625 0.661047
    11 -1.336140 0.000057 -0.000012 0.026268 0.002327 0.462662
    12 -4.820494 -0.509460 -0.224759 -0.387629 -0.157873 1.437294
    13 -1.826992 -0.000064 0.000006 -0.008328 0.039588 1.065564
    14 -1.436573 0.000006 0.000002 -0.060134 -0.049384 0.791627
    15 -3.992355 -0.891188 -1.827909 -0.524035 -0.011224 1.323612
    16 -1.405918 -0.000025 -0.000003 0.000590 -0.029494 0.855908
    17 -1.175358 0.000128 -0.000020 0.064417 0.021463 1.153028
    18 -4.526751 -0.690575 -1.120744 -0.418129 0.007769 1.492663
    19 -1.744038 0.000033 -0.000008 -0.019053 -0.022614 1.113174
    20 -1.368771 0.000025 0.000002 0.037954 0.036187 0.704409
    21 -1.718803 -1.282703 0.931534 1.358109 0.642119 0.699476
    22 -1.523453 0.000032 0.000031 0.082946 -0.041353 0.509735
    23 -1.599285 0.000004 0.000016 0.013831 -0.086613 -0.389378
    24 -4.170126 -1.854398 0.753332 -0.190417 -0.170868 0.450040
    25 -0.420465 -0.018743 1.271440 0.000000 0.000002 0.000000
    26 0.516761 0.000000 0.128687 0.000000 0.000000 0.000000
    27 0.557412 0.000000 -0.302895 0.000000 0.000000 0.000000
    28 1.388578 -0.009689 0.998069 0.000000 0.924975 0.000000
    29 -1.500304 -0.009689 0.357643 0.000000 0.000002 0.000000
    30 -0.761999 -0.009689 2.091125 0.000000 0.000002 0.000000
    31 -1.126226 -0.584940 -0.293132 0.000000 0.000002 0.000000
    32 4.366932 0.145734 -1.517929 0.343408 1.059062 1.581273
    33 -1.139009 -7.115617 3.060429 -3.110748 1.018373 -1.800449
    34 5.511815 0.000008 -0.000001 2.243153 0.000000 3.141593
    35 0.196847 -0.000001 0.000003 2.793407 0.000006 -3.141577
    36 3.455526 -8.400609 -1.488978 1.975862 1.159909 1.842803
    37 6.214485 0.000006 0.000020 -0.400351 0.413984 -1.727153
    38 11.944885 -0.000029 -0.000194 -1.163317 -0.302895 -1.031314
    39 10.620166 0.000002 0.000010 -2.044310 -0.547548 0.057657
    40 4.751156 0.694376 -0.830473 0.149202 -0.173531 0.598466
    41 1.688065 -0.000026 0.000002 0.024668 -0.001752 -0.060982
    42 1.336151 -0.000051 -0.000009 0.031600 -0.022318 -0.584616
    43 4.820513 0.509340 0.224865 -0.282059 -0.320142 1.392856
    44 1.826996 0.000066 0.000008 0.004297 0.040213 1.379384
    45 1.436577 -0.000010 0.000007 0.007051 -0.013384 0.358405
    46 3.992353 0.891087 1.827994 -0.535673 0.001046 1.726522
    47 1.405918 0.000021 -0.000007 -0.008992 -0.028075 1.183726
    48 1.175369 -0.000131 0.000002 0.073099 0.099343 0.591189
    49 4.526756 0.690460 1.120842 -0.485496 -0.175754 1.641301
    50 1.744041 -0.000031 -0.000002 -0.025718 -0.014586 1.468156
    51 1.368763 -0.000031 -0.000017 0.050831 0.150370 0.142238
    52 1.874855 0.935081 -0.999130 2.126006 0.483450 1.082862
    53 1.523449 -0.000034 -0.000003 -0.460179 -0.057098 0.780184
    54 1.599281 -0.000002 0.000009 0.079776 -0.024525 1.123837
    55 4.123355 1.860057 -0.741599 3.139446 0.288360 -2.792691
    56 5.511806 -0.000002 0.000006 -0.907938 0.000000 0.000000
    57 0.196850 0.000003 -0.000002 -0.348225 0.000015 -0.000002
    58 0.000000 0.000000 0.000000 0.012604 0.000435 -1.571312
    59 1.121176 -0.018009 -3.635835 -0.009396 0.026681 0.001083
    60 0.516761 0.000000 0.128687 0.000000 0.000000 0.000000
    61 0.557412 0.000000 -0.302896 0.000000 0.000000 0.000000
    62 1.388578 -0.009689 0.998071 0.000000 0.924975 0.000000
    63 -1.500303 -0.009689 0.357642 0.000000 0.000000 0.000000
    64 -2.978541 -0.009687 2.091135 0.000000 0.000000 0.000000
    65 -1.126226 -0.584940 -0.293134 0.000000 0.000000 0.000000
  time 72
    0 -0.000001 7.450089 -27.509026 0.000000 0.000000 0.000031
    1 -0.000002 0.000000 0.000000 1.570743 -1.567137 -1.570743
    2 4.255468 -0.335183 -0.000002 0.000000 0.000000 -0.124848
    3 7.431248 1.496477 0.000002 0.000000 0.000000 0.245450
    4 5.278479 0.165541 0.000001 0.000000 0.000000 0.048511
    5 3.455526 -8.400610 1.488976 1.975864 1.159909 -1.298786
  6 -6.214482 -0.000007 -0.000027 -2.715830 -0.122890 0.663140
  7 11.944882 0.000000 0.000001 0.126248 -0.007188 0.017438
    8 10.620181 0.000002 0.000000 0.608639 0.903101 2.343218
    9 -4.751106 -0.694494 0.830577 -0.265066 -0.185212 0.638415
    10 -1.688068 0.000046 -0.000032 0.017318 -0.017625 0.661047
    11 -1.336140 0.000057 -0.000012 0.026268 0.002327 0.462662
    12 -4.820494 -0.509460 -0.224759 -0.387629 -0.157873 1.437294
    13 -1.826992 -0.000064 0.000006 -0.008328 0.039588 1.065564
    14 -1.436573 0.000006 0.000002 -0.060134 -0.049384 0.791627
    15 -3.992355 -0.891188 -1.827909 -0.524035 -0.011224 1.323612
    16 -1.405918 -0.000025 -0.000003 0.000590 -0.029494 0.855908
    17 -1.175358 0.000128 -0.000020 0.064417 0.021463 1.153028
    18 -4.526751 -0.690575 -1.120744 -0.418129 0.007769 1.492663
    19 -1.744038 0.000033 -0.000008 -0.019053 -0.022614 1.113174
    20 -1.368771 0.000025 0.000002 0.037954 0.036187 0.704409
    21 -1.718803 -1.282703 0.931534 1.358109 0.642119 0.699476
    22 -1.523453 0.000032 0.000031 0.082946 -0.041353 0.509735
    23 -1.599285 0.000004 0.000016 0.013831 -0.086613 -0.389378
    24 -4.170126 -1.854398 0.753332 -0.190417 -0.170868 0.450040
    25 -0.420465 -0.018743 1.271440 0.000000 0.000002 0.000000
    26 0.516761 0.000000 0.128687 0.000000 0.000000 0.000000
    27 0.557412 0.000000 -0.302895 0.000000 0.000000 0.000000
    28 1.388578 -0.009689 0.998069 0.000000 0.924975 0.000000
    29 -1.500304 -0.009689 0.357643 0.000000 0.000002 0.000000
    30 -0.761996 -0.009688 2.091125 0.000000 0.000002 0.000000
    31 -1.126226 -0.584940 -0.293132 0.000000 0.000002 0.000000
    32 4.366932 0.145734 -1.517929 0.343408 1.059062 1.581273
    33 -1.110579 -6.967607 3.074756 3.140528 1.002646 -1.814784
    34 5.511815 0.000008 -0.000001 2.243153 0.000000 3.141593
    35 0.196847 -0.000001 0.000003 2.793407 0.000006 -3.141577
    36 3.455526 -8.400609 -1.488978 1.975862 1.159909 1.842803
    37 6.214485 0.000006 0.000020 -0.397112 0.414516 -1.728022
    38 11.944885 -0.000029 -0.000194 -1.165795 -0.301426 -1.022984
    39 10.620166 0.000002 0.000010 -2.059969 -0.540124 0.031367
    40 4.751156 0.694376 -0.830473 0.149202 -0.173531 0.598466
    41 1.688065 -0.000026 0.000002 0.024668 -0.001752 -0.060982
    42 1.336151 -0.000051 -0.000009 0.031600 -0.022318 -0.584616
    43 4.820513 0.509340 0.224865 -0.282059 -0.320142 1.392856
    44 1.826996 0.000066 0.000008 0.004297 0.040213 1.379384
    45 1.436577 -0.000010 0.000007 0.007051 -0.013384 0.358405
    46 3.992353 0.891087 1.827994 -0.535673 0.001046 1.726522
    47 1.405918 0.000021 -0.000007 -0.008992 -0.028075 1.183726
    48 1.175369 -0.000131 0.000002 0.073099 0.099343 0.591189
    49 4.526756 0.690460 1.120842 -0.485496 -0.175754 1.641301
    50 1.744041 -0.000031 -0.000002 -0.025718 -0.014586 1.468156
    51 1.368763 -0.000031 -0.000017 0.050831 0.150370 0.142238
    52 1.874855 0.935081 -0.999130 2.126006 0.483450 1.082862
    53 1.523449 -0.000034 -0.000003 -0.460179 -0.057098 0.780184
    54 1.599281 -0.000002 0.000009 0.079776 -0.024525 1.123837
    55 4.123355 1.860057 -0.741599 3.139446 0.288360 -2.792691
    56 5.511806 -0.000002 0.000006 -0.907938 0.000000 0.000000
    57 0.196850 0.000003 -0.000002 -0.348225 0.000015 -0.000002
    58 0.000000 0.000000 0.000000 0.013467 -0.000027 -1.566825
    59 1.138009 -0.018747 -3.469119 0.000000 0.000000 0.000000
    60 0.516761 0.000000 0.128687 0.000000 0.000000 0.000000
    61 0.557412 0.000000 -0.302896 0.000000 0.000000 0.000000
    62 1.388578 -0.009689 0.998071 0.000000 0.924975 0.000000
    63 -1.500303 -0.009689 0.357642 0.000000 0.000000 0.000000
    64 -2.978541 -0.009687 2.091135 0.000000 0.000000 0.000000
    65 -1.126226 -0.584940 -0.293134 0.000000 0.000000 0.000000
  time 73
    0 -0.000001 7.450089 -27.509026 0.000000 0.000000 0.000031
    1 -0.000002 0.000000 0.000000 1.570743 -1.567137 -1.570743
    2 4.255468 -0.335183 -0.000002 0.000000 0.000000 -0.124848
    3 7.431248 1.496477 0.000002 0.000000 0.000000 0.245450
    4 5.278479 0.165541 0.000001 0.000000 0.000000 0.048511
    5 3.455526 -8.400610 1.488976 1.975864 1.159909 -1.298786
  6 -6.214482 -0.000007 -0.000027 -2.652455 -0.125119 0.659253
  7 11.944882 0.000000 0.000001 0.125292 -0.006004 0.017880
    8 10.620181 0.000002 0.000000 0.755851 0.855795 2.387312
    9 -4.751106 -0.694494 0.830577 -0.265066 -0.185212 0.638415
    10 -1.688068 0.000046 -0.000032 0.017318 -0.017625 0.661047
    11 -1.336140 0.000057 -0.000012 0.026268 0.002327 0.462662
    12 -4.820494 -0.509460 -0.224759 -0.387629 -0.157873 1.437294
    13 -1.826992 -0.000064 0.000006 -0.008328 0.039588 1.065564
    14 -1.436573 0.000006 0.000002 -0.060134 -0.049384 0.791627
    15 -3.992355 -0.891188 -1.827909 -0.524035 -0.011224 1.323612
    16 -1.405918 -0.000025 -0.000003 0.000590 -0.029494 0.855908
    17 -1.175358 0.000128 -0.000020 0.064417 0.021463 1.153028
    18 -4.526751 -0.690575 -1.120744 -0.418129 0.007769 1.492663
    19 -1.744038 0.000033 -0.000008 -0.019053 -0.022614 1.113174
    20 -1.368771 0.000025 0.000002 0.037954 0.036187 0.704409
    21 -1.718803 -1.282703 0.931534 1.409768 0.652559 0.741531
    22 -1.523453 0.000032 0.000031 0.087235 -0.031206 0.391072
    23 -1.599285 0.000004 0.000016 0.013831 -0.086613 -0.389378
    24 -4.170126 -1.854398 0.753332 -0.190417 -0.170868 0.450040
    25 -0.420465 -0.018743 1.271440 0.000000 0.000002 0.000000
    26 0.516761 0.000000 0.128687 0.000000 0.000000 0.000000
    27 0.557412 0.000000 -0.302895 0.000000 0.000000 0.000000
    28 1.388578 -0.009689 0.998069 0.000000 0.924975 0.000000
    29 -1.500304 -0.009689 0.357643 0.000000 0.000002 0.000000
    30 -0.761994 -0.009688 2.091125 0.000000 0.000002 0.000000
    31 -1.126226 -0.584940 -0.293132 0.000000 0.000002 0.000000
    32 4.366932 0.145734 -1.517929 0.343408 1.059062 1.581273
    33 0.680216 -4.997804 1.297737 3.132648 0.988681 -1.833485
    34 5.511815 0.000008 -0.000001 2.243153 0.000000 3.141593
    35 0.196847 -0.000001 0.000003 2.793407 0.000006 -3.141577
    36 3.455526 -8.400609 -1.488978 1.975862 1.159909 1.842803
    37 6.214485 0.000006 0.000020 -0.399203 0.415859 -1.722477
    38 11.944885 -0.000029 -0.000194 -1.166300 -0.301224 -1.021445
    39 10.620166 0.000002 0.000010 -2.067867 -0.530944 0.021695
    40 4.751156 0.694376 -0.830473 0.149202 -0.173531 0.598466
    41 1.688065 -0.000026 0.000002 0.024668 -0.001752 -0.060982
    42 1.336151 -0.000051 -0.000009 0.031600 -0.022318 -0.584616
    43 4.820513 0.509340 0.224865 -0.282059 -0.320142 1.392856
    44 1.826996 0.000066 0.000008 0.004297 0.040213 1.379384
    45 1.436577 -0.000010 0.000007 0.007051 -0.013384 0.358405
    46 3.992353 0.891087 1.827994 -0.535673 0.001046 1.726522
    47 1.405918 0.000021 -0.000007 -0.008992 -0.028075 1.183726
    48 1.175369 -0.000131 0.000002 0.073099 0.099343 0.591189
    49 4.526756 0.690460 1.120842 -0.485496 -0.175754 1.641301
    50 1.744041 -0.000031 -0.000002 -0.025718 -0.014586 1.468156
    51 1.368763 -0.000031 -0.000017 0.050831 0.150370 0.142238
    52 1.874855 0.935081 -0.999130 2.126006 0.483450 1.082862
    53 1.523449 -0.000034 -0.000003 -0.460179 -0.057098 0.780184
    54 1.599281 -0.000002 0.000009 0.079776 -0.024525 1.123837
    55 4.123355 1.860057 -0.741599 3.139446 0.288360 -2.792691
    56 5.511806 -0.000002 0.000006 -0.907938 0.000000 0.000000
    57 0.196850 0.000003 -0.000002 -0.348225 0.000015 -0.000002
    58 0.000000 0.000000 0.000000 -0.044343 0.005782 -1.559268
    59 0.145724 -0.018745 -0.294014 0.000000 0.000000 0.000000
    60 0.516761 0.000000 0.128687 0.000000 0.000000 0.000000
    61 0.557412 0.000000 -0.302896 0.000000 0.000000 0.000000
    62 1.388578 -0.009689 0.998071 0.000000 0.924975 0.000000
    63 -1.500303 -0.009689 0.357642 0.000000 0.000000 0.000000
    64 -2.978541 -0.009687 2.091135 0.000000 0.000000 0.000000
    65 -1.126226 -0.584940 -0.293134 0.000000 0.000000 0.000000
  time 74
    0 -0.000001 7.450089 -27.509026 0.000000 0.000000 0.000031
    1 -0.000002 0.000000 0.000000 1.570743 -1.567137 -1.570743
    2 4.255468 -0.335183 -0.000002 0.000000 0.000000 -0.124848
    3 7.431248 1.496477 0.000002 0.000000 0.000000 0.245450
    4 5.278479 0.165541 0.000001 0.000000 0.000000 0.048511
    5 3.455526 -8.400610 1.488976 1.975864 1.159909 -1.298786
  6 -6.214482 -0.000007 -0.000027 -2.636194 -0.087627 0.623752
  7 11.944882 0.000000 0.000001 0.125206 -0.005847 0.017932
    8 10.620181 0.000002 0.000000 0.688021 0.733071 2.160464
    9 -4.751106 -0.694494 0.830577 -0.265066 -0.185212 0.638415
    10 -1.688068 0.000046 -0.000032 0.017318 -0.017625 0.661047
    11 -1.336140 0.000057 -0.000012 0.026268 0.002327 0.462662
    12 -4.820494 -0.509460 -0.224759 -0.387629 -0.157873 1.437294
    13 -1.826992 -0.000064 0.000006 -0.008328 0.039588 1.065564
    14 -1.436573 0.000006 0.000002 -0.060134 -0.049384 0.791627
    15 -3.992355 -0.891188 -1.827909 -0.524035 -0.011224 1.323612
    16 -1.405918 -0.000025 -0.000003 0.000590 -0.029494 0.855908
    17 -1.175358 0.000128 -0.000020 0.064417 0.021463 1.153028
    18 -4.526751 -0.690575 -1.120744 -0.418129 0.007769 1.492663
    19 -1.744038 0.000033 -0.000008 -0.019053 -0.022614 1.113174
    20 -1.368771 0.000025 0.000002 0.037954 0.036187 0.704409
    21 -1.718803 -1.282703 0.931534 1.508127 0.667184 0.822234
    22 -1.523453 0.000032 0.000031 0.091959 -0.011196 0.169415
    23 -1.599285 0.000004 0.000016 0.013831 -0.086613 -0.389378
    24 -4.170126 -1.854398 0.753332 -0.190417 -0.170868 0.450040
    25 -0.420465 -0.018743 1.271440 0.000000 0.000002 0.000000
    26 0.516761 0.000000 0.128687 0.000000 0.000000 0.000000
    27 0.557412 0.000000 -0.302895 0.000000 0.000000 0.000000
    28 1.388578 -0.009689 0.998069 0.000000 0.924975 0.000000
    29 -1.500304 -0.009689 0.357643 0.000000 0.000002 0.000000
    30 -0.761999 -0.009687 2.091125 0.000000 0.000002 0.000000
    31 -1.126226 -0.584940 -0.293132 0.000000 0.000002 0.000000
    32 4.366932 0.145734 -1.517929 0.343408 1.059062 1.581273
    33 1.626598 -4.112611 0.404177 3.125165 0.976868 -1.849483
    34 5.511815 0.000008 -0.000001 2.243153 0.000000 3.141593
    35 0.196847 -0.000001 0.000003 2.793407 0.000006 -3.141577
    36 3.455526 -8.400609 -1.488978 1.975862 1.159909 1.842803
    37 6.214485 0.000006 0.000020 -0.457215 0.403102 -1.702117
    38 11.944885 -0.000029 -0.000194 -1.146004 -0.312148 -1.088543
    39 10.620166 0.000002 0.000010 -2.053380 -0.587412 0.251260
    40 4.751156 0.694376 -0.830473 0.149202 -0.173531 0.598466
    41 1.688065 -0.000026 0.000002 0.024668 -0.001752 -0.060982
    42 1.336151 -0.000051 -0.000009 0.031600 -0.022318 -0.584616
    43 4.820513 0.509340 0.224865 -0.282059 -0.320142 1.392856
    44 1.826996 0.000066 0.000008 0.004297 0.040213 1.379384
    45 1.436577 -0.000010 0.000007 0.007051 -0.013384 0.358405
    46 3.992353 0.891087 1.827994 -0.535673 0.001046 1.726522
    47 1.405918 0.000021 -0.000007 -0.008992 -0.028075 1.183726
    48 1.175369 -0.000131 0.000002 0.073099 0.099343 0.591189
    49 4.526756 0.690460 1.120842 -0.485496 -0.175754 1.641301
    50 1.744041 -0.000031 -0.000002 -0.025718 -0.014586 1.468156
    51 1.368763 -0.000031 -0.000017 0.050831 0.150370 0.142238
    52 1.874855 0.935081 -0.999130 2.126006 0.483450 1.082862
    53 1.523449 -0.000034 -0.000003 -0.460179 -0.057098 0.780184
    54 1.599281 -0.000002 0.000009 0.079776 -0.024525 1.123837
    55 4.123355 1.860057 -0.741599 3.139446 0.288360 -2.792691
    56 5.511806 -0.000002 0.000006 -0.907938 0.000000 0.000000
    57 0.196850 0.000003 -0.000002 -0.348225 0.000015 -0.000002
    58 0.000000 0.000000 0.000000 0.017697 -0.000057 -1.564322
    59 -0.420468 -0.018744 1.271444 0.000000 0.000000 0.000000
    60 0.516761 0.000000 0.128687 0.000000 0.000000 0.000000
    61 0.557412 0.000000 -0.302896 0.000000 0.000000 0.000000
    62 1.388578 -0.009689 0.998071 0.000000 0.924975 0.000000
    63 -1.500303 -0.009689 0.357642 0.000000 0.000000 0.000000
    64 -2.978541 -0.009687 2.091135 0.000000 0.000000 0.000000
    65 -1.126226 -0.584940 -0.293134 0.000000 0.000000 0.000000
  time 75
    0 -0.000001 7.450089 -27.509026 0.000000 0.000000 0.000031
    1 -0.000002 0.000000 0.000000 1.570743 -1.567137 -1.570743
    2 4.255468 -0.335183 -0.000002 0.000000 0.000000 -0.124848
    3 7.431248 1.496477 0.000002 0.000000 0.000000 0.245450
    4 5.278479 0.165541 0.000001 0.000000 0.000000 0.048511
    5 3.455526 -8.400610 1.488976 1.975864 1.159909 -1.298786
  6 -6.214482 -0.000007 -0.000027 -2.598105 -0.073285 0.632446
  7 11.944882 0.000000 0.000001 0.124099 -0.004255 0.018375
    8 10.620181 0.000002 0.000000 1.027326 0.663580 2.342793
    9 -4.751106 -0.694494 0.830577 -0.265066 -0.185212 0.638415
    10 -1.688068 0.000046 -0.000032 0.017318 -0.017625 0.661047
    11 -1.336140 0.000057 -0.000012 0.026268 0.002327 0.462662
    12 -4.820494 -0.509460 -0.224759 -0.387629 -0.157873 1.437294
    13 -1.826992 -0.000064 0.000006 -0.008328 0.039588 1.065564
    14 -1.436573 0.000006 0.000002 -0.060134 -0.049384 0.791627
    15 -3.992355 -0.891188 -1.827909 -0.524035 -0.011224 1.323612
    16 -1.405918 -0.000025 -0.000003 0.000590 -0.029494 0.855908
    17 -1.175358 0.000128 -0.000020 0.064417 0.021463 1.153028
    18 -4.526751 -0.690575 -1.120744 -0.418129 0.007769 1.492663
    19 -1.744038 0.000033 -0.000008 -0.019053 -0.022614 1.113174
    20 -1.368771 0.000025 0.000002 0.037954 0.036187 0.704409
    21 -1.718803 -1.282703 0.931534 1.561873 0.672388 0.866581
    22 -1.523453 0.000032 0.000031 0.092595 -0.000370 0.050889
    23 -1.599285 0.000004 0.000016 0.013831 -0.086613 -0.389378
    24 -4.170126 -1.854398 0.753332 -0.190417 -0.170868 0.450040
    25 -0.420465 -0.018743 1.271440 0.000000 0.000002 0.000000
    26 0.516761 0.000000 0.128687 0.000000 0.000000 0.000000
    27 0.557412 0.000000 -0.302895 0.000000 0.000000 0.000000
    28 1.388578 -0.009689 0.998069 0.000000 0.924975 0.000000
    29 -1.500304 -0.009689 0.357643 0.000000 0.000002 0.000000
    30 -0.761999 -0.009689 2.091125 0.000000 0.000002 0.000000
    31 -1.126226 -0.584940 -0.293132 0.000000 0.000002 0.000000
    32 4.366932 0.145734 -1.517929 0.343408 1.059062 1.581273
    33 1.612182 -4.135682 0.427322 3.121816 0.971898 -1.856247
    34 5.511815 0.000008 -0.000001 2.243153 0.000000 3.141593
    35 0.196847 -0.000001 0.000003 2.793407 0.000006 -3.141577
    36 3.455526 -8.400609 -1.488978 1.975862 1.159909 1.842803
    37 6.214485 0.000006 0.000020 -0.465492 0.385877 -1.723810
    38 11.944885 -0.000029 -0.000194 -1.151142 -0.309513 -1.071721
    39 10.620166 0.000002 0.000010 -2.229539 -0.632484 0.219474
    40 4.751156 0.694376 -0.830473 0.149202 -0.173531 0.598466
    41 1.688065 -0.000026 0.000002 0.024668 -0.001752 -0.060982
    42 1.336151 -0.000051 -0.000009 0.031600 -0.022318 -0.584616
    43 4.820513 0.509340 0.224865 -0.282059 -0.320142 1.392856
    44 1.826996 0.000066 0.000008 0.004297 0.040213 1.379384
    45 1.436577 -0.000010 0.000007 0.007051 -0.013384 0.358405
    46 3.992353 0.891087 1.827994 -0.535673 0.001046 1.726522
    47 1.405918 0.000021 -0.000007 -0.008992 -0.028075 1.183726
    48 1.175369 -0.000131 0.000002 0.073099 0.099343 0.591189
    49 4.526756 0.690460 1.120842 -0.485496 -0.175754 1.641301
    50 1.744041 -0.000031 -0.000002 -0.025718 -0.014586 1.468156
    51 1.368763 -0.000031 -0.000017 0.050831 0.150370 0.142238
    52 1.874855 0.935081 -0.999130 2.126006 0.483450 1.082862
    53 1.523449 -0.000034 -0.000003 -0.460179 -0.057098 0.780184
    54 1.599281 -0.000002 0.000009 0.079776 -0.024525 1.123837
    55 4.123355 1.860057 -0.741599 3.139446 0.288360 -2.792691
    56 5.511806 -0.000002 0.000006 -0.907938 0.000000 0.000000
    57 0.196850 0.000003 -0.000002 -0.348225 0.000015 -0.000002
    58 0.000000 0.000000 0.000000 0.015107 0.002935 -1.570774
    59 -0.420465 -0.018744 1.271442 0.000000 0.000000 0.000000
    60 0.516761 0.000000 0.128687 0.000000 0.000000 0.000000
    61 0.557412 0.000000 -0.302896 0.000000 0.000000 0.000000
    62 1.388578 -0.009689 0.998071 0.000000 0.924975 0.000000
    63 -1.500303 -0.009689 0.357642 0.000000 0.000000 0.000000
    64 -2.978541 -0.009687 2.091135 0.000000 0.000000 0.000000
    65 -1.126226 -0.584940 -0.293134 0.000000 0.000000 0.000000
  time 76
    0 -0.000001 7.450089 -27.509026 0.000000 0.000000 0.000031
    1 -0.000002 0.000000 0.000000 1.570743 -1.567137 -1.570743
    2 4.255468 -0.335183 -0.000002 0.000000 0.000000 -0.124848
    3 7.431248 1.496477 0.000002 0.000000 0.000000 0.245450
    4 5.278479 0.165541 0.000001 0.000000 0.000000 0.048511
    5 3.455526 -8.400610 1.488976 1.975864 1.159909 -1.298786
  6 -6.214482 -0.000007 -0.000027 -2.600908 -0.078627 0.633189
  7 11.944882 0.000000 0.000001 0.124135 -0.004349 0.018353
    8 10.620181 0.000002 0.000000 0.961040 0.623103 2.331993
    9 -4.751106 -0.694494 0.830577 -0.265066 -0.185212 0.638415
    10 -1.688068 0.000046 -0.000032 0.017318 -0.017625 0.661047
    11 -1.336140 0.000057 -0.000012 0.026268 0.002327 0.462662
    12 -4.820494 -0.509460 -0.224759 -0.387629 -0.157873 1.437294
    13 -1.826992 -0.000064 0.000006 -0.008328 0.039588 1.065564
    14 -1.436573 0.000006 0.000002 -0.060134 -0.049384 0.791627
    15 -3.992355 -0.891188 -1.827909 -0.524035 -0.011224 1.323612
    16 -1.405918 -0.000025 -0.000003 0.000590 -0.029494 0.855908
    17 -1.175358 0.000128 -0.000020 0.064417 0.021463 1.153028
    18 -4.526751 -0.690575 -1.120744 -0.418129 0.007769 1.492663
    19 -1.744038 0.000033 -0.000008 -0.019053 -0.022614 1.113174
    20 -1.368771 0.000025 0.000002 0.037954 0.036187 0.704409
    21 -1.718803 -1.282703 0.931534 1.561873 0.672388 0.866581
    22 -1.523453 0.000032 0.000031 0.092595 -0.000370 0.050889
    23 -1.599285 0.000004 0.000016 0.013831 -0.086613 -0.389378
    24 -4.170126 -1.854398 0.753332 -0.190417 -0.170868 0.450040
    25 -0.420465 -0.018743 1.271440 0.000000 0.000002 0.000000
    26 0.516761 0.000000 0.128687 0.000000 0.000000 0.000000
    27 0.557412 0.000000 -0.302895 0.000000 0.000000 0.000000
    28 1.388578 -0.009689 0.998069 0.000000 0.924975 0.000000
    29 -1.500304 -0.009689 0.357643 0.000000 0.000002 0.000000
    30 -0.761999 -0.009688 2.091125 0.000000 0.000002 0.000000
    31 -1.126226 -0.584940 -0.293132 0.000000 0.000002 0.000000
    32 4.366932 0.145734 -1.517929 0.343408 1.059062 1.581273
    33 1.612018 -4.135914 0.427739 3.121806 0.971761 -1.856306
    34 5.511815 0.000008 -0.000001 2.243153 0.000000 3.141593
    35 0.196847 -0.000001 0.000003 2.793407 0.000006 -3.141577
    36 3.455526 -8.400609 -1.488978 1.975862 1.159909 1.842803
    37 6.214485 0.000006 0.000020 -0.455779 0.394729 -1.718486
    38 11.944885 -0.000029 -0.000194 -1.147006 -0.311634 -1.085209
    39 10.620166 0.000002 0.000010 -2.190562 -0.683546 0.229671
    40 4.751156 0.694376 -0.830473 0.149202 -0.173531 0.598466
    41 1.688065 -0.000026 0.000002 0.024668 -0.001752 -0.060982
    42 1.336151 -0.000051 -0.000009 0.031600 -0.022318 -0.584616
    43 4.820513 0.509340 0.224865 -0.282059 -0.320142 1.392856
    44 1.826996 0.000066 0.000008 0.004297 0.040213 1.379384
    45 1.436577 -0.000010 0.000007 0.007051 -0.013384 0.358405
    46 3.992353 0.891087 1.827994 -0.535673 0.001046 1.726522
    47 1.405918 0.000021 -0.000007 -0.008992 -0.028075 1.183726
    48 1.175369 -0.000131 0.000002 0.073099 0.099343 0.591189
    49 4.526756 0.690460 1.120842 -0.485496 -0.175754 1.641301
    50 1.744041 -0.000031 -0.000002 -0.025718 -0.014586 1.468156
    51 1.368763 -0.000031 -0.000017 0.050831 0.150370 0.142238
    52 1.874855 0.935081 -0.999130 2.126006 0.483450 1.082862
    53 1.523449 -0.000034 -0.000003 -0.460179 -0.057098 0.780184
    54 1.599281 -0.000002 0.000009 0.079776 -0.024525 1.123837
    55 4.123355 1.860057 -0.741599 3.139446 0.288360 -2.792691
    56 5.511806 -0.000002 0.000006 -0.907938 0.000000 0.000000
    57 0.196850 0.000003 -0.000002 -0.348225 0.000015 -0.000002
    58 0.000000 0.000000 0.000000 0.011557 0.005892 -1.574474
    59 -0.420464 -0.018744 1.271443 0.000000 0.000000 0.000000
    60 0.516761 0.000000 0.128687 0.000000 0.000000 0.000000
    61 0.557412 0.000000 -0.302896 0.000000 0.000000 0.000000
    62 1.388578 -0.009689 0.998071 0.000000 0.924975 0.000000
    63 -1.500303 -0.009689 0.357642 0.000000 0.000000 0.000000
    64 -2.978541 -0.009687 2.091135 0.000000 0.000000 0.000000
    65 -1.126226 -0.584940 -0.293134 0.000000 0.000000 0.000000
  time 77
    0 -0.000001 7.450089 -27.509026 0.000000 0.000000 0.000031
    1 -0.000002 0.000000 0.000000 1.570743 -1.567137 -1.570743
    2 4.255468 -0.335183 -0.000002 0.000000 0.000000 -0.124848
    3 7.431248 1.496477 0.000002 0.000000 0.000000 0.245450
    4 5.278479 0.165541 0.000001 0.000000 0.000000 0.048511
    5 3.455526 -8.400610 1.488976 1.975864 1.159909 -1.298786
  6 -6.214482 -0.000007 -0.000027 -2.616486 -0.120045 0.659329
  7 11.944882 0.000000 0.000001 0.118742 -0.024581 0.093959
    8 10.620181 0.000002 0.000000 0.837184 0.611285 2.320147
    9 -4.751106 -0.694494 0.830577 -0.265066 -0.185212 0.638415
    10 -1.688068 0.000046 -0.000032 0.017318 -0.017625 0.661047
    11 -1.336140 0.000057 -0.000012 0.026268 0.002327 0.462662
    12 -4.820494 -0.509460 -0.224759 -0.387629 -0.157873 1.437294
    13 -1.826992 -0.000064 0.000006 -0.008328 0.039588 1.065564
    14 -1.436573 0.000006 0.000002 -0.060134 -0.049384 0.791627
    15 -3.992355 -0.891188 -1.827909 -0.524035 -0.011224 1.323612
    16 -1.405918 -0.000025 -0.000003 0.000590 -0.029494 0.855908
    17 -1.175358 0.000128 -0.000020 0.064417 0.021463 1.153028
    18 -4.526751 -0.690575 -1.120744 -0.418129 0.007769 1.492663
    19 -1.744038 0.000033 -0.000008 -0.019053 -0.022614 1.113174
    20 -1.368771 0.000025 0.000002 0.037954 0.036187 0.704409
    21 -1.718803 -1.282703 0.931534 1.561873 0.672388 0.866581
    22 -1.523453 0.000032 0.000031 0.092595 -0.000370 0.050889
    23 -1.599285 0.000004 0.000016 0.013831 -0.086613 -0.389378
    24 -4.170126 -1.854398 0.753332 -0.190417 -0.170868 0.450040
    25 -0.420465 -0.018743 1.271440 0.000000 0.000002 0.000000
    26 0.516761 0.000000 0.128687 0.000000 0.000000 0.000000
    27 0.557412 0.000000 -0.302895 0.000000 0.000000 0.000000
    28 1.388578 -0.009689 0.998069 0.000000 0.924975 0.000000
    29 -1.500304 -0.009689 0.357643 0.000000 0.000002 0.000000
    30 -0.761999 -0.009687 2.091126 0.000000 0.000002 0.000000
    31 -1.126226 -0.584940 -0.293132 0.000000 0.000002 0.000000
    32 4.366932 0.145734 -1.517929 0.343408 1.059062 1.581273
    33 1.612179 -4.135684 0.427310 3.121816 0.971898 -1.856247
    34 5.511815 0.000008 -0.000001 2.243153 0.000000 3.141593
    35 0.196847 -0.000001 0.000003 2.793407 0.000006 -3.141577
    36 3.455526 -8.400609 -1.488978 1.975862 1.159909 1.842803
    37 6.214485 0.000006 0.000020 -0.437340 0.411917 -1.704770
    38 11.944885 -0.000029 -0.000194 -1.143061 -0.313566 -1.098004
    39 10.620166 0.000002 0.000010 -2.108352 -0.716240 0.214862
    40 4.751156 0.694376 -0.830473 0.149202 -0.173531 0.598466
    41 1.688065 -0.000026 0.000002 0.024668 -0.001752 -0.060982
    42 1.336151 -0.000051 -0.000009 0.031600 -0.022318 -0.584616
    43 4.820513 0.509340 0.224865 -0.282059 -0.320142 1.392856
    44 1.826996 0.000066 0.000008 0.004297 0.040213 1.379384
    45 1.436577 -0.000010 0.000007 0.007051 -0.013384 0.358405
    46 3.992353 0.891087 1.827994 -0.535673 0.001046 1.726522
    47 1.405918 0.000021 -0.000007 -0.008992 -0.028075 1.183726
    48 1.175369 -0.000131 0.000002 0.073099 0.099343 0.591189
    49 4.526756 0.690460 1.120842 -0.485496 -0.175754 1.641301
    50 1.744041 -0.000031 -0.000002 -0.025718 -0.014586 1.468156
    51 1.368763 -0.000031 -0.000017 0.050831 0.150370 0.142238
    52 1.874855 0.935081 -0.999130 2.126006 0.483450 1.082862
    53 1.523449 -0.000034 -0.000003 -0.460179 -0.057098 0.780184
    54 1.599281 -0.000002 0.000009 0.079776 -0.024525 1.123837
    55 4.123355 1.860057 -0.741599 3.139446 0.288360 -2.792691
    56 5.511806 -0.000002 0.000006 -0.907938 0.000000 0.000000
    57 0.196850 0.000003 -0.000002 -0.348225 0.000015 -0.000002
    58 0.000000 0.000000 0.000000 0.010000 0.005550 -1.575862
    59 -0.420465 -0.018744 1.271443 0.000000 0.000000 0.000000
    60 0.516761 0.000000 0.128687 0.000000 0.000000 0.000000
    61 0.557412 0.000000 -0.302896 0.000000 0.000000 0.000000
    62 1.388578 -0.009689 0.998071 0.000000 0.924975 0.000000
    63 -1.500303 -0.009689 0.357642 0.000000 0.000000 0.000000
    64 -2.978541 -0.009687 2.091135 0.000000 0.000000 0.000000
    65 -1.126226 -0.584940 -0.293134 0.000000 0.000000 0.000000
  time 78
    0 -0.000001 7.450089 -27.509026 0.000000 0.000000 0.000031
    1 -0.000002 0.000000 0.000000 1.570743 -1.567137 -1.570743
    2 4.255468 -0.335183 -0.000002 0.000000 0.000000 -0.124848
    3 7.431248 1.496477 0.000002 0.000000 0.000000 0.245450
    4 5.278479 0.165541 0.000001 0.000000 0.000000 0.048511
    5 3.455526 -8.400610 1.488976 1.975864 1.159909 -1.298786
  6 -6.214482 -0.000007 -0.000027 -2.627305 -0.122277 0.650556
  7 11.944882 0.000000 0.000001 0.122322 -0.017321 0.061058
    8 10.620181 0.000002 0.000000 0.752762 0.642839 2.350090
    9 -4.751106 -0.694494 0.830577 -0.265066 -0.185212 0.638415
    10 -1.688068 0.000046 -0.000032 0.017318 -0.017625 0.661047
    11 -1.336140 0.000057 -0.000012 0.026268 0.002327 0.462662
    12 -4.820494 -0.509460 -0.224759 -0.387629 -0.157873 1.437294
    13 -1.826992 -0.000064 0.000006 -0.008328 0.039588 1.065564
    14 -1.436573 0.000006 0.000002 -0.060134 -0.049384 0.791627
    15 -3.992355 -0.891188 -1.827909 -0.524035 -0.011224 1.323612
    16 -1.405918 -0.000025 -0.000003 0.000590 -0.029494 0.855908
    17 -1.175358 0.000128 -0.000020 0.064417 0.021463 1.153028
    18 -4.526751 -0.690575 -1.120744 -0.418129 0.007769 1.492663
    19 -1.744038 0.000033 -0.000008 -0.019053 -0.022614 1.113174
    20 -1.368771 0.000025 0.000002 0.037954 0.036187 0.704409
    21 -1.718803 -1.282703 0.931534 1.561873 0.672388 0.866581
    22 -1.523453 0.000032 0.000031 0.092595 -0.000370 0.050889
    23 -1.599285 0.000004 0.000016 0.013831 -0.086613 -0.389378
    24 -4.170126 -1.854398 0.753332 -0.190417 -0.170868 0.450040
    25 -0.420465 -0.018743 1.271440 0.000000 0.000002 0.000000
    26 0.516761 0.000000 0.128687 0.000000 0.000000 0.000000
    27 0.557412 0.000000 -0.302895 0.000000 0.000000 0.000000
    28 1.388578 -0.009689 0.998069 0.000000 0.924975 0.000000
    29 -1.500304 -0.009689 0.357643 0.000000 0.000002 0.000000
    30 -0.762003 -0.009687 2.091125 0.000000 0.000002 0.000000
    31 -1.126226 -0.584940 -0.293132 0.000000 0.000002 0.000000
    32 4.366932 0.145734 -1.517929 0.343408 1.059062 1.581273
    33 1.625199 -4.134513 0.450637 3.132580 0.972322 -1.850805
    34 5.511815 0.000008 -0.000001 2.243153 0.000000 3.141593
    35 0.196847 -0.000001 0.000003 2.793407 0.000006 -3.141577
    36 3.455526 -8.400609 -1.488978 1.975862 1.159909 1.842803
    37 6.214485 0.000006 0.000020 -0.422288 0.421908 -1.698160
    38 11.944885 -0.000029 -0.000194 -1.144503 -0.312920 -1.093550
    39 10.620166 0.000002 0.000010 -2.035901 -0.706062 0.164169
    40 4.751156 0.694376 -0.830473 0.149202 -0.173531 0.598466
    41 1.688065 -0.000026 0.000002 0.024668 -0.001752 -0.060982
    42 1.336151 -0.000051 -0.000009 0.031600 -0.022318 -0.584616
    43 4.820513 0.509340 0.224865 -0.282059 -0.320142 1.392856
    44 1.826996 0.000066 0.000008 0.004297 0.040213 1.379384
    45 1.436577 -0.000010 0.000007 0.007051 -0.013384 0.358405
    46 3.992353 0.891087 1.827994 -0.535673 0.001046 1.726522
    47 1.405918 0.000021 -0.000007 -0.008992 -0.028075 1.183726
    48 1.175369 -0.000131 0.000002 0.073099 0.099343 0.591189
    49 4.526756 0.690460 1.120842 -0.485496 -0.175754 1.641301
    50 1.744041 -0.000031 -0.000002 -0.025718 -0.014586 1.468156
    51 1.368763 -0.000031 -0.000017 0.050831 0.150370 0.142238
    52 1.874855 0.935081 -0.999130 2.126006 0.483450 1.082862
    53 1.523449 -0.000034 -0.000003 -0.460179 -0.057098 0.780184
    54 1.599281 -0.000002 0.000009 0.079776 -0.024525 1.123837
    55 4.123355 1.860057 -0.741599 3.139446 0.288360 -2.792691
    56 5.511806 -0.000002 0.000006 -0.907938 0.000000 0.000000
    57 0.196850 0.000003 -0.000002 -0.348225 0.000015 -0.000002
    58 0.000000 0.000000 0.000000 0.009223 0.004688 -1.576559
    59 -0.420465 -0.018744 1.271442 0.000000 0.000000 0.000000
    60 0.516761 0.000000 0.128687 0.000000 0.000000 0.000000
    61 0.557412 0.000000 -0.302896 0.000000 0.000000 0.000000
    62 1.388578 -0.009689 0.998071 0.000000 0.924975 0.000000
    63 -1.500303 -0.009689 0.357642 0.000000 0.000000 0.000000
    64 -2.978541 -0.009687 2.091135 0.000000 0.000000 0.000000
    65 -1.126226 -0.584940 -0.293134 0.000000 0.000000 0.000000
  time 79
    0 -0.000001 7.450089 -27.509026 0.000000 0.000000 0.000031
    1 -0.000002 0.000000 0.000000 1.570743 -1.567137 -1.570743
    2 4.255468 -0.335183 -0.000002 0.000000 0.000000 -0.124848
    3 7.431248 1.496477 0.000002 0.000000 0.000000 0.245450
    4 5.278479 0.165541 0.000001 0.000000 0.000000 0.048511
    5 3.455526 -8.400610 1.488976 1.975864 1.159909 -1.298786
  6 -6.214482 -0.000007 -0.000027 -2.633952 -0.128124 0.654016
  7 11.944882 0.000000 0.000001 0.123152 -0.015717 0.053379
    8 10.620181 0.000002 0.000000 0.705354 0.672749 2.406567
    9 -4.751106 -0.694494 0.830577 -0.265066 -0.185212 0.638415
    10 -1.688068 0.000046 -0.000032 0.017318 -0.017625 0.661047
    11 -1.336140 0.000057 -0.000012 0.026268 0.002327 0.462662
    12 -4.820494 -0.509460 -0.224759 -0.387629 -0.157873 1.437294
    13 -1.826992 -0.000064 0.000006 -0.008328 0.039588 1.065564
    14 -1.436573 0.000006 0.000002 -0.060134 -0.049384 0.791627
    15 -3.992355 -0.891188 -1.827909 -0.524035 -0.011224 1.323612
    16 -1.405918 -0.000025 -0.000003 0.000590 -0.029494 0.855908
    17 -1.175358 0.000128 -0.000020 0.064417 0.021463 1.153028
    18 -4.526751 -0.690575 -1.120744 -0.418129 0.007769 1.492663
    19 -1.744038 0.000033 -0.000008 -0.019053 -0.022614 1.113174
    20 -1.368771 0.000025 0.000002 0.037954 0.036187 0.704409
    21 -1.718803 -1.282703 0.931534 1.561873 0.672388 0.866581
    22 -1.523453 0.000032 0.000031 0.092595 -0.000370 0.050889
    23 -1.599285 0.000004 0.000016 0.013831 -0.086613 -0.389378
    24 -4.170126 -1.854398 0.753332 -0.190417 -0.170868 0.450040
    25 -0.420465 -0.018743 1.271440 0.000000 0.000002 0.000000
    26 0.516761 0.000000 0.128687 0.000000 0.000000 0.000000
    27 0.557412 0.000000 -0.302895 0.000000 0.000000 0.000000
    28 1.388578 -0.009689 0.998069 0.000000 0.924975 0.000000
    29 -1.500304 -0.009689 0.357643 0.000000 0.000002 0.000000
    30 -0.761999 -0.009688 2.091125 0.000000 0.000002 0.000000
    31 -1.126226 -0.584940 -0.293132 0.000000 0.000002 0.000000
    32 4.366932 0.145734 -1.517929 0.343408 1.059062 1.581273
    33 1.637816 -4.135126 0.476059 -3.140218 0.972433 -1.845893
    34 5.511815 0.000008 -0.000001 2.243153 0.000000 3.141593
    35 0.196847 -0.000001 0.000003 2.793407 0.000006 -3.141577
    36 3.455526 -8.400609 -1.488978 1.975862 1.159909 1.842803
    37 6.214485 0.000006 0.000020 -0.410570 0.425242 -1.700258
    38 11.944885 -0.000029 -0.000194 -1.148464 -0.310927 -1.080683
    39 10.620166 0.000002 0.000010 -1.977165 -0.695079 0.101918
    40 4.751156 0.694376 -0.830473 0.149202 -0.173531 0.598466
    41 1.688065 -0.000026 0.000002 0.024668 -0.001752 -0.060982
    42 1.336151 -0.000051 -0.000009 0.031600 -0.022318 -0.584616
    43 4.820513 0.509340 0.224865 -0.282059 -0.320142 1.392856
    44 1.826996 0.000066 0.000008 0.004297 0.040213 1.379384
    45 1.436577 -0.000010 0.000007 0.007051 -0.013384 0.358405
    46 3.992353 0.891087 1.827994 -0.535673 0.001046 1.726522
    47 1.405918 0.000021 -0.000007 -0.008992 -0.028075 1.183726
    48 1.175369 -0.000131 0.000002 0.073099 0.099343 0.591189
    49 4.526756 0.690460 1.120842 -0.485496 -0.175754 1.641301
    50 1.744041 -0.000031 -0.000002 -0.025718 -0.014586 1.468156
    51 1.368763 -0.000031 -0.000017 0.050831 0.150370 0.142238
    52 1.874855 0.935081 -0.999130 2.126006 0.483450 1.082862
    53 1.523449 -0.000034 -0.000003 -0.460179 -0.057098 0.780184
    54 1.599281 -0.000002 0.000009 0.079776 -0.024525 1.123837
    55 4.123355 1.860057 -0.741599 3.139446 0.288360 -2.792691
    56 5.511806 -0.000002 0.000006 -0.907938 0.000000 0.000000
    57 0.196850 0.000003 -0.000002 -0.348225 0.000015 -0.000002
    58 0.000000 0.000000 0.000000 0.008881 0.003480 -1.576824
    59 -0.420465 -0.018744 1.271442 0.000000 0.000000 0.000000
    60 0.516761 0.000000 0.128687 0.000000 0.000000 0.000000
    61 0.557412 0.000000 -0.302896 0.000000 0.000000 0.000000
    62 1.388578 -0.009689 0.998071 0.000000 0.924975 0.000000
    63 -1.500303 -0.009689 0.357642 0.000000 0.000000 0.000000
    64 -2.978541 -0.009687 2.091135 0.000000 0.000000 0.000000
    65 -1.126226 -0.584940 -0.293134 0.000000 0.000000 0.000000
  time 80
    0 -0.000001 7.450089 -27.509026 0.000000 0.000000 0.000031
    1 -0.000002 0.000000 0.000000 1.570743 -1.567137 -1.570743
    2 4.255468 -0.335183 -0.000002 0.000000 0.000000 -0.124848
    3 7.431248 1.496477 0.000002 0.000000 0.000000 0.245450
    4 5.278479 0.165541 0.000001 0.000000 0.000000 0.048511
    5 3.455526 -8.400610 1.488976 1.975864 1.159909 -1.298786
  6 -6.214482 -0.000007 -0.000027 -2.639367 -0.125976 0.646529
  7 11.944882 0.000000 0.000001 0.125020 -0.005506 0.018040
    8 10.620181 0.000002 0.000000 0.653392 0.696029 2.437468
    9 -4.751106 -0.694494 0.830577 -0.265066 -0.185212 0.638415
    10 -1.688068 0.000046 -0.000032 0.017318 -0.017625 0.661047
    11 -1.336140 0.000057 -0.000012 0.026268 0.002327 0.462662
    12 -4.820494 -0.509460 -0.224759 -0.387629 -0.157873 1.437294
    13 -1.826992 -0.000064 0.000006 -0.008328 0.039588 1.065564
    14 -1.436573 0.000006 0.000002 -0.060134 -0.049384 0.791627
    15 -3.992355 -0.891188 -1.827909 -0.524035 -0.011224 1.323612
    16 -1.405918 -0.000025 -0.000003 0.000590 -0.029494 0.855908
    17 -1.175358 0.000128 -0.000020 0.064417 0.021463 1.153028
    18 -4.526751 -0.690575 -1.120744 -0.418129 0.007769 1.492663
    19 -1.744038 0.000033 -0.000008 -0.019053 -0.022614 1.113174
    20 -1.368771 0.000025 0.000002 0.037954 0.036187 0.704409
    21 -1.718803 -1.282703 0.931534 1.561873 0.672388 0.866581
    22 -1.523453 0.000032 0.000031 0.092595 -0.000370 0.050889
    23 -1.599285 0.000004 0.000016 0.013831 -0.086613 -0.389378
    24 -4.170126 -1.854398 0.753332 -0.190417 -0.170868 0.450040
    25 -0.420465 -0.018743 1.271440 0.000000 0.000002 0.000000
    26 0.516761 0.000000 0.128687 0.000000 0.000000 0.000000
    27 0.557412 0.000000 -0.302895 0.000000 0.000000 0.000000
    28 1.388578 -0.009689 0.998069 0.000000 0.924975 0.000000
    29 -1.500304 -0.009689 0.357643 0.000000 0.000002 0.000000
    30 -0.761995 -0.009688 2.091125 0.000000 0.000002 0.000000
    31 -1.126226 -0.584940 -0.293132 0.000000 0.000002 0.000000
    32 4.366932 0.145734 -1.517929 0.343408 1.059062 1.581273
    33 1.612193 -4.135653 0.427279 3.121816 0.971898 -1.856247
    34 5.511815 0.000008 -0.000001 2.243153 0.000000 3.141593
    35 0.196847 -0.000001 0.000003 2.793407 0.000006 -3.141577
    36 3.455526 -8.400609 -1.488978 1.975862 1.159909 1.842803
    37 6.214485 0.000006 0.000020 -0.398953 0.429412 -1.700127
    38 11.944885 -0.000029 -0.000194 -1.152997 -0.308607 -1.065756
    39 10.620166 0.000002 0.000010 -1.916768 -0.678854 0.032493
    40 4.751156 0.694376 -0.830473 0.149202 -0.173531 0.598466
    41 1.688065 -0.000026 0.000002 0.024668 -0.001752 -0.060982
    42 1.336151 -0.000051 -0.000009 0.031600 -0.022318 -0.584616
    43 4.820513 0.509340 0.224865 -0.282059 -0.320142 1.392856
    44 1.826996 0.000066 0.000008 0.004297 0.040213 1.379384
    45 1.436577 -0.000010 0.000007 0.007051 -0.013384 0.358405
    46 3.992353 0.891087 1.827994 -0.535673 0.001046 1.726522
    47 1.405918 0.000021 -0.000007 -0.008992 -0.028075 1.183726
    48 1.175369 -0.000131 0.000002 0.073099 0.099343 0.591189
    49 4.526756 0.690460 1.120842 -0.485496 -0.175754 1.641301
    50 1.744041 -0.000031 -0.000002 -0.025718 -0.014586 1.468156
    51 1.368763 -0.000031 -0.000017 0.050831 0.150370 0.142238
    52 1.874855 0.935081 -0.999130 2.126006 0.483450 1.082862
    53 1.523449 -0.000034 -0.000003 -0.460179 -0.057098 0.780184
    54 1.599281 -0.000002 0.000009 0.079776 -0.024525 1.123837
    55 4.123355 1.860057 -0.741599 3.139446 0.288360 -2.792691
    56 5.511806 -0.000002 0.000006 -0.907938 0.000000 0.000000
    57 0.196850 0.000003 -0.000002 -0.348225 0.000015 -0.000002
    58 0.000000 0.000000 0.000000 0.008886 0.002012 -1.576830
    59 -0.420465 -0.018745 1.271443 0.000000 0.000000 0.000000
    60 0.516761 0.000000 0.128687 0.000000 0.000000 0.000000
    61 0.557412 0.000000 -0.302896 0.000000 0.000000 0.000000
    62 1.388578 -0.009689 0.998071 0.000000 0.924975 0.000000
    63 -1.500303 -0.009689 0.357642 0.000000 0.000000 0.000000
    64 -2.978541 -0.009687 2.091135 0.000000 0.000000 0.000000
    65 -1.126226 -0.584940 -0.293134 0.000000 0.000000 0.000000
  time 81
    0 -0.000001 7.450089 -27.509026 0.000000 0.000000 0.000031
    1 -0.000002 0.000000 0.000000 1.570743 -1.567137 -1.570743
    2 4.255468 -0.335183 -0.000002 0.000000 0.000000 -0.124848
    3 7.431248 1.496477 0.000002 0.000000 0.000000 0.245450
    4 5.278479 0.165541 0.000001 0.000000 0.000000 0.048511
    5 3.455526 -8.400610 1.488976 1.975864 1.159909 -1.298786
  6 -6.214482 -0.000007 -0.000027 -2.637598 -0.142220 0.646964
  7 11.944882 0.000000 0.000001 0.124892 -0.005208 0.018128
    8 10.620181 0.000002 0.000000 0.569289 0.660537 2.441957
    9 -4.751106 -0.694494 0.830577 -0.265066 -0.185212 0.638415
    10 -1.688068 0.000046 -0.000032 0.017318 -0.017625 0.661047
    11 -1.336140 0.000057 -0.000012 0.026268 0.002327 0.462662
    12 -4.820494 -0.509460 -0.224759 -0.387629 -0.157873 1.437294
    13 -1.826992 -0.000064 0.000006 -0.008328 0.039588 1.065564
    14 -1.436573 0.000006 0.000002 -0.060134 -0.049384 0.791627
    15 -3.992355 -0.891188 -1.827909 -0.524035 -0.011224 1.323612
    16 -1.405918 -0.000025 -0.000003 0.000590 -0.029494 0.855908
    17 -1.175358 0.000128 -0.000020 0.064417 0.021463 1.153028
    18 -4.526751 -0.690575 -1.120744 -0.418129 0.007769 1.492663
    19 -1.744038 0.000033 -0.000008 -0.019053 -0.022614 1.113174
    20 -1.368771 0.000025 0.000002 0.037954 0.036187 0.704409
    21 -1.718803 -1.282703 0.931534 1.554038 0.675034 0.853155
    22 -1.523453 0.000032 0.000031 0.092129 -0.009424 0.149643
    23 -1.599285 0.000004 0.000016 0.003265 -0.087652 -0.267685
    24 -4.170126 -1.854398 0.753332 -0.190417 -0.170868 0.450040
    25 -0.420465 -0.018743 1.271440 0.000000 0.000002 0.000000
    26 0.516761 0.000000 0.128687 0.000000 0.000000 0.000000
    27 0.557412 0.000000 -0.302895 0.000000 0.000000 0.000000
    28 1.388578 -0.009689 0.998069 0.000000 0.924975 0.000000
    29 -1.500304 -0.009689 0.357643 0.000000 0.000002 0.000000
    30 -0.761997 -0.009688 2.091126 0.000000 0.000002 0.000000
    31 -1.126226 -0.584940 -0.293132 0.000000 0.000002 0.000000
    32 4.366932 0.145734 -1.517929 0.343408 1.059062 1.581273
    33 1.644043 -4.566986 0.172197 3.010553 0.977466 -1.937961
    34 5.511815 0.000008 -0.000001 2.243153 0.000000 3.141593
    35 0.196847 -0.000001 0.000003 2.793407 0.000006 -3.141577
    36 3.455526 -8.400609 -1.488978 1.975862 1.159909 1.842803
    37 6.214485 0.000006 0.000020 -0.383883 0.439405 -1.690193
    38 11.944885 -0.000029 -0.000194 -1.156556 -0.306682 -1.054018
    39 10.620166 0.000002 0.000010 -1.844278 -0.659079 -0.039658
    40 4.751156 0.694376 -0.830473 0.149202 -0.173531 0.598466
    41 1.688065 -0.000026 0.000002 0.024668 -0.001752 -0.060982
    42 1.336151 -0.000051 -0.000009 0.031600 -0.022318 -0.584616
    43 4.820513 0.509340 0.224865 -0.282059 -0.320142 1.392856
    44 1.826996 0.000066 0.000008 0.004297 0.040213 1.379384
    45 1.436577 -0.000010 0.000007 0.007051 -0.013384 0.358405
    46 3.992353 0.891087 1.827994 -0.535673 0.001046 1.726522
    47 1.405918 0.000021 -0.000007 -0.008992 -0.028075 1.183726
    48 1.175369 -0.000131 0.000002 0.073099 0.099343 0.591189
    49 4.526756 0.690460 1.120842 -0.485496 -0.175754 1.641301
    50 1.744041 -0.000031 -0.000002 -0.025718 -0.014586 1.468156
    51 1.368763 -0.000031 -0.000017 0.050831 0.150370 0.142238
    52 1.874855 0.935081 -0.999130 2.126006 0.483450 1.082862
    53 1.523449 -0.000034 -0.000003 -0.460179 -0.057098 0.780184
    54 1.599281 -0.000002 0.000009 0.079776 -0.024525 1.123837
    55 4.123355 1.860057 -0.741599 3.139446 0.288360 -2.792691
    56 5.511806 -0.000002 0.000006 -0.907938 0.000000 0.000000
    57 0.196850 0.000003 -0.000002 -0.348225 0.000015 -0.000002
    58 0.000000 0.000000 0.000000 0.008891 0.000372 -1.576838
    59 -0.420462 -0.018744 1.271442 0.000000 0.000000 0.000000
    60 0.516761 0.000000 0.128687 0.000000 0.000000 0.000000
    61 0.557412 0.000000 -0.302896 0.000000 0.000000 0.000000
    62 1.388578 -0.009689 0.998071 0.000000 0.924975 0.000000
    63 -1.500303 -0.009689 0.357642 0.000000 0.000000 0.000000
    64 -2.978541 -0.009687 2.091135 0.000000 0.000000 0.000000
    65 -1.126226 -0.584940 -0.293134 0.000000 0.000000 0.000000
  time 82
    0 -0.000001 7.450089 -27.509026 0.000000 0.000000 0.000031
    1 -0.000002 0.000000 0.000000 1.570743 -1.567137 -1.570743
    2 4.255468 -0.335183 -0.000002 0.000000 0.000000 -0.124848
    3 7.431248 1.496477 0.000002 0.000000 0.000000 0.245450
    4 5.278479 0.165541 0.000001 0.000000 0.000000 0.048511
    5 3.455526 -8.400610 1.488976 1.975864 1.159909 -1.298786
  6 -6.214482 -0.000007 -0.000027 -2.616982 -0.162279 0.644892
  7 11.944882 0.000000 0.000001 0.124318 -0.004049 0.018422
    8 10.620181 0.000002 0.000000 0.495213 0.568044 2.437334
    9 -4.751106 -0.694494 0.830577 -0.265066 -0.185212 0.638415
    10 -1.688068 0.000046 -0.000032 0.017318 -0.017625 0.661047
    11 -1.336140 0.000057 -0.000012 0.026268 0.002327 0.462662
    12 -4.820494 -0.509460 -0.224759 -0.387629 -0.157873 1.437294
    13 -1.826992 -0.000064 0.000006 -0.008328 0.039588 1.065564
    14 -1.436573 0.000006 0.000002 -0.060134 -0.049384 0.791627
    15 -3.992355 -0.891188 -1.827909 -0.524035 -0.011224 1.323612
    16 -1.405918 -0.000025 -0.000003 0.000590 -0.029494 0.855908
    17 -1.175358 0.000128 -0.000020 0.064417 0.021463 1.153028
    18 -4.526751 -0.690575 -1.120744 -0.418129 0.007769 1.492663
    19 -1.744038 0.000033 -0.000008 -0.019053 -0.022614 1.113174
    20 -1.368771 0.000025 0.000002 0.037954 0.036187 0.704409
    21 -1.718803 -1.282703 0.931534 1.534750 0.680867 0.819892
    22 -1.523453 0.000032 0.000031 0.087809 -0.029391 0.370546
    23 -1.599285 0.000004 0.000016 -0.021249 -0.085087 0.014039
    24 -4.170126 -1.854398 0.753332 -0.190417 -0.170868 0.450040
    25 -0.420465 -0.018743 1.271440 0.000000 0.000002 0.000000
    26 0.516761 0.000000 0.128687 0.000000 0.000000 0.000000
    27 0.557412 0.000000 -0.302895 0.000000 0.000000 0.000000
    28 1.388578 -0.009689 0.998069 0.000000 0.924975 0.000000
    29 -1.500304 -0.009689 0.357643 0.000000 0.000002 0.000000
    30 -0.761995 -0.009688 2.091127 0.000000 0.000002 0.000000
    31 -1.126226 -0.584940 -0.293132 0.000000 0.000002 0.000000
    32 4.366932 0.145734 -1.517929 0.343472 1.058997 1.581272
    33 1.839808 -5.410100 -0.572302 2.846543 0.970002 -2.044171
    34 5.511815 0.000008 -0.000001 2.243153 0.000000 3.141593
    35 0.196847 -0.000001 0.000003 2.793407 0.000006 -3.141577
    36 3.455526 -8.400609 -1.488978 1.975862 1.159909 1.842803
    37 6.214485 0.000006 0.000020 -0.364938 0.453300 -1.673777
    38 11.944885 -0.000029 -0.000194 -1.159154 -0.305266 -1.045242
    39 10.620166 0.000002 0.000010 -1.764984 -0.641588 -0.109662
    40 4.751156 0.694376 -0.830473 0.149202 -0.173531 0.598466
    41 1.688065 -0.000026 0.000002 0.024668 -0.001752 -0.060982
    42 1.336151 -0.000051 -0.000009 0.031600 -0.022318 -0.584616
    43 4.820513 0.509340 0.224865 -0.282059 -0.320142 1.392856
    44 1.826996 0.000066 0.000008 0.004297 0.040213 1.379384
    45 1.436577 -0.000010 0.000007 0.007051 -0.013384 0.358405
    46 3.992353 0.891087 1.827994 -0.535673 0.001046 1.726522
    47 1.405918 0.000021 -0.000007 -0.008992 -0.028075 1.183726
    48 1.175369 -0.000131 0.000002 0.073099 0.099343 0.591189
    49 4.526756 0.690460 1.120842 -0.485496 -0.175754 1.641301
    50 1.744041 -0.000031 -0.000002 -0.025718 -0.014586 1.468156
    51 1.368763 -0.000031 -0.000017 0.050831 0.150370 0.142238
    52 1.874855 0.935081 -0.999130 2.126006 0.483450 1.082862
    53 1.523449 -0.000034 -0.000003 -0.460179 -0.057098 0.780184
    54 1.599281 -0.000002 0.000009 0.079776 -0.024525 1.123837
    55 4.123355 1.860057 -0.741599 3.139446 0.288360 -2.792691
    56 5.511806 -0.000002 0.000006 -0.907938 0.000000 0.000000
    57 0.196850 0.000003 -0.000002 -0.348225 0.000015 -0.000002
    58 0.000000 0.000000 0.000000 0.008809 -0.001182 -1.576844
    59 -0.420465 -0.018744 1.271442 0.000000 0.000000 0.000000
    60 0.516761 0.000000 0.128687 0.000000 0.000000 0.000000
    61 0.557412 0.000000 -0.302896 0.000000 0.000000 0.000000
    62 1.388578 -0.009689 0.998071 0.000000 0.924975 0.000000
    63 -1.500303 -0.009689 0.357642 0.000000 0.000000 0.000000
    64 -2.978541 -0.009687 2.091135 0.000000 0.000000 0.000000
    65 -1.126226 -0.584940 -0.293134 0.000000 0.000000 0.000000
  time 83
    0 -0.000001 7.450089 -27.509026 0.000000 0.000000 0.000031
    1 -0.000002 0.000000 0.000000 1.570743 -1.567137 -1.570743
    2 4.255468 -0.335183 -0.000002 0.000000 0.000000 -0.124848
    3 7.431248 1.496477 0.000002 0.000000 0.000000 0.245450
    4 5.278479 0.165541 0.000001 0.000000 0.000000 0.048511
    5 3.455526 -8.400610 1.488976 1.975864 1.159909 -1.298786
  6 -6.214482 -0.000007 -0.000027 -2.581554 -0.182893 0.642552
  7 11.944882 0.000000 0.000001 0.123404 -0.002362 0.018713
    8 10.620181 0.000002 0.000000 0.473185 0.487760 2.387405
    9 -4.751106 -0.694494 0.830577 -0.265066 -0.185212 0.638415
    10 -1.688068 0.000046 -0.000032 0.017318 -0.017625 0.661047
    11 -1.336140 0.000057 -0.000012 0.026268 0.002327 0.462662
    12 -4.820494 -0.509460 -0.224759 -0.387629 -0.157873 1.437294
    13 -1.826992 -0.000064 0.000006 -0.008328 0.039588 1.065564
    14 -1.436573 0.000006 0.000002 -0.060134 -0.049384 0.791627
    15 -3.992355 -0.891188 -1.827909 -0.524035 -0.011224 1.323612
    16 -1.405918 -0.000025 -0.000003 0.000590 -0.029494 0.855908
    17 -1.175358 0.000128 -0.000020 0.064417 0.021463 1.153028
    18 -4.526751 -0.690575 -1.120744 -0.418129 0.007769 1.492663
    19 -1.744038 0.000033 -0.000008 -0.019053 -0.022614 1.113174
    20 -1.368771 0.000025 0.000002 0.037954 0.036187 0.704409
    21 -1.718803 -1.282703 0.931534 1.510265 0.686905 0.777633
    22 -1.523453 0.000032 0.000031 0.079185 -0.048008 0.592105
    23 -1.599285 0.000004 0.000016 -0.044882 -0.075387 0.306863
    24 -4.170126 -1.854398 0.753332 -0.190417 -0.170868 0.450040
    25 -0.420465 -0.018743 1.271440 0.000000 0.000002 0.000000
    26 0.516761 0.000000 0.128687 0.000000 0.000000 0.000000
    27 0.557412 0.000000 -0.302895 0.000000 0.000000 0.000000
    28 1.388578 -0.009689 0.998069 0.000000 0.924975 0.000000
    29 -1.500304 -0.009689 0.357643 0.000000 0.000002 0.000000
    30 -0.761997 -0.009688 2.091125 0.000000 0.000002 0.000000
    31 -1.126226 -0.584940 -0.293132 0.000000 0.000002 0.000000
    32 4.366932 0.145734 -1.517929 0.343408 1.059062 1.581273
    33 2.198648 -6.125376 -1.763715 2.745240 0.932569 -2.044964
    34 5.511815 0.000008 -0.000001 2.243153 0.000000 3.141593
    35 0.196847 -0.000001 0.000003 2.793407 0.000006 -3.141577
    36 3.455526 -8.400609 -1.488978 1.975862 1.159909 1.842803
    37 6.214485 0.000006 0.000020 -0.343340 0.468040 -1.655938
    38 11.944885 -0.000029 -0.000194 -1.161133 -0.304117 -1.038734
    39 10.620166 0.000002 0.000010 -1.687930 -0.630375 -0.172235
    40 4.751156 0.694376 -0.830473 0.149202 -0.173531 0.598466
    41 1.688065 -0.000026 0.000002 0.024668 -0.001752 -0.060982
    42 1.336151 -0.000051 -0.000009 0.031600 -0.022318 -0.584616
    43 4.820513 0.509340 0.224865 -0.282059 -0.320142 1.392856
    44 1.826996 0.000066 0.000008 0.004297 0.040213 1.379384
    45 1.436577 -0.000010 0.000007 0.007051 -0.013384 0.358405
    46 3.992353 0.891087 1.827994 -0.535673 0.001046 1.726522
    47 1.405918 0.000021 -0.000007 -0.008992 -0.028075 1.183726
    48 1.175369 -0.000131 0.000002 0.073099 0.099343 0.591189
    49 4.526756 0.690460 1.120842 -0.485496 -0.175754 1.641301
    50 1.744041 -0.000031 -0.000002 -0.025718 -0.014586 1.468156
    51 1.368763 -0.000031 -0.000017 0.050831 0.150370 0.142238
    52 1.874855 0.935081 -0.999130 2.126006 0.483450 1.082862
    53 1.523449 -0.000034 -0.000003 -0.460179 -0.057098 0.780184
    54 1.599281 -0.000002 0.000009 0.079776 -0.024525 1.123837
    55 4.123355 1.860057 -0.741599 3.139446 0.288360 -2.792691
    56 5.511806 -0.000002 0.000006 -0.907938 0.000000 0.000000
    57 0.196850 0.000003 -0.000002 -0.348225 0.000015 -0.000002
    58 0.000000 0.000000 0.000000 0.008555 -0.002737 -1.576851
    59 -0.420465 -0.018743 1.271442 0.000000 0.000000 0.000000
    60 0.516761 0.000000 0.128687 0.000000 0.000000 0.000000
    61 0.557412 0.000000 -0.302896 0.000000 0.000000 0.000000
    62 1.388578 -0.009689 0.998071 0.000000 0.924975 0.000000
    63 -1.500303 -0.009689 0.357642 0.000000 0.000000 0.000000
    64 -2.978541 -0.009687 2.091135 0.000000 0.000000 0.000000
    65 -1.126226 -0.584940 -0.293134 0.000000 0.000000 0.000000
  time 84
    0 -0.000001 7.450089 -27.509026 0.000000 0.000000 0.000031
    1 -0.000002 0.000000 0.000000 1.570743 -1.567137 -1.570743
    2 4.255468 -0.335183 -0.000002 0.000000 0.000000 -0.124848
    3 7.431248 1.496477 0.000002 0.000000 0.000000 0.245450
    4 5.278479 0.165541 0.000001 0.000000 0.000000 0.048511
    5 3.455526 -8.400610 1.488976 1.975864 1.159909 -1.298786
  6 -6.214482 -0.000007 -0.000027 -2.536361 -0.201011 0.641982
  7 11.944882 0.000000 0.000001 0.122201 -0.000392 0.018857
    8 10.620181 0.000002 0.000000 0.526007 0.454143 2.300881
    9 -4.751106 -0.694494 0.830577 -0.265066 -0.185212 0.638415
    10 -1.688068 0.000046 -0.000032 0.017318 -0.017625 0.661047
    11 -1.336140 0.000057 -0.000012 0.026268 0.002327 0.462662
    12 -4.820494 -0.509460 -0.224759 -0.387629 -0.157873 1.437294
    13 -1.826992 -0.000064 0.000006 -0.008328 0.039588 1.065564
    14 -1.436573 0.000006 0.000002 -0.060134 -0.049384 0.791627
    15 -3.992355 -0.891188 -1.827909 -0.524035 -0.011224 1.323612
    16 -1.405918 -0.000025 -0.000003 0.000590 -0.029494 0.855908
    17 -1.175358 0.000128 -0.000020 0.064417 0.021463 1.153028
    18 -4.526751 -0.690575 -1.120744 -0.418129 0.007769 1.492663
    19 -1.744038 0.000033 -0.000008 -0.019053 -0.022614 1.113174
    20 -1.368771 0.000025 0.000002 0.037954 0.036187 0.704409
    21 -1.718803 -1.282703 0.931534 1.487592 0.690644 0.737541
    22 -1.523453 0.000032 0.000031 0.074045 -0.055702 0.691616
    23 -1.599285 0.000004 0.000016 -0.054503 -0.068705 0.440272
    24 -4.170126 -1.854398 0.753332 -0.190417 -0.170868 0.450040
    25 -0.420465 -0.018743 1.271440 0.000000 0.000002 0.000000
    26 0.516761 0.000000 0.128687 0.000000 0.000000 0.000000
    27 0.557412 0.000000 -0.302895 0.000000 0.000000 0.000000
    28 1.388578 -0.009689 0.998069 0.000000 0.924975 0.000000
    29 -1.500304 -0.009689 0.357643 0.000000 0.000002 0.000000
    30 -0.761997 -0.009687 2.091126 0.000000 0.000002 0.000000
    31 -1.126226 -0.584940 -0.293132 0.000000 0.000002 0.000000
    32 4.366932 0.145734 -1.517929 0.343408 1.059062 1.581273
    33 2.736584 -6.630154 -3.000689 2.743437 0.861335 -1.921581
    34 5.511815 0.000008 -0.000001 2.243153 0.000000 3.141593
    35 0.196847 -0.000001 0.000003 2.793407 0.000006 -3.141577
    36 3.455526 -8.400609 -1.488978 1.975862 1.159909 1.842803
    37 6.214485 0.000006 0.000020 -0.320501 0.481050 -1.641268
    38 11.944885 -0.000029 -0.000194 -1.162288 -0.303473 -1.034674
    39 10.620166 0.000002 0.000010 -1.620325 -0.630484 -0.222486
    40 4.751156 0.694376 -0.830473 0.149202 -0.173531 0.598466
    41 1.688065 -0.000026 0.000002 0.024668 -0.001752 -0.060982
    42 1.336151 -0.000051 -0.000009 0.031600 -0.022318 -0.584616
    43 4.820513 0.509340 0.224865 -0.282059 -0.320142 1.392856
    44 1.826996 0.000066 0.000008 0.004297 0.040213 1.379384
    45 1.436577 -0.000010 0.000007 0.007051 -0.013384 0.358405
    46 3.992353 0.891087 1.827994 -0.535673 0.001046 1.726522
    47 1.405918 0.000021 -0.000007 -0.008992 -0.028075 1.183726
    48 1.175369 -0.000131 0.000002 0.073099 0.099343 0.591189
    49 4.526756 0.690460 1.120842 -0.485496 -0.175754 1.641301
    50 1.744041 -0.000031 -0.000002 -0.025718 -0.014586 1.468156
    51 1.368763 -0.000031 -0.000017 0.050831 0.150370 0.142238
    52 1.874855 0.935081 -0.999130 2.126006 0.483450 1.082862
    53 1.523449 -0.000034 -0.000003 -0.460179 -0.057098 0.780184
    54 1.599281 -0.000002 0.000009 0.079776 -0.024525 1.123837
    55 4.123355 1.860057 -0.741599 3.139446 0.288360 -2.792691
    56 5.511806 -0.000002 0.000006 -0.907938 0.000000 0.000000
    57 0.196850 0.000003 -0.000002 -0.348225 0.000015 -0.000002
    58 0.000000 0.000000 0.000000 0.008041 -0.004293 -1.576684
    59 -0.420465 -0.018744 1.271442 0.000000 0.000000 0.000000
    60 0.516761 0.000000 0.128687 0.000000 0.000000 0.000000
    61 0.557412 0.000000 -0.302896 0.000000 0.000000 0.000000
    62 1.388578 -0.009689 0.998071 0.000000 0.924975 0.000000
    63 -1.500303 -0.009689 0.357642 0.000000 0.000000 0.000000
    64 -2.978541 -0.009687 2.091135 0.000000 0.000000 0.000000
    65 -1.126226 -0.584940 -0.293134 0.000000 0.000000 0.000000
  time 85
    0 -0.000001 7.450089 -27.509026 0.000000 0.000000 0.000031
    1 -0.000002 0.000000 0.000000 1.570743 -1.567137 -1.570743
    2 4.255468 -0.335183 -0.000002 0.000000 0.000000 -0.124848
    3 7.431248 1.496477 0.000002 0.000000 0.000000 0.245450
    4 5.278479 0.165541 0.000001 0.000000 0.000000 0.048511
    5 3.455526 -8.400610 1.488976 1.975864 1.159909 -1.298786
  6 -6.214482 -0.000007 -0.000027 -2.488848 -0.213692 0.645178
  7 11.944882 0.000000 0.000001 0.120988 0.001581 0.018795
    8 10.620181 0.000002 0.000000 0.647287 0.451648 2.245044
    9 -4.751106 -0.694494 0.830577 -0.265066 -0.185212 0.638415
    10 -1.688068 0.000046 -0.000032 0.017318 -0.017625 0.661047
    11 -1.336140 0.000057 -0.000012 0.026268 0.002327 0.462662
    12 -4.820494 -0.509460 -0.224759 -0.387629 -0.157873 1.437294
    13 -1.826992 -0.000064 0.000006 -0.008328 0.039588 1.065564
    14 -1.436573 0.000006 0.000002 -0.060134 -0.049384 0.791627
    15 -3.992355 -0.891188 -1.827909 -0.524035 -0.011224 1.323612
    16 -1.405918 -0.000025 -0.000003 0.000590 -0.029494 0.855908
    17 -1.175358 0.000128 -0.000020 0.064417 0.021463 1.153028
    18 -4.526751 -0.690575 -1.120744 -0.418129 0.007769 1.492663
    19 -1.744038 0.000033 -0.000008 -0.019053 -0.022614 1.113174
    20 -1.368771 0.000025 0.000002 0.037954 0.036187 0.704409
    21 -1.718803 -1.282703 0.931534 1.475101 0.679120 0.707742
    22 -1.523453 0.000032 0.000031 0.076389 -0.052592 0.647005
    23 -1.599285 0.000004 0.000016 -0.047702 -0.073586 0.344400
    24 -4.170126 -1.854398 0.753332 -0.190417 -0.170868 0.450040
    25 -0.420465 -0.018743 1.271440 0.000000 0.000002 0.000000
    26 0.516761 0.000000 0.128687 0.000000 0.000000 0.000000
    27 0.557412 0.000000 -0.302895 0.000000 0.000000 0.000000
    28 1.388578 -0.009689 0.998069 0.000000 0.924975 0.000000
    29 -1.500304 -0.009689 0.357643 0.000000 0.000002 0.000000
    30 -0.761995 -0.009688 2.091126 0.000000 0.000002 0.000000
    31 -1.126226 -0.584940 -0.293132 0.000000 0.000002 0.000000
    32 4.366932 0.145734 -1.517929 0.343408 1.059062 1.581273
    33 3.205923 -7.214362 -3.865624 2.787268 0.752960 -1.774092
    34 5.511815 0.000008 -0.000001 2.243153 0.000000 3.141593
    35 0.196847 -0.000001 0.000003 2.793407 0.000006 -3.141577
    36 3.455526 -8.400609 -1.488978 1.975862 1.159909 1.842803
    37 6.214485 0.000006 0.000020 -0.304386 0.486332 -1.637866
    38 11.944885 -0.000029 -0.000194 -1.167153 -0.300654 -1.018434
    39 10.620166 0.000002 0.000010 -1.568366 -0.635113 -0.255549
    40 4.751156 0.694376 -0.830473 0.149202 -0.173531 0.598466
    41 1.688065 -0.000026 0.000002 0.024668 -0.001752 -0.060982
    42 1.336151 -0.000051 -0.000009 0.031600 -0.022318 -0.584616
    43 4.820513 0.509340 0.224865 -0.282059 -0.320142 1.392856
    44 1.826996 0.000066 0.000008 0.004297 0.040213 1.379384
    45 1.436577 -0.000010 0.000007 0.007051 -0.013384 0.358405
    46 3.992353 0.891087 1.827994 -0.535673 0.001046 1.726522
    47 1.405918 0.000021 -0.000007 -0.008992 -0.028075 1.183726
    48 1.175369 -0.000131 0.000002 0.073099 0.099343 0.591189
    49 4.526756 0.690460 1.120842 -0.485496 -0.175754 1.641301
    50 1.744041 -0.000031 -0.000002 -0.025718 -0.014586 1.468156
    51 1.368763 -0.000031 -0.000017 0.050831 0.150370 0.142238
    52 1.874855 0.935081 -0.999130 2.126006 0.483450 1.082862
    53 1.523449 -0.000034 -0.000003 -0.460179 -0.057098 0.780184
    54 1.599281 -0.000002 0.000009 0.079776 -0.024525 1.123837
    55 4.123355 1.860057 -0.741599 3.139446 0.288360 -2.792691
    56 5.511806 -0.000002 0.000006 -0.907938 0.000000 0.000000
    57 0.196850 0.000003 -0.000002 -0.348225 0.000015 -0.000002
    58 0.000000 0.000000 0.000000 0.007268 -0.005763 -1.576515
    59 -0.420465 -0.018743 1.271443 0.000000 0.000000 0.000000
    60 0.516761 0.000000 0.128687 0.000000 0.000000 0.000000
    61 0.557412 0.000000 -0.302896 0.000000 0.000000 0.000000
    62 1.388578 -0.009689 0.998071 0.000000 0.924975 0.000000
    63 -1.500303 -0.009689 0.357642 0.000000 0.000000 0.000000
    64 -2.978541 -0.009687 2.091135 0.000000 0.000000 0.000000
    65 -1.126226 -0.584940 -0.293134 0.000000 0.000000 0.000000
  time 86
    0 -0.000001 7.450089 -27.509026 0.000000 0.000000 0.000031
    1 -0.000002 0.000000 0.000000 1.570743 -1.567137 -1.570743
    2 4.255468 -0.335183 -0.000002 0.000000 0.000000 -0.124848
    3 7.431248 1.496477 0.000002 0.000000 0.000000 0.245450
    4 5.278479 0.165541 0.000001 0.000000 0.000000 0.048511
    5 3.455526 -8.400610 1.488976 1.975864 1.159909 -1.298786
  6 -6.214482 -0.000007 -0.000027 -2.442008 -0.221769 0.649860
  7 11.944882 0.000000 0.000001 0.119708 0.003388 0.018555
    8 10.620181 0.000002 0.000000 0.651202 0.413521 2.272755
    9 -4.751106 -0.694494 0.830577 -0.265066 -0.185212 0.638415
    10 -1.688068 0.000046 -0.000032 0.017318 -0.017625 0.661047
    11 -1.336140 0.000057 -0.000012 0.026268 0.002327 0.462662
    12 -4.820494 -0.509460 -0.224759 -0.387629 -0.157873 1.437294
    13 -1.826992 -0.000064 0.000006 -0.008328 0.039588 1.065564
    14 -1.436573 0.000006 0.000002 -0.060134 -0.049384 0.791627
    15 -3.992355 -0.891188 -1.827909 -0.524035 -0.011224 1.323612
    16 -1.405918 -0.000025 -0.000003 0.000590 -0.029494 0.855908
    17 -1.175358 0.000128 -0.000020 0.064417 0.021463 1.153028
    18 -4.526751 -0.690575 -1.120744 -0.418129 0.007769 1.492663
    19 -1.744038 0.000033 -0.000008 -0.019053 -0.022614 1.113174
    20 -1.368771 0.000025 0.000002 0.037954 0.036187 0.704409
    21 -1.718803 -1.282703 0.931534 1.472930 0.649084 0.686228
    22 -1.523453 0.000032 0.000031 0.081463 -0.044701 0.540064
    23 -1.599285 0.000004 0.000016 -0.029176 -0.082647 0.109097
    24 -4.170126 -1.854398 0.753332 -0.190417 -0.170868 0.450040
    25 -0.420465 -0.018743 1.271440 0.000000 0.000002 0.000000
    26 0.516761 0.000000 0.128687 0.000000 0.000000 0.000000
    27 0.557412 0.000000 -0.302895 0.000000 0.000000 0.000000
    28 1.388578 -0.009689 0.998069 0.000000 0.924975 0.000000
    29 -1.500304 -0.009689 0.357643 0.000000 0.000002 0.000000
    30 -0.761999 -0.009687 2.091125 0.000000 0.000002 0.000000
    31 -1.126226 -0.584940 -0.293132 0.000000 0.000002 0.000000
    32 4.366932 0.145734 -1.517929 0.343408 1.059062 1.581273
    33 2.754679 -7.340062 -5.628967 2.887734 0.770059 -1.723122
    34 5.511815 0.000008 -0.000001 2.243153 0.000000 3.141593
    35 0.196847 -0.000001 0.000003 2.793407 0.000006 -3.141577
    36 3.455526 -8.400609 -1.488978 1.975862 1.159909 1.842803
    37 6.214485 0.000006 0.000020 -0.299244 0.483187 -1.644595
    38 11.944885 -0.000029 -0.000194 -1.177462 -0.294324 -0.983103
    39 10.620166 0.000002 0.000010 -1.524158 -0.631509 -0.272749
    40 4.751156 0.694376 -0.830473 0.149202 -0.173531 0.598466
    41 1.688065 -0.000026 0.000002 0.024668 -0.001752 -0.060982
    42 1.336151 -0.000051 -0.000009 0.031600 -0.022318 -0.584616
    43 4.820513 0.509340 0.224865 -0.282059 -0.320142 1.392856
    44 1.826996 0.000066 0.000008 0.004297 0.040213 1.379384
    45 1.436577 -0.000010 0.000007 0.007051 -0.013384 0.358405
    46 3.992353 0.891087 1.827994 -0.535673 0.001046 1.726522
    47 1.405918 0.000021 -0.000007 -0.008992 -0.028075 1.183726
    48 1.175369 -0.000131 0.000002 0.073099 0.099343 0.591189
    49 4.526756 0.690460 1.120842 -0.485496 -0.175754 1.641301
    50 1.744041 -0.000031 -0.000002 -0.025718 -0.014586 1.468156
    51 1.368763 -0.000031 -0.000017 0.050831 0.150370 0.142238
    52 1.874855 0.935081 -0.999130 2.126006 0.483450 1.082862
    53 1.523449 -0.000034 -0.000003 -0.460179 -0.057098 0.780184
    54 1.599281 -0.000002 0.000009 0.079776 -0.024525 1.123837
    55 4.123355 1.860057 -0.741599 3.139446 0.288360 -2.792691
    56 5.511806 -0.000002 0.000006 -0.907938 0.000000 0.000000
    57 0.196850 0.000003 -0.000002 -0.348225 0.000015 -0.000002
    58 0.000000 0.000000 0.000000 0.006062 -0.006976 -1.576256
    59 -0.420462 -0.018742 1.271442 0.000000 0.000000 0.000000
    60 0.516761 0.000000 0.128687 0.000000 0.000000 0.000000
    61 0.557412 0.000000 -0.302896 0.000000 0.000000 0.000000
    62 1.388578 -0.009689 0.998071 0.000000 0.924975 0.000000
    63 -1.500303 -0.009689 0.357642 0.000000 0.000000 0.000000
    64 -2.978541 -0.009687 2.091135 0.000000 0.000000 0.000000
    65 -1.126226 -0.584940 -0.293134 0.000000 0.000000 0.000000
  time 87
    0 -0.000001 7.450089 -27.509026 0.000000 0.000000 0.000031
    1 -0.000002 0.000000 0.000000 1.570743 -1.567137 -1.570743
    2 4.255468 -0.335183 -0.000002 0.000000 0.000000 -0.124848
    3 7.431248 1.496477 0.000002 0.000000 0.000000 0.245450
    4 5.278479 0.165541 0.000001 0.000000 0.000000 0.048511
    5 3.455526 -8.400610 1.488976 1.975864 1.159909 -1.298786
  6 -6.214482 -0.000007 -0.000027 -2.408766 -0.226551 0.653240
  7 11.944882 0.000000 0.000001 0.118666 0.004801 0.018240
    8 10.620181 0.000002 0.000000 0.562553 0.399922 2.330283
    9 -4.751106 -0.694494 0.830577 -0.265066 -0.185212 0.638415
    10 -1.688068 0.000046 -0.000032 0.017318 -0.017625 0.661047
    11 -1.336140 0.000057 -0.000012 0.026268 0.002327 0.462662
    12 -4.820494 -0.509460 -0.224759 -0.387629 -0.157873 1.437294
    13 -1.826992 -0.000064 0.000006 -0.008328 0.039588 1.065564
    14 -1.436573 0.000006 0.000002 -0.060134 -0.049384 0.791627
    15 -3.992355 -0.891188 -1.827909 -0.524035 -0.011224 1.323612
    16 -1.405918 -0.000025 -0.000003 0.000590 -0.029494 0.855908
    17 -1.175358 0.000128 -0.000020 0.064417 0.021463 1.153028
    18 -4.526751 -0.690575 -1.120744 -0.418129 0.007769 1.492663
    19 -1.744038 0.000033 -0.000008 -0.019053 -0.022614 1.113174
    20 -1.368771 0.000025 0.000002 0.037954 0.036187 0.704409
    21 -1.718803 -1.282703 0.931534 1.475086 0.612934 0.668850
    22 -1.523453 0.000032 0.000031 0.086426 -0.034406 0.412119
    23 -1.599285 0.000004 0.000016 -0.004734 -0.087544 -0.176643
    24 -4.170126 -1.854398 0.753332 -0.190417 -0.170868 0.450040
    25 -0.420465 -0.018743 1.271440 0.000000 0.000002 0.000000
    26 0.516761 0.000000 0.128687 0.000000 0.000000 0.000000
    27 0.557412 0.000000 -0.302895 0.000000 0.000000 0.000000
    28 1.388578 -0.009689 0.998069 0.000000 0.924975 0.000000
    29 -1.500304 -0.009689 0.357643 0.000000 0.000002 0.000000
    30 -0.761999 -0.009686 2.091126 0.000000 0.000002 0.000000
    31 -1.126226 -0.584940 -0.293132 0.000000 0.000002 0.000000
    32 4.366932 0.145734 -1.517929 0.343408 1.059062 1.581273
    33 2.413496 -6.623356 -7.800403 3.074848 0.837826 -1.668507
    34 5.511815 0.000008 -0.000001 2.243153 0.000000 3.141593
    35 0.196847 -0.000001 0.000003 2.793407 0.000006 -3.141577
    36 3.455526 -8.400609 -1.488978 1.975862 1.159909 1.842803
    37 6.214485 0.000006 0.000020 -0.301484 0.476221 -1.654148
    38 11.944885 -0.000029 -0.000194 -1.189175 -0.286554 -0.942506
    39 10.620166 0.000002 0.000010 -1.472078 -0.616365 -0.278721
    40 4.751156 0.694376 -0.830473 0.141056 -0.166984 0.369107
    41 1.688065 -0.000026 0.000002 0.023182 -0.008605 0.224231
    42 1.336151 -0.000051 -0.000009 0.022488 -0.031458 -0.250012
    43 4.820513 0.509340 0.224865 -0.282059 -0.320142 1.392856
    44 1.826996 0.000066 0.000008 0.004297 0.040213 1.379384
    45 1.436577 -0.000010 0.000007 0.007051 -0.013384 0.358405
    46 3.992353 0.891087 1.827994 -0.535673 0.001046 1.726522
    47 1.405918 0.000021 -0.000007 -0.008992 -0.028075 1.183726
    48 1.175369 -0.000131 0.000002 0.073099 0.099343 0.591189
    49 4.526756 0.690460 1.120842 -0.485496 -0.175754 1.641301
    50 1.744041 -0.000031 -0.000002 -0.025718 -0.014586 1.468156
    51 1.368763 -0.000031 -0.000017 0.050831 0.150370 0.142238
    52 1.874855 0.935081 -0.999130 2.126006 0.483450 1.082862
    53 1.523449 -0.000034 -0.000003 -0.460179 -0.057098 0.780184
    54 1.599281 -0.000002 0.000009 0.079776 -0.024525 1.123837
    55 4.123355 1.860057 -0.741599 3.139446 0.288360 -2.792691
    56 5.511806 -0.000002 0.000006 -0.907938 0.000000 0.000000
    57 0.196850 0.000003 -0.000002 -0.348225 0.000015 -0.000002
    58 0.000000 0.000000 0.000000 0.004423 -0.008017 -1.575821
    59 -0.420465 -0.018744 1.271442 0.000000 0.000000 0.000000
    60 0.516761 0.000000 0.128687 0.000000 0.000000 0.000000
    61 0.557412 0.000000 -0.302896 0.000000 0.000000 0.000000
    62 1.388578 -0.009689 0.998071 0.000000 0.924975 0.000000
    63 -1.500303 -0.009689 0.357642 0.000000 0.000000 0.000000
    64 -2.978541 -0.009687 2.091135 0.000000 0.000000 0.000000
    65 -1.126226 -0.584940 -0.293134 0.000000 0.000000 0.000000
  time 88
    0 -0.000001 7.450089 -27.509026 0.000000 0.000000 0.000031
    1 -0.000002 0.000000 0.000000 1.570743 -1.567137 -1.570743
    2 4.255468 -0.335183 -0.000002 0.000000 0.000000 -0.124848
    3 7.431248 1.496477 0.000002 0.000000 0.000000 0.245450
    4 5.278479 0.165541 0.000001 0.000000 0.000000 0.048511
    5 3.455526 -8.400610 1.488976 1.975864 1.159909 -1.298786
  6 -6.214482 -0.000007 -0.000027 -2.390101 -0.229736 0.652221
  7 11.944882 0.000000 0.000001 0.117946 0.005870 0.017925
    8 10.620181 0.000002 0.000000 0.448030 0.406270 2.384639
    9 -4.751106 -0.694494 0.830577 -0.265066 -0.185212 0.638415
    10 -1.688068 0.000046 -0.000032 0.017318 -0.017625 0.661047
    11 -1.336140 0.000057 -0.000012 0.026268 0.002327 0.462662
    12 -4.820494 -0.509460 -0.224759 -0.387629 -0.157873 1.437294
    13 -1.826992 -0.000064 0.000006 -0.008328 0.039588 1.065564
    14 -1.436573 0.000006 0.000002 -0.060134 -0.049384 0.791627
    15 -3.992355 -0.891188 -1.827909 -0.524035 -0.011224 1.323612
    16 -1.405918 -0.000025 -0.000003 0.000590 -0.029494 0.855908
    17 -1.175358 0.000128 -0.000020 0.064417 0.021463 1.153028
    18 -4.526751 -0.690575 -1.120744 -0.418129 0.007769 1.492663
    19 -1.744038 0.000033 -0.000008 -0.019053 -0.022614 1.113174
    20 -1.368771 0.000025 0.000002 0.037954 0.036187 0.704409
    21 -1.718803 -1.282703 0.931534 1.475550 0.582831 0.651610
    22 -1.523453 0.000032 0.000031 0.089506 -0.024800 0.305407
    23 -1.599285 0.000004 0.000016 0.015838 -0.086237 -0.412297
    24 -4.170126 -1.854398 0.753332 -0.190417 -0.170868 0.450040
    25 -0.420465 -0.018743 1.271440 0.000000 0.000002 0.000000
    26 0.516761 0.000000 0.128687 0.000000 0.000000 0.000000
    27 0.557412 0.000000 -0.302895 0.000000 0.000000 0.000000
    28 1.388578 -0.009689 0.998069 0.000000 0.924975 0.000000
    29 -1.500304 -0.009689 0.357643 0.000000 0.000002 0.000000
    30 -0.761999 -0.009687 2.091126 0.000000 0.000002 0.000000
    31 -1.126226 -0.584940 -0.293132 0.000000 0.000002 0.000000
    32 4.366932 0.145734 -1.517929 0.343408 1.059062 1.581273
    33 2.600200 -5.464164 -9.623832 -3.022769 0.878071 -1.626582
    34 5.511815 0.000008 -0.000001 2.243153 0.000000 3.141593
    35 0.196847 -0.000001 0.000003 2.793407 0.000006 -3.141577
    36 3.455526 -8.400609 -1.488978 1.975862 1.159909 1.842803
    37 6.214485 0.000006 0.000020 -0.306912 0.470559 -1.657890
    38 11.944885 -0.000029 -0.000194 -1.197880 -0.280281 -0.911284
    39 10.620166 0.000002 0.000010 -1.396822 -0.586953 -0.276867
    40 4.751156 0.694376 -0.830473 0.115735 -0.162015 -0.068147
    41 1.688065 -0.000026 0.000002 0.015060 -0.019596 0.785033
    42 1.336151 -0.000051 -0.000009 -0.002408 -0.038631 0.433502
    43 4.820513 0.509340 0.224865 -0.282059 -0.320142 1.392856
    44 1.826996 0.000066 0.000008 0.004297 0.040213 1.379384
    45 1.436577 -0.000010 0.000007 0.007051 -0.013384 0.358405
    46 3.992353 0.891087 1.827994 -0.535673 0.001046 1.726522
    47 1.405918 0.000021 -0.000007 -0.008992 -0.028075 1.183726
    48 1.175369 -0.000131 0.000002 0.073099 0.099343 0.591189
    49 4.526756 0.690460 1.120842 -0.485496 -0.175754 1.641301
    50 1.744041 -0.000031 -0.000002 -0.025718 -0.014586 1.468156
    51 1.368763 -0.000031 -0.000017 0.050831 0.150370 0.142238
    52 1.874855 0.935081 -0.999130 2.126006 0.483450 1.082862
    53 1.523449 -0.000034 -0.000003 -0.460179 -0.057098 0.780184
    54 1.599281 -0.000002 0.000009 0.079776 -0.024525 1.123837
    55 4.123355 1.860057 -0.741599 3.139446 0.288360 -2.792691
    56 5.511806 -0.000002 0.000006 -0.907938 0.000000 0.000000
    57 0.196850 0.000003 -0.000002 -0.348225 0.000015 -0.000002
    58 0.000000 0.000000 0.000000 0.002178 -0.008800 -1.575295
    59 -0.420465 -0.018744 1.271441 0.000000 0.000000 0.000000
    60 0.516761 0.000000 0.128687 0.000000 0.000000 0.000000
    61 0.557412 0.000000 -0.302896 0.000000 0.000000 0.000000
    62 1.388578 -0.009689 0.998071 0.000000 0.924975 0.000000
    63 -1.500303 -0.009689 0.357642 0.000000 0.000000 0.000000
    64 -2.978541 -0.009687 2.091135 0.000000 0.000000 0.000000
    65 -1.126226 -0.584940 -0.293134 0.000000 0.000000 0.000000
  time 89
    0 -0.000001 7.450089 -27.509026 0.000000 0.000000 0.000031
    1 -0.000002 0.000000 0.000000 1.570743 -1.567137 -1.570743
    2 4.255468 -0.335183 -0.000002 0.000000 0.000000 -0.124848
    3 7.431248 1.496477 0.000002 0.000000 0.000000 0.245450
    4 5.278479 0.165541 0.000001 0.000000 0.000000 0.048511
    5 3.455526 -8.400610 1.488976 1.975864 1.159909 -1.298786
  6 -6.214482 -0.000007 -0.000027 -2.378531 -0.232491 0.643895
  7 11.944882 0.000000 0.000001 0.117642 0.006482 0.017713
    8 10.620181 0.000002 0.000000 0.382465 0.409495 2.403854
    9 -4.751106 -0.694494 0.830577 -0.265066 -0.185212 0.638415
    10 -1.688068 0.000046 -0.000032 0.017318 -0.017625 0.661047
    11 -1.336140 0.000057 -0.000012 0.026268 0.002327 0.462662
    12 -4.820494 -0.509460 -0.224759 -0.387629 -0.157873 1.437294
    13 -1.826992 -0.000064 0.000006 -0.008328 0.039588 1.065564
    14 -1.436573 0.000006 0.000002 -0.060134 -0.049384 0.791627
    15 -3.992355 -0.891188 -1.827909 -0.524035 -0.011224 1.323612
    16 -1.405918 -0.000025 -0.000003 0.000590 -0.029494 0.855908
    17 -1.175358 0.000128 -0.000020 0.064417 0.021463 1.153028
    18 -4.526751 -0.690575 -1.120744 -0.418129 0.007769 1.492663
    19 -1.744038 0.000033 -0.000008 -0.019053 -0.022614 1.113174
    20 -1.368771 0.000025 0.000002 0.037954 0.036187 0.704409
    21 -1.718803 -1.282703 0.931534 1.468071 0.570754 0.630617
    22 -1.523453 0.000032 0.000031 0.090534 -0.019644 0.260928
    23 -1.599285 0.000004 0.000016 0.023893 -0.084359 -0.508383
    24 -4.170126 -1.854398 0.753332 -0.190417 -0.170868 0.450040
    25 -0.420465 -0.018743 1.271440 0.000000 0.000002 0.000000
    26 0.516761 0.000000 0.128687 0.000000 0.000000 0.000000
    27 0.557412 0.000000 -0.302895 0.000000 0.000000 0.000000
    28 1.388578 -0.009689 0.998069 0.000000 0.924975 0.000000
    29 -1.500304 -0.009689 0.357643 0.000000 0.000002 0.000000
    30 -0.761999 -0.009687 2.091125 0.000000 0.000002 0.000000
    31 -1.126226 -0.584940 -0.293132 0.000000 0.000002 0.000000
    32 4.366932 0.145734 -1.517929 0.343408 1.059062 1.581273
    33 2.857720 -4.927973 -10.562414 -2.963170 0.825704 -1.649671
    34 5.511815 0.000008 -0.000001 2.243153 0.000000 3.141593
    35 0.196847 -0.000001 0.000003 2.793407 0.000006 -3.141577
    36 3.455526 -8.400609 -1.488978 1.975862 1.159909 1.842803
    37 6.214485 0.000006 0.000020 -0.312569 0.471680 -1.647496
    38 11.944885 -0.000029 -0.000194 -1.199428 -0.279198 -0.905761
    39 10.620166 0.000002 0.000010 -1.282998 -0.540173 -0.266739
    40 4.751156 0.694376 -0.830473 0.083584 -0.170866 -0.296593
    41 1.688065 -0.000026 0.000002 0.008691 -0.023120 1.079538
    42 1.336151 -0.000051 -0.000009 -0.015803 -0.035315 0.792378
    43 4.820513 0.509340 0.224865 -0.282059 -0.320142 1.392856
    44 1.826996 0.000066 0.000008 0.004297 0.040213 1.379384
    45 1.436577 -0.000010 0.000007 0.007051 -0.013384 0.358405
    46 3.992353 0.891087 1.827994 -0.535673 0.001046 1.726522
    47 1.405918 0.000021 -0.000007 -0.008992 -0.028075 1.183726
    48 1.175369 -0.000131 0.000002 0.073099 0.099343 0.591189
    49 4.526756 0.690460 1.120842 -0.485496 -0.175754 1.641301
    50 1.744041 -0.000031 -0.000002 -0.025718 -0.014586 1.468156
    51 1.368763 -0.000031 -0.000017 0.050831 0.150370 0.142238
    52 1.874855 0.935081 -0.999130 2.126006 0.483450 1.082862
    53 1.523449 -0.000034 -0.000003 -0.460179 -0.057098 0.780184
    54 1.599281 -0.000002 0.000009 0.079776 -0.024525 1.123837
    55 4.123355 1.860057 -0.741599 3.139446 0.288360 -2.792691
    56 5.511806 -0.000002 0.000006 -0.907938 0.000000 0.000000
    57 0.196850 0.000003 -0.000002 -0.348225 0.000015 -0.000002
    58 0.000000 0.000000 0.000000 -0.000587 -0.009152 -1.574592
    59 -0.420467 -0.018744 1.271442 0.000000 0.000000 0.000000
    60 0.516761 0.000000 0.128687 0.000000 0.000000 0.000000
    61 0.557412 0.000000 -0.302896 0.000000 0.000000 0.000000
    62 1.388578 -0.009689 0.998071 0.000000 0.924975 0.000000
    63 -1.500303 -0.009689 0.357642 0.000000 0.000000 0.000000
    64 -2.978541 -0.009687 2.091135 0.000000 0.000000 0.000000
    65 -1.126226 -0.584940 -0.293134 0.000000 0.000000 0.000000
  time 90
    0 -0.000001 7.450089 -27.509026 0.000000 0.000000 0.000031
    1 -0.000002 0.000000 0.000000 1.570743 -1.567137 -1.570743
    2 4.255468 -0.335183 -0.000002 0.000000 0.000000 -0.124848
    3 7.431248 1.496477 0.000002 0.000000 0.000000 0.245450
    4 5.278479 0.165541 0.000001 0.000000 0.000000 0.048511
    5 3.455526 -8.400610 1.488976 1.975864 1.159909 -1.298786
  6 -6.214482 -0.000007 -0.000027 -2.372387 -0.236124 0.603059
  7 11.944882 0.000000 0.000001 0.118104 0.007650 0.017240
    8 10.620181 0.000002 0.000000 0.380749 0.351873 2.354759
    9 -4.751106 -0.694494 0.830577 -0.265066 -0.185212 0.638415
    10 -1.688068 0.000046 -0.000032 0.017318 -0.017625 0.661047
    11 -1.336140 0.000057 -0.000012 0.026268 0.002327 0.462662
    12 -4.820494 -0.509460 -0.224759 -0.387629 -0.157873 1.437294
    13 -1.826992 -0.000064 0.000006 -0.008328 0.039588 1.065564
    14 -1.436573 0.000006 0.000002 -0.060134 -0.049384 0.791627
    15 -3.992355 -0.891188 -1.827909 -0.524035 -0.011224 1.323612
    16 -1.405918 -0.000025 -0.000003 0.000590 -0.029494 0.855908
    17 -1.175358 0.000128 -0.000020 0.064417 0.021463 1.153028
    18 -4.526751 -0.690575 -1.120744 -0.418129 0.007769 1.492663
    19 -1.744038 0.000033 -0.000008 -0.019053 -0.022614 1.113174
    20 -1.368771 0.000025 0.000002 0.037954 0.036187 0.704409
    21 -1.718805 -1.282705 0.931532 1.446220 0.607357 0.606196
    22 -1.523453 0.000032 0.000031 0.067198 -0.029085 0.453856
    23 -1.599285 0.000004 0.000016 -0.039560 -0.078248 0.238170
    24 -4.170166 -1.854440 0.753413 -0.190417 -0.170868 0.450040
    25 -0.420465 -0.018743 1.271440 0.000000 0.000002 0.000000
    26 0.516761 0.000000 0.128687 0.000000 0.000000 0.000000
    27 0.557412 0.000000 -0.302895 0.000000 0.000000 0.000000
    28 1.388578 -0.009689 0.998069 0.000000 0.924975 0.000000
    29 -1.500304 -0.009689 0.357643 0.000000 0.000002 0.000000
    30 -1.870266 -0.009688 2.091128 0.000000 0.000002 0.000000
    31 -1.126226 -0.584940 -0.293132 0.000000 0.000002 0.000000
    32 4.367041 0.145771 -1.518036 0.343408 1.059062 1.581273
    33 3.545043 -6.100482 -10.689541 -3.128106 0.665383 -1.691906
    34 5.511815 0.000008 -0.000001 2.243153 0.000000 3.141593
    35 0.196847 -0.000001 0.000003 2.793407 0.000006 -3.141577
    36 3.455526 -8.400609 -1.488978 1.975862 1.159909 1.842803
    37 6.214485 0.000006 0.000020 -0.317010 0.504638 -1.572745
    38 11.944885 -0.000029 -0.000194 -1.170565 -0.298665 -1.006998
    39 10.620166 0.000002 0.000010 -1.121539 -0.487493 -0.215927
    40 4.751156 0.694376 -0.830473 0.050046 -0.200229 -0.167586
    41 1.688065 -0.000026 0.000002 0.009852 -0.022734 1.029772
    42 1.336151 -0.000051 -0.000009 -0.014897 -0.035790 0.766512
    43 4.820513 0.509340 0.224865 -0.282059 -0.320142 1.392856
    44 1.826996 0.000066 0.000008 0.004297 0.040213 1.379384
    45 1.436577 -0.000010 0.000007 0.007051 -0.013384 0.358405
    46 3.992353 0.891087 1.827994 -0.535673 0.001046 1.726522
    47 1.405918 0.000021 -0.000007 -0.008992 -0.028075 1.183726
    48 1.175369 -0.000131 0.000002 0.073099 0.099343 0.591189
    49 4.526756 0.690460 1.120842 -0.485496 -0.175754 1.641301
    50 1.744041 -0.000031 -0.000002 -0.025718 -0.014586 1.468156
    51 1.368763 -0.000031 -0.000017 0.050831 0.150370 0.142238
    52 1.874855 0.935081 -0.999130 2.126006 0.483450 1.082862
    53 1.523449 -0.000034 -0.000003 -0.460179 -0.057098 0.780184
    54 1.599281 -0.000002 0.000009 0.079776 -0.024525 1.123837
    55 4.123357 1.860058 -0.741613 3.139446 0.288360 -2.792691
    56 5.511806 -0.000002 0.000006 -0.907938 0.000000 0.000000
    57 0.196850 0.000003 -0.000002 -0.348225 0.000015 -0.000002
    58 0.000000 0.000000 0.000000 -0.018340 -0.009073 -1.562339
    59 -0.420463 -0.018744 1.271443 0.000000 0.000000 0.000000
    60 0.516761 0.000000 0.128687 0.000000 0.000000 0.000000
    61 0.557412 0.000000 -0.302896 0.000000 0.000000 0.000000
    62 1.388578 -0.009689 0.998071 0.000000 0.924975 0.000000
    63 -1.500303 -0.009689 0.357642 0.000000 0.000000 0.000000
    64 -2.978541 -0.009687 2.091135 0.000000 0.000000 0.000000
    65 -1.126226 -0.584940 -0.293134 0.000000 0.000000 0.000000
  time 91
    0 -0.000001 7.450089 -27.509026 0.000000 0.000000 0.000031
    1 -0.000002 0.000000 0.000000 1.570743 -1.567137 -1.570743
    2 4.255468 -0.335183 -0.000002 0.000000 0.000000 -0.124848
    3 7.431248 1.496477 0.000002 0.000000 0.000000 0.245450
    4 5.278479 0.165541 0.000001 0.000000 0.000000 0.048511
    5 3.455526 -8.400610 1.488976 1.975864 1.159909 -1.298786
  6 -6.214482 -0.000007 -0.000027 -2.413840 -0.235485 0.564766
  7 11.944882 0.000000 0.000001 0.119283 0.008959 0.016598
    8 10.620181 0.000002 0.000000 0.823530 0.374479 2.360233
    9 -4.751106 -0.694494 0.830577 -0.265066 -0.185212 0.638415
    10 -1.688068 0.000046 -0.000032 0.017318 -0.017625 0.661047
    11 -1.336140 0.000057 -0.000012 0.026268 0.002327 0.462662
    12 -4.820494 -0.509460 -0.224759 -0.387629 -0.157873 1.437294
    13 -1.826992 -0.000064 0.000006 -0.008328 0.039588 1.065564
    14 -1.436573 0.000006 0.000002 -0.060134 -0.049384 0.791627
    15 -3.992355 -0.891188 -1.827909 -0.524035 -0.011224 1.323612
    16 -1.405918 -0.000025 -0.000003 0.000590 -0.029494 0.855908
    17 -1.175358 0.000128 -0.000020 0.064417 0.021463 1.153028
    18 -4.526751 -0.690575 -1.120744 -0.418129 0.007769 1.492663
    19 -1.744038 0.000033 -0.000008 -0.019053 -0.022614 1.113174
    20 -1.368771 0.000025 0.000002 0.037954 0.036187 0.704409
    21 -1.718805 -1.282705 0.931532 1.430299 0.643421 0.592941
    22 -1.523453 0.000032 0.000031 0.042345 -0.034778 0.646897
    23 -1.599285 0.000004 0.000016 -0.082131 -0.030722 0.982047
    24 -4.170166 -1.854440 0.753413 -0.190417 -0.170868 0.450040
    25 -0.420465 -0.018743 1.271440 0.000000 0.000002 0.000000
    26 0.516761 0.000000 0.128687 0.000000 0.000000 0.000000
    27 0.557412 0.000000 -0.302895 0.000000 0.000000 0.000000
    28 1.388578 -0.009689 0.998069 0.000000 0.924975 0.000000
    29 -1.500304 -0.009689 0.357643 0.000000 0.000002 0.000000
    30 -2.978537 -0.009687 2.091130 0.000000 0.000002 0.000000
    31 -1.126226 -0.584940 -0.293132 0.000000 0.000002 0.000000
    32 4.367041 0.145771 -1.518036 0.343408 1.059062 1.581273
    33 4.217371 -9.053524 -7.328200 2.961968 0.079773 -1.635121
    34 5.511815 0.000008 -0.000001 2.243153 0.000000 3.141593
    35 0.196847 -0.000001 0.000003 2.793407 0.000006 -3.141577
    36 3.455526 -8.400609 -1.488978 1.975862 1.159909 1.842803
    37 6.214485 0.000006 0.000020 -0.331295 0.533297 -1.509291
    38 11.944885 -0.000029 -0.000194 -1.143809 -0.313300 -1.095750
    39 10.620166 0.000002 0.000010 -0.976911 -0.436173 -0.155441
    40 4.751156 0.694376 -0.830473 0.008184 -0.242219 0.122310
    41 1.688065 -0.000026 0.000002 0.012266 -0.021506 0.921159
    42 1.336151 -0.000051 -0.000009 -0.012927 -0.036550 0.711023
    43 4.820513 0.509340 0.224865 -0.282059 -0.320142 1.392856
    44 1.826996 0.000066 0.000008 0.004297 0.040213 1.379384
    45 1.436577 -0.000010 0.000007 0.007051 -0.013384 0.358405
    46 3.992353 0.891087 1.827994 -0.535673 0.001046 1.726522
    47 1.405918 0.000021 -0.000007 -0.008992 -0.028075 1.183726
    48 1.175369 -0.000131 0.000002 0.073099 0.099343 0.591189
    49 4.526756 0.690460 1.120842 -0.485496 -0.175754 1.641301
    50 1.744041 -0.000031 -0.000002 -0.025718 -0.014586 1.468156
    51 1.368763 -0.000031 -0.000017 0.050831 0.150370 0.142238
    52 1.874855 0.935081 -0.999130 2.126006 0.483450 1.082862
    53 1.523449 -0.000034 -0.000003 -0.460179 -0.057098 0.780184
    54 1.599281 -0.000002 0.000009 0.079776 -0.024525 1.123837
    55 4.123357 1.860058 -0.741613 3.139446 0.288360 -2.792691
    56 5.511806 -0.000002 0.000006 -0.907938 0.000000 0.000000
    57 0.196850 0.000003 -0.000002 -0.348225 0.000015 -0.000002
    58 0.000000 0.000000 0.000000 0.017716 0.007900 -1.565978
    59 -0.420463 -0.018744 1.271443 0.000000 0.000000 0.000000
    60 0.516761 0.000000 0.128687 0.000000 0.000000 0.000000
    61 0.557412 0.000000 -0.302896 0.000000 0.000000 0.000000
    62 1.388578 -0.009689 0.998071 0.000000 0.924975 0.000000
    63 -1.500303 -0.009689 0.357642 0.000000 0.000000 0.000000
    64 -2.978541 -0.009687 2.091135 0.000000 0.000000 0.000000
    65 -1.126226 -0.584940 -0.293134 0.000000 0.000000 0.000000
  time 92
    0 -0.000001 7.450089 -27.509026 0.000000 0.000000 0.000031
    1 -0.000002 0.000000 0.000000 1.570743 -1.567137 -1.570743
    2 4.255468 -0.335183 -0.000002 0.000000 0.000000 -0.124848
    3 7.431248 1.496477 0.000002 0.000000 0.000000 0.245450
    4 5.278479 0.165541 0.000001 0.000000 0.000000 0.048511
    5 3.455526 -8.400610 1.488976 1.975864 1.159909 -1.298786
  6 -6.214482 -0.000007 -0.000027 -2.449243 -0.231239 0.564061
  7 11.944882 0.000000 0.000001 0.119665 0.008593 0.016791
    8 10.620181 0.000002 0.000000 0.818784 0.487267 2.411859
    9 -4.751106 -0.694494 0.830577 -0.265066 -0.185212 0.638415
    10 -1.688068 0.000046 -0.000032 0.017318 -0.017625 0.661047
    11 -1.336140 0.000057 -0.000012 0.026268 0.002327 0.462662
    12 -4.820494 -0.509460 -0.224759 -0.387629 -0.157873 1.437294
    13 -1.826992 -0.000064 0.000006 -0.008328 0.039588 1.065564
    14 -1.436573 0.000006 0.000002 -0.060134 -0.049384 0.791627
    15 -3.992355 -0.891188 -1.827909 -0.524035 -0.011224 1.323612
    16 -1.405918 -0.000025 -0.000003 0.000590 -0.029494 0.855908
    17 -1.175358 0.000128 -0.000020 0.064417 0.021463 1.153028
    18 -4.526751 -0.690575 -1.120744 -0.418129 0.007769 1.492663
    19 -1.744038 0.000033 -0.000008 -0.019053 -0.022614 1.113174
    20 -1.368771 0.000025 0.000002 0.037954 0.036187 0.704409
    21 -1.718805 -1.282705 0.931532 1.430299 0.643421 0.592941
    22 -1.523453 0.000032 0.000031 0.042345 -0.034778 0.646897
    23 -1.599285 0.000004 0.000016 -0.082131 -0.030722 0.982047
    24 -4.170166 -1.854440 0.753413 -0.190417 -0.170868 0.450040
    25 -0.420465 -0.018743 1.271440 0.000000 0.000002 0.000000
    26 0.516761 0.000000 0.128687 0.000000 0.000000 0.000000
    27 0.557412 0.000000 -0.302895 0.000000 0.000000 0.000000
    28 1.388578 -0.009689 0.998069 0.000000 0.924975 0.000000
    29 -1.500304 -0.009689 0.357643 0.000000 0.000002 0.000000
    30 -2.978535 -0.009688 2.091129 0.000000 0.000002 0.000000
    31 -1.126226 -0.584940 -0.293132 0.000000 0.000002 0.000000
    32 4.367041 0.145771 -1.518036 0.343408 1.059062 1.581273
    33 5.214867 -9.182803 -6.599712 3.079080 -0.043960 -1.580059
    34 5.511815 0.000008 -0.000001 2.243153 0.000000 3.141593
    35 0.196847 -0.000001 0.000003 2.793407 0.000006 -3.141577
    36 3.455526 -8.400609 -1.488978 1.975862 1.159909 1.842803
    37 6.214485 0.000006 0.000020 -0.341599 0.529256 -1.513700
    38 11.944885 -0.000029 -0.000194 -1.145423 -0.312468 -1.090543
    39 10.620166 0.000002 0.000010 -0.894793 -0.426054 -0.144178
    40 4.751156 0.694376 -0.830473 -0.035735 -0.270688 0.415278
    41 1.688065 -0.000026 0.000002 0.014479 -0.020061 0.813996
    42 1.336151 -0.000051 -0.000009 -0.010928 -0.037137 0.657099
    43 4.820513 0.509340 0.224865 -0.282059 -0.320142 1.392856
    44 1.826996 0.000066 0.000008 0.004297 0.040213 1.379384
    45 1.436577 -0.000010 0.000007 0.007051 -0.013384 0.358405
    46 3.992353 0.891087 1.827994 -0.535673 0.001046 1.726522
    47 1.405918 0.000021 -0.000007 -0.008992 -0.028075 1.183726
    48 1.175369 -0.000131 0.000002 0.073099 0.099343 0.591189
    49 4.526756 0.690460 1.120842 -0.485496 -0.175754 1.641301
    50 1.744041 -0.000031 -0.000002 -0.025718 -0.014586 1.468156
    51 1.368763 -0.000031 -0.000017 0.050831 0.150370 0.142238
    52 1.874855 0.935081 -0.999130 2.126006 0.483450 1.082862
    53 1.523449 -0.000034 -0.000003 -0.460179 -0.057098 0.780184
    54 1.599281 -0.000002 0.000009 0.079776 -0.024525 1.123837
    55 4.123357 1.860058 -0.741613 3.139446 0.288360 -2.792691
    56 5.511806 -0.000002 0.000006 -0.907938 0.000000 0.000000
    57 0.196850 0.000003 -0.000002 -0.348225 0.000015 -0.000002
    58 0.000000 0.000000 0.000000 0.030476 0.005777 -1.570277
    59 -0.420463 -0.018744 1.271443 0.000000 0.000000 0.000000
    60 0.516761 0.000000 0.128687 0.000000 0.000000 0.000000
    61 0.557412 0.000000 -0.302896 0.000000 0.000000 0.000000
    62 1.388578 -0.009689 0.998071 0.000000 0.924975 0.000000
    63 -1.500303 -0.009689 0.357642 0.000000 0.000000 0.000000
    64 -2.978541 -0.009687 2.091135 0.000000 0.000000 0.000000
    65 -1.126226 -0.584940 -0.293134 0.000000 0.000000 0.000000
  time 93
    0 -0.000001 7.450089 -27.509026 0.000000 0.000000 0.000031
    1 -0.000002 0.000000 0.000000 1.570743 -1.567137 -1.570743
    2 4.255468 -0.335183 -0.000002 0.000000 0.000000 -0.124848
    3 7.431248 1.496477 0.000002 0.000000 0.000000 0.245450
    4 5.278479 0.165541 0.000001 0.000000 0.000000 0.048511
    5 3.455526 -8.400610 1.488976 1.975864 1.159909 -1.298786
  6 -6.214482 -0.000007 -0.000027 -2.520335 -0.227704 0.574240
  7 11.944882 0.000000 0.000001 0.120159 0.008027 0.017068
    8 10.620181 0.000002 0.000000 0.758366 0.553512 2.458325
    9 -4.751106 -0.694494 0.830577 -0.265066 -0.185212 0.638415
    10 -1.688068 0.000046 -0.000032 0.017318 -0.017625 0.661047
    11 -1.336140 0.000057 -0.000012 0.026268 0.002327 0.462662
    12 -4.820494 -0.509460 -0.224759 -0.387629 -0.157873 1.437294
    13 -1.826992 -0.000064 0.000006 -0.008328 0.039588 1.065564
    14 -1.436573 0.000006 0.000002 -0.060134 -0.049384 0.791627
    15 -3.992355 -0.891188 -1.827909 -0.524035 -0.011224 1.323612
    16 -1.405918 -0.000025 -0.000003 0.000590 -0.029494 0.855908
    17 -1.175358 0.000128 -0.000020 0.064417 0.021463 1.153028
    18 -4.526751 -0.690575 -1.120744 -0.418129 0.007769 1.492663
    19 -1.744038 0.000033 -0.000008 -0.019053 -0.022614 1.113174
    20 -1.368771 0.000025 0.000002 0.037954 0.036187 0.704409
    21 -1.718805 -1.282705 0.931532 1.430299 0.643421 0.592941
    22 -1.523453 0.000032 0.000031 0.042345 -0.034778 0.646897
    23 -1.599285 0.000004 0.000016 -0.082131 -0.030722 0.982047
    24 -4.170166 -1.854440 0.753413 -0.190417 -0.170868 0.450040
    25 -0.420465 -0.018743 1.271440 0.000000 0.000002 0.000000
    26 0.516761 0.000000 0.128687 0.000000 0.000000 0.000000
    27 0.557412 0.000000 -0.302895 0.000000 0.000000 0.000000
    28 1.388578 -0.009689 0.998069 0.000000 0.924975 0.000000
    29 -1.500304 -0.009689 0.357643 0.000000 0.000002 0.000000
    30 -2.978537 -0.009688 2.091130 0.000000 0.000002 0.000000
    31 -1.126226 -0.584940 -0.293132 0.000000 0.000002 0.000000
    32 4.367041 0.145771 -1.518036 0.343408 1.059062 1.581273
    33 5.738625 -9.033833 -6.159800 -3.087877 -0.100162 -1.555858
    34 5.511815 0.000008 -0.000001 2.243153 0.000000 3.141593
    35 0.196847 -0.000001 0.000003 2.793407 0.000006 -3.141577
    36 3.455526 -8.400609 -1.488978 1.975862 1.159909 1.842803
    37 6.214485 0.000006 0.000020 -0.339541 0.521315 -1.530829
    38 11.944885 -0.000029 -0.000194 -1.088713 -0.310114 -1.075354
    39 10.620166 0.000002 0.000010 -0.916502 -0.470027 -0.130698
    40 4.751156 0.694376 -0.830473 -0.056027 -0.279163 0.546048
    41 1.688065 -0.000026 0.000002 0.015390 -0.019324 0.766007
    42 1.336151 -0.000051 -0.000009 -0.010073 -0.037400 0.633142
    43 4.820513 0.509340 0.224865 -0.282059 -0.320142 1.392856
    44 1.826996 0.000066 0.000008 0.004297 0.040213 1.379384
    45 1.436577 -0.000010 0.000007 0.007051 -0.013384 0.358405
    46 3.992353 0.891087 1.827994 -0.535673 0.001046 1.726522
    47 1.405918 0.000021 -0.000007 -0.008992 -0.028075 1.183726
    48 1.175369 -0.000131 0.000002 0.073099 0.099343 0.591189
    49 4.526756 0.690460 1.120842 -0.485496 -0.175754 1.641301
    50 1.744041 -0.000031 -0.000002 -0.025718 -0.014586 1.468156
    51 1.368763 -0.000031 -0.000017 0.050831 0.150370 0.142238
    52 1.874855 0.935081 -0.999130 2.126006 0.483450 1.082862
    53 1.523449 -0.000034 -0.000003 -0.460179 -0.057098 0.780184
    54 1.599281 -0.000002 0.000009 0.079776 -0.024525 1.123837
    55 4.123357 1.860058 -0.741613 3.139446 0.288360 -2.792691
    56 5.511806 -0.000002 0.000006 -0.907938 0.000000 0.000000
    57 0.196850 0.000003 -0.000002 -0.348225 0.000015 -0.000002
    58 0.000000 0.000000 0.000000 0.035134 0.001854 -1.573095
    59 -0.420463 -0.018744 1.271443 0.000000 0.000000 0.000000
    60 0.516761 0.000000 0.128687 0.000000 0.000000 0.000000
    61 0.557412 0.000000 -0.302896 0.000000 0.000000 0.000000
    62 1.388578 -0.009689 0.998071 0.000000 0.924975 0.000000
    63 -1.500303 -0.009689 0.357642 0.000000 0.000000 0.000000
    64 -2.978541 -0.009687 2.091135 0.000000 0.000000 0.000000
    65 -1.126226 -0.584940 -0.293134 0.000000 0.000000 0.000000
  time 94
    0 -0.000001 7.450089 -27.509026 0.000000 0.000000 0.000031
    1 -0.000002 0.000000 0.000000 1.570743 -1.567137 -1.570743
    2 4.255468 -0.335183 -0.000002 0.000000 0.000000 -0.124848
    3 7.431248 1.496477 0.000002 0.000000 0.000000 0.245450
    4 5.278479 0.165541 0.000001 0.000000 0.000000 0.048511
    5 3.455526 -8.400610 1.488976 1.975864 1.159909 -1.298786
  6 -6.214482 -0.000007 -0.000027 -2.603520 -0.226703 0.589031
  7 11.944882 0.000000 0.000001 0.120173 0.007244 0.017415
    8 10.620181 0.000002 0.000000 0.766721 0.509025 2.425997
    9 -4.751106 -0.694494 0.830577 -0.265066 -0.185212 0.638415
    10 -1.688068 0.000046 -0.000032 0.017318 -0.017625 0.661047
    11 -1.336140 0.000057 -0.000012 0.026268 0.002327 0.462662
    12 -4.820494 -0.509460 -0.224759 -0.387629 -0.157873 1.437294
    13 -1.826992 -0.000064 0.000006 -0.008328 0.039588 1.065564
    14 -1.436573 0.000006 0.000002 -0.060134 -0.049384 0.791627
    15 -3.992355 -0.891188 -1.827909 -0.524035 -0.011224 1.323612
    16 -1.405918 -0.000025 -0.000003 0.000590 -0.029494 0.855908
    17 -1.175358 0.000128 -0.000020 0.064417 0.021463 1.153028
    18 -4.526751 -0.690575 -1.120744 -0.418129 0.007769 1.492663
    19 -1.744038 0.000033 -0.000008 -0.019053 -0.022614 1.113174
    20 -1.368771 0.000025 0.000002 0.037954 0.036187 0.704409
    21 -1.718805 -1.282705 0.931532 1.430299 0.643421 0.592941
    22 -1.523453 0.000032 0.000031 0.042345 -0.034778 0.646897
    23 -1.599285 0.000004 0.000016 -0.082131 -0.030722 0.982047
    24 -4.170166 -1.854440 0.753413 -0.190417 -0.170868 0.450040
    25 -0.420465 -0.018743 1.271440 0.000000 0.000002 0.000000
    26 0.516761 0.000000 0.128687 0.000000 0.000000 0.000000
    27 0.557412 0.000000 -0.302895 0.000000 0.000000 0.000000
    28 1.388578 -0.009689 0.998069 0.000000 0.924975 0.000000
    29 -1.500304 -0.009689 0.357643 0.000000 0.000002 0.000000
    30 -2.978535 -0.009687 2.091129 0.000000 0.000002 0.000000
    31 -1.126226 -0.584940 -0.293132 0.000000 0.000002 0.000000
    32 4.367041 0.145771 -1.518036 0.343408 1.059062 1.581273
    33 5.449984 -9.112545 -5.691315 -3.095080 -0.201475 -1.527606
    34 5.511815 0.000008 -0.000001 2.243153 0.000000 3.141593
    35 0.196847 -0.000001 0.000003 2.793407 0.000006 -3.141577
    36 3.455526 -8.400609 -1.488978 1.975862 1.159909 1.842803
    37 6.214485 0.000006 0.000020 -0.323718 0.517537 -1.548068
    38 11.944885 -0.000029 -0.000194 -0.914991 -0.309500 -1.071360
    39 10.620166 0.000002 0.000010 -1.084085 -0.546278 -0.049910
    40 4.751156 0.694376 -0.830473 -0.056027 -0.279163 0.546048
    41 1.688065 -0.000026 0.000002 0.015391 -0.019323 0.765913
    42 1.336151 -0.000051 -0.000009 -0.010073 -0.037400 0.633142
    43 4.820513 0.509340 0.224865 -0.282059 -0.320142 1.392856
    44 1.826996 0.000066 0.000008 0.004297 0.040213 1.379384
    45 1.436577 -0.000010 0.000007 0.007051 -0.013384 0.358405
    46 3.992353 0.891087 1.827994 -0.535673 0.001046 1.726522
    47 1.405918 0.000021 -0.000007 -0.008992 -0.028075 1.183726
    48 1.175369 -0.000131 0.000002 0.073099 0.099343 0.591189
    49 4.526756 0.690460 1.120842 -0.485496 -0.175754 1.641301
    50 1.744041 -0.000031 -0.000002 -0.025718 -0.014586 1.468156
    51 1.368763 -0.000031 -0.000017 0.050831 0.150370 0.142238
    52 1.874855 0.935081 -0.999130 2.126006 0.483450 1.082862
    53 1.523449 -0.000034 -0.000003 -0.460179 -0.057098 0.780184
    54 1.599281 -0.000002 0.000009 0.079776 -0.024525 1.123837
    55 4.123357 1.860058 -0.741613 3.139446 0.288360 -2.792691
    56 5.511806 -0.000002 0.000006 -0.907938 0.000000 0.000000
    57 0.196850 0.000003 -0.000002 -0.348225 0.000015 -0.000002
    58 0.000000 0.000000 0.000000 0.035828 -0.000200 -1.574081
    59 -0.420463 -0.018744 1.271443 0.000000 0.000000 0.000000
    60 0.516761 0.000000 0.128687 0.000000 0.000000 0.000000
    61 0.557412 0.000000 -0.302896 0.000000 0.000000 0.000000
    62 1.388578 -0.009689 0.998071 0.000000 0.924975 0.000000
    63 -1.500303 -0.009689 0.357642 0.000000 0.000000 0.000000
    64 -2.978541 -0.009687 2.091135 0.000000 0.000000 0.000000
    65 -1.126226 -0.584940 -0.293134 0.000000 0.000000 0.000000
  time 95
    0 -0.000001 7.450089 -27.509026 0.000000 0.000000 0.000031
    1 -0.000002 0.000000 0.000000 1.570743 -1.567137 -1.570743
    2 4.255468 -0.335183 -0.000002 0.000000 0.000000 -0.124848
    3 7.431248 1.496477 0.000002 0.000000 0.000000 0.245450
    4 5.278479 0.165541 0.000001 0.000000 0.000000 0.048511
    5 3.455526 -8.400610 1.488976 1.975864 1.159909 -1.298786
  6 -6.214482 -0.000007 -0.000027 -2.690479 -0.228961 0.605957
  7 11.944882 0.000000 0.000001 0.120083 0.006535 0.017693
    8 10.620181 0.000002 0.000000 0.832237 0.437958 2.408020
    9 -4.751106 -0.694494 0.830577 -0.265066 -0.185212 0.638415
    10 -1.688068 0.000046 -0.000032 0.017318 -0.017625 0.661047
    11 -1.336140 0.000057 -0.000012 0.026268 0.002327 0.462662
    12 -4.820494 -0.509460 -0.224759 -0.387629 -0.157873 1.437294
    13 -1.826992 -0.000064 0.000006 -0.008328 0.039588 1.065564
    14 -1.436573 0.000006 0.000002 -0.060134 -0.049384 0.791627
    15 -3.992355 -0.891188 -1.827909 -0.524035 -0.011224 1.323612
    16 -1.405918 -0.000025 -0.000003 0.000590 -0.029494 0.855908
    17 -1.175358 0.000128 -0.000020 0.064417 0.021463 1.153028
    18 -4.526751 -0.690575 -1.120744 -0.418129 0.007769 1.492663
    19 -1.744038 0.000033 -0.000008 -0.019053 -0.022614 1.113174
    20 -1.368771 0.000025 0.000002 0.037954 0.036187 0.704409
    21 -1.718805 -1.282705 0.931532 1.430299 0.643421 0.592941
    22 -1.523453 0.000032 0.000031 0.042345 -0.034778 0.646897
    23 -1.599285 0.000004 0.000016 -0.082131 -0.030722 0.982047
    24 -4.170166 -1.854440 0.753413 -0.190417 -0.170868 0.450040
    25 -0.420465 -0.018743 1.271440 0.000000 0.000002 0.000000
    26 0.516761 0.000000 0.128687 0.000000 0.000000 0.000000
    27 0.557412 0.000000 -0.302895 0.000000 0.000000 0.000000
    28 1.388578 -0.009689 0.998069 0.000000 0.924975 0.000000
    29 -1.500304 -0.009689 0.357643 0.000000 0.000002 0.000000
    30 -2.978533 -0.009688 2.091129 0.000000 0.000002 0.000000
    31 -1.126226 -0.584940 -0.293132 0.000000 0.000002 0.000000
    32 4.367041 0.145771 -1.518036 0.343408 1.059062 1.581273
    33 5.005290 -9.365655 -4.896870 -3.137684 -0.365153 -1.508571
    34 5.511815 0.000008 -0.000001 2.243153 0.000000 3.141593
    35 0.196847 -0.000001 0.000003 2.793407 0.000006 -3.141577
    36 3.455526 -8.400609 -1.488978 1.975862 1.159909 1.842803
    37 6.214485 0.000006 0.000020 -0.297225 0.518721 -1.562618
    38 11.944885 -0.000029 -0.000194 -0.632247 -0.310560 -1.078069
    39 10.620166 0.000002 0.000010 -1.386359 -0.593723 0.134558
    40 4.751156 0.694376 -0.830473 -0.056027 -0.279163 0.546048
    41 1.688065 -0.000026 0.000002 0.015391 -0.019323 0.765913
    42 1.336151 -0.000051 -0.000009 -0.010073 -0.037400 0.633142
    43 4.820513 0.509340 0.224865 -0.282059 -0.320142 1.392856
    44 1.826996 0.000066 0.000008 0.004297 0.040213 1.379384
    45 1.436577 -0.000010 0.000007 0.007051 -0.013384 0.358405
    46 3.992353 0.891087 1.827994 -0.535673 0.001046 1.726522
    47 1.405918 0.000021 -0.000007 -0.008992 -0.028075 1.183726
    48 1.175369 -0.000131 0.000002 0.073099 0.099343 0.591189
    49 4.526756 0.690460 1.120842 -0.485496 -0.175754 1.641301
    50 1.744041 -0.000031 -0.000002 -0.025718 -0.014586 1.468156
    51 1.368763 -0.000031 -0.000017 0.050831 0.150370 0.142238
    52 1.874855 0.935081 -0.999130 2.126006 0.483450 1.082862
    53 1.523449 -0.000034 -0.000003 -0.460179 -0.057098 0.780184
    54 1.599281 -0.000002 0.000009 0.079776 -0.024525 1.123837
    55 4.123357 1.860058 -0.741613 3.139446 0.288360 -2.792691
    56 5.511806 -0.000002 0.000006 -0.907938 0.000000 0.000000
    57 0.196850 0.000003 -0.000002 -0.348225 0.000015 -0.000002
    58 0.000000 0.000000 0.000000 0.029524 0.000387 -1.573640
    59 -0.420463 -0.018744 1.271443 0.000000 0.000000 0.000000
    60 0.516761 0.000000 0.128687 0.000000 0.000000 0.000000
    61 0.557412 0.000000 -0.302896 0.000000 0.000000 0.000000
    62 1.388578 -0.009689 0.998071 0.000000 0.924975 0.000000
    63 -1.500303 -0.009689 0.357642 0.000000 0.000000 0.000000
    64 -2.978541 -0.009687 2.091135 0.000000 0.000000 0.000000
    65 -1.126226 -0.584940 -0.293134 0.000000 0.000000 0.000000
  time 96
    0 -0.000001 7.450089 -27.509026 0.000000 0.000000 0.000031
    1 -0.000002 0.000000 0.000000 1.570743 -1.567137 -1.570743
    2 4.255468 -0.335183 -0.000002 0.000000 0.000000 -0.124848
    3 7.431248 1.496477 0.000002 0.000000 0.000000 0.245450
    4 5.278479 0.165541 0.000001 0.000000 0.000000 0.048511
    5 3.455526 -8.400610 1.488976 1.975864 1.159909 -1.298786
  6 -6.214482 -0.000007 -0.000027 -2.769386 -0.233165 0.625867
  7 11.944882 0.000000 0.000001 0.119961 0.006038 0.017869
    8 10.620181 0.000002 0.000000 0.923647 0.365272 2.404706
    9 -4.751106 -0.694494 0.830577 -0.265066 -0.185212 0.638415
    10 -1.688068 0.000046 -0.000032 0.017318 -0.017625 0.661047
    11 -1.336140 0.000057 -0.000012 0.026268 0.002327 0.462662
    12 -4.820494 -0.509460 -0.224759 -0.387629 -0.157873 1.437294
    13 -1.826992 -0.000064 0.000006 -0.008328 0.039588 1.065564
    14 -1.436573 0.000006 0.000002 -0.060134 -0.049384 0.791627
    15 -3.992355 -0.891188 -1.827909 -0.524035 -0.011224 1.323612
    16 -1.405918 -0.000025 -0.000003 0.000590 -0.029494 0.855908
    17 -1.175358 0.000128 -0.000020 0.064417 0.021463 1.153028
    18 -4.526751 -0.690575 -1.120744 -0.418129 0.007769 1.492663
    19 -1.744038 0.000033 -0.000008 -0.019053 -0.022614 1.113174
    20 -1.368771 0.000025 0.000002 0.037954 0.036187 0.704409
    21 -1.718805 -1.282705 0.931532 1.440232 0.649716 0.605014
    22 -1.523453 0.000032 0.000031 0.044361 -0.036799 0.658972
    23 -1.599285 0.000004 0.000016 -0.082078 -0.030887 0.980878
    24 -4.170166 -1.854440 0.753413 -0.190417 -0.170868 0.450040
    25 -0.420465 -0.018743 1.271440 0.000000 0.000002 0.000000
    26 0.516761 0.000000 0.128687 0.000000 0.000000 0.000000
    27 0.557412 0.000000 -0.302895 0.000000 0.000000 0.000000
    28 1.388578 -0.009689 0.998069 0.000000 0.924975 0.000000
    29 -1.500304 -0.009689 0.357643 0.000000 0.000002 0.000000
    30 -2.978537 -0.009689 2.091129 0.000000 0.000002 0.000000
    31 -1.126226 -0.584940 -0.293132 0.000000 0.000002 0.000000
    32 4.367041 0.145771 -1.518036 0.343408 1.059062 1.581273
    33 4.552971 -9.539974 -3.987080 3.085641 -0.560281 -1.484866
    34 5.511815 0.000008 -0.000001 2.243153 0.000000 3.141593
    35 0.196847 -0.000001 0.000003 2.793407 0.000006 -3.141577
    36 3.455526 -8.400609 -1.488978 1.975862 1.159909 1.842803
    37 6.214485 0.000006 0.000020 -0.267927 0.519980 -1.580620
    38 11.944885 -0.000029 -0.000194 -0.266751 -0.310798 -1.080162
    39 10.620166 0.000002 0.000010 -1.773985 -0.542820 0.382852
    40 4.751156 0.694376 -0.830473 -0.056027 -0.279163 0.546048
    41 1.688065 -0.000026 0.000002 0.015390 -0.019324 0.766007
    42 1.336151 -0.000051 -0.000009 -0.010073 -0.037400 0.633142
    43 4.820513 0.509340 0.224865 -0.282059 -0.320142 1.392856
    44 1.826996 0.000066 0.000008 0.004297 0.040213 1.379384
    45 1.436577 -0.000010 0.000007 0.007051 -0.013384 0.358405
    46 3.992353 0.891087 1.827994 -0.535673 0.001046 1.726522
    47 1.405918 0.000021 -0.000007 -0.008992 -0.028075 1.183726
    48 1.175369 -0.000131 0.000002 0.073099 0.099343 0.591189
    49 4.526756 0.690460 1.120842 -0.485496 -0.175754 1.641301
    50 1.744041 -0.000031 -0.000002 -0.025718 -0.014586 1.468156
    51 1.368763 -0.000031 -0.000017 0.050831 0.150370 0.142238
    52 1.874855 0.935081 -0.999130 2.126006 0.483450 1.082862
    53 1.523449 -0.000034 -0.000003 -0.460179 -0.057098 0.780184
    54 1.599281 -0.000002 0.000009 0.079776 -0.024525 1.123837
    55 4.123357 1.860058 -0.741613 3.139446 0.288360 -2.792691
    56 5.511806 -0.000002 0.000006 -0.907938 0.000000 0.000000
    57 0.196850 0.000003 -0.000002 -0.348225 0.000015 -0.000002
    58 0.000000 0.000000 0.000000 0.014674 0.001912 -1.572595
    59 -0.420463 -0.018744 1.271443 0.000000 0.000000 0.000000
    60 0.516761 0.000000 0.128687 0.000000 0.000000 0.000000
    61 0.557412 0.000000 -0.302896 0.000000 0.000000 0.000000
    62 1.388578 -0.009689 0.998071 0.000000 0.924975 0.000000
    63 -1.500303 -0.009689 0.357642 0.000000 0.000000 0.000000
    64 -2.978541 -0.009687 2.091135 0.000000 0.000000 0.000000
    65 -1.126226 -0.584940 -0.293134 0.000000 0.000000 0.000000
  time 97
    0 -0.000001 7.450089 -27.509026 0.000000 0.000000 0.000031
    1 -0.000002 0.000000 0.000000 1.570743 -1.567137 -1.570743
    2 4.255468 -0.335183 -0.000002 0.000000 0.000000 -0.124848
    3 7.431248 1.496477 0.000002 0.000000 0.000000 0.245450
    4 5.278479 0.165541 0.000001 0.000000 0.000000 0.048511
    5 3.455526 -8.400610 1.488976 1.975864 1.159909 -1.298786
  6 -6.214482 -0.000007 -0.000027 -2.827592 -0.238012 0.647389
  7 11.944882 0.000000 0.000001 0.119774 0.005747 0.017965
    8 10.620181 0.000002 0.000000 1.009709 0.318883 2.411395
    9 -4.751106 -0.694494 0.830577 -0.265066 -0.185212 0.638415
    10 -1.688068 0.000046 -0.000032 0.017318 -0.017625 0.661047
    11 -1.336140 0.000057 -0.000012 0.026268 0.002327 0.462662
    12 -4.820494 -0.509460 -0.224759 -0.387629 -0.157873 1.437294
    13 -1.826992 -0.000064 0.000006 -0.008328 0.039588 1.065564
    14 -1.436573 0.000006 0.000002 -0.060134 -0.049384 0.791627
    15 -3.992355 -0.891188 -1.827909 -0.524035 -0.011224 1.323612
    16 -1.405918 -0.000025 -0.000003 0.000590 -0.029494 0.855908
    17 -1.175358 0.000128 -0.000020 0.064417 0.021463 1.153028
    18 -4.526751 -0.690575 -1.120744 -0.418129 0.007769 1.492663
    19 -1.744038 0.000033 -0.000008 -0.019053 -0.022614 1.113174
    20 -1.368771 0.000025 0.000002 0.037954 0.036187 0.704409
    21 -1.718805 -1.282705 0.931532 1.465484 0.665064 0.635830
    22 -1.523453 0.000032 0.000031 0.049163 -0.041962 0.689221
    23 -1.599285 0.000004 0.000016 -0.082000 -0.031116 0.978146
    24 -4.170166 -1.854440 0.753413 -0.190417 -0.170868 0.450040
    25 -0.420465 -0.018743 1.271440 0.000000 0.000002 0.000000
    26 0.516761 0.000000 0.128687 0.000000 0.000000 0.000000
    27 0.557412 0.000000 -0.302895 0.000000 0.000000 0.000000
    28 1.388578 -0.009689 0.998069 0.000000 0.924975 0.000000
    29 -1.500304 -0.009689 0.357643 0.000000 0.000002 0.000000
    30 -2.978529 -0.009688 2.091131 0.000000 0.000002 0.000000
    31 -1.126226 -0.584940 -0.293132 0.000000 0.000002 0.000000
    32 4.367041 0.145771 -1.518036 0.343408 1.059062 1.581273
    33 4.290506 -9.474588 -3.224872 3.031884 -0.748350 -1.451454
    34 5.511815 0.000008 -0.000001 2.243153 0.000000 3.141593
    35 0.196847 -0.000001 0.000003 2.793407 0.000006 -3.141577
    36 3.455526 -8.400609 -1.488978 1.975862 1.159909 1.842803
    37 6.214485 0.000006 0.000020 -0.240209 0.520847 -1.602047
    38 11.944885 -0.000029 -0.000194 0.126365 -0.310473 -1.077688
    39 10.620166 0.000002 0.000010 -2.123897 -0.383505 0.584370
    40 4.751156 0.694376 -0.830473 -0.056027 -0.279163 0.546048
    41 1.688065 -0.000026 0.000002 0.015390 -0.019324 0.766007
    42 1.336151 -0.000051 -0.000009 -0.010073 -0.037400 0.633142
    43 4.820513 0.509340 0.224865 -0.282059 -0.320142 1.392856
    44 1.826996 0.000066 0.000008 0.004297 0.040213 1.379384
    45 1.436577 -0.000010 0.000007 0.007051 -0.013384 0.358405
    46 3.992353 0.891087 1.827994 -0.535673 0.001046 1.726522
    47 1.405918 0.000021 -0.000007 -0.008992 -0.028075 1.183726
    48 1.175369 -0.000131 0.000002 0.073099 0.099343 0.591189
    49 4.526756 0.690460 1.120842 -0.485496 -0.175754 1.641301
    50 1.744041 -0.000031 -0.000002 -0.025718 -0.014586 1.468156
    51 1.368763 -0.000031 -0.000017 0.050831 0.150370 0.142238
    52 1.874855 0.935081 -0.999130 2.126006 0.483450 1.082862
    53 1.523449 -0.000034 -0.000003 -0.460179 -0.057098 0.780184
    54 1.599281 -0.000002 0.000009 0.079776 -0.024525 1.123837
    55 4.123357 1.860058 -0.741613 3.139446 0.288360 -2.792691
    56 5.511806 -0.000002 0.000006 -0.907938 0.000000 0.000000
    57 0.196850 0.000003 -0.000002 -0.348225 0.000015 -0.000002
    58 0.000000 0.000000 0.000000 -0.003023 0.003797 -1.571493
    59 -0.420463 -0.018744 1.271443 0.000000 0.000000 0.000000
    60 0.516761 0.000000 0.128687 0.000000 0.000000 0.000000
    61 0.557412 0.000000 -0.302896 0.000000 0.000000 0.000000
    62 1.388578 -0.009689 0.998071 0.000000 0.924975 0.000000
    63 -1.500303 -0.009689 0.357642 0.000000 0.000000 0.000000
    64 -2.978541 -0.009687 2.091135 0.000000 0.000000 0.000000
    65 -1.126226 -0.584940 -0.293134 0.000000 0.000000 0.000000
  time 98
    0 -0.000001 7.450089 -27.509026 0.000000 0.000000 0.000031
    1 -0.000002 0.000000 0.000000 1.570743 -1.567137 -1.570743
    2 4.255468 -0.335183 -0.000002 0.000000 0.000000 -0.124848
    3 7.431248 1.496477 0.000002 0.000000 0.000000 0.245450
    4 5.278479 0.165541 0.000001 0.000000 0.000000 0.048511
    5 3.455526 -8.400610 1.488976 1.975864 1.159909 -1.298786
  6 -6.214482 -0.000007 -0.000027 -2.879042 -0.238831 0.785170
  7 11.944882 0.000000 0.000001 0.055227 0.077108 0.247580
    8 10.620181 0.000002 0.000000 1.078894 0.307396 2.416411
    9 -4.751106 -0.694494 0.830577 -0.265066 -0.185212 0.638415
    10 -1.688068 0.000046 -0.000032 0.017318 -0.017625 0.661047
    11 -1.336140 0.000057 -0.000012 0.026268 0.002327 0.462662
    12 -4.820494 -0.509460 -0.224759 -0.387629 -0.157873 1.437294
    13 -1.826992 -0.000064 0.000006 -0.008328 0.039588 1.065564
    14 -1.436573 0.000006 0.000002 -0.060134 -0.049384 0.791627
    15 -3.992355 -0.891188 -1.827909 -0.524035 -0.011224 1.323612
    16 -1.405918 -0.000025 -0.000003 0.000590 -0.029494 0.855908
    17 -1.175358 0.000128 -0.000020 0.064417 0.021463 1.153028
    18 -4.526751 -0.690575 -1.120744 -0.418129 0.007769 1.492663
    19 -1.744038 0.000033 -0.000008 -0.019053 -0.022614 1.113174
    20 -1.368771 0.000025 0.000002 0.037954 0.036187 0.704409
    21 -1.718805 -1.282705 0.931532 1.499807 0.684054 0.677113
    22 -1.523453 0.000032 0.000031 0.055298 -0.048904 0.728446
    23 -1.599285 0.000004 0.000016 -0.081908 -0.031381 0.974537
    24 -4.170166 -1.854440 0.753413 -0.190417 -0.170868 0.450040
    25 -0.420465 -0.018743 1.271440 0.000000 0.000002 0.000000
    26 0.516761 0.000000 0.128687 0.000000 0.000000 0.000000
    27 0.557412 0.000000 -0.302895 0.000000 0.000000 0.000000
    28 1.388578 -0.009689 0.998069 0.000000 0.924975 0.000000
    29 -1.500304 -0.009689 0.357643 0.000000 0.000002 0.000000
    30 -2.978533 -0.009688 2.091130 0.000000 0.000002 0.000000
    31 -1.126226 -0.584940 -0.293132 0.000000 0.000002 0.000000
    32 4.367041 0.145771 -1.518036 0.343408 1.059062 1.581273
    33 4.239792 -9.162542 -2.860571 2.992582 -0.899231 -1.412106
    34 5.511815 0.000008 -0.000001 2.243153 0.000000 3.141593
    35 0.196847 -0.000001 0.000003 2.793407 0.000006 -3.141577
    36 3.455526 -8.400609 -1.488978 1.975862 1.159909 1.842803
    37 6.214485 0.000006 0.000020 -0.217597 0.520721 -1.625782
    38 11.944885 -0.000029 -0.000194 0.469506 -0.309535 -1.071627
    39 10.620166 0.000002 0.000010 -2.361453 -0.190662 0.685654
    40 4.751156 0.694376 -0.830473 -0.056027 -0.279163 0.546048
    41 1.688065 -0.000026 0.000002 0.015391 -0.019323 0.765913
    42 1.336151 -0.000051 -0.000009 -0.010073 -0.037400 0.633142
    43 4.820513 0.509340 0.224865 -0.282059 -0.320142 1.392856
    44 1.826996 0.000066 0.000008 0.004297 0.040213 1.379384
    45 1.436577 -0.000010 0.000007 0.007051 -0.013384 0.358405
    46 3.992353 0.891087 1.827994 -0.535673 0.001046 1.726522
    47 1.405918 0.000021 -0.000007 -0.008992 -0.028075 1.183726
    48 1.175369 -0.000131 0.000002 0.073099 0.099343 0.591189
    49 4.526756 0.690460 1.120842 -0.485496 -0.175754 1.641301
    50 1.744041 -0.000031 -0.000002 -0.025718 -0.014586 1.468156
    51 1.368763 -0.000031 -0.000017 0.050831 0.150370 0.142238
    52 1.874855 0.935081 -0.999130 2.126006 0.483450 1.082862
    53 1.523449 -0.000034 -0.000003 -0.460179 -0.057098 0.780184
    54 1.599281 -0.000002 0.000009 0.079776 -0.024525 1.123837
    55 4.123357 1.860058 -0.741613 3.139446 0.288360 -2.792691
    56 5.511806 -0.000002 0.000006 -0.907938 0.000000 0.000000
    57 0.196850 0.000003 -0.000002 -0.348225 0.000015 -0.000002
    58 0.000000 0.000000 0.000000 -0.017956 0.005440 -1.570673
    59 -0.420463 -0.018744 1.271443 0.000000 0.000000 0.000000
    60 0.516761 0.000000 0.128687 0.000000 0.000000 0.000000
    61 0.557412 0.000000 -0.302896 0.000000 0.000000 0.000000
    62 1.388578 -0.009689 0.998071 0.000000 0.924975 0.000000
    63 -1.500303 -0.009689 0.357642 0.000000 0.000000 0.000000
    64 -2.978541 -0.009687 2.091135 0.000000 0.000000 0.000000
    65 -1.126226 -0.584940 -0.293134 0.000000 0.000000 0.000000
  time 99
    0 -0.000001 7.450089 -27.509026 0.000000 0.000000 0.000031
    1 -0.000002 0.000000 0.000000 1.570743 -1.567137 -1.570743
    2 4.255468 -0.335183 -0.000002 0.000000 0.000000 -0.124848
    3 7.431248 1.496477 0.000002 0.000000 0.000000 0.245450
    4 5.278479 0.165541 0.000001 0.000000 0.000000 0.048511
    5 3.455526 -8.400610 1.488976 1.975864 1.159909 -1.298786
  6 -6.214482 -0.000007 -0.000027 -2.900173 -0.236174 0.881052
  7 11.944882 0.000000 0.000001 0.021540 0.121987 0.399339
    8 10.620181 0.000002 0.000000 1.131309 0.312048 2.409900
    9 -4.751106 -0.694494 0.830577 -0.265066 -0.185212 0.638415
    10 -1.688068 0.000046 -0.000032 0.017318 -0.017625 0.661047
    11 -1.336140 0.000057 -0.000012 0.026268 0.002327 0.462662
    12 -4.820494 -0.509460 -0.224759 -0.387629 -0.157873 1.437294
    13 -1.826992 -0.000064 0.000006 -0.008328 0.039588 1.065564
    14 -1.436573 0.000006 0.000002 -0.060134 -0.049384 0.791627
    15 -3.992355 -0.891188 -1.827909 -0.524035 -0.011224 1.323612
    16 -1.405918 -0.000025 -0.000003 0.000590 -0.029494 0.855908
    17 -1.175358 0.000128 -0.000020 0.064417 0.021463 1.153028
    18 -4.526751 -0.690575 -1.120744 -0.418129 0.007769 1.492663
    19 -1.744038 0.000033 -0.000008 -0.019053 -0.022614 1.113174
    20 -1.368771 0.000025 0.000002 0.037954 0.036187 0.704409
    21 -1.718805 -1.282705 0.931532 1.535451 0.701945 0.719785
    22 -1.523453 0.000032 0.000031 0.061101 -0.056068 0.767589
    23 -1.599285 0.000004 0.000016 -0.081742 -0.031678 0.971125
    24 -4.170166 -1.854440 0.753413 -0.190417 -0.170868 0.450040
    25 -0.420465 -0.018743 1.271440 0.000000 0.000002 0.000000
    26 0.516761 0.000000 0.128687 0.000000 0.000000 0.000000
    27 0.557412 0.000000 -0.302895 0.000000 0.000000 0.000000
    28 1.388578 -0.009689 0.998069 0.000000 0.924975 0.000000
    29 -1.500304 -0.009689 0.357643 0.000000 0.000002 0.000000
    30 -2.978537 -0.009688 2.091129 0.000000 0.000002 0.000000
    31 -1.126226 -0.584940 -0.293132 0.000000 0.000002 0.000000
    32 4.367041 0.145771 -1.518036 0.343408 1.059062 1.581273
    33 4.271690 -8.731956 -2.812608 2.951490 -1.014442 -1.364833
    34 5.511815 0.000008 -0.000001 2.243153 0.000000 3.141593
    35 0.196847 -0.000001 0.000003 2.793407 0.000006 -3.141577
    36 3.455526 -8.400609 -1.488978 1.975862 1.159909 1.842803
    37 6.214485 0.000006 0.000020 -0.202601 0.519259 -1.650357
    38 11.944885 -0.000029 -0.000194 0.700840 -0.308304 -1.064035
    39 10.620166 0.000002 0.000010 -2.481165 -0.046985 0.715348
    40 4.751156 0.694376 -0.830473 -0.056027 -0.279163 0.546048
    41 1.688065 -0.000026 0.000002 0.015390 -0.019324 0.766007
    42 1.336151 -0.000051 -0.000009 -0.010073 -0.037400 0.633142
    43 4.820513 0.509340 0.224865 -0.282059 -0.320142 1.392856
    44 1.826996 0.000066 0.000008 0.004297 0.040213 1.379384
    45 1.436577 -0.000010 0.000007 0.007051 -0.013384 0.358405
    46 3.992353 0.891087 1.827994 -0.535673 0.001046 1.726522
    47 1.405918 0.000021 -0.000007 -0.008992 -0.028075 1.183726
    48 1.175369 -0.000131 0.000002 0.073099 0.099343 0.591189
    49 4.526756 0.690460 1.120842 -0.485496 -0.175754 1.641301
    50 1.744041 -0.000031 -0.000002 -0.025718 -0.014586 1.468156
    51 1.368763 -0.000031 -0.000017 0.050831 0.150370 0.142238
    52 1.874855 0.935081 -0.999130 2.126006 0.483450 1.082862
    53 1.523449 -0.000034 -0.000003 -0.460179 -0.057098 0.780184
    54 1.599281 -0.000002 0.000009 0.079776 -0.024525 1.123837
    55 4.123357 1.860058 -0.741613 3.139446 0.288360 -2.792691
    56 5.511806 -0.000002 0.000006 -0.907938 0.000000 0.000000
    57 0.196850 0.000003 -0.000002 -0.348225 0.000015 -0.000002
    58 0.000000 0.000000 0.000000 -0.024170 0.006136 -1.570266
    59 -0.420463 -0.018744 1.271443 0.000000 0.000000 0.000000
    60 0.516761 0.000000 0.128687 0.000000 0.000000 0.000000
    61 0.557412 0.000000 -0.302896 0.000000 0.000000 0.000000
    62 1.388578 -0.009689 0.998071 0.000000 0.924975 0.000000
    63 -1.500303 -0.009689 0.357642 0.000000 0.000000 0.000000
    64 -2.978541 -0.009687 2.091135 0.000000 0.000000 0.000000
    65 -1.126226 -0.584940 -0.293134 0.000000 0.000000 0.000000
  time 100
    0 -0.000001 7.450089 -27.509026 0.000000 0.000000 0.000031
    1 -0.000002 0.000000 0.000000 1.570743 -1.567137 -1.570743
    2 4.255468 -0.335183 -0.000002 0.000000 0.000000 -0.124848
    3 7.431248 1.496477 0.000002 0.000000 0.000000 0.245450
    4 5.278479 0.165541 0.000001 0.000000 0.000000 0.048511
    5 3.455526 -8.400610 1.488976 1.975864 1.159909 -1.298786
  6 -6.214482 -0.000007 -0.000027 -2.915747 -0.231784 0.940119
  7 11.944882 0.000000 0.000001 0.005240 0.142847 0.488266
    8 10.620181 0.000002 0.000000 1.158869 0.322962 2.391378
    9 -4.751106 -0.694494 0.830577 -0.265066 -0.185212 0.638415
    10 -1.688068 0.000046 -0.000032 0.017318 -0.017625 0.661047
    11 -1.336140 0.000057 -0.000012 0.026268 0.002327 0.462662
    12 -4.820494 -0.509460 -0.224759 -0.387629 -0.157873 1.437294
    13 -1.826992 -0.000064 0.000006 -0.008328 0.039588 1.065564
    14 -1.436573 0.000006 0.000002 -0.060134 -0.049384 0.791627
    15 -3.992355 -0.891188 -1.827909 -0.524035 -0.011224 1.323612
    16 -1.405918 -0.000025 -0.000003 0.000590 -0.029494 0.855908
    17 -1.175358 0.000128 -0.000020 0.064417 0.021463 1.153028
    18 -4.526751 -0.690575 -1.120744 -0.418129 0.007769 1.492663
    19 -1.744038 0.000033 -0.000008 -0.019053 -0.022614 1.113174
    20 -1.368771 0.000025 0.000002 0.037954 0.036187 0.704409
    21 -1.718805 -1.282705 0.931532 1.564014 0.714895 0.753693
    22 -1.523453 0.000032 0.000031 0.065287 -0.061732 0.797707
    23 -1.599285 0.000004 0.000016 -0.081666 -0.031898 0.968595
    24 -4.170166 -1.854440 0.753413 -0.190417 -0.170868 0.450040
    25 -0.420465 -0.018743 1.271440 0.000000 0.000002 0.000000
    26 0.516761 0.000000 0.128687 0.000000 0.000000 0.000000
    27 0.557412 0.000000 -0.302895 0.000000 0.000000 0.000000
    28 1.388578 -0.009689 0.998069 0.000000 0.924975 0.000000
    29 -1.500304 -0.009689 0.357643 0.000000 0.000002 0.000000
    30 -2.978539 -0.009688 2.091131 0.000000 0.000002 0.000000
    31 -1.126226 -0.584940 -0.293132 0.000000 0.000002 0.000000
    32 4.367041 0.145771 -1.518036 0.343408 1.059062 1.581273
    33 4.329742 -8.272407 -2.870351 2.900847 -1.102891 -1.307823
    34 5.511815 0.000008 -0.000001 2.243153 0.000000 3.141593
    35 0.196847 -0.000001 0.000003 2.793407 0.000006 -3.141577
    36 3.455526 -8.400609 -1.488978 1.975862 1.159909 1.842803
    37 6.214485 0.000006 0.000020 -0.196869 0.516068 -1.672597
    38 11.944885 -0.000029 -0.000194 0.783718 -0.307293 -1.057408
    39 10.620166 0.000002 0.000010 -2.483118 0.003095 0.714421
    40 4.751156 0.694376 -0.830473 -0.056027 -0.279163 0.546048
    41 1.688065 -0.000026 0.000002 0.015390 -0.019324 0.766007
    42 1.336151 -0.000051 -0.000009 -0.010073 -0.037400 0.633142
    43 4.820513 0.509340 0.224865 -0.282059 -0.320142 1.392856
    44 1.826996 0.000066 0.000008 0.004297 0.040213 1.379384
    45 1.436577 -0.000010 0.000007 0.007051 -0.013384 0.358405
    46 3.992353 0.891087 1.827994 -0.535673 0.001046 1.726522
    47 1.405918 0.000021 -0.000007 -0.008992 -0.028075 1.183726
    48 1.175369 -0.000131 0.000002 0.073099 0.099343 0.591189
    49 4.526756 0.690460 1.120842 -0.485496 -0.175754 1.641301
    50 1.744041 -0.000031 -0.000002 -0.025718 -0.014586 1.468156
    51 1.368763 -0.000031 -0.000017 0.050831 0.150370 0.142238
    52 1.874855 0.935081 -0.999130 2.126006 0.483450 1.082862
    53 1.523449 -0.000034 -0.000003 -0.460179 -0.057098 0.780184
    54 1.599281 -0.000002 0.000009 0.079776 -0.024525 1.123837
    55 4.123357 1.860058 -0.741613 3.139446 0.288360 -2.792691
    56 5.511806 -0.000002 0.000006 -0.907938 0.000000 0.000000
    57 0.196850 0.000003 -0.000002 -0.348225 0.000015 -0.000002
    58 0.000000 0.000000 0.000000 -0.021667 0.005530 -1.570338
    59 -0.420463 -0.018744 1.271443 0.000000 0.000000 0.000000
    60 0.516761 0.000000 0.128687 0.000000 0.000000 0.000000
    61 0.557412 0.000000 -0.302896 0.000000 0.000000 0.000000
    62 1.388578 -0.009689 0.998071 0.000000 0.924975 0.000000
    63 -1.500303 -0.009689 0.357642 0.000000 0.000000 0.000000
    64 -2.978541 -0.009687 2.091135 0.000000 0.000000 0.000000
    65 -1.126226 -0.584940 -0.293134 0.000000 0.000000 0.000000
  time 101
    0 -0.000001 7.450089 -27.509026 0.000000 0.000000 0.000031
    1 -0.000002 0.000000 0.000000 1.570743 -1.567137 -1.570743
    2 4.255468 -0.335183 -0.000002 0.000000 0.000000 -0.124848
    3 7.431248 1.496477 0.000002 0.000000 0.000000 0.245450
    4 5.278479 0.165541 0.000001 0.000000 0.000000 0.048511
    5 3.455526 -8.400610 1.488976 1.975864 1.159909 -1.298786
  6 -6.214482 -0.000007 -0.000027 -2.925614 -0.228138 0.969415
  7 11.944882 0.000000 0.000001 -0.001668 0.149149 0.529656
    8 10.620181 0.000002 0.000000 1.177314 0.333705 2.369928
    9 -4.751106 -0.694494 0.830577 -0.265066 -0.185212 0.638415
    10 -1.688068 0.000046 -0.000032 0.017318 -0.017625 0.661047
    11 -1.336140 0.000057 -0.000012 0.026268 0.002327 0.462662
    12 -4.820494 -0.509460 -0.224759 -0.387629 -0.157873 1.437294
    13 -1.826992 -0.000064 0.000006 -0.008328 0.039588 1.065564
    14 -1.436573 0.000006 0.000002 -0.060134 -0.049384 0.791627
    15 -3.992355 -0.891188 -1.827909 -0.524035 -0.011224 1.323612
    16 -1.405918 -0.000025 -0.000003 0.000590 -0.029494 0.855908
    17 -1.175358 0.000128 -0.000020 0.064417 0.021463 1.153028
    18 -4.526751 -0.690575 -1.120744 -0.418129 0.007769 1.492663
    19 -1.744038 0.000033 -0.000008 -0.019053 -0.022614 1.113174
    20 -1.368771 0.000025 0.000002 0.037954 0.036187 0.704409
    21 -1.718805 -1.282705 0.931532 1.575721 0.719793 0.767447
    22 -1.523453 0.000032 0.000031 0.067008 -0.064052 0.809655
    23 -1.599285 0.000004 0.000016 -0.081649 -0.031942 0.967523
    24 -4.170166 -1.854440 0.753413 -0.190417 -0.170868 0.450040
    25 -0.420465 -0.018743 1.271440 0.000000 0.000002 0.000000
    26 0.516761 0.000000 0.128687 0.000000 0.000000 0.000000
    27 0.557412 0.000000 -0.302895 0.000000 0.000000 0.000000
    28 1.388578 -0.009689 0.998069 0.000000 0.924975 0.000000
    29 -1.500304 -0.009689 0.357643 0.000000 0.000002 0.000000
    30 -2.978537 -0.009689 2.091130 0.000000 0.000002 0.000000
    31 -1.126226 -0.584940 -0.293132 0.000000 0.000002 0.000000
    32 4.367041 0.145771 -1.518036 0.343408 1.059062 1.581273
    33 4.351496 -7.921744 -2.920880 2.805888 -1.168822 -1.226510
    34 5.511815 0.000008 -0.000001 2.243153 0.000000 3.141593
    35 0.196847 -0.000001 0.000003 2.793407 0.000006 -3.141577
    36 3.455526 -8.400609 -1.488978 1.975862 1.159909 1.842803
    37 6.214485 0.000006 0.000020 -0.197173 0.512375 -1.688334
    38 11.944885 -0.000029 -0.000194 0.781452 -0.306024 -1.049923
    39 10.620166 0.000002 0.000010 -2.432369 -0.019953 0.693528
    40 4.751156 0.694376 -0.830473 -0.056027 -0.279163 0.546048
    41 1.688065 -0.000026 0.000002 0.015390 -0.019324 0.766007
    42 1.336151 -0.000051 -0.000009 -0.010073 -0.037400 0.633142
    43 4.820513 0.509340 0.224865 -0.282059 -0.320142 1.392856
    44 1.826996 0.000066 0.000008 0.004297 0.040213 1.379384
    45 1.436577 -0.000010 0.000007 0.007051 -0.013384 0.358405
    46 3.992353 0.891087 1.827994 -0.535673 0.001046 1.726522
    47 1.405918 0.000021 -0.000007 -0.008992 -0.028075 1.183726
    48 1.175369 -0.000131 0.000002 0.073099 0.099343 0.591189
    49 4.526756 0.690460 1.120842 -0.485496 -0.175754 1.641301
    50 1.744041 -0.000031 -0.000002 -0.025718 -0.014586 1.468156
    51 1.368763 -0.000031 -0.000017 0.050831 0.150370 0.142238
    52 1.874855 0.935081 -0.999130 2.126006 0.483450 1.082862
    53 1.523449 -0.000034 -0.000003 -0.460179 -0.057098 0.780184
    54 1.599281 -0.000002 0.000009 0.079776 -0.024525 1.123837
    55 4.123357 1.860058 -0.741613 3.139446 0.288360 -2.792691
    56 5.511806 -0.000002 0.000006 -0.907938 0.000000 0.000000
    57 0.196850 0.000003 -0.000002 -0.348225 0.000015 -0.000002
    58 0.000000 0.000000 0.000000 -0.015711 0.003974 -1.570482
    59 -0.420463 -0.018744 1.271443 0.000000 0.000000 0.000000
    60 0.516761 0.000000 0.128687 0.000000 0.000000 0.000000
    61 0.557412 0.000000 -0.302896 0.000000 0.000000 0.000000
    62 1.388578 -0.009689 0.998071 0.000000 0.924975 0.000000
    63 -1.500303 -0.009689 0.357642 0.000000 0.000000 0.000000
    64 -2.978541 -0.009687 2.091135 0.000000 0.000000 0.000000
    65 -1.126226 -0.584940 -0.293134 0.000000 0.000000 0.000000
  time 102
    0 -0.000001 7.450089 -27.509026 0.000000 0.000000 0.000031
    1 -0.000002 0.000000 0.000000 1.570743 -1.567137 -1.570743
    2 4.255468 -0.335183 -0.000002 0.000000 0.000000 -0.124848
    3 7.431248 1.496477 0.000002 0.000000 0.000000 0.245450
    4 5.278479 0.165541 0.000001 0.000000 0.000000 0.048511
    5 3.455526 -8.400610 1.488976 1.975864 1.159909 -1.298786
  6 -6.214482 -0.000007 -0.000027 -2.929300 -0.226591 0.973731
  7 11.944882 0.000000 0.000001 -0.002416 0.147979 0.530478
    8 10.620181 0.000002 0.000000 1.198456 0.339338 2.353013
    9 -4.751106 -0.694494 0.830577 -0.265066 -0.185212 0.638415
    10 -1.688068 0.000046 -0.000032 0.017318 -0.017625 0.661047
    11 -1.336140 0.000057 -0.000012 0.026268 0.002327 0.462662
    12 -4.820494 -0.509460 -0.224759 -0.387629 -0.157873 1.437294
    13 -1.826992 -0.000064 0.000006 -0.008328 0.039588 1.065564
    14 -1.436573 0.000006 0.000002 -0.060134 -0.049384 0.791627
    15 -3.992355 -0.891188 -1.827909 -0.524035 -0.011224 1.323612
    16 -1.405918 -0.000025 -0.000003 0.000590 -0.029494 0.855908
    17 -1.175358 0.000128 -0.000020 0.064417 0.021463 1.153028
    18 -4.526751 -0.690575 -1.120744 -0.418129 0.007769 1.492663
    19 -1.744038 0.000033 -0.000008 -0.019053 -0.022614 1.113174
    20 -1.368771 0.000025 0.000002 0.037954 0.036187 0.704409
    21 -1.718805 -1.282705 0.931532 1.575721 0.719793 0.767447
    22 -1.523453 0.000032 0.000031 0.067008 -0.064052 0.809655
    23 -1.599285 0.000004 0.000016 -0.081649 -0.031942 0.967523
    24 -4.170166 -1.854440 0.753413 -0.190417 -0.170868 0.450040
    25 -0.420465 -0.018743 1.271440 0.000000 0.000002 0.000000
    26 0.516761 0.000000 0.128687 0.000000 0.000000 0.000000
    27 0.557412 0.000000 -0.302895 0.000000 0.000000 0.000000
    28 1.388578 -0.009689 0.998069 0.000000 0.924975 0.000000
    29 -1.500304 -0.009689 0.357643 0.000000 0.000002 0.000000
    30 -2.978535 -0.009688 2.091130 0.000000 0.000002 0.000000
    31 -1.126226 -0.584940 -0.293132 0.000000 0.000002 0.000000
    32 4.367041 0.145771 -1.518036 0.343408 1.059062 1.581273
    33 4.312833 -7.751388 -2.926319 2.653364 -1.215195 -1.111569
    34 5.511815 0.000008 -0.000001 2.243153 0.000000 3.141593
    35 0.196847 -0.000001 0.000003 2.793407 0.000006 -3.141577
    36 3.455526 -8.400609 -1.488978 1.975862 1.159909 1.842803
    37 6.214485 0.000006 0.000020 -0.199299 0.509255 -1.696607
    38 11.944885 -0.000029 -0.000194 0.778467 -0.304364 -1.039693
    39 10.620166 0.000002 0.000010 -2.399520 -0.063201 0.656247
    40 4.751156 0.694376 -0.830473 -0.056027 -0.279163 0.546048
    41 1.688065 -0.000026 0.000002 0.015390 -0.019324 0.766007
    42 1.336151 -0.000051 -0.000009 -0.010073 -0.037400 0.633142
    43 4.820513 0.509340 0.224865 -0.282059 -0.320142 1.392856
    44 1.826996 0.000066 0.000008 0.004297 0.040213 1.379384
    45 1.436577 -0.000010 0.000007 0.007051 -0.013384 0.358405
    46 3.992353 0.891087 1.827994 -0.535673 0.001046 1.726522
    47 1.405918 0.000021 -0.000007 -0.008992 -0.028075 1.183726
    48 1.175369 -0.000131 0.000002 0.073099 0.099343 0.591189
    49 4.526756 0.690460 1.120842 -0.485496 -0.175754 1.641301
    50 1.744041 -0.000031 -0.000002 -0.025718 -0.014586 1.468156
    51 1.368763 -0.000031 -0.000017 0.050831 0.150370 0.142238
    52 1.874855 0.935081 -0.999130 2.126006 0.483450 1.082862
    53 1.523449 -0.000034 -0.000003 -0.460179 -0.057098 0.780184
    54 1.599281 -0.000002 0.000009 0.079776 -0.024525 1.123837
    55 4.123357 1.860058 -0.741613 3.139446 0.288360 -2.792691
    56 5.511806 -0.000002 0.000006 -0.907938 0.000000 0.000000
    57 0.196850 0.000003 -0.000002 -0.348225 0.000015 -0.000002
    58 0.000000 0.000000 0.000000 -0.008460 0.002159 -1.570633
    59 -0.420463 -0.018744 1.271443 0.000000 0.000000 0.000000
    60 0.516761 0.000000 0.128687 0.000000 0.000000 0.000000
    61 0.557412 0.000000 -0.302896 0.000000 0.000000 0.000000
    62 1.388578 -0.009689 0.998071 0.000000 0.924975 0.000000
    63 -1.500303 -0.009689 0.357642 0.000000 0.000000 0.000000
    64 -2.978541 -0.009687 2.091135 0.000000 0.000000 0.000000
    65 -1.126226 -0.584940 -0.293134 0.000000 0.000000 0.000000
  time 103
    0 -0.000001 7.450089 -27.509026 0.000000 0.000000 0.000031
    1 -0.000002 0.000000 0.000000 1.570743 -1.567137 -1.570743
    2 4.255468 -0.335183 -0.000002 0.000000 0.000000 -0.124848
    3 7.431248 1.496477 0.000002 0.000000 0.000000 0.245450
    4 5.278479 0.165541 0.000001 0.000000 0.000000 0.048511
    5 3.455526 -8.400610 1.488976 1.975864 1.159909 -1.298786
  6 -6.214482 -0.000007 -0.000027 -2.929477 -0.226140 0.965976
  7 11.944882 0.000000 0.000001 -0.000284 0.144057 0.512796
    8 10.620181 0.000002 0.000000 1.217457 0.340920 2.342586
    9 -4.751106 -0.694494 0.830577 -0.265066 -0.185212 0.638415
    10 -1.688068 0.000046 -0.000032 0.017318 -0.017625 0.661047
    11 -1.336140 0.000057 -0.000012 0.026268 0.002327 0.462662
    12 -4.820494 -0.509460 -0.224759 -0.387629 -0.157873 1.437294
    13 -1.826992 -0.000064 0.000006 -0.008328 0.039588 1.065564
    14 -1.436573 0.000006 0.000002 -0.060134 -0.049384 0.791627
    15 -3.992355 -0.891188 -1.827909 -0.524035 -0.011224 1.323612
    16 -1.405918 -0.000025 -0.000003 0.000590 -0.029494 0.855908
    17 -1.175358 0.000128 -0.000020 0.064417 0.021463 1.153028
    18 -4.526751 -0.690575 -1.120744 -0.418129 0.007769 1.492663
    19 -1.744038 0.000033 -0.000008 -0.019053 -0.022614 1.113174
    20 -1.368771 0.000025 0.000002 0.037954 0.036187 0.704409
    21 -1.718805 -1.282705 0.931532 1.575721 0.719793 0.767447
    22 -1.523453 0.000032 0.000031 0.067008 -0.064052 0.809655
    23 -1.599285 0.000004 0.000016 -0.081649 -0.031942 0.967523
    24 -4.170166 -1.854440 0.753413 -0.190417 -0.170868 0.450040
    25 -0.420465 -0.018743 1.271440 0.000000 0.000002 0.000000
    26 0.516761 0.000000 0.128687 0.000000 0.000000 0.000000
    27 0.557412 0.000000 -0.302895 0.000000 0.000000 0.000000
    28 1.388578 -0.009689 0.998069 0.000000 0.924975 0.000000
    29 -1.500304 -0.009689 0.357643 0.000000 0.000002 0.000000
    30 -2.978539 -0.009689 2.091131 0.000000 0.000002 0.000000
    31 -1.126226 -0.584940 -0.293132 0.000000 0.000002 0.000000
    32 4.367041 0.145771 -1.518036 0.343408 1.059062 1.581273
    33 4.251479 -7.700248 -2.895848 2.500375 -1.240509 -0.998083
    34 5.511815 0.000008 -0.000001 2.243153 0.000000 3.141593
    35 0.196847 -0.000001 0.000003 2.793407 0.000006 -3.141577
    36 3.455526 -8.400609 -1.488978 1.975862 1.159909 1.842803
    37 6.214485 0.000006 0.000020 -0.202106 0.506883 -1.700097
    38 11.944885 -0.000029 -0.000194 0.775528 -0.302744 -1.029958
    39 10.620166 0.000002 0.000010 -2.380791 -0.104949 0.619998
    40 4.751156 0.694376 -0.830473 -0.056027 -0.279163 0.546048
    41 1.688065 -0.000026 0.000002 0.015391 -0.019323 0.765913
    42 1.336151 -0.000051 -0.000009 -0.010073 -0.037400 0.633142
    43 4.820513 0.509340 0.224865 -0.282059 -0.320142 1.392856
    44 1.826996 0.000066 0.000008 0.004297 0.040213 1.379384
    45 1.436577 -0.000010 0.000007 0.007051 -0.013384 0.358405
    46 3.992353 0.891087 1.827994 -0.535673 0.001046 1.726522
    47 1.405918 0.000021 -0.000007 -0.008992 -0.028075 1.183726
    48 1.175369 -0.000131 0.000002 0.073099 0.099343 0.591189
    49 4.526756 0.690460 1.120842 -0.485496 -0.175754 1.641301
    50 1.744041 -0.000031 -0.000002 -0.025718 -0.014586 1.468156
    51 1.368763 -0.000031 -0.000017 0.050831 0.150370 0.142238
    52 1.874855 0.935081 -0.999130 2.126006 0.483450 1.082862
    53 1.523449 -0.000034 -0.000003 -0.460179 -0.057098 0.780184
    54 1.599281 -0.000002 0.000009 0.079776 -0.024525 1.123837
    55 4.123357 1.860058 -0.741613 3.139446 0.288360 -2.792691
    56 5.511806 -0.000002 0.000006 -0.907938 0.000000 0.000000
    57 0.196850 0.000003 -0.000002 -0.348225 0.000015 -0.000002
    58 0.000000 0.000000 0.000000 -0.002503 0.000604 -1.570797
    59 -0.420463 -0.018744 1.271443 0.000000 0.000000 0.000000
    60 0.516761 0.000000 0.128687 0.000000 0.000000 0.000000
    61 0.557412 0.000000 -0.302896 0.000000 0.000000 0.000000
    62 1.388578 -0.009689 0.998071 0.000000 0.924975 0.000000
    63 -1.500303 -0.009689 0.357642 0.000000 0.000000 0.000000
    64 -2.978541 -0.009687 2.091135 0.000000 0.000000 0.000000
    65 -1.126226 -0.584940 -0.293134 0.000000 0.000000 0.000000
  time 104
    0 -0.000001 7.450089 -27.509026 0.000000 0.000000 0.000031
    1 -0.000002 0.000000 0.000000 1.570743 -1.567137 -1.570743
    2 4.255468 -0.335183 -0.000002 0.000000 0.000000 -0.124848
    3 7.431248 1.496477 0.000002 0.000000 0.000000 0.245450
    4 5.278479 0.165541 0.000001 0.000000 0.000000 0.048511
    5 3.455526 -8.400610 1.488976 1.975864 1.159909 -1.298786
  6 -6.214482 -0.000007 -0.000027 -2.928916 -0.226110 0.960322
  7 11.944882 0.000000 0.000001 0.001314 0.141633 0.501386
    8 10.620181 0.000002 0.000000 1.225653 0.340892 2.338925
    9 -4.751106 -0.694494 0.830577 -0.265066 -0.185212 0.638415
    10 -1.688068 0.000046 -0.000032 0.017318 -0.017625 0.661047
    11 -1.336140 0.000057 -0.000012 0.026268 0.002327 0.462662
    12 -4.820494 -0.509460 -0.224759 -0.387629 -0.157873 1.437294
    13 -1.826992 -0.000064 0.000006 -0.008328 0.039588 1.065564
    14 -1.436573 0.000006 0.000002 -0.060134 -0.049384 0.791627
    15 -3.992355 -0.891188 -1.827909 -0.524035 -0.011224 1.323612
    16 -1.405918 -0.000025 -0.000003 0.000590 -0.029494 0.855908
    17 -1.175358 0.000128 -0.000020 0.064417 0.021463 1.153028
    18 -4.526751 -0.690575 -1.120744 -0.418129 0.007769 1.492663
    19 -1.744038 0.000033 -0.000008 -0.019053 -0.022614 1.113174
    20 -1.368771 0.000025 0.000002 0.037954 0.036187 0.704409
    21 -1.718805 -1.282705 0.931532 1.575721 0.719793 0.767447
    22 -1.523453 0.000032 0.000031 0.067008 -0.064052 0.809655
    23 -1.599285 0.000004 0.000016 -0.081649 -0.031942 0.967523
    24 -4.170166 -1.854440 0.753413 -0.190417 -0.170868 0.450040
    25 -0.420465 -0.018743 1.271440 0.000000 0.000002 0.000000
    26 0.516761 0.000000 0.128687 0.000000 0.000000 0.000000
    27 0.557412 0.000000 -0.302895 0.000000 0.000000 0.000000
    28 1.388578 -0.009689 0.998069 0.000000 0.924975 0.000000
    29 -1.500304 -0.009689 0.357643 0.000000 0.000002 0.000000
    30 -2.978539 -0.009687 2.091130 0.000000 0.000002 0.000000
    31 -1.126226 -0.584940 -0.293132 0.000000 0.000002 0.000000
    32 4.367041 0.145771 -1.518036 0.343408 1.059062 1.581273
    33 4.219040 -7.698124 -2.874346 2.431460 -1.247772 -0.947552
    34 5.511815 0.000008 -0.000001 2.243153 0.000000 3.141593
    35 0.196847 -0.000001 0.000003 2.793407 0.000006 -3.141577
    36 3.455526 -8.400609 -1.488978 1.975862 1.159909 1.842803
    37 6.214485 0.000006 0.000020 -0.203572 0.505796 -1.700979
    38 11.944885 -0.000029 -0.000194 0.774202 -0.301891 -1.025503
    39 10.620166 0.000002 0.000010 -2.374599 -0.123777 0.603609
    40 4.751156 0.694376 -0.830473 -0.056027 -0.279163 0.546048
    41 1.688065 -0.000026 0.000002 0.015390 -0.019324 0.766007
    42 1.336151 -0.000051 -0.000009 -0.010073 -0.037400 0.633142
    43 4.820513 0.509340 0.224865 -0.282059 -0.320142 1.392856
    44 1.826996 0.000066 0.000008 0.004297 0.040213 1.379384
    45 1.436577 -0.000010 0.000007 0.007051 -0.013384 0.358405
    46 3.992353 0.891087 1.827994 -0.535673 0.001046 1.726522
    47 1.405918 0.000021 -0.000007 -0.008992 -0.028075 1.183726
    48 1.175369 -0.000131 0.000002 0.073099 0.099343 0.591189
    49 4.526756 0.690460 1.120842 -0.485496 -0.175754 1.641301
    50 1.744041 -0.000031 -0.000002 -0.025718 -0.014586 1.468156
    51 1.368763 -0.000031 -0.000017 0.050831 0.150370 0.142238
    52 1.874855 0.935081 -0.999130 2.126006 0.483450 1.082862
    53 1.523449 -0.000034 -0.000003 -0.460179 -0.057098 0.780184
    54 1.599281 -0.000002 0.000009 0.079776 -0.024525 1.123837
    55 4.123357 1.860058 -0.741613 3.139446 0.288360 -2.792691
    56 5.511806 -0.000002 0.000006 -0.907938 0.000000 0.000000
    57 0.196850 0.000003 -0.000002 -0.348225 0.000015 -0.000002
    58 0.000000 0.000000 0.000000 0.000000 0.000000 -1.570796
    59 -0.420463 -0.018744 1.271443 0.000000 0.000000 0.000000
    60 0.516761 0.000000 0.128687 0.000000 0.000000 0.000000
    61 0.557412 0.000000 -0.302896 0.000000 0.000000 0.000000
    62 1.388578 -0.009689 0.998071 0.000000 0.924975 0.000000
    63 -1.500303 -0.009689 0.357642 0.000000 0.000000 0.000000
    64 -2.978541 -0.009687 2.091135 0.000000 0.000000 0.000000
    65 -1.126226 -0.584940 -0.293134 0.000000 0.000000 0.000000
end
