version 1
nodes
0 "root" -1
1 "pelvis" 0
2 "spine_01" 1
3 "spine_02" 2
4 "spine_03" 3
5 "clavicle_r" 4
6 "upperarm_r" 5
7 "lowerarm_r" 6
8 "hand_r" 7
9 "index_01_r" 8
10 "index_02_r" 9
11 "index_03_r" 10
12 "middle_01_r" 8
13 "middle_02_r" 12
14 "middle_03_r" 13
15 "pinky_01_r" 8
16 "pinky_02_r" 15
17 "pinky_03_r" 16
18 "ring_01_r" 8
19 "ring_02_r" 18
20 "ring_03_r" 19
21 "thumb_01_r" 8
22 "thumb_02_r" 21
23 "thumb_03_r" 22
24 "lowerarm_twist_01_r" 7
25 "upperarm_twist_01_r" 6
26 "clavicle_l" 4
27 "upperarm_l" 26
28 "lowerarm_l" 27
29 "hand_l" 28
30 "index_01_l" 29
31 "index_02_l" 30
32 "index_03_l" 31
33 "middle_01_l" 29
34 "middle_02_l" 33
35 "middle_03_l" 34
36 "pinky_01_l" 29
37 "pinky_02_l" 36
38 "pinky_03_l" 37
39 "ring_01_l" 29
40 "ring_02_l" 39
41 "ring_03_l" 40
42 "thumb_01_l" 29
43 "thumb_02_l" 42
44 "thumb_03_l" 43
45 "lowerarm_twist_01_l" 28
46 "upperarm_twist_01_l" 27
47 "cam_driver" -1
48 "Handle" -1
49 "BaseRoot" -1
50 "Base" 49
51 "rhand_ikTarget" 50
52 "Pin" 50
53 "Ring" 52
54 "lhand_ikTarget" 50
end
skeleton
time 0
0 -0.00000100 7.45008900 -27.50902600 0.00000000 0.00000000 0.00003100
1 -0.00000200 0.00000000 0.00000000 1.57074700 -1.56714200 -1.57074700
2 4.25546600 -0.33518300 -0.00000200 0.00000000 0.00000000 -0.12484800
3 7.43125000 1.49647900 0.00000200 0.00000000 0.00000000 0.24545000
4 5.27847900 0.16554400 0.00000100 0.00000000 0.00000000 0.04851100
5 2.63886500 -13.19337100 1.00678900 1.51325300 1.31167000 -1.77504000
6 -6.21447800 -0.00000900 -0.00002600 3.12051471 -0.91233406 2.56566928
7 11.94488500 0.00000000 0.00000000 -1.08445761 -0.14243882 1.97869653
8 10.62018800 0.00000000 0.00000000 0.18493467 0.23213507 2.64733409
9 -4.75110800 -0.69449800 0.83058000 -0.03446100 -0.21695400 0.92099800
10 -1.68806800 0.00004700 -0.00003100 0.01720600 -0.01778800 0.67054700
11 -1.33614000 0.00005500 -0.00001000 0.02395800 0.01094800 0.12574300
12 -4.82049400 -0.50946400 -0.22475900 -0.15384000 -0.16811200 0.99849900
13 -1.82698400 -0.00006900 0.00000800 -0.01882500 0.03582500 0.79056000
14 -1.43656900 0.00000400 0.00000300 -0.01431300 -0.07643700 0.09379700
15 -3.99235700 -0.89119100 -1.82790900 -0.49324900 -0.06901200 0.97386700
16 -1.40591800 -0.00002500 -0.00000200 0.00811900 -0.02831200 0.59474800
17 -1.17535800 0.00012600 -0.00001900 0.03129900 0.06025400 0.38288200
18 -4.52675100 -0.69058000 -1.12074100 -0.38897700 -0.12419900 1.09123500
19 -1.74403800 0.00003200 -0.00000800 -0.00755800 -0.02862900 0.66790600
20 -1.36877100 0.00002300 0.00000200 0.02002600 0.04848400 0.28774100
21 -1.81420000 -1.33120500 1.23969500 2.18702700 0.33107100 0.99691500
22 -1.45527300 0.24653800 0.11068800 0.02849000 0.22200500 0.26584100
23 -1.59928500 0.00001100 0.00001500 0.06130100 -0.02982000 0.63084300
24 5.51182000 0.00000800 -0.00000200 1.52382241 0.00075352 3.14084760
25 0.19684600 -0.00000200 0.00000300 2.79340687 -0.00083585 -3.14135494
26 2.82592000 -12.20576800 -2.78509900 1.97586200 1.15991000 1.84280300
27 6.21448600 0.00000800 0.00001900 1.13467010 0.97361645 0.50363275
28 11.94488800 -0.00003100 -0.00020000 0.36189202 -0.30064004 -1.98727339
29 10.62016500 0.00000200 0.00000600 -1.41373359 -0.05464148 -0.22161129
30 4.75115800 0.69437400 -0.83047400 0.26741900 -0.00364900 0.21647400
31 1.68806500 -0.00002200 0.00000200 0.02335100 -0.00829300 0.20920400
32 1.33615100 -0.00005100 -0.00000900 0.01985900 -0.03329900 -0.16675400
33 4.82051500 0.50933800 0.22486600 0.03347000 -0.12287400 0.39838700
34 1.82699200 0.00006600 0.00001000 -0.03534300 0.01984000 0.21433800
35 1.43658100 -0.00000600 0.00001000 0.01360000 -0.00676900 -0.26782100
36 3.99235300 0.89108700 1.82799300 -0.32681200 -0.33046500 0.35231600
37 1.40592600 0.00003100 -0.00000300 0.01856900 -0.02296800 0.19561900
38 1.17536200 -0.00013200 0.00000100 0.00782000 0.12305300 0.01856100
39 4.52675800 0.69046400 1.12084300 -0.23579900 -0.19180600 0.40652300
40 1.74404100 -0.00003100 -0.00000200 0.00526300 -0.02915000 0.23240300
41 1.36876700 -0.00003100 -0.00001800 -0.00637400 0.15858000 -0.22582000
42 1.87485700 0.93508100 -0.99912900 1.65927700 0.64436000 0.47223500
43 1.52345300 -0.00003200 -0.00000200 0.02814800 0.17161300 0.26444200
44 1.59928100 -0.00000400 0.00001000 0.04225700 0.07207700 -0.21348300
45 5.51180600 -0.00000200 0.00000300 -0.23579700 0.00000500 0.00000700
46 0.19684900 0.00000300 -0.00000100 -0.34822500 0.00001500 -0.00000200
47 0.00000000 0.00000000 0.00000000 0.00000000 0.00000000 -1.57079600
48 -7.24556205 -15.87016301 -7.42692263 -0.08958200 0.24506100 0.48153500
49 -4.33264200 23.59507800 -4.02389200 0.00000000 0.00000000 -3.14156200
50 2.44072867 40.22868790 -4.01851850 -0.10749051 0.20615109 -2.61774121
51 -0.36274600 4.25262100 -2.41192700 0.78661900 0.97886900 -2.97453700
52 -0.32321000 0.41904200 1.84076700 0.00000000 0.00000000 0.00000000
53 0.56381800 0.00000000 0.00000000 0.27437000 -0.07938700 -0.15297900
54 21.70864928 -1.23929195 -5.18309930 -2.87937403 -0.72894414 -0.82622913
time 1
0 -0.00000100 7.45008900 -27.50902600 0.00000000 0.00000000 0.00003100
1 -0.00000200 0.00000000 0.00000000 1.57074700 -1.56714200 -1.57074700
2 4.25546600 -0.33518300 -0.00000200 0.00000000 0.00000000 -0.12484800
3 7.43125000 1.49647900 0.00000200 0.00000000 0.00000000 0.24545000
4 5.27847900 0.16554400 0.00000100 0.00000000 0.00000000 0.04851100
5 2.63886500 -13.19337100 1.00678900 1.51325300 1.31167000 -1.77504000
6 -6.21447800 -0.00000900 -0.00002600 3.12142272 -0.91390878 2.56244566
7 11.94488500 0.00000000 0.00000000 -1.08408287 -0.14078466 1.97629176
8 10.62018800 0.00000000 0.00000000 0.17438087 0.24057237 2.63766947
9 -4.75110800 -0.69449800 0.83058000 -0.03446100 -0.21695400 0.92099800
10 -1.68806800 0.00004700 -0.00003100 0.01720600 -0.01778800 0.67054700
11 -1.33614000 0.00005500 -0.00001000 0.02395800 0.01094800 0.12574300
12 -4.82049400 -0.50946400 -0.22475900 -0.15384000 -0.16811200 0.99849900
13 -1.82698400 -0.00006900 0.00000800 -0.01882500 0.03582500 0.79056000
14 -1.43656900 0.00000400 0.00000300 -0.01431300 -0.07643700 0.09379700
15 -3.99235700 -0.89119100 -1.82790900 -0.49324900 -0.06901200 0.97386700
16 -1.40591800 -0.00002500 -0.00000200 0.00811900 -0.02831200 0.59474800
17 -1.17535800 0.00012600 -0.00001900 0.03129900 0.06025400 0.38288200
18 -4.52675100 -0.69058000 -1.12074100 -0.38897700 -0.12419900 1.09123500
19 -1.74403800 0.00003200 -0.00000800 -0.00755800 -0.02862900 0.66790600
20 -1.36877100 0.00002300 0.00000200 0.02002600 0.04848400 0.28774100
21 -1.81420000 -1.33120500 1.23969500 2.18702700 0.33107100 0.99691500
22 -1.45527300 0.24653800 0.11068800 0.02849000 0.22200500 0.26584100
23 -1.59928500 0.00001100 0.00001500 0.06130100 -0.02982000 0.63084300
24 5.51182000 0.00000800 -0.00000200 1.52382241 0.00075352 3.14084760
25 0.19684600 -0.00000200 0.00000300 2.79340687 -0.00083585 -3.14135494
26 2.82592000 -12.20576800 -2.78509900 1.97586200 1.15991000 1.84280300
27 6.21448600 0.00000800 0.00001900 1.13075736 0.97842573 0.49883997
28 11.94488800 -0.00003100 -0.00020000 0.36682708 -0.31567497 -2.00158750
29 10.62016500 0.00000200 0.00000600 -1.40444396 -0.03431275 -0.21516567
30 4.75115800 0.69437400 -0.83047400 0.26741900 -0.00364900 0.21647400
31 1.68806500 -0.00002200 0.00000200 0.02335100 -0.00829300 0.20920400
32 1.33615100 -0.00005100 -0.00000900 0.01985900 -0.03329900 -0.16675400
33 4.82051500 0.50933800 0.22486600 0.03347000 -0.12287400 0.39838700
34 1.82699200 0.00006600 0.00001000 -0.03534300 0.01984000 0.21433800
35 1.43658100 -0.00000600 0.00001000 0.01360000 -0.00676900 -0.26782100
36 3.99235300 0.89108700 1.82799300 -0.32681200 -0.33046500 0.35231600
37 1.40592600 0.00003100 -0.00000300 0.01856900 -0.02296800 0.19561900
38 1.17536200 -0.00013200 0.00000100 0.00782000 0.12305300 0.01856100
39 4.52675800 0.69046400 1.12084300 -0.23579900 -0.19180600 0.40652300
40 1.74404100 -0.00003100 -0.00000200 0.00526300 -0.02915000 0.23240300
41 1.36876700 -0.00003100 -0.00001800 -0.00637400 0.15858000 -0.22582000
42 1.87485700 0.93508100 -0.99912900 1.65927700 0.64436000 0.47223500
43 1.52345300 -0.00003200 -0.00000200 0.02814800 0.17161300 0.26444200
44 1.59928100 -0.00000400 0.00001000 0.04225700 0.07207700 -0.21348300
45 5.51180600 -0.00000200 0.00000300 -0.23579700 0.00000500 0.00000700
46 0.19684900 0.00000300 -0.00000100 -0.34822500 0.00001500 -0.00000200
47 0.00000000 0.00000000 0.00000000 0.00000000 0.00000000 -1.57079600
48 -7.24667948 -15.86957602 -7.41650252 -0.10167446 0.23766322 0.47906268
49 -4.33264200 23.59507800 -4.02389200 0.00000000 0.00000000 -3.14156200
50 2.43286828 40.22868790 -3.99780962 -0.11946363 0.19857121 -2.62001351
51 -0.36274600 4.25262100 -2.41192700 0.78661900 0.97886900 -2.97453700
52 -0.32321000 0.41904200 1.84076700 0.00000000 0.00000000 0.00000000
53 0.56381800 0.00000000 0.00000000 0.30129976 -0.07557099 -0.15337128
54 21.70020982 -1.15436020 -5.33488101 -2.87806808 -0.71513166 -0.82740237
time 2
0 -0.00000100 7.45008900 -27.50902600 0.00000000 0.00000000 0.00003100
1 -0.00000200 0.00000000 0.00000000 1.57074700 -1.56714200 -1.57074700
2 4.25546600 -0.33518300 -0.00000200 0.00000000 0.00000000 -0.12484800
3 7.43125000 1.49647900 0.00000200 0.00000000 0.00000000 0.24545000
4 5.27847900 0.16554400 0.00000100 0.00000000 0.00000000 0.04851100
5 2.63886500 -13.19337100 1.00678900 1.51325300 1.31167000 -1.77504000
6 -6.21447800 -0.00000900 -0.00002600 3.12321704 -0.91514703 2.55829270
7 11.94488500 0.00000000 0.00000000 -1.08376160 -0.13925778 1.97440369
8 10.62018800 0.00000000 0.00000000 0.16478503 0.24798195 2.62859440
9 -4.75110800 -0.69449800 0.83058000 -0.03446100 -0.21695400 0.92099800
10 -1.68806800 0.00004700 -0.00003100 0.01720600 -0.01778800 0.67054700
11 -1.33614000 0.00005500 -0.00001000 0.02395800 0.01094800 0.12574300
12 -4.82049400 -0.50946400 -0.22475900 -0.15384000 -0.16811200 0.99849900
13 -1.82698400 -0.00006900 0.00000800 -0.01882500 0.03582500 0.79056000
14 -1.43656900 0.00000400 0.00000300 -0.01431300 -0.07643700 0.09379700
15 -3.99235700 -0.89119100 -1.82790900 -0.49324900 -0.06901200 0.97386700
16 -1.40591800 -0.00002500 -0.00000200 0.00811900 -0.02831200 0.59474800
17 -1.17535800 0.00012600 -0.00001900 0.03129900 0.06025400 0.38288200
18 -4.52675100 -0.69058000 -1.12074100 -0.38897700 -0.12419900 1.09123500
19 -1.74403800 0.00003200 -0.00000800 -0.00755800 -0.02862900 0.66790600
20 -1.36877100 0.00002300 0.00000200 0.02002600 0.04848400 0.28774100
21 -1.81420000 -1.33120500 1.23969500 2.18702700 0.33107100 0.99691500
22 -1.45527300 0.24653800 0.11068800 0.02849000 0.22200500 0.26584100
23 -1.59928500 0.00001100 0.00001500 0.06130100 -0.02982000 0.63084300
24 5.51182000 0.00000800 -0.00000200 1.52382241 0.00075352 3.14084760
25 0.19684600 -0.00000200 0.00000300 2.79340687 -0.00083585 -3.14135494
26 2.82592000 -12.20576800 -2.78509900 1.97586200 1.15991000 1.84280300
27 6.21448600 0.00000800 0.00001900 1.12654792 0.98302326 0.49371656
28 11.94488800 -0.00003100 -0.00020000 0.37201513 -0.32977675 -2.01616279
29 10.62016500 0.00000200 0.00000600 -1.39584465 -0.01492395 -0.20804694
30 4.75115800 0.69437400 -0.83047400 0.26741900 -0.00364900 0.21647400
31 1.68806500 -0.00002200 0.00000200 0.02335100 -0.00829300 0.20920400
32 1.33615100 -0.00005100 -0.00000900 0.01985900 -0.03329900 -0.16675400
33 4.82051500 0.50933800 0.22486600 0.03347000 -0.12287400 0.39838700
34 1.82699200 0.00006600 0.00001000 -0.03534300 0.01984000 0.21433800
35 1.43658100 -0.00000600 0.00001000 0.01360000 -0.00676900 -0.26782100
36 3.99235300 0.89108700 1.82799300 -0.32681200 -0.33046500 0.35231600
37 1.40592600 0.00003100 -0.00000300 0.01856900 -0.02296800 0.19561900
38 1.17536200 -0.00013200 0.00000100 0.00782000 0.12305300 0.01856100
39 4.52675800 0.69046400 1.12084300 -0.23579900 -0.19180600 0.40652300
40 1.74404100 -0.00003100 -0.00000200 0.00526300 -0.02915000 0.23240300
41 1.36876700 -0.00003100 -0.00001800 -0.00637400 0.15858000 -0.22582000
42 1.87485700 0.93508100 -0.99912900 1.65927700 0.64436000 0.47223500
43 1.52345300 -0.00003200 -0.00000200 0.02814800 0.17161300 0.26444200
44 1.59928100 -0.00000400 0.00001000 0.04225700 0.07207700 -0.21348300
45 5.51180600 -0.00000200 0.00000300 -0.23579700 0.00000500 0.00000700
46 0.19684900 0.00000300 -0.00000100 -0.34822500 0.00001500 -0.00000200
47 0.00000000 0.00000000 0.00000000 0.00000000 0.00000000 -1.57079600
48 -7.24340860 -15.86886477 -7.39702188 -0.11316924 0.23110521 0.47697238
49 -4.33264200 23.59507800 -4.02389200 0.00000000 0.00000000 -3.14156200
50 2.42133175 40.22868790 -3.96848523 -0.13077894 0.19205118 -2.62196928
51 -0.36274600 4.25262100 -2.41192700 0.78661900 0.97886900 -2.97453700
52 -0.32321000 0.41904200 1.84076700 0.00000000 0.00000000 0.00000000
53 0.56381800 0.00000000 0.00000000 0.33490875 -0.07103257 -0.15482681
54 21.69559457 -1.07146419 -5.47458217 -2.87597802 -0.70236837 -0.82923900
time 3
0 -0.00000100 7.45008900 -27.50902600 0.00000000 0.00000000 0.00003100
1 -0.00000200 0.00000000 0.00000000 1.57074700 -1.56714200 -1.57074700
2 4.25546600 -0.33518300 -0.00000200 0.00000000 0.00000000 -0.12484800
3 7.43125000 1.49647900 0.00000200 0.00000000 0.00000000 0.24545000
4 5.27847900 0.16554400 0.00000100 0.00000000 0.00000000 0.04851100
5 2.63886500 -13.19337100 1.00678900 1.51325300 1.31167000 -1.77504000
6 -6.21447800 -0.00000900 -0.00002600 3.12866558 -0.91480875 2.55113540
7 11.94488500 0.00000000 0.00000000 -1.08388592 -0.13856623 1.97538938
8 10.62018800 0.00000000 0.00000000 0.15977706 0.24943456 2.62153236
9 -4.75110800 -0.69449800 0.83058000 -0.03446100 -0.21695400 0.92099800
10 -1.68806800 0.00004700 -0.00003100 0.01720600 -0.01778800 0.67054700
11 -1.33614000 0.00005500 -0.00001000 0.02395800 0.01094800 0.12574300
12 -4.82049400 -0.50946400 -0.22475900 -0.15384000 -0.16811200 0.99849900
13 -1.82698400 -0.00006900 0.00000800 -0.01882500 0.03582500 0.79056000
14 -1.43656900 0.00000400 0.00000300 -0.01431300 -0.07643700 0.09379700
15 -3.99235700 -0.89119100 -1.82790900 -0.49324900 -0.06901200 0.97386700
16 -1.40591800 -0.00002500 -0.00000200 0.00811900 -0.02831200 0.59474800
17 -1.17535800 0.00012600 -0.00001900 0.03129900 0.06025400 0.38288200
18 -4.52675100 -0.69058000 -1.12074100 -0.38897700 -0.12419900 1.09123500
19 -1.74403800 0.00003200 -0.00000800 -0.00755800 -0.02862900 0.66790600
20 -1.36877100 0.00002300 0.00000200 0.02002600 0.04848400 0.28774100
21 -1.81420000 -1.33120500 1.23969500 2.18702700 0.33107100 0.99691500
22 -1.45527300 0.24653800 0.11068800 0.02849000 0.22200500 0.26584100
23 -1.59928500 0.00001100 0.00001500 0.06130100 -0.02982000 0.63084300
24 5.51182000 0.00000800 -0.00000200 1.52382241 0.00075352 3.14084760
25 0.19684600 -0.00000200 0.00000300 2.79340687 -0.00083585 -3.14135494
26 2.82592000 -12.20576800 -2.78509900 1.97586200 1.15991000 1.84280300
27 6.21448600 0.00000800 0.00001900 1.12362998 0.98631325 0.49017021
28 11.94488800 -0.00003100 -0.00020000 0.37754171 -0.34141175 -2.03151972
29 10.62016500 0.00000200 0.00000600 -1.39022639 0.00143447 -0.19947603
30 4.75115800 0.69437400 -0.83047400 0.26741900 -0.00364900 0.21647400
31 1.68806500 -0.00002200 0.00000200 0.02335100 -0.00829300 0.20920400
32 1.33615100 -0.00005100 -0.00000900 0.01985900 -0.03329900 -0.16675400
33 4.82051500 0.50933800 0.22486600 0.03347000 -0.12287400 0.39838700
34 1.82699200 0.00006600 0.00001000 -0.03534300 0.01984000 0.21433800
35 1.43658100 -0.00000600 0.00001000 0.01360000 -0.00676900 -0.26782100
36 3.99235300 0.89108700 1.82799300 -0.32681200 -0.33046500 0.35231600
37 1.40592600 0.00003100 -0.00000300 0.01856900 -0.02296800 0.19561900
38 1.17536200 -0.00013200 0.00000100 0.00782000 0.12305300 0.01856100
39 4.52675800 0.69046400 1.12084300 -0.23579900 -0.19180600 0.40652300
40 1.74404100 -0.00003100 -0.00000200 0.00526300 -0.02915000 0.23240300
41 1.36876700 -0.00003100 -0.00001800 -0.00637400 0.15858000 -0.22582000
42 1.87485700 0.93508100 -0.99912900 1.65927700 0.64436000 0.47223500
43 1.52345300 -0.00003200 -0.00000200 0.02814800 0.17161300 0.26444200
44 1.59928100 -0.00000400 0.00001000 0.04225700 0.07207700 -0.21348300
45 5.51180600 -0.00000200 0.00000300 -0.23579700 0.00000500 0.00000700
46 0.19684900 0.00000300 -0.00000100 -0.34822500 0.00001500 -0.00000200
47 0.00000000 0.00000000 0.00000000 0.00000000 0.00000000 -1.57079600
48 -7.22111379 -15.86826783 -7.33151436 -0.12183305 0.22749687 0.47601067
49 -4.33264200 23.59507800 -4.02389200 0.00000000 0.00000000 -3.14156200
50 2.39325262 40.22868790 -3.89548650 -0.13919190 0.18840074 -2.62277245
51 -0.36274600 4.25262100 -2.41192700 0.78661900 0.97886900 -2.97453700
52 -0.32321000 0.41904200 1.84076700 0.00000000 0.00000000 0.00000000
53 0.56381800 0.00000000 0.00000000 0.39539811 -0.06286966 -0.15662047
54 21.70111134 -0.99656648 -5.60058184 -2.87324917 -0.69356469 -0.83184171
time 4
0 -0.00000100 7.45008900 -27.50902600 0.00000000 0.00000000 0.00003100
1 -0.00000200 0.00000000 0.00000000 1.57074700 -1.56714200 -1.57074700
2 4.25546600 -0.33518300 -0.00000200 0.00000000 0.00000000 -0.12484800
3 7.43125000 1.49647900 0.00000200 0.00000000 0.00000000 0.24545000
4 5.27847900 0.16554400 0.00000100 0.00000000 0.00000000 0.04851100
5 2.63886500 -13.19337100 1.00678900 1.51325300 1.31167000 -1.77504000
6 -6.21447800 -0.00000900 -0.00002600 3.13426291 -0.91387542 2.54445752
7 11.94488500 0.00000000 0.00000000 -1.08410921 -0.13846168 1.97707171
8 10.62018800 0.00000000 0.00000000 0.15841149 0.24844104 2.61767107
9 -4.75110800 -0.69449800 0.83058000 -0.03446100 -0.21695400 0.92099800
10 -1.68806800 0.00004700 -0.00003100 0.01720600 -0.01778800 0.67054700
11 -1.33614000 0.00005500 -0.00001000 0.02395800 0.01094800 0.12574300
12 -4.82049400 -0.50946400 -0.22475900 -0.15384000 -0.16811200 0.99849900
13 -1.82698400 -0.00006900 0.00000800 -0.01882500 0.03582500 0.79056000
14 -1.43656900 0.00000400 0.00000300 -0.01431300 -0.07643700 0.09379700
15 -3.99235700 -0.89119100 -1.82790900 -0.49324900 -0.06901200 0.97386700
16 -1.40591800 -0.00002500 -0.00000200 0.00811900 -0.02831200 0.59474800
17 -1.17535800 0.00012600 -0.00001900 0.03129900 0.06025400 0.38288200
18 -4.52675100 -0.69058000 -1.12074100 -0.38897700 -0.12419900 1.09123500
19 -1.74403800 0.00003200 -0.00000800 -0.00755800 -0.02862900 0.66790600
20 -1.36877100 0.00002300 0.00000200 0.02002600 0.04848400 0.28774100
21 -1.81420000 -1.33120500 1.23969500 2.18702700 0.33107100 0.99691500
22 -1.45527300 0.24653800 0.11068800 0.02849000 0.22200500 0.26584100
23 -1.59928500 0.00001100 0.00001500 0.06130100 -0.02982000 0.63084300
24 5.51182000 0.00000800 -0.00000200 1.52382241 0.00075352 3.14084760
25 0.19684600 -0.00000200 0.00000300 2.79340687 -0.00083585 -3.14135494
26 2.82592000 -12.20576800 -2.78509900 1.97586200 1.15991000 1.84280300
27 6.21448600 0.00000800 0.00001900 1.12230576 0.98803184 0.48855658
28 11.94488800 -0.00003100 -0.00020000 0.38178513 -0.34875004 -2.04321343
29 10.62016500 0.00000200 0.00000600 -1.38738872 0.01203229 -0.19245997
30 4.75115800 0.69437400 -0.83047400 0.26741900 -0.00364900 0.21647400
31 1.68806500 -0.00002200 0.00000200 0.02335100 -0.00829300 0.20920400
32 1.33615100 -0.00005100 -0.00000900 0.01985900 -0.03329900 -0.16675400
33 4.82051500 0.50933800 0.22486600 0.03347000 -0.12287400 0.39838700
34 1.82699200 0.00006600 0.00001000 -0.03534300 0.01984000 0.21433800
35 1.43658100 -0.00000600 0.00001000 0.01360000 -0.00676900 -0.26782100
36 3.99235300 0.89108700 1.82799300 -0.32681200 -0.33046500 0.35231600
37 1.40592600 0.00003100 -0.00000300 0.01856900 -0.02296800 0.19561900
38 1.17536200 -0.00013200 0.00000100 0.00782000 0.12305300 0.01856100
39 4.52675800 0.69046400 1.12084300 -0.23579900 -0.19180600 0.40652300
40 1.74404100 -0.00003100 -0.00000200 0.00526300 -0.02915000 0.23240300
41 1.36876700 -0.00003100 -0.00001800 -0.00637400 0.15858000 -0.22582000
42 1.87485700 0.93508100 -0.99912900 1.65927700 0.64436000 0.47223500
43 1.52345300 -0.00003200 -0.00000200 0.02814800 0.17161300 0.26444200
44 1.59928100 -0.00000400 0.00001000 0.04225700 0.07207700 -0.21348300
45 5.51180600 -0.00000200 0.00000300 -0.23579700 0.00000500 0.00000700
46 0.19684900 0.00000300 -0.00000100 -0.34822500 0.00001500 -0.00000200
47 0.00000000 0.00000000 0.00000000 0.00000000 0.00000000 -1.57079600
48 -7.19632225 -15.86763169 -7.26619385 -0.12679984 0.22670876 0.47574629
49 -4.33264200 23.59507800 -4.02389200 0.00000000 0.00000000 -3.14156200
50 2.36559225 40.22868790 -3.82581707 -0.14416598 0.18759522 -2.62296498
51 -0.36274600 4.25262100 -2.41192700 0.78661900 0.97886900 -2.97453700
52 -0.32321000 0.41904200 1.84076700 0.00000000 0.00000000 0.00000000
53 0.56381800 0.00000000 0.00000000 0.45666631 -0.05484821 -0.15909788
54 21.71321572 -0.94774821 -5.67239669 -2.87035153 -0.68931839 -0.83453735
time 5
0 -0.00000100 7.45008900 -27.50902600 0.00000000 0.00000000 0.00003100
1 -0.00000200 0.00000000 0.00000000 1.57074700 -1.56714200 -1.57074700
2 4.25546600 -0.33518300 -0.00000200 0.00000000 0.00000000 -0.12484800
3 7.43125000 1.49647900 0.00000200 0.00000000 0.00000000 0.24545000
4 5.27847900 0.16554400 0.00000100 0.00000000 0.00000000 0.04851100
5 2.63886500 -13.19337100 1.00678900 1.51325300 1.31167000 -1.77504000
6 -6.21447800 -0.00000900 -0.00002600 3.13985132 -0.91192768 2.53909405
7 11.94488500 0.00000000 0.00000000 -1.08455386 -0.13931261 1.98025920
8 10.62018800 0.00000000 0.00000000 0.16346106 0.24273243 2.61931472
9 -4.75110800 -0.69449800 0.83058000 -0.03446100 -0.21695400 0.92099800
10 -1.68806800 0.00004700 -0.00003100 0.01720600 -0.01778800 0.67054700
11 -1.33614000 0.00005500 -0.00001000 0.02395800 0.01094800 0.12574300
12 -4.82049400 -0.50946400 -0.22475900 -0.15384000 -0.16811200 0.99849900
13 -1.82698400 -0.00006900 0.00000800 -0.01882500 0.03582500 0.79056000
14 -1.43656900 0.00000400 0.00000300 -0.01431300 -0.07643700 0.09379700
15 -3.99235700 -0.89119100 -1.82790900 -0.49324900 -0.06901200 0.97386700
16 -1.40591800 -0.00002500 -0.00000200 0.00811900 -0.02831200 0.59474800
17 -1.17535800 0.00012600 -0.00001900 0.03129900 0.06025400 0.38288200
18 -4.52675100 -0.69058000 -1.12074100 -0.38897700 -0.12419900 1.09123500
19 -1.74403800 0.00003200 -0.00000800 -0.00755800 -0.02862900 0.66790600
20 -1.36877100 0.00002300 0.00000200 0.02002600 0.04848400 0.28774100
21 -1.81420000 -1.33120500 1.23969500 2.18702700 0.33107100 0.99691500
22 -1.45527300 0.24653800 0.11068800 0.02849000 0.22200500 0.26584100
23 -1.59928500 0.00001100 0.00001500 0.06130100 -0.02982000 0.63084300
24 5.51182000 0.00000800 -0.00000200 1.52382241 0.00075352 3.14084760
25 0.19684600 -0.00000200 0.00000300 2.79340687 -0.00083585 -3.14135494
26 2.82592000 -12.20576800 -2.78509900 1.97586200 1.15991000 1.84280300
27 6.21448600 0.00000800 0.00001900 1.12447061 0.98685267 0.49114707
28 11.94488800 -0.00003100 -0.00020000 0.38355255 -0.34901142 -2.04847465
29 10.62016500 0.00000200 0.00000600 -1.38950890 0.01289253 -0.18850493
30 4.75115800 0.69437400 -0.83047400 0.26741900 -0.00364900 0.21647400
31 1.68806500 -0.00002200 0.00000200 0.02335100 -0.00829300 0.20920400
32 1.33615100 -0.00005100 -0.00000900 0.01985900 -0.03329900 -0.16675400
33 4.82051500 0.50933800 0.22486600 0.03347000 -0.12287400 0.39838700
34 1.82699200 0.00006600 0.00001000 -0.03534300 0.01984000 0.21433800
35 1.43658100 -0.00000600 0.00001000 0.01360000 -0.00676900 -0.26782100
36 3.99235300 0.89108700 1.82799300 -0.32681200 -0.33046500 0.35231600
37 1.40592600 0.00003100 -0.00000300 0.01856900 -0.02296800 0.19561900
38 1.17536200 -0.00013200 0.00000100 0.00782000 0.12305300 0.01856100
39 4.52675800 0.69046400 1.12084300 -0.23579900 -0.19180600 0.40652300
40 1.74404100 -0.00003100 -0.00000200 0.00526300 -0.02915000 0.23240300
41 1.36876700 -0.00003100 -0.00001800 -0.00637400 0.15858000 -0.22582000
42 1.87485700 0.93508100 -0.99912900 1.65927700 0.64436000 0.47223500
43 1.52345300 -0.00003200 -0.00000200 0.02814800 0.17161300 0.26444200
44 1.59928100 -0.00000400 0.00001000 0.04225700 0.07207700 -0.21348300
45 5.51180600 -0.00000200 0.00000300 -0.23579700 0.00000500 0.00000700
46 0.19684900 0.00000300 -0.00000100 -0.34822500 0.00001500 -0.00000200
47 0.00000000 0.00000000 0.00000000 0.00000000 0.00000000 -1.57079600
48 -7.16733669 -15.86708119 -7.20001287 -0.12552712 0.23054750 0.47674864
49 -4.33264200 23.59507800 -4.02389200 0.00000000 0.00000000 -3.14156200
50 2.33866472 40.22868790 -3.76086315 -0.14286112 0.19137705 -2.62197799
51 -0.36274600 4.25262100 -2.41192700 0.78661900 0.97886900 -2.97453700
52 -0.32321000 0.41904200 1.84076700 0.00000000 0.00000000 0.00000000
53 0.56381800 0.00000000 0.00000000 0.51885674 -0.04694351 -0.16192287
54 21.73526692 -0.94444798 -5.65861137 -2.86751962 -0.69272502 -0.83715117
time 6
0 -0.00000100 7.45008900 -27.50902600 0.00000000 0.00000000 0.00003100
1 -0.00000200 0.00000000 0.00000000 1.57074700 -1.56714200 -1.57074700
2 4.25546600 -0.33518300 -0.00000200 0.00000000 0.00000000 -0.12484800
3 7.43125000 1.49647900 0.00000200 0.00000000 0.00000000 0.24545000
4 5.27847900 0.16554400 0.00000100 0.00000000 0.00000000 0.04851100
5 2.63886500 -13.19337100 1.00678900 1.51325300 1.31167000 -1.77504000
6 -6.21447800 -0.00000900 -0.00002600 -3.13862397 -0.91008624 2.53476223
7 11.94488500 0.00000000 0.00000000 -1.08500118 -0.14027139 1.98298582
8 10.62018800 0.00000000 0.00000000 0.16980561 0.23768973 2.62255478
9 -4.75110800 -0.69449800 0.83058000 -0.03446100 -0.21695400 0.92099800
10 -1.68806800 0.00004700 -0.00003100 0.01720600 -0.01778800 0.67054700
11 -1.33614000 0.00005500 -0.00001000 0.02395800 0.01094800 0.12574300
12 -4.82049400 -0.50946400 -0.22475900 -0.15384000 -0.16811200 0.99849900
13 -1.82698400 -0.00006900 0.00000800 -0.01882500 0.03582500 0.79056000
14 -1.43656900 0.00000400 0.00000300 -0.01431300 -0.07643700 0.09379700
15 -3.99235700 -0.89119100 -1.82790900 -0.49324900 -0.06901200 0.97386700
16 -1.40591800 -0.00002500 -0.00000200 0.00811900 -0.02831200 0.59474800
17 -1.17535800 0.00012600 -0.00001900 0.03129900 0.06025400 0.38288200
18 -4.52675100 -0.69058000 -1.12074100 -0.38897700 -0.12419900 1.09123500
19 -1.74403800 0.00003200 -0.00000800 -0.00755800 -0.02862900 0.66790600
20 -1.36877100 0.00002300 0.00000200 0.02002600 0.04848400 0.28774100
21 -1.81420000 -1.33120500 1.23969500 2.18702700 0.33107100 0.99691500
22 -1.45527300 0.24653800 0.11068800 0.02849000 0.22200500 0.26584100
23 -1.59928500 0.00001100 0.00001500 0.06130100 -0.02982000 0.63084300
24 5.51182000 0.00000800 -0.00000200 1.52382241 0.00075352 3.14084760
25 0.19684600 -0.00000200 0.00000300 2.79340687 -0.00083585 -3.14135494
26 2.82592000 -12.20576800 -2.78509900 1.97586200 1.15991000 1.84280300
27 6.21448600 0.00000800 0.00001900 1.12708565 0.98517437 0.49428637
28 11.94488800 -0.00003100 -0.00020000 0.38426764 -0.34759003 -2.05086163
29 10.62016500 0.00000200 0.00000600 -1.39268871 0.01106479 -0.18640542
30 4.75115800 0.69437400 -0.83047400 0.26741900 -0.00364900 0.21647400
31 1.68806500 -0.00002200 0.00000200 0.02335100 -0.00829300 0.20920400
32 1.33615100 -0.00005100 -0.00000900 0.01985900 -0.03329900 -0.16675400
33 4.82051500 0.50933800 0.22486600 0.03347000 -0.12287400 0.39838700
34 1.82699200 0.00006600 0.00001000 -0.03534300 0.01984000 0.21433800
35 1.43658100 -0.00000600 0.00001000 0.01360000 -0.00676900 -0.26782100
36 3.99235300 0.89108700 1.82799300 -0.32681200 -0.33046500 0.35231600
37 1.40592600 0.00003100 -0.00000300 0.01856900 -0.02296800 0.19561900
38 1.17536200 -0.00013200 0.00000100 0.00782000 0.12305300 0.01856100
39 4.52675800 0.69046400 1.12084300 -0.23579900 -0.19180600 0.40652300
40 1.74404100 -0.00003100 -0.00000200 0.00526300 -0.02915000 0.23240300
41 1.36876700 -0.00003100 -0.00001800 -0.00637400 0.15858000 -0.22582000
42 1.87485700 0.93508100 -0.99912900 1.65927700 0.64436000 0.47223500
43 1.52345300 -0.00003200 -0.00000200 0.02814800 0.17161300 0.26444200
44 1.59928100 -0.00000400 0.00001000 0.04225700 0.07207700 -0.21348300
45 5.51180600 -0.00000200 0.00000300 -0.23579700 0.00000500 0.00000700
46 0.19684900 0.00000300 -0.00000100 -0.34822500 0.00001500 -0.00000200
47 0.00000000 0.00000000 0.00000000 0.00000000 0.00000000 -1.57079600
48 -7.13832338 -15.86623185 -7.14624251 -0.12308258 0.23583181 0.47778888
49 -4.33264200 23.59507800 -4.02389200 0.00000000 0.00000000 -3.14156200
50 2.31306111 40.22868790 -3.70927045 -0.14034214 0.19669393 -2.62099519
51 -0.36274600 4.25262100 -2.41192700 0.78661900 0.97886900 -2.97453700
52 -0.32321000 0.41904200 1.84076700 0.00000000 0.00000000 0.00000000
53 0.56381800 0.00000000 0.00000000 0.56513473 -0.04160981 -0.16606767
54 21.75772791 -0.95141087 -5.60303530 -2.86409660 -0.69804972 -0.84002402
time 7
0 -0.00000100 7.45008900 -27.50902600 0.00000000 0.00000000 0.00003100
1 -0.00000200 0.00000000 0.00000000 1.57074700 -1.56714200 -1.57074700
2 4.25546600 -0.33518300 -0.00000200 0.00000000 0.00000000 -0.12484800
3 7.43125000 1.49647900 0.00000200 0.00000000 0.00000000 0.24545000
4 5.27847900 0.16554400 0.00000100 0.00000000 0.00000000 0.04851100
5 2.63886500 -13.19337100 1.00678900 1.51325300 1.31167000 -1.77504000
6 -6.21447800 -0.00000900 -0.00002600 -3.13446248 -0.90831820 2.53104533
7 11.94488500 0.00000000 0.00000000 -1.08542036 -0.14134715 1.98546847
8 10.62018800 0.00000000 0.00000000 0.17743842 0.23314328 2.62701908
9 -4.75110800 -0.69449800 0.83058000 -0.03446100 -0.21695400 0.92099800
10 -1.68806800 0.00004700 -0.00003100 0.01720600 -0.01778800 0.67054700
11 -1.33614000 0.00005500 -0.00001000 0.02395800 0.01094800 0.12574300
12 -4.82049400 -0.50946400 -0.22475900 -0.15384000 -0.16811200 0.99849900
13 -1.82698400 -0.00006900 0.00000800 -0.01882500 0.03582500 0.79056000
14 -1.43656900 0.00000400 0.00000300 -0.01431300 -0.07643700 0.09379700
15 -3.99235700 -0.89119100 -1.82790900 -0.49324900 -0.06901200 0.97386700
16 -1.40591800 -0.00002500 -0.00000200 0.00811900 -0.02831200 0.59474800
17 -1.17535800 0.00012600 -0.00001900 0.03129900 0.06025400 0.38288200
18 -4.52675100 -0.69058000 -1.12074100 -0.38897700 -0.12419900 1.09123500
19 -1.74403800 0.00003200 -0.00000800 -0.00755800 -0.02862900 0.66790600
20 -1.36877100 0.00002300 0.00000200 0.02002600 0.04848400 0.28774100
21 -1.81420000 -1.33120500 1.23969500 2.18702700 0.33107100 0.99691500
22 -1.45527300 0.24653800 0.11068800 0.02849000 0.22200500 0.26584100
23 -1.59928500 0.00001100 0.00001500 0.06130100 -0.02982000 0.63084300
24 5.51182000 0.00000800 -0.00000200 1.52382241 0.00075352 3.14084760
25 0.19684600 -0.00000200 0.00000300 2.79340687 -0.00083585 -3.14135494
26 2.82592000 -12.20576800 -2.78509900 1.97586200 1.15991000 1.84280300
27 6.21448600 0.00000800 0.00001900 1.13004673 0.98306251 0.49785148
28 11.94488800 -0.00003100 -0.00020000 0.38411144 -0.34474822 -2.05087682
29 10.62016500 0.00000200 0.00000600 -1.39677549 0.00699365 -0.18581217
30 4.75115800 0.69437400 -0.83047400 0.26741900 -0.00364900 0.21647400
31 1.68806500 -0.00002200 0.00000200 0.02335100 -0.00829300 0.20920400
32 1.33615100 -0.00005100 -0.00000900 0.01985900 -0.03329900 -0.16675400
33 4.82051500 0.50933800 0.22486600 0.03347000 -0.12287400 0.39838700
34 1.82699200 0.00006600 0.00001000 -0.03534300 0.01984000 0.21433800
35 1.43658100 -0.00000600 0.00001000 0.01360000 -0.00676900 -0.26782100
36 3.99235300 0.89108700 1.82799300 -0.32681200 -0.33046500 0.35231600
37 1.40592600 0.00003100 -0.00000300 0.01856900 -0.02296800 0.19561900
38 1.17536200 -0.00013200 0.00000100 0.00782000 0.12305300 0.01856100
39 4.52675800 0.69046400 1.12084300 -0.23579900 -0.19180600 0.40652300
40 1.74404100 -0.00003100 -0.00000200 0.00526300 -0.02915000 0.23240300
41 1.36876700 -0.00003100 -0.00001800 -0.00637400 0.15858000 -0.22582000
42 1.87485700 0.93508100 -0.99912900 1.65927700 0.64436000 0.47223500
43 1.52345300 -0.00003200 -0.00000200 0.02814800 0.17161300 0.26444200
44 1.59928100 -0.00000400 0.00001000 0.04225700 0.07207700 -0.21348300
45 5.51180600 -0.00000200 0.00000300 -0.23579700 0.00000500 0.00000700
46 0.19684900 0.00000300 -0.00000100 -0.34822500 0.00001500 -0.00000200
47 0.00000000 0.00000000 0.00000000 0.00000000 0.00000000 -1.57079600
48 -7.10924096 -15.86509681 -7.10306601 -0.11979198 0.24242315 0.47883241
49 -4.33264200 23.59507800 -4.02389200 0.00000000 0.00000000 -3.14156200
50 2.28856077 40.22868790 -3.66904142 -0.13687253 0.20341227 -2.61984888
51 -0.36274600 4.25262100 -2.41192700 0.78661900 0.97886900 -2.97453700
52 -0.32321000 0.41904200 1.84076700 0.00000000 0.00000000 0.00000000
53 0.56381800 0.00000000 0.00000000 0.59803954 -0.03823935 -0.17138202
54 21.78067921 -0.96677219 -5.51073710 -2.85984509 -0.70493061 -0.84336295
time 8
0 -0.00000100 7.45008900 -27.50902600 0.00000000 0.00000000 0.00003100
1 -0.00000200 0.00000000 0.00000000 1.57074700 -1.56714200 -1.57074700
2 4.25546600 -0.33518300 -0.00000200 0.00000000 0.00000000 -0.12484800
3 7.43125000 1.49647900 0.00000200 0.00000000 0.00000000 0.24545000
4 5.27847900 0.16554400 0.00000100 0.00000000 0.00000000 0.04851100
5 2.63886500 -13.19337100 1.00678900 1.51325300 1.31167000 -1.77504000
6 -6.21447800 -0.00000900 -0.00002600 -3.13134685 -0.90700174 2.52820926
7 11.94488500 0.00000000 0.00000000 -1.08569915 -0.14220560 1.98712705
8 10.62018800 0.00000000 0.00000000 0.18563012 0.23010691 2.63235900
9 -4.75110800 -0.69449800 0.83058000 -0.03446100 -0.21695400 0.92099800
10 -1.68806800 0.00004700 -0.00003100 0.01720600 -0.01778800 0.67054700
11 -1.33614000 0.00005500 -0.00001000 0.02395800 0.01094800 0.12574300
12 -4.82049400 -0.50946400 -0.22475900 -0.15384000 -0.16811200 0.99849900
13 -1.82698400 -0.00006900 0.00000800 -0.01882500 0.03582500 0.79056000
14 -1.43656900 0.00000400 0.00000300 -0.01431300 -0.07643700 0.09379700
15 -3.99235700 -0.89119100 -1.82790900 -0.49324900 -0.06901200 0.97386700
16 -1.40591800 -0.00002500 -0.00000200 0.00811900 -0.02831200 0.59474800
17 -1.17535800 0.00012600 -0.00001900 0.03129900 0.06025400 0.38288200
18 -4.52675100 -0.69058000 -1.12074100 -0.38897700 -0.12419900 1.09123500
19 -1.74403800 0.00003200 -0.00000800 -0.00755800 -0.02862900 0.66790600
20 -1.36877100 0.00002300 0.00000200 0.02002600 0.04848400 0.28774100
21 -1.81420000 -1.33120500 1.23969500 2.18702700 0.33107100 0.99691500
22 -1.45527300 0.24653800 0.11068800 0.02849000 0.22200500 0.26584100
23 -1.59928500 0.00001100 0.00001500 0.06130100 -0.02982000 0.63084300
24 5.51182000 0.00000800 -0.00000200 1.52382241 0.00075352 3.14084760
25 0.19684600 -0.00000200 0.00000300 2.79340687 -0.00083585 -3.14135494
26 2.82592000 -12.20576800 -2.78509900 1.97586200 1.15991000 1.84280300
27 6.21448600 0.00000800 0.00001900 1.13326266 0.98063241 0.50173291
28 11.94488800 -0.00003100 -0.00020000 0.38319005 -0.34129038 -2.04867728
29 10.62016500 0.00000200 0.00000600 -1.40122265 0.00133522 -0.18711549
30 4.75115800 0.69437400 -0.83047400 0.26741900 -0.00364900 0.21647400
31 1.68806500 -0.00002200 0.00000200 0.02335100 -0.00829300 0.20920400
32 1.33615100 -0.00005100 -0.00000900 0.01985900 -0.03329900 -0.16675400
33 4.82051500 0.50933800 0.22486600 0.03347000 -0.12287400 0.39838700
34 1.82699200 0.00006600 0.00001000 -0.03534300 0.01984000 0.21433800
35 1.43658100 -0.00000600 0.00001000 0.01360000 -0.00676900 -0.26782100
36 3.99235300 0.89108700 1.82799300 -0.32681200 -0.33046500 0.35231600
37 1.40592600 0.00003100 -0.00000300 0.01856900 -0.02296800 0.19561900
38 1.17536200 -0.00013200 0.00000100 0.00782000 0.12305300 0.01856100
39 4.52675800 0.69046400 1.12084300 -0.23579900 -0.19180600 0.40652300
40 1.74404100 -0.00003100 -0.00000200 0.00526300 -0.02915000 0.23240300
41 1.36876700 -0.00003100 -0.00001800 -0.00637400 0.15858000 -0.22582000
42 1.87485700 0.93508100 -0.99912900 1.65927700 0.64436000 0.47223500
43 1.52345300 -0.00003200 -0.00000200 0.02814800 0.17161300 0.26444200
44 1.59928100 -0.00000400 0.00001000 0.04225700 0.07207700 -0.21348300
45 5.51180600 -0.00000200 0.00000300 -0.23579700 0.00000500 0.00000700
46 0.19684900 0.00000300 -0.00000100 -0.34822500 0.00001500 -0.00000200
47 0.00000000 0.00000000 0.00000000 0.00000000 0.00000000 -1.57079600
48 -7.07681917 -15.86370467 -7.07624398 -0.11612357 0.24997132 0.48006207
49 -4.33264200 23.59507800 -4.02389200 0.00000000 0.00000000 -3.14156200
50 2.26132989 40.22868790 -3.64528347 -0.13317746 0.21106767 -2.61865923
51 -0.36274600 4.25262100 -2.41192700 0.78661900 0.97886900 -2.97453700
52 -0.32321000 0.41904200 1.84076700 0.00000000 0.00000000 0.00000000
53 0.56381800 0.00000000 0.00000000 0.61326772 -0.05178298 -0.18189539
54 21.79832069 -0.98708892 -5.38395002 -2.85470641 -0.71261810 -0.84742000
time 9
0 -0.00000100 7.45008900 -27.50902600 0.00000000 0.00000000 0.00003100
1 -0.00000200 0.00000000 0.00000000 1.57074700 -1.56714200 -1.57074700
2 4.25546600 -0.33518300 -0.00000200 0.00000000 0.00000000 -0.12484800
3 7.43125000 1.49647900 0.00000200 0.00000000 0.00000000 0.24545000
4 5.27847900 0.16554400 0.00000100 0.00000000 0.00000000 0.04851100
5 2.63886500 -13.19337100 1.00678900 1.51325300 1.31167000 -1.77504000
6 -6.21447800 -0.00000900 -0.00002600 -3.12832632 -0.90590459 2.52539013
7 11.94488500 0.00000000 0.00000000 -1.08586342 -0.14294609 1.98859526
8 10.62018800 0.00000000 0.00000000 0.19424210 0.22789071 2.63822213
9 -4.75110800 -0.69449800 0.83058000 -0.03446100 -0.21695400 0.92099800
10 -1.68806800 0.00004700 -0.00003100 0.01720600 -0.01778800 0.67054700
11 -1.33614000 0.00005500 -0.00001000 0.02395800 0.01094800 0.12574300
12 -4.82049400 -0.50946400 -0.22475900 -0.15384000 -0.16811200 0.99849900
13 -1.82698400 -0.00006900 0.00000800 -0.01882500 0.03582500 0.79056000
14 -1.43656900 0.00000400 0.00000300 -0.01431300 -0.07643700 0.09379700
15 -3.99235700 -0.89119100 -1.82790900 -0.49324900 -0.06901200 0.97386700
16 -1.40591800 -0.00002500 -0.00000200 0.00811900 -0.02831200 0.59474800
17 -1.17535800 0.00012600 -0.00001900 0.03129900 0.06025400 0.38288200
18 -4.52675100 -0.69058000 -1.12074100 -0.38897700 -0.12419900 1.09123500
19 -1.74403800 0.00003200 -0.00000800 -0.00755800 -0.02862900 0.66790600
20 -1.36877100 0.00002300 0.00000200 0.02002600 0.04848400 0.28774100
21 -1.81420000 -1.33120500 1.23969500 2.18702700 0.33107100 0.99691500
22 -1.45527300 0.24653800 0.11068800 0.02849000 0.22200500 0.26584100
23 -1.59928500 0.00001100 0.00001500 0.06130100 -0.02982000 0.63084300
24 5.51182000 0.00000800 -0.00000200 1.52382241 0.00075352 3.14084760
25 0.19684600 -0.00000200 0.00000300 2.79340687 -0.00083585 -3.14135494
26 2.82592000 -12.20576800 -2.78509900 1.97586200 1.15991000 1.84280300
27 6.21448600 0.00000800 0.00001900 1.13646351 0.97810118 0.50560542
28 11.94488800 -0.00003100 -0.00020000 0.38198439 -0.33757173 -2.04563195
29 10.62016500 0.00000200 0.00000600 -1.40582638 -0.00491903 -0.18908387
30 4.75115800 0.69437400 -0.83047400 0.26741900 -0.00364900 0.21647400
31 1.68806500 -0.00002200 0.00000200 0.02335100 -0.00829300 0.20920400
32 1.33615100 -0.00005100 -0.00000900 0.01985900 -0.03329900 -0.16675400
33 4.82051500 0.50933800 0.22486600 0.03347000 -0.12287400 0.39838700
34 1.82699200 0.00006600 0.00001000 -0.03534300 0.01984000 0.21433800
35 1.43658100 -0.00000600 0.00001000 0.01360000 -0.00676900 -0.26782100
36 3.99235300 0.89108700 1.82799300 -0.32681200 -0.33046500 0.35231600
37 1.40592600 0.00003100 -0.00000300 0.01856900 -0.02296800 0.19561900
38 1.17536200 -0.00013200 0.00000100 0.00782000 0.12305300 0.01856100
39 4.52675800 0.69046400 1.12084300 -0.23579900 -0.19180600 0.40652300
40 1.74404100 -0.00003100 -0.00000200 0.00526300 -0.02915000 0.23240300
41 1.36876700 -0.00003100 -0.00001800 -0.00637400 0.15858000 -0.22582000
42 1.87485700 0.93508100 -0.99912900 1.65927700 0.64436000 0.47223500
43 1.52345300 -0.00003200 -0.00000200 0.02814800 0.17161300 0.26444200
44 1.59928100 -0.00000400 0.00001000 0.04225700 0.07207700 -0.21348300
45 5.51180600 -0.00000200 0.00000300 -0.23579700 0.00000500 0.00000700
46 0.19684900 0.00000300 -0.00000100 -0.34822500 0.00001500 -0.00000200
47 0.00000000 0.00000000 0.00000000 0.00000000 0.00000000 -1.57079600
48 -7.04301825 -15.86209988 -7.05637911 -0.11246615 0.25809978 0.48127528
49 -4.33264200 23.59507800 -4.02389200 0.00000000 0.00000000 -3.14156200
50 2.23307505 40.22868790 -3.62845842 -0.12941568 0.21926950 -2.61750398
51 -0.36274600 4.25262100 -2.41192700 0.78661900 0.97886900 -2.97453700
52 -0.32321000 0.41904200 1.84076700 0.00000000 0.00000000 0.00000000
53 0.56381800 0.00000000 0.00000000 0.62195974 -0.07150826 -0.19467090
54 21.81457836 -1.00892279 -5.23796050 -2.84890712 -0.72060347 -0.85190222
time 10
0 -0.00000100 7.45008900 -27.50902600 0.00000000 0.00000000 0.00003100
1 -0.00000200 0.00000000 0.00000000 1.57074700 -1.56714200 -1.57074700
2 4.25546600 -0.33518300 -0.00000200 0.00000000 0.00000000 -0.12484800
3 7.43125000 1.49647900 0.00000200 0.00000000 0.00000000 0.24545000
4 5.27847900 0.16554400 0.00000100 0.00000000 0.00000000 0.04851100
5 2.63886500 -13.19337100 1.00678900 1.51325300 1.31167000 -1.77504000
6 -6.21447800 -0.00000900 -0.00002600 -3.12635020 -0.90565735 2.52281599
7 11.94488500 0.00000000 0.00000000 -1.08588685 -0.14302993 1.98869358
8 10.62018800 0.00000000 0.00000000 0.20211908 0.22888592 2.64348889
9 -4.75110800 -0.69449800 0.83058000 -0.03446100 -0.21695400 0.92099800
10 -1.68806800 0.00004700 -0.00003100 0.01720600 -0.01778800 0.67054700
11 -1.33614000 0.00005500 -0.00001000 0.02395800 0.01094800 0.12574300
12 -4.82049400 -0.50946400 -0.22475900 -0.15384000 -0.16811200 0.99849900
13 -1.82698400 -0.00006900 0.00000800 -0.01882500 0.03582500 0.79056000
14 -1.43656900 0.00000400 0.00000300 -0.01431300 -0.07643700 0.09379700
15 -3.99235700 -0.89119100 -1.82790900 -0.49324900 -0.06901200 0.97386700
16 -1.40591800 -0.00002500 -0.00000200 0.00811900 -0.02831200 0.59474800
17 -1.17535800 0.00012600 -0.00001900 0.03129900 0.06025400 0.38288200
18 -4.52675100 -0.69058000 -1.12074100 -0.38897700 -0.12419900 1.09123500
19 -1.74403800 0.00003200 -0.00000800 -0.00755800 -0.02862900 0.66790600
20 -1.36877100 0.00002300 0.00000200 0.02002600 0.04848400 0.28774100
21 -1.81420000 -1.33120500 1.23969500 2.18702700 0.33107100 0.99691500
22 -1.45527300 0.24653800 0.11068800 0.02849000 0.22200500 0.26584100
23 -1.59928500 0.00001100 0.00001500 0.06130100 -0.02982000 0.63084300
24 5.51182000 0.00000800 -0.00000200 1.52382241 0.00075352 3.14084760
25 0.19684600 -0.00000200 0.00000300 2.79340687 -0.00083585 -3.14135494
26 2.82592000 -12.20576800 -2.78509900 1.97586200 1.15991000 1.84280300
27 6.21448600 0.00000800 0.00001900 1.13937005 0.97585921 0.50912483
28 11.94488800 -0.00003100 -0.00020000 0.38051171 -0.33531554 -2.04149964
29 10.62016500 0.00000200 0.00000600 -1.40950672 -0.01049452 -0.19297756
30 4.75115800 0.69437400 -0.83047400 0.26741900 -0.00364900 0.21647400
31 1.68806500 -0.00002200 0.00000200 0.02335100 -0.00829300 0.20920400
32 1.33615100 -0.00005100 -0.00000900 0.01985900 -0.03329900 -0.16675400
33 4.82051500 0.50933800 0.22486600 0.03347000 -0.12287400 0.39838700
34 1.82699200 0.00006600 0.00001000 -0.03534300 0.01984000 0.21433800
35 1.43658100 -0.00000600 0.00001000 0.01360000 -0.00676900 -0.26782100
36 3.99235300 0.89108700 1.82799300 -0.32681200 -0.33046500 0.35231600
37 1.40592600 0.00003100 -0.00000300 0.01856900 -0.02296800 0.19561900
38 1.17536200 -0.00013200 0.00000100 0.00782000 0.12305300 0.01856100
39 4.52675800 0.69046400 1.12084300 -0.23579900 -0.19180600 0.40652300
40 1.74404100 -0.00003100 -0.00000200 0.00526300 -0.02915000 0.23240300
41 1.36876700 -0.00003100 -0.00001800 -0.00637400 0.15858000 -0.22582000
42 1.87485700 0.93508100 -0.99912900 1.65927700 0.64436000 0.47223500
43 1.52345300 -0.00003200 -0.00000200 0.02814800 0.17161300 0.26444200
44 1.59928100 -0.00000400 0.00001000 0.04225700 0.07207700 -0.21348300
45 5.51180600 -0.00000200 0.00000300 -0.23579700 0.00000500 0.00000700
46 0.19684900 0.00000300 -0.00000100 -0.34822500 0.00001500 -0.00000200
47 0.00000000 0.00000000 0.00000000 0.00000000 0.00000000 -1.57079600
48 -7.00096802 -15.86031016 -7.05672060 -0.11030664 0.26619268 0.48241021
49 -4.33264200 23.59507800 -4.02389200 0.00000000 0.00000000 -3.14156200
50 2.19578870 40.22868790 -3.63059080 -0.12708413 0.22731818 -2.61634241
51 -0.36274600 4.25262100 -2.41192700 0.78661900 0.97886900 -2.97453700
52 -0.32321000 0.41904200 1.84076700 0.00000000 0.00000000 0.00000000
53 0.56381800 0.00000000 0.00000000 0.63114688 -0.11610299 -0.21478892
54 21.81714790 -1.02624645 -5.07522596 -2.84196636 -0.72744443 -0.85750404
time 11
0 -0.00000100 7.45008900 -27.50902600 0.00000000 0.00000000 0.00003100
1 -0.00000200 0.00000000 0.00000000 1.57074700 -1.56714200 -1.57074700
2 4.25546600 -0.33518300 -0.00000200 0.00000000 0.00000000 -0.12484800
3 7.43125000 1.49647900 0.00000200 0.00000000 0.00000000 0.24545000
4 5.27847900 0.16554400 0.00000100 0.00000000 0.00000000 0.04851100
5 2.63886500 -13.19337100 1.00678900 1.51325300 1.31167000 -1.77504000
6 -6.21447800 -0.00000900 -0.00002600 -3.12459794 -0.90567764 2.52019044
7 11.94488500 0.00000000 0.00000000 -1.08586347 -0.14293998 1.98849085
8 10.62018800 0.00000000 0.00000000 0.20988138 0.23089290 2.64871738
9 -4.75110800 -0.69449800 0.83058000 -0.03446100 -0.21695400 0.92099800
10 -1.68806800 0.00004700 -0.00003100 0.01720600 -0.01778800 0.67054700
11 -1.33614000 0.00005500 -0.00001000 0.02395800 0.01094800 0.12574300
12 -4.82049400 -0.50946400 -0.22475900 -0.15384000 -0.16811200 0.99849900
13 -1.82698400 -0.00006900 0.00000800 -0.01882500 0.03582500 0.79056000
14 -1.43656900 0.00000400 0.00000300 -0.01431300 -0.07643700 0.09379700
15 -3.99235700 -0.89119100 -1.82790900 -0.49324900 -0.06901200 0.97386700
16 -1.40591800 -0.00002500 -0.00000200 0.00811900 -0.02831200 0.59474800
17 -1.17535800 0.00012600 -0.00001900 0.03129900 0.06025400 0.38288200
18 -4.52675100 -0.69058000 -1.12074100 -0.38897700 -0.12419900 1.09123500
19 -1.74403800 0.00003200 -0.00000800 -0.00755800 -0.02862900 0.66790600
20 -1.36877100 0.00002300 0.00000200 0.02002600 0.04848400 0.28774100
21 -1.81420000 -1.33120500 1.23969500 2.18702700 0.33107100 0.99691500
22 -1.45527300 0.24653800 0.11068800 0.02849000 0.22200500 0.26584100
23 -1.59928500 0.00001100 0.00001500 0.06130100 -0.02982000 0.63084300
24 5.51182000 0.00000800 -0.00000200 1.52382241 0.00075352 3.14084760
25 0.19684600 -0.00000200 0.00000300 2.79340687 -0.00083585 -3.14135494
26 2.82592000 -12.20576800 -2.78509900 1.97586200 1.15991000 1.84280300
27 6.21448600 0.00000800 0.00001900 1.14214073 0.97370272 0.51248472
28 11.94488800 -0.00003100 -0.00020000 0.37897137 -0.33342096 -2.03707580
29 10.62016500 0.00000200 0.00000600 -1.41292633 -0.01586947 -0.19732209
30 4.75115800 0.69437400 -0.83047400 0.26741900 -0.00364900 0.21647400
31 1.68806500 -0.00002200 0.00000200 0.02335100 -0.00829300 0.20920400
32 1.33615100 -0.00005100 -0.00000900 0.01985900 -0.03329900 -0.16675400
33 4.82051500 0.50933800 0.22486600 0.03347000 -0.12287400 0.39838700
34 1.82699200 0.00006600 0.00001000 -0.03534300 0.01984000 0.21433800
35 1.43658100 -0.00000600 0.00001000 0.01360000 -0.00676900 -0.26782100
36 3.99235300 0.89108700 1.82799300 -0.32681200 -0.33046500 0.35231600
37 1.40592600 0.00003100 -0.00000300 0.01856900 -0.02296800 0.19561900
38 1.17536200 -0.00013200 0.00000100 0.00782000 0.12305300 0.01856100
39 4.52675800 0.69046400 1.12084300 -0.23579900 -0.19180600 0.40652300
40 1.74404100 -0.00003100 -0.00000200 0.00526300 -0.02915000 0.23240300
41 1.36876700 -0.00003100 -0.00001800 -0.00637400 0.15858000 -0.22582000
42 1.87485700 0.93508100 -0.99912900 1.65927700 0.64436000 0.47223500
43 1.52345300 -0.00003200 -0.00000200 0.02814800 0.17161300 0.26444200
44 1.59928100 -0.00000400 0.00001000 0.04225700 0.07207700 -0.21348300
45 5.51180600 -0.00000200 0.00000300 -0.23579700 0.00000500 0.00000700
46 0.19684900 0.00000300 -0.00000100 -0.34822500 0.00001500 -0.00000200
47 0.00000000 0.00000000 0.00000000 0.00000000 0.00000000 -1.57079600
48 -6.95698581 -15.85840716 -7.06361615 -0.10850849 0.27432424 0.48350487
49 -4.33264200 23.59507800 -4.02389200 0.00000000 0.00000000 -3.14156200
50 2.15641734 40.22868790 -3.63889368 -0.12516148 0.23559494 -2.61518640
51 -0.36274600 4.25262100 -2.41192700 0.78661900 0.97886900 -2.97453700
52 -0.32321000 0.41904200 1.84076700 0.00000000 0.00000000 0.00000000
53 0.56381800 0.00000000 0.00000000 0.64081135 -0.16379977 -0.23659821
54 21.81599800 -1.04213087 -4.90442904 -2.83464329 -0.73401520 -0.86338081
time 12
0 -0.00000100 7.45008900 -27.50902600 0.00000000 0.00000000 0.00003100
1 -0.00000200 0.00000000 0.00000000 1.57074700 -1.56714200 -1.57074700
2 4.25546600 -0.33518300 -0.00000200 0.00000000 0.00000000 -0.12484800
3 7.43125000 1.49647900 0.00000200 0.00000000 0.00000000 0.24545000
4 5.27847900 0.16554400 0.00000100 0.00000000 0.00000000 0.04851100
5 2.63886500 -13.19337100 1.00678900 1.51325300 1.31167000 -1.77504000
6 -6.21447800 -0.00000900 -0.00002600 -3.12489416 -0.90747922 2.51840044
7 11.94488500 0.00000000 0.00000000 -1.08549960 -0.14175892 1.98604719
8 10.62018800 0.00000000 0.00000000 0.21583801 0.23815069 2.65290093
9 -4.75110800 -0.69449800 0.83058000 -0.03446100 -0.21695400 0.92099800
10 -1.68806800 0.00004700 -0.00003100 0.01720600 -0.01778800 0.67054700
11 -1.33614000 0.00005500 -0.00001000 0.02395800 0.01094800 0.12574300
12 -4.82049400 -0.50946400 -0.22475900 -0.15384000 -0.16811200 0.99849900
13 -1.82698400 -0.00006900 0.00000800 -0.01882500 0.03582500 0.79056000
14 -1.43656900 0.00000400 0.00000300 -0.01431300 -0.07643700 0.09379700
15 -3.99235700 -0.89119100 -1.82790900 -0.49324900 -0.06901200 0.97386700
16 -1.40591800 -0.00002500 -0.00000200 0.00811900 -0.02831200 0.59474800
17 -1.17535800 0.00012600 -0.00001900 0.03129900 0.06025400 0.38288200
18 -4.52675100 -0.69058000 -1.12074100 -0.38897700 -0.12419900 1.09123500
19 -1.74403800 0.00003200 -0.00000800 -0.00755800 -0.02862900 0.66790600
20 -1.36877100 0.00002300 0.00000200 0.02002600 0.04848400 0.28774100
21 -1.81420000 -1.33120500 1.23969500 2.18702700 0.33107100 0.99691500
22 -1.45527300 0.24653800 0.11068800 0.02849000 0.22200500 0.26584100
23 -1.59928500 0.00001100 0.00001500 0.06130100 -0.02982000 0.63084300
24 5.51182000 0.00000800 -0.00000200 1.52382241 0.00075352 3.14084760
25 0.19684600 -0.00000200 0.00000300 2.79340687 -0.00083585 -3.14135494
26 2.82592000 -12.20576800 -2.78509900 1.97586200 1.15991000 1.84280300
27 6.21448600 0.00000800 0.00001900 1.14468617 0.97196046 0.51556629
28 11.94488800 -0.00003100 -0.00020000 0.37701065 -0.33400365 -2.03097138
29 10.62016500 0.00000200 0.00000600 -1.41449181 -0.01988718 -0.20475578
30 4.75115800 0.69437400 -0.83047400 0.26741900 -0.00364900 0.21647400
31 1.68806500 -0.00002200 0.00000200 0.02335100 -0.00829300 0.20920400
32 1.33615100 -0.00005100 -0.00000900 0.01985900 -0.03329900 -0.16675400
33 4.82051500 0.50933800 0.22486600 0.03347000 -0.12287400 0.39838700
34 1.82699200 0.00006600 0.00001000 -0.03534300 0.01984000 0.21433800
35 1.43658100 -0.00000600 0.00001000 0.01360000 -0.00676900 -0.26782100
36 3.99235300 0.89108700 1.82799300 -0.32681200 -0.33046500 0.35231600
37 1.40592600 0.00003100 -0.00000300 0.01856900 -0.02296800 0.19561900
38 1.17536200 -0.00013200 0.00000100 0.00782000 0.12305300 0.01856100
39 4.52675800 0.69046400 1.12084300 -0.23579900 -0.19180600 0.40652300
40 1.74404100 -0.00003100 -0.00000200 0.00526300 -0.02915000 0.23240300
41 1.36876700 -0.00003100 -0.00001800 -0.00637400 0.15858000 -0.22582000
42 1.87485700 0.93508100 -0.99912900 1.65927700 0.64436000 0.47223500
43 1.52345300 -0.00003200 -0.00000200 0.02814800 0.17161300 0.26444200
44 1.59928100 -0.00000400 0.00001000 0.04225700 0.07207700 -0.21348300
45 5.51180600 -0.00000200 0.00000300 -0.23579700 0.00000500 0.00000700
46 0.19684900 0.00000300 -0.00000100 -0.34822500 0.00001500 -0.00000200
47 0.00000000 0.00000000 0.00000000 0.00000000 0.00000000 -1.57079600
48 -6.90295206 -15.85647835 -7.10907302 -0.10895472 0.28142860 0.48452236
49 -4.33264200 23.59507800 -4.02389200 0.00000000 0.00000000 -3.14156200
50 2.10522741 40.22868790 -3.68382206 -0.12542461 0.24276592 -2.61405753
51 -0.36274600 4.25262100 -2.41192700 0.78661900 0.97886900 -2.97453700
52 -0.32321000 0.41904200 1.84076700 0.00000000 0.00000000 0.00000000
53 0.56381800 0.00000000 0.00000000 0.65012491 -0.21931278 -0.26201710
54 21.78950186 -1.05176111 -4.71975832 -2.82668668 -0.73807116 -0.87013887
time 13
0 -0.00000100 7.45008900 -27.50902600 0.00000000 0.00000000 0.00003100
1 -0.00000200 0.00000000 0.00000000 1.57074700 -1.56714200 -1.57074700
2 4.25546600 -0.33518300 -0.00000200 0.00000000 0.00000000 -0.12484800
3 7.43125000 1.49647900 0.00000200 0.00000000 0.00000000 0.24545000
4 5.27847900 0.16554400 0.00000100 0.00000000 0.00000000 0.04851100
5 2.63886500 -13.19337100 1.00678900 1.51325300 1.31167000 -1.77504000
6 -6.21447800 -0.00000900 -0.00002600 -3.12585440 -0.90966828 2.51710999
7 11.94488500 0.00000000 0.00000000 -1.08506986 -0.14032631 1.98322913
8 10.62018800 0.00000000 0.00000000 0.22182458 0.24624541 2.65721299
9 -4.75110800 -0.69449800 0.83058000 -0.03446100 -0.21695400 0.92099800
10 -1.68806800 0.00004700 -0.00003100 0.01720600 -0.01778800 0.67054700
11 -1.33614000 0.00005500 -0.00001000 0.02395800 0.01094800 0.12574300
12 -4.82049400 -0.50946400 -0.22475900 -0.15384000 -0.16811200 0.99849900
13 -1.82698400 -0.00006900 0.00000800 -0.01882500 0.03582500 0.79056000
14 -1.43656900 0.00000400 0.00000300 -0.01431300 -0.07643700 0.09379700
15 -3.99235700 -0.89119100 -1.82790900 -0.49324900 -0.06901200 0.97386700
16 -1.40591800 -0.00002500 -0.00000200 0.00811900 -0.02831200 0.59474800
17 -1.17535800 0.00012600 -0.00001900 0.03129900 0.06025400 0.38288200
18 -4.52675100 -0.69058000 -1.12074100 -0.38897700 -0.12419900 1.09123500
19 -1.74403800 0.00003200 -0.00000800 -0.00755800 -0.02862900 0.66790600
20 -1.36877100 0.00002300 0.00000200 0.02002600 0.04848400 0.28774100
21 -1.81420000 -1.33120500 1.23969500 2.18702700 0.33107100 0.99691500
22 -1.45527300 0.24653800 0.11068800 0.02849000 0.22200500 0.26584100
23 -1.59928500 0.00001100 0.00001500 0.06130100 -0.02982000 0.63084300
24 5.51182000 0.00000800 -0.00000200 1.52382241 0.00075352 3.14084760
25 0.19684600 -0.00000200 0.00000300 2.79340687 -0.00083585 -3.14135494
26 2.82592000 -12.20576800 -2.78509900 1.97586200 1.15991000 1.84280300
27 6.21448600 0.00000800 0.00001900 1.14724822 0.97017751 0.51867223
28 11.94488800 -0.00003100 -0.00020000 0.37476254 -0.33462321 -2.02398947
29 10.62016500 0.00000200 0.00000600 -1.41591150 -0.02415235 -0.21296951
30 4.75115800 0.69437400 -0.83047400 0.26741900 -0.00364900 0.21647400
31 1.68806500 -0.00002200 0.00000200 0.02335100 -0.00829300 0.20920400
32 1.33615100 -0.00005100 -0.00000900 0.01985900 -0.03329900 -0.16675400
33 4.82051500 0.50933800 0.22486600 0.03347000 -0.12287400 0.39838700
34 1.82699200 0.00006600 0.00001000 -0.03534300 0.01984000 0.21433800
35 1.43658100 -0.00000600 0.00001000 0.01360000 -0.00676900 -0.26782100
36 3.99235300 0.89108700 1.82799300 -0.32681200 -0.33046500 0.35231600
37 1.40592600 0.00003100 -0.00000300 0.01856900 -0.02296800 0.19561900
38 1.17536200 -0.00013200 0.00000100 0.00782000 0.12305300 0.01856100
39 4.52675800 0.69046400 1.12084300 -0.23579900 -0.19180600 0.40652300
40 1.74404100 -0.00003100 -0.00000200 0.00526300 -0.02915000 0.23240300
41 1.36876700 -0.00003100 -0.00001800 -0.00637400 0.15858000 -0.22582000
42 1.87485700 0.93508100 -0.99912900 1.65927700 0.64436000 0.47223500
43 1.52345300 -0.00003200 -0.00000200 0.02814800 0.17161300 0.26444200
44 1.59928100 -0.00000400 0.00001000 0.04225700 0.07207700 -0.21348300
45 5.51180600 -0.00000200 0.00000300 -0.23579700 0.00000500 0.00000700
46 0.19684900 0.00000300 -0.00000100 -0.34822500 0.00001500 -0.00000200
47 0.00000000 0.00000000 0.00000000 0.00000000 0.00000000 -1.57079600
48 -6.84804579 -15.85462450 -7.16533191 -0.10935651 0.28835857 0.48558059
49 -4.33264200 23.59507800 -4.02389200 0.00000000 0.00000000 -3.14156200
50 2.05305379 40.22868790 -3.73955033 -0.12570299 0.24983250 -2.61298572
51 -0.36274600 4.25262100 -2.41192700 0.78661900 0.97886900 -2.97453700
52 -0.32321000 0.41904200 1.84076700 0.00000000 0.00000000 0.00000000
53 0.56381800 0.00000000 0.00000000 0.65931733 -0.27205121 -0.28756853
54 21.75683545 -1.06320568 -4.52949746 -2.81871975 -0.74200854 -0.87686878
time 14
0 -0.00000100 7.45008900 -27.50902600 0.00000000 0.00000000 0.00003100
1 -0.00000200 0.00000000 0.00000000 1.57074700 -1.56714200 -1.57074700
2 4.25546600 -0.33518300 -0.00000200 0.00000000 0.00000000 -0.12484800
3 7.43125000 1.49647900 0.00000200 0.00000000 0.00000000 0.24545000
4 5.27847900 0.16554400 0.00000100 0.00000000 0.00000000 0.04851100
5 2.63886500 -13.19337100 1.00678900 1.51325300 1.31167000 -1.77504000
6 -6.21447800 -0.00000900 -0.00002600 -3.12852428 -0.91288082 2.51701502
7 11.94488500 0.00000000 0.00000000 -1.08444548 -0.13834422 1.97915334
8 10.62018800 0.00000000 0.00000000 0.22726394 0.25658365 2.66164179
9 -4.75110800 -0.69449800 0.83058000 -0.03446100 -0.21695400 0.92099800
10 -1.68806800 0.00004700 -0.00003100 0.01720600 -0.01778800 0.67054700
11 -1.33614000 0.00005500 -0.00001000 0.02395800 0.01094800 0.12574300
12 -4.82049400 -0.50946400 -0.22475900 -0.15384000 -0.16811200 0.99849900
13 -1.82698400 -0.00006900 0.00000800 -0.01882500 0.03582500 0.79056000
14 -1.43656900 0.00000400 0.00000300 -0.01431300 -0.07643700 0.09379700
15 -3.99235700 -0.89119100 -1.82790900 -0.49324900 -0.06901200 0.97386700
16 -1.40591800 -0.00002500 -0.00000200 0.00811900 -0.02831200 0.59474800
17 -1.17535800 0.00012600 -0.00001900 0.03129900 0.06025400 0.38288200
18 -4.52675100 -0.69058000 -1.12074100 -0.38897700 -0.12419900 1.09123500
19 -1.74403800 0.00003200 -0.00000800 -0.00755800 -0.02862900 0.66790600
20 -1.36877100 0.00002300 0.00000200 0.02002600 0.04848400 0.28774100
21 -1.81420000 -1.33120500 1.23969500 2.18702700 0.33107100 0.99691500
22 -1.45527300 0.24653800 0.11068800 0.02849000 0.22200500 0.26584100
23 -1.59928500 0.00001100 0.00001500 0.06130100 -0.02982000 0.63084300
24 5.51182000 0.00000800 -0.00000200 1.52382241 0.00075352 3.14084760
25 0.19684600 -0.00000200 0.00000300 2.79340687 -0.00083585 -3.14135494
26 2.82592000 -12.20576800 -2.78509900 1.97586200 1.15991000 1.84280300
27 6.21448600 0.00000800 0.00001900 1.14996861 0.96824009 0.52197535
28 11.94488800 -0.00003100 -0.00020000 0.37177509 -0.33537233 -2.01473674
29 10.62016500 0.00000200 0.00000600 -1.41692831 -0.02906709 -0.22330831
30 4.75115800 0.69437400 -0.83047400 0.26741900 -0.00364900 0.21647400
31 1.68806500 -0.00002200 0.00000200 0.02335100 -0.00829300 0.20920400
32 1.33615100 -0.00005100 -0.00000900 0.01985900 -0.03329900 -0.16675400
33 4.82051500 0.50933800 0.22486600 0.03347000 -0.12287400 0.39838700
34 1.82699200 0.00006600 0.00001000 -0.03534300 0.01984000 0.21433800
35 1.43658100 -0.00000600 0.00001000 0.01360000 -0.00676900 -0.26782100
36 3.99235300 0.89108700 1.82799300 -0.32681200 -0.33046500 0.35231600
37 1.40592600 0.00003100 -0.00000300 0.01856900 -0.02296800 0.19561900
38 1.17536200 -0.00013200 0.00000100 0.00782000 0.12305300 0.01856100
39 4.52675800 0.69046400 1.12084300 -0.23579900 -0.19180600 0.40652300
40 1.74404100 -0.00003100 -0.00000200 0.00526300 -0.02915000 0.23240300
41 1.36876700 -0.00003100 -0.00001800 -0.00637400 0.15858000 -0.22582000
42 1.87485700 0.93508100 -0.99912900 1.65927700 0.64436000 0.47223500
43 1.52345300 -0.00003200 -0.00000200 0.02814800 0.17161300 0.26444200
44 1.59928100 -0.00000400 0.00001000 0.04225700 0.07207700 -0.21348300
45 5.51180600 -0.00000200 0.00000300 -0.23579700 0.00000500 0.00000700
46 0.19684900 0.00000300 -0.00000100 -0.34822500 0.00001500 -0.00000200
47 0.00000000 0.00000000 0.00000000 0.00000000 0.00000000 -1.57079600
48 -6.79085282 -15.85301952 -7.25002620 -0.10976889 0.29482196 0.48674928
49 -4.33264200 23.59507800 -4.02389200 0.00000000 0.00000000 -3.14156200
50 1.99825696 40.22868790 -3.82377229 -0.12600049 0.25635286 -2.61181323
51 -0.36274600 4.25262100 -2.41192700 0.78661900 0.97886900 -2.97453700
52 -0.32321000 0.41904200 1.84076700 0.00000000 0.00000000 0.00000000
53 0.56381800 0.00000000 0.00000000 0.66665021 -0.31756790 -0.31216067
54 21.70869766 -1.07991712 -4.32651792 -2.81130584 -0.74568552 -0.88343941
time 15
0 -0.00000100 7.45008900 -27.50902600 0.00000000 0.00000000 0.00003100
1 -0.00000200 0.00000000 0.00000000 1.57074700 -1.56714200 -1.57074700
2 4.25546600 -0.33518300 -0.00000200 0.00000000 0.00000000 -0.12484800
3 7.43125000 1.49647900 0.00000200 0.00000000 0.00000000 0.24545000
4 5.27847900 0.16554400 0.00000100 0.00000000 0.00000000 0.04851100
5 2.63886500 -13.19337100 1.00678900 1.51325300 1.31167000 -1.77504000
6 -6.21447800 -0.00000900 -0.00002600 -3.13159582 -0.91595542 2.51765740
7 11.94488500 0.00000000 0.00000000 -1.08382468 -0.13658471 1.97550324
8 10.62018800 0.00000000 0.00000000 0.23345752 0.26520191 2.66659004
9 -4.75110800 -0.69449800 0.83058000 -0.03446100 -0.21695400 0.92099800
10 -1.68806800 0.00004700 -0.00003100 0.01720600 -0.01778800 0.67054700
11 -1.33614000 0.00005500 -0.00001000 0.02395800 0.01094800 0.12574300
12 -4.82049400 -0.50946400 -0.22475900 -0.15384000 -0.16811200 0.99849900
13 -1.82698400 -0.00006900 0.00000800 -0.01882500 0.03582500 0.79056000
14 -1.43656900 0.00000400 0.00000300 -0.01431300 -0.07643700 0.09379700
15 -3.99235700 -0.89119100 -1.82790900 -0.49324900 -0.06901200 0.97386700
16 -1.40591800 -0.00002500 -0.00000200 0.00811900 -0.02831200 0.59474800
17 -1.17535800 0.00012600 -0.00001900 0.03129900 0.06025400 0.38288200
18 -4.52675100 -0.69058000 -1.12074100 -0.38897700 -0.12419900 1.09123500
19 -1.74403800 0.00003200 -0.00000800 -0.00755800 -0.02862900 0.66790600
20 -1.36877100 0.00002300 0.00000200 0.02002600 0.04848400 0.28774100
21 -1.81420000 -1.33120500 1.23969500 2.18702700 0.33107100 0.99691500
22 -1.45527300 0.24653800 0.11068800 0.02849000 0.22200500 0.26584100
23 -1.59928500 0.00001100 0.00001500 0.06130100 -0.02982000 0.63084300
24 5.51182000 0.00000800 -0.00000200 1.52382241 0.00075352 3.14084760
25 0.19684600 -0.00000200 0.00000300 2.79340687 -0.00083585 -3.14135494
26 2.82592000 -12.20576800 -2.78509900 1.97586200 1.15991000 1.84280300
27 6.21448600 0.00000800 0.00001900 1.15296000 0.96587889 0.52562111
28 11.94488800 -0.00003100 -0.00020000 0.36846336 -0.33478547 -2.00465056
29 10.62016500 0.00000200 0.00000600 -1.41877025 -0.03514674 -0.23341109
30 4.75115800 0.69437400 -0.83047400 0.26741900 -0.00364900 0.21647400
31 1.68806500 -0.00002200 0.00000200 0.02335100 -0.00829300 0.20920400
32 1.33615100 -0.00005100 -0.00000900 0.01985900 -0.03329900 -0.16675400
33 4.82051500 0.50933800 0.22486600 0.03347000 -0.12287400 0.39838700
34 1.82699200 0.00006600 0.00001000 -0.03534300 0.01984000 0.21433800
35 1.43658100 -0.00000600 0.00001000 0.01360000 -0.00676900 -0.26782100
36 3.99235300 0.89108700 1.82799300 -0.32681200 -0.33046500 0.35231600
37 1.40592600 0.00003100 -0.00000300 0.01856900 -0.02296800 0.19561900
38 1.17536200 -0.00013200 0.00000100 0.00782000 0.12305300 0.01856100
39 4.52675800 0.69046400 1.12084300 -0.23579900 -0.19180600 0.40652300
40 1.74404100 -0.00003100 -0.00000200 0.00526300 -0.02915000 0.23240300
41 1.36876700 -0.00003100 -0.00001800 -0.00637400 0.15858000 -0.22582000
42 1.87485700 0.93508100 -0.99912900 1.65927700 0.64436000 0.47223500
43 1.52345300 -0.00003200 -0.00000200 0.02814800 0.17161300 0.26444200
44 1.59928100 -0.00000400 0.00001000 0.04225700 0.07207700 -0.21348300
45 5.51180600 -0.00000200 0.00000300 -0.23579700 0.00000500 0.00000700
46 0.19684900 0.00000300 -0.00000100 -0.34822500 0.00001500 -0.00000200
47 0.00000000 0.00000000 0.00000000 0.00000000 0.00000000 -1.57079600
48 -6.73695780 -15.85178268 -7.33625587 -0.10860203 0.30125605 0.48815117
49 -4.33264200 23.59507800 -4.02389200 0.00000000 0.00000000 -3.14156200
50 1.94750698 40.22868790 -3.91090683 -0.12462262 0.26274685 -2.61035576
51 -0.36274600 4.25262100 -2.41192700 0.78661900 0.97886900 -2.97453700
52 -0.32321000 0.41904200 1.84076700 0.00000000 0.00000000 0.00000000
53 0.56381800 0.00000000 0.00000000 0.67127290 -0.35078580 -0.33342753
54 21.66053969 -1.10522020 -4.12584379 -2.80499592 -0.75050114 -0.88915517
time 16
0 -0.00000100 7.45008900 -27.50902600 0.00000000 0.00000000 0.00003100
1 -0.00000200 0.00000000 0.00000000 1.57074700 -1.56714200 -1.57074700
2 4.25546600 -0.33518300 -0.00000200 0.00000000 0.00000000 -0.12484800
3 7.43125000 1.49647900 0.00000200 0.00000000 0.00000000 0.24545000
4 5.27847900 0.16554400 0.00000100 0.00000000 0.00000000 0.04851100
5 2.63886500 -13.19337100 1.00678900 1.51325300 1.31167000 -1.77504000
6 -6.21447800 -0.00000900 -0.00002600 -3.13516286 -0.91886430 2.51920230
7 11.94488500 0.00000000 0.00000000 -1.08336327 -0.13502156 1.97240507
8 10.62018800 0.00000000 0.00000000 0.24038535 0.27181999 2.67206988
9 -4.75110800 -0.69449800 0.83058000 -0.03446100 -0.21695400 0.92099800
10 -1.68806800 0.00004700 -0.00003100 0.01720600 -0.01778800 0.67054700
11 -1.33614000 0.00005500 -0.00001000 0.02395800 0.01094800 0.12574300
12 -4.82049400 -0.50946400 -0.22475900 -0.15384000 -0.16811200 0.99849900
13 -1.82698400 -0.00006900 0.00000800 -0.01882500 0.03582500 0.79056000
14 -1.43656900 0.00000400 0.00000300 -0.01431300 -0.07643700 0.09379700
15 -3.99235700 -0.89119100 -1.82790900 -0.49324900 -0.06901200 0.97386700
16 -1.40591800 -0.00002500 -0.00000200 0.00811900 -0.02831200 0.59474800
17 -1.17535800 0.00012600 -0.00001900 0.03129900 0.06025400 0.38288200
18 -4.52675100 -0.69058000 -1.12074100 -0.38897700 -0.12419900 1.09123500
19 -1.74403800 0.00003200 -0.00000800 -0.00755800 -0.02862900 0.66790600
20 -1.36877100 0.00002300 0.00000200 0.02002600 0.04848400 0.28774100
21 -1.81420000 -1.33120500 1.23969500 2.18702700 0.33107100 0.99691500
22 -1.45527300 0.24653800 0.11068800 0.02849000 0.22200500 0.26584100
23 -1.59928500 0.00001100 0.00001500 0.06130100 -0.02982000 0.63084300
24 5.51182000 0.00000800 -0.00000200 1.52382241 0.00075352 3.14084760
25 0.19684600 -0.00000200 0.00000300 2.79340687 -0.00083585 -3.14135494
26 2.82592000 -12.20576800 -2.78509900 1.97586200 1.15991000 1.84280300
27 6.21448600 0.00000800 0.00001900 1.15621277 0.96302117 0.52960316
28 11.94488800 -0.00003100 -0.00020000 0.36478143 -0.33257347 -1.99355437
29 10.62016500 0.00000200 0.00000600 -1.42160499 -0.04263688 -0.24322674
30 4.75115800 0.69437400 -0.83047400 0.26741900 -0.00364900 0.21647400
31 1.68806500 -0.00002200 0.00000200 0.02335100 -0.00829300 0.20920400
32 1.33615100 -0.00005100 -0.00000900 0.01985900 -0.03329900 -0.16675400
33 4.82051500 0.50933800 0.22486600 0.03347000 -0.12287400 0.39838700
34 1.82699200 0.00006600 0.00001000 -0.03534300 0.01984000 0.21433800
35 1.43658100 -0.00000600 0.00001000 0.01360000 -0.00676900 -0.26782100
36 3.99235300 0.89108700 1.82799300 -0.32681200 -0.33046500 0.35231600
37 1.40592600 0.00003100 -0.00000300 0.01856900 -0.02296800 0.19561900
38 1.17536200 -0.00013200 0.00000100 0.00782000 0.12305300 0.01856100
39 4.52675800 0.69046400 1.12084300 -0.23579900 -0.19180600 0.40652300
40 1.74404100 -0.00003100 -0.00000200 0.00526300 -0.02915000 0.23240300
41 1.36876700 -0.00003100 -0.00001800 -0.00637400 0.15858000 -0.22582000
42 1.87485700 0.93508100 -0.99912900 1.65927700 0.64436000 0.47223500
43 1.52345300 -0.00003200 -0.00000200 0.02814800 0.17161300 0.26444200
44 1.59928100 -0.00000400 0.00001000 0.04225700 0.07207700 -0.21348300
45 5.51180600 -0.00000200 0.00000300 -0.23579700 0.00000500 0.00000700
46 0.19684900 0.00000300 -0.00000100 -0.34822500 0.00001500 -0.00000200
47 0.00000000 0.00000000 0.00000000 0.00000000 0.00000000 -1.57079600
48 -6.68706094 -15.85101939 -7.42406080 -0.10536820 0.30742190 0.48980682
49 -4.33264200 23.59507800 -4.02389200 0.00000000 0.00000000 -3.14156200
50 1.90161320 40.22868790 -4.00129028 -0.12135903 0.26910149 -2.60866950
51 -0.36274600 4.25262100 -2.41192700 0.78661900 0.97886900 -2.97453700
52 -0.32321000 0.41904200 1.84076700 0.00000000 0.00000000 0.00000000
53 0.56381800 0.00000000 0.00000000 0.67184374 -0.36929267 -0.34985195
54 21.61242013 -1.14091665 -3.92997215 -2.80019914 -0.75665628 -0.89386084
time 17
0 -0.00000100 7.45008900 -27.50902600 0.00000000 0.00000000 0.00003100
1 -0.00000200 0.00000000 0.00000000 1.57074700 -1.56714200 -1.57074700
2 4.25546600 -0.33518300 -0.00000200 0.00000000 0.00000000 -0.12484800
3 7.43125000 1.49647900 0.00000200 0.00000000 0.00000000 0.24545000
4 5.27847900 0.16554400 0.00000100 0.00000000 0.00000000 0.04851100
5 2.63886500 -13.19337100 1.00678900 1.51325300 1.31167000 -1.77504000
6 -6.21447800 -0.00000900 -0.00002600 -3.13863757 -0.92075653 2.52184749
7 11.94488500 0.00000000 0.00000000 -1.08334604 -0.13432948 1.97236805
8 10.62018800 0.00000000 0.00000000 0.24848279 0.26935420 2.67752306
9 -4.75110800 -0.69449800 0.83058000 -0.03446100 -0.21695400 0.92099800
10 -1.68806800 0.00004700 -0.00003100 0.01720600 -0.01778800 0.67054700
11 -1.33614000 0.00005500 -0.00001000 0.02395800 0.01094800 0.12574300
12 -4.82049400 -0.50946400 -0.22475900 -0.15384000 -0.16811200 0.99849900
13 -1.82698400 -0.00006900 0.00000800 -0.01882500 0.03582500 0.79056000
14 -1.43656900 0.00000400 0.00000300 -0.01431300 -0.07643700 0.09379700
15 -3.99235700 -0.89119100 -1.82790900 -0.49324900 -0.06901200 0.97386700
16 -1.40591800 -0.00002500 -0.00000200 0.00811900 -0.02831200 0.59474800
17 -1.17535800 0.00012600 -0.00001900 0.03129900 0.06025400 0.38288200
18 -4.52675100 -0.69058000 -1.12074100 -0.38897700 -0.12419900 1.09123500
19 -1.74403800 0.00003200 -0.00000800 -0.00755800 -0.02862900 0.66790600
20 -1.36877100 0.00002300 0.00000200 0.02002600 0.04848400 0.28774100
21 -1.81420000 -1.33120500 1.23969500 2.18702700 0.33107100 0.99691500
22 -1.45527300 0.24653800 0.11068800 0.02849000 0.22200500 0.26584100
23 -1.59928500 0.00001100 0.00001500 0.06130100 -0.02982000 0.63084300
24 5.51182000 0.00000800 -0.00000200 1.52382241 0.00075352 3.14084760
25 0.19684600 -0.00000200 0.00000300 2.79340687 -0.00083585 -3.14135494
26 2.82592000 -12.20576800 -2.78509900 1.97586200 1.15991000 1.84280300
27 6.21448600 0.00000800 0.00001900 1.16266720 0.95766211 0.53751060
28 11.94488800 -0.00003100 -0.00020000 0.36312819 -0.32885560 -1.98877700
29 10.62016500 0.00000200 0.00000600 -1.42632091 -0.04740706 -0.24563328
30 4.75115800 0.69437400 -0.83047400 0.26741900 -0.00364900 0.21647400
31 1.68806500 -0.00002200 0.00000200 0.02335100 -0.00829300 0.20920400
32 1.33615100 -0.00005100 -0.00000900 0.01985900 -0.03329900 -0.16675400
33 4.82051500 0.50933800 0.22486600 0.03347000 -0.12287400 0.39838700
34 1.82699200 0.00006600 0.00001000 -0.03534300 0.01984000 0.21433800
35 1.43658100 -0.00000600 0.00001000 0.01360000 -0.00676900 -0.26782100
36 3.99235300 0.89108700 1.82799300 -0.32681200 -0.33046500 0.35231600
37 1.40592600 0.00003100 -0.00000300 0.01856900 -0.02296800 0.19561900
38 1.17536200 -0.00013200 0.00000100 0.00782000 0.12305300 0.01856100
39 4.52675800 0.69046400 1.12084300 -0.23579900 -0.19180600 0.40652300
40 1.74404100 -0.00003100 -0.00000200 0.00526300 -0.02915000 0.23240300
41 1.36876700 -0.00003100 -0.00001800 -0.00637400 0.15858000 -0.22582000
42 1.87485700 0.93508100 -0.99912900 1.65927700 0.64436000 0.47223500
43 1.52345300 -0.00003200 -0.00000200 0.02814800 0.17161300 0.26444200
44 1.59928100 -0.00000400 0.00001000 0.04225700 0.07207700 -0.21348300
45 5.51180600 -0.00000200 0.00000300 -0.23579700 0.00000500 0.00000700
46 0.19684900 0.00000300 -0.00000100 -0.34822500 0.00001500 -0.00000200
47 0.00000000 0.00000000 0.00000000 0.00000000 0.00000000 -1.57079600
48 -6.64740399 -15.85255033 -7.49219940 -0.09641035 0.31131959 0.49239895
49 -4.33264200 23.59507800 -4.02389200 0.00000000 0.00000000 -3.14156200
50 1.86772401 40.22868790 -4.07730094 -0.11235888 0.27309785 -2.60610345
51 -0.36274600 4.25262100 -2.41192700 0.78661900 0.97886900 -2.97453700
52 -0.32321000 0.41904200 1.84076700 0.00000000 0.00000000 0.00000000
53 0.56381800 0.00000000 0.00000000 0.65158800 -0.35996175 -0.36255315
54 21.57662231 -1.19674481 -3.81446542 -2.80217081 -0.76616197 -0.89382009
time 18
0 -0.00000100 7.45008900 -27.50902600 0.00000000 0.00000000 0.00003100
1 -0.00000200 0.00000000 0.00000000 1.57074700 -1.56714200 -1.57074700
2 4.25546600 -0.33518300 -0.00000200 0.00000000 0.00000000 -0.12484800
3 7.43125000 1.49647900 0.00000200 0.00000000 0.00000000 0.24545000
4 5.27847900 0.16554400 0.00000100 0.00000000 0.00000000 0.04851100
5 2.63886500 -13.19337100 1.00678900 1.51325300 1.31167000 -1.77504000
6 -6.21447800 -0.00000900 -0.00002600 3.14112826 -0.92207389 2.52504038
7 11.94488500 0.00000000 0.00000000 -1.08368133 -0.13401927 1.97410310
8 10.62018800 0.00000000 0.00000000 0.25693277 0.26127748 2.68244940
9 -4.75110800 -0.69449800 0.83058000 -0.03446100 -0.21695400 0.92099800
10 -1.68806800 0.00004700 -0.00003100 0.01720600 -0.01778800 0.67054700
11 -1.33614000 0.00005500 -0.00001000 0.02395800 0.01094800 0.12574300
12 -4.82049400 -0.50946400 -0.22475900 -0.15384000 -0.16811200 0.99849900
13 -1.82698400 -0.00006900 0.00000800 -0.01882500 0.03582500 0.79056000
14 -1.43656900 0.00000400 0.00000300 -0.01431300 -0.07643700 0.09379700
15 -3.99235700 -0.89119100 -1.82790900 -0.49324900 -0.06901200 0.97386700
16 -1.40591800 -0.00002500 -0.00000200 0.00811900 -0.02831200 0.59474800
17 -1.17535800 0.00012600 -0.00001900 0.03129900 0.06025400 0.38288200
18 -4.52675100 -0.69058000 -1.12074100 -0.38897700 -0.12419900 1.09123500
19 -1.74403800 0.00003200 -0.00000800 -0.00755800 -0.02862900 0.66790600
20 -1.36877100 0.00002300 0.00000200 0.02002600 0.04848400 0.28774100
21 -1.81420000 -1.33120500 1.23969500 2.18702700 0.33107100 0.99691500
22 -1.45527300 0.24653800 0.11068800 0.02849000 0.22200500 0.26584100
23 -1.59928500 0.00001100 0.00001500 0.06130100 -0.02982000 0.63084300
24 5.51182000 0.00000800 -0.00000200 1.52382241 0.00075352 3.14084760
25 0.19684600 -0.00000200 0.00000300 2.79340687 -0.00083585 -3.14135494
26 2.82592000 -12.20576800 -2.78509900 1.97586200 1.15991000 1.84280300
27 6.21448600 0.00000800 0.00001900 1.17066735 0.95085488 0.54735365
28 11.94488800 -0.00003100 -0.00020000 0.36263126 -0.32434711 -1.98761206
29 10.62016500 0.00000200 0.00000600 -1.43218529 -0.05050749 -0.24379348
30 4.75115800 0.69437400 -0.83047400 0.26741900 -0.00364900 0.21647400
31 1.68806500 -0.00002200 0.00000200 0.02335100 -0.00829300 0.20920400
32 1.33615100 -0.00005100 -0.00000900 0.01985900 -0.03329900 -0.16675400
33 4.82051500 0.50933800 0.22486600 0.03347000 -0.12287400 0.39838700
34 1.82699200 0.00006600 0.00001000 -0.03534300 0.01984000 0.21433800
35 1.43658100 -0.00000600 0.00001000 0.01360000 -0.00676900 -0.26782100
36 3.99235300 0.89108700 1.82799300 -0.32681200 -0.33046500 0.35231600
37 1.40592600 0.00003100 -0.00000300 0.01856900 -0.02296800 0.19561900
38 1.17536200 -0.00013200 0.00000100 0.00782000 0.12305300 0.01856100
39 4.52675800 0.69046400 1.12084300 -0.23579900 -0.19180600 0.40652300
40 1.74404100 -0.00003100 -0.00000200 0.00526300 -0.02915000 0.23240300
41 1.36876700 -0.00003100 -0.00001800 -0.00637400 0.15858000 -0.22582000
42 1.87485700 0.93508100 -0.99912900 1.65927700 0.64436000 0.47223500
43 1.52345300 -0.00003200 -0.00000200 0.02814800 0.17161300 0.26444200
44 1.59928100 -0.00000400 0.00001000 0.04225700 0.07207700 -0.21348300
45 5.51180600 -0.00000200 0.00000300 -0.23579700 0.00000500 0.00000700
46 0.19684900 0.00000300 -0.00000100 -0.34822500 0.00001500 -0.00000200
47 0.00000000 0.00000000 0.00000000 0.00000000 0.00000000 -1.57079600
48 -6.61380013 -15.85555953 -7.54782196 -0.08397528 0.31350214 0.49551722
49 -4.33264200 23.59507800 -4.02389200 0.00000000 0.00000000 -3.14156200
50 1.84069457 40.22868790 -4.14391916 -0.09994240 0.27528102 -2.60292904
51 -0.36274600 4.25262100 -2.41192700 0.78661900 0.97886900 -2.97453700
52 -0.32321000 0.41904200 1.84076700 0.00000000 0.00000000 0.00000000
53 0.56381800 0.00000000 0.00000000 0.61889442 -0.33506800 -0.37295468
54 21.54676391 -1.26426493 -3.75493622 -2.80872459 -0.77733423 -0.89069579
time 19
0 -0.00000100 7.45008900 -27.50902600 0.00000000 0.00000000 0.00003100
1 -0.00000200 0.00000000 0.00000000 1.57074700 -1.56714200 -1.57074700
2 4.25546600 -0.33518300 -0.00000200 0.00000000 0.00000000 -0.12484800
3 7.43125000 1.49647900 0.00000200 0.00000000 0.00000000 0.24545000
4 5.27847900 0.16554400 0.00000100 0.00000000 0.00000000 0.04851100
5 2.63886500 -13.19337100 1.00678900 1.51325300 1.31167000 -1.77504000
6 -6.21447800 -0.00000900 -0.00002600 3.13902809 -0.92192996 2.52815708
7 11.94488500 0.00000000 0.00000000 -1.08433445 -0.13459504 1.97834007
8 10.62018800 0.00000000 0.00000000 0.26523641 0.24640057 2.68659767
9 -4.75110800 -0.69449800 0.83058000 -0.03446100 -0.21695400 0.92099800
10 -1.68806800 0.00004700 -0.00003100 0.01720600 -0.01778800 0.67054700
11 -1.33614000 0.00005500 -0.00001000 0.02395800 0.01094800 0.12574300
12 -4.82049400 -0.50946400 -0.22475900 -0.15384000 -0.16811200 0.99849900
13 -1.82698400 -0.00006900 0.00000800 -0.01882500 0.03582500 0.79056000
14 -1.43656900 0.00000400 0.00000300 -0.01431300 -0.07643700 0.09379700
15 -3.99235700 -0.89119100 -1.82790900 -0.49324900 -0.06901200 0.97386700
16 -1.40591800 -0.00002500 -0.00000200 0.00811900 -0.02831200 0.59474800
17 -1.17535800 0.00012600 -0.00001900 0.03129900 0.06025400 0.38288200
18 -4.52675100 -0.69058000 -1.12074100 -0.38897700 -0.12419900 1.09123500
19 -1.74403800 0.00003200 -0.00000800 -0.00755800 -0.02862900 0.66790600
20 -1.36877100 0.00002300 0.00000200 0.02002600 0.04848400 0.28774100
21 -1.81420000 -1.33120500 1.23969500 2.18702700 0.33107100 0.99691500
22 -1.45527300 0.24653800 0.11068800 0.02849000 0.22200500 0.26584100
23 -1.59928500 0.00001100 0.00001500 0.06130100 -0.02982000 0.63084300
24 5.51182000 0.00000800 -0.00000200 1.52382241 0.00075352 3.14084760
25 0.19684600 -0.00000200 0.00000300 2.79340687 -0.00083585 -3.14135494
26 2.82592000 -12.20576800 -2.78509900 1.97586200 1.15991000 1.84280300
27 6.21448600 0.00000800 0.00001900 1.17937245 0.94304960 0.55812832
28 11.94488800 -0.00003100 -0.00020000 0.36370215 -0.31866015 -1.99145572
29 10.62016500 0.00000200 0.00000600 -1.43924869 -0.05182463 -0.23629606
30 4.75115800 0.69437400 -0.83047400 0.26741900 -0.00364900 0.21647400
31 1.68806500 -0.00002200 0.00000200 0.02335100 -0.00829300 0.20920400
32 1.33615100 -0.00005100 -0.00000900 0.01985900 -0.03329900 -0.16675400
33 4.82051500 0.50933800 0.22486600 0.03347000 -0.12287400 0.39838700
34 1.82699200 0.00006600 0.00001000 -0.03534300 0.01984000 0.21433800
35 1.43658100 -0.00000600 0.00001000 0.01360000 -0.00676900 -0.26782100
36 3.99235300 0.89108700 1.82799300 -0.32681200 -0.33046500 0.35231600
37 1.40592600 0.00003100 -0.00000300 0.01856900 -0.02296800 0.19561900
38 1.17536200 -0.00013200 0.00000100 0.00782000 0.12305300 0.01856100
39 4.52675800 0.69046400 1.12084300 -0.23579900 -0.19180600 0.40652300
40 1.74404100 -0.00003100 -0.00000200 0.00526300 -0.02915000 0.23240300
41 1.36876700 -0.00003100 -0.00001800 -0.00637400 0.15858000 -0.22582000
42 1.87485700 0.93508100 -0.99912900 1.65927700 0.64436000 0.47223500
43 1.52345300 -0.00003200 -0.00000200 0.02814800 0.17161300 0.26444200
44 1.59928100 -0.00000400 0.00001000 0.04225700 0.07207700 -0.21348300
45 5.51180600 -0.00000200 0.00000300 -0.23579700 0.00000500 0.00000700
46 0.19684900 0.00000300 -0.00000100 -0.34822500 0.00001500 -0.00000200
47 0.00000000 0.00000000 0.00000000 0.00000000 0.00000000 -1.57079600
48 -6.59452129 -15.85998649 -7.56837306 -0.06880405 0.31407052 0.49880716
49 -4.33264200 23.59507800 -4.02389200 0.00000000 0.00000000 -3.14156200
50 1.82891311 40.22868790 -4.17787207 -0.08491859 0.27595975 -2.59962096
51 -0.36274600 4.25262100 -2.41192700 0.78661900 0.97886900 -2.97453700
52 -0.32321000 0.41904200 1.84076700 0.00000000 0.00000000 0.00000000
53 0.56381800 0.00000000 0.00000000 0.55905981 -0.28579353 -0.38566878
54 21.53782760 -1.33989852 -3.76081022 -2.81931237 -0.78982898 -0.88452346
time 20
0 -0.00000100 7.45008900 -27.50902600 0.00000000 0.00000000 0.00003100
1 -0.00000200 0.00000000 0.00000000 1.57074700 -1.56714200 -1.57074700
2 4.25546600 -0.33518300 -0.00000200 0.00000000 0.00000000 -0.12484800
3 7.43125000 1.49647900 0.00000200 0.00000000 0.00000000 0.24545000
4 5.27847900 0.16554400 0.00000100 0.00000000 0.00000000 0.04851100
5 2.63886500 -13.19337100 1.00678900 1.51325300 1.31167000 -1.77504000
6 -6.21447800 -0.00000900 -0.00002600 3.13743693 -0.92141890 2.53108066
7 11.94488500 0.00000000 0.00000000 -1.08514914 -0.13543459 1.98341586
8 10.62018800 0.00000000 0.00000000 0.27311678 0.22934398 2.69007666
9 -4.75110800 -0.69449800 0.83058000 -0.03446100 -0.21695400 0.92099800
10 -1.68806800 0.00004700 -0.00003100 0.01720600 -0.01778800 0.67054700
11 -1.33614000 0.00005500 -0.00001000 0.02395800 0.01094800 0.12574300
12 -4.82049400 -0.50946400 -0.22475900 -0.15384000 -0.16811200 0.99849900
13 -1.82698400 -0.00006900 0.00000800 -0.01882500 0.03582500 0.79056000
14 -1.43656900 0.00000400 0.00000300 -0.01431300 -0.07643700 0.09379700
15 -3.99235700 -0.89119100 -1.82790900 -0.49324900 -0.06901200 0.97386700
16 -1.40591800 -0.00002500 -0.00000200 0.00811900 -0.02831200 0.59474800
17 -1.17535800 0.00012600 -0.00001900 0.03129900 0.06025400 0.38288200
18 -4.52675100 -0.69058000 -1.12074100 -0.38897700 -0.12419900 1.09123500
19 -1.74403800 0.00003200 -0.00000800 -0.00755800 -0.02862900 0.66790600
20 -1.36877100 0.00002300 0.00000200 0.02002600 0.04848400 0.28774100
21 -1.81420000 -1.33120500 1.23969500 2.18702700 0.33107100 0.99691500
22 -1.45527300 0.24653800 0.11068800 0.02849000 0.22200500 0.26584100
23 -1.59928500 0.00001100 0.00001500 0.06130100 -0.02982000 0.63084300
24 5.51182000 0.00000800 -0.00000200 1.52382241 0.00075352 3.14084760
25 0.19684600 -0.00000200 0.00000300 2.79340687 -0.00083585 -3.14135494
26 2.82592000 -12.20576800 -2.78509900 1.97586200 1.15991000 1.84280300
27 6.21448600 0.00000800 0.00001900 1.18789839 0.93494781 0.56875322
28 11.94488800 -0.00003100 -0.00020000 0.36511088 -0.31273182 -1.99645889
29 10.62016500 0.00000200 0.00000600 -1.44664308 -0.05266078 -0.22750949
30 4.75115800 0.69437400 -0.83047400 0.26741900 -0.00364900 0.21647400
31 1.68806500 -0.00002200 0.00000200 0.02335100 -0.00829300 0.20920400
32 1.33615100 -0.00005100 -0.00000900 0.01985900 -0.03329900 -0.16675400
33 4.82051500 0.50933800 0.22486600 0.03347000 -0.12287400 0.39838700
34 1.82699200 0.00006600 0.00001000 -0.03534300 0.01984000 0.21433800
35 1.43658100 -0.00000600 0.00001000 0.01360000 -0.00676900 -0.26782100
36 3.99235300 0.89108700 1.82799300 -0.32681200 -0.33046500 0.35231600
37 1.40592600 0.00003100 -0.00000300 0.01856900 -0.02296800 0.19561900
38 1.17536200 -0.00013200 0.00000100 0.00782000 0.12305300 0.01856100
39 4.52675800 0.69046400 1.12084300 -0.23579900 -0.19180600 0.40652300
40 1.74404100 -0.00003100 -0.00000200 0.00526300 -0.02915000 0.23240300
41 1.36876700 -0.00003100 -0.00001800 -0.00637400 0.15858000 -0.22582000
42 1.87485700 0.93508100 -0.99912900 1.65927700 0.64436000 0.47223500
43 1.52345300 -0.00003200 -0.00000200 0.02814800 0.17161300 0.26444200
44 1.59928100 -0.00000400 0.00001000 0.04225700 0.07207700 -0.21348300
45 5.51180600 -0.00000200 0.00000300 -0.23579700 0.00000500 0.00000700
46 0.19684900 0.00000300 -0.00000100 -0.34822500 0.00001500 -0.00000200
47 0.00000000 0.00000000 0.00000000 0.00000000 0.00000000 -1.57079600
48 -6.57876725 -15.86502384 -7.57889741 -0.05289498 0.31352059 0.50227046
49 -4.33264200 23.59507800 -4.02389200 0.00000000 0.00000000 -3.14156200
50 1.82052009 40.22868790 -4.20251424 -0.06903319 0.27554209 -2.59617157
51 -0.36274600 4.25262100 -2.41192700 0.78661900 0.97886900 -2.97453700
52 -0.32321000 0.41904200 1.84076700 0.00000000 0.00000000 0.00000000
53 0.56381800 0.00000000 0.00000000 0.49268575 -0.23189790 -0.40055439
54 21.53166675 -1.41747154 -3.79867693 -2.83201622 -0.80228341 -0.87675651
time 21
0 -0.00000100 7.45008900 -27.50902600 0.00000000 0.00000000 0.00003100
1 -0.00000200 0.00000000 0.00000000 1.57074700 -1.56714200 -1.57074700
2 4.25546600 -0.33518300 -0.00000200 0.00000000 0.00000000 -0.12484800
3 7.43125000 1.49647900 0.00000200 0.00000000 0.00000000 0.24545000
4 5.27847900 0.16554400 0.00000100 0.00000000 0.00000000 0.04851100
5 2.63886500 -13.19337100 1.00678900 1.51325300 1.31167000 -1.77504000
6 -6.21447800 -0.00000900 -0.00002600 3.13853360 -0.91950231 2.53182262
7 11.94488500 0.00000000 0.00000000 -1.08583763 -0.13685176 1.98788821
8 10.62018800 0.00000000 0.00000000 0.27891920 0.21592180 2.69301765
9 -4.75110800 -0.69449800 0.83058000 -0.03446100 -0.21695400 0.92099800
10 -1.68806800 0.00004700 -0.00003100 0.01720600 -0.01778800 0.67054700
11 -1.33614000 0.00005500 -0.00001000 0.02395800 0.01094800 0.12574300
12 -4.82049400 -0.50946400 -0.22475900 -0.15384000 -0.16811200 0.99849900
13 -1.82698400 -0.00006900 0.00000800 -0.01882500 0.03582500 0.79056000
14 -1.43656900 0.00000400 0.00000300 -0.01431300 -0.07643700 0.09379700
15 -3.99235700 -0.89119100 -1.82790900 -0.49324900 -0.06901200 0.97386700
16 -1.40591800 -0.00002500 -0.00000200 0.00811900 -0.02831200 0.59474800
17 -1.17535800 0.00012600 -0.00001900 0.03129900 0.06025400 0.38288200
18 -4.52675100 -0.69058000 -1.12074100 -0.38897700 -0.12419900 1.09123500
19 -1.74403800 0.00003200 -0.00000800 -0.00755800 -0.02862900 0.66790600
20 -1.36877100 0.00002300 0.00000200 0.02002600 0.04848400 0.28774100
21 -1.81420000 -1.33120500 1.23969500 2.18702700 0.33107100 0.99691500
22 -1.45527300 0.24653800 0.11068800 0.02849000 0.22200500 0.26584100
23 -1.59928500 0.00001100 0.00001500 0.06130100 -0.02982000 0.63084300
24 5.51182000 0.00000800 -0.00000200 1.52382241 0.00075352 3.14084760
25 0.19684600 -0.00000200 0.00000300 2.79340687 -0.00083585 -3.14135494
26 2.82592000 -12.20576800 -2.78509900 1.97586200 1.15991000 1.84280300
27 6.21448600 0.00000800 0.00001900 1.19123362 0.93053420 0.57299198
28 11.94488800 -0.00003100 -0.00020000 0.36526764 -0.30580932 -1.99764733
29 10.62016500 0.00000200 0.00000600 -1.45296281 -0.05717767 -0.22214276
30 4.75115800 0.69437400 -0.83047400 0.26741900 -0.00364900 0.21647400
31 1.68806500 -0.00002200 0.00000200 0.02335100 -0.00829300 0.20920400
32 1.33615100 -0.00005100 -0.00000900 0.01985900 -0.03329900 -0.16675400
33 4.82051500 0.50933800 0.22486600 0.03347000 -0.12287400 0.39838700
34 1.82699200 0.00006600 0.00001000 -0.03534300 0.01984000 0.21433800
35 1.43658100 -0.00000600 0.00001000 0.01360000 -0.00676900 -0.26782100
36 3.99235300 0.89108700 1.82799300 -0.32681200 -0.33046500 0.35231600
37 1.40592600 0.00003100 -0.00000300 0.01856900 -0.02296800 0.19561900
38 1.17536200 -0.00013200 0.00000100 0.00782000 0.12305300 0.01856100
39 4.52675800 0.69046400 1.12084300 -0.23579900 -0.19180600 0.40652300
40 1.74404100 -0.00003100 -0.00000200 0.00526300 -0.02915000 0.23240300
41 1.36876700 -0.00003100 -0.00001800 -0.00637400 0.15858000 -0.22582000
42 1.87485700 0.93508100 -0.99912900 1.65927700 0.64436000 0.47223500
43 1.52345300 -0.00003200 -0.00000200 0.02814800 0.17161300 0.26444200
44 1.59928100 -0.00000400 0.00001000 0.04225700 0.07207700 -0.21348300
45 5.51180600 -0.00000200 0.00000300 -0.23579700 0.00000500 0.00000700
46 0.19684900 0.00000300 -0.00000100 -0.34822500 0.00001500 -0.00000200
47 0.00000000 0.00000000 0.00000000 0.00000000 0.00000000 -1.57079600
48 -6.58058464 -15.86766920 -7.55155438 -0.04248068 0.31473400 0.50413947
49 -4.33264200 23.59507800 -4.02389200 0.00000000 0.00000000 -3.14156200
50 1.82826151 40.22868790 -4.18396392 -0.05873088 0.27680415 -2.59430746
51 -0.36274600 4.25262100 -2.41192700 0.78661900 0.97886900 -2.97453700
52 -0.32321000 0.41904200 1.84076700 0.00000000 0.00000000 0.00000000
53 0.56381800 0.00000000 0.00000000 0.42717680 -0.17869317 -0.41665650
54 21.54891529 -1.46706370 -3.81333800 -2.83852874 -0.81126523 -0.87230496
time 22
0 -0.00000100 7.45008900 -27.50902600 0.00000000 0.00000000 0.00003100
1 -0.00000200 0.00000000 0.00000000 1.57074700 -1.56714200 -1.57074700
2 4.25546600 -0.33518300 -0.00000200 0.00000000 0.00000000 -0.12484800
3 7.43125000 1.49647900 0.00000200 0.00000000 0.00000000 0.24545000
4 5.27847900 0.16554400 0.00000100 0.00000000 0.00000000 0.04851100
5 2.63886500 -13.19337100 1.00678900 1.51325300 1.31167000 -1.77504000
6 -6.21447800 -0.00000900 -0.00002600 3.14003688 -0.91744144 2.53225467
7 11.94488500 0.00000000 0.00000000 -1.08649309 -0.13836718 1.99245336
8 10.62018800 0.00000000 0.00000000 0.28370279 0.20223105 2.69514178
9 -4.75110800 -0.69449800 0.83058000 -0.03446100 -0.21695400 0.92099800
10 -1.68806800 0.00004700 -0.00003100 0.01720600 -0.01778800 0.67054700
11 -1.33614000 0.00005500 -0.00001000 0.02395800 0.01094800 0.12574300
12 -4.82049400 -0.50946400 -0.22475900 -0.15384000 -0.16811200 0.99849900
13 -1.82698400 -0.00006900 0.00000800 -0.01882500 0.03582500 0.79056000
14 -1.43656900 0.00000400 0.00000300 -0.01431300 -0.07643700 0.09379700
15 -3.99235700 -0.89119100 -1.82790900 -0.49324900 -0.06901200 0.97386700
16 -1.40591800 -0.00002500 -0.00000200 0.00811900 -0.02831200 0.59474800
17 -1.17535800 0.00012600 -0.00001900 0.03129900 0.06025400 0.38288200
18 -4.52675100 -0.69058000 -1.12074100 -0.38897700 -0.12419900 1.09123500
19 -1.74403800 0.00003200 -0.00000800 -0.00755800 -0.02862900 0.66790600
20 -1.36877100 0.00002300 0.00000200 0.02002600 0.04848400 0.28774100
21 -1.81420000 -1.33120500 1.23969500 2.18702700 0.33107100 0.99691500
22 -1.45527300 0.24653800 0.11068800 0.02849000 0.22200500 0.26584100
23 -1.59928500 0.00001100 0.00001500 0.06130100 -0.02982000 0.63084300
24 5.51182000 0.00000800 -0.00000200 1.52382241 0.00075352 3.14084760
25 0.19684600 -0.00000200 0.00000300 2.79340687 -0.00083585 -3.14135494
26 2.82592000 -12.20576800 -2.78509900 1.97586200 1.15991000 1.84280300
27 6.21448600 0.00000800 0.00001900 1.19401056 0.92653324 0.57654807
28 11.94488800 -0.00003100 -0.00020000 0.36554063 -0.29919807 -1.99920476
29 10.62016500 0.00000200 0.00000600 -1.45886734 -0.06137699 -0.21668812
30 4.75115800 0.69437400 -0.83047400 0.26741900 -0.00364900 0.21647400
31 1.68806500 -0.00002200 0.00000200 0.02335100 -0.00829300 0.20920400
32 1.33615100 -0.00005100 -0.00000900 0.01985900 -0.03329900 -0.16675400
33 4.82051500 0.50933800 0.22486600 0.03347000 -0.12287400 0.39838700
34 1.82699200 0.00006600 0.00001000 -0.03534300 0.01984000 0.21433800
35 1.43658100 -0.00000600 0.00001000 0.01360000 -0.00676900 -0.26782100
36 3.99235300 0.89108700 1.82799300 -0.32681200 -0.33046500 0.35231600
37 1.40592600 0.00003100 -0.00000300 0.01856900 -0.02296800 0.19561900
38 1.17536200 -0.00013200 0.00000100 0.00782000 0.12305300 0.01856100
39 4.52675800 0.69046400 1.12084300 -0.23579900 -0.19180600 0.40652300
40 1.74404100 -0.00003100 -0.00000200 0.00526300 -0.02915000 0.23240300
41 1.36876700 -0.00003100 -0.00001800 -0.00637400 0.15858000 -0.22582000
42 1.87485700 0.93508100 -0.99912900 1.65927700 0.64436000 0.47223500
43 1.52345300 -0.00003200 -0.00000200 0.02814800 0.17161300 0.26444200
44 1.59928100 -0.00000400 0.00001000 0.04225700 0.07207700 -0.21348300
45 5.51180600 -0.00000200 0.00000300 -0.23579700 0.00000500 0.00000700
46 0.19684900 0.00000300 -0.00000100 -0.34822500 0.00001500 -0.00000200
47 0.00000000 0.00000000 0.00000000 0.00000000 0.00000000 -1.57079600
48 -6.58563368 -15.87035730 -7.51746758 -0.03277124 0.31505714 0.50590665
49 -4.33264200 23.59507800 -4.02389200 0.00000000 0.00000000 -3.14156200
50 1.83841674 40.22868790 -4.15807137 -0.04908749 0.27718308 -2.59257560
51 -0.36274600 4.25262100 -2.41192700 0.78661900 0.97886900 -2.97453700
52 -0.32321000 0.41904200 1.84076700 0.00000000 0.00000000 0.00000000
53 0.56381800 0.00000000 0.00000000 0.36707597 -0.13167704 -0.43378938
54 21.56704919 -1.51148197 -3.85106740 -2.84562588 -0.81913977 -0.86725322
time 23
0 -0.00000100 7.45008900 -27.50902600 0.00000000 0.00000000 0.00003100
1 -0.00000200 0.00000000 0.00000000 1.57074700 -1.56714200 -1.57074700
2 4.25546600 -0.33518300 -0.00000200 0.00000000 0.00000000 -0.12484800
3 7.43125000 1.49647900 0.00000200 0.00000000 0.00000000 0.24545000
4 5.27847900 0.16554400 0.00000100 0.00000000 0.00000000 0.04851100
5 2.63886500 -13.19337100 1.00678900 1.51325300 1.31167000 -1.77504000
6 -6.21447800 -0.00000900 -0.00002600 -3.14063686 -0.91490116 2.53190177
7 11.94488500 0.00000000 0.00000000 -1.08723580 -0.13998755 1.99666606
8 10.62018800 0.00000000 0.00000000 0.28556573 0.19081907 2.69549512
9 -4.75110800 -0.69449800 0.83058000 -0.03446100 -0.21695400 0.92099800
10 -1.68806800 0.00004700 -0.00003100 0.01720600 -0.01778800 0.67054700
11 -1.33614000 0.00005500 -0.00001000 0.02395800 0.01094800 0.12574300
12 -4.82049400 -0.50946400 -0.22475900 -0.15384000 -0.16811200 0.99849900
13 -1.82698400 -0.00006900 0.00000800 -0.01882500 0.03582500 0.79056000
14 -1.43656900 0.00000400 0.00000300 -0.01431300 -0.07643700 0.09379700
15 -3.99235700 -0.89119100 -1.82790900 -0.49324900 -0.06901200 0.97386700
16 -1.40591800 -0.00002500 -0.00000200 0.00811900 -0.02831200 0.59474800
17 -1.17535800 0.00012600 -0.00001900 0.03129900 0.06025400 0.38288200
18 -4.52675100 -0.69058000 -1.12074100 -0.38897700 -0.12419900 1.09123500
19 -1.74403800 0.00003200 -0.00000800 -0.00755800 -0.02862900 0.66790600
20 -1.36877100 0.00002300 0.00000200 0.02002600 0.04848400 0.28774100
21 -1.81420000 -1.33120500 1.23969500 2.18702700 0.33107100 0.99691500
22 -1.45527300 0.24653800 0.11068800 0.02849000 0.22200500 0.26584100
23 -1.59928500 0.00001100 0.00001500 0.06130100 -0.02982000 0.63084300
24 5.51182000 0.00000800 -0.00000200 1.52382241 0.00075352 3.14084760
25 0.19684600 -0.00000200 0.00000300 2.79340687 -0.00083585 -3.14135494
26 2.82592000 -12.20576800 -2.78509900 1.97586200 1.15991000 1.84280300
27 6.21448600 0.00000800 0.00001900 1.19472648 0.92474602 0.57750917
28 11.94488800 -0.00003100 -0.00020000 0.36626051 -0.29431443 -2.00206491
29 10.62016500 0.00000200 0.00000600 -1.46268568 -0.06379130 -0.21104317
30 4.75115800 0.69437400 -0.83047400 0.26741900 -0.00364900 0.21647400
31 1.68806500 -0.00002200 0.00000200 0.02335100 -0.00829300 0.20920400
32 1.33615100 -0.00005100 -0.00000900 0.01985900 -0.03329900 -0.16675400
33 4.82051500 0.50933800 0.22486600 0.03347000 -0.12287400 0.39838700
34 1.82699200 0.00006600 0.00001000 -0.03534300 0.01984000 0.21433800
35 1.43658100 -0.00000600 0.00001000 0.01360000 -0.00676900 -0.26782100
36 3.99235300 0.89108700 1.82799300 -0.32681200 -0.33046500 0.35231600
37 1.40592600 0.00003100 -0.00000300 0.01856900 -0.02296800 0.19561900
38 1.17536200 -0.00013200 0.00000100 0.00782000 0.12305300 0.01856100
39 4.52675800 0.69046400 1.12084300 -0.23579900 -0.19180600 0.40652300
40 1.74404100 -0.00003100 -0.00000200 0.00526300 -0.02915000 0.23240300
41 1.36876700 -0.00003100 -0.00001800 -0.00637400 0.15858000 -0.22582000
42 1.87485700 0.93508100 -0.99912900 1.65927700 0.64436000 0.47223500
43 1.52345300 -0.00003200 -0.00000200 0.02814800 0.17161300 0.26444200
44 1.59928100 -0.00000400 0.00001000 0.04225700 0.07207700 -0.21348300
45 5.51180600 -0.00000200 0.00000300 -0.23579700 0.00000500 0.00000700
46 0.19684900 0.00000300 -0.00000100 -0.34822500 0.00001500 -0.00000200
47 0.00000000 0.00000000 0.00000000 0.00000000 0.00000000 -1.57079600
48 -6.60376166 -15.87202776 -7.46303372 -0.02691798 0.31439575 0.50649796
49 -4.33264200 23.59507800 -4.02389200 0.00000000 0.00000000 -3.14156200
50 1.85943417 40.22868790 -4.10843781 -0.04341358 0.27649721 -2.59203399
51 -0.36274600 4.25262100 -2.41192700 0.78661900 0.97886900 -2.97453700
52 -0.32321000 0.41904200 1.84076700 0.00000000 0.00000000 0.00000000
53 0.56381800 0.00000000 0.00000000 0.33567396 -0.10832917 -0.44275963
54 21.59687166 -1.53281177 -3.91812878 -2.85104388 -0.82317187 -0.86282079
time 24
0 -0.00000100 7.45008900 -27.50902600 0.00000000 0.00000000 0.00003100
1 -0.00000200 0.00000000 0.00000000 1.57074700 -1.56714200 -1.57074700
2 4.25546600 -0.33518300 -0.00000200 0.00000000 0.00000000 -0.12484800
3 7.43125000 1.49647900 0.00000200 0.00000000 0.00000000 0.24545000
4 5.27847900 0.16554400 0.00000100 0.00000000 0.00000000 0.04851100
5 2.63886500 -13.19337100 1.00678900 1.51325300 1.31167000 -1.77504000
6 -6.21447800 -0.00000900 -0.00002600 -3.13778857 -0.91227125 2.53120189
7 11.94488500 0.00000000 0.00000000 -1.08782381 -0.14171372 2.00068383
8 10.62018800 0.00000000 0.00000000 0.28616164 0.17991303 2.69499599
9 -4.75110800 -0.69449800 0.83058000 -0.03446100 -0.21695400 0.92099800
10 -1.68806800 0.00004700 -0.00003100 0.01720600 -0.01778800 0.67054700
11 -1.33614000 0.00005500 -0.00001000 0.02395800 0.01094800 0.12574300
12 -4.82049400 -0.50946400 -0.22475900 -0.15384000 -0.16811200 0.99849900
13 -1.82698400 -0.00006900 0.00000800 -0.01882500 0.03582500 0.79056000
14 -1.43656900 0.00000400 0.00000300 -0.01431300 -0.07643700 0.09379700
15 -3.99235700 -0.89119100 -1.82790900 -0.49324900 -0.06901200 0.97386700
16 -1.40591800 -0.00002500 -0.00000200 0.00811900 -0.02831200 0.59474800
17 -1.17535800 0.00012600 -0.00001900 0.03129900 0.06025400 0.38288200
18 -4.52675100 -0.69058000 -1.12074100 -0.38897700 -0.12419900 1.09123500
19 -1.74403800 0.00003200 -0.00000800 -0.00755800 -0.02862900 0.66790600
20 -1.36877100 0.00002300 0.00000200 0.02002600 0.04848400 0.28774100
21 -1.81420000 -1.33120500 1.23969500 2.18702700 0.33107100 0.99691500
22 -1.45527300 0.24653800 0.11068800 0.02849000 0.22200500 0.26584100
23 -1.59928500 0.00001100 0.00001500 0.06130100 -0.02982000 0.63084300
24 5.51182000 0.00000800 -0.00000200 1.52382241 0.00075352 3.14084760
25 0.19684600 -0.00000200 0.00000300 2.79340687 -0.00083585 -3.14135494
26 2.82592000 -12.20576800 -2.78509900 1.97586200 1.15991000 1.84280300
27 6.21448600 0.00000800 0.00001900 1.19495556 0.92356790 0.57785147
28 11.94488800 -0.00003100 -0.00020000 0.36719770 -0.29011150 -2.00560307
29 10.62016500 0.00000200 0.00000600 -1.46561133 -0.06550432 -0.20527527
30 4.75115800 0.69437400 -0.83047400 0.26741900 -0.00364900 0.21647400
31 1.68806500 -0.00002200 0.00000200 0.02335100 -0.00829300 0.20920400
32 1.33615100 -0.00005100 -0.00000900 0.01985900 -0.03329900 -0.16675400
33 4.82051500 0.50933800 0.22486600 0.03347000 -0.12287400 0.39838700
34 1.82699200 0.00006600 0.00001000 -0.03534300 0.01984000 0.21433800
35 1.43658100 -0.00000600 0.00001000 0.01360000 -0.00676900 -0.26782100
36 3.99235300 0.89108700 1.82799300 -0.32681200 -0.33046500 0.35231600
37 1.40592600 0.00003100 -0.00000300 0.01856900 -0.02296800 0.19561900
38 1.17536200 -0.00013200 0.00000100 0.00782000 0.12305300 0.01856100
39 4.52675800 0.69046400 1.12084300 -0.23579900 -0.19180600 0.40652300
40 1.74404100 -0.00003100 -0.00000200 0.00526300 -0.02915000 0.23240300
41 1.36876700 -0.00003100 -0.00001800 -0.00637400 0.15858000 -0.22582000
42 1.87485700 0.93508100 -0.99912900 1.65927700 0.64436000 0.47223500
43 1.52345300 -0.00003200 -0.00000200 0.02814800 0.17161300 0.26444200
44 1.59928100 -0.00000400 0.00001000 0.04225700 0.07207700 -0.21348300
45 5.51180600 -0.00000200 0.00000300 -0.23579700 0.00000500 0.00000700
46 0.19684900 0.00000300 -0.00000100 -0.34822500 0.00001500 -0.00000200
47 0.00000000 0.00000000 0.00000000 0.00000000 0.00000000 -1.57079600
48 -6.62663241 -15.87358910 -7.40250278 -0.02248073 0.31274314 0.50672915
49 -4.33264200 23.59507800 -4.02389200 0.00000000 0.00000000 -3.14156200
50 1.88407608 40.22868790 -4.05168003 -0.03907472 0.27485452 -2.59183034
51 -0.36274600 4.25262100 -2.41192700 0.78661900 0.97886900 -2.97453700
52 -0.32321000 0.41904200 1.84076700 0.00000000 0.00000000 0.00000000
53 0.56381800 0.00000000 0.00000000 0.31723170 -0.09479855 -0.44852989
54 21.62851064 -1.54710098 -4.00808222 -2.85662610 -0.82569218 -0.85804871
time 25
0 -0.00000100 7.45008900 -27.50902600 0.00000000 0.00000000 0.00003100
1 -0.00000200 0.00000000 0.00000000 1.57074700 -1.56714200 -1.57074700
2 4.25546600 -0.33518300 -0.00000200 0.00000000 0.00000000 -0.12484800
3 7.43125000 1.49647900 0.00000200 0.00000000 0.00000000 0.24545000
4 5.27847900 0.16554400 0.00000100 0.00000000 0.00000000 0.04851100
5 2.63886500 -13.19337100 1.00678900 1.51325300 1.31167000 -1.77504000
6 -6.21447800 -0.00000900 -0.00002600 -3.13454588 -0.90951547 2.53011060
7 11.94488500 0.00000000 0.00000000 -1.08833339 -0.14334461 2.00437252
8 10.62018800 0.00000000 0.00000000 0.28463226 0.17062025 2.69344312
9 -4.75110800 -0.69449800 0.83058000 -0.03446100 -0.21695400 0.92099800
10 -1.68806800 0.00004700 -0.00003100 0.01720600 -0.01778800 0.67054700
11 -1.33614000 0.00005500 -0.00001000 0.02395800 0.01094800 0.12574300
12 -4.82049400 -0.50946400 -0.22475900 -0.15384000 -0.16811200 0.99849900
13 -1.82698400 -0.00006900 0.00000800 -0.01882500 0.03582500 0.79056000
14 -1.43656900 0.00000400 0.00000300 -0.01431300 -0.07643700 0.09379700
15 -3.99235700 -0.89119100 -1.82790900 -0.49324900 -0.06901200 0.97386700
16 -1.40591800 -0.00002500 -0.00000200 0.00811900 -0.02831200 0.59474800
17 -1.17535800 0.00012600 -0.00001900 0.03129900 0.06025400 0.38288200
18 -4.52675100 -0.69058000 -1.12074100 -0.38897700 -0.12419900 1.09123500
19 -1.74403800 0.00003200 -0.00000800 -0.00755800 -0.02862900 0.66790600
20 -1.36877100 0.00002300 0.00000200 0.02002600 0.04848400 0.28774100
21 -1.81420000 -1.33120500 1.23969500 2.18702700 0.33107100 0.99691500
22 -1.45527300 0.24653800 0.11068800 0.02849000 0.22200500 0.26584100
23 -1.59928500 0.00001100 0.00001500 0.06130100 -0.02982000 0.63084300
24 5.51182000 0.00000800 -0.00000200 1.52382241 0.00075352 3.14084760
25 0.19684600 -0.00000200 0.00000300 2.79340687 -0.00083585 -3.14135494
26 2.82592000 -12.20576800 -2.78509900 1.97586200 1.15991000 1.84280300
27 6.21448600 0.00000800 0.00001900 1.19430463 0.92355215 0.57707011
28 11.94488800 -0.00003100 -0.00020000 0.36850536 -0.28718809 -2.01025218
29 10.62016500 0.00000200 0.00000600 -1.46696041 -0.06584967 -0.19930257
30 4.75115800 0.69437400 -0.83047400 0.26741900 -0.00364900 0.21647400
31 1.68806500 -0.00002200 0.00000200 0.02335100 -0.00829300 0.20920400
32 1.33615100 -0.00005100 -0.00000900 0.01985900 -0.03329900 -0.16675400
33 4.82051500 0.50933800 0.22486600 0.03347000 -0.12287400 0.39838700
34 1.82699200 0.00006600 0.00001000 -0.03534300 0.01984000 0.21433800
35 1.43658100 -0.00000600 0.00001000 0.01360000 -0.00676900 -0.26782100
36 3.99235300 0.89108700 1.82799300 -0.32681200 -0.33046500 0.35231600
37 1.40592600 0.00003100 -0.00000300 0.01856900 -0.02296800 0.19561900
38 1.17536200 -0.00013200 0.00000100 0.00782000 0.12305300 0.01856100
39 4.52675800 0.69046400 1.12084300 -0.23579900 -0.19180600 0.40652300
40 1.74404100 -0.00003100 -0.00000200 0.00526300 -0.02915000 0.23240300
41 1.36876700 -0.00003100 -0.00001800 -0.00637400 0.15858000 -0.22582000
42 1.87485700 0.93508100 -0.99912900 1.65927700 0.64436000 0.47223500
43 1.52345300 -0.00003200 -0.00000200 0.02814800 0.17161300 0.26444200
44 1.59928100 -0.00000400 0.00001000 0.04225700 0.07207700 -0.21348300
45 5.51180600 -0.00000200 0.00000300 -0.23579700 0.00000500 0.00000700
46 0.19684900 0.00000300 -0.00000100 -0.34822500 0.00001500 -0.00000200
47 0.00000000 0.00000000 0.00000000 0.00000000 0.00000000 -1.57079600
48 -6.65752552 -15.87472299 -7.33354769 -0.02032494 0.31009920 0.50643454
49 -4.33264200 23.59507800 -4.02389200 0.00000000 0.00000000 -3.14156200
50 1.91506081 40.22868790 -3.98457085 -0.03709702 0.27212199 -2.59223347
51 -0.36274600 4.25262100 -2.41192700 0.78661900 0.97886900 -2.97453700
52 -0.32321000 0.41904200 1.84076700 0.00000000 0.00000000 0.00000000
53 0.56381800 0.00000000 0.00000000 0.32189135 -0.09812563 -0.44764407
54 21.66474327 -1.54912743 -4.12346103 -2.86156448 -0.82566519 -0.85359529
time 26
0 -0.00000100 7.45008900 -27.50902600 0.00000000 0.00000000 0.00003100
1 -0.00000200 0.00000000 0.00000000 1.57074700 -1.56714200 -1.57074700
2 4.25546600 -0.33518300 -0.00000200 0.00000000 0.00000000 -0.12484800
3 7.43125000 1.49647900 0.00000200 0.00000000 0.00000000 0.24545000
4 5.27847900 0.16554400 0.00000100 0.00000000 0.00000000 0.04851100
5 2.63886500 -13.19337100 1.00678900 1.51325300 1.31167000 -1.77504000
6 -6.21447800 -0.00000900 -0.00002600 -3.13159326 -0.90707806 2.52898942
7 11.94488500 0.00000000 0.00000000 -1.08867602 -0.14479072 2.00677964
8 10.62018800 0.00000000 0.00000000 0.28056791 0.16497870 2.69060756
9 -4.75110800 -0.69449800 0.83058000 -0.03446100 -0.21695400 0.92099800
10 -1.68806800 0.00004700 -0.00003100 0.01720600 -0.01778800 0.67054700
11 -1.33614000 0.00005500 -0.00001000 0.02395800 0.01094800 0.12574300
12 -4.82049400 -0.50946400 -0.22475900 -0.15384000 -0.16811200 0.99849900
13 -1.82698400 -0.00006900 0.00000800 -0.01882500 0.03582500 0.79056000
14 -1.43656900 0.00000400 0.00000300 -0.01431300 -0.07643700 0.09379700
15 -3.99235700 -0.89119100 -1.82790900 -0.49324900 -0.06901200 0.97386700
16 -1.40591800 -0.00002500 -0.00000200 0.00811900 -0.02831200 0.59474800
17 -1.17535800 0.00012600 -0.00001900 0.03129900 0.06025400 0.38288200
18 -4.52675100 -0.69058000 -1.12074100 -0.38897700 -0.12419900 1.09123500
19 -1.74403800 0.00003200 -0.00000800 -0.00755800 -0.02862900 0.66790600
20 -1.36877100 0.00002300 0.00000200 0.02002600 0.04848400 0.28774100
21 -1.81420000 -1.33120500 1.23969500 2.18702700 0.33107100 0.99691500
22 -1.45527300 0.24653800 0.11068800 0.02849000 0.22200500 0.26584100
23 -1.59928500 0.00001100 0.00001500 0.06130100 -0.02982000 0.63084300
24 5.51182000 0.00000800 -0.00000200 1.52382241 0.00075352 3.14084760
25 0.19684600 -0.00000200 0.00000300 2.79340687 -0.00083585 -3.14135494
26 2.82592000 -12.20576800 -2.78509900 1.97586200 1.15991000 1.84280300
27 6.21448600 0.00000800 0.00001900 1.19222614 0.92537989 0.57446997
28 11.94488800 -0.00003100 -0.00020000 0.36985765 -0.28636684 -2.01481489
29 10.62016500 0.00000200 0.00000600 -1.46602235 -0.06460677 -0.19458341
30 4.75115800 0.69437400 -0.83047400 0.26741900 -0.00364900 0.21647400
31 1.68806500 -0.00002200 0.00000200 0.02335100 -0.00829300 0.20920400
32 1.33615100 -0.00005100 -0.00000900 0.01985900 -0.03329900 -0.16675400
33 4.82051500 0.50933800 0.22486600 0.03347000 -0.12287400 0.39838700
34 1.82699200 0.00006600 0.00001000 -0.03534300 0.01984000 0.21433800
35 1.43658100 -0.00000600 0.00001000 0.01360000 -0.00676900 -0.26782100
36 3.99235300 0.89108700 1.82799300 -0.32681200 -0.33046500 0.35231600
37 1.40592600 0.00003100 -0.00000300 0.01856900 -0.02296800 0.19561900
38 1.17536200 -0.00013200 0.00000100 0.00782000 0.12305300 0.01856100
39 4.52675800 0.69046400 1.12084300 -0.23579900 -0.19180600 0.40652300
40 1.74404100 -0.00003100 -0.00000200 0.00526300 -0.02915000 0.23240300
41 1.36876700 -0.00003100 -0.00001800 -0.00637400 0.15858000 -0.22582000
42 1.87485700 0.93508100 -0.99912900 1.65927700 0.64436000 0.47223500
43 1.52345300 -0.00003200 -0.00000200 0.02814800 0.17161300 0.26444200
44 1.59928100 -0.00000400 0.00001000 0.04225700 0.07207700 -0.21348300
45 5.51180600 -0.00000200 0.00000300 -0.23579700 0.00000500 0.00000700
46 0.19684900 0.00000300 -0.00000100 -0.34822500 0.00001500 -0.00000200
47 0.00000000 0.00000000 0.00000000 0.00000000 0.00000000 -1.57079600
48 -6.69453689 -15.87503494 -7.26584707 -0.02171610 0.30638965 0.50537062
49 -4.33264200 23.59507800 -4.02389200 0.00000000 0.00000000 -3.14156200
50 1.94983605 40.22868790 -3.91575695 -0.03859224 0.26843164 -2.59337419
51 -0.36274600 4.25262100 -2.41192700 0.78661900 0.97886900 -2.97453700
52 -0.32321000 0.41904200 1.84076700 0.00000000 0.00000000 0.00000000
53 0.56381800 0.00000000 0.00000000 0.33199359 -0.10423757 -0.44611746
54 21.69984652 -1.53324865 -4.25281959 -2.86489394 -0.82213106 -0.84997217
time 27
0 -0.00000100 7.45008900 -27.50902600 0.00000000 0.00000000 0.00003100
1 -0.00000200 0.00000000 0.00000000 1.57074700 -1.56714200 -1.57074700
2 4.25546600 -0.33518300 -0.00000200 0.00000000 0.00000000 -0.12484800
3 7.43125000 1.49647900 0.00000200 0.00000000 0.00000000 0.24545000
4 5.27847900 0.16554400 0.00000100 0.00000000 0.00000000 0.04851100
5 2.63886500 -13.19337100 1.00678900 1.51325300 1.31167000 -1.77504000
6 -6.21447800 -0.00000900 -0.00002600 -3.12889422 -0.90490908 2.52785850
7 11.94488500 0.00000000 0.00000000 -1.08895121 -0.14592365 2.00827937
8 10.62018800 0.00000000 0.00000000 0.27438573 0.16247437 2.68656240
9 -4.75110800 -0.69449800 0.83058000 -0.03446100 -0.21695400 0.92099800
10 -1.68806800 0.00004700 -0.00003100 0.01720600 -0.01778800 0.67054700
11 -1.33614000 0.00005500 -0.00001000 0.02395800 0.01094800 0.12574300
12 -4.82049400 -0.50946400 -0.22475900 -0.15384000 -0.16811200 0.99849900
13 -1.82698400 -0.00006900 0.00000800 -0.01882500 0.03582500 0.79056000
14 -1.43656900 0.00000400 0.00000300 -0.01431300 -0.07643700 0.09379700
15 -3.99235700 -0.89119100 -1.82790900 -0.49324900 -0.06901200 0.97386700
16 -1.40591800 -0.00002500 -0.00000200 0.00811900 -0.02831200 0.59474800
17 -1.17535800 0.00012600 -0.00001900 0.03129900 0.06025400 0.38288200
18 -4.52675100 -0.69058000 -1.12074100 -0.38897700 -0.12419900 1.09123500
19 -1.74403800 0.00003200 -0.00000800 -0.00755800 -0.02862900 0.66790600
20 -1.36877100 0.00002300 0.00000200 0.02002600 0.04848400 0.28774100
21 -1.81420000 -1.33120500 1.23969500 2.18702700 0.33107100 0.99691500
22 -1.45527300 0.24653800 0.11068800 0.02849000 0.22200500 0.26584100
23 -1.59928500 0.00001100 0.00001500 0.06130100 -0.02982000 0.63084300
24 5.51182000 0.00000800 -0.00000200 1.52382241 0.00075352 3.14084760
25 0.19684600 -0.00000200 0.00000300 2.79340687 -0.00083585 -3.14135494
26 2.82592000 -12.20576800 -2.78509900 1.97586200 1.15991000 1.84280300
27 6.21448600 0.00000800 0.00001900 1.18884696 0.92880188 0.57022394
28 11.94488800 -0.00003100 -0.00020000 0.37124696 -0.28733162 -2.01926447
29 10.62016500 0.00000200 0.00000600 -1.46318060 -0.06197384 -0.19090087
30 4.75115800 0.69437400 -0.83047400 0.26741900 -0.00364900 0.21647400
31 1.68806500 -0.00002200 0.00000200 0.02335100 -0.00829300 0.20920400
32 1.33615100 -0.00005100 -0.00000900 0.01985900 -0.03329900 -0.16675400
33 4.82051500 0.50933800 0.22486600 0.03347000 -0.12287400 0.39838700
34 1.82699200 0.00006600 0.00001000 -0.03534300 0.01984000 0.21433800
35 1.43658100 -0.00000600 0.00001000 0.01360000 -0.00676900 -0.26782100
36 3.99235300 0.89108700 1.82799300 -0.32681200 -0.33046500 0.35231600
37 1.40592600 0.00003100 -0.00000300 0.01856900 -0.02296800 0.19561900
38 1.17536200 -0.00013200 0.00000100 0.00782000 0.12305300 0.01856100
39 4.52675800 0.69046400 1.12084300 -0.23579900 -0.19180600 0.40652300
40 1.74404100 -0.00003100 -0.00000200 0.00526300 -0.02915000 0.23240300
41 1.36876700 -0.00003100 -0.00001800 -0.00637400 0.15858000 -0.22582000
42 1.87485700 0.93508100 -0.99912900 1.65927700 0.64436000 0.47223500
43 1.52345300 -0.00003200 -0.00000200 0.02814800 0.17161300 0.26444200
44 1.59928100 -0.00000400 0.00001000 0.04225700 0.07207700 -0.21348300
45 5.51180600 -0.00000200 0.00000300 -0.23579700 0.00000500 0.00000700
46 0.19684900 0.00000300 -0.00000100 -0.34822500 0.00001500 -0.00000200
47 0.00000000 0.00000000 0.00000000 0.00000000 0.00000000 -1.57079600
48 -6.73664263 -15.87465894 -7.19943236 -0.02618760 0.30191817 0.50352267
49 -4.33264200 23.59507800 -4.02389200 0.00000000 0.00000000 -3.14156200
50 1.98777004 40.22868790 -3.84575328 -0.04316636 0.26383140 -2.59531321
51 -0.36274600 4.25262100 -2.41192700 0.78661900 0.97886900 -2.97453700
52 -0.32321000 0.41904200 1.84076700 0.00000000 0.00000000 0.00000000
53 0.56381800 0.00000000 0.00000000 0.34660535 -0.11248252 -0.44410123
54 21.73380779 -1.50249018 -4.39326060 -2.86675644 -0.81577037 -0.84725571
time 28
0 -0.00000100 7.45008900 -27.50902600 0.00000000 0.00000000 0.00003100
1 -0.00000200 0.00000000 0.00000000 1.57074700 -1.56714200 -1.57074700
2 4.25546600 -0.33518300 -0.00000200 0.00000000 0.00000000 -0.12484800
3 7.43125000 1.49647900 0.00000200 0.00000000 0.00000000 0.24545000
4 5.27847900 0.16554400 0.00000100 0.00000000 0.00000000 0.04851100
5 2.63886500 -13.19337100 1.00678900 1.51325300 1.31167000 -1.77504000
6 -6.21447800 -0.00000900 -0.00002600 -3.12692400 -0.90331534 2.52703573
7 11.94488500 0.00000000 0.00000000 -1.08895781 -0.14668645 2.00801626
8 10.62018800 0.00000000 0.00000000 0.26634936 0.16496525 2.68200658
9 -4.75110800 -0.69449800 0.83058000 -0.03446100 -0.21695400 0.92099800
10 -1.68806800 0.00004700 -0.00003100 0.01720600 -0.01778800 0.67054700
11 -1.33614000 0.00005500 -0.00001000 0.02395800 0.01094800 0.12574300
12 -4.82049400 -0.50946400 -0.22475900 -0.15384000 -0.16811200 0.99849900
13 -1.82698400 -0.00006900 0.00000800 -0.01882500 0.03582500 0.79056000
14 -1.43656900 0.00000400 0.00000300 -0.01431300 -0.07643700 0.09379700
15 -3.99235700 -0.89119100 -1.82790900 -0.49324900 -0.06901200 0.97386700
16 -1.40591800 -0.00002500 -0.00000200 0.00811900 -0.02831200 0.59474800
17 -1.17535800 0.00012600 -0.00001900 0.03129900 0.06025400 0.38288200
18 -4.52675100 -0.69058000 -1.12074100 -0.38897700 -0.12419900 1.09123500
19 -1.74403800 0.00003200 -0.00000800 -0.00755800 -0.02862900 0.66790600
20 -1.36877100 0.00002300 0.00000200 0.02002600 0.04848400 0.28774100
21 -1.81420000 -1.33120500 1.23969500 2.18702700 0.33107100 0.99691500
22 -1.45527300 0.24653800 0.11068800 0.02849000 0.22200500 0.26584100
23 -1.59928500 0.00001100 0.00001500 0.06130100 -0.02982000 0.63084300
24 5.51182000 0.00000800 -0.00000200 1.52382241 0.00075352 3.14084760
25 0.19684600 -0.00000200 0.00000300 2.79340687 -0.00083585 -3.14135494
26 2.82592000 -12.20576800 -2.78509900 1.97586200 1.15991000 1.84280300
27 6.21448600 0.00000800 0.00001900 1.18324005 0.93424650 0.56320959
28 11.94488800 -0.00003100 -0.00020000 0.37180213 -0.28930829 -2.02081598
29 10.62016500 0.00000200 0.00000600 -1.45856383 -0.05996305 -0.19044192
30 4.75115800 0.69437400 -0.83047400 0.26741900 -0.00364900 0.21647400
31 1.68806500 -0.00002200 0.00000200 0.02335100 -0.00829300 0.20920400
32 1.33615100 -0.00005100 -0.00000900 0.01985900 -0.03329900 -0.16675400
33 4.82051500 0.50933800 0.22486600 0.03347000 -0.12287400 0.39838700
34 1.82699200 0.00006600 0.00001000 -0.03534300 0.01984000 0.21433800
35 1.43658100 -0.00000600 0.00001000 0.01360000 -0.00676900 -0.26782100
36 3.99235300 0.89108700 1.82799300 -0.32681200 -0.33046500 0.35231600
37 1.40592600 0.00003100 -0.00000300 0.01856900 -0.02296800 0.19561900
38 1.17536200 -0.00013200 0.00000100 0.00782000 0.12305300 0.01856100
39 4.52675800 0.69046400 1.12084300 -0.23579900 -0.19180600 0.40652300
40 1.74404100 -0.00003100 -0.00000200 0.00526300 -0.02915000 0.23240300
41 1.36876700 -0.00003100 -0.00001800 -0.00637400 0.15858000 -0.22582000
42 1.87485700 0.93508100 -0.99912900 1.65927700 0.64436000 0.47223500
43 1.52345300 -0.00003200 -0.00000200 0.02814800 0.17161300 0.26444200
44 1.59928100 -0.00000400 0.00001000 0.04225700 0.07207700 -0.21348300
45 5.51180600 -0.00000200 0.00000300 -0.23579700 0.00000500 0.00000700
46 0.19684900 0.00000300 -0.00000100 -0.34822500 0.00001500 -0.00000200
47 0.00000000 0.00000000 0.00000000 0.00000000 0.00000000 -1.57079600
48 -6.78411644 -15.87312788 -7.14490254 -0.03414145 0.29749702 0.50097165
49 -4.33264200 23.59507800 -4.02389200 0.00000000 0.00000000 -3.14156200
50 2.02941594 40.22868790 -3.78452468 -0.05112817 0.25931608 -2.59789335
51 -0.36274600 4.25262100 -2.41192700 0.78661900 0.97886900 -2.97453700
52 -0.32321000 0.41904200 1.84076700 0.00000000 0.00000000 0.00000000
53 0.56381800 0.00000000 0.00000000 0.36333917 -0.12214749 -0.44034492
54 21.76333412 -1.45526736 -4.51311416 -2.86572995 -0.80664223 -0.84643788
time 29
0 -0.00000100 7.45008900 -27.50902600 0.00000000 0.00000000 0.00003100
1 -0.00000200 0.00000000 0.00000000 1.57074700 -1.56714200 -1.57074700
2 4.25546600 -0.33518300 -0.00000200 0.00000000 0.00000000 -0.12484800
3 7.43125000 1.49647900 0.00000200 0.00000000 0.00000000 0.24545000
4 5.27847900 0.16554400 0.00000100 0.00000000 0.00000000 0.04851100
5 2.63886500 -13.19337100 1.00678900 1.51325300 1.31167000 -1.77504000
6 -6.21447800 -0.00000900 -0.00002600 -3.12521950 -0.90193462 2.52633906
7 11.94488500 0.00000000 0.00000000 -1.08873490 -0.14724388 2.00722447
8 10.62018800 0.00000000 0.00000000 0.25758470 0.16927482 2.67723703
9 -4.75110800 -0.69449800 0.83058000 -0.03446100 -0.21695400 0.92099800
10 -1.68806800 0.00004700 -0.00003100 0.01720600 -0.01778800 0.67054700
11 -1.33614000 0.00005500 -0.00001000 0.02395800 0.01094800 0.12574300
12 -4.82049400 -0.50946400 -0.22475900 -0.15384000 -0.16811200 0.99849900
13 -1.82698400 -0.00006900 0.00000800 -0.01882500 0.03582500 0.79056000
14 -1.43656900 0.00000400 0.00000300 -0.01431300 -0.07643700 0.09379700
15 -3.99235700 -0.89119100 -1.82790900 -0.49324900 -0.06901200 0.97386700
16 -1.40591800 -0.00002500 -0.00000200 0.00811900 -0.02831200 0.59474800
17 -1.17535800 0.00012600 -0.00001900 0.03129900 0.06025400 0.38288200
18 -4.52675100 -0.69058000 -1.12074100 -0.38897700 -0.12419900 1.09123500
19 -1.74403800 0.00003200 -0.00000800 -0.00755800 -0.02862900 0.66790600
20 -1.36877100 0.00002300 0.00000200 0.02002600 0.04848400 0.28774100
21 -1.81420000 -1.33120500 1.23969500 2.18702700 0.33107100 0.99691500
22 -1.45527300 0.24653800 0.11068800 0.02849000 0.22200500 0.26584100
23 -1.59928500 0.00001100 0.00001500 0.06130100 -0.02982000 0.63084300
24 5.51182000 0.00000800 -0.00000200 1.52382241 0.00075352 3.14084760
25 0.19684600 -0.00000200 0.00000300 2.79340687 -0.00083585 -3.14135494
26 2.82592000 -12.20576800 -2.78509900 1.97586200 1.15991000 1.84280300
27 6.21448600 0.00000800 0.00001900 1.17654170 0.94050722 0.55487100
28 11.94488800 -0.00003100 -0.00020000 0.37202745 -0.29172703 -2.02121667
29 10.62016500 0.00000200 0.00000600 -1.45332620 -0.05805524 -0.19118376
30 4.75115800 0.69437400 -0.83047400 0.26741900 -0.00364900 0.21647400
31 1.68806500 -0.00002200 0.00000200 0.02335100 -0.00829300 0.20920400
32 1.33615100 -0.00005100 -0.00000900 0.01985900 -0.03329900 -0.16675400
33 4.82051500 0.50933800 0.22486600 0.03347000 -0.12287400 0.39838700
34 1.82699200 0.00006600 0.00001000 -0.03534300 0.01984000 0.21433800
35 1.43658100 -0.00000600 0.00001000 0.01360000 -0.00676900 -0.26782100
36 3.99235300 0.89108700 1.82799300 -0.32681200 -0.33046500 0.35231600
37 1.40592600 0.00003100 -0.00000300 0.01856900 -0.02296800 0.19561900
38 1.17536200 -0.00013200 0.00000100 0.00782000 0.12305300 0.01856100
39 4.52675800 0.69046400 1.12084300 -0.23579900 -0.19180600 0.40652300
40 1.74404100 -0.00003100 -0.00000200 0.00526300 -0.02915000 0.23240300
41 1.36876700 -0.00003100 -0.00001800 -0.00637400 0.15858000 -0.22582000
42 1.87485700 0.93508100 -0.99912900 1.65927700 0.64436000 0.47223500
43 1.52345300 -0.00003200 -0.00000200 0.02814800 0.17161300 0.26444200
44 1.59928100 -0.00000400 0.00001000 0.04225700 0.07207700 -0.21348300
45 5.51180600 -0.00000200 0.00000300 -0.23579700 0.00000500 0.00000700
46 0.19684900 0.00000300 -0.00000100 -0.34822500 0.00001500 -0.00000200
47 0.00000000 0.00000000 0.00000000 0.00000000 0.00000000 -1.57079600
48 -6.83364591 -15.87119692 -7.09498981 -0.04334292 0.29290947 0.49818634
49 -4.33264200 23.59507800 -4.02389200 0.00000000 0.00000000 -3.14156200
50 2.07245381 40.22868790 -3.72675513 -0.06046618 0.25464403 -2.60075465
51 -0.36274600 4.25262100 -2.41192700 0.78661900 0.97886900 -2.97453700
52 -0.32321000 0.41904200 1.84076700 0.00000000 0.00000000 0.00000000
53 0.56381800 0.00000000 0.00000000 0.38091743 -0.13242113 -0.43571846
54 21.79043421 -1.40198827 -4.62682181 -2.86354079 -0.79645061 -0.84641500
time 30
0 -0.00000100 7.45008900 -27.50902600 0.00000000 0.00000000 0.00003100
1 -0.00000200 0.00000000 0.00000000 1.57074700 -1.56714200 -1.57074700
2 4.25546600 -0.33518300 -0.00000200 0.00000000 0.00000000 -0.12484800
3 7.43125000 1.49647900 0.00000200 0.00000000 0.00000000 0.24545000
4 5.27847900 0.16554400 0.00000100 0.00000000 0.00000000 0.04851100
5 2.63886500 -13.19337100 1.00678900 1.51325300 1.31167000 -1.77504000
6 -6.21447800 -0.00000900 -0.00002600 -3.12491126 -0.90062331 2.52750815
7 11.94488500 0.00000000 0.00000000 -1.08855274 -0.14806873 2.00606288
8 10.62018800 0.00000000 0.00000000 0.25139868 0.17327666 2.67494786
9 -4.75110800 -0.69449800 0.83058000 -0.03446100 -0.21695400 0.92099800
10 -1.68806800 0.00004700 -0.00003100 0.01720600 -0.01778800 0.67054700
11 -1.33614000 0.00005500 -0.00001000 0.02395800 0.01094800 0.12574300
12 -4.82049400 -0.50946400 -0.22475900 -0.15384000 -0.16811200 0.99849900
13 -1.82698400 -0.00006900 0.00000800 -0.01882500 0.03582500 0.79056000
14 -1.43656900 0.00000400 0.00000300 -0.01431300 -0.07643700 0.09379700
15 -3.99235700 -0.89119100 -1.82790900 -0.49324900 -0.06901200 0.97386700
16 -1.40591800 -0.00002500 -0.00000200 0.00811900 -0.02831200 0.59474800
17 -1.17535800 0.00012600 -0.00001900 0.03129900 0.06025400 0.38288200
18 -4.52675100 -0.69058000 -1.12074100 -0.38897700 -0.12419900 1.09123500
19 -1.74403800 0.00003200 -0.00000800 -0.00755800 -0.02862900 0.66790600
20 -1.36877100 0.00002300 0.00000200 0.02002600 0.04848400 0.28774100
21 -1.81419900 -1.33120300 1.23969700 2.18702700 0.33107100 0.99691500
22 -1.45527300 0.24653400 0.11068900 0.02849000 0.22200500 0.26584100
23 -1.59928500 0.00001100 0.00001500 0.06130100 -0.02982000 0.63084300
24 5.51182000 0.00000800 -0.00000200 1.52382241 0.00075352 3.14084760
25 0.19684600 -0.00000200 0.00000300 2.79340687 -0.00083585 -3.14135494
26 2.82592000 -12.20576800 -2.78509900 1.97586200 1.15991000 1.84280300
27 6.21448600 0.00000800 0.00001900 1.16935957 0.94588867 0.54602618
28 11.94488800 -0.00003100 -0.00020000 0.37008640 -0.28975647 -2.01512437
29 10.62016500 0.00000200 0.00000600 -1.45072529 -0.06264991 -0.19550425
30 4.75115800 0.69437400 -0.83047400 0.26741900 -0.00364900 0.21647400
31 1.68806500 -0.00002200 0.00000200 0.02335100 -0.00829300 0.20920400
32 1.33615100 -0.00005100 -0.00000900 0.01985900 -0.03329900 -0.16675400
33 4.82051500 0.50933800 0.22486600 0.03347000 -0.12287400 0.39838700
34 1.82699200 0.00006600 0.00001000 -0.03534300 0.01984000 0.21433800
35 1.43658100 -0.00000600 0.00001000 0.01360000 -0.00676900 -0.26782100
36 3.99235300 0.89108700 1.82799300 -0.32681200 -0.33046500 0.35231600
37 1.40592600 0.00003100 -0.00000300 0.01856900 -0.02296800 0.19561900
38 1.17536200 -0.00013200 0.00000100 0.00782000 0.12305300 0.01856100
39 4.52675800 0.69046400 1.12084300 -0.23579900 -0.19180600 0.40652300
40 1.74404100 -0.00003100 -0.00000200 0.00526300 -0.02915000 0.23240300
41 1.36876700 -0.00003100 -0.00001800 -0.00637400 0.15858000 -0.22582000
42 1.87485700 0.93508100 -0.99912900 1.65927700 0.64436000 0.47223500
43 1.52345300 -0.00003200 -0.00000200 0.02814800 0.17161300 0.26444200
44 1.59928100 -0.00000400 0.00001000 0.04225700 0.07207700 -0.21348300
45 5.51180600 -0.00000200 0.00000300 -0.23579700 0.00000500 0.00000700
46 0.19684900 0.00000300 -0.00000100 -0.34822500 0.00001500 -0.00000200
47 0.00000000 0.00000000 0.00000000 0.00000000 0.00000000 -1.57079600
48 -6.88378562 -15.86940827 -7.06686584 -0.04956692 0.29057331 0.49586980
49 -4.33264200 23.59507800 -4.02389200 0.00000000 0.00000000 -3.14156200
50 2.11871865 40.22868790 -3.69291923 -0.06681114 0.25229291 -2.60308851
51 -0.36270000 4.25271700 -2.41196500 0.78661900 0.97886900 -2.97453700
52 -0.32321000 0.41904200 1.84076700 0.00000000 0.00000000 0.00000000
53 0.56381800 0.00000000 0.00000000 0.39473494 -0.14173552 -0.42729632
54 21.81200471 -1.37108623 -4.67475489 -2.86130865 -0.78990392 -0.84642198
time 31
0 -0.00000100 7.45008900 -27.50902600 0.00000000 0.00000000 0.00003100
1 -0.00000200 0.00000000 0.00000000 1.57074700 -1.56714200 -1.57074700
2 4.25546600 -0.33518300 -0.00000200 0.00000000 0.00000000 -0.12484800
3 7.43125000 1.49647900 0.00000200 0.00000000 0.00000000 0.24545000
4 5.27847900 0.16554400 0.00000100 0.00000000 0.00000000 0.04851100
5 2.63886500 -13.19337100 1.00678900 1.51325300 1.31167000 -1.77504000
6 -6.21447800 -0.00000900 -0.00002600 -3.12498410 -0.89951645 2.52900125
7 11.94488500 0.00000000 0.00000000 -1.08841158 -0.14882581 2.00479474
8 10.62018800 0.00000000 0.00000000 0.24573166 0.17713702 2.67321490
9 -4.75110800 -0.69449800 0.83058000 -0.03446100 -0.21695400 0.92099800
10 -1.68806800 0.00004700 -0.00003100 0.01720600 -0.01778800 0.67054700
11 -1.33614000 0.00005500 -0.00001000 0.02395800 0.01094800 0.12574300
12 -4.82049400 -0.50946400 -0.22475900 -0.15384000 -0.16811200 0.99849900
13 -1.82698400 -0.00006900 0.00000800 -0.01882500 0.03582500 0.79056000
14 -1.43656900 0.00000400 0.00000300 -0.01431300 -0.07643700 0.09379700
15 -3.99235700 -0.89119100 -1.82790900 -0.49324900 -0.06901200 0.97386700
16 -1.40591800 -0.00002500 -0.00000200 0.00811900 -0.02831200 0.59474800
17 -1.17535800 0.00012600 -0.00001900 0.03129900 0.06025400 0.38288200
18 -4.52675100 -0.69058000 -1.12074100 -0.38897700 -0.12419900 1.09123500
19 -1.74403800 0.00003200 -0.00000800 -0.00755800 -0.02862900 0.66790600
20 -1.36877100 0.00002300 0.00000200 0.02002600 0.04848400 0.28774100
21 -1.81419900 -1.33120300 1.23969700 2.18702700 0.33107100 0.99691500
22 -1.45527300 0.24653400 0.11068900 0.02849000 0.22200500 0.26584100
23 -1.59928500 0.00001100 0.00001500 0.06130100 -0.02982000 0.63084300
24 5.51182000 0.00000800 -0.00000200 1.52382241 0.00075352 3.14084760
25 0.19684600 -0.00000200 0.00000300 2.79340687 -0.00083585 -3.14135494
26 2.82592000 -12.20576800 -2.78509900 1.97586200 1.15991000 1.84280300
27 6.21448600 0.00000800 0.00001900 1.16211975 0.95107370 0.53714857
28 11.94488800 -0.00003100 -0.00020000 0.36775878 -0.28703485 -2.00781041
29 10.62016500 0.00000200 0.00000600 -1.44858820 -0.06825186 -0.20047645
30 4.75115800 0.69437400 -0.83047400 0.26741900 -0.00364900 0.21647400
31 1.68806500 -0.00002200 0.00000200 0.02335100 -0.00829300 0.20920400
32 1.33615100 -0.00005100 -0.00000900 0.01985900 -0.03329900 -0.16675400
33 4.82051500 0.50933800 0.22486600 0.03347000 -0.12287400 0.39838700
34 1.82699200 0.00006600 0.00001000 -0.03534300 0.01984000 0.21433800
35 1.43658100 -0.00000600 0.00001000 0.01360000 -0.00676900 -0.26782100
36 3.99235300 0.89108700 1.82799300 -0.32681200 -0.33046500 0.35231600
37 1.40592600 0.00003100 -0.00000300 0.01856900 -0.02296800 0.19561900
38 1.17536200 -0.00013200 0.00000100 0.00782000 0.12305300 0.01856100
39 4.52675800 0.69046400 1.12084300 -0.23579900 -0.19180600 0.40652300
40 1.74404100 -0.00003100 -0.00000200 0.00526300 -0.02915000 0.23240300
41 1.36876700 -0.00003100 -0.00001800 -0.00637400 0.15858000 -0.22582000
42 1.87485700 0.93508100 -0.99912900 1.65927700 0.64436000 0.47223500
43 1.52345300 -0.00003200 -0.00000200 0.02814800 0.17161300 0.26444200
44 1.59928100 -0.00000400 0.00001000 0.04225700 0.07207700 -0.21348300
45 5.51180600 -0.00000200 0.00000300 -0.23579700 0.00000500 0.00000700
46 0.19684900 0.00000300 -0.00000100 -0.34822500 0.00001500 -0.00000200
47 0.00000000 0.00000000 0.00000000 0.00000000 0.00000000 -1.57079600
48 -6.93384390 -15.86771476 -7.04545119 -0.05501967 0.28871243 0.49377373
49 -4.33264200 23.59507800 -4.02389200 0.00000000 0.00000000 -3.14156200
50 2.16544160 40.22868790 -3.66634706 -0.07247173 0.25020948 -2.60538703
51 -0.36270000 4.25271700 -2.41196500 0.78661900 0.97886900 -2.97453700
52 -0.32321000 0.41904200 1.84076700 0.00000000 0.00000000 0.00000000
53 0.56381800 0.00000000 0.00000000 0.40723148 -0.15064865 -0.41757144
54 21.83095070 -1.34563684 -4.70954377 -2.85920027 -0.78400931 -0.84631182
time 32
0 -0.00000100 7.45008900 -27.50902600 0.00000000 0.00000000 0.00003100
1 -0.00000200 0.00000000 0.00000000 1.57074700 -1.56714200 -1.57074700
2 4.25546600 -0.33518300 -0.00000200 0.00000000 0.00000000 -0.12484800
3 7.43125000 1.49647900 0.00000200 0.00000000 0.00000000 0.24545000
4 5.27847900 0.16554400 0.00000100 0.00000000 0.00000000 0.04851100
5 2.63886500 -13.19337100 1.00678900 1.51325300 1.31167000 -1.77504000
6 -6.21447800 -0.00000900 -0.00002600 -3.12774779 -0.89912767 2.53343568
7 11.94488500 0.00000000 0.00000000 -1.08816570 -0.14949490 2.00318643
8 10.62018800 0.00000000 0.00000000 0.24267403 0.18047550 2.67408727
9 -4.75110800 -0.69449800 0.83058000 -0.03446100 -0.21695400 0.92099800
10 -1.68806800 0.00004700 -0.00003100 0.01720600 -0.01778800 0.67054700
11 -1.33614000 0.00005500 -0.00001000 0.02395800 0.01094800 0.12574300
12 -4.82049400 -0.50946400 -0.22475900 -0.15384000 -0.16811200 0.99849900
13 -1.82698400 -0.00006900 0.00000800 -0.01882500 0.03582500 0.79056000
14 -1.43656900 0.00000400 0.00000300 -0.01431300 -0.07643700 0.09379700
15 -3.99235700 -0.89119100 -1.82790900 -0.49324900 -0.06901200 0.97386700
16 -1.40591800 -0.00002500 -0.00000200 0.00811900 -0.02831200 0.59474800
17 -1.17535800 0.00012600 -0.00001900 0.03129900 0.06025400 0.38288200
18 -4.52675100 -0.69058000 -1.12074100 -0.38897700 -0.12419900 1.09123500
19 -1.74403800 0.00003200 -0.00000800 -0.00755800 -0.02862900 0.66790600
20 -1.36877100 0.00002300 0.00000200 0.02002600 0.04848400 0.28774100
21 -1.81419900 -1.33120300 1.23969700 2.18702700 0.33107100 0.99691500
22 -1.45527300 0.24653400 0.11068900 0.02849000 0.22200500 0.26584100
23 -1.59928500 0.00001100 0.00001500 0.06130100 -0.02982000 0.63084300
24 5.51182000 0.00000800 -0.00000200 1.52382241 0.00075352 3.14084760
25 0.19684600 -0.00000200 0.00000300 2.79340687 -0.00083585 -3.14135494
26 2.82592000 -12.20576800 -2.78509900 1.97586200 1.15991000 1.84280300
27 6.21448600 0.00000800 0.00001900 1.15612973 0.95437517 0.52986478
28 11.94488800 -0.00003100 -0.00020000 0.36374307 -0.28020952 -1.99525547
29 10.62016500 0.00000200 0.00000600 -1.44883274 -0.07921534 -0.20810338
30 4.75115800 0.69437400 -0.83047400 0.26741900 -0.00364900 0.21647400
31 1.68806500 -0.00002200 0.00000200 0.02335100 -0.00829300 0.20920400
32 1.33615100 -0.00005100 -0.00000900 0.01985900 -0.03329900 -0.16675400
33 4.82051500 0.50933800 0.22486600 0.03347000 -0.12287400 0.39838700
34 1.82699200 0.00006600 0.00001000 -0.03534300 0.01984000 0.21433800
35 1.43658100 -0.00000600 0.00001000 0.01360000 -0.00676900 -0.26782100
36 3.99235300 0.89108700 1.82799300 -0.32681200 -0.33046500 0.35231600
37 1.40592600 0.00003100 -0.00000300 0.01856900 -0.02296800 0.19561900
38 1.17536200 -0.00013200 0.00000100 0.00782000 0.12305300 0.01856100
39 4.52675800 0.69046400 1.12084300 -0.23579900 -0.19180600 0.40652300
40 1.74404100 -0.00003100 -0.00000200 0.00526300 -0.02915000 0.23240300
41 1.36876700 -0.00003100 -0.00001800 -0.00637400 0.15858000 -0.22582000
42 1.87485700 0.93508100 -0.99912900 1.65927700 0.64436000 0.47223500
43 1.52345300 -0.00003200 -0.00000200 0.02814800 0.17161300 0.26444200
44 1.59928100 -0.00000400 0.00001000 0.04225700 0.07207700 -0.21348300
45 5.51180600 -0.00000200 0.00000300 -0.23579700 0.00000500 0.00000700
46 0.19684900 0.00000300 -0.00000100 -0.34822500 0.00001500 -0.00000200
47 0.00000000 0.00000000 0.00000000 0.00000000 0.00000000 -1.57079600
48 -6.98244262 -15.86680734 -7.06238704 -0.05629979 0.28808116 0.49254669
49 -4.33264200 23.59507800 -4.02389200 0.00000000 0.00000000 -3.14156200
50 2.21351859 40.22868790 -3.68161347 -0.07386015 0.24959429 -2.60672985
51 -0.36270000 4.25271700 -2.41196500 0.78661900 0.97886900 -2.97453700
52 -0.32321000 0.41904200 1.84076700 0.00000000 0.00000000 0.00000000
53 0.56381800 0.00000000 0.00000000 0.40961063 -0.15580547 -0.40234031
54 21.83562315 -1.35071499 -4.68564435 -2.85873163 -0.78237087 -0.84509681
time 33
0 -0.00000100 7.45008900 -27.50902600 0.00000000 0.00000000 0.00003100
1 -0.00000200 0.00000000 0.00000000 1.57074700 -1.56714200 -1.57074700
2 4.25546600 -0.33518300 -0.00000200 0.00000000 0.00000000 -0.12484800
3 7.43125000 1.49647900 0.00000200 0.00000000 0.00000000 0.24545000
4 5.27847900 0.16554400 0.00000100 0.00000000 0.00000000 0.04851100
5 2.63886500 -13.19337100 1.00678900 1.51325300 1.31167000 -1.77504000
6 -6.21447800 -0.00000900 -0.00002600 -3.13112278 -0.89911831 2.53826672
7 11.94488500 0.00000000 0.00000000 -1.08783939 -0.14991251 2.00120336
8 10.62018800 0.00000000 0.00000000 0.23931204 0.18415954 2.67490734
9 -4.75110800 -0.69449800 0.83058000 -0.03446100 -0.21695400 0.92099800
10 -1.68806800 0.00004700 -0.00003100 0.01720600 -0.01778800 0.67054700
11 -1.33614000 0.00005500 -0.00001000 0.02395800 0.01094800 0.12574300
12 -4.82049400 -0.50946400 -0.22475900 -0.15384000 -0.16811200 0.99849900
13 -1.82698400 -0.00006900 0.00000800 -0.01882500 0.03582500 0.79056000
14 -1.43656900 0.00000400 0.00000300 -0.01431300 -0.07643700 0.09379700
15 -3.99235700 -0.89119100 -1.82790900 -0.49324900 -0.06901200 0.97386700
16 -1.40591800 -0.00002500 -0.00000200 0.00811900 -0.02831200 0.59474800
17 -1.17535800 0.00012600 -0.00001900 0.03129900 0.06025400 0.38288200
18 -4.52675100 -0.69058000 -1.12074100 -0.38897700 -0.12419900 1.09123500
19 -1.74403800 0.00003200 -0.00000800 -0.00755800 -0.02862900 0.66790600
20 -1.36877100 0.00002300 0.00000200 0.02002600 0.04848400 0.28774100
21 -1.81419900 -1.33120300 1.23969700 2.18702700 0.33107100 0.99691500
22 -1.45527300 0.24653400 0.11068900 0.02849000 0.22200500 0.26584100
23 -1.59928500 0.00001100 0.00001500 0.06130100 -0.02982000 0.63084300
24 5.51182000 0.00000800 -0.00000200 1.52382241 0.00075352 3.14084760
25 0.19684600 -0.00000200 0.00000300 2.79340687 -0.00083585 -3.14135494
26 2.82592000 -12.20576800 -2.78509900 1.97586200 1.15991000 1.84280300
27 6.21448600 0.00000800 0.00001900 1.15067160 0.95741080 0.52323855
28 11.94488800 -0.00003100 -0.00020000 0.35996733 -0.27377677 -1.98319835
29 10.62016500 0.00000200 0.00000600 -1.44871403 -0.08933288 -0.21544213
30 4.75115800 0.69437400 -0.83047400 0.26741900 -0.00364900 0.21647400
31 1.68806500 -0.00002200 0.00000200 0.02335100 -0.00829300 0.20920400
32 1.33615100 -0.00005100 -0.00000900 0.01985900 -0.03329900 -0.16675400
33 4.82051500 0.50933800 0.22486600 0.03347000 -0.12287400 0.39838700
34 1.82699200 0.00006600 0.00001000 -0.03534300 0.01984000 0.21433800
35 1.43658100 -0.00000600 0.00001000 0.01360000 -0.00676900 -0.26782100
36 3.99235300 0.89108700 1.82799300 -0.32681200 -0.33046500 0.35231600
37 1.40592600 0.00003100 -0.00000300 0.01856900 -0.02296800 0.19561900
38 1.17536200 -0.00013200 0.00000100 0.00782000 0.12305300 0.01856100
39 4.52675800 0.69046400 1.12084300 -0.23579900 -0.19180600 0.40652300
40 1.74404100 -0.00003100 -0.00000200 0.00526300 -0.02915000 0.23240300
41 1.36876700 -0.00003100 -0.00001800 -0.00637400 0.15858000 -0.22582000
42 1.87485700 0.93508100 -0.99912900 1.65927700 0.64436000 0.47223500
43 1.52345300 -0.00003200 -0.00000200 0.02814800 0.17161300 0.26444200
44 1.59928100 -0.00000400 0.00001000 0.04225700 0.07207700 -0.21348300
45 5.51180600 -0.00000200 0.00000300 -0.23579700 0.00000500 0.00000700
46 0.19684900 0.00000300 -0.00000100 -0.34822500 0.00001500 -0.00000200
47 0.00000000 0.00000000 0.00000000 0.00000000 0.00000000 -1.57079600
48 -7.03042494 -15.86618759 -7.09032049 -0.05730736 0.28710109 0.49137217
49 -4.33264200 23.59507800 -4.02389200 0.00000000 0.00000000 -3.14156200
50 2.26088570 40.22868790 -3.70820711 -0.07498091 0.24846987 -2.60805306
51 -0.36270000 4.25271700 -2.41196500 0.78661900 0.97886900 -2.97453700
52 -0.32321000 0.41904200 1.84076700 0.00000000 0.00000000 0.00000000
53 0.56381800 0.00000000 0.00000000 0.40716980 -0.15825299 -0.38284058
54 21.83522741 -1.35853471 -4.66321561 -2.85896140 -0.78062545 -0.84343201
time 34
0 -0.00000100 7.45008900 -27.50902600 0.00000000 0.00000000 0.00003100
1 -0.00000200 0.00000000 0.00000000 1.57074700 -1.56714200 -1.57074700
2 4.25546600 -0.33518300 -0.00000200 0.00000000 0.00000000 -0.12484800
3 7.43125000 1.49647900 0.00000200 0.00000000 0.00000000 0.24545000
4 5.27847900 0.16554400 0.00000100 0.00000000 0.00000000 0.04851100
5 2.63886500 -13.19337100 1.00678900 1.51325300 1.31167000 -1.77504000
6 -6.21447800 -0.00000900 -0.00002600 -3.13649644 -0.90015545 2.54470331
7 11.94488500 0.00000000 0.00000000 -1.08746533 -0.14984405 1.99846107
8 10.62018800 0.00000000 0.00000000 0.23542089 0.18872023 2.67558192
9 -4.75110800 -0.69449800 0.83058000 -0.03446100 -0.21695400 0.92099800
10 -1.68806800 0.00004700 -0.00003100 0.01720600 -0.01778800 0.67054700
11 -1.33614000 0.00005500 -0.00001000 0.02395800 0.01094800 0.12574300
12 -4.82049400 -0.50946400 -0.22475900 -0.15384000 -0.16811200 0.99849900
13 -1.82698400 -0.00006900 0.00000800 -0.01882500 0.03582500 0.79056000
14 -1.43656900 0.00000400 0.00000300 -0.01431300 -0.07643700 0.09379700
15 -3.99235700 -0.89119100 -1.82790900 -0.49324900 -0.06901200 0.97386700
16 -1.40591800 -0.00002500 -0.00000200 0.00811900 -0.02831200 0.59474800
17 -1.17535800 0.00012600 -0.00001900 0.03129900 0.06025400 0.38288200
18 -4.52675100 -0.69058000 -1.12074100 -0.38897700 -0.12419900 1.09123500
19 -1.74403800 0.00003200 -0.00000800 -0.00755800 -0.02862900 0.66790600
20 -1.36877100 0.00002300 0.00000200 0.02002600 0.04848400 0.28774100
21 -1.81419900 -1.33120300 1.23969700 2.18702700 0.33107100 0.99691500
22 -1.45527300 0.24653400 0.11068900 0.02849000 0.22200500 0.26584100
23 -1.59928500 0.00001100 0.00001500 0.06130100 -0.02982000 0.63084300
24 5.51182000 0.00000800 -0.00000200 1.52382241 0.00075352 3.14084760
25 0.19684600 -0.00000200 0.00000300 2.79340687 -0.00083585 -3.14135494
26 2.82592000 -12.20576800 -2.78509900 1.97586200 1.15991000 1.84280300
27 6.21448600 0.00000800 0.00001900 1.14678808 0.95943659 0.51853600
28 11.94488800 -0.00003100 -0.00020000 0.35668423 -0.26833605 -1.97249836
29 10.62016500 0.00000200 0.00000600 -1.44790214 -0.09749234 -0.22201677
30 4.75115800 0.69437400 -0.83047400 0.26741900 -0.00364900 0.21647400
31 1.68806500 -0.00002200 0.00000200 0.02335100 -0.00829300 0.20920400
32 1.33615100 -0.00005100 -0.00000900 0.01985900 -0.03329900 -0.16675400
33 4.82051500 0.50933800 0.22486600 0.03347000 -0.12287400 0.39838700
34 1.82699200 0.00006600 0.00001000 -0.03534300 0.01984000 0.21433800
35 1.43658100 -0.00000600 0.00001000 0.01360000 -0.00676900 -0.26782100
36 3.99235300 0.89108700 1.82799300 -0.32681200 -0.33046500 0.35231600
37 1.40592600 0.00003100 -0.00000300 0.01856900 -0.02296800 0.19561900
38 1.17536200 -0.00013200 0.00000100 0.00782000 0.12305300 0.01856100
39 4.52675800 0.69046400 1.12084300 -0.23579900 -0.19180600 0.40652300
40 1.74404100 -0.00003100 -0.00000200 0.00526300 -0.02915000 0.23240300
41 1.36876700 -0.00003100 -0.00001800 -0.00637400 0.15858000 -0.22582000
42 1.87485700 0.93508100 -0.99912900 1.65927700 0.64436000 0.47223500
43 1.52345300 -0.00003200 -0.00000200 0.02814800 0.17161300 0.26444200
44 1.59928100 -0.00000400 0.00001000 0.04225700 0.07207700 -0.21348300
45 5.51180600 -0.00000200 0.00000300 -0.23579700 0.00000500 0.00000700
46 0.19684900 0.00000300 -0.00000100 -0.34822500 0.00001500 -0.00000200
47 0.00000000 0.00000000 0.00000000 0.00000000 0.00000000 -1.57079600
48 -7.07685789 -15.86641494 -7.14537622 -0.05742529 0.28467137 0.49055430
49 -4.33264200 23.59507800 -4.02389200 0.00000000 0.00000000 -3.14156200
50 2.30635980 40.22868790 -3.76285640 -0.07526232 0.24609213 -2.60897418
51 -0.36270000 4.25271700 -2.41196500 0.78661900 0.97886900 -2.97453700
52 -0.32321000 0.41904200 1.84076700 0.00000000 0.00000000 0.00000000
53 0.56381800 0.00000000 0.00000000 0.39195811 -0.15302188 -0.35371344
54 21.82187383 -1.37337231 -4.65154406 -2.86148869 -0.77869296 -0.84047465
time 35
0 -0.00000100 7.45008900 -27.50902600 0.00000000 0.00000000 0.00003100
1 -0.00000200 0.00000000 0.00000000 1.57074700 -1.56714200 -1.57074700
2 4.25546600 -0.33518300 -0.00000200 0.00000000 0.00000000 -0.12484800
3 7.43125000 1.49647900 0.00000200 0.00000000 0.00000000 0.24545000
4 5.27847900 0.16554400 0.00000100 0.00000000 0.00000000 0.04851100
5 2.63886500 -13.19337100 1.00678900 1.51325300 1.31167000 -1.77504000
6 -6.21447800 -0.00000900 -0.00002600 3.14080541 -0.90164471 2.55117291
7 11.94488500 0.00000000 0.00000000 -1.08696756 -0.14942450 1.99542252
8 10.62018800 0.00000000 0.00000000 0.23032936 0.19397041 2.67506770
9 -4.75110800 -0.69449800 0.83058000 -0.03446100 -0.21695400 0.92099800
10 -1.68806800 0.00004700 -0.00003100 0.01720600 -0.01778800 0.67054700
11 -1.33614000 0.00005500 -0.00001000 0.02395800 0.01094800 0.12574300
12 -4.82049400 -0.50946400 -0.22475900 -0.15384000 -0.16811200 0.99849900
13 -1.82698400 -0.00006900 0.00000800 -0.01882500 0.03582500 0.79056000
14 -1.43656900 0.00000400 0.00000300 -0.01431300 -0.07643700 0.09379700
15 -3.99235700 -0.89119100 -1.82790900 -0.49324900 -0.06901200 0.97386700
16 -1.40591800 -0.00002500 -0.00000200 0.00811900 -0.02831200 0.59474800
17 -1.17535800 0.00012600 -0.00001900 0.03129900 0.06025400 0.38288200
18 -4.52675100 -0.69058000 -1.12074100 -0.38897700 -0.12419900 1.09123500
19 -1.74403800 0.00003200 -0.00000800 -0.00755800 -0.02862900 0.66790600
20 -1.36877100 0.00002300 0.00000200 0.02002600 0.04848400 0.28774100
21 -1.81419900 -1.33120300 1.23969700 2.18702700 0.33107100 0.99691500
22 -1.45527300 0.24653400 0.11068900 0.02849000 0.22200500 0.26584100
23 -1.59928500 0.00001100 0.00001500 0.06130100 -0.02982000 0.63084300
24 5.51182000 0.00000800 -0.00000200 1.52382241 0.00075352 3.14084760
25 0.19684600 -0.00000200 0.00000300 2.79340687 -0.00083585 -3.14135494
26 2.82592000 -12.20576800 -2.78509900 1.97586200 1.15991000 1.84280300
27 6.21448600 0.00000800 0.00001900 1.14380207 0.96123859 0.51491485
28 11.94488800 -0.00003100 -0.00020000 0.35443474 -0.26537634 -1.96501459
29 10.62016500 0.00000200 0.00000600 -1.44582689 -0.10189609 -0.22689056
30 4.75115800 0.69437400 -0.83047400 0.26741900 -0.00364900 0.21647400
31 1.68806500 -0.00002200 0.00000200 0.02335100 -0.00829300 0.20920400
32 1.33615100 -0.00005100 -0.00000900 0.01985900 -0.03329900 -0.16675400
33 4.82051500 0.50933800 0.22486600 0.03347000 -0.12287400 0.39838700
34 1.82699200 0.00006600 0.00001000 -0.03534300 0.01984000 0.21433800
35 1.43658100 -0.00000600 0.00001000 0.01360000 -0.00676900 -0.26782100
36 3.99235300 0.89108700 1.82799300 -0.32681200 -0.33046500 0.35231600
37 1.40592600 0.00003100 -0.00000300 0.01856900 -0.02296800 0.19561900
38 1.17536200 -0.00013200 0.00000100 0.00782000 0.12305300 0.01856100
39 4.52675800 0.69046400 1.12084300 -0.23579900 -0.19180600 0.40652300
40 1.74404100 -0.00003100 -0.00000200 0.00526300 -0.02915000 0.23240300
41 1.36876700 -0.00003100 -0.00001800 -0.00637400 0.15858000 -0.22582000
42 1.87485700 0.93508100 -0.99912900 1.65927700 0.64436000 0.47223500
43 1.52345300 -0.00003200 -0.00000200 0.02814800 0.17161300 0.26444200
44 1.59928100 -0.00000400 0.00001000 0.04225700 0.07207700 -0.21348300
45 5.51180600 -0.00000200 0.00000300 -0.23579700 0.00000500 0.00000700
46 0.19684900 0.00000300 -0.00000100 -0.34822500 0.00001500 -0.00000200
47 0.00000000 0.00000000 0.00000000 0.00000000 0.00000000 -1.57079600
48 -7.12048463 -15.86701541 -7.20624960 -0.05834851 0.28094459 0.48962925
49 -4.33264200 23.59507800 -4.02389200 0.00000000 0.00000000 -3.14156200
50 2.34786966 40.22868790 -3.82284062 -0.07636276 0.24225080 -2.61001362
51 -0.36270000 4.25271700 -2.41196500 0.78661900 0.97886900 -2.97453700
52 -0.32321000 0.41904200 1.84076700 0.00000000 0.00000000 0.00000000
53 0.56381800 0.00000000 0.00000000 0.37172925 -0.14326503 -0.31961988
54 21.80460088 -1.38385422 -4.66614716 -2.86498289 -0.77543104 -0.83710657
time 36
0 -0.00000100 7.45008900 -27.50902600 0.00000000 0.00000000 0.00003100
1 -0.00000200 0.00000000 0.00000000 1.57074700 -1.56714200 -1.57074700
2 4.25546600 -0.33518300 -0.00000200 0.00000000 0.00000000 -0.12484800
3 7.43125000 1.49647900 0.00000200 0.00000000 0.00000000 0.24545000
4 5.27847900 0.16554400 0.00000100 0.00000000 0.00000000 0.04851100
5 2.63886500 -13.19337100 1.00678900 1.51325300 1.31167000 -1.77504000
6 -6.21447800 -0.00000900 -0.00002600 3.13451352 -0.90364553 2.55747396
7 11.94488500 0.00000000 0.00000000 -1.08643045 -0.14864061 1.99206364
8 10.62018800 0.00000000 0.00000000 0.22370853 0.20002773 2.67306113
9 -4.75110800 -0.69449800 0.83058000 -0.03446100 -0.21695400 0.92099800
10 -1.68806800 0.00004700 -0.00003100 0.01720600 -0.01778800 0.67054700
11 -1.33614000 0.00005500 -0.00001000 0.02395800 0.01094800 0.12574300
12 -4.82049400 -0.50946400 -0.22475900 -0.15384000 -0.16811200 0.99849900
13 -1.82698400 -0.00006900 0.00000800 -0.01882500 0.03582500 0.79056000
14 -1.43656900 0.00000400 0.00000300 -0.01431300 -0.07643700 0.09379700
15 -3.99235700 -0.89119100 -1.82790900 -0.49324900 -0.06901200 0.97386700
16 -1.40591800 -0.00002500 -0.00000200 0.00811900 -0.02831200 0.59474800
17 -1.17535800 0.00012600 -0.00001900 0.03129900 0.06025400 0.38288200
18 -4.52675100 -0.69058000 -1.12074100 -0.38897700 -0.12419900 1.09123500
19 -1.74403800 0.00003200 -0.00000800 -0.00755800 -0.02862900 0.66790600
20 -1.36877100 0.00002300 0.00000200 0.02002600 0.04848400 0.28774100
21 -1.81419900 -1.33120300 1.23969700 2.18702700 0.33107100 0.99691500
22 -1.45527300 0.24653400 0.11068900 0.02849000 0.22200500 0.26584100
23 -1.59928500 0.00001100 0.00001500 0.06130100 -0.02982000 0.63084300
24 5.51182000 0.00000800 -0.00000200 1.52382241 0.00075352 3.14084760
25 0.19684600 -0.00000200 0.00000300 2.79340687 -0.00083585 -3.14135494
26 2.82592000 -12.20576800 -2.78509900 1.97586200 1.15991000 1.84280300
27 6.21448600 0.00000800 0.00001900 1.14191955 0.96269758 0.51262207
28 11.94488800 -0.00003100 -0.00020000 0.35338079 -0.26540151 -1.96141377
29 10.62016500 0.00000200 0.00000600 -1.44231388 -0.10182725 -0.22970159
30 4.75115800 0.69437400 -0.83047400 0.26741900 -0.00364900 0.21647400
31 1.68806500 -0.00002200 0.00000200 0.02335100 -0.00829300 0.20920400
32 1.33615100 -0.00005100 -0.00000900 0.01985900 -0.03329900 -0.16675400
33 4.82051500 0.50933800 0.22486600 0.03347000 -0.12287400 0.39838700
34 1.82699200 0.00006600 0.00001000 -0.03534300 0.01984000 0.21433800
35 1.43658100 -0.00000600 0.00001000 0.01360000 -0.00676900 -0.26782100
36 3.99235300 0.89108700 1.82799300 -0.32681200 -0.33046500 0.35231600
37 1.40592600 0.00003100 -0.00000300 0.01856900 -0.02296800 0.19561900
38 1.17536200 -0.00013200 0.00000100 0.00782000 0.12305300 0.01856100
39 4.52675800 0.69046400 1.12084300 -0.23579900 -0.19180600 0.40652300
40 1.74404100 -0.00003100 -0.00000200 0.00526300 -0.02915000 0.23240300
41 1.36876700 -0.00003100 -0.00001800 -0.00637400 0.15858000 -0.22582000
42 1.87485700 0.93508100 -0.99912900 1.65927700 0.64436000 0.47223500
43 1.52345300 -0.00003200 -0.00000200 0.02814800 0.17161300 0.26444200
44 1.59928100 -0.00000400 0.00001000 0.04225700 0.07207700 -0.21348300
45 5.51180600 -0.00000200 0.00000300 -0.23579700 0.00000500 0.00000700
46 0.19684900 0.00000300 -0.00000100 -0.34822500 0.00001500 -0.00000200
47 0.00000000 0.00000000 0.00000000 0.00000000 0.00000000 -1.57079600
48 -7.16074153 -15.86805282 -7.27379859 -0.06017085 0.27549179 0.48861273
49 -4.33264200 23.59507800 -4.02389200 0.00000000 0.00000000 -3.14156200
50 2.38462243 40.22868790 -3.88892318 -0.07827478 0.23673462 -2.61106736
51 -0.36270000 4.25271700 -2.41196500 0.78661900 0.97886900 -2.97453700
52 -0.32321000 0.41904200 1.84076700 0.00000000 0.00000000 0.00000000
53 0.56381800 0.00000000 0.00000000 0.34585033 -0.12775212 -0.27986013
54 21.78299408 -1.38904272 -4.71217946 -2.86933493 -0.77047832 -0.83337029
time 37
0 -0.00000100 7.45008900 -27.50902600 0.00000000 0.00000000 0.00003100
1 -0.00000200 0.00000000 0.00000000 1.57074700 -1.56714200 -1.57074700
2 4.25546600 -0.33518300 -0.00000200 0.00000000 0.00000000 -0.12484800
3 7.43125000 1.49647900 0.00000200 0.00000000 0.00000000 0.24545000
4 5.27847900 0.16554400 0.00000100 0.00000000 0.00000000 0.04851100
5 2.63886500 -13.19337100 1.00678900 1.51325300 1.31167000 -1.77504000
6 -6.21447800 -0.00000900 -0.00002600 3.12931520 -0.90591195 2.56179254
7 11.94488500 0.00000000 0.00000000 -1.08592844 -0.14739963 1.98846242
8 10.62018800 0.00000000 0.00000000 0.21492883 0.20754149 2.66848296
9 -4.75110800 -0.69449800 0.83058000 -0.03446100 -0.21695400 0.92099800
10 -1.68806800 0.00004700 -0.00003100 0.01720600 -0.01778800 0.67054700
11 -1.33614000 0.00005500 -0.00001000 0.02395800 0.01094800 0.12574300
12 -4.82049400 -0.50946400 -0.22475900 -0.15384000 -0.16811200 0.99849900
13 -1.82698400 -0.00006900 0.00000800 -0.01882500 0.03582500 0.79056000
14 -1.43656900 0.00000400 0.00000300 -0.01431300 -0.07643700 0.09379700
15 -3.99235700 -0.89119100 -1.82790900 -0.49324900 -0.06901200 0.97386700
16 -1.40591800 -0.00002500 -0.00000200 0.00811900 -0.02831200 0.59474800
17 -1.17535800 0.00012600 -0.00001900 0.03129900 0.06025400 0.38288200
18 -4.52675100 -0.69058000 -1.12074100 -0.38897700 -0.12419900 1.09123500
19 -1.74403800 0.00003200 -0.00000800 -0.00755800 -0.02862900 0.66790600
20 -1.36877100 0.00002300 0.00000200 0.02002600 0.04848400 0.28774100
21 -1.81419900 -1.33120300 1.23969700 2.18702700 0.33107100 0.99691500
22 -1.45527300 0.24653400 0.11068900 0.02849000 0.22200500 0.26584100
23 -1.59928500 0.00001100 0.00001500 0.06130100 -0.02982000 0.63084300
24 5.51182000 0.00000800 -0.00000200 1.52382241 0.00075352 3.14084760
25 0.19684600 -0.00000200 0.00000300 2.79340687 -0.00083585 -3.14135494
26 2.82592000 -12.20576800 -2.78509900 1.97586200 1.15991000 1.84280300
27 6.21448600 0.00000800 0.00001900 1.14035955 0.96474459 0.51069356
28 11.94488800 -0.00003100 -0.00020000 0.35400636 -0.27046983 -1.96328622
29 10.62016500 0.00000200 0.00000600 -1.43650163 -0.09517893 -0.23012007
30 4.75115800 0.69437400 -0.83047400 0.26741900 -0.00364900 0.21647400
31 1.68806500 -0.00002200 0.00000200 0.02335100 -0.00829300 0.20920400
32 1.33615100 -0.00005100 -0.00000900 0.01985900 -0.03329900 -0.16675400
33 4.82051500 0.50933800 0.22486600 0.03347000 -0.12287400 0.39838700
34 1.82699200 0.00006600 0.00001000 -0.03534300 0.01984000 0.21433800
35 1.43658100 -0.00000600 0.00001000 0.01360000 -0.00676900 -0.26782100
36 3.99235300 0.89108700 1.82799300 -0.32681200 -0.33046500 0.35231600
37 1.40592600 0.00003100 -0.00000300 0.01856900 -0.02296800 0.19561900
38 1.17536200 -0.00013200 0.00000100 0.00782000 0.12305300 0.01856100
39 4.52675800 0.69046400 1.12084300 -0.23579900 -0.19180600 0.40652300
40 1.74404100 -0.00003100 -0.00000200 0.00526300 -0.02915000 0.23240300
41 1.36876700 -0.00003100 -0.00001800 -0.00637400 0.15858000 -0.22582000
42 1.87485700 0.93508100 -0.99912900 1.65927700 0.64436000 0.47223500
43 1.52345300 -0.00003200 -0.00000200 0.02814800 0.17161300 0.26444200
44 1.59928100 -0.00000400 0.00001000 0.04225700 0.07207700 -0.21348300
45 5.51180600 -0.00000200 0.00000300 -0.23579700 0.00000500 0.00000700
46 0.19684900 0.00000300 -0.00000100 -0.34822500 0.00001500 -0.00000200
47 0.00000000 0.00000000 0.00000000 0.00000000 0.00000000 -1.57079600
48 -7.19213126 -15.86898248 -7.33019870 -0.06521345 0.26830424 0.48717020
49 -4.33264200 23.59507800 -4.02389200 0.00000000 0.00000000 -3.14156200
50 2.41010985 40.22868790 -3.94144205 -0.08330973 0.22950593 -2.61245358
51 -0.36270000 4.25271700 -2.41196500 0.78661900 0.97886900 -2.97453700
52 -0.32321000 0.41904200 1.84076700 0.00000000 0.00000000 0.00000000
53 0.56381800 0.00000000 0.00000000 0.32109748 -0.11146893 -0.24159573
54 21.76040483 -1.37246184 -4.80503647 -2.87328571 -0.76210028 -0.83038661
time 38
0 -0.00000100 7.45008900 -27.50902600 0.00000000 0.00000000 0.00003100
1 -0.00000200 0.00000000 0.00000000 1.57074700 -1.56714200 -1.57074700
2 4.25546600 -0.33518300 -0.00000200 0.00000000 0.00000000 -0.12484800
3 7.43125000 1.49647900 0.00000200 0.00000000 0.00000000 0.24545000
4 5.27847900 0.16554400 0.00000100 0.00000000 0.00000000 0.04851100
5 2.63886500 -13.19337100 1.00678900 1.51325300 1.31167000 -1.77504000
6 -6.21447800 -0.00000900 -0.00002600 3.12471560 -0.90832218 2.56505893
7 11.94488500 0.00000000 0.00000000 -1.08529437 -0.14575925 1.98470320
8 10.62018800 0.00000000 0.00000000 0.20502947 0.21605902 2.66257395
9 -4.75110800 -0.69449800 0.83058000 -0.03446100 -0.21695400 0.92099800
10 -1.68806800 0.00004700 -0.00003100 0.01720600 -0.01778800 0.67054700
11 -1.33614000 0.00005500 -0.00001000 0.02395800 0.01094800 0.12574300
12 -4.82049400 -0.50946400 -0.22475900 -0.15384000 -0.16811200 0.99849900
13 -1.82698400 -0.00006900 0.00000800 -0.01882500 0.03582500 0.79056000
14 -1.43656900 0.00000400 0.00000300 -0.01431300 -0.07643700 0.09379700
15 -3.99235700 -0.89119100 -1.82790900 -0.49324900 -0.06901200 0.97386700
16 -1.40591800 -0.00002500 -0.00000200 0.00811900 -0.02831200 0.59474800
17 -1.17535800 0.00012600 -0.00001900 0.03129900 0.06025400 0.38288200
18 -4.52675100 -0.69058000 -1.12074100 -0.38897700 -0.12419900 1.09123500
19 -1.74403800 0.00003200 -0.00000800 -0.00755800 -0.02862900 0.66790600
20 -1.36877100 0.00002300 0.00000200 0.02002600 0.04848400 0.28774100
21 -1.81419900 -1.33120300 1.23969700 2.18702700 0.33107100 0.99691500
22 -1.45527300 0.24653400 0.11068900 0.02849000 0.22200500 0.26584100
23 -1.59928500 0.00001100 0.00001500 0.06130100 -0.02982000 0.63084300
24 5.51182000 0.00000800 -0.00000200 1.52382241 0.00075352 3.14084760
25 0.19684600 -0.00000200 0.00000300 2.79340687 -0.00083585 -3.14135494
26 2.82592000 -12.20576800 -2.78509900 1.97586200 1.15991000 1.84280300
27 6.21448600 0.00000800 0.00001900 1.13884380 0.96716532 0.50880679
28 11.94488800 -0.00003100 -0.00020000 0.35563213 -0.27833081 -1.96832348
29 10.62016500 0.00000200 0.00000600 -1.42941435 -0.08479590 -0.22905112
30 4.75115800 0.69437400 -0.83047400 0.26741900 -0.00364900 0.21647400
31 1.68806500 -0.00002200 0.00000200 0.02335100 -0.00829300 0.20920400
32 1.33615100 -0.00005100 -0.00000900 0.01985900 -0.03329900 -0.16675400
33 4.82051500 0.50933800 0.22486600 0.03347000 -0.12287400 0.39838700
34 1.82699200 0.00006600 0.00001000 -0.03534300 0.01984000 0.21433800
35 1.43658100 -0.00000600 0.00001000 0.01360000 -0.00676900 -0.26782100
36 3.99235300 0.89108700 1.82799300 -0.32681200 -0.33046500 0.35231600
37 1.40592600 0.00003100 -0.00000300 0.01856900 -0.02296800 0.19561900
38 1.17536200 -0.00013200 0.00000100 0.00782000 0.12305300 0.01856100
39 4.52675800 0.69046400 1.12084300 -0.23579900 -0.19180600 0.40652300
40 1.74404100 -0.00003100 -0.00000200 0.00526300 -0.02915000 0.23240300
41 1.36876700 -0.00003100 -0.00001800 -0.00637400 0.15858000 -0.22582000
42 1.87485700 0.93508100 -0.99912900 1.65927700 0.64436000 0.47223500
43 1.52345300 -0.00003200 -0.00000200 0.02814800 0.17161300 0.26444200
44 1.59928100 -0.00000400 0.00001000 0.04225700 0.07207700 -0.21348300
45 5.51180600 -0.00000200 0.00000300 -0.23579700 0.00000500 0.00000700
46 0.19684900 0.00000300 -0.00000100 -0.34822500 0.00001500 -0.00000200
47 0.00000000 0.00000000 0.00000000 0.00000000 0.00000000 -1.57079600
48 -7.21829375 -15.86971712 -7.38090089 -0.07204201 0.26044305 0.48542729
49 -4.33264200 23.59507800 -4.02389200 0.00000000 0.00000000 -3.14156200
50 2.42915992 40.22868790 -3.98681839 -0.09008526 0.22160435 -2.61399908
51 -0.36270000 4.25271700 -2.41196500 0.78661900 0.97886900 -2.97453700
52 -0.32321000 0.41904200 1.84076700 0.00000000 0.00000000 0.00000000
53 0.56381800 0.00000000 0.00000000 0.29754595 -0.09476103 -0.20402635
54 21.73872574 -1.34332689 -4.91691503 -2.87649970 -0.75197628 -0.82804961
time 39
0 -0.00000100 7.45008900 -27.50902600 0.00000000 0.00000000 0.00003100
1 -0.00000200 0.00000000 0.00000000 1.57074700 -1.56714200 -1.57074700
2 4.25546600 -0.33518300 -0.00000200 0.00000000 0.00000000 -0.12484800
3 7.43125000 1.49647900 0.00000200 0.00000000 0.00000000 0.24545000
4 5.27847900 0.16554400 0.00000100 0.00000000 0.00000000 0.04851100
5 2.63886500 -13.19337100 1.00678900 1.51325300 1.31167000 -1.77504000
6 -6.21447800 -0.00000900 -0.00002600 3.12230298 -0.91038493 2.56567246
7 11.94488500 0.00000000 0.00000000 -1.08484395 -0.14407793 1.98171228
8 10.62018800 0.00000000 0.00000000 0.19485582 0.22395406 2.65495799
9 -4.75110800 -0.69449800 0.83058000 -0.03446100 -0.21695400 0.92099800
10 -1.68806800 0.00004700 -0.00003100 0.01720600 -0.01778800 0.67054700
11 -1.33614000 0.00005500 -0.00001000 0.02395800 0.01094800 0.12574300
12 -4.82049400 -0.50946400 -0.22475900 -0.15384000 -0.16811200 0.99849900
13 -1.82698400 -0.00006900 0.00000800 -0.01882500 0.03582500 0.79056000
14 -1.43656900 0.00000400 0.00000300 -0.01431300 -0.07643700 0.09379700
15 -3.99235700 -0.89119100 -1.82790900 -0.49324900 -0.06901200 0.97386700
16 -1.40591800 -0.00002500 -0.00000200 0.00811900 -0.02831200 0.59474800
17 -1.17535800 0.00012600 -0.00001900 0.03129900 0.06025400 0.38288200
18 -4.52675100 -0.69058000 -1.12074100 -0.38897700 -0.12419900 1.09123500
19 -1.74403800 0.00003200 -0.00000800 -0.00755800 -0.02862900 0.66790600
20 -1.36877100 0.00002300 0.00000200 0.02002600 0.04848400 0.28774100
21 -1.81419900 -1.33120300 1.23969700 2.18702700 0.33107100 0.99691500
22 -1.45527300 0.24653400 0.11068900 0.02849000 0.22200500 0.26584100
23 -1.59928500 0.00001100 0.00001500 0.06130100 -0.02982000 0.63084300
24 5.51182000 0.00000800 -0.00000200 1.52382241 0.00075352 3.14084760
25 0.19684600 -0.00000200 0.00000300 2.79340687 -0.00083585 -3.14135494
26 2.82592000 -12.20576800 -2.78509900 1.97586200 1.15991000 1.84280300
27 6.21448600 0.00000800 0.00001900 1.13694577 0.97028384 0.50644500
28 11.94488800 -0.00003100 -0.00020000 0.35856439 -0.28926403 -1.97733008
29 10.62016500 0.00000200 0.00000600 -1.42163375 -0.07012012 -0.22569561
30 4.75115800 0.69437400 -0.83047400 0.26741900 -0.00364900 0.21647400
31 1.68806500 -0.00002200 0.00000200 0.02335100 -0.00829300 0.20920400
32 1.33615100 -0.00005100 -0.00000900 0.01985900 -0.03329900 -0.16675400
33 4.82051500 0.50933800 0.22486600 0.03347000 -0.12287400 0.39838700
34 1.82699200 0.00006600 0.00001000 -0.03534300 0.01984000 0.21433800
35 1.43658100 -0.00000600 0.00001000 0.01360000 -0.00676900 -0.26782100
36 3.99235300 0.89108700 1.82799300 -0.32681200 -0.33046500 0.35231600
37 1.40592600 0.00003100 -0.00000300 0.01856900 -0.02296800 0.19561900
38 1.17536200 -0.00013200 0.00000100 0.00782000 0.12305300 0.01856100
39 4.52675800 0.69046400 1.12084300 -0.23579900 -0.19180600 0.40652300
40 1.74404100 -0.00003100 -0.00000200 0.00526300 -0.02915000 0.23240300
41 1.36876700 -0.00003100 -0.00001800 -0.00637400 0.15858000 -0.22582000
42 1.87485700 0.93508100 -0.99912900 1.65927700 0.64436000 0.47223500
43 1.52345300 -0.00003200 -0.00000200 0.02814800 0.17161300 0.26444200
44 1.59928100 -0.00000400 0.00001000 0.04225700 0.07207700 -0.21348300
45 5.51180600 -0.00000200 0.00000300 -0.23579700 0.00000500 0.00000700
46 0.19684900 0.00000300 -0.00000100 -0.34822500 0.00001500 -0.00000200
47 0.00000000 0.00000000 0.00000000 0.00000000 0.00000000 -1.57079600
48 -7.23333008 -15.87011404 -7.40615729 -0.08059354 0.25243219 0.48348325
49 -4.33264200 23.59507800 -4.02389200 0.00000000 0.00000000 -3.14156200
50 2.43627086 40.22868790 -4.00515457 -0.09853443 0.21350134 -2.61586207
51 -0.36270000 4.25271700 -2.41196500 0.78661900 0.97886900 -2.97453700
52 -0.32321000 0.41904200 1.84076700 0.00000000 0.00000000 0.00000000
53 0.56381800 0.00000000 0.00000000 0.28453341 -0.08605718 -0.17778973
54 21.72163777 -1.29371857 -5.05483821 -2.87849943 -0.74043912 -0.82673766
time 40
0 -0.00000100 7.45008900 -27.50902600 0.00000000 0.00000000 0.00003100
1 -0.00000200 0.00000000 0.00000000 1.57074700 -1.56714200 -1.57074700
2 4.25546600 -0.33518300 -0.00000200 0.00000000 0.00000000 -0.12484800
3 7.43125000 1.49647900 0.00000200 0.00000000 0.00000000 0.24545000
4 5.27847900 0.16554400 0.00000100 0.00000000 0.00000000 0.04851100
5 2.63886500 -13.19337100 1.00678900 1.51325300 1.31167000 -1.77504000
6 -6.21447800 -0.00000900 -0.00002600 3.12051471 -0.91233406 2.56566928
7 11.94488500 0.00000000 0.00000000 -1.08445761 -0.14243882 1.97869653
8 10.62018800 0.00000000 0.00000000 0.18493467 0.23213507 2.64733409
9 -4.75110800 -0.69449800 0.83058000 -0.03446100 -0.21695400 0.92099800
10 -1.68806800 0.00004700 -0.00003100 0.01720600 -0.01778800 0.67054700
11 -1.33614000 0.00005500 -0.00001000 0.02395800 0.01094800 0.12574300
12 -4.82049400 -0.50946400 -0.22475900 -0.15384000 -0.16811200 0.99849900
13 -1.82698400 -0.00006900 0.00000800 -0.01882500 0.03582500 0.79056000
14 -1.43656900 0.00000400 0.00000300 -0.01431300 -0.07643700 0.09379700
15 -3.99235700 -0.89119100 -1.82790900 -0.49324900 -0.06901200 0.97386700
16 -1.40591800 -0.00002500 -0.00000200 0.00811900 -0.02831200 0.59474800
17 -1.17535800 0.00012600 -0.00001900 0.03129900 0.06025400 0.38288200
18 -4.52675100 -0.69058000 -1.12074100 -0.38897700 -0.12419900 1.09123500
19 -1.74403800 0.00003200 -0.00000800 -0.00755800 -0.02862900 0.66790600
20 -1.36877100 0.00002300 0.00000200 0.02002600 0.04848400 0.28774100
21 -1.81419900 -1.33120300 1.23969700 2.18702700 0.33107100 0.99691500
22 -1.45527300 0.24653400 0.11068900 0.02849000 0.22200500 0.26584100
23 -1.59928500 0.00001100 0.00001500 0.06130100 -0.02982000 0.63084300
24 5.51182000 0.00000800 -0.00000200 1.52382241 0.00075352 3.14084760
25 0.19684600 -0.00000200 0.00000300 2.79340687 -0.00083585 -3.14135494
26 2.82592000 -12.20576800 -2.78509900 1.97586200 1.15991000 1.84280300
27 6.21448600 0.00000800 0.00001900 1.13467010 0.97361645 0.50363275
28 11.94488800 -0.00003100 -0.00020000 0.36189202 -0.30064004 -1.98727339
29 10.62016500 0.00000200 0.00000600 -1.41373359 -0.05464148 -0.22161129
30 4.75115800 0.69437400 -0.83047400 0.26741900 -0.00364900 0.21647400
31 1.68806500 -0.00002200 0.00000200 0.02335100 -0.00829300 0.20920400
32 1.33615100 -0.00005100 -0.00000900 0.01985900 -0.03329900 -0.16675400
33 4.82051500 0.50933800 0.22486600 0.03347000 -0.12287400 0.39838700
34 1.82699200 0.00006600 0.00001000 -0.03534300 0.01984000 0.21433800
35 1.43658100 -0.00000600 0.00001000 0.01360000 -0.00676900 -0.26782100
36 3.99235300 0.89108700 1.82799300 -0.32681200 -0.33046500 0.35231600
37 1.40592600 0.00003100 -0.00000300 0.01856900 -0.02296800 0.19561900
38 1.17536200 -0.00013200 0.00000100 0.00782000 0.12305300 0.01856100
39 4.52675800 0.69046400 1.12084300 -0.23579900 -0.19180600 0.40652300
40 1.74404100 -0.00003100 -0.00000200 0.00526300 -0.02915000 0.23240300
41 1.36876700 -0.00003100 -0.00001800 -0.00637400 0.15858000 -0.22582000
42 1.87485700 0.93508100 -0.99912900 1.65927700 0.64436000 0.47223500
43 1.52345300 -0.00003200 -0.00000200 0.02814800 0.17161300 0.26444200
44 1.59928100 -0.00000400 0.00001000 0.04225700 0.07207700 -0.21348300
45 5.51180600 -0.00000200 0.00000300 -0.23579700 0.00000500 0.00000700
46 0.19684900 0.00000300 -0.00000100 -0.34822500 0.00001500 -0.00000200
47 0.00000000 0.00000000 0.00000000 0.00000000 0.00000000 -1.57079600
48 -7.24556205 -15.87016301 -7.42692263 -0.08958200 0.24506100 0.48153500
49 -4.33264200 23.59507800 -4.02389200 0.00000000 0.00000000 -3.14156200
50 2.44072867 40.22868790 -4.01851850 -0.10749051 0.20615109 -2.61774121
51 -0.36270000 4.25271700 -2.41196500 0.78661900 0.97886900 -2.97453700
52 -0.32321000 0.41904200 1.84076700 0.00000000 0.00000000 0.00000000
53 0.56381800 0.00000000 0.00000000 0.27437000 -0.07938700 -0.15297900
54 21.70864928 -1.23929195 -5.18309930 -2.87937403 -0.72894414 -0.82622913
end
