version 1
nodes
0 "root" -1
1 "pelvis" 0
2 "spine_01" 1
3 "spine_02" 2
4 "spine_03" 3
5 "clavicle_r" 4
6 "upperarm_r" 5
7 "lowerarm_r" 6
8 "hand_r" 7
9 "index_01_r" 8
10 "index_02_r" 9
11 "index_03_r" 10
12 "middle_01_r" 8
13 "middle_02_r" 12
14 "middle_03_r" 13
15 "pinky_01_r" 8
16 "pinky_02_r" 15
17 "pinky_03_r" 16
18 "ring_01_r" 8
19 "ring_02_r" 18
20 "ring_03_r" 19
21 "thumb_01_r" 8
22 "thumb_02_r" 21
23 "thumb_03_r" 22
24 "lowerarm_twist_01_r" 7
25 "upperarm_twist_01_r" 6
26 "clavicle_l" 4
27 "upperarm_l" 26
28 "lowerarm_l" 27
29 "hand_l" 28
30 "index_01_l" 29
31 "index_02_l" 30
32 "index_03_l" 31
33 "middle_01_l" 29
34 "middle_02_l" 33
35 "middle_03_l" 34
36 "pinky_01_l" 29
37 "pinky_02_l" 36
38 "pinky_03_l" 37
39 "ring_01_l" 29
40 "ring_02_l" 39
41 "ring_03_l" 40
42 "thumb_01_l" 29
43 "thumb_02_l" 42
44 "thumb_03_l" 43
45 "lowerarm_twist_01_l" 28
46 "upperarm_twist_01_l" 27
47 "cam_driver" -1
48 "BaseRoot" -1
49 "Base" 48
50 "rhand_ikTarget" 49
51 "BlastingCap" 49
52 "Rope" 51
53 "Rope.001" 52
54 "Rope.002" 53
55 "Rope.003" 54
56 "Rope.004" 55
57 "Rope.005" 56
58 "Rope.006" 57
59 "Rope.007" 58
60 "Rope.008" 59
61 "Rope.009" 60
62 "Rope.010" 61
63 "Object001" -1
64 "Object002" 63
65 "jf1" 63
66 "jf2" 65
67 "jf3" 66
68 "lhand_ikTarget" 49
end
skeleton
time 0
0 -0.00000100 7.45008900 -27.50902600 0.00000000 0.00000000 0.00003100
1 -0.00000200 0.00000000 0.00000000 1.57074300 -1.56713700 -1.57074300
2 4.25546800 -0.33518300 -0.00000200 0.00000000 0.00000000 -0.12484800
3 7.43124800 1.49647700 0.00000200 0.00000000 0.00000000 0.24545000
4 5.27847900 0.16554100 0.00000100 0.00000000 0.00000000 0.04851100
5 3.06561000 -12.65744000 1.08368000 2.12269900 1.26566500 -1.14230500
6 -6.21448200 -0.00000700 -0.00002700 -3.06300297 -0.90918748 1.79171503
7 11.94488200 0.00000000 0.00000100 -1.97784993 -0.47536174 1.59187049
8 10.62018100 0.00000200 0.00000000 0.60465825 0.21124756 2.89770719
9 -4.75110600 -0.69449400 0.83057700 0.08967600 -0.13098500 0.50038700
10 -1.68806800 0.00004600 -0.00003200 0.01671600 -0.01820000 0.69721500
11 -1.33614000 0.00005700 -0.00001200 0.02585500 -0.00498100 0.74325400
12 -4.82049400 -0.50946000 -0.22475900 -0.03127800 -0.08831000 0.88545800
13 -1.82699200 -0.00006400 0.00000600 -0.01893000 0.03570700 0.78653700
14 -1.43657300 0.00000600 0.00000200 -0.01017500 -0.07709500 0.03978900
15 -3.99235500 -0.89118800 -1.82790900 -0.35801500 0.10592100 1.28642800
16 -1.40591800 -0.00002500 -0.00000300 0.01423200 -0.02576700 0.37050100
17 -1.17535800 0.00012800 -0.00002000 0.02414000 0.06349200 0.26733300
18 -4.52675100 -0.69057500 -1.12074400 -0.15126300 -0.02698800 1.18332100
19 -1.74403800 0.00003300 -0.00000800 -0.00996000 -0.02781000 0.75209900
20 -1.36877100 0.00002500 0.00000200 0.00284900 0.05240600 -0.04949900
21 -1.87480000 -0.93512500 0.99917400 2.71530800 0.29281300 1.14742800
22 -1.62789274 0.15474751 0.01182423 -0.45142800 0.39058000 0.17554000
23 -1.59928500 0.00000400 0.00001600 0.05913200 -0.03395700 0.69875300
24 5.51181500 0.00000800 -0.00000100 1.60015654 0.00066794 3.14087266
25 0.19684700 -0.00000100 0.00000300 2.79340693 -0.00063312 -3.14144294
26 3.25266400 -11.66983600 -2.70820900 1.97586200 1.15990900 1.84280300
27 6.21448500 0.00000600 0.00002000 -0.75199935 0.87210192 -1.91471389
28 11.94488500 -0.00002900 -0.00019400 -1.00045912 -0.31923580 -1.16856745
29 10.62016600 0.00000200 0.00001000 -1.63176014 -0.59382177 -0.38955209
30 4.75115600 0.69437600 -0.83047300 -0.04117600 -0.18863600 0.60355500
31 1.68806500 -0.00002600 0.00000200 0.00262100 -0.02458500 1.33370800
32 1.33615100 -0.00005100 -0.00000900 0.01348100 -0.03626600 0.01365700
33 4.82051300 0.50934000 0.22486500 0.07478500 0.04514400 1.05758200
34 1.82699600 0.00006600 0.00000800 -0.00950200 0.03929900 1.03599800
35 1.43657700 -0.00001000 0.00000700 0.01323600 -0.00739800 -0.21985200
36 3.99235300 0.89108700 1.82799400 -0.32807200 -0.04594200 0.96946400
37 1.40591800 0.00002100 -0.00000700 -0.00225300 -0.02943200 0.95183300
38 1.17536900 -0.00013100 0.00000200 0.00681700 0.12305700 0.01097200
39 4.52675600 0.69046000 1.12084200 -0.13684300 0.00749600 1.02191100
40 1.74404100 -0.00003100 -0.00000200 -0.02263700 -0.01908800 1.28169000
41 1.36876300 -0.00003100 -0.00001700 -0.05058800 0.21380200 -0.54106800
42 2.00827897 1.42615174 -0.76232700 2.06590300 0.96199600 1.25446300
43 1.52344900 -0.00003400 -0.00000300 0.10930320 0.16632046 0.77417423
44 1.59928100 -0.00000200 0.00000900 0.07625000 0.03398500 0.40775500
45 5.51180600 -0.00000200 0.00000600 -0.23579700 0.00000500 0.00000700
46 0.19685000 0.00000300 -0.00000200 -0.34822500 0.00001500 -0.00000200
47 0.00000000 0.00000000 0.00000000 0.00000000 0.00000000 -1.57079600
48 -4.33264200 23.46635400 -4.02389200 0.00000000 0.00000000 -3.14156200
49 -4.55362615 44.03212926 -5.53662339 -0.34583894 1.14439490 2.62903803
50 -0.94675001 3.09895905 -4.38383976 1.39142500 0.76772300 -2.23544400
51 9.26444177 18.73908703 -11.60672149 0.00000000 0.00000000 0.00000000
52 -0.14427800 -0.01905500 0.77712700 0.00000000 0.00000000 0.00000000
53 -0.03040300 0.00000000 0.97060100 0.00000000 0.00000000 0.00000000
54 0.25083200 0.00887700 0.66073700 0.00000000 0.00000000 0.00000000
55 1.02156300 0.00000000 0.05472700 0.00000000 0.00000000 0.00000000
56 0.58919200 0.02250000 -0.43769800 0.00000000 0.00000000 0.00000000
57 0.06109300 -0.00834800 -1.09328200 0.00000000 0.00000000 0.00000000
58 -0.43080900 0.02895100 -0.96669100 0.00000000 0.00000000 0.00000000
59 -0.41086000 0.04068300 -1.16810300 0.00000000 0.00000000 0.00000000
60 -0.05530300 0.03252600 -2.02691900 0.00000000 0.00000000 0.00000000
61 0.28229000 -0.08289900 -1.34992400 0.00000000 0.00000000 0.00000000
62 0.99636700 -0.37373900 -0.37975200 0.00000000 0.00000000 0.00000000
63 5.29182100 -7.72295500 -27.65712900 0.81371100 -0.71543000 0.13770700
64 1.37038600 -0.02054000 1.25849300 0.00000200 0.00000000 0.00000100
65 0.15487200 -0.02709800 2.44212200 -0.07802400 0.05925800 0.12926400
66 0.00000100 0.00000200 0.99728300 0.00000000 0.00000000 0.00000000
67 0.00000000 0.00000200 1.00801400 0.00000000 0.00000000 0.00000000
68 2.06719000 3.60588200 2.07666800 2.85305200 -0.22672800 0.10415500
time 1
0 -0.00000100 7.45008900 -27.50902600 0.00000000 0.00000000 0.00003100
1 -0.00000200 0.00000000 0.00000000 1.57074300 -1.56713700 -1.57074300
2 4.25546800 -0.33518300 -0.00000200 0.00000000 0.00000000 -0.12484800
3 7.43124800 1.49647700 0.00000200 0.00000000 0.00000000 0.24545000
4 5.27847900 0.16554100 0.00000100 0.00000000 0.00000000 0.04851100
5 3.06561000 -12.65744000 1.08368000 2.12269900 1.26566500 -1.14230500
6 -6.21448200 -0.00000700 -0.00002700 -3.06229854 -0.90972425 1.79124592
7 11.94488200 0.00000000 0.00000100 -1.97852789 -0.47395305 1.59353819
8 10.62018100 0.00000200 0.00000000 0.60646713 0.21037349 2.89545671
9 -4.75110600 -0.69449400 0.83057700 0.08967600 -0.13098500 0.50038700
10 -1.68806800 0.00004600 -0.00003200 0.01671600 -0.01820000 0.69721500
11 -1.33614000 0.00005700 -0.00001200 0.02585500 -0.00498100 0.74325400
12 -4.82049400 -0.50946000 -0.22475900 -0.03127800 -0.08831000 0.88545800
13 -1.82699200 -0.00006400 0.00000600 -0.01893000 0.03570700 0.78653700
14 -1.43657300 0.00000600 0.00000200 -0.01017500 -0.07709500 0.03978900
15 -3.99235500 -0.89118800 -1.82790900 -0.35801500 0.10592100 1.28642800
16 -1.40591800 -0.00002500 -0.00000300 0.01423200 -0.02576700 0.37050100
17 -1.17535800 0.00012800 -0.00002000 0.02414000 0.06349200 0.26733300
18 -4.52675100 -0.69057500 -1.12074400 -0.15126300 -0.02698800 1.18332100
19 -1.74403800 0.00003300 -0.00000800 -0.00996000 -0.02781000 0.75209900
20 -1.36877100 0.00002500 0.00000200 0.00284900 0.05240600 -0.04949900
21 -1.87480000 -0.93512500 0.99917400 2.71530800 0.29281300 1.14742800
22 -1.62789274 0.15474751 0.01182423 -0.45142800 0.39058000 0.17554000
23 -1.59928500 0.00000400 0.00001600 0.05913200 -0.03395700 0.69875300
24 5.51181500 0.00000800 -0.00000100 1.60015654 0.00066794 3.14087266
25 0.19684700 -0.00000100 0.00000300 2.79340693 -0.00063312 -3.14144294
26 3.25266400 -11.66983600 -2.70820900 1.97586200 1.15990900 1.84280300
27 6.21448500 0.00000600 0.00002000 -0.75233823 0.87236584 -1.91312657
28 11.94488500 -0.00002900 -0.00019400 -0.99976870 -0.31860412 -1.17100710
29 10.62016600 0.00000200 0.00001000 -1.63127334 -0.59213040 -0.38813235
30 4.75115600 0.69437600 -0.83047300 -0.04117600 -0.18863600 0.60355500
31 1.68806500 -0.00002600 0.00000200 0.00262100 -0.02458500 1.33370800
32 1.33615100 -0.00005100 -0.00000900 0.01348100 -0.03626600 0.01365700
33 4.82051300 0.50934000 0.22486500 0.07478500 0.04514400 1.05758200
34 1.82699600 0.00006600 0.00000800 -0.00950200 0.03929900 1.03599800
35 1.43657700 -0.00001000 0.00000700 0.01323600 -0.00739800 -0.21985200
36 3.99235300 0.89108700 1.82799400 -0.32807200 -0.04594200 0.96946400
37 1.40591800 0.00002100 -0.00000700 -0.00225300 -0.02943200 0.95183300
38 1.17536900 -0.00013100 0.00000200 0.00681700 0.12305700 0.01097200
39 4.52675600 0.69046000 1.12084200 -0.13684300 0.00749600 1.02191100
40 1.74404100 -0.00003100 -0.00000200 -0.02263700 -0.01908800 1.28169000
41 1.36876300 -0.00003100 -0.00001700 -0.05058800 0.21380200 -0.54106800
42 2.00827897 1.42615174 -0.76232700 2.06590300 0.96199600 1.25446300
43 1.52344900 -0.00003400 -0.00000300 0.10930320 0.16632046 0.77417423
44 1.59928100 -0.00000200 0.00000900 0.07625000 0.03398500 0.40775500
45 5.51180600 -0.00000200 0.00000600 -0.23579700 0.00000500 0.00000700
46 0.19685000 0.00000300 -0.00000200 -0.34822500 0.00001500 -0.00000200
47 0.00000000 0.00000000 0.00000000 0.00000000 0.00000000 -1.57079600
48 -4.33264200 23.46635400 -4.02389200 0.00000000 0.00000000 -3.14156200
49 -4.56613556 44.01823037 -5.52215172 -0.34840582 1.14269176 2.62545712
50 -0.94675001 3.09895905 -4.38383976 1.39142500 0.76772300 -2.23544400
51 9.26444177 18.73908703 -11.60672149 0.00000000 0.00000000 0.00000000
52 -0.14427800 -0.01905500 0.77712700 0.00000000 0.00000000 0.00000000
53 -0.03040300 0.00000000 0.97060100 0.00000000 0.00000000 0.00000000
54 0.25083200 0.00887700 0.66073700 0.00000000 0.00000000 0.00000000
55 1.02156300 0.00000000 0.05472700 0.00000000 0.00000000 0.00000000
56 0.58919200 0.02250000 -0.43769800 0.00000000 0.00000000 0.00000000
57 0.06109300 -0.00834800 -1.09328200 0.00000000 0.00000000 0.00000000
58 -0.43080900 0.02895100 -0.96669100 0.00000000 0.00000000 0.00000000
59 -0.41086000 0.04068300 -1.16810300 0.00000000 0.00000000 0.00000000
60 -0.05530300 0.03252600 -2.02691900 0.00000000 0.00000000 0.00000000
61 0.28229000 -0.08289900 -1.34992400 0.00000000 0.00000000 0.00000000
62 0.99636700 -0.37373900 -0.37975200 0.00000000 0.00000000 0.00000000
63 5.29182100 -7.72295500 -27.65712900 0.81371100 -0.71543000 0.13770700
64 1.37038600 -0.02054000 1.25849300 0.00000200 0.00000000 0.00000100
65 0.15487200 -0.02709800 2.44212200 -0.07802400 0.05925800 0.12926400
66 0.00000100 0.00000200 0.99728300 0.00000000 0.00000000 0.00000000
67 0.00000000 0.00000200 1.00801400 0.00000000 0.00000000 0.00000000
68 2.06719000 3.60588200 2.07666800 2.85305200 -0.22672800 0.10415500
time 2
0 -0.00000100 7.45008900 -27.50902600 0.00000000 0.00000000 0.00003100
1 -0.00000200 0.00000000 0.00000000 1.57074300 -1.56713700 -1.57074300
2 4.25546800 -0.33518300 -0.00000200 0.00000000 0.00000000 -0.12484800
3 7.43124800 1.49647700 0.00000200 0.00000000 0.00000000 0.24545000
4 5.27847900 0.16554100 0.00000100 0.00000000 0.00000000 0.04851100
5 3.06561000 -12.65744000 1.08368000 2.12269900 1.26566500 -1.14230500
6 -6.21448200 -0.00000700 -0.00002700 -3.06124585 -0.91001243 1.79052115
7 11.94488200 0.00000000 0.00000100 -1.97892815 -0.47229046 1.59447939
8 10.62018100 0.00000200 0.00000000 0.60882021 0.21103636 2.89327389
9 -4.75110600 -0.69449400 0.83057700 0.08967600 -0.13098500 0.50038700
10 -1.68806800 0.00004600 -0.00003200 0.01671600 -0.01820000 0.69721500
11 -1.33614000 0.00005700 -0.00001200 0.02585500 -0.00498100 0.74325400
12 -4.82049400 -0.50946000 -0.22475900 -0.03127800 -0.08831000 0.88545800
13 -1.82699200 -0.00006400 0.00000600 -0.01893000 0.03570700 0.78653700
14 -1.43657300 0.00000600 0.00000200 -0.01017500 -0.07709500 0.03978900
15 -3.99235500 -0.89118800 -1.82790900 -0.35801500 0.10592100 1.28642800
16 -1.40591800 -0.00002500 -0.00000300 0.01423200 -0.02576700 0.37050100
17 -1.17535800 0.00012800 -0.00002000 0.02414000 0.06349200 0.26733300
18 -4.52675100 -0.69057500 -1.12074400 -0.15126300 -0.02698800 1.18332100
19 -1.74403800 0.00003300 -0.00000800 -0.00996000 -0.02781000 0.75209900
20 -1.36877100 0.00002500 0.00000200 0.00284900 0.05240600 -0.04949900
21 -1.87480000 -0.93512500 0.99917400 2.71530800 0.29281300 1.14742800
22 -1.62789274 0.15474751 0.01182423 -0.45142800 0.39058000 0.17554000
23 -1.59928500 0.00000400 0.00001600 0.05913200 -0.03395700 0.69875300
24 5.51181500 0.00000800 -0.00000100 1.60015654 0.00066794 3.14087266
25 0.19684700 -0.00000100 0.00000300 2.79340693 -0.00063312 -3.14144294
26 3.25266400 -11.66983600 -2.70820900 1.97586200 1.15990900 1.84280300
27 6.21448500 0.00000600 0.00002000 -0.75271911 0.87247790 -1.91182446
28 11.94488500 -0.00002900 -0.00019400 -0.99927418 -0.31791550 -1.17257148
29 10.62016600 0.00000200 0.00001000 -1.63171537 -0.58942291 -0.38812098
30 4.75115600 0.69437600 -0.83047300 -0.04117600 -0.18863600 0.60355500
31 1.68806500 -0.00002600 0.00000200 0.00262100 -0.02458500 1.33370800
32 1.33615100 -0.00005100 -0.00000900 0.01348100 -0.03626600 0.01365700
33 4.82051300 0.50934000 0.22486500 0.07478500 0.04514400 1.05758200
34 1.82699600 0.00006600 0.00000800 -0.00950200 0.03929900 1.03599800
35 1.43657700 -0.00001000 0.00000700 0.01323600 -0.00739800 -0.21985200
36 3.99235300 0.89108700 1.82799400 -0.32807200 -0.04594200 0.96946400
37 1.40591800 0.00002100 -0.00000700 -0.00225300 -0.02943200 0.95183300
38 1.17536900 -0.00013100 0.00000200 0.00681700 0.12305700 0.01097200
39 4.52675600 0.69046000 1.12084200 -0.13684300 0.00749600 1.02191100
40 1.74404100 -0.00003100 -0.00000200 -0.02263700 -0.01908800 1.28169000
41 1.36876300 -0.00003100 -0.00001700 -0.05058800 0.21380200 -0.54106800
42 2.00827897 1.42615174 -0.76232700 2.06590300 0.96199600 1.25446300
43 1.52344900 -0.00003400 -0.00000300 0.10930320 0.16632046 0.77417423
44 1.59928100 -0.00000200 0.00000900 0.07625000 0.03398500 0.40775500
45 5.51180600 -0.00000200 0.00000600 -0.23579700 0.00000500 0.00000700
46 0.19685000 0.00000300 -0.00000200 -0.34822500 0.00001500 -0.00000200
47 0.00000000 0.00000000 0.00000000 0.00000000 0.00000000 -1.57079600
48 -4.33264200 23.46635400 -4.02389200 0.00000000 0.00000000 -3.14156200
49 -4.57990416 44.00765492 -5.50669033 -0.35468899 1.14102947 2.61877098
50 -0.94675001 3.09895905 -4.38383976 1.39142500 0.76772300 -2.23544400
51 9.26444177 18.73908703 -11.60672149 0.00000000 0.00000000 0.00000000
52 -0.14427800 -0.01905500 0.77712700 0.00000000 0.00000000 0.00000000
53 -0.03040300 0.00000000 0.97060100 0.00000000 0.00000000 0.00000000
54 0.25083200 0.00887700 0.66073700 0.00000000 0.00000000 0.00000000
55 1.02156300 0.00000000 0.05472700 0.00000000 0.00000000 0.00000000
56 0.58919200 0.02250000 -0.43769800 0.00000000 0.00000000 0.00000000
57 0.06109300 -0.00834800 -1.09328200 0.00000000 0.00000000 0.00000000
58 -0.43080900 0.02895100 -0.96669100 0.00000000 0.00000000 0.00000000
59 -0.41086000 0.04068300 -1.16810300 0.00000000 0.00000000 0.00000000
60 -0.05530300 0.03252600 -2.02691900 0.00000000 0.00000000 0.00000000
61 0.28229000 -0.08289900 -1.34992400 0.00000000 0.00000000 0.00000000
62 0.99636700 -0.37373900 -0.37975200 0.00000000 0.00000000 0.00000000
63 5.29182100 -7.72295500 -27.65712900 0.81371100 -0.71543000 0.13770700
64 1.37038600 -0.02054000 1.25849300 0.00000200 0.00000000 0.00000100
65 0.15487200 -0.02709800 2.44212200 -0.07802400 0.05925800 0.12926400
66 0.00000100 0.00000200 0.99728300 0.00000000 0.00000000 0.00000000
67 0.00000000 0.00000200 1.00801400 0.00000000 0.00000000 0.00000000
68 2.06719000 3.60588200 2.07666800 2.85305200 -0.22672800 0.10415500
time 3
0 -0.00000100 7.45008900 -27.50902600 0.00000000 0.00000000 0.00003100
1 -0.00000200 0.00000000 0.00000000 1.57074300 -1.56713700 -1.57074300
2 4.25546800 -0.33518300 -0.00000200 0.00000000 0.00000000 -0.12484800
3 7.43124800 1.49647700 0.00000200 0.00000000 0.00000000 0.24545000
4 5.27847900 0.16554100 0.00000100 0.00000000 0.00000000 0.04851100
5 3.06561000 -12.65744000 1.08368000 2.12269900 1.26566500 -1.14230500
6 -6.21448200 -0.00000700 -0.00002700 -3.05633979 -0.90801595 1.78562398
7 11.94488200 0.00000000 0.00000100 -1.97961884 -0.47040897 1.59621628
8 10.62018100 0.00000200 0.00000000 0.61396823 0.20710666 2.89600645
9 -4.75110600 -0.69449400 0.83057700 0.08967600 -0.13098500 0.50038700
10 -1.68806800 0.00004600 -0.00003200 0.01671600 -0.01820000 0.69721500
11 -1.33614000 0.00005700 -0.00001200 0.02585500 -0.00498100 0.74325400
12 -4.82049400 -0.50946000 -0.22475900 -0.03127800 -0.08831000 0.88545800
13 -1.82699200 -0.00006400 0.00000600 -0.01893000 0.03570700 0.78653700
14 -1.43657300 0.00000600 0.00000200 -0.01017500 -0.07709500 0.03978900
15 -3.99235500 -0.89118800 -1.82790900 -0.35801500 0.10592100 1.28642800
16 -1.40591800 -0.00002500 -0.00000300 0.01423200 -0.02576700 0.37050100
17 -1.17535800 0.00012800 -0.00002000 0.02414000 0.06349200 0.26733300
18 -4.52675100 -0.69057500 -1.12074400 -0.15126300 -0.02698800 1.18332100
19 -1.74403800 0.00003300 -0.00000800 -0.00996000 -0.02781000 0.75209900
20 -1.36877100 0.00002500 0.00000200 0.00284900 0.05240600 -0.04949900
21 -1.87480000 -0.93512500 0.99917400 2.71530800 0.29281300 1.14742800
22 -1.62789274 0.15474751 0.01182423 -0.45142800 0.39058000 0.17554000
23 -1.59928500 0.00000400 0.00001600 0.05913200 -0.03395700 0.69875300
24 5.51181500 0.00000800 -0.00000100 1.60015654 0.00066794 3.14087266
25 0.19684700 -0.00000100 0.00000300 2.79340693 -0.00063312 -3.14144294
26 3.25266400 -11.66983600 -2.70820900 1.97586200 1.15990900 1.84280300
27 6.21448500 0.00000600 0.00002000 -0.75379747 0.87105798 -1.91021472
28 11.94488500 -0.00002900 -0.00019400 -0.99870764 -0.31749099 -1.17448997
29 10.62016600 0.00000200 0.00001000 -1.63610850 -0.58908904 -0.38422956
30 4.75115600 0.69437600 -0.83047300 -0.04117600 -0.18863600 0.60355500
31 1.68806500 -0.00002600 0.00000200 0.00262100 -0.02458500 1.33370800
32 1.33615100 -0.00005100 -0.00000900 0.01348100 -0.03626600 0.01365700
33 4.82051300 0.50934000 0.22486500 0.07478500 0.04514400 1.05758200
34 1.82699600 0.00006600 0.00000800 -0.00950200 0.03929900 1.03599800
35 1.43657700 -0.00001000 0.00000700 0.01323600 -0.00739800 -0.21985200
36 3.99235300 0.89108700 1.82799400 -0.32807200 -0.04594200 0.96946400
37 1.40591800 0.00002100 -0.00000700 -0.00225300 -0.02943200 0.95183300
38 1.17536900 -0.00013100 0.00000200 0.00681700 0.12305700 0.01097200
39 4.52675600 0.69046000 1.12084200 -0.13684300 0.00749600 1.02191100
40 1.74404100 -0.00003100 -0.00000200 -0.02263700 -0.01908800 1.28169000
41 1.36876300 -0.00003100 -0.00001700 -0.05058800 0.21380200 -0.54106800
42 2.00827897 1.42615174 -0.76232700 2.06590300 0.96199600 1.25446300
43 1.52344900 -0.00003400 -0.00000300 0.10930320 0.16632046 0.77417423
44 1.59928100 -0.00000200 0.00000900 0.07625000 0.03398500 0.40775500
45 5.51180600 -0.00000200 0.00000600 -0.23579700 0.00000500 0.00000700
46 0.19685000 0.00000300 -0.00000200 -0.34822500 0.00001500 -0.00000200
47 0.00000000 0.00000000 0.00000000 0.00000000 0.00000000 -1.57079600
48 -4.33264200 23.46635400 -4.02389200 0.00000000 0.00000000 -3.14156200
49 -4.61359882 44.00676584 -5.45280858 -0.36234704 1.14290658 2.61016575
50 -0.94675001 3.09895905 -4.38383976 1.39142500 0.76772300 -2.23544400
51 9.26444177 18.73908703 -11.60672149 0.00000000 0.00000000 0.00000000
52 -0.14427800 -0.01905500 0.77712700 0.00000000 0.00000000 0.00000000
53 -0.03040300 0.00000000 0.97060100 0.00000000 0.00000000 0.00000000
54 0.25083200 0.00887700 0.66073700 0.00000000 0.00000000 0.00000000
55 1.02156300 0.00000000 0.05472700 0.00000000 0.00000000 0.00000000
56 0.58919200 0.02250000 -0.43769800 0.00000000 0.00000000 0.00000000
57 0.06109300 -0.00834800 -1.09328200 0.00000000 0.00000000 0.00000000
58 -0.43080900 0.02895100 -0.96669100 0.00000000 0.00000000 0.00000000
59 -0.41086000 0.04068300 -1.16810300 0.00000000 0.00000000 0.00000000
60 -0.05530300 0.03252600 -2.02691900 0.00000000 0.00000000 0.00000000
61 0.28229000 -0.08289900 -1.34992400 0.00000000 0.00000000 0.00000000
62 0.99636700 -0.37373900 -0.37975200 0.00000000 0.00000000 0.00000000
63 5.29182100 -7.72295500 -27.65712900 0.81371100 -0.71543000 0.13770700
64 1.37038600 -0.02054000 1.25849300 0.00000200 0.00000000 0.00000100
65 0.15487200 -0.02709800 2.44212200 -0.07802400 0.05925800 0.12926400
66 0.00000100 0.00000200 0.99728300 0.00000000 0.00000000 0.00000000
67 0.00000000 0.00000200 1.00801400 0.00000000 0.00000000 0.00000000
68 2.06719000 3.60588200 2.07666800 2.85305200 -0.22672800 0.10415500
time 4
0 -0.00000100 7.45008900 -27.50902600 0.00000000 0.00000000 0.00003100
1 -0.00000200 0.00000000 0.00000000 1.57074300 -1.56713700 -1.57074300
2 4.25546800 -0.33518300 -0.00000200 0.00000000 0.00000000 -0.12484800
3 7.43124800 1.49647700 0.00000200 0.00000000 0.00000000 0.24545000
4 5.27847900 0.16554100 0.00000100 0.00000000 0.00000000 0.04851100
5 3.06561000 -12.65744000 1.08368000 2.12269900 1.26566500 -1.14230500
6 -6.21448200 -0.00000700 -0.00002700 -3.05055757 -0.90529958 1.77982428
7 11.94488200 0.00000000 0.00000100 -1.98055419 -0.46789694 1.59837017
8 10.62018100 0.00000200 0.00000000 0.62152548 0.20023506 2.90071165
9 -4.75110600 -0.69449400 0.83057700 0.08967600 -0.13098500 0.50038700
10 -1.68806800 0.00004600 -0.00003200 0.01671600 -0.01820000 0.69721500
11 -1.33614000 0.00005700 -0.00001200 0.02585500 -0.00498100 0.74325400
12 -4.82049400 -0.50946000 -0.22475900 -0.03127800 -0.08831000 0.88545800
13 -1.82699200 -0.00006400 0.00000600 -0.01893000 0.03570700 0.78653700
14 -1.43657300 0.00000600 0.00000200 -0.01017500 -0.07709500 0.03978900
15 -3.99235500 -0.89118800 -1.82790900 -0.35801500 0.10592100 1.28642800
16 -1.40591800 -0.00002500 -0.00000300 0.01423200 -0.02576700 0.37050100
17 -1.17535800 0.00012800 -0.00002000 0.02414000 0.06349200 0.26733300
18 -4.52675100 -0.69057500 -1.12074400 -0.15126300 -0.02698800 1.18332100
19 -1.74403800 0.00003300 -0.00000800 -0.00996000 -0.02781000 0.75209900
20 -1.36877100 0.00002500 0.00000200 0.00284900 0.05240600 -0.04949900
21 -1.87480000 -0.93512500 0.99917400 2.71530800 0.29281300 1.14742800
22 -1.62789274 0.15474751 0.01182423 -0.45142800 0.39058000 0.17554000
23 -1.59928500 0.00000400 0.00001600 0.05913200 -0.03395700 0.69875300
24 5.51181500 0.00000800 -0.00000100 1.60015654 0.00066794 3.14087266
25 0.19684700 -0.00000100 0.00000300 2.79340693 -0.00063312 -3.14144294
26 3.25266400 -11.66983600 -2.70820900 1.97586200 1.15990900 1.84280300
27 6.21448500 0.00000600 0.00002000 -0.75503975 0.86916374 -1.90861466
28 11.94488500 -0.00002900 -0.00019400 -0.99854999 -0.31718176 -1.17514556
29 10.62016600 0.00000200 0.00001000 -1.64472529 -0.58880052 -0.37778552
30 4.75115600 0.69437600 -0.83047300 -0.04117600 -0.18863600 0.60355500
31 1.68806500 -0.00002600 0.00000200 0.00262100 -0.02458500 1.33370800
32 1.33615100 -0.00005100 -0.00000900 0.01348100 -0.03626600 0.01365700
33 4.82051300 0.50934000 0.22486500 0.07478500 0.04514400 1.05758200
34 1.82699600 0.00006600 0.00000800 -0.00950200 0.03929900 1.03599800
35 1.43657700 -0.00001000 0.00000700 0.01323600 -0.00739800 -0.21985200
36 3.99235300 0.89108700 1.82799400 -0.32807200 -0.04594200 0.96946400
37 1.40591800 0.00002100 -0.00000700 -0.00225300 -0.02943200 0.95183300
38 1.17536900 -0.00013100 0.00000200 0.00681700 0.12305700 0.01097200
39 4.52675600 0.69046000 1.12084200 -0.13684300 0.00749600 1.02191100
40 1.74404100 -0.00003100 -0.00000200 -0.02263700 -0.01908800 1.28169000
41 1.36876300 -0.00003100 -0.00001700 -0.05058800 0.21380200 -0.54106800
42 2.00827897 1.42615174 -0.76232700 2.06590300 0.96199600 1.25446300
43 1.52344900 -0.00003400 -0.00000300 0.10930320 0.16632046 0.77417423
44 1.59928100 -0.00000200 0.00000900 0.07625000 0.03398500 0.40775500
45 5.51180600 -0.00000200 0.00000600 -0.23579700 0.00000500 0.00000700
46 0.19685000 0.00000300 -0.00000200 -0.34822500 0.00001500 -0.00000200
47 0.00000000 0.00000000 0.00000000 0.00000000 0.00000000 -1.57079600
48 -4.33264200 23.46635400 -4.02389200 0.00000000 0.00000000 -3.14156200
49 -4.65457722 44.01148968 -5.39753183 -0.37067599 1.14734531 2.59946303
50 -0.94675001 3.09895905 -4.38383976 1.39142500 0.76772300 -2.23544400
51 9.26444177 18.73908703 -11.60672149 0.00000000 0.00000000 0.00000000
52 -0.14427800 -0.01905500 0.77712700 0.00000000 0.00000000 0.00000000
53 -0.03040300 0.00000000 0.97060100 0.00000000 0.00000000 0.00000000
54 0.25083200 0.00887700 0.66073700 0.00000000 0.00000000 0.00000000
55 1.02156300 0.00000000 0.05472700 0.00000000 0.00000000 0.00000000
56 0.58919200 0.02250000 -0.43769800 0.00000000 0.00000000 0.00000000
57 0.06109300 -0.00834800 -1.09328200 0.00000000 0.00000000 0.00000000
58 -0.43080900 0.02895100 -0.96669100 0.00000000 0.00000000 0.00000000
59 -0.41086000 0.04068300 -1.16810300 0.00000000 0.00000000 0.00000000
60 -0.05530300 0.03252600 -2.02691900 0.00000000 0.00000000 0.00000000
61 0.28229000 -0.08289900 -1.34992400 0.00000000 0.00000000 0.00000000
62 0.99636700 -0.37373900 -0.37975200 0.00000000 0.00000000 0.00000000
63 5.29182100 -7.72295500 -27.65712900 0.81371100 -0.71543000 0.13770700
64 1.37038600 -0.02054000 1.25849300 0.00000200 0.00000000 0.00000100
65 0.15487200 -0.02709800 2.44212200 -0.07802400 0.05925800 0.12926400
66 0.00000100 0.00000200 0.99728300 0.00000000 0.00000000 0.00000000
67 0.00000000 0.00000200 1.00801400 0.00000000 0.00000000 0.00000000
68 2.06719000 3.60588200 2.07666800 2.85305200 -0.22672800 0.10415500
time 5
0 -0.00000100 7.45008900 -27.50902600 0.00000000 0.00000000 0.00003100
1 -0.00000200 0.00000000 0.00000000 1.57074300 -1.56713700 -1.57074300
2 4.25546800 -0.33518300 -0.00000200 0.00000000 0.00000000 -0.12484800
3 7.43124800 1.49647700 0.00000200 0.00000000 0.00000000 0.24545000
4 5.27847900 0.16554100 0.00000100 0.00000000 0.00000000 0.04851100
5 3.06561000 -12.65744000 1.08368000 2.12269900 1.26566500 -1.14230500
6 -6.21448200 -0.00000700 -0.00002700 -3.04362307 -0.90172398 1.77187185
7 11.94488200 0.00000000 0.00000100 -1.98062532 -0.46608812 1.59854032
8 10.62018100 0.00000200 0.00000000 0.62836602 0.19467781 2.90691065
9 -4.75110600 -0.69449400 0.83057700 0.08967600 -0.13098500 0.50038700
10 -1.68806800 0.00004600 -0.00003200 0.01671600 -0.01820000 0.69721500
11 -1.33614000 0.00005700 -0.00001200 0.02585500 -0.00498100 0.74325400
12 -4.82049400 -0.50946000 -0.22475900 -0.03127800 -0.08831000 0.88545800
13 -1.82699200 -0.00006400 0.00000600 -0.01893000 0.03570700 0.78653700
14 -1.43657300 0.00000600 0.00000200 -0.01017500 -0.07709500 0.03978900
15 -3.99235500 -0.89118800 -1.82790900 -0.35801500 0.10592100 1.28642800
16 -1.40591800 -0.00002500 -0.00000300 0.01423200 -0.02576700 0.37050100
17 -1.17535800 0.00012800 -0.00002000 0.02414000 0.06349200 0.26733300
18 -4.52675100 -0.69057500 -1.12074400 -0.15126300 -0.02698800 1.18332100
19 -1.74403800 0.00003300 -0.00000800 -0.00996000 -0.02781000 0.75209900
20 -1.36877100 0.00002500 0.00000200 0.00284900 0.05240600 -0.04949900
21 -1.87480000 -0.93512500 0.99917400 2.71530800 0.29281300 1.14742800
22 -1.62789274 0.15474751 0.01182423 -0.45142800 0.39058000 0.17554000
23 -1.59928500 0.00000400 0.00001600 0.05913200 -0.03395700 0.69875300
24 5.51181500 0.00000800 -0.00000100 1.60015654 0.00066794 3.14087266
25 0.19684700 -0.00000100 0.00000300 2.79340693 -0.00063312 -3.14144294
26 3.25266400 -11.66983600 -2.70820900 1.97586200 1.15990900 1.84280300
27 6.21448500 0.00000600 0.00002000 -0.75596050 0.86718602 -1.90680141
28 11.94488500 -0.00002900 -0.00019400 -0.99835443 -0.31745003 -1.17565726
29 10.62016600 0.00000200 0.00001000 -1.65331664 -0.58954214 -0.37241697
30 4.75115600 0.69437600 -0.83047300 -0.04117600 -0.18863600 0.60355500
31 1.68806500 -0.00002600 0.00000200 0.00262100 -0.02458500 1.33370800
32 1.33615100 -0.00005100 -0.00000900 0.01348100 -0.03626600 0.01365700
33 4.82051300 0.50934000 0.22486500 0.07478500 0.04514400 1.05758200
34 1.82699600 0.00006600 0.00000800 -0.00950200 0.03929900 1.03599800
35 1.43657700 -0.00001000 0.00000700 0.01323600 -0.00739800 -0.21985200
36 3.99235300 0.89108700 1.82799400 -0.32807200 -0.04594200 0.96946400
37 1.40591800 0.00002100 -0.00000700 -0.00225300 -0.02943200 0.95183300
38 1.17536900 -0.00013100 0.00000200 0.00681700 0.12305700 0.01097200
39 4.52675600 0.69046000 1.12084200 -0.13684300 0.00749600 1.02191100
40 1.74404100 -0.00003100 -0.00000200 -0.02263700 -0.01908800 1.28169000
41 1.36876300 -0.00003100 -0.00001700 -0.05058800 0.21380200 -0.54106800
42 2.00827897 1.42615174 -0.76232700 2.06590300 0.96199600 1.25446300
43 1.52344900 -0.00003400 -0.00000300 0.10930320 0.16632046 0.77417423
44 1.59928100 -0.00000200 0.00000900 0.07625000 0.03398500 0.40775500
45 5.51180600 -0.00000200 0.00000600 -0.23579700 0.00000500 0.00000700
46 0.19685000 0.00000300 -0.00000200 -0.34822500 0.00001500 -0.00000200
47 0.00000000 0.00000000 0.00000000 0.00000000 0.00000000 -1.57079600
48 -4.33264200 23.46635400 -4.02389200 0.00000000 0.00000000 -3.14156200
49 -4.70889169 44.02496847 -5.33792504 -0.38037782 1.15254561 2.58921936
50 -0.94675001 3.09895905 -4.38383976 1.39142500 0.76772300 -2.23544400
51 9.26444177 18.73908703 -11.60672149 0.00000000 0.00000000 0.00000000
52 -0.14427800 -0.01905500 0.77712700 0.00000000 0.00000000 0.00000000
53 -0.03040300 0.00000000 0.97060100 0.00000000 0.00000000 0.00000000
54 0.25083200 0.00887700 0.66073700 0.00000000 0.00000000 0.00000000
55 1.02156300 0.00000000 0.05472700 0.00000000 0.00000000 0.00000000
56 0.58919200 0.02250000 -0.43769800 0.00000000 0.00000000 0.00000000
57 0.06109300 -0.00834800 -1.09328200 0.00000000 0.00000000 0.00000000
58 -0.43080900 0.02895100 -0.96669100 0.00000000 0.00000000 0.00000000
59 -0.41086000 0.04068300 -1.16810300 0.00000000 0.00000000 0.00000000
60 -0.05530300 0.03252600 -2.02691900 0.00000000 0.00000000 0.00000000
61 0.28229000 -0.08289900 -1.34992400 0.00000000 0.00000000 0.00000000
62 0.99636700 -0.37373900 -0.37975200 0.00000000 0.00000000 0.00000000
63 5.29182100 -7.72295500 -27.65712900 0.81371100 -0.71543000 0.13770700
64 1.37038600 -0.02054000 1.25849300 0.00000200 0.00000000 0.00000100
65 0.15487200 -0.02709800 2.44212200 -0.07802400 0.05925800 0.12926400
66 0.00000100 0.00000200 0.99728300 0.00000000 0.00000000 0.00000000
67 0.00000000 0.00000200 1.00801400 0.00000000 0.00000000 0.00000000
68 2.06719000 3.60588200 2.07666800 2.85305200 -0.22672800 0.10415500
time 6
0 -0.00000100 7.45008900 -27.50902600 0.00000000 0.00000000 0.00003100
1 -0.00000200 0.00000000 0.00000000 1.57074300 -1.56713700 -1.57074300
2 4.25546800 -0.33518300 -0.00000200 0.00000000 0.00000000 -0.12484800
3 7.43124800 1.49647700 0.00000200 0.00000000 0.00000000 0.24545000
4 5.27847900 0.16554100 0.00000100 0.00000000 0.00000000 0.04851100
5 3.06561000 -12.65744000 1.08368000 2.12269900 1.26566500 -1.14230500
6 -6.21448200 -0.00000700 -0.00002700 -3.03682143 -0.89814395 1.76310397
7 11.94488200 0.00000000 0.00000100 -1.97914375 -0.46540285 1.59519665
8 10.62018100 0.00000200 0.00000000 0.63272137 0.19458022 2.91221940
9 -4.75110600 -0.69449400 0.83057700 0.08967600 -0.13098500 0.50038700
10 -1.68806800 0.00004600 -0.00003200 0.01671600 -0.01820000 0.69721500
11 -1.33614000 0.00005700 -0.00001200 0.02585500 -0.00498100 0.74325400
12 -4.82049400 -0.50946000 -0.22475900 -0.03127800 -0.08831000 0.88545800
13 -1.82699200 -0.00006400 0.00000600 -0.01893000 0.03570700 0.78653700
14 -1.43657300 0.00000600 0.00000200 -0.01017500 -0.07709500 0.03978900
15 -3.99235500 -0.89118800 -1.82790900 -0.35801500 0.10592100 1.28642800
16 -1.40591800 -0.00002500 -0.00000300 0.01423200 -0.02576700 0.37050100
17 -1.17535800 0.00012800 -0.00002000 0.02414000 0.06349200 0.26733300
18 -4.52675100 -0.69057500 -1.12074400 -0.15126300 -0.02698800 1.18332100
19 -1.74403800 0.00003300 -0.00000800 -0.00996000 -0.02781000 0.75209900
20 -1.36877100 0.00002500 0.00000200 0.00284900 0.05240600 -0.04949900
21 -1.87480000 -0.93512500 0.99917400 2.71530800 0.29281300 1.14742800
22 -1.62789274 0.15474751 0.01182423 -0.45142800 0.39058000 0.17554000
23 -1.59928500 0.00000400 0.00001600 0.05913200 -0.03395700 0.69875300
24 5.51181500 0.00000800 -0.00000100 1.60015654 0.00066794 3.14087266
25 0.19684700 -0.00000100 0.00000300 2.79340693 -0.00063312 -3.14144294
26 3.25266400 -11.66983600 -2.70820900 1.97586200 1.15990900 1.84280300
27 6.21448500 0.00000600 0.00002000 -0.75649696 0.86571127 -1.90459321
28 11.94488500 -0.00002900 -0.00019400 -0.99827688 -0.31800475 -1.17578841
29 10.62016600 0.00000200 0.00001000 -1.65883045 -0.58980929 -0.37148323
30 4.75115600 0.69437600 -0.83047300 -0.04117600 -0.18863600 0.60355500
31 1.68806500 -0.00002600 0.00000200 0.00262100 -0.02458500 1.33370800
32 1.33615100 -0.00005100 -0.00000900 0.01348100 -0.03626600 0.01365700
33 4.82051300 0.50934000 0.22486500 0.07478500 0.04514400 1.05758200
34 1.82699600 0.00006600 0.00000800 -0.00950200 0.03929900 1.03599800
35 1.43657700 -0.00001000 0.00000700 0.01323600 -0.00739800 -0.21985200
36 3.99235300 0.89108700 1.82799400 -0.32807200 -0.04594200 0.96946400
37 1.40591800 0.00002100 -0.00000700 -0.00225300 -0.02943200 0.95183300
38 1.17536900 -0.00013100 0.00000200 0.00681700 0.12305700 0.01097200
39 4.52675600 0.69046000 1.12084200 -0.13684300 0.00749600 1.02191100
40 1.74404100 -0.00003100 -0.00000200 -0.02263700 -0.01908800 1.28169000
41 1.36876300 -0.00003100 -0.00001700 -0.05058800 0.21380200 -0.54106800
42 2.00827897 1.42615174 -0.76232700 2.06590300 0.96199600 1.25446300
43 1.52344900 -0.00003400 -0.00000300 0.10930320 0.16632046 0.77417423
44 1.59928100 -0.00000200 0.00000900 0.07625000 0.03398500 0.40775500
45 5.51180600 -0.00000200 0.00000600 -0.23579700 0.00000500 0.00000700
46 0.19685000 0.00000300 -0.00000200 -0.34822500 0.00001500 -0.00000200
47 0.00000000 0.00000000 0.00000000 0.00000000 0.00000000 -1.57079600
48 -4.33264200 23.46635400 -4.02389200 0.00000000 0.00000000 -3.14156200
49 -4.77427617 44.04579807 -5.28818905 -0.39241397 1.15606022 2.58007437
50 -0.94675001 3.09895905 -4.38383976 1.39142500 0.76772300 -2.23544400
51 9.26444177 18.73908703 -11.60672149 0.00000000 0.00000000 0.00000000
52 -0.14427800 -0.01905500 0.77712700 0.00000000 0.00000000 0.00000000
53 -0.03040300 0.00000000 0.97060100 0.00000000 0.00000000 0.00000000
54 0.25083200 0.00887700 0.66073700 0.00000000 0.00000000 0.00000000
55 1.02156300 0.00000000 0.05472700 0.00000000 0.00000000 0.00000000
56 0.58919200 0.02250000 -0.43769800 0.00000000 0.00000000 0.00000000
57 0.06109300 -0.00834800 -1.09328200 0.00000000 0.00000000 0.00000000
58 -0.43080900 0.02895100 -0.96669100 0.00000000 0.00000000 0.00000000
59 -0.41086000 0.04068300 -1.16810300 0.00000000 0.00000000 0.00000000
60 -0.05530300 0.03252600 -2.02691900 0.00000000 0.00000000 0.00000000
61 0.28229000 -0.08289900 -1.34992400 0.00000000 0.00000000 0.00000000
62 0.99636700 -0.37373900 -0.37975200 0.00000000 0.00000000 0.00000000
63 5.29182100 -7.72295500 -27.65712900 0.81371100 -0.71543000 0.13770700
64 1.37038600 -0.02054000 1.25849300 0.00000200 0.00000000 0.00000100
65 0.15487200 -0.02709800 2.44212200 -0.07802400 0.05925800 0.12926400
66 0.00000100 0.00000200 0.99728300 0.00000000 0.00000000 0.00000000
67 0.00000000 0.00000200 1.00801400 0.00000000 0.00000000 0.00000000
68 2.06719000 3.60588200 2.07666800 2.85305200 -0.22672800 0.10415500
time 7
0 -0.00000100 7.45008900 -27.50902600 0.00000000 0.00000000 0.00003100
1 -0.00000200 0.00000000 0.00000000 1.57074300 -1.56713700 -1.57074300
2 4.25546800 -0.33518300 -0.00000200 0.00000000 0.00000000 -0.12484800
3 7.43124800 1.49647700 0.00000200 0.00000000 0.00000000 0.24545000
4 5.27847900 0.16554100 0.00000100 0.00000000 0.00000000 0.04851100
5 3.06561000 -12.65744000 1.08368000 2.12269900 1.26566500 -1.14230500
6 -6.21448200 -0.00000700 -0.00002700 -3.02982393 -0.89457014 1.75362433
7 11.94488200 0.00000000 0.00000100 -1.97713508 -0.46470755 1.59049577
8 10.62018100 0.00000200 0.00000000 0.63777031 0.19520804 2.91784744
9 -4.75110600 -0.69449400 0.83057700 0.08967600 -0.13098500 0.50038700
10 -1.68806800 0.00004600 -0.00003200 0.01671600 -0.01820000 0.69721500
11 -1.33614000 0.00005700 -0.00001200 0.02585500 -0.00498100 0.74325400
12 -4.82049400 -0.50946000 -0.22475900 -0.03127800 -0.08831000 0.88545800
13 -1.82699200 -0.00006400 0.00000600 -0.01893000 0.03570700 0.78653700
14 -1.43657300 0.00000600 0.00000200 -0.01017500 -0.07709500 0.03978900
15 -3.99235500 -0.89118800 -1.82790900 -0.35801500 0.10592100 1.28642800
16 -1.40591800 -0.00002500 -0.00000300 0.01423200 -0.02576700 0.37050100
17 -1.17535800 0.00012800 -0.00002000 0.02414000 0.06349200 0.26733300
18 -4.52675100 -0.69057500 -1.12074400 -0.15126300 -0.02698800 1.18332100
19 -1.74403800 0.00003300 -0.00000800 -0.00996000 -0.02781000 0.75209900
20 -1.36877100 0.00002500 0.00000200 0.00284900 0.05240600 -0.04949900
21 -1.87480000 -0.93512500 0.99917400 2.71530800 0.29281300 1.14742800
22 -1.62789274 0.15474751 0.01182423 -0.45142800 0.39058000 0.17554000
23 -1.59928500 0.00000400 0.00001600 0.05913200 -0.03395700 0.69875300
24 5.51181500 0.00000800 -0.00000100 1.60015654 0.00066794 3.14087266
25 0.19684700 -0.00000100 0.00000300 2.79340693 -0.00063312 -3.14144294
26 3.25266400 -11.66983600 -2.70820900 1.97586200 1.15990900 1.84280300
27 6.21448500 0.00000600 0.00002000 -0.75695358 0.86415198 -1.90215493
28 11.94488500 -0.00002900 -0.00019400 -0.99860418 -0.31843686 -1.17465109
29 10.62016600 0.00000200 0.00001000 -1.66609107 -0.58930458 -0.37077350
30 4.75115600 0.69437600 -0.83047300 -0.04117600 -0.18863600 0.60355500
31 1.68806500 -0.00002600 0.00000200 0.00262100 -0.02458500 1.33370800
32 1.33615100 -0.00005100 -0.00000900 0.01348100 -0.03626600 0.01365700
33 4.82051300 0.50934000 0.22486500 0.07478500 0.04514400 1.05758200
34 1.82699600 0.00006600 0.00000800 -0.00950200 0.03929900 1.03599800
35 1.43657700 -0.00001000 0.00000700 0.01323600 -0.00739800 -0.21985200
36 3.99235300 0.89108700 1.82799400 -0.32807200 -0.04594200 0.96946400
37 1.40591800 0.00002100 -0.00000700 -0.00225300 -0.02943200 0.95183300
38 1.17536900 -0.00013100 0.00000200 0.00681700 0.12305700 0.01097200
39 4.52675600 0.69046000 1.12084200 -0.13684300 0.00749600 1.02191100
40 1.74404100 -0.00003100 -0.00000200 -0.02263700 -0.01908800 1.28169000
41 1.36876300 -0.00003100 -0.00001700 -0.05058800 0.21380200 -0.54106800
42 2.00827897 1.42615174 -0.76232700 2.06590300 0.96199600 1.25446300
43 1.52344900 -0.00003400 -0.00000300 0.10930320 0.16632046 0.77417423
44 1.59928100 -0.00000200 0.00000900 0.07625000 0.03398500 0.40775500
45 5.51180600 -0.00000200 0.00000600 -0.23579700 0.00000500 0.00000700
46 0.19685000 0.00000300 -0.00000200 -0.34822500 0.00001500 -0.00000200
47 0.00000000 0.00000000 0.00000000 0.00000000 0.00000000 -1.57079600
48 -4.33264200 23.46635400 -4.02389200 0.00000000 0.00000000 -3.14156200
49 -4.84680534 44.07286525 -5.24823384 -0.40596317 1.16039412 2.56944269
50 -0.94675001 3.09895905 -4.38383976 1.39142500 0.76772300 -2.23544400
51 9.26444177 18.73908703 -11.60672149 0.00000000 0.00000000 0.00000000
52 -0.14427800 -0.01905500 0.77712700 0.00000000 0.00000000 0.00000000
53 -0.03040300 0.00000000 0.97060100 0.00000000 0.00000000 0.00000000
54 0.25083200 0.00887700 0.66073700 0.00000000 0.00000000 0.00000000
55 1.02156300 0.00000000 0.05472700 0.00000000 0.00000000 0.00000000
56 0.58919200 0.02250000 -0.43769800 0.00000000 0.00000000 0.00000000
57 0.06109300 -0.00834800 -1.09328200 0.00000000 0.00000000 0.00000000
58 -0.43080900 0.02895100 -0.96669100 0.00000000 0.00000000 0.00000000
59 -0.41086000 0.04068300 -1.16810300 0.00000000 0.00000000 0.00000000
60 -0.05530300 0.03252600 -2.02691900 0.00000000 0.00000000 0.00000000
61 0.28229000 -0.08289900 -1.34992400 0.00000000 0.00000000 0.00000000
62 0.99636700 -0.37373900 -0.37975200 0.00000000 0.00000000 0.00000000
63 5.29182100 -7.72295500 -27.65712900 0.81371100 -0.71543000 0.13770700
64 1.37038600 -0.02054000 1.25849300 0.00000200 0.00000000 0.00000100
65 0.15487200 -0.02709800 2.44212200 -0.07802400 0.05925800 0.12926400
66 0.00000100 0.00000200 0.99728300 0.00000000 0.00000000 0.00000000
67 0.00000000 0.00000200 1.00801400 0.00000000 0.00000000 0.00000000
68 2.06719000 3.60588200 2.07666800 2.85305200 -0.22672800 0.10415500
time 8
0 -0.00000100 7.45008900 -27.50902600 0.00000000 0.00000000 0.00003100
1 -0.00000200 0.00000000 0.00000000 1.57074300 -1.56713700 -1.57074300
2 4.25546800 -0.33518300 -0.00000200 0.00000000 0.00000000 -0.12484800
3 7.43124800 1.49647700 0.00000200 0.00000000 0.00000000 0.24545000
4 5.27847900 0.16554100 0.00000100 0.00000000 0.00000000 0.04851100
5 3.06561000 -12.65744000 1.08368000 2.12269900 1.26566500 -1.14230500
6 -6.21448200 -0.00000700 -0.00002700 -3.02294585 -0.89140087 1.74340259
7 11.94488200 0.00000000 0.00000100 -1.97345566 -0.46449658 1.58199636
8 10.62018100 0.00000200 0.00000000 0.64202527 0.20071212 2.92190774
9 -4.75110600 -0.69449400 0.83057700 0.08967600 -0.13098500 0.50038700
10 -1.68806800 0.00004600 -0.00003200 0.01671600 -0.01820000 0.69721500
11 -1.33614000 0.00005700 -0.00001200 0.02585500 -0.00498100 0.74325400
12 -4.82049400 -0.50946000 -0.22475900 -0.03127800 -0.08831000 0.88545800
13 -1.82699200 -0.00006400 0.00000600 -0.01893000 0.03570700 0.78653700
14 -1.43657300 0.00000600 0.00000200 -0.01017500 -0.07709500 0.03978900
15 -3.99235500 -0.89118800 -1.82790900 -0.35801500 0.10592100 1.28642800
16 -1.40591800 -0.00002500 -0.00000300 0.01423200 -0.02576700 0.37050100
17 -1.17535800 0.00012800 -0.00002000 0.02414000 0.06349200 0.26733300
18 -4.52675100 -0.69057500 -1.12074400 -0.15126300 -0.02698800 1.18332100
19 -1.74403800 0.00003300 -0.00000800 -0.00996000 -0.02781000 0.75209900
20 -1.36877100 0.00002500 0.00000200 0.00284900 0.05240600 -0.04949900
21 -1.87480000 -0.93512500 0.99917400 2.71530800 0.29281300 1.14742800
22 -1.62789274 0.15474751 0.01182423 -0.45142800 0.39058000 0.17554000
23 -1.59928500 0.00000400 0.00001600 0.05913200 -0.03395700 0.69875300
24 5.51181500 0.00000800 -0.00000100 1.60015654 0.00066794 3.14087266
25 0.19684700 -0.00000100 0.00000300 2.79340693 -0.00063312 -3.14144294
26 3.25266400 -11.66983600 -2.70820900 1.97586200 1.15990900 1.84280300
27 6.21448500 0.00000600 0.00002000 -0.75723476 0.86308461 -1.89920622
28 11.94488500 -0.00002900 -0.00019400 -0.99956224 -0.31877722 -1.17153490
29 10.62016600 0.00000200 0.00001000 -1.67255081 -0.58688130 -0.37337360
30 4.75115600 0.69437600 -0.83047300 -0.04117600 -0.18863600 0.60355500
31 1.68806500 -0.00002600 0.00000200 0.00262100 -0.02458500 1.33370800
32 1.33615100 -0.00005100 -0.00000900 0.01348100 -0.03626600 0.01365700
33 4.82051300 0.50934000 0.22486500 0.07478500 0.04514400 1.05758200
34 1.82699600 0.00006600 0.00000800 -0.00950200 0.03929900 1.03599800
35 1.43657700 -0.00001000 0.00000700 0.01323600 -0.00739800 -0.21985200
36 3.99235300 0.89108700 1.82799400 -0.32807200 -0.04594200 0.96946400
37 1.40591800 0.00002100 -0.00000700 -0.00225300 -0.02943200 0.95183300
38 1.17536900 -0.00013100 0.00000200 0.00681700 0.12305700 0.01097200
39 4.52675600 0.69046000 1.12084200 -0.13684300 0.00749600 1.02191100
40 1.74404100 -0.00003100 -0.00000200 -0.02263700 -0.01908800 1.28169000
41 1.36876300 -0.00003100 -0.00001700 -0.05058800 0.21380200 -0.54106800
42 2.00827897 1.42615174 -0.76232700 2.06590300 0.96199600 1.25446300
43 1.52344900 -0.00003400 -0.00000300 0.10930320 0.16632046 0.77417423
44 1.59928100 -0.00000200 0.00000900 0.07625000 0.03398500 0.40775500
45 5.51180600 -0.00000200 0.00000600 -0.23579700 0.00000500 0.00000700
46 0.19685000 0.00000300 -0.00000200 -0.34822500 0.00001500 -0.00000200
47 0.00000000 0.00000000 0.00000000 0.00000000 0.00000000 -1.57079600
48 -4.33264200 23.46635400 -4.02389200 0.00000000 0.00000000 -3.14156200
49 -4.93172517 44.11091526 -5.23346882 -0.42181333 1.16369313 2.55833731
50 -0.94675001 3.09895905 -4.38383976 1.39142500 0.76772300 -2.23544400
51 9.26444177 18.73908703 -11.60672149 0.00000000 0.00000000 0.00000000
52 -0.14427800 -0.01905500 0.77712700 0.00000000 0.00000000 0.00000000
53 -0.03040300 0.00000000 0.97060100 0.00000000 0.00000000 0.00000000
54 0.25083200 0.00887700 0.66073700 0.00000000 0.00000000 0.00000000
55 1.02156300 0.00000000 0.05472700 0.00000000 0.00000000 0.00000000
56 0.58919200 0.02250000 -0.43769800 0.00000000 0.00000000 0.00000000
57 0.06109300 -0.00834800 -1.09328200 0.00000000 0.00000000 0.00000000
58 -0.43080900 0.02895100 -0.96669100 0.00000000 0.00000000 0.00000000
59 -0.41086000 0.04068300 -1.16810300 0.00000000 0.00000000 0.00000000
60 -0.05530300 0.03252600 -2.02691900 0.00000000 0.00000000 0.00000000
61 0.28229000 -0.08289900 -1.34992400 0.00000000 0.00000000 0.00000000
62 0.99636700 -0.37373900 -0.37975200 0.00000000 0.00000000 0.00000000
63 5.29182100 -7.72295500 -27.65712900 0.81371100 -0.71543000 0.13770700
64 1.37038600 -0.02054000 1.25849300 0.00000200 0.00000000 0.00000100
65 0.15487200 -0.02709800 2.44212200 -0.07802400 0.05925800 0.12926400
66 0.00000100 0.00000200 0.99728300 0.00000000 0.00000000 0.00000000
67 0.00000000 0.00000200 1.00801400 0.00000000 0.00000000 0.00000000
68 2.06719000 3.60588200 2.07666800 2.85305200 -0.22672800 0.10415500
time 9
0 -0.00000100 7.45008900 -27.50902600 0.00000000 0.00000000 0.00003100
1 -0.00000200 0.00000000 0.00000000 1.57074300 -1.56713700 -1.57074300
2 4.25546800 -0.33518300 -0.00000200 0.00000000 0.00000000 -0.12484800
3 7.43124800 1.49647700 0.00000200 0.00000000 0.00000000 0.24545000
4 5.27847900 0.16554100 0.00000100 0.00000000 0.00000000 0.04851100
5 3.06561000 -12.65744000 1.08368000 2.12269900 1.26566500 -1.14230500
6 -6.21448200 -0.00000700 -0.00002700 -3.01619922 -0.88841274 1.73300820
7 11.94488200 0.00000000 0.00000100 -1.96925881 -0.46429502 1.57221946
8 10.62018100 0.00000200 0.00000000 0.64624117 0.20737428 2.92550167
9 -4.75110600 -0.69449400 0.83057700 0.08967600 -0.13098500 0.50038700
10 -1.68806800 0.00004600 -0.00003200 0.01671600 -0.01820000 0.69721500
11 -1.33614000 0.00005700 -0.00001200 0.02585500 -0.00498100 0.74325400
12 -4.82049400 -0.50946000 -0.22475900 -0.03127800 -0.08831000 0.88545800
13 -1.82699200 -0.00006400 0.00000600 -0.01893000 0.03570700 0.78653700
14 -1.43657300 0.00000600 0.00000200 -0.01017500 -0.07709500 0.03978900
15 -3.99235500 -0.89118800 -1.82790900 -0.35801500 0.10592100 1.28642800
16 -1.40591800 -0.00002500 -0.00000300 0.01423200 -0.02576700 0.37050100
17 -1.17535800 0.00012800 -0.00002000 0.02414000 0.06349200 0.26733300
18 -4.52675100 -0.69057500 -1.12074400 -0.15126300 -0.02698800 1.18332100
19 -1.74403800 0.00003300 -0.00000800 -0.00996000 -0.02781000 0.75209900
20 -1.36877100 0.00002500 0.00000200 0.00284900 0.05240600 -0.04949900
21 -1.87480000 -0.93512500 0.99917400 2.71530800 0.29281300 1.14742800
22 -1.62789274 0.15474751 0.01182423 -0.45142800 0.39058000 0.17554000
23 -1.59928500 0.00000400 0.00001600 0.05913200 -0.03395700 0.69875300
24 5.51181500 0.00000800 -0.00000100 1.60015654 0.00066794 3.14087266
25 0.19684700 -0.00000100 0.00000300 2.79340693 -0.00063312 -3.14144294
26 3.25266400 -11.66983600 -2.70820900 1.97586200 1.15990900 1.84280300
27 6.21448500 0.00000600 0.00002000 -0.75737509 0.86191044 -1.89606626
28 11.94488500 -0.00002900 -0.00019400 -1.00089057 -0.31900335 -1.16719732
29 10.62016600 0.00000200 0.00001000 -1.67943942 -0.58350107 -0.37666887
30 4.75115600 0.69437600 -0.83047300 -0.04117600 -0.18863600 0.60355500
31 1.68806500 -0.00002600 0.00000200 0.00262100 -0.02458500 1.33370800
32 1.33615100 -0.00005100 -0.00000900 0.01348100 -0.03626600 0.01365700
33 4.82051300 0.50934000 0.22486500 0.07478500 0.04514400 1.05758200
34 1.82699600 0.00006600 0.00000800 -0.00950200 0.03929900 1.03599800
35 1.43657700 -0.00001000 0.00000700 0.01323600 -0.00739800 -0.21985200
36 3.99235300 0.89108700 1.82799400 -0.32807200 -0.04594200 0.96946400
37 1.40591800 0.00002100 -0.00000700 -0.00225300 -0.02943200 0.95183300
38 1.17536900 -0.00013100 0.00000200 0.00681700 0.12305700 0.01097200
39 4.52675600 0.69046000 1.12084200 -0.13684300 0.00749600 1.02191100
40 1.74404100 -0.00003100 -0.00000200 -0.02263700 -0.01908800 1.28169000
41 1.36876300 -0.00003100 -0.00001700 -0.05058800 0.21380200 -0.54106800
42 2.00827897 1.42615174 -0.76232700 2.06590300 0.96199600 1.25446300
43 1.52344900 -0.00003400 -0.00000300 0.10930320 0.16632046 0.77417423
44 1.59928100 -0.00000200 0.00000900 0.07625000 0.03398500 0.40775500
45 5.51180600 -0.00000200 0.00000600 -0.23579700 0.00000500 0.00000700
46 0.19685000 0.00000300 -0.00000200 -0.34822500 0.00001500 -0.00000200
47 0.00000000 0.00000000 0.00000000 0.00000000 0.00000000 -1.57079600
48 -4.33264200 23.46635400 -4.02389200 0.00000000 0.00000000 -3.14156200
49 -5.01929147 44.15364443 -5.22828718 -0.43832191 1.16684955 2.54682337
50 -0.94675001 3.09895905 -4.38383976 1.39142500 0.76772300 -2.23544400
51 9.26444177 18.73908703 -11.60672149 0.00000000 0.00000000 0.00000000
52 -0.14427800 -0.01905500 0.77712700 0.00000000 0.00000000 0.00000000
53 -0.03040300 0.00000000 0.97060100 0.00000000 0.00000000 0.00000000
54 0.25083200 0.00887700 0.66073700 0.00000000 0.00000000 0.00000000
55 1.02156300 0.00000000 0.05472700 0.00000000 0.00000000 0.00000000
56 0.58919200 0.02250000 -0.43769800 0.00000000 0.00000000 0.00000000
57 0.06109300 -0.00834800 -1.09328200 0.00000000 0.00000000 0.00000000
58 -0.43080900 0.02895100 -0.96669100 0.00000000 0.00000000 0.00000000
59 -0.41086000 0.04068300 -1.16810300 0.00000000 0.00000000 0.00000000
60 -0.05530300 0.03252600 -2.02691900 0.00000000 0.00000000 0.00000000
61 0.28229000 -0.08289900 -1.34992400 0.00000000 0.00000000 0.00000000
62 0.99636700 -0.37373900 -0.37975200 0.00000000 0.00000000 0.00000000
63 5.29182100 -7.72295500 -27.65712900 0.81371100 -0.71543000 0.13770700
64 1.37038600 -0.02054000 1.25849300 0.00000200 0.00000000 0.00000100
65 0.15487200 -0.02709800 2.44212200 -0.07802400 0.05925800 0.12926400
66 0.00000100 0.00000200 0.99728300 0.00000000 0.00000000 0.00000000
67 0.00000000 0.00000200 1.00801400 0.00000000 0.00000000 0.00000000
68 2.06719000 3.60588200 2.07666800 2.85305200 -0.22672800 0.10415500
time 10
0 -0.00000100 7.45008900 -27.50902600 0.00000000 0.00000000 0.00003100
1 -0.00000200 0.00000000 0.00000000 1.57074300 -1.56713700 -1.57074300
2 4.25546800 -0.33518300 -0.00000200 0.00000000 0.00000000 -0.12484800
3 7.43124800 1.49647700 0.00000200 0.00000000 0.00000000 0.24545000
4 5.27847900 0.16554100 0.00000100 0.00000000 0.00000000 0.04851100
5 3.06561000 -12.65744000 1.08368000 2.12269900 1.26566500 -1.14230500
6 -6.21448200 -0.00000700 -0.00002700 -3.01082599 -0.88702839 1.72282686
7 11.94488200 0.00000000 0.00000100 -1.96273469 -0.46475337 1.55710329
8 10.62018100 0.00000200 0.00000000 0.64897512 0.22213714 2.92544204
9 -4.75110600 -0.69449400 0.83057700 0.08967600 -0.13098500 0.50038700
10 -1.68806800 0.00004600 -0.00003200 0.01671600 -0.01820000 0.69721500
11 -1.33614000 0.00005700 -0.00001200 0.02585500 -0.00498100 0.74325400
12 -4.82049400 -0.50946000 -0.22475900 -0.03127800 -0.08831000 0.88545800
13 -1.82699200 -0.00006400 0.00000600 -0.01893000 0.03570700 0.78653700
14 -1.43657300 0.00000600 0.00000200 -0.01017500 -0.07709500 0.03978900
15 -3.99235500 -0.89118800 -1.82790900 -0.35801500 0.10592100 1.28642800
16 -1.40591800 -0.00002500 -0.00000300 0.01423200 -0.02576700 0.37050100
17 -1.17535800 0.00012800 -0.00002000 0.02414000 0.06349200 0.26733300
18 -4.52675100 -0.69057500 -1.12074400 -0.15126300 -0.02698800 1.18332100
19 -1.74403800 0.00003300 -0.00000800 -0.00996000 -0.02781000 0.75209900
20 -1.36877100 0.00002500 0.00000200 0.00284900 0.05240600 -0.04949900
21 -1.87480000 -0.93512500 0.99917400 2.71530800 0.29281300 1.14742800
22 -1.62789274 0.15474751 0.01182423 -0.45142800 0.39058000 0.17554000
23 -1.59928500 0.00000400 0.00001600 0.05913200 -0.03395700 0.69875300
24 5.51181500 0.00000800 -0.00000100 1.60015654 0.00066794 3.14087266
25 0.19684700 -0.00000100 0.00000300 2.79340693 -0.00063312 -3.14144294
26 3.25266400 -11.66983600 -2.70820900 1.97586200 1.15990900 1.84280300
27 6.21448500 0.00000600 0.00002000 -0.75719180 0.86189783 -1.89233564
28 11.94488500 -0.00002900 -0.00019400 -1.00326657 -0.31869909 -1.15963825
29 10.62016600 0.00000200 0.00001000 -1.68472844 -0.57642175 -0.38542993
30 4.75115600 0.69437600 -0.83047300 -0.04117600 -0.18863600 0.60355500
31 1.68806500 -0.00002600 0.00000200 0.00262100 -0.02458500 1.33370800
32 1.33615100 -0.00005100 -0.00000900 0.01348100 -0.03626600 0.01365700
33 4.82051300 0.50934000 0.22486500 0.07478500 0.04514400 1.05758200
34 1.82699600 0.00006600 0.00000800 -0.00950200 0.03929900 1.03599800
35 1.43657700 -0.00001000 0.00000700 0.01323600 -0.00739800 -0.21985200
36 3.99235300 0.89108700 1.82799400 -0.32807200 -0.04594200 0.96946400
37 1.40591800 0.00002100 -0.00000700 -0.00225300 -0.02943200 0.95183300
38 1.17536900 -0.00013100 0.00000200 0.00681700 0.12305700 0.01097200
39 4.52675600 0.69046000 1.12084200 -0.13684300 0.00749600 1.02191100
40 1.74404100 -0.00003100 -0.00000200 -0.02263700 -0.01908800 1.28169000
41 1.36876300 -0.00003100 -0.00001700 -0.05058800 0.21380200 -0.54106800
42 2.00827897 1.42615174 -0.76232700 2.06590300 0.96199600 1.25446300
43 1.52344900 -0.00003400 -0.00000300 0.10930320 0.16632046 0.77417423
44 1.59928100 -0.00000200 0.00000900 0.07625000 0.03398500 0.40775500
45 5.51180600 -0.00000200 0.00000600 -0.23579700 0.00000500 0.00000700
46 0.19685000 0.00000300 -0.00000200 -0.34822500 0.00001500 -0.00000200
47 0.00000000 0.00000000 0.00000000 0.00000000 0.00000000 -1.57079600
48 -4.33264200 23.46635400 -4.02389200 0.00000000 0.00000000 -3.14156200
49 -5.11713707 44.20801695 -5.27414647 -0.45703715 1.16778507 2.53544956
50 -0.94675001 3.09895905 -4.38383976 1.39142500 0.76772300 -2.23544400
51 9.26444177 18.73908703 -11.60672149 0.00000000 0.00000000 0.00000000
52 -0.14427800 -0.01905500 0.77712700 0.00000000 0.00000000 0.00000000
53 -0.03040300 0.00000000 0.97060100 0.00000000 0.00000000 0.00000000
54 0.25083200 0.00887700 0.66073700 0.00000000 0.00000000 0.00000000
55 1.02156300 0.00000000 0.05472700 0.00000000 0.00000000 0.00000000
56 0.58919200 0.02250000 -0.43769800 0.00000000 0.00000000 0.00000000
57 0.06109300 -0.00834800 -1.09328200 0.00000000 0.00000000 0.00000000
58 -0.43080900 0.02895100 -0.96669100 0.00000000 0.00000000 0.00000000
59 -0.41086000 0.04068300 -1.16810300 0.00000000 0.00000000 0.00000000
60 -0.05530300 0.03252600 -2.02691900 0.00000000 0.00000000 0.00000000
61 0.28229000 -0.08289900 -1.34992400 0.00000000 0.00000000 0.00000000
62 0.99636700 -0.37373900 -0.37975200 0.00000000 0.00000000 0.00000000
63 5.29182100 -7.72295500 -27.65712900 0.81371100 -0.71543000 0.13770700
64 1.37038600 -0.02054000 1.25849300 0.00000200 0.00000000 0.00000100
65 0.15487200 -0.02709800 2.44212200 -0.07802400 0.05925800 0.12926400
66 0.00000100 0.00000200 0.99728300 0.00000000 0.00000000 0.00000000
67 0.00000000 0.00000200 1.00801400 0.00000000 0.00000000 0.00000000
68 2.06719000 3.60588200 2.07666800 2.85305200 -0.22672800 0.10415500
time 11
0 -0.00000100 7.45008900 -27.50902600 0.00000000 0.00000000 0.00003100
1 -0.00000200 0.00000000 0.00000000 1.57074300 -1.56713700 -1.57074300
2 4.25546800 -0.33518300 -0.00000200 0.00000000 0.00000000 -0.12484800
3 7.43124800 1.49647700 0.00000200 0.00000000 0.00000000 0.24545000
4 5.27847900 0.16554100 0.00000100 0.00000000 0.00000000 0.04851100
5 3.06561000 -12.65744000 1.08368000 2.12269900 1.26566500 -1.14230500
6 -6.21448200 -0.00000700 -0.00002700 -3.00561794 -0.88594450 1.71273323
7 11.94488200 0.00000000 0.00000100 -1.95592387 -0.46522082 1.54120648
8 10.62018100 0.00000200 0.00000000 0.65146303 0.23762581 2.92499844
9 -4.75110600 -0.69449400 0.83057700 0.08967600 -0.13098500 0.50038700
10 -1.68806800 0.00004600 -0.00003200 0.01671600 -0.01820000 0.69721500
11 -1.33614000 0.00005700 -0.00001200 0.02585500 -0.00498100 0.74325400
12 -4.82049400 -0.50946000 -0.22475900 -0.03127800 -0.08831000 0.88545800
13 -1.82699200 -0.00006400 0.00000600 -0.01893000 0.03570700 0.78653700
14 -1.43657300 0.00000600 0.00000200 -0.01017500 -0.07709500 0.03978900
15 -3.99235500 -0.89118800 -1.82790900 -0.35801500 0.10592100 1.28642800
16 -1.40591800 -0.00002500 -0.00000300 0.01423200 -0.02576700 0.37050100
17 -1.17535800 0.00012800 -0.00002000 0.02414000 0.06349200 0.26733300
18 -4.52675100 -0.69057500 -1.12074400 -0.15126300 -0.02698800 1.18332100
19 -1.74403800 0.00003300 -0.00000800 -0.00996000 -0.02781000 0.75209900
20 -1.36877100 0.00002500 0.00000200 0.00284900 0.05240600 -0.04949900
21 -1.87480000 -0.93512500 0.99917400 2.71530800 0.29281300 1.14742800
22 -1.62789274 0.15474751 0.01182423 -0.45142800 0.39058000 0.17554000
23 -1.59928500 0.00000400 0.00001600 0.05913200 -0.03395700 0.69875300
24 5.51181500 0.00000800 -0.00000100 1.60015654 0.00066794 3.14087266
25 0.19684700 -0.00000100 0.00000300 2.79340693 -0.00063312 -3.14144294
26 3.25266400 -11.66983600 -2.70820900 1.97586200 1.15990900 1.84280300
27 6.21448500 0.00000600 0.00002000 -0.75691902 0.86191103 -1.88860082
28 11.94488500 -0.00002900 -0.00019400 -1.00576236 -0.31832405 -1.15157622
29 10.62016600 0.00000200 0.00001000 -1.68996087 -0.56890230 -0.39469225
30 4.75115600 0.69437600 -0.83047300 -0.04117600 -0.18863600 0.60355500
31 1.68806500 -0.00002600 0.00000200 0.00262100 -0.02458500 1.33370800
32 1.33615100 -0.00005100 -0.00000900 0.01348100 -0.03626600 0.01365700
33 4.82051300 0.50934000 0.22486500 0.07478500 0.04514400 1.05758200
34 1.82699600 0.00006600 0.00000800 -0.00950200 0.03929900 1.03599800
35 1.43657700 -0.00001000 0.00000700 0.01323600 -0.00739800 -0.21985200
36 3.99235300 0.89108700 1.82799400 -0.32807200 -0.04594200 0.96946400
37 1.40591800 0.00002100 -0.00000700 -0.00225300 -0.02943200 0.95183300
38 1.17536900 -0.00013100 0.00000200 0.00681700 0.12305700 0.01097200
39 4.52675600 0.69046000 1.12084200 -0.13684300 0.00749600 1.02191100
40 1.74404100 -0.00003100 -0.00000200 -0.02263700 -0.01908800 1.28169000
41 1.36876300 -0.00003100 -0.00001700 -0.05058800 0.21380200 -0.54106800
42 2.00827897 1.42615174 -0.76232700 2.06590300 0.96199600 1.25446300
43 1.52344900 -0.00003400 -0.00000300 0.10930320 0.16632046 0.77417423
44 1.59928100 -0.00000200 0.00000900 0.07625000 0.03398500 0.40775500
45 5.51180600 -0.00000200 0.00000600 -0.23579700 0.00000500 0.00000700
46 0.19685000 0.00000300 -0.00000200 -0.34822500 0.00001500 -0.00000200
47 0.00000000 0.00000000 0.00000000 0.00000000 0.00000000 -1.57079600
48 -4.33264200 23.46635400 -4.02389200 0.00000000 0.00000000 -3.14156200
49 -5.21519130 44.26362113 -5.32696105 -0.47553252 1.16840778 2.52442783
50 -0.94675001 3.09895905 -4.38383976 1.39142500 0.76772300 -2.23544400
51 9.26444177 18.73908703 -11.60672149 0.00000000 0.00000000 0.00000000
52 -0.14427800 -0.01905500 0.77712700 0.00000000 0.00000000 0.00000000
53 -0.03040300 0.00000000 0.97060100 0.00000000 0.00000000 0.00000000
54 0.25083200 0.00887700 0.66073700 0.00000000 0.00000000 0.00000000
55 1.02156300 0.00000000 0.05472700 0.00000000 0.00000000 0.00000000
56 0.58919200 0.02250000 -0.43769800 0.00000000 0.00000000 0.00000000
57 0.06109300 -0.00834800 -1.09328200 0.00000000 0.00000000 0.00000000
58 -0.43080900 0.02895100 -0.96669100 0.00000000 0.00000000 0.00000000
59 -0.41086000 0.04068300 -1.16810300 0.00000000 0.00000000 0.00000000
60 -0.05530300 0.03252600 -2.02691900 0.00000000 0.00000000 0.00000000
61 0.28229000 -0.08289900 -1.34992400 0.00000000 0.00000000 0.00000000
62 0.99636700 -0.37373900 -0.37975200 0.00000000 0.00000000 0.00000000
63 5.29182100 -7.72295500 -27.65712900 0.81371100 -0.71543000 0.13770700
64 1.37038600 -0.02054000 1.25849300 0.00000200 0.00000000 0.00000100
65 0.15487200 -0.02709800 2.44212200 -0.07802400 0.05925800 0.12926400
66 0.00000100 0.00000200 0.99728300 0.00000000 0.00000000 0.00000000
67 0.00000000 0.00000200 1.00801400 0.00000000 0.00000000 0.00000000
68 2.06719000 3.60588200 2.07666800 2.85305200 -0.22672800 0.10415500
time 12
0 -0.00000100 7.45008900 -27.50902600 0.00000000 0.00000000 0.00003100
1 -0.00000200 0.00000000 0.00000000 1.57074300 -1.56713700 -1.57074300
2 4.25546800 -0.33518300 -0.00000200 0.00000000 0.00000000 -0.12484800
3 7.43124800 1.49647700 0.00000200 0.00000000 0.00000000 0.24545000
4 5.27847900 0.16554100 0.00000100 0.00000000 0.00000000 0.04851100
5 3.06561000 -12.65744000 1.08368000 2.12269900 1.26566500 -1.14230500
6 -6.21448200 -0.00000700 -0.00002700 -3.00258586 -0.88683639 1.70438074
7 11.94488200 0.00000000 0.00000100 -1.94850152 -0.46565162 1.52405888
8 10.62018100 0.00000200 0.00000000 0.65409532 0.25629181 2.92172973
9 -4.75110600 -0.69449400 0.83057700 0.08967600 -0.13098500 0.50038700
10 -1.68806800 0.00004600 -0.00003200 0.01671600 -0.01820000 0.69721500
11 -1.33614000 0.00005700 -0.00001200 0.02585500 -0.00498100 0.74325400
12 -4.82049400 -0.50946000 -0.22475900 -0.03127800 -0.08831000 0.88545800
13 -1.82699200 -0.00006400 0.00000600 -0.01893000 0.03570700 0.78653700
14 -1.43657300 0.00000600 0.00000200 -0.01017500 -0.07709500 0.03978900
15 -3.99235500 -0.89118800 -1.82790900 -0.35801500 0.10592100 1.28642800
16 -1.40591800 -0.00002500 -0.00000300 0.01423200 -0.02576700 0.37050100
17 -1.17535800 0.00012800 -0.00002000 0.02414000 0.06349200 0.26733300
18 -4.52675100 -0.69057500 -1.12074400 -0.15126300 -0.02698800 1.18332100
19 -1.74403800 0.00003300 -0.00000800 -0.00996000 -0.02781000 0.75209900
20 -1.36877100 0.00002500 0.00000200 0.00284900 0.05240600 -0.04949900
21 -1.87480000 -0.93512500 0.99917400 2.71530800 0.29281300 1.14742800
22 -1.62789274 0.15474751 0.01182423 -0.45142800 0.39058000 0.17554000
23 -1.59928500 0.00000400 0.00001600 0.05913200 -0.03395700 0.69875300
24 5.51181500 0.00000800 -0.00000100 1.60015654 0.00066794 3.14087266
25 0.19684700 -0.00000100 0.00000300 2.79340693 -0.00063312 -3.14144294
26 3.25266400 -11.66983600 -2.70820900 1.97586200 1.15990900 1.84280300
27 6.21448500 0.00000600 0.00002000 -0.75596015 0.86336754 -1.88398255
28 11.94488500 -0.00002900 -0.00019400 -1.00876229 -0.31749231 -1.14214470
29 10.62016600 0.00000200 0.00001000 -1.69526063 -0.55891533 -0.40608374
30 4.75115600 0.69437600 -0.83047300 -0.04117600 -0.18863600 0.60355500
31 1.68806500 -0.00002600 0.00000200 0.00262100 -0.02458500 1.33370800
32 1.33615100 -0.00005100 -0.00000900 0.01348100 -0.03626600 0.01365700
33 4.82051300 0.50934000 0.22486500 0.07478500 0.04514400 1.05758200
34 1.82699600 0.00006600 0.00000800 -0.00950200 0.03929900 1.03599800
35 1.43657700 -0.00001000 0.00000700 0.01323600 -0.00739800 -0.21985200
36 3.99235300 0.89108700 1.82799400 -0.32807200 -0.04594200 0.96946400
37 1.40591800 0.00002100 -0.00000700 -0.00225300 -0.02943200 0.95183300
38 1.17536900 -0.00013100 0.00000200 0.00681700 0.12305700 0.01097200
39 4.52675600 0.69046000 1.12084200 -0.13684300 0.00749600 1.02191100
40 1.74404100 -0.00003100 -0.00000200 -0.02263700 -0.01908800 1.28169000
41 1.36876300 -0.00003100 -0.00001700 -0.05058800 0.21380200 -0.54106800
42 2.00827897 1.42615174 -0.76232700 2.06590300 0.96199600 1.25446300
43 1.52344900 -0.00003400 -0.00000300 0.10930320 0.16632046 0.77417423
44 1.59928100 -0.00000200 0.00000900 0.07625000 0.03398500 0.40775500
45 5.51180600 -0.00000200 0.00000600 -0.23579700 0.00000500 0.00000700
46 0.19685000 0.00000300 -0.00000200 -0.34822500 0.00001500 -0.00000200
47 0.00000000 0.00000000 0.00000000 0.00000000 0.00000000 -1.57079600
48 -4.33264200 23.46635400 -4.02389200 0.00000000 0.00000000 -3.14156200
49 -5.31202772 44.31357725 -5.42383178 -0.49401681 1.16796807 2.51332294
50 -0.94675001 3.09895905 -4.38383976 1.39142500 0.76772300 -2.23544400
51 9.26444177 18.73908703 -11.60672149 0.00000000 0.00000000 0.00000000
52 -0.14427800 -0.01905500 0.77712700 0.00000000 0.00000000 0.00000000
53 -0.03040300 0.00000000 0.97060100 0.00000000 0.00000000 0.00000000
54 0.25083200 0.00887700 0.66073700 0.00000000 0.00000000 0.00000000
55 1.02156300 0.00000000 0.05472700 0.00000000 0.00000000 0.00000000
56 0.58919200 0.02250000 -0.43769800 0.00000000 0.00000000 0.00000000
57 0.06109300 -0.00834800 -1.09328200 0.00000000 0.00000000 0.00000000
58 -0.43080900 0.02895100 -0.96669100 0.00000000 0.00000000 0.00000000
59 -0.41086000 0.04068300 -1.16810300 0.00000000 0.00000000 0.00000000
60 -0.05530300 0.03252600 -2.02691900 0.00000000 0.00000000 0.00000000
61 0.28229000 -0.08289900 -1.34992400 0.00000000 0.00000000 0.00000000
62 0.99636700 -0.37373900 -0.37975200 0.00000000 0.00000000 0.00000000
63 5.29182100 -7.72295500 -27.65712900 0.81371100 -0.71543000 0.13770700
64 1.37038600 -0.02054000 1.25849300 0.00000200 0.00000000 0.00000100
65 0.15487200 -0.02709800 2.44212200 -0.07802400 0.05925800 0.12926400
66 0.00000100 0.00000200 0.99728300 0.00000000 0.00000000 0.00000000
67 0.00000000 0.00000200 1.00801400 0.00000000 0.00000000 0.00000000
68 2.06719000 3.60588200 2.07666800 2.85305200 -0.22672800 0.10415500
time 13
0 -0.00000100 7.45008900 -27.50902600 0.00000000 0.00000000 0.00003100
1 -0.00000200 0.00000000 0.00000000 1.57074300 -1.56713700 -1.57074300
2 4.25546800 -0.33518300 -0.00000200 0.00000000 0.00000000 -0.12484800
3 7.43124800 1.49647700 0.00000200 0.00000000 0.00000000 0.24545000
4 5.27847900 0.16554100 0.00000100 0.00000000 0.00000000 0.04851100
5 3.06561000 -12.65744000 1.08368000 2.12269900 1.26566500 -1.14230500
6 -6.21448200 -0.00000700 -0.00002700 -3.00002569 -0.88801994 1.69660788
7 11.94488200 0.00000000 0.00000100 -1.94166214 -0.46599196 1.50806232
8 10.62018100 0.00000200 0.00000000 0.65703785 0.27372215 2.91861073
9 -4.75110600 -0.69449400 0.83057700 0.08967600 -0.13098500 0.50038700
10 -1.68806800 0.00004600 -0.00003200 0.01671600 -0.01820000 0.69721500
11 -1.33614000 0.00005700 -0.00001200 0.02585500 -0.00498100 0.74325400
12 -4.82049400 -0.50946000 -0.22475900 -0.03127800 -0.08831000 0.88545800
13 -1.82699200 -0.00006400 0.00000600 -0.01893000 0.03570700 0.78653700
14 -1.43657300 0.00000600 0.00000200 -0.01017500 -0.07709500 0.03978900
15 -3.99235500 -0.89118800 -1.82790900 -0.35801500 0.10592100 1.28642800
16 -1.40591800 -0.00002500 -0.00000300 0.01423200 -0.02576700 0.37050100
17 -1.17535800 0.00012800 -0.00002000 0.02414000 0.06349200 0.26733300
18 -4.52675100 -0.69057500 -1.12074400 -0.15126300 -0.02698800 1.18332100
19 -1.74403800 0.00003300 -0.00000800 -0.00996000 -0.02781000 0.75209900
20 -1.36877100 0.00002500 0.00000200 0.00284900 0.05240600 -0.04949900
21 -1.87480000 -0.93512500 0.99917400 2.71530800 0.29281300 1.14742800
22 -1.62789274 0.15474751 0.01182423 -0.45142800 0.39058000 0.17554000
23 -1.59928500 0.00000400 0.00001600 0.05913200 -0.03395700 0.69875300
24 5.51181500 0.00000800 -0.00000100 1.60015654 0.00066794 3.14087266
25 0.19684700 -0.00000100 0.00000300 2.79340693 -0.00063312 -3.14144294
26 3.25266400 -11.66983600 -2.70820900 1.97586200 1.15990900 1.84280300
27 6.21448500 0.00000600 0.00002000 -0.75499131 0.86531279 -1.87943611
28 11.94488500 -0.00002900 -0.00019400 -1.01142993 -0.31661435 -1.13351235
29 10.62016600 0.00000200 0.00001000 -1.70069144 -0.54941508 -0.41672645
30 4.75115600 0.69437600 -0.83047300 -0.04117600 -0.18863600 0.60355500
31 1.68806500 -0.00002600 0.00000200 0.00262100 -0.02458500 1.33370800
32 1.33615100 -0.00005100 -0.00000900 0.01348100 -0.03626600 0.01365700
33 4.82051300 0.50934000 0.22486500 0.07478500 0.04514400 1.05758200
34 1.82699600 0.00006600 0.00000800 -0.00950200 0.03929900 1.03599800
35 1.43657700 -0.00001000 0.00000700 0.01323600 -0.00739800 -0.21985200
36 3.99235300 0.89108700 1.82799400 -0.32807200 -0.04594200 0.96946400
37 1.40591800 0.00002100 -0.00000700 -0.00225300 -0.02943200 0.95183300
38 1.17536900 -0.00013100 0.00000200 0.00681700 0.12305700 0.01097200
39 4.52675600 0.69046000 1.12084200 -0.13684300 0.00749600 1.02191100
40 1.74404100 -0.00003100 -0.00000200 -0.02263700 -0.01908800 1.28169000
41 1.36876300 -0.00003100 -0.00001700 -0.05058800 0.21380200 -0.54106800
42 2.00827897 1.42615174 -0.76232700 2.06590300 0.96199600 1.25446300
43 1.52344900 -0.00003400 -0.00000300 0.10930320 0.16632046 0.77417423
44 1.59928100 -0.00000200 0.00000900 0.07625000 0.03398500 0.40775500
45 5.51180600 -0.00000200 0.00000600 -0.23579700 0.00000500 0.00000700
46 0.19685000 0.00000300 -0.00000200 -0.34822500 0.00001500 -0.00000200
47 0.00000000 0.00000000 0.00000000 0.00000000 0.00000000 -1.57079600
48 -4.33264200 23.46635400 -4.02389200 0.00000000 0.00000000 -3.14156200
49 -5.40584750 44.35596304 -5.52165827 -0.51141911 1.16766526 2.50276874
50 -0.94675001 3.09895905 -4.38383976 1.39142500 0.76772300 -2.23544400
51 9.26444177 18.73908703 -11.60672149 0.00000000 0.00000000 0.00000000
52 -0.14427800 -0.01905500 0.77712700 0.00000000 0.00000000 0.00000000
53 -0.03040300 0.00000000 0.97060100 0.00000000 0.00000000 0.00000000
54 0.25083200 0.00887700 0.66073700 0.00000000 0.00000000 0.00000000
55 1.02156300 0.00000000 0.05472700 0.00000000 0.00000000 0.00000000
56 0.58919200 0.02250000 -0.43769800 0.00000000 0.00000000 0.00000000
57 0.06109300 -0.00834800 -1.09328200 0.00000000 0.00000000 0.00000000
58 -0.43080900 0.02895100 -0.96669100 0.00000000 0.00000000 0.00000000
59 -0.41086000 0.04068300 -1.16810300 0.00000000 0.00000000 0.00000000
60 -0.05530300 0.03252600 -2.02691900 0.00000000 0.00000000 0.00000000
61 0.28229000 -0.08289900 -1.34992400 0.00000000 0.00000000 0.00000000
62 0.99636700 -0.37373900 -0.37975200 0.00000000 0.00000000 0.00000000
63 5.29182100 -7.72295500 -27.65712900 0.81371100 -0.71543000 0.13770700
64 1.37038600 -0.02054000 1.25849300 0.00000200 0.00000000 0.00000100
65 0.15487200 -0.02709800 2.44212200 -0.07802400 0.05925800 0.12926400
66 0.00000100 0.00000200 0.99728300 0.00000000 0.00000000 0.00000000
67 0.00000000 0.00000200 1.00801400 0.00000000 0.00000000 0.00000000
68 2.06719000 3.60588200 2.07666800 2.85305200 -0.22672800 0.10415500
time 14
0 -0.00000100 7.45008900 -27.50902600 0.00000000 0.00000000 0.00003100
1 -0.00000200 0.00000000 0.00000000 1.57074300 -1.56713700 -1.57074300
2 4.25546800 -0.33518300 -0.00000200 0.00000000 0.00000000 -0.12484800
3 7.43124800 1.49647700 0.00000200 0.00000000 0.00000000 0.24545000
4 5.27847900 0.16554100 0.00000100 0.00000000 0.00000000 0.04851100
5 3.06561000 -12.65744000 1.08368000 2.12269900 1.26566500 -1.14230500
6 -6.21448200 -0.00000700 -0.00002700 -2.99970617 -0.89047718 1.69141863
7 11.94488200 0.00000000 0.00000100 -1.93620743 -0.46614813 1.49549164
8 10.62018100 0.00000200 0.00000000 0.65990203 0.28874064 2.91433458
9 -4.75110600 -0.69449400 0.83057700 0.08967600 -0.13098500 0.50038700
10 -1.68806800 0.00004600 -0.00003200 0.01671600 -0.01820000 0.69721500
11 -1.33614000 0.00005700 -0.00001200 0.02585500 -0.00498100 0.74325400
12 -4.82049400 -0.50946000 -0.22475900 -0.03127800 -0.08831000 0.88545800
13 -1.82699200 -0.00006400 0.00000600 -0.01893000 0.03570700 0.78653700
14 -1.43657300 0.00000600 0.00000200 -0.01017500 -0.07709500 0.03978900
15 -3.99235500 -0.89118800 -1.82790900 -0.35801500 0.10592100 1.28642800
16 -1.40591800 -0.00002500 -0.00000300 0.01423200 -0.02576700 0.37050100
17 -1.17535800 0.00012800 -0.00002000 0.02414000 0.06349200 0.26733300
18 -4.52675100 -0.69057500 -1.12074400 -0.15126300 -0.02698800 1.18332100
19 -1.74403800 0.00003300 -0.00000800 -0.00996000 -0.02781000 0.75209900
20 -1.36877100 0.00002500 0.00000200 0.00284900 0.05240600 -0.04949900
21 -1.87480000 -0.93512500 0.99917400 2.71530800 0.29281300 1.14742800
22 -1.62789274 0.15474751 0.01182423 -0.45142800 0.39058000 0.17554000
23 -1.59928500 0.00000400 0.00001600 0.05913200 -0.03395700 0.69875300
24 5.51181500 0.00000800 -0.00000100 1.60015654 0.00066794 3.14087266
25 0.19684700 -0.00000100 0.00000300 2.79340693 -0.00063312 -3.14144294
26 3.25266400 -11.66983600 -2.70820900 1.97586200 1.15990900 1.84280300
27 6.21448500 0.00000600 0.00002000 -0.75371902 0.86841957 -1.87475031
28 11.94488500 -0.00002900 -0.00019400 -1.01333381 -0.31583319 -1.12731308
29 10.62016600 0.00000200 0.00001000 -1.70517595 -0.54044530 -0.42583242
30 4.75115600 0.69437600 -0.83047300 -0.04117600 -0.18863600 0.60355500
31 1.68806500 -0.00002600 0.00000200 0.00262100 -0.02458500 1.33370800
32 1.33615100 -0.00005100 -0.00000900 0.01348100 -0.03626600 0.01365700
33 4.82051300 0.50934000 0.22486500 0.07478500 0.04514400 1.05758200
34 1.82699600 0.00006600 0.00000800 -0.00950200 0.03929900 1.03599800
35 1.43657700 -0.00001000 0.00000700 0.01323600 -0.00739800 -0.21985200
36 3.99235300 0.89108700 1.82799400 -0.32807200 -0.04594200 0.96946400
37 1.40591800 0.00002100 -0.00000700 -0.00225300 -0.02943200 0.95183300
38 1.17536900 -0.00013100 0.00000200 0.00681700 0.12305700 0.01097200
39 4.52675600 0.69046000 1.12084200 -0.13684300 0.00749600 1.02191100
40 1.74404100 -0.00003100 -0.00000200 -0.02263700 -0.01908800 1.28169000
41 1.36876300 -0.00003100 -0.00001700 -0.05058800 0.21380200 -0.54106800
42 2.00827897 1.42615174 -0.76232700 2.06590300 0.96199600 1.25446300
43 1.52344900 -0.00003400 -0.00000300 0.10930320 0.16632046 0.77417423
44 1.59928100 -0.00000200 0.00000900 0.07625000 0.03398500 0.40775500
45 5.51180600 -0.00000200 0.00000600 -0.23579700 0.00000500 0.00000700
46 0.19685000 0.00000300 -0.00000200 -0.34822500 0.00001500 -0.00000200
47 0.00000000 0.00000000 0.00000000 0.00000000 0.00000000 -1.57079600
48 -4.33264200 23.46635400 -4.02389200 0.00000000 0.00000000 -3.14156200
49 -5.48648881 44.37703486 -5.62539602 -0.52560431 1.16687626 2.49387593
50 -0.94675001 3.09895905 -4.38383976 1.39142500 0.76772300 -2.23544400
51 9.26444177 18.73908703 -11.60672149 0.00000000 0.00000000 0.00000000
52 -0.14427800 -0.01905500 0.77712700 0.00000000 0.00000000 0.00000000
53 -0.03040300 0.00000000 0.97060100 0.00000000 0.00000000 0.00000000
54 0.25083200 0.00887700 0.66073700 0.00000000 0.00000000 0.00000000
55 1.02156300 0.00000000 0.05472700 0.00000000 0.00000000 0.00000000
56 0.58919200 0.02250000 -0.43769800 0.00000000 0.00000000 0.00000000
57 0.06109300 -0.00834800 -1.09328200 0.00000000 0.00000000 0.00000000
58 -0.43080900 0.02895100 -0.96669100 0.00000000 0.00000000 0.00000000
59 -0.41086000 0.04068300 -1.16810300 0.00000000 0.00000000 0.00000000
60 -0.05530300 0.03252600 -2.02691900 0.00000000 0.00000000 0.00000000
61 0.28229000 -0.08289900 -1.34992400 0.00000000 0.00000000 0.00000000
62 0.99636700 -0.37373900 -0.37975200 0.00000000 0.00000000 0.00000000
63 5.29182100 -7.72295500 -27.65712900 0.81371100 -0.71543000 0.13770700
64 1.37038600 -0.02054000 1.25849300 0.00000200 0.00000000 0.00000100
65 0.15487200 -0.02709800 2.44212200 -0.07802400 0.05925800 0.12926400
66 0.00000100 0.00000200 0.99728300 0.00000000 0.00000000 0.00000000
67 0.00000000 0.00000200 1.00801400 0.00000000 0.00000000 0.00000000
68 2.06719000 3.60588200 2.07666800 2.85305200 -0.22672800 0.10415500
time 15
0 -0.00000100 7.45008900 -27.50902600 0.00000000 0.00000000 0.00003100
1 -0.00000200 0.00000000 0.00000000 1.57074300 -1.56713700 -1.57074300
2 4.25546800 -0.33518300 -0.00000200 0.00000000 0.00000000 -0.12484800
3 7.43124800 1.49647700 0.00000200 0.00000000 0.00000000 0.24545000
4 5.27847900 0.16554100 0.00000100 0.00000000 0.00000000 0.04851100
5 3.06561000 -12.65744000 1.08368000 2.12269900 1.26566500 -1.14230500
6 -6.21448200 -0.00000700 -0.00002700 -3.00004103 -0.89315877 1.68725782
7 11.94488200 0.00000000 0.00000100 -1.93203990 -0.46596180 1.48581436
8 10.62018100 0.00000200 0.00000000 0.66268302 0.29954526 2.90971384
9 -4.75110600 -0.69449400 0.83057700 0.08967600 -0.13098500 0.50038700
10 -1.68806800 0.00004600 -0.00003200 0.01671600 -0.01820000 0.69721500
11 -1.33614000 0.00005700 -0.00001200 0.02585500 -0.00498100 0.74325400
12 -4.82049400 -0.50946000 -0.22475900 -0.03127800 -0.08831000 0.88545800
13 -1.82699200 -0.00006400 0.00000600 -0.01893000 0.03570700 0.78653700
14 -1.43657300 0.00000600 0.00000200 -0.01017500 -0.07709500 0.03978900
15 -3.99235500 -0.89118800 -1.82790900 -0.35801500 0.10592100 1.28642800
16 -1.40591800 -0.00002500 -0.00000300 0.01423200 -0.02576700 0.37050100
17 -1.17535800 0.00012800 -0.00002000 0.02414000 0.06349200 0.26733300
18 -4.52675100 -0.69057500 -1.12074400 -0.15126300 -0.02698800 1.18332100
19 -1.74403800 0.00003300 -0.00000800 -0.00996000 -0.02781000 0.75209900
20 -1.36877100 0.00002500 0.00000200 0.00284900 0.05240600 -0.04949900
21 -1.87480000 -0.93512500 0.99917400 2.71530800 0.29281300 1.14742800
22 -1.62789274 0.15474751 0.01182423 -0.45142800 0.39058000 0.17554000
23 -1.59928500 0.00000400 0.00001600 0.05913200 -0.03395700 0.69875300
24 5.51181500 0.00000800 -0.00000100 1.60015654 0.00066794 3.14087266
25 0.19684700 -0.00000100 0.00000300 2.79340693 -0.00063312 -3.14144294
26 3.25266400 -11.66983600 -2.70820900 1.97586200 1.15990900 1.84280300
27 6.21448500 0.00000600 0.00002000 -0.75236929 0.87150808 -1.87008410
28 11.94488500 -0.00002900 -0.00019400 -1.01472967 -0.31544070 -1.12297693
29 10.62016600 0.00000200 0.00001000 -1.70909464 -0.53265763 -0.43150973
30 4.75115600 0.69437600 -0.83047300 -0.04117600 -0.18863600 0.60355500
31 1.68806500 -0.00002600 0.00000200 0.00262100 -0.02458500 1.33370800
32 1.33615100 -0.00005100 -0.00000900 0.01348100 -0.03626600 0.01365700
33 4.82051300 0.50934000 0.22486500 0.07478500 0.04514400 1.05758200
34 1.82699600 0.00006600 0.00000800 -0.00950200 0.03929900 1.03599800
35 1.43657700 -0.00001000 0.00000700 0.01323600 -0.00739800 -0.21985200
36 3.99235300 0.89108700 1.82799400 -0.32807200 -0.04594200 0.96946400
37 1.40591800 0.00002100 -0.00000700 -0.00225300 -0.02943200 0.95183300
38 1.17536900 -0.00013100 0.00000200 0.00681700 0.12305700 0.01097200
39 4.52675600 0.69046000 1.12084200 -0.13684300 0.00749600 1.02191100
40 1.74404100 -0.00003100 -0.00000200 -0.02263700 -0.01908800 1.28169000
41 1.36876300 -0.00003100 -0.00001700 -0.05058800 0.21380200 -0.54106800
42 2.00827897 1.42615174 -0.76232700 2.06590300 0.96199600 1.25446300
43 1.52344900 -0.00003400 -0.00000300 0.10930320 0.16632046 0.77417423
44 1.59928100 -0.00000200 0.00000900 0.07625000 0.03398500 0.40775500
45 5.51180600 -0.00000200 0.00000600 -0.23579700 0.00000500 0.00000700
46 0.19685000 0.00000300 -0.00000200 -0.34822500 0.00001500 -0.00000200
47 0.00000000 0.00000000 0.00000000 0.00000000 0.00000000 -1.57079600
48 -4.33264200 23.46635400 -4.02389200 0.00000000 0.00000000 -3.14156200
49 -5.55957303 44.38819588 -5.71922015 -0.53474295 1.16618305 2.48801873
50 -0.94675001 3.09895905 -4.38383976 1.39142500 0.76772300 -2.23544400
51 9.26444177 18.73908703 -11.60672149 0.00000000 0.00000000 0.00000000
52 -0.14427800 -0.01905500 0.77712700 0.00000000 0.00000000 0.00000000
53 -0.03040300 0.00000000 0.97060100 0.00000000 0.00000000 0.00000000
54 0.25083200 0.00887700 0.66073700 0.00000000 0.00000000 0.00000000
55 1.02156300 0.00000000 0.05472700 0.00000000 0.00000000 0.00000000
56 0.58919200 0.02250000 -0.43769800 0.00000000 0.00000000 0.00000000
57 0.06109300 -0.00834800 -1.09328200 0.00000000 0.00000000 0.00000000
58 -0.43080900 0.02895100 -0.96669100 0.00000000 0.00000000 0.00000000
59 -0.41086000 0.04068300 -1.16810300 0.00000000 0.00000000 0.00000000
60 -0.05530300 0.03252600 -2.02691900 0.00000000 0.00000000 0.00000000
61 0.28229000 -0.08289900 -1.34992400 0.00000000 0.00000000 0.00000000
62 0.99636700 -0.37373900 -0.37975200 0.00000000 0.00000000 0.00000000
63 5.29182100 -7.72295500 -27.65712900 0.81371100 -0.71543000 0.13770700
64 1.37038600 -0.02054000 1.25849300 0.00000200 0.00000000 0.00000100
65 0.15487200 -0.02709800 2.44212200 -0.07802400 0.05925800 0.12926400
66 0.00000100 0.00000200 0.99728300 0.00000000 0.00000000 0.00000000
67 0.00000000 0.00000200 1.00801400 0.00000000 0.00000000 0.00000000
68 2.06719000 3.60588200 2.07666800 2.85305200 -0.22672800 0.10415500
time 16
0 -0.00000100 7.45008900 -27.50902600 0.00000000 0.00000000 0.00003100
1 -0.00000200 0.00000000 0.00000000 1.57074300 -1.56713700 -1.57074300
2 4.25546800 -0.33518300 -0.00000200 0.00000000 0.00000000 -0.12484800
3 7.43124800 1.49647700 0.00000200 0.00000000 0.00000000 0.24545000
4 5.27847900 0.16554100 0.00000100 0.00000000 0.00000000 0.04851100
5 3.06561000 -12.65744000 1.08368000 2.12269900 1.26566500 -1.14230500
6 -6.21448200 -0.00000700 -0.00002700 -3.00134675 -0.89630280 1.68445622
7 11.94488200 0.00000000 0.00000100 -1.92955185 -0.46545692 1.48006525
8 10.62018100 0.00000200 0.00000000 0.66394579 0.30379169 2.90302794
9 -4.75110600 -0.69449400 0.83057700 0.08967600 -0.13098500 0.50038700
10 -1.68806800 0.00004600 -0.00003200 0.01671600 -0.01820000 0.69721500
11 -1.33614000 0.00005700 -0.00001200 0.02585500 -0.00498100 0.74325400
12 -4.82049400 -0.50946000 -0.22475900 -0.03127800 -0.08831000 0.88545800
13 -1.82699200 -0.00006400 0.00000600 -0.01893000 0.03570700 0.78653700
14 -1.43657300 0.00000600 0.00000200 -0.01017500 -0.07709500 0.03978900
15 -3.99235500 -0.89118800 -1.82790900 -0.35801500 0.10592100 1.28642800
16 -1.40591800 -0.00002500 -0.00000300 0.01423200 -0.02576700 0.37050100
17 -1.17535800 0.00012800 -0.00002000 0.02414000 0.06349200 0.26733300
18 -4.52675100 -0.69057500 -1.12074400 -0.15126300 -0.02698800 1.18332100
19 -1.74403800 0.00003300 -0.00000800 -0.00996000 -0.02781000 0.75209900
20 -1.36877100 0.00002500 0.00000200 0.00284900 0.05240600 -0.04949900
21 -1.87480000 -0.93512500 0.99917400 2.71530800 0.29281300 1.14742800
22 -1.62789274 0.15474751 0.01182423 -0.45142800 0.39058000 0.17554000
23 -1.59928500 0.00000400 0.00001600 0.05913200 -0.03395700 0.69875300
24 5.51181500 0.00000800 -0.00000100 1.60015654 0.00066794 3.14087266
25 0.19684700 -0.00000100 0.00000300 2.79340693 -0.00063312 -3.14144294
26 3.25266400 -11.66983600 -2.70820900 1.97586200 1.15990900 1.84280300
27 6.21448500 0.00000600 0.00002000 -0.75136311 0.87451068 -1.86564383
28 11.94488500 -0.00002900 -0.00019400 -1.01506418 -0.31579700 -1.12183291
29 10.62016600 0.00000200 0.00001000 -1.71055460 -0.52669709 -0.43113465
30 4.75115600 0.69437600 -0.83047300 -0.04117600 -0.18863600 0.60355500
31 1.68806500 -0.00002600 0.00000200 0.00262100 -0.02458500 1.33370800
32 1.33615100 -0.00005100 -0.00000900 0.01348100 -0.03626600 0.01365700
33 4.82051300 0.50934000 0.22486500 0.07478500 0.04514400 1.05758200
34 1.82699600 0.00006600 0.00000800 -0.00950200 0.03929900 1.03599800
35 1.43657700 -0.00001000 0.00000700 0.01323600 -0.00739800 -0.21985200
36 3.99235300 0.89108700 1.82799400 -0.32807200 -0.04594200 0.96946400
37 1.40591800 0.00002100 -0.00000700 -0.00225300 -0.02943200 0.95183300
38 1.17536900 -0.00013100 0.00000200 0.00681700 0.12305700 0.01097200
39 4.52675600 0.69046000 1.12084200 -0.13684300 0.00749600 1.02191100
40 1.74404100 -0.00003100 -0.00000200 -0.02263700 -0.01908800 1.28169000
41 1.36876300 -0.00003100 -0.00001700 -0.05058800 0.21380200 -0.54106800
42 2.00827897 1.42615174 -0.76232700 2.06590300 0.96199600 1.25446300
43 1.52344900 -0.00003400 -0.00000300 0.10930320 0.16632046 0.77417423
44 1.59928100 -0.00000200 0.00000900 0.07625000 0.03398500 0.40775500
45 5.51180600 -0.00000200 0.00000600 -0.23579700 0.00000500 0.00000700
46 0.19685000 0.00000300 -0.00000200 -0.34822500 0.00001500 -0.00000200
47 0.00000000 0.00000000 0.00000000 0.00000000 0.00000000 -1.57079600
48 -4.33264200 23.46635400 -4.02389200 0.00000000 0.00000000 -3.14156200
49 -5.61909602 44.38730345 -5.79667908 -0.53283921 1.16482308 2.48989124
50 -0.94675001 3.09895905 -4.38383976 1.39142500 0.76772300 -2.23544400
51 9.26444177 18.73908703 -11.60672149 0.00000000 0.00000000 0.00000000
52 -0.14427800 -0.01905500 0.77712700 0.00000000 0.00000000 0.00000000
53 -0.03040300 0.00000000 0.97060100 0.00000000 0.00000000 0.00000000
54 0.25083200 0.00887700 0.66073700 0.00000000 0.00000000 0.00000000
55 1.02156300 0.00000000 0.05472700 0.00000000 0.00000000 0.00000000
56 0.58919200 0.02250000 -0.43769800 0.00000000 0.00000000 0.00000000
57 0.06109300 -0.00834800 -1.09328200 0.00000000 0.00000000 0.00000000
58 -0.43080900 0.02895100 -0.96669100 0.00000000 0.00000000 0.00000000
59 -0.41086000 0.04068300 -1.16810300 0.00000000 0.00000000 0.00000000
60 -0.05530300 0.03252600 -2.02691900 0.00000000 0.00000000 0.00000000
61 0.28229000 -0.08289900 -1.34992400 0.00000000 0.00000000 0.00000000
62 0.99636700 -0.37373900 -0.37975200 0.00000000 0.00000000 0.00000000
63 5.29182100 -7.72295500 -27.65712900 0.81371100 -0.71543000 0.13770700
64 1.37038600 -0.02054000 1.25849300 0.00000200 0.00000000 0.00000100
65 0.15487200 -0.02709800 2.44212200 -0.07802400 0.05925800 0.12926400
66 0.00000100 0.00000200 0.99728300 0.00000000 0.00000000 0.00000000
67 0.00000000 0.00000200 1.00801400 0.00000000 0.00000000 0.00000000
68 2.06719000 3.60588200 2.07666800 2.85305200 -0.22672800 0.10415500
time 17
0 -0.00000100 7.45008900 -27.50902600 0.00000000 0.00000000 0.00003100
1 -0.00000200 0.00000000 0.00000000 1.57074300 -1.56713700 -1.57074300
2 4.25546800 -0.33518300 -0.00000200 0.00000000 0.00000000 -0.12484800
3 7.43124800 1.49647700 0.00000200 0.00000000 0.00000000 0.24545000
4 5.27847900 0.16554100 0.00000100 0.00000000 0.00000000 0.04851100
5 3.06561000 -12.65744000 1.08368000 2.12269900 1.26566500 -1.14230500
6 -6.21448200 -0.00000700 -0.00002700 -3.00297330 -0.89932901 1.68219197
7 11.94488200 0.00000000 0.00000100 -1.92810398 -0.46450893 1.47671292
8 10.62018100 0.00000200 0.00000000 0.66247969 0.30172237 2.89338716
9 -4.75110600 -0.69449400 0.83057700 0.08967600 -0.13098500 0.50038700
10 -1.68806800 0.00004600 -0.00003200 0.01671600 -0.01820000 0.69721500
11 -1.33614000 0.00005700 -0.00001200 0.02585500 -0.00498100 0.74325400
12 -4.82049400 -0.50946000 -0.22475900 -0.03127800 -0.08831000 0.88545800
13 -1.82699200 -0.00006400 0.00000600 -0.01893000 0.03570700 0.78653700
14 -1.43657300 0.00000600 0.00000200 -0.01017500 -0.07709500 0.03978900
15 -3.99235500 -0.89118800 -1.82790900 -0.35801500 0.10592100 1.28642800
16 -1.40591800 -0.00002500 -0.00000300 0.01423200 -0.02576700 0.37050100
17 -1.17535800 0.00012800 -0.00002000 0.02414000 0.06349200 0.26733300
18 -4.52675100 -0.69057500 -1.12074400 -0.15126300 -0.02698800 1.18332100
19 -1.74403800 0.00003300 -0.00000800 -0.00996000 -0.02781000 0.75209900
20 -1.36877100 0.00002500 0.00000200 0.00284900 0.05240600 -0.04949900
21 -1.87480000 -0.93512500 0.99917400 2.71530800 0.29281300 1.14742800
22 -1.62789274 0.15474751 0.01182423 -0.45142800 0.39058000 0.17554000
23 -1.59928500 0.00000400 0.00001600 0.05913200 -0.03395700 0.69875300
24 5.51181500 0.00000800 -0.00000100 1.60015654 0.00066794 3.14087266
25 0.19684700 -0.00000100 0.00000300 2.79340693 -0.00063312 -3.14144294
26 3.25266400 -11.66983600 -2.70820900 1.97586200 1.15990900 1.84280300
27 6.21448500 0.00000600 0.00002000 -0.75137507 0.87621666 -1.86204695
28 11.94488500 -0.00002900 -0.00019400 -1.01483020 -0.31683147 -1.12233986
29 10.62016600 0.00000200 0.00001000 -1.70879248 -0.52174876 -0.42420860
30 4.75115600 0.69437600 -0.83047300 -0.04117600 -0.18863600 0.60355500
31 1.68806500 -0.00002600 0.00000200 0.00262100 -0.02458500 1.33370800
32 1.33615100 -0.00005100 -0.00000900 0.01348100 -0.03626600 0.01365700
33 4.82051300 0.50934000 0.22486500 0.07478500 0.04514400 1.05758200
34 1.82699600 0.00006600 0.00000800 -0.00950200 0.03929900 1.03599800
35 1.43657700 -0.00001000 0.00000700 0.01323600 -0.00739800 -0.21985200
36 3.99235300 0.89108700 1.82799400 -0.32807200 -0.04594200 0.96946400
37 1.40591800 0.00002100 -0.00000700 -0.00225300 -0.02943200 0.95183300
38 1.17536900 -0.00013100 0.00000200 0.00681700 0.12305700 0.01097200
39 4.52675600 0.69046000 1.12084200 -0.13684300 0.00749600 1.02191100
40 1.74404100 -0.00003100 -0.00000200 -0.02263700 -0.01908800 1.28169000
41 1.36876300 -0.00003100 -0.00001700 -0.05058800 0.21380200 -0.54106800
42 2.00827897 1.42615174 -0.76232700 2.06590300 0.96199600 1.25446300
43 1.52344900 -0.00003400 -0.00000300 0.10930320 0.16632046 0.77417423
44 1.59928100 -0.00000200 0.00000900 0.07625000 0.03398500 0.40775500
45 5.51180600 -0.00000200 0.00000600 -0.23579700 0.00000500 0.00000700
46 0.19685000 0.00000300 -0.00000200 -0.34822500 0.00001500 -0.00000200
47 0.00000000 0.00000000 0.00000000 0.00000000 0.00000000 -1.57079600
48 -4.33264200 23.46635400 -4.02389200 0.00000000 0.00000000 -3.14156200
49 -5.66673147 44.38633825 -5.85455817 -0.51779788 1.16215461 2.50129612
50 -0.94675001 3.09895905 -4.38383976 1.39142500 0.76772300 -2.23544400
51 9.26444177 18.73908703 -11.60672149 0.00000000 0.00000000 0.00000000
52 -0.14427800 -0.01905500 0.77712700 0.00000000 0.00000000 0.00000000
53 -0.03040300 0.00000000 0.97060100 0.00000000 0.00000000 0.00000000
54 0.25083200 0.00887700 0.66073700 0.00000000 0.00000000 0.00000000
55 1.02156300 0.00000000 0.05472700 0.00000000 0.00000000 0.00000000
56 0.58919200 0.02250000 -0.43769800 0.00000000 0.00000000 0.00000000
57 0.06109300 -0.00834800 -1.09328200 0.00000000 0.00000000 0.00000000
58 -0.43080900 0.02895100 -0.96669100 0.00000000 0.00000000 0.00000000
59 -0.41086000 0.04068300 -1.16810300 0.00000000 0.00000000 0.00000000
60 -0.05530300 0.03252600 -2.02691900 0.00000000 0.00000000 0.00000000
61 0.28229000 -0.08289900 -1.34992400 0.00000000 0.00000000 0.00000000
62 0.99636700 -0.37373900 -0.37975200 0.00000000 0.00000000 0.00000000
63 5.29182100 -7.72295500 -27.65712900 0.81371100 -0.71543000 0.13770700
64 1.37038600 -0.02054000 1.25849300 0.00000200 0.00000000 0.00000100
65 0.15487200 -0.02709800 2.44212200 -0.07802400 0.05925800 0.12926400
66 0.00000100 0.00000200 0.99728300 0.00000000 0.00000000 0.00000000
67 0.00000000 0.00000200 1.00801400 0.00000000 0.00000000 0.00000000
68 2.06719000 3.60588200 2.07666800 2.85305200 -0.22672800 0.10415500
time 18
0 -0.00000100 7.45008900 -27.50902600 0.00000000 0.00000000 0.00003100
1 -0.00000200 0.00000000 0.00000000 1.57074300 -1.56713700 -1.57074300
2 4.25546800 -0.33518300 -0.00000200 0.00000000 0.00000000 -0.12484800
3 7.43124800 1.49647700 0.00000200 0.00000000 0.00000000 0.24545000
4 5.27847900 0.16554100 0.00000100 0.00000000 0.00000000 0.04851100
5 3.06561000 -12.65744000 1.08368000 2.12269900 1.26566500 -1.14230500
6 -6.21448200 -0.00000700 -0.00002700 -3.00435342 -0.90209402 1.68004095
7 11.94488200 0.00000000 0.00000100 -1.92740281 -0.46334054 1.47518734
8 10.62018100 0.00000200 0.00000000 0.66076092 0.29558965 2.88369658
9 -4.75110600 -0.69449400 0.83057700 0.08967600 -0.13098500 0.50038700
10 -1.68806800 0.00004600 -0.00003200 0.01671600 -0.01820000 0.69721500
11 -1.33614000 0.00005700 -0.00001200 0.02585500 -0.00498100 0.74325400
12 -4.82049400 -0.50946000 -0.22475900 -0.03127800 -0.08831000 0.88545800
13 -1.82699200 -0.00006400 0.00000600 -0.01893000 0.03570700 0.78653700
14 -1.43657300 0.00000600 0.00000200 -0.01017500 -0.07709500 0.03978900
15 -3.99235500 -0.89118800 -1.82790900 -0.35801500 0.10592100 1.28642800
16 -1.40591800 -0.00002500 -0.00000300 0.01423200 -0.02576700 0.37050100
17 -1.17535800 0.00012800 -0.00002000 0.02414000 0.06349200 0.26733300
18 -4.52675100 -0.69057500 -1.12074400 -0.15126300 -0.02698800 1.18332100
19 -1.74403800 0.00003300 -0.00000800 -0.00996000 -0.02781000 0.75209900
20 -1.36877100 0.00002500 0.00000200 0.00284900 0.05240600 -0.04949900
21 -1.87480000 -0.93512500 0.99917400 2.71530800 0.29281300 1.14742800
22 -1.62789274 0.15474751 0.01182423 -0.45142800 0.39058000 0.17554000
23 -1.59928500 0.00000400 0.00001600 0.05913200 -0.03395700 0.69875300
24 5.51181500 0.00000800 -0.00000100 1.60015654 0.00066794 3.14087266
25 0.19684700 -0.00000100 0.00000300 2.79340693 -0.00063312 -3.14144294
26 3.25266400 -11.66983600 -2.70820900 1.97586200 1.15990900 1.84280300
27 6.21448500 0.00000600 0.00002000 -0.75175058 0.87736528 -1.85905169
28 11.94488500 -0.00002900 -0.00019400 -1.01438456 -0.31825237 -1.12350796
29 10.62016600 0.00000200 0.00001000 -1.70685893 -0.51804533 -0.41377090
30 4.75115600 0.69437600 -0.83047300 -0.04117600 -0.18863600 0.60355500
31 1.68806500 -0.00002600 0.00000200 0.00262100 -0.02458500 1.33370800
32 1.33615100 -0.00005100 -0.00000900 0.01348100 -0.03626600 0.01365700
33 4.82051300 0.50934000 0.22486500 0.07478500 0.04514400 1.05758200
34 1.82699600 0.00006600 0.00000800 -0.00950200 0.03929900 1.03599800
35 1.43657700 -0.00001000 0.00000700 0.01323600 -0.00739800 -0.21985200
36 3.99235300 0.89108700 1.82799400 -0.32807200 -0.04594200 0.96946400
37 1.40591800 0.00002100 -0.00000700 -0.00225300 -0.02943200 0.95183300
38 1.17536900 -0.00013100 0.00000200 0.00681700 0.12305700 0.01097200
39 4.52675600 0.69046000 1.12084200 -0.13684300 0.00749600 1.02191100
40 1.74404100 -0.00003100 -0.00000200 -0.02263700 -0.01908800 1.28169000
41 1.36876300 -0.00003100 -0.00001700 -0.05058800 0.21380200 -0.54106800
42 2.00827897 1.42615174 -0.76232700 2.06590300 0.96199600 1.25446300
43 1.52344900 -0.00003400 -0.00000300 0.10930320 0.16632046 0.77417423
44 1.59928100 -0.00000200 0.00000900 0.07625000 0.03398500 0.40775500
45 5.51180600 -0.00000200 0.00000600 -0.23579700 0.00000500 0.00000700
46 0.19685000 0.00000300 -0.00000200 -0.34822500 0.00001500 -0.00000200
47 0.00000000 0.00000000 0.00000000 0.00000000 0.00000000 -1.57079600
48 -4.33264200 23.46635400 -4.02389200 0.00000000 0.00000000 -3.14156200
49 -5.70693152 44.38538657 -5.90078559 -0.49791148 1.15994086 2.51553153
50 -0.94675001 3.09895905 -4.38383976 1.39142500 0.76772300 -2.23544400
51 9.26444177 18.73908703 -11.60672149 0.00000000 0.00000000 0.00000000
52 -0.14427800 -0.01905500 0.77712700 0.00000000 0.00000000 0.00000000
53 -0.03040300 0.00000000 0.97060100 0.00000000 0.00000000 0.00000000
54 0.25083200 0.00887700 0.66073700 0.00000000 0.00000000 0.00000000
55 1.02156300 0.00000000 0.05472700 0.00000000 0.00000000 0.00000000
56 0.58919200 0.02250000 -0.43769800 0.00000000 0.00000000 0.00000000
57 0.06109300 -0.00834800 -1.09328200 0.00000000 0.00000000 0.00000000
58 -0.43080900 0.02895100 -0.96669100 0.00000000 0.00000000 0.00000000
59 -0.41086000 0.04068300 -1.16810300 0.00000000 0.00000000 0.00000000
60 -0.05530300 0.03252600 -2.02691900 0.00000000 0.00000000 0.00000000
61 0.28229000 -0.08289900 -1.34992400 0.00000000 0.00000000 0.00000000
62 0.99636700 -0.37373900 -0.37975200 0.00000000 0.00000000 0.00000000
63 5.29182100 -7.72295500 -27.65712900 0.81371100 -0.71543000 0.13770700
64 1.37038600 -0.02054000 1.25849300 0.00000200 0.00000000 0.00000100
65 0.15487200 -0.02709800 2.44212200 -0.07802400 0.05925800 0.12926400
66 0.00000100 0.00000200 0.99728300 0.00000000 0.00000000 0.00000000
67 0.00000000 0.00000200 1.00801400 0.00000000 0.00000000 0.00000000
68 2.06719000 3.60588200 2.07666800 2.85305200 -0.22672800 0.10415500
time 19
0 -0.00000100 7.45008900 -27.50902600 0.00000000 0.00000000 0.00003100
1 -0.00000200 0.00000000 0.00000000 1.57074300 -1.56713700 -1.57074300
2 4.25546800 -0.33518300 -0.00000200 0.00000000 0.00000000 -0.12484800
3 7.43124800 1.49647700 0.00000200 0.00000000 0.00000000 0.24545000
4 5.27847900 0.16554100 0.00000100 0.00000000 0.00000000 0.04851100
5 3.06561000 -12.65744000 1.08368000 2.12269900 1.26566500 -1.14230500
6 -6.21448200 -0.00000700 -0.00002700 -3.00621698 -0.90418003 1.67964458
7 11.94488200 0.00000000 0.00000100 -1.92819360 -0.46147894 1.47703269
8 10.62018100 0.00000200 0.00000000 0.65901715 0.28348866 2.87455752
9 -4.75110600 -0.69449400 0.83057700 0.08967600 -0.13098500 0.50038700
10 -1.68806800 0.00004600 -0.00003200 0.01671600 -0.01820000 0.69721500
11 -1.33614000 0.00005700 -0.00001200 0.02585500 -0.00498100 0.74325400
12 -4.82049400 -0.50946000 -0.22475900 -0.03127800 -0.08831000 0.88545800
13 -1.82699200 -0.00006400 0.00000600 -0.01893000 0.03570700 0.78653700
14 -1.43657300 0.00000600 0.00000200 -0.01017500 -0.07709500 0.03978900
15 -3.99235500 -0.89118800 -1.82790900 -0.35801500 0.10592100 1.28642800
16 -1.40591800 -0.00002500 -0.00000300 0.01423200 -0.02576700 0.37050100
17 -1.17535800 0.00012800 -0.00002000 0.02414000 0.06349200 0.26733300
18 -4.52675100 -0.69057500 -1.12074400 -0.15126300 -0.02698800 1.18332100
19 -1.74403800 0.00003300 -0.00000800 -0.00996000 -0.02781000 0.75209900
20 -1.36877100 0.00002500 0.00000200 0.00284900 0.05240600 -0.04949900
21 -1.87480000 -0.93512500 0.99917400 2.71530800 0.29281300 1.14742800
22 -1.62789274 0.15474751 0.01182423 -0.45142800 0.39058000 0.17554000
23 -1.59928500 0.00000400 0.00001600 0.05913200 -0.03395700 0.69875300
24 5.51181500 0.00000800 -0.00000100 1.60015654 0.00066794 3.14087266
25 0.19684700 -0.00000100 0.00000300 2.79340693 -0.00063312 -3.14144294
26 3.25266400 -11.66983600 -2.70820900 1.97586200 1.15990900 1.84280300
27 6.21448500 0.00000600 0.00002000 -0.75236331 0.87727225 -1.85728549
28 11.94488500 -0.00002900 -0.00019400 -1.01393817 -0.31986377 -1.12488309
29 10.62016600 0.00000200 0.00001000 -1.70538400 -0.51616211 -0.39901428
30 4.75115600 0.69437600 -0.83047300 -0.04117600 -0.18863600 0.60355500
31 1.68806500 -0.00002600 0.00000200 0.00262100 -0.02458500 1.33370800
32 1.33615100 -0.00005100 -0.00000900 0.01348100 -0.03626600 0.01365700
33 4.82051300 0.50934000 0.22486500 0.07478500 0.04514400 1.05758200
34 1.82699600 0.00006600 0.00000800 -0.00950200 0.03929900 1.03599800
35 1.43657700 -0.00001000 0.00000700 0.01323600 -0.00739800 -0.21985200
36 3.99235300 0.89108700 1.82799400 -0.32807200 -0.04594200 0.96946400
37 1.40591800 0.00002100 -0.00000700 -0.00225300 -0.02943200 0.95183300
38 1.17536900 -0.00013100 0.00000200 0.00681700 0.12305700 0.01097200
39 4.52675600 0.69046000 1.12084200 -0.13684300 0.00749600 1.02191100
40 1.74404100 -0.00003100 -0.00000200 -0.02263700 -0.01908800 1.28169000
41 1.36876300 -0.00003100 -0.00001700 -0.05058800 0.21380200 -0.54106800
42 2.00827897 1.42615174 -0.76232700 2.06590300 0.96199600 1.25446300
43 1.52344900 -0.00003400 -0.00000300 0.10930320 0.16632046 0.77417423
44 1.59928100 -0.00000200 0.00000900 0.07625000 0.03398500 0.40775500
45 5.51180600 -0.00000200 0.00000600 -0.23579700 0.00000500 0.00000700
46 0.19685000 0.00000300 -0.00000200 -0.34822500 0.00001500 -0.00000200
47 0.00000000 0.00000000 0.00000000 0.00000000 0.00000000 -1.57079600
48 -4.33264200 23.46635400 -4.02389200 0.00000000 0.00000000 -3.14156200
49 -5.72469716 44.38360710 -5.92901662 -0.47238026 1.15866458 2.53243655
50 -0.94675001 3.09895905 -4.38383976 1.39142500 0.76772300 -2.23544400
51 9.26444177 18.73908703 -11.60672149 0.00000000 0.00000000 0.00000000
52 -0.14427800 -0.01905500 0.77712700 0.00000000 0.00000000 0.00000000
53 -0.03040300 0.00000000 0.97060100 0.00000000 0.00000000 0.00000000
54 0.25083200 0.00887700 0.66073700 0.00000000 0.00000000 0.00000000
55 1.02156300 0.00000000 0.05472700 0.00000000 0.00000000 0.00000000
56 0.58919200 0.02250000 -0.43769800 0.00000000 0.00000000 0.00000000
57 0.06109300 -0.00834800 -1.09328200 0.00000000 0.00000000 0.00000000
58 -0.43080900 0.02895100 -0.96669100 0.00000000 0.00000000 0.00000000
59 -0.41086000 0.04068300 -1.16810300 0.00000000 0.00000000 0.00000000
60 -0.05530300 0.03252600 -2.02691900 0.00000000 0.00000000 0.00000000
61 0.28229000 -0.08289900 -1.34992400 0.00000000 0.00000000 0.00000000
62 0.99636700 -0.37373900 -0.37975200 0.00000000 0.00000000 0.00000000
63 5.29182100 -7.72295500 -27.65712900 0.81371100 -0.71543000 0.13770700
64 1.37038600 -0.02054000 1.25849300 0.00000200 0.00000000 0.00000100
65 0.15487200 -0.02709800 2.44212200 -0.07802400 0.05925800 0.12926400
66 0.00000100 0.00000200 0.99728300 0.00000000 0.00000000 0.00000000
67 0.00000000 0.00000200 1.00801400 0.00000000 0.00000000 0.00000000
68 2.06719000 3.60588200 2.07666800 2.85305200 -0.22672800 0.10415500
time 20
0 -0.00000100 7.45008900 -27.50902600 0.00000000 0.00000000 0.00003100
1 -0.00000200 0.00000000 0.00000000 1.57074300 -1.56713700 -1.57074300
2 4.25546800 -0.33518300 -0.00000200 0.00000000 0.00000000 -0.12484800
3 7.43124800 1.49647700 0.00000200 0.00000000 0.00000000 0.24545000
4 5.27847900 0.16554100 0.00000100 0.00000000 0.00000000 0.04851100
5 3.06561000 -12.65744000 1.08368000 2.12269900 1.26566500 -1.14230500
6 -6.21448200 -0.00000700 -0.00002700 -3.00778704 -0.90594854 1.67908135
7 11.94488200 0.00000000 0.00000100 -1.92917285 -0.45969265 1.47944714
8 10.62018100 0.00000200 0.00000000 0.65717140 0.26995308 2.86604198
9 -4.75110600 -0.69449400 0.83057700 0.08967600 -0.13098500 0.50038700
10 -1.68806800 0.00004600 -0.00003200 0.01671600 -0.01820000 0.69721500
11 -1.33614000 0.00005700 -0.00001200 0.02585500 -0.00498100 0.74325400
12 -4.82049400 -0.50946000 -0.22475900 -0.03127800 -0.08831000 0.88545800
13 -1.82699200 -0.00006400 0.00000600 -0.01893000 0.03570700 0.78653700
14 -1.43657300 0.00000600 0.00000200 -0.01017500 -0.07709500 0.03978900
15 -3.99235500 -0.89118800 -1.82790900 -0.35801500 0.10592100 1.28642800
16 -1.40591800 -0.00002500 -0.00000300 0.01423200 -0.02576700 0.37050100
17 -1.17535800 0.00012800 -0.00002000 0.02414000 0.06349200 0.26733300
18 -4.52675100 -0.69057500 -1.12074400 -0.15126300 -0.02698800 1.18332100
19 -1.74403800 0.00003300 -0.00000800 -0.00996000 -0.02781000 0.75209900
20 -1.36877100 0.00002500 0.00000200 0.00284900 0.05240600 -0.04949900
21 -1.87480000 -0.93512500 0.99917400 2.71530800 0.29281300 1.14742800
22 -1.62789274 0.15474751 0.01182474 -0.45142800 0.39058000 0.17554000
23 -1.59928500 0.00000400 0.00001600 0.05913200 -0.03395700 0.69875300
24 5.51181500 0.00000800 -0.00000100 1.60015654 0.00066794 3.14087266
25 0.19684700 -0.00000100 0.00000300 2.79340693 -0.00063312 -3.14144294
26 3.25266400 -11.66983600 -2.70820900 1.97586200 1.15990900 1.84280300
27 6.21448500 0.00000600 0.00002000 -0.75327824 0.87698205 -1.85581674
28 11.94488500 -0.00002900 -0.00019400 -1.01327032 -0.32165875 -1.12677428
29 10.62016600 0.00000200 0.00001000 -1.70358606 -0.51528255 -0.38315169
30 4.75115600 0.69437600 -0.83047300 -0.04117600 -0.18863600 0.60355500
31 1.68806500 -0.00002600 0.00000200 0.00262100 -0.02458500 1.33370800
32 1.33615100 -0.00005100 -0.00000900 0.01348100 -0.03626600 0.01365700
33 4.82051300 0.50934000 0.22486500 0.07478500 0.04514400 1.05758200
34 1.82699600 0.00006600 0.00000800 -0.00950200 0.03929900 1.03599800
35 1.43657700 -0.00001000 0.00000700 0.01323600 -0.00739800 -0.21985200
36 3.99235300 0.89108700 1.82799400 -0.32807200 -0.04594200 0.96946400
37 1.40591800 0.00002100 -0.00000700 -0.00225300 -0.02943200 0.95183300
38 1.17536900 -0.00013100 0.00000200 0.00681700 0.12305700 0.01097200
39 4.52675600 0.69046000 1.12084200 -0.13684300 0.00749600 1.02191100
40 1.74404100 -0.00003100 -0.00000200 -0.02263700 -0.01908800 1.28169000
41 1.36876300 -0.00003100 -0.00001700 -0.05058800 0.21380200 -0.54106800
42 2.00827897 1.42615200 -0.76232700 2.06590300 0.96199600 1.25446300
43 1.52344900 -0.00003400 -0.00000300 0.10930320 0.16632046 0.77417423
44 1.59928100 -0.00000200 0.00000900 0.07625000 0.03398500 0.40775500
45 5.51180600 -0.00000200 0.00000600 -0.23579700 0.00000500 0.00000700
46 0.19685000 0.00000300 -0.00000200 -0.34822500 0.00001500 -0.00000200
47 0.00000000 0.00000000 0.00000000 0.00000000 0.00000000 -1.57079600
48 -4.33264200 23.46635400 -4.02389200 0.00000000 0.00000000 -3.14156200
49 -5.74167620 44.38168889 -5.95018881 -0.44513598 1.15756969 2.55075725
50 -0.94674975 3.09895956 -4.38383976 1.39142500 0.76772300 -2.23544400
51 9.26444126 18.73908754 -11.60672149 0.00000000 0.00000000 0.00000000
52 -0.14427800 -0.01905500 0.77712700 0.00000000 0.00000000 0.00000000
53 -0.03040300 0.00000000 0.97060100 0.00000000 0.00000000 0.00000000
54 0.25083200 0.00887700 0.66073700 0.00000000 0.00000000 0.00000000
55 1.02156300 0.00000000 0.05472700 0.00000000 0.00000000 0.00000000
56 0.58919200 0.02250000 -0.43769800 0.00000000 0.00000000 0.00000000
57 0.06109300 -0.00834800 -1.09328200 0.00000000 0.00000000 0.00000000
58 -0.43080900 0.02895100 -0.96669100 0.00000000 0.00000000 0.00000000
59 -0.41086000 0.04068300 -1.16810300 0.00000000 0.00000000 0.00000000
60 -0.05530300 0.03252600 -2.02691900 0.00000000 0.00000000 0.00000000
61 0.28229000 -0.08289900 -1.34992400 0.00000000 0.00000000 0.00000000
62 0.99636700 -0.37373900 -0.37975200 0.00000000 0.00000000 0.00000000
63 5.29182100 -7.72295500 -27.65712900 0.81371100 -0.71543000 0.13770700
64 1.37038600 -0.02054000 1.25849300 0.00000200 0.00000000 0.00000100
65 0.15487200 -0.02709800 2.44212200 -0.07802400 0.05925800 0.12926400
66 0.00000100 0.00000200 0.99728300 0.00000000 0.00000000 0.00000000
67 0.00000000 0.00000200 1.00801400 0.00000000 0.00000000 0.00000000
68 2.06719000 3.60588200 2.07666800 2.85305200 -0.22672800 0.10415500
time 21
0 -0.00000100 7.45008900 -27.50902600 0.00000000 0.00000000 0.00003100
1 -0.00000200 0.00000000 0.00000000 1.57074300 -1.56713700 -1.57074300
2 4.25546800 -0.33518300 -0.00000200 0.00000000 0.00000000 -0.12484800
3 7.43124800 1.49647700 0.00000200 0.00000000 0.00000000 0.24545000
4 5.27847900 0.16554100 0.00000100 0.00000000 0.00000000 0.04851100
5 3.06561000 -12.65744000 1.08368000 2.12269900 1.26566500 -1.14230500
6 -6.21448200 -0.00000700 -0.00002700 -3.01013744 -0.90619318 1.68260826
7 11.94488200 0.00000000 0.00000100 -1.93176620 -0.45838589 1.48556579
8 10.62018100 0.00000200 0.00000000 0.65854061 0.25765598 2.86492585
9 -4.75110600 -0.69449400 0.83057700 0.08967600 -0.13098500 0.50038700
10 -1.68806800 0.00004600 -0.00003200 0.01671600 -0.01820000 0.69721500
11 -1.33614000 0.00005700 -0.00001200 0.02585500 -0.00498100 0.74325400
12 -4.82049400 -0.50946000 -0.22475900 -0.03127800 -0.08831000 0.88545800
13 -1.82699200 -0.00006400 0.00000600 -0.01893000 0.03570700 0.78653700
14 -1.43657300 0.00000600 0.00000200 -0.01017500 -0.07709500 0.03978900
15 -3.99235500 -0.89118800 -1.82790900 -0.35801500 0.10592100 1.28642800
16 -1.40591800 -0.00002500 -0.00000300 0.01423200 -0.02576700 0.37050100
17 -1.17535800 0.00012800 -0.00002000 0.02414000 0.06349200 0.26733300
18 -4.52675100 -0.69057500 -1.12074400 -0.15126300 -0.02698800 1.18332100
19 -1.74403800 0.00003300 -0.00000800 -0.00996000 -0.02781000 0.75209900
20 -1.36877100 0.00002500 0.00000200 0.00284900 0.05240600 -0.04949900
21 -1.87480000 -0.93512500 0.99917400 2.71530800 0.29281300 1.14742800
22 -1.62789274 0.15474751 0.01182474 -0.45142800 0.39058000 0.17554000
23 -1.59928500 0.00000400 0.00001600 0.05913200 -0.03395700 0.69875300
24 5.51181500 0.00000800 -0.00000100 1.60015654 0.00066794 3.14087266
25 0.19684700 -0.00000100 0.00000300 2.79340693 -0.00063312 -3.14144294
26 3.25266400 -11.66983600 -2.70820900 1.97586200 1.15990900 1.84280300
27 6.21448500 0.00000600 0.00002000 -0.75304960 0.87563116 -1.85722605
28 11.94488500 -0.00002900 -0.00019400 -1.01344809 -0.32231265 -1.12614804
29 10.62016600 0.00000200 0.00001000 -1.70682803 -0.51683961 -0.37292083
30 4.75115600 0.69437600 -0.83047300 -0.04117600 -0.18863600 0.60355500
31 1.68806500 -0.00002600 0.00000200 0.00262100 -0.02458500 1.33370800
32 1.33615100 -0.00005100 -0.00000900 0.01348100 -0.03626600 0.01365700
33 4.82051300 0.50934000 0.22486500 0.07478500 0.04514400 1.05758200
34 1.82699600 0.00006600 0.00000800 -0.00950200 0.03929900 1.03599800
35 1.43657700 -0.00001000 0.00000700 0.01323600 -0.00739800 -0.21985200
36 3.99235300 0.89108700 1.82799400 -0.32807200 -0.04594200 0.96946400
37 1.40591800 0.00002100 -0.00000700 -0.00225300 -0.02943200 0.95183300
38 1.17536900 -0.00013100 0.00000200 0.00681700 0.12305700 0.01097200
39 4.52675600 0.69046000 1.12084200 -0.13684300 0.00749600 1.02191100
40 1.74404100 -0.00003100 -0.00000200 -0.02263700 -0.01908800 1.28169000
41 1.36876300 -0.00003100 -0.00001700 -0.05058800 0.21380200 -0.54106800
42 2.00827897 1.42615200 -0.76232700 2.06590300 0.96199600 1.25446300
43 1.52344900 -0.00003400 -0.00000300 0.10930320 0.16632046 0.77417423
44 1.59928100 -0.00000200 0.00000900 0.07625000 0.03398500 0.40775500
45 5.51180600 -0.00000200 0.00000600 -0.23579700 0.00000500 0.00000700
46 0.19685000 0.00000300 -0.00000200 -0.34822500 0.00001500 -0.00000200
47 0.00000000 0.00000000 0.00000000 0.00000000 0.00000000 -1.57079600
48 -4.33264200 23.46635400 -4.02389200 0.00000000 0.00000000 -3.14156200
49 -5.70778365 44.37799187 -5.94823095 -0.43132645 1.15998594 2.55687852
50 -0.94674975 3.09895956 -4.38383976 1.39142500 0.76772300 -2.23544400
51 9.26444126 18.73908754 -11.60672149 0.00000000 0.00000000 0.00000000
52 -0.14427800 -0.01905500 0.77712700 0.00000000 0.00000000 0.00000000
53 -0.03040300 0.00000000 0.97060100 0.00000000 0.00000000 0.00000000
54 0.25083200 0.00887700 0.66073700 0.00000000 0.00000000 0.00000000
55 1.02156300 0.00000000 0.05472700 0.00000000 0.00000000 0.00000000
56 0.58919200 0.02250000 -0.43769800 0.00000000 0.00000000 0.00000000
57 0.06109300 -0.00834800 -1.09328200 0.00000000 0.00000000 0.00000000
58 -0.43080900 0.02895100 -0.96669100 0.00000000 0.00000000 0.00000000
59 -0.41086000 0.04068300 -1.16810300 0.00000000 0.00000000 0.00000000
60 -0.05530300 0.03252600 -2.02691900 0.00000000 0.00000000 0.00000000
61 0.28229000 -0.08289900 -1.34992400 0.00000000 0.00000000 0.00000000
62 0.99636700 -0.37373900 -0.37975200 0.00000000 0.00000000 0.00000000
63 5.29182100 -7.72295500 -27.65712900 0.81371100 -0.71543000 0.13770700
64 1.37038600 -0.02054000 1.25849300 0.00000200 0.00000000 0.00000100
65 0.15487200 -0.02709800 2.44212200 -0.07802400 0.05925800 0.12926400
66 0.00000100 0.00000200 0.99728300 0.00000000 0.00000000 0.00000000
67 0.00000000 0.00000200 1.00801400 0.00000000 0.00000000 0.00000000
68 2.06719000 3.60588200 2.07666800 2.85305200 -0.22672800 0.10415500
time 22
0 -0.00000100 7.45008900 -27.50902600 0.00000000 0.00000000 0.00003100
1 -0.00000200 0.00000000 0.00000000 1.57074300 -1.56713700 -1.57074300
2 4.25546800 -0.33518300 -0.00000200 0.00000000 0.00000000 -0.12484800
3 7.43124800 1.49647700 0.00000200 0.00000000 0.00000000 0.24545000
4 5.27847900 0.16554100 0.00000100 0.00000000 0.00000000 0.04851100
5 3.06561000 -12.65744000 1.08368000 2.12269900 1.26566500 -1.14230500
6 -6.21448200 -0.00000700 -0.00002700 -3.01220131 -0.90610602 1.68590606
7 11.94488200 0.00000000 0.00000100 -1.93452465 -0.45721779 1.49193064
8 10.62018100 0.00000200 0.00000000 0.65950159 0.24488119 2.86430316
9 -4.75110600 -0.69449400 0.83057700 0.08967600 -0.13098500 0.50038700
10 -1.68806800 0.00004600 -0.00003200 0.01671600 -0.01820000 0.69721500
11 -1.33614000 0.00005700 -0.00001200 0.02585500 -0.00498100 0.74325400
12 -4.82049400 -0.50946000 -0.22475900 -0.03127800 -0.08831000 0.88545800
13 -1.82699200 -0.00006400 0.00000600 -0.01893000 0.03570700 0.78653700
14 -1.43657300 0.00000600 0.00000200 -0.01017500 -0.07709500 0.03978900
15 -3.99235500 -0.89118800 -1.82790900 -0.35801500 0.10592100 1.28642800
16 -1.40591800 -0.00002500 -0.00000300 0.01423200 -0.02576700 0.37050100
17 -1.17535800 0.00012800 -0.00002000 0.02414000 0.06349200 0.26733300
18 -4.52675100 -0.69057500 -1.12074400 -0.15126300 -0.02698800 1.18332100
19 -1.74403800 0.00003300 -0.00000800 -0.00996000 -0.02781000 0.75209900
20 -1.36877100 0.00002500 0.00000200 0.00284900 0.05240600 -0.04949900
21 -1.87480000 -0.93512500 0.99917400 2.71530800 0.29281300 1.14742800
22 -1.62789274 0.15474751 0.01182474 -0.45142800 0.39058000 0.17554000
23 -1.59928500 0.00000400 0.00001600 0.05913200 -0.03395700 0.69875300
24 5.51181500 0.00000800 -0.00000100 1.60015654 0.00066794 3.14087266
25 0.19684700 -0.00000100 0.00000300 2.79340693 -0.00063312 -3.14144294
26 3.25266400 -11.66983600 -2.70820900 1.97586200 1.15990900 1.84280300
27 6.21448500 0.00000600 0.00002000 -0.75304446 0.87415393 -1.85888016
28 11.94488500 -0.00002900 -0.00019400 -1.01348907 -0.32304732 -1.12594890
29 10.62016600 0.00000200 0.00001000 -1.70954125 -0.51909043 -0.36236224
30 4.75115600 0.69437600 -0.83047300 -0.04117600 -0.18863600 0.60355500
31 1.68806500 -0.00002600 0.00000200 0.00262100 -0.02458500 1.33370800
32 1.33615100 -0.00005100 -0.00000900 0.01348100 -0.03626600 0.01365700
33 4.82051300 0.50934000 0.22486500 0.07478500 0.04514400 1.05758200
34 1.82699600 0.00006600 0.00000800 -0.00950200 0.03929900 1.03599800
35 1.43657700 -0.00001000 0.00000700 0.01323600 -0.00739800 -0.21985200
36 3.99235300 0.89108700 1.82799400 -0.32807200 -0.04594200 0.96946400
37 1.40591800 0.00002100 -0.00000700 -0.00225300 -0.02943200 0.95183300
38 1.17536900 -0.00013100 0.00000200 0.00681700 0.12305700 0.01097200
39 4.52675600 0.69046000 1.12084200 -0.13684300 0.00749600 1.02191100
40 1.74404100 -0.00003100 -0.00000200 -0.02263700 -0.01908800 1.28169000
41 1.36876300 -0.00003100 -0.00001700 -0.05058800 0.21380200 -0.54106800
42 2.00827897 1.42615200 -0.76232700 2.06590300 0.96199600 1.25446300
43 1.52344900 -0.00003400 -0.00000300 0.10930320 0.16632046 0.77417423
44 1.59928100 -0.00000200 0.00000900 0.07625000 0.03398500 0.40775500
45 5.51180600 -0.00000200 0.00000600 -0.23579700 0.00000500 0.00000700
46 0.19685000 0.00000300 -0.00000200 -0.34822500 0.00001500 -0.00000200
47 0.00000000 0.00000000 0.00000000 0.00000000 0.00000000 -1.57079600
48 -4.33264200 23.46635400 -4.02389200 0.00000000 0.00000000 -3.14156200
49 -5.67222915 44.37393652 -5.93888912 -0.41700155 1.16238065 2.56370084
50 -0.94674975 3.09895956 -4.38383976 1.39142500 0.76772300 -2.23544400
51 9.26444126 18.73908754 -11.60672149 0.00000000 0.00000000 0.00000000
52 -0.14427800 -0.01905500 0.77712700 0.00000000 0.00000000 0.00000000
53 -0.03040300 0.00000000 0.97060100 0.00000000 0.00000000 0.00000000
54 0.25083200 0.00887700 0.66073700 0.00000000 0.00000000 0.00000000
55 1.02156300 0.00000000 0.05472700 0.00000000 0.00000000 0.00000000
56 0.58919200 0.02250000 -0.43769800 0.00000000 0.00000000 0.00000000
57 0.06109300 -0.00834800 -1.09328200 0.00000000 0.00000000 0.00000000
58 -0.43080900 0.02895100 -0.96669100 0.00000000 0.00000000 0.00000000
59 -0.41086000 0.04068300 -1.16810300 0.00000000 0.00000000 0.00000000
60 -0.05530300 0.03252600 -2.02691900 0.00000000 0.00000000 0.00000000
61 0.28229000 -0.08289900 -1.34992400 0.00000000 0.00000000 0.00000000
62 0.99636700 -0.37373900 -0.37975200 0.00000000 0.00000000 0.00000000
63 5.29182100 -7.72295500 -27.65712900 0.81371100 -0.71543000 0.13770700
64 1.37038600 -0.02054000 1.25849300 0.00000200 0.00000000 0.00000100
65 0.15487200 -0.02709800 2.44212200 -0.07802400 0.05925800 0.12926400
66 0.00000100 0.00000200 0.99728300 0.00000000 0.00000000 0.00000000
67 0.00000000 0.00000200 1.00801400 0.00000000 0.00000000 0.00000000
68 2.06719000 3.60588200 2.07666800 2.85305200 -0.22672800 0.10415500
time 23
0 -0.00000100 7.45008900 -27.50902600 0.00000000 0.00000000 0.00003100
1 -0.00000200 0.00000000 0.00000000 1.57074300 -1.56713700 -1.57074300
2 4.25546800 -0.33518300 -0.00000200 0.00000000 0.00000000 -0.12484800
3 7.43124800 1.49647700 0.00000200 0.00000000 0.00000000 0.24545000
4 5.27847900 0.16554100 0.00000100 0.00000000 0.00000000 0.04851100
5 3.06561000 -12.65744000 1.08368000 2.12269900 1.26566500 -1.14230500
6 -6.21448200 -0.00000700 -0.00002700 -3.01441324 -0.90495614 1.69102839
7 11.94488200 0.00000000 0.00000100 -1.93785335 -0.45684493 1.49971222
8 10.62018100 0.00000200 0.00000000 0.65971540 0.23437045 2.86653935
9 -4.75110600 -0.69449400 0.83057700 0.08967600 -0.13098500 0.50038700
10 -1.68806800 0.00004600 -0.00003200 0.01671600 -0.01820000 0.69721500
11 -1.33614000 0.00005700 -0.00001200 0.02585500 -0.00498100 0.74325400
12 -4.82049400 -0.50946000 -0.22475900 -0.03127800 -0.08831000 0.88545800
13 -1.82699200 -0.00006400 0.00000600 -0.01893000 0.03570700 0.78653700
14 -1.43657300 0.00000600 0.00000200 -0.01017500 -0.07709500 0.03978900
15 -3.99235500 -0.89118800 -1.82790900 -0.35801500 0.10592100 1.28642800
16 -1.40591800 -0.00002500 -0.00000300 0.01423200 -0.02576700 0.37050100
17 -1.17535800 0.00012800 -0.00002000 0.02414000 0.06349200 0.26733300
18 -4.52675100 -0.69057500 -1.12074400 -0.15126300 -0.02698800 1.18332100
19 -1.74403800 0.00003300 -0.00000800 -0.00996000 -0.02781000 0.75209900
20 -1.36877100 0.00002500 0.00000200 0.00284900 0.05240600 -0.04949900
21 -1.87480000 -0.93512500 0.99917400 2.71530800 0.29281300 1.14742800
22 -1.62789274 0.15474751 0.01182474 -0.45142800 0.39058000 0.17554000
23 -1.59928500 0.00000400 0.00001600 0.05913200 -0.03395700 0.69875300
24 5.51181500 0.00000800 -0.00000100 1.60015654 0.00066794 3.14087266
25 0.19684700 -0.00000100 0.00000300 2.79340693 -0.00063312 -3.14144294
26 3.25266400 -11.66983600 -2.70820900 1.97586200 1.15990900 1.84280300
27 6.21448500 0.00000600 0.00002000 -0.75287672 0.87194300 -1.86232769
28 11.94488500 -0.00002900 -0.00019400 -1.01341101 -0.32348623 -1.12597388
29 10.62016600 0.00000200 0.00001000 -1.71131180 -0.52304811 -0.35583296
30 4.75115600 0.69437600 -0.83047300 -0.04117600 -0.18863600 0.60355500
31 1.68806500 -0.00002600 0.00000200 0.00262100 -0.02458500 1.33370800
32 1.33615100 -0.00005100 -0.00000900 0.01348100 -0.03626600 0.01365700
33 4.82051300 0.50934000 0.22486500 0.07478500 0.04514400 1.05758200
34 1.82699600 0.00006600 0.00000800 -0.00950200 0.03929900 1.03599800
35 1.43657700 -0.00001000 0.00000700 0.01323600 -0.00739800 -0.21985200
36 3.99235300 0.89108700 1.82799400 -0.32807200 -0.04594200 0.96946400
37 1.40591800 0.00002100 -0.00000700 -0.00225300 -0.02943200 0.95183300
38 1.17536900 -0.00013100 0.00000200 0.00681700 0.12305700 0.01097200
39 4.52675600 0.69046000 1.12084200 -0.13684300 0.00749600 1.02191100
40 1.74404100 -0.00003100 -0.00000200 -0.02263700 -0.01908800 1.28169000
41 1.36876300 -0.00003100 -0.00001700 -0.05058800 0.21380200 -0.54106800
42 2.00827897 1.42615200 -0.76232700 2.06590300 0.96199600 1.25446300
43 1.52344900 -0.00003400 -0.00000300 0.10930320 0.16632046 0.77417423
44 1.59928100 -0.00000200 0.00000900 0.07625000 0.03398500 0.40775500
45 5.51180600 -0.00000200 0.00000600 -0.23579700 0.00000500 0.00000700
46 0.19685000 0.00000300 -0.00000200 -0.34822500 0.00001500 -0.00000200
47 0.00000000 0.00000000 0.00000000 0.00000000 0.00000000 -1.57079600
48 -4.33264200 23.46635400 -4.02389200 0.00000000 0.00000000 -3.14156200
49 -5.60925636 44.36806524 -5.90181463 -0.40858679 1.16442691 2.56661236
50 -0.94674975 3.09895956 -4.38383976 1.39142500 0.76772300 -2.23544400
51 9.26444126 18.73908754 -11.60672149 0.00000000 0.00000000 0.00000000
52 -0.14427800 -0.01905500 0.77712700 0.00000000 0.00000000 0.00000000
53 -0.03040300 0.00000000 0.97060100 0.00000000 0.00000000 0.00000000
54 0.25083200 0.00887700 0.66073700 0.00000000 0.00000000 0.00000000
55 1.02156300 0.00000000 0.05472700 0.00000000 0.00000000 0.00000000
56 0.58919200 0.02250000 -0.43769800 0.00000000 0.00000000 0.00000000
57 0.06109300 -0.00834800 -1.09328200 0.00000000 0.00000000 0.00000000
58 -0.43080900 0.02895100 -0.96669100 0.00000000 0.00000000 0.00000000
59 -0.41086000 0.04068300 -1.16810300 0.00000000 0.00000000 0.00000000
60 -0.05530300 0.03252600 -2.02691900 0.00000000 0.00000000 0.00000000
61 0.28229000 -0.08289900 -1.34992400 0.00000000 0.00000000 0.00000000
62 0.99636700 -0.37373900 -0.37975200 0.00000000 0.00000000 0.00000000
63 5.29182100 -7.72295500 -27.65712900 0.81371100 -0.71543000 0.13770700
64 1.37038600 -0.02054000 1.25849300 0.00000200 0.00000000 0.00000100
65 0.15487200 -0.02709800 2.44212200 -0.07802400 0.05925800 0.12926400
66 0.00000100 0.00000200 0.99728300 0.00000000 0.00000000 0.00000000
67 0.00000000 0.00000200 1.00801400 0.00000000 0.00000000 0.00000000
68 2.06719000 3.60588200 2.07666800 2.85305200 -0.22672800 0.10415500
time 24
0 -0.00000100 7.45008900 -27.50902600 0.00000000 0.00000000 0.00003100
1 -0.00000200 0.00000000 0.00000000 1.57074300 -1.56713700 -1.57074300
2 4.25546800 -0.33518300 -0.00000200 0.00000000 0.00000000 -0.12484800
3 7.43124800 1.49647700 0.00000200 0.00000000 0.00000000 0.24545000
4 5.27847900 0.16554100 0.00000100 0.00000000 0.00000000 0.04851100
5 3.06561000 -12.65744000 1.08368000 2.12269900 1.26566500 -1.14230500
6 -6.21448200 -0.00000700 -0.00002700 -3.01636312 -0.90347412 1.69634795
7 11.94488200 0.00000000 0.00000100 -1.94132784 -0.45692333 1.50770552
8 10.62018100 0.00000200 0.00000000 0.65922945 0.22480516 2.86938060
9 -4.75110600 -0.69449400 0.83057700 0.08967600 -0.13098500 0.50038700
10 -1.68806800 0.00004600 -0.00003200 0.01671600 -0.01820000 0.69721500
11 -1.33614000 0.00005700 -0.00001200 0.02585500 -0.00498100 0.74325400
12 -4.82049400 -0.50946000 -0.22475900 -0.03127800 -0.08831000 0.88545800
13 -1.82699200 -0.00006400 0.00000600 -0.01893000 0.03570700 0.78653700
14 -1.43657300 0.00000600 0.00000200 -0.01017500 -0.07709500 0.03978900
15 -3.99235500 -0.89118800 -1.82790900 -0.35801500 0.10592100 1.28642800
16 -1.40591800 -0.00002500 -0.00000300 0.01423200 -0.02576700 0.37050100
17 -1.17535800 0.00012800 -0.00002000 0.02414000 0.06349200 0.26733300
18 -4.52675100 -0.69057500 -1.12074400 -0.15126300 -0.02698800 1.18332100
19 -1.74403800 0.00003300 -0.00000800 -0.00996000 -0.02781000 0.75209900
20 -1.36877100 0.00002500 0.00000200 0.00284900 0.05240600 -0.04949900
21 -1.87480000 -0.93512500 0.99917400 2.71530800 0.29281300 1.14742800
22 -1.62789274 0.15474751 0.01182474 -0.45142800 0.39058000 0.17554000
23 -1.59928500 0.00000400 0.00001600 0.05913200 -0.03395700 0.69875300
24 5.51181500 0.00000800 -0.00000100 1.60015654 0.00066794 3.14087266
25 0.19684700 -0.00000100 0.00000300 2.79340693 -0.00063312 -3.14144294
26 3.25266400 -11.66983600 -2.70820900 1.97586200 1.15990900 1.84280300
27 6.21448500 0.00000600 0.00002000 -0.75271768 0.86960608 -1.86630310
28 11.94488500 -0.00002900 -0.00019400 -1.01327341 -0.32386101 -1.12636094
29 10.62016600 0.00000200 0.00001000 -1.71212118 -0.52775113 -0.35060401
30 4.75115600 0.69437600 -0.83047300 -0.04117600 -0.18863600 0.60355500
31 1.68806500 -0.00002600 0.00000200 0.00262100 -0.02458500 1.33370800
32 1.33615100 -0.00005100 -0.00000900 0.01348100 -0.03626600 0.01365700
33 4.82051300 0.50934000 0.22486500 0.07478500 0.04514400 1.05758200
34 1.82699600 0.00006600 0.00000800 -0.00950200 0.03929900 1.03599800
35 1.43657700 -0.00001000 0.00000700 0.01323600 -0.00739800 -0.21985200
36 3.99235300 0.89108700 1.82799400 -0.32807200 -0.04594200 0.96946400
37 1.40591800 0.00002100 -0.00000700 -0.00225300 -0.02943200 0.95183300
38 1.17536900 -0.00013100 0.00000200 0.00681700 0.12305700 0.01097200
39 4.52675600 0.69046000 1.12084200 -0.13684300 0.00749600 1.02191100
40 1.74404100 -0.00003100 -0.00000200 -0.02263700 -0.01908800 1.28169000
41 1.36876300 -0.00003100 -0.00001700 -0.05058800 0.21380200 -0.54106800
42 2.00827897 1.42615200 -0.76232700 2.06590300 0.96199600 1.25446300
43 1.52344900 -0.00003400 -0.00000300 0.10930320 0.16632046 0.77417423
44 1.59928100 -0.00000200 0.00000900 0.07625000 0.03398500 0.40775500
45 5.51180600 -0.00000200 0.00000600 -0.23579700 0.00000500 0.00000700
46 0.19685000 0.00000300 -0.00000200 -0.34822500 0.00001500 -0.00000200
47 0.00000000 0.00000000 0.00000000 0.00000000 0.00000000 -1.57079600
48 -4.33264200 23.46635400 -4.02389200 0.00000000 0.00000000 -3.14156200
49 -5.53894346 44.36133416 -5.85625793 -0.40110776 1.16607471 2.56943277
50 -0.94674975 3.09895956 -4.38383976 1.39142500 0.76772300 -2.23544400
51 9.26444126 18.73908754 -11.60672149 0.00000000 0.00000000 0.00000000
52 -0.14427800 -0.01905500 0.77712700 0.00000000 0.00000000 0.00000000
53 -0.03040300 0.00000000 0.97060100 0.00000000 0.00000000 0.00000000
54 0.25083200 0.00887700 0.66073700 0.00000000 0.00000000 0.00000000
55 1.02156300 0.00000000 0.05472700 0.00000000 0.00000000 0.00000000
56 0.58919200 0.02250000 -0.43769800 0.00000000 0.00000000 0.00000000
57 0.06109300 -0.00834800 -1.09328200 0.00000000 0.00000000 0.00000000
58 -0.43080900 0.02895100 -0.96669100 0.00000000 0.00000000 0.00000000
59 -0.41086000 0.04068300 -1.16810300 0.00000000 0.00000000 0.00000000
60 -0.05530300 0.03252600 -2.02691900 0.00000000 0.00000000 0.00000000
61 0.28229000 -0.08289900 -1.34992400 0.00000000 0.00000000 0.00000000
62 0.99636700 -0.37373900 -0.37975200 0.00000000 0.00000000 0.00000000
63 5.29182100 -7.72295500 -27.65712900 0.81371100 -0.71543000 0.13770700
64 1.37038600 -0.02054000 1.25849300 0.00000200 0.00000000 0.00000100
65 0.15487200 -0.02709800 2.44212200 -0.07802400 0.05925800 0.12926400
66 0.00000100 0.00000200 0.99728300 0.00000000 0.00000000 0.00000000
67 0.00000000 0.00000200 1.00801400 0.00000000 0.00000000 0.00000000
68 2.06719000 3.60588200 2.07666800 2.85305200 -0.22672800 0.10415500
time 25
0 -0.00000100 7.45008900 -27.50902600 0.00000000 0.00000000 0.00003100
1 -0.00000200 0.00000000 0.00000000 1.57074300 -1.56713700 -1.57074300
2 4.25546800 -0.33518300 -0.00000200 0.00000000 0.00000000 -0.12484800
3 7.43124800 1.49647700 0.00000200 0.00000000 0.00000000 0.24545000
4 5.27847900 0.16554100 0.00000100 0.00000000 0.00000000 0.04851100
5 3.06561000 -12.65744000 1.08368000 2.12269900 1.26566500 -1.14230500
6 -6.21448200 -0.00000700 -0.00002700 -3.01690207 -0.90108088 1.70065289
7 11.94488200 0.00000000 0.00000100 -1.94489611 -0.45711788 1.51606575
8 10.62018100 0.00000200 0.00000000 0.65790202 0.21591785 2.87387826
9 -4.75110600 -0.69449400 0.83057700 0.08967600 -0.13098500 0.50038700
10 -1.68806800 0.00004600 -0.00003200 0.01671600 -0.01820000 0.69721500
11 -1.33614000 0.00005700 -0.00001200 0.02585500 -0.00498100 0.74325400
12 -4.82049400 -0.50946000 -0.22475900 -0.03127800 -0.08831000 0.88545800
13 -1.82699200 -0.00006400 0.00000600 -0.01893000 0.03570700 0.78653700
14 -1.43657300 0.00000600 0.00000200 -0.01017500 -0.07709500 0.03978900
15 -3.99235500 -0.89118800 -1.82790900 -0.35801500 0.10592100 1.28642800
16 -1.40591800 -0.00002500 -0.00000300 0.01423200 -0.02576700 0.37050100
17 -1.17535800 0.00012800 -0.00002000 0.02414000 0.06349200 0.26733300
18 -4.52675100 -0.69057500 -1.12074400 -0.15126300 -0.02698800 1.18332100
19 -1.74403800 0.00003300 -0.00000800 -0.00996000 -0.02781000 0.75209900
20 -1.36877100 0.00002500 0.00000200 0.00284900 0.05240600 -0.04949900
21 -1.87480000 -0.93512500 0.99917400 2.71530800 0.29281300 1.14742800
22 -1.62789274 0.15474751 0.01182474 -0.45142800 0.39058000 0.17554000
23 -1.59928500 0.00000400 0.00001600 0.05913200 -0.03395700 0.69875300
24 5.51181500 0.00000800 -0.00000100 1.60015654 0.00066794 3.14087266
25 0.19684700 -0.00000100 0.00000300 2.79340693 -0.00063312 -3.14144294
26 3.25266400 -11.66983600 -2.70820900 1.97586200 1.15990900 1.84280300
27 6.21448500 0.00000600 0.00002000 -0.75332067 0.86677240 -1.87063684
28 11.94488500 -0.00002900 -0.00019400 -1.01258649 -0.32428339 -1.12862714
29 10.62016600 0.00000200 0.00001000 -1.71091607 -0.53384018 -0.34625558
30 4.75115600 0.69437600 -0.83047300 -0.04117600 -0.18863600 0.60355500
31 1.68806500 -0.00002600 0.00000200 0.00262100 -0.02458500 1.33370800
32 1.33615100 -0.00005100 -0.00000900 0.01348100 -0.03626600 0.01365700
33 4.82051300 0.50934000 0.22486500 0.07478500 0.04514400 1.05758200
34 1.82699600 0.00006600 0.00000800 -0.00950200 0.03929900 1.03599800
35 1.43657700 -0.00001000 0.00000700 0.01323600 -0.00739800 -0.21985200
36 3.99235300 0.89108700 1.82799400 -0.32807200 -0.04594200 0.96946400
37 1.40591800 0.00002100 -0.00000700 -0.00225300 -0.02943200 0.95183300
38 1.17536900 -0.00013100 0.00000200 0.00681700 0.12305700 0.01097200
39 4.52675600 0.69046000 1.12084200 -0.13684300 0.00749600 1.02191100
40 1.74404100 -0.00003100 -0.00000200 -0.02263700 -0.01908800 1.28169000
41 1.36876300 -0.00003100 -0.00001700 -0.05058800 0.21380200 -0.54106800
42 2.00827897 1.42615200 -0.76232700 2.06590300 0.96199600 1.25446300
43 1.52344900 -0.00003400 -0.00000300 0.10930320 0.16632046 0.77417423
44 1.59928100 -0.00000200 0.00000900 0.07625000 0.03398500 0.40775500
45 5.51180600 -0.00000200 0.00000600 -0.23579700 0.00000500 0.00000700
46 0.19685000 0.00000300 -0.00000200 -0.34822500 0.00001500 -0.00000200
47 0.00000000 0.00000000 0.00000000 0.00000000 0.00000000 -1.57079600
48 -4.33264200 23.46635400 -4.02389200 0.00000000 0.00000000 -3.14156200
49 -5.47128801 44.35300203 -5.78158138 -0.39567856 1.16702301 2.57190819
50 -0.94674975 3.09895956 -4.38383976 1.39142500 0.76772300 -2.23544400
51 9.26444126 18.73908754 -11.60672149 0.00000000 0.00000000 0.00000000
52 -0.14427800 -0.01905500 0.77712700 0.00000000 0.00000000 0.00000000
53 -0.03040300 0.00000000 0.97060100 0.00000000 0.00000000 0.00000000
54 0.25083200 0.00887700 0.66073700 0.00000000 0.00000000 0.00000000
55 1.02156300 0.00000000 0.05472700 0.00000000 0.00000000 0.00000000
56 0.58919200 0.02250000 -0.43769800 0.00000000 0.00000000 0.00000000
57 0.06109300 -0.00834800 -1.09328200 0.00000000 0.00000000 0.00000000
58 -0.43080900 0.02895100 -0.96669100 0.00000000 0.00000000 0.00000000
59 -0.41086000 0.04068300 -1.16810300 0.00000000 0.00000000 0.00000000
60 -0.05530300 0.03252600 -2.02691900 0.00000000 0.00000000 0.00000000
61 0.28229000 -0.08289900 -1.34992400 0.00000000 0.00000000 0.00000000
62 0.99636700 -0.37373900 -0.37975200 0.00000000 0.00000000 0.00000000
63 5.29182100 -7.72295500 -27.65712900 0.81371100 -0.71543000 0.13770700
64 1.37038600 -0.02054000 1.25849300 0.00000200 0.00000000 0.00000100
65 0.15487200 -0.02709800 2.44212200 -0.07802400 0.05925800 0.12926400
66 0.00000100 0.00000200 0.99728300 0.00000000 0.00000000 0.00000000
67 0.00000000 0.00000200 1.00801400 0.00000000 0.00000000 0.00000000
68 2.06719000 3.60588200 2.07666800 2.85305200 -0.22672800 0.10415500
time 26
0 -0.00000100 7.45008900 -27.50902600 0.00000000 0.00000000 0.00003100
1 -0.00000200 0.00000000 0.00000000 1.57074300 -1.56713700 -1.57074300
2 4.25546800 -0.33518300 -0.00000200 0.00000000 0.00000000 -0.12484800
3 7.43124800 1.49647700 0.00000200 0.00000000 0.00000000 0.24545000
4 5.27847900 0.16554100 0.00000100 0.00000000 0.00000000 0.04851100
5 3.06561000 -12.65744000 1.08368000 2.12269900 1.26566500 -1.14230500
6 -6.21448200 -0.00000700 -0.00002700 -3.01647100 -0.89850289 1.70433515
7 11.94488200 0.00000000 0.00000100 -1.94853892 -0.45791305 1.52436216
8 10.62018100 0.00000200 0.00000000 0.65540607 0.20993156 2.87932792
9 -4.75110600 -0.69449400 0.83057700 0.08967600 -0.13098500 0.50038700
10 -1.68806800 0.00004600 -0.00003200 0.01671600 -0.01820000 0.69721500
11 -1.33614000 0.00005700 -0.00001200 0.02585500 -0.00498100 0.74325400
12 -4.82049400 -0.50946000 -0.22475900 -0.03127800 -0.08831000 0.88545800
13 -1.82699200 -0.00006400 0.00000600 -0.01893000 0.03570700 0.78653700
14 -1.43657300 0.00000600 0.00000200 -0.01017500 -0.07709500 0.03978900
15 -3.99235500 -0.89118800 -1.82790900 -0.35801500 0.10592100 1.28642800
16 -1.40591800 -0.00002500 -0.00000300 0.01423200 -0.02576700 0.37050100
17 -1.17535800 0.00012800 -0.00002000 0.02414000 0.06349200 0.26733300
18 -4.52675100 -0.69057500 -1.12074400 -0.15126300 -0.02698800 1.18332100
19 -1.74403800 0.00003300 -0.00000800 -0.00996000 -0.02781000 0.75209900
20 -1.36877100 0.00002500 0.00000200 0.00284900 0.05240600 -0.04949900
21 -1.87480000 -0.93512500 0.99917400 2.71530800 0.29281300 1.14742800
22 -1.62789274 0.15474751 0.01182474 -0.45142800 0.39058000 0.17554000
23 -1.59928500 0.00000400 0.00001600 0.05913200 -0.03395700 0.69875300
24 5.51181500 0.00000800 -0.00000100 1.60015654 0.00066794 3.14087266
25 0.19684700 -0.00000100 0.00000300 2.79340693 -0.00063312 -3.14144294
26 3.25266400 -11.66983600 -2.70820900 1.97586200 1.15990900 1.84280300
27 6.21448500 0.00000600 0.00002000 -0.75424125 0.86446836 -1.87480656
28 11.94488500 -0.00002900 -0.00019400 -1.01107053 -0.32472992 -1.13332830
29 10.62016600 0.00000200 0.00001000 -1.70670297 -0.54100854 -0.34495166
30 4.75115600 0.69437600 -0.83047300 -0.04117600 -0.18863600 0.60355500
31 1.68806500 -0.00002600 0.00000200 0.00262100 -0.02458500 1.33370800
32 1.33615100 -0.00005100 -0.00000900 0.01348100 -0.03626600 0.01365700
33 4.82051300 0.50934000 0.22486500 0.07478500 0.04514400 1.05758200
34 1.82699600 0.00006600 0.00000800 -0.00950200 0.03929900 1.03599800
35 1.43657700 -0.00001000 0.00000700 0.01323600 -0.00739800 -0.21985200
36 3.99235300 0.89108700 1.82799400 -0.32807200 -0.04594200 0.96946400
37 1.40591800 0.00002100 -0.00000700 -0.00225300 -0.02943200 0.95183300
38 1.17536900 -0.00013100 0.00000200 0.00681700 0.12305700 0.01097200
39 4.52675600 0.69046000 1.12084200 -0.13684300 0.00749600 1.02191100
40 1.74404100 -0.00003100 -0.00000200 -0.02263700 -0.01908800 1.28169000
41 1.36876300 -0.00003100 -0.00001700 -0.05058800 0.21380200 -0.54106800
42 2.00827897 1.42615200 -0.76232700 2.06590300 0.96199600 1.25446300
43 1.52344900 -0.00003400 -0.00000300 0.10930320 0.16632046 0.77417423
44 1.59928100 -0.00000200 0.00000900 0.07625000 0.03398500 0.40775500
45 5.51180600 -0.00000200 0.00000600 -0.23579700 0.00000500 0.00000700
46 0.19685000 0.00000300 -0.00000200 -0.34822500 0.00001500 -0.00000200
47 0.00000000 0.00000000 0.00000000 0.00000000 0.00000000 -1.57079600
48 -4.33264200 23.46635400 -4.02389200 0.00000000 0.00000000 -3.14156200
49 -5.40725877 44.33723120 -5.68941226 -0.39373936 1.16651721 2.57350745
50 -0.94674975 3.09895956 -4.38383976 1.39142500 0.76772300 -2.23544400
51 9.26444126 18.73908754 -11.60672149 0.00000000 0.00000000 0.00000000
52 -0.14427800 -0.01905500 0.77712700 0.00000000 0.00000000 0.00000000
53 -0.03040300 0.00000000 0.97060100 0.00000000 0.00000000 0.00000000
54 0.25083200 0.00887700 0.66073700 0.00000000 0.00000000 0.00000000
55 1.02156300 0.00000000 0.05472700 0.00000000 0.00000000 0.00000000
56 0.58919200 0.02250000 -0.43769800 0.00000000 0.00000000 0.00000000
57 0.06109300 -0.00834800 -1.09328200 0.00000000 0.00000000 0.00000000
58 -0.43080900 0.02895100 -0.96669100 0.00000000 0.00000000 0.00000000
59 -0.41086000 0.04068300 -1.16810300 0.00000000 0.00000000 0.00000000
60 -0.05530300 0.03252600 -2.02691900 0.00000000 0.00000000 0.00000000
61 0.28229000 -0.08289900 -1.34992400 0.00000000 0.00000000 0.00000000
62 0.99636700 -0.37373900 -0.37975200 0.00000000 0.00000000 0.00000000
63 5.29182100 -7.72295500 -27.65712900 0.81371100 -0.71543000 0.13770700
64 1.37038600 -0.02054000 1.25849300 0.00000200 0.00000000 0.00000100
65 0.15487200 -0.02709800 2.44212200 -0.07802400 0.05925800 0.12926400
66 0.00000100 0.00000200 0.99728300 0.00000000 0.00000000 0.00000000
67 0.00000000 0.00000200 1.00801400 0.00000000 0.00000000 0.00000000
68 2.06719000 3.60588200 2.07666800 2.85305200 -0.22672800 0.10415500
time 27
0 -0.00000100 7.45008900 -27.50902600 0.00000000 0.00000000 0.00003100
1 -0.00000200 0.00000000 0.00000000 1.57074300 -1.56713700 -1.57074300
2 4.25546800 -0.33518300 -0.00000200 0.00000000 0.00000000 -0.12484800
3 7.43124800 1.49647700 0.00000200 0.00000000 0.00000000 0.24545000
4 5.27847900 0.16554100 0.00000100 0.00000000 0.00000000 0.04851100
5 3.06561000 -12.65744000 1.08368000 2.12269900 1.26566500 -1.14230500
6 -6.21448200 -0.00000700 -0.00002700 -3.01566046 -0.89578465 1.70772926
7 11.94488200 0.00000000 0.00000100 -1.95199116 -0.45913459 1.53231610
8 10.62018100 0.00000200 0.00000000 0.65200130 0.20668252 2.88538148
9 -4.75110600 -0.69449400 0.83057700 0.08967600 -0.13098500 0.50038700
10 -1.68806800 0.00004600 -0.00003200 0.01671600 -0.01820000 0.69721500
11 -1.33614000 0.00005700 -0.00001200 0.02585500 -0.00498100 0.74325400
12 -4.82049400 -0.50946000 -0.22475900 -0.03127800 -0.08831000 0.88545800
13 -1.82699200 -0.00006400 0.00000600 -0.01893000 0.03570700 0.78653700
14 -1.43657300 0.00000600 0.00000200 -0.01017500 -0.07709500 0.03978900
15 -3.99235500 -0.89118800 -1.82790900 -0.35801500 0.10592100 1.28642800
16 -1.40591800 -0.00002500 -0.00000300 0.01423200 -0.02576700 0.37050100
17 -1.17535800 0.00012800 -0.00002000 0.02414000 0.06349200 0.26733300
18 -4.52675100 -0.69057500 -1.12074400 -0.15126300 -0.02698800 1.18332100
19 -1.74403800 0.00003300 -0.00000800 -0.00996000 -0.02781000 0.75209900
20 -1.36877100 0.00002500 0.00000200 0.00284900 0.05240600 -0.04949900
21 -1.87480000 -0.93512500 0.99917400 2.71530800 0.29281300 1.14742800
22 -1.62789274 0.15474751 0.01182474 -0.45142800 0.39058000 0.17554000
23 -1.59928500 0.00000400 0.00001600 0.05913200 -0.03395700 0.69875300
24 5.51181500 0.00000800 -0.00000100 1.60015654 0.00066794 3.14087266
25 0.19684700 -0.00000100 0.00000300 2.79340693 -0.00063312 -3.14144294
26 3.25266400 -11.66983600 -2.70820900 1.97586200 1.15990900 1.84280300
27 6.21448500 0.00000600 0.00002000 -0.75517997 0.86267965 -1.87896949
28 11.94488500 -0.00002900 -0.00019400 -1.00910415 -0.32509141 -1.13975239
29 10.62016600 0.00000200 0.00001000 -1.70017509 -0.54888109 -0.34638956
30 4.75115600 0.69437600 -0.83047300 -0.04117600 -0.18863600 0.60355500
31 1.68806500 -0.00002600 0.00000200 0.00262100 -0.02458500 1.33370800
32 1.33615100 -0.00005100 -0.00000900 0.01348100 -0.03626600 0.01365700
33 4.82051300 0.50934000 0.22486500 0.07478500 0.04514400 1.05758200
34 1.82699600 0.00006600 0.00000800 -0.00950200 0.03929900 1.03599800
35 1.43657700 -0.00001000 0.00000700 0.01323600 -0.00739800 -0.21985200
36 3.99235300 0.89108700 1.82799400 -0.32807200 -0.04594200 0.96946400
37 1.40591800 0.00002100 -0.00000700 -0.00225300 -0.02943200 0.95183300
38 1.17536900 -0.00013100 0.00000200 0.00681700 0.12305700 0.01097200
39 4.52675600 0.69046000 1.12084200 -0.13684300 0.00749600 1.02191100
40 1.74404100 -0.00003100 -0.00000200 -0.02263700 -0.01908800 1.28169000
41 1.36876300 -0.00003100 -0.00001700 -0.05058800 0.21380200 -0.54106800
42 2.00827897 1.42615200 -0.76232700 2.06590300 0.96199600 1.25446300
43 1.52344900 -0.00003400 -0.00000300 0.10930320 0.16632046 0.77417423
44 1.59928100 -0.00000200 0.00000900 0.07625000 0.03398500 0.40775500
45 5.51180600 -0.00000200 0.00000600 -0.23579700 0.00000500 0.00000700
46 0.19685000 0.00000300 -0.00000200 -0.34822500 0.00001500 -0.00000200
47 0.00000000 0.00000000 0.00000000 0.00000000 0.00000000 -1.57079600
48 -4.33264200 23.46635400 -4.02389200 0.00000000 0.00000000 -3.14156200
49 -5.34539968 44.31539521 -5.58756290 -0.39506608 1.16507123 2.57413948
50 -0.94674975 3.09895956 -4.38383976 1.39142500 0.76772300 -2.23544400
51 9.26444126 18.73908754 -11.60672149 0.00000000 0.00000000 0.00000000
52 -0.14427800 -0.01905500 0.77712700 0.00000000 0.00000000 0.00000000
53 -0.03040300 0.00000000 0.97060100 0.00000000 0.00000000 0.00000000
54 0.25083200 0.00887700 0.66073700 0.00000000 0.00000000 0.00000000
55 1.02156300 0.00000000 0.05472700 0.00000000 0.00000000 0.00000000
56 0.58919200 0.02250000 -0.43769800 0.00000000 0.00000000 0.00000000
57 0.06109300 -0.00834800 -1.09328200 0.00000000 0.00000000 0.00000000
58 -0.43080900 0.02895100 -0.96669100 0.00000000 0.00000000 0.00000000
59 -0.41086000 0.04068300 -1.16810300 0.00000000 0.00000000 0.00000000
60 -0.05530300 0.03252600 -2.02691900 0.00000000 0.00000000 0.00000000
61 0.28229000 -0.08289900 -1.34992400 0.00000000 0.00000000 0.00000000
62 0.99636700 -0.37373900 -0.37975200 0.00000000 0.00000000 0.00000000
63 5.29182100 -7.72295500 -27.65712900 0.81371100 -0.71543000 0.13770700
64 1.37038600 -0.02054000 1.25849300 0.00000200 0.00000000 0.00000100
65 0.15487200 -0.02709800 2.44212200 -0.07802400 0.05925800 0.12926400
66 0.00000100 0.00000200 0.99728300 0.00000000 0.00000000 0.00000000
67 0.00000000 0.00000200 1.00801400 0.00000000 0.00000000 0.00000000
68 2.06719000 3.60588200 2.07666800 2.85305200 -0.22672800 0.10415500
time 28
0 -0.00000100 7.45008900 -27.50902600 0.00000000 0.00000000 0.00003100
1 -0.00000200 0.00000000 0.00000000 1.57074300 -1.56713700 -1.57074300
2 4.25546800 -0.33518300 -0.00000200 0.00000000 0.00000000 -0.12484800
3 7.43124800 1.49647700 0.00000200 0.00000000 0.00000000 0.24545000
4 5.27847900 0.16554100 0.00000100 0.00000000 0.00000000 0.04851100
5 3.06561000 -12.65744000 1.08368000 2.12269900 1.26566500 -1.14230500
6 -6.21448200 -0.00000700 -0.00002700 -3.01468758 -0.89321731 1.71150190
7 11.94488200 0.00000000 0.00000100 -1.95563913 -0.46053320 1.54076311
8 10.62018100 0.00000200 0.00000000 0.64853648 0.20664699 2.89308047
9 -4.75110600 -0.69449400 0.83057700 0.08967600 -0.13098500 0.50038700
10 -1.68806800 0.00004600 -0.00003200 0.01671600 -0.01820000 0.69721500
11 -1.33614000 0.00005700 -0.00001200 0.02585500 -0.00498100 0.74325400
12 -4.82049400 -0.50946000 -0.22475900 -0.03127800 -0.08831000 0.88545800
13 -1.82699200 -0.00006400 0.00000600 -0.01893000 0.03570700 0.78653700
14 -1.43657300 0.00000600 0.00000200 -0.01017500 -0.07709500 0.03978900
15 -3.99235500 -0.89118800 -1.82790900 -0.35801500 0.10592100 1.28642800
16 -1.40591800 -0.00002500 -0.00000300 0.01423200 -0.02576700 0.37050100
17 -1.17535800 0.00012800 -0.00002000 0.02414000 0.06349200 0.26733300
18 -4.52675100 -0.69057500 -1.12074400 -0.15126300 -0.02698800 1.18332100
19 -1.74403800 0.00003300 -0.00000800 -0.00996000 -0.02781000 0.75209900
20 -1.36877100 0.00002500 0.00000200 0.00284900 0.05240600 -0.04949900
21 -1.87480000 -0.93512500 0.99917400 2.71530800 0.29281300 1.14742800
22 -1.62789274 0.15474751 0.01182474 -0.45142800 0.39058000 0.17554000
23 -1.59928500 0.00000400 0.00001600 0.05913200 -0.03395700 0.69875300
24 5.51181500 0.00000800 -0.00000100 1.60015654 0.00066794 3.14087266
25 0.19684700 -0.00000100 0.00000300 2.79340693 -0.00063312 -3.14144294
26 3.25266400 -11.66983600 -2.70820900 1.97586200 1.15990900 1.84280300
27 6.21448500 0.00000600 0.00002000 -0.75628740 0.86192553 -1.88302950
28 11.94488500 -0.00002900 -0.00019400 -1.00643549 -0.32518501 -1.14828761
29 10.62016600 0.00000200 0.00001000 -1.69205320 -0.55735529 -0.35174228
30 4.75115600 0.69437600 -0.83047300 -0.04117600 -0.18863600 0.60355500
31 1.68806500 -0.00002600 0.00000200 0.00262100 -0.02458500 1.33370800
32 1.33615100 -0.00005100 -0.00000900 0.01348100 -0.03626600 0.01365700
33 4.82051300 0.50934000 0.22486500 0.07478500 0.04514400 1.05758200
34 1.82699600 0.00006600 0.00000800 -0.00950200 0.03929900 1.03599800
35 1.43657700 -0.00001000 0.00000700 0.01323600 -0.00739800 -0.21985200
36 3.99235300 0.89108700 1.82799400 -0.32807200 -0.04594200 0.96946400
37 1.40591800 0.00002100 -0.00000700 -0.00225300 -0.02943200 0.95183300
38 1.17536900 -0.00013100 0.00000200 0.00681700 0.12305700 0.01097200
39 4.52675600 0.69046000 1.12084200 -0.13684300 0.00749600 1.02191100
40 1.74404100 -0.00003100 -0.00000200 -0.02263700 -0.01908800 1.28169000
41 1.36876300 -0.00003100 -0.00001700 -0.05058800 0.21380200 -0.54106800
42 2.00827897 1.42615200 -0.76232700 2.06590300 0.96199600 1.25446300
43 1.52344900 -0.00003400 -0.00000300 0.10930320 0.16632046 0.77417423
44 1.59928100 -0.00000200 0.00000900 0.07625000 0.03398500 0.40775500
45 5.51180600 -0.00000200 0.00000600 -0.23579700 0.00000500 0.00000700
46 0.19685000 0.00000300 -0.00000200 -0.34822500 0.00001500 -0.00000200
47 0.00000000 0.00000000 0.00000000 0.00000000 0.00000000 -1.57079600
48 -4.33264200 23.46635400 -4.02389200 0.00000000 0.00000000 -3.14156200
49 -5.28585980 44.28099854 -5.47726273 -0.40230019 1.16312452 2.57151518
50 -0.94674975 3.09895956 -4.38383976 1.39142500 0.76772300 -2.23544400
51 9.26444126 18.73908754 -11.60672149 0.00000000 0.00000000 0.00000000
52 -0.14427800 -0.01905500 0.77712700 0.00000000 0.00000000 0.00000000
53 -0.03040300 0.00000000 0.97060100 0.00000000 0.00000000 0.00000000
54 0.25083200 0.00887700 0.66073700 0.00000000 0.00000000 0.00000000
55 1.02156300 0.00000000 0.05472700 0.00000000 0.00000000 0.00000000
56 0.58919200 0.02250000 -0.43769800 0.00000000 0.00000000 0.00000000
57 0.06109300 -0.00834800 -1.09328200 0.00000000 0.00000000 0.00000000
58 -0.43080900 0.02895100 -0.96669100 0.00000000 0.00000000 0.00000000
59 -0.41086000 0.04068300 -1.16810300 0.00000000 0.00000000 0.00000000
60 -0.05530300 0.03252600 -2.02691900 0.00000000 0.00000000 0.00000000
61 0.28229000 -0.08289900 -1.34992400 0.00000000 0.00000000 0.00000000
62 0.99636700 -0.37373900 -0.37975200 0.00000000 0.00000000 0.00000000
63 5.29182100 -7.72295500 -27.65712900 0.81371100 -0.71543000 0.13770700
64 1.37038600 -0.02054000 1.25849300 0.00000200 0.00000000 0.00000100
65 0.15487200 -0.02709800 2.44212200 -0.07802400 0.05925800 0.12926400
66 0.00000100 0.00000200 0.99728300 0.00000000 0.00000000 0.00000000
67 0.00000000 0.00000200 1.00801400 0.00000000 0.00000000 0.00000000
68 2.06719000 3.60588200 2.07666800 2.85305200 -0.22672800 0.10415500
time 29
0 -0.00000100 7.45008900 -27.50902600 0.00000000 0.00000000 0.00003100
1 -0.00000200 0.00000000 0.00000000 1.57074300 -1.56713700 -1.57074300
2 4.25546800 -0.33518300 -0.00000200 0.00000000 0.00000000 -0.12484800
3 7.43124800 1.49647700 0.00000200 0.00000000 0.00000000 0.24545000
4 5.27847900 0.16554100 0.00000100 0.00000000 0.00000000 0.04851100
5 3.06561000 -12.65744000 1.08368000 2.12269900 1.26566500 -1.14230500
6 -6.21448200 -0.00000700 -0.00002700 -3.01406976 -0.89095766 1.71558772
7 11.94488200 0.00000000 0.00000100 -1.95929788 -0.46224165 1.54924999
8 10.62018100 0.00000200 0.00000000 0.64491944 0.20788213 2.90081616
9 -4.75110600 -0.69449400 0.83057700 0.08967600 -0.13098500 0.50038700
10 -1.68806800 0.00004600 -0.00003200 0.01671600 -0.01820000 0.69721500
11 -1.33614000 0.00005700 -0.00001200 0.02585500 -0.00498100 0.74325400
12 -4.82049400 -0.50946000 -0.22475900 -0.03127800 -0.08831000 0.88545800
13 -1.82699200 -0.00006400 0.00000600 -0.01893000 0.03570700 0.78653700
14 -1.43657300 0.00000600 0.00000200 -0.01017500 -0.07709500 0.03978900
15 -3.99235500 -0.89118800 -1.82790900 -0.35801500 0.10592100 1.28642800
16 -1.40591800 -0.00002500 -0.00000300 0.01423200 -0.02576700 0.37050100
17 -1.17535800 0.00012800 -0.00002000 0.02414000 0.06349200 0.26733300
18 -4.52675100 -0.69057500 -1.12074400 -0.15126300 -0.02698800 1.18332100
19 -1.74403800 0.00003300 -0.00000800 -0.00996000 -0.02781000 0.75209900
20 -1.36877100 0.00002500 0.00000200 0.00284900 0.05240600 -0.04949900
21 -1.87480000 -0.93512500 0.99917400 2.71530800 0.29281300 1.14742800
22 -1.62789274 0.15474751 0.01182474 -0.45142800 0.39058000 0.17554000
23 -1.59928500 0.00000400 0.00001600 0.05913200 -0.03395700 0.69875300
24 5.51181500 0.00000800 -0.00000100 1.60015654 0.00066794 3.14087266
25 0.19684700 -0.00000100 0.00000300 2.79340693 -0.00063312 -3.14144294
26 3.25266400 -11.66983600 -2.70820900 1.97586200 1.15990900 1.84280300
27 6.21448500 0.00000600 0.00002000 -0.75698464 0.86175319 -1.88677565
28 11.94488500 -0.00002900 -0.00019400 -1.00367941 -0.32516881 -1.15728937
29 10.62016600 0.00000200 0.00001000 -1.68325046 -0.56582940 -0.35866299
30 4.75115600 0.69437600 -0.83047300 -0.04117600 -0.18863600 0.60355500
31 1.68806500 -0.00002600 0.00000200 0.00262100 -0.02458500 1.33370800
32 1.33615100 -0.00005100 -0.00000900 0.01348100 -0.03626600 0.01365700
33 4.82051300 0.50934000 0.22486500 0.07478500 0.04514400 1.05758200
34 1.82699600 0.00006600 0.00000800 -0.00950200 0.03929900 1.03599800
35 1.43657700 -0.00001000 0.00000700 0.01323600 -0.00739800 -0.21985200
36 3.99235300 0.89108700 1.82799400 -0.32807200 -0.04594200 0.96946400
37 1.40591800 0.00002100 -0.00000700 -0.00225300 -0.02943200 0.95183300
38 1.17536900 -0.00013100 0.00000200 0.00681700 0.12305700 0.01097200
39 4.52675600 0.69046000 1.12084200 -0.13684300 0.00749600 1.02191100
40 1.74404100 -0.00003100 -0.00000200 -0.02263700 -0.01908800 1.28169000
41 1.36876300 -0.00003100 -0.00001700 -0.05058800 0.21380200 -0.54106800
42 2.00827897 1.42615200 -0.76232700 2.06590300 0.96199600 1.25446300
43 1.52344900 -0.00003400 -0.00000300 0.10930320 0.16632046 0.77417423
44 1.59928100 -0.00000200 0.00000900 0.07625000 0.03398500 0.40775500
45 5.51180600 -0.00000200 0.00000600 -0.23579700 0.00000500 0.00000700
46 0.19685000 0.00000300 -0.00000200 -0.34822500 0.00001500 -0.00000200
47 0.00000000 0.00000000 0.00000000 0.00000000 0.00000000 -1.57079600
48 -4.33264200 23.46635400 -4.02389200 0.00000000 0.00000000 -3.14156200
49 -5.22501116 44.24231401 -5.37098565 -0.41090011 1.16101055 2.56830738
50 -0.94674975 3.09895956 -4.38383976 1.39142500 0.76772300 -2.23544400
51 9.26444126 18.73908754 -11.60672149 0.00000000 0.00000000 0.00000000
52 -0.14427800 -0.01905500 0.77712700 0.00000000 0.00000000 0.00000000
53 -0.03040300 0.00000000 0.97060100 0.00000000 0.00000000 0.00000000
54 0.25083200 0.00887700 0.66073700 0.00000000 0.00000000 0.00000000
55 1.02156300 0.00000000 0.05472700 0.00000000 0.00000000 0.00000000
56 0.58919200 0.02250000 -0.43769800 0.00000000 0.00000000 0.00000000
57 0.06109300 -0.00834800 -1.09328200 0.00000000 0.00000000 0.00000000
58 -0.43080900 0.02895100 -0.96669100 0.00000000 0.00000000 0.00000000
59 -0.41086000 0.04068300 -1.16810300 0.00000000 0.00000000 0.00000000
60 -0.05530300 0.03252600 -2.02691900 0.00000000 0.00000000 0.00000000
61 0.28229000 -0.08289900 -1.34992400 0.00000000 0.00000000 0.00000000
62 0.99636700 -0.37373900 -0.37975200 0.00000000 0.00000000 0.00000000
63 5.29182100 -7.72295500 -27.65712900 0.81371100 -0.71543000 0.13770700
64 1.37038600 -0.02054000 1.25849300 0.00000200 0.00000000 0.00000100
65 0.15487200 -0.02709800 2.44212200 -0.07802400 0.05925800 0.12926400
66 0.00000100 0.00000200 0.99728300 0.00000000 0.00000000 0.00000000
67 0.00000000 0.00000200 1.00801400 0.00000000 0.00000000 0.00000000
68 2.06719000 3.60588200 2.07666800 2.85305200 -0.22672800 0.10415500
time 30
0 -0.00000100 7.45008900 -27.50902600 0.00000000 0.00000000 0.00003100
1 -0.00000200 0.00000000 0.00000000 1.57074300 -1.56713700 -1.57074300
2 4.25546800 -0.33518300 -0.00000200 0.00000000 0.00000000 -0.12484800
3 7.43124800 1.49647700 0.00000200 0.00000000 0.00000000 0.24545000
4 5.27847900 0.16554100 0.00000100 0.00000000 0.00000000 0.04851100
5 3.06561000 -12.65744000 1.08368000 2.12269900 1.26566500 -1.14230500
6 -6.21448200 -0.00000700 -0.00002700 -3.01571709 -0.88989695 1.72231801
7 11.94488200 0.00000000 0.00000100 -1.96340628 -0.46361405 1.55874878
8 10.62018100 0.00000200 0.00000000 0.64430661 0.20845701 2.90994911
9 -4.75110600 -0.69449400 0.83057700 0.08967600 -0.13098500 0.50038700
10 -1.68806800 0.00004600 -0.00003200 0.01671600 -0.01820000 0.69721500
11 -1.33614000 0.00005700 -0.00001200 0.02585500 -0.00498100 0.74325400
12 -4.82049400 -0.50946000 -0.22475900 -0.03127800 -0.08831000 0.88545800
13 -1.82699200 -0.00006400 0.00000600 -0.01893000 0.03570700 0.78653700
14 -1.43657300 0.00000600 0.00000200 -0.01017500 -0.07709500 0.03978900
15 -3.99235500 -0.89118800 -1.82790900 -0.35801500 0.10592100 1.28642800
16 -1.40591800 -0.00002500 -0.00000300 0.01423200 -0.02576700 0.37050100
17 -1.17535800 0.00012800 -0.00002000 0.02414000 0.06349200 0.26733300
18 -4.52675100 -0.69057500 -1.12074400 -0.15126300 -0.02698800 1.18332100
19 -1.74403800 0.00003300 -0.00000800 -0.00996000 -0.02781000 0.75209900
20 -1.36877100 0.00002500 0.00000200 0.00284900 0.05240600 -0.04949900
21 -1.87480000 -0.93512500 0.99917400 2.71530800 0.29281300 1.14742800
22 -1.62789200 0.15474677 0.01182400 -0.45142800 0.39058000 0.17554000
23 -1.59928500 0.00000400 0.00001600 0.05913200 -0.03395700 0.69875300
24 5.51181500 0.00000800 -0.00000100 1.60015654 0.00066794 3.14087266
25 0.19684700 -0.00000100 0.00000300 2.79340693 -0.00063312 -3.14144294
26 3.25266400 -11.66983600 -2.70820900 1.97586200 1.15990900 1.84280300
27 6.21448500 0.00000600 0.00002000 -0.75675843 0.86281216 -1.89042333
28 11.94488500 -0.00002900 -0.00019400 -1.00166969 -0.32450019 -1.16379873
29 10.62016600 0.00000200 0.00001000 -1.67935560 -0.57324973 -0.36605835
30 4.75115600 0.69437600 -0.83047300 -0.04117600 -0.18863600 0.60355500
31 1.68806500 -0.00002600 0.00000200 0.00262100 -0.02458500 1.33370800
32 1.33615100 -0.00005100 -0.00000900 0.01348100 -0.03626600 0.01365700
33 4.82051300 0.50934000 0.22486500 0.07478500 0.04514400 1.05758200
34 1.82699600 0.00006600 0.00000800 -0.00950200 0.03929900 1.03599800
35 1.43657700 -0.00001000 0.00000700 0.01323600 -0.00739800 -0.21985200
36 3.99235300 0.89108700 1.82799400 -0.32807200 -0.04594200 0.96946400
37 1.40591800 0.00002100 -0.00000700 -0.00225300 -0.02943200 0.95183300
38 1.17536900 -0.00013100 0.00000200 0.00681700 0.12305700 0.01097200
39 4.52675600 0.69046000 1.12084200 -0.13684300 0.00749600 1.02191100
40 1.74404100 -0.00003100 -0.00000200 -0.02263700 -0.01908800 1.28169000
41 1.36876300 -0.00003100 -0.00001700 -0.05058800 0.21380200 -0.54106800
42 2.00827897 1.42614977 -0.76232626 2.06590300 0.96199600 1.25446300
43 1.52344900 -0.00003400 -0.00000300 0.10930320 0.16632046 0.77417423
44 1.59928100 -0.00000200 0.00000900 0.07625000 0.03398500 0.40775500
45 5.51180600 -0.00000200 0.00000600 -0.23579700 0.00000500 0.00000700
46 0.19685000 0.00000300 -0.00000200 -0.34822500 0.00001500 -0.00000200
47 0.00000000 0.00000000 0.00000000 0.00000000 0.00000000 -1.57079600
48 -4.33264200 23.46635400 -4.02389200 0.00000000 0.00000000 -3.14156200
49 -5.15371004 44.19787573 -5.30439492 -0.42211181 1.16211282 2.56091481
50 -0.94675346 3.09897590 -4.38385238 1.39142500 0.76772300 -2.23544400
51 9.26444126 18.73909051 -11.60672000 0.00000000 0.00000000 0.00000000
52 -0.14427800 -0.01905500 0.77712700 0.00000000 0.00000000 0.00000000
53 -0.03040300 0.00000000 0.97060100 0.00000000 0.00000000 0.00000000
54 0.25083200 0.00887700 0.66073700 0.00000000 0.00000000 0.00000000
55 1.02156300 0.00000000 0.05472700 0.00000000 0.00000000 0.00000000
56 0.58919200 0.02250000 -0.43769800 0.00000000 0.00000000 0.00000000
57 0.06109300 -0.00834800 -1.09328200 0.00000000 0.00000000 0.00000000
58 -0.43080900 0.02895100 -0.96669100 0.00000000 0.00000000 0.00000000
59 -0.41086000 0.04068300 -1.16810300 0.00000000 0.00000000 0.00000000
60 -0.05530300 0.03252600 -2.02691900 0.00000000 0.00000000 0.00000000
61 0.28229000 -0.08289900 -1.34992400 0.00000000 0.00000000 0.00000000
62 0.99636700 -0.37373900 -0.37975200 0.00000000 0.00000000 0.00000000
63 5.29182100 -7.72295500 -27.65712900 0.81371100 -0.71543000 0.13770700
64 1.37038600 -0.02054000 1.25849300 0.00000200 0.00000000 0.00000100
65 0.15487200 -0.02709800 2.44212200 -0.07802400 0.05925800 0.12926400
66 0.00000100 0.00000200 0.99728300 0.00000000 0.00000000 0.00000000
67 0.00000000 0.00000200 1.00801400 0.00000000 0.00000000 0.00000000
68 2.06719000 3.60588200 2.07666800 2.85305200 -0.22672800 0.10415500
time 31
0 -0.00000100 7.45008900 -27.50902600 0.00000000 0.00000000 0.00003100
1 -0.00000200 0.00000000 0.00000000 1.57074300 -1.56713700 -1.57074300
2 4.25546800 -0.33518300 -0.00000200 0.00000000 0.00000000 -0.12484800
3 7.43124800 1.49647700 0.00000200 0.00000000 0.00000000 0.24545000
4 5.27847900 0.16554100 0.00000100 0.00000000 0.00000000 0.04851100
5 3.06561000 -12.65744000 1.08368000 2.12269900 1.26566500 -1.14230500
6 -6.21448200 -0.00000700 -0.00002700 -3.01738860 -0.88886167 1.72905086
7 11.94488200 0.00000000 0.00000100 -1.96761884 -0.46485135 1.56842001
8 10.62018100 0.00000200 0.00000000 0.64407502 0.20802757 2.91923913
9 -4.75110600 -0.69449400 0.83057700 0.08967600 -0.13098500 0.50038700
10 -1.68806800 0.00004600 -0.00003200 0.01671600 -0.01820000 0.69721500
11 -1.33614000 0.00005700 -0.00001200 0.02585500 -0.00498100 0.74325400
12 -4.82049400 -0.50946000 -0.22475900 -0.03127800 -0.08831000 0.88545800
13 -1.82699200 -0.00006400 0.00000600 -0.01893000 0.03570700 0.78653700
14 -1.43657300 0.00000600 0.00000200 -0.01017500 -0.07709500 0.03978900
15 -3.99235500 -0.89118800 -1.82790900 -0.35801500 0.10592100 1.28642800
16 -1.40591800 -0.00002500 -0.00000300 0.01423200 -0.02576700 0.37050100
17 -1.17535800 0.00012800 -0.00002000 0.02414000 0.06349200 0.26733300
18 -4.52675100 -0.69057500 -1.12074400 -0.15126300 -0.02698800 1.18332100
19 -1.74403800 0.00003300 -0.00000800 -0.00996000 -0.02781000 0.75209900
20 -1.36877100 0.00002500 0.00000200 0.00284900 0.05240600 -0.04949900
21 -1.87480000 -0.93512500 0.99917400 2.71530800 0.29281300 1.14742800
22 -1.62789200 0.15474677 0.01182400 -0.45142800 0.39058000 0.17554000
23 -1.59928500 0.00000400 0.00001600 0.05913200 -0.03395700 0.69875300
24 5.51181500 0.00000800 -0.00000100 1.60015654 0.00066794 3.14087266
25 0.19684700 -0.00000100 0.00000300 2.79340693 -0.00063312 -3.14144294
26 3.25266400 -11.66983600 -2.70820900 1.97586200 1.15990900 1.84280300
27 6.21448500 0.00000600 0.00002000 -0.75666374 0.86386134 -1.89416245
28 11.94488500 -0.00002900 -0.00019400 -0.99981427 -0.32376248 -1.16990863
29 10.62016600 0.00000200 0.00001000 -1.67612202 -0.58069148 -0.37270640
30 4.75115600 0.69437600 -0.83047300 -0.04117600 -0.18863600 0.60355500
31 1.68806500 -0.00002600 0.00000200 0.00262100 -0.02458500 1.33370800
32 1.33615100 -0.00005100 -0.00000900 0.01348100 -0.03626600 0.01365700
33 4.82051300 0.50934000 0.22486500 0.07478500 0.04514400 1.05758200
34 1.82699600 0.00006600 0.00000800 -0.00950200 0.03929900 1.03599800
35 1.43657700 -0.00001000 0.00000700 0.01323600 -0.00739800 -0.21985200
36 3.99235300 0.89108700 1.82799400 -0.32807200 -0.04594200 0.96946400
37 1.40591800 0.00002100 -0.00000700 -0.00225300 -0.02943200 0.95183300
38 1.17536900 -0.00013100 0.00000200 0.00681700 0.12305700 0.01097200
39 4.52675600 0.69046000 1.12084200 -0.13684300 0.00749600 1.02191100
40 1.74404100 -0.00003100 -0.00000200 -0.02263700 -0.01908800 1.28169000
41 1.36876300 -0.00003100 -0.00001700 -0.05058800 0.21380200 -0.54106800
42 2.00827897 1.42614977 -0.76232626 2.06590300 0.96199600 1.25446300
43 1.52344900 -0.00003400 -0.00000300 0.10930320 0.16632046 0.77417423
44 1.59928100 -0.00000200 0.00000900 0.07625000 0.03398500 0.40775500
45 5.51180600 -0.00000200 0.00000600 -0.23579700 0.00000500 0.00000700
46 0.19685000 0.00000300 -0.00000200 -0.34822500 0.00001500 -0.00000200
47 0.00000000 0.00000000 0.00000000 0.00000000 0.00000000 -1.57079600
48 -4.33264200 23.46635400 -4.02389200 0.00000000 0.00000000 -3.14156200
49 -5.08108144 44.15383268 -5.24246302 -0.43206893 1.16382521 2.55411624
50 -0.94675346 3.09897590 -4.38385238 1.39142500 0.76772300 -2.23544400
51 9.26444126 18.73909051 -11.60672000 0.00000000 0.00000000 0.00000000
52 -0.14427800 -0.01905500 0.77712700 0.00000000 0.00000000 0.00000000
53 -0.03040300 0.00000000 0.97060100 0.00000000 0.00000000 0.00000000
54 0.25083200 0.00887700 0.66073700 0.00000000 0.00000000 0.00000000
55 1.02156300 0.00000000 0.05472700 0.00000000 0.00000000 0.00000000
56 0.58919200 0.02250000 -0.43769800 0.00000000 0.00000000 0.00000000
57 0.06109300 -0.00834800 -1.09328200 0.00000000 0.00000000 0.00000000
58 -0.43080900 0.02895100 -0.96669100 0.00000000 0.00000000 0.00000000
59 -0.41086000 0.04068300 -1.16810300 0.00000000 0.00000000 0.00000000
60 -0.05530300 0.03252600 -2.02691900 0.00000000 0.00000000 0.00000000
61 0.28229000 -0.08289900 -1.34992400 0.00000000 0.00000000 0.00000000
62 0.99636700 -0.37373900 -0.37975200 0.00000000 0.00000000 0.00000000
63 5.29182100 -7.72295500 -27.65712900 0.81371100 -0.71543000 0.13770700
64 1.37038600 -0.02054000 1.25849300 0.00000200 0.00000000 0.00000100
65 0.15487200 -0.02709800 2.44212200 -0.07802400 0.05925800 0.12926400
66 0.00000100 0.00000200 0.99728300 0.00000000 0.00000000 0.00000000
67 0.00000000 0.00000200 1.00801400 0.00000000 0.00000000 0.00000000
68 2.06719000 3.60588200 2.07666800 2.85305200 -0.22672800 0.10415500
time 32
0 -0.00000100 7.45008900 -27.50902600 0.00000000 0.00000000 0.00003100
1 -0.00000200 0.00000000 0.00000000 1.57074300 -1.56713700 -1.57074300
2 4.25546800 -0.33518300 -0.00000200 0.00000000 0.00000000 -0.12484800
3 7.43124800 1.49647700 0.00000200 0.00000000 0.00000000 0.24545000
4 5.27847900 0.16554100 0.00000100 0.00000000 0.00000000 0.04851100
5 3.06561000 -12.65744000 1.08368000 2.12269900 1.26566500 -1.14230500
6 -6.21448200 -0.00000700 -0.00002700 -3.02280318 -0.88994989 1.73946313
7 11.94488200 0.00000000 0.00000100 -1.97162235 -0.46573072 1.57756784
8 10.62018100 0.00000200 0.00000000 0.64590450 0.20741210 2.92738702
9 -4.75110600 -0.69449400 0.83057700 0.08967600 -0.13098500 0.50038700
10 -1.68806800 0.00004600 -0.00003200 0.01671600 -0.01820000 0.69721500
11 -1.33614000 0.00005700 -0.00001200 0.02585500 -0.00498100 0.74325400
12 -4.82049400 -0.50946000 -0.22475900 -0.03127800 -0.08831000 0.88545800
13 -1.82699200 -0.00006400 0.00000600 -0.01893000 0.03570700 0.78653700
14 -1.43657300 0.00000600 0.00000200 -0.01017500 -0.07709500 0.03978900
15 -3.99235500 -0.89118800 -1.82790900 -0.35801500 0.10592100 1.28642800
16 -1.40591800 -0.00002500 -0.00000300 0.01423200 -0.02576700 0.37050100
17 -1.17535800 0.00012800 -0.00002000 0.02414000 0.06349200 0.26733300
18 -4.52675100 -0.69057500 -1.12074400 -0.15126300 -0.02698800 1.18332100
19 -1.74403800 0.00003300 -0.00000800 -0.00996000 -0.02781000 0.75209900
20 -1.36877100 0.00002500 0.00000200 0.00284900 0.05240600 -0.04949900
21 -1.87480000 -0.93512500 0.99917400 2.71530800 0.29281300 1.14742800
22 -1.62789200 0.15474677 0.01182400 -0.45142800 0.39058000 0.17554000
23 -1.59928500 0.00000400 0.00001600 0.05913200 -0.03395700 0.69875300
24 5.51181500 0.00000800 -0.00000100 1.60015654 0.00066794 3.14087266
25 0.19684700 -0.00000100 0.00000300 2.79340693 -0.00063312 -3.14144294
26 3.25266400 -11.66983600 -2.70820900 1.97586200 1.15990900 1.84280300
27 6.21448500 0.00000600 0.00002000 -0.75524753 0.86632158 -1.89782285
28 11.94488500 -0.00002900 -0.00019400 -0.99946342 -0.32255126 -1.17116614
29 10.62016600 0.00000200 0.00001000 -1.67805766 -0.58566557 -0.37933653
30 4.75115600 0.69437600 -0.83047300 -0.04117600 -0.18863600 0.60355500
31 1.68806500 -0.00002600 0.00000200 0.00262100 -0.02458500 1.33370800
32 1.33615100 -0.00005100 -0.00000900 0.01348100 -0.03626600 0.01365700
33 4.82051300 0.50934000 0.22486500 0.07478500 0.04514400 1.05758200
34 1.82699600 0.00006600 0.00000800 -0.00950200 0.03929900 1.03599800
35 1.43657700 -0.00001000 0.00000700 0.01323600 -0.00739800 -0.21985200
36 3.99235300 0.89108700 1.82799400 -0.32807200 -0.04594200 0.96946400
37 1.40591800 0.00002100 -0.00000700 -0.00225300 -0.02943200 0.95183300
38 1.17536900 -0.00013100 0.00000200 0.00681700 0.12305700 0.01097200
39 4.52675600 0.69046000 1.12084200 -0.13684300 0.00749600 1.02191100
40 1.74404100 -0.00003100 -0.00000200 -0.02263700 -0.01908800 1.28169000
41 1.36876300 -0.00003100 -0.00001700 -0.05058800 0.21380200 -0.54106800
42 2.00827897 1.42614977 -0.76232626 2.06590300 0.96199600 1.25446300
43 1.52344900 -0.00003400 -0.00000300 0.10930320 0.16632046 0.77417423
44 1.59928100 -0.00000200 0.00000900 0.07625000 0.03398500 0.40775500
45 5.51180600 -0.00000200 0.00000600 -0.23579700 0.00000500 0.00000700
46 0.19685000 0.00000300 -0.00000200 -0.34822500 0.00001500 -0.00000200
47 0.00000000 0.00000000 0.00000000 0.00000000 0.00000000 -1.57079600
48 -4.33264200 23.46635400 -4.02389200 0.00000000 0.00000000 -3.14156200
49 -4.99187517 44.11317465 -5.25077626 -0.44052148 1.16833024 2.54599222
50 -0.94675346 3.09897590 -4.38385238 1.39142500 0.76772300 -2.23544400
51 9.26444126 18.73909051 -11.60672000 0.00000000 0.00000000 0.00000000
52 -0.14427800 -0.01905500 0.77712700 0.00000000 0.00000000 0.00000000
53 -0.03040300 0.00000000 0.97060100 0.00000000 0.00000000 0.00000000
54 0.25083200 0.00887700 0.66073700 0.00000000 0.00000000 0.00000000
55 1.02156300 0.00000000 0.05472700 0.00000000 0.00000000 0.00000000
56 0.58919200 0.02250000 -0.43769800 0.00000000 0.00000000 0.00000000
57 0.06109300 -0.00834800 -1.09328200 0.00000000 0.00000000 0.00000000
58 -0.43080900 0.02895100 -0.96669100 0.00000000 0.00000000 0.00000000
59 -0.41086000 0.04068300 -1.16810300 0.00000000 0.00000000 0.00000000
60 -0.05530300 0.03252600 -2.02691900 0.00000000 0.00000000 0.00000000
61 0.28229000 -0.08289900 -1.34992400 0.00000000 0.00000000 0.00000000
62 0.99636700 -0.37373900 -0.37975200 0.00000000 0.00000000 0.00000000
63 5.29182100 -7.72295500 -27.65712900 0.81371100 -0.71543000 0.13770700
64 1.37038600 -0.02054000 1.25849300 0.00000200 0.00000000 0.00000100
65 0.15487200 -0.02709800 2.44212200 -0.07802400 0.05925800 0.12926400
66 0.00000100 0.00000200 0.99728300 0.00000000 0.00000000 0.00000000
67 0.00000000 0.00000200 1.00801400 0.00000000 0.00000000 0.00000000
68 2.06719000 3.60588200 2.07666800 2.85305200 -0.22672800 0.10415500
time 33
0 -0.00000100 7.45008900 -27.50902600 0.00000000 0.00000000 0.00003100
1 -0.00000200 0.00000000 0.00000000 1.57074300 -1.56713700 -1.57074300
2 4.25546800 -0.33518300 -0.00000200 0.00000000 0.00000000 -0.12484800
3 7.43124800 1.49647700 0.00000200 0.00000000 0.00000000 0.24545000
4 5.27847900 0.16554100 0.00000100 0.00000000 0.00000000 0.04851100
5 3.06561000 -12.65744000 1.08368000 2.12269900 1.26566500 -1.14230500
6 -6.21448200 -0.00000700 -0.00002700 -3.02845796 -0.89143538 1.74993418
7 11.94488200 0.00000000 0.00000100 -1.97523408 -0.46660195 1.58599716
8 10.62018100 0.00000200 0.00000000 0.64757001 0.20683562 2.93471805
9 -4.75110600 -0.69449400 0.83057700 0.08967600 -0.13098500 0.50038700
10 -1.68806800 0.00004600 -0.00003200 0.01671600 -0.01820000 0.69721500
11 -1.33614000 0.00005700 -0.00001200 0.02585500 -0.00498100 0.74325400
12 -4.82049400 -0.50946000 -0.22475900 -0.03127800 -0.08831000 0.88545800
13 -1.82699200 -0.00006400 0.00000600 -0.01893000 0.03570700 0.78653700
14 -1.43657300 0.00000600 0.00000200 -0.01017500 -0.07709500 0.03978900
15 -3.99235500 -0.89118800 -1.82790900 -0.35801500 0.10592100 1.28642800
16 -1.40591800 -0.00002500 -0.00000300 0.01423200 -0.02576700 0.37050100
17 -1.17535800 0.00012800 -0.00002000 0.02414000 0.06349200 0.26733300
18 -4.52675100 -0.69057500 -1.12074400 -0.15126300 -0.02698800 1.18332100
19 -1.74403800 0.00003300 -0.00000800 -0.00996000 -0.02781000 0.75209900
20 -1.36877100 0.00002500 0.00000200 0.00284900 0.05240600 -0.04949900
21 -1.87480000 -0.93512500 0.99917400 2.71530800 0.29281300 1.14742800
22 -1.62789200 0.15474677 0.01182400 -0.45142800 0.39058000 0.17554000
23 -1.59928500 0.00000400 0.00001600 0.05913200 -0.03395700 0.69875300
24 5.51181500 0.00000800 -0.00000100 1.60015654 0.00066794 3.14087266
25 0.19684700 -0.00000100 0.00000300 2.79340693 -0.00063312 -3.14144294
26 3.25266400 -11.66983600 -2.70820900 1.97586200 1.15990900 1.84280300
27 6.21448500 0.00000600 0.00002000 -0.75362342 0.86875824 -1.90137079
28 11.94488500 -0.00002900 -0.00019400 -0.99938525 -0.32129996 -1.17159362
29 10.62016600 0.00000200 0.00001000 -1.68040419 -0.59013297 -0.38541120
30 4.75115600 0.69437600 -0.83047300 -0.04117600 -0.18863600 0.60355500
31 1.68806500 -0.00002600 0.00000200 0.00262100 -0.02458500 1.33370800
32 1.33615100 -0.00005100 -0.00000900 0.01348100 -0.03626600 0.01365700
33 4.82051300 0.50934000 0.22486500 0.07478500 0.04514400 1.05758200
34 1.82699600 0.00006600 0.00000800 -0.00950200 0.03929900 1.03599800
35 1.43657700 -0.00001000 0.00000700 0.01323600 -0.00739800 -0.21985200
36 3.99235300 0.89108700 1.82799400 -0.32807200 -0.04594200 0.96946400
37 1.40591800 0.00002100 -0.00000700 -0.00225300 -0.02943200 0.95183300
38 1.17536900 -0.00013100 0.00000200 0.00681700 0.12305700 0.01097200
39 4.52675600 0.69046000 1.12084200 -0.13684300 0.00749600 1.02191100
40 1.74404100 -0.00003100 -0.00000200 -0.02263700 -0.01908800 1.28169000
41 1.36876300 -0.00003100 -0.00001700 -0.05058800 0.21380200 -0.54106800
42 2.00827897 1.42614977 -0.76232626 2.06590300 0.96199600 1.25446300
43 1.52344900 -0.00003400 -0.00000300 0.10930320 0.16632046 0.77417423
44 1.59928100 -0.00000200 0.00000900 0.07625000 0.03398500 0.40775500
45 5.51180600 -0.00000200 0.00000600 -0.23579700 0.00000500 0.00000700
46 0.19685000 0.00000300 -0.00000200 -0.34822500 0.00001500 -0.00000200
47 0.00000000 0.00000000 0.00000000 0.00000000 0.00000000 -1.57079600
48 -4.33264200 23.46635400 -4.02389200 0.00000000 0.00000000 -3.14156200
49 -4.90414997 44.07573427 -5.27128151 -0.44726098 1.17279968 2.53905163
50 -0.94675346 3.09897590 -4.38385238 1.39142500 0.76772300 -2.23544400
51 9.26444126 18.73909051 -11.60672000 0.00000000 0.00000000 0.00000000
52 -0.14427800 -0.01905500 0.77712700 0.00000000 0.00000000 0.00000000
53 -0.03040300 0.00000000 0.97060100 0.00000000 0.00000000 0.00000000
54 0.25083200 0.00887700 0.66073700 0.00000000 0.00000000 0.00000000
55 1.02156300 0.00000000 0.05472700 0.00000000 0.00000000 0.00000000
56 0.58919200 0.02250000 -0.43769800 0.00000000 0.00000000 0.00000000
57 0.06109300 -0.00834800 -1.09328200 0.00000000 0.00000000 0.00000000
58 -0.43080900 0.02895100 -0.96669100 0.00000000 0.00000000 0.00000000
59 -0.41086000 0.04068300 -1.16810300 0.00000000 0.00000000 0.00000000
60 -0.05530300 0.03252600 -2.02691900 0.00000000 0.00000000 0.00000000
61 0.28229000 -0.08289900 -1.34992400 0.00000000 0.00000000 0.00000000
62 0.99636700 -0.37373900 -0.37975200 0.00000000 0.00000000 0.00000000
63 5.29182100 -7.72295500 -27.65712900 0.81371100 -0.71543000 0.13770700
64 1.37038600 -0.02054000 1.25849300 0.00000200 0.00000000 0.00000100
65 0.15487200 -0.02709800 2.44212200 -0.07802400 0.05925800 0.12926400
66 0.00000100 0.00000200 0.99728300 0.00000000 0.00000000 0.00000000
67 0.00000000 0.00000200 1.00801400 0.00000000 0.00000000 0.00000000
68 2.06719000 3.60588200 2.07666800 2.85305200 -0.22672800 0.10415500
time 34
0 -0.00000100 7.45008900 -27.50902600 0.00000000 0.00000000 0.00003100
1 -0.00000200 0.00000000 0.00000000 1.57074300 -1.56713700 -1.57074300
2 4.25546800 -0.33518300 -0.00000200 0.00000000 0.00000000 -0.12484800
3 7.43124800 1.49647700 0.00000200 0.00000000 0.00000000 0.24545000
4 5.27847900 0.16554100 0.00000100 0.00000000 0.00000000 0.04851100
5 3.06561000 -12.65744000 1.08368000 2.12269900 1.26566500 -1.14230500
6 -6.21448200 -0.00000700 -0.00002700 -3.03553675 -0.89416184 1.76063098
7 11.94488200 0.00000000 0.00000100 -1.97811393 -0.46740335 1.59243985
8 10.62018100 0.00000200 0.00000000 0.64779675 0.20628387 2.93806876
9 -4.75110600 -0.69449400 0.83057700 0.08967600 -0.13098500 0.50038700
10 -1.68806800 0.00004600 -0.00003200 0.01671600 -0.01820000 0.69721500
11 -1.33614000 0.00005700 -0.00001200 0.02585500 -0.00498100 0.74325400
12 -4.82049400 -0.50946000 -0.22475900 -0.03127800 -0.08831000 0.88545800
13 -1.82699200 -0.00006400 0.00000600 -0.01893000 0.03570700 0.78653700
14 -1.43657300 0.00000600 0.00000200 -0.01017500 -0.07709500 0.03978900
15 -3.99235500 -0.89118800 -1.82790900 -0.35801500 0.10592100 1.28642800
16 -1.40591800 -0.00002500 -0.00000300 0.01423200 -0.02576700 0.37050100
17 -1.17535800 0.00012800 -0.00002000 0.02414000 0.06349200 0.26733300
18 -4.52675100 -0.69057500 -1.12074400 -0.15126300 -0.02698800 1.18332100
19 -1.74403800 0.00003300 -0.00000800 -0.00996000 -0.02781000 0.75209900
20 -1.36877100 0.00002500 0.00000200 0.00284900 0.05240600 -0.04949900
21 -1.87480000 -0.93512500 0.99917400 2.71530800 0.29281300 1.14742800
22 -1.62789200 0.15474677 0.01182400 -0.45142800 0.39058000 0.17554000
23 -1.59928500 0.00000400 0.00001600 0.05913200 -0.03395700 0.69875300
24 5.51181500 0.00000800 -0.00000100 1.60015654 0.00066794 3.14087266
25 0.19684700 -0.00000100 0.00000300 2.79340693 -0.00063312 -3.14144294
26 3.25266400 -11.66983600 -2.70820900 1.97586200 1.15990900 1.84280300
27 6.21448500 0.00000600 0.00002000 -0.75179387 0.87149410 -1.90425385
28 11.94488500 -0.00002900 -0.00019400 -0.99969271 -0.32035070 -1.17063929
29 10.62016600 0.00000200 0.00001000 -1.68193801 -0.59292028 -0.38952076
30 4.75115600 0.69437600 -0.83047300 -0.04117600 -0.18863600 0.60355500
31 1.68806500 -0.00002600 0.00000200 0.00262100 -0.02458500 1.33370800
32 1.33615100 -0.00005100 -0.00000900 0.01348100 -0.03626600 0.01365700
33 4.82051300 0.50934000 0.22486500 0.07478500 0.04514400 1.05758200
34 1.82699600 0.00006600 0.00000800 -0.00950200 0.03929900 1.03599800
35 1.43657700 -0.00001000 0.00000700 0.01323600 -0.00739800 -0.21985200
36 3.99235300 0.89108700 1.82799400 -0.32807200 -0.04594200 0.96946400
37 1.40591800 0.00002100 -0.00000700 -0.00225300 -0.02943200 0.95183300
38 1.17536900 -0.00013100 0.00000200 0.00681700 0.12305700 0.01097200
39 4.52675600 0.69046000 1.12084200 -0.13684300 0.00749600 1.02191100
40 1.74404100 -0.00003100 -0.00000200 -0.02263700 -0.01908800 1.28169000
41 1.36876300 -0.00003100 -0.00001700 -0.05058800 0.21380200 -0.54106800
42 2.00827897 1.42614977 -0.76232626 2.06590300 0.96199600 1.25446300
43 1.52344900 -0.00003400 -0.00000300 0.10930320 0.16632046 0.77417423
44 1.59928100 -0.00000200 0.00000900 0.07625000 0.03398500 0.40775500
45 5.51180600 -0.00000200 0.00000600 -0.23579700 0.00000500 0.00000700
46 0.19685000 0.00000300 -0.00000200 -0.34822500 0.00001500 -0.00000200
47 0.00000000 0.00000000 0.00000000 0.00000000 0.00000000 -1.57079600
48 -4.33264200 23.46635400 -4.02389200 0.00000000 0.00000000 -3.14156200
49 -4.82274300 44.04537863 -5.32381624 -0.44640365 1.17603559 2.53833154
50 -0.94675346 3.09897590 -4.38385238 1.39142500 0.76772300 -2.23544400
51 9.26444126 18.73909051 -11.60672000 0.00000000 0.00000000 0.00000000
52 -0.14427800 -0.01905500 0.77712700 0.00000000 0.00000000 0.00000000
53 -0.03040300 0.00000000 0.97060100 0.00000000 0.00000000 0.00000000
54 0.25083200 0.00887700 0.66073700 0.00000000 0.00000000 0.00000000
55 1.02156300 0.00000000 0.05472700 0.00000000 0.00000000 0.00000000
56 0.58919200 0.02250000 -0.43769800 0.00000000 0.00000000 0.00000000
57 0.06109300 -0.00834800 -1.09328200 0.00000000 0.00000000 0.00000000
58 -0.43080900 0.02895100 -0.96669100 0.00000000 0.00000000 0.00000000
59 -0.41086000 0.04068300 -1.16810300 0.00000000 0.00000000 0.00000000
60 -0.05530300 0.03252600 -2.02691900 0.00000000 0.00000000 0.00000000
61 0.28229000 -0.08289900 -1.34992400 0.00000000 0.00000000 0.00000000
62 0.99636700 -0.37373900 -0.37975200 0.00000000 0.00000000 0.00000000
63 5.29182100 -7.72295500 -27.65712900 0.81371100 -0.71543000 0.13770700
64 1.37038600 -0.02054000 1.25849300 0.00000200 0.00000000 0.00000100
65 0.15487200 -0.02709800 2.44212200 -0.07802400 0.05925800 0.12926400
66 0.00000100 0.00000200 0.99728300 0.00000000 0.00000000 0.00000000
67 0.00000000 0.00000200 1.00801400 0.00000000 0.00000000 0.00000000
68 2.06719000 3.60588200 2.07666800 2.85305200 -0.22672800 0.10415500
time 35
0 -0.00000100 7.45008900 -27.50902600 0.00000000 0.00000000 0.00003100
1 -0.00000200 0.00000000 0.00000000 1.57074300 -1.56713700 -1.57074300
2 4.25546800 -0.33518300 -0.00000200 0.00000000 0.00000000 -0.12484800
3 7.43124800 1.49647700 0.00000200 0.00000000 0.00000000 0.24545000
4 5.27847900 0.16554100 0.00000100 0.00000000 0.00000000 0.04851100
5 3.06561000 -12.65744000 1.08368000 2.12269900 1.26566500 -1.14230500
6 -6.21448200 -0.00000700 -0.00002700 -3.04248263 -0.89721717 1.77053412
7 11.94488200 0.00000000 0.00000100 -1.98007126 -0.46854209 1.59694449
8 10.62018100 0.00000200 0.00000000 0.64636927 0.20686684 2.93882091
9 -4.75110600 -0.69449400 0.83057700 0.08967600 -0.13098500 0.50038700
10 -1.68806800 0.00004600 -0.00003200 0.01671600 -0.01820000 0.69721500
11 -1.33614000 0.00005700 -0.00001200 0.02585500 -0.00498100 0.74325400
12 -4.82049400 -0.50946000 -0.22475900 -0.03127800 -0.08831000 0.88545800
13 -1.82699200 -0.00006400 0.00000600 -0.01893000 0.03570700 0.78653700
14 -1.43657300 0.00000600 0.00000200 -0.01017500 -0.07709500 0.03978900
15 -3.99235500 -0.89118800 -1.82790900 -0.35801500 0.10592100 1.28642800
16 -1.40591800 -0.00002500 -0.00000300 0.01423200 -0.02576700 0.37050100
17 -1.17535800 0.00012800 -0.00002000 0.02414000 0.06349200 0.26733300
18 -4.52675100 -0.69057500 -1.12074400 -0.15126300 -0.02698800 1.18332100
19 -1.74403800 0.00003300 -0.00000800 -0.00996000 -0.02781000 0.75209900
20 -1.36877100 0.00002500 0.00000200 0.00284900 0.05240600 -0.04949900
21 -1.87480000 -0.93512500 0.99917400 2.71530800 0.29281300 1.14742800
22 -1.62789200 0.15474677 0.01182400 -0.45142800 0.39058000 0.17554000
23 -1.59928500 0.00000400 0.00001600 0.05913200 -0.03395700 0.69875300
24 5.51181500 0.00000800 -0.00000100 1.60015654 0.00066794 3.14087266
25 0.19684700 -0.00000100 0.00000300 2.79340693 -0.00063312 -3.14144294
26 3.25266400 -11.66983600 -2.70820900 1.97586200 1.15990900 1.84280300
27 6.21448500 0.00000600 0.00002000 -0.74990019 0.87383696 -1.90671757
28 11.94488500 -0.00002900 -0.00019400 -1.00023867 -0.31954376 -1.16911439
29 10.62016600 0.00000200 0.00001000 -1.68152024 -0.59469362 -0.39336328
30 4.75115600 0.69437600 -0.83047300 -0.04117600 -0.18863600 0.60355500
31 1.68806500 -0.00002600 0.00000200 0.00262100 -0.02458500 1.33370800
32 1.33615100 -0.00005100 -0.00000900 0.01348100 -0.03626600 0.01365700
33 4.82051300 0.50934000 0.22486500 0.07478500 0.04514400 1.05758200
34 1.82699600 0.00006600 0.00000800 -0.00950200 0.03929900 1.03599800
35 1.43657700 -0.00001000 0.00000700 0.01323600 -0.00739800 -0.21985200
36 3.99235300 0.89108700 1.82799400 -0.32807200 -0.04594200 0.96946400
37 1.40591800 0.00002100 -0.00000700 -0.00225300 -0.02943200 0.95183300
38 1.17536900 -0.00013100 0.00000200 0.00681700 0.12305700 0.01097200
39 4.52675600 0.69046000 1.12084200 -0.13684300 0.00749600 1.02191100
40 1.74404100 -0.00003100 -0.00000200 -0.02263700 -0.01908800 1.28169000
41 1.36876300 -0.00003100 -0.00001700 -0.05058800 0.21380200 -0.54106800
42 2.00827897 1.42614977 -0.76232626 2.06590300 0.96199600 1.25446300
43 1.52344900 -0.00003400 -0.00000300 0.10930320 0.16632046 0.77417423
44 1.59928100 -0.00000200 0.00000900 0.07625000 0.03398500 0.40775500
45 5.51180600 -0.00000200 0.00000600 -0.23579700 0.00000500 0.00000700
46 0.19685000 0.00000300 -0.00000200 -0.34822500 0.00001500 -0.00000200
47 0.00000000 0.00000000 0.00000000 0.00000000 0.00000000 -1.57079600
48 -4.33264200 23.46635400 -4.02389200 0.00000000 0.00000000 -3.14156200
49 -4.74761770 44.02220762 -5.38264033 -0.44145475 1.17743654 2.54167244
50 -0.94675346 3.09897590 -4.38385238 1.39142500 0.76772300 -2.23544400
51 9.26444126 18.73909051 -11.60672000 0.00000000 0.00000000 0.00000000
52 -0.14427800 -0.01905500 0.77712700 0.00000000 0.00000000 0.00000000
53 -0.03040300 0.00000000 0.97060100 0.00000000 0.00000000 0.00000000
54 0.25083200 0.00887700 0.66073700 0.00000000 0.00000000 0.00000000
55 1.02156300 0.00000000 0.05472700 0.00000000 0.00000000 0.00000000
56 0.58919200 0.02250000 -0.43769800 0.00000000 0.00000000 0.00000000
57 0.06109300 -0.00834800 -1.09328200 0.00000000 0.00000000 0.00000000
58 -0.43080900 0.02895100 -0.96669100 0.00000000 0.00000000 0.00000000
59 -0.41086000 0.04068300 -1.16810300 0.00000000 0.00000000 0.00000000
60 -0.05530300 0.03252600 -2.02691900 0.00000000 0.00000000 0.00000000
61 0.28229000 -0.08289900 -1.34992400 0.00000000 0.00000000 0.00000000
62 0.99636700 -0.37373900 -0.37975200 0.00000000 0.00000000 0.00000000
63 5.29182100 -7.72295500 -27.65712900 0.81371100 -0.71543000 0.13770700
64 1.37038600 -0.02054000 1.25849300 0.00000200 0.00000000 0.00000100
65 0.15487200 -0.02709800 2.44212200 -0.07802400 0.05925800 0.12926400
66 0.00000100 0.00000200 0.99728300 0.00000000 0.00000000 0.00000000
67 0.00000000 0.00000200 1.00801400 0.00000000 0.00000000 0.00000000
68 2.06719000 3.60588200 2.07666800 2.85305200 -0.22672800 0.10415500
time 36
0 -0.00000100 7.45008900 -27.50902600 0.00000000 0.00000000 0.00003100
1 -0.00000200 0.00000000 0.00000000 1.57074300 -1.56713700 -1.57074300
2 4.25546800 -0.33518300 -0.00000200 0.00000000 0.00000000 -0.12484800
3 7.43124800 1.49647700 0.00000200 0.00000000 0.00000000 0.24545000
4 5.27847900 0.16554100 0.00000100 0.00000000 0.00000000 0.04851100
5 3.06561000 -12.65744000 1.08368000 2.12269900 1.26566500 -1.14230500
6 -6.21448200 -0.00000700 -0.00002700 -3.04923647 -0.90064989 1.77885156
7 11.94488200 0.00000000 0.00000100 -1.98108570 -0.46962873 1.59933925
8 10.62018100 0.00000200 0.00000000 0.64217151 0.20674506 2.93493778
9 -4.75110600 -0.69449400 0.83057700 0.08967600 -0.13098500 0.50038700
10 -1.68806800 0.00004600 -0.00003200 0.01671600 -0.01820000 0.69721500
11 -1.33614000 0.00005700 -0.00001200 0.02585500 -0.00498100 0.74325400
12 -4.82049400 -0.50946000 -0.22475900 -0.03127800 -0.08831000 0.88545800
13 -1.82699200 -0.00006400 0.00000600 -0.01893000 0.03570700 0.78653700
14 -1.43657300 0.00000600 0.00000200 -0.01017500 -0.07709500 0.03978900
15 -3.99235500 -0.89118800 -1.82790900 -0.35801500 0.10592100 1.28642800
16 -1.40591800 -0.00002500 -0.00000300 0.01423200 -0.02576700 0.37050100
17 -1.17535800 0.00012800 -0.00002000 0.02414000 0.06349200 0.26733300
18 -4.52675100 -0.69057500 -1.12074400 -0.15126300 -0.02698800 1.18332100
19 -1.74403800 0.00003300 -0.00000800 -0.00996000 -0.02781000 0.75209900
20 -1.36877100 0.00002500 0.00000200 0.00284900 0.05240600 -0.04949900
21 -1.87480000 -0.93512500 0.99917400 2.71530800 0.29281300 1.14742800
22 -1.62789200 0.15474677 0.01182400 -0.45142800 0.39058000 0.17554000
23 -1.59928500 0.00000400 0.00001600 0.05913200 -0.03395700 0.69875300
24 5.51181500 0.00000800 -0.00000100 1.60015654 0.00066794 3.14087266
25 0.19684700 -0.00000100 0.00000300 2.79340693 -0.00063312 -3.14144294
26 3.25266400 -11.66983600 -2.70820900 1.97586200 1.15990900 1.84280300
27 6.21448500 0.00000600 0.00002000 -0.74870130 0.87551160 -1.90849689
28 11.94488500 -0.00002900 -0.00019400 -1.00061237 -0.31909732 -1.16805095
29 10.62016600 0.00000200 0.00001000 -1.67748354 -0.59538014 -0.39415628
30 4.75115600 0.69437600 -0.83047300 -0.04117600 -0.18863600 0.60355500
31 1.68806500 -0.00002600 0.00000200 0.00262100 -0.02458500 1.33370800
32 1.33615100 -0.00005100 -0.00000900 0.01348100 -0.03626600 0.01365700
33 4.82051300 0.50934000 0.22486500 0.07478500 0.04514400 1.05758200
34 1.82699600 0.00006600 0.00000800 -0.00950200 0.03929900 1.03599800
35 1.43657700 -0.00001000 0.00000700 0.01323600 -0.00739800 -0.21985200
36 3.99235300 0.89108700 1.82799400 -0.32807200 -0.04594200 0.96946400
37 1.40591800 0.00002100 -0.00000700 -0.00225300 -0.02943200 0.95183300
38 1.17536900 -0.00013100 0.00000200 0.00681700 0.12305700 0.01097200
39 4.52675600 0.69046000 1.12084200 -0.13684300 0.00749600 1.02191100
40 1.74404100 -0.00003100 -0.00000200 -0.02263700 -0.01908800 1.28169000
41 1.36876300 -0.00003100 -0.00001700 -0.05058800 0.21380200 -0.54106800
42 2.00827897 1.42614977 -0.76232626 2.06590300 0.96199600 1.25446300
43 1.52344900 -0.00003400 -0.00000300 0.10930320 0.16632046 0.77417423
44 1.59928100 -0.00000200 0.00000900 0.07625000 0.03398500 0.40775500
45 5.51180600 -0.00000200 0.00000600 -0.23579700 0.00000500 0.00000700
46 0.19685000 0.00000300 -0.00000200 -0.34822500 0.00001500 -0.00000200
47 0.00000000 0.00000000 0.00000000 0.00000000 0.00000000 -1.57079600
48 -4.33264200 23.46635400 -4.02389200 0.00000000 0.00000000 -3.14156200
49 -4.68623075 44.00752441 -5.44323130 -0.42731157 1.17570866 2.55322161
50 -0.94675346 3.09897590 -4.38385238 1.39142500 0.76772300 -2.23544400
51 9.26444126 18.73909051 -11.60672000 0.00000000 0.00000000 0.00000000
52 -0.14427800 -0.01905500 0.77712700 0.00000000 0.00000000 0.00000000
53 -0.03040300 0.00000000 0.97060100 0.00000000 0.00000000 0.00000000
54 0.25083200 0.00887700 0.66073700 0.00000000 0.00000000 0.00000000
55 1.02156300 0.00000000 0.05472700 0.00000000 0.00000000 0.00000000
56 0.58919200 0.02250000 -0.43769800 0.00000000 0.00000000 0.00000000
57 0.06109300 -0.00834800 -1.09328200 0.00000000 0.00000000 0.00000000
58 -0.43080900 0.02895100 -0.96669100 0.00000000 0.00000000 0.00000000
59 -0.41086000 0.04068300 -1.16810300 0.00000000 0.00000000 0.00000000
60 -0.05530300 0.03252600 -2.02691900 0.00000000 0.00000000 0.00000000
61 0.28229000 -0.08289900 -1.34992400 0.00000000 0.00000000 0.00000000
62 0.99636700 -0.37373900 -0.37975200 0.00000000 0.00000000 0.00000000
63 5.29182100 -7.72295500 -27.65712900 0.81371100 -0.71543000 0.13770700
64 1.37038600 -0.02054000 1.25849300 0.00000200 0.00000000 0.00000100
65 0.15487200 -0.02709800 2.44212200 -0.07802400 0.05925800 0.12926400
66 0.00000100 0.00000200 0.99728300 0.00000000 0.00000000 0.00000000
67 0.00000000 0.00000200 1.00801400 0.00000000 0.00000000 0.00000000
68 2.06719000 3.60588200 2.07666800 2.85305200 -0.22672800 0.10415500
time 37
0 -0.00000100 7.45008900 -27.50902600 0.00000000 0.00000000 0.00003100
1 -0.00000200 0.00000000 0.00000000 1.57074300 -1.56713700 -1.57074300
2 4.25546800 -0.33518300 -0.00000200 0.00000000 0.00000000 -0.12484800
3 7.43124800 1.49647700 0.00000200 0.00000000 0.00000000 0.24545000
4 5.27847900 0.16554100 0.00000100 0.00000000 0.00000000 0.04851100
5 3.06561000 -12.65744000 1.08368000 2.12269900 1.26566500 -1.14230500
6 -6.21448200 -0.00000700 -0.00002700 -3.05514749 -0.90388641 1.78532160
7 11.94488200 0.00000000 0.00000100 -1.98105858 -0.47093620 1.59925012
8 10.62018100 0.00000200 0.00000000 0.63372414 0.20725601 2.92597195
9 -4.75110600 -0.69449400 0.83057700 0.08967600 -0.13098500 0.50038700
10 -1.68806800 0.00004600 -0.00003200 0.01671600 -0.01820000 0.69721500
11 -1.33614000 0.00005700 -0.00001200 0.02585500 -0.00498100 0.74325400
12 -4.82049400 -0.50946000 -0.22475900 -0.03127800 -0.08831000 0.88545800
13 -1.82699200 -0.00006400 0.00000600 -0.01893000 0.03570700 0.78653700
14 -1.43657300 0.00000600 0.00000200 -0.01017500 -0.07709500 0.03978900
15 -3.99235500 -0.89118800 -1.82790900 -0.35801500 0.10592100 1.28642800
16 -1.40591800 -0.00002500 -0.00000300 0.01423200 -0.02576700 0.37050100
17 -1.17535800 0.00012800 -0.00002000 0.02414000 0.06349200 0.26733300
18 -4.52675100 -0.69057500 -1.12074400 -0.15126300 -0.02698800 1.18332100
19 -1.74403800 0.00003300 -0.00000800 -0.00996000 -0.02781000 0.75209900
20 -1.36877100 0.00002500 0.00000200 0.00284900 0.05240600 -0.04949900
21 -1.87480000 -0.93512500 0.99917400 2.71530800 0.29281300 1.14742800
22 -1.62789200 0.15474677 0.01182400 -0.45142800 0.39058000 0.17554000
23 -1.59928500 0.00000400 0.00001600 0.05913200 -0.03395700 0.69875300
24 5.51181500 0.00000800 -0.00000100 1.60015654 0.00066794 3.14087266
25 0.19684700 -0.00000100 0.00000300 2.79340693 -0.00063312 -3.14144294
26 3.25266400 -11.66983600 -2.70820900 1.97586200 1.15990900 1.84280300
27 6.21448500 0.00000600 0.00002000 -0.74871697 0.87574072 -1.91028878
28 11.94488500 -0.00002900 -0.00019400 -1.00071810 -0.31894444 -1.16765270
29 10.62016600 0.00000200 0.00001000 -1.66766790 -0.59510822 -0.39322162
30 4.75115600 0.69437600 -0.83047300 -0.04117600 -0.18863600 0.60355500
31 1.68806500 -0.00002600 0.00000200 0.00262100 -0.02458500 1.33370800
32 1.33615100 -0.00005100 -0.00000900 0.01348100 -0.03626600 0.01365700
33 4.82051300 0.50934000 0.22486500 0.07478500 0.04514400 1.05758200
34 1.82699600 0.00006600 0.00000800 -0.00950200 0.03929900 1.03599800
35 1.43657700 -0.00001000 0.00000700 0.01323600 -0.00739800 -0.21985200
36 3.99235300 0.89108700 1.82799400 -0.32807200 -0.04594200 0.96946400
37 1.40591800 0.00002100 -0.00000700 -0.00225300 -0.02943200 0.95183300
38 1.17536900 -0.00013100 0.00000200 0.00681700 0.12305700 0.01097200
39 4.52675600 0.69046000 1.12084200 -0.13684300 0.00749600 1.02191100
40 1.74404100 -0.00003100 -0.00000200 -0.02263700 -0.01908800 1.28169000
41 1.36876300 -0.00003100 -0.00001700 -0.05058800 0.21380200 -0.54106800
42 2.00827897 1.42614977 -0.76232626 2.06590300 0.96199600 1.25446300
43 1.52344900 -0.00003400 -0.00000300 0.10930320 0.16632046 0.77417423
44 1.59928100 -0.00000200 0.00000900 0.07625000 0.03398500 0.40775500
45 5.51180600 -0.00000200 0.00000600 -0.23579700 0.00000500 0.00000700
46 0.19685000 0.00000300 -0.00000200 -0.34822500 0.00001500 -0.00000200
47 0.00000000 0.00000000 0.00000000 0.00000000 0.00000000 -1.57079600
48 -4.33264200 23.46635400 -4.02389200 0.00000000 0.00000000 -3.14156200
49 -4.63524454 44.00399058 -5.49043640 -0.40521023 1.16942480 2.57276516
50 -0.94675346 3.09897590 -4.38385238 1.39142500 0.76772300 -2.23544400
51 9.26444126 18.73909051 -11.60672000 0.00000000 0.00000000 0.00000000
52 -0.14427800 -0.01905500 0.77712700 0.00000000 0.00000000 0.00000000
53 -0.03040300 0.00000000 0.97060100 0.00000000 0.00000000 0.00000000
54 0.25083200 0.00887700 0.66073700 0.00000000 0.00000000 0.00000000
55 1.02156300 0.00000000 0.05472700 0.00000000 0.00000000 0.00000000
56 0.58919200 0.02250000 -0.43769800 0.00000000 0.00000000 0.00000000
57 0.06109300 -0.00834800 -1.09328200 0.00000000 0.00000000 0.00000000
58 -0.43080900 0.02895100 -0.96669100 0.00000000 0.00000000 0.00000000
59 -0.41086000 0.04068300 -1.16810300 0.00000000 0.00000000 0.00000000
60 -0.05530300 0.03252600 -2.02691900 0.00000000 0.00000000 0.00000000
61 0.28229000 -0.08289900 -1.34992400 0.00000000 0.00000000 0.00000000
62 0.99636700 -0.37373900 -0.37975200 0.00000000 0.00000000 0.00000000
63 5.29182100 -7.72295500 -27.65712900 0.81371100 -0.71543000 0.13770700
64 1.37038600 -0.02054000 1.25849300 0.00000200 0.00000000 0.00000100
65 0.15487200 -0.02709800 2.44212200 -0.07802400 0.05925800 0.12926400
66 0.00000100 0.00000200 0.99728300 0.00000000 0.00000000 0.00000000
67 0.00000000 0.00000200 1.00801400 0.00000000 0.00000000 0.00000000
68 2.06719000 3.60588200 2.07666800 2.85305200 -0.22672800 0.10415500
time 38
0 -0.00000100 7.45008900 -27.50902600 0.00000000 0.00000000 0.00003100
1 -0.00000200 0.00000000 0.00000000 1.57074300 -1.56713700 -1.57074300
2 4.25546800 -0.33518300 -0.00000200 0.00000000 0.00000000 -0.12484800
3 7.43124800 1.49647700 0.00000200 0.00000000 0.00000000 0.24545000
4 5.27847900 0.16554100 0.00000100 0.00000000 0.00000000 0.04851100
5 3.06561000 -12.65744000 1.08368000 2.12269900 1.26566500 -1.14230500
6 -6.21448200 -0.00000700 -0.00002700 -3.05974363 -0.90664465 1.78998020
7 11.94488200 0.00000000 0.00000100 -1.98033276 -0.47249408 1.59764736
8 10.62018100 0.00000200 0.00000000 0.62410821 0.20900023 2.91611040
9 -4.75110600 -0.69449400 0.83057700 0.08967600 -0.13098500 0.50038700
10 -1.68806800 0.00004600 -0.00003200 0.01671600 -0.01820000 0.69721500
11 -1.33614000 0.00005700 -0.00001200 0.02585500 -0.00498100 0.74325400
12 -4.82049400 -0.50946000 -0.22475900 -0.03127800 -0.08831000 0.88545800
13 -1.82699200 -0.00006400 0.00000600 -0.01893000 0.03570700 0.78653700
14 -1.43657300 0.00000600 0.00000200 -0.01017500 -0.07709500 0.03978900
15 -3.99235500 -0.89118800 -1.82790900 -0.35801500 0.10592100 1.28642800
16 -1.40591800 -0.00002500 -0.00000300 0.01423200 -0.02576700 0.37050100
17 -1.17535800 0.00012800 -0.00002000 0.02414000 0.06349200 0.26733300
18 -4.52675100 -0.69057500 -1.12074400 -0.15126300 -0.02698800 1.18332100
19 -1.74403800 0.00003300 -0.00000800 -0.00996000 -0.02781000 0.75209900
20 -1.36877100 0.00002500 0.00000200 0.00284900 0.05240600 -0.04949900
21 -1.87480000 -0.93512500 0.99917400 2.71530800 0.29281300 1.14742800
22 -1.62789200 0.15474677 0.01182400 -0.45142800 0.39058000 0.17554000
23 -1.59928500 0.00000400 0.00001600 0.05913200 -0.03395700 0.69875300
24 5.51181500 0.00000800 -0.00000100 1.60015654 0.00066794 3.14087266
25 0.19684700 -0.00000100 0.00000300 2.79340693 -0.00063312 -3.14144294
26 3.25266400 -11.66983600 -2.70820900 1.97586200 1.15990900 1.84280300
27 6.21448500 0.00000600 0.00002000 -0.74912090 0.87535339 -1.91205678
28 11.94488500 -0.00002900 -0.00019400 -1.00087733 -0.31893728 -1.16725510
29 10.62016600 0.00000200 0.00001000 -1.65610892 -0.59438738 -0.39278040
30 4.75115600 0.69437600 -0.83047300 -0.04117600 -0.18863600 0.60355500
31 1.68806500 -0.00002600 0.00000200 0.00262100 -0.02458500 1.33370800
32 1.33615100 -0.00005100 -0.00000900 0.01348100 -0.03626600 0.01365700
33 4.82051300 0.50934000 0.22486500 0.07478500 0.04514400 1.05758200
34 1.82699600 0.00006600 0.00000800 -0.00950200 0.03929900 1.03599800
35 1.43657700 -0.00001000 0.00000700 0.01323600 -0.00739800 -0.21985200
36 3.99235300 0.89108700 1.82799400 -0.32807200 -0.04594200 0.96946400
37 1.40591800 0.00002100 -0.00000700 -0.00225300 -0.02943200 0.95183300
38 1.17536900 -0.00013100 0.00000200 0.00681700 0.12305700 0.01097200
39 4.52675600 0.69046000 1.12084200 -0.13684300 0.00749600 1.02191100
40 1.74404100 -0.00003100 -0.00000200 -0.02263700 -0.01908800 1.28169000
41 1.36876300 -0.00003100 -0.00001700 -0.05058800 0.21380200 -0.54106800
42 2.00827897 1.42614977 -0.76232626 2.06590300 0.96199600 1.25446300
43 1.52344900 -0.00003400 -0.00000300 0.10930320 0.16632046 0.77417423
44 1.59928100 -0.00000200 0.00000900 0.07625000 0.03398500 0.40775500
45 5.51180600 -0.00000200 0.00000600 -0.23579700 0.00000500 0.00000700
46 0.19685000 0.00000300 -0.00000200 -0.34822500 0.00001500 -0.00000200
47 0.00000000 0.00000000 0.00000000 0.00000000 0.00000000 -1.57079600
48 -4.33264200 23.46635400 -4.02389200 0.00000000 0.00000000 -3.14156200
49 -4.59225268 44.00743777 -5.52707328 -0.38361338 1.16154125 2.59263330
50 -0.94675346 3.09897590 -4.38385238 1.39142500 0.76772300 -2.23544400
51 9.26444126 18.73909051 -11.60672000 0.00000000 0.00000000 0.00000000
52 -0.14427800 -0.01905500 0.77712700 0.00000000 0.00000000 0.00000000
53 -0.03040300 0.00000000 0.97060100 0.00000000 0.00000000 0.00000000
54 0.25083200 0.00887700 0.66073700 0.00000000 0.00000000 0.00000000
55 1.02156300 0.00000000 0.05472700 0.00000000 0.00000000 0.00000000
56 0.58919200 0.02250000 -0.43769800 0.00000000 0.00000000 0.00000000
57 0.06109300 -0.00834800 -1.09328200 0.00000000 0.00000000 0.00000000
58 -0.43080900 0.02895100 -0.96669100 0.00000000 0.00000000 0.00000000
59 -0.41086000 0.04068300 -1.16810300 0.00000000 0.00000000 0.00000000
60 -0.05530300 0.03252600 -2.02691900 0.00000000 0.00000000 0.00000000
61 0.28229000 -0.08289900 -1.34992400 0.00000000 0.00000000 0.00000000
62 0.99636700 -0.37373900 -0.37975200 0.00000000 0.00000000 0.00000000
63 5.29182100 -7.72295500 -27.65712900 0.81371100 -0.71543000 0.13770700
64 1.37038600 -0.02054000 1.25849300 0.00000200 0.00000000 0.00000100
65 0.15487200 -0.02709800 2.44212200 -0.07802400 0.05925800 0.12926400
66 0.00000100 0.00000200 0.99728300 0.00000000 0.00000000 0.00000000
67 0.00000000 0.00000200 1.00801400 0.00000000 0.00000000 0.00000000
68 2.06719000 3.60588200 2.07666800 2.85305200 -0.22672800 0.10415500
time 39
0 -0.00000100 7.45008900 -27.50902600 0.00000000 0.00000000 0.00003100
1 -0.00000200 0.00000000 0.00000000 1.57074300 -1.56713700 -1.57074300
2 4.25546800 -0.33518300 -0.00000200 0.00000000 0.00000000 -0.12484800
3 7.43124800 1.49647700 0.00000200 0.00000000 0.00000000 0.24545000
4 5.27847900 0.16554100 0.00000100 0.00000000 0.00000000 0.04851100
5 3.06561000 -12.65744000 1.08368000 2.12269900 1.26566500 -1.14230500
6 -6.21448200 -0.00000700 -0.00002700 -3.06146028 -0.90798038 1.79093331
7 11.94488200 0.00000000 0.00000100 -1.97933541 -0.47396918 1.59522939
8 10.62018100 0.00000200 0.00000000 0.61447354 0.20923285 2.90714477
9 -4.75110600 -0.69449400 0.83057700 0.08967600 -0.13098500 0.50038700
10 -1.68806800 0.00004600 -0.00003200 0.01671600 -0.01820000 0.69721500
11 -1.33614000 0.00005700 -0.00001200 0.02585500 -0.00498100 0.74325400
12 -4.82049400 -0.50946000 -0.22475900 -0.03127800 -0.08831000 0.88545800
13 -1.82699200 -0.00006400 0.00000600 -0.01893000 0.03570700 0.78653700
14 -1.43657300 0.00000600 0.00000200 -0.01017500 -0.07709500 0.03978900
15 -3.99235500 -0.89118800 -1.82790900 -0.35801500 0.10592100 1.28642800
16 -1.40591800 -0.00002500 -0.00000300 0.01423200 -0.02576700 0.37050100
17 -1.17535800 0.00012800 -0.00002000 0.02414000 0.06349200 0.26733300
18 -4.52675100 -0.69057500 -1.12074400 -0.15126300 -0.02698800 1.18332100
19 -1.74403800 0.00003300 -0.00000800 -0.00996000 -0.02781000 0.75209900
20 -1.36877100 0.00002500 0.00000200 0.00284900 0.05240600 -0.04949900
21 -1.87480000 -0.93512500 0.99917400 2.71530800 0.29281300 1.14742800
22 -1.62789200 0.15474677 0.01182400 -0.45142800 0.39058000 0.17554000
23 -1.59928500 0.00000400 0.00001600 0.05913200 -0.03395700 0.69875300
24 5.51181500 0.00000800 -0.00000100 1.60015654 0.00066794 3.14087266
25 0.19684700 -0.00000100 0.00000300 2.79340693 -0.00063312 -3.14144294
26 3.25266400 -11.66983600 -2.70820900 1.97586200 1.15990900 1.84280300
27 6.21448500 0.00000600 0.00002000 -0.75052651 0.87381222 -1.91329277
28 11.94488500 -0.00002900 -0.00019400 -1.00051687 -0.31914532 -1.16830609
29 10.62016600 0.00000200 0.00001000 -1.64394664 -0.59463966 -0.39043303
30 4.75115600 0.69437600 -0.83047300 -0.04117600 -0.18863600 0.60355500
31 1.68806500 -0.00002600 0.00000200 0.00262100 -0.02458500 1.33370800
32 1.33615100 -0.00005100 -0.00000900 0.01348100 -0.03626600 0.01365700
33 4.82051300 0.50934000 0.22486500 0.07478500 0.04514400 1.05758200
34 1.82699600 0.00006600 0.00000800 -0.00950200 0.03929900 1.03599800
35 1.43657700 -0.00001000 0.00000700 0.01323600 -0.00739800 -0.21985200
36 3.99235300 0.89108700 1.82799400 -0.32807200 -0.04594200 0.96946400
37 1.40591800 0.00002100 -0.00000700 -0.00225300 -0.02943200 0.95183300
38 1.17536900 -0.00013100 0.00000200 0.00681700 0.12305700 0.01097200
39 4.52675600 0.69046000 1.12084200 -0.13684300 0.00749600 1.02191100
40 1.74404100 -0.00003100 -0.00000200 -0.02263700 -0.01908800 1.28169000
41 1.36876300 -0.00003100 -0.00001700 -0.05058800 0.21380200 -0.54106800
42 2.00827897 1.42614977 -0.76232626 2.06590300 0.96199600 1.25446300
43 1.52344900 -0.00003400 -0.00000300 0.10930320 0.16632046 0.77417423
44 1.59928100 -0.00000200 0.00000900 0.07625000 0.03398500 0.40775500
45 5.51180600 -0.00000200 0.00000600 -0.23579700 0.00000500 0.00000700
46 0.19685000 0.00000300 -0.00000200 -0.34822500 0.00001500 -0.00000200
47 0.00000000 0.00000000 0.00000000 0.00000000 0.00000000 -1.57079600
48 -4.33264200 23.46635400 -4.02389200 0.00000000 0.00000000 -3.14156200
49 -4.57252738 44.01836674 -5.53152497 -0.36305008 1.15333248 2.61216662
50 -0.94675346 3.09897590 -4.38385238 1.39142500 0.76772300 -2.23544400
51 9.26444126 18.73909051 -11.60672000 0.00000000 0.00000000 0.00000000
52 -0.14427800 -0.01905500 0.77712700 0.00000000 0.00000000 0.00000000
53 -0.03040300 0.00000000 0.97060100 0.00000000 0.00000000 0.00000000
54 0.25083200 0.00887700 0.66073700 0.00000000 0.00000000 0.00000000
55 1.02156300 0.00000000 0.05472700 0.00000000 0.00000000 0.00000000
56 0.58919200 0.02250000 -0.43769800 0.00000000 0.00000000 0.00000000
57 0.06109300 -0.00834800 -1.09328200 0.00000000 0.00000000 0.00000000
58 -0.43080900 0.02895100 -0.96669100 0.00000000 0.00000000 0.00000000
59 -0.41086000 0.04068300 -1.16810300 0.00000000 0.00000000 0.00000000
60 -0.05530300 0.03252600 -2.02691900 0.00000000 0.00000000 0.00000000
61 0.28229000 -0.08289900 -1.34992400 0.00000000 0.00000000 0.00000000
62 0.99636700 -0.37373900 -0.37975200 0.00000000 0.00000000 0.00000000
63 5.29182100 -7.72295500 -27.65712900 0.81371100 -0.71543000 0.13770700
64 1.37038600 -0.02054000 1.25849300 0.00000200 0.00000000 0.00000100
65 0.15487200 -0.02709800 2.44212200 -0.07802400 0.05925800 0.12926400
66 0.00000100 0.00000200 0.99728300 0.00000000 0.00000000 0.00000000
67 0.00000000 0.00000200 1.00801400 0.00000000 0.00000000 0.00000000
68 2.06719000 3.60588200 2.07666800 2.85305200 -0.22672800 0.10415500
time 40
0 -0.00000100 7.45008900 -27.50902600 0.00000000 0.00000000 0.00003100
1 -0.00000200 0.00000000 0.00000000 1.57074300 -1.56713700 -1.57074300
2 4.25546800 -0.33518300 -0.00000200 0.00000000 0.00000000 -0.12484800
3 7.43124800 1.49647700 0.00000200 0.00000000 0.00000000 0.24545000
4 5.27847900 0.16554100 0.00000100 0.00000000 0.00000000 0.04851100
5 3.06561000 -12.65744000 1.08368000 2.12269900 1.26566500 -1.14230500
6 -6.21448200 -0.00000700 -0.00002700 -3.06300297 -0.90918748 1.79171503
7 11.94488200 0.00000000 0.00000100 -1.97784993 -0.47536174 1.59187049
8 10.62018100 0.00000200 0.00000000 0.60465825 0.21124756 2.89770719
9 -4.75110600 -0.69449400 0.83057700 0.08967600 -0.13098500 0.50038700
10 -1.68806800 0.00004600 -0.00003200 0.01671600 -0.01820000 0.69721500
11 -1.33614000 0.00005700 -0.00001200 0.02585500 -0.00498100 0.74325400
12 -4.82049400 -0.50946000 -0.22475900 -0.03127800 -0.08831000 0.88545800
13 -1.82699200 -0.00006400 0.00000600 -0.01893000 0.03570700 0.78653700
14 -1.43657300 0.00000600 0.00000200 -0.01017500 -0.07709500 0.03978900
15 -3.99235500 -0.89118800 -1.82790900 -0.35801500 0.10592100 1.28642800
16 -1.40591800 -0.00002500 -0.00000300 0.01423200 -0.02576700 0.37050100
17 -1.17535800 0.00012800 -0.00002000 0.02414000 0.06349200 0.26733300
18 -4.52675100 -0.69057500 -1.12074400 -0.15126300 -0.02698800 1.18332100
19 -1.74403800 0.00003300 -0.00000800 -0.00996000 -0.02781000 0.75209900
20 -1.36877100 0.00002500 0.00000200 0.00284900 0.05240600 -0.04949900
21 -1.87480000 -0.93512500 0.99917400 2.71530800 0.29281300 1.14742800
22 -1.62789200 0.15474677 0.01182349 -0.45142800 0.39058000 0.17554000
23 -1.59928500 0.00000400 0.00001600 0.05913200 -0.03395700 0.69875300
24 5.51181500 0.00000800 -0.00000100 1.60015654 0.00066794 3.14087266
25 0.19684700 -0.00000100 0.00000300 2.79340693 -0.00063312 -3.14144294
26 3.25266400 -11.66983600 -2.70820900 1.97586200 1.15990900 1.84280300
27 6.21448500 0.00000600 0.00002000 -0.75199935 0.87210192 -1.91471389
28 11.94488500 -0.00002900 -0.00019400 -1.00045912 -0.31923580 -1.16856745
29 10.62016600 0.00000200 0.00001000 -1.63176014 -0.59382177 -0.38955209
30 4.75115600 0.69437600 -0.83047300 -0.04117600 -0.18863600 0.60355500
31 1.68806500 -0.00002600 0.00000200 0.00262100 -0.02458500 1.33370800
32 1.33615100 -0.00005100 -0.00000900 0.01348100 -0.03626600 0.01365700
33 4.82051300 0.50934000 0.22486500 0.07478500 0.04514400 1.05758200
34 1.82699600 0.00006600 0.00000800 -0.00950200 0.03929900 1.03599800
35 1.43657700 -0.00001000 0.00000700 0.01323600 -0.00739800 -0.21985200
36 3.99235300 0.89108700 1.82799400 -0.32807200 -0.04594200 0.96946400
37 1.40591800 0.00002100 -0.00000700 -0.00225300 -0.02943200 0.95183300
38 1.17536900 -0.00013100 0.00000200 0.00681700 0.12305700 0.01097200
39 4.52675600 0.69046000 1.12084200 -0.13684300 0.00749600 1.02191100
40 1.74404100 -0.00003100 -0.00000200 -0.02263700 -0.01908800 1.28169000
41 1.36876300 -0.00003100 -0.00001700 -0.05058800 0.21380200 -0.54106800
42 2.00827897 1.42614951 -0.76232626 2.06590300 0.96199600 1.25446300
43 1.52344900 -0.00003400 -0.00000300 0.10930320 0.16632046 0.77417423
44 1.59928100 -0.00000200 0.00000900 0.07625000 0.03398500 0.40775500
45 5.51180600 -0.00000200 0.00000600 -0.23579700 0.00000500 0.00000700
46 0.19685000 0.00000300 -0.00000200 -0.34822500 0.00001500 -0.00000200
47 0.00000000 0.00000000 0.00000000 0.00000000 0.00000000 -1.57079600
48 -4.33264200 23.46635400 -4.02389200 0.00000000 0.00000000 -3.14156200
49 -4.55362615 44.03212926 -5.53662339 -0.34583894 1.14439490 2.62903803
50 -0.94675372 3.09897538 -4.38385238 1.39142500 0.76772300 -2.23544400
51 9.26444177 18.73909000 -11.60672000 0.00000000 0.00000000 0.00000000
52 -0.14427800 -0.01905500 0.77712700 0.00000000 0.00000000 0.00000000
53 -0.03040300 0.00000000 0.97060100 0.00000000 0.00000000 0.00000000
54 0.25083200 0.00887700 0.66073700 0.00000000 0.00000000 0.00000000
55 1.02156300 0.00000000 0.05472700 0.00000000 0.00000000 0.00000000
56 0.58919200 0.02250000 -0.43769800 0.00000000 0.00000000 0.00000000
57 0.06109300 -0.00834800 -1.09328200 0.00000000 0.00000000 0.00000000
58 -0.43080900 0.02895100 -0.96669100 0.00000000 0.00000000 0.00000000
59 -0.41086000 0.04068300 -1.16810300 0.00000000 0.00000000 0.00000000
60 -0.05530300 0.03252600 -2.02691900 0.00000000 0.00000000 0.00000000
61 0.28229000 -0.08289900 -1.34992400 0.00000000 0.00000000 0.00000000
62 0.99636700 -0.37373900 -0.37975200 0.00000000 0.00000000 0.00000000
63 5.29182100 -7.72295500 -27.65712900 0.81371100 -0.71543000 0.13770700
64 1.37038600 -0.02054000 1.25849300 0.00000200 0.00000000 0.00000100
65 0.15487200 -0.02709800 2.44212200 -0.07802400 0.05925800 0.12926400
66 0.00000100 0.00000200 0.99728300 0.00000000 0.00000000 0.00000000
67 0.00000000 0.00000200 1.00801400 0.00000000 0.00000000 0.00000000
68 2.06719000 3.60588200 2.07666800 2.85305200 -0.22672800 0.10415500
end
