version 1
nodes
0 "root" -1
1 "pelvis" 0
2 "spine_01" 1
3 "spine_02" 2
4 "spine_03" 3
5 "clavicle_r" 4
6 "upperarm_r" 5
7 "lowerarm_r" 6
8 "hand_r" 7
9 "index_01_r" 8
10 "index_02_r" 9
11 "index_03_r" 10
12 "middle_01_r" 8
13 "middle_02_r" 12
14 "middle_03_r" 13
15 "pinky_01_r" 8
16 "pinky_02_r" 15
17 "pinky_03_r" 16
18 "ring_01_r" 8
19 "ring_02_r" 18
20 "ring_03_r" 19
21 "thumb_01_r" 8
22 "thumb_02_r" 21
23 "thumb_03_r" 22
24 "lowerarm_twist_01_r" 7
25 "upperarm_twist_01_r" 6
26 "clavicle_l" 4
27 "upperarm_l" 26
28 "lowerarm_l" 27
29 "hand_l" 28
30 "index_01_l" 29
31 "index_02_l" 30
32 "index_03_l" 31
33 "middle_01_l" 29
34 "middle_02_l" 33
35 "middle_03_l" 34
36 "pinky_01_l" 29
37 "pinky_02_l" 36
38 "pinky_03_l" 37
39 "ring_01_l" 29
40 "ring_02_l" 39
41 "ring_03_l" 40
42 "thumb_01_l" 29
43 "thumb_02_l" 42
44 "thumb_03_l" 43
45 "lowerarm_twist_01_l" 28
46 "upperarm_twist_01_l" 27
47 "cam_driver" -1
48 "BaseRoot" -1
49 "Base" 48
50 "rhand_ikTarget" 49
51 "Trigger" 49
52 "Mag" 49
53 "Bullets" 52
54 "Lock" 49
55 "Bolt" 49
56 "Grenade" 49
57 "Grenade_Aimer" 49
58 "Grenade_AimerRot" 57
59 "GrenTrigger" 49
60 "Bayonet" 49
61 "lhand_ikTarget" 49
end
skeleton
time 0
0 -0.00000100 8.45008800 -27.50902600 0.00000000 0.00000000 0.00003100
1 -0.00000200 0.00000000 0.00000000 1.57074700 -1.56714200 -1.57074700
2 4.25546500 -0.33518400 -0.00000200 0.00000000 0.00000000 -0.12484800
3 7.43125000 1.49647900 0.00000200 0.00000000 0.00000000 0.24545000
4 5.27847900 0.16554300 0.00000100 0.00000000 0.00000000 0.04851100
5 -1.64873900 -13.09409500 6.31045600 1.97586600 1.15990900 -1.29878500
6 -6.21447800 -0.00001000 -0.00002700 -2.72870171 -0.69849391 1.23993354
7 11.94488800 -0.00000100 0.00000000 -0.40405952 -0.34289614 1.69420272
8 10.62018200 0.00000000 -0.00000100 0.84075649 -0.24884449 3.09861971
9 -4.75111000 -0.69449400 0.83057400 -0.13822700 -0.15282100 0.18761000
10 -1.68807000 0.00004500 -0.00003100 0.02141900 -0.01231500 0.38900200
11 -1.33613700 0.00005200 -0.00001200 0.02584200 0.00517300 0.35617200
12 -4.82049900 -0.50946000 -0.22476200 -0.34140000 -0.06545200 1.04871000
13 -1.82699000 -0.00006800 0.00000900 0.01748100 0.03646500 1.72004300
14 -1.43658100 0.00000900 0.00000000 -0.02382900 -0.07399300 0.22023700
15 -3.99236200 -0.89118700 -1.82790700 -0.59999900 0.19887300 1.32587600
16 -1.40592200 -0.00002800 -0.00000500 -0.01642200 -0.02447400 1.46410200
17 -1.17536100 0.00013100 -0.00002100 0.02747700 0.06211700 0.32120800
18 -4.52675700 -0.69057500 -1.12074700 -0.42612300 0.11490200 1.26431800
19 -1.74404400 0.00003500 -0.00001000 -0.02836300 -0.00827500 1.69883200
20 -1.36877000 0.00002600 0.00000600 0.01196900 0.05106200 0.12629600
21 -2.03839600 -0.89278700 0.93250500 2.31093700 0.31633100 0.79560400
22 -1.62789200 0.15474800 0.01182600 -0.13461700 0.15578500 0.35407600
23 -1.59928200 0.00000400 0.00001400 0.02557400 -0.03449400 0.91320200
24 5.51181700 0.00000400 -0.00000300 2.10369657 -0.09391486 3.10452831
25 0.19684500 -0.00000200 0.00000300 2.79340598 -0.00025039 -3.14152422
26 3.17271800 -9.89650400 -1.63169800 1.97586200 1.15991000 1.84280300
27 6.21448500 0.00001000 0.00002000 -1.32495449 0.73546033 -2.00050794
28 11.94489300 -0.00003100 -0.00018800 -0.24022939 -0.33656693 -1.18714439
29 10.62017300 0.00000700 0.00001300 -1.28506910 -0.57252258 -0.53360337
30 4.75115800 0.69437700 -0.83047100 0.18048000 0.08458500 -0.04631000
31 1.68806700 -0.00002600 0.00000200 0.01020900 -0.02253800 1.01235300
32 1.33614400 -0.00005400 -0.00000900 0.00924200 -0.03762600 0.12943000
33 4.82051400 0.50933900 0.22486700 -0.45840800 -0.06739700 1.35830800
34 1.82699800 0.00006600 0.00000700 -0.00578000 0.04005700 1.13019400
35 1.43658300 -0.00001000 0.00000700 0.00803200 -0.01282400 0.28205500
36 3.99235300 0.89108800 1.82799600 -0.66807500 0.18880800 1.43569600
37 1.40592200 0.00002500 -0.00000500 -0.01231800 -0.02677000 1.30554600
38 1.17536600 -0.00012800 0.00000100 0.00055400 0.12321500 -0.04010000
39 4.52675700 0.69046000 1.12084300 -0.56617200 0.05415700 1.39823200
40 1.74404400 -0.00003100 -0.00000200 -0.02711600 -0.01181500 1.57284300
41 1.36876500 -0.00003200 -0.00001700 -0.05843200 0.14760900 -0.56409900
42 1.80926900 0.89529200 -1.12011000 1.50484800 0.57391300 0.19969600
43 1.49513800 -0.24140500 0.04487900 -0.05674600 -0.02483000 0.31490500
44 1.57424400 -0.10445000 0.03324400 0.03848200 0.07413400 -0.26513200
45 5.51181200 -0.00000100 0.00000600 -1.02187100 0.00000000 0.00000000
46 0.19685000 0.00000000 0.00000100 -0.34822500 0.00001500 -0.00000200
47 0.00000000 1.00000000 0.00000000 0.00000000 0.00000000 -1.57079600
48 -3.18096000 33.22035600 -3.27546900 0.00000000 0.00000000 -3.14156200
49 -7.70802302 48.76193148 -0.89208144 0.40809022 0.25781552 -0.37642873
50 10.32282300 1.03202100 -4.47406600 0.49059400 1.12092400 1.98870900
51 3.73549500 0.00125700 -1.32376300 0.00000000 0.00000000 0.00000000
52 -0.00066900 -0.00054600 -1.33911600 0.00000000 0.00000000 0.00000000
53 0.04766100 0.00000000 0.67144200 0.00000000 0.00000000 0.00000000
54 4.80552600 0.89926700 -0.32590700 0.00000000 0.00000000 0.00000000
55 -1.55556500 -0.00054600 0.65577800 0.00000000 0.00000000 0.00000000
56 -10.74451400 -0.01507800 -1.91032200 0.00000000 0.00000000 0.00000000
57 -12.84329000 -0.84086100 -0.01736800 0.00000000 0.00000000 0.00000000
58 3.70964100 -0.39217800 -0.15646300 0.00000000 0.00000000 0.00000000
59 -6.09495200 -0.01507800 -1.88070700 0.00000000 0.00000000 0.00000000
60 -17.41236700 0.31651300 -0.95933400 0.00000000 0.00000000 0.00000000
61 -1.27686700 -2.47341800 -4.53473900 3.03773800 0.28589800 -2.04045200
time 1
0 -0.00000100 8.45008800 -27.50902600 0.00000000 0.00000000 0.00003100
1 -0.00000200 0.00000000 0.00000000 1.57074700 -1.56714200 -1.57074700
2 4.25546500 -0.33518400 -0.00000200 0.00000000 0.00000000 -0.12484800
3 7.43125000 1.49647900 0.00000200 0.00000000 0.00000000 0.24545000
4 5.27847900 0.16554300 0.00000100 0.00000000 0.00000000 0.04851100
5 -1.64873900 -13.09409500 6.31045600 1.97586600 1.15990900 -1.29878500
6 -6.21447800 -0.00001000 -0.00002700 -2.73008590 -0.69881821 1.24028762
7 11.94488800 -0.00000100 0.00000000 -0.40433039 -0.34288359 1.69506640
8 10.62018200 0.00000000 -0.00000100 0.83843004 -0.24788493 3.09664111
9 -4.75111000 -0.69449400 0.83057400 -0.13822700 -0.15282100 0.18761000
10 -1.68807000 0.00004500 -0.00003100 0.02141900 -0.01231500 0.38900200
11 -1.33613700 0.00005200 -0.00001200 0.02584200 0.00517300 0.35617200
12 -4.82049900 -0.50946000 -0.22476200 -0.34140000 -0.06545200 1.04871000
13 -1.82699000 -0.00006800 0.00000900 0.01748100 0.03646500 1.72004300
14 -1.43658100 0.00000900 0.00000000 -0.02382900 -0.07399300 0.22023700
15 -3.99236200 -0.89118700 -1.82790700 -0.59999900 0.19887300 1.32587600
16 -1.40592200 -0.00002800 -0.00000500 -0.01642200 -0.02447400 1.46410200
17 -1.17536100 0.00013100 -0.00002100 0.02747700 0.06211700 0.32120800
18 -4.52675700 -0.69057500 -1.12074700 -0.42612300 0.11490200 1.26431800
19 -1.74404400 0.00003500 -0.00001000 -0.02836300 -0.00827500 1.69883200
20 -1.36877000 0.00002600 0.00000600 0.01196900 0.05106200 0.12629600
21 -2.03839600 -0.89278700 0.93250500 2.31093700 0.31633100 0.79560400
22 -1.62789200 0.15474800 0.01182600 -0.13461700 0.15578500 0.35407600
23 -1.59928200 0.00000400 0.00001400 0.02557400 -0.03449400 0.91320200
24 5.51181700 0.00000400 -0.00000300 2.10369657 -0.09391486 3.10452831
25 0.19684500 -0.00000200 0.00000300 2.79340598 -0.00025039 -3.14152422
26 3.17271800 -9.89650400 -1.63169800 1.97586200 1.15991000 1.84280300
27 6.21448500 0.00001000 0.00002000 -1.32621619 0.73649433 -2.00034114
28 11.94489300 -0.00003100 -0.00018800 -0.23943487 -0.33570480 -1.18961113
29 10.62017300 0.00000700 0.00001300 -1.28281018 -0.57235142 -0.53116667
30 4.75115800 0.69437700 -0.83047100 0.18048000 0.08458500 -0.04631000
31 1.68806700 -0.00002600 0.00000200 0.01020900 -0.02253800 1.01235300
32 1.33614400 -0.00005400 -0.00000900 0.00924200 -0.03762600 0.12943000
33 4.82051400 0.50933900 0.22486700 -0.45840800 -0.06739700 1.35830800
34 1.82699800 0.00006600 0.00000700 -0.00578000 0.04005700 1.13019400
35 1.43658300 -0.00001000 0.00000700 0.00803200 -0.01282400 0.28205500
36 3.99235300 0.89108800 1.82799600 -0.66807500 0.18880800 1.43569600
37 1.40592200 0.00002500 -0.00000500 -0.01231800 -0.02677000 1.30554600
38 1.17536600 -0.00012800 0.00000100 0.00055400 0.12321500 -0.04010000
39 4.52675700 0.69046000 1.12084300 -0.56617200 0.05415700 1.39823200
40 1.74404400 -0.00003100 -0.00000200 -0.02711600 -0.01181500 1.57284300
41 1.36876500 -0.00003200 -0.00001700 -0.05843200 0.14760900 -0.56409900
42 1.80926900 0.89529200 -1.12011000 1.50484800 0.57391300 0.19969600
43 1.49513800 -0.24140500 0.04487900 -0.05674600 -0.02483000 0.31490500
44 1.57424400 -0.10445000 0.03324400 0.03848200 0.07413400 -0.26513200
45 5.51181200 -0.00000100 0.00000600 -1.02187100 0.00000000 0.00000000
46 0.19685000 0.00000000 0.00000100 -0.34822500 0.00001500 -0.00000200
47 0.00000000 1.00000000 0.00000000 0.00000000 0.00000000 -1.57079600
48 -3.18096000 33.22035600 -3.27546900 0.00000000 0.00000000 -3.14156200
49 -7.70902480 48.76193148 -0.89184480 0.40513145 0.25768969 -0.37656777
50 10.32282300 1.03202100 -4.47406600 0.49059400 1.12092400 1.98870900
51 3.73549500 0.00125700 -1.32376300 0.00000000 0.00000000 0.00000000
52 -0.00066900 -0.00054600 -1.33911600 0.00000000 0.00000000 0.00000000
53 0.04766100 0.00000000 0.67144200 0.00000000 0.00000000 0.00000000
54 4.80552600 0.89926700 -0.32590700 0.00000000 0.00000000 0.00000000
55 -1.55556500 -0.00054600 0.65577800 0.00000000 0.00000000 0.00000000
56 -10.74451400 -0.01507800 -1.91032200 0.00000000 0.00000000 0.00000000
57 -12.84329000 -0.84086100 -0.01736800 0.00000000 0.00000000 0.00000000
58 3.70964100 -0.39217800 -0.15646300 0.00000000 0.00000000 0.00000000
59 -6.09495200 -0.01507800 -1.88070700 0.00000000 0.00000000 0.00000000
60 -17.41236700 0.31651300 -0.95933400 0.00000000 0.00000000 0.00000000
61 -1.27686700 -2.47341800 -4.53473900 3.03773800 0.28589800 -2.04045200
time 2
0 -0.00000100 8.45008800 -27.50902600 0.00000000 0.00000000 0.00003100
1 -0.00000200 0.00000000 0.00000000 1.57074700 -1.56714200 -1.57074700
2 4.25546500 -0.33518400 -0.00000200 0.00000000 0.00000000 -0.12484800
3 7.43125000 1.49647900 0.00000200 0.00000000 0.00000000 0.24545000
4 5.27847900 0.16554300 0.00000100 0.00000000 0.00000000 0.04851100
5 -1.64873900 -13.09409500 6.31045600 1.97586600 1.15990900 -1.29878500
6 -6.21447800 -0.00001000 -0.00002700 -2.73143423 -0.69926730 1.24063235
7 11.94488800 -0.00000100 0.00000000 -0.40472845 -0.34285951 1.69629500
8 10.62018200 0.00000000 -0.00000100 0.83616474 -0.24716990 3.09434711
9 -4.75111000 -0.69449400 0.83057400 -0.13822700 -0.15282100 0.18761000
10 -1.68807000 0.00004500 -0.00003100 0.02141900 -0.01231500 0.38900200
11 -1.33613700 0.00005200 -0.00001200 0.02584200 0.00517300 0.35617200
12 -4.82049900 -0.50946000 -0.22476200 -0.34140000 -0.06545200 1.04871000
13 -1.82699000 -0.00006800 0.00000900 0.01748100 0.03646500 1.72004300
14 -1.43658100 0.00000900 0.00000000 -0.02382900 -0.07399300 0.22023700
15 -3.99236200 -0.89118700 -1.82790700 -0.59999900 0.19887300 1.32587600
16 -1.40592200 -0.00002800 -0.00000500 -0.01642200 -0.02447400 1.46410200
17 -1.17536100 0.00013100 -0.00002100 0.02747700 0.06211700 0.32120800
18 -4.52675700 -0.69057500 -1.12074700 -0.42612300 0.11490200 1.26431800
19 -1.74404400 0.00003500 -0.00001000 -0.02836300 -0.00827500 1.69883200
20 -1.36877000 0.00002600 0.00000600 0.01196900 0.05106200 0.12629600
21 -2.03839600 -0.89278700 0.93250500 2.31093700 0.31633100 0.79560400
22 -1.62789200 0.15474800 0.01182600 -0.13461700 0.15578500 0.35407600
23 -1.59928200 0.00000400 0.00001400 0.02557400 -0.03449400 0.91320200
24 5.51181700 0.00000400 -0.00000300 2.10369657 -0.09391486 3.10452831
25 0.19684500 -0.00000200 0.00000300 2.79340598 -0.00025039 -3.14152422
26 3.17271800 -9.89650400 -1.63169800 1.97586200 1.15991000 1.84280300
27 6.21448500 0.00001000 0.00002000 -1.32753925 0.73772155 -2.00013316
28 11.94489300 -0.00003100 -0.00018800 -0.23857982 -0.33492640 -1.19217138
29 10.62017300 0.00000700 0.00001300 -1.28082078 -0.57225246 -0.52852796
30 4.75115800 0.69437700 -0.83047100 0.18048000 0.08458500 -0.04631000
31 1.68806700 -0.00002600 0.00000200 0.01020900 -0.02253800 1.01235300
32 1.33614400 -0.00005400 -0.00000900 0.00924200 -0.03762600 0.12943000
33 4.82051400 0.50933900 0.22486700 -0.45840800 -0.06739700 1.35830800
34 1.82699800 0.00006600 0.00000700 -0.00578000 0.04005700 1.13019400
35 1.43658300 -0.00001000 0.00000700 0.00803200 -0.01282400 0.28205500
36 3.99235300 0.89108800 1.82799600 -0.66807500 0.18880800 1.43569600
37 1.40592200 0.00002500 -0.00000500 -0.01231800 -0.02677000 1.30554600
38 1.17536600 -0.00012800 0.00000100 0.00055400 0.12321500 -0.04010000
39 4.52675700 0.69046000 1.12084300 -0.56617200 0.05415700 1.39823200
40 1.74404400 -0.00003100 -0.00000200 -0.02711600 -0.01181500 1.57284300
41 1.36876500 -0.00003200 -0.00001700 -0.05843200 0.14760900 -0.56409900
42 1.80926900 0.89529200 -1.12011000 1.50484800 0.57391300 0.19969600
43 1.49513800 -0.24140500 0.04487900 -0.05674600 -0.02483000 0.31490500
44 1.57424400 -0.10445000 0.03324400 0.03848200 0.07413400 -0.26513200
45 5.51181200 -0.00000100 0.00000600 -1.02187100 0.00000000 0.00000000
46 0.19685000 0.00000000 0.00000100 -0.34822500 0.00001500 -0.00000200
47 0.00000000 1.00000000 0.00000000 0.00000000 0.00000000 -1.57079600
48 -3.18096000 33.22035600 -3.27546900 0.00000000 0.00000000 -3.14156200
49 -7.71099259 48.76193148 -0.89566716 0.40204296 0.25719329 -0.37678860
50 10.32282300 1.03202100 -4.47406600 0.49059400 1.12092400 1.98870900
51 3.73549500 0.00125700 -1.32376300 0.00000000 0.00000000 0.00000000
52 -0.00066900 -0.00054600 -1.33911600 0.00000000 0.00000000 0.00000000
53 0.04766100 0.00000000 0.67144200 0.00000000 0.00000000 0.00000000
54 4.80552600 0.89926700 -0.32590700 0.00000000 0.00000000 0.00000000
55 -1.55556500 -0.00054600 0.65577800 0.00000000 0.00000000 0.00000000
56 -10.74451400 -0.01507800 -1.91032200 0.00000000 0.00000000 0.00000000
57 -12.84329000 -0.84086100 -0.01736800 0.00000000 0.00000000 0.00000000
58 3.70964100 -0.39217800 -0.15646300 0.00000000 0.00000000 0.00000000
59 -6.09495200 -0.01507800 -1.88070700 0.00000000 0.00000000 0.00000000
60 -17.41236700 0.31651300 -0.95933400 0.00000000 0.00000000 0.00000000
61 -1.27686700 -2.47341800 -4.53473900 3.03773800 0.28589800 -2.04045200
time 3
0 -0.00000100 8.45008800 -27.50902600 0.00000000 0.00000000 0.00003100
1 -0.00000200 0.00000000 0.00000000 1.57074700 -1.56714200 -1.57074700
2 4.25546500 -0.33518400 -0.00000200 0.00000000 0.00000000 -0.12484800
3 7.43125000 1.49647900 0.00000200 0.00000000 0.00000000 0.24545000
4 5.27847900 0.16554300 0.00000100 0.00000000 0.00000000 0.04851100
5 -1.64873900 -13.09409500 6.31045600 1.97586600 1.15990900 -1.29878500
6 -6.21447800 -0.00001000 -0.00002700 -2.73296315 -0.69972357 1.24122614
7 11.94488800 -0.00000100 0.00000000 -0.40519170 -0.34282745 1.69763666
8 10.62018200 0.00000000 -0.00000100 0.83424683 -0.24669948 3.09190063
9 -4.75111000 -0.69449400 0.83057400 -0.13822700 -0.15282100 0.18761000
10 -1.68807000 0.00004500 -0.00003100 0.02141900 -0.01231500 0.38900200
11 -1.33613700 0.00005200 -0.00001200 0.02584200 0.00517300 0.35617200
12 -4.82049900 -0.50946000 -0.22476200 -0.34140000 -0.06545200 1.04871000
13 -1.82699000 -0.00006800 0.00000900 0.01748100 0.03646500 1.72004300
14 -1.43658100 0.00000900 0.00000000 -0.02382900 -0.07399300 0.22023700
15 -3.99236200 -0.89118700 -1.82790700 -0.59999900 0.19887300 1.32587600
16 -1.40592200 -0.00002800 -0.00000500 -0.01642200 -0.02447400 1.46410200
17 -1.17536100 0.00013100 -0.00002100 0.02747700 0.06211700 0.32120800
18 -4.52675700 -0.69057500 -1.12074700 -0.42612300 0.11490200 1.26431800
19 -1.74404400 0.00003500 -0.00001000 -0.02836300 -0.00827500 1.69883200
20 -1.36877000 0.00002600 0.00000600 0.01196900 0.05106200 0.12629600
21 -2.03839600 -0.89278700 0.93250500 2.31093700 0.31633100 0.79560400
22 -1.62789200 0.15474800 0.01182600 -0.13461700 0.15578500 0.35407600
23 -1.59928200 0.00000400 0.00001400 0.02557400 -0.03449400 0.91320200
24 5.51181700 0.00000400 -0.00000300 2.10369657 -0.09391486 3.10452831
25 0.19684500 -0.00000200 0.00000300 2.79340598 -0.00025039 -3.14152422
26 3.17271800 -9.89650400 -1.63169800 1.97586200 1.15991000 1.84280300
27 6.21448500 0.00001000 0.00002000 -1.32877422 0.73919498 -2.00003016
28 11.94489300 -0.00003100 -0.00018800 -0.23785740 -0.33414407 -1.19452081
29 10.62017300 0.00000700 0.00001300 -1.27921893 -0.57252535 -0.52614804
30 4.75115800 0.69437700 -0.83047100 0.18048000 0.08458500 -0.04631000
31 1.68806700 -0.00002600 0.00000200 0.01020900 -0.02253800 1.01235300
32 1.33614400 -0.00005400 -0.00000900 0.00924200 -0.03762600 0.12943000
33 4.82051400 0.50933900 0.22486700 -0.45840800 -0.06739700 1.35830800
34 1.82699800 0.00006600 0.00000700 -0.00578000 0.04005700 1.13019400
35 1.43658300 -0.00001000 0.00000700 0.00803200 -0.01282400 0.28205500
36 3.99235300 0.89108800 1.82799600 -0.66807500 0.18880800 1.43569600
37 1.40592200 0.00002500 -0.00000500 -0.01231800 -0.02677000 1.30554600
38 1.17536600 -0.00012800 0.00000100 0.00055400 0.12321500 -0.04010000
39 4.52675700 0.69046000 1.12084300 -0.56617200 0.05415700 1.39823200
40 1.74404400 -0.00003100 -0.00000200 -0.02711600 -0.01181500 1.57284300
41 1.36876500 -0.00003200 -0.00001700 -0.05843200 0.14760900 -0.56409900
42 1.80926900 0.89529200 -1.12011000 1.50484800 0.57391300 0.19969600
43 1.49513800 -0.24140500 0.04487900 -0.05674600 -0.02483000 0.31490500
44 1.57424400 -0.10445000 0.03324400 0.03848200 0.07413400 -0.26513200
45 5.51181200 -0.00000100 0.00000600 -1.02187100 0.00000000 0.00000000
46 0.19685000 0.00000000 0.00000100 -0.34822500 0.00001500 -0.00000200
47 0.00000000 1.00000000 0.00000000 0.00000000 0.00000000 -1.57079600
48 -3.18096000 33.22035600 -3.27546900 0.00000000 0.00000000 -3.14156200
49 -7.71414117 48.76193148 -0.90281267 0.39918171 0.25643208 -0.37706848
50 10.32282300 1.03202100 -4.47406600 0.49059400 1.12092400 1.98870900
51 3.73549500 0.00125700 -1.32376300 0.00000000 0.00000000 0.00000000
52 -0.00066900 -0.00054600 -1.33911600 0.00000000 0.00000000 0.00000000
53 0.04766100 0.00000000 0.67144200 0.00000000 0.00000000 0.00000000
54 4.80552600 0.89926700 -0.32590700 0.00000000 0.00000000 0.00000000
55 -1.55556500 -0.00054600 0.65577800 0.00000000 0.00000000 0.00000000
56 -10.74451400 -0.01507800 -1.91032200 0.00000000 0.00000000 0.00000000
57 -12.84329000 -0.84086100 -0.01736800 0.00000000 0.00000000 0.00000000
58 3.70964100 -0.39217800 -0.15646300 0.00000000 0.00000000 0.00000000
59 -6.09495200 -0.01507800 -1.88070700 0.00000000 0.00000000 0.00000000
60 -17.41236700 0.31651300 -0.95933400 0.00000000 0.00000000 0.00000000
61 -1.27686700 -2.47341800 -4.53473900 3.03773800 0.28589800 -2.04045200
time 4
0 -0.00000100 8.45008800 -27.50902600 0.00000000 0.00000000 0.00003100
1 -0.00000200 0.00000000 0.00000000 1.57074700 -1.56714200 -1.57074700
2 4.25546500 -0.33518400 -0.00000200 0.00000000 0.00000000 -0.12484800
3 7.43125000 1.49647900 0.00000200 0.00000000 0.00000000 0.24545000
4 5.27847900 0.16554300 0.00000100 0.00000000 0.00000000 0.04851100
5 -1.64873900 -13.09409500 6.31045600 1.97586600 1.15990900 -1.29878500
6 -6.21447800 -0.00001000 -0.00002700 -2.73408830 -0.70014006 1.24163483
7 11.94488800 -0.00000100 0.00000000 -0.40562591 -0.34278382 1.69875415
8 10.62018200 0.00000000 -0.00000100 0.83298596 -0.24684783 3.08966582
9 -4.75111000 -0.69449400 0.83057400 -0.13822700 -0.15282100 0.18761000
10 -1.68807000 0.00004500 -0.00003100 0.02141900 -0.01231500 0.38900200
11 -1.33613700 0.00005200 -0.00001200 0.02584200 0.00517300 0.35617200
12 -4.82049900 -0.50946000 -0.22476200 -0.34140000 -0.06545200 1.04871000
13 -1.82699000 -0.00006800 0.00000900 0.01748100 0.03646500 1.72004300
14 -1.43658100 0.00000900 0.00000000 -0.02382900 -0.07399300 0.22023700
15 -3.99236200 -0.89118700 -1.82790700 -0.59999900 0.19887300 1.32587600
16 -1.40592200 -0.00002800 -0.00000500 -0.01642200 -0.02447400 1.46410200
17 -1.17536100 0.00013100 -0.00002100 0.02747700 0.06211700 0.32120800
18 -4.52675700 -0.69057500 -1.12074700 -0.42612300 0.11490200 1.26431800
19 -1.74404400 0.00003500 -0.00001000 -0.02836300 -0.00827500 1.69883200
20 -1.36877000 0.00002600 0.00000600 0.01196900 0.05106200 0.12629600
21 -2.03839600 -0.89278700 0.93250500 2.31093700 0.31633100 0.79560400
22 -1.62789200 0.15474800 0.01182600 -0.13461700 0.15578500 0.35407600
23 -1.59928200 0.00000400 0.00001400 0.02557400 -0.03449400 0.91320200
24 5.51181700 0.00000400 -0.00000300 2.10369657 -0.09391486 3.10452831
25 0.19684500 -0.00000200 0.00000300 2.79340598 -0.00025039 -3.14152422
26 3.17271800 -9.89650400 -1.63169800 1.97586200 1.15991000 1.84280300
27 6.21448500 0.00001000 0.00002000 -1.32967419 0.74039864 -1.99987273
28 11.94489300 -0.00003100 -0.00018800 -0.23730997 -0.33350049 -1.19616073
29 10.62017300 0.00000700 0.00001300 -1.27863846 -0.57300618 -0.52418399
30 4.75115800 0.69437700 -0.83047100 0.18048000 0.08458500 -0.04631000
31 1.68806700 -0.00002600 0.00000200 0.01020900 -0.02253800 1.01235300
32 1.33614400 -0.00005400 -0.00000900 0.00924200 -0.03762600 0.12943000
33 4.82051400 0.50933900 0.22486700 -0.45840800 -0.06739700 1.35830800
34 1.82699800 0.00006600 0.00000700 -0.00578000 0.04005700 1.13019400
35 1.43658300 -0.00001000 0.00000700 0.00803200 -0.01282400 0.28205500
36 3.99235300 0.89108800 1.82799600 -0.66807500 0.18880800 1.43569600
37 1.40592200 0.00002500 -0.00000500 -0.01231800 -0.02677000 1.30554600
38 1.17536600 -0.00012800 0.00000100 0.00055400 0.12321500 -0.04010000
39 4.52675700 0.69046000 1.12084300 -0.56617200 0.05415700 1.39823200
40 1.74404400 -0.00003100 -0.00000200 -0.02711600 -0.01181500 1.57284300
41 1.36876500 -0.00003200 -0.00001700 -0.05843200 0.14760900 -0.56409900
42 1.80926900 0.89529200 -1.12011000 1.50484800 0.57391300 0.19969600
43 1.49513800 -0.24140500 0.04487900 -0.05674600 -0.02483000 0.31490500
44 1.57424400 -0.10445000 0.03324400 0.03848200 0.07413400 -0.26513200
45 5.51181200 -0.00000100 0.00000600 -1.02187100 0.00000000 0.00000000
46 0.19685000 0.00000000 0.00000100 -0.34822500 0.00001500 -0.00000200
47 0.00000000 1.00000000 0.00000000 0.00000000 0.00000000 -1.57079600
48 -3.18096000 33.22035600 -3.27546900 0.00000000 0.00000000 -3.14156200
49 -7.71887088 48.76193148 -0.91224893 0.39716496 0.25537581 -0.37749863
50 10.32282300 1.03202100 -4.47406600 0.49059400 1.12092400 1.98870900
51 3.73549500 0.00125700 -1.32376300 0.00000000 0.00000000 0.00000000
52 -0.00066900 -0.00054600 -1.33911600 0.00000000 0.00000000 0.00000000
53 0.04766100 0.00000000 0.67144200 0.00000000 0.00000000 0.00000000
54 4.80552600 0.89926700 -0.32590700 0.00000000 0.00000000 0.00000000
55 -1.55556500 -0.00054600 0.65577800 0.00000000 0.00000000 0.00000000
56 -10.74451400 -0.01507800 -1.91032200 0.00000000 0.00000000 0.00000000
57 -12.84329000 -0.84086100 -0.01736800 0.00000000 0.00000000 0.00000000
58 3.70964100 -0.39217800 -0.15646300 0.00000000 0.00000000 0.00000000
59 -6.09495200 -0.01507800 -1.88070700 0.00000000 0.00000000 0.00000000
60 -17.41236700 0.31651300 -0.95933400 0.00000000 0.00000000 0.00000000
61 -1.27686700 -2.47341800 -4.53473900 3.03773800 0.28589800 -2.04045200
time 5
0 -0.00000100 8.45008800 -27.50902600 0.00000000 0.00000000 0.00003100
1 -0.00000200 0.00000000 0.00000000 1.57074700 -1.56714200 -1.57074700
2 4.25546500 -0.33518400 -0.00000200 0.00000000 0.00000000 -0.12484800
3 7.43125000 1.49647900 0.00000200 0.00000000 0.00000000 0.24545000
4 5.27847900 0.16554300 0.00000100 0.00000000 0.00000000 0.04851100
5 -1.64873900 -13.09409500 6.31045600 1.97586600 1.15990900 -1.29878500
6 -6.21447800 -0.00001000 -0.00002700 -2.73525421 -0.70057404 1.24216840
7 11.94488800 -0.00000100 0.00000000 -0.40611723 -0.34267084 1.70023313
8 10.62018200 0.00000000 -0.00000100 0.83178141 -0.24716763 3.08715434
9 -4.75111000 -0.69449400 0.83057400 -0.13822700 -0.15282100 0.18761000
10 -1.68807000 0.00004500 -0.00003100 0.02141900 -0.01231500 0.38900200
11 -1.33613700 0.00005200 -0.00001200 0.02584200 0.00517300 0.35617200
12 -4.82049900 -0.50946000 -0.22476200 -0.34140000 -0.06545200 1.04871000
13 -1.82699000 -0.00006800 0.00000900 0.01748100 0.03646500 1.72004300
14 -1.43658100 0.00000900 0.00000000 -0.02382900 -0.07399300 0.22023700
15 -3.99236200 -0.89118700 -1.82790700 -0.59999900 0.19887300 1.32587600
16 -1.40592200 -0.00002800 -0.00000500 -0.01642200 -0.02447400 1.46410200
17 -1.17536100 0.00013100 -0.00002100 0.02747700 0.06211700 0.32120800
18 -4.52675700 -0.69057500 -1.12074700 -0.42612300 0.11490200 1.26431800
19 -1.74404400 0.00003500 -0.00001000 -0.02836300 -0.00827500 1.69883200
20 -1.36877000 0.00002600 0.00000600 0.01196900 0.05106200 0.12629600
21 -2.03839600 -0.89278700 0.93250500 2.31093700 0.31633100 0.79560400
22 -1.62789200 0.15474800 0.01182600 -0.13461700 0.15578500 0.35407600
23 -1.59928200 0.00000400 0.00001400 0.02557400 -0.03449400 0.91320200
24 5.51181700 0.00000400 -0.00000300 2.10369657 -0.09391486 3.10452831
25 0.19684500 -0.00000200 0.00000300 2.79340598 -0.00025039 -3.14152422
26 3.17271800 -9.89650400 -1.63169800 1.97586200 1.15991000 1.84280300
27 6.21448500 0.00001000 0.00002000 -1.33048015 0.74188574 -1.99957481
28 11.94489300 -0.00003100 -0.00018800 -0.23683667 -0.33290578 -1.19779425
29 10.62017300 0.00000700 0.00001300 -1.27818240 -0.57364976 -0.52221376
30 4.75115800 0.69437700 -0.83047100 0.18048000 0.08458500 -0.04631000
31 1.68806700 -0.00002600 0.00000200 0.01020900 -0.02253800 1.01235300
32 1.33614400 -0.00005400 -0.00000900 0.00924200 -0.03762600 0.12943000
33 4.82051400 0.50933900 0.22486700 -0.45840800 -0.06739700 1.35830800
34 1.82699800 0.00006600 0.00000700 -0.00578000 0.04005700 1.13019400
35 1.43658300 -0.00001000 0.00000700 0.00803200 -0.01282400 0.28205500
36 3.99235300 0.89108800 1.82799600 -0.66807500 0.18880800 1.43569600
37 1.40592200 0.00002500 -0.00000500 -0.01231800 -0.02677000 1.30554600
38 1.17536600 -0.00012800 0.00000100 0.00055400 0.12321500 -0.04010000
39 4.52675700 0.69046000 1.12084300 -0.56617200 0.05415700 1.39823200
40 1.74404400 -0.00003100 -0.00000200 -0.02711600 -0.01181500 1.57284300
41 1.36876500 -0.00003200 -0.00001700 -0.05843200 0.14760900 -0.56409900
42 1.80926900 0.89529200 -1.12011000 1.50484800 0.57391300 0.19969600
43 1.49513800 -0.24140500 0.04487900 -0.05674600 -0.02483000 0.31490500
44 1.57424400 -0.10445000 0.03324400 0.03848200 0.07413400 -0.26513200
45 5.51181200 -0.00000100 0.00000600 -1.02187100 0.00000000 0.00000000
46 0.19685000 0.00000000 0.00000100 -0.34822500 0.00001500 -0.00000200
47 0.00000000 1.00000000 0.00000000 0.00000000 0.00000000 -1.57079600
48 -3.18096000 33.22035600 -3.27546900 0.00000000 0.00000000 -3.14156200
49 -7.72436158 48.76193148 -0.92487418 0.39510920 0.25403229 -0.37789554
50 10.32282300 1.03202100 -4.47406600 0.49059400 1.12092400 1.98870900
51 3.73549500 0.00125700 -1.32376300 0.00000000 0.00000000 0.00000000
52 -0.00066900 -0.00054600 -1.33911600 0.00000000 0.00000000 0.00000000
53 0.04766100 0.00000000 0.67144200 0.00000000 0.00000000 0.00000000
54 4.80552600 0.89926700 -0.32590700 0.00000000 0.00000000 0.00000000
55 -1.55556500 -0.00054600 0.65577800 0.00000000 0.00000000 0.00000000
56 -10.74451400 -0.01507800 -1.91032200 0.00000000 0.00000000 0.00000000
57 -12.84329000 -0.84086100 -0.01736800 0.00000000 0.00000000 0.00000000
58 3.70964100 -0.39217800 -0.15646300 0.00000000 0.00000000 0.00000000
59 -6.09495200 -0.01507800 -1.88070700 0.00000000 0.00000000 0.00000000
60 -17.41236700 0.31651300 -0.95933400 0.00000000 0.00000000 0.00000000
61 -1.27686700 -2.47341800 -4.53473900 3.03773800 0.28589800 -2.04045200
time 6
0 -0.00000100 8.45008800 -27.50902600 0.00000000 0.00000000 0.00003100
1 -0.00000200 0.00000000 0.00000000 1.57074700 -1.56714200 -1.57074700
2 4.25546500 -0.33518400 -0.00000200 0.00000000 0.00000000 -0.12484800
3 7.43125000 1.49647900 0.00000200 0.00000000 0.00000000 0.24545000
4 5.27847900 0.16554300 0.00000100 0.00000000 0.00000000 0.04851100
5 -1.64873900 -13.09409500 6.31045600 1.97586600 1.15990900 -1.29878500
6 -6.21447800 -0.00001000 -0.00002700 -2.73648384 -0.70103826 1.24276635
7 11.94488800 -0.00000100 0.00000000 -0.40654970 -0.34255130 1.70160167
8 10.62018200 0.00000000 -0.00000100 0.83114843 -0.24778453 3.08467154
9 -4.75111000 -0.69449400 0.83057400 -0.13822700 -0.15282100 0.18761000
10 -1.68807000 0.00004500 -0.00003100 0.02141900 -0.01231500 0.38900200
11 -1.33613700 0.00005200 -0.00001200 0.02584200 0.00517300 0.35617200
12 -4.82049900 -0.50946000 -0.22476200 -0.34140000 -0.06545200 1.04871000
13 -1.82699000 -0.00006800 0.00000900 0.01748100 0.03646500 1.72004300
14 -1.43658100 0.00000900 0.00000000 -0.02382900 -0.07399300 0.22023700
15 -3.99236200 -0.89118700 -1.82790700 -0.59999900 0.19887300 1.32587600
16 -1.40592200 -0.00002800 -0.00000500 -0.01642200 -0.02447400 1.46410200
17 -1.17536100 0.00013100 -0.00002100 0.02747700 0.06211700 0.32120800
18 -4.52675700 -0.69057500 -1.12074700 -0.42612300 0.11490200 1.26431800
19 -1.74404400 0.00003500 -0.00001000 -0.02836300 -0.00827500 1.69883200
20 -1.36877000 0.00002600 0.00000600 0.01196900 0.05106200 0.12629600
21 -2.03839600 -0.89278700 0.93250500 2.31093700 0.31633100 0.79560400
22 -1.62789200 0.15474800 0.01182600 -0.13461700 0.15578500 0.35407600
23 -1.59928200 0.00000400 0.00001400 0.02557400 -0.03449400 0.91320200
24 5.51181700 0.00000400 -0.00000300 2.10369657 -0.09391486 3.10452831
25 0.19684500 -0.00000200 0.00000300 2.79340598 -0.00025039 -3.14152422
26 3.17271800 -9.89650400 -1.63169800 1.97586200 1.15991000 1.84280300
27 6.21448500 0.00001000 0.00002000 -1.33128386 0.74339230 -1.99942384
28 11.94489300 -0.00003100 -0.00018800 -0.23639103 -0.33250361 -1.19901469
29 10.62017300 0.00000700 0.00001300 -1.27835183 -0.57436753 -0.52068622
30 4.75115800 0.69437700 -0.83047100 0.18048000 0.08458500 -0.04631000
31 1.68806700 -0.00002600 0.00000200 0.01020900 -0.02253800 1.01235300
32 1.33614400 -0.00005400 -0.00000900 0.00924200 -0.03762600 0.12943000
33 4.82051400 0.50933900 0.22486700 -0.45840800 -0.06739700 1.35830800
34 1.82699800 0.00006600 0.00000700 -0.00578000 0.04005700 1.13019400
35 1.43658300 -0.00001000 0.00000700 0.00803200 -0.01282400 0.28205500
36 3.99235300 0.89108800 1.82799600 -0.66807500 0.18880800 1.43569600
37 1.40592200 0.00002500 -0.00000500 -0.01231800 -0.02677000 1.30554600
38 1.17536600 -0.00012800 0.00000100 0.00055400 0.12321500 -0.04010000
39 4.52675700 0.69046000 1.12084300 -0.56617200 0.05415700 1.39823200
40 1.74404400 -0.00003100 -0.00000200 -0.02711600 -0.01181500 1.57284300
41 1.36876500 -0.00003200 -0.00001700 -0.05843200 0.14760900 -0.56409900
42 1.80926900 0.89529200 -1.12011000 1.50484800 0.57391300 0.19969600
43 1.49513800 -0.24140500 0.04487900 -0.05674600 -0.02483000 0.31490500
44 1.57424400 -0.10445000 0.03324400 0.03848200 0.07413400 -0.26513200
45 5.51181200 -0.00000100 0.00000600 -1.02187100 0.00000000 0.00000000
46 0.19685000 0.00000000 0.00000100 -0.34822500 0.00001500 -0.00000200
47 0.00000000 1.00000000 0.00000000 0.00000000 0.00000000 -1.57079600
48 -3.18096000 33.22035600 -3.27546900 0.00000000 0.00000000 -3.14156200
49 -7.73141341 48.76193148 -0.94028398 0.39358955 0.25250554 -0.37844226
50 10.32282300 1.03202100 -4.47406600 0.49059400 1.12092400 1.98870900
51 3.73549500 0.00125700 -1.32376300 0.00000000 0.00000000 0.00000000
52 -0.00066900 -0.00054600 -1.33911600 0.00000000 0.00000000 0.00000000
53 0.04766100 0.00000000 0.67144200 0.00000000 0.00000000 0.00000000
54 4.80552600 0.89926700 -0.32590700 0.00000000 0.00000000 0.00000000
55 -1.55556500 -0.00054600 0.65577800 0.00000000 0.00000000 0.00000000
56 -10.74451400 -0.01507800 -1.91032200 0.00000000 0.00000000 0.00000000
57 -12.84329000 -0.84086100 -0.01736800 0.00000000 0.00000000 0.00000000
58 3.70964100 -0.39217800 -0.15646300 0.00000000 0.00000000 0.00000000
59 -6.09495200 -0.01507800 -1.88070700 0.00000000 0.00000000 0.00000000
60 -17.41236700 0.31651300 -0.95933400 0.00000000 0.00000000 0.00000000
61 -1.27686700 -2.47341800 -4.53473900 3.03773800 0.28589800 -2.04045200
time 7
0 -0.00000100 8.45008800 -27.50902600 0.00000000 0.00000000 0.00003100
1 -0.00000200 0.00000000 0.00000000 1.57074700 -1.56714200 -1.57074700
2 4.25546500 -0.33518400 -0.00000200 0.00000000 0.00000000 -0.12484800
3 7.43125000 1.49647900 0.00000200 0.00000000 0.00000000 0.24545000
4 5.27847900 0.16554300 0.00000100 0.00000000 0.00000000 0.04851100
5 -1.64873900 -13.09409500 6.31045600 1.97586600 1.15990900 -1.29878500
6 -6.21447800 -0.00001000 -0.00002700 -2.73761463 -0.70150355 1.24327586
7 11.94488800 -0.00000100 0.00000000 -0.40702709 -0.34246698 1.70302136
8 10.62018200 0.00000000 -0.00000100 0.83089240 -0.24854119 3.08223847
9 -4.75111000 -0.69449400 0.83057400 -0.13822700 -0.15282100 0.18761000
10 -1.68807000 0.00004500 -0.00003100 0.02141900 -0.01231500 0.38900200
11 -1.33613700 0.00005200 -0.00001200 0.02584200 0.00517300 0.35617200
12 -4.82049900 -0.50946000 -0.22476200 -0.34140000 -0.06545200 1.04871000
13 -1.82699000 -0.00006800 0.00000900 0.01748100 0.03646500 1.72004300
14 -1.43658100 0.00000900 0.00000000 -0.02382900 -0.07399300 0.22023700
15 -3.99236200 -0.89118700 -1.82790700 -0.59999900 0.19887300 1.32587600
16 -1.40592200 -0.00002800 -0.00000500 -0.01642200 -0.02447400 1.46410200
17 -1.17536100 0.00013100 -0.00002100 0.02747700 0.06211700 0.32120800
18 -4.52675700 -0.69057500 -1.12074700 -0.42612300 0.11490200 1.26431800
19 -1.74404400 0.00003500 -0.00001000 -0.02836300 -0.00827500 1.69883200
20 -1.36877000 0.00002600 0.00000600 0.01196900 0.05106200 0.12629600
21 -2.03839600 -0.89278700 0.93250500 2.31093700 0.31633100 0.79560400
22 -1.62789200 0.15474800 0.01182600 -0.13461700 0.15578500 0.35407600
23 -1.59928200 0.00000400 0.00001400 0.02557400 -0.03449400 0.91320200
24 5.51181700 0.00000400 -0.00000300 2.10369657 -0.09391486 3.10452831
25 0.19684500 -0.00000200 0.00000300 2.79340598 -0.00025039 -3.14152422
26 3.17271800 -9.89650400 -1.63169800 1.97586200 1.15991000 1.84280300
27 6.21448500 0.00001000 0.00002000 -1.33175940 0.74484768 -1.99921412
28 11.94489300 -0.00003100 -0.00018800 -0.23621218 -0.33220091 -1.19978541
29 10.62017300 0.00000700 0.00001300 -1.27907542 -0.57527138 -0.51934339
30 4.75115800 0.69437700 -0.83047100 0.18048000 0.08458500 -0.04631000
31 1.68806700 -0.00002600 0.00000200 0.01020900 -0.02253800 1.01235300
32 1.33614400 -0.00005400 -0.00000900 0.00924200 -0.03762600 0.12943000
33 4.82051400 0.50933900 0.22486700 -0.45840800 -0.06739700 1.35830800
34 1.82699800 0.00006600 0.00000700 -0.00578000 0.04005700 1.13019400
35 1.43658300 -0.00001000 0.00000700 0.00803200 -0.01282400 0.28205500
36 3.99235300 0.89108800 1.82799600 -0.66807500 0.18880800 1.43569600
37 1.40592200 0.00002500 -0.00000500 -0.01231800 -0.02677000 1.30554600
38 1.17536600 -0.00012800 0.00000100 0.00055400 0.12321500 -0.04010000
39 4.52675700 0.69046000 1.12084300 -0.56617200 0.05415700 1.39823200
40 1.74404400 -0.00003100 -0.00000200 -0.02711600 -0.01181500 1.57284300
41 1.36876500 -0.00003200 -0.00001700 -0.05843200 0.14760900 -0.56409900
42 1.80926900 0.89529200 -1.12011000 1.50484800 0.57391300 0.19969600
43 1.49513800 -0.24140500 0.04487900 -0.05674600 -0.02483000 0.31490500
44 1.57424400 -0.10445000 0.03324400 0.03848200 0.07413400 -0.26513200
45 5.51181200 -0.00000100 0.00000600 -1.02187100 0.00000000 0.00000000
46 0.19685000 0.00000000 0.00000100 -0.34822500 0.00001500 -0.00000200
47 0.00000000 1.00000000 0.00000000 0.00000000 0.00000000 -1.57079600
48 -3.18096000 33.22035600 -3.27546900 0.00000000 0.00000000 -3.14156200
49 -7.73981483 48.76193148 -0.95821025 0.39244148 0.25073020 -0.37897226
50 10.32282300 1.03202100 -4.47406600 0.49059400 1.12092400 1.98870900
51 3.73549500 0.00125700 -1.32376300 0.00000000 0.00000000 0.00000000
52 -0.00066900 -0.00054600 -1.33911600 0.00000000 0.00000000 0.00000000
53 0.04766100 0.00000000 0.67144200 0.00000000 0.00000000 0.00000000
54 4.80552600 0.89926700 -0.32590700 0.00000000 0.00000000 0.00000000
55 -1.55556500 -0.00054600 0.65577800 0.00000000 0.00000000 0.00000000
56 -10.74451400 -0.01507800 -1.91032200 0.00000000 0.00000000 0.00000000
57 -12.84329000 -0.84086100 -0.01736800 0.00000000 0.00000000 0.00000000
58 3.70964100 -0.39217800 -0.15646300 0.00000000 0.00000000 0.00000000
59 -6.09495200 -0.01507800 -1.88070700 0.00000000 0.00000000 0.00000000
60 -17.41236700 0.31651300 -0.95933400 0.00000000 0.00000000 0.00000000
61 -1.27686700 -2.47341800 -4.53473900 3.03773800 0.28589800 -2.04045200
time 8
0 -0.00000100 8.45008800 -27.50902600 0.00000000 0.00000000 0.00003100
1 -0.00000200 0.00000000 0.00000000 1.57074700 -1.56714200 -1.57074700
2 4.25546500 -0.33518400 -0.00000200 0.00000000 0.00000000 -0.12484800
3 7.43125000 1.49647900 0.00000200 0.00000000 0.00000000 0.24545000
4 5.27847900 0.16554300 0.00000100 0.00000000 0.00000000 0.04851100
5 -1.64873900 -13.09409500 6.31045600 1.97586600 1.15990900 -1.29878500
6 -6.21447800 -0.00001000 -0.00002700 -2.73893602 -0.70201179 1.24395388
7 11.94488800 -0.00000100 0.00000000 -0.40753745 -0.34248259 1.70456499
8 10.62018200 0.00000000 -0.00000100 0.83067937 -0.24949700 3.07962064
9 -4.75111000 -0.69449400 0.83057400 -0.13822700 -0.15282100 0.18761000
10 -1.68807000 0.00004500 -0.00003100 0.02141900 -0.01231500 0.38900200
11 -1.33613700 0.00005200 -0.00001200 0.02584200 0.00517300 0.35617200
12 -4.82049900 -0.50946000 -0.22476200 -0.34140000 -0.06545200 1.04871000
13 -1.82699000 -0.00006800 0.00000900 0.01748100 0.03646500 1.72004300
14 -1.43658100 0.00000900 0.00000000 -0.02382900 -0.07399300 0.22023700
15 -3.99236200 -0.89118700 -1.82790700 -0.59999900 0.19887300 1.32587600
16 -1.40592200 -0.00002800 -0.00000500 -0.01642200 -0.02447400 1.46410200
17 -1.17536100 0.00013100 -0.00002100 0.02747700 0.06211700 0.32120800
18 -4.52675700 -0.69057500 -1.12074700 -0.42612300 0.11490200 1.26431800
19 -1.74404400 0.00003500 -0.00001000 -0.02836300 -0.00827500 1.69883200
20 -1.36877000 0.00002600 0.00000600 0.01196900 0.05106200 0.12629600
21 -2.03839600 -0.89278700 0.93250500 2.31093700 0.31633100 0.79560400
22 -1.62789200 0.15474800 0.01182600 -0.13461700 0.15578500 0.35407600
23 -1.59928200 0.00000400 0.00001400 0.02557400 -0.03449400 0.91320200
24 5.51181700 0.00000400 -0.00000300 2.10369657 -0.09391486 3.10452831
25 0.19684500 -0.00000200 0.00000300 2.79340598 -0.00025039 -3.14152422
26 3.17271800 -9.89650400 -1.63169800 1.97586200 1.15991000 1.84280300
27 6.21448500 0.00001000 0.00002000 -1.33229092 0.74650732 -1.99896117
28 11.94489300 -0.00003100 -0.00018800 -0.23590727 -0.33192769 -1.20056933
29 10.62017300 0.00000700 0.00001300 -1.28005637 -0.57630008 -0.51787758
30 4.75115800 0.69437700 -0.83047100 0.18048000 0.08458500 -0.04631000
31 1.68806700 -0.00002600 0.00000200 0.01020900 -0.02253800 1.01235300
32 1.33614400 -0.00005400 -0.00000900 0.00924200 -0.03762600 0.12943000
33 4.82051400 0.50933900 0.22486700 -0.45840800 -0.06739700 1.35830800
34 1.82699800 0.00006600 0.00000700 -0.00578000 0.04005700 1.13019400
35 1.43658300 -0.00001000 0.00000700 0.00803200 -0.01282400 0.28205500
36 3.99235300 0.89108800 1.82799600 -0.66807500 0.18880800 1.43569600
37 1.40592200 0.00002500 -0.00000500 -0.01231800 -0.02677000 1.30554600
38 1.17536600 -0.00012800 0.00000100 0.00055400 0.12321500 -0.04010000
39 4.52675700 0.69046000 1.12084300 -0.56617200 0.05415700 1.39823200
40 1.74404400 -0.00003100 -0.00000200 -0.02711600 -0.01181500 1.57284300
41 1.36876500 -0.00003200 -0.00001700 -0.05843200 0.14760900 -0.56409900
42 1.80926900 0.89529200 -1.12011000 1.50484800 0.57391300 0.19969600
43 1.49513800 -0.24140500 0.04487900 -0.05674600 -0.02483000 0.31490500
44 1.57424400 -0.10445000 0.03324400 0.03848200 0.07413400 -0.26513200
45 5.51181200 -0.00000100 0.00000600 -1.02187100 0.00000000 0.00000000
46 0.19685000 0.00000000 0.00000100 -0.34822500 0.00001500 -0.00000200
47 0.00000000 1.00000000 0.00000000 0.00000000 0.00000000 -1.57079600
48 -3.18096000 33.22035600 -3.27546900 0.00000000 0.00000000 -3.14156200
49 -7.74876826 48.76193148 -0.97845252 0.39120801 0.24887247 -0.37961399
50 10.32282300 1.03202100 -4.47406600 0.49059400 1.12092400 1.98870900
51 3.73549500 0.00125700 -1.32376300 0.00000000 0.00000000 0.00000000
52 -0.00066900 -0.00054600 -1.33911600 0.00000000 0.00000000 0.00000000
53 0.04766100 0.00000000 0.67144200 0.00000000 0.00000000 0.00000000
54 4.80552600 0.89926700 -0.32590700 0.00000000 0.00000000 0.00000000
55 -1.55556500 -0.00054600 0.65577800 0.00000000 0.00000000 0.00000000
56 -10.74451400 -0.01507800 -1.91032200 0.00000000 0.00000000 0.00000000
57 -12.84329000 -0.84086100 -0.01736800 0.00000000 0.00000000 0.00000000
58 3.70964100 -0.39217800 -0.15646300 0.00000000 0.00000000 0.00000000
59 -6.09495200 -0.01507800 -1.88070700 0.00000000 0.00000000 0.00000000
60 -17.41236700 0.31651300 -0.95933400 0.00000000 0.00000000 0.00000000
61 -1.27686700 -2.47341800 -4.53473900 3.03773800 0.28589800 -2.04045200
time 9
0 -0.00000100 8.45008800 -27.50902600 0.00000000 0.00000000 0.00003100
1 -0.00000200 0.00000000 0.00000000 1.57074700 -1.56714200 -1.57074700
2 4.25546500 -0.33518400 -0.00000200 0.00000000 0.00000000 -0.12484800
3 7.43125000 1.49647900 0.00000200 0.00000000 0.00000000 0.24545000
4 5.27847900 0.16554300 0.00000100 0.00000000 0.00000000 0.04851100
5 -1.64873900 -13.09409500 6.31045600 1.97586600 1.15990900 -1.29878500
6 -6.21447800 -0.00001000 -0.00002700 -2.74033682 -0.70244450 1.24464567
7 11.94488800 -0.00000100 0.00000000 -0.40801369 -0.34243515 1.70590148
8 10.62018200 0.00000000 -0.00000100 0.83082353 -0.25024080 3.07714019
9 -4.75111000 -0.69449400 0.83057400 -0.13822700 -0.15282100 0.18761000
10 -1.68807000 0.00004500 -0.00003100 0.02141900 -0.01231500 0.38900200
11 -1.33613700 0.00005200 -0.00001200 0.02584200 0.00517300 0.35617200
12 -4.82049900 -0.50946000 -0.22476200 -0.34140000 -0.06545200 1.04871000
13 -1.82699000 -0.00006800 0.00000900 0.01748100 0.03646500 1.72004300
14 -1.43658100 0.00000900 0.00000000 -0.02382900 -0.07399300 0.22023700
15 -3.99236200 -0.89118700 -1.82790700 -0.59999900 0.19887300 1.32587600
16 -1.40592200 -0.00002800 -0.00000500 -0.01642200 -0.02447400 1.46410200
17 -1.17536100 0.00013100 -0.00002100 0.02747700 0.06211700 0.32120800
18 -4.52675700 -0.69057500 -1.12074700 -0.42612300 0.11490200 1.26431800
19 -1.74404400 0.00003500 -0.00001000 -0.02836300 -0.00827500 1.69883200
20 -1.36877000 0.00002600 0.00000600 0.01196900 0.05106200 0.12629600
21 -2.03839600 -0.89278700 0.93250500 2.31093700 0.31633100 0.79560400
22 -1.62789200 0.15474800 0.01182600 -0.13461700 0.15578500 0.35407600
23 -1.59928200 0.00000400 0.00001400 0.02557400 -0.03449400 0.91320200
24 5.51181700 0.00000400 -0.00000300 2.10369657 -0.09391486 3.10452831
25 0.19684500 -0.00000200 0.00000300 2.79340598 -0.00025039 -3.14152422
26 3.17271800 -9.89650400 -1.63169800 1.97586200 1.15991000 1.84280300
27 6.21448500 0.00001000 0.00002000 -1.33267904 0.74810296 -1.99859693
28 11.94489300 -0.00003100 -0.00018800 -0.23573519 -0.33185595 -1.20099100
29 10.62017300 0.00000700 0.00001300 -1.28151887 -0.57713936 -0.51671601
30 4.75115800 0.69437700 -0.83047100 0.18048000 0.08458500 -0.04631000
31 1.68806700 -0.00002600 0.00000200 0.01020900 -0.02253800 1.01235300
32 1.33614400 -0.00005400 -0.00000900 0.00924200 -0.03762600 0.12943000
33 4.82051400 0.50933900 0.22486700 -0.45840800 -0.06739700 1.35830800
34 1.82699800 0.00006600 0.00000700 -0.00578000 0.04005700 1.13019400
35 1.43658300 -0.00001000 0.00000700 0.00803200 -0.01282400 0.28205500
36 3.99235300 0.89108800 1.82799600 -0.66807500 0.18880800 1.43569600
37 1.40592200 0.00002500 -0.00000500 -0.01231800 -0.02677000 1.30554600
38 1.17536600 -0.00012800 0.00000100 0.00055400 0.12321500 -0.04010000
39 4.52675700 0.69046000 1.12084300 -0.56617200 0.05415700 1.39823200
40 1.74404400 -0.00003100 -0.00000200 -0.02711600 -0.01181500 1.57284300
41 1.36876500 -0.00003200 -0.00001700 -0.05843200 0.14760900 -0.56409900
42 1.80926900 0.89529200 -1.12011000 1.50484800 0.57391300 0.19969600
43 1.49513800 -0.24140500 0.04487900 -0.05674600 -0.02483000 0.31490500
44 1.57424400 -0.10445000 0.03324400 0.03848200 0.07413400 -0.26513200
45 5.51181200 -0.00000100 0.00000600 -1.02187100 0.00000000 0.00000000
46 0.19685000 0.00000000 0.00000100 -0.34822500 0.00001500 -0.00000200
47 0.00000000 1.00000000 0.00000000 0.00000000 0.00000000 -1.57079600
48 -3.18096000 33.22035600 -3.27546900 0.00000000 0.00000000 -3.14156200
49 -7.76050690 48.76193148 -1.00127021 0.39043762 0.24684909 -0.38022118
50 10.32282300 1.03202100 -4.47406600 0.49059400 1.12092400 1.98870900
51 3.73549500 0.00125700 -1.32376300 0.00000000 0.00000000 0.00000000
52 -0.00066900 -0.00054600 -1.33911600 0.00000000 0.00000000 0.00000000
53 0.04766100 0.00000000 0.67144200 0.00000000 0.00000000 0.00000000
54 4.80552600 0.89926700 -0.32590700 0.00000000 0.00000000 0.00000000
55 -1.55556500 -0.00054600 0.65577800 0.00000000 0.00000000 0.00000000
56 -10.74451400 -0.01507800 -1.91032200 0.00000000 0.00000000 0.00000000
57 -12.84329000 -0.84086100 -0.01736800 0.00000000 0.00000000 0.00000000
58 3.70964100 -0.39217800 -0.15646300 0.00000000 0.00000000 0.00000000
59 -6.09495200 -0.01507800 -1.88070700 0.00000000 0.00000000 0.00000000
60 -17.41236700 0.31651300 -0.95933400 0.00000000 0.00000000 0.00000000
61 -1.27686700 -2.47341800 -4.53473900 3.03773800 0.28589800 -2.04045200
time 10
0 -0.00000100 8.45008800 -27.50902600 0.00000000 0.00000000 0.00003100
1 -0.00000200 0.00000000 0.00000000 1.57074700 -1.56714200 -1.57074700
2 4.25546500 -0.33518400 -0.00000200 0.00000000 0.00000000 -0.12484800
3 7.43125000 1.49647900 0.00000200 0.00000000 0.00000000 0.24545000
4 5.27847900 0.16554300 0.00000100 0.00000000 0.00000000 0.04851100
5 -1.64873900 -13.09409500 6.31045600 1.97586600 1.15990900 -1.29878500
6 -6.21447800 -0.00001000 -0.00002700 -2.74175132 -0.70290405 1.24518949
7 11.94488800 -0.00000100 0.00000000 -0.40848323 -0.34236825 1.70727913
8 10.62018200 0.00000000 -0.00000100 0.83110359 -0.25112742 3.07454418
9 -4.75111000 -0.69449400 0.83057400 -0.13822700 -0.15282100 0.18761000
10 -1.68807000 0.00004500 -0.00003100 0.02141900 -0.01231500 0.38900200
11 -1.33613700 0.00005200 -0.00001200 0.02584200 0.00517300 0.35617200
12 -4.82049900 -0.50946000 -0.22476200 -0.34140000 -0.06545200 1.04871000
13 -1.82699000 -0.00006800 0.00000900 0.01748100 0.03646500 1.72004300
14 -1.43658100 0.00000900 0.00000000 -0.02382900 -0.07399300 0.22023700
15 -3.99236200 -0.89118700 -1.82790700 -0.59999900 0.19887300 1.32587600
16 -1.40592200 -0.00002800 -0.00000500 -0.01642200 -0.02447400 1.46410200
17 -1.17536100 0.00013100 -0.00002100 0.02747700 0.06211700 0.32120800
18 -4.52675700 -0.69057500 -1.12074700 -0.42612300 0.11490200 1.26431800
19 -1.74404400 0.00003500 -0.00001000 -0.02836300 -0.00827500 1.69883200
20 -1.36877000 0.00002600 0.00000600 0.01196900 0.05106200 0.12629600
21 -2.03839600 -0.89278700 0.93250500 2.31093700 0.31633100 0.79560400
22 -1.62789200 0.15474800 0.01182600 -0.13461700 0.15578500 0.35407600
23 -1.59928200 0.00000400 0.00001400 0.02557400 -0.03449400 0.91320200
24 5.51181700 0.00000400 -0.00000300 2.10369657 -0.09391486 3.10452831
25 0.19684500 -0.00000200 0.00000300 2.79340598 -0.00025039 -3.14152422
26 3.17271800 -9.89650400 -1.63169800 1.97586200 1.15991000 1.84280300
27 6.21448500 0.00001000 0.00002000 -1.33312201 0.74985176 -1.99834247
28 11.94489300 -0.00003100 -0.00018800 -0.23564753 -0.33175137 -1.20130803
29 10.62017300 0.00000700 0.00001300 -1.28320048 -0.57808778 -0.51563644
30 4.75115800 0.69437700 -0.83047100 0.18048000 0.08458500 -0.04631000
31 1.68806700 -0.00002600 0.00000200 0.01020900 -0.02253800 1.01235300
32 1.33614400 -0.00005400 -0.00000900 0.00924200 -0.03762600 0.12943000
33 4.82051400 0.50933900 0.22486700 -0.45840800 -0.06739700 1.35830800
34 1.82699800 0.00006600 0.00000700 -0.00578000 0.04005700 1.13019400
35 1.43658300 -0.00001000 0.00000700 0.00803200 -0.01282400 0.28205500
36 3.99235300 0.89108800 1.82799600 -0.66807500 0.18880800 1.43569600
37 1.40592200 0.00002500 -0.00000500 -0.01231800 -0.02677000 1.30554600
38 1.17536600 -0.00012800 0.00000100 0.00055400 0.12321500 -0.04010000
39 4.52675700 0.69046000 1.12084300 -0.56617200 0.05415700 1.39823200
40 1.74404400 -0.00003100 -0.00000200 -0.02711600 -0.01181500 1.57284300
41 1.36876500 -0.00003200 -0.00001700 -0.05843200 0.14760900 -0.56409900
42 1.80926900 0.89529200 -1.12011000 1.50484800 0.57391300 0.19969600
43 1.49513800 -0.24140500 0.04487900 -0.05674600 -0.02483000 0.31490500
44 1.57424400 -0.10445000 0.03324400 0.03848200 0.07413400 -0.26513200
45 5.51181200 -0.00000100 0.00000600 -1.02187100 0.00000000 0.00000000
46 0.19685000 0.00000000 0.00000100 -0.34822500 0.00001500 -0.00000200
47 0.00000000 1.00000000 0.00000000 0.00000000 0.00000000 -1.57079600
48 -3.18096000 33.22035600 -3.27546900 0.00000000 0.00000000 -3.14156200
49 -7.77317114 48.76193148 -1.02594809 0.38969514 0.24476914 -0.38093897
50 10.32282300 1.03202100 -4.47406600 0.49059400 1.12092400 1.98870900
51 3.73549500 0.00125700 -1.32376300 0.00000000 0.00000000 0.00000000
52 -0.00066900 -0.00054600 -1.33911600 0.00000000 0.00000000 0.00000000
53 0.04766100 0.00000000 0.67144200 0.00000000 0.00000000 0.00000000
54 4.80552600 0.89926700 -0.32590700 0.00000000 0.00000000 0.00000000
55 -1.55556500 -0.00054600 0.65577800 0.00000000 0.00000000 0.00000000
56 -10.74451400 -0.01507800 -1.91032200 0.00000000 0.00000000 0.00000000
57 -12.84329000 -0.84086100 -0.01736800 0.00000000 0.00000000 0.00000000
58 3.70964100 -0.39217800 -0.15646300 0.00000000 0.00000000 0.00000000
59 -6.09495200 -0.01507800 -1.88070700 0.00000000 0.00000000 0.00000000
60 -17.41236700 0.31651300 -0.95933400 0.00000000 0.00000000 0.00000000
61 -1.27686700 -2.47341800 -4.53473900 3.03773800 0.28589800 -2.04045200
time 11
0 -0.00000100 8.45008800 -27.50902600 0.00000000 0.00000000 0.00003100
1 -0.00000200 0.00000000 0.00000000 1.57074700 -1.56714200 -1.57074700
2 4.25546500 -0.33518400 -0.00000200 0.00000000 0.00000000 -0.12484800
3 7.43125000 1.49647900 0.00000200 0.00000000 0.00000000 0.24545000
4 5.27847900 0.16554300 0.00000100 0.00000000 0.00000000 0.04851100
5 -1.64873900 -13.09409500 6.31045600 1.97586600 1.15990900 -1.29878500
6 -6.21447800 -0.00001000 -0.00002700 -2.74328488 -0.70345929 1.24588206
7 11.94488800 -0.00000100 0.00000000 -0.40894427 -0.34229942 1.70863345
8 10.62018200 0.00000000 -0.00000100 0.83143732 -0.25214649 3.07189888
9 -4.75111000 -0.69449400 0.83057400 -0.13822700 -0.15282100 0.18761000
10 -1.68807000 0.00004500 -0.00003100 0.02141900 -0.01231500 0.38900200
11 -1.33613700 0.00005200 -0.00001200 0.02584200 0.00517300 0.35617200
12 -4.82049900 -0.50946000 -0.22476200 -0.34140000 -0.06545200 1.04871000
13 -1.82699000 -0.00006800 0.00000900 0.01748100 0.03646500 1.72004300
14 -1.43658100 0.00000900 0.00000000 -0.02382900 -0.07399300 0.22023700
15 -3.99236200 -0.89118700 -1.82790700 -0.59999900 0.19887300 1.32587600
16 -1.40592200 -0.00002800 -0.00000500 -0.01642200 -0.02447400 1.46410200
17 -1.17536100 0.00013100 -0.00002100 0.02747700 0.06211700 0.32120800
18 -4.52675700 -0.69057500 -1.12074700 -0.42612300 0.11490200 1.26431800
19 -1.74404400 0.00003500 -0.00001000 -0.02836300 -0.00827500 1.69883200
20 -1.36877000 0.00002600 0.00000600 0.01196900 0.05106200 0.12629600
21 -2.03839600 -0.89278700 0.93250500 2.31093700 0.31633100 0.79560400
22 -1.62789200 0.15474800 0.01182600 -0.13461700 0.15578500 0.35407600
23 -1.59928200 0.00000400 0.00001400 0.02557400 -0.03449400 0.91320200
24 5.51181700 0.00000400 -0.00000300 2.10369657 -0.09391486 3.10452831
25 0.19684500 -0.00000200 0.00000300 2.79340598 -0.00025039 -3.14152422
26 3.17271800 -9.89650400 -1.63169800 1.97586200 1.15991000 1.84280300
27 6.21448500 0.00001000 0.00002000 -1.33355506 0.75158007 -1.99808005
28 11.94489300 -0.00003100 -0.00018800 -0.23557786 -0.33179923 -1.20168657
29 10.62017300 0.00000700 0.00001300 -1.28504842 -0.57911519 -0.51449920
30 4.75115800 0.69437700 -0.83047100 0.18048000 0.08458500 -0.04631000
31 1.68806700 -0.00002600 0.00000200 0.01020900 -0.02253800 1.01235300
32 1.33614400 -0.00005400 -0.00000900 0.00924200 -0.03762600 0.12943000
33 4.82051400 0.50933900 0.22486700 -0.45840800 -0.06739700 1.35830800
34 1.82699800 0.00006600 0.00000700 -0.00578000 0.04005700 1.13019400
35 1.43658300 -0.00001000 0.00000700 0.00803200 -0.01282400 0.28205500
36 3.99235300 0.89108800 1.82799600 -0.66807500 0.18880800 1.43569600
37 1.40592200 0.00002500 -0.00000500 -0.01231800 -0.02677000 1.30554600
38 1.17536600 -0.00012800 0.00000100 0.00055400 0.12321500 -0.04010000
39 4.52675700 0.69046000 1.12084300 -0.56617200 0.05415700 1.39823200
40 1.74404400 -0.00003100 -0.00000200 -0.02711600 -0.01181500 1.57284300
41 1.36876500 -0.00003200 -0.00001700 -0.05843200 0.14760900 -0.56409900
42 1.80926900 0.89529200 -1.12011000 1.50484800 0.57391300 0.19969600
43 1.49513800 -0.24140500 0.04487900 -0.05674600 -0.02483000 0.31490500
44 1.57424400 -0.10445000 0.03324400 0.03848200 0.07413400 -0.26513200
45 5.51181200 -0.00000100 0.00000600 -1.02187100 0.00000000 0.00000000
46 0.19685000 0.00000000 0.00000100 -0.34822500 0.00001500 -0.00000200
47 0.00000000 1.00000000 0.00000000 0.00000000 0.00000000 -1.57079600
48 -3.18096000 33.22035600 -3.27546900 0.00000000 0.00000000 -3.14156200
49 -7.78641187 48.76193148 -1.05218247 0.38892453 0.24251286 -0.38169343
50 10.32282300 1.03202100 -4.47406600 0.49059400 1.12092400 1.98870900
51 3.73549500 0.00125700 -1.32376300 0.00000000 0.00000000 0.00000000
52 -0.00066900 -0.00054600 -1.33911600 0.00000000 0.00000000 0.00000000
53 0.04766100 0.00000000 0.67144200 0.00000000 0.00000000 0.00000000
54 4.80552600 0.89926700 -0.32590700 0.00000000 0.00000000 0.00000000
55 -1.55556500 -0.00054600 0.65577800 0.00000000 0.00000000 0.00000000
56 -10.74451400 -0.01507800 -1.91032200 0.00000000 0.00000000 0.00000000
57 -12.84329000 -0.84086100 -0.01736800 0.00000000 0.00000000 0.00000000
58 3.70964100 -0.39217800 -0.15646300 0.00000000 0.00000000 0.00000000
59 -6.09495200 -0.01507800 -1.88070700 0.00000000 0.00000000 0.00000000
60 -17.41236700 0.31651300 -0.95933400 0.00000000 0.00000000 0.00000000
61 -1.27686700 -2.47341800 -4.53473900 3.03773800 0.28589800 -2.04045200
time 12
0 -0.00000100 8.45008800 -27.50902600 0.00000000 0.00000000 0.00003100
1 -0.00000200 0.00000000 0.00000000 1.57074700 -1.56714200 -1.57074700
2 4.25546500 -0.33518400 -0.00000200 0.00000000 0.00000000 -0.12484800
3 7.43125000 1.49647900 0.00000200 0.00000000 0.00000000 0.24545000
4 5.27847900 0.16554300 0.00000100 0.00000000 0.00000000 0.04851100
5 -1.64873900 -13.09409500 6.31045600 1.97586600 1.15990900 -1.29878500
6 -6.21447800 -0.00001000 -0.00002700 -2.74506866 -0.70390520 1.24664103
7 11.94488800 -0.00000100 0.00000000 -0.40934510 -0.34222935 1.70993296
8 10.62018200 0.00000000 -0.00000100 0.83195106 -0.25286748 3.06938429
9 -4.75111000 -0.69449400 0.83057400 -0.13822700 -0.15282100 0.18761000
10 -1.68807000 0.00004500 -0.00003100 0.02141900 -0.01231500 0.38900200
11 -1.33613700 0.00005200 -0.00001200 0.02584200 0.00517300 0.35617200
12 -4.82049900 -0.50946000 -0.22476200 -0.34140000 -0.06545200 1.04871000
13 -1.82699000 -0.00006800 0.00000900 0.01748100 0.03646500 1.72004300
14 -1.43658100 0.00000900 0.00000000 -0.02382900 -0.07399300 0.22023700
15 -3.99236200 -0.89118700 -1.82790700 -0.59999900 0.19887300 1.32587600
16 -1.40592200 -0.00002800 -0.00000500 -0.01642200 -0.02447400 1.46410200
17 -1.17536100 0.00013100 -0.00002100 0.02747700 0.06211700 0.32120800
18 -4.52675700 -0.69057500 -1.12074700 -0.42612300 0.11490200 1.26431800
19 -1.74404400 0.00003500 -0.00001000 -0.02836300 -0.00827500 1.69883200
20 -1.36877000 0.00002600 0.00000600 0.01196900 0.05106200 0.12629600
21 -2.03839600 -0.89278700 0.93250500 2.31093700 0.31633100 0.79560400
22 -1.62789200 0.15474800 0.01182600 -0.13461700 0.15578500 0.35407600
23 -1.59928200 0.00000400 0.00001400 0.02557400 -0.03449400 0.91320200
24 5.51181700 0.00000400 -0.00000300 2.10369657 -0.09391486 3.10452831
25 0.19684500 -0.00000200 0.00000300 2.79340598 -0.00025039 -3.14152422
26 3.17271800 -9.89650400 -1.63169800 1.97586200 1.15991000 1.84280300
27 6.21448500 0.00001000 0.00002000 -1.33387351 0.75335357 -1.99771163
28 11.94489300 -0.00003100 -0.00018800 -0.23560057 -0.33191152 -1.20165945
29 10.62017300 0.00000700 0.00001300 -1.28723324 -0.57992033 -0.51360515
30 4.75115800 0.69437700 -0.83047100 0.18048000 0.08458500 -0.04631000
31 1.68806700 -0.00002600 0.00000200 0.01020900 -0.02253800 1.01235300
32 1.33614400 -0.00005400 -0.00000900 0.00924200 -0.03762600 0.12943000
33 4.82051400 0.50933900 0.22486700 -0.45840800 -0.06739700 1.35830800
34 1.82699800 0.00006600 0.00000700 -0.00578000 0.04005700 1.13019400
35 1.43658300 -0.00001000 0.00000700 0.00803200 -0.01282400 0.28205500
36 3.99235300 0.89108800 1.82799600 -0.66807500 0.18880800 1.43569600
37 1.40592200 0.00002500 -0.00000500 -0.01231800 -0.02677000 1.30554600
38 1.17536600 -0.00012800 0.00000100 0.00055400 0.12321500 -0.04010000
39 4.52675700 0.69046000 1.12084300 -0.56617200 0.05415700 1.39823200
40 1.74404400 -0.00003100 -0.00000200 -0.02711600 -0.01181500 1.57284300
41 1.36876500 -0.00003200 -0.00001700 -0.05843200 0.14760900 -0.56409900
42 1.80926900 0.89529200 -1.12011000 1.50484800 0.57391300 0.19969600
43 1.49513800 -0.24140500 0.04487900 -0.05674600 -0.02483000 0.31490500
44 1.57424400 -0.10445000 0.03324400 0.03848200 0.07413400 -0.26513200
45 5.51181200 -0.00000100 0.00000600 -1.02187100 0.00000000 0.00000000
46 0.19685000 0.00000000 0.00000100 -0.34822500 0.00001500 -0.00000200
47 0.00000000 1.00000000 0.00000000 0.00000000 0.00000000 -1.57079600
48 -3.18096000 33.22035600 -3.27546900 0.00000000 0.00000000 -3.14156200
49 -7.80224443 48.76193148 -1.08062886 0.38849780 0.24031752 -0.38232249
50 10.32282300 1.03202100 -4.47406600 0.49059400 1.12092400 1.98870900
51 3.73549500 0.00125700 -1.32376300 0.00000000 0.00000000 0.00000000
52 -0.00066900 -0.00054600 -1.33911600 0.00000000 0.00000000 0.00000000
53 0.04766100 0.00000000 0.67144200 0.00000000 0.00000000 0.00000000
54 4.80552600 0.89926700 -0.32590700 0.00000000 0.00000000 0.00000000
55 -1.55556500 -0.00054600 0.65577800 0.00000000 0.00000000 0.00000000
56 -10.74451400 -0.01507800 -1.91032200 0.00000000 0.00000000 0.00000000
57 -12.84329000 -0.84086100 -0.01736800 0.00000000 0.00000000 0.00000000
58 3.70964100 -0.39217800 -0.15646300 0.00000000 0.00000000 0.00000000
59 -6.09495200 -0.01507800 -1.88070700 0.00000000 0.00000000 0.00000000
60 -17.41236700 0.31651300 -0.95933400 0.00000000 0.00000000 0.00000000
61 -1.27686700 -2.47341800 -4.53473900 3.03773800 0.28589800 -2.04045200
time 13
0 -0.00000100 8.45008800 -27.50902600 0.00000000 0.00000000 0.00003100
1 -0.00000200 0.00000000 0.00000000 1.57074700 -1.56714200 -1.57074700
2 4.25546500 -0.33518400 -0.00000200 0.00000000 0.00000000 -0.12484800
3 7.43125000 1.49647900 0.00000200 0.00000000 0.00000000 0.24545000
4 5.27847900 0.16554300 0.00000100 0.00000000 0.00000000 0.04851100
5 -1.64873900 -13.09409500 6.31045600 1.97586600 1.15990900 -1.29878500
6 -6.21447800 -0.00001000 -0.00002700 -2.74677671 -0.70446313 1.24726863
7 11.94488800 -0.00000100 0.00000000 -0.40981836 -0.34221603 1.71123630
8 10.62018200 0.00000000 -0.00000100 0.83249395 -0.25373924 3.06679046
9 -4.75111000 -0.69449400 0.83057400 -0.13822700 -0.15282100 0.18761000
10 -1.68807000 0.00004500 -0.00003100 0.02141900 -0.01231500 0.38900200
11 -1.33613700 0.00005200 -0.00001200 0.02584200 0.00517300 0.35617200
12 -4.82049900 -0.50946000 -0.22476200 -0.34140000 -0.06545200 1.04871000
13 -1.82699000 -0.00006800 0.00000900 0.01748100 0.03646500 1.72004300
14 -1.43658100 0.00000900 0.00000000 -0.02382900 -0.07399300 0.22023700
15 -3.99236200 -0.89118700 -1.82790700 -0.59999900 0.19887300 1.32587600
16 -1.40592200 -0.00002800 -0.00000500 -0.01642200 -0.02447400 1.46410200
17 -1.17536100 0.00013100 -0.00002100 0.02747700 0.06211700 0.32120800
18 -4.52675700 -0.69057500 -1.12074700 -0.42612300 0.11490200 1.26431800
19 -1.74404400 0.00003500 -0.00001000 -0.02836300 -0.00827500 1.69883200
20 -1.36877000 0.00002600 0.00000600 0.01196900 0.05106200 0.12629600
21 -2.03839600 -0.89278700 0.93250500 2.31093700 0.31633100 0.79560400
22 -1.62789200 0.15474800 0.01182600 -0.13461700 0.15578500 0.35407600
23 -1.59928200 0.00000400 0.00001400 0.02557400 -0.03449400 0.91320200
24 5.51181700 0.00000400 -0.00000300 2.10369657 -0.09391486 3.10452831
25 0.19684500 -0.00000200 0.00000300 2.79340598 -0.00025039 -3.14152422
26 3.17271800 -9.89650400 -1.63169800 1.97586200 1.15991000 1.84280300
27 6.21448500 0.00001000 0.00002000 -1.33417147 0.75519049 -1.99738369
28 11.94489300 -0.00003100 -0.00018800 -0.23557329 -0.33209538 -1.20163276
29 10.62017300 0.00000700 0.00001300 -1.28955271 -0.58082566 -0.51262220
30 4.75115800 0.69437700 -0.83047100 0.18048000 0.08458500 -0.04631000
31 1.68806700 -0.00002600 0.00000200 0.01020900 -0.02253800 1.01235300
32 1.33614400 -0.00005400 -0.00000900 0.00924200 -0.03762600 0.12943000
33 4.82051400 0.50933900 0.22486700 -0.45840800 -0.06739700 1.35830800
34 1.82699800 0.00006600 0.00000700 -0.00578000 0.04005700 1.13019400
35 1.43658300 -0.00001000 0.00000700 0.00803200 -0.01282400 0.28205500
36 3.99235300 0.89108800 1.82799600 -0.66807500 0.18880800 1.43569600
37 1.40592200 0.00002500 -0.00000500 -0.01231800 -0.02677000 1.30554600
38 1.17536600 -0.00012800 0.00000100 0.00055400 0.12321500 -0.04010000
39 4.52675700 0.69046000 1.12084300 -0.56617200 0.05415700 1.39823200
40 1.74404400 -0.00003100 -0.00000200 -0.02711600 -0.01181500 1.57284300
41 1.36876500 -0.00003200 -0.00001700 -0.05843200 0.14760900 -0.56409900
42 1.80926900 0.89529200 -1.12011000 1.50484800 0.57391300 0.19969600
43 1.49513800 -0.24140500 0.04487900 -0.05674600 -0.02483000 0.31490500
44 1.57424400 -0.10445000 0.03324400 0.03848200 0.07413400 -0.26513200
45 5.51181200 -0.00000100 0.00000600 -1.02187100 0.00000000 0.00000000
46 0.19685000 0.00000000 0.00000100 -0.34822500 0.00001500 -0.00000200
47 0.00000000 1.00000000 0.00000000 0.00000000 0.00000000 -1.57079600
48 -3.18096000 33.22035600 -3.27546900 0.00000000 0.00000000 -3.14156200
49 -7.81828300 48.76193148 -1.10994626 0.38800174 0.23795688 -0.38307874
50 10.32282300 1.03202100 -4.47406600 0.49059400 1.12092400 1.98870900
51 3.73549500 0.00125700 -1.32376300 0.00000000 0.00000000 0.00000000
52 -0.00066900 -0.00054600 -1.33911600 0.00000000 0.00000000 0.00000000
53 0.04766100 0.00000000 0.67144200 0.00000000 0.00000000 0.00000000
54 4.80552600 0.89926700 -0.32590700 0.00000000 0.00000000 0.00000000
55 -1.55556500 -0.00054600 0.65577800 0.00000000 0.00000000 0.00000000
56 -10.74451400 -0.01507800 -1.91032200 0.00000000 0.00000000 0.00000000
57 -12.84329000 -0.84086100 -0.01736800 0.00000000 0.00000000 0.00000000
58 3.70964100 -0.39217800 -0.15646300 0.00000000 0.00000000 0.00000000
59 -6.09495200 -0.01507800 -1.88070700 0.00000000 0.00000000 0.00000000
60 -17.41236700 0.31651300 -0.95933400 0.00000000 0.00000000 0.00000000
61 -1.27686700 -2.47341800 -4.53473900 3.03773800 0.28589800 -2.04045200
time 14
0 -0.00000100 8.45008800 -27.50902600 0.00000000 0.00000000 0.00003100
1 -0.00000200 0.00000000 0.00000000 1.57074700 -1.56714200 -1.57074700
2 4.25546500 -0.33518400 -0.00000200 0.00000000 0.00000000 -0.12484800
3 7.43125000 1.49647900 0.00000200 0.00000000 0.00000000 0.24545000
4 5.27847900 0.16554300 0.00000100 0.00000000 0.00000000 0.04851100
5 -1.64873900 -13.09409500 6.31045600 1.97586600 1.15990900 -1.29878500
6 -6.21447800 -0.00001000 -0.00002700 -2.74854897 -0.70489875 1.24800218
7 11.94488800 -0.00000100 0.00000000 -0.41026185 -0.34222859 1.71245228
8 10.62018200 0.00000000 -0.00000100 0.83321894 -0.25462574 3.06421244
9 -4.75111000 -0.69449400 0.83057400 -0.13822700 -0.15282100 0.18761000
10 -1.68807000 0.00004500 -0.00003100 0.02141900 -0.01231500 0.38900200
11 -1.33613700 0.00005200 -0.00001200 0.02584200 0.00517300 0.35617200
12 -4.82049900 -0.50946000 -0.22476200 -0.34140000 -0.06545200 1.04871000
13 -1.82699000 -0.00006800 0.00000900 0.01748100 0.03646500 1.72004300
14 -1.43658100 0.00000900 0.00000000 -0.02382900 -0.07399300 0.22023700
15 -3.99236200 -0.89118700 -1.82790700 -0.59999900 0.19887300 1.32587600
16 -1.40592200 -0.00002800 -0.00000500 -0.01642200 -0.02447400 1.46410200
17 -1.17536100 0.00013100 -0.00002100 0.02747700 0.06211700 0.32120800
18 -4.52675700 -0.69057500 -1.12074700 -0.42612300 0.11490200 1.26431800
19 -1.74404400 0.00003500 -0.00001000 -0.02836300 -0.00827500 1.69883200
20 -1.36877000 0.00002600 0.00000600 0.01196900 0.05106200 0.12629600
21 -2.03839600 -0.89278700 0.93250500 2.31093700 0.31633100 0.79560400
22 -1.62789200 0.15474800 0.01182600 -0.13461700 0.15578500 0.35407600
23 -1.59928200 0.00000400 0.00001400 0.02557400 -0.03449400 0.91320200
24 5.51181700 0.00000400 -0.00000300 2.10369657 -0.09391486 3.10452831
25 0.19684500 -0.00000200 0.00000300 2.79340598 -0.00025039 -3.14152422
26 3.17271800 -9.89650400 -1.63169800 1.97586200 1.15991000 1.84280300
27 6.21448500 0.00001000 0.00002000 -1.33430343 0.75696400 -1.99685510
28 11.94489300 -0.00003100 -0.00018800 -0.23555669 -0.33235534 -1.20162784
29 10.62017300 0.00000700 0.00001300 -1.29196583 -0.58180357 -0.51168371
30 4.75115800 0.69437700 -0.83047100 0.18048000 0.08458500 -0.04631000
31 1.68806700 -0.00002600 0.00000200 0.01020900 -0.02253800 1.01235300
32 1.33614400 -0.00005400 -0.00000900 0.00924200 -0.03762600 0.12943000
33 4.82051400 0.50933900 0.22486700 -0.45840800 -0.06739700 1.35830800
34 1.82699800 0.00006600 0.00000700 -0.00578000 0.04005700 1.13019400
35 1.43658300 -0.00001000 0.00000700 0.00803200 -0.01282400 0.28205500
36 3.99235300 0.89108800 1.82799600 -0.66807500 0.18880800 1.43569600
37 1.40592200 0.00002500 -0.00000500 -0.01231800 -0.02677000 1.30554600
38 1.17536600 -0.00012800 0.00000100 0.00055400 0.12321500 -0.04010000
39 4.52675700 0.69046000 1.12084300 -0.56617200 0.05415700 1.39823200
40 1.74404400 -0.00003100 -0.00000200 -0.02711600 -0.01181500 1.57284300
41 1.36876500 -0.00003200 -0.00001700 -0.05843200 0.14760900 -0.56409900
42 1.80926900 0.89529200 -1.12011000 1.50484800 0.57391300 0.19969600
43 1.49513800 -0.24140500 0.04487900 -0.05674600 -0.02483000 0.31490500
44 1.57424400 -0.10445000 0.03324400 0.03848200 0.07413400 -0.26513200
45 5.51181200 -0.00000100 0.00000600 -1.02187100 0.00000000 0.00000000
46 0.19685000 0.00000000 0.00000100 -0.34822500 0.00001500 -0.00000200
47 0.00000000 1.00000000 0.00000000 0.00000000 0.00000000 -1.57079600
48 -3.18096000 33.22035600 -3.27546900 0.00000000 0.00000000 -3.14156200
49 -7.83507934 48.76193148 -1.14038921 0.38761263 0.23556787 -0.38379021
50 10.32282300 1.03202100 -4.47406600 0.49059400 1.12092400 1.98870900
51 3.73549500 0.00125700 -1.32376300 0.00000000 0.00000000 0.00000000
52 -0.00066900 -0.00054600 -1.33911600 0.00000000 0.00000000 0.00000000
53 0.04766100 0.00000000 0.67144200 0.00000000 0.00000000 0.00000000
54 4.80552600 0.89926700 -0.32590700 0.00000000 0.00000000 0.00000000
55 -1.55556500 -0.00054600 0.65577800 0.00000000 0.00000000 0.00000000
56 -10.74451400 -0.01507800 -1.91032200 0.00000000 0.00000000 0.00000000
57 -12.84329000 -0.84086100 -0.01736800 0.00000000 0.00000000 0.00000000
58 3.70964100 -0.39217800 -0.15646300 0.00000000 0.00000000 0.00000000
59 -6.09495200 -0.01507800 -1.88070700 0.00000000 0.00000000 0.00000000
60 -17.41236700 0.31651300 -0.95933400 0.00000000 0.00000000 0.00000000
61 -1.27686700 -2.47341800 -4.53473900 3.03773800 0.28589800 -2.04045200
time 15
0 -0.00000100 8.45008800 -27.50902600 0.00000000 0.00000000 0.00003100
1 -0.00000200 0.00000000 0.00000000 1.57074700 -1.56714200 -1.57074700
2 4.25546500 -0.33518400 -0.00000200 0.00000000 0.00000000 -0.12484800
3 7.43125000 1.49647900 0.00000200 0.00000000 0.00000000 0.24545000
4 5.27847900 0.16554300 0.00000100 0.00000000 0.00000000 0.04851100
5 -1.64873900 -13.09409500 6.31045600 1.97586600 1.15990900 -1.29878500
6 -6.21447800 -0.00001000 -0.00002700 -2.75030250 -0.70535422 1.24856237
7 11.94488800 -0.00000100 0.00000000 -0.41058533 -0.34221808 1.71351549
8 10.62018200 0.00000000 -0.00000100 0.83397281 -0.25558118 3.06183175
9 -4.75111000 -0.69449400 0.83057400 -0.13822700 -0.15282100 0.18761000
10 -1.68807000 0.00004500 -0.00003100 0.02141900 -0.01231500 0.38900200
11 -1.33613700 0.00005200 -0.00001200 0.02584200 0.00517300 0.35617200
12 -4.82049900 -0.50946000 -0.22476200 -0.34140000 -0.06545200 1.04871000
13 -1.82699000 -0.00006800 0.00000900 0.01748100 0.03646500 1.72004300
14 -1.43658100 0.00000900 0.00000000 -0.02382900 -0.07399300 0.22023700
15 -3.99236200 -0.89118700 -1.82790700 -0.59999900 0.19887300 1.32587600
16 -1.40592200 -0.00002800 -0.00000500 -0.01642200 -0.02447400 1.46410200
17 -1.17536100 0.00013100 -0.00002100 0.02747700 0.06211700 0.32120800
18 -4.52675700 -0.69057500 -1.12074700 -0.42612300 0.11490200 1.26431800
19 -1.74404400 0.00003500 -0.00001000 -0.02836300 -0.00827500 1.69883200
20 -1.36877000 0.00002600 0.00000600 0.01196900 0.05106200 0.12629600
21 -2.03839600 -0.89278700 0.93250500 2.31093700 0.31633100 0.79560400
22 -1.62789200 0.15474800 0.01182600 -0.13461700 0.15578500 0.35407600
23 -1.59928200 0.00000400 0.00001400 0.02557400 -0.03449400 0.91320200
24 5.51181700 0.00000400 -0.00000300 2.10369657 -0.09391486 3.10452831
25 0.19684500 -0.00000200 0.00000300 2.79340598 -0.00025039 -3.14152422
26 3.17271800 -9.89650400 -1.63169800 1.97586200 1.15991000 1.84280300
27 6.21448500 0.00001000 0.00002000 -1.33461668 0.75885851 -1.99654856
28 11.94489300 -0.00003100 -0.00018800 -0.23564992 -0.33264729 -1.20138345
29 10.62017300 0.00000700 0.00001300 -1.29452655 -0.58285895 -0.51099360
30 4.75115800 0.69437700 -0.83047100 0.18048000 0.08458500 -0.04631000
31 1.68806700 -0.00002600 0.00000200 0.01020900 -0.02253800 1.01235300
32 1.33614400 -0.00005400 -0.00000900 0.00924200 -0.03762600 0.12943000
33 4.82051400 0.50933900 0.22486700 -0.45840800 -0.06739700 1.35830800
34 1.82699800 0.00006600 0.00000700 -0.00578000 0.04005700 1.13019400
35 1.43658300 -0.00001000 0.00000700 0.00803200 -0.01282400 0.28205500
36 3.99235300 0.89108800 1.82799600 -0.66807500 0.18880800 1.43569600
37 1.40592200 0.00002500 -0.00000500 -0.01231800 -0.02677000 1.30554600
38 1.17536600 -0.00012800 0.00000100 0.00055400 0.12321500 -0.04010000
39 4.52675700 0.69046000 1.12084300 -0.56617200 0.05415700 1.39823200
40 1.74404400 -0.00003100 -0.00000200 -0.02711600 -0.01181500 1.57284300
41 1.36876500 -0.00003200 -0.00001700 -0.05843200 0.14760900 -0.56409900
42 1.80926900 0.89529200 -1.12011000 1.50484800 0.57391300 0.19969600
43 1.49513800 -0.24140500 0.04487900 -0.05674600 -0.02483000 0.31490500
44 1.57424400 -0.10445000 0.03324400 0.03848200 0.07413400 -0.26513200
45 5.51181200 -0.00000100 0.00000600 -1.02187100 0.00000000 0.00000000
46 0.19685000 0.00000000 0.00000100 -0.34822500 0.00001500 -0.00000200
47 0.00000000 1.00000000 0.00000000 0.00000000 0.00000000 -1.57079600
48 -3.18096000 33.22035600 -3.27546900 0.00000000 0.00000000 -3.14156200
49 -7.85302654 48.76193148 -1.17208138 0.38742134 0.23304537 -0.38443992
50 10.32282300 1.03202100 -4.47406600 0.49059400 1.12092400 1.98870900
51 3.73549500 0.00125700 -1.32376300 0.00000000 0.00000000 0.00000000
52 -0.00066900 -0.00054600 -1.33911600 0.00000000 0.00000000 0.00000000
53 0.04766100 0.00000000 0.67144200 0.00000000 0.00000000 0.00000000
54 4.80552600 0.89926700 -0.32590700 0.00000000 0.00000000 0.00000000
55 -1.55556500 -0.00054600 0.65577800 0.00000000 0.00000000 0.00000000
56 -10.74451400 -0.01507800 -1.91032200 0.00000000 0.00000000 0.00000000
57 -12.84329000 -0.84086100 -0.01736800 0.00000000 0.00000000 0.00000000
58 3.70964100 -0.39217800 -0.15646300 0.00000000 0.00000000 0.00000000
59 -6.09495200 -0.01507800 -1.88070700 0.00000000 0.00000000 0.00000000
60 -17.41236700 0.31651300 -0.95933400 0.00000000 0.00000000 0.00000000
61 -1.27686700 -2.47341800 -4.53473900 3.03773800 0.28589800 -2.04045200
time 16
0 -0.00000100 8.45008800 -27.50902600 0.00000000 0.00000000 0.00003100
1 -0.00000200 0.00000000 0.00000000 1.57074700 -1.56714200 -1.57074700
2 4.25546500 -0.33518400 -0.00000200 0.00000000 0.00000000 -0.12484800
3 7.43125000 1.49647900 0.00000200 0.00000000 0.00000000 0.24545000
4 5.27847900 0.16554300 0.00000100 0.00000000 0.00000000 0.04851100
5 -1.64873900 -13.09409500 6.31045600 1.97586600 1.15990900 -1.29878500
6 -6.21447800 -0.00001000 -0.00002700 -2.75204929 -0.70576419 1.24924338
7 11.94488800 -0.00000100 0.00000000 -0.41098009 -0.34227570 1.71458254
8 10.62018200 0.00000000 -0.00000100 0.83463073 -0.25658961 3.05954479
9 -4.75111000 -0.69449400 0.83057400 -0.13822700 -0.15282100 0.18761000
10 -1.68807000 0.00004500 -0.00003100 0.02141900 -0.01231500 0.38900200
11 -1.33613700 0.00005200 -0.00001200 0.02584200 0.00517300 0.35617200
12 -4.82049900 -0.50946000 -0.22476200 -0.34140000 -0.06545200 1.04871000
13 -1.82699000 -0.00006800 0.00000900 0.01748100 0.03646500 1.72004300
14 -1.43658100 0.00000900 0.00000000 -0.02382900 -0.07399300 0.22023700
15 -3.99236200 -0.89118700 -1.82790700 -0.59999900 0.19887300 1.32587600
16 -1.40592200 -0.00002800 -0.00000500 -0.01642200 -0.02447400 1.46410200
17 -1.17536100 0.00013100 -0.00002100 0.02747700 0.06211700 0.32120800
18 -4.52675700 -0.69057500 -1.12074700 -0.42612300 0.11490200 1.26431800
19 -1.74404400 0.00003500 -0.00001000 -0.02836300 -0.00827500 1.69883200
20 -1.36877000 0.00002600 0.00000600 0.01196900 0.05106200 0.12629600
21 -2.03839600 -0.89278700 0.93250500 2.31093700 0.31633100 0.79560400
22 -1.62789200 0.15474800 0.01182600 -0.13461700 0.15578500 0.35407600
23 -1.59928200 0.00000400 0.00001400 0.02557400 -0.03449400 0.91320200
24 5.51181700 0.00000400 -0.00000300 2.10369657 -0.09391486 3.10452831
25 0.19684500 -0.00000200 0.00000300 2.79340598 -0.00025039 -3.14152422
26 3.17271800 -9.89650400 -1.63169800 1.97586200 1.15991000 1.84280300
27 6.21448500 0.00001000 0.00002000 -1.33466750 0.76069605 -1.99605640
28 11.94489300 -0.00003100 -0.00018800 -0.23567749 -0.33301631 -1.20124374
29 10.62017300 0.00000700 0.00001300 -1.29710464 -0.58378753 -0.51026615
30 4.75115800 0.69437700 -0.83047100 0.18048000 0.08458500 -0.04631000
31 1.68806700 -0.00002600 0.00000200 0.01020900 -0.02253800 1.01235300
32 1.33614400 -0.00005400 -0.00000900 0.00924200 -0.03762600 0.12943000
33 4.82051400 0.50933900 0.22486700 -0.45840800 -0.06739700 1.35830800
34 1.82699800 0.00006600 0.00000700 -0.00578000 0.04005700 1.13019400
35 1.43658300 -0.00001000 0.00000700 0.00803200 -0.01282400 0.28205500
36 3.99235300 0.89108800 1.82799600 -0.66807500 0.18880800 1.43569600
37 1.40592200 0.00002500 -0.00000500 -0.01231800 -0.02677000 1.30554600
38 1.17536600 -0.00012800 0.00000100 0.00055400 0.12321500 -0.04010000
39 4.52675700 0.69046000 1.12084300 -0.56617200 0.05415700 1.39823200
40 1.74404400 -0.00003100 -0.00000200 -0.02711600 -0.01181500 1.57284300
41 1.36876500 -0.00003200 -0.00001700 -0.05843200 0.14760900 -0.56409900
42 1.80926900 0.89529200 -1.12011000 1.50484800 0.57391300 0.19969600
43 1.49513800 -0.24140500 0.04487900 -0.05674600 -0.02483000 0.31490500
44 1.57424400 -0.10445000 0.03324400 0.03848200 0.07413400 -0.26513200
45 5.51181200 -0.00000100 0.00000600 -1.02187100 0.00000000 0.00000000
46 0.19685000 0.00000000 0.00000100 -0.34822500 0.00001500 -0.00000200
47 0.00000000 1.00000000 0.00000000 0.00000000 0.00000000 -1.57079600
48 -3.18096000 33.22035600 -3.27546900 0.00000000 0.00000000 -3.14156200
49 -7.87097475 48.76193148 -1.20377456 0.38723126 0.23058796 -0.38498433
50 10.32282300 1.03202100 -4.47406600 0.49059400 1.12092400 1.98870900
51 3.73549500 0.00125700 -1.32376300 0.00000000 0.00000000 0.00000000
52 -0.00066900 -0.00054600 -1.33911600 0.00000000 0.00000000 0.00000000
53 0.04766100 0.00000000 0.67144200 0.00000000 0.00000000 0.00000000
54 4.80552600 0.89926700 -0.32590700 0.00000000 0.00000000 0.00000000
55 -1.55556500 -0.00054600 0.65577800 0.00000000 0.00000000 0.00000000
56 -10.74451400 -0.01507800 -1.91032200 0.00000000 0.00000000 0.00000000
57 -12.84329000 -0.84086100 -0.01736800 0.00000000 0.00000000 0.00000000
58 3.70964100 -0.39217800 -0.15646300 0.00000000 0.00000000 0.00000000
59 -6.09495200 -0.01507800 -1.88070700 0.00000000 0.00000000 0.00000000
60 -17.41236700 0.31651300 -0.95933400 0.00000000 0.00000000 0.00000000
61 -1.27686700 -2.47341800 -4.53473900 3.03773800 0.28589800 -2.04045200
time 17
0 -0.00000100 8.45008800 -27.50902600 0.00000000 0.00000000 0.00003100
1 -0.00000200 0.00000000 0.00000000 1.57074700 -1.56714200 -1.57074700
2 4.25546500 -0.33518400 -0.00000200 0.00000000 0.00000000 -0.12484800
3 7.43125000 1.49647900 0.00000200 0.00000000 0.00000000 0.24545000
4 5.27847900 0.16554300 0.00000100 0.00000000 0.00000000 0.04851100
5 -1.64873900 -13.09409500 6.31045600 1.97586600 1.15990900 -1.29878500
6 -6.21447800 -0.00001000 -0.00002700 -2.75377058 -0.70620339 1.24983731
7 11.94488800 -0.00000100 0.00000000 -0.41126225 -0.34241800 1.71541134
8 10.62018200 0.00000000 -0.00000100 0.83541742 -0.25769552 3.05739067
9 -4.75111000 -0.69449400 0.83057400 -0.13822700 -0.15282100 0.18761000
10 -1.68807000 0.00004500 -0.00003100 0.02141900 -0.01231500 0.38900200
11 -1.33613700 0.00005200 -0.00001200 0.02584200 0.00517300 0.35617200
12 -4.82049900 -0.50946000 -0.22476200 -0.34140000 -0.06545200 1.04871000
13 -1.82699000 -0.00006800 0.00000900 0.01748100 0.03646500 1.72004300
14 -1.43658100 0.00000900 0.00000000 -0.02382900 -0.07399300 0.22023700
15 -3.99236200 -0.89118700 -1.82790700 -0.59999900 0.19887300 1.32587600
16 -1.40592200 -0.00002800 -0.00000500 -0.01642200 -0.02447400 1.46410200
17 -1.17536100 0.00013100 -0.00002100 0.02747700 0.06211700 0.32120800
18 -4.52675700 -0.69057500 -1.12074700 -0.42612300 0.11490200 1.26431800
19 -1.74404400 0.00003500 -0.00001000 -0.02836300 -0.00827500 1.69883200
20 -1.36877000 0.00002600 0.00000600 0.01196900 0.05106200 0.12629600
21 -2.03839600 -0.89278700 0.93250500 2.31093700 0.31633100 0.79560400
22 -1.62789200 0.15474800 0.01182600 -0.13461700 0.15578500 0.35407600
23 -1.59928200 0.00000400 0.00001400 0.02557400 -0.03449400 0.91320200
24 5.51181700 0.00000400 -0.00000300 2.10369657 -0.09391486 3.10452831
25 0.19684500 -0.00000200 0.00000300 2.79340598 -0.00025039 -3.14152422
26 3.17271800 -9.89650400 -1.63169800 1.97586200 1.15991000 1.84280300
27 6.21448500 0.00001000 0.00002000 -1.33485557 0.76264338 -1.99574010
28 11.94489300 -0.00003100 -0.00018800 -0.23582493 -0.33354027 -1.20090281
29 10.62017300 0.00000700 0.00001300 -1.29966059 -0.58488804 -0.50971554
30 4.75115800 0.69437700 -0.83047100 0.18048000 0.08458500 -0.04631000
31 1.68806700 -0.00002600 0.00000200 0.01020900 -0.02253800 1.01235300
32 1.33614400 -0.00005400 -0.00000900 0.00924200 -0.03762600 0.12943000
33 4.82051400 0.50933900 0.22486700 -0.45840800 -0.06739700 1.35830800
34 1.82699800 0.00006600 0.00000700 -0.00578000 0.04005700 1.13019400
35 1.43658300 -0.00001000 0.00000700 0.00803200 -0.01282400 0.28205500
36 3.99235300 0.89108800 1.82799600 -0.66807500 0.18880800 1.43569600
37 1.40592200 0.00002500 -0.00000500 -0.01231800 -0.02677000 1.30554600
38 1.17536600 -0.00012800 0.00000100 0.00055400 0.12321500 -0.04010000
39 4.52675700 0.69046000 1.12084300 -0.56617200 0.05415700 1.39823200
40 1.74404400 -0.00003100 -0.00000200 -0.02711600 -0.01181500 1.57284300
41 1.36876500 -0.00003200 -0.00001700 -0.05843200 0.14760900 -0.56409900
42 1.80926900 0.89529200 -1.12011000 1.50484800 0.57391300 0.19969600
43 1.49513800 -0.24140500 0.04487900 -0.05674600 -0.02483000 0.31490500
44 1.57424400 -0.10445000 0.03324400 0.03848200 0.07413400 -0.26513200
45 5.51181200 -0.00000100 0.00000600 -1.02187100 0.00000000 0.00000000
46 0.19685000 0.00000000 0.00000100 -0.34822500 0.00001500 -0.00000200
47 0.00000000 1.00000000 0.00000000 0.00000000 0.00000000 -1.57079600
48 -3.18096000 33.22035600 -3.27546900 0.00000000 0.00000000 -3.14156200
49 -7.88933016 48.76193148 -1.23660485 0.38718078 0.22805598 -0.38550205
50 10.32282300 1.03202100 -4.47406600 0.49059400 1.12092400 1.98870900
51 3.73549500 0.00125700 -1.32376300 0.00000000 0.00000000 0.00000000
52 -0.00066900 -0.00054600 -1.33911600 0.00000000 0.00000000 0.00000000
53 0.04766100 0.00000000 0.67144200 0.00000000 0.00000000 0.00000000
54 4.80552600 0.89926700 -0.32590700 0.00000000 0.00000000 0.00000000
55 -1.55556500 -0.00054600 0.65577800 0.00000000 0.00000000 0.00000000
56 -10.74451400 -0.01507800 -1.91032200 0.00000000 0.00000000 0.00000000
57 -12.84329000 -0.84086100 -0.01736800 0.00000000 0.00000000 0.00000000
58 3.70964100 -0.39217800 -0.15646300 0.00000000 0.00000000 0.00000000
59 -6.09495200 -0.01507800 -1.88070700 0.00000000 0.00000000 0.00000000
60 -17.41236700 0.31651300 -0.95933400 0.00000000 0.00000000 0.00000000
61 -1.27686700 -2.47341800 -4.53473900 3.03773800 0.28589800 -2.04045200
time 18
0 -0.00000100 8.45008800 -27.50902600 0.00000000 0.00000000 0.00003100
1 -0.00000200 0.00000000 0.00000000 1.57074700 -1.56714200 -1.57074700
2 4.25546500 -0.33518400 -0.00000200 0.00000000 0.00000000 -0.12484800
3 7.43125000 1.49647900 0.00000200 0.00000000 0.00000000 0.24545000
4 5.27847900 0.16554300 0.00000100 0.00000000 0.00000000 0.04851100
5 -1.64873900 -13.09409500 6.31045600 1.97586600 1.15990900 -1.29878500
6 -6.21447800 -0.00001000 -0.00002700 -2.75532763 -0.70660928 1.25040805
7 11.94488800 -0.00000100 0.00000000 -0.41152328 -0.34241357 1.71628425
8 10.62018200 0.00000000 -0.00000100 0.83620777 -0.25883917 3.05547980
9 -4.75111000 -0.69449400 0.83057400 -0.13822700 -0.15282100 0.18761000
10 -1.68807000 0.00004500 -0.00003100 0.02141900 -0.01231500 0.38900200
11 -1.33613700 0.00005200 -0.00001200 0.02584200 0.00517300 0.35617200
12 -4.82049900 -0.50946000 -0.22476200 -0.34140000 -0.06545200 1.04871000
13 -1.82699000 -0.00006800 0.00000900 0.01748100 0.03646500 1.72004300
14 -1.43658100 0.00000900 0.00000000 -0.02382900 -0.07399300 0.22023700
15 -3.99236200 -0.89118700 -1.82790700 -0.59999900 0.19887300 1.32587600
16 -1.40592200 -0.00002800 -0.00000500 -0.01642200 -0.02447400 1.46410200
17 -1.17536100 0.00013100 -0.00002100 0.02747700 0.06211700 0.32120800
18 -4.52675700 -0.69057500 -1.12074700 -0.42612300 0.11490200 1.26431800
19 -1.74404400 0.00003500 -0.00001000 -0.02836300 -0.00827500 1.69883200
20 -1.36877000 0.00002600 0.00000600 0.01196900 0.05106200 0.12629600
21 -2.03839600 -0.89278700 0.93250500 2.31093700 0.31633100 0.79560400
22 -1.62789200 0.15474800 0.01182600 -0.13461700 0.15578500 0.35407600
23 -1.59928200 0.00000400 0.00001400 0.02557400 -0.03449400 0.91320200
24 5.51181700 0.00000400 -0.00000300 2.10369657 -0.09391486 3.10452831
25 0.19684500 -0.00000200 0.00000300 2.79340598 -0.00025039 -3.14152422
26 3.17271800 -9.89650400 -1.63169800 1.97586200 1.15991000 1.84280300
27 6.21448500 0.00001000 0.00002000 -1.33486404 0.76455935 -1.99538835
28 11.94489300 -0.00003100 -0.00018800 -0.23596869 -0.33400229 -1.20050703
29 10.62017300 0.00000700 0.00001300 -1.30240954 -0.58603102 -0.50928531
30 4.75115800 0.69437700 -0.83047100 0.18048000 0.08458500 -0.04631000
31 1.68806700 -0.00002600 0.00000200 0.01020900 -0.02253800 1.01235300
32 1.33614400 -0.00005400 -0.00000900 0.00924200 -0.03762600 0.12943000
33 4.82051400 0.50933900 0.22486700 -0.45840800 -0.06739700 1.35830800
34 1.82699800 0.00006600 0.00000700 -0.00578000 0.04005700 1.13019400
35 1.43658300 -0.00001000 0.00000700 0.00803200 -0.01282400 0.28205500
36 3.99235300 0.89108800 1.82799600 -0.66807500 0.18880800 1.43569600
37 1.40592200 0.00002500 -0.00000500 -0.01231800 -0.02677000 1.30554600
38 1.17536600 -0.00012800 0.00000100 0.00055400 0.12321500 -0.04010000
39 4.52675700 0.69046000 1.12084300 -0.56617200 0.05415700 1.39823200
40 1.74404400 -0.00003100 -0.00000200 -0.02711600 -0.01181500 1.57284300
41 1.36876500 -0.00003200 -0.00001700 -0.05843200 0.14760900 -0.56409900
42 1.80926900 0.89529200 -1.12011000 1.50484800 0.57391300 0.19969600
43 1.49513800 -0.24140500 0.04487900 -0.05674600 -0.02483000 0.31490500
44 1.57424400 -0.10445000 0.03324400 0.03848200 0.07413400 -0.26513200
45 5.51181200 -0.00000100 0.00000600 -1.02187100 0.00000000 0.00000000
46 0.19685000 0.00000000 0.00000100 -0.34822500 0.00001500 -0.00000200
47 0.00000000 1.00000000 0.00000000 0.00000000 0.00000000 -1.57079600
48 -3.18096000 33.22035600 -3.27546900 0.00000000 0.00000000 -3.14156200
49 -7.90782127 48.76193148 -1.26966864 0.38721710 0.22546973 -0.38595364
50 10.32282300 1.03202100 -4.47406600 0.49059400 1.12092400 1.98870900
51 3.73549500 0.00125700 -1.32376300 0.00000000 0.00000000 0.00000000
52 -0.00066900 -0.00054600 -1.33911600 0.00000000 0.00000000 0.00000000
53 0.04766100 0.00000000 0.67144200 0.00000000 0.00000000 0.00000000
54 4.80552600 0.89926700 -0.32590700 0.00000000 0.00000000 0.00000000
55 -1.55556500 -0.00054600 0.65577800 0.00000000 0.00000000 0.00000000
56 -10.74451400 -0.01507800 -1.91032200 0.00000000 0.00000000 0.00000000
57 -12.84329000 -0.84086100 -0.01736800 0.00000000 0.00000000 0.00000000
58 3.70964100 -0.39217800 -0.15646300 0.00000000 0.00000000 0.00000000
59 -6.09495200 -0.01507800 -1.88070700 0.00000000 0.00000000 0.00000000
60 -17.41236700 0.31651300 -0.95933400 0.00000000 0.00000000 0.00000000
61 -1.27686700 -2.47341800 -4.53473900 3.03773800 0.28589800 -2.04045200
time 19
0 -0.00000100 8.45008800 -27.50902600 0.00000000 0.00000000 0.00003100
1 -0.00000200 0.00000000 0.00000000 1.57074700 -1.56714200 -1.57074700
2 4.25546500 -0.33518400 -0.00000200 0.00000000 0.00000000 -0.12484800
3 7.43125000 1.49647900 0.00000200 0.00000000 0.00000000 0.24545000
4 5.27847900 0.16554300 0.00000100 0.00000000 0.00000000 0.04851100
5 -1.64873900 -13.09409500 6.31045600 1.97586600 1.15990900 -1.29878500
6 -6.21447800 -0.00001000 -0.00002700 -2.75697150 -0.70695745 1.25099829
7 11.94488800 -0.00000100 0.00000000 -0.41176587 -0.34243532 1.71703836
8 10.62018200 0.00000000 -0.00000100 0.83709616 -0.25998887 3.05355408
9 -4.75111000 -0.69449400 0.83057400 -0.13822700 -0.15282100 0.18761000
10 -1.68807000 0.00004500 -0.00003100 0.02141900 -0.01231500 0.38900200
11 -1.33613700 0.00005200 -0.00001200 0.02584200 0.00517300 0.35617200
12 -4.82049900 -0.50946000 -0.22476200 -0.34140000 -0.06545200 1.04871000
13 -1.82699000 -0.00006800 0.00000900 0.01748100 0.03646500 1.72004300
14 -1.43658100 0.00000900 0.00000000 -0.02382900 -0.07399300 0.22023700
15 -3.99236200 -0.89118700 -1.82790700 -0.59999900 0.19887300 1.32587600
16 -1.40592200 -0.00002800 -0.00000500 -0.01642200 -0.02447400 1.46410200
17 -1.17536100 0.00013100 -0.00002100 0.02747700 0.06211700 0.32120800
18 -4.52675700 -0.69057500 -1.12074700 -0.42612300 0.11490200 1.26431800
19 -1.74404400 0.00003500 -0.00001000 -0.02836300 -0.00827500 1.69883200
20 -1.36877000 0.00002600 0.00000600 0.01196900 0.05106200 0.12629600
21 -2.03839600 -0.89278700 0.93250500 2.31093700 0.31633100 0.79560400
22 -1.62789200 0.15474800 0.01182600 -0.13461700 0.15578500 0.35407600
23 -1.59928200 0.00000400 0.00001400 0.02557400 -0.03449400 0.91320200
24 5.51181700 0.00000400 -0.00000300 2.10369657 -0.09391486 3.10452831
25 0.19684500 -0.00000200 0.00000300 2.79340598 -0.00025039 -3.14152422
26 3.17271800 -9.89650400 -1.63169800 1.97586200 1.15991000 1.84280300
27 6.21448500 0.00001000 0.00002000 -1.33478510 0.76627825 -1.99490942
28 11.94489300 -0.00003100 -0.00018800 -0.23608044 -0.33452209 -1.20000685
29 10.62017300 0.00000700 0.00001300 -1.30503504 -0.58707291 -0.50893441
30 4.75115800 0.69437700 -0.83047100 0.18048000 0.08458500 -0.04631000
31 1.68806700 -0.00002600 0.00000200 0.01020900 -0.02253800 1.01235300
32 1.33614400 -0.00005400 -0.00000900 0.00924200 -0.03762600 0.12943000
33 4.82051400 0.50933900 0.22486700 -0.45840800 -0.06739700 1.35830800
34 1.82699800 0.00006600 0.00000700 -0.00578000 0.04005700 1.13019400
35 1.43658300 -0.00001000 0.00000700 0.00803200 -0.01282400 0.28205500
36 3.99235300 0.89108800 1.82799600 -0.66807500 0.18880800 1.43569600
37 1.40592200 0.00002500 -0.00000500 -0.01231800 -0.02677000 1.30554600
38 1.17536600 -0.00012800 0.00000100 0.00055400 0.12321500 -0.04010000
39 4.52675700 0.69046000 1.12084300 -0.56617200 0.05415700 1.39823200
40 1.74404400 -0.00003100 -0.00000200 -0.02711600 -0.01181500 1.57284300
41 1.36876500 -0.00003200 -0.00001700 -0.05843200 0.14760900 -0.56409900
42 1.80926900 0.89529200 -1.12011000 1.50484800 0.57391300 0.19969600
43 1.49513800 -0.24140500 0.04487900 -0.05674600 -0.02483000 0.31490500
44 1.57424400 -0.10445000 0.03324400 0.03848200 0.07413400 -0.26513200
45 5.51181200 -0.00000100 0.00000600 -1.02187100 0.00000000 0.00000000
46 0.19685000 0.00000000 0.00000100 -0.34822500 0.00001500 -0.00000200
47 0.00000000 1.00000000 0.00000000 0.00000000 0.00000000 -1.57079600
48 -3.18096000 33.22035600 -3.27546900 0.00000000 0.00000000 -3.14156200
49 -7.92610337 48.76193148 -1.30186543 0.38734066 0.22296792 -0.38629015
50 10.32282300 1.03202100 -4.47406600 0.49059400 1.12092400 1.98870900
51 3.73549500 0.00125700 -1.32376300 0.00000000 0.00000000 0.00000000
52 -0.00066900 -0.00054600 -1.33911600 0.00000000 0.00000000 0.00000000
53 0.04766100 0.00000000 0.67144200 0.00000000 0.00000000 0.00000000
54 4.80552600 0.89926700 -0.32590700 0.00000000 0.00000000 0.00000000
55 -1.55556500 -0.00054600 0.65577800 0.00000000 0.00000000 0.00000000
56 -10.74451400 -0.01507800 -1.91032200 0.00000000 0.00000000 0.00000000
57 -12.84329000 -0.84086100 -0.01736800 0.00000000 0.00000000 0.00000000
58 3.70964100 -0.39217800 -0.15646300 0.00000000 0.00000000 0.00000000
59 -6.09495200 -0.01507800 -1.88070700 0.00000000 0.00000000 0.00000000
60 -17.41236700 0.31651300 -0.95933400 0.00000000 0.00000000 0.00000000
61 -1.27686700 -2.47341800 -4.53473900 3.03773800 0.28589800 -2.04045200
time 20
0 -0.00000100 8.45008800 -27.50902600 0.00000000 0.00000000 0.00003100
1 -0.00000200 0.00000000 0.00000000 1.57074700 -1.56714200 -1.57074700
2 4.25546500 -0.33518400 -0.00000200 0.00000000 0.00000000 -0.12484800
3 7.43125000 1.49647900 0.00000200 0.00000000 0.00000000 0.24545000
4 5.27847900 0.16554300 0.00000100 0.00000000 0.00000000 0.04851100
5 -1.64873900 -13.09409500 6.31045600 1.97586600 1.15990900 -1.29878500
6 -6.21447800 -0.00001000 -0.00002700 -2.75837302 -0.70723092 1.25150855
7 11.94488800 -0.00000100 0.00000000 -0.41196896 -0.34249945 1.71761059
8 10.62018200 0.00000000 -0.00000100 0.83793806 -0.26137876 3.05208871
9 -4.75111000 -0.69449400 0.83057400 -0.13822700 -0.15282100 0.18761000
10 -1.68807000 0.00004500 -0.00003100 0.02141900 -0.01231500 0.38900200
11 -1.33613700 0.00005200 -0.00001200 0.02584200 0.00517300 0.35617200
12 -4.82049900 -0.50946000 -0.22476200 -0.34140000 -0.06545200 1.04871000
13 -1.82699000 -0.00006800 0.00000900 0.01748100 0.03646500 1.72004300
14 -1.43658100 0.00000900 0.00000000 -0.02382900 -0.07399300 0.22023700
15 -3.99236200 -0.89118700 -1.82790700 -0.59999900 0.19887300 1.32587600
16 -1.40592200 -0.00002800 -0.00000500 -0.01642200 -0.02447400 1.46410200
17 -1.17536100 0.00013100 -0.00002100 0.02747700 0.06211700 0.32120800
18 -4.52675700 -0.69057500 -1.12074700 -0.42612300 0.11490200 1.26431800
19 -1.74404400 0.00003500 -0.00001000 -0.02836300 -0.00827500 1.69883200
20 -1.36877000 0.00002600 0.00000600 0.01196900 0.05106200 0.12629600
21 -2.03839600 -0.89278700 0.93250500 2.31093700 0.31633100 0.79560400
22 -1.62789200 0.15474800 0.01182600 -0.13461700 0.15578500 0.35407600
23 -1.59928200 0.00000400 0.00001400 0.02557400 -0.03449400 0.91320200
24 5.51181700 0.00000400 -0.00000300 2.10369657 -0.09391486 3.10452831
25 0.19684500 -0.00000200 0.00000300 2.79340598 -0.00025039 -3.14152422
26 3.17271800 -9.89650400 -1.63169800 1.97586200 1.15991000 1.84280300
27 6.21448500 0.00001000 0.00002000 -1.33460670 0.76814153 -1.99466909
28 11.94489300 -0.00003100 -0.00018800 -0.23627476 -0.33514838 -1.19946109
29 10.62017300 0.00000700 0.00001300 -1.30780440 -0.58840763 -0.50888388
30 4.75115800 0.69437700 -0.83047100 0.18048000 0.08458500 -0.04631000
31 1.68806700 -0.00002600 0.00000200 0.01020900 -0.02253800 1.01235300
32 1.33614400 -0.00005400 -0.00000900 0.00924200 -0.03762600 0.12943000
33 4.82051400 0.50933900 0.22486700 -0.45840800 -0.06739700 1.35830800
34 1.82699800 0.00006600 0.00000700 -0.00578000 0.04005700 1.13019400
35 1.43658300 -0.00001000 0.00000700 0.00803200 -0.01282400 0.28205500
36 3.99235300 0.89108800 1.82799600 -0.66807500 0.18880800 1.43569600
37 1.40592200 0.00002500 -0.00000500 -0.01231800 -0.02677000 1.30554600
38 1.17536600 -0.00012800 0.00000100 0.00055400 0.12321500 -0.04010000
39 4.52675700 0.69046000 1.12084300 -0.56617200 0.05415700 1.39823200
40 1.74404400 -0.00003100 -0.00000200 -0.02711600 -0.01181500 1.57284300
41 1.36876500 -0.00003200 -0.00001700 -0.05843200 0.14760900 -0.56409900
42 1.80926900 0.89529200 -1.12011000 1.50484800 0.57391300 0.19969600
43 1.49513800 -0.24140500 0.04487900 -0.05674600 -0.02483000 0.31490500
44 1.57424400 -0.10445000 0.03324400 0.03848200 0.07413400 -0.26513200
45 5.51181200 -0.00000100 0.00000600 -1.02187100 0.00000000 0.00000000
46 0.19685000 0.00000000 0.00000100 -0.34822500 0.00001500 -0.00000200
47 0.00000000 1.00000000 0.00000000 0.00000000 0.00000000 -1.57079600
48 -3.18096000 33.22035600 -3.27546900 0.00000000 0.00000000 -3.14156200
49 -7.94353810 48.76193148 -1.33490418 0.38764349 0.22048824 -0.38654795
50 10.32282300 1.03202100 -4.47406600 0.49059400 1.12092400 1.98870900
51 3.73549500 0.00125700 -1.32376300 0.00000000 0.00000000 0.00000000
52 -0.00066900 -0.00054600 -1.33911600 0.00000000 0.00000000 0.00000000
53 0.04766100 0.00000000 0.67144200 0.00000000 0.00000000 0.00000000
54 4.80552600 0.89926700 -0.32590700 0.00000000 0.00000000 0.00000000
55 -1.55556500 -0.00054600 0.65577800 0.00000000 0.00000000 0.00000000
56 -10.74451400 -0.01507800 -1.91032200 0.00000000 0.00000000 0.00000000
57 -12.84329000 -0.84086100 -0.01736800 0.00000000 0.00000000 0.00000000
58 3.70964100 -0.39217800 -0.15646300 0.00000000 0.00000000 0.00000000
59 -6.09495200 -0.01507800 -1.88070700 0.00000000 0.00000000 0.00000000
60 -17.41236700 0.31651300 -0.95933400 0.00000000 0.00000000 0.00000000
61 -1.27686700 -2.47341800 -4.53473900 3.03773800 0.28589800 -2.04045200
time 21
0 -0.00000100 8.45008800 -27.50902600 0.00000000 0.00000000 0.00003100
1 -0.00000200 0.00000000 0.00000000 1.57074700 -1.56714200 -1.57074700
2 4.25546500 -0.33518400 -0.00000200 0.00000000 0.00000000 -0.12484800
3 7.43125000 1.49647900 0.00000200 0.00000000 0.00000000 0.24545000
4 5.27847900 0.16554300 0.00000100 0.00000000 0.00000000 0.04851100
5 -1.64873900 -13.09409500 6.31045600 1.97586600 1.15990900 -1.29878500
6 -6.21447800 -0.00001000 -0.00002700 -2.75967807 -0.70756976 1.25201651
7 11.94488800 -0.00000100 0.00000000 -0.41215323 -0.34258639 1.71806156
8 10.62018200 0.00000000 -0.00000100 0.83874911 -0.26271573 3.05088398
9 -4.75111000 -0.69449400 0.83057400 -0.13822700 -0.15282100 0.18761000
10 -1.68807000 0.00004500 -0.00003100 0.02141900 -0.01231500 0.38900200
11 -1.33613700 0.00005200 -0.00001200 0.02584200 0.00517300 0.35617200
12 -4.82049900 -0.50946000 -0.22476200 -0.34140000 -0.06545200 1.04871000
13 -1.82699000 -0.00006800 0.00000900 0.01748100 0.03646500 1.72004300
14 -1.43658100 0.00000900 0.00000000 -0.02382900 -0.07399300 0.22023700
15 -3.99236200 -0.89118700 -1.82790700 -0.59999900 0.19887300 1.32587600
16 -1.40592200 -0.00002800 -0.00000500 -0.01642200 -0.02447400 1.46410200
17 -1.17536100 0.00013100 -0.00002100 0.02747700 0.06211700 0.32120800
18 -4.52675700 -0.69057500 -1.12074700 -0.42612300 0.11490200 1.26431800
19 -1.74404400 0.00003500 -0.00001000 -0.02836300 -0.00827500 1.69883200
20 -1.36877000 0.00002600 0.00000600 0.01196900 0.05106200 0.12629600
21 -2.03839600 -0.89278700 0.93250500 2.31093700 0.31633100 0.79560400
22 -1.62789200 0.15474800 0.01182600 -0.13461700 0.15578500 0.35407600
23 -1.59928200 0.00000400 0.00001400 0.02557400 -0.03449400 0.91320200
24 5.51181700 0.00000400 -0.00000300 2.10369657 -0.09391486 3.10452831
25 0.19684500 -0.00000200 0.00000300 2.79340598 -0.00025039 -3.14152422
26 3.17271800 -9.89650400 -1.63169800 1.97586200 1.15991000 1.84280300
27 6.21448500 0.00001000 0.00002000 -1.33432054 0.76981686 -1.99430748
28 11.94489300 -0.00003100 -0.00018800 -0.23651519 -0.33590012 -1.19878963
29 10.62017300 0.00000700 0.00001300 -1.31059104 -0.58970139 -0.50890685
30 4.75115800 0.69437700 -0.83047100 0.18048000 0.08458500 -0.04631000
31 1.68806700 -0.00002600 0.00000200 0.01020900 -0.02253800 1.01235300
32 1.33614400 -0.00005400 -0.00000900 0.00924200 -0.03762600 0.12943000
33 4.82051400 0.50933900 0.22486700 -0.45840800 -0.06739700 1.35830800
34 1.82699800 0.00006600 0.00000700 -0.00578000 0.04005700 1.13019400
35 1.43658300 -0.00001000 0.00000700 0.00803200 -0.01282400 0.28205500
36 3.99235300 0.89108800 1.82799600 -0.66807500 0.18880800 1.43569600
37 1.40592200 0.00002500 -0.00000500 -0.01231800 -0.02677000 1.30554600
38 1.17536600 -0.00012800 0.00000100 0.00055400 0.12321500 -0.04010000
39 4.52675700 0.69046000 1.12084300 -0.56617200 0.05415700 1.39823200
40 1.74404400 -0.00003100 -0.00000200 -0.02711600 -0.01181500 1.57284300
41 1.36876500 -0.00003200 -0.00001700 -0.05843200 0.14760900 -0.56409900
42 1.80926900 0.89529200 -1.12011000 1.50484800 0.57391300 0.19969600
43 1.49513800 -0.24140500 0.04487900 -0.05674600 -0.02483000 0.31490500
44 1.57424400 -0.10445000 0.03324400 0.03848200 0.07413400 -0.26513200
45 5.51181200 -0.00000100 0.00000600 -1.02187100 0.00000000 0.00000000
46 0.19685000 0.00000000 0.00000100 -0.34822500 0.00001500 -0.00000200
47 0.00000000 1.00000000 0.00000000 0.00000000 0.00000000 -1.57079600
48 -3.18096000 33.22035600 -3.27546900 0.00000000 0.00000000 -3.14156200
49 -7.96056849 48.76193148 -1.36669423 0.38805767 0.21800965 -0.38678101
50 10.32282300 1.03202100 -4.47406600 0.49059400 1.12092400 1.98870900
51 3.73549500 0.00125700 -1.32376300 0.00000000 0.00000000 0.00000000
52 -0.00066900 -0.00054600 -1.33911600 0.00000000 0.00000000 0.00000000
53 0.04766100 0.00000000 0.67144200 0.00000000 0.00000000 0.00000000
54 4.80552600 0.89926700 -0.32590700 0.00000000 0.00000000 0.00000000
55 -1.55556500 -0.00054600 0.65577800 0.00000000 0.00000000 0.00000000
56 -10.74451400 -0.01507800 -1.91032200 0.00000000 0.00000000 0.00000000
57 -12.84329000 -0.84086100 -0.01736800 0.00000000 0.00000000 0.00000000
58 3.70964100 -0.39217800 -0.15646300 0.00000000 0.00000000 0.00000000
59 -6.09495200 -0.01507800 -1.88070700 0.00000000 0.00000000 0.00000000
60 -17.41236700 0.31651300 -0.95933400 0.00000000 0.00000000 0.00000000
61 -1.27686700 -2.47341800 -4.53473900 3.03773800 0.28589800 -2.04045200
time 22
0 -0.00000100 8.45008800 -27.50902600 0.00000000 0.00000000 0.00003100
1 -0.00000200 0.00000000 0.00000000 1.57074700 -1.56714200 -1.57074700
2 4.25546500 -0.33518400 -0.00000200 0.00000000 0.00000000 -0.12484800
3 7.43125000 1.49647900 0.00000200 0.00000000 0.00000000 0.24545000
4 5.27847900 0.16554300 0.00000100 0.00000000 0.00000000 0.04851100
5 -1.64873900 -13.09409500 6.31045600 1.97586600 1.15990900 -1.29878500
6 -6.21447800 -0.00001000 -0.00002700 -2.76088934 -0.70784409 1.25253058
7 11.94488800 -0.00000100 0.00000000 -0.41225541 -0.34264078 1.71841226
8 10.62018200 0.00000000 -0.00000100 0.83966948 -0.26406919 3.04973080
9 -4.75111000 -0.69449400 0.83057400 -0.13822700 -0.15282100 0.18761000
10 -1.68807000 0.00004500 -0.00003100 0.02141900 -0.01231500 0.38900200
11 -1.33613700 0.00005200 -0.00001200 0.02584200 0.00517300 0.35617200
12 -4.82049900 -0.50946000 -0.22476200 -0.34140000 -0.06545200 1.04871000
13 -1.82699000 -0.00006800 0.00000900 0.01748100 0.03646500 1.72004300
14 -1.43658100 0.00000900 0.00000000 -0.02382900 -0.07399300 0.22023700
15 -3.99236200 -0.89118700 -1.82790700 -0.59999900 0.19887300 1.32587600
16 -1.40592200 -0.00002800 -0.00000500 -0.01642200 -0.02447400 1.46410200
17 -1.17536100 0.00013100 -0.00002100 0.02747700 0.06211700 0.32120800
18 -4.52675700 -0.69057500 -1.12074700 -0.42612300 0.11490200 1.26431800
19 -1.74404400 0.00003500 -0.00001000 -0.02836300 -0.00827500 1.69883200
20 -1.36877000 0.00002600 0.00000600 0.01196900 0.05106200 0.12629600
21 -2.03839600 -0.89278700 0.93250500 2.31093700 0.31633100 0.79560400
22 -1.62789200 0.15474800 0.01182600 -0.13461700 0.15578500 0.35407600
23 -1.59928200 0.00000400 0.00001400 0.02557400 -0.03449400 0.91320200
24 5.51181700 0.00000400 -0.00000300 2.10369657 -0.09391486 3.10452831
25 0.19684500 -0.00000200 0.00000300 2.79340598 -0.00025039 -3.14152422
26 3.17271800 -9.89650400 -1.63169800 1.97586200 1.15991000 1.84280300
27 6.21448500 0.00001000 0.00002000 -1.33413754 0.77142630 -1.99405830
28 11.94489300 -0.00003100 -0.00018800 -0.23674342 -0.33654636 -1.19809424
29 10.62017300 0.00000700 0.00001300 -1.31314819 -0.59093959 -0.50909894
30 4.75115800 0.69437700 -0.83047100 0.18048000 0.08458500 -0.04631000
31 1.68806700 -0.00002600 0.00000200 0.01020900 -0.02253800 1.01235300
32 1.33614400 -0.00005400 -0.00000900 0.00924200 -0.03762600 0.12943000
33 4.82051400 0.50933900 0.22486700 -0.45840800 -0.06739700 1.35830800
34 1.82699800 0.00006600 0.00000700 -0.00578000 0.04005700 1.13019400
35 1.43658300 -0.00001000 0.00000700 0.00803200 -0.01282400 0.28205500
36 3.99235300 0.89108800 1.82799600 -0.66807500 0.18880800 1.43569600
37 1.40592200 0.00002500 -0.00000500 -0.01231800 -0.02677000 1.30554600
38 1.17536600 -0.00012800 0.00000100 0.00055400 0.12321500 -0.04010000
39 4.52675700 0.69046000 1.12084300 -0.56617200 0.05415700 1.39823200
40 1.74404400 -0.00003100 -0.00000200 -0.02711600 -0.01181500 1.57284300
41 1.36876500 -0.00003200 -0.00001700 -0.05843200 0.14760900 -0.56409900
42 1.80926900 0.89529200 -1.12011000 1.50484800 0.57391300 0.19969600
43 1.49513800 -0.24140500 0.04487900 -0.05674600 -0.02483000 0.31490500
44 1.57424400 -0.10445000 0.03324400 0.03848200 0.07413400 -0.26513200
45 5.51181200 -0.00000100 0.00000600 -1.02187100 0.00000000 0.00000000
46 0.19685000 0.00000000 0.00000100 -0.34822500 0.00001500 -0.00000200
47 0.00000000 1.00000000 0.00000000 0.00000000 0.00000000 -1.57079600
48 -3.18096000 33.22035600 -3.27546900 0.00000000 0.00000000 -3.14156200
49 -7.97680269 48.76193148 -1.39699678 0.38856914 0.21574861 -0.38686404
50 10.32282300 1.03202100 -4.47406600 0.49059400 1.12092400 1.98870900
51 3.73549500 0.00125700 -1.32376300 0.00000000 0.00000000 0.00000000
52 -0.00066900 -0.00054600 -1.33911600 0.00000000 0.00000000 0.00000000
53 0.04766100 0.00000000 0.67144200 0.00000000 0.00000000 0.00000000
54 4.80552600 0.89926700 -0.32590700 0.00000000 0.00000000 0.00000000
55 -1.55556500 -0.00054600 0.65577800 0.00000000 0.00000000 0.00000000
56 -10.74451400 -0.01507800 -1.91032200 0.00000000 0.00000000 0.00000000
57 -12.84329000 -0.84086100 -0.01736800 0.00000000 0.00000000 0.00000000
58 3.70964100 -0.39217800 -0.15646300 0.00000000 0.00000000 0.00000000
59 -6.09495200 -0.01507800 -1.88070700 0.00000000 0.00000000 0.00000000
60 -17.41236700 0.31651300 -0.95933400 0.00000000 0.00000000 0.00000000
61 -1.27686700 -2.47341800 -4.53473900 3.03773800 0.28589800 -2.04045200
time 23
0 -0.00000100 8.45008800 -27.50902600 0.00000000 0.00000000 0.00003100
1 -0.00000200 0.00000000 0.00000000 1.57074700 -1.56714200 -1.57074700
2 4.25546500 -0.33518400 -0.00000200 0.00000000 0.00000000 -0.12484800
3 7.43125000 1.49647900 0.00000200 0.00000000 0.00000000 0.24545000
4 5.27847900 0.16554300 0.00000100 0.00000000 0.00000000 0.04851100
5 -1.64873900 -13.09409500 6.31045600 1.97586600 1.15990900 -1.29878500
6 -6.21447800 -0.00001000 -0.00002700 -2.76182186 -0.70806484 1.25300313
7 11.94488800 -0.00000100 0.00000000 -0.41246638 -0.34275463 1.71887462
8 10.62018200 0.00000000 -0.00000100 0.84075895 -0.26561164 3.04886038
9 -4.75111000 -0.69449400 0.83057400 -0.13822700 -0.15282100 0.18761000
10 -1.68807000 0.00004500 -0.00003100 0.02141900 -0.01231500 0.38900200
11 -1.33613700 0.00005200 -0.00001200 0.02584200 0.00517300 0.35617200
12 -4.82049900 -0.50946000 -0.22476200 -0.34140000 -0.06545200 1.04871000
13 -1.82699000 -0.00006800 0.00000900 0.01748100 0.03646500 1.72004300
14 -1.43658100 0.00000900 0.00000000 -0.02382900 -0.07399300 0.22023700
15 -3.99236200 -0.89118700 -1.82790700 -0.59999900 0.19887300 1.32587600
16 -1.40592200 -0.00002800 -0.00000500 -0.01642200 -0.02447400 1.46410200
17 -1.17536100 0.00013100 -0.00002100 0.02747700 0.06211700 0.32120800
18 -4.52675700 -0.69057500 -1.12074700 -0.42612300 0.11490200 1.26431800
19 -1.74404400 0.00003500 -0.00001000 -0.02836300 -0.00827500 1.69883200
20 -1.36877000 0.00002600 0.00000600 0.01196900 0.05106200 0.12629600
21 -2.03839600 -0.89278700 0.93250500 2.31093700 0.31633100 0.79560400
22 -1.62789200 0.15474800 0.01182600 -0.13461700 0.15578500 0.35407600
23 -1.59928200 0.00000400 0.00001400 0.02557400 -0.03449400 0.91320200
24 5.51181700 0.00000400 -0.00000300 2.10369657 -0.09391486 3.10452831
25 0.19684500 -0.00000200 0.00000300 2.79340598 -0.00025039 -3.14152422
26 3.17271800 -9.89650400 -1.63169800 1.97586200 1.15991000 1.84280300
27 6.21448500 0.00001000 0.00002000 -1.33350810 0.77290051 -1.99375469
28 11.94489300 -0.00003100 -0.00018800 -0.23703830 -0.33739315 -1.19726087
29 10.62017300 0.00000700 0.00001300 -1.31585556 -0.59229694 -0.50952070
30 4.75115800 0.69437700 -0.83047100 0.18048000 0.08458500 -0.04631000
31 1.68806700 -0.00002600 0.00000200 0.01020900 -0.02253800 1.01235300
32 1.33614400 -0.00005400 -0.00000900 0.00924200 -0.03762600 0.12943000
33 4.82051400 0.50933900 0.22486700 -0.45840800 -0.06739700 1.35830800
34 1.82699800 0.00006600 0.00000700 -0.00578000 0.04005700 1.13019400
35 1.43658300 -0.00001000 0.00000700 0.00803200 -0.01282400 0.28205500
36 3.99235300 0.89108800 1.82799600 -0.66807500 0.18880800 1.43569600
37 1.40592200 0.00002500 -0.00000500 -0.01231800 -0.02677000 1.30554600
38 1.17536600 -0.00012800 0.00000100 0.00055400 0.12321500 -0.04010000
39 4.52675700 0.69046000 1.12084300 -0.56617200 0.05415700 1.39823200
40 1.74404400 -0.00003100 -0.00000200 -0.02711600 -0.01181500 1.57284300
41 1.36876500 -0.00003200 -0.00001700 -0.05843200 0.14760900 -0.56409900
42 1.80926900 0.89529200 -1.12011000 1.50484800 0.57391300 0.19969600
43 1.49513800 -0.24140500 0.04487900 -0.05674600 -0.02483000 0.31490500
44 1.57424400 -0.10445000 0.03324400 0.03848200 0.07413400 -0.26513200
45 5.51181200 -0.00000100 0.00000600 -1.02187100 0.00000000 0.00000000
46 0.19685000 0.00000000 0.00000100 -0.34822500 0.00001500 -0.00000200
47 0.00000000 1.00000000 0.00000000 0.00000000 0.00000000 -1.57079600
48 -3.18096000 33.22035600 -3.27546900 0.00000000 0.00000000 -3.14156200
49 -7.99081753 48.76193148 -1.42640211 0.38931975 0.21345949 -0.38697479
50 10.32282300 1.03202100 -4.47406600 0.49059400 1.12092400 1.98870900
51 3.73549500 0.00125700 -1.32376300 0.00000000 0.00000000 0.00000000
52 -0.00066900 -0.00054600 -1.33911600 0.00000000 0.00000000 0.00000000
53 0.04766100 0.00000000 0.67144200 0.00000000 0.00000000 0.00000000
54 4.80552600 0.89926700 -0.32590700 0.00000000 0.00000000 0.00000000
55 -1.55556500 -0.00054600 0.65577800 0.00000000 0.00000000 0.00000000
56 -10.74451400 -0.01507800 -1.91032200 0.00000000 0.00000000 0.00000000
57 -12.84329000 -0.84086100 -0.01736800 0.00000000 0.00000000 0.00000000
58 3.70964100 -0.39217800 -0.15646300 0.00000000 0.00000000 0.00000000
59 -6.09495200 -0.01507800 -1.88070700 0.00000000 0.00000000 0.00000000
60 -17.41236700 0.31651300 -0.95933400 0.00000000 0.00000000 0.00000000
61 -1.27686700 -2.47341800 -4.53473900 3.03773800 0.28589800 -2.04045200
time 24
0 -0.00000100 8.45008800 -27.50902600 0.00000000 0.00000000 0.00003100
1 -0.00000200 0.00000000 0.00000000 1.57074700 -1.56714200 -1.57074700
2 4.25546500 -0.33518400 -0.00000200 0.00000000 0.00000000 -0.12484800
3 7.43125000 1.49647900 0.00000200 0.00000000 0.00000000 0.24545000
4 5.27847900 0.16554300 0.00000100 0.00000000 0.00000000 0.04851100
5 -1.64873900 -13.09409500 6.31045600 1.97586600 1.15990900 -1.29878500
6 -6.21447800 -0.00001000 -0.00002700 -2.76261501 -0.70827087 1.25344266
7 11.94488800 -0.00000100 0.00000000 -0.41249517 -0.34279755 1.71909077
8 10.62018200 0.00000000 -0.00000100 0.84169595 -0.26710899 3.04832413
9 -4.75111000 -0.69449400 0.83057400 -0.13822700 -0.15282100 0.18761000
10 -1.68807000 0.00004500 -0.00003100 0.02141900 -0.01231500 0.38900200
11 -1.33613700 0.00005200 -0.00001200 0.02584200 0.00517300 0.35617200
12 -4.82049900 -0.50946000 -0.22476200 -0.34140000 -0.06545200 1.04871000
13 -1.82699000 -0.00006800 0.00000900 0.01748100 0.03646500 1.72004300
14 -1.43658100 0.00000900 0.00000000 -0.02382900 -0.07399300 0.22023700
15 -3.99236200 -0.89118700 -1.82790700 -0.59999900 0.19887300 1.32587600
16 -1.40592200 -0.00002800 -0.00000500 -0.01642200 -0.02447400 1.46410200
17 -1.17536100 0.00013100 -0.00002100 0.02747700 0.06211700 0.32120800
18 -4.52675700 -0.69057500 -1.12074700 -0.42612300 0.11490200 1.26431800
19 -1.74404400 0.00003500 -0.00001000 -0.02836300 -0.00827500 1.69883200
20 -1.36877000 0.00002600 0.00000600 0.01196900 0.05106200 0.12629600
21 -2.03839600 -0.89278700 0.93250500 2.31093700 0.31633100 0.79560400
22 -1.62789200 0.15474800 0.01182600 -0.13461700 0.15578500 0.35407600
23 -1.59928200 0.00000400 0.00001400 0.02557400 -0.03449400 0.91320200
24 5.51181700 0.00000400 -0.00000300 2.10369657 -0.09391486 3.10452831
25 0.19684500 -0.00000200 0.00000300 2.79340598 -0.00025039 -3.14152422
26 3.17271800 -9.89650400 -1.63169800 1.97586200 1.15991000 1.84280300
27 6.21448500 0.00001000 0.00002000 -1.33294547 0.77416946 -1.99347970
28 11.94489300 -0.00003100 -0.00018800 -0.23732845 -0.33810307 -1.19632730
29 10.62017300 0.00000700 0.00001300 -1.31830327 -0.59359741 -0.51001136
30 4.75115800 0.69437700 -0.83047100 0.18048000 0.08458500 -0.04631000
31 1.68806700 -0.00002600 0.00000200 0.01020900 -0.02253800 1.01235300
32 1.33614400 -0.00005400 -0.00000900 0.00924200 -0.03762600 0.12943000
33 4.82051400 0.50933900 0.22486700 -0.45840800 -0.06739700 1.35830800
34 1.82699800 0.00006600 0.00000700 -0.00578000 0.04005700 1.13019400
35 1.43658300 -0.00001000 0.00000700 0.00803200 -0.01282400 0.28205500
36 3.99235300 0.89108800 1.82799600 -0.66807500 0.18880800 1.43569600
37 1.40592200 0.00002500 -0.00000500 -0.01231800 -0.02677000 1.30554600
38 1.17536600 -0.00012800 0.00000100 0.00055400 0.12321500 -0.04010000
39 4.52675700 0.69046000 1.12084300 -0.56617200 0.05415700 1.39823200
40 1.74404400 -0.00003100 -0.00000200 -0.02711600 -0.01181500 1.57284300
41 1.36876500 -0.00003200 -0.00001700 -0.05843200 0.14760900 -0.56409900
42 1.80926900 0.89529200 -1.12011000 1.50484800 0.57391300 0.19969600
43 1.49513800 -0.24140500 0.04487900 -0.05674600 -0.02483000 0.31490500
44 1.57424400 -0.10445000 0.03324400 0.03848200 0.07413400 -0.26513200
45 5.51181200 -0.00000100 0.00000600 -1.02187100 0.00000000 0.00000000
46 0.19685000 0.00000000 0.00000100 -0.34822500 0.00001500 -0.00000200
47 0.00000000 1.00000000 0.00000000 0.00000000 0.00000000 -1.57079600
48 -3.18096000 33.22035600 -3.27546900 0.00000000 0.00000000 -3.14156200
49 -8.00428137 48.76193148 -1.45348945 0.39012718 0.21142040 -0.38694418
50 10.32282300 1.03202100 -4.47406600 0.49059400 1.12092400 1.98870900
51 3.73549500 0.00125700 -1.32376300 0.00000000 0.00000000 0.00000000
52 -0.00066900 -0.00054600 -1.33911600 0.00000000 0.00000000 0.00000000
53 0.04766100 0.00000000 0.67144200 0.00000000 0.00000000 0.00000000
54 4.80552600 0.89926700 -0.32590700 0.00000000 0.00000000 0.00000000
55 -1.55556500 -0.00054600 0.65577800 0.00000000 0.00000000 0.00000000
56 -10.74451400 -0.01507800 -1.91032200 0.00000000 0.00000000 0.00000000
57 -12.84329000 -0.84086100 -0.01736800 0.00000000 0.00000000 0.00000000
58 3.70964100 -0.39217800 -0.15646300 0.00000000 0.00000000 0.00000000
59 -6.09495200 -0.01507800 -1.88070700 0.00000000 0.00000000 0.00000000
60 -17.41236700 0.31651300 -0.95933400 0.00000000 0.00000000 0.00000000
61 -1.27686700 -2.47341800 -4.53473900 3.03773800 0.28589800 -2.04045200
time 25
0 -0.00000100 8.45008800 -27.50902600 0.00000000 0.00000000 0.00003100
1 -0.00000200 0.00000000 0.00000000 1.57074700 -1.56714200 -1.57074700
2 4.25546500 -0.33518400 -0.00000200 0.00000000 0.00000000 -0.12484800
3 7.43125000 1.49647900 0.00000200 0.00000000 0.00000000 0.24545000
4 5.27847900 0.16554300 0.00000100 0.00000000 0.00000000 0.04851100
5 -1.64873900 -13.09409500 6.31045600 1.97586600 1.15990900 -1.29878500
6 -6.21447800 -0.00001000 -0.00002700 -2.76306056 -0.70847300 1.25379384
7 11.94488800 -0.00000100 0.00000000 -0.41258068 -0.34280715 1.71934595
8 10.62018200 0.00000000 -0.00000100 0.84281707 -0.26891467 3.04770776
9 -4.75111000 -0.69449400 0.83057400 -0.13822700 -0.15282100 0.18761000
10 -1.68807000 0.00004500 -0.00003100 0.02141900 -0.01231500 0.38900200
11 -1.33613700 0.00005200 -0.00001200 0.02584200 0.00517300 0.35617200
12 -4.82049900 -0.50946000 -0.22476200 -0.34140000 -0.06545200 1.04871000
13 -1.82699000 -0.00006800 0.00000900 0.01748100 0.03646500 1.72004300
14 -1.43658100 0.00000900 0.00000000 -0.02382900 -0.07399300 0.22023700
15 -3.99236200 -0.89118700 -1.82790700 -0.59999900 0.19887300 1.32587600
16 -1.40592200 -0.00002800 -0.00000500 -0.01642200 -0.02447400 1.46410200
17 -1.17536100 0.00013100 -0.00002100 0.02747700 0.06211700 0.32120800
18 -4.52675700 -0.69057500 -1.12074700 -0.42612300 0.11490200 1.26431800
19 -1.74404400 0.00003500 -0.00001000 -0.02836300 -0.00827500 1.69883200
20 -1.36877000 0.00002600 0.00000600 0.01196900 0.05106200 0.12629600
21 -2.03839600 -0.89278700 0.93250500 2.31093700 0.31633100 0.79560400
22 -1.62789200 0.15474800 0.01182600 -0.13461700 0.15578500 0.35407600
23 -1.59928200 0.00000400 0.00001400 0.02557400 -0.03449400 0.91320200
24 5.51181700 0.00000400 -0.00000300 2.10369657 -0.09391486 3.10452831
25 0.19684500 -0.00000200 0.00000300 2.79340598 -0.00025039 -3.14152422
26 3.17271800 -9.89650400 -1.63169800 1.97586200 1.15991000 1.84280300
27 6.21448500 0.00001000 0.00002000 -1.33226511 0.77534643 -1.99332856
28 11.94489300 -0.00003100 -0.00018800 -0.23772276 -0.33884644 -1.19524195
29 10.62017300 0.00000700 0.00001300 -1.32093522 -0.59497947 -0.51053080
30 4.75115800 0.69437700 -0.83047100 0.18048000 0.08458500 -0.04631000
31 1.68806700 -0.00002600 0.00000200 0.01020900 -0.02253800 1.01235300
32 1.33614400 -0.00005400 -0.00000900 0.00924200 -0.03762600 0.12943000
33 4.82051400 0.50933900 0.22486700 -0.45840800 -0.06739700 1.35830800
34 1.82699800 0.00006600 0.00000700 -0.00578000 0.04005700 1.13019400
35 1.43658300 -0.00001000 0.00000700 0.00803200 -0.01282400 0.28205500
36 3.99235300 0.89108800 1.82799600 -0.66807500 0.18880800 1.43569600
37 1.40592200 0.00002500 -0.00000500 -0.01231800 -0.02677000 1.30554600
38 1.17536600 -0.00012800 0.00000100 0.00055400 0.12321500 -0.04010000
39 4.52675700 0.69046000 1.12084300 -0.56617200 0.05415700 1.39823200
40 1.74404400 -0.00003100 -0.00000200 -0.02711600 -0.01181500 1.57284300
41 1.36876500 -0.00003200 -0.00001700 -0.05843200 0.14760900 -0.56409900
42 1.80926900 0.89529200 -1.12011000 1.50484800 0.57391300 0.19969600
43 1.49513800 -0.24140500 0.04487900 -0.05674600 -0.02483000 0.31490500
44 1.57424400 -0.10445000 0.03324400 0.03848200 0.07413400 -0.26513200
45 5.51181200 -0.00000100 0.00000600 -1.02187100 0.00000000 0.00000000
46 0.19685000 0.00000000 0.00000100 -0.34822500 0.00001500 -0.00000200
47 0.00000000 1.00000000 0.00000000 0.00000000 0.00000000 -1.57079600
48 -3.18096000 33.22035600 -3.27546900 0.00000000 0.00000000 -3.14156200
49 -8.01561834 48.76193148 -1.47803971 0.39106921 0.20933380 -0.38696011
50 10.32282300 1.03202100 -4.47406600 0.49059400 1.12092400 1.98870900
51 3.73549500 0.00125700 -1.32376300 0.00000000 0.00000000 0.00000000
52 -0.00066900 -0.00054600 -1.33911600 0.00000000 0.00000000 0.00000000
53 0.04766100 0.00000000 0.67144200 0.00000000 0.00000000 0.00000000
54 4.80552600 0.89926700 -0.32590700 0.00000000 0.00000000 0.00000000
55 -1.55556500 -0.00054600 0.65577800 0.00000000 0.00000000 0.00000000
56 -10.74451400 -0.01507800 -1.91032200 0.00000000 0.00000000 0.00000000
57 -12.84329000 -0.84086100 -0.01736800 0.00000000 0.00000000 0.00000000
58 3.70964100 -0.39217800 -0.15646300 0.00000000 0.00000000 0.00000000
59 -6.09495200 -0.01507800 -1.88070700 0.00000000 0.00000000 0.00000000
60 -17.41236700 0.31651300 -0.95933400 0.00000000 0.00000000 0.00000000
61 -1.27686700 -2.47341800 -4.53473900 3.03773800 0.28589800 -2.04045200
time 26
0 -0.00000100 8.45008800 -27.50902600 0.00000000 0.00000000 0.00003100
1 -0.00000200 0.00000000 0.00000000 1.57074700 -1.56714200 -1.57074700
2 4.25546500 -0.33518400 -0.00000200 0.00000000 0.00000000 -0.12484800
3 7.43125000 1.49647900 0.00000200 0.00000000 0.00000000 0.24545000
4 5.27847900 0.16554300 0.00000100 0.00000000 0.00000000 0.04851100
5 -1.64873900 -13.09409500 6.31045600 1.97586600 1.15990900 -1.29878500
6 -6.21447800 -0.00001000 -0.00002700 -2.76303538 -0.70854827 1.25416126
7 11.94488800 -0.00000100 0.00000000 -0.41276035 -0.34274705 1.71981508
8 10.62018200 0.00000000 -0.00000100 0.84414311 -0.27116578 3.04703860
9 -4.75111000 -0.69449400 0.83057400 -0.13822700 -0.15282100 0.18761000
10 -1.68807000 0.00004500 -0.00003100 0.02141900 -0.01231500 0.38900200
11 -1.33613700 0.00005200 -0.00001200 0.02584200 0.00517300 0.35617200
12 -4.82049900 -0.50946000 -0.22476200 -0.34140000 -0.06545200 1.04871000
13 -1.82699000 -0.00006800 0.00000900 0.01748100 0.03646500 1.72004300
14 -1.43658100 0.00000900 0.00000000 -0.02382900 -0.07399300 0.22023700
15 -3.99236200 -0.89118700 -1.82790700 -0.59999900 0.19887300 1.32587600
16 -1.40592200 -0.00002800 -0.00000500 -0.01642200 -0.02447400 1.46410200
17 -1.17536100 0.00013100 -0.00002100 0.02747700 0.06211700 0.32120800
18 -4.52675700 -0.69057500 -1.12074700 -0.42612300 0.11490200 1.26431800
19 -1.74404400 0.00003500 -0.00001000 -0.02836300 -0.00827500 1.69883200
20 -1.36877000 0.00002600 0.00000600 0.01196900 0.05106200 0.12629600
21 -2.03839600 -0.89278700 0.93250500 2.31093700 0.31633100 0.79560400
22 -1.62789200 0.15474800 0.01182600 -0.13461700 0.15578500 0.35407600
23 -1.59928200 0.00000400 0.00001400 0.02557400 -0.03449400 0.91320200
24 5.51181700 0.00000400 -0.00000300 2.10369657 -0.09391486 3.10452831
25 0.19684500 -0.00000200 0.00000300 2.79340598 -0.00025039 -3.14152422
26 3.17271800 -9.89650400 -1.63169800 1.97586200 1.15991000 1.84280300
27 6.21448500 0.00001000 0.00002000 -1.33145116 0.77636716 -1.99326511
28 11.94489300 -0.00003100 -0.00018800 -0.23799494 -0.33962134 -1.19422056
29 10.62017300 0.00000700 0.00001300 -1.32351150 -0.59670160 -0.51120946
30 4.75115800 0.69437700 -0.83047100 0.18048000 0.08458500 -0.04631000
31 1.68806700 -0.00002600 0.00000200 0.01020900 -0.02253800 1.01235300
32 1.33614400 -0.00005400 -0.00000900 0.00924200 -0.03762600 0.12943000
33 4.82051400 0.50933900 0.22486700 -0.45840800 -0.06739700 1.35830800
34 1.82699800 0.00006600 0.00000700 -0.00578000 0.04005700 1.13019400
35 1.43658300 -0.00001000 0.00000700 0.00803200 -0.01282400 0.28205500
36 3.99235300 0.89108800 1.82799600 -0.66807500 0.18880800 1.43569600
37 1.40592200 0.00002500 -0.00000500 -0.01231800 -0.02677000 1.30554600
38 1.17536600 -0.00012800 0.00000100 0.00055400 0.12321500 -0.04010000
39 4.52675700 0.69046000 1.12084300 -0.56617200 0.05415700 1.39823200
40 1.74404400 -0.00003100 -0.00000200 -0.02711600 -0.01181500 1.57284300
41 1.36876500 -0.00003200 -0.00001700 -0.05843200 0.14760900 -0.56409900
42 1.80926900 0.89529200 -1.12011000 1.50484800 0.57391300 0.19969600
43 1.49513800 -0.24140500 0.04487900 -0.05674600 -0.02483000 0.31490500
44 1.57424400 -0.10445000 0.03324400 0.03848200 0.07413400 -0.26513200
45 5.51181200 -0.00000100 0.00000600 -1.02187100 0.00000000 0.00000000
46 0.19685000 0.00000000 0.00000100 -0.34822500 0.00001500 -0.00000200
47 0.00000000 1.00000000 0.00000000 0.00000000 0.00000000 -1.57079600
48 -3.18096000 33.22035600 -3.27546900 0.00000000 0.00000000 -3.14156200
49 -8.02446147 48.76193148 -1.49977627 0.39222825 0.20727013 -0.38710632
50 10.32282300 1.03202100 -4.47406600 0.49059400 1.12092400 1.98870900
51 3.73549500 0.00125700 -1.32376300 0.00000000 0.00000000 0.00000000
52 -0.00066900 -0.00054600 -1.33911600 0.00000000 0.00000000 0.00000000
53 0.04766100 0.00000000 0.67144200 0.00000000 0.00000000 0.00000000
54 4.80552600 0.89926700 -0.32590700 0.00000000 0.00000000 0.00000000
55 -1.55556500 -0.00054600 0.65577800 0.00000000 0.00000000 0.00000000
56 -10.74451400 -0.01507800 -1.91032200 0.00000000 0.00000000 0.00000000
57 -12.84329000 -0.84086100 -0.01736800 0.00000000 0.00000000 0.00000000
58 3.70964100 -0.39217800 -0.15646300 0.00000000 0.00000000 0.00000000
59 -6.09495200 -0.01507800 -1.88070700 0.00000000 0.00000000 0.00000000
60 -17.41236700 0.31651300 -0.95933400 0.00000000 0.00000000 0.00000000
61 -1.27686700 -2.47341800 -4.53473900 3.03773800 0.28589800 -2.04045200
time 27
0 -0.00000100 8.45008800 -27.50902600 0.00000000 0.00000000 0.00003100
1 -0.00000200 0.00000000 0.00000000 1.57074700 -1.56714200 -1.57074700
2 4.25546500 -0.33518400 -0.00000200 0.00000000 0.00000000 -0.12484800
3 7.43125000 1.49647900 0.00000200 0.00000000 0.00000000 0.24545000
4 5.27847900 0.16554300 0.00000100 0.00000000 0.00000000 0.04851100
5 -1.64873900 -13.09409500 6.31045600 1.97586600 1.15990900 -1.29878500
6 -6.21447800 -0.00001000 -0.00002700 -2.76282008 -0.70858155 1.25435802
7 11.94488800 -0.00000100 0.00000000 -0.41282866 -0.34267460 1.72003956
8 10.62018200 0.00000000 -0.00000100 0.84539442 -0.27317440 3.04668209
9 -4.75111000 -0.69449400 0.83057400 -0.13822700 -0.15282100 0.18761000
10 -1.68807000 0.00004500 -0.00003100 0.02141900 -0.01231500 0.38900200
11 -1.33613700 0.00005200 -0.00001200 0.02584200 0.00517300 0.35617200
12 -4.82049900 -0.50946000 -0.22476200 -0.34140000 -0.06545200 1.04871000
13 -1.82699000 -0.00006800 0.00000900 0.01748100 0.03646500 1.72004300
14 -1.43658100 0.00000900 0.00000000 -0.02382900 -0.07399300 0.22023700
15 -3.99236200 -0.89118700 -1.82790700 -0.59999900 0.19887300 1.32587600
16 -1.40592200 -0.00002800 -0.00000500 -0.01642200 -0.02447400 1.46410200
17 -1.17536100 0.00013100 -0.00002100 0.02747700 0.06211700 0.32120800
18 -4.52675700 -0.69057500 -1.12074700 -0.42612300 0.11490200 1.26431800
19 -1.74404400 0.00003500 -0.00001000 -0.02836300 -0.00827500 1.69883200
20 -1.36877000 0.00002600 0.00000600 0.01196900 0.05106200 0.12629600
21 -2.03839600 -0.89278700 0.93250500 2.31093700 0.31633100 0.79560400
22 -1.62789200 0.15474800 0.01182600 -0.13461700 0.15578500 0.35407600
23 -1.59928200 0.00000400 0.00001400 0.02557400 -0.03449400 0.91320200
24 5.51181700 0.00000400 -0.00000300 2.10369657 -0.09391486 3.10452831
25 0.19684500 -0.00000200 0.00000300 2.79340598 -0.00025039 -3.14152422
26 3.17271800 -9.89650400 -1.63169800 1.97586200 1.15991000 1.84280300
27 6.21448500 0.00001000 0.00002000 -1.33043386 0.77720164 -1.99309637
28 11.94489300 -0.00003100 -0.00018800 -0.23840832 -0.34035459 -1.19308885
29 10.62017300 0.00000700 0.00001300 -1.32597197 -0.59813875 -0.51185871
30 4.75115800 0.69437700 -0.83047100 0.18048000 0.08458500 -0.04631000
31 1.68806700 -0.00002600 0.00000200 0.01020900 -0.02253800 1.01235300
32 1.33614400 -0.00005400 -0.00000900 0.00924200 -0.03762600 0.12943000
33 4.82051400 0.50933900 0.22486700 -0.45840800 -0.06739700 1.35830800
34 1.82699800 0.00006600 0.00000700 -0.00578000 0.04005700 1.13019400
35 1.43658300 -0.00001000 0.00000700 0.00803200 -0.01282400 0.28205500
36 3.99235300 0.89108800 1.82799600 -0.66807500 0.18880800 1.43569600
37 1.40592200 0.00002500 -0.00000500 -0.01231800 -0.02677000 1.30554600
38 1.17536600 -0.00012800 0.00000100 0.00055400 0.12321500 -0.04010000
39 4.52675700 0.69046000 1.12084300 -0.56617200 0.05415700 1.39823200
40 1.74404400 -0.00003100 -0.00000200 -0.02711600 -0.01181500 1.57284300
41 1.36876500 -0.00003200 -0.00001700 -0.05843200 0.14760900 -0.56409900
42 1.80926900 0.89529200 -1.12011000 1.50484800 0.57391300 0.19969600
43 1.49513800 -0.24140500 0.04487900 -0.05674600 -0.02483000 0.31490500
44 1.57424400 -0.10445000 0.03324400 0.03848200 0.07413400 -0.26513200
45 5.51181200 -0.00000100 0.00000600 -1.02187100 0.00000000 0.00000000
46 0.19685000 0.00000000 0.00000100 -0.34822500 0.00001500 -0.00000200
47 0.00000000 1.00000000 0.00000000 0.00000000 0.00000000 -1.57079600
48 -3.18096000 33.22035600 -3.27546900 0.00000000 0.00000000 -3.14156200
49 -8.03254361 48.76193148 -1.51832684 0.39344337 0.20545730 -0.38711237
50 10.32282300 1.03202100 -4.47406600 0.49059400 1.12092400 1.98870900
51 3.73549500 0.00125700 -1.32376300 0.00000000 0.00000000 0.00000000
52 -0.00066900 -0.00054600 -1.33911600 0.00000000 0.00000000 0.00000000
53 0.04766100 0.00000000 0.67144200 0.00000000 0.00000000 0.00000000
54 4.80552600 0.89926700 -0.32590700 0.00000000 0.00000000 0.00000000
55 -1.55556500 -0.00054600 0.65577800 0.00000000 0.00000000 0.00000000
56 -10.74451400 -0.01507800 -1.91032200 0.00000000 0.00000000 0.00000000
57 -12.84329000 -0.84086100 -0.01736800 0.00000000 0.00000000 0.00000000
58 3.70964100 -0.39217800 -0.15646300 0.00000000 0.00000000 0.00000000
59 -6.09495200 -0.01507800 -1.88070700 0.00000000 0.00000000 0.00000000
60 -17.41236700 0.31651300 -0.95933400 0.00000000 0.00000000 0.00000000
61 -1.27686700 -2.47341800 -4.53473900 3.03773800 0.28589800 -2.04045200
time 28
0 -0.00000100 8.45008800 -27.50902600 0.00000000 0.00000000 0.00003100
1 -0.00000200 0.00000000 0.00000000 1.57074700 -1.56714200 -1.57074700
2 4.25546500 -0.33518400 -0.00000200 0.00000000 0.00000000 -0.12484800
3 7.43125000 1.49647900 0.00000200 0.00000000 0.00000000 0.24545000
4 5.27847900 0.16554300 0.00000100 0.00000000 0.00000000 0.04851100
5 -1.64873900 -13.09409500 6.31045600 1.97586600 1.15990900 -1.29878500
6 -6.21447800 -0.00001000 -0.00002700 -2.76180054 -0.70855529 1.25434068
7 11.94488800 -0.00000100 0.00000000 -0.41302155 -0.34250687 1.72050520
8 10.62018200 0.00000000 -0.00000100 0.84686319 -0.27588038 3.04600701
9 -4.75111000 -0.69449400 0.83057400 -0.13822700 -0.15282100 0.18761000
10 -1.68807000 0.00004500 -0.00003100 0.02141900 -0.01231500 0.38900200
11 -1.33613700 0.00005200 -0.00001200 0.02584200 0.00517300 0.35617200
12 -4.82049900 -0.50946000 -0.22476200 -0.34140000 -0.06545200 1.04871000
13 -1.82699000 -0.00006800 0.00000900 0.01748100 0.03646500 1.72004300
14 -1.43658100 0.00000900 0.00000000 -0.02382900 -0.07399300 0.22023700
15 -3.99236200 -0.89118700 -1.82790700 -0.59999900 0.19887300 1.32587600
16 -1.40592200 -0.00002800 -0.00000500 -0.01642200 -0.02447400 1.46410200
17 -1.17536100 0.00013100 -0.00002100 0.02747700 0.06211700 0.32120800
18 -4.52675700 -0.69057500 -1.12074700 -0.42612300 0.11490200 1.26431800
19 -1.74404400 0.00003500 -0.00001000 -0.02836300 -0.00827500 1.69883200
20 -1.36877000 0.00002600 0.00000600 0.01196900 0.05106200 0.12629600
21 -2.03839600 -0.89278700 0.93250500 2.31093700 0.31633100 0.79560400
22 -1.62789200 0.15474800 0.01182600 -0.13461700 0.15578500 0.35407600
23 -1.59928200 0.00000400 0.00001400 0.02557400 -0.03449400 0.91320200
24 5.51181700 0.00000400 -0.00000300 2.10369657 -0.09391486 3.10452831
25 0.19684500 -0.00000200 0.00000300 2.79340598 -0.00025039 -3.14152422
26 3.17271800 -9.89650400 -1.63169800 1.97586200 1.15991000 1.84280300
27 6.21448500 0.00001000 0.00002000 -1.32953608 0.77775908 -1.99314272
28 11.94489300 -0.00003100 -0.00018800 -0.23881602 -0.34092255 -1.19191797
29 10.62017300 0.00000700 0.00001300 -1.32831187 -0.59995045 -0.51253092
30 4.75115800 0.69437700 -0.83047100 0.18048000 0.08458500 -0.04631000
31 1.68806700 -0.00002600 0.00000200 0.01020900 -0.02253800 1.01235300
32 1.33614400 -0.00005400 -0.00000900 0.00924200 -0.03762600 0.12943000
33 4.82051400 0.50933900 0.22486700 -0.45840800 -0.06739700 1.35830800
34 1.82699800 0.00006600 0.00000700 -0.00578000 0.04005700 1.13019400
35 1.43658300 -0.00001000 0.00000700 0.00803200 -0.01282400 0.28205500
36 3.99235300 0.89108800 1.82799600 -0.66807500 0.18880800 1.43569600
37 1.40592200 0.00002500 -0.00000500 -0.01231800 -0.02677000 1.30554600
38 1.17536600 -0.00012800 0.00000100 0.00055400 0.12321500 -0.04010000
39 4.52675700 0.69046000 1.12084300 -0.56617200 0.05415700 1.39823200
40 1.74404400 -0.00003100 -0.00000200 -0.02711600 -0.01181500 1.57284300
41 1.36876500 -0.00003200 -0.00001700 -0.05843200 0.14760900 -0.56409900
42 1.80926900 0.89529200 -1.12011000 1.50484800 0.57391300 0.19969600
43 1.49513800 -0.24140500 0.04487900 -0.05674600 -0.02483000 0.31490500
44 1.57424400 -0.10445000 0.03324400 0.03848200 0.07413400 -0.26513200
45 5.51181200 -0.00000100 0.00000600 -1.02187100 0.00000000 0.00000000
46 0.19685000 0.00000000 0.00000100 -0.34822500 0.00001500 -0.00000200
47 0.00000000 1.00000000 0.00000000 0.00000000 0.00000000 -1.57079600
48 -3.18096000 33.22035600 -3.27546900 0.00000000 0.00000000 -3.14156200
49 -8.03738408 48.76193148 -1.53144211 0.39481651 0.20358198 -0.38722900
50 10.32282300 1.03202100 -4.47406600 0.49059400 1.12092400 1.98870900
51 3.73549500 0.00125700 -1.32376300 0.00000000 0.00000000 0.00000000
52 -0.00066900 -0.00054600 -1.33911600 0.00000000 0.00000000 0.00000000
53 0.04766100 0.00000000 0.67144200 0.00000000 0.00000000 0.00000000
54 4.80552600 0.89926700 -0.32590700 0.00000000 0.00000000 0.00000000
55 -1.55556500 -0.00054600 0.65577800 0.00000000 0.00000000 0.00000000
56 -10.74451400 -0.01507800 -1.91032200 0.00000000 0.00000000 0.00000000
57 -12.84329000 -0.84086100 -0.01736800 0.00000000 0.00000000 0.00000000
58 3.70964100 -0.39217800 -0.15646300 0.00000000 0.00000000 0.00000000
59 -6.09495200 -0.01507800 -1.88070700 0.00000000 0.00000000 0.00000000
60 -17.41236700 0.31651300 -0.95933400 0.00000000 0.00000000 0.00000000
61 -1.27686700 -2.47341800 -4.53473900 3.03773800 0.28589800 -2.04045200
time 29
0 -0.00000100 8.45008800 -27.50902600 0.00000000 0.00000000 0.00003100
1 -0.00000200 0.00000000 0.00000000 1.57074700 -1.56714200 -1.57074700
2 4.25546500 -0.33518400 -0.00000200 0.00000000 0.00000000 -0.12484800
3 7.43125000 1.49647900 0.00000200 0.00000000 0.00000000 0.24545000
4 5.27847900 0.16554300 0.00000100 0.00000000 0.00000000 0.04851100
5 -1.64873900 -13.09409500 6.31045600 1.97586600 1.15990900 -1.29878500
6 -6.21447800 -0.00001000 -0.00002700 -2.76038666 -0.70834292 1.25412821
7 11.94488800 -0.00000100 0.00000000 -0.41318419 -0.34224777 1.72102428
8 10.62018200 0.00000000 -0.00000100 0.84839935 -0.27861952 3.04553202
9 -4.75111000 -0.69449400 0.83057400 -0.13822700 -0.15282100 0.18761000
10 -1.68807000 0.00004500 -0.00003100 0.02141900 -0.01231500 0.38900200
11 -1.33613700 0.00005200 -0.00001200 0.02584200 0.00517300 0.35617200
12 -4.82049900 -0.50946000 -0.22476200 -0.34140000 -0.06545200 1.04871000
13 -1.82699000 -0.00006800 0.00000900 0.01748100 0.03646500 1.72004300
14 -1.43658100 0.00000900 0.00000000 -0.02382900 -0.07399300 0.22023700
15 -3.99236200 -0.89118700 -1.82790700 -0.59999900 0.19887300 1.32587600
16 -1.40592200 -0.00002800 -0.00000500 -0.01642200 -0.02447400 1.46410200
17 -1.17536100 0.00013100 -0.00002100 0.02747700 0.06211700 0.32120800
18 -4.52675700 -0.69057500 -1.12074700 -0.42612300 0.11490200 1.26431800
19 -1.74404400 0.00003500 -0.00001000 -0.02836300 -0.00827500 1.69883200
20 -1.36877000 0.00002600 0.00000600 0.01196900 0.05106200 0.12629600
21 -2.03839600 -0.89278700 0.93250500 2.31093700 0.31633100 0.79560400
22 -1.62789200 0.15474800 0.01182600 -0.13461700 0.15578500 0.35407600
23 -1.59928200 0.00000400 0.00001400 0.02557400 -0.03449400 0.91320200
24 5.51181700 0.00000400 -0.00000300 2.10369657 -0.09391486 3.10452831
25 0.19684500 -0.00000200 0.00000300 2.79340598 -0.00025039 -3.14152422
26 3.17271800 -9.89650400 -1.63169800 1.97586200 1.15991000 1.84280300
27 6.21448500 0.00001000 0.00002000 -1.32846559 0.77792341 -1.99314393
28 11.94489300 -0.00003100 -0.00018800 -0.23921615 -0.34142805 -1.19077531
29 10.62017300 0.00000700 0.00001300 -1.33058280 -0.60172582 -0.51316952
30 4.75115800 0.69437700 -0.83047100 0.18048000 0.08458500 -0.04631000
31 1.68806700 -0.00002600 0.00000200 0.01020900 -0.02253800 1.01235300
32 1.33614400 -0.00005400 -0.00000900 0.00924200 -0.03762600 0.12943000
33 4.82051400 0.50933900 0.22486700 -0.45840800 -0.06739700 1.35830800
34 1.82699800 0.00006600 0.00000700 -0.00578000 0.04005700 1.13019400
35 1.43658300 -0.00001000 0.00000700 0.00803200 -0.01282400 0.28205500
36 3.99235300 0.89108800 1.82799600 -0.66807500 0.18880800 1.43569600
37 1.40592200 0.00002500 -0.00000500 -0.01231800 -0.02677000 1.30554600
38 1.17536600 -0.00012800 0.00000100 0.00055400 0.12321500 -0.04010000
39 4.52675700 0.69046000 1.12084300 -0.56617200 0.05415700 1.39823200
40 1.74404400 -0.00003100 -0.00000200 -0.02711600 -0.01181500 1.57284300
41 1.36876500 -0.00003200 -0.00001700 -0.05843200 0.14760900 -0.56409900
42 1.80926900 0.89529200 -1.12011000 1.50484800 0.57391300 0.19969600
43 1.49513800 -0.24140500 0.04487900 -0.05674600 -0.02483000 0.31490500
44 1.57424400 -0.10445000 0.03324400 0.03848200 0.07413400 -0.26513200
45 5.51181200 -0.00000100 0.00000600 -1.02187100 0.00000000 0.00000000
46 0.19685000 0.00000000 0.00000100 -0.34822500 0.00001500 -0.00000200
47 0.00000000 1.00000000 0.00000000 0.00000000 0.00000000 -1.57079600
48 -3.18096000 33.22035600 -3.27546900 0.00000000 0.00000000 -3.14156200
49 -8.04042006 48.76193148 -1.54005376 0.39632129 0.20194538 -0.38733515
50 10.32282300 1.03202100 -4.47406600 0.49059400 1.12092400 1.98870900
51 3.73549500 0.00125700 -1.32376300 0.00000000 0.00000000 0.00000000
52 -0.00066900 -0.00054600 -1.33911600 0.00000000 0.00000000 0.00000000
53 0.04766100 0.00000000 0.67144200 0.00000000 0.00000000 0.00000000
54 4.80552600 0.89926700 -0.32590700 0.00000000 0.00000000 0.00000000
55 -1.55556500 -0.00054600 0.65577800 0.00000000 0.00000000 0.00000000
56 -10.74451400 -0.01507800 -1.91032200 0.00000000 0.00000000 0.00000000
57 -12.84329000 -0.84086100 -0.01736800 0.00000000 0.00000000 0.00000000
58 3.70964100 -0.39217800 -0.15646300 0.00000000 0.00000000 0.00000000
59 -6.09495200 -0.01507800 -1.88070700 0.00000000 0.00000000 0.00000000
60 -17.41236700 0.31651300 -0.95933400 0.00000000 0.00000000 0.00000000
61 -1.27686700 -2.47341800 -4.53473900 3.03773800 0.28589800 -2.04045200
time 30
0 -0.00000100 8.45008800 -27.50902600 0.00000000 0.00000000 0.00003100
1 -0.00000200 0.00000000 0.00000000 1.57074700 -1.56714200 -1.57074700
2 4.25546500 -0.33518400 -0.00000200 0.00000000 0.00000000 -0.12484800
3 7.43125000 1.49647900 0.00000200 0.00000000 0.00000000 0.24545000
4 5.27847900 0.16554300 0.00000100 0.00000000 0.00000000 0.04851100
5 -1.64873900 -13.09409500 6.31045600 1.97586600 1.15990900 -1.29878500
6 -6.21447800 -0.00001000 -0.00002700 -2.75891747 -0.70805435 1.25389947
7 11.94488800 -0.00000100 0.00000000 -0.41321715 -0.34200091 1.72118323
8 10.62018200 0.00000000 -0.00000100 0.84996909 -0.28119108 3.04531651
9 -4.75111000 -0.69449400 0.83057400 -0.13822700 -0.15282100 0.18761000
10 -1.68807000 0.00004500 -0.00003100 0.02141900 -0.01231500 0.38900200
11 -1.33613700 0.00005200 -0.00001200 0.02584200 0.00517300 0.35617200
12 -4.82049900 -0.50946000 -0.22476200 -0.34140000 -0.06545200 1.04871000
13 -1.82699000 -0.00006800 0.00000900 0.01748100 0.03646500 1.72004300
14 -1.43658100 0.00000900 0.00000000 -0.02382900 -0.07399300 0.22023700
15 -3.99236200 -0.89118700 -1.82790700 -0.59999900 0.19887300 1.32587600
16 -1.40592200 -0.00002800 -0.00000500 -0.01642200 -0.02447400 1.46410200
17 -1.17536100 0.00013100 -0.00002100 0.02747700 0.06211700 0.32120800
18 -4.52675700 -0.69057500 -1.12074700 -0.42612300 0.11490200 1.26431800
19 -1.74404400 0.00003500 -0.00001000 -0.02836300 -0.00827500 1.69883200
20 -1.36877000 0.00002600 0.00000600 0.01196900 0.05106200 0.12629600
21 -2.03839600 -0.89278600 0.93250400 2.31093700 0.31633100 0.79560400
22 -1.62789200 0.15474900 0.01182500 -0.13461700 0.15578500 0.35407600
23 -1.59928200 0.00000400 0.00001400 0.02557400 -0.03449400 0.91320200
24 5.51181700 0.00000400 -0.00000300 2.10369657 -0.09391486 3.10452831
25 0.19684500 -0.00000200 0.00000300 2.79340598 -0.00025039 -3.14152422
26 3.17271800 -9.89650400 -1.63169800 1.97586200 1.15991000 1.84280300
27 6.21448500 0.00001000 0.00002000 -1.32760154 0.77793930 -1.99337684
28 11.94489300 -0.00003100 -0.00018800 -0.23963135 -0.34191978 -1.18953426
29 10.62017300 0.00000700 0.00001300 -1.33259061 -0.60316958 -0.51395436
30 4.75115800 0.69437700 -0.83047100 0.18048000 0.08458500 -0.04631000
31 1.68806700 -0.00002600 0.00000200 0.01020900 -0.02253800 1.01235300
32 1.33614400 -0.00005400 -0.00000900 0.00924200 -0.03762600 0.12943000
33 4.82051400 0.50933900 0.22486700 -0.45840800 -0.06739700 1.35830800
34 1.82699800 0.00006600 0.00000700 -0.00578000 0.04005700 1.13019400
35 1.43658300 -0.00001000 0.00000700 0.00803200 -0.01282400 0.28205500
36 3.99235300 0.89108800 1.82799600 -0.66807500 0.18880800 1.43569600
37 1.40592200 0.00002500 -0.00000500 -0.01231800 -0.02677000 1.30554600
38 1.17536600 -0.00012800 0.00000100 0.00055400 0.12321500 -0.04010000
39 4.52675700 0.69046000 1.12084300 -0.56617200 0.05415700 1.39823200
40 1.74404400 -0.00003100 -0.00000200 -0.02711600 -0.01181500 1.57284300
41 1.36876500 -0.00003200 -0.00001700 -0.05843200 0.14760900 -0.56409900
42 1.80926900 0.89529100 -1.12010800 1.50484800 0.57391300 0.19969600
43 1.49513700 -0.24140500 0.04487900 -0.05674600 -0.02483000 0.31490500
44 1.57424400 -0.10445000 0.03324400 0.03848200 0.07413400 -0.26513200
45 5.51181200 -0.00000100 0.00000600 -1.02187100 0.00000000 0.00000000
46 0.19685000 0.00000000 0.00000100 -0.34822500 0.00001500 -0.00000200
47 0.00000000 1.00000000 0.00000000 0.00000000 0.00000000 -1.57079600
48 -3.18096000 33.22035600 -3.27546900 0.00000000 0.00000000 -3.14156200
49 -8.04249305 48.76193148 -1.54460942 0.39794679 0.20067673 -0.38736665
50 10.32281700 1.03202200 -4.47406400 0.49059400 1.12092400 1.98870900
51 3.73549500 0.00125700 -1.32376300 0.00000000 0.00000000 0.00000000
52 -0.00066900 -0.00054600 -1.33911600 0.00000000 0.00000000 0.00000000
53 0.04766100 0.00000000 0.67144200 0.00000000 0.00000000 0.00000000
54 4.80552600 0.89926700 -0.32590700 0.00000000 0.00000000 0.00000000
55 -1.55556500 -0.00054600 0.65577800 0.00000000 0.00000000 0.00000000
56 -10.74451400 -0.01507800 -1.91032200 0.00000000 0.00000000 0.00000000
57 -12.84329000 -0.84086100 -0.01736800 0.00000000 0.00000000 0.00000000
58 3.70964100 -0.39217800 -0.15646300 0.00000000 0.00000000 0.00000000
59 -6.09495200 -0.01507800 -1.88070700 0.00000000 0.00000000 0.00000000
60 -17.41236700 0.31651300 -0.95933400 0.00000000 0.00000000 0.00000000
61 -1.27686700 -2.47341800 -4.53473900 3.03773800 0.28589800 -2.04045200
time 31
0 -0.00000100 8.45008800 -27.50902600 0.00000000 0.00000000 0.00003100
1 -0.00000200 0.00000000 0.00000000 1.57074700 -1.56714200 -1.57074700
2 4.25546500 -0.33518400 -0.00000200 0.00000000 0.00000000 -0.12484800
3 7.43125000 1.49647900 0.00000200 0.00000000 0.00000000 0.24545000
4 5.27847900 0.16554300 0.00000100 0.00000000 0.00000000 0.04851100
5 -1.64873900 -13.09409500 6.31045600 1.97586600 1.15990900 -1.29878500
6 -6.21447800 -0.00001000 -0.00002700 -2.75655675 -0.70761909 1.25317248
7 11.94488800 -0.00000100 0.00000000 -0.41327823 -0.34170116 1.72129661
8 10.62018200 0.00000000 -0.00000100 0.85132016 -0.28372453 3.04538700
9 -4.75111000 -0.69449400 0.83057400 -0.13822700 -0.15282100 0.18761000
10 -1.68807000 0.00004500 -0.00003100 0.02141900 -0.01231500 0.38900200
11 -1.33613700 0.00005200 -0.00001200 0.02584200 0.00517300 0.35617200
12 -4.82049900 -0.50946000 -0.22476200 -0.34140000 -0.06545200 1.04871000
13 -1.82699000 -0.00006800 0.00000900 0.01748100 0.03646500 1.72004300
14 -1.43658100 0.00000900 0.00000000 -0.02382900 -0.07399300 0.22023700
15 -3.99236200 -0.89118700 -1.82790700 -0.59999900 0.19887300 1.32587600
16 -1.40592200 -0.00002800 -0.00000500 -0.01642200 -0.02447400 1.46410200
17 -1.17536100 0.00013100 -0.00002100 0.02747700 0.06211700 0.32120800
18 -4.52675700 -0.69057500 -1.12074700 -0.42612300 0.11490200 1.26431800
19 -1.74404400 0.00003500 -0.00001000 -0.02836300 -0.00827500 1.69883200
20 -1.36877000 0.00002600 0.00000600 0.01196900 0.05106200 0.12629600
21 -2.03839600 -0.89278600 0.93250400 2.31093700 0.31633100 0.79560400
22 -1.62789200 0.15474900 0.01182500 -0.13461700 0.15578500 0.35407600
23 -1.59928200 0.00000400 0.00001400 0.02557400 -0.03449400 0.91320200
24 5.51181700 0.00000400 -0.00000300 2.10369657 -0.09391486 3.10452831
25 0.19684500 -0.00000200 0.00000300 2.79340598 -0.00025039 -3.14152422
26 3.17271800 -9.89650400 -1.63169800 1.97586200 1.15991000 1.84280300
27 6.21448500 0.00001000 0.00002000 -1.32682599 0.77739424 -1.99338731
28 11.94489300 -0.00003100 -0.00018800 -0.23994653 -0.34196750 -1.18858331
29 10.62017300 0.00000700 0.00001300 -1.33393270 -0.60451224 -0.51467157
30 4.75115800 0.69437700 -0.83047100 0.18048000 0.08458500 -0.04631000
31 1.68806700 -0.00002600 0.00000200 0.01020900 -0.02253800 1.01235300
32 1.33614400 -0.00005400 -0.00000900 0.00924200 -0.03762600 0.12943000
33 4.82051400 0.50933900 0.22486700 -0.45840800 -0.06739700 1.35830800
34 1.82699800 0.00006600 0.00000700 -0.00578000 0.04005700 1.13019400
35 1.43658300 -0.00001000 0.00000700 0.00803200 -0.01282400 0.28205500
36 3.99235300 0.89108800 1.82799600 -0.66807500 0.18880800 1.43569600
37 1.40592200 0.00002500 -0.00000500 -0.01231800 -0.02677000 1.30554600
38 1.17536600 -0.00012800 0.00000100 0.00055400 0.12321500 -0.04010000
39 4.52675700 0.69046000 1.12084300 -0.56617200 0.05415700 1.39823200
40 1.74404400 -0.00003100 -0.00000200 -0.02711600 -0.01181500 1.57284300
41 1.36876500 -0.00003200 -0.00001700 -0.05843200 0.14760900 -0.56409900
42 1.80926900 0.89529100 -1.12010800 1.50484800 0.57391300 0.19969600
43 1.49513700 -0.24140500 0.04487900 -0.05674600 -0.02483000 0.31490500
44 1.57424400 -0.10445000 0.03324400 0.03848200 0.07413400 -0.26513200
45 5.51181200 -0.00000100 0.00000600 -1.02187100 0.00000000 0.00000000
46 0.19685000 0.00000000 0.00000100 -0.34822500 0.00001500 -0.00000200
47 0.00000000 1.00000000 0.00000000 0.00000000 0.00000000 -1.57079600
48 -3.18096000 33.22035600 -3.27546900 0.00000000 0.00000000 -3.14156200
49 -8.04092079 48.76193148 -1.53946398 0.39953067 0.19986544 -0.38739189
50 10.32281700 1.03202200 -4.47406400 0.49059400 1.12092400 1.98870900
51 3.73549500 0.00125700 -1.32376300 0.00000000 0.00000000 0.00000000
52 -0.00066900 -0.00054600 -1.33911600 0.00000000 0.00000000 0.00000000
53 0.04766100 0.00000000 0.67144200 0.00000000 0.00000000 0.00000000
54 4.80552600 0.89926700 -0.32590700 0.00000000 0.00000000 0.00000000
55 -1.55556500 -0.00054600 0.65577800 0.00000000 0.00000000 0.00000000
56 -10.74451400 -0.01507800 -1.91032200 0.00000000 0.00000000 0.00000000
57 -12.84329000 -0.84086100 -0.01736800 0.00000000 0.00000000 0.00000000
58 3.70964100 -0.39217800 -0.15646300 0.00000000 0.00000000 0.00000000
59 -6.09495200 -0.01507800 -1.88070700 0.00000000 0.00000000 0.00000000
60 -17.41236700 0.31651300 -0.95933400 0.00000000 0.00000000 0.00000000
61 -1.27686700 -2.47341800 -4.53473900 3.03773800 0.28589800 -2.04045200
time 32
0 -0.00000100 8.45008800 -27.50902600 0.00000000 0.00000000 0.00003100
1 -0.00000200 0.00000000 0.00000000 1.57074700 -1.56714200 -1.57074700
2 4.25546500 -0.33518400 -0.00000200 0.00000000 0.00000000 -0.12484800
3 7.43125000 1.49647900 0.00000200 0.00000000 0.00000000 0.24545000
4 5.27847900 0.16554300 0.00000100 0.00000000 0.00000000 0.04851100
5 -1.64873900 -13.09409500 6.31045600 1.97586600 1.15990900 -1.29878500
6 -6.21447800 -0.00001000 -0.00002700 -2.75414270 -0.70710792 1.25243195
7 11.94488800 -0.00000100 0.00000000 -0.41321028 -0.34141428 1.72105181
8 10.62018200 0.00000000 -0.00000100 0.85270553 -0.28608996 3.04571693
9 -4.75111000 -0.69449400 0.83057400 -0.13822700 -0.15282100 0.18761000
10 -1.68807000 0.00004500 -0.00003100 0.02141900 -0.01231500 0.38900200
11 -1.33613700 0.00005200 -0.00001200 0.02584200 0.00517300 0.35617200
12 -4.82049900 -0.50946000 -0.22476200 -0.34140000 -0.06545200 1.04871000
13 -1.82699000 -0.00006800 0.00000900 0.01748100 0.03646500 1.72004300
14 -1.43658100 0.00000900 0.00000000 -0.02382900 -0.07399300 0.22023700
15 -3.99236200 -0.89118700 -1.82790700 -0.59999900 0.19887300 1.32587600
16 -1.40592200 -0.00002800 -0.00000500 -0.01642200 -0.02447400 1.46410200
17 -1.17536100 0.00013100 -0.00002100 0.02747700 0.06211700 0.32120800
18 -4.52675700 -0.69057500 -1.12074700 -0.42612300 0.11490200 1.26431800
19 -1.74404400 0.00003500 -0.00001000 -0.02836300 -0.00827500 1.69883200
20 -1.36877000 0.00002600 0.00000600 0.01196900 0.05106200 0.12629600
21 -2.03839600 -0.89278600 0.93250400 2.31093700 0.31633100 0.79560400
22 -1.62789200 0.15474900 0.01182500 -0.13461700 0.15578500 0.35407600
23 -1.59928200 0.00000400 0.00001400 0.02557400 -0.03449400 0.91320200
24 5.51181700 0.00000400 -0.00000300 2.10369657 -0.09391486 3.10452831
25 0.19684500 -0.00000200 0.00000300 2.79340598 -0.00025039 -3.14152422
26 3.17271800 -9.89650400 -1.63169800 1.97586200 1.15991000 1.84280300
27 6.21448500 0.00001000 0.00002000 -1.32625685 0.77670057 -1.99362963
28 11.94489300 -0.00003100 -0.00018800 -0.24027650 -0.34200210 -1.18753237
29 10.62017300 0.00000700 0.00001300 -1.33501044 -0.60552180 -0.51553928
30 4.75115800 0.69437700 -0.83047100 0.18048000 0.08458500 -0.04631000
31 1.68806700 -0.00002600 0.00000200 0.01020900 -0.02253800 1.01235300
32 1.33614400 -0.00005400 -0.00000900 0.00924200 -0.03762600 0.12943000
33 4.82051400 0.50933900 0.22486700 -0.45840800 -0.06739700 1.35830800
34 1.82699800 0.00006600 0.00000700 -0.00578000 0.04005700 1.13019400
35 1.43658300 -0.00001000 0.00000700 0.00803200 -0.01282400 0.28205500
36 3.99235300 0.89108800 1.82799600 -0.66807500 0.18880800 1.43569600
37 1.40592200 0.00002500 -0.00000500 -0.01231800 -0.02677000 1.30554600
38 1.17536600 -0.00012800 0.00000100 0.00055400 0.12321500 -0.04010000
39 4.52675700 0.69046000 1.12084300 -0.56617200 0.05415700 1.39823200
40 1.74404400 -0.00003100 -0.00000200 -0.02711600 -0.01181500 1.57284300
41 1.36876500 -0.00003200 -0.00001700 -0.05843200 0.14760900 -0.56409900
42 1.80926900 0.89529100 -1.12010800 1.50484800 0.57391300 0.19969600
43 1.49513700 -0.24140500 0.04487900 -0.05674600 -0.02483000 0.31490500
44 1.57424400 -0.10445000 0.03324400 0.03848200 0.07413400 -0.26513200
45 5.51181200 -0.00000100 0.00000600 -1.02187100 0.00000000 0.00000000
46 0.19685000 0.00000000 0.00000100 -0.34822500 0.00001500 -0.00000200
47 0.00000000 1.00000000 0.00000000 0.00000000 0.00000000 -1.57079600
48 -3.18096000 33.22035600 -3.27546900 0.00000000 0.00000000 -3.14156200
49 -8.03838353 48.76193148 -1.53026255 0.40123517 0.19942223 -0.38734294
50 10.32281700 1.03202200 -4.47406400 0.49059400 1.12092400 1.98870900
51 3.73549500 0.00125700 -1.32376300 0.00000000 0.00000000 0.00000000
52 -0.00066900 -0.00054600 -1.33911600 0.00000000 0.00000000 0.00000000
53 0.04766100 0.00000000 0.67144200 0.00000000 0.00000000 0.00000000
54 4.80552600 0.89926700 -0.32590700 0.00000000 0.00000000 0.00000000
55 -1.55556500 -0.00054600 0.65577800 0.00000000 0.00000000 0.00000000
56 -10.74451400 -0.01507800 -1.91032200 0.00000000 0.00000000 0.00000000
57 -12.84329000 -0.84086100 -0.01736800 0.00000000 0.00000000 0.00000000
58 3.70964100 -0.39217800 -0.15646300 0.00000000 0.00000000 0.00000000
59 -6.09495200 -0.01507800 -1.88070700 0.00000000 0.00000000 0.00000000
60 -17.41236700 0.31651300 -0.95933400 0.00000000 0.00000000 0.00000000
61 -1.27686700 -2.47341800 -4.53473900 3.03773800 0.28589800 -2.04045200
time 33
0 -0.00000100 8.45008800 -27.50902600 0.00000000 0.00000000 0.00003100
1 -0.00000200 0.00000000 0.00000000 1.57074700 -1.56714200 -1.57074700
2 4.25546500 -0.33518400 -0.00000200 0.00000000 0.00000000 -0.12484800
3 7.43125000 1.49647900 0.00000200 0.00000000 0.00000000 0.24545000
4 5.27847900 0.16554300 0.00000100 0.00000000 0.00000000 0.04851100
5 -1.64873900 -13.09409500 6.31045600 1.97586600 1.15990900 -1.29878500
6 -6.21447800 -0.00001000 -0.00002700 -2.75173073 -0.70646687 1.25158616
7 11.94488800 -0.00000100 0.00000000 -0.41306003 -0.34110713 1.72070708
8 10.62018200 0.00000000 -0.00000100 0.85386763 -0.28789866 3.04647000
9 -4.75111000 -0.69449400 0.83057400 -0.13822700 -0.15282100 0.18761000
10 -1.68807000 0.00004500 -0.00003100 0.02141900 -0.01231500 0.38900200
11 -1.33613700 0.00005200 -0.00001200 0.02584200 0.00517300 0.35617200
12 -4.82049900 -0.50946000 -0.22476200 -0.34140000 -0.06545200 1.04871000
13 -1.82699000 -0.00006800 0.00000900 0.01748100 0.03646500 1.72004300
14 -1.43658100 0.00000900 0.00000000 -0.02382900 -0.07399300 0.22023700
15 -3.99236200 -0.89118700 -1.82790700 -0.59999900 0.19887300 1.32587600
16 -1.40592200 -0.00002800 -0.00000500 -0.01642200 -0.02447400 1.46410200
17 -1.17536100 0.00013100 -0.00002100 0.02747700 0.06211700 0.32120800
18 -4.52675700 -0.69057500 -1.12074700 -0.42612300 0.11490200 1.26431800
19 -1.74404400 0.00003500 -0.00001000 -0.02836300 -0.00827500 1.69883200
20 -1.36877000 0.00002600 0.00000600 0.01196900 0.05106200 0.12629600
21 -2.03839600 -0.89278600 0.93250400 2.31093700 0.31633100 0.79560400
22 -1.62789200 0.15474900 0.01182500 -0.13461700 0.15578500 0.35407600
23 -1.59928200 0.00000400 0.00001400 0.02557400 -0.03449400 0.91320200
24 5.51181700 0.00000400 -0.00000300 2.10369657 -0.09391486 3.10452831
25 0.19684500 -0.00000200 0.00000300 2.79340598 -0.00025039 -3.14152422
26 3.17271800 -9.89650400 -1.63169800 1.97586200 1.15991000 1.84280300
27 6.21448500 0.00001000 0.00002000 -1.32567961 0.77562813 -1.99379196
28 11.94489300 -0.00003100 -0.00018800 -0.24054320 -0.34192828 -1.18667104
29 10.62017300 0.00000700 0.00001300 -1.33565965 -0.60616636 -0.51636502
30 4.75115800 0.69437700 -0.83047100 0.18048000 0.08458500 -0.04631000
31 1.68806700 -0.00002600 0.00000200 0.01020900 -0.02253800 1.01235300
32 1.33614400 -0.00005400 -0.00000900 0.00924200 -0.03762600 0.12943000
33 4.82051400 0.50933900 0.22486700 -0.45840800 -0.06739700 1.35830800
34 1.82699800 0.00006600 0.00000700 -0.00578000 0.04005700 1.13019400
35 1.43658300 -0.00001000 0.00000700 0.00803200 -0.01282400 0.28205500
36 3.99235300 0.89108800 1.82799600 -0.66807500 0.18880800 1.43569600
37 1.40592200 0.00002500 -0.00000500 -0.01231800 -0.02677000 1.30554600
38 1.17536600 -0.00012800 0.00000100 0.00055400 0.12321500 -0.04010000
39 4.52675700 0.69046000 1.12084300 -0.56617200 0.05415700 1.39823200
40 1.74404400 -0.00003100 -0.00000200 -0.02711600 -0.01181500 1.57284300
41 1.36876500 -0.00003200 -0.00001700 -0.05843200 0.14760900 -0.56409900
42 1.80926900 0.89529100 -1.12010800 1.50484800 0.57391300 0.19969600
43 1.49513700 -0.24140500 0.04487900 -0.05674600 -0.02483000 0.31490500
44 1.57424400 -0.10445000 0.03324400 0.03848200 0.07413400 -0.26513200
45 5.51181200 -0.00000100 0.00000600 -1.02187100 0.00000000 0.00000000
46 0.19685000 0.00000000 0.00000100 -0.34822500 0.00001500 -0.00000200
47 0.00000000 1.00000000 0.00000000 0.00000000 0.00000000 -1.57079600
48 -3.18096000 33.22035600 -3.27546900 0.00000000 0.00000000 -3.14156200
49 -8.03410147 48.76193148 -1.51656020 0.40283351 0.19949947 -0.38721445
50 10.32281700 1.03202200 -4.47406400 0.49059400 1.12092400 1.98870900
51 3.73549500 0.00125700 -1.32376300 0.00000000 0.00000000 0.00000000
52 -0.00066900 -0.00054600 -1.33911600 0.00000000 0.00000000 0.00000000
53 0.04766100 0.00000000 0.67144200 0.00000000 0.00000000 0.00000000
54 4.80552600 0.89926700 -0.32590700 0.00000000 0.00000000 0.00000000
55 -1.55556500 -0.00054600 0.65577800 0.00000000 0.00000000 0.00000000
56 -10.74451400 -0.01507800 -1.91032200 0.00000000 0.00000000 0.00000000
57 -12.84329000 -0.84086100 -0.01736800 0.00000000 0.00000000 0.00000000
58 3.70964100 -0.39217800 -0.15646300 0.00000000 0.00000000 0.00000000
59 -6.09495200 -0.01507800 -1.88070700 0.00000000 0.00000000 0.00000000
60 -17.41236700 0.31651300 -0.95933400 0.00000000 0.00000000 0.00000000
61 -1.27686700 -2.47341800 -4.53473900 3.03773800 0.28589800 -2.04045200
time 34
0 -0.00000100 8.45008800 -27.50902600 0.00000000 0.00000000 0.00003100
1 -0.00000200 0.00000000 0.00000000 1.57074700 -1.56714200 -1.57074700
2 4.25546500 -0.33518400 -0.00000200 0.00000000 0.00000000 -0.12484800
3 7.43125000 1.49647900 0.00000200 0.00000000 0.00000000 0.24545000
4 5.27847900 0.16554300 0.00000100 0.00000000 0.00000000 0.04851100
5 -1.64873900 -13.09409500 6.31045600 1.97586600 1.15990900 -1.29878500
6 -6.21447800 -0.00001000 -0.00002700 -2.74956420 -0.70591356 1.25075646
7 11.94488800 -0.00000100 0.00000000 -0.41289343 -0.34089764 1.72018815
8 10.62018200 0.00000000 -0.00000100 0.85448220 -0.28883110 3.04749832
9 -4.75111000 -0.69449400 0.83057400 -0.13822700 -0.15282100 0.18761000
10 -1.68807000 0.00004500 -0.00003100 0.02141900 -0.01231500 0.38900200
11 -1.33613700 0.00005200 -0.00001200 0.02584200 0.00517300 0.35617200
12 -4.82049900 -0.50946000 -0.22476200 -0.34140000 -0.06545200 1.04871000
13 -1.82699000 -0.00006800 0.00000900 0.01748100 0.03646500 1.72004300
14 -1.43658100 0.00000900 0.00000000 -0.02382900 -0.07399300 0.22023700
15 -3.99236200 -0.89118700 -1.82790700 -0.59999900 0.19887300 1.32587600
16 -1.40592200 -0.00002800 -0.00000500 -0.01642200 -0.02447400 1.46410200
17 -1.17536100 0.00013100 -0.00002100 0.02747700 0.06211700 0.32120800
18 -4.52675700 -0.69057500 -1.12074700 -0.42612300 0.11490200 1.26431800
19 -1.74404400 0.00003500 -0.00001000 -0.02836300 -0.00827500 1.69883200
20 -1.36877000 0.00002600 0.00000600 0.01196900 0.05106200 0.12629600
21 -2.03839600 -0.89278600 0.93250400 2.31093700 0.31633100 0.79560400
22 -1.62789200 0.15474900 0.01182500 -0.13461700 0.15578500 0.35407600
23 -1.59928200 0.00000400 0.00001400 0.02557400 -0.03449400 0.91320200
24 5.51181700 0.00000400 -0.00000300 2.10369657 -0.09391486 3.10452831
25 0.19684500 -0.00000200 0.00000300 2.79340598 -0.00025039 -3.14152422
26 3.17271800 -9.89650400 -1.63169800 1.97586200 1.15991000 1.84280300
27 6.21448500 0.00001000 0.00002000 -1.32566035 0.77431368 -1.99407500
28 11.94489300 -0.00003100 -0.00018800 -0.24065739 -0.34155919 -1.18619897
29 10.62017300 0.00000700 0.00001300 -1.33523273 -0.60631485 -0.51718233
30 4.75115800 0.69437700 -0.83047100 0.18048000 0.08458500 -0.04631000
31 1.68806700 -0.00002600 0.00000200 0.01020900 -0.02253800 1.01235300
32 1.33614400 -0.00005400 -0.00000900 0.00924200 -0.03762600 0.12943000
33 4.82051400 0.50933900 0.22486700 -0.45840800 -0.06739700 1.35830800
34 1.82699800 0.00006600 0.00000700 -0.00578000 0.04005700 1.13019400
35 1.43658300 -0.00001000 0.00000700 0.00803200 -0.01282400 0.28205500
36 3.99235300 0.89108800 1.82799600 -0.66807500 0.18880800 1.43569600
37 1.40592200 0.00002500 -0.00000500 -0.01231800 -0.02677000 1.30554600
38 1.17536600 -0.00012800 0.00000100 0.00055400 0.12321500 -0.04010000
39 4.52675700 0.69046000 1.12084300 -0.56617200 0.05415700 1.39823200
40 1.74404400 -0.00003100 -0.00000200 -0.02711600 -0.01181500 1.57284300
41 1.36876500 -0.00003200 -0.00001700 -0.05843200 0.14760900 -0.56409900
42 1.80926900 0.89529100 -1.12010800 1.50484800 0.57391300 0.19969600
43 1.49513700 -0.24140500 0.04487900 -0.05674600 -0.02483000 0.31490500
44 1.57424400 -0.10445000 0.03324400 0.03848200 0.07413400 -0.26513200
45 5.51181200 -0.00000100 0.00000600 -1.02187100 0.00000000 0.00000000
46 0.19685000 0.00000000 0.00000100 -0.34822500 0.00001500 -0.00000200
47 0.00000000 1.00000000 0.00000000 0.00000000 0.00000000 -1.57079600
48 -3.18096000 33.22035600 -3.27546900 0.00000000 0.00000000 -3.14156200
49 -8.02673329 48.76193148 -1.49742977 0.40395663 0.20026534 -0.38701023
50 10.32281700 1.03202200 -4.47406400 0.49059400 1.12092400 1.98870900
51 3.73549500 0.00125700 -1.32376300 0.00000000 0.00000000 0.00000000
52 -0.00066900 -0.00054600 -1.33911600 0.00000000 0.00000000 0.00000000
53 0.04766100 0.00000000 0.67144200 0.00000000 0.00000000 0.00000000
54 4.80552600 0.89926700 -0.32590700 0.00000000 0.00000000 0.00000000
55 -1.55556500 -0.00054600 0.65577800 0.00000000 0.00000000 0.00000000
56 -10.74451400 -0.01507800 -1.91032200 0.00000000 0.00000000 0.00000000
57 -12.84329000 -0.84086100 -0.01736800 0.00000000 0.00000000 0.00000000
58 3.70964100 -0.39217800 -0.15646300 0.00000000 0.00000000 0.00000000
59 -6.09495200 -0.01507800 -1.88070700 0.00000000 0.00000000 0.00000000
60 -17.41236700 0.31651300 -0.95933400 0.00000000 0.00000000 0.00000000
61 -1.27686700 -2.47341800 -4.53473900 3.03773800 0.28589800 -2.04045200
time 35
0 -0.00000100 8.45008800 -27.50902600 0.00000000 0.00000000 0.00003100
1 -0.00000200 0.00000000 0.00000000 1.57074700 -1.56714200 -1.57074700
2 4.25546500 -0.33518400 -0.00000200 0.00000000 0.00000000 -0.12484800
3 7.43125000 1.49647900 0.00000200 0.00000000 0.00000000 0.24545000
4 5.27847900 0.16554300 0.00000100 0.00000000 0.00000000 0.04851100
5 -1.64873900 -13.09409500 6.31045600 1.97586600 1.15990900 -1.29878500
6 -6.21447800 -0.00001000 -0.00002700 -2.74721206 -0.70532019 1.24976243
7 11.94488800 -0.00000100 0.00000000 -0.41261643 -0.34067575 1.71942763
8 10.62018200 0.00000000 -0.00000100 0.85502138 -0.28951945 3.04884259
9 -4.75111000 -0.69449400 0.83057400 -0.13822700 -0.15282100 0.18761000
10 -1.68807000 0.00004500 -0.00003100 0.02141900 -0.01231500 0.38900200
11 -1.33613700 0.00005200 -0.00001200 0.02584200 0.00517300 0.35617200
12 -4.82049900 -0.50946000 -0.22476200 -0.34140000 -0.06545200 1.04871000
13 -1.82699000 -0.00006800 0.00000900 0.01748100 0.03646500 1.72004300
14 -1.43658100 0.00000900 0.00000000 -0.02382900 -0.07399300 0.22023700
15 -3.99236200 -0.89118700 -1.82790700 -0.59999900 0.19887300 1.32587600
16 -1.40592200 -0.00002800 -0.00000500 -0.01642200 -0.02447400 1.46410200
17 -1.17536100 0.00013100 -0.00002100 0.02747700 0.06211700 0.32120800
18 -4.52675700 -0.69057500 -1.12074700 -0.42612300 0.11490200 1.26431800
19 -1.74404400 0.00003500 -0.00001000 -0.02836300 -0.00827500 1.69883200
20 -1.36877000 0.00002600 0.00000600 0.01196900 0.05106200 0.12629600
21 -2.03839600 -0.89278600 0.93250400 2.31093700 0.31633100 0.79560400
22 -1.62789200 0.15474900 0.01182500 -0.13461700 0.15578500 0.35407600
23 -1.59928200 0.00000400 0.00001400 0.02557400 -0.03449400 0.91320200
24 5.51181700 0.00000400 -0.00000300 2.10369657 -0.09391486 3.10452831
25 0.19684500 -0.00000200 0.00000300 2.79340598 -0.00025039 -3.14152422
26 3.17271800 -9.89650400 -1.63169800 1.97586200 1.15991000 1.84280300
27 6.21448500 0.00001000 0.00002000 -1.32543789 0.77281256 -1.99425343
28 11.94489300 -0.00003100 -0.00018800 -0.24091219 -0.34115038 -1.18561351
29 10.62017300 0.00000700 0.00001300 -1.33468946 -0.60617088 -0.51798079
30 4.75115800 0.69437700 -0.83047100 0.18048000 0.08458500 -0.04631000
31 1.68806700 -0.00002600 0.00000200 0.01020900 -0.02253800 1.01235300
32 1.33614400 -0.00005400 -0.00000900 0.00924200 -0.03762600 0.12943000
33 4.82051400 0.50933900 0.22486700 -0.45840800 -0.06739700 1.35830800
34 1.82699800 0.00006600 0.00000700 -0.00578000 0.04005700 1.13019400
35 1.43658300 -0.00001000 0.00000700 0.00803200 -0.01282400 0.28205500
36 3.99235300 0.89108800 1.82799600 -0.66807500 0.18880800 1.43569600
37 1.40592200 0.00002500 -0.00000500 -0.01231800 -0.02677000 1.30554600
38 1.17536600 -0.00012800 0.00000100 0.00055400 0.12321500 -0.04010000
39 4.52675700 0.69046000 1.12084300 -0.56617200 0.05415700 1.39823200
40 1.74404400 -0.00003100 -0.00000200 -0.02711600 -0.01181500 1.57284300
41 1.36876500 -0.00003200 -0.00001700 -0.05843200 0.14760900 -0.56409900
42 1.80926900 0.89529100 -1.12010800 1.50484800 0.57391300 0.19969600
43 1.49513700 -0.24140500 0.04487900 -0.05674600 -0.02483000 0.31490500
44 1.57424400 -0.10445000 0.03324400 0.03848200 0.07413400 -0.26513200
45 5.51181200 -0.00000100 0.00000600 -1.02187100 0.00000000 0.00000000
46 0.19685000 0.00000000 0.00000100 -0.34822500 0.00001500 -0.00000200
47 0.00000000 1.00000000 0.00000000 0.00000000 0.00000000 -1.57079600
48 -3.18096000 33.22035600 -3.27546900 0.00000000 0.00000000 -3.14156200
49 -8.01860610 48.76193148 -1.47511335 0.40513643 0.20128228 -0.38666639
50 10.32281700 1.03202200 -4.47406400 0.49059400 1.12092400 1.98870900
51 3.73549500 0.00125700 -1.32376300 0.00000000 0.00000000 0.00000000
52 -0.00066900 -0.00054600 -1.33911600 0.00000000 0.00000000 0.00000000
53 0.04766100 0.00000000 0.67144200 0.00000000 0.00000000 0.00000000
54 4.80552600 0.89926700 -0.32590700 0.00000000 0.00000000 0.00000000
55 -1.55556500 -0.00054600 0.65577800 0.00000000 0.00000000 0.00000000
56 -10.74451400 -0.01507800 -1.91032200 0.00000000 0.00000000 0.00000000
57 -12.84329000 -0.84086100 -0.01736800 0.00000000 0.00000000 0.00000000
58 3.70964100 -0.39217800 -0.15646300 0.00000000 0.00000000 0.00000000
59 -6.09495200 -0.01507800 -1.88070700 0.00000000 0.00000000 0.00000000
60 -17.41236700 0.31651300 -0.95933400 0.00000000 0.00000000 0.00000000
61 -1.27686700 -2.47341800 -4.53473900 3.03773800 0.28589800 -2.04045200
time 36
0 -0.00000100 8.45008800 -27.50902600 0.00000000 0.00000000 0.00003100
1 -0.00000200 0.00000000 0.00000000 1.57074700 -1.56714200 -1.57074700
2 4.25546500 -0.33518400 -0.00000200 0.00000000 0.00000000 -0.12484800
3 7.43125000 1.49647900 0.00000200 0.00000000 0.00000000 0.24545000
4 5.27847900 0.16554300 0.00000100 0.00000000 0.00000000 0.04851100
5 -1.64873900 -13.09409500 6.31045600 1.97586600 1.15990900 -1.29878500
6 -6.21447800 -0.00001000 -0.00002700 -2.74537960 -0.70477241 1.24905340
7 11.94488800 -0.00000100 0.00000000 -0.41232114 -0.34058402 1.71855128
8 10.62018200 0.00000000 -0.00000100 0.85509521 -0.28926819 3.05069375
9 -4.75111000 -0.69449400 0.83057400 -0.13822700 -0.15282100 0.18761000
10 -1.68807000 0.00004500 -0.00003100 0.02141900 -0.01231500 0.38900200
11 -1.33613700 0.00005200 -0.00001200 0.02584200 0.00517300 0.35617200
12 -4.82049900 -0.50946000 -0.22476200 -0.34140000 -0.06545200 1.04871000
13 -1.82699000 -0.00006800 0.00000900 0.01748100 0.03646500 1.72004300
14 -1.43658100 0.00000900 0.00000000 -0.02382900 -0.07399300 0.22023700
15 -3.99236200 -0.89118700 -1.82790700 -0.59999900 0.19887300 1.32587600
16 -1.40592200 -0.00002800 -0.00000500 -0.01642200 -0.02447400 1.46410200
17 -1.17536100 0.00013100 -0.00002100 0.02747700 0.06211700 0.32120800
18 -4.52675700 -0.69057500 -1.12074700 -0.42612300 0.11490200 1.26431800
19 -1.74404400 0.00003500 -0.00001000 -0.02836300 -0.00827500 1.69883200
20 -1.36877000 0.00002600 0.00000600 0.01196900 0.05106200 0.12629600
21 -2.03839600 -0.89278600 0.93250400 2.31093700 0.31633100 0.79560400
22 -1.62789200 0.15474900 0.01182500 -0.13461700 0.15578500 0.35407600
23 -1.59928200 0.00000400 0.00001400 0.02557400 -0.03449400 0.91320200
24 5.51181700 0.00000400 -0.00000300 2.10369657 -0.09391486 3.10452831
25 0.19684500 -0.00000200 0.00000300 2.79340598 -0.00025039 -3.14152422
26 3.17271800 -9.89650400 -1.63169800 1.97586200 1.15991000 1.84280300
27 6.21448500 0.00001000 0.00002000 -1.32539555 0.77121880 -1.99448057
28 11.94489300 -0.00003100 -0.00018800 -0.24092847 -0.34076022 -1.18543436
29 10.62017300 0.00000700 0.00001300 -1.33326771 -0.60560744 -0.51895619
30 4.75115800 0.69437700 -0.83047100 0.18048000 0.08458500 -0.04631000
31 1.68806700 -0.00002600 0.00000200 0.01020900 -0.02253800 1.01235300
32 1.33614400 -0.00005400 -0.00000900 0.00924200 -0.03762600 0.12943000
33 4.82051400 0.50933900 0.22486700 -0.45840800 -0.06739700 1.35830800
34 1.82699800 0.00006600 0.00000700 -0.00578000 0.04005700 1.13019400
35 1.43658300 -0.00001000 0.00000700 0.00803200 -0.01282400 0.28205500
36 3.99235300 0.89108800 1.82799600 -0.66807500 0.18880800 1.43569600
37 1.40592200 0.00002500 -0.00000500 -0.01231800 -0.02677000 1.30554600
38 1.17536600 -0.00012800 0.00000100 0.00055400 0.12321500 -0.04010000
39 4.52675700 0.69046000 1.12084300 -0.56617200 0.05415700 1.39823200
40 1.74404400 -0.00003100 -0.00000200 -0.02711600 -0.01181500 1.57284300
41 1.36876500 -0.00003200 -0.00001700 -0.05843200 0.14760900 -0.56409900
42 1.80926900 0.89529100 -1.12010800 1.50484800 0.57391300 0.19969600
43 1.49513700 -0.24140500 0.04487900 -0.05674600 -0.02483000 0.31490500
44 1.57424400 -0.10445000 0.03324400 0.03848200 0.07413400 -0.26513200
45 5.51181200 -0.00000100 0.00000600 -1.02187100 0.00000000 0.00000000
46 0.19685000 0.00000000 0.00000100 -0.34822500 0.00001500 -0.00000200
47 0.00000000 1.00000000 0.00000000 0.00000000 0.00000000 -1.57079600
48 -3.18096000 33.22035600 -3.27546900 0.00000000 0.00000000 -3.14156200
49 -8.00760587 48.76193148 -1.45069035 0.40598324 0.20297994 -0.38628718
50 10.32281700 1.03202200 -4.47406400 0.49059400 1.12092400 1.98870900
51 3.73549500 0.00125700 -1.32376300 0.00000000 0.00000000 0.00000000
52 -0.00066900 -0.00054600 -1.33911600 0.00000000 0.00000000 0.00000000
53 0.04766100 0.00000000 0.67144200 0.00000000 0.00000000 0.00000000
54 4.80552600 0.89926700 -0.32590700 0.00000000 0.00000000 0.00000000
55 -1.55556500 -0.00054600 0.65577800 0.00000000 0.00000000 0.00000000
56 -10.74451400 -0.01507800 -1.91032200 0.00000000 0.00000000 0.00000000
57 -12.84329000 -0.84086100 -0.01736800 0.00000000 0.00000000 0.00000000
58 3.70964100 -0.39217800 -0.15646300 0.00000000 0.00000000 0.00000000
59 -6.09495200 -0.01507800 -1.88070700 0.00000000 0.00000000 0.00000000
60 -17.41236700 0.31651300 -0.95933400 0.00000000 0.00000000 0.00000000
61 -1.27686700 -2.47341800 -4.53473900 3.03773800 0.28589800 -2.04045200
time 37
0 -0.00000100 8.45008800 -27.50902600 0.00000000 0.00000000 0.00003100
1 -0.00000200 0.00000000 0.00000000 1.57074700 -1.56714200 -1.57074700
2 4.25546500 -0.33518400 -0.00000200 0.00000000 0.00000000 -0.12484800
3 7.43125000 1.49647900 0.00000200 0.00000000 0.00000000 0.24545000
4 5.27847900 0.16554300 0.00000100 0.00000000 0.00000000 0.04851100
5 -1.64873900 -13.09409500 6.31045600 1.97586600 1.15990900 -1.29878500
6 -6.21447800 -0.00001000 -0.00002700 -2.74402436 -0.70436566 1.24847997
7 11.94488800 -0.00000100 0.00000000 -0.41198820 -0.34062748 1.71743714
8 10.62018200 0.00000000 -0.00000100 0.85480016 -0.28817012 3.05293313
9 -4.75111000 -0.69449400 0.83057400 -0.13822700 -0.15282100 0.18761000
10 -1.68807000 0.00004500 -0.00003100 0.02141900 -0.01231500 0.38900200
11 -1.33613700 0.00005200 -0.00001200 0.02584200 0.00517300 0.35617200
12 -4.82049900 -0.50946000 -0.22476200 -0.34140000 -0.06545200 1.04871000
13 -1.82699000 -0.00006800 0.00000900 0.01748100 0.03646500 1.72004300
14 -1.43658100 0.00000900 0.00000000 -0.02382900 -0.07399300 0.22023700
15 -3.99236200 -0.89118700 -1.82790700 -0.59999900 0.19887300 1.32587600
16 -1.40592200 -0.00002800 -0.00000500 -0.01642200 -0.02447400 1.46410200
17 -1.17536100 0.00013100 -0.00002100 0.02747700 0.06211700 0.32120800
18 -4.52675700 -0.69057500 -1.12074700 -0.42612300 0.11490200 1.26431800
19 -1.74404400 0.00003500 -0.00001000 -0.02836300 -0.00827500 1.69883200
20 -1.36877000 0.00002600 0.00000600 0.01196900 0.05106200 0.12629600
21 -2.03839600 -0.89278600 0.93250400 2.31093700 0.31633100 0.79560400
22 -1.62789200 0.15474900 0.01182500 -0.13461700 0.15578500 0.35407600
23 -1.59928200 0.00000400 0.00001400 0.02557400 -0.03449400 0.91320200
24 5.51181700 0.00000400 -0.00000300 2.10369657 -0.09391486 3.10452831
25 0.19684500 -0.00000200 0.00000300 2.79340598 -0.00025039 -3.14152422
26 3.17271800 -9.89650400 -1.63169800 1.97586200 1.15991000 1.84280300
27 6.21448500 0.00001000 0.00002000 -1.32549635 0.76958214 -1.99479823
28 11.94489300 -0.00003100 -0.00018800 -0.24095376 -0.34038690 -1.18538424
29 10.62017300 0.00000700 0.00001300 -1.33134788 -0.60448971 -0.51997711
30 4.75115800 0.69437700 -0.83047100 0.18048000 0.08458500 -0.04631000
31 1.68806700 -0.00002600 0.00000200 0.01020900 -0.02253800 1.01235300
32 1.33614400 -0.00005400 -0.00000900 0.00924200 -0.03762600 0.12943000
33 4.82051400 0.50933900 0.22486700 -0.45840800 -0.06739700 1.35830800
34 1.82699800 0.00006600 0.00000700 -0.00578000 0.04005700 1.13019400
35 1.43658300 -0.00001000 0.00000700 0.00803200 -0.01282400 0.28205500
36 3.99235300 0.89108800 1.82799600 -0.66807500 0.18880800 1.43569600
37 1.40592200 0.00002500 -0.00000500 -0.01231800 -0.02677000 1.30554600
38 1.17536600 -0.00012800 0.00000100 0.00055400 0.12321500 -0.04010000
39 4.52675700 0.69046000 1.12084300 -0.56617200 0.05415700 1.39823200
40 1.74404400 -0.00003100 -0.00000200 -0.02711600 -0.01181500 1.57284300
41 1.36876500 -0.00003200 -0.00001700 -0.05843200 0.14760900 -0.56409900
42 1.80926900 0.89529100 -1.12010800 1.50484800 0.57391300 0.19969600
43 1.49513700 -0.24140500 0.04487900 -0.05674600 -0.02483000 0.31490500
44 1.57424400 -0.10445000 0.03324400 0.03848200 0.07413400 -0.26513200
45 5.51181200 -0.00000100 0.00000600 -1.02187100 0.00000000 0.00000000
46 0.19685000 0.00000000 0.00000100 -0.34822500 0.00001500 -0.00000200
47 0.00000000 1.00000000 0.00000000 0.00000000 0.00000000 -1.57079600
48 -3.18096000 33.22035600 -3.27546900 0.00000000 0.00000000 -3.14156200
49 -7.99416360 48.76193148 -1.42431953 0.40650757 0.20517811 -0.38581540
50 10.32281700 1.03202200 -4.47406400 0.49059400 1.12092400 1.98870900
51 3.73549500 0.00125700 -1.32376300 0.00000000 0.00000000 0.00000000
52 -0.00066900 -0.00054600 -1.33911600 0.00000000 0.00000000 0.00000000
53 0.04766100 0.00000000 0.67144200 0.00000000 0.00000000 0.00000000
54 4.80552600 0.89926700 -0.32590700 0.00000000 0.00000000 0.00000000
55 -1.55556500 -0.00054600 0.65577800 0.00000000 0.00000000 0.00000000
56 -10.74451400 -0.01507800 -1.91032200 0.00000000 0.00000000 0.00000000
57 -12.84329000 -0.84086100 -0.01736800 0.00000000 0.00000000 0.00000000
58 3.70964100 -0.39217800 -0.15646300 0.00000000 0.00000000 0.00000000
59 -6.09495200 -0.01507800 -1.88070700 0.00000000 0.00000000 0.00000000
60 -17.41236700 0.31651300 -0.95933400 0.00000000 0.00000000 0.00000000
61 -1.27686700 -2.47341800 -4.53473900 3.03773800 0.28589800 -2.04045200
time 38
0 -0.00000100 8.45008800 -27.50902600 0.00000000 0.00000000 0.00003100
1 -0.00000200 0.00000000 0.00000000 1.57074700 -1.56714200 -1.57074700
2 4.25546500 -0.33518400 -0.00000200 0.00000000 0.00000000 -0.12484800
3 7.43125000 1.49647900 0.00000200 0.00000000 0.00000000 0.24545000
4 5.27847900 0.16554300 0.00000100 0.00000000 0.00000000 0.04851100
5 -1.64873900 -13.09409500 6.31045600 1.97586600 1.15990900 -1.29878500
6 -6.21447800 -0.00001000 -0.00002700 -2.74253072 -0.70394468 1.24787492
7 11.94488800 -0.00000100 0.00000000 -0.41147340 -0.34060124 1.71607752
8 10.62018200 0.00000000 -0.00000100 0.85435666 -0.28702607 3.05550318
9 -4.75111000 -0.69449400 0.83057400 -0.13822700 -0.15282100 0.18761000
10 -1.68807000 0.00004500 -0.00003100 0.02141900 -0.01231500 0.38900200
11 -1.33613700 0.00005200 -0.00001200 0.02584200 0.00517300 0.35617200
12 -4.82049900 -0.50946000 -0.22476200 -0.34140000 -0.06545200 1.04871000
13 -1.82699000 -0.00006800 0.00000900 0.01748100 0.03646500 1.72004300
14 -1.43658100 0.00000900 0.00000000 -0.02382900 -0.07399300 0.22023700
15 -3.99236200 -0.89118700 -1.82790700 -0.59999900 0.19887300 1.32587600
16 -1.40592200 -0.00002800 -0.00000500 -0.01642200 -0.02447400 1.46410200
17 -1.17536100 0.00013100 -0.00002100 0.02747700 0.06211700 0.32120800
18 -4.52675700 -0.69057500 -1.12074700 -0.42612300 0.11490200 1.26431800
19 -1.74404400 0.00003500 -0.00001000 -0.02836300 -0.00827500 1.69883200
20 -1.36877000 0.00002600 0.00000600 0.01196900 0.05106200 0.12629600
21 -2.03839600 -0.89278600 0.93250400 2.31093700 0.31633100 0.79560400
22 -1.62789200 0.15474900 0.01182500 -0.13461700 0.15578500 0.35407600
23 -1.59928200 0.00000400 0.00001400 0.02557400 -0.03449400 0.91320200
24 5.51181700 0.00000400 -0.00000300 2.10369657 -0.09391486 3.10452831
25 0.19684500 -0.00000200 0.00000300 2.79340598 -0.00025039 -3.14152422
26 3.17271800 -9.89650400 -1.63169800 1.97586200 1.15991000 1.84280300
27 6.21448500 0.00001000 0.00002000 -1.32566382 0.76773932 -1.99514477
28 11.94489300 -0.00003100 -0.00018800 -0.24097227 -0.33987941 -1.18523330
29 10.62017300 0.00000700 0.00001300 -1.32917259 -0.60330630 -0.52106766
30 4.75115800 0.69437700 -0.83047100 0.18048000 0.08458500 -0.04631000
31 1.68806700 -0.00002600 0.00000200 0.01020900 -0.02253800 1.01235300
32 1.33614400 -0.00005400 -0.00000900 0.00924200 -0.03762600 0.12943000
33 4.82051400 0.50933900 0.22486700 -0.45840800 -0.06739700 1.35830800
34 1.82699800 0.00006600 0.00000700 -0.00578000 0.04005700 1.13019400
35 1.43658300 -0.00001000 0.00000700 0.00803200 -0.01282400 0.28205500
36 3.99235300 0.89108800 1.82799600 -0.66807500 0.18880800 1.43569600
37 1.40592200 0.00002500 -0.00000500 -0.01231800 -0.02677000 1.30554600
38 1.17536600 -0.00012800 0.00000100 0.00055400 0.12321500 -0.04010000
39 4.52675700 0.69046000 1.12084300 -0.56617200 0.05415700 1.39823200
40 1.74404400 -0.00003100 -0.00000200 -0.02711600 -0.01181500 1.57284300
41 1.36876500 -0.00003200 -0.00001700 -0.05843200 0.14760900 -0.56409900
42 1.80926900 0.89529100 -1.12010800 1.50484800 0.57391300 0.19969600
43 1.49513700 -0.24140500 0.04487900 -0.05674600 -0.02483000 0.31490500
44 1.57424400 -0.10445000 0.03324400 0.03848200 0.07413400 -0.26513200
45 5.51181200 -0.00000100 0.00000600 -1.02187100 0.00000000 0.00000000
46 0.19685000 0.00000000 0.00000100 -0.34822500 0.00001500 -0.00000200
47 0.00000000 1.00000000 0.00000000 0.00000000 0.00000000 -1.57079600
48 -3.18096000 33.22035600 -3.27546900 0.00000000 0.00000000 -3.14156200
49 -7.98017033 48.76193148 -1.39563072 0.40709117 0.20762618 -0.38520188
50 10.32281700 1.03202200 -4.47406400 0.49059400 1.12092400 1.98870900
51 3.73549500 0.00125700 -1.32376300 0.00000000 0.00000000 0.00000000
52 -0.00066900 -0.00054600 -1.33911600 0.00000000 0.00000000 0.00000000
53 0.04766100 0.00000000 0.67144200 0.00000000 0.00000000 0.00000000
54 4.80552600 0.89926700 -0.32590700 0.00000000 0.00000000 0.00000000
55 -1.55556500 -0.00054600 0.65577800 0.00000000 0.00000000 0.00000000
56 -10.74451400 -0.01507800 -1.91032200 0.00000000 0.00000000 0.00000000
57 -12.84329000 -0.84086100 -0.01736800 0.00000000 0.00000000 0.00000000
58 3.70964100 -0.39217800 -0.15646300 0.00000000 0.00000000 0.00000000
59 -6.09495200 -0.01507800 -1.88070700 0.00000000 0.00000000 0.00000000
60 -17.41236700 0.31651300 -0.95933400 0.00000000 0.00000000 0.00000000
61 -1.27686700 -2.47341800 -4.53473900 3.03773800 0.28589800 -2.04045200
time 39
0 -0.00000100 8.45008800 -27.50902600 0.00000000 0.00000000 0.00003100
1 -0.00000200 0.00000000 0.00000000 1.57074700 -1.56714200 -1.57074700
2 4.25546500 -0.33518400 -0.00000200 0.00000000 0.00000000 -0.12484800
3 7.43125000 1.49647900 0.00000200 0.00000000 0.00000000 0.24545000
4 5.27847900 0.16554300 0.00000100 0.00000000 0.00000000 0.04851100
5 -1.64873900 -13.09409500 6.31045600 1.97586600 1.15990900 -1.29878500
6 -6.21447800 -0.00001000 -0.00002700 -2.74140949 -0.70359228 1.24742680
7 11.94488800 -0.00000100 0.00000000 -0.41102122 -0.34072634 1.71469392
8 10.62018200 0.00000000 -0.00000100 0.85365306 -0.28515473 3.05859847
9 -4.75111000 -0.69449400 0.83057400 -0.13822700 -0.15282100 0.18761000
10 -1.68807000 0.00004500 -0.00003100 0.02141900 -0.01231500 0.38900200
11 -1.33613700 0.00005200 -0.00001200 0.02584200 0.00517300 0.35617200
12 -4.82049900 -0.50946000 -0.22476200 -0.34140000 -0.06545200 1.04871000
13 -1.82699000 -0.00006800 0.00000900 0.01748100 0.03646500 1.72004300
14 -1.43658100 0.00000900 0.00000000 -0.02382900 -0.07399300 0.22023700
15 -3.99236200 -0.89118700 -1.82790700 -0.59999900 0.19887300 1.32587600
16 -1.40592200 -0.00002800 -0.00000500 -0.01642200 -0.02447400 1.46410200
17 -1.17536100 0.00013100 -0.00002100 0.02747700 0.06211700 0.32120800
18 -4.52675700 -0.69057500 -1.12074700 -0.42612300 0.11490200 1.26431800
19 -1.74404400 0.00003500 -0.00001000 -0.02836300 -0.00827500 1.69883200
20 -1.36877000 0.00002600 0.00000600 0.01196900 0.05106200 0.12629600
21 -2.03839600 -0.89278600 0.93250400 2.31093700 0.31633100 0.79560400
22 -1.62789200 0.15474900 0.01182500 -0.13461700 0.15578500 0.35407600
23 -1.59928200 0.00000400 0.00001400 0.02557400 -0.03449400 0.91320200
24 5.51181700 0.00000400 -0.00000300 2.10369657 -0.09391486 3.10452831
25 0.19684500 -0.00000200 0.00000300 2.79340598 -0.00025039 -3.14152422
26 3.17271800 -9.89650400 -1.63169800 1.97586200 1.15991000 1.84280300
27 6.21448500 0.00001000 0.00002000 -1.32556824 0.76581070 -1.99539643
28 11.94489300 -0.00003100 -0.00018800 -0.24098070 -0.33953455 -1.18517627
29 10.62017300 0.00000700 0.00001300 -1.32665349 -0.60176313 -0.52232911
30 4.75115800 0.69437700 -0.83047100 0.18048000 0.08458500 -0.04631000
31 1.68806700 -0.00002600 0.00000200 0.01020900 -0.02253800 1.01235300
32 1.33614400 -0.00005400 -0.00000900 0.00924200 -0.03762600 0.12943000
33 4.82051400 0.50933900 0.22486700 -0.45840800 -0.06739700 1.35830800
34 1.82699800 0.00006600 0.00000700 -0.00578000 0.04005700 1.13019400
35 1.43658300 -0.00001000 0.00000700 0.00803200 -0.01282400 0.28205500
36 3.99235300 0.89108800 1.82799600 -0.66807500 0.18880800 1.43569600
37 1.40592200 0.00002500 -0.00000500 -0.01231800 -0.02677000 1.30554600
38 1.17536600 -0.00012800 0.00000100 0.00055400 0.12321500 -0.04010000
39 4.52675700 0.69046000 1.12084300 -0.56617200 0.05415700 1.39823200
40 1.74404400 -0.00003100 -0.00000200 -0.02711600 -0.01181500 1.57284300
41 1.36876500 -0.00003200 -0.00001700 -0.05843200 0.14760900 -0.56409900
42 1.80926900 0.89529100 -1.12010800 1.50484800 0.57391300 0.19969600
43 1.49513700 -0.24140500 0.04487900 -0.05674600 -0.02483000 0.31490500
44 1.57424400 -0.10445000 0.03324400 0.03848200 0.07413400 -0.26513200
45 5.51181200 -0.00000100 0.00000600 -1.02187100 0.00000000 0.00000000
46 0.19685000 0.00000000 0.00000100 -0.34822500 0.00001500 -0.00000200
47 0.00000000 1.00000000 0.00000000 0.00000000 0.00000000 -1.57079600
48 -3.18096000 33.22035600 -3.27546900 0.00000000 0.00000000 -3.14156200
49 -7.96352072 48.76193148 -1.36653046 0.40752624 0.21046142 -0.38456761
50 10.32281700 1.03202200 -4.47406400 0.49059400 1.12092400 1.98870900
51 3.73549500 0.00125700 -1.32376300 0.00000000 0.00000000 0.00000000
52 -0.00066900 -0.00054600 -1.33911600 0.00000000 0.00000000 0.00000000
53 0.04766100 0.00000000 0.67144200 0.00000000 0.00000000 0.00000000
54 4.80552600 0.89926700 -0.32590700 0.00000000 0.00000000 0.00000000
55 -1.55556500 -0.00054600 0.65577800 0.00000000 0.00000000 0.00000000
56 -10.74451400 -0.01507800 -1.91032200 0.00000000 0.00000000 0.00000000
57 -12.84329000 -0.84086100 -0.01736800 0.00000000 0.00000000 0.00000000
58 3.70964100 -0.39217800 -0.15646300 0.00000000 0.00000000 0.00000000
59 -6.09495200 -0.01507800 -1.88070700 0.00000000 0.00000000 0.00000000
60 -17.41236700 0.31651300 -0.95933400 0.00000000 0.00000000 0.00000000
61 -1.27686700 -2.47341800 -4.53473900 3.03773800 0.28589800 -2.04045200
time 40
0 -0.00000100 8.45008800 -27.50902600 0.00000000 0.00000000 0.00003100
1 -0.00000200 0.00000000 0.00000000 1.57074700 -1.56714200 -1.57074700
2 4.25546500 -0.33518400 -0.00000200 0.00000000 0.00000000 -0.12484800
3 7.43125000 1.49647900 0.00000200 0.00000000 0.00000000 0.24545000
4 5.27847900 0.16554300 0.00000100 0.00000000 0.00000000 0.04851100
5 -1.64873900 -13.09409500 6.31045600 1.97586600 1.15990900 -1.29878500
6 -6.21447800 -0.00001000 -0.00002700 -2.74033820 -0.70320142 1.24702727
7 11.94488800 -0.00000100 0.00000000 -0.41047617 -0.34083714 1.71317787
8 10.62018200 0.00000000 -0.00000100 0.85297353 -0.28308866 3.06179298
9 -4.75111000 -0.69449400 0.83057400 -0.13822700 -0.15282100 0.18761000
10 -1.68807000 0.00004500 -0.00003100 0.02141900 -0.01231500 0.38900200
11 -1.33613700 0.00005200 -0.00001200 0.02584200 0.00517300 0.35617200
12 -4.82049900 -0.50946000 -0.22476200 -0.34140000 -0.06545200 1.04871000
13 -1.82699000 -0.00006800 0.00000900 0.01748100 0.03646500 1.72004300
14 -1.43658100 0.00000900 0.00000000 -0.02382900 -0.07399300 0.22023700
15 -3.99236200 -0.89118700 -1.82790700 -0.59999900 0.19887300 1.32587600
16 -1.40592200 -0.00002800 -0.00000500 -0.01642200 -0.02447400 1.46410200
17 -1.17536100 0.00013100 -0.00002100 0.02747700 0.06211700 0.32120800
18 -4.52675700 -0.69057500 -1.12074700 -0.42612300 0.11490200 1.26431800
19 -1.74404400 0.00003500 -0.00001000 -0.02836300 -0.00827500 1.69883200
20 -1.36877000 0.00002600 0.00000600 0.01196900 0.05106200 0.12629600
21 -2.03839600 -0.89278600 0.93250400 2.31093700 0.31633100 0.79560400
22 -1.62789200 0.15474900 0.01182500 -0.13461700 0.15578500 0.35407600
23 -1.59928200 0.00000400 0.00001400 0.02557400 -0.03449400 0.91320200
24 5.51181700 0.00000400 -0.00000300 2.10369657 -0.09391486 3.10452831
25 0.19684500 -0.00000200 0.00000300 2.79340598 -0.00025039 -3.14152422
26 3.17271800 -9.89650400 -1.63169800 1.97586200 1.15991000 1.84280300
27 6.21448500 0.00001000 0.00002000 -1.32561632 0.76382444 -1.99575123
28 11.94489300 -0.00003100 -0.00018800 -0.24095820 -0.33907661 -1.18514534
29 10.62017300 0.00000700 0.00001300 -1.32379957 -0.60004935 -0.52374548
30 4.75115800 0.69437700 -0.83047100 0.18048000 0.08458500 -0.04631000
31 1.68806700 -0.00002600 0.00000200 0.01020900 -0.02253800 1.01235300
32 1.33614400 -0.00005400 -0.00000900 0.00924200 -0.03762600 0.12943000
33 4.82051400 0.50933900 0.22486700 -0.45840800 -0.06739700 1.35830800
34 1.82699800 0.00006600 0.00000700 -0.00578000 0.04005700 1.13019400
35 1.43658300 -0.00001000 0.00000700 0.00803200 -0.01282400 0.28205500
36 3.99235300 0.89108800 1.82799600 -0.66807500 0.18880800 1.43569600
37 1.40592200 0.00002500 -0.00000500 -0.01231800 -0.02677000 1.30554600
38 1.17536600 -0.00012800 0.00000100 0.00055400 0.12321500 -0.04010000
39 4.52675700 0.69046000 1.12084300 -0.56617200 0.05415700 1.39823200
40 1.74404400 -0.00003100 -0.00000200 -0.02711600 -0.01181500 1.57284300
41 1.36876500 -0.00003200 -0.00001700 -0.05843200 0.14760900 -0.56409900
42 1.80926900 0.89529100 -1.12010800 1.50484800 0.57391300 0.19969600
43 1.49513700 -0.24140500 0.04487900 -0.05674600 -0.02483000 0.31490500
44 1.57424400 -0.10445000 0.03324400 0.03848200 0.07413400 -0.26513200
45 5.51181200 -0.00000100 0.00000600 -1.02187100 0.00000000 0.00000000
46 0.19685000 0.00000000 0.00000100 -0.34822500 0.00001500 -0.00000200
47 0.00000000 1.00000000 0.00000000 0.00000000 0.00000000 -1.57079600
48 -3.18096000 33.22035600 -3.27546900 0.00000000 0.00000000 -3.14156200
49 -7.94597560 48.76193148 -1.33605065 0.40797535 0.21360607 -0.38377160
50 10.32281700 1.03202200 -4.47406400 0.49059400 1.12092400 1.98870900
51 3.73549500 0.00125700 -1.32376300 0.00000000 0.00000000 0.00000000
52 -0.00066900 -0.00054600 -1.33911600 0.00000000 0.00000000 0.00000000
53 0.04766100 0.00000000 0.67144200 0.00000000 0.00000000 0.00000000
54 4.80552600 0.89926700 -0.32590700 0.00000000 0.00000000 0.00000000
55 -1.55556500 -0.00054600 0.65577800 0.00000000 0.00000000 0.00000000
56 -10.74451400 -0.01507800 -1.91032200 0.00000000 0.00000000 0.00000000
57 -12.84329000 -0.84086100 -0.01736800 0.00000000 0.00000000 0.00000000
58 3.70964100 -0.39217800 -0.15646300 0.00000000 0.00000000 0.00000000
59 -6.09495200 -0.01507800 -1.88070700 0.00000000 0.00000000 0.00000000
60 -17.41236700 0.31651300 -0.95933400 0.00000000 0.00000000 0.00000000
61 -1.27686700 -2.47341800 -4.53473900 3.03773800 0.28589800 -2.04045200
time 41
0 -0.00000100 8.45008800 -27.50902600 0.00000000 0.00000000 0.00003100
1 -0.00000200 0.00000000 0.00000000 1.57074700 -1.56714200 -1.57074700
2 4.25546500 -0.33518400 -0.00000200 0.00000000 0.00000000 -0.12484800
3 7.43125000 1.49647900 0.00000200 0.00000000 0.00000000 0.24545000
4 5.27847900 0.16554300 0.00000100 0.00000000 0.00000000 0.04851100
5 -1.64873900 -13.09409500 6.31045600 1.97586600 1.15990900 -1.29878500
6 -6.21447800 -0.00001000 -0.00002700 -2.73922875 -0.70287984 1.24663393
7 11.94488800 -0.00000100 0.00000000 -0.40990720 -0.34097972 1.71152577
8 10.62018200 0.00000000 -0.00000100 0.85223571 -0.28087363 3.06525602
9 -4.75111000 -0.69449400 0.83057400 -0.13822700 -0.15282100 0.18761000
10 -1.68807000 0.00004500 -0.00003100 0.02141900 -0.01231500 0.38900200
11 -1.33613700 0.00005200 -0.00001200 0.02584200 0.00517300 0.35617200
12 -4.82049900 -0.50946000 -0.22476200 -0.34140000 -0.06545200 1.04871000
13 -1.82699000 -0.00006800 0.00000900 0.01748100 0.03646500 1.72004300
14 -1.43658100 0.00000900 0.00000000 -0.02382900 -0.07399300 0.22023700
15 -3.99236200 -0.89118700 -1.82790700 -0.59999900 0.19887300 1.32587600
16 -1.40592200 -0.00002800 -0.00000500 -0.01642200 -0.02447400 1.46410200
17 -1.17536100 0.00013100 -0.00002100 0.02747700 0.06211700 0.32120800
18 -4.52675700 -0.69057500 -1.12074700 -0.42612300 0.11490200 1.26431800
19 -1.74404400 0.00003500 -0.00001000 -0.02836300 -0.00827500 1.69883200
20 -1.36877000 0.00002600 0.00000600 0.01196900 0.05106200 0.12629600
21 -2.03839600 -0.89278600 0.93250400 2.31093700 0.31633100 0.79560400
22 -1.62789200 0.15474900 0.01182500 -0.13461700 0.15578500 0.35407600
23 -1.59928200 0.00000400 0.00001400 0.02557400 -0.03449400 0.91320200
24 5.51181700 0.00000400 -0.00000300 2.10369657 -0.09391486 3.10452831
25 0.19684500 -0.00000200 0.00000300 2.79340598 -0.00025039 -3.14152422
26 3.17271800 -9.89650400 -1.63169800 1.97586200 1.15991000 1.84280300
27 6.21448500 0.00001000 0.00002000 -1.32557972 0.76164876 -1.99598086
28 11.94489300 -0.00003100 -0.00018800 -0.24097669 -0.33873691 -1.18500731
29 10.62017300 0.00000700 0.00001300 -1.32093025 -0.59823500 -0.52521687
30 4.75115800 0.69437700 -0.83047100 0.18048000 0.08458500 -0.04631000
31 1.68806700 -0.00002600 0.00000200 0.01020900 -0.02253800 1.01235300
32 1.33614400 -0.00005400 -0.00000900 0.00924200 -0.03762600 0.12943000
33 4.82051400 0.50933900 0.22486700 -0.45840800 -0.06739700 1.35830800
34 1.82699800 0.00006600 0.00000700 -0.00578000 0.04005700 1.13019400
35 1.43658300 -0.00001000 0.00000700 0.00803200 -0.01282400 0.28205500
36 3.99235300 0.89108800 1.82799600 -0.66807500 0.18880800 1.43569600
37 1.40592200 0.00002500 -0.00000500 -0.01231800 -0.02677000 1.30554600
38 1.17536600 -0.00012800 0.00000100 0.00055400 0.12321500 -0.04010000
39 4.52675700 0.69046000 1.12084300 -0.56617200 0.05415700 1.39823200
40 1.74404400 -0.00003100 -0.00000200 -0.02711600 -0.01181500 1.57284300
41 1.36876500 -0.00003200 -0.00001700 -0.05843200 0.14760900 -0.56409900
42 1.80926900 0.89529100 -1.12010800 1.50484800 0.57391300 0.19969600
43 1.49513700 -0.24140500 0.04487900 -0.05674600 -0.02483000 0.31490500
44 1.57424400 -0.10445000 0.03324400 0.03848200 0.07413400 -0.26513200
45 5.51181200 -0.00000100 0.00000600 -1.02187100 0.00000000 0.00000000
46 0.19685000 0.00000000 0.00000100 -0.34822500 0.00001500 -0.00000200
47 0.00000000 1.00000000 0.00000000 0.00000000 0.00000000 -1.57079600
48 -3.18096000 33.22035600 -3.27546900 0.00000000 0.00000000 -3.14156200
49 -7.92801705 48.76193148 -1.30426698 0.40850549 0.21679658 -0.38295588
50 10.32281700 1.03202200 -4.47406400 0.49059400 1.12092400 1.98870900
51 3.73549500 0.00125700 -1.32376300 0.00000000 0.00000000 0.00000000
52 -0.00066900 -0.00054600 -1.33911600 0.00000000 0.00000000 0.00000000
53 0.04766100 0.00000000 0.67144200 0.00000000 0.00000000 0.00000000
54 4.80552600 0.89926700 -0.32590700 0.00000000 0.00000000 0.00000000
55 -1.55556500 -0.00054600 0.65577800 0.00000000 0.00000000 0.00000000
56 -10.74451400 -0.01507800 -1.91032200 0.00000000 0.00000000 0.00000000
57 -12.84329000 -0.84086100 -0.01736800 0.00000000 0.00000000 0.00000000
58 3.70964100 -0.39217800 -0.15646300 0.00000000 0.00000000 0.00000000
59 -6.09495200 -0.01507800 -1.88070700 0.00000000 0.00000000 0.00000000
60 -17.41236700 0.31651300 -0.95933400 0.00000000 0.00000000 0.00000000
61 -1.27686700 -2.47341800 -4.53473900 3.03773800 0.28589800 -2.04045200
time 42
0 -0.00000100 8.45008800 -27.50902600 0.00000000 0.00000000 0.00003100
1 -0.00000200 0.00000000 0.00000000 1.57074700 -1.56714200 -1.57074700
2 4.25546500 -0.33518400 -0.00000200 0.00000000 0.00000000 -0.12484800
3 7.43125000 1.49647900 0.00000200 0.00000000 0.00000000 0.24545000
4 5.27847900 0.16554300 0.00000100 0.00000000 0.00000000 0.04851100
5 -1.64873900 -13.09409500 6.31045600 1.97586600 1.15990900 -1.29878500
6 -6.21447800 -0.00001000 -0.00002700 -2.73849602 -0.70256341 1.24629573
7 11.94488800 -0.00000100 0.00000000 -0.40926587 -0.34122742 1.70959692
8 10.62018200 0.00000000 -0.00000100 0.85115594 -0.27791393 3.06924842
9 -4.75111000 -0.69449400 0.83057400 -0.13822700 -0.15282100 0.18761000
10 -1.68807000 0.00004500 -0.00003100 0.02141900 -0.01231500 0.38900200
11 -1.33613700 0.00005200 -0.00001200 0.02584200 0.00517300 0.35617200
12 -4.82049900 -0.50946000 -0.22476200 -0.34140000 -0.06545200 1.04871000
13 -1.82699000 -0.00006800 0.00000900 0.01748100 0.03646500 1.72004300
14 -1.43658100 0.00000900 0.00000000 -0.02382900 -0.07399300 0.22023700
15 -3.99236200 -0.89118700 -1.82790700 -0.59999900 0.19887300 1.32587600
16 -1.40592200 -0.00002800 -0.00000500 -0.01642200 -0.02447400 1.46410200
17 -1.17536100 0.00013100 -0.00002100 0.02747700 0.06211700 0.32120800
18 -4.52675700 -0.69057500 -1.12074700 -0.42612300 0.11490200 1.26431800
19 -1.74404400 0.00003500 -0.00001000 -0.02836300 -0.00827500 1.69883200
20 -1.36877000 0.00002600 0.00000600 0.01196900 0.05106200 0.12629600
21 -2.03839600 -0.89278600 0.93250400 2.31093700 0.31633100 0.79560400
22 -1.62789200 0.15474900 0.01182500 -0.13461700 0.15578500 0.35407600
23 -1.59928200 0.00000400 0.00001400 0.02557400 -0.03449400 0.91320200
24 5.51181700 0.00000400 -0.00000300 2.10369657 -0.09391486 3.10452831
25 0.19684500 -0.00000200 0.00000300 2.79340598 -0.00025039 -3.14152422
26 3.17271800 -9.89650400 -1.63169800 1.97586200 1.15991000 1.84280300
27 6.21448500 0.00001000 0.00002000 -1.32567173 0.75956246 -1.99640346
28 11.94489300 -0.00003100 -0.00018800 -0.24102251 -0.33842751 -1.18498555
29 10.62017300 0.00000700 0.00001300 -1.31783149 -0.59612213 -0.52684354
30 4.75115800 0.69437700 -0.83047100 0.18048000 0.08458500 -0.04631000
31 1.68806700 -0.00002600 0.00000200 0.01020900 -0.02253800 1.01235300
32 1.33614400 -0.00005400 -0.00000900 0.00924200 -0.03762600 0.12943000
33 4.82051400 0.50933900 0.22486700 -0.45840800 -0.06739700 1.35830800
34 1.82699800 0.00006600 0.00000700 -0.00578000 0.04005700 1.13019400
35 1.43658300 -0.00001000 0.00000700 0.00803200 -0.01282400 0.28205500
36 3.99235300 0.89108800 1.82799600 -0.66807500 0.18880800 1.43569600
37 1.40592200 0.00002500 -0.00000500 -0.01231800 -0.02677000 1.30554600
38 1.17536600 -0.00012800 0.00000100 0.00055400 0.12321500 -0.04010000
39 4.52675700 0.69046000 1.12084300 -0.56617200 0.05415700 1.39823200
40 1.74404400 -0.00003100 -0.00000200 -0.02711600 -0.01181500 1.57284300
41 1.36876500 -0.00003200 -0.00001700 -0.05843200 0.14760900 -0.56409900
42 1.80926900 0.89529100 -1.12010800 1.50484800 0.57391300 0.19969600
43 1.49513700 -0.24140500 0.04487900 -0.05674600 -0.02483000 0.31490500
44 1.57424400 -0.10445000 0.03324400 0.03848200 0.07413400 -0.26513200
45 5.51181200 -0.00000100 0.00000600 -1.02187100 0.00000000 0.00000000
46 0.19685000 0.00000000 0.00000100 -0.34822500 0.00001500 -0.00000200
47 0.00000000 1.00000000 0.00000000 0.00000000 0.00000000 -1.57079600
48 -3.18096000 33.22035600 -3.27546900 0.00000000 0.00000000 -3.14156200
49 -7.90911021 48.76193148 -1.27277364 0.40888421 0.22046340 -0.38211873
50 10.32281700 1.03202200 -4.47406400 0.49059400 1.12092400 1.98870900
51 3.73549500 0.00125700 -1.32376300 0.00000000 0.00000000 0.00000000
52 -0.00066900 -0.00054600 -1.33911600 0.00000000 0.00000000 0.00000000
53 0.04766100 0.00000000 0.67144200 0.00000000 0.00000000 0.00000000
54 4.80552600 0.89926700 -0.32590700 0.00000000 0.00000000 0.00000000
55 -1.55556500 -0.00054600 0.65577800 0.00000000 0.00000000 0.00000000
56 -10.74451400 -0.01507800 -1.91032200 0.00000000 0.00000000 0.00000000
57 -12.84329000 -0.84086100 -0.01736800 0.00000000 0.00000000 0.00000000
58 3.70964100 -0.39217800 -0.15646300 0.00000000 0.00000000 0.00000000
59 -6.09495200 -0.01507800 -1.88070700 0.00000000 0.00000000 0.00000000
60 -17.41236700 0.31651300 -0.95933400 0.00000000 0.00000000 0.00000000
61 -1.27686700 -2.47341800 -4.53473900 3.03773800 0.28589800 -2.04045200
time 43
0 -0.00000100 8.45008800 -27.50902600 0.00000000 0.00000000 0.00003100
1 -0.00000200 0.00000000 0.00000000 1.57074700 -1.56714200 -1.57074700
2 4.25546500 -0.33518400 -0.00000200 0.00000000 0.00000000 -0.12484800
3 7.43125000 1.49647900 0.00000200 0.00000000 0.00000000 0.24545000
4 5.27847900 0.16554300 0.00000100 0.00000000 0.00000000 0.04851100
5 -1.64873900 -13.09409500 6.31045600 1.97586600 1.15990900 -1.29878500
6 -6.21447800 -0.00001000 -0.00002700 -2.73784574 -0.70218418 1.24597030
7 11.94488800 -0.00000100 0.00000000 -0.40860282 -0.34149843 1.70754010
8 10.62018200 0.00000000 -0.00000100 0.85018592 -0.27495225 3.07322067
9 -4.75111000 -0.69449400 0.83057400 -0.13822700 -0.15282100 0.18761000
10 -1.68807000 0.00004500 -0.00003100 0.02141900 -0.01231500 0.38900200
11 -1.33613700 0.00005200 -0.00001200 0.02584200 0.00517300 0.35617200
12 -4.82049900 -0.50946000 -0.22476200 -0.34140000 -0.06545200 1.04871000
13 -1.82699000 -0.00006800 0.00000900 0.01748100 0.03646500 1.72004300
14 -1.43658100 0.00000900 0.00000000 -0.02382900 -0.07399300 0.22023700
15 -3.99236200 -0.89118700 -1.82790700 -0.59999900 0.19887300 1.32587600
16 -1.40592200 -0.00002800 -0.00000500 -0.01642200 -0.02447400 1.46410200
17 -1.17536100 0.00013100 -0.00002100 0.02747700 0.06211700 0.32120800
18 -4.52675700 -0.69057500 -1.12074700 -0.42612300 0.11490200 1.26431800
19 -1.74404400 0.00003500 -0.00001000 -0.02836300 -0.00827500 1.69883200
20 -1.36877000 0.00002600 0.00000600 0.01196900 0.05106200 0.12629600
21 -2.03839600 -0.89278600 0.93250400 2.31093700 0.31633100 0.79560400
22 -1.62789200 0.15474900 0.01182500 -0.13461700 0.15578500 0.35407600
23 -1.59928200 0.00000400 0.00001400 0.02557400 -0.03449400 0.91320200
24 5.51181700 0.00000400 -0.00000300 2.10369657 -0.09391486 3.10452831
25 0.19684500 -0.00000200 0.00000300 2.79340598 -0.00025039 -3.14152422
26 3.17271800 -9.89650400 -1.63169800 1.97586200 1.15991000 1.84280300
27 6.21448500 0.00001000 0.00002000 -1.32567705 0.75728164 -1.99669996
28 11.94489300 -0.00003100 -0.00018800 -0.24103573 -0.33817658 -1.18486353
29 10.62017300 0.00000700 0.00001300 -1.31461624 -0.59390574 -0.52854092
30 4.75115800 0.69437700 -0.83047100 0.18048000 0.08458500 -0.04631000
31 1.68806700 -0.00002600 0.00000200 0.01020900 -0.02253800 1.01235300
32 1.33614400 -0.00005400 -0.00000900 0.00924200 -0.03762600 0.12943000
33 4.82051400 0.50933900 0.22486700 -0.45840800 -0.06739700 1.35830800
34 1.82699800 0.00006600 0.00000700 -0.00578000 0.04005700 1.13019400
35 1.43658300 -0.00001000 0.00000700 0.00803200 -0.01282400 0.28205500
36 3.99235300 0.89108800 1.82799600 -0.66807500 0.18880800 1.43569600
37 1.40592200 0.00002500 -0.00000500 -0.01231800 -0.02677000 1.30554600
38 1.17536600 -0.00012800 0.00000100 0.00055400 0.12321500 -0.04010000
39 4.52675700 0.69046000 1.12084300 -0.56617200 0.05415700 1.39823200
40 1.74404400 -0.00003100 -0.00000200 -0.02711600 -0.01181500 1.57284300
41 1.36876500 -0.00003200 -0.00001700 -0.05843200 0.14760900 -0.56409900
42 1.80926900 0.89529100 -1.12010800 1.50484800 0.57391300 0.19969600
43 1.49513700 -0.24140500 0.04487900 -0.05674600 -0.02483000 0.31490500
44 1.57424400 -0.10445000 0.03324400 0.03848200 0.07413400 -0.26513200
45 5.51181200 -0.00000100 0.00000600 -1.02187100 0.00000000 0.00000000
46 0.19685000 0.00000000 0.00000100 -0.34822500 0.00001500 -0.00000200
47 0.00000000 1.00000000 0.00000000 0.00000000 0.00000000 -1.57079600
48 -3.18096000 33.22035600 -3.27546900 0.00000000 0.00000000 -3.14156200
49 -7.88999437 48.76193148 -1.24041331 0.40935379 0.22421380 -0.38116464
50 10.32281700 1.03202200 -4.47406400 0.49059400 1.12092400 1.98870900
51 3.73549500 0.00125700 -1.32376300 0.00000000 0.00000000 0.00000000
52 -0.00066900 -0.00054600 -1.33911600 0.00000000 0.00000000 0.00000000
53 0.04766100 0.00000000 0.67144200 0.00000000 0.00000000 0.00000000
54 4.80552600 0.89926700 -0.32590700 0.00000000 0.00000000 0.00000000
55 -1.55556500 -0.00054600 0.65577800 0.00000000 0.00000000 0.00000000
56 -10.74451400 -0.01507800 -1.91032200 0.00000000 0.00000000 0.00000000
57 -12.84329000 -0.84086100 -0.01736800 0.00000000 0.00000000 0.00000000
58 3.70964100 -0.39217800 -0.15646300 0.00000000 0.00000000 0.00000000
59 -6.09495200 -0.01507800 -1.88070700 0.00000000 0.00000000 0.00000000
60 -17.41236700 0.31651300 -0.95933400 0.00000000 0.00000000 0.00000000
61 -1.27686700 -2.47341800 -4.53473900 3.03773800 0.28589800 -2.04045200
time 44
0 -0.00000100 8.45008800 -27.50902600 0.00000000 0.00000000 0.00003100
1 -0.00000200 0.00000000 0.00000000 1.57074700 -1.56714200 -1.57074700
2 4.25546500 -0.33518400 -0.00000200 0.00000000 0.00000000 -0.12484800
3 7.43125000 1.49647900 0.00000200 0.00000000 0.00000000 0.24545000
4 5.27847900 0.16554300 0.00000100 0.00000000 0.00000000 0.04851100
5 -1.64873900 -13.09409500 6.31045600 1.97586600 1.15990900 -1.29878500
6 -6.21447800 -0.00001000 -0.00002700 -2.73716848 -0.70181685 1.24564292
7 11.94488800 -0.00000100 0.00000000 -0.40795146 -0.34164338 1.70562077
8 10.62018200 0.00000000 -0.00000100 0.84922631 -0.27188946 3.07725504
9 -4.75111000 -0.69449400 0.83057400 -0.13822700 -0.15282100 0.18761000
10 -1.68807000 0.00004500 -0.00003100 0.02141900 -0.01231500 0.38900200
11 -1.33613700 0.00005200 -0.00001200 0.02584200 0.00517300 0.35617200
12 -4.82049900 -0.50946000 -0.22476200 -0.34140000 -0.06545200 1.04871000
13 -1.82699000 -0.00006800 0.00000900 0.01748100 0.03646500 1.72004300
14 -1.43658100 0.00000900 0.00000000 -0.02382900 -0.07399300 0.22023700
15 -3.99236200 -0.89118700 -1.82790700 -0.59999900 0.19887300 1.32587600
16 -1.40592200 -0.00002800 -0.00000500 -0.01642200 -0.02447400 1.46410200
17 -1.17536100 0.00013100 -0.00002100 0.02747700 0.06211700 0.32120800
18 -4.52675700 -0.69057500 -1.12074700 -0.42612300 0.11490200 1.26431800
19 -1.74404400 0.00003500 -0.00001000 -0.02836300 -0.00827500 1.69883200
20 -1.36877000 0.00002600 0.00000600 0.01196900 0.05106200 0.12629600
21 -2.03839600 -0.89278600 0.93250400 2.31093700 0.31633100 0.79560400
22 -1.62789200 0.15474900 0.01182500 -0.13461700 0.15578500 0.35407600
23 -1.59928200 0.00000400 0.00001400 0.02557400 -0.03449400 0.91320200
24 5.51181700 0.00000400 -0.00000300 2.10369657 -0.09391486 3.10452831
25 0.19684500 -0.00000200 0.00000300 2.79340598 -0.00025039 -3.14152422
26 3.17271800 -9.89650400 -1.63169800 1.97586200 1.15991000 1.84280300
27 6.21448500 0.00001000 0.00002000 -1.32554094 0.75498551 -1.99696597
28 11.94489300 -0.00003100 -0.00018800 -0.24103036 -0.33787083 -1.18472854
29 10.62017300 0.00000700 0.00001300 -1.31160377 -0.59162289 -0.53022105
30 4.75115800 0.69437700 -0.83047100 0.18048000 0.08458500 -0.04631000
31 1.68806700 -0.00002600 0.00000200 0.01020900 -0.02253800 1.01235300
32 1.33614400 -0.00005400 -0.00000900 0.00924200 -0.03762600 0.12943000
33 4.82051400 0.50933900 0.22486700 -0.45840800 -0.06739700 1.35830800
34 1.82699800 0.00006600 0.00000700 -0.00578000 0.04005700 1.13019400
35 1.43658300 -0.00001000 0.00000700 0.00803200 -0.01282400 0.28205500
36 3.99235300 0.89108800 1.82799600 -0.66807500 0.18880800 1.43569600
37 1.40592200 0.00002500 -0.00000500 -0.01231800 -0.02677000 1.30554600
38 1.17536600 -0.00012800 0.00000100 0.00055400 0.12321500 -0.04010000
39 4.52675700 0.69046000 1.12084300 -0.56617200 0.05415700 1.39823200
40 1.74404400 -0.00003100 -0.00000200 -0.02711600 -0.01181500 1.57284300
41 1.36876500 -0.00003200 -0.00001700 -0.05843200 0.14760900 -0.56409900
42 1.80926900 0.89529100 -1.12010800 1.50484800 0.57391300 0.19969600
43 1.49513700 -0.24140500 0.04487900 -0.05674600 -0.02483000 0.31490500
44 1.57424400 -0.10445000 0.03324400 0.03848200 0.07413400 -0.26513200
45 5.51181200 -0.00000100 0.00000600 -1.02187100 0.00000000 0.00000000
46 0.19685000 0.00000000 0.00000100 -0.34822500 0.00001500 -0.00000200
47 0.00000000 1.00000000 0.00000000 0.00000000 0.00000000 -1.57079600
48 -3.18096000 33.22035600 -3.27546900 0.00000000 0.00000000 -3.14156200
49 -7.87109844 48.76193148 -1.20847557 0.40980810 0.22793713 -0.38023498
50 10.32281700 1.03202200 -4.47406400 0.49059400 1.12092400 1.98870900
51 3.73549500 0.00125700 -1.32376300 0.00000000 0.00000000 0.00000000
52 -0.00066900 -0.00054600 -1.33911600 0.00000000 0.00000000 0.00000000
53 0.04766100 0.00000000 0.67144200 0.00000000 0.00000000 0.00000000
54 4.80552600 0.89926700 -0.32590700 0.00000000 0.00000000 0.00000000
55 -1.55556500 -0.00054600 0.65577800 0.00000000 0.00000000 0.00000000
56 -10.74451400 -0.01507800 -1.91032200 0.00000000 0.00000000 0.00000000
57 -12.84329000 -0.84086100 -0.01736800 0.00000000 0.00000000 0.00000000
58 3.70964100 -0.39217800 -0.15646300 0.00000000 0.00000000 0.00000000
59 -6.09495200 -0.01507800 -1.88070700 0.00000000 0.00000000 0.00000000
60 -17.41236700 0.31651300 -0.95933400 0.00000000 0.00000000 0.00000000
61 -1.27686700 -2.47341800 -4.53473900 3.03773800 0.28589800 -2.04045200
time 45
0 -0.00000100 8.45008800 -27.50902600 0.00000000 0.00000000 0.00003100
1 -0.00000200 0.00000000 0.00000000 1.57074700 -1.56714200 -1.57074700
2 4.25546500 -0.33518400 -0.00000200 0.00000000 0.00000000 -0.12484800
3 7.43125000 1.49647900 0.00000200 0.00000000 0.00000000 0.24545000
4 5.27847900 0.16554300 0.00000100 0.00000000 0.00000000 0.04851100
5 -1.64873900 -13.09409500 6.31045600 1.97586600 1.15990900 -1.29878500
6 -6.21447800 -0.00001000 -0.00002700 -2.73670789 -0.70155812 1.24526874
7 11.94488800 -0.00000100 0.00000000 -0.40724384 -0.34191445 1.70363115
8 10.62018200 0.00000000 -0.00000100 0.84841357 -0.26868211 3.08110118
9 -4.75111000 -0.69449400 0.83057400 -0.13822700 -0.15282100 0.18761000
10 -1.68807000 0.00004500 -0.00003100 0.02141900 -0.01231500 0.38900200
11 -1.33613700 0.00005200 -0.00001200 0.02584200 0.00517300 0.35617200
12 -4.82049900 -0.50946000 -0.22476200 -0.34140000 -0.06545200 1.04871000
13 -1.82699000 -0.00006800 0.00000900 0.01748100 0.03646500 1.72004300
14 -1.43658100 0.00000900 0.00000000 -0.02382900 -0.07399300 0.22023700
15 -3.99236200 -0.89118700 -1.82790700 -0.59999900 0.19887300 1.32587600
16 -1.40592200 -0.00002800 -0.00000500 -0.01642200 -0.02447400 1.46410200
17 -1.17536100 0.00013100 -0.00002100 0.02747700 0.06211700 0.32120800
18 -4.52675700 -0.69057500 -1.12074700 -0.42612300 0.11490200 1.26431800
19 -1.74404400 0.00003500 -0.00001000 -0.02836300 -0.00827500 1.69883200
20 -1.36877000 0.00002600 0.00000600 0.01196900 0.05106200 0.12629600
21 -2.03839600 -0.89278600 0.93250400 2.31093700 0.31633100 0.79560400
22 -1.62789200 0.15474900 0.01182500 -0.13461700 0.15578500 0.35407600
23 -1.59928200 0.00000400 0.00001400 0.02557400 -0.03449400 0.91320200
24 5.51181700 0.00000400 -0.00000300 2.10369657 -0.09391486 3.10452831
25 0.19684500 -0.00000200 0.00000300 2.79340598 -0.00025039 -3.14152422
26 3.17271800 -9.89650400 -1.63169800 1.97586200 1.15991000 1.84280300
27 6.21448500 0.00001000 0.00002000 -1.32560483 0.75282285 -1.99741061
28 11.94489300 -0.00003100 -0.00018800 -0.24112803 -0.33772560 -1.18444885
29 10.62017300 0.00000700 0.00001300 -1.30859658 -0.58932605 -0.53183478
30 4.75115800 0.69437700 -0.83047100 0.18048000 0.08458500 -0.04631000
31 1.68806700 -0.00002600 0.00000200 0.01020900 -0.02253800 1.01235300
32 1.33614400 -0.00005400 -0.00000900 0.00924200 -0.03762600 0.12943000
33 4.82051400 0.50933900 0.22486700 -0.45840800 -0.06739700 1.35830800
34 1.82699800 0.00006600 0.00000700 -0.00578000 0.04005700 1.13019400
35 1.43658300 -0.00001000 0.00000700 0.00803200 -0.01282400 0.28205500
36 3.99235300 0.89108800 1.82799600 -0.66807500 0.18880800 1.43569600
37 1.40592200 0.00002500 -0.00000500 -0.01231800 -0.02677000 1.30554600
38 1.17536600 -0.00012800 0.00000100 0.00055400 0.12321500 -0.04010000
39 4.52675700 0.69046000 1.12084300 -0.56617200 0.05415700 1.39823200
40 1.74404400 -0.00003100 -0.00000200 -0.02711600 -0.01181500 1.57284300
41 1.36876500 -0.00003200 -0.00001700 -0.05843200 0.14760900 -0.56409900
42 1.80926900 0.89529100 -1.12010800 1.50484800 0.57391300 0.19969600
43 1.49513700 -0.24140500 0.04487900 -0.05674600 -0.02483000 0.31490500
44 1.57424400 -0.10445000 0.03324400 0.03848200 0.07413400 -0.26513200
45 5.51181200 -0.00000100 0.00000600 -1.02187100 0.00000000 0.00000000
46 0.19685000 0.00000000 0.00000100 -0.34822500 0.00001500 -0.00000200
47 0.00000000 1.00000000 0.00000000 0.00000000 0.00000000 -1.57079600
48 -3.18096000 33.22035600 -3.27546900 0.00000000 0.00000000 -3.14156200
49 -7.85275610 48.76193148 -1.17800588 0.41021984 0.23163423 -0.37943900
50 10.32281700 1.03202200 -4.47406400 0.49059400 1.12092400 1.98870900
51 3.73549500 0.00125700 -1.32376300 0.00000000 0.00000000 0.00000000
52 -0.00066900 -0.00054600 -1.33911600 0.00000000 0.00000000 0.00000000
53 0.04766100 0.00000000 0.67144200 0.00000000 0.00000000 0.00000000
54 4.80552600 0.89926700 -0.32590700 0.00000000 0.00000000 0.00000000
55 -1.55556500 -0.00054600 0.65577800 0.00000000 0.00000000 0.00000000
56 -10.74451400 -0.01507800 -1.91032200 0.00000000 0.00000000 0.00000000
57 -12.84329000 -0.84086100 -0.01736800 0.00000000 0.00000000 0.00000000
58 3.70964100 -0.39217800 -0.15646300 0.00000000 0.00000000 0.00000000
59 -6.09495200 -0.01507800 -1.88070700 0.00000000 0.00000000 0.00000000
60 -17.41236700 0.31651300 -0.95933400 0.00000000 0.00000000 0.00000000
61 -1.27686700 -2.47341800 -4.53473900 3.03773800 0.28589800 -2.04045200
time 46
0 -0.00000100 8.45008800 -27.50902600 0.00000000 0.00000000 0.00003100
1 -0.00000200 0.00000000 0.00000000 1.57074700 -1.56714200 -1.57074700
2 4.25546500 -0.33518400 -0.00000200 0.00000000 0.00000000 -0.12484800
3 7.43125000 1.49647900 0.00000200 0.00000000 0.00000000 0.24545000
4 5.27847900 0.16554300 0.00000100 0.00000000 0.00000000 0.04851100
5 -1.64873900 -13.09409500 6.31045600 1.97586600 1.15990900 -1.29878500
6 -6.21447800 -0.00001000 -0.00002700 -2.73623390 -0.70124506 1.24500513
7 11.94488800 -0.00000100 0.00000000 -0.40660345 -0.34224843 1.70163491
8 10.62018200 0.00000000 -0.00000100 0.84750833 -0.26551809 3.08503739
9 -4.75111000 -0.69449400 0.83057400 -0.13822700 -0.15282100 0.18761000
10 -1.68807000 0.00004500 -0.00003100 0.02141900 -0.01231500 0.38900200
11 -1.33613700 0.00005200 -0.00001200 0.02584200 0.00517300 0.35617200
12 -4.82049900 -0.50946000 -0.22476200 -0.34140000 -0.06545200 1.04871000
13 -1.82699000 -0.00006800 0.00000900 0.01748100 0.03646500 1.72004300
14 -1.43658100 0.00000900 0.00000000 -0.02382900 -0.07399300 0.22023700
15 -3.99236200 -0.89118700 -1.82790700 -0.59999900 0.19887300 1.32587600
16 -1.40592200 -0.00002800 -0.00000500 -0.01642200 -0.02447400 1.46410200
17 -1.17536100 0.00013100 -0.00002100 0.02747700 0.06211700 0.32120800
18 -4.52675700 -0.69057500 -1.12074700 -0.42612300 0.11490200 1.26431800
19 -1.74404400 0.00003500 -0.00001000 -0.02836300 -0.00827500 1.69883200
20 -1.36877000 0.00002600 0.00000600 0.01196900 0.05106200 0.12629600
21 -2.03839600 -0.89278600 0.93250400 2.31093700 0.31633100 0.79560400
22 -1.62789200 0.15474900 0.01182500 -0.13461700 0.15578500 0.35407600
23 -1.59928200 0.00000400 0.00001400 0.02557400 -0.03449400 0.91320200
24 5.51181700 0.00000400 -0.00000300 2.10369657 -0.09391486 3.10452831
25 0.19684500 -0.00000200 0.00000300 2.79340598 -0.00025039 -3.14152422
26 3.17271800 -9.89650400 -1.63169800 1.97586200 1.15991000 1.84280300
27 6.21448500 0.00001000 0.00002000 -1.32540867 0.75060764 -1.99767303
28 11.94489300 -0.00003100 -0.00018800 -0.24115846 -0.33766043 -1.18428232
29 10.62017300 0.00000700 0.00001300 -1.30560861 -0.58689961 -0.53340481
30 4.75115800 0.69437700 -0.83047100 0.18048000 0.08458500 -0.04631000
31 1.68806700 -0.00002600 0.00000200 0.01020900 -0.02253800 1.01235300
32 1.33614400 -0.00005400 -0.00000900 0.00924200 -0.03762600 0.12943000
33 4.82051400 0.50933900 0.22486700 -0.45840800 -0.06739700 1.35830800
34 1.82699800 0.00006600 0.00000700 -0.00578000 0.04005700 1.13019400
35 1.43658300 -0.00001000 0.00000700 0.00803200 -0.01282400 0.28205500
36 3.99235300 0.89108800 1.82799600 -0.66807500 0.18880800 1.43569600
37 1.40592200 0.00002500 -0.00000500 -0.01231800 -0.02677000 1.30554600
38 1.17536600 -0.00012800 0.00000100 0.00055400 0.12321500 -0.04010000
39 4.52675700 0.69046000 1.12084300 -0.56617200 0.05415700 1.39823200
40 1.74404400 -0.00003100 -0.00000200 -0.02711600 -0.01181500 1.57284300
41 1.36876500 -0.00003200 -0.00001700 -0.05843200 0.14760900 -0.56409900
42 1.80926900 0.89529100 -1.12010800 1.50484800 0.57391300 0.19969600
43 1.49513700 -0.24140500 0.04487900 -0.05674600 -0.02483000 0.31490500
44 1.57424400 -0.10445000 0.03324400 0.03848200 0.07413400 -0.26513200
45 5.51181200 -0.00000100 0.00000600 -1.02187100 0.00000000 0.00000000
46 0.19685000 0.00000000 0.00000100 -0.34822500 0.00001500 -0.00000200
47 0.00000000 1.00000000 0.00000000 0.00000000 0.00000000 -1.57079600
48 -3.18096000 33.22035600 -3.27546900 0.00000000 0.00000000 -3.14156200
49 -7.83441776 48.76193148 -1.14753719 0.41063518 0.23539608 -0.37853549
50 10.32281700 1.03202200 -4.47406400 0.49059400 1.12092400 1.98870900
51 3.73549500 0.00125700 -1.32376300 0.00000000 0.00000000 0.00000000
52 -0.00066900 -0.00054600 -1.33911600 0.00000000 0.00000000 0.00000000
53 0.04766100 0.00000000 0.67144200 0.00000000 0.00000000 0.00000000
54 4.80552600 0.89926700 -0.32590700 0.00000000 0.00000000 0.00000000
55 -1.55556500 -0.00054600 0.65577800 0.00000000 0.00000000 0.00000000
56 -10.74451400 -0.01507800 -1.91032200 0.00000000 0.00000000 0.00000000
57 -12.84329000 -0.84086100 -0.01736800 0.00000000 0.00000000 0.00000000
58 3.70964100 -0.39217800 -0.15646300 0.00000000 0.00000000 0.00000000
59 -6.09495200 -0.01507800 -1.88070700 0.00000000 0.00000000 0.00000000
60 -17.41236700 0.31651300 -0.95933400 0.00000000 0.00000000 0.00000000
61 -1.27686700 -2.47341800 -4.53473900 3.03773800 0.28589800 -2.04045200
time 47
0 -0.00000100 8.45008800 -27.50902600 0.00000000 0.00000000 0.00003100
1 -0.00000200 0.00000000 0.00000000 1.57074700 -1.56714200 -1.57074700
2 4.25546500 -0.33518400 -0.00000200 0.00000000 0.00000000 -0.12484800
3 7.43125000 1.49647900 0.00000200 0.00000000 0.00000000 0.24545000
4 5.27847900 0.16554300 0.00000100 0.00000000 0.00000000 0.04851100
5 -1.64873900 -13.09409500 6.31045600 1.97586600 1.15990900 -1.29878500
6 -6.21447800 -0.00001000 -0.00002700 -2.73568038 -0.70099021 1.24459485
7 11.94488800 -0.00000100 0.00000000 -0.40598867 -0.34248970 1.69991423
8 10.62018200 0.00000000 -0.00000100 0.84668563 -0.26277409 3.08846266
9 -4.75111000 -0.69449400 0.83057400 -0.13822700 -0.15282100 0.18761000
10 -1.68807000 0.00004500 -0.00003100 0.02141900 -0.01231500 0.38900200
11 -1.33613700 0.00005200 -0.00001200 0.02584200 0.00517300 0.35617200
12 -4.82049900 -0.50946000 -0.22476200 -0.34140000 -0.06545200 1.04871000
13 -1.82699000 -0.00006800 0.00000900 0.01748100 0.03646500 1.72004300
14 -1.43658100 0.00000900 0.00000000 -0.02382900 -0.07399300 0.22023700
15 -3.99236200 -0.89118700 -1.82790700 -0.59999900 0.19887300 1.32587600
16 -1.40592200 -0.00002800 -0.00000500 -0.01642200 -0.02447400 1.46410200
17 -1.17536100 0.00013100 -0.00002100 0.02747700 0.06211700 0.32120800
18 -4.52675700 -0.69057500 -1.12074700 -0.42612300 0.11490200 1.26431800
19 -1.74404400 0.00003500 -0.00001000 -0.02836300 -0.00827500 1.69883200
20 -1.36877000 0.00002600 0.00000600 0.01196900 0.05106200 0.12629600
21 -2.03839600 -0.89278600 0.93250400 2.31093700 0.31633100 0.79560400
22 -1.62789200 0.15474900 0.01182500 -0.13461700 0.15578500 0.35407600
23 -1.59928200 0.00000400 0.00001400 0.02557400 -0.03449400 0.91320200
24 5.51181700 0.00000400 -0.00000300 2.10369657 -0.09391486 3.10452831
25 0.19684500 -0.00000200 0.00000300 2.79340598 -0.00025039 -3.14152422
26 3.17271800 -9.89650400 -1.63169800 1.97586200 1.15991000 1.84280300
27 6.21448500 0.00001000 0.00002000 -1.32533539 0.74864592 -1.99816018
28 11.94489300 -0.00003100 -0.00018800 -0.24126100 -0.33762012 -1.18399622
29 10.62017300 0.00000700 0.00001300 -1.30297852 -0.58478381 -0.53479898
30 4.75115800 0.69437700 -0.83047100 0.18048000 0.08458500 -0.04631000
31 1.68806700 -0.00002600 0.00000200 0.01020900 -0.02253800 1.01235300
32 1.33614400 -0.00005400 -0.00000900 0.00924200 -0.03762600 0.12943000
33 4.82051400 0.50933900 0.22486700 -0.45840800 -0.06739700 1.35830800
34 1.82699800 0.00006600 0.00000700 -0.00578000 0.04005700 1.13019400
35 1.43658300 -0.00001000 0.00000700 0.00803200 -0.01282400 0.28205500
36 3.99235300 0.89108800 1.82799600 -0.66807500 0.18880800 1.43569600
37 1.40592200 0.00002500 -0.00000500 -0.01231800 -0.02677000 1.30554600
38 1.17536600 -0.00012800 0.00000100 0.00055400 0.12321500 -0.04010000
39 4.52675700 0.69046000 1.12084300 -0.56617200 0.05415700 1.39823200
40 1.74404400 -0.00003100 -0.00000200 -0.02711600 -0.01181500 1.57284300
41 1.36876500 -0.00003200 -0.00001700 -0.05843200 0.14760900 -0.56409900
42 1.80926900 0.89529100 -1.12010800 1.50484800 0.57391300 0.19969600
43 1.49513700 -0.24140500 0.04487900 -0.05674600 -0.02483000 0.31490500
44 1.57424400 -0.10445000 0.03324400 0.03848200 0.07413400 -0.26513200
45 5.51181200 -0.00000100 0.00000600 -1.02187100 0.00000000 0.00000000
46 0.19685000 0.00000000 0.00000100 -0.34822500 0.00001500 -0.00000200
47 0.00000000 1.00000000 0.00000000 0.00000000 0.00000000 -1.57079600
48 -3.18096000 33.22035600 -3.27546900 0.00000000 0.00000000 -3.14156200
49 -7.81738458 48.76193148 -1.11894132 0.41104809 0.23871402 -0.37779613
50 10.32281700 1.03202200 -4.47406400 0.49059400 1.12092400 1.98870900
51 3.73549500 0.00125700 -1.32376300 0.00000000 0.00000000 0.00000000
52 -0.00066900 -0.00054600 -1.33911600 0.00000000 0.00000000 0.00000000
53 0.04766100 0.00000000 0.67144200 0.00000000 0.00000000 0.00000000
54 4.80552600 0.89926700 -0.32590700 0.00000000 0.00000000 0.00000000
55 -1.55556500 -0.00054600 0.65577800 0.00000000 0.00000000 0.00000000
56 -10.74451400 -0.01507800 -1.91032200 0.00000000 0.00000000 0.00000000
57 -12.84329000 -0.84086100 -0.01736800 0.00000000 0.00000000 0.00000000
58 3.70964100 -0.39217800 -0.15646300 0.00000000 0.00000000 0.00000000
59 -6.09495200 -0.01507800 -1.88070700 0.00000000 0.00000000 0.00000000
60 -17.41236700 0.31651300 -0.95933400 0.00000000 0.00000000 0.00000000
61 -1.27686700 -2.47341800 -4.53473900 3.03773800 0.28589800 -2.04045200
time 48
0 -0.00000100 8.45008800 -27.50902600 0.00000000 0.00000000 0.00003100
1 -0.00000200 0.00000000 0.00000000 1.57074700 -1.56714200 -1.57074700
2 4.25546500 -0.33518400 -0.00000200 0.00000000 0.00000000 -0.12484800
3 7.43125000 1.49647900 0.00000200 0.00000000 0.00000000 0.24545000
4 5.27847900 0.16554300 0.00000100 0.00000000 0.00000000 0.04851100
5 -1.64873900 -13.09409500 6.31045600 1.97586600 1.15990900 -1.29878500
6 -6.21447800 -0.00001000 -0.00002700 -2.73515480 -0.70063297 1.24430313
7 11.94488800 -0.00000100 0.00000000 -0.40542728 -0.34271459 1.69835158
8 10.62018200 0.00000000 -0.00000100 0.84607530 -0.26023781 3.09149678
9 -4.75111000 -0.69449400 0.83057400 -0.13822700 -0.15282100 0.18761000
10 -1.68807000 0.00004500 -0.00003100 0.02141900 -0.01231500 0.38900200
11 -1.33613700 0.00005200 -0.00001200 0.02584200 0.00517300 0.35617200
12 -4.82049900 -0.50946000 -0.22476200 -0.34140000 -0.06545200 1.04871000
13 -1.82699000 -0.00006800 0.00000900 0.01748100 0.03646500 1.72004300
14 -1.43658100 0.00000900 0.00000000 -0.02382900 -0.07399300 0.22023700
15 -3.99236200 -0.89118700 -1.82790700 -0.59999900 0.19887300 1.32587600
16 -1.40592200 -0.00002800 -0.00000500 -0.01642200 -0.02447400 1.46410200
17 -1.17536100 0.00013100 -0.00002100 0.02747700 0.06211700 0.32120800
18 -4.52675700 -0.69057500 -1.12074700 -0.42612300 0.11490200 1.26431800
19 -1.74404400 0.00003500 -0.00001000 -0.02836300 -0.00827500 1.69883200
20 -1.36877000 0.00002600 0.00000600 0.01196900 0.05106200 0.12629600
21 -2.03839600 -0.89278600 0.93250400 2.31093700 0.31633100 0.79560400
22 -1.62789200 0.15474900 0.01182500 -0.13461700 0.15578500 0.35407600
23 -1.59928200 0.00000400 0.00001400 0.02557400 -0.03449400 0.91320200
24 5.51181700 0.00000400 -0.00000300 2.10369657 -0.09391486 3.10452831
25 0.19684500 -0.00000200 0.00000300 2.79340598 -0.00025039 -3.14152422
26 3.17271800 -9.89650400 -1.63169800 1.97586200 1.15991000 1.84280300
27 6.21448500 0.00001000 0.00002000 -1.32506541 0.74670700 -1.99845215
28 11.94489300 -0.00003100 -0.00018800 -0.24134857 -0.33765708 -1.18381581
29 10.62017300 0.00000700 0.00001300 -1.30055991 -0.58287810 -0.53599066
30 4.75115800 0.69437700 -0.83047100 0.18048000 0.08458500 -0.04631000
31 1.68806700 -0.00002600 0.00000200 0.01020900 -0.02253800 1.01235300
32 1.33614400 -0.00005400 -0.00000900 0.00924200 -0.03762600 0.12943000
33 4.82051400 0.50933900 0.22486700 -0.45840800 -0.06739700 1.35830800
34 1.82699800 0.00006600 0.00000700 -0.00578000 0.04005700 1.13019400
35 1.43658300 -0.00001000 0.00000700 0.00803200 -0.01282400 0.28205500
36 3.99235300 0.89108800 1.82799600 -0.66807500 0.18880800 1.43569600
37 1.40592200 0.00002500 -0.00000500 -0.01231800 -0.02677000 1.30554600
38 1.17536600 -0.00012800 0.00000100 0.00055400 0.12321500 -0.04010000
39 4.52675700 0.69046000 1.12084300 -0.56617200 0.05415700 1.39823200
40 1.74404400 -0.00003100 -0.00000200 -0.02711600 -0.01181500 1.57284300
41 1.36876500 -0.00003200 -0.00001700 -0.05843200 0.14760900 -0.56409900
42 1.80926900 0.89529100 -1.12010800 1.50484800 0.57391300 0.19969600
43 1.49513700 -0.24140500 0.04487900 -0.05674600 -0.02483000 0.31490500
44 1.57424400 -0.10445000 0.03324400 0.03848200 0.07413400 -0.26513200
45 5.51181200 -0.00000100 0.00000600 -1.02187100 0.00000000 0.00000000
46 0.19685000 0.00000000 0.00000100 -0.34822500 0.00001500 -0.00000200
47 0.00000000 1.00000000 0.00000000 0.00000000 0.00000000 -1.57079600
48 -3.18096000 33.22035600 -3.27546900 0.00000000 0.00000000 -3.14156200
49 -7.80120007 48.76193148 -1.09182734 0.41145275 0.24182647 -0.37714100
50 10.32281700 1.03202200 -4.47406400 0.49059400 1.12092400 1.98870900
51 3.73549500 0.00125700 -1.32376300 0.00000000 0.00000000 0.00000000
52 -0.00066900 -0.00054600 -1.33911600 0.00000000 0.00000000 0.00000000
53 0.04766100 0.00000000 0.67144200 0.00000000 0.00000000 0.00000000
54 4.80552600 0.89926700 -0.32590700 0.00000000 0.00000000 0.00000000
55 -1.55556500 -0.00054600 0.65577800 0.00000000 0.00000000 0.00000000
56 -10.74451400 -0.01507800 -1.91032200 0.00000000 0.00000000 0.00000000
57 -12.84329000 -0.84086100 -0.01736800 0.00000000 0.00000000 0.00000000
58 3.70964100 -0.39217800 -0.15646300 0.00000000 0.00000000 0.00000000
59 -6.09495200 -0.01507800 -1.88070700 0.00000000 0.00000000 0.00000000
60 -17.41236700 0.31651300 -0.95933400 0.00000000 0.00000000 0.00000000
61 -1.27686700 -2.47341800 -4.53473900 3.03773800 0.28589800 -2.04045200
time 49
0 -0.00000100 8.45008800 -27.50902600 0.00000000 0.00000000 0.00003100
1 -0.00000200 0.00000000 0.00000000 1.57074700 -1.56714200 -1.57074700
2 4.25546500 -0.33518400 -0.00000200 0.00000000 0.00000000 -0.12484800
3 7.43125000 1.49647900 0.00000200 0.00000000 0.00000000 0.24545000
4 5.27847900 0.16554300 0.00000100 0.00000000 0.00000000 0.04851100
5 -1.64873900 -13.09409500 6.31045600 1.97586600 1.15990900 -1.29878500
6 -6.21447800 -0.00001000 -0.00002700 -2.73455081 -0.70038426 1.24387654
7 11.94488800 -0.00000100 0.00000000 -0.40493631 -0.34299834 1.69678833
8 10.62018200 0.00000000 -0.00000100 0.84549399 -0.25785733 3.09445191
9 -4.75111000 -0.69449400 0.83057400 -0.13822700 -0.15282100 0.18761000
10 -1.68807000 0.00004500 -0.00003100 0.02141900 -0.01231500 0.38900200
11 -1.33613700 0.00005200 -0.00001200 0.02584200 0.00517300 0.35617200
12 -4.82049900 -0.50946000 -0.22476200 -0.34140000 -0.06545200 1.04871000
13 -1.82699000 -0.00006800 0.00000900 0.01748100 0.03646500 1.72004300
14 -1.43658100 0.00000900 0.00000000 -0.02382900 -0.07399300 0.22023700
15 -3.99236200 -0.89118700 -1.82790700 -0.59999900 0.19887300 1.32587600
16 -1.40592200 -0.00002800 -0.00000500 -0.01642200 -0.02447400 1.46410200
17 -1.17536100 0.00013100 -0.00002100 0.02747700 0.06211700 0.32120800
18 -4.52675700 -0.69057500 -1.12074700 -0.42612300 0.11490200 1.26431800
19 -1.74404400 0.00003500 -0.00001000 -0.02836300 -0.00827500 1.69883200
20 -1.36877000 0.00002600 0.00000600 0.01196900 0.05106200 0.12629600
21 -2.03839600 -0.89278600 0.93250400 2.31093700 0.31633100 0.79560400
22 -1.62789200 0.15474900 0.01182500 -0.13461700 0.15578500 0.35407600
23 -1.59928200 0.00000400 0.00001400 0.02557400 -0.03449400 0.91320200
24 5.51181700 0.00000400 -0.00000300 2.10369657 -0.09391486 3.10452831
25 0.19684500 -0.00000200 0.00000300 2.79340598 -0.00025039 -3.14152422
26 3.17271800 -9.89650400 -1.63169800 1.97586200 1.15991000 1.84280300
27 6.21448500 0.00001000 0.00002000 -1.32477558 0.74483256 -1.99878535
28 11.94489300 -0.00003100 -0.00018800 -0.24138623 -0.33776469 -1.18363868
29 10.62017300 0.00000700 0.00001300 -1.29827638 -0.58107700 -0.53708866
30 4.75115800 0.69437700 -0.83047100 0.18048000 0.08458500 -0.04631000
31 1.68806700 -0.00002600 0.00000200 0.01020900 -0.02253800 1.01235300
32 1.33614400 -0.00005400 -0.00000900 0.00924200 -0.03762600 0.12943000
33 4.82051400 0.50933900 0.22486700 -0.45840800 -0.06739700 1.35830800
34 1.82699800 0.00006600 0.00000700 -0.00578000 0.04005700 1.13019400
35 1.43658300 -0.00001000 0.00000700 0.00803200 -0.01282400 0.28205500
36 3.99235300 0.89108800 1.82799600 -0.66807500 0.18880800 1.43569600
37 1.40592200 0.00002500 -0.00000500 -0.01231800 -0.02677000 1.30554600
38 1.17536600 -0.00012800 0.00000100 0.00055400 0.12321500 -0.04010000
39 4.52675700 0.69046000 1.12084300 -0.56617200 0.05415700 1.39823200
40 1.74404400 -0.00003100 -0.00000200 -0.02711600 -0.01181500 1.57284300
41 1.36876500 -0.00003200 -0.00001700 -0.05843200 0.14760900 -0.56409900
42 1.80926900 0.89529100 -1.12010800 1.50484800 0.57391300 0.19969600
43 1.49513700 -0.24140500 0.04487900 -0.05674600 -0.02483000 0.31490500
44 1.57424400 -0.10445000 0.03324400 0.03848200 0.07413400 -0.26513200
45 5.51181200 -0.00000100 0.00000600 -1.02187100 0.00000000 0.00000000
46 0.19685000 0.00000000 0.00000100 -0.34822500 0.00001500 -0.00000200
47 0.00000000 1.00000000 0.00000000 0.00000000 0.00000000 -1.57079600
48 -3.18096000 33.22035600 -3.27546900 0.00000000 0.00000000 -3.14156200
49 -7.78522156 48.76193148 -1.06558436 0.41178686 0.24477413 -0.37661235
50 10.32281700 1.03202200 -4.47406400 0.49059400 1.12092400 1.98870900
51 3.73549500 0.00125700 -1.32376300 0.00000000 0.00000000 0.00000000
52 -0.00066900 -0.00054600 -1.33911600 0.00000000 0.00000000 0.00000000
53 0.04766100 0.00000000 0.67144200 0.00000000 0.00000000 0.00000000
54 4.80552600 0.89926700 -0.32590700 0.00000000 0.00000000 0.00000000
55 -1.55556500 -0.00054600 0.65577800 0.00000000 0.00000000 0.00000000
56 -10.74451400 -0.01507800 -1.91032200 0.00000000 0.00000000 0.00000000
57 -12.84329000 -0.84086100 -0.01736800 0.00000000 0.00000000 0.00000000
58 3.70964100 -0.39217800 -0.15646300 0.00000000 0.00000000 0.00000000
59 -6.09495200 -0.01507800 -1.88070700 0.00000000 0.00000000 0.00000000
60 -17.41236700 0.31651300 -0.95933400 0.00000000 0.00000000 0.00000000
61 -1.27686700 -2.47341800 -4.53473900 3.03773800 0.28589800 -2.04045200
time 50
0 -0.00000100 8.45008800 -27.50902600 0.00000000 0.00000000 0.00003100
1 -0.00000200 0.00000000 0.00000000 1.57074700 -1.56714200 -1.57074700
2 4.25546500 -0.33518400 -0.00000200 0.00000000 0.00000000 -0.12484800
3 7.43125000 1.49647900 0.00000200 0.00000000 0.00000000 0.24545000
4 5.27847900 0.16554300 0.00000100 0.00000000 0.00000000 0.04851100
5 -1.64873900 -13.09409500 6.31045600 1.97586600 1.15990900 -1.29878500
6 -6.21447800 -0.00001000 -0.00002700 -2.73362938 -0.70001629 1.24338270
7 11.94488800 -0.00000100 0.00000000 -0.40462925 -0.34307514 1.69589006
8 10.62018200 0.00000000 -0.00000100 0.84513576 -0.25619578 3.09631783
9 -4.75111000 -0.69449400 0.83057400 -0.13822700 -0.15282100 0.18761000
10 -1.68807000 0.00004500 -0.00003100 0.02141900 -0.01231500 0.38900200
11 -1.33613700 0.00005200 -0.00001200 0.02584200 0.00517300 0.35617200
12 -4.82049900 -0.50946000 -0.22476200 -0.34140000 -0.06545200 1.04871000
13 -1.82699000 -0.00006800 0.00000900 0.01748100 0.03646500 1.72004300
14 -1.43658100 0.00000900 0.00000000 -0.02382900 -0.07399300 0.22023700
15 -3.99236200 -0.89118700 -1.82790700 -0.59999900 0.19887300 1.32587600
16 -1.40592200 -0.00002800 -0.00000500 -0.01642200 -0.02447400 1.46410200
17 -1.17536100 0.00013100 -0.00002100 0.02747700 0.06211700 0.32120800
18 -4.52675700 -0.69057500 -1.12074700 -0.42612300 0.11490200 1.26431800
19 -1.74404400 0.00003500 -0.00001000 -0.02836300 -0.00827500 1.69883200
20 -1.36877000 0.00002600 0.00000600 0.01196900 0.05106200 0.12629600
21 -2.03839600 -0.89278600 0.93250400 2.31093700 0.31633100 0.79560400
22 -1.62789200 0.15474900 0.01182500 -0.13461700 0.15578500 0.35407600
23 -1.59928200 0.00000400 0.00001400 0.02557400 -0.03449400 0.91320200
24 5.51181700 0.00000400 -0.00000300 2.10369657 -0.09391486 3.10452831
25 0.19684500 -0.00000200 0.00000300 2.79340598 -0.00025039 -3.14152422
26 3.17271800 -9.89650400 -1.63169800 1.97586200 1.15991000 1.84280300
27 6.21448500 0.00001000 0.00002000 -1.32441784 0.74318970 -1.99904424
28 11.94489300 -0.00003100 -0.00018800 -0.24140872 -0.33776385 -1.18339370
29 10.62017300 0.00000700 0.00001300 -1.29651374 -0.57963598 -0.53767062
30 4.75115800 0.69437700 -0.83047100 0.18048000 0.08458500 -0.04631000
31 1.68806700 -0.00002600 0.00000200 0.01020900 -0.02253800 1.01235300
32 1.33614400 -0.00005400 -0.00000900 0.00924200 -0.03762600 0.12943000
33 4.82051400 0.50933900 0.22486700 -0.45840800 -0.06739700 1.35830800
34 1.82699800 0.00006600 0.00000700 -0.00578000 0.04005700 1.13019400
35 1.43658300 -0.00001000 0.00000700 0.00803200 -0.01282400 0.28205500
36 3.99235300 0.89108800 1.82799600 -0.66807500 0.18880800 1.43569600
37 1.40592200 0.00002500 -0.00000500 -0.01231800 -0.02677000 1.30554600
38 1.17536600 -0.00012800 0.00000100 0.00055400 0.12321500 -0.04010000
39 4.52675700 0.69046000 1.12084300 -0.56617200 0.05415700 1.39823200
40 1.74404400 -0.00003100 -0.00000200 -0.02711600 -0.01181500 1.57284300
41 1.36876500 -0.00003200 -0.00001700 -0.05843200 0.14760900 -0.56409900
42 1.80926900 0.89529100 -1.12010800 1.50484800 0.57391300 0.19969600
43 1.49513700 -0.24140500 0.04487900 -0.05674600 -0.02483000 0.31490500
44 1.57424400 -0.10445000 0.03324400 0.03848200 0.07413400 -0.26513200
45 5.51181200 -0.00000100 0.00000600 -1.02187100 0.00000000 0.00000000
46 0.19685000 0.00000000 0.00000100 -0.34822500 0.00001500 -0.00000200
47 0.00000000 1.00000000 0.00000000 0.00000000 0.00000000 -1.57079600
48 -3.18096000 33.22035600 -3.27546900 0.00000000 0.00000000 -3.14156200
49 -7.77199848 48.76193148 -1.04044413 0.41211687 0.24714321 -0.37626181
50 10.32281700 1.03202200 -4.47406400 0.49059400 1.12092400 1.98870900
51 3.73549500 0.00125700 -1.32376300 0.00000000 0.00000000 0.00000000
52 -0.00066900 -0.00054600 -1.33911600 0.00000000 0.00000000 0.00000000
53 0.04766100 0.00000000 0.67144200 0.00000000 0.00000000 0.00000000
54 4.80552600 0.89926700 -0.32590700 0.00000000 0.00000000 0.00000000
55 -1.55556500 -0.00054600 0.65577800 0.00000000 0.00000000 0.00000000
56 -10.74451400 -0.01507800 -1.91032200 0.00000000 0.00000000 0.00000000
57 -12.84329000 -0.84086100 -0.01736800 0.00000000 0.00000000 0.00000000
58 3.70964100 -0.39217800 -0.15646300 0.00000000 0.00000000 0.00000000
59 -6.09495200 -0.01507800 -1.88070700 0.00000000 0.00000000 0.00000000
60 -17.41236700 0.31651300 -0.95933400 0.00000000 0.00000000 0.00000000
61 -1.27686700 -2.47341800 -4.53473900 3.03773800 0.28589800 -2.04045200
time 51
0 -0.00000100 8.45008800 -27.50902600 0.00000000 0.00000000 0.00003100
1 -0.00000200 0.00000000 0.00000000 1.57074700 -1.56714200 -1.57074700
2 4.25546500 -0.33518400 -0.00000200 0.00000000 0.00000000 -0.12484800
3 7.43125000 1.49647900 0.00000200 0.00000000 0.00000000 0.24545000
4 5.27847900 0.16554300 0.00000100 0.00000000 0.00000000 0.04851100
5 -1.64873900 -13.09409500 6.31045600 1.97586600 1.15990900 -1.29878500
6 -6.21447800 -0.00001000 -0.00002700 -2.73276785 -0.69974164 1.24302091
7 11.94488800 -0.00000100 0.00000000 -0.40433663 -0.34313431 1.69503589
8 10.62018200 0.00000000 -0.00000100 0.84483415 -0.25477103 3.09801541
9 -4.75111000 -0.69449400 0.83057400 -0.13822700 -0.15282100 0.18761000
10 -1.68807000 0.00004500 -0.00003100 0.02141900 -0.01231500 0.38900200
11 -1.33613700 0.00005200 -0.00001200 0.02584200 0.00517300 0.35617200
12 -4.82049900 -0.50946000 -0.22476200 -0.34140000 -0.06545200 1.04871000
13 -1.82699000 -0.00006800 0.00000900 0.01748100 0.03646500 1.72004300
14 -1.43658100 0.00000900 0.00000000 -0.02382900 -0.07399300 0.22023700
15 -3.99236200 -0.89118700 -1.82790700 -0.59999900 0.19887300 1.32587600
16 -1.40592200 -0.00002800 -0.00000500 -0.01642200 -0.02447400 1.46410200
17 -1.17536100 0.00013100 -0.00002100 0.02747700 0.06211700 0.32120800
18 -4.52675700 -0.69057500 -1.12074700 -0.42612300 0.11490200 1.26431800
19 -1.74404400 0.00003500 -0.00001000 -0.02836300 -0.00827500 1.69883200
20 -1.36877000 0.00002600 0.00000600 0.01196900 0.05106200 0.12629600
21 -2.03839600 -0.89278600 0.93250400 2.31093700 0.31633100 0.79560400
22 -1.62789200 0.15474900 0.01182500 -0.13461700 0.15578500 0.35407600
23 -1.59928200 0.00000400 0.00001400 0.02557400 -0.03449400 0.91320200
24 5.51181700 0.00000400 -0.00000300 2.10369657 -0.09391486 3.10452831
25 0.19684500 -0.00000200 0.00000300 2.79340598 -0.00025039 -3.14152422
26 3.17271800 -9.89650400 -1.63169800 1.97586200 1.15991000 1.84280300
27 6.21448500 0.00001000 0.00002000 -1.32405531 0.74155204 -1.99929903
28 11.94489300 -0.00003100 -0.00018800 -0.24143748 -0.33790170 -1.18325477
29 10.62017300 0.00000700 0.00001300 -1.29493405 -0.57833494 -0.53811394
30 4.75115800 0.69437700 -0.83047100 0.18048000 0.08458500 -0.04631000
31 1.68806700 -0.00002600 0.00000200 0.01020900 -0.02253800 1.01235300
32 1.33614400 -0.00005400 -0.00000900 0.00924200 -0.03762600 0.12943000
33 4.82051400 0.50933900 0.22486700 -0.45840800 -0.06739700 1.35830800
34 1.82699800 0.00006600 0.00000700 -0.00578000 0.04005700 1.13019400
35 1.43658300 -0.00001000 0.00000700 0.00803200 -0.01282400 0.28205500
36 3.99235300 0.89108800 1.82799600 -0.66807500 0.18880800 1.43569600
37 1.40592200 0.00002500 -0.00000500 -0.01231800 -0.02677000 1.30554600
38 1.17536600 -0.00012800 0.00000100 0.00055400 0.12321500 -0.04010000
39 4.52675700 0.69046000 1.12084300 -0.56617200 0.05415700 1.39823200
40 1.74404400 -0.00003100 -0.00000200 -0.02711600 -0.01181500 1.57284300
41 1.36876500 -0.00003200 -0.00001700 -0.05843200 0.14760900 -0.56409900
42 1.80926900 0.89529100 -1.12010800 1.50484800 0.57391300 0.19969600
43 1.49513700 -0.24140500 0.04487900 -0.05674600 -0.02483000 0.31490500
44 1.57424400 -0.10445000 0.03324400 0.03848200 0.07413400 -0.26513200
45 5.51181200 -0.00000100 0.00000600 -1.02187100 0.00000000 0.00000000
46 0.19685000 0.00000000 0.00000100 -0.34822500 0.00001500 -0.00000200
47 0.00000000 1.00000000 0.00000000 0.00000000 0.00000000 -1.57079600
48 -3.18096000 33.22035600 -3.27546900 0.00000000 0.00000000 -3.14156200
49 -7.75936824 48.76193148 -1.01674948 0.41238107 0.24927284 -0.37597894
50 10.32281700 1.03202200 -4.47406400 0.49059400 1.12092400 1.98870900
51 3.73549500 0.00125700 -1.32376300 0.00000000 0.00000000 0.00000000
52 -0.00066900 -0.00054600 -1.33911600 0.00000000 0.00000000 0.00000000
53 0.04766100 0.00000000 0.67144200 0.00000000 0.00000000 0.00000000
54 4.80552600 0.89926700 -0.32590700 0.00000000 0.00000000 0.00000000
55 -1.55556500 -0.00054600 0.65577800 0.00000000 0.00000000 0.00000000
56 -10.74451400 -0.01507800 -1.91032200 0.00000000 0.00000000 0.00000000
57 -12.84329000 -0.84086100 -0.01736800 0.00000000 0.00000000 0.00000000
58 3.70964100 -0.39217800 -0.15646300 0.00000000 0.00000000 0.00000000
59 -6.09495200 -0.01507800 -1.88070700 0.00000000 0.00000000 0.00000000
60 -17.41236700 0.31651300 -0.95933400 0.00000000 0.00000000 0.00000000
61 -1.27686700 -2.47341800 -4.53473900 3.03773800 0.28589800 -2.04045200
time 52
0 -0.00000100 8.45008800 -27.50902600 0.00000000 0.00000000 0.00003100
1 -0.00000200 0.00000000 0.00000000 1.57074700 -1.56714200 -1.57074700
2 4.25546500 -0.33518400 -0.00000200 0.00000000 0.00000000 -0.12484800
3 7.43125000 1.49647900 0.00000200 0.00000000 0.00000000 0.24545000
4 5.27847900 0.16554300 0.00000100 0.00000000 0.00000000 0.04851100
5 -1.64873900 -13.09409500 6.31045600 1.97586600 1.15990900 -1.29878500
6 -6.21447800 -0.00001000 -0.00002700 -2.73183062 -0.69949078 1.24247969
7 11.94488800 -0.00000100 0.00000000 -0.40407589 -0.34314992 1.69433641
8 10.62018200 0.00000000 -0.00000100 0.84461686 -0.25365697 3.09939371
9 -4.75111000 -0.69449400 0.83057400 -0.13822700 -0.15282100 0.18761000
10 -1.68807000 0.00004500 -0.00003100 0.02141900 -0.01231500 0.38900200
11 -1.33613700 0.00005200 -0.00001200 0.02584200 0.00517300 0.35617200
12 -4.82049900 -0.50946000 -0.22476200 -0.34140000 -0.06545200 1.04871000
13 -1.82699000 -0.00006800 0.00000900 0.01748100 0.03646500 1.72004300
14 -1.43658100 0.00000900 0.00000000 -0.02382900 -0.07399300 0.22023700
15 -3.99236200 -0.89118700 -1.82790700 -0.59999900 0.19887300 1.32587600
16 -1.40592200 -0.00002800 -0.00000500 -0.01642200 -0.02447400 1.46410200
17 -1.17536100 0.00013100 -0.00002100 0.02747700 0.06211700 0.32120800
18 -4.52675700 -0.69057500 -1.12074700 -0.42612300 0.11490200 1.26431800
19 -1.74404400 0.00003500 -0.00001000 -0.02836300 -0.00827500 1.69883200
20 -1.36877000 0.00002600 0.00000600 0.01196900 0.05106200 0.12629600
21 -2.03839600 -0.89278600 0.93250400 2.31093700 0.31633100 0.79560400
22 -1.62789200 0.15474900 0.01182500 -0.13461700 0.15578500 0.35407600
23 -1.59928200 0.00000400 0.00001400 0.02557400 -0.03449400 0.91320200
24 5.51181700 0.00000400 -0.00000300 2.10369657 -0.09391486 3.10452831
25 0.19684500 -0.00000200 0.00000300 2.79340598 -0.00025039 -3.14152422
26 3.17271800 -9.89650400 -1.63169800 1.97586200 1.15991000 1.84280300
27 6.21448500 0.00001000 0.00002000 -1.32379465 0.74010407 -1.99965966
28 11.94489300 -0.00003100 -0.00018800 -0.24151326 -0.33793647 -1.18312600
29 10.62017300 0.00000700 0.00001300 -1.29352523 -0.57724226 -0.53847815
30 4.75115800 0.69437700 -0.83047100 0.18048000 0.08458500 -0.04631000
31 1.68806700 -0.00002600 0.00000200 0.01020900 -0.02253800 1.01235300
32 1.33614400 -0.00005400 -0.00000900 0.00924200 -0.03762600 0.12943000
33 4.82051400 0.50933900 0.22486700 -0.45840800 -0.06739700 1.35830800
34 1.82699800 0.00006600 0.00000700 -0.00578000 0.04005700 1.13019400
35 1.43658300 -0.00001000 0.00000700 0.00803200 -0.01282400 0.28205500
36 3.99235300 0.89108800 1.82799600 -0.66807500 0.18880800 1.43569600
37 1.40592200 0.00002500 -0.00000500 -0.01231800 -0.02677000 1.30554600
38 1.17536600 -0.00012800 0.00000100 0.00055400 0.12321500 -0.04010000
39 4.52675700 0.69046000 1.12084300 -0.56617200 0.05415700 1.39823200
40 1.74404400 -0.00003100 -0.00000200 -0.02711600 -0.01181500 1.57284300
41 1.36876500 -0.00003200 -0.00001700 -0.05843200 0.14760900 -0.56409900
42 1.80926900 0.89529100 -1.12010800 1.50484800 0.57391300 0.19969600
43 1.49513700 -0.24140500 0.04487900 -0.05674600 -0.02483000 0.31490500
44 1.57424400 -0.10445000 0.03324400 0.03848200 0.07413400 -0.26513200
45 5.51181200 -0.00000100 0.00000600 -1.02187100 0.00000000 0.00000000
46 0.19685000 0.00000000 0.00000100 -0.34822500 0.00001500 -0.00000200
47 0.00000000 1.00000000 0.00000000 0.00000000 0.00000000 -1.57079600
48 -3.18096000 33.22035600 -3.27546900 0.00000000 0.00000000 -3.14156200
49 -7.74768265 48.76193148 -0.99445738 0.41255939 0.25124891 -0.37583734
50 10.32281700 1.03202200 -4.47406400 0.49059400 1.12092400 1.98870900
51 3.73549500 0.00125700 -1.32376300 0.00000000 0.00000000 0.00000000
52 -0.00066900 -0.00054600 -1.33911600 0.00000000 0.00000000 0.00000000
53 0.04766100 0.00000000 0.67144200 0.00000000 0.00000000 0.00000000
54 4.80552600 0.89926700 -0.32590700 0.00000000 0.00000000 0.00000000
55 -1.55556500 -0.00054600 0.65577800 0.00000000 0.00000000 0.00000000
56 -10.74451400 -0.01507800 -1.91032200 0.00000000 0.00000000 0.00000000
57 -12.84329000 -0.84086100 -0.01736800 0.00000000 0.00000000 0.00000000
58 3.70964100 -0.39217800 -0.15646300 0.00000000 0.00000000 0.00000000
59 -6.09495200 -0.01507800 -1.88070700 0.00000000 0.00000000 0.00000000
60 -17.41236700 0.31651300 -0.95933400 0.00000000 0.00000000 0.00000000
61 -1.27686700 -2.47341800 -4.53473900 3.03773800 0.28589800 -2.04045200
time 53
0 -0.00000100 8.45008800 -27.50902600 0.00000000 0.00000000 0.00003100
1 -0.00000200 0.00000000 0.00000000 1.57074700 -1.56714200 -1.57074700
2 4.25546500 -0.33518400 -0.00000200 0.00000000 0.00000000 -0.12484800
3 7.43125000 1.49647900 0.00000200 0.00000000 0.00000000 0.24545000
4 5.27847900 0.16554300 0.00000100 0.00000000 0.00000000 0.04851100
5 -1.64873900 -13.09409500 6.31045600 1.97586600 1.15990900 -1.29878500
6 -6.21447800 -0.00001000 -0.00002700 -2.73055867 -0.69913555 1.24179165
7 11.94488800 -0.00000100 0.00000000 -0.40394493 -0.34299588 1.69391343
8 10.62018200 0.00000000 -0.00000100 0.84452173 -0.25306452 3.10001553
9 -4.75111000 -0.69449400 0.83057400 -0.13822700 -0.15282100 0.18761000
10 -1.68807000 0.00004500 -0.00003100 0.02141900 -0.01231500 0.38900200
11 -1.33613700 0.00005200 -0.00001200 0.02584200 0.00517300 0.35617200
12 -4.82049900 -0.50946000 -0.22476200 -0.34140000 -0.06545200 1.04871000
13 -1.82699000 -0.00006800 0.00000900 0.01748100 0.03646500 1.72004300
14 -1.43658100 0.00000900 0.00000000 -0.02382900 -0.07399300 0.22023700
15 -3.99236200 -0.89118700 -1.82790700 -0.59999900 0.19887300 1.32587600
16 -1.40592200 -0.00002800 -0.00000500 -0.01642200 -0.02447400 1.46410200
17 -1.17536100 0.00013100 -0.00002100 0.02747700 0.06211700 0.32120800
18 -4.52675700 -0.69057500 -1.12074700 -0.42612300 0.11490200 1.26431800
19 -1.74404400 0.00003500 -0.00001000 -0.02836300 -0.00827500 1.69883200
20 -1.36877000 0.00002600 0.00000600 0.01196900 0.05106200 0.12629600
21 -2.03839600 -0.89278600 0.93250400 2.31093700 0.31633100 0.79560400
22 -1.62789200 0.15474900 0.01182500 -0.13461700 0.15578500 0.35407600
23 -1.59928200 0.00000400 0.00001400 0.02557400 -0.03449400 0.91320200
24 5.51181700 0.00000400 -0.00000300 2.10369657 -0.09391486 3.10452831
25 0.19684500 -0.00000200 0.00000300 2.79340598 -0.00025039 -3.14152422
26 3.17271800 -9.89650400 -1.63169800 1.97586200 1.15991000 1.84280300
27 6.21448500 0.00001000 0.00002000 -1.32360466 0.73877293 -1.99989556
28 11.94489300 -0.00003100 -0.00018800 -0.24155355 -0.33786529 -1.18316985
29 10.62017300 0.00000700 0.00001300 -1.29237359 -0.57640926 -0.53843210
30 4.75115800 0.69437700 -0.83047100 0.18048000 0.08458500 -0.04631000
31 1.68806700 -0.00002600 0.00000200 0.01020900 -0.02253800 1.01235300
32 1.33614400 -0.00005400 -0.00000900 0.00924200 -0.03762600 0.12943000
33 4.82051400 0.50933900 0.22486700 -0.45840800 -0.06739700 1.35830800
34 1.82699800 0.00006600 0.00000700 -0.00578000 0.04005700 1.13019400
35 1.43658300 -0.00001000 0.00000700 0.00803200 -0.01282400 0.28205500
36 3.99235300 0.89108800 1.82799600 -0.66807500 0.18880800 1.43569600
37 1.40592200 0.00002500 -0.00000500 -0.01231800 -0.02677000 1.30554600
38 1.17536600 -0.00012800 0.00000100 0.00055400 0.12321500 -0.04010000
39 4.52675700 0.69046000 1.12084300 -0.56617200 0.05415700 1.39823200
40 1.74404400 -0.00003100 -0.00000200 -0.02711600 -0.01181500 1.57284300
41 1.36876500 -0.00003200 -0.00001700 -0.05843200 0.14760900 -0.56409900
42 1.80926900 0.89529100 -1.12010800 1.50484800 0.57391300 0.19969600
43 1.49513700 -0.24140500 0.04487900 -0.05674600 -0.02483000 0.31490500
44 1.57424400 -0.10445000 0.03324400 0.03848200 0.07413400 -0.26513200
45 5.51181200 -0.00000100 0.00000600 -1.02187100 0.00000000 0.00000000
46 0.19685000 0.00000000 0.00000100 -0.34822500 0.00001500 -0.00000200
47 0.00000000 1.00000000 0.00000000 0.00000000 0.00000000 -1.57079600
48 -3.18096000 33.22035600 -3.27546900 0.00000000 0.00000000 -3.14156200
49 -7.73886793 48.76193148 -0.97268130 0.41269613 0.25261975 -0.37579783
50 10.32281700 1.03202200 -4.47406400 0.49059400 1.12092400 1.98870900
51 3.73549500 0.00125700 -1.32376300 0.00000000 0.00000000 0.00000000
52 -0.00066900 -0.00054600 -1.33911600 0.00000000 0.00000000 0.00000000
53 0.04766100 0.00000000 0.67144200 0.00000000 0.00000000 0.00000000
54 4.80552600 0.89926700 -0.32590700 0.00000000 0.00000000 0.00000000
55 -1.55556500 -0.00054600 0.65577800 0.00000000 0.00000000 0.00000000
56 -10.74451400 -0.01507800 -1.91032200 0.00000000 0.00000000 0.00000000
57 -12.84329000 -0.84086100 -0.01736800 0.00000000 0.00000000 0.00000000
58 3.70964100 -0.39217800 -0.15646300 0.00000000 0.00000000 0.00000000
59 -6.09495200 -0.01507800 -1.88070700 0.00000000 0.00000000 0.00000000
60 -17.41236700 0.31651300 -0.95933400 0.00000000 0.00000000 0.00000000
61 -1.27686700 -2.47341800 -4.53473900 3.03773800 0.28589800 -2.04045200
time 54
0 -0.00000100 8.45008800 -27.50902600 0.00000000 0.00000000 0.00003100
1 -0.00000200 0.00000000 0.00000000 1.57074700 -1.56714200 -1.57074700
2 4.25546500 -0.33518400 -0.00000200 0.00000000 0.00000000 -0.12484800
3 7.43125000 1.49647900 0.00000200 0.00000000 0.00000000 0.24545000
4 5.27847900 0.16554300 0.00000100 0.00000000 0.00000000 0.04851100
5 -1.64873900 -13.09409500 6.31045600 1.97586600 1.15990900 -1.29878500
6 -6.21447800 -0.00001000 -0.00002700 -2.72947820 -0.69882410 1.24127345
7 11.94488800 -0.00000100 0.00000000 -0.40384730 -0.34294259 1.69361821
8 10.62018200 0.00000000 -0.00000100 0.84446661 -0.25267143 3.10044941
9 -4.75111000 -0.69449400 0.83057400 -0.13822700 -0.15282100 0.18761000
10 -1.68807000 0.00004500 -0.00003100 0.02141900 -0.01231500 0.38900200
11 -1.33613700 0.00005200 -0.00001200 0.02584200 0.00517300 0.35617200
12 -4.82049900 -0.50946000 -0.22476200 -0.34140000 -0.06545200 1.04871000
13 -1.82699000 -0.00006800 0.00000900 0.01748100 0.03646500 1.72004300
14 -1.43658100 0.00000900 0.00000000 -0.02382900 -0.07399300 0.22023700
15 -3.99236200 -0.89118700 -1.82790700 -0.59999900 0.19887300 1.32587600
16 -1.40592200 -0.00002800 -0.00000500 -0.01642200 -0.02447400 1.46410200
17 -1.17536100 0.00013100 -0.00002100 0.02747700 0.06211700 0.32120800
18 -4.52675700 -0.69057500 -1.12074700 -0.42612300 0.11490200 1.26431800
19 -1.74404400 0.00003500 -0.00001000 -0.02836300 -0.00827500 1.69883200
20 -1.36877000 0.00002600 0.00000600 0.01196900 0.05106200 0.12629600
21 -2.03839600 -0.89278600 0.93250400 2.31093700 0.31633100 0.79560400
22 -1.62789200 0.15474900 0.01182500 -0.13461700 0.15578500 0.35407600
23 -1.59928200 0.00000400 0.00001400 0.02557400 -0.03449400 0.91320200
24 5.51181700 0.00000400 -0.00000300 2.10369657 -0.09391486 3.10452831
25 0.19684500 -0.00000200 0.00000300 2.79340598 -0.00025039 -3.14152422
26 3.17271800 -9.89650400 -1.63169800 1.97586200 1.15991000 1.84280300
27 6.21448500 0.00001000 0.00002000 -1.32347032 0.73764419 -2.00008749
28 11.94489300 -0.00003100 -0.00018800 -0.24146951 -0.33782144 -1.18322268
29 10.62017300 0.00000700 0.00001300 -1.29147608 -0.57570816 -0.53826564
30 4.75115800 0.69437700 -0.83047100 0.18048000 0.08458500 -0.04631000
31 1.68806700 -0.00002600 0.00000200 0.01020900 -0.02253800 1.01235300
32 1.33614400 -0.00005400 -0.00000900 0.00924200 -0.03762600 0.12943000
33 4.82051400 0.50933900 0.22486700 -0.45840800 -0.06739700 1.35830800
34 1.82699800 0.00006600 0.00000700 -0.00578000 0.04005700 1.13019400
35 1.43658300 -0.00001000 0.00000700 0.00803200 -0.01282400 0.28205500
36 3.99235300 0.89108800 1.82799600 -0.66807500 0.18880800 1.43569600
37 1.40592200 0.00002500 -0.00000500 -0.01231800 -0.02677000 1.30554600
38 1.17536600 -0.00012800 0.00000100 0.00055400 0.12321500 -0.04010000
39 4.52675700 0.69046000 1.12084300 -0.56617200 0.05415700 1.39823200
40 1.74404400 -0.00003100 -0.00000200 -0.02711600 -0.01181500 1.57284300
41 1.36876500 -0.00003200 -0.00001700 -0.05843200 0.14760900 -0.56409900
42 1.80926900 0.89529100 -1.12010800 1.50484800 0.57391300 0.19969600
43 1.49513700 -0.24140500 0.04487900 -0.05674600 -0.02483000 0.31490500
44 1.57424400 -0.10445000 0.03324400 0.03848200 0.07413400 -0.26513200
45 5.51181200 -0.00000100 0.00000600 -1.02187100 0.00000000 0.00000000
46 0.19685000 0.00000000 0.00000100 -0.34822500 0.00001500 -0.00000200
47 0.00000000 1.00000000 0.00000000 0.00000000 0.00000000 -1.57079600
48 -3.18096000 33.22035600 -3.27546900 0.00000000 0.00000000 -3.14156200
49 -7.73060421 48.76193148 -0.95322123 0.41274497 0.25390904 -0.37587096
50 10.32281700 1.03202200 -4.47406400 0.49059400 1.12092400 1.98870900
51 3.73549500 0.00125700 -1.32376300 0.00000000 0.00000000 0.00000000
52 -0.00066900 -0.00054600 -1.33911600 0.00000000 0.00000000 0.00000000
53 0.04766100 0.00000000 0.67144200 0.00000000 0.00000000 0.00000000
54 4.80552600 0.89926700 -0.32590700 0.00000000 0.00000000 0.00000000
55 -1.55556500 -0.00054600 0.65577800 0.00000000 0.00000000 0.00000000
56 -10.74451400 -0.01507800 -1.91032200 0.00000000 0.00000000 0.00000000
57 -12.84329000 -0.84086100 -0.01736800 0.00000000 0.00000000 0.00000000
58 3.70964100 -0.39217800 -0.15646300 0.00000000 0.00000000 0.00000000
59 -6.09495200 -0.01507800 -1.88070700 0.00000000 0.00000000 0.00000000
60 -17.41236700 0.31651300 -0.95933400 0.00000000 0.00000000 0.00000000
61 -1.27686700 -2.47341800 -4.53473900 3.03773800 0.28589800 -2.04045200
time 55
0 -0.00000100 8.45008800 -27.50902600 0.00000000 0.00000000 0.00003100
1 -0.00000200 0.00000000 0.00000000 1.57074700 -1.56714200 -1.57074700
2 4.25546500 -0.33518400 -0.00000200 0.00000000 0.00000000 -0.12484800
3 7.43125000 1.49647900 0.00000200 0.00000000 0.00000000 0.24545000
4 5.27847900 0.16554300 0.00000100 0.00000000 0.00000000 0.04851100
5 -1.64873900 -13.09409500 6.31045600 1.97586600 1.15990900 -1.29878500
6 -6.21447800 -0.00001000 -0.00002700 -2.72858591 -0.69855862 1.24072866
7 11.94488800 -0.00000100 0.00000000 -0.40381429 -0.34292697 1.69343233
8 10.62018200 0.00000000 -0.00000100 0.84420431 -0.25210444 3.10074014
9 -4.75111000 -0.69449400 0.83057400 -0.13822700 -0.15282100 0.18761000
10 -1.68807000 0.00004500 -0.00003100 0.02141900 -0.01231500 0.38900200
11 -1.33613700 0.00005200 -0.00001200 0.02584200 0.00517300 0.35617200
12 -4.82049900 -0.50946000 -0.22476200 -0.34140000 -0.06545200 1.04871000
13 -1.82699000 -0.00006800 0.00000900 0.01748100 0.03646500 1.72004300
14 -1.43658100 0.00000900 0.00000000 -0.02382900 -0.07399300 0.22023700
15 -3.99236200 -0.89118700 -1.82790700 -0.59999900 0.19887300 1.32587600
16 -1.40592200 -0.00002800 -0.00000500 -0.01642200 -0.02447400 1.46410200
17 -1.17536100 0.00013100 -0.00002100 0.02747700 0.06211700 0.32120800
18 -4.52675700 -0.69057500 -1.12074700 -0.42612300 0.11490200 1.26431800
19 -1.74404400 0.00003500 -0.00001000 -0.02836300 -0.00827500 1.69883200
20 -1.36877000 0.00002600 0.00000600 0.01196900 0.05106200 0.12629600
21 -2.03839600 -0.89278600 0.93250400 2.31093700 0.31633100 0.79560400
22 -1.62789200 0.15474900 0.01182500 -0.13461700 0.15578500 0.35407600
23 -1.59928200 0.00000400 0.00001400 0.02557400 -0.03449400 0.91320200
24 5.51181700 0.00000400 -0.00000300 2.10369657 -0.09391486 3.10452831
25 0.19684500 -0.00000200 0.00000300 2.79340598 -0.00025039 -3.14152422
26 3.17271800 -9.89650400 -1.63169800 1.97586200 1.15991000 1.84280300
27 6.21448500 0.00001000 0.00002000 -1.32331531 0.73664229 -2.00019861
28 11.94489300 -0.00003100 -0.00018800 -0.24147419 -0.33769741 -1.18337732
29 10.62017300 0.00000700 0.00001300 -1.29051645 -0.57507857 -0.53785040
30 4.75115800 0.69437700 -0.83047100 0.18048000 0.08458500 -0.04631000
31 1.68806700 -0.00002600 0.00000200 0.01020900 -0.02253800 1.01235300
32 1.33614400 -0.00005400 -0.00000900 0.00924200 -0.03762600 0.12943000
33 4.82051400 0.50933900 0.22486700 -0.45840800 -0.06739700 1.35830800
34 1.82699800 0.00006600 0.00000700 -0.00578000 0.04005700 1.13019400
35 1.43658300 -0.00001000 0.00000700 0.00803200 -0.01282400 0.28205500
36 3.99235300 0.89108800 1.82799600 -0.66807500 0.18880800 1.43569600
37 1.40592200 0.00002500 -0.00000500 -0.01231800 -0.02677000 1.30554600
38 1.17536600 -0.00012800 0.00000100 0.00055400 0.12321500 -0.04010000
39 4.52675700 0.69046000 1.12084300 -0.56617200 0.05415700 1.39823200
40 1.74404400 -0.00003100 -0.00000200 -0.02711600 -0.01181500 1.57284300
41 1.36876500 -0.00003200 -0.00001700 -0.05843200 0.14760900 -0.56409900
42 1.80926900 0.89529100 -1.12010800 1.50484800 0.57391300 0.19969600
43 1.49513700 -0.24140500 0.04487900 -0.05674600 -0.02483000 0.31490500
44 1.57424400 -0.10445000 0.03324400 0.03848200 0.07413400 -0.26513200
45 5.51181200 -0.00000100 0.00000600 -1.02187100 0.00000000 0.00000000
46 0.19685000 0.00000000 0.00000100 -0.34822500 0.00001500 -0.00000200
47 0.00000000 1.00000000 0.00000000 0.00000000 0.00000000 -1.57079600
48 -3.18096000 33.22035600 -3.27546900 0.00000000 0.00000000 -3.14156200
49 -7.72370326 48.76193148 -0.93579913 0.41254145 0.25501311 -0.37586792
50 10.32281700 1.03202200 -4.47406400 0.49059400 1.12092400 1.98870900
51 3.73549500 0.00125700 -1.32376300 0.00000000 0.00000000 0.00000000
52 -0.00066900 -0.00054600 -1.33911600 0.00000000 0.00000000 0.00000000
53 0.04766100 0.00000000 0.67144200 0.00000000 0.00000000 0.00000000
54 4.80552600 0.89926700 -0.32590700 0.00000000 0.00000000 0.00000000
55 -1.55556500 -0.00054600 0.65577800 0.00000000 0.00000000 0.00000000
56 -10.74451400 -0.01507800 -1.91032200 0.00000000 0.00000000 0.00000000
57 -12.84329000 -0.84086100 -0.01736800 0.00000000 0.00000000 0.00000000
58 3.70964100 -0.39217800 -0.15646300 0.00000000 0.00000000 0.00000000
59 -6.09495200 -0.01507800 -1.88070700 0.00000000 0.00000000 0.00000000
60 -17.41236700 0.31651300 -0.95933400 0.00000000 0.00000000 0.00000000
61 -1.27686700 -2.47341800 -4.53473900 3.03773800 0.28589800 -2.04045200
time 56
0 -0.00000100 8.45008800 -27.50902600 0.00000000 0.00000000 0.00003100
1 -0.00000200 0.00000000 0.00000000 1.57074700 -1.56714200 -1.57074700
2 4.25546500 -0.33518400 -0.00000200 0.00000000 0.00000000 -0.12484800
3 7.43125000 1.49647900 0.00000200 0.00000000 0.00000000 0.24545000
4 5.27847900 0.16554300 0.00000100 0.00000000 0.00000000 0.04851100
5 -1.64873900 -13.09409500 6.31045600 1.97586600 1.15990900 -1.29878500
6 -6.21447800 -0.00001000 -0.00002700 -2.72809896 -0.69837555 1.24031828
7 11.94488800 -0.00000100 0.00000000 -0.40374578 -0.34291321 1.69320402
8 10.62018200 0.00000000 -0.00000100 0.84382029 -0.25146317 3.10082009
9 -4.75111000 -0.69449400 0.83057400 -0.13822700 -0.15282100 0.18761000
10 -1.68807000 0.00004500 -0.00003100 0.02141900 -0.01231500 0.38900200
11 -1.33613700 0.00005200 -0.00001200 0.02584200 0.00517300 0.35617200
12 -4.82049900 -0.50946000 -0.22476200 -0.34140000 -0.06545200 1.04871000
13 -1.82699000 -0.00006800 0.00000900 0.01748100 0.03646500 1.72004300
14 -1.43658100 0.00000900 0.00000000 -0.02382900 -0.07399300 0.22023700
15 -3.99236200 -0.89118700 -1.82790700 -0.59999900 0.19887300 1.32587600
16 -1.40592200 -0.00002800 -0.00000500 -0.01642200 -0.02447400 1.46410200
17 -1.17536100 0.00013100 -0.00002100 0.02747700 0.06211700 0.32120800
18 -4.52675700 -0.69057500 -1.12074700 -0.42612300 0.11490200 1.26431800
19 -1.74404400 0.00003500 -0.00001000 -0.02836300 -0.00827500 1.69883200
20 -1.36877000 0.00002600 0.00000600 0.01196900 0.05106200 0.12629600
21 -2.03839600 -0.89278600 0.93250400 2.31093700 0.31633100 0.79560400
22 -1.62789200 0.15474900 0.01182500 -0.13461700 0.15578500 0.35407600
23 -1.59928200 0.00000400 0.00001400 0.02557400 -0.03449400 0.91320200
24 5.51181700 0.00000400 -0.00000300 2.10369657 -0.09391486 3.10452831
25 0.19684500 -0.00000200 0.00000300 2.79340598 -0.00025039 -3.14152422
26 3.17271800 -9.89650400 -1.63169800 1.97586200 1.15991000 1.84280300
27 6.21448500 0.00001000 0.00002000 -1.32352532 0.73587465 -2.00042748
28 11.94489300 -0.00003100 -0.00018800 -0.24129400 -0.33755043 -1.18377934
29 10.62017300 0.00000700 0.00001300 -1.28944499 -0.57439352 -0.53735752
30 4.75115800 0.69437700 -0.83047100 0.18048000 0.08458500 -0.04631000
31 1.68806700 -0.00002600 0.00000200 0.01020900 -0.02253800 1.01235300
32 1.33614400 -0.00005400 -0.00000900 0.00924200 -0.03762600 0.12943000
33 4.82051400 0.50933900 0.22486700 -0.45840800 -0.06739700 1.35830800
34 1.82699800 0.00006600 0.00000700 -0.00578000 0.04005700 1.13019400
35 1.43658300 -0.00001000 0.00000700 0.00803200 -0.01282400 0.28205500
36 3.99235300 0.89108800 1.82799600 -0.66807500 0.18880800 1.43569600
37 1.40592200 0.00002500 -0.00000500 -0.01231800 -0.02677000 1.30554600
38 1.17536600 -0.00012800 0.00000100 0.00055400 0.12321500 -0.04010000
39 4.52675700 0.69046000 1.12084300 -0.56617200 0.05415700 1.39823200
40 1.74404400 -0.00003100 -0.00000200 -0.02711600 -0.01181500 1.57284300
41 1.36876500 -0.00003200 -0.00001700 -0.05843200 0.14760900 -0.56409900
42 1.80926900 0.89529100 -1.12010800 1.50484800 0.57391300 0.19969600
43 1.49513700 -0.24140500 0.04487900 -0.05674600 -0.02483000 0.31490500
44 1.57424400 -0.10445000 0.03324400 0.03848200 0.07413400 -0.26513200
45 5.51181200 -0.00000100 0.00000600 -1.02187100 0.00000000 0.00000000
46 0.19685000 0.00000000 0.00000100 -0.34822500 0.00001500 -0.00000200
47 0.00000000 1.00000000 0.00000000 0.00000000 0.00000000 -1.57079600
48 -3.18096000 33.22035600 -3.27546900 0.00000000 0.00000000 -3.14156200
49 -7.71837582 48.76193148 -0.92058741 0.41212671 0.25600944 -0.37594262
50 10.32281700 1.03202200 -4.47406400 0.49059400 1.12092400 1.98870900
51 3.73549500 0.00125700 -1.32376300 0.00000000 0.00000000 0.00000000
52 -0.00066900 -0.00054600 -1.33911600 0.00000000 0.00000000 0.00000000
53 0.04766100 0.00000000 0.67144200 0.00000000 0.00000000 0.00000000
54 4.80552600 0.89926700 -0.32590700 0.00000000 0.00000000 0.00000000
55 -1.55556500 -0.00054600 0.65577800 0.00000000 0.00000000 0.00000000
56 -10.74451400 -0.01507800 -1.91032200 0.00000000 0.00000000 0.00000000
57 -12.84329000 -0.84086100 -0.01736800 0.00000000 0.00000000 0.00000000
58 3.70964100 -0.39217800 -0.15646300 0.00000000 0.00000000 0.00000000
59 -6.09495200 -0.01507800 -1.88070700 0.00000000 0.00000000 0.00000000
60 -17.41236700 0.31651300 -0.95933400 0.00000000 0.00000000 0.00000000
61 -1.27686700 -2.47341800 -4.53473900 3.03773800 0.28589800 -2.04045200
time 57
0 -0.00000100 8.45008800 -27.50902600 0.00000000 0.00000000 0.00003100
1 -0.00000200 0.00000000 0.00000000 1.57074700 -1.56714200 -1.57074700
2 4.25546500 -0.33518400 -0.00000200 0.00000000 0.00000000 -0.12484800
3 7.43125000 1.49647900 0.00000200 0.00000000 0.00000000 0.24545000
4 5.27847900 0.16554300 0.00000100 0.00000000 0.00000000 0.04851100
5 -1.64873900 -13.09409500 6.31045600 1.97586600 1.15990900 -1.29878500
6 -6.21447800 -0.00001000 -0.00002700 -2.72765432 -0.69821287 1.24003526
7 11.94488800 -0.00000100 0.00000000 -0.40373520 -0.34282831 1.69333845
8 10.62018200 0.00000000 -0.00000100 0.84348740 -0.25099091 3.10062842
9 -4.75111000 -0.69449400 0.83057400 -0.13822700 -0.15282100 0.18761000
10 -1.68807000 0.00004500 -0.00003100 0.02141900 -0.01231500 0.38900200
11 -1.33613700 0.00005200 -0.00001200 0.02584200 0.00517300 0.35617200
12 -4.82049900 -0.50946000 -0.22476200 -0.34140000 -0.06545200 1.04871000
13 -1.82699000 -0.00006800 0.00000900 0.01748100 0.03646500 1.72004300
14 -1.43658100 0.00000900 0.00000000 -0.02382900 -0.07399300 0.22023700
15 -3.99236200 -0.89118700 -1.82790700 -0.59999900 0.19887300 1.32587600
16 -1.40592200 -0.00002800 -0.00000500 -0.01642200 -0.02447400 1.46410200
17 -1.17536100 0.00013100 -0.00002100 0.02747700 0.06211700 0.32120800
18 -4.52675700 -0.69057500 -1.12074700 -0.42612300 0.11490200 1.26431800
19 -1.74404400 0.00003500 -0.00001000 -0.02836300 -0.00827500 1.69883200
20 -1.36877000 0.00002600 0.00000600 0.01196900 0.05106200 0.12629600
21 -2.03839600 -0.89278600 0.93250400 2.31093700 0.31633100 0.79560400
22 -1.62789200 0.15474900 0.01182500 -0.13461700 0.15578500 0.35407600
23 -1.59928200 0.00000400 0.00001400 0.02557400 -0.03449400 0.91320200
24 5.51181700 0.00000400 -0.00000300 2.10369657 -0.09391486 3.10452831
25 0.19684500 -0.00000200 0.00000300 2.79340598 -0.00025039 -3.14152422
26 3.17271800 -9.89650400 -1.63169800 1.97586200 1.15991000 1.84280300
27 6.21448500 0.00001000 0.00002000 -1.32364188 0.73538921 -2.00051633
28 11.94489300 -0.00003100 -0.00018800 -0.24118883 -0.33745184 -1.18417325
29 10.62017300 0.00000700 0.00001300 -1.28849155 -0.57387267 -0.53686307
30 4.75115800 0.69437700 -0.83047100 0.18048000 0.08458500 -0.04631000
31 1.68806700 -0.00002600 0.00000200 0.01020900 -0.02253800 1.01235300
32 1.33614400 -0.00005400 -0.00000900 0.00924200 -0.03762600 0.12943000
33 4.82051400 0.50933900 0.22486700 -0.45840800 -0.06739700 1.35830800
34 1.82699800 0.00006600 0.00000700 -0.00578000 0.04005700 1.13019400
35 1.43658300 -0.00001000 0.00000700 0.00803200 -0.01282400 0.28205500
36 3.99235300 0.89108800 1.82799600 -0.66807500 0.18880800 1.43569600
37 1.40592200 0.00002500 -0.00000500 -0.01231800 -0.02677000 1.30554600
38 1.17536600 -0.00012800 0.00000100 0.00055400 0.12321500 -0.04010000
39 4.52675700 0.69046000 1.12084300 -0.56617200 0.05415700 1.39823200
40 1.74404400 -0.00003100 -0.00000200 -0.02711600 -0.01181500 1.57284300
41 1.36876500 -0.00003200 -0.00001700 -0.05843200 0.14760900 -0.56409900
42 1.80926900 0.89529100 -1.12010800 1.50484800 0.57391300 0.19969600
43 1.49513700 -0.24140500 0.04487900 -0.05674600 -0.02483000 0.31490500
44 1.57424400 -0.10445000 0.03324400 0.03848200 0.07413400 -0.26513200
45 5.51181200 -0.00000100 0.00000600 -1.02187100 0.00000000 0.00000000
46 0.19685000 0.00000000 0.00000100 -0.34822500 0.00001500 -0.00000200
47 0.00000000 1.00000000 0.00000000 0.00000000 0.00000000 -1.57079600
48 -3.18096000 33.22035600 -3.27546900 0.00000000 0.00000000 -3.14156200
49 -7.71380938 48.76193148 -0.90856469 0.41167150 0.25671874 -0.37598419
50 10.32281700 1.03202200 -4.47406400 0.49059400 1.12092400 1.98870900
51 3.73549500 0.00125700 -1.32376300 0.00000000 0.00000000 0.00000000
52 -0.00066900 -0.00054600 -1.33911600 0.00000000 0.00000000 0.00000000
53 0.04766100 0.00000000 0.67144200 0.00000000 0.00000000 0.00000000
54 4.80552600 0.89926700 -0.32590700 0.00000000 0.00000000 0.00000000
55 -1.55556500 -0.00054600 0.65577800 0.00000000 0.00000000 0.00000000
56 -10.74451400 -0.01507800 -1.91032200 0.00000000 0.00000000 0.00000000
57 -12.84329000 -0.84086100 -0.01736800 0.00000000 0.00000000 0.00000000
58 3.70964100 -0.39217800 -0.15646300 0.00000000 0.00000000 0.00000000
59 -6.09495200 -0.01507800 -1.88070700 0.00000000 0.00000000 0.00000000
60 -17.41236700 0.31651300 -0.95933400 0.00000000 0.00000000 0.00000000
61 -1.27686700 -2.47341800 -4.53473900 3.03773800 0.28589800 -2.04045200
time 58
0 -0.00000100 8.45008800 -27.50902600 0.00000000 0.00000000 0.00003100
1 -0.00000200 0.00000000 0.00000000 1.57074700 -1.56714200 -1.57074700
2 4.25546500 -0.33518400 -0.00000200 0.00000000 0.00000000 -0.12484800
3 7.43125000 1.49647900 0.00000200 0.00000000 0.00000000 0.24545000
4 5.27847900 0.16554300 0.00000100 0.00000000 0.00000000 0.04851100
5 -1.64873900 -13.09409500 6.31045600 1.97586600 1.15990900 -1.29878500
6 -6.21447800 -0.00001000 -0.00002700 -2.72767698 -0.69820849 1.23978366
7 11.94488800 -0.00000100 0.00000000 -0.40374523 -0.34283411 1.69339403
8 10.62018200 0.00000000 -0.00000100 0.84262240 -0.25025440 3.10025929
9 -4.75111000 -0.69449400 0.83057400 -0.13822700 -0.15282100 0.18761000
10 -1.68807000 0.00004500 -0.00003100 0.02141900 -0.01231500 0.38900200
11 -1.33613700 0.00005200 -0.00001200 0.02584200 0.00517300 0.35617200
12 -4.82049900 -0.50946000 -0.22476200 -0.34140000 -0.06545200 1.04871000
13 -1.82699000 -0.00006800 0.00000900 0.01748100 0.03646500 1.72004300
14 -1.43658100 0.00000900 0.00000000 -0.02382900 -0.07399300 0.22023700
15 -3.99236200 -0.89118700 -1.82790700 -0.59999900 0.19887300 1.32587600
16 -1.40592200 -0.00002800 -0.00000500 -0.01642200 -0.02447400 1.46410200
17 -1.17536100 0.00013100 -0.00002100 0.02747700 0.06211700 0.32120800
18 -4.52675700 -0.69057500 -1.12074700 -0.42612300 0.11490200 1.26431800
19 -1.74404400 0.00003500 -0.00001000 -0.02836300 -0.00827500 1.69883200
20 -1.36877000 0.00002600 0.00000600 0.01196900 0.05106200 0.12629600
21 -2.03839600 -0.89278600 0.93250400 2.31093700 0.31633100 0.79560400
22 -1.62789200 0.15474900 0.01182500 -0.13461700 0.15578500 0.35407600
23 -1.59928200 0.00000400 0.00001400 0.02557400 -0.03449400 0.91320200
24 5.51181700 0.00000400 -0.00000300 2.10369657 -0.09391486 3.10452831
25 0.19684500 -0.00000200 0.00000300 2.79340598 -0.00025039 -3.14152422
26 3.17271800 -9.89650400 -1.63169800 1.97586200 1.15991000 1.84280300
27 6.21448500 0.00001000 0.00002000 -1.32397891 0.73507351 -2.00047627
28 11.94489300 -0.00003100 -0.00018800 -0.24089301 -0.33720160 -1.18498861
29 10.62017300 0.00000700 0.00001300 -1.28731637 -0.57323571 -0.53589255
30 4.75115800 0.69437700 -0.83047100 0.18048000 0.08458500 -0.04631000
31 1.68806700 -0.00002600 0.00000200 0.01020900 -0.02253800 1.01235300
32 1.33614400 -0.00005400 -0.00000900 0.00924200 -0.03762600 0.12943000
33 4.82051400 0.50933900 0.22486700 -0.45840800 -0.06739700 1.35830800
34 1.82699800 0.00006600 0.00000700 -0.00578000 0.04005700 1.13019400
35 1.43658300 -0.00001000 0.00000700 0.00803200 -0.01282400 0.28205500
36 3.99235300 0.89108800 1.82799600 -0.66807500 0.18880800 1.43569600
37 1.40592200 0.00002500 -0.00000500 -0.01231800 -0.02677000 1.30554600
38 1.17536600 -0.00012800 0.00000100 0.00055400 0.12321500 -0.04010000
39 4.52675700 0.69046000 1.12084300 -0.56617200 0.05415700 1.39823200
40 1.74404400 -0.00003100 -0.00000200 -0.02711600 -0.01181500 1.57284300
41 1.36876500 -0.00003200 -0.00001700 -0.05843200 0.14760900 -0.56409900
42 1.80926900 0.89529100 -1.12010800 1.50484800 0.57391300 0.19969600
43 1.49513700 -0.24140500 0.04487900 -0.05674600 -0.02483000 0.31490500
44 1.57424400 -0.10445000 0.03324400 0.03848200 0.07413400 -0.26513200
45 5.51181200 -0.00000100 0.00000600 -1.02187100 0.00000000 0.00000000
46 0.19685000 0.00000000 0.00000100 -0.34822500 0.00001500 -0.00000200
47 0.00000000 1.00000000 0.00000000 0.00000000 0.00000000 -1.57079600
48 -3.18096000 33.22035600 -3.27546900 0.00000000 0.00000000 -3.14156200
49 -7.71078193 48.76193148 -0.89936801 0.41070792 0.25733409 -0.37608793
50 10.32281700 1.03202200 -4.47406400 0.49059400 1.12092400 1.98870900
51 3.73549500 0.00125700 -1.32376300 0.00000000 0.00000000 0.00000000
52 -0.00066900 -0.00054600 -1.33911600 0.00000000 0.00000000 0.00000000
53 0.04766100 0.00000000 0.67144200 0.00000000 0.00000000 0.00000000
54 4.80552600 0.89926700 -0.32590700 0.00000000 0.00000000 0.00000000
55 -1.55556500 -0.00054600 0.65577800 0.00000000 0.00000000 0.00000000
56 -10.74451400 -0.01507800 -1.91032200 0.00000000 0.00000000 0.00000000
57 -12.84329000 -0.84086100 -0.01736800 0.00000000 0.00000000 0.00000000
58 3.70964100 -0.39217800 -0.15646300 0.00000000 0.00000000 0.00000000
59 -6.09495200 -0.01507800 -1.88070700 0.00000000 0.00000000 0.00000000
60 -17.41236700 0.31651300 -0.95933400 0.00000000 0.00000000 0.00000000
61 -1.27686700 -2.47341800 -4.53473900 3.03773800 0.28589800 -2.04045200
time 59
0 -0.00000100 8.45008800 -27.50902600 0.00000000 0.00000000 0.00003100
1 -0.00000200 0.00000000 0.00000000 1.57074700 -1.56714200 -1.57074700
2 4.25546500 -0.33518400 -0.00000200 0.00000000 0.00000000 -0.12484800
3 7.43125000 1.49647900 0.00000200 0.00000000 0.00000000 0.24545000
4 5.27847900 0.16554300 0.00000100 0.00000000 0.00000000 0.04851100
5 -1.64873900 -13.09409500 6.31045600 1.97586600 1.15990900 -1.29878500
6 -6.21447800 -0.00001000 -0.00002700 -2.72820699 -0.69828768 1.23986271
7 11.94488800 -0.00000100 0.00000000 -0.40383887 -0.34287061 1.69361630
8 10.62018200 0.00000000 -0.00000100 0.84165892 -0.24942783 3.09959523
9 -4.75111000 -0.69449400 0.83057400 -0.13822700 -0.15282100 0.18761000
10 -1.68807000 0.00004500 -0.00003100 0.02141900 -0.01231500 0.38900200
11 -1.33613700 0.00005200 -0.00001200 0.02584200 0.00517300 0.35617200
12 -4.82049900 -0.50946000 -0.22476200 -0.34140000 -0.06545200 1.04871000
13 -1.82699000 -0.00006800 0.00000900 0.01748100 0.03646500 1.72004300
14 -1.43658100 0.00000900 0.00000000 -0.02382900 -0.07399300 0.22023700
15 -3.99236200 -0.89118700 -1.82790700 -0.59999900 0.19887300 1.32587600
16 -1.40592200 -0.00002800 -0.00000500 -0.01642200 -0.02447400 1.46410200
17 -1.17536100 0.00013100 -0.00002100 0.02747700 0.06211700 0.32120800
18 -4.52675700 -0.69057500 -1.12074700 -0.42612300 0.11490200 1.26431800
19 -1.74404400 0.00003500 -0.00001000 -0.02836300 -0.00827500 1.69883200
20 -1.36877000 0.00002600 0.00000600 0.01196900 0.05106200 0.12629600
21 -2.03839600 -0.89278600 0.93250400 2.31093700 0.31633100 0.79560400
22 -1.62789200 0.15474900 0.01182500 -0.13461700 0.15578500 0.35407600
23 -1.59928200 0.00000400 0.00001400 0.02557400 -0.03449400 0.91320200
24 5.51181700 0.00000400 -0.00000300 2.10369657 -0.09391486 3.10452831
25 0.19684500 -0.00000200 0.00000300 2.79340598 -0.00025039 -3.14152422
26 3.17271800 -9.89650400 -1.63169800 1.97586200 1.15991000 1.84280300
27 6.21448500 0.00001000 0.00002000 -1.32443600 0.73516852 -2.00051274
28 11.94489300 -0.00003100 -0.00018800 -0.24059230 -0.33684051 -1.18601725
29 10.62017300 0.00000700 0.00001300 -1.28605988 -0.57284454 -0.53484782
30 4.75115800 0.69437700 -0.83047100 0.18048000 0.08458500 -0.04631000
31 1.68806700 -0.00002600 0.00000200 0.01020900 -0.02253800 1.01235300
32 1.33614400 -0.00005400 -0.00000900 0.00924200 -0.03762600 0.12943000
33 4.82051400 0.50933900 0.22486700 -0.45840800 -0.06739700 1.35830800
34 1.82699800 0.00006600 0.00000700 -0.00578000 0.04005700 1.13019400
35 1.43658300 -0.00001000 0.00000700 0.00803200 -0.01282400 0.28205500
36 3.99235300 0.89108800 1.82799600 -0.66807500 0.18880800 1.43569600
37 1.40592200 0.00002500 -0.00000500 -0.01231800 -0.02677000 1.30554600
38 1.17536600 -0.00012800 0.00000100 0.00055400 0.12321500 -0.04010000
39 4.52675700 0.69046000 1.12084300 -0.56617200 0.05415700 1.39823200
40 1.74404400 -0.00003100 -0.00000200 -0.02711600 -0.01181500 1.57284300
41 1.36876500 -0.00003200 -0.00001700 -0.05843200 0.14760900 -0.56409900
42 1.80926900 0.89529100 -1.12010800 1.50484800 0.57391300 0.19969600
43 1.49513700 -0.24140500 0.04487900 -0.05674600 -0.02483000 0.31490500
44 1.57424400 -0.10445000 0.03324400 0.03848200 0.07413400 -0.26513200
45 5.51181200 -0.00000100 0.00000600 -1.02187100 0.00000000 0.00000000
46 0.19685000 0.00000000 0.00000100 -0.34822500 0.00001500 -0.00000200
47 0.00000000 1.00000000 0.00000000 0.00000000 0.00000000 -1.57079600
48 -3.18096000 33.22035600 -3.27546900 0.00000000 0.00000000 -3.14156200
49 -7.70891947 48.76193148 -0.89369523 0.40946407 0.25776008 -0.37621755
50 10.32281700 1.03202200 -4.47406400 0.49059400 1.12092400 1.98870900
51 3.73549500 0.00125700 -1.32376300 0.00000000 0.00000000 0.00000000
52 -0.00066900 -0.00054600 -1.33911600 0.00000000 0.00000000 0.00000000
53 0.04766100 0.00000000 0.67144200 0.00000000 0.00000000 0.00000000
54 4.80552600 0.89926700 -0.32590700 0.00000000 0.00000000 0.00000000
55 -1.55556500 -0.00054600 0.65577800 0.00000000 0.00000000 0.00000000
56 -10.74451400 -0.01507800 -1.91032200 0.00000000 0.00000000 0.00000000
57 -12.84329000 -0.84086100 -0.01736800 0.00000000 0.00000000 0.00000000
58 3.70964100 -0.39217800 -0.15646300 0.00000000 0.00000000 0.00000000
59 -6.09495200 -0.01507800 -1.88070700 0.00000000 0.00000000 0.00000000
60 -17.41236700 0.31651300 -0.95933400 0.00000000 0.00000000 0.00000000
61 -1.27686700 -2.47341800 -4.53473900 3.03773800 0.28589800 -2.04045200
time 60
0 -0.00000100 8.45008800 -27.50902600 0.00000000 0.00000000 0.00003100
1 -0.00000200 0.00000000 0.00000000 1.57074700 -1.56714200 -1.57074700
2 4.25546500 -0.33518400 -0.00000200 0.00000000 0.00000000 -0.12484800
3 7.43125000 1.49647900 0.00000200 0.00000000 0.00000000 0.24545000
4 5.27847900 0.16554300 0.00000100 0.00000000 0.00000000 0.04851100
5 -1.64873900 -13.09409500 6.31045600 1.97586600 1.15990900 -1.29878500
6 -6.21447800 -0.00001000 -0.00002700 -2.72870171 -0.69849391 1.23993354
7 11.94488800 -0.00000100 0.00000000 -0.40405952 -0.34289614 1.69420272
8 10.62018200 0.00000000 -0.00000100 0.84075649 -0.24884449 3.09861971
9 -4.75111000 -0.69449400 0.83057400 -0.13822700 -0.15282100 0.18761000
10 -1.68807000 0.00004500 -0.00003100 0.02141900 -0.01231500 0.38900200
11 -1.33613700 0.00005200 -0.00001200 0.02584200 0.00517300 0.35617200
12 -4.82049900 -0.50946000 -0.22476200 -0.34140000 -0.06545200 1.04871000
13 -1.82699000 -0.00006800 0.00000900 0.01748100 0.03646500 1.72004300
14 -1.43658100 0.00000900 0.00000000 -0.02382900 -0.07399300 0.22023700
15 -3.99236200 -0.89118700 -1.82790700 -0.59999900 0.19887300 1.32587600
16 -1.40592200 -0.00002800 -0.00000500 -0.01642200 -0.02447400 1.46410200
17 -1.17536100 0.00013100 -0.00002100 0.02747700 0.06211700 0.32120800
18 -4.52675700 -0.69057500 -1.12074700 -0.42612300 0.11490200 1.26431800
19 -1.74404400 0.00003500 -0.00001000 -0.02836300 -0.00827500 1.69883200
20 -1.36877000 0.00002600 0.00000600 0.01196900 0.05106200 0.12629600
21 -2.03839600 -0.89278700 0.93250500 2.31093700 0.31633100 0.79560400
22 -1.62789200 0.15474800 0.01182600 -0.13461700 0.15578500 0.35407600
23 -1.59928200 0.00000400 0.00001400 0.02557400 -0.03449400 0.91320200
24 5.51181700 0.00000400 -0.00000300 2.10369657 -0.09391486 3.10452831
25 0.19684500 -0.00000200 0.00000300 2.79340598 -0.00025039 -3.14152422
26 3.17271800 -9.89650400 -1.63169800 1.97586200 1.15991000 1.84280300
27 6.21448500 0.00001000 0.00002000 -1.32495449 0.73546033 -2.00050794
28 11.94489300 -0.00003100 -0.00018800 -0.24022939 -0.33656693 -1.18714439
29 10.62017300 0.00000700 0.00001300 -1.28506910 -0.57252258 -0.53360337
30 4.75115800 0.69437700 -0.83047100 0.18048000 0.08458500 -0.04631000
31 1.68806700 -0.00002600 0.00000200 0.01020900 -0.02253800 1.01235300
32 1.33614400 -0.00005400 -0.00000900 0.00924200 -0.03762600 0.12943000
33 4.82051400 0.50933900 0.22486700 -0.45840800 -0.06739700 1.35830800
34 1.82699800 0.00006600 0.00000700 -0.00578000 0.04005700 1.13019400
35 1.43658300 -0.00001000 0.00000700 0.00803200 -0.01282400 0.28205500
36 3.99235300 0.89108800 1.82799600 -0.66807500 0.18880800 1.43569600
37 1.40592200 0.00002500 -0.00000500 -0.01231800 -0.02677000 1.30554600
38 1.17536600 -0.00012800 0.00000100 0.00055400 0.12321500 -0.04010000
39 4.52675700 0.69046000 1.12084300 -0.56617200 0.05415700 1.39823200
40 1.74404400 -0.00003100 -0.00000200 -0.02711600 -0.01181500 1.57284300
41 1.36876500 -0.00003200 -0.00001700 -0.05843200 0.14760900 -0.56409900
42 1.80926900 0.89529200 -1.12011000 1.50484800 0.57391300 0.19969600
43 1.49513800 -0.24140500 0.04487900 -0.05674600 -0.02483000 0.31490500
44 1.57424400 -0.10445000 0.03324400 0.03848200 0.07413400 -0.26513200
45 5.51181200 -0.00000100 0.00000600 -1.02187100 0.00000000 0.00000000
46 0.19685000 0.00000000 0.00000100 -0.34822500 0.00001500 -0.00000200
47 0.00000000 1.00000000 0.00000000 0.00000000 0.00000000 -1.57079600
48 -3.18096000 33.22035600 -3.27546900 0.00000000 0.00000000 -3.14156200
49 -7.70802302 48.76193148 -0.89208144 0.40809022 0.25781552 -0.37642873
50 10.32282300 1.03202100 -4.47406600 0.49059400 1.12092400 1.98870900
51 3.73549500 0.00125700 -1.32376300 0.00000000 0.00000000 0.00000000
52 -0.00066900 -0.00054600 -1.33911600 0.00000000 0.00000000 0.00000000
53 0.04766100 0.00000000 0.67144200 0.00000000 0.00000000 0.00000000
54 4.80552600 0.89926700 -0.32590700 0.00000000 0.00000000 0.00000000
55 -1.55556500 -0.00054600 0.65577800 0.00000000 0.00000000 0.00000000
56 -10.74451400 -0.01507800 -1.91032200 0.00000000 0.00000000 0.00000000
57 -12.84329000 -0.84086100 -0.01736800 0.00000000 0.00000000 0.00000000
58 3.70964100 -0.39217800 -0.15646300 0.00000000 0.00000000 0.00000000
59 -6.09495200 -0.01507800 -1.88070700 0.00000000 0.00000000 0.00000000
60 -17.41236700 0.31651300 -0.95933400 0.00000000 0.00000000 0.00000000
61 -1.27686700 -2.47341800 -4.53473900 3.03773800 0.28589800 -2.04045200
end
