version 1
nodes
0 "root" -1
1 "pelvis" 0
2 "spine_01" 1
3 "spine_02" 2
4 "spine_03" 3
5 "clavicle_r" 4
6 "upperarm_r" 5
7 "lowerarm_r" 6
8 "hand_r" 7
9 "index_01_r" 8
10 "index_02_r" 9
11 "index_03_r" 10
12 "middle_01_r" 8
13 "middle_02_r" 12
14 "middle_03_r" 13
15 "pinky_01_r" 8
16 "pinky_02_r" 15
17 "pinky_03_r" 16
18 "ring_01_r" 8
19 "ring_02_r" 18
20 "ring_03_r" 19
21 "thumb_01_r" 8
22 "thumb_02_r" 21
23 "thumb_03_r" 22
24 "lowerarm_twist_01_r" 7
25 "upperarm_twist_01_r" 6
26 "clavicle_l" 4
27 "upperarm_l" 26
28 "lowerarm_l" 27
29 "hand_l" 28
30 "index_01_l" 29
31 "index_02_l" 30
32 "index_03_l" 31
33 "middle_01_l" 29
34 "middle_02_l" 33
35 "middle_03_l" 34
36 "pinky_01_l" 29
37 "pinky_02_l" 36
38 "pinky_03_l" 37
39 "ring_01_l" 29
40 "ring_02_l" 39
41 "ring_03_l" 40
42 "thumb_01_l" 29
43 "thumb_02_l" 42
44 "thumb_03_l" 43
45 "lowerarm_twist_01_l" 28
46 "upperarm_twist_01_l" 27
47 "cam_driver" -1
48 "BaseRoot" -1
49 "Base" 48
50 "Mag" 49
51 "Bullet" 50
52 "BulletMove" 51
53 "Trigger" 49
54 "Bolt" 49
55 "BoltRotate" 54
56 "rhand_ikTarget" 49
57 "lhand_ikTarget" 49
58 "MagRelease" 49
end
skeleton
time 0
0 -0.00000100 7.45008900 -27.50902600 0.00000000 0.00000000 0.00003100
1 -0.00000200 0.00000000 0.00000000 1.57074300 -1.56713700 -1.57074300
2 4.25546800 -0.33518300 -0.00000200 0.00000000 0.00000000 -0.12484800
3 7.43124800 1.49647700 0.00000200 0.00000000 0.00000000 0.24545000
4 5.27847900 0.16554100 0.00000100 0.00000000 0.00000000 0.04851100
5 -1.03766400 -9.43453000 4.97450600 1.97586400 1.15990900 -1.29878600
6 -6.21448200 -0.00000700 -0.00002700 2.58392400 0.02618700 1.50295200
7 11.94488500 0.00000000 0.00000000 0.45231200 -0.33031900 1.22695700
8 10.62018100 0.00000000 -0.00000100 0.82227600 0.68287900 -2.65309000
9 -4.75111000 -0.69449200 0.83057500 0.02244300 -0.34124800 0.62547300
10 -1.68807100 0.00004600 -0.00003500 0.01803600 -0.01695300 0.62219900
11 -1.33613800 0.00005600 -0.00001200 0.02599300 -0.00449300 0.72429900
12 -4.82049900 -0.50945800 -0.22476000 -0.59142200 0.17173500 1.62879800
13 -1.82699100 -0.00006500 0.00000700 -0.00877900 0.03948000 1.05474700
14 -1.43657900 0.00001000 0.00000400 -0.04748700 -0.06156900 0.56561900
15 -3.99236100 -0.89118600 -1.82790900 -0.60639500 0.58941700 1.94389200
16 -1.40592300 -0.00002600 -0.00000400 0.01654100 -0.02437900 0.27905000
17 -1.17536200 0.00012700 -0.00002000 0.04192500 0.05340800 0.56994100
18 -4.52675500 -0.69057300 -1.12074500 -0.53318000 0.42052500 1.89479600
19 -1.74404500 0.00003700 -0.00000700 -0.00618100 -0.02893200 0.61965200
20 -1.36876500 0.00002400 0.00000200 -0.16436400 0.17560900 0.73252700
21 -1.87480200 -0.93512500 0.99917200 2.00090700 0.60849400 1.00710700
22 -1.52345100 0.00003100 0.00002800 0.17430900 0.04358600 0.69908300
23 -1.59928400 0.00000300 0.00001400 0.03567100 -0.02383000 0.56873300
24 5.58312600 0.11572500 0.29499900 1.94756400 -0.06728900 3.12123600
25 0.19684800 -0.00000300 0.00000300 2.79340700 0.00000600 -3.14157700
26 -4.02607300 -13.81774400 -7.06094900 1.97586200 1.15990900 1.84280300
27 6.21448500 0.00000600 0.00002000 -1.32186300 0.31860600 -2.05181900
28 11.94488900 -0.00003300 -0.00018900 0.14504200 -0.34748800 -1.46453100
29 10.62016500 0.00000800 0.00000700 -1.24332100 -0.48451900 0.26435200
30 4.75115700 0.69437600 -0.83047300 -0.12139300 -0.23408600 1.17691000
31 1.68806600 -0.00002700 0.00000200 0.00195900 -0.02465400 1.35789400
32 1.33614300 -0.00005500 -0.00000900 0.00029900 -0.03867100 0.36183900
33 4.82051500 0.50934000 0.22486500 -0.23721200 -0.11127000 1.45394900
34 1.82699700 0.00006700 0.00000800 -0.00549900 0.04010600 1.13828700
35 1.43658100 -0.00001000 0.00000700 0.00975800 -0.01157600 0.13774600
36 3.99235000 0.89108700 1.82799500 -0.51521400 0.05380600 1.55215900
37 1.40592100 0.00002200 -0.00000600 0.00565800 -0.02894500 0.68272200
38 1.17536400 -0.00013000 0.00000400 0.09742000 0.07554300 0.86846900
39 4.52675500 0.69045900 1.12084200 -0.49069100 0.02943900 1.64232200
40 1.74404300 -0.00003100 -0.00000200 -0.01475800 -0.02562500 0.93406200
41 1.36876300 -0.00003300 -0.00001600 0.11311900 0.11147800 0.61039100
42 2.24249900 1.34902500 -0.74849300 2.68757000 0.43837800 0.97926800
43 1.62286200 -0.22040200 -0.15537200 0.15185400 0.13855000 0.94799900
44 1.58379000 -0.15422100 0.02523200 0.06727400 0.04945100 0.19342300
45 5.51180600 0.00000000 0.00000400 0.16325100 0.00000000 0.00000000
46 0.19684800 0.00000000 0.00000000 -0.34822500 0.00001500 -0.00000200
47 0.00000000 0.00000000 0.00000000 0.00000000 0.00000000 -1.57079600
48 -3.46189900 2.90101600 -3.24579200 0.00000000 0.00000000 -3.14156200
49 -7.79493900 19.97891200 -0.73262300 0.42807800 0.26617200 -0.37397100
50 -0.15910500 0.02305100 -0.34200700 0.00000000 0.00000000 0.00000000
51 0.16895700 -0.03358900 0.65100600 0.00000000 0.00000000 0.00000000
52 0.24801400 0.17628700 -0.04521800 0.00000000 0.00000000 0.00000000
53 4.99699200 -0.07961600 -1.51780000 0.00000000 0.00000000 0.00000000
54 0.63391300 0.60768000 0.83129200 0.00000000 0.00000000 0.00000000
55 -0.29897500 -0.62533200 0.49585200 0.00000000 0.00000000 0.00000000
56 11.12727500 1.21457000 -4.99978600 0.80355900 1.02375100 2.19962600
57 -7.97505500 -3.31289700 -3.55349700 3.04808000 -0.02547800 -2.10370600
58 2.04895400 -0.03391300 -1.46330700 0.00000000 0.00000000 0.00000000
time 1
0 -0.00000100 7.45008900 -27.50902600 0.00000000 0.00000000 0.00003100
1 -0.00000200 0.00000000 0.00000000 1.57074300 -1.56713700 -1.57074300
2 4.25546800 -0.33518300 -0.00000200 0.00000000 0.00000000 -0.12484800
3 7.43124800 1.49647700 0.00000200 0.00000000 0.00000000 0.24545000
4 5.27847900 0.16554100 0.00000100 0.00000000 0.00000000 0.04851100
5 -1.03766400 -9.43453000 4.97450600 1.97586400 1.15990900 -1.29878600
6 -6.21448200 -0.00000700 -0.00002700 2.58392400 0.02618700 1.50295200
7 11.94488500 0.00000000 0.00000000 0.45220100 -0.33031500 1.22718300
8 10.62018100 0.00000000 -0.00000100 0.82212900 0.68276000 -2.65331500
9 -4.75111000 -0.69449200 0.83057500 0.02244300 -0.34124800 0.62547300
10 -1.68807100 0.00004600 -0.00003500 0.01803600 -0.01695300 0.62219900
11 -1.33613800 0.00005600 -0.00001200 0.02599300 -0.00449300 0.72429900
12 -4.82049900 -0.50945800 -0.22476000 -0.59142200 0.17173500 1.62879800
13 -1.82699100 -0.00006500 0.00000700 -0.00877900 0.03948000 1.05474700
14 -1.43657900 0.00001000 0.00000400 -0.04748700 -0.06156900 0.56561900
15 -3.99236100 -0.89118600 -1.82790900 -0.60639500 0.58941700 1.94389200
16 -1.40592300 -0.00002600 -0.00000400 0.01654100 -0.02437900 0.27905000
17 -1.17536200 0.00012700 -0.00002000 0.04192500 0.05340800 0.56994100
18 -4.52675500 -0.69057300 -1.12074500 -0.53318000 0.42052500 1.89479600
19 -1.74404500 0.00003700 -0.00000700 -0.00618100 -0.02893200 0.61965200
20 -1.36876500 0.00002400 0.00000200 -0.16436400 0.17560900 0.73252700
21 -1.87480200 -0.93512500 0.99917200 2.00090700 0.60849400 1.00710700
22 -1.52345100 0.00003100 0.00002800 0.17430900 0.04358600 0.69908300
23 -1.59928400 0.00000300 0.00001400 0.03567100 -0.02383000 0.56873300
24 5.58312600 0.11572500 0.29499900 1.94756400 -0.06728900 3.12123600
25 0.19684800 -0.00000300 0.00000300 2.79340700 0.00000600 -3.14157700
26 -4.02607300 -13.81774400 -7.06094900 1.97586200 1.15990900 1.84280300
27 6.21448500 0.00000600 0.00002000 -1.32198000 0.31889700 -2.05185400
28 11.94488900 -0.00003300 -0.00018900 0.14508400 -0.34747100 -1.46477100
29 10.62016500 0.00000800 0.00000700 -1.24336400 -0.48458800 0.26441700
30 4.75115700 0.69437600 -0.83047300 -0.12139300 -0.23408600 1.17691000
31 1.68806600 -0.00002700 0.00000200 0.00195900 -0.02465400 1.35789400
32 1.33614300 -0.00005500 -0.00000900 0.00029900 -0.03867100 0.36183900
33 4.82051500 0.50934000 0.22486500 -0.23721200 -0.11127000 1.45394900
34 1.82699700 0.00006700 0.00000800 -0.00549900 0.04010600 1.13828700
35 1.43658100 -0.00001000 0.00000700 0.00975800 -0.01157600 0.13774600
36 3.99235000 0.89108700 1.82799500 -0.51521400 0.05380600 1.55215900
37 1.40592100 0.00002200 -0.00000600 0.00565800 -0.02894500 0.68272200
38 1.17536400 -0.00013000 0.00000400 0.09742000 0.07554300 0.86846900
39 4.52675500 0.69045900 1.12084200 -0.49069100 0.02943900 1.64232200
40 1.74404300 -0.00003100 -0.00000200 -0.01475800 -0.02562500 0.93406200
41 1.36876300 -0.00003300 -0.00001600 0.11311900 0.11147800 0.61039100
42 2.24249900 1.34902500 -0.74849300 2.68757000 0.43837800 0.97926800
43 1.62286200 -0.22040200 -0.15537200 0.15185400 0.13855000 0.94799900
44 1.58379000 -0.15422100 0.02523200 0.06727400 0.04945100 0.19342300
45 5.51180600 0.00000000 0.00000400 0.16325100 0.00000000 0.00000000
46 0.19684800 0.00000000 0.00000000 -0.34822500 0.00001500 -0.00000200
47 0.00000000 0.00000000 0.00000000 0.00000000 0.00000000 -1.57079600
48 -3.46189900 2.90101600 -3.24579200 0.00000000 0.00000000 -3.14156200
49 -7.79544500 19.97891200 -0.73474900 0.42801300 0.26598800 -0.37401300
50 -0.15910500 0.02305100 -0.34200700 0.00000000 0.00000000 0.00000000
51 0.16895700 -0.03358900 0.65100600 0.00000000 0.00000000 0.00000000
52 0.24801400 0.17628700 -0.04521800 0.00000000 0.00000000 0.00000000
53 4.99699200 -0.07961600 -1.51780000 0.00000000 0.00000000 0.00000000
54 0.63391300 0.60768000 0.83129200 0.00000000 0.00000000 0.00000000
55 -0.29897500 -0.62533200 0.49585200 0.00000000 0.00000000 0.00000000
56 11.12727500 1.21457000 -4.99978600 0.80355900 1.02375100 2.19962600
57 -7.97505500 -3.31289700 -3.55349700 3.04808000 -0.02547800 -2.10370600
58 2.04895400 -0.03391300 -1.46330700 0.00000000 0.00000000 0.00000000
time 2
0 -0.00000100 7.45008900 -27.50902600 0.00000000 0.00000000 0.00003100
1 -0.00000200 0.00000000 0.00000000 1.57074300 -1.56713700 -1.57074300
2 4.25546800 -0.33518300 -0.00000200 0.00000000 0.00000000 -0.12484800
3 7.43124800 1.49647700 0.00000200 0.00000000 0.00000000 0.24545000
4 5.27847900 0.16554100 0.00000100 0.00000000 0.00000000 0.04851100
5 -1.03766400 -9.43453000 4.97450600 1.97586400 1.15990900 -1.29878600
6 -6.21448200 -0.00000700 -0.00002700 2.58380000 0.02625700 1.50321100
7 11.94488500 0.00000000 0.00000000 0.45203700 -0.33038500 1.22774100
8 10.62018100 0.00000000 -0.00000100 0.82180100 0.68253100 -2.65407300
9 -4.75111000 -0.69449200 0.83057500 0.02244300 -0.34124800 0.62547300
10 -1.68807100 0.00004600 -0.00003500 0.01803600 -0.01695300 0.62219900
11 -1.33613800 0.00005600 -0.00001200 0.02599300 -0.00449300 0.72429900
12 -4.82049900 -0.50945800 -0.22476000 -0.59142200 0.17173500 1.62879800
13 -1.82699100 -0.00006500 0.00000700 -0.00877900 0.03948000 1.05474700
14 -1.43657900 0.00001000 0.00000400 -0.04748700 -0.06156900 0.56561900
15 -3.99236100 -0.89118600 -1.82790900 -0.60639500 0.58941700 1.94389200
16 -1.40592300 -0.00002600 -0.00000400 0.01654100 -0.02437900 0.27905000
17 -1.17536200 0.00012700 -0.00002000 0.04192500 0.05340800 0.56994100
18 -4.52675500 -0.69057300 -1.12074500 -0.53318000 0.42052500 1.89479600
19 -1.74404500 0.00003700 -0.00000700 -0.00618100 -0.02893200 0.61965200
20 -1.36876500 0.00002400 0.00000200 -0.16436400 0.17560900 0.73252700
21 -1.87480200 -0.93512500 0.99917200 2.00090700 0.60849400 1.00710700
22 -1.52345100 0.00003100 0.00002800 0.17430900 0.04358600 0.69908300
23 -1.59928400 0.00000300 0.00001400 0.03567100 -0.02383000 0.56873300
24 5.58312600 0.11572500 0.29499900 1.94756400 -0.06728900 3.12123600
25 0.19684800 -0.00000300 0.00000300 2.79340700 0.00000600 -3.14157700
26 -4.02607300 -13.81774400 -7.06094900 1.97586200 1.15990900 1.84280300
27 6.21448500 0.00000600 0.00002000 -1.32211600 0.31971600 -2.05185000
28 11.94488900 -0.00003300 -0.00018900 0.14538300 -0.34749900 -1.46543200
29 10.62016500 0.00000800 0.00000700 -1.24376900 -0.48478700 0.26480600
30 4.75115700 0.69437600 -0.83047300 -0.12139300 -0.23408600 1.17691000
31 1.68806600 -0.00002700 0.00000200 0.00195900 -0.02465400 1.35789400
32 1.33614300 -0.00005500 -0.00000900 0.00029900 -0.03867100 0.36183900
33 4.82051500 0.50934000 0.22486500 -0.23721200 -0.11127000 1.45394900
34 1.82699700 0.00006700 0.00000800 -0.00549900 0.04010600 1.13828700
35 1.43658100 -0.00001000 0.00000700 0.00975800 -0.01157600 0.13774600
36 3.99235000 0.89108700 1.82799500 -0.51521400 0.05380600 1.55215900
37 1.40592100 0.00002200 -0.00000600 0.00565800 -0.02894500 0.68272200
38 1.17536400 -0.00013000 0.00000400 0.09742000 0.07554300 0.86846900
39 4.52675500 0.69045900 1.12084200 -0.49069100 0.02943900 1.64232200
40 1.74404300 -0.00003100 -0.00000200 -0.01475800 -0.02562500 0.93406200
41 1.36876300 -0.00003300 -0.00001600 0.11311900 0.11147800 0.61039100
42 2.24249900 1.34902500 -0.74849300 2.68757000 0.43837800 0.97926800
43 1.62286200 -0.22040200 -0.15537200 0.15185400 0.13855000 0.94799900
44 1.58379000 -0.15422100 0.02523200 0.06727400 0.04945100 0.19342300
45 5.51180600 0.00000000 0.00000400 0.16325100 0.00000000 0.00000000
46 0.19684800 0.00000000 0.00000000 -0.34822500 0.00001500 -0.00000200
47 0.00000000 0.00000000 0.00000000 0.00000000 0.00000000 -1.57079600
48 -3.46189900 2.90101600 -3.24579200 0.00000000 0.00000000 -3.14156200
49 -7.79691900 19.97891200 -0.74093200 0.42781700 0.26543400 -0.37413800
50 -0.15910500 0.02305100 -0.34200700 0.00000000 0.00000000 0.00000000
51 0.16895700 -0.03358900 0.65100600 0.00000000 0.00000000 0.00000000
52 0.24801400 0.17628700 -0.04521800 0.00000000 0.00000000 0.00000000
53 4.99699200 -0.07961600 -1.51780000 0.00000000 0.00000000 0.00000000
54 0.63391300 0.60768000 0.83129200 0.00000000 0.00000000 0.00000000
55 -0.29897500 -0.62533200 0.49585200 0.00000000 0.00000000 0.00000000
56 11.12727500 1.21457000 -4.99978600 0.80355900 1.02375100 2.19962600
57 -7.97505500 -3.31289700 -3.55349700 3.04808000 -0.02547800 -2.10370600
58 2.04895400 -0.03391300 -1.46330700 0.00000000 0.00000000 0.00000000
time 3
0 -0.00000100 7.45008900 -27.50902600 0.00000000 0.00000000 0.00003100
1 -0.00000200 0.00000000 0.00000000 1.57074300 -1.56713700 -1.57074300
2 4.25546800 -0.33518300 -0.00000200 0.00000000 0.00000000 -0.12484800
3 7.43124800 1.49647700 0.00000200 0.00000000 0.00000000 0.24545000
4 5.27847900 0.16554100 0.00000100 0.00000000 0.00000000 0.04851100
5 -1.03766400 -9.43453000 4.97450600 1.97586400 1.15990900 -1.29878600
6 -6.21448200 -0.00000700 -0.00002700 2.58361800 0.02633600 1.50372900
7 11.94488500 0.00000000 0.00000000 0.45172700 -0.33050100 1.22874500
8 10.62018100 0.00000000 -0.00000100 0.82143200 0.68215900 -2.65502000
9 -4.75111000 -0.69449200 0.83057500 0.02244300 -0.34124800 0.62547300
10 -1.68807100 0.00004600 -0.00003500 0.01803600 -0.01695300 0.62219900
11 -1.33613800 0.00005600 -0.00001200 0.02599300 -0.00449300 0.72429900
12 -4.82049900 -0.50945800 -0.22476000 -0.59142200 0.17173500 1.62879800
13 -1.82699100 -0.00006500 0.00000700 -0.00877900 0.03948000 1.05474700
14 -1.43657900 0.00001000 0.00000400 -0.04748700 -0.06156900 0.56561900
15 -3.99236100 -0.89118600 -1.82790900 -0.60639500 0.58941700 1.94389200
16 -1.40592300 -0.00002600 -0.00000400 0.01654100 -0.02437900 0.27905000
17 -1.17536200 0.00012700 -0.00002000 0.04192500 0.05340800 0.56994100
18 -4.52675500 -0.69057300 -1.12074500 -0.53318000 0.42052500 1.89479600
19 -1.74404500 0.00003700 -0.00000700 -0.00618100 -0.02893200 0.61965200
20 -1.36876500 0.00002400 0.00000200 -0.16436400 0.17560900 0.73252700
21 -1.87480200 -0.93512500 0.99917200 2.00090700 0.60849400 1.00710700
22 -1.52345100 0.00003100 0.00002800 0.17430900 0.04358600 0.69908300
23 -1.59928400 0.00000300 0.00001400 0.03567100 -0.02383000 0.56873300
24 5.58312600 0.11572500 0.29499900 1.94756400 -0.06728900 3.12123600
25 0.19684800 -0.00000300 0.00000300 2.79340700 0.00000600 -3.14157700
26 -4.02607300 -13.81774400 -7.06094900 1.97586200 1.15990900 1.84280300
27 6.21448500 0.00000600 0.00002000 -1.32227200 0.32106100 -2.05180600
28 11.94488900 -0.00003300 -0.00018900 0.14568000 -0.34755900 -1.46645200
29 10.62016500 0.00000800 0.00000700 -1.24421800 -0.48505400 0.26526000
30 4.75115700 0.69437600 -0.83047300 -0.12139300 -0.23408600 1.17691000
31 1.68806600 -0.00002700 0.00000200 0.00195900 -0.02465400 1.35789400
32 1.33614300 -0.00005500 -0.00000900 0.00029900 -0.03867100 0.36183900
33 4.82051500 0.50934000 0.22486500 -0.23721200 -0.11127000 1.45394900
34 1.82699700 0.00006700 0.00000800 -0.00549900 0.04010600 1.13828700
35 1.43658100 -0.00001000 0.00000700 0.00975800 -0.01157600 0.13774600
36 3.99235000 0.89108700 1.82799500 -0.51521400 0.05380600 1.55215900
37 1.40592100 0.00002200 -0.00000600 0.00565800 -0.02894500 0.68272200
38 1.17536400 -0.00013000 0.00000400 0.09742000 0.07554300 0.86846900
39 4.52675500 0.69045900 1.12084200 -0.49069100 0.02943900 1.64232200
40 1.74404300 -0.00003100 -0.00000200 -0.01475800 -0.02562500 0.93406200
41 1.36876300 -0.00003300 -0.00001600 0.11311900 0.11147800 0.61039100
42 2.24249900 1.34902500 -0.74849300 2.68757000 0.43837800 0.97926800
43 1.62286200 -0.22040200 -0.15537200 0.15185400 0.13855000 0.94799900
44 1.58379000 -0.15422100 0.02523200 0.06727400 0.04945100 0.19342300
45 5.51180600 0.00000000 0.00000400 0.16325100 0.00000000 0.00000000
46 0.19684800 0.00000000 0.00000000 -0.34822500 0.00001500 -0.00000200
47 0.00000000 0.00000000 0.00000000 0.00000000 0.00000000 -1.57079600
48 -3.46189900 2.90101600 -3.24579200 0.00000000 0.00000000 -3.14156200
49 -7.79928800 19.97891200 -0.75088400 0.42747800 0.26459500 -0.37433100
50 -0.15910500 0.02305100 -0.34200700 0.00000000 0.00000000 0.00000000
51 0.16895700 -0.03358900 0.65100600 0.00000000 0.00000000 0.00000000
52 0.24801400 0.17628700 -0.04521800 0.00000000 0.00000000 0.00000000
53 4.99699200 -0.07961600 -1.51780000 0.00000000 0.00000000 0.00000000
54 0.63391300 0.60768000 0.83129200 0.00000000 0.00000000 0.00000000
55 -0.29897500 -0.62533200 0.49585200 0.00000000 0.00000000 0.00000000
56 11.12727500 1.21457000 -4.99978600 0.80355900 1.02375100 2.19962600
57 -7.97505500 -3.31289700 -3.55349700 3.04808000 -0.02547800 -2.10370600
58 2.04895400 -0.03391300 -1.46330700 0.00000000 0.00000000 0.00000000
time 4
0 -0.00000100 7.45008900 -27.50902600 0.00000000 0.00000000 0.00003100
1 -0.00000200 0.00000000 0.00000000 1.57074300 -1.56713700 -1.57074300
2 4.25546800 -0.33518300 -0.00000200 0.00000000 0.00000000 -0.12484800
3 7.43124800 1.49647700 0.00000200 0.00000000 0.00000000 0.24545000
4 5.27847900 0.16554100 0.00000100 0.00000000 0.00000000 0.04851100
5 -1.03766400 -9.43453000 4.97450600 1.97586400 1.15990900 -1.29878600
6 -6.21448200 -0.00000700 -0.00002700 2.58331000 0.02642100 1.50427800
7 11.94488500 0.00000000 0.00000000 0.45128800 -0.33063700 1.23008700
8 10.62018100 0.00000000 -0.00000100 0.82085200 0.68156300 -2.65647100
9 -4.75111000 -0.69449200 0.83057500 0.02244300 -0.34124800 0.62547300
10 -1.68807100 0.00004600 -0.00003500 0.01803600 -0.01695300 0.62219900
11 -1.33613800 0.00005600 -0.00001200 0.02599300 -0.00449300 0.72429900
12 -4.82049900 -0.50945800 -0.22476000 -0.59142200 0.17173500 1.62879800
13 -1.82699100 -0.00006500 0.00000700 -0.00877900 0.03948000 1.05474700
14 -1.43657900 0.00001000 0.00000400 -0.04748700 -0.06156900 0.56561900
15 -3.99236100 -0.89118600 -1.82790900 -0.60639500 0.58941700 1.94389200
16 -1.40592300 -0.00002600 -0.00000400 0.01654100 -0.02437900 0.27905000
17 -1.17536200 0.00012700 -0.00002000 0.04192500 0.05340800 0.56994100
18 -4.52675500 -0.69057300 -1.12074500 -0.53318000 0.42052500 1.89479600
19 -1.74404500 0.00003700 -0.00000700 -0.00618100 -0.02893200 0.61965200
20 -1.36876500 0.00002400 0.00000200 -0.16436400 0.17560900 0.73252700
21 -1.87480200 -0.93512500 0.99917200 2.00090700 0.60849400 1.00710700
22 -1.52345100 0.00003100 0.00002800 0.17430900 0.04358600 0.69908300
23 -1.59928400 0.00000300 0.00001400 0.03567100 -0.02383000 0.56873300
24 5.58312600 0.11572500 0.29499900 1.94756400 -0.06728900 3.12123600
25 0.19684800 -0.00000300 0.00000300 2.79340700 0.00000600 -3.14157700
26 -4.02607300 -13.81774400 -7.06094900 1.97586200 1.15990900 1.84280300
27 6.21448500 0.00000600 0.00002000 -1.32260200 0.32287900 -2.05177100
28 11.94488900 -0.00003300 -0.00018900 0.14615000 -0.34760800 -1.46774500
29 10.62016500 0.00000800 0.00000700 -1.24503100 -0.48545000 0.26603900
30 4.75115700 0.69437600 -0.83047300 -0.12139300 -0.23408600 1.17691000
31 1.68806600 -0.00002700 0.00000200 0.00195900 -0.02465400 1.35789400
32 1.33614300 -0.00005500 -0.00000900 0.00029900 -0.03867100 0.36183900
33 4.82051500 0.50934000 0.22486500 -0.23721200 -0.11127000 1.45394900
34 1.82699700 0.00006700 0.00000800 -0.00549900 0.04010600 1.13828700
35 1.43658100 -0.00001000 0.00000700 0.00975800 -0.01157600 0.13774600
36 3.99235000 0.89108700 1.82799500 -0.51521400 0.05380600 1.55215900
37 1.40592100 0.00002200 -0.00000600 0.00565800 -0.02894500 0.68272200
38 1.17536400 -0.00013000 0.00000400 0.09742000 0.07554300 0.86846900
39 4.52675500 0.69045900 1.12084200 -0.49069100 0.02943900 1.64232200
40 1.74404300 -0.00003100 -0.00000200 -0.01475800 -0.02562500 0.93406200
41 1.36876300 -0.00003300 -0.00001600 0.11311900 0.11147800 0.61039100
42 2.24249900 1.34902500 -0.74849300 2.68757000 0.43837800 0.97926800
43 1.62286200 -0.22040200 -0.15537200 0.15185400 0.13855000 0.94799900
44 1.58379000 -0.15422100 0.02523200 0.06727400 0.04945100 0.19342300
45 5.51180600 0.00000000 0.00000400 0.16325100 0.00000000 0.00000000
46 0.19684800 0.00000000 0.00000000 -0.34822500 0.00001500 -0.00000200
47 0.00000000 0.00000000 0.00000000 0.00000000 0.00000000 -1.57079600
48 -3.46189900 2.90101600 -3.24579200 0.00000000 0.00000000 -3.14156200
49 -7.80248500 19.97891200 -0.76431300 0.42699800 0.26340600 -0.37469600
50 -0.15910500 0.02305100 -0.34200700 0.00000000 0.00000000 0.00000000
51 0.16895700 -0.03358900 0.65100600 0.00000000 0.00000000 0.00000000
52 0.24801400 0.17628700 -0.04521800 0.00000000 0.00000000 0.00000000
53 4.99699200 -0.07961600 -1.51780000 0.00000000 0.00000000 0.00000000
54 0.63391300 0.60768000 0.83129200 0.00000000 0.00000000 0.00000000
55 -0.29897500 -0.62533200 0.49585200 0.00000000 0.00000000 0.00000000
56 11.12727500 1.21457000 -4.99978600 0.80355900 1.02375100 2.19962600
57 -7.97505500 -3.31289700 -3.55349700 3.04808000 -0.02547800 -2.10370600
58 2.04895400 -0.03391300 -1.46330700 0.00000000 0.00000000 0.00000000
time 5
0 -0.00000100 7.45008900 -27.50902600 0.00000000 0.00000000 0.00003100
1 -0.00000200 0.00000000 0.00000000 1.57074300 -1.56713700 -1.57074300
2 4.25546800 -0.33518300 -0.00000200 0.00000000 0.00000000 -0.12484800
3 7.43124800 1.49647700 0.00000200 0.00000000 0.00000000 0.24545000
4 5.27847900 0.16554100 0.00000100 0.00000000 0.00000000 0.04851100
5 -1.03766400 -9.43453000 4.97450600 1.97586400 1.15990900 -1.29878600
6 -6.21448200 -0.00000700 -0.00002700 2.58300400 0.02657100 1.50505600
7 11.94488500 0.00000000 0.00000000 0.45069000 -0.33083800 1.23164900
8 10.62018100 0.00000000 -0.00000100 0.82010100 0.68088300 -2.65823800
9 -4.75111000 -0.69449200 0.83057500 0.02244300 -0.34124800 0.62547300
10 -1.68807100 0.00004600 -0.00003500 0.01803600 -0.01695300 0.62219900
11 -1.33613800 0.00005600 -0.00001200 0.02599300 -0.00449300 0.72429900
12 -4.82049900 -0.50945800 -0.22476000 -0.59142200 0.17173500 1.62879800
13 -1.82699100 -0.00006500 0.00000700 -0.00877900 0.03948000 1.05474700
14 -1.43657900 0.00001000 0.00000400 -0.04748700 -0.06156900 0.56561900
15 -3.99236100 -0.89118600 -1.82790900 -0.60639500 0.58941700 1.94389200
16 -1.40592300 -0.00002600 -0.00000400 0.01654100 -0.02437900 0.27905000
17 -1.17536200 0.00012700 -0.00002000 0.04192500 0.05340800 0.56994100
18 -4.52675500 -0.69057300 -1.12074500 -0.53318000 0.42052500 1.89479600
19 -1.74404500 0.00003700 -0.00000700 -0.00618100 -0.02893200 0.61965200
20 -1.36876500 0.00002400 0.00000200 -0.16436400 0.17560900 0.73252700
21 -1.87480200 -0.93512500 0.99917200 2.00090700 0.60849400 1.00710700
22 -1.52345100 0.00003100 0.00002800 0.17430900 0.04358600 0.69908300
23 -1.59928400 0.00000300 0.00001400 0.03567100 -0.02383000 0.56873300
24 5.58312600 0.11572500 0.29499900 1.94756400 -0.06728900 3.12123600
25 0.19684800 -0.00000300 0.00000300 2.79340700 0.00000600 -3.14157700
26 -4.02607300 -13.81774400 -7.06094900 1.97586200 1.15990900 1.84280300
27 6.21448500 0.00000600 0.00002000 -1.32300300 0.32510900 -2.05173300
28 11.94488900 -0.00003300 -0.00018900 0.14670300 -0.34762100 -1.46951900
29 10.62016500 0.00000800 0.00000700 -1.24593100 -0.48598400 0.26694900
30 4.75115700 0.69437600 -0.83047300 -0.12139300 -0.23408600 1.17691000
31 1.68806600 -0.00002700 0.00000200 0.00195900 -0.02465400 1.35789400
32 1.33614300 -0.00005500 -0.00000900 0.00029900 -0.03867100 0.36183900
33 4.82051500 0.50934000 0.22486500 -0.23721200 -0.11127000 1.45394900
34 1.82699700 0.00006700 0.00000800 -0.00549900 0.04010600 1.13828700
35 1.43658100 -0.00001000 0.00000700 0.00975800 -0.01157600 0.13774600
36 3.99235000 0.89108700 1.82799500 -0.51521400 0.05380600 1.55215900
37 1.40592100 0.00002200 -0.00000600 0.00565800 -0.02894500 0.68272200
38 1.17536400 -0.00013000 0.00000400 0.09742000 0.07554300 0.86846900
39 4.52675500 0.69045900 1.12084200 -0.49069100 0.02943900 1.64232200
40 1.74404300 -0.00003100 -0.00000200 -0.01475800 -0.02562500 0.93406200
41 1.36876300 -0.00003300 -0.00001600 0.11311900 0.11147800 0.61039100
42 2.24249900 1.34902500 -0.74849300 2.68757000 0.43837800 0.97926800
43 1.62286200 -0.22040200 -0.15537200 0.15185400 0.13855000 0.94799900
44 1.58379000 -0.15422100 0.02523200 0.06727400 0.04945100 0.19342300
45 5.51180600 0.00000000 0.00000400 0.16325100 0.00000000 0.00000000
46 0.19684800 0.00000000 0.00000000 -0.34822500 0.00001500 -0.00000200
47 0.00000000 0.00000000 0.00000000 0.00000000 0.00000000 -1.57079600
48 -3.46189900 2.90101600 -3.24579200 0.00000000 0.00000000 -3.14156200
49 -7.80644100 19.97891200 -0.78093200 0.42647800 0.26193000 -0.37502800
50 -0.15910500 0.02305100 -0.34200700 0.00000000 0.00000000 0.00000000
51 0.16895700 -0.03358900 0.65100600 0.00000000 0.00000000 0.00000000
52 0.24801400 0.17628700 -0.04521800 0.00000000 0.00000000 0.00000000
53 4.99699200 -0.07961600 -1.51780000 0.00000000 0.00000000 0.00000000
54 0.63391300 0.60768000 0.83129200 0.00000000 0.00000000 0.00000000
55 -0.29897500 -0.62533200 0.49585200 0.00000000 0.00000000 0.00000000
56 11.12727500 1.21457000 -4.99978600 0.80355900 1.02375100 2.19962600
57 -7.97505500 -3.31289700 -3.55349700 3.04808000 -0.02547800 -2.10370600
58 2.04895400 -0.03391300 -1.46330700 0.00000000 0.00000000 0.00000000
time 6
0 -0.00000100 7.45008900 -27.50902600 0.00000000 0.00000000 0.00003100
1 -0.00000200 0.00000000 0.00000000 1.57074300 -1.56713700 -1.57074300
2 4.25546800 -0.33518300 -0.00000200 0.00000000 0.00000000 -0.12484800
3 7.43124800 1.49647700 0.00000200 0.00000000 0.00000000 0.24545000
4 5.27847900 0.16554100 0.00000100 0.00000000 0.00000000 0.04851100
5 -1.03766400 -9.43453000 4.97450600 1.97586400 1.15990900 -1.29878600
6 -6.21448200 -0.00000700 -0.00002700 2.58263900 0.02669800 1.50597900
7 11.94488500 0.00000000 0.00000000 0.45008700 -0.33104400 1.23355200
8 10.62018100 0.00000000 -0.00000100 0.81918000 0.68011900 -2.66031900
9 -4.75111000 -0.69449200 0.83057500 0.02244300 -0.34124800 0.62547300
10 -1.68807100 0.00004600 -0.00003500 0.01803600 -0.01695300 0.62219900
11 -1.33613800 0.00005600 -0.00001200 0.02599300 -0.00449300 0.72429900
12 -4.82049900 -0.50945800 -0.22476000 -0.59142200 0.17173500 1.62879800
13 -1.82699100 -0.00006500 0.00000700 -0.00877900 0.03948000 1.05474700
14 -1.43657900 0.00001000 0.00000400 -0.04748700 -0.06156900 0.56561900
15 -3.99236100 -0.89118600 -1.82790900 -0.60639500 0.58941700 1.94389200
16 -1.40592300 -0.00002600 -0.00000400 0.01654100 -0.02437900 0.27905000
17 -1.17536200 0.00012700 -0.00002000 0.04192500 0.05340800 0.56994100
18 -4.52675500 -0.69057300 -1.12074500 -0.53318000 0.42052500 1.89479600
19 -1.74404500 0.00003700 -0.00000700 -0.00618100 -0.02893200 0.61965200
20 -1.36876500 0.00002400 0.00000200 -0.16436400 0.17560900 0.73252700
21 -1.87480200 -0.93512500 0.99917200 2.00090700 0.60849400 1.00710700
22 -1.52345100 0.00003100 0.00002800 0.17430900 0.04358600 0.69908300
23 -1.59928400 0.00000300 0.00001400 0.03567100 -0.02383000 0.56873300
24 5.58312600 0.11572500 0.29499900 1.94756400 -0.06728900 3.12123600
25 0.19684800 -0.00000300 0.00000300 2.79340700 0.00000600 -3.14157700
26 -4.02607300 -13.81774400 -7.06094900 1.97586200 1.15990900 1.84280300
27 6.21448500 0.00000600 0.00002000 -1.32347600 0.32775000 -2.05169200
28 11.94488900 -0.00003300 -0.00018900 0.14747300 -0.34769500 -1.47147700
29 10.62016500 0.00000800 0.00000700 -1.24699700 -0.48652000 0.26802600
30 4.75115700 0.69437600 -0.83047300 -0.12139300 -0.23408600 1.17691000
31 1.68806600 -0.00002700 0.00000200 0.00195900 -0.02465400 1.35789400
32 1.33614300 -0.00005500 -0.00000900 0.00029900 -0.03867100 0.36183900
33 4.82051500 0.50934000 0.22486500 -0.23721200 -0.11127000 1.45394900
34 1.82699700 0.00006700 0.00000800 -0.00549900 0.04010600 1.13828700
35 1.43658100 -0.00001000 0.00000700 0.00975800 -0.01157600 0.13774600
36 3.99235000 0.89108700 1.82799500 -0.51521400 0.05380600 1.55215900
37 1.40592100 0.00002200 -0.00000600 0.00565800 -0.02894500 0.68272200
38 1.17536400 -0.00013000 0.00000400 0.09742000 0.07554300 0.86846900
39 4.52675500 0.69045900 1.12084200 -0.49069100 0.02943900 1.64232200
40 1.74404300 -0.00003100 -0.00000200 -0.01475800 -0.02562500 0.93406200
41 1.36876300 -0.00003300 -0.00001600 0.11311900 0.11147800 0.61039100
42 2.24249900 1.34902500 -0.74849300 2.68757000 0.43837800 0.97926800
43 1.62286200 -0.22040200 -0.15537200 0.15185400 0.13855000 0.94799900
44 1.58379000 -0.15422100 0.02523200 0.06727400 0.04945100 0.19342300
45 5.51180600 0.00000000 0.00000400 0.16325100 0.00000000 0.00000000
46 0.19684800 0.00000000 0.00000000 -0.34822500 0.00001500 -0.00000200
47 0.00000000 0.00000000 0.00000000 0.00000000 0.00000000 -1.57079600
48 -3.46189900 2.90101600 -3.24579200 0.00000000 0.00000000 -3.14156200
49 -7.81108900 19.97891200 -0.80044900 0.42589400 0.26020400 -0.37550400
50 -0.15910500 0.02305100 -0.34200700 0.00000000 0.00000000 0.00000000
51 0.16895700 -0.03358900 0.65100600 0.00000000 0.00000000 0.00000000
52 0.24801400 0.17628700 -0.04521800 0.00000000 0.00000000 0.00000000
53 4.99699200 -0.07961600 -1.51780000 0.00000000 0.00000000 0.00000000
54 0.63391300 0.60768000 0.83129200 0.00000000 0.00000000 0.00000000
55 -0.29897500 -0.62533200 0.49585200 0.00000000 0.00000000 0.00000000
56 11.12727500 1.21457000 -4.99978600 0.80355900 1.02375100 2.19962600
57 -7.97505500 -3.31289700 -3.55349700 3.04808000 -0.02547800 -2.10370600
58 2.04895400 -0.03391300 -1.46330700 0.00000000 0.00000000 0.00000000
time 7
0 -0.00000100 7.45008900 -27.50902600 0.00000000 0.00000000 0.00003100
1 -0.00000200 0.00000000 0.00000000 1.57074300 -1.56713700 -1.57074300
2 4.25546800 -0.33518300 -0.00000200 0.00000000 0.00000000 -0.12484800
3 7.43124800 1.49647700 0.00000200 0.00000000 0.00000000 0.24545000
4 5.27847900 0.16554100 0.00000100 0.00000000 0.00000000 0.04851100
5 -1.03766400 -9.43453000 4.97450600 1.97586400 1.15990900 -1.29878600
6 -6.21448200 -0.00000700 -0.00002700 2.58227500 0.02682500 1.50690300
7 11.94488500 0.00000000 0.00000000 0.44944900 -0.33129700 1.23567600
8 10.62018100 0.00000000 -0.00000100 0.81822400 0.67921200 -2.66258300
9 -4.75111000 -0.69449200 0.83057500 0.02244300 -0.34124800 0.62547300
10 -1.68807100 0.00004600 -0.00003500 0.01803600 -0.01695300 0.62219900
11 -1.33613800 0.00005600 -0.00001200 0.02599300 -0.00449300 0.72429900
12 -4.82049900 -0.50945800 -0.22476000 -0.59142200 0.17173500 1.62879800
13 -1.82699100 -0.00006500 0.00000700 -0.00877900 0.03948000 1.05474700
14 -1.43657900 0.00001000 0.00000400 -0.04748700 -0.06156900 0.56561900
15 -3.99236100 -0.89118600 -1.82790900 -0.60639500 0.58941700 1.94389200
16 -1.40592300 -0.00002600 -0.00000400 0.01654100 -0.02437900 0.27905000
17 -1.17536200 0.00012700 -0.00002000 0.04192500 0.05340800 0.56994100
18 -4.52675500 -0.69057300 -1.12074500 -0.53318000 0.42052500 1.89479600
19 -1.74404500 0.00003700 -0.00000700 -0.00618100 -0.02893200 0.61965200
20 -1.36876500 0.00002400 0.00000200 -0.16436400 0.17560900 0.73252700
21 -1.87480200 -0.93512500 0.99917200 2.00090700 0.60849400 1.00710700
22 -1.52345100 0.00003100 0.00002800 0.17430900 0.04358600 0.69908300
23 -1.59928400 0.00000300 0.00001400 0.03567100 -0.02383000 0.56873300
24 5.58312600 0.11572500 0.29499900 1.94756400 -0.06728900 3.12123600
25 0.19684800 -0.00000300 0.00000300 2.79340700 0.00000600 -3.14157700
26 -4.02607300 -13.81774400 -7.06094900 1.97586200 1.15990900 1.84280300
27 6.21448500 0.00000600 0.00002000 -1.32406400 0.33075500 -2.05159700
28 11.94488900 -0.00003300 -0.00018900 0.14817700 -0.34773600 -1.47376600
29 10.62016500 0.00000800 0.00000700 -1.24822200 -0.48711100 0.26919700
30 4.75115700 0.69437600 -0.83047300 -0.12139300 -0.23408600 1.17691000
31 1.68806600 -0.00002700 0.00000200 0.00195900 -0.02465400 1.35789400
32 1.33614300 -0.00005500 -0.00000900 0.00029900 -0.03867100 0.36183900
33 4.82051500 0.50934000 0.22486500 -0.23721200 -0.11127000 1.45394900
34 1.82699700 0.00006700 0.00000800 -0.00549900 0.04010600 1.13828700
35 1.43658100 -0.00001000 0.00000700 0.00975800 -0.01157600 0.13774600
36 3.99235000 0.89108700 1.82799500 -0.51521400 0.05380600 1.55215900
37 1.40592100 0.00002200 -0.00000600 0.00565800 -0.02894500 0.68272200
38 1.17536400 -0.00013000 0.00000400 0.09742000 0.07554300 0.86846900
39 4.52675500 0.69045900 1.12084200 -0.49069100 0.02943900 1.64232200
40 1.74404300 -0.00003100 -0.00000200 -0.01475800 -0.02562500 0.93406200
41 1.36876300 -0.00003300 -0.00001600 0.11311900 0.11147800 0.61039100
42 2.24249900 1.34902500 -0.74849300 2.68757000 0.43837800 0.97926800
43 1.62286200 -0.22040200 -0.15537200 0.15185400 0.13855000 0.94799900
44 1.58379000 -0.15422100 0.02523200 0.06727400 0.04945100 0.19342300
45 5.51180600 0.00000000 0.00000400 0.16325100 0.00000000 0.00000000
46 0.19684800 0.00000000 0.00000000 -0.34822500 0.00001500 -0.00000200
47 0.00000000 0.00000000 0.00000000 0.00000000 0.00000000 -1.57079600
48 -3.46189900 2.90101600 -3.24579200 0.00000000 0.00000000 -3.14156200
49 -7.81635700 19.97891200 -0.82257300 0.42518100 0.25817400 -0.37595900
50 -0.15910500 0.02305100 -0.34200700 0.00000000 0.00000000 0.00000000
51 0.16895700 -0.03358900 0.65100600 0.00000000 0.00000000 0.00000000
52 0.24801400 0.17628700 -0.04521800 0.00000000 0.00000000 0.00000000
53 4.99699200 -0.07961600 -1.51780000 0.00000000 0.00000000 0.00000000
54 0.63391300 0.60768000 0.83129200 0.00000000 0.00000000 0.00000000
55 -0.29897500 -0.62533200 0.49585200 0.00000000 0.00000000 0.00000000
56 11.12727500 1.21457000 -4.99978600 0.80355900 1.02375100 2.19962600
57 -7.97505500 -3.31289700 -3.55349700 3.04808000 -0.02547800 -2.10370600
58 2.04895400 -0.03391300 -1.46330700 0.00000000 0.00000000 0.00000000
time 8
0 -0.00000100 7.45008900 -27.50902600 0.00000000 0.00000000 0.00003100
1 -0.00000200 0.00000000 0.00000000 1.57074300 -1.56713700 -1.57074300
2 4.25546800 -0.33518300 -0.00000200 0.00000000 0.00000000 -0.12484800
3 7.43124800 1.49647700 0.00000200 0.00000000 0.00000000 0.24545000
4 5.27847900 0.16554100 0.00000100 0.00000000 0.00000000 0.04851100
5 -1.03766400 -9.43453000 4.97450600 1.97586400 1.15990900 -1.29878600
6 -6.21448200 -0.00000700 -0.00002700 2.58178600 0.02702400 1.50808600
7 11.94488500 0.00000000 0.00000000 0.44869900 -0.33154600 1.23803100
8 10.62018100 0.00000000 -0.00000100 0.81710200 0.67822000 -2.66516000
9 -4.75111000 -0.69449200 0.83057500 0.02244300 -0.34124800 0.62547300
10 -1.68807100 0.00004600 -0.00003500 0.01803600 -0.01695300 0.62219900
11 -1.33613800 0.00005600 -0.00001200 0.02599300 -0.00449300 0.72429900
12 -4.82049900 -0.50945800 -0.22476000 -0.59142200 0.17173500 1.62879800
13 -1.82699100 -0.00006500 0.00000700 -0.00877900 0.03948000 1.05474700
14 -1.43657900 0.00001000 0.00000400 -0.04748700 -0.06156900 0.56561900
15 -3.99236100 -0.89118600 -1.82790900 -0.60639500 0.58941700 1.94389200
16 -1.40592300 -0.00002600 -0.00000400 0.01654100 -0.02437900 0.27905000
17 -1.17536200 0.00012700 -0.00002000 0.04192500 0.05340800 0.56994100
18 -4.52675500 -0.69057300 -1.12074500 -0.53318000 0.42052500 1.89479600
19 -1.74404500 0.00003700 -0.00000700 -0.00618100 -0.02893200 0.61965200
20 -1.36876500 0.00002400 0.00000200 -0.16436400 0.17560900 0.73252700
21 -1.87480200 -0.93512500 0.99917200 2.00090700 0.60849400 1.00710700
22 -1.52345100 0.00003100 0.00002800 0.17430900 0.04358600 0.69908300
23 -1.59928400 0.00000300 0.00001400 0.03567100 -0.02383000 0.56873300
24 5.58312600 0.11572500 0.29499900 1.94756400 -0.06728900 3.12123600
25 0.19684800 -0.00000300 0.00000300 2.79340700 0.00000600 -3.14157700
26 -4.02607300 -13.81774400 -7.06094900 1.97586200 1.15990900 1.84280300
27 6.21448500 0.00000600 0.00002000 -1.32467100 0.33399400 -2.05152500
28 11.94488900 -0.00003300 -0.00018900 0.14909800 -0.34783600 -1.47624000
29 10.62016500 0.00000800 0.00000700 -1.24953500 -0.48783900 0.27050200
30 4.75115700 0.69437600 -0.83047300 -0.12139300 -0.23408600 1.17691000
31 1.68806600 -0.00002700 0.00000200 0.00195900 -0.02465400 1.35789400
32 1.33614300 -0.00005500 -0.00000900 0.00029900 -0.03867100 0.36183900
33 4.82051500 0.50934000 0.22486500 -0.23721200 -0.11127000 1.45394900
34 1.82699700 0.00006700 0.00000800 -0.00549900 0.04010600 1.13828700
35 1.43658100 -0.00001000 0.00000700 0.00975800 -0.01157600 0.13774600
36 3.99235000 0.89108700 1.82799500 -0.51521400 0.05380600 1.55215900
37 1.40592100 0.00002200 -0.00000600 0.00565800 -0.02894500 0.68272200
38 1.17536400 -0.00013000 0.00000400 0.09742000 0.07554300 0.86846900
39 4.52675500 0.69045900 1.12084200 -0.49069100 0.02943900 1.64232200
40 1.74404300 -0.00003100 -0.00000200 -0.01475800 -0.02562500 0.93406200
41 1.36876300 -0.00003300 -0.00001600 0.11311900 0.11147800 0.61039100
42 2.24249900 1.34902500 -0.74849300 2.68757000 0.43837800 0.97926800
43 1.62286200 -0.22040200 -0.15537200 0.15185400 0.13855000 0.94799900
44 1.58379000 -0.15422100 0.02523200 0.06727400 0.04945100 0.19342300
45 5.51180600 0.00000000 0.00000400 0.16325100 0.00000000 0.00000000
46 0.19684800 0.00000000 0.00000000 -0.34822500 0.00001500 -0.00000200
47 0.00000000 0.00000000 0.00000000 0.00000000 0.00000000 -1.57079600
48 -3.46189900 2.90101600 -3.24579200 0.00000000 0.00000000 -3.14156200
49 -7.82217600 19.97891200 -0.84701800 0.42438200 0.25606200 -0.37652600
50 -0.15910500 0.02305100 -0.34200700 0.00000000 0.00000000 0.00000000
51 0.16895700 -0.03358900 0.65100600 0.00000000 0.00000000 0.00000000
52 0.24801400 0.17628700 -0.04521800 0.00000000 0.00000000 0.00000000
53 4.99699200 -0.07961600 -1.51780000 0.00000000 0.00000000 0.00000000
54 0.63391300 0.60768000 0.83129200 0.00000000 0.00000000 0.00000000
55 -0.29897500 -0.62533200 0.49585200 0.00000000 0.00000000 0.00000000
56 11.12727500 1.21457000 -4.99978600 0.80355900 1.02375100 2.19962600
57 -7.97505500 -3.31289700 -3.55349700 3.04808000 -0.02547800 -2.10370600
58 2.04895400 -0.03391300 -1.46330700 0.00000000 0.00000000 0.00000000
time 9
0 -0.00000100 7.45008900 -27.50902600 0.00000000 0.00000000 0.00003100
1 -0.00000200 0.00000000 0.00000000 1.57074300 -1.56713700 -1.57074300
2 4.25546800 -0.33518300 -0.00000200 0.00000000 0.00000000 -0.12484800
3 7.43124800 1.49647700 0.00000200 0.00000000 0.00000000 0.24545000
4 5.27847900 0.16554100 0.00000100 0.00000000 0.00000000 0.04851100
5 -1.03766400 -9.43453000 4.97450600 1.97586400 1.15990900 -1.29878600
6 -6.21448200 -0.00000700 -0.00002700 2.58129600 0.02719100 1.50915600
7 11.94488500 0.00000000 0.00000000 0.44785500 -0.33176500 1.24050400
8 10.62018100 0.00000000 -0.00000100 0.81600700 0.67716300 -2.66785300
9 -4.75111000 -0.69449200 0.83057500 0.02244300 -0.34124800 0.62547300
10 -1.68807100 0.00004600 -0.00003500 0.01803600 -0.01695300 0.62219900
11 -1.33613800 0.00005600 -0.00001200 0.02599300 -0.00449300 0.72429900
12 -4.82049900 -0.50945800 -0.22476000 -0.59142200 0.17173500 1.62879800
13 -1.82699100 -0.00006500 0.00000700 -0.00877900 0.03948000 1.05474700
14 -1.43657900 0.00001000 0.00000400 -0.04748700 -0.06156900 0.56561900
15 -3.99236100 -0.89118600 -1.82790900 -0.60639500 0.58941700 1.94389200
16 -1.40592300 -0.00002600 -0.00000400 0.01654100 -0.02437900 0.27905000
17 -1.17536200 0.00012700 -0.00002000 0.04192500 0.05340800 0.56994100
18 -4.52675500 -0.69057300 -1.12074500 -0.53318000 0.42052500 1.89479600
19 -1.74404500 0.00003700 -0.00000700 -0.00618100 -0.02893200 0.61965200
20 -1.36876500 0.00002400 0.00000200 -0.16436400 0.17560900 0.73252700
21 -1.87480200 -0.93512500 0.99917200 2.00090700 0.60849400 1.00710700
22 -1.52345100 0.00003100 0.00002800 0.17430900 0.04358600 0.69908300
23 -1.59928400 0.00000300 0.00001400 0.03567100 -0.02383000 0.56873300
24 5.58312600 0.11572500 0.29499900 1.94756400 -0.06728900 3.12123600
25 0.19684800 -0.00000300 0.00000300 2.79340700 0.00000600 -3.14157700
26 -4.02607300 -13.81774400 -7.06094900 1.97586200 1.15990900 1.84280300
27 6.21448500 0.00000600 0.00002000 -1.32525400 0.33751700 -2.05152700
28 11.94488900 -0.00003300 -0.00018900 0.14993100 -0.34791200 -1.47892500
29 10.62016500 0.00000800 0.00000700 -1.25100700 -0.48862000 0.27190200
30 4.75115700 0.69437600 -0.83047300 -0.12139300 -0.23408600 1.17691000
31 1.68806600 -0.00002700 0.00000200 0.00195900 -0.02465400 1.35789400
32 1.33614300 -0.00005500 -0.00000900 0.00029900 -0.03867100 0.36183900
33 4.82051500 0.50934000 0.22486500 -0.23721200 -0.11127000 1.45394900
34 1.82699700 0.00006700 0.00000800 -0.00549900 0.04010600 1.13828700
35 1.43658100 -0.00001000 0.00000700 0.00975800 -0.01157600 0.13774600
36 3.99235000 0.89108700 1.82799500 -0.51521400 0.05380600 1.55215900
37 1.40592100 0.00002200 -0.00000600 0.00565800 -0.02894500 0.68272200
38 1.17536400 -0.00013000 0.00000400 0.09742000 0.07554300 0.86846900
39 4.52675500 0.69045900 1.12084200 -0.49069100 0.02943900 1.64232200
40 1.74404300 -0.00003100 -0.00000200 -0.01475800 -0.02562500 0.93406200
41 1.36876300 -0.00003300 -0.00001600 0.11311900 0.11147800 0.61039100
42 2.24249900 1.34902500 -0.74849300 2.68757000 0.43837800 0.97926800
43 1.62286200 -0.22040200 -0.15537200 0.15185400 0.13855000 0.94799900
44 1.58379000 -0.15422100 0.02523200 0.06727400 0.04945100 0.19342300
45 5.51180600 0.00000000 0.00000400 0.16325100 0.00000000 0.00000000
46 0.19684800 0.00000000 0.00000000 -0.34822500 0.00001500 -0.00000200
47 0.00000000 0.00000000 0.00000000 0.00000000 0.00000000 -1.57079600
48 -3.46189900 2.90101600 -3.24579200 0.00000000 0.00000000 -3.14156200
49 -7.82848000 19.97891200 -0.87349100 0.42354400 0.25366400 -0.37706000
50 -0.15910500 0.02305100 -0.34200700 0.00000000 0.00000000 0.00000000
51 0.16895700 -0.03358900 0.65100600 0.00000000 0.00000000 0.00000000
52 0.24801400 0.17628700 -0.04521800 0.00000000 0.00000000 0.00000000
53 4.99699200 -0.07961600 -1.51780000 0.00000000 0.00000000 0.00000000
54 0.63391300 0.60768000 0.83129200 0.00000000 0.00000000 0.00000000
55 -0.29897500 -0.62533200 0.49585200 0.00000000 0.00000000 0.00000000
56 11.12727500 1.21457000 -4.99978600 0.80355900 1.02375100 2.19962600
57 -7.97505500 -3.31289700 -3.55349700 3.04808000 -0.02547800 -2.10370600
58 2.04895400 -0.03391300 -1.46330700 0.00000000 0.00000000 0.00000000
time 10
0 -0.00000100 7.45008900 -27.50902600 0.00000000 0.00000000 0.00003100
1 -0.00000200 0.00000000 0.00000000 1.57074300 -1.56713700 -1.57074300
2 4.25546800 -0.33518300 -0.00000200 0.00000000 0.00000000 -0.12484800
3 7.43124800 1.49647700 0.00000200 0.00000000 0.00000000 0.24545000
4 5.27847900 0.16554100 0.00000100 0.00000000 0.00000000 0.04851100
5 -1.03766400 -9.43453000 4.97450600 1.97586400 1.15990900 -1.29878600
6 -6.21448200 -0.00000700 -0.00002700 2.58074300 0.02748600 1.51045600
7 11.94488500 0.00000000 0.00000000 0.44697500 -0.33203200 1.24320200
8 10.62018100 0.00000000 -0.00000100 0.81474900 0.67601900 -2.67085500
9 -4.75111000 -0.69449200 0.83057500 0.02244300 -0.34124800 0.62547300
10 -1.68807100 0.00004600 -0.00003500 0.01803600 -0.01695300 0.62219900
11 -1.33613800 0.00005600 -0.00001200 0.02599300 -0.00449300 0.72429900
12 -4.82049900 -0.50945800 -0.22476000 -0.59142200 0.17173500 1.62879800
13 -1.82699100 -0.00006500 0.00000700 -0.00877900 0.03948000 1.05474700
14 -1.43657900 0.00001000 0.00000400 -0.04748700 -0.06156900 0.56561900
15 -3.99236100 -0.89118600 -1.82790900 -0.60639500 0.58941700 1.94389200
16 -1.40592300 -0.00002600 -0.00000400 0.01654100 -0.02437900 0.27905000
17 -1.17536200 0.00012700 -0.00002000 0.04192500 0.05340800 0.56994100
18 -4.52675500 -0.69057300 -1.12074500 -0.53318000 0.42052500 1.89479600
19 -1.74404500 0.00003700 -0.00000700 -0.00618100 -0.02893200 0.61965200
20 -1.36876500 0.00002400 0.00000200 -0.16436400 0.17560900 0.73252700
21 -1.87480200 -0.93512500 0.99917200 2.00090700 0.60849400 1.00710700
22 -1.52345100 0.00003100 0.00002800 0.17430900 0.04358600 0.69908300
23 -1.59928400 0.00000300 0.00001400 0.03567100 -0.02383000 0.56873300
24 5.58312600 0.11572500 0.29499900 1.94756400 -0.06728900 3.12123600
25 0.19684800 -0.00000300 0.00000300 2.79340700 0.00000600 -3.14157700
26 -4.02607300 -13.81774400 -7.06094900 1.97586200 1.15990900 1.84280300
27 6.21448500 0.00000600 0.00002000 -1.32600000 0.34135700 -2.05142300
28 11.94488900 -0.00003300 -0.00018900 0.15091700 -0.34798100 -1.48176800
29 10.62016500 0.00000800 0.00000700 -1.25264000 -0.48945400 0.27339800
30 4.75115700 0.69437600 -0.83047300 -0.12139300 -0.23408600 1.17691000
31 1.68806600 -0.00002700 0.00000200 0.00195900 -0.02465400 1.35789400
32 1.33614300 -0.00005500 -0.00000900 0.00029900 -0.03867100 0.36183900
33 4.82051500 0.50934000 0.22486500 -0.23721200 -0.11127000 1.45394900
34 1.82699700 0.00006700 0.00000800 -0.00549900 0.04010600 1.13828700
35 1.43658100 -0.00001000 0.00000700 0.00975800 -0.01157600 0.13774600
36 3.99235000 0.89108700 1.82799500 -0.51521400 0.05380600 1.55215900
37 1.40592100 0.00002200 -0.00000600 0.00565800 -0.02894500 0.68272200
38 1.17536400 -0.00013000 0.00000400 0.09742000 0.07554300 0.86846900
39 4.52675500 0.69045900 1.12084200 -0.49069100 0.02943900 1.64232200
40 1.74404300 -0.00003100 -0.00000200 -0.01475800 -0.02562500 0.93406200
41 1.36876300 -0.00003300 -0.00001600 0.11311900 0.11147800 0.61039100
42 2.24249900 1.34902500 -0.74849300 2.68757000 0.43837800 0.97926800
43 1.62286200 -0.22040200 -0.15537200 0.15185400 0.13855000 0.94799900
44 1.58379000 -0.15422100 0.02523200 0.06727400 0.04945100 0.19342300
45 5.51180600 0.00000000 0.00000400 0.16325100 0.00000000 0.00000000
46 0.19684800 0.00000000 0.00000000 -0.34822500 0.00001500 -0.00000200
47 0.00000000 0.00000000 0.00000000 0.00000000 0.00000000 -1.57079600
48 -3.46189900 2.90101600 -3.24579200 0.00000000 0.00000000 -3.14156200
49 -7.83519600 19.97891200 -0.90170400 0.42262200 0.25118300 -0.37770500
50 -0.15910500 0.02305100 -0.34200700 0.00000000 0.00000000 0.00000000
51 0.16895700 -0.03358900 0.65100600 0.00000000 0.00000000 0.00000000
52 0.24801400 0.17628700 -0.04521800 0.00000000 0.00000000 0.00000000
53 4.99699200 -0.07961600 -1.51780000 0.00000000 0.00000000 0.00000000
54 0.63391300 0.60768000 0.83129200 0.00000000 0.00000000 0.00000000
55 -0.29897500 -0.62533200 0.49585200 0.00000000 0.00000000 0.00000000
56 11.12727500 1.21457000 -4.99978600 0.80355900 1.02375100 2.19962600
57 -7.97505500 -3.31289700 -3.55349700 3.04808000 -0.02547800 -2.10370600
58 2.04895400 -0.03391300 -1.46330700 0.00000000 0.00000000 0.00000000
time 11
0 -0.00000100 7.45008900 -27.50902600 0.00000000 0.00000000 0.00003100
1 -0.00000200 0.00000000 0.00000000 1.57074300 -1.56713700 -1.57074300
2 4.25546800 -0.33518300 -0.00000200 0.00000000 0.00000000 -0.12484800
3 7.43124800 1.49647700 0.00000200 0.00000000 0.00000000 0.24545000
4 5.27847900 0.16554100 0.00000100 0.00000000 0.00000000 0.04851100
5 -1.03766400 -9.43453000 4.97450600 1.97586400 1.15990900 -1.29878600
6 -6.21448200 -0.00000700 -0.00002700 2.58019500 0.02766400 1.51178700
7 11.94488500 0.00000000 0.00000000 0.44607700 -0.33232200 1.24601400
8 10.62018100 0.00000000 -0.00000100 0.81338400 0.67471800 -2.67397900
9 -4.75111000 -0.69449200 0.83057500 0.02244300 -0.34124800 0.62547300
10 -1.68807100 0.00004600 -0.00003500 0.01803600 -0.01695300 0.62219900
11 -1.33613800 0.00005600 -0.00001200 0.02599300 -0.00449300 0.72429900
12 -4.82049900 -0.50945800 -0.22476000 -0.59142200 0.17173500 1.62879800
13 -1.82699100 -0.00006500 0.00000700 -0.00877900 0.03948000 1.05474700
14 -1.43657900 0.00001000 0.00000400 -0.04748700 -0.06156900 0.56561900
15 -3.99236100 -0.89118600 -1.82790900 -0.60639500 0.58941700 1.94389200
16 -1.40592300 -0.00002600 -0.00000400 0.01654100 -0.02437900 0.27905000
17 -1.17536200 0.00012700 -0.00002000 0.04192500 0.05340800 0.56994100
18 -4.52675500 -0.69057300 -1.12074500 -0.53318000 0.42052500 1.89479600
19 -1.74404500 0.00003700 -0.00000700 -0.00618100 -0.02893200 0.61965200
20 -1.36876500 0.00002400 0.00000200 -0.16436400 0.17560900 0.73252700
21 -1.87480200 -0.93512500 0.99917200 2.00090700 0.60849400 1.00710700
22 -1.52345100 0.00003100 0.00002800 0.17430900 0.04358600 0.69908300
23 -1.59928400 0.00000300 0.00001400 0.03567100 -0.02383000 0.56873300
24 5.58312600 0.11572500 0.29499900 1.94756400 -0.06728900 3.12123600
25 0.19684800 -0.00000300 0.00000300 2.79340700 0.00000600 -3.14157700
26 -4.02607300 -13.81774400 -7.06094900 1.97586200 1.15990900 1.84280300
27 6.21448500 0.00000600 0.00002000 -1.32666800 0.34530300 -2.05142000
28 11.94488900 -0.00003300 -0.00018900 0.15192500 -0.34804000 -1.48473400
29 10.62016500 0.00000800 0.00000700 -1.25427600 -0.49028600 0.27489600
30 4.75115700 0.69437600 -0.83047300 -0.12139300 -0.23408600 1.17691000
31 1.68806600 -0.00002700 0.00000200 0.00195900 -0.02465400 1.35789400
32 1.33614300 -0.00005500 -0.00000900 0.00029900 -0.03867100 0.36183900
33 4.82051500 0.50934000 0.22486500 -0.23721200 -0.11127000 1.45394900
34 1.82699700 0.00006700 0.00000800 -0.00549900 0.04010600 1.13828700
35 1.43658100 -0.00001000 0.00000700 0.00975800 -0.01157600 0.13774600
36 3.99235000 0.89108700 1.82799500 -0.51521400 0.05380600 1.55215900
37 1.40592100 0.00002200 -0.00000600 0.00565800 -0.02894500 0.68272200
38 1.17536400 -0.00013000 0.00000400 0.09742000 0.07554300 0.86846900
39 4.52675500 0.69045900 1.12084200 -0.49069100 0.02943900 1.64232200
40 1.74404300 -0.00003100 -0.00000200 -0.01475800 -0.02562500 0.93406200
41 1.36876300 -0.00003300 -0.00001600 0.11311900 0.11147800 0.61039100
42 2.24249900 1.34902500 -0.74849300 2.68757000 0.43837800 0.97926800
43 1.62286200 -0.22040200 -0.15537200 0.15185400 0.13855000 0.94799900
44 1.58379000 -0.15422100 0.02523200 0.06727400 0.04945100 0.19342300
45 5.51180600 0.00000000 0.00000400 0.16325100 0.00000000 0.00000000
46 0.19684800 0.00000000 0.00000000 -0.34822500 0.00001500 -0.00000200
47 0.00000000 0.00000000 0.00000000 0.00000000 0.00000000 -1.57079600
48 -3.46189900 2.90101600 -3.24579200 0.00000000 0.00000000 -3.14156200
49 -7.84225800 19.97891200 -0.93136400 0.42163800 0.24851800 -0.37839000
50 -0.15910500 0.02305100 -0.34200700 0.00000000 0.00000000 0.00000000
51 0.16895700 -0.03358900 0.65100600 0.00000000 0.00000000 0.00000000
52 0.24801400 0.17628700 -0.04521800 0.00000000 0.00000000 0.00000000
53 4.99699200 -0.07961600 -1.51780000 0.00000000 0.00000000 0.00000000
54 0.63391300 0.60768000 0.83129200 0.00000000 0.00000000 0.00000000
55 -0.29897500 -0.62533200 0.49585200 0.00000000 0.00000000 0.00000000
56 11.12727500 1.21457000 -4.99978600 0.80355900 1.02375100 2.19962600
57 -7.97505500 -3.31289700 -3.55349700 3.04808000 -0.02547800 -2.10370600
58 2.04895400 -0.03391300 -1.46330700 0.00000000 0.00000000 0.00000000
time 12
0 -0.00000100 7.45008900 -27.50902600 0.00000000 0.00000000 0.00003100
1 -0.00000200 0.00000000 0.00000000 1.57074300 -1.56713700 -1.57074300
2 4.25546800 -0.33518300 -0.00000200 0.00000000 0.00000000 -0.12484800
3 7.43124800 1.49647700 0.00000200 0.00000000 0.00000000 0.24545000
4 5.27847900 0.16554100 0.00000100 0.00000000 0.00000000 0.04851100
5 -1.03766400 -9.43453000 4.97450600 1.97586400 1.15990900 -1.29878600
6 -6.21448200 -0.00000700 -0.00002700 2.57964600 0.02784400 1.51312000
7 11.94488500 0.00000000 0.00000000 0.44511300 -0.33270500 1.24893200
8 10.62018100 0.00000000 -0.00000100 0.81200000 0.67345000 -2.67718800
9 -4.75111000 -0.69449200 0.83057500 0.02244300 -0.34124800 0.62547300
10 -1.68807100 0.00004600 -0.00003500 0.01803600 -0.01695300 0.62219900
11 -1.33613800 0.00005600 -0.00001200 0.02599300 -0.00449300 0.72429900
12 -4.82049900 -0.50945800 -0.22476000 -0.59142200 0.17173500 1.62879800
13 -1.82699100 -0.00006500 0.00000700 -0.00877900 0.03948000 1.05474700
14 -1.43657900 0.00001000 0.00000400 -0.04748700 -0.06156900 0.56561900
15 -3.99236100 -0.89118600 -1.82790900 -0.60639500 0.58941700 1.94389200
16 -1.40592300 -0.00002600 -0.00000400 0.01654100 -0.02437900 0.27905000
17 -1.17536200 0.00012700 -0.00002000 0.04192500 0.05340800 0.56994100
18 -4.52675500 -0.69057300 -1.12074500 -0.53318000 0.42052500 1.89479600
19 -1.74404500 0.00003700 -0.00000700 -0.00618100 -0.02893200 0.61965200
20 -1.36876500 0.00002400 0.00000200 -0.16436400 0.17560900 0.73252700
21 -1.87480200 -0.93512500 0.99917200 2.00090700 0.60849400 1.00710700
22 -1.52345100 0.00003100 0.00002800 0.17430900 0.04358600 0.69908300
23 -1.59928400 0.00000300 0.00001400 0.03567100 -0.02383000 0.56873300
24 5.58312600 0.11572500 0.29499900 1.94756400 -0.06728900 3.12123600
25 0.19684800 -0.00000300 0.00000300 2.79340700 0.00000600 -3.14157700
26 -4.02607300 -13.81774400 -7.06094900 1.97586200 1.15990900 1.84280300
27 6.21448500 0.00000600 0.00002000 -1.32744400 0.34938600 -2.05133700
28 11.94488900 -0.00003300 -0.00018900 0.15300100 -0.34815900 -1.48773600
29 10.62016500 0.00000800 0.00000700 -1.25596000 -0.49118500 0.27646400
30 4.75115700 0.69437600 -0.83047300 -0.12139300 -0.23408600 1.17691000
31 1.68806600 -0.00002700 0.00000200 0.00195900 -0.02465400 1.35789400
32 1.33614300 -0.00005500 -0.00000900 0.00029900 -0.03867100 0.36183900
33 4.82051500 0.50934000 0.22486500 -0.23721200 -0.11127000 1.45394900
34 1.82699700 0.00006700 0.00000800 -0.00549900 0.04010600 1.13828700
35 1.43658100 -0.00001000 0.00000700 0.00975800 -0.01157600 0.13774600
36 3.99235000 0.89108700 1.82799500 -0.51521400 0.05380600 1.55215900
37 1.40592100 0.00002200 -0.00000600 0.00565800 -0.02894500 0.68272200
38 1.17536400 -0.00013000 0.00000400 0.09742000 0.07554300 0.86846900
39 4.52675500 0.69045900 1.12084200 -0.49069100 0.02943900 1.64232200
40 1.74404300 -0.00003100 -0.00000200 -0.01475800 -0.02562500 0.93406200
41 1.36876300 -0.00003300 -0.00001600 0.11311900 0.11147800 0.61039100
42 2.24249900 1.34902500 -0.74849300 2.68757000 0.43837800 0.97926800
43 1.62286200 -0.22040200 -0.15537200 0.15185400 0.13855000 0.94799900
44 1.58379000 -0.15422100 0.02523200 0.06727400 0.04945100 0.19342300
45 5.51180600 0.00000000 0.00000400 0.16325100 0.00000000 0.00000000
46 0.19684800 0.00000000 0.00000000 -0.34822500 0.00001500 -0.00000200
47 0.00000000 0.00000000 0.00000000 0.00000000 0.00000000 -1.57079600
48 -3.46189900 2.90101600 -3.24579200 0.00000000 0.00000000 -3.14156200
49 -7.84959700 19.97891200 -0.96218600 0.42066800 0.24583400 -0.37898300
50 -0.15910500 0.02305100 -0.34200700 0.00000000 0.00000000 0.00000000
51 0.16895700 -0.03358900 0.65100600 0.00000000 0.00000000 0.00000000
52 0.24801400 0.17628700 -0.04521800 0.00000000 0.00000000 0.00000000
53 4.99699200 -0.07961600 -1.51780000 0.00000000 0.00000000 0.00000000
54 0.63391300 0.60768000 0.83129200 0.00000000 0.00000000 0.00000000
55 -0.29897500 -0.62533200 0.49585200 0.00000000 0.00000000 0.00000000
56 11.12727500 1.21457000 -4.99978600 0.80355900 1.02375100 2.19962600
57 -7.97505500 -3.31289700 -3.55349700 3.04808000 -0.02547800 -2.10370600
58 2.04895400 -0.03391300 -1.46330700 0.00000000 0.00000000 0.00000000
time 13
0 -0.00000100 7.45008900 -27.50902600 0.00000000 0.00000000 0.00003100
1 -0.00000200 0.00000000 0.00000000 1.57074300 -1.56713700 -1.57074300
2 4.25546800 -0.33518300 -0.00000200 0.00000000 0.00000000 -0.12484800
3 7.43124800 1.49647700 0.00000200 0.00000000 0.00000000 0.24545000
4 5.27847900 0.16554100 0.00000100 0.00000000 0.00000000 0.04851100
5 -1.03766400 -9.43453000 4.97450600 1.97586400 1.15990900 -1.29878600
6 -6.21448200 -0.00000700 -0.00002700 2.57903200 0.02808600 1.51445300
7 11.94488500 0.00000000 0.00000000 0.44412000 -0.33296300 1.25186800
8 10.62018100 0.00000000 -0.00000100 0.81054300 0.67213700 -2.68054600
9 -4.75111000 -0.69449200 0.83057500 0.02244300 -0.34124800 0.62547300
10 -1.68807100 0.00004600 -0.00003500 0.01803600 -0.01695300 0.62219900
11 -1.33613800 0.00005600 -0.00001200 0.02599300 -0.00449300 0.72429900
12 -4.82049900 -0.50945800 -0.22476000 -0.59142200 0.17173500 1.62879800
13 -1.82699100 -0.00006500 0.00000700 -0.00877900 0.03948000 1.05474700
14 -1.43657900 0.00001000 0.00000400 -0.04748700 -0.06156900 0.56561900
15 -3.99236100 -0.89118600 -1.82790900 -0.60639500 0.58941700 1.94389200
16 -1.40592300 -0.00002600 -0.00000400 0.01654100 -0.02437900 0.27905000
17 -1.17536200 0.00012700 -0.00002000 0.04192500 0.05340800 0.56994100
18 -4.52675500 -0.69057300 -1.12074500 -0.53318000 0.42052500 1.89479600
19 -1.74404500 0.00003700 -0.00000700 -0.00618100 -0.02893200 0.61965200
20 -1.36876500 0.00002400 0.00000200 -0.16436400 0.17560900 0.73252700
21 -1.87480200 -0.93512500 0.99917200 2.00090700 0.60849400 1.00710700
22 -1.52345100 0.00003100 0.00002800 0.17430900 0.04358600 0.69908300
23 -1.59928400 0.00000300 0.00001400 0.03567100 -0.02383000 0.56873300
24 5.58312600 0.11572500 0.29499900 1.94756400 -0.06728900 3.12123600
25 0.19684800 -0.00000300 0.00000300 2.79340700 0.00000600 -3.14157700
26 -4.02607300 -13.81774400 -7.06094900 1.97586200 1.15990900 1.84280300
27 6.21448500 0.00000600 0.00002000 -1.32824300 0.35370800 -2.05127600
28 11.94488900 -0.00003300 -0.00018900 0.15403200 -0.34820400 -1.49083200
29 10.62016500 0.00000800 0.00000700 -1.25781400 -0.49208400 0.27820300
30 4.75115700 0.69437600 -0.83047300 -0.12139300 -0.23408600 1.17691000
31 1.68806600 -0.00002700 0.00000200 0.00195900 -0.02465400 1.35789400
32 1.33614300 -0.00005500 -0.00000900 0.00029900 -0.03867100 0.36183900
33 4.82051500 0.50934000 0.22486500 -0.23721200 -0.11127000 1.45394900
34 1.82699700 0.00006700 0.00000800 -0.00549900 0.04010600 1.13828700
35 1.43658100 -0.00001000 0.00000700 0.00975800 -0.01157600 0.13774600
36 3.99235000 0.89108700 1.82799500 -0.51521400 0.05380600 1.55215900
37 1.40592100 0.00002200 -0.00000600 0.00565800 -0.02894500 0.68272200
38 1.17536400 -0.00013000 0.00000400 0.09742000 0.07554300 0.86846900
39 4.52675500 0.69045900 1.12084200 -0.49069100 0.02943900 1.64232200
40 1.74404300 -0.00003100 -0.00000200 -0.01475800 -0.02562500 0.93406200
41 1.36876300 -0.00003300 -0.00001600 0.11311900 0.11147800 0.61039100
42 2.24249900 1.34902500 -0.74849300 2.68757000 0.43837800 0.97926800
43 1.62286200 -0.22040200 -0.15537200 0.15185400 0.13855000 0.94799900
44 1.58379000 -0.15422100 0.02523200 0.06727400 0.04945100 0.19342300
45 5.51180600 0.00000000 0.00000400 0.16325100 0.00000000 0.00000000
46 0.19684800 0.00000000 0.00000000 -0.34822500 0.00001500 -0.00000200
47 0.00000000 0.00000000 0.00000000 0.00000000 0.00000000 -1.57079600
48 -3.46189900 2.90101600 -3.24579200 0.00000000 0.00000000 -3.14156200
49 -7.85714200 19.97891200 -0.99387500 0.41962800 0.24298500 -0.37970300
50 -0.15910500 0.02305100 -0.34200700 0.00000000 0.00000000 0.00000000
51 0.16895700 -0.03358900 0.65100600 0.00000000 0.00000000 0.00000000
52 0.24801400 0.17628700 -0.04521800 0.00000000 0.00000000 0.00000000
53 4.99699200 -0.07961600 -1.51780000 0.00000000 0.00000000 0.00000000
54 0.63391300 0.60768000 0.83129200 0.00000000 0.00000000 0.00000000
55 -0.29897500 -0.62533200 0.49585200 0.00000000 0.00000000 0.00000000
56 11.12727500 1.21457000 -4.99978600 0.80355900 1.02375100 2.19962600
57 -7.97505500 -3.31289700 -3.55349700 3.04808000 -0.02547800 -2.10370600
58 2.04895400 -0.03391300 -1.46330700 0.00000000 0.00000000 0.00000000
time 14
0 -0.00000100 7.45008900 -27.50902600 0.00000000 0.00000000 0.00003100
1 -0.00000200 0.00000000 0.00000000 1.57074300 -1.56713700 -1.57074300
2 4.25546800 -0.33518300 -0.00000200 0.00000000 0.00000000 -0.12484800
3 7.43124800 1.49647700 0.00000200 0.00000000 0.00000000 0.24545000
4 5.27847900 0.16554100 0.00000100 0.00000000 0.00000000 0.04851100
5 -1.03766400 -9.43453000 4.97450600 1.97586400 1.15990900 -1.29878600
6 -6.21448200 -0.00000700 -0.00002700 2.57848100 0.02841800 1.51587000
7 11.94488500 0.00000000 0.00000000 0.44318500 -0.33329900 1.25491300
8 10.62018100 0.00000000 -0.00000100 0.80909600 0.67082100 -2.68389500
9 -4.75111000 -0.69449200 0.83057500 0.02244300 -0.34124800 0.62547300
10 -1.68807100 0.00004600 -0.00003500 0.01803600 -0.01695300 0.62219900
11 -1.33613800 0.00005600 -0.00001200 0.02599300 -0.00449300 0.72429900
12 -4.82049900 -0.50945800 -0.22476000 -0.59142200 0.17173500 1.62879800
13 -1.82699100 -0.00006500 0.00000700 -0.00877900 0.03948000 1.05474700
14 -1.43657900 0.00001000 0.00000400 -0.04748700 -0.06156900 0.56561900
15 -3.99236100 -0.89118600 -1.82790900 -0.60639500 0.58941700 1.94389200
16 -1.40592300 -0.00002600 -0.00000400 0.01654100 -0.02437900 0.27905000
17 -1.17536200 0.00012700 -0.00002000 0.04192500 0.05340800 0.56994100
18 -4.52675500 -0.69057300 -1.12074500 -0.53318000 0.42052500 1.89479600
19 -1.74404500 0.00003700 -0.00000700 -0.00618100 -0.02893200 0.61965200
20 -1.36876500 0.00002400 0.00000200 -0.16436400 0.17560900 0.73252700
21 -1.87480200 -0.93512500 0.99917200 2.00090700 0.60849400 1.00710700
22 -1.52345100 0.00003100 0.00002800 0.17430900 0.04358600 0.69908300
23 -1.59928400 0.00000300 0.00001400 0.03567100 -0.02383000 0.56873300
24 5.58312600 0.11572500 0.29499900 1.94756400 -0.06728900 3.12123600
25 0.19684800 -0.00000300 0.00000300 2.79340700 0.00000600 -3.14157700
26 -4.02607300 -13.81774400 -7.06094900 1.97586200 1.15990900 1.84280300
27 6.21448500 0.00000600 0.00002000 -1.32905700 0.35796700 -2.05130300
28 11.94488900 -0.00003300 -0.00018900 0.15515300 -0.34830000 -1.49408400
29 10.62016500 0.00000800 0.00000700 -1.25955100 -0.49304800 0.27984400
30 4.75115700 0.69437600 -0.83047300 -0.12139300 -0.23408600 1.17691000
31 1.68806600 -0.00002700 0.00000200 0.00195900 -0.02465400 1.35789400
32 1.33614300 -0.00005500 -0.00000900 0.00029900 -0.03867100 0.36183900
33 4.82051500 0.50934000 0.22486500 -0.23721200 -0.11127000 1.45394900
34 1.82699700 0.00006700 0.00000800 -0.00549900 0.04010600 1.13828700
35 1.43658100 -0.00001000 0.00000700 0.00975800 -0.01157600 0.13774600
36 3.99235000 0.89108700 1.82799500 -0.51521400 0.05380600 1.55215900
37 1.40592100 0.00002200 -0.00000600 0.00565800 -0.02894500 0.68272200
38 1.17536400 -0.00013000 0.00000400 0.09742000 0.07554300 0.86846900
39 4.52675500 0.69045900 1.12084200 -0.49069100 0.02943900 1.64232200
40 1.74404300 -0.00003100 -0.00000200 -0.01475800 -0.02562500 0.93406200
41 1.36876300 -0.00003300 -0.00001600 0.11311900 0.11147800 0.61039100
42 2.24249900 1.34902500 -0.74849300 2.68757000 0.43837800 0.97926800
43 1.62286200 -0.22040200 -0.15537200 0.15185400 0.13855000 0.94799900
44 1.58379000 -0.15422100 0.02523200 0.06727400 0.04945100 0.19342300
45 5.51180600 0.00000000 0.00000400 0.16325100 0.00000000 0.00000000
46 0.19684800 0.00000000 0.00000000 -0.34822500 0.00001500 -0.00000200
47 0.00000000 0.00000000 0.00000000 0.00000000 0.00000000 -1.57079600
48 -3.46189900 2.90101600 -3.24579200 0.00000000 0.00000000 -3.14156200
49 -7.86482500 19.97891200 -1.02614500 0.41859100 0.24013600 -0.38042000
50 -0.15910500 0.02305100 -0.34200700 0.00000000 0.00000000 0.00000000
51 0.16895700 -0.03358900 0.65100600 0.00000000 0.00000000 0.00000000
52 0.24801400 0.17628700 -0.04521800 0.00000000 0.00000000 0.00000000
53 4.99699200 -0.07961600 -1.51780000 0.00000000 0.00000000 0.00000000
54 0.63391300 0.60768000 0.83129200 0.00000000 0.00000000 0.00000000
55 -0.29897500 -0.62533200 0.49585200 0.00000000 0.00000000 0.00000000
56 11.12727500 1.21457000 -4.99978600 0.80355900 1.02375100 2.19962600
57 -7.97505500 -3.31289700 -3.55349700 3.04808000 -0.02547800 -2.10370600
58 2.04895400 -0.03391300 -1.46330700 0.00000000 0.00000000 0.00000000
time 15
0 -0.00000100 7.45008900 -27.50902600 0.00000000 0.00000000 0.00003100
1 -0.00000200 0.00000000 0.00000000 1.57074300 -1.56713700 -1.57074300
2 4.25546800 -0.33518300 -0.00000200 0.00000000 0.00000000 -0.12484800
3 7.43124800 1.49647700 0.00000200 0.00000000 0.00000000 0.24545000
4 5.27847900 0.16554100 0.00000100 0.00000000 0.00000000 0.04851100
5 -1.03766400 -9.43453000 4.97450600 1.97586400 1.15990900 -1.29878600
6 -6.21448200 -0.00000700 -0.00002700 2.57793300 0.02860100 1.51720600
7 11.94488500 0.00000000 0.00000000 0.44217300 -0.33357900 1.25796700
8 10.62018100 0.00000000 -0.00000100 0.80770800 0.66940300 -2.68726400
9 -4.75111000 -0.69449200 0.83057500 0.02244300 -0.34124800 0.62547300
10 -1.68807100 0.00004600 -0.00003500 0.01803600 -0.01695300 0.62219900
11 -1.33613800 0.00005600 -0.00001200 0.02599300 -0.00449300 0.72429900
12 -4.82049900 -0.50945800 -0.22476000 -0.59142200 0.17173500 1.62879800
13 -1.82699100 -0.00006500 0.00000700 -0.00877900 0.03948000 1.05474700
14 -1.43657900 0.00001000 0.00000400 -0.04748700 -0.06156900 0.56561900
15 -3.99236100 -0.89118600 -1.82790900 -0.60639500 0.58941700 1.94389200
16 -1.40592300 -0.00002600 -0.00000400 0.01654100 -0.02437900 0.27905000
17 -1.17536200 0.00012700 -0.00002000 0.04192500 0.05340800 0.56994100
18 -4.52675500 -0.69057300 -1.12074500 -0.53318000 0.42052500 1.89479600
19 -1.74404500 0.00003700 -0.00000700 -0.00618100 -0.02893200 0.61965200
20 -1.36876500 0.00002400 0.00000200 -0.16436400 0.17560900 0.73252700
21 -1.87480200 -0.93512500 0.99917200 2.00090700 0.60849400 1.00710700
22 -1.52345100 0.00003100 0.00002800 0.17430900 0.04358600 0.69908300
23 -1.59928400 0.00000300 0.00001400 0.03567100 -0.02383000 0.56873300
24 5.58312600 0.11572500 0.29499900 1.94756400 -0.06728900 3.12123600
25 0.19684800 -0.00000300 0.00000300 2.79340700 0.00000600 -3.14157700
26 -4.02607300 -13.81774400 -7.06094900 1.97586200 1.15990900 1.84280300
27 6.21448500 0.00000600 0.00002000 -1.32987400 0.36230300 -2.05124000
28 11.94488900 -0.00003300 -0.00018900 0.15625300 -0.34840200 -1.49722000
29 10.62016500 0.00000800 0.00000700 -1.26136100 -0.49392500 0.28144900
30 4.75115700 0.69437600 -0.83047300 -0.12139300 -0.23408600 1.17691000
31 1.68806600 -0.00002700 0.00000200 0.00195900 -0.02465400 1.35789400
32 1.33614300 -0.00005500 -0.00000900 0.00029900 -0.03867100 0.36183900
33 4.82051500 0.50934000 0.22486500 -0.23721200 -0.11127000 1.45394900
34 1.82699700 0.00006700 0.00000800 -0.00549900 0.04010600 1.13828700
35 1.43658100 -0.00001000 0.00000700 0.00975800 -0.01157600 0.13774600
36 3.99235000 0.89108700 1.82799500 -0.51521400 0.05380600 1.55215900
37 1.40592100 0.00002200 -0.00000600 0.00565800 -0.02894500 0.68272200
38 1.17536400 -0.00013000 0.00000400 0.09742000 0.07554300 0.86846900
39 4.52675500 0.69045900 1.12084200 -0.49069100 0.02943900 1.64232200
40 1.74404300 -0.00003100 -0.00000200 -0.01475800 -0.02562500 0.93406200
41 1.36876300 -0.00003300 -0.00001600 0.11311900 0.11147800 0.61039100
42 2.24249900 1.34902500 -0.74849300 2.68757000 0.43837800 0.97926800
43 1.62286200 -0.22040200 -0.15537200 0.15185400 0.13855000 0.94799900
44 1.58379000 -0.15422100 0.02523200 0.06727400 0.04945100 0.19342300
45 5.51180600 0.00000000 0.00000400 0.16325100 0.00000000 0.00000000
46 0.19684800 0.00000000 0.00000000 -0.34822500 0.00001500 -0.00000200
47 0.00000000 0.00000000 0.00000000 0.00000000 0.00000000 -1.57079600
48 -3.46189900 2.90101600 -3.24579200 0.00000000 0.00000000 -3.14156200
49 -7.87257900 19.97891200 -1.05870700 0.41757000 0.23720300 -0.38114900
50 -0.15910500 0.02305100 -0.34200700 0.00000000 0.00000000 0.00000000
51 0.16895700 -0.03358900 0.65100600 0.00000000 0.00000000 0.00000000
52 0.24801400 0.17628700 -0.04521800 0.00000000 0.00000000 0.00000000
53 4.99699200 -0.07961600 -1.51780000 0.00000000 0.00000000 0.00000000
54 0.63391300 0.60768000 0.83129200 0.00000000 0.00000000 0.00000000
55 -0.29897500 -0.62533200 0.49585200 0.00000000 0.00000000 0.00000000
56 11.12727500 1.21457000 -4.99978600 0.80355900 1.02375100 2.19962600
57 -7.97505500 -3.31289700 -3.55349700 3.04808000 -0.02547800 -2.10370600
58 2.04895400 -0.03391300 -1.46330700 0.00000000 0.00000000 0.00000000
time 16
0 -0.00000100 7.45008900 -27.50902600 0.00000000 0.00000000 0.00003100
1 -0.00000200 0.00000000 0.00000000 1.57074300 -1.56713700 -1.57074300
2 4.25546800 -0.33518300 -0.00000200 0.00000000 0.00000000 -0.12484800
3 7.43124800 1.49647700 0.00000200 0.00000000 0.00000000 0.24545000
4 5.27847900 0.16554100 0.00000100 0.00000000 0.00000000 0.04851100
5 -1.03766400 -9.43453000 4.97450600 1.97586400 1.15990900 -1.29878600
6 -6.21448200 -0.00000700 -0.00002700 2.57731900 0.02884700 1.51854200
7 11.94488500 0.00000000 0.00000000 0.44116100 -0.33385700 1.26102600
8 10.62018100 0.00000000 -0.00000100 0.80628100 0.66808200 -2.69059800
9 -4.75111000 -0.69449200 0.83057500 0.02244300 -0.34124800 0.62547300
10 -1.68807100 0.00004600 -0.00003500 0.01803600 -0.01695300 0.62219900
11 -1.33613800 0.00005600 -0.00001200 0.02599300 -0.00449300 0.72429900
12 -4.82049900 -0.50945800 -0.22476000 -0.59142200 0.17173500 1.62879800
13 -1.82699100 -0.00006500 0.00000700 -0.00877900 0.03948000 1.05474700
14 -1.43657900 0.00001000 0.00000400 -0.04748700 -0.06156900 0.56561900
15 -3.99236100 -0.89118600 -1.82790900 -0.60639500 0.58941700 1.94389200
16 -1.40592300 -0.00002600 -0.00000400 0.01654100 -0.02437900 0.27905000
17 -1.17536200 0.00012700 -0.00002000 0.04192500 0.05340800 0.56994100
18 -4.52675500 -0.69057300 -1.12074500 -0.53318000 0.42052500 1.89479600
19 -1.74404500 0.00003700 -0.00000700 -0.00618100 -0.02893200 0.61965200
20 -1.36876500 0.00002400 0.00000200 -0.16436400 0.17560900 0.73252700
21 -1.87480200 -0.93512500 0.99917200 2.00090700 0.60849400 1.00710700
22 -1.52345100 0.00003100 0.00002800 0.17430900 0.04358600 0.69908300
23 -1.59928400 0.00000300 0.00001400 0.03567100 -0.02383000 0.56873300
24 5.58312600 0.11572500 0.29499900 1.94756400 -0.06728900 3.12123600
25 0.19684800 -0.00000300 0.00000300 2.79340700 0.00000600 -3.14157700
26 -4.02607300 -13.81774400 -7.06094900 1.97586200 1.15990900 1.84280300
27 6.21448500 0.00000600 0.00002000 -1.33065800 0.36669600 -2.05122400
28 11.94488900 -0.00003300 -0.00018900 0.15728900 -0.34843800 -1.50033000
29 10.62016500 0.00000800 0.00000700 -1.26321100 -0.49492000 0.28305200
30 4.75115700 0.69437600 -0.83047300 -0.12139300 -0.23408600 1.17691000
31 1.68806600 -0.00002700 0.00000200 0.00195900 -0.02465400 1.35789400
32 1.33614300 -0.00005500 -0.00000900 0.00029900 -0.03867100 0.36183900
33 4.82051500 0.50934000 0.22486500 -0.23721200 -0.11127000 1.45394900
34 1.82699700 0.00006700 0.00000800 -0.00549900 0.04010600 1.13828700
35 1.43658100 -0.00001000 0.00000700 0.00975800 -0.01157600 0.13774600
36 3.99235000 0.89108700 1.82799500 -0.51521400 0.05380600 1.55215900
37 1.40592100 0.00002200 -0.00000600 0.00565800 -0.02894500 0.68272200
38 1.17536400 -0.00013000 0.00000400 0.09742000 0.07554300 0.86846900
39 4.52675500 0.69045900 1.12084200 -0.49069100 0.02943900 1.64232200
40 1.74404300 -0.00003100 -0.00000200 -0.01475800 -0.02562500 0.93406200
41 1.36876300 -0.00003300 -0.00001600 0.11311900 0.11147800 0.61039100
42 2.24249900 1.34902500 -0.74849300 2.68757000 0.43837800 0.97926800
43 1.62286200 -0.22040200 -0.15537200 0.15185400 0.13855000 0.94799900
44 1.58379000 -0.15422100 0.02523200 0.06727400 0.04945100 0.19342300
45 5.51180600 0.00000000 0.00000400 0.16325100 0.00000000 0.00000000
46 0.19684800 0.00000000 0.00000000 -0.34822500 0.00001500 -0.00000200
47 0.00000000 0.00000000 0.00000000 0.00000000 0.00000000 -1.57079600
48 -3.46189900 2.90101600 -3.24579200 0.00000000 0.00000000 -3.14156200
49 -7.88033000 19.97891200 -1.09126500 0.41655100 0.23433500 -0.38177200
50 -0.15910500 0.02305100 -0.34200700 0.00000000 0.00000000 0.00000000
51 0.16895700 -0.03358900 0.65100600 0.00000000 0.00000000 0.00000000
52 0.24801400 0.17628700 -0.04521800 0.00000000 0.00000000 0.00000000
53 4.99699200 -0.07961600 -1.51780000 0.00000000 0.00000000 0.00000000
54 0.63391300 0.60768000 0.83129200 0.00000000 0.00000000 0.00000000
55 -0.29897500 -0.62533200 0.49585200 0.00000000 0.00000000 0.00000000
56 11.12727500 1.21457000 -4.99978600 0.80355900 1.02375100 2.19962600
57 -7.97505500 -3.31289700 -3.55349700 3.04808000 -0.02547800 -2.10370600
58 2.04895400 -0.03391300 -1.46330700 0.00000000 0.00000000 0.00000000
time 17
0 -0.00000100 7.45008900 -27.50902600 0.00000000 0.00000000 0.00003100
1 -0.00000200 0.00000000 0.00000000 1.57074300 -1.56713700 -1.57074300
2 4.25546800 -0.33518300 -0.00000200 0.00000000 0.00000000 -0.12484800
3 7.43124800 1.49647700 0.00000200 0.00000000 0.00000000 0.24545000
4 5.27847900 0.16554100 0.00000100 0.00000000 0.00000000 0.04851100
5 -1.03766400 -9.43453000 4.97450600 1.97586400 1.15990900 -1.29878600
6 -6.21448200 -0.00000700 -0.00002700 2.57677200 0.02906500 1.51999400
7 11.94488500 0.00000000 0.00000000 0.44024200 -0.33416400 1.26397000
8 10.62018100 0.00000000 -0.00000100 0.80483500 0.66664400 -2.69389200
9 -4.75111000 -0.69449200 0.83057500 0.02244300 -0.34124800 0.62547300
10 -1.68807100 0.00004600 -0.00003500 0.01803600 -0.01695300 0.62219900
11 -1.33613800 0.00005600 -0.00001200 0.02599300 -0.00449300 0.72429900
12 -4.82049900 -0.50945800 -0.22476000 -0.59142200 0.17173500 1.62879800
13 -1.82699100 -0.00006500 0.00000700 -0.00877900 0.03948000 1.05474700
14 -1.43657900 0.00001000 0.00000400 -0.04748700 -0.06156900 0.56561900
15 -3.99236100 -0.89118600 -1.82790900 -0.60639500 0.58941700 1.94389200
16 -1.40592300 -0.00002600 -0.00000400 0.01654100 -0.02437900 0.27905000
17 -1.17536200 0.00012700 -0.00002000 0.04192500 0.05340800 0.56994100
18 -4.52675500 -0.69057300 -1.12074500 -0.53318000 0.42052500 1.89479600
19 -1.74404500 0.00003700 -0.00000700 -0.00618100 -0.02893200 0.61965200
20 -1.36876500 0.00002400 0.00000200 -0.16436400 0.17560900 0.73252700
21 -1.87480200 -0.93512500 0.99917200 2.00090700 0.60849400 1.00710700
22 -1.52345100 0.00003100 0.00002800 0.17430900 0.04358600 0.69908300
23 -1.59928400 0.00000300 0.00001400 0.03567100 -0.02383000 0.56873300
24 5.58312600 0.11572500 0.29499900 1.94756400 -0.06728900 3.12123600
25 0.19684800 -0.00000300 0.00000300 2.79340700 0.00000600 -3.14157700
26 -4.02607300 -13.81774400 -7.06094900 1.97586200 1.15990900 1.84280300
27 6.21448500 0.00000600 0.00002000 -1.33138500 0.37098200 -2.05114400
28 11.94488900 -0.00003300 -0.00018900 0.15832900 -0.34859400 -1.50347300
29 10.62016500 0.00000800 0.00000700 -1.26507400 -0.49586200 0.28473200
30 4.75115700 0.69437600 -0.83047300 -0.12139300 -0.23408600 1.17691000
31 1.68806600 -0.00002700 0.00000200 0.00195900 -0.02465400 1.35789400
32 1.33614300 -0.00005500 -0.00000900 0.00029900 -0.03867100 0.36183900
33 4.82051500 0.50934000 0.22486500 -0.23721200 -0.11127000 1.45394900
34 1.82699700 0.00006700 0.00000800 -0.00549900 0.04010600 1.13828700
35 1.43658100 -0.00001000 0.00000700 0.00975800 -0.01157600 0.13774600
36 3.99235000 0.89108700 1.82799500 -0.51521400 0.05380600 1.55215900
37 1.40592100 0.00002200 -0.00000600 0.00565800 -0.02894500 0.68272200
38 1.17536400 -0.00013000 0.00000400 0.09742000 0.07554300 0.86846900
39 4.52675500 0.69045900 1.12084200 -0.49069100 0.02943900 1.64232200
40 1.74404300 -0.00003100 -0.00000200 -0.01475800 -0.02562500 0.93406200
41 1.36876300 -0.00003300 -0.00001600 0.11311900 0.11147800 0.61039100
42 2.24249900 1.34902500 -0.74849300 2.68757000 0.43837800 0.97926800
43 1.62286200 -0.22040200 -0.15537200 0.15185400 0.13855000 0.94799900
44 1.58379000 -0.15422100 0.02523200 0.06727400 0.04945100 0.19342300
45 5.51180600 0.00000000 0.00000400 0.16325100 0.00000000 0.00000000
46 0.19684800 0.00000000 0.00000000 -0.34822500 0.00001500 -0.00000200
47 0.00000000 0.00000000 0.00000000 0.00000000 0.00000000 -1.57079600
48 -3.46189900 2.90101600 -3.24579200 0.00000000 0.00000000 -3.14156200
49 -7.88801500 19.97891200 -1.12353500 0.41552500 0.23148600 -0.38248100
50 -0.15910500 0.02305100 -0.34200700 0.00000000 0.00000000 0.00000000
51 0.16895700 -0.03358900 0.65100600 0.00000000 0.00000000 0.00000000
52 0.24801400 0.17628700 -0.04521800 0.00000000 0.00000000 0.00000000
53 4.99699200 -0.07961600 -1.51780000 0.00000000 0.00000000 0.00000000
54 0.63391300 0.60768000 0.83129200 0.00000000 0.00000000 0.00000000
55 -0.29897500 -0.62533200 0.49585200 0.00000000 0.00000000 0.00000000
56 11.12727500 1.21457000 -4.99978600 0.80355900 1.02375100 2.19962600
57 -7.97505500 -3.31289700 -3.55349700 3.04808000 -0.02547800 -2.10370600
58 2.04895400 -0.03391300 -1.46330700 0.00000000 0.00000000 0.00000000
time 18
0 -0.00000100 7.45008900 -27.50902600 0.00000000 0.00000000 0.00003100
1 -0.00000200 0.00000000 0.00000000 1.57074300 -1.56713700 -1.57074300
2 4.25546800 -0.33518300 -0.00000200 0.00000000 0.00000000 -0.12484800
3 7.43124800 1.49647700 0.00000200 0.00000000 0.00000000 0.24545000
4 5.27847900 0.16554100 0.00000100 0.00000000 0.00000000 0.04851100
5 -1.03766400 -9.43453000 4.97450600 1.97586400 1.15990900 -1.29878600
6 -6.21448200 -0.00000700 -0.00002700 2.57615800 0.02931300 1.52133200
7 11.94488500 0.00000000 0.00000000 0.43921500 -0.33446000 1.26680500
8 10.62018100 0.00000000 -0.00000100 0.80342800 0.66531800 -2.69720900
9 -4.75111000 -0.69449200 0.83057500 0.02244300 -0.34124800 0.62547300
10 -1.68807100 0.00004600 -0.00003500 0.01803600 -0.01695300 0.62219900
11 -1.33613800 0.00005600 -0.00001200 0.02599300 -0.00449300 0.72429900
12 -4.82049900 -0.50945800 -0.22476000 -0.59142200 0.17173500 1.62879800
13 -1.82699100 -0.00006500 0.00000700 -0.00877900 0.03948000 1.05474700
14 -1.43657900 0.00001000 0.00000400 -0.04748700 -0.06156900 0.56561900
15 -3.99236100 -0.89118600 -1.82790900 -0.60639500 0.58941700 1.94389200
16 -1.40592300 -0.00002600 -0.00000400 0.01654100 -0.02437900 0.27905000
17 -1.17536200 0.00012700 -0.00002000 0.04192500 0.05340800 0.56994100
18 -4.52675500 -0.69057300 -1.12074500 -0.53318000 0.42052500 1.89479600
19 -1.74404500 0.00003700 -0.00000700 -0.00618100 -0.02893200 0.61965200
20 -1.36876500 0.00002400 0.00000200 -0.16436400 0.17560900 0.73252700
21 -1.87480200 -0.93512500 0.99917200 2.00090700 0.60849400 1.00710700
22 -1.52345100 0.00003100 0.00002800 0.17430900 0.04358600 0.69908300
23 -1.59928400 0.00000300 0.00001400 0.03567100 -0.02383000 0.56873300
24 5.58312600 0.11572500 0.29499900 1.94756400 -0.06728900 3.12123600
25 0.19684800 -0.00000300 0.00000300 2.79340700 0.00000600 -3.14157700
26 -4.02607300 -13.81774400 -7.06094900 1.97586200 1.15990900 1.84280300
27 6.21448500 0.00000600 0.00002000 -1.33216800 0.37515500 -2.05110300
28 11.94488900 -0.00003300 -0.00018900 0.15934600 -0.34863500 -1.50646900
29 10.62016500 0.00000800 0.00000700 -1.26689600 -0.49673200 0.28634800
30 4.75115700 0.69437600 -0.83047300 -0.12139300 -0.23408600 1.17691000
31 1.68806600 -0.00002700 0.00000200 0.00195900 -0.02465400 1.35789400
32 1.33614300 -0.00005500 -0.00000900 0.00029900 -0.03867100 0.36183900
33 4.82051500 0.50934000 0.22486500 -0.23721200 -0.11127000 1.45394900
34 1.82699700 0.00006700 0.00000800 -0.00549900 0.04010600 1.13828700
35 1.43658100 -0.00001000 0.00000700 0.00975800 -0.01157600 0.13774600
36 3.99235000 0.89108700 1.82799500 -0.51521400 0.05380600 1.55215900
37 1.40592100 0.00002200 -0.00000600 0.00565800 -0.02894500 0.68272200
38 1.17536400 -0.00013000 0.00000400 0.09742000 0.07554300 0.86846900
39 4.52675500 0.69045900 1.12084200 -0.49069100 0.02943900 1.64232200
40 1.74404300 -0.00003100 -0.00000200 -0.01475800 -0.02562500 0.93406200
41 1.36876300 -0.00003300 -0.00001600 0.11311900 0.11147800 0.61039100
42 2.24249900 1.34902500 -0.74849300 2.68757000 0.43837800 0.97926800
43 1.62286200 -0.22040200 -0.15537200 0.15185400 0.13855000 0.94799900
44 1.58379000 -0.15422100 0.02523200 0.06727400 0.04945100 0.19342300
45 5.51180600 0.00000000 0.00000400 0.16325100 0.00000000 0.00000000
46 0.19684800 0.00000000 0.00000000 -0.34822500 0.00001500 -0.00000200
47 0.00000000 0.00000000 0.00000000 0.00000000 0.00000000 -1.57079600
48 -3.46189900 2.90101600 -3.24579200 0.00000000 0.00000000 -3.14156200
49 -7.89555900 19.97891200 -1.15522600 0.41450300 0.22863600 -0.38318800
50 -0.15910500 0.02305100 -0.34200700 0.00000000 0.00000000 0.00000000
51 0.16895700 -0.03358900 0.65100600 0.00000000 0.00000000 0.00000000
52 0.24801400 0.17628700 -0.04521800 0.00000000 0.00000000 0.00000000
53 4.99699200 -0.07961600 -1.51780000 0.00000000 0.00000000 0.00000000
54 0.63391300 0.60768000 0.83129200 0.00000000 0.00000000 0.00000000
55 -0.29897500 -0.62533200 0.49585200 0.00000000 0.00000000 0.00000000
56 11.12727500 1.21457000 -4.99978600 0.80355900 1.02375100 2.19962600
57 -7.97505500 -3.31289700 -3.55349700 3.04808000 -0.02547800 -2.10370600
58 2.04895400 -0.03391300 -1.46330700 0.00000000 0.00000000 0.00000000
time 19
0 -0.00000100 7.45008900 -27.50902600 0.00000000 0.00000000 0.00003100
1 -0.00000200 0.00000000 0.00000000 1.57074300 -1.56713700 -1.57074300
2 4.25546800 -0.33518300 -0.00000200 0.00000000 0.00000000 -0.12484800
3 7.43124800 1.49647700 0.00000200 0.00000000 0.00000000 0.24545000
4 5.27847900 0.16554100 0.00000100 0.00000000 0.00000000 0.04851100
5 -1.03766400 -9.43453000 4.97450600 1.97586400 1.15990900 -1.29878600
6 -6.21448200 -0.00000700 -0.00002700 2.57567000 0.02952200 1.52252400
7 11.94488500 0.00000000 0.00000000 0.43831300 -0.33474000 1.26964300
8 10.62018100 0.00000000 -0.00000100 0.80208400 0.66391800 -2.70033300
9 -4.75111000 -0.69449200 0.83057500 0.02244300 -0.34124800 0.62547300
10 -1.68807100 0.00004600 -0.00003500 0.01803600 -0.01695300 0.62219900
11 -1.33613800 0.00005600 -0.00001200 0.02599300 -0.00449300 0.72429900
12 -4.82049900 -0.50945800 -0.22476000 -0.59142200 0.17173500 1.62879800
13 -1.82699100 -0.00006500 0.00000700 -0.00877900 0.03948000 1.05474700
14 -1.43657900 0.00001000 0.00000400 -0.04748700 -0.06156900 0.56561900
15 -3.99236100 -0.89118600 -1.82790900 -0.60639500 0.58941700 1.94389200
16 -1.40592300 -0.00002600 -0.00000400 0.01654100 -0.02437900 0.27905000
17 -1.17536200 0.00012700 -0.00002000 0.04192500 0.05340800 0.56994100
18 -4.52675500 -0.69057300 -1.12074500 -0.53318000 0.42052500 1.89479600
19 -1.74404500 0.00003700 -0.00000700 -0.00618100 -0.02893200 0.61965200
20 -1.36876500 0.00002400 0.00000200 -0.16436400 0.17560900 0.73252700
21 -1.87480200 -0.93512500 0.99917200 2.00090700 0.60849400 1.00710700
22 -1.52345100 0.00003100 0.00002800 0.17430900 0.04358600 0.69908300
23 -1.59928400 0.00000300 0.00001400 0.03567100 -0.02383000 0.56873300
24 5.58312600 0.11572500 0.29499900 1.94756400 -0.06728900 3.12123600
25 0.19684800 -0.00000300 0.00000300 2.79340700 0.00000600 -3.14157700
26 -4.02607300 -13.81774400 -7.06094900 1.97586200 1.15990900 1.84280300
27 6.21448500 0.00000600 0.00002000 -1.33296600 0.37926500 -2.05115000
28 11.94488900 -0.00003300 -0.00018900 0.16034300 -0.34868300 -1.50934700
29 10.62016500 0.00000800 0.00000700 -1.26866800 -0.49758400 0.28782600
30 4.75115700 0.69437600 -0.83047300 -0.12139300 -0.23408600 1.17691000
31 1.68806600 -0.00002700 0.00000200 0.00195900 -0.02465400 1.35789400
32 1.33614300 -0.00005500 -0.00000900 0.00029900 -0.03867100 0.36183900
33 4.82051500 0.50934000 0.22486500 -0.23721200 -0.11127000 1.45394900
34 1.82699700 0.00006700 0.00000800 -0.00549900 0.04010600 1.13828700
35 1.43658100 -0.00001000 0.00000700 0.00975800 -0.01157600 0.13774600
36 3.99235000 0.89108700 1.82799500 -0.51521400 0.05380600 1.55215900
37 1.40592100 0.00002200 -0.00000600 0.00565800 -0.02894500 0.68272200
38 1.17536400 -0.00013000 0.00000400 0.09742000 0.07554300 0.86846900
39 4.52675500 0.69045900 1.12084200 -0.49069100 0.02943900 1.64232200
40 1.74404300 -0.00003100 -0.00000200 -0.01475800 -0.02562500 0.93406200
41 1.36876300 -0.00003300 -0.00001600 0.11311900 0.11147800 0.61039100
42 2.24249900 1.34902500 -0.74849300 2.68757000 0.43837800 0.97926800
43 1.62286200 -0.22040200 -0.15537200 0.15185400 0.13855000 0.94799900
44 1.58379000 -0.15422100 0.02523200 0.06727400 0.04945100 0.19342300
45 5.51180600 0.00000000 0.00000400 0.16325100 0.00000000 0.00000000
46 0.19684800 0.00000000 0.00000000 -0.34822500 0.00001500 -0.00000200
47 0.00000000 0.00000000 0.00000000 0.00000000 0.00000000 -1.57079600
48 -3.46189900 2.90101600 -3.24579200 0.00000000 0.00000000 -3.14156200
49 -7.90289900 19.97891200 -1.18604700 0.41357000 0.22587000 -0.38377900
50 -0.15910500 0.02305100 -0.34200700 0.00000000 0.00000000 0.00000000
51 0.16895700 -0.03358900 0.65100600 0.00000000 0.00000000 0.00000000
52 0.24801400 0.17628700 -0.04521800 0.00000000 0.00000000 0.00000000
53 4.99699200 -0.07961600 -1.51780000 0.00000000 0.00000000 0.00000000
54 0.63391300 0.60768000 0.83129200 0.00000000 0.00000000 0.00000000
55 -0.29897500 -0.62533200 0.49585200 0.00000000 0.00000000 0.00000000
56 11.12727500 1.21457000 -4.99978600 0.80355900 1.02375100 2.19962600
57 -7.97505500 -3.31289700 -3.55349700 3.04808000 -0.02547800 -2.10370600
58 2.04895400 -0.03391300 -1.46330700 0.00000000 0.00000000 0.00000000
time 20
0 -0.00000100 7.45008900 -27.50902600 0.00000000 0.00000000 0.00003100
1 -0.00000200 0.00000000 0.00000000 1.57074300 -1.56713700 -1.57074300
2 4.25546800 -0.33518300 -0.00000200 0.00000000 0.00000000 -0.12484800
3 7.43124800 1.49647700 0.00000200 0.00000000 0.00000000 0.24545000
4 5.27847900 0.16554100 0.00000100 0.00000000 0.00000000 0.04851100
5 -1.03766400 -9.43453000 4.97450600 1.97586400 1.15990900 -1.29878600
6 -6.21448200 -0.00000700 -0.00002700 2.57518100 0.02973200 1.52371700
7 11.94488500 0.00000000 0.00000000 0.43742800 -0.33499500 1.27237300
8 10.62018100 0.00000000 -0.00000100 0.80069800 0.66261600 -2.70342300
9 -4.75111000 -0.69449200 0.83057500 0.02244300 -0.34124800 0.62547300
10 -1.68807100 0.00004600 -0.00003500 0.01803600 -0.01695300 0.62219900
11 -1.33613800 0.00005600 -0.00001200 0.02599300 -0.00449300 0.72429900
12 -4.82049900 -0.50945800 -0.22476000 -0.59142200 0.17173500 1.62879800
13 -1.82699100 -0.00006500 0.00000700 -0.00877900 0.03948000 1.05474700
14 -1.43657900 0.00001000 0.00000400 -0.04748700 -0.06156900 0.56561900
15 -3.99236100 -0.89118600 -1.82790900 -0.60639500 0.58941700 1.94389200
16 -1.40592300 -0.00002600 -0.00000400 0.01654100 -0.02437900 0.27905000
17 -1.17536200 0.00012700 -0.00002000 0.04192500 0.05340800 0.56994100
18 -4.52675500 -0.69057300 -1.12074500 -0.53318000 0.42052500 1.89479600
19 -1.74404500 0.00003700 -0.00000700 -0.00618100 -0.02893200 0.61965200
20 -1.36876500 0.00002400 0.00000200 -0.16436400 0.17560900 0.73252700
21 -1.87480200 -0.93512500 0.99917200 2.00090700 0.60849400 1.00710700
22 -1.52345100 0.00003100 0.00002800 0.17430900 0.04358600 0.69908300
23 -1.59928400 0.00000300 0.00001400 0.03567100 -0.02383000 0.56873300
24 5.58312600 0.11572500 0.29499900 1.94756400 -0.06728900 3.12123600
25 0.19684800 -0.00000300 0.00000300 2.79340700 0.00000600 -3.14157700
26 -4.02607300 -13.81774400 -7.06094900 1.97586200 1.15990900 1.84280300
27 6.21448500 0.00000600 0.00002000 -1.33370500 0.38326700 -2.05113200
28 11.94488900 -0.00003300 -0.00018900 0.16134100 -0.34872800 -1.51222900
29 10.62016500 0.00000800 0.00000700 -1.27033000 -0.49844900 0.28928000
30 4.75115700 0.69437600 -0.83047300 -0.12139300 -0.23408600 1.17691000
31 1.68806600 -0.00002700 0.00000200 0.00195900 -0.02465400 1.35789400
32 1.33614300 -0.00005500 -0.00000900 0.00029900 -0.03867100 0.36183900
33 4.82051500 0.50934000 0.22486500 -0.23721200 -0.11127000 1.45394900
34 1.82699700 0.00006700 0.00000800 -0.00549900 0.04010600 1.13828700
35 1.43658100 -0.00001000 0.00000700 0.00975800 -0.01157600 0.13774600
36 3.99235000 0.89108700 1.82799500 -0.51521400 0.05380600 1.55215900
37 1.40592100 0.00002200 -0.00000600 0.00565800 -0.02894500 0.68272200
38 1.17536400 -0.00013000 0.00000400 0.09742000 0.07554300 0.86846900
39 4.52675500 0.69045900 1.12084200 -0.49069100 0.02943900 1.64232200
40 1.74404300 -0.00003100 -0.00000200 -0.01475800 -0.02562500 0.93406200
41 1.36876300 -0.00003300 -0.00001600 0.11311900 0.11147800 0.61039100
42 2.24249900 1.34902500 -0.74849300 2.68757000 0.43837800 0.97926800
43 1.62286200 -0.22040200 -0.15537200 0.15185400 0.13855000 0.94799900
44 1.58379000 -0.15422100 0.02523200 0.06727400 0.04945100 0.19342300
45 5.51180600 0.00000000 0.00000400 0.16325100 0.00000000 0.00000000
46 0.19684800 0.00000000 0.00000000 -0.34822500 0.00001500 -0.00000200
47 0.00000000 0.00000000 0.00000000 0.00000000 0.00000000 -1.57079600
48 -3.46189900 2.90101600 -3.24579200 0.00000000 0.00000000 -3.14156200
49 -7.90996100 19.97891200 -1.21570800 0.41260300 0.22328900 -0.38442600
50 -0.15910500 0.02305100 -0.34200700 0.00000000 0.00000000 0.00000000
51 0.16895700 -0.03358900 0.65100600 0.00000000 0.00000000 0.00000000
52 0.24801400 0.17628700 -0.04521800 0.00000000 0.00000000 0.00000000
53 4.99699200 -0.07961600 -1.51780000 0.00000000 0.00000000 0.00000000
54 0.63391300 0.60768000 0.83129200 0.00000000 0.00000000 0.00000000
55 -0.29897500 -0.62533200 0.49585200 0.00000000 0.00000000 0.00000000
56 11.12727500 1.21457000 -4.99978600 0.80355900 1.02375100 2.19962600
57 -7.97505500 -3.31289700 -3.55349700 3.04808000 -0.02547800 -2.10370600
58 2.04895400 -0.03391300 -1.46330700 0.00000000 0.00000000 0.00000000
time 21
0 -0.00000100 7.45008900 -27.50902600 0.00000000 0.00000000 0.00003100
1 -0.00000200 0.00000000 0.00000000 1.57074300 -1.56713700 -1.57074300
2 4.25546800 -0.33518300 -0.00000200 0.00000000 0.00000000 -0.12484800
3 7.43124800 1.49647700 0.00000200 0.00000000 0.00000000 0.24545000
4 5.27847900 0.16554100 0.00000100 0.00000000 0.00000000 0.04851100
5 -1.03766400 -9.43453000 4.97450600 1.97586400 1.15990900 -1.29878600
6 -6.21448200 -0.00000700 -0.00002700 2.57469200 0.02994300 1.52491100
7 11.94488500 0.00000000 0.00000000 0.43657900 -0.33520000 1.27488100
8 10.62018100 0.00000000 -0.00000100 0.79945500 0.66143400 -2.70629200
9 -4.75111000 -0.69449200 0.83057500 0.02244300 -0.34124800 0.62547300
10 -1.68807100 0.00004600 -0.00003500 0.01803600 -0.01695300 0.62219900
11 -1.33613800 0.00005600 -0.00001200 0.02599300 -0.00449300 0.72429900
12 -4.82049900 -0.50945800 -0.22476000 -0.59142200 0.17173500 1.62879800
13 -1.82699100 -0.00006500 0.00000700 -0.00877900 0.03948000 1.05474700
14 -1.43657900 0.00001000 0.00000400 -0.04748700 -0.06156900 0.56561900
15 -3.99236100 -0.89118600 -1.82790900 -0.60639500 0.58941700 1.94389200
16 -1.40592300 -0.00002600 -0.00000400 0.01654100 -0.02437900 0.27905000
17 -1.17536200 0.00012700 -0.00002000 0.04192500 0.05340800 0.56994100
18 -4.52675500 -0.69057300 -1.12074500 -0.53318000 0.42052500 1.89479600
19 -1.74404500 0.00003700 -0.00000700 -0.00618100 -0.02893200 0.61965200
20 -1.36876500 0.00002400 0.00000200 -0.16436400 0.17560900 0.73252700
21 -1.87480200 -0.93512500 0.99917200 2.00090700 0.60849400 1.00710700
22 -1.52345100 0.00003100 0.00002800 0.17430900 0.04358600 0.69908300
23 -1.59928400 0.00000300 0.00001400 0.03567100 -0.02383000 0.56873300
24 5.58312600 0.11572500 0.29499900 1.94756400 -0.06728900 3.12123600
25 0.19684800 -0.00000300 0.00000300 2.79340700 0.00000600 -3.14157700
26 -4.02607300 -13.81774400 -7.06094900 1.97586200 1.15990900 1.84280300
27 6.21448500 0.00000600 0.00002000 -1.33456100 0.38711700 -2.05110800
28 11.94488900 -0.00003300 -0.00018900 0.16223000 -0.34872800 -1.51483700
29 10.62016500 0.00000800 0.00000700 -1.27194900 -0.49924400 0.29066900
30 4.75115700 0.69437600 -0.83047300 -0.12139300 -0.23408600 1.17691000
31 1.68806600 -0.00002700 0.00000200 0.00195900 -0.02465400 1.35789400
32 1.33614300 -0.00005500 -0.00000900 0.00029900 -0.03867100 0.36183900
33 4.82051500 0.50934000 0.22486500 -0.23721200 -0.11127000 1.45394900
34 1.82699700 0.00006700 0.00000800 -0.00549900 0.04010600 1.13828700
35 1.43658100 -0.00001000 0.00000700 0.00975800 -0.01157600 0.13774600
36 3.99235000 0.89108700 1.82799500 -0.51521400 0.05380600 1.55215900
37 1.40592100 0.00002200 -0.00000600 0.00565800 -0.02894500 0.68272200
38 1.17536400 -0.00013000 0.00000400 0.09742000 0.07554300 0.86846900
39 4.52675500 0.69045900 1.12084200 -0.49069100 0.02943900 1.64232200
40 1.74404300 -0.00003100 -0.00000200 -0.01475800 -0.02562500 0.93406200
41 1.36876300 -0.00003300 -0.00001600 0.11311900 0.11147800 0.61039100
42 2.24249900 1.34902500 -0.74849300 2.68757000 0.43837800 0.97926800
43 1.62286200 -0.22040200 -0.15537200 0.15185400 0.13855000 0.94799900
44 1.58379000 -0.15422100 0.02523200 0.06727400 0.04945100 0.19342300
45 5.51180600 0.00000000 0.00000400 0.16325100 0.00000000 0.00000000
46 0.19684800 0.00000000 0.00000000 -0.34822500 0.00001500 -0.00000200
47 0.00000000 0.00000000 0.00000000 0.00000000 0.00000000 -1.57079600
48 -3.46189900 2.90101600 -3.24579200 0.00000000 0.00000000 -3.14156200
49 -7.91667700 19.97891200 -1.24392200 0.41172800 0.22072500 -0.38506100
50 -0.15910500 0.02305100 -0.34200700 0.00000000 0.00000000 0.00000000
51 0.16895700 -0.03358900 0.65100600 0.00000000 0.00000000 0.00000000
52 0.24801400 0.17628700 -0.04521800 0.00000000 0.00000000 0.00000000
53 4.99699200 -0.07961600 -1.51780000 0.00000000 0.00000000 0.00000000
54 0.63391300 0.60768000 0.83129200 0.00000000 0.00000000 0.00000000
55 -0.29897500 -0.62533200 0.49585200 0.00000000 0.00000000 0.00000000
56 11.12727500 1.21457000 -4.99978600 0.80355900 1.02375100 2.19962600
57 -7.97505500 -3.31289700 -3.55349700 3.04808000 -0.02547800 -2.10370600
58 2.04895400 -0.03391300 -1.46330700 0.00000000 0.00000000 0.00000000
time 22
0 -0.00000100 7.45008900 -27.50902600 0.00000000 0.00000000 0.00003100
1 -0.00000200 0.00000000 0.00000000 1.57074300 -1.56713700 -1.57074300
2 4.25546800 -0.33518300 -0.00000200 0.00000000 0.00000000 -0.12484800
3 7.43124800 1.49647700 0.00000200 0.00000000 0.00000000 0.24545000
4 5.27847900 0.16554100 0.00000100 0.00000000 0.00000000 0.04851100
5 -1.03766400 -9.43453000 4.97450600 1.97586400 1.15990900 -1.29878600
6 -6.21448200 -0.00000700 -0.00002700 2.57420200 0.03012100 1.52599100
7 11.94488500 0.00000000 0.00000000 0.43582200 -0.33543500 1.27727400
8 10.62018100 0.00000000 -0.00000100 0.79830000 0.66029400 -2.70900100
9 -4.75111000 -0.69449200 0.83057500 0.02244300 -0.34124800 0.62547300
10 -1.68807100 0.00004600 -0.00003500 0.01803600 -0.01695300 0.62219900
11 -1.33613800 0.00005600 -0.00001200 0.02599300 -0.00449300 0.72429900
12 -4.82049900 -0.50945800 -0.22476000 -0.59142200 0.17173500 1.62879800
13 -1.82699100 -0.00006500 0.00000700 -0.00877900 0.03948000 1.05474700
14 -1.43657900 0.00001000 0.00000400 -0.04748700 -0.06156900 0.56561900
15 -3.99236100 -0.89118600 -1.82790900 -0.60639500 0.58941700 1.94389200
16 -1.40592300 -0.00002600 -0.00000400 0.01654100 -0.02437900 0.27905000
17 -1.17536200 0.00012700 -0.00002000 0.04192500 0.05340800 0.56994100
18 -4.52675500 -0.69057300 -1.12074500 -0.53318000 0.42052500 1.89479600
19 -1.74404500 0.00003700 -0.00000700 -0.00618100 -0.02893200 0.61965200
20 -1.36876500 0.00002400 0.00000200 -0.16436400 0.17560900 0.73252700
21 -1.87480200 -0.93512500 0.99917200 2.00090700 0.60849400 1.00710700
22 -1.52345100 0.00003100 0.00002800 0.17430900 0.04358600 0.69908300
23 -1.59928400 0.00000300 0.00001400 0.03567100 -0.02383000 0.56873300
24 5.58312600 0.11572500 0.29499900 1.94756400 -0.06728900 3.12123600
25 0.19684800 -0.00000300 0.00000300 2.79340700 0.00000600 -3.14157700
26 -4.02607300 -13.81774400 -7.06094900 1.97586200 1.15990900 1.84280300
27 6.21448500 0.00000600 0.00002000 -1.33521300 0.39062400 -2.05103500
28 11.94488900 -0.00003300 -0.00018900 0.16303600 -0.34879600 -1.51732500
29 10.62016500 0.00000800 0.00000700 -1.27351700 -0.50002100 0.29191900
30 4.75115700 0.69437600 -0.83047300 -0.12139300 -0.23408600 1.17691000
31 1.68806600 -0.00002700 0.00000200 0.00195900 -0.02465400 1.35789400
32 1.33614300 -0.00005500 -0.00000900 0.00029900 -0.03867100 0.36183900
33 4.82051500 0.50934000 0.22486500 -0.23721200 -0.11127000 1.45394900
34 1.82699700 0.00006700 0.00000800 -0.00549900 0.04010600 1.13828700
35 1.43658100 -0.00001000 0.00000700 0.00975800 -0.01157600 0.13774600
36 3.99235000 0.89108700 1.82799500 -0.51521400 0.05380600 1.55215900
37 1.40592100 0.00002200 -0.00000600 0.00565800 -0.02894500 0.68272200
38 1.17536400 -0.00013000 0.00000400 0.09742000 0.07554300 0.86846900
39 4.52675500 0.69045900 1.12084200 -0.49069100 0.02943900 1.64232200
40 1.74404300 -0.00003100 -0.00000200 -0.01475800 -0.02562500 0.93406200
41 1.36876300 -0.00003300 -0.00001600 0.11311900 0.11147800 0.61039100
42 2.24249900 1.34902500 -0.74849300 2.68757000 0.43837800 0.97926800
43 1.62286200 -0.22040200 -0.15537200 0.15185400 0.13855000 0.94799900
44 1.58379000 -0.15422100 0.02523200 0.06727400 0.04945100 0.19342300
45 5.51180600 0.00000000 0.00000400 0.16325100 0.00000000 0.00000000
46 0.19684800 0.00000000 0.00000000 -0.34822500 0.00001500 -0.00000200
47 0.00000000 0.00000000 0.00000000 0.00000000 0.00000000 -1.57079600
48 -3.46189900 2.90101600 -3.24579200 0.00000000 0.00000000 -3.14156200
49 -7.92298000 19.97891200 -1.27039500 0.41091400 0.21841100 -0.38555300
50 -0.15910500 0.02305100 -0.34200700 0.00000000 0.00000000 0.00000000
51 0.16895700 -0.03358900 0.65100600 0.00000000 0.00000000 0.00000000
52 0.24801400 0.17628700 -0.04521800 0.00000000 0.00000000 0.00000000
53 4.99699200 -0.07961600 -1.51780000 0.00000000 0.00000000 0.00000000
54 0.63391300 0.60768000 0.83129200 0.00000000 0.00000000 0.00000000
55 -0.29897500 -0.62533200 0.49585200 0.00000000 0.00000000 0.00000000
56 11.12727500 1.21457000 -4.99978600 0.80355900 1.02375100 2.19962600
57 -7.97505500 -3.31289700 -3.55349700 3.04808000 -0.02547800 -2.10370600
58 2.04895400 -0.03391300 -1.46330700 0.00000000 0.00000000 0.00000000
time 23
0 -0.00000100 7.45008900 -27.50902600 0.00000000 0.00000000 0.00003100
1 -0.00000200 0.00000000 0.00000000 1.57074300 -1.56713700 -1.57074300
2 4.25546800 -0.33518300 -0.00000200 0.00000000 0.00000000 -0.12484800
3 7.43124800 1.49647700 0.00000200 0.00000000 0.00000000 0.24545000
4 5.27847900 0.16554100 0.00000100 0.00000000 0.00000000 0.04851100
5 -1.03766400 -9.43453000 4.97450600 1.97586400 1.15990900 -1.29878600
6 -6.21448200 -0.00000700 -0.00002700 2.57383800 0.03029300 1.52703900
7 11.94488500 0.00000000 0.00000000 0.43510200 -0.33562000 1.27944300
8 10.62018100 0.00000000 -0.00000100 0.79723100 0.65919600 -2.71155200
9 -4.75111000 -0.69449200 0.83057500 0.02244300 -0.34124800 0.62547300
10 -1.68807100 0.00004600 -0.00003500 0.01803600 -0.01695300 0.62219900
11 -1.33613800 0.00005600 -0.00001200 0.02599300 -0.00449300 0.72429900
12 -4.82049900 -0.50945800 -0.22476000 -0.59142200 0.17173500 1.62879800
13 -1.82699100 -0.00006500 0.00000700 -0.00877900 0.03948000 1.05474700
14 -1.43657900 0.00001000 0.00000400 -0.04748700 -0.06156900 0.56561900
15 -3.99236100 -0.89118600 -1.82790900 -0.60639500 0.58941700 1.94389200
16 -1.40592300 -0.00002600 -0.00000400 0.01654100 -0.02437900 0.27905000
17 -1.17536200 0.00012700 -0.00002000 0.04192500 0.05340800 0.56994100
18 -4.52675500 -0.69057300 -1.12074500 -0.53318000 0.42052500 1.89479600
19 -1.74404500 0.00003700 -0.00000700 -0.00618100 -0.02893200 0.61965200
20 -1.36876500 0.00002400 0.00000200 -0.16436400 0.17560900 0.73252700
21 -1.87480200 -0.93512500 0.99917200 2.00090700 0.60849400 1.00710700
22 -1.52345100 0.00003100 0.00002800 0.17430900 0.04358600 0.69908300
23 -1.59928400 0.00000300 0.00001400 0.03567100 -0.02383000 0.56873300
24 5.58312600 0.11572500 0.29499900 1.94756400 -0.06728900 3.12123600
25 0.19684800 -0.00000300 0.00000300 2.79340700 0.00000600 -3.14157700
26 -4.02607300 -13.81774400 -7.06094900 1.97586200 1.15990900 1.84280300
27 6.21448500 0.00000600 0.00002000 -1.33584400 0.39389700 -2.05108400
28 11.94488900 -0.00003300 -0.00018900 0.16386200 -0.34882200 -1.51957200
29 10.62016500 0.00000800 0.00000700 -1.27493600 -0.50069200 0.29314800
30 4.75115700 0.69437600 -0.83047300 -0.12139300 -0.23408600 1.17691000
31 1.68806600 -0.00002700 0.00000200 0.00195900 -0.02465400 1.35789400
32 1.33614300 -0.00005500 -0.00000900 0.00029900 -0.03867100 0.36183900
33 4.82051500 0.50934000 0.22486500 -0.23721200 -0.11127000 1.45394900
34 1.82699700 0.00006700 0.00000800 -0.00549900 0.04010600 1.13828700
35 1.43658100 -0.00001000 0.00000700 0.00975800 -0.01157600 0.13774600
36 3.99235000 0.89108700 1.82799500 -0.51521400 0.05380600 1.55215900
37 1.40592100 0.00002200 -0.00000600 0.00565800 -0.02894500 0.68272200
38 1.17536400 -0.00013000 0.00000400 0.09742000 0.07554300 0.86846900
39 4.52675500 0.69045900 1.12084200 -0.49069100 0.02943900 1.64232200
40 1.74404300 -0.00003100 -0.00000200 -0.01475800 -0.02562500 0.93406200
41 1.36876300 -0.00003300 -0.00001600 0.11311900 0.11147800 0.61039100
42 2.24249900 1.34902500 -0.74849300 2.68757000 0.43837800 0.97926800
43 1.62286200 -0.22040200 -0.15537200 0.15185400 0.13855000 0.94799900
44 1.58379000 -0.15422100 0.02523200 0.06727400 0.04945100 0.19342300
45 5.51180600 0.00000000 0.00000400 0.16325100 0.00000000 0.00000000
46 0.19684800 0.00000000 0.00000000 -0.34822500 0.00001500 -0.00000200
47 0.00000000 0.00000000 0.00000000 0.00000000 0.00000000 -1.57079600
48 -3.46189900 2.90101600 -3.24579200 0.00000000 0.00000000 -3.14156200
49 -7.92880100 19.97891200 -1.29483800 0.41016700 0.21621600 -0.38610700
50 -0.15910500 0.02305100 -0.34200700 0.00000000 0.00000000 0.00000000
51 0.16895700 -0.03358900 0.65100600 0.00000000 0.00000000 0.00000000
52 0.24801400 0.17628700 -0.04521800 0.00000000 0.00000000 0.00000000
53 4.99699200 -0.07961600 -1.51780000 0.00000000 0.00000000 0.00000000
54 0.63391300 0.60768000 0.83129200 0.00000000 0.00000000 0.00000000
55 -0.29897500 -0.62533200 0.49585200 0.00000000 0.00000000 0.00000000
56 11.12727500 1.21457000 -4.99978600 0.80355900 1.02375100 2.19962600
57 -7.97505500 -3.31289700 -3.55349700 3.04808000 -0.02547800 -2.10370600
58 2.04895400 -0.03391300 -1.46330700 0.00000000 0.00000000 0.00000000
time 24
0 -0.00000100 7.45008900 -27.50902600 0.00000000 0.00000000 0.00003100
1 -0.00000200 0.00000000 0.00000000 1.57074300 -1.56713700 -1.57074300
2 4.25546800 -0.33518300 -0.00000200 0.00000000 0.00000000 -0.12484800
3 7.43124800 1.49647700 0.00000200 0.00000000 0.00000000 0.24545000
4 5.27847900 0.16554100 0.00000100 0.00000000 0.00000000 0.04851100
5 -1.03766400 -9.43453000 4.97450600 1.97586400 1.15990900 -1.29878600
6 -6.21448200 -0.00000700 -0.00002700 2.57346800 0.03051500 1.52782600
7 11.94488500 0.00000000 0.00000000 0.43449300 -0.33581200 1.28138200
8 10.62018100 0.00000000 -0.00000100 0.79622200 0.65820400 -2.71382800
9 -4.75111000 -0.69449200 0.83057500 0.02244300 -0.34124800 0.62547300
10 -1.68807100 0.00004600 -0.00003500 0.01803600 -0.01695300 0.62219900
11 -1.33613800 0.00005600 -0.00001200 0.02599300 -0.00449300 0.72429900
12 -4.82049900 -0.50945800 -0.22476000 -0.59142200 0.17173500 1.62879800
13 -1.82699100 -0.00006500 0.00000700 -0.00877900 0.03948000 1.05474700
14 -1.43657900 0.00001000 0.00000400 -0.04748700 -0.06156900 0.56561900
15 -3.99236100 -0.89118600 -1.82790900 -0.60639500 0.58941700 1.94389200
16 -1.40592300 -0.00002600 -0.00000400 0.01654100 -0.02437900 0.27905000
17 -1.17536200 0.00012700 -0.00002000 0.04192500 0.05340800 0.56994100
18 -4.52675500 -0.69057300 -1.12074500 -0.53318000 0.42052500 1.89479600
19 -1.74404500 0.00003700 -0.00000700 -0.00618100 -0.02893200 0.61965200
20 -1.36876500 0.00002400 0.00000200 -0.16436400 0.17560900 0.73252700
21 -1.87480200 -0.93512500 0.99917200 2.00090700 0.60849400 1.00710700
22 -1.52345100 0.00003100 0.00002800 0.17430900 0.04358600 0.69908300
23 -1.59928400 0.00000300 0.00001400 0.03567100 -0.02383000 0.56873300
24 5.58312600 0.11572500 0.29499900 1.94756400 -0.06728900 3.12123600
25 0.19684800 -0.00000300 0.00000300 2.79340700 0.00000600 -3.14157700
26 -4.02607300 -13.81774400 -7.06094900 1.97586200 1.15990900 1.84280300
27 6.21448500 0.00000600 0.00002000 -1.33637200 0.39681300 -2.05104300
28 11.94488900 -0.00003300 -0.00018900 0.16451600 -0.34886300 -1.52154200
29 10.62016500 0.00000800 0.00000700 -1.27618700 -0.50136200 0.29421000
30 4.75115700 0.69437600 -0.83047300 -0.12139300 -0.23408600 1.17691000
31 1.68806600 -0.00002700 0.00000200 0.00195900 -0.02465400 1.35789400
32 1.33614300 -0.00005500 -0.00000900 0.00029900 -0.03867100 0.36183900
33 4.82051500 0.50934000 0.22486500 -0.23721200 -0.11127000 1.45394900
34 1.82699700 0.00006700 0.00000800 -0.00549900 0.04010600 1.13828700
35 1.43658100 -0.00001000 0.00000700 0.00975800 -0.01157600 0.13774600
36 3.99235000 0.89108700 1.82799500 -0.51521400 0.05380600 1.55215900
37 1.40592100 0.00002200 -0.00000600 0.00565800 -0.02894500 0.68272200
38 1.17536400 -0.00013000 0.00000400 0.09742000 0.07554300 0.86846900
39 4.52675500 0.69045900 1.12084200 -0.49069100 0.02943900 1.64232200
40 1.74404300 -0.00003100 -0.00000200 -0.01475800 -0.02562500 0.93406200
41 1.36876300 -0.00003300 -0.00001600 0.11311900 0.11147800 0.61039100
42 2.24249900 1.34902500 -0.74849300 2.68757000 0.43837800 0.97926800
43 1.62286200 -0.22040200 -0.15537200 0.15185400 0.13855000 0.94799900
44 1.58379000 -0.15422100 0.02523200 0.06727400 0.04945100 0.19342300
45 5.51180600 0.00000000 0.00000400 0.16325100 0.00000000 0.00000000
46 0.19684800 0.00000000 0.00000000 -0.34822500 0.00001500 -0.00000200
47 0.00000000 0.00000000 0.00000000 0.00000000 0.00000000 -1.57079600
48 -3.46189900 2.90101600 -3.24579200 0.00000000 0.00000000 -3.14156200
49 -7.93406900 19.97891200 -1.31696300 0.40947900 0.21427100 -0.38651900
50 -0.15910500 0.02305100 -0.34200700 0.00000000 0.00000000 0.00000000
51 0.16895700 -0.03358900 0.65100600 0.00000000 0.00000000 0.00000000
52 0.24801400 0.17628700 -0.04521800 0.00000000 0.00000000 0.00000000
53 4.99699200 -0.07961600 -1.51780000 0.00000000 0.00000000 0.00000000
54 0.63391300 0.60768000 0.83129200 0.00000000 0.00000000 0.00000000
55 -0.29897500 -0.62533200 0.49585200 0.00000000 0.00000000 0.00000000
56 11.12727500 1.21457000 -4.99978600 0.80355900 1.02375100 2.19962600
57 -7.97505500 -3.31289700 -3.55349700 3.04808000 -0.02547800 -2.10370600
58 2.04895400 -0.03391300 -1.46330700 0.00000000 0.00000000 0.00000000
time 25
0 -0.00000100 7.45008900 -27.50902600 0.00000000 0.00000000 0.00003100
1 -0.00000200 0.00000000 0.00000000 1.57074300 -1.56713700 -1.57074300
2 4.25546800 -0.33518300 -0.00000200 0.00000000 0.00000000 -0.12484800
3 7.43124800 1.49647700 0.00000200 0.00000000 0.00000000 0.24545000
4 5.27847900 0.16554100 0.00000100 0.00000000 0.00000000 0.04851100
5 -1.03766400 -9.43453000 4.97450600 1.97586400 1.15990900 -1.29878600
6 -6.21448200 -0.00000700 -0.00002700 2.57310100 0.03062100 1.52864400
7 11.94488500 0.00000000 0.00000000 0.43392000 -0.33595400 1.28309800
8 10.62018100 0.00000000 -0.00000100 0.79537600 0.65729900 -2.71579500
9 -4.75111000 -0.69449200 0.83057500 0.02244300 -0.34124800 0.62547300
10 -1.68807100 0.00004600 -0.00003500 0.01803600 -0.01695300 0.62219900
11 -1.33613800 0.00005600 -0.00001200 0.02599300 -0.00449300 0.72429900
12 -4.82049900 -0.50945800 -0.22476000 -0.59142200 0.17173500 1.62879800
13 -1.82699100 -0.00006500 0.00000700 -0.00877900 0.03948000 1.05474700
14 -1.43657900 0.00001000 0.00000400 -0.04748700 -0.06156900 0.56561900
15 -3.99236100 -0.89118600 -1.82790900 -0.60639500 0.58941700 1.94389200
16 -1.40592300 -0.00002600 -0.00000400 0.01654100 -0.02437900 0.27905000
17 -1.17536200 0.00012700 -0.00002000 0.04192500 0.05340800 0.56994100
18 -4.52675500 -0.69057300 -1.12074500 -0.53318000 0.42052500 1.89479600
19 -1.74404500 0.00003700 -0.00000700 -0.00618100 -0.02893200 0.61965200
20 -1.36876500 0.00002400 0.00000200 -0.16436400 0.17560900 0.73252700
21 -1.87480200 -0.93512500 0.99917200 2.00090700 0.60849400 1.00710700
22 -1.52345100 0.00003100 0.00002800 0.17430900 0.04358600 0.69908300
23 -1.59928400 0.00000300 0.00001400 0.03567100 -0.02383000 0.56873300
24 5.58312600 0.11572500 0.29499900 1.94756400 -0.06728900 3.12123600
25 0.19684800 -0.00000300 0.00000300 2.79340700 0.00000600 -3.14157700
26 -4.02607300 -13.81774400 -7.06094900 1.97586200 1.15990900 1.84280300
27 6.21448500 0.00000600 0.00002000 -1.33689100 0.39942700 -2.05107100
28 11.94488900 -0.00003300 -0.00018900 0.16514900 -0.34891400 -1.52339200
29 10.62016500 0.00000800 0.00000700 -1.27734800 -0.50189500 0.29513700
30 4.75115700 0.69437600 -0.83047300 -0.12139300 -0.23408600 1.17691000
31 1.68806600 -0.00002700 0.00000200 0.00195900 -0.02465400 1.35789400
32 1.33614300 -0.00005500 -0.00000900 0.00029900 -0.03867100 0.36183900
33 4.82051500 0.50934000 0.22486500 -0.23721200 -0.11127000 1.45394900
34 1.82699700 0.00006700 0.00000800 -0.00549900 0.04010600 1.13828700
35 1.43658100 -0.00001000 0.00000700 0.00975800 -0.01157600 0.13774600
36 3.99235000 0.89108700 1.82799500 -0.51521400 0.05380600 1.55215900
37 1.40592100 0.00002200 -0.00000600 0.00565800 -0.02894500 0.68272200
38 1.17536400 -0.00013000 0.00000400 0.09742000 0.07554300 0.86846900
39 4.52675500 0.69045900 1.12084200 -0.49069100 0.02943900 1.64232200
40 1.74404300 -0.00003100 -0.00000200 -0.01475800 -0.02562500 0.93406200
41 1.36876300 -0.00003300 -0.00001600 0.11311900 0.11147800 0.61039100
42 2.24249900 1.34902500 -0.74849300 2.68757000 0.43837800 0.97926800
43 1.62286200 -0.22040200 -0.15537200 0.15185400 0.13855000 0.94799900
44 1.58379000 -0.15422100 0.02523200 0.06727400 0.04945100 0.19342300
45 5.51180600 0.00000000 0.00000400 0.16325100 0.00000000 0.00000000
46 0.19684800 0.00000000 0.00000000 -0.34822500 0.00001500 -0.00000200
47 0.00000000 0.00000000 0.00000000 0.00000000 0.00000000 -1.57079600
48 -3.46189900 2.90101600 -3.24579200 0.00000000 0.00000000 -3.14156200
49 -7.93871500 19.97891200 -1.33648000 0.40885300 0.21251100 -0.38689000
50 -0.15910500 0.02305100 -0.34200700 0.00000000 0.00000000 0.00000000
51 0.16895700 -0.03358900 0.65100600 0.00000000 0.00000000 0.00000000
52 0.24801400 0.17628700 -0.04521800 0.00000000 0.00000000 0.00000000
53 4.99699200 -0.07961600 -1.51780000 0.00000000 0.00000000 0.00000000
54 0.63391300 0.60768000 0.83129200 0.00000000 0.00000000 0.00000000
55 -0.29897500 -0.62533200 0.49585200 0.00000000 0.00000000 0.00000000
56 11.12727500 1.21457000 -4.99978600 0.80355900 1.02375100 2.19962600
57 -7.97505500 -3.31289700 -3.55349700 3.04808000 -0.02547800 -2.10370600
58 2.04895400 -0.03391300 -1.46330700 0.00000000 0.00000000 0.00000000
time 26
0 -0.00000100 7.45008900 -27.50902600 0.00000000 0.00000000 0.00003100
1 -0.00000200 0.00000000 0.00000000 1.57074300 -1.56713700 -1.57074300
2 4.25546800 -0.33518300 -0.00000200 0.00000000 0.00000000 -0.12484800
3 7.43124800 1.49647700 0.00000200 0.00000000 0.00000000 0.24545000
4 5.27847900 0.16554100 0.00000100 0.00000000 0.00000000 0.04851100
5 -1.03766400 -9.43453000 4.97450600 1.97586400 1.15990900 -1.29878600
6 -6.21448200 -0.00000700 -0.00002700 2.57292100 0.03074100 1.52928500
7 11.94488500 0.00000000 0.00000000 0.43340800 -0.33617100 1.28457700
8 10.62018100 0.00000000 -0.00000100 0.79463800 0.65658100 -2.71742900
9 -4.75111000 -0.69449200 0.83057500 0.02244300 -0.34124800 0.62547300
10 -1.68807100 0.00004600 -0.00003500 0.01803600 -0.01695300 0.62219900
11 -1.33613800 0.00005600 -0.00001200 0.02599300 -0.00449300 0.72429900
12 -4.82049900 -0.50945800 -0.22476000 -0.59142200 0.17173500 1.62879800
13 -1.82699100 -0.00006500 0.00000700 -0.00877900 0.03948000 1.05474700
14 -1.43657900 0.00001000 0.00000400 -0.04748700 -0.06156900 0.56561900
15 -3.99236100 -0.89118600 -1.82790900 -0.60639500 0.58941700 1.94389200
16 -1.40592300 -0.00002600 -0.00000400 0.01654100 -0.02437900 0.27905000
17 -1.17536200 0.00012700 -0.00002000 0.04192500 0.05340800 0.56994100
18 -4.52675500 -0.69057300 -1.12074500 -0.53318000 0.42052500 1.89479600
19 -1.74404500 0.00003700 -0.00000700 -0.00618100 -0.02893200 0.61965200
20 -1.36876500 0.00002400 0.00000200 -0.16436400 0.17560900 0.73252700
21 -1.87480200 -0.93512500 0.99917200 2.00090700 0.60849400 1.00710700
22 -1.52345100 0.00003100 0.00002800 0.17430900 0.04358600 0.69908300
23 -1.59928400 0.00000300 0.00001400 0.03567100 -0.02383000 0.56873300
24 5.58312600 0.11572500 0.29499900 1.94756400 -0.06728900 3.12123600
25 0.19684800 -0.00000300 0.00000300 2.79340700 0.00000600 -3.14157700
26 -4.02607300 -13.81774400 -7.06094900 1.97586200 1.15990900 1.84280300
27 6.21448500 0.00000600 0.00002000 -1.33730200 0.40160400 -2.05109900
28 11.94488900 -0.00003300 -0.00018900 0.16565100 -0.34893100 -1.52484100
29 10.62016500 0.00000800 0.00000700 -1.27823400 -0.50239100 0.29593900
30 4.75115700 0.69437600 -0.83047300 -0.12139300 -0.23408600 1.17691000
31 1.68806600 -0.00002700 0.00000200 0.00195900 -0.02465400 1.35789400
32 1.33614300 -0.00005500 -0.00000900 0.00029900 -0.03867100 0.36183900
33 4.82051500 0.50934000 0.22486500 -0.23721200 -0.11127000 1.45394900
34 1.82699700 0.00006700 0.00000800 -0.00549900 0.04010600 1.13828700
35 1.43658100 -0.00001000 0.00000700 0.00975800 -0.01157600 0.13774600
36 3.99235000 0.89108700 1.82799500 -0.51521400 0.05380600 1.55215900
37 1.40592100 0.00002200 -0.00000600 0.00565800 -0.02894500 0.68272200
38 1.17536400 -0.00013000 0.00000400 0.09742000 0.07554300 0.86846900
39 4.52675500 0.69045900 1.12084200 -0.49069100 0.02943900 1.64232200
40 1.74404300 -0.00003100 -0.00000200 -0.01475800 -0.02562500 0.93406200
41 1.36876300 -0.00003300 -0.00001600 0.11311900 0.11147800 0.61039100
42 2.24249900 1.34902500 -0.74849300 2.68757000 0.43837800 0.97926800
43 1.62286200 -0.22040200 -0.15537200 0.15185400 0.13855000 0.94799900
44 1.58379000 -0.15422100 0.02523200 0.06727400 0.04945100 0.19342300
45 5.51180600 0.00000000 0.00000400 0.16325100 0.00000000 0.00000000
46 0.19684800 0.00000000 0.00000000 -0.34822500 0.00001500 -0.00000200
47 0.00000000 0.00000000 0.00000000 0.00000000 0.00000000 -1.57079600
48 -3.46189900 2.90101600 -3.24579200 0.00000000 0.00000000 -3.14156200
49 -7.94267300 19.97891200 -1.35309800 0.40835600 0.21105300 -0.38728600
50 -0.15910500 0.02305100 -0.34200700 0.00000000 0.00000000 0.00000000
51 0.16895700 -0.03358900 0.65100600 0.00000000 0.00000000 0.00000000
52 0.24801400 0.17628700 -0.04521800 0.00000000 0.00000000 0.00000000
53 4.99699200 -0.07961600 -1.51780000 0.00000000 0.00000000 0.00000000
54 0.63391300 0.60768000 0.83129200 0.00000000 0.00000000 0.00000000
55 -0.29897500 -0.62533200 0.49585200 0.00000000 0.00000000 0.00000000
56 11.12727500 1.21457000 -4.99978600 0.80355900 1.02375100 2.19962600
57 -7.97505500 -3.31289700 -3.55349700 3.04808000 -0.02547800 -2.10370600
58 2.04895400 -0.03391300 -1.46330700 0.00000000 0.00000000 0.00000000
time 27
0 -0.00000100 7.45008900 -27.50902600 0.00000000 0.00000000 0.00003100
1 -0.00000200 0.00000000 0.00000000 1.57074300 -1.56713700 -1.57074300
2 4.25546800 -0.33518300 -0.00000200 0.00000000 0.00000000 -0.12484800
3 7.43124800 1.49647700 0.00000200 0.00000000 0.00000000 0.24545000
4 5.27847900 0.16554100 0.00000100 0.00000000 0.00000000 0.04851100
5 -1.03766400 -9.43453000 4.97450600 1.97586400 1.15990900 -1.29878600
6 -6.21448200 -0.00000700 -0.00002700 2.57261300 0.03083500 1.52984100
7 11.94488500 0.00000000 0.00000000 0.43298300 -0.33627200 1.28583700
8 10.62018100 0.00000000 -0.00000100 0.79403400 0.65598500 -2.71884900
9 -4.75111000 -0.69449200 0.83057500 0.02244300 -0.34124800 0.62547300
10 -1.68807100 0.00004600 -0.00003500 0.01803600 -0.01695300 0.62219900
11 -1.33613800 0.00005600 -0.00001200 0.02599300 -0.00449300 0.72429900
12 -4.82049900 -0.50945800 -0.22476000 -0.59142200 0.17173500 1.62879800
13 -1.82699100 -0.00006500 0.00000700 -0.00877900 0.03948000 1.05474700
14 -1.43657900 0.00001000 0.00000400 -0.04748700 -0.06156900 0.56561900
15 -3.99236100 -0.89118600 -1.82790900 -0.60639500 0.58941700 1.94389200
16 -1.40592300 -0.00002600 -0.00000400 0.01654100 -0.02437900 0.27905000
17 -1.17536200 0.00012700 -0.00002000 0.04192500 0.05340800 0.56994100
18 -4.52675500 -0.69057300 -1.12074500 -0.53318000 0.42052500 1.89479600
19 -1.74404500 0.00003700 -0.00000700 -0.00618100 -0.02893200 0.61965200
20 -1.36876500 0.00002400 0.00000200 -0.16436400 0.17560900 0.73252700
21 -1.87480200 -0.93512500 0.99917200 2.00090700 0.60849400 1.00710700
22 -1.52345100 0.00003100 0.00002800 0.17430900 0.04358600 0.69908300
23 -1.59928400 0.00000300 0.00001400 0.03567100 -0.02383000 0.56873300
24 5.58312600 0.11572500 0.29499900 1.94756400 -0.06728900 3.12123600
25 0.19684800 -0.00000300 0.00000300 2.79340700 0.00000600 -3.14157700
26 -4.02607300 -13.81774400 -7.06094900 1.97586200 1.15990900 1.84280300
27 6.21448500 0.00000600 0.00002000 -1.33771300 0.40341000 -2.05114300
28 11.94488900 -0.00003300 -0.00018900 0.16613100 -0.34895800 -1.52616900
29 10.62016500 0.00000800 0.00000700 -1.27902800 -0.50275100 0.29660500
30 4.75115700 0.69437600 -0.83047300 -0.12139300 -0.23408600 1.17691000
31 1.68806600 -0.00002700 0.00000200 0.00195900 -0.02465400 1.35789400
32 1.33614300 -0.00005500 -0.00000900 0.00029900 -0.03867100 0.36183900
33 4.82051500 0.50934000 0.22486500 -0.23721200 -0.11127000 1.45394900
34 1.82699700 0.00006700 0.00000800 -0.00549900 0.04010600 1.13828700
35 1.43658100 -0.00001000 0.00000700 0.00975800 -0.01157600 0.13774600
36 3.99235000 0.89108700 1.82799500 -0.51521400 0.05380600 1.55215900
37 1.40592100 0.00002200 -0.00000600 0.00565800 -0.02894500 0.68272200
38 1.17536400 -0.00013000 0.00000400 0.09742000 0.07554300 0.86846900
39 4.52675500 0.69045900 1.12084200 -0.49069100 0.02943900 1.64232200
40 1.74404300 -0.00003100 -0.00000200 -0.01475800 -0.02562500 0.93406200
41 1.36876300 -0.00003300 -0.00001600 0.11311900 0.11147800 0.61039100
42 2.24249900 1.34902500 -0.74849300 2.68757000 0.43837800 0.97926800
43 1.62286200 -0.22040200 -0.15537200 0.15185400 0.13855000 0.94799900
44 1.58379000 -0.15422100 0.02523200 0.06727400 0.04945100 0.19342300
45 5.51180600 0.00000000 0.00000400 0.16325100 0.00000000 0.00000000
46 0.19684800 0.00000000 0.00000000 -0.34822500 0.00001500 -0.00000200
47 0.00000000 0.00000000 0.00000000 0.00000000 0.00000000 -1.57079600
48 -3.46189900 2.90101600 -3.24579200 0.00000000 0.00000000 -3.14156200
49 -7.94586900 19.97891200 -1.36652800 0.40791600 0.20984600 -0.38754100
50 -0.15910500 0.02305100 -0.34200700 0.00000000 0.00000000 0.00000000
51 0.16895700 -0.03358900 0.65100600 0.00000000 0.00000000 0.00000000
52 0.24801400 0.17628700 -0.04521800 0.00000000 0.00000000 0.00000000
53 4.99699200 -0.07961600 -1.51780000 0.00000000 0.00000000 0.00000000
54 0.63391300 0.60768000 0.83129200 0.00000000 0.00000000 0.00000000
55 -0.29897500 -0.62533200 0.49585200 0.00000000 0.00000000 0.00000000
56 11.12727500 1.21457000 -4.99978600 0.80355900 1.02375100 2.19962600
57 -7.97505500 -3.31289700 -3.55349700 3.04808000 -0.02547800 -2.10370600
58 2.04895400 -0.03391300 -1.46330700 0.00000000 0.00000000 0.00000000
time 28
0 -0.00000100 7.45008900 -27.50902600 0.00000000 0.00000000 0.00003100
1 -0.00000200 0.00000000 0.00000000 1.57074300 -1.56713700 -1.57074300
2 4.25546800 -0.33518300 -0.00000200 0.00000000 0.00000000 -0.12484800
3 7.43124800 1.49647700 0.00000200 0.00000000 0.00000000 0.24545000
4 5.27847900 0.16554100 0.00000100 0.00000000 0.00000000 0.04851100
5 -1.03766400 -9.43453000 4.97450600 1.97586400 1.15990900 -1.29878600
6 -6.21448200 -0.00000700 -0.00002700 2.57249100 0.03094400 1.53021900
7 11.94488500 0.00000000 0.00000000 0.43270500 -0.33633000 1.28663900
8 10.62018100 0.00000000 -0.00000100 0.79366800 0.65552200 -2.71981100
9 -4.75111000 -0.69449200 0.83057500 0.02244300 -0.34124800 0.62547300
10 -1.68807100 0.00004600 -0.00003500 0.01803600 -0.01695300 0.62219900
11 -1.33613800 0.00005600 -0.00001200 0.02599300 -0.00449300 0.72429900
12 -4.82049900 -0.50945800 -0.22476000 -0.59142200 0.17173500 1.62879800
13 -1.82699100 -0.00006500 0.00000700 -0.00877900 0.03948000 1.05474700
14 -1.43657900 0.00001000 0.00000400 -0.04748700 -0.06156900 0.56561900
15 -3.99236100 -0.89118600 -1.82790900 -0.60639500 0.58941700 1.94389200
16 -1.40592300 -0.00002600 -0.00000400 0.01654100 -0.02437900 0.27905000
17 -1.17536200 0.00012700 -0.00002000 0.04192500 0.05340800 0.56994100
18 -4.52675500 -0.69057300 -1.12074500 -0.53318000 0.42052500 1.89479600
19 -1.74404500 0.00003700 -0.00000700 -0.00618100 -0.02893200 0.61965200
20 -1.36876500 0.00002400 0.00000200 -0.16436400 0.17560900 0.73252700
21 -1.87480200 -0.93512500 0.99917200 2.00090700 0.60849400 1.00710700
22 -1.52345100 0.00003100 0.00002800 0.17430900 0.04358600 0.69908300
23 -1.59928400 0.00000300 0.00001400 0.03567100 -0.02383000 0.56873300
24 5.58312600 0.11572500 0.29499900 1.94756400 -0.06728900 3.12123600
25 0.19684800 -0.00000300 0.00000300 2.79340700 0.00000600 -3.14157700
26 -4.02607300 -13.81774400 -7.06094900 1.97586200 1.15990900 1.84280300
27 6.21448500 0.00000600 0.00002000 -1.33791000 0.40471800 -2.05117500
28 11.94488900 -0.00003300 -0.00018900 0.16632800 -0.34896000 -1.52693900
29 10.62016500 0.00000800 0.00000700 -1.27960500 -0.50304200 0.29703400
30 4.75115700 0.69437600 -0.83047300 -0.12139300 -0.23408600 1.17691000
31 1.68806600 -0.00002700 0.00000200 0.00195900 -0.02465400 1.35789400
32 1.33614300 -0.00005500 -0.00000900 0.00029900 -0.03867100 0.36183900
33 4.82051500 0.50934000 0.22486500 -0.23721200 -0.11127000 1.45394900
34 1.82699700 0.00006700 0.00000800 -0.00549900 0.04010600 1.13828700
35 1.43658100 -0.00001000 0.00000700 0.00975800 -0.01157600 0.13774600
36 3.99235000 0.89108700 1.82799500 -0.51521400 0.05380600 1.55215900
37 1.40592100 0.00002200 -0.00000600 0.00565800 -0.02894500 0.68272200
38 1.17536400 -0.00013000 0.00000400 0.09742000 0.07554300 0.86846900
39 4.52675500 0.69045900 1.12084200 -0.49069100 0.02943900 1.64232200
40 1.74404300 -0.00003100 -0.00000200 -0.01475800 -0.02562500 0.93406200
41 1.36876300 -0.00003300 -0.00001600 0.11311900 0.11147800 0.61039100
42 2.24249900 1.34902500 -0.74849300 2.68757000 0.43837800 0.97926800
43 1.62286200 -0.22040200 -0.15537200 0.15185400 0.13855000 0.94799900
44 1.58379000 -0.15422100 0.02523200 0.06727400 0.04945100 0.19342300
45 5.51180600 0.00000000 0.00000400 0.16325100 0.00000000 0.00000000
46 0.19684800 0.00000000 0.00000000 -0.34822500 0.00001500 -0.00000200
47 0.00000000 0.00000000 0.00000000 0.00000000 0.00000000 -1.57079600
48 -3.46189900 2.90101600 -3.24579200 0.00000000 0.00000000 -3.14156200
49 -7.94823800 19.97891200 -1.37647900 0.40761100 0.20892400 -0.38773300
50 -0.15910500 0.02305100 -0.34200700 0.00000000 0.00000000 0.00000000
51 0.16895700 -0.03358900 0.65100600 0.00000000 0.00000000 0.00000000
52 0.24801400 0.17628700 -0.04521800 0.00000000 0.00000000 0.00000000
53 4.99699200 -0.07961600 -1.51780000 0.00000000 0.00000000 0.00000000
54 0.63391300 0.60768000 0.83129200 0.00000000 0.00000000 0.00000000
55 -0.29897500 -0.62533200 0.49585200 0.00000000 0.00000000 0.00000000
56 11.12727500 1.21457000 -4.99978600 0.80355900 1.02375100 2.19962600
57 -7.97505500 -3.31289700 -3.55349700 3.04808000 -0.02547800 -2.10370600
58 2.04895400 -0.03391300 -1.46330700 0.00000000 0.00000000 0.00000000
time 29
0 -0.00000100 7.45008900 -27.50902600 0.00000000 0.00000000 0.00003100
1 -0.00000200 0.00000000 0.00000000 1.57074300 -1.56713700 -1.57074300
2 4.25546800 -0.33518300 -0.00000200 0.00000000 0.00000000 -0.12484800
3 7.43124800 1.49647700 0.00000200 0.00000000 0.00000000 0.24545000
4 5.27847900 0.16554100 0.00000100 0.00000000 0.00000000 0.04851100
5 -1.03766400 -9.43453000 4.97450600 1.97586400 1.15990900 -1.29878600
6 -6.21448200 -0.00000700 -0.00002700 2.57243200 0.03095600 1.53048200
7 11.94488500 0.00000000 0.00000000 0.43253900 -0.33639600 1.28721000
8 10.62018100 0.00000000 -0.00000100 0.79340700 0.65524600 -2.72044400
9 -4.75111000 -0.69449200 0.83057500 0.02244300 -0.34124800 0.62547300
10 -1.68807100 0.00004600 -0.00003500 0.01803600 -0.01695300 0.62219900
11 -1.33613800 0.00005600 -0.00001200 0.02599300 -0.00449300 0.72429900
12 -4.82049900 -0.50945800 -0.22476000 -0.59142200 0.17173500 1.62879800
13 -1.82699100 -0.00006500 0.00000700 -0.00877900 0.03948000 1.05474700
14 -1.43657900 0.00001000 0.00000400 -0.04748700 -0.06156900 0.56561900
15 -3.99236100 -0.89118600 -1.82790900 -0.60639500 0.58941700 1.94389200
16 -1.40592300 -0.00002600 -0.00000400 0.01654100 -0.02437900 0.27905000
17 -1.17536200 0.00012700 -0.00002000 0.04192500 0.05340800 0.56994100
18 -4.52675500 -0.69057300 -1.12074500 -0.53318000 0.42052500 1.89479600
19 -1.74404500 0.00003700 -0.00000700 -0.00618100 -0.02893200 0.61965200
20 -1.36876500 0.00002400 0.00000200 -0.16436400 0.17560900 0.73252700
21 -1.87480200 -0.93512500 0.99917200 2.00090700 0.60849400 1.00710700
22 -1.52345100 0.00003100 0.00002800 0.17430900 0.04358600 0.69908300
23 -1.59928400 0.00000300 0.00001400 0.03567100 -0.02383000 0.56873300
24 5.58312600 0.11572500 0.29499900 1.94756400 -0.06728900 3.12123600
25 0.19684800 -0.00000300 0.00000300 2.79340700 0.00000600 -3.14157700
26 -4.02607300 -13.81774400 -7.06094900 1.97586200 1.15990900 1.84280300
27 6.21448500 0.00000600 0.00002000 -1.33811800 0.40558500 -2.05117000
28 11.94488900 -0.00003300 -0.00018900 0.16663300 -0.34897400 -1.52762000
29 10.62016500 0.00000800 0.00000700 -1.27997500 -0.50321400 0.29729700
30 4.75115700 0.69437600 -0.83047300 -0.12139300 -0.23408600 1.17691000
31 1.68806600 -0.00002700 0.00000200 0.00195900 -0.02465400 1.35789400
32 1.33614300 -0.00005500 -0.00000900 0.00029900 -0.03867100 0.36183900
33 4.82051500 0.50934000 0.22486500 -0.23721200 -0.11127000 1.45394900
34 1.82699700 0.00006700 0.00000800 -0.00549900 0.04010600 1.13828700
35 1.43658100 -0.00001000 0.00000700 0.00975800 -0.01157600 0.13774600
36 3.99235000 0.89108700 1.82799500 -0.51521400 0.05380600 1.55215900
37 1.40592100 0.00002200 -0.00000600 0.00565800 -0.02894500 0.68272200
38 1.17536400 -0.00013000 0.00000400 0.09742000 0.07554300 0.86846900
39 4.52675500 0.69045900 1.12084200 -0.49069100 0.02943900 1.64232200
40 1.74404300 -0.00003100 -0.00000200 -0.01475800 -0.02562500 0.93406200
41 1.36876300 -0.00003300 -0.00001600 0.11311900 0.11147800 0.61039100
42 2.24249900 1.34902500 -0.74849300 2.68757000 0.43837800 0.97926800
43 1.62286200 -0.22040200 -0.15537200 0.15185400 0.13855000 0.94799900
44 1.58379000 -0.15422100 0.02523200 0.06727400 0.04945100 0.19342300
45 5.51180600 0.00000000 0.00000400 0.16325100 0.00000000 0.00000000
46 0.19684800 0.00000000 0.00000000 -0.34822500 0.00001500 -0.00000200
47 0.00000000 0.00000000 0.00000000 0.00000000 0.00000000 -1.57079600
48 -3.46189900 2.90101600 -3.24579200 0.00000000 0.00000000 -3.14156200
49 -7.94971200 19.97891200 -1.38266300 0.40742900 0.20837100 -0.38784800
50 -0.15910500 0.02305100 -0.34200700 0.00000000 0.00000000 0.00000000
51 0.16895700 -0.03358900 0.65100600 0.00000000 0.00000000 0.00000000
52 0.24801400 0.17628700 -0.04521800 0.00000000 0.00000000 0.00000000
53 4.99699200 -0.07961600 -1.51780000 0.00000000 0.00000000 0.00000000
54 0.63391300 0.60768000 0.83129200 0.00000000 0.00000000 0.00000000
55 -0.29897500 -0.62533200 0.49585200 0.00000000 0.00000000 0.00000000
56 11.12727500 1.21457000 -4.99978600 0.80355900 1.02375100 2.19962600
57 -7.97505500 -3.31289700 -3.55349700 3.04808000 -0.02547800 -2.10370600
58 2.04895400 -0.03391300 -1.46330700 0.00000000 0.00000000 0.00000000
time 30
0 -0.00000100 7.45008900 -27.50902600 0.00000000 0.00000000 0.00003100
1 -0.00000200 0.00000000 0.00000000 1.57074300 -1.56713700 -1.57074300
2 4.25546800 -0.33518300 -0.00000200 0.00000000 0.00000000 -0.12484800
3 7.43124800 1.49647700 0.00000200 0.00000000 0.00000000 0.24545000
4 5.27847900 0.16554100 0.00000100 0.00000000 0.00000000 0.04851100
5 -1.03766400 -9.43453000 4.97450600 1.97586400 1.15990900 -1.29878600
6 -6.21448200 -0.00000700 -0.00002700 2.57237200 0.03093400 1.53062900
7 11.94488500 0.00000000 0.00000000 0.43242800 -0.33638900 1.28744200
8 10.62018100 0.00000000 -0.00000100 0.79327700 0.65512300 -2.72065600
9 -4.75111000 -0.69449200 0.83057500 0.02244300 -0.34124800 0.62547300
10 -1.68807100 0.00004600 -0.00003500 0.01803600 -0.01695300 0.62219900
11 -1.33613800 0.00005600 -0.00001200 0.02599300 -0.00449300 0.72429900
12 -4.82049900 -0.50945800 -0.22476000 -0.59142200 0.17173500 1.62879800
13 -1.82699100 -0.00006500 0.00000700 -0.00877900 0.03948000 1.05474700
14 -1.43657900 0.00001000 0.00000400 -0.04748700 -0.06156900 0.56561900
15 -3.99236100 -0.89118600 -1.82790900 -0.60639500 0.58941700 1.94389200
16 -1.40592300 -0.00002600 -0.00000400 0.01654100 -0.02437900 0.27905000
17 -1.17536200 0.00012700 -0.00002000 0.04192500 0.05340800 0.56994100
18 -4.52675500 -0.69057300 -1.12074500 -0.53318000 0.42052500 1.89479600
19 -1.74404500 0.00003700 -0.00000700 -0.00618100 -0.02893200 0.61965200
20 -1.36876500 0.00002400 0.00000200 -0.16436400 0.17560900 0.73252700
21 -1.87480200 -0.93512500 0.99917200 2.00090700 0.60849400 1.00710700
22 -1.52345100 0.00003100 0.00002800 0.17430900 0.04358600 0.69908300
23 -1.59928400 0.00000300 0.00001400 0.03567100 -0.02383000 0.56873300
24 5.58312900 0.11572600 0.29499700 1.94756400 -0.06728900 3.12123600
25 0.19684800 -0.00000300 0.00000300 2.79340700 0.00000600 -3.14157700
26 -4.02607300 -13.81774400 -7.06094900 1.97586200 1.15990900 1.84280300
27 6.21448500 0.00000600 0.00002000 -1.33812100 0.40588600 -2.05109900
28 11.94488900 -0.00003300 -0.00018900 0.16665500 -0.34896400 -1.52774400
29 10.62016500 0.00000800 0.00000700 -1.28013600 -0.50326600 0.29739400
30 4.75115700 0.69437600 -0.83047300 -0.12139300 -0.23408600 1.17691000
31 1.68806600 -0.00002700 0.00000200 0.00195900 -0.02465400 1.35789400
32 1.33614300 -0.00005500 -0.00000900 0.00029900 -0.03867100 0.36183900
33 4.82051500 0.50934000 0.22486500 -0.23721200 -0.11127000 1.45394900
34 1.82699700 0.00006700 0.00000800 -0.00549900 0.04010600 1.13828700
35 1.43658100 -0.00001000 0.00000700 0.00975800 -0.01157600 0.13774600
36 3.99235000 0.89108700 1.82799500 -0.51521400 0.05380600 1.55215900
37 1.40592100 0.00002200 -0.00000600 0.00565800 -0.02894500 0.68272200
38 1.17536400 -0.00013000 0.00000400 0.09742000 0.07554300 0.86846900
39 4.52675500 0.69045900 1.12084200 -0.49069100 0.02943900 1.64232200
40 1.74404300 -0.00003100 -0.00000200 -0.01475800 -0.02562500 0.93406200
41 1.36876300 -0.00003300 -0.00001600 0.11311900 0.11147800 0.61039100
42 2.24249600 1.34902600 -0.74849500 2.68757000 0.43837800 0.97926800
43 1.62286000 -0.22039800 -0.15537300 0.15185400 0.13855000 0.94799900
44 1.58379200 -0.15422100 0.02523200 0.06727400 0.04945100 0.19342300
45 5.51180600 0.00000000 0.00000400 0.16325100 0.00000000 0.00000000
46 0.19684800 0.00000000 0.00000000 -0.34822500 0.00001500 -0.00000200
47 0.00000000 0.00000000 0.00000000 0.00000000 0.00000000 -1.57079600
48 -3.46189900 2.90101600 -3.24579200 0.00000000 0.00000000 -3.14156200
49 -7.95021700 19.97891200 -1.38478900 0.40736800 0.20818600 -0.38788600
50 -0.15910500 0.02305100 -0.34200700 0.00000000 0.00000000 0.00000000
51 0.16895700 -0.03358900 0.65100600 0.00000000 0.00000000 0.00000000
52 0.24801400 0.17628700 -0.04521800 0.00000000 0.00000000 0.00000000
53 4.99699200 -0.07961600 -1.51780000 0.00000000 0.00000000 0.00000000
54 0.63391300 0.60768000 0.83129200 0.00000000 0.00000000 0.00000000
55 -0.29897500 -0.62533200 0.49585200 0.00000000 0.00000000 0.00000000
56 11.12727300 1.21456700 -4.99979000 0.80355900 1.02375100 2.19962600
57 -7.97506600 -3.31287700 -3.55349900 3.04808000 -0.02547800 -2.10370600
58 2.04895400 -0.03391300 -1.46330700 0.00000000 0.00000000 0.00000000
time 31
0 -0.00000100 7.45008900 -27.50902600 0.00000000 0.00000000 0.00003100
1 -0.00000200 0.00000000 0.00000000 1.57074300 -1.56713700 -1.57074300
2 4.25546800 -0.33518300 -0.00000200 0.00000000 0.00000000 -0.12484800
3 7.43124800 1.49647700 0.00000200 0.00000000 0.00000000 0.24545000
4 5.27847900 0.16554100 0.00000100 0.00000000 0.00000000 0.04851100
5 -1.03766400 -9.43453000 4.97450600 1.97586400 1.15990900 -1.29878600
6 -6.21448200 -0.00000700 -0.00002700 2.57243200 0.03095600 1.53048200
7 11.94488500 0.00000000 0.00000000 0.43253900 -0.33639600 1.28721000
8 10.62018100 0.00000000 -0.00000100 0.79340700 0.65524600 -2.72044400
9 -4.75111000 -0.69449200 0.83057500 0.02244300 -0.34124800 0.62547300
10 -1.68807100 0.00004600 -0.00003500 0.01803600 -0.01695300 0.62219900
11 -1.33613800 0.00005600 -0.00001200 0.02599300 -0.00449300 0.72429900
12 -4.82049900 -0.50945800 -0.22476000 -0.59142200 0.17173500 1.62879800
13 -1.82699100 -0.00006500 0.00000700 -0.00877900 0.03948000 1.05474700
14 -1.43657900 0.00001000 0.00000400 -0.04748700 -0.06156900 0.56561900
15 -3.99236100 -0.89118600 -1.82790900 -0.60639500 0.58941700 1.94389200
16 -1.40592300 -0.00002600 -0.00000400 0.01654100 -0.02437900 0.27905000
17 -1.17536200 0.00012700 -0.00002000 0.04192500 0.05340800 0.56994100
18 -4.52675500 -0.69057300 -1.12074500 -0.53318000 0.42052500 1.89479600
19 -1.74404500 0.00003700 -0.00000700 -0.00618100 -0.02893200 0.61965200
20 -1.36876500 0.00002400 0.00000200 -0.16436400 0.17560900 0.73252700
21 -1.87480200 -0.93512500 0.99917200 2.00090700 0.60849400 1.00710700
22 -1.52345100 0.00003100 0.00002800 0.17430900 0.04358600 0.69908300
23 -1.59928400 0.00000300 0.00001400 0.03567100 -0.02383000 0.56873300
24 5.58312900 0.11572600 0.29499700 1.94756400 -0.06728900 3.12123600
25 0.19684800 -0.00000300 0.00000300 2.79340700 0.00000600 -3.14157700
26 -4.02607300 -13.81774400 -7.06094900 1.97586200 1.15990900 1.84280300
27 6.21448500 0.00000600 0.00002000 -1.33811800 0.40558500 -2.05117000
28 11.94488900 -0.00003300 -0.00018900 0.16663300 -0.34897400 -1.52762000
29 10.62016500 0.00000800 0.00000700 -1.27997500 -0.50321400 0.29729700
30 4.75115700 0.69437600 -0.83047300 -0.12139300 -0.23408600 1.17691000
31 1.68806600 -0.00002700 0.00000200 0.00195900 -0.02465400 1.35789400
32 1.33614300 -0.00005500 -0.00000900 0.00029900 -0.03867100 0.36183900
33 4.82051500 0.50934000 0.22486500 -0.23721200 -0.11127000 1.45394900
34 1.82699700 0.00006700 0.00000800 -0.00549900 0.04010600 1.13828700
35 1.43658100 -0.00001000 0.00000700 0.00975800 -0.01157600 0.13774600
36 3.99235000 0.89108700 1.82799500 -0.51521400 0.05380600 1.55215900
37 1.40592100 0.00002200 -0.00000600 0.00565800 -0.02894500 0.68272200
38 1.17536400 -0.00013000 0.00000400 0.09742000 0.07554300 0.86846900
39 4.52675500 0.69045900 1.12084200 -0.49069100 0.02943900 1.64232200
40 1.74404300 -0.00003100 -0.00000200 -0.01475800 -0.02562500 0.93406200
41 1.36876300 -0.00003300 -0.00001600 0.11311900 0.11147800 0.61039100
42 2.24249600 1.34902600 -0.74849500 2.68757000 0.43837800 0.97926800
43 1.62286000 -0.22039800 -0.15537300 0.15185400 0.13855000 0.94799900
44 1.58379200 -0.15422100 0.02523200 0.06727400 0.04945100 0.19342300
45 5.51180600 0.00000000 0.00000400 0.16325100 0.00000000 0.00000000
46 0.19684800 0.00000000 0.00000000 -0.34822500 0.00001500 -0.00000200
47 0.00000000 0.00000000 0.00000000 0.00000000 0.00000000 -1.57079600
48 -3.46189900 2.90101600 -3.24579200 0.00000000 0.00000000 -3.14156200
49 -7.94971200 19.97891200 -1.38266300 0.40742900 0.20837100 -0.38784800
50 -0.15910500 0.02305100 -0.34200700 0.00000000 0.00000000 0.00000000
51 0.16895700 -0.03358900 0.65100600 0.00000000 0.00000000 0.00000000
52 0.24801400 0.17628700 -0.04521800 0.00000000 0.00000000 0.00000000
53 4.99699200 -0.07961600 -1.51780000 0.00000000 0.00000000 0.00000000
54 0.63391300 0.60768000 0.83129200 0.00000000 0.00000000 0.00000000
55 -0.29897500 -0.62533200 0.49585200 0.00000000 0.00000000 0.00000000
56 11.12727300 1.21456700 -4.99979000 0.80355900 1.02375100 2.19962600
57 -7.97506600 -3.31287700 -3.55349900 3.04808000 -0.02547800 -2.10370600
58 2.04895400 -0.03391300 -1.46330700 0.00000000 0.00000000 0.00000000
time 32
0 -0.00000100 7.45008900 -27.50902600 0.00000000 0.00000000 0.00003100
1 -0.00000200 0.00000000 0.00000000 1.57074300 -1.56713700 -1.57074300
2 4.25546800 -0.33518300 -0.00000200 0.00000000 0.00000000 -0.12484800
3 7.43124800 1.49647700 0.00000200 0.00000000 0.00000000 0.24545000
4 5.27847900 0.16554100 0.00000100 0.00000000 0.00000000 0.04851100
5 -1.03766400 -9.43453000 4.97450600 1.97586400 1.15990900 -1.29878600
6 -6.21448200 -0.00000700 -0.00002700 2.57249100 0.03094400 1.53021900
7 11.94488500 0.00000000 0.00000000 0.43270500 -0.33633000 1.28663900
8 10.62018100 0.00000000 -0.00000100 0.79366800 0.65552200 -2.71981100
9 -4.75111000 -0.69449200 0.83057500 0.02244300 -0.34124800 0.62547300
10 -1.68807100 0.00004600 -0.00003500 0.01803600 -0.01695300 0.62219900
11 -1.33613800 0.00005600 -0.00001200 0.02599300 -0.00449300 0.72429900
12 -4.82049900 -0.50945800 -0.22476000 -0.59142200 0.17173500 1.62879800
13 -1.82699100 -0.00006500 0.00000700 -0.00877900 0.03948000 1.05474700
14 -1.43657900 0.00001000 0.00000400 -0.04748700 -0.06156900 0.56561900
15 -3.99236100 -0.89118600 -1.82790900 -0.60639500 0.58941700 1.94389200
16 -1.40592300 -0.00002600 -0.00000400 0.01654100 -0.02437900 0.27905000
17 -1.17536200 0.00012700 -0.00002000 0.04192500 0.05340800 0.56994100
18 -4.52675500 -0.69057300 -1.12074500 -0.53318000 0.42052500 1.89479600
19 -1.74404500 0.00003700 -0.00000700 -0.00618100 -0.02893200 0.61965200
20 -1.36876500 0.00002400 0.00000200 -0.16436400 0.17560900 0.73252700
21 -1.87480200 -0.93512500 0.99917200 2.00090700 0.60849400 1.00710700
22 -1.52345100 0.00003100 0.00002800 0.17430900 0.04358600 0.69908300
23 -1.59928400 0.00000300 0.00001400 0.03567100 -0.02383000 0.56873300
24 5.58312900 0.11572600 0.29499700 1.94756400 -0.06728900 3.12123600
25 0.19684800 -0.00000300 0.00000300 2.79340700 0.00000600 -3.14157700
26 -4.02607300 -13.81774400 -7.06094900 1.97586200 1.15990900 1.84280300
27 6.21448500 0.00000600 0.00002000 -1.33791000 0.40471800 -2.05117500
28 11.94488900 -0.00003300 -0.00018900 0.16632800 -0.34896000 -1.52693900
29 10.62016500 0.00000800 0.00000700 -1.27960500 -0.50304200 0.29703400
30 4.75115700 0.69437600 -0.83047300 -0.12139300 -0.23408600 1.17691000
31 1.68806600 -0.00002700 0.00000200 0.00195900 -0.02465400 1.35789400
32 1.33614300 -0.00005500 -0.00000900 0.00029900 -0.03867100 0.36183900
33 4.82051500 0.50934000 0.22486500 -0.23721200 -0.11127000 1.45394900
34 1.82699700 0.00006700 0.00000800 -0.00549900 0.04010600 1.13828700
35 1.43658100 -0.00001000 0.00000700 0.00975800 -0.01157600 0.13774600
36 3.99235000 0.89108700 1.82799500 -0.51521400 0.05380600 1.55215900
37 1.40592100 0.00002200 -0.00000600 0.00565800 -0.02894500 0.68272200
38 1.17536400 -0.00013000 0.00000400 0.09742000 0.07554300 0.86846900
39 4.52675500 0.69045900 1.12084200 -0.49069100 0.02943900 1.64232200
40 1.74404300 -0.00003100 -0.00000200 -0.01475800 -0.02562500 0.93406200
41 1.36876300 -0.00003300 -0.00001600 0.11311900 0.11147800 0.61039100
42 2.24249600 1.34902600 -0.74849500 2.68757000 0.43837800 0.97926800
43 1.62286000 -0.22039800 -0.15537300 0.15185400 0.13855000 0.94799900
44 1.58379200 -0.15422100 0.02523200 0.06727400 0.04945100 0.19342300
45 5.51180600 0.00000000 0.00000400 0.16325100 0.00000000 0.00000000
46 0.19684800 0.00000000 0.00000000 -0.34822500 0.00001500 -0.00000200
47 0.00000000 0.00000000 0.00000000 0.00000000 0.00000000 -1.57079600
48 -3.46189900 2.90101600 -3.24579200 0.00000000 0.00000000 -3.14156200
49 -7.94823800 19.97891200 -1.37647900 0.40761100 0.20892400 -0.38773300
50 -0.15910500 0.02305100 -0.34200700 0.00000000 0.00000000 0.00000000
51 0.16895700 -0.03358900 0.65100600 0.00000000 0.00000000 0.00000000
52 0.24801400 0.17628700 -0.04521800 0.00000000 0.00000000 0.00000000
53 4.99699200 -0.07961600 -1.51780000 0.00000000 0.00000000 0.00000000
54 0.63391300 0.60768000 0.83129200 0.00000000 0.00000000 0.00000000
55 -0.29897500 -0.62533200 0.49585200 0.00000000 0.00000000 0.00000000
56 11.12727300 1.21456700 -4.99979000 0.80355900 1.02375100 2.19962600
57 -7.97506600 -3.31287700 -3.55349900 3.04808000 -0.02547800 -2.10370600
58 2.04895400 -0.03391300 -1.46330700 0.00000000 0.00000000 0.00000000
time 33
0 -0.00000100 7.45008900 -27.50902600 0.00000000 0.00000000 0.00003100
1 -0.00000200 0.00000000 0.00000000 1.57074300 -1.56713700 -1.57074300
2 4.25546800 -0.33518300 -0.00000200 0.00000000 0.00000000 -0.12484800
3 7.43124800 1.49647700 0.00000200 0.00000000 0.00000000 0.24545000
4 5.27847900 0.16554100 0.00000100 0.00000000 0.00000000 0.04851100
5 -1.03766400 -9.43453000 4.97450600 1.97586400 1.15990900 -1.29878600
6 -6.21448200 -0.00000700 -0.00002700 2.57261300 0.03083500 1.52984100
7 11.94488500 0.00000000 0.00000000 0.43298300 -0.33627200 1.28583700
8 10.62018100 0.00000000 -0.00000100 0.79403400 0.65598500 -2.71884900
9 -4.75111000 -0.69449200 0.83057500 0.02244300 -0.34124800 0.62547300
10 -1.68807100 0.00004600 -0.00003500 0.01803600 -0.01695300 0.62219900
11 -1.33613800 0.00005600 -0.00001200 0.02599300 -0.00449300 0.72429900
12 -4.82049900 -0.50945800 -0.22476000 -0.59142200 0.17173500 1.62879800
13 -1.82699100 -0.00006500 0.00000700 -0.00877900 0.03948000 1.05474700
14 -1.43657900 0.00001000 0.00000400 -0.04748700 -0.06156900 0.56561900
15 -3.99236100 -0.89118600 -1.82790900 -0.60639500 0.58941700 1.94389200
16 -1.40592300 -0.00002600 -0.00000400 0.01654100 -0.02437900 0.27905000
17 -1.17536200 0.00012700 -0.00002000 0.04192500 0.05340800 0.56994100
18 -4.52675500 -0.69057300 -1.12074500 -0.53318000 0.42052500 1.89479600
19 -1.74404500 0.00003700 -0.00000700 -0.00618100 -0.02893200 0.61965200
20 -1.36876500 0.00002400 0.00000200 -0.16436400 0.17560900 0.73252700
21 -1.87480200 -0.93512500 0.99917200 2.00090700 0.60849400 1.00710700
22 -1.52345100 0.00003100 0.00002800 0.17430900 0.04358600 0.69908300
23 -1.59928400 0.00000300 0.00001400 0.03567100 -0.02383000 0.56873300
24 5.58312900 0.11572600 0.29499700 1.94756400 -0.06728900 3.12123600
25 0.19684800 -0.00000300 0.00000300 2.79340700 0.00000600 -3.14157700
26 -4.02607300 -13.81774400 -7.06094900 1.97586200 1.15990900 1.84280300
27 6.21448500 0.00000600 0.00002000 -1.33771300 0.40341000 -2.05114300
28 11.94488900 -0.00003300 -0.00018900 0.16613100 -0.34895800 -1.52616900
29 10.62016500 0.00000800 0.00000700 -1.27898100 -0.50268300 0.29653700
30 4.75115700 0.69437600 -0.83047300 -0.12139300 -0.23408600 1.17691000
31 1.68806600 -0.00002700 0.00000200 0.00195900 -0.02465400 1.35789400
32 1.33614300 -0.00005500 -0.00000900 0.00029900 -0.03867100 0.36183900
33 4.82051500 0.50934000 0.22486500 -0.23721200 -0.11127000 1.45394900
34 1.82699700 0.00006700 0.00000800 -0.00549900 0.04010600 1.13828700
35 1.43658100 -0.00001000 0.00000700 0.00975800 -0.01157600 0.13774600
36 3.99235000 0.89108700 1.82799500 -0.51521400 0.05380600 1.55215900
37 1.40592100 0.00002200 -0.00000600 0.00565800 -0.02894500 0.68272200
38 1.17536400 -0.00013000 0.00000400 0.09742000 0.07554300 0.86846900
39 4.52675500 0.69045900 1.12084200 -0.49069100 0.02943900 1.64232200
40 1.74404300 -0.00003100 -0.00000200 -0.01475800 -0.02562500 0.93406200
41 1.36876300 -0.00003300 -0.00001600 0.11311900 0.11147800 0.61039100
42 2.24249600 1.34902600 -0.74849500 2.68757000 0.43837800 0.97926800
43 1.62286000 -0.22039800 -0.15537300 0.15185400 0.13855000 0.94799900
44 1.58379200 -0.15422100 0.02523200 0.06727400 0.04945100 0.19342300
45 5.51180600 0.00000000 0.00000400 0.16325100 0.00000000 0.00000000
46 0.19684800 0.00000000 0.00000000 -0.34822500 0.00001500 -0.00000200
47 0.00000000 0.00000000 0.00000000 0.00000000 0.00000000 -1.57079600
48 -3.46189900 2.90101600 -3.24579200 0.00000000 0.00000000 -3.14156200
49 -7.94586900 19.97891200 -1.36652800 0.40791600 0.20984600 -0.38754100
50 -0.15910500 0.02305100 -0.34200700 0.00000000 0.00000000 0.00000000
51 0.16895700 -0.03358900 0.65100600 0.00000000 0.00000000 0.00000000
52 0.24801400 0.17628700 -0.04521800 0.00000000 0.00000000 0.00000000
53 4.99699200 -0.07961600 -1.51780000 0.00000000 0.00000000 0.00000000
54 0.63391300 0.60768000 0.83129200 0.00000000 0.00000000 0.00000000
55 -0.29897500 -0.62533200 0.49585200 0.00000000 0.00000000 0.00000000
56 11.12727300 1.21456700 -4.99979000 0.80355900 1.02375100 2.19962600
57 -7.97506600 -3.31287700 -3.55349900 3.04808000 -0.02547800 -2.10370600
58 2.04895400 -0.03391300 -1.46330700 0.00000000 0.00000000 0.00000000
time 34
0 -0.00000100 7.45008900 -27.50902600 0.00000000 0.00000000 0.00003100
1 -0.00000200 0.00000000 0.00000000 1.57074300 -1.56713700 -1.57074300
2 4.25546800 -0.33518300 -0.00000200 0.00000000 0.00000000 -0.12484800
3 7.43124800 1.49647700 0.00000200 0.00000000 0.00000000 0.24545000
4 5.27847900 0.16554100 0.00000100 0.00000000 0.00000000 0.04851100
5 -1.03766400 -9.43453000 4.97450600 1.97586400 1.15990900 -1.29878600
6 -6.21448200 -0.00000700 -0.00002700 2.57292100 0.03074100 1.52928500
7 11.94488500 0.00000000 0.00000000 0.43340800 -0.33617100 1.28457700
8 10.62018100 0.00000000 -0.00000100 0.79463800 0.65658100 -2.71742900
9 -4.75111000 -0.69449200 0.83057500 0.02244300 -0.34124800 0.62547300
10 -1.68807100 0.00004600 -0.00003500 0.01803600 -0.01695300 0.62219900
11 -1.33613800 0.00005600 -0.00001200 0.02599300 -0.00449300 0.72429900
12 -4.82049900 -0.50945800 -0.22476000 -0.59142200 0.17173500 1.62879800
13 -1.82699100 -0.00006500 0.00000700 -0.00877900 0.03948000 1.05474700
14 -1.43657900 0.00001000 0.00000400 -0.04748700 -0.06156900 0.56561900
15 -3.99236100 -0.89118600 -1.82790900 -0.60639500 0.58941700 1.94389200
16 -1.40592300 -0.00002600 -0.00000400 0.01654100 -0.02437900 0.27905000
17 -1.17536200 0.00012700 -0.00002000 0.04192500 0.05340800 0.56994100
18 -4.52675500 -0.69057300 -1.12074500 -0.53318000 0.42052500 1.89479600
19 -1.74404500 0.00003700 -0.00000700 -0.00618100 -0.02893200 0.61965200
20 -1.36876500 0.00002400 0.00000200 -0.16436400 0.17560900 0.73252700
21 -1.87480200 -0.93512500 0.99917200 2.00090700 0.60849400 1.00710700
22 -1.52345100 0.00003100 0.00002800 0.17430900 0.04358600 0.69908300
23 -1.59928400 0.00000300 0.00001400 0.03567100 -0.02383000 0.56873300
24 5.58312900 0.11572600 0.29499700 1.94756400 -0.06728900 3.12123600
25 0.19684800 -0.00000300 0.00000300 2.79340700 0.00000600 -3.14157700
26 -4.02607300 -13.81774400 -7.06094900 1.97586200 1.15990900 1.84280300
27 6.21448500 0.00000600 0.00002000 -1.33730200 0.40160400 -2.05109900
28 11.94488900 -0.00003300 -0.00018900 0.16565100 -0.34893100 -1.52484100
29 10.62016500 0.00000800 0.00000700 -1.27823400 -0.50239100 0.29593900
30 4.75115700 0.69437600 -0.83047300 -0.12139300 -0.23408600 1.17691000
31 1.68806600 -0.00002700 0.00000200 0.00195900 -0.02465400 1.35789400
32 1.33614300 -0.00005500 -0.00000900 0.00029900 -0.03867100 0.36183900
33 4.82051500 0.50934000 0.22486500 -0.23721200 -0.11127000 1.45394900
34 1.82699700 0.00006700 0.00000800 -0.00549900 0.04010600 1.13828700
35 1.43658100 -0.00001000 0.00000700 0.00975800 -0.01157600 0.13774600
36 3.99235000 0.89108700 1.82799500 -0.51521400 0.05380600 1.55215900
37 1.40592100 0.00002200 -0.00000600 0.00565800 -0.02894500 0.68272200
38 1.17536400 -0.00013000 0.00000400 0.09742000 0.07554300 0.86846900
39 4.52675500 0.69045900 1.12084200 -0.49069100 0.02943900 1.64232200
40 1.74404300 -0.00003100 -0.00000200 -0.01475800 -0.02562500 0.93406200
41 1.36876300 -0.00003300 -0.00001600 0.11311900 0.11147800 0.61039100
42 2.24249600 1.34902600 -0.74849500 2.68757000 0.43837800 0.97926800
43 1.62286000 -0.22039800 -0.15537300 0.15185400 0.13855000 0.94799900
44 1.58379200 -0.15422100 0.02523200 0.06727400 0.04945100 0.19342300
45 5.51180600 0.00000000 0.00000400 0.16325100 0.00000000 0.00000000
46 0.19684800 0.00000000 0.00000000 -0.34822500 0.00001500 -0.00000200
47 0.00000000 0.00000000 0.00000000 0.00000000 0.00000000 -1.57079600
48 -3.46189900 2.90101600 -3.24579200 0.00000000 0.00000000 -3.14156200
49 -7.94267300 19.97891200 -1.35309800 0.40835600 0.21105300 -0.38728600
50 -0.15910500 0.02305100 -0.34200700 0.00000000 0.00000000 0.00000000
51 0.16895700 -0.03358900 0.65100600 0.00000000 0.00000000 0.00000000
52 0.24801400 0.17628700 -0.04521800 0.00000000 0.00000000 0.00000000
53 4.99699200 -0.07961600 -1.51780000 0.00000000 0.00000000 0.00000000
54 0.63391300 0.60768000 0.83129200 0.00000000 0.00000000 0.00000000
55 -0.29897500 -0.62533200 0.49585200 0.00000000 0.00000000 0.00000000
56 11.12727300 1.21456700 -4.99979000 0.80355900 1.02375100 2.19962600
57 -7.97506600 -3.31287700 -3.55349900 3.04808000 -0.02547800 -2.10370600
58 2.04895400 -0.03391300 -1.46330700 0.00000000 0.00000000 0.00000000
time 35
0 -0.00000100 7.45008900 -27.50902600 0.00000000 0.00000000 0.00003100
1 -0.00000200 0.00000000 0.00000000 1.57074300 -1.56713700 -1.57074300
2 4.25546800 -0.33518300 -0.00000200 0.00000000 0.00000000 -0.12484800
3 7.43124800 1.49647700 0.00000200 0.00000000 0.00000000 0.24545000
4 5.27847900 0.16554100 0.00000100 0.00000000 0.00000000 0.04851100
5 -1.03766400 -9.43453000 4.97450600 1.97586400 1.15990900 -1.29878600
6 -6.21448200 -0.00000700 -0.00002700 2.57310100 0.03062100 1.52864400
7 11.94488500 0.00000000 0.00000000 0.43392000 -0.33595400 1.28309800
8 10.62018100 0.00000000 -0.00000100 0.79537600 0.65729900 -2.71579500
9 -4.75111000 -0.69449200 0.83057500 0.02244300 -0.34124800 0.62547300
10 -1.68807100 0.00004600 -0.00003500 0.01803600 -0.01695300 0.62219900
11 -1.33613800 0.00005600 -0.00001200 0.02599300 -0.00449300 0.72429900
12 -4.82049900 -0.50945800 -0.22476000 -0.59142200 0.17173500 1.62879800
13 -1.82699100 -0.00006500 0.00000700 -0.00877900 0.03948000 1.05474700
14 -1.43657900 0.00001000 0.00000400 -0.04748700 -0.06156900 0.56561900
15 -3.99236100 -0.89118600 -1.82790900 -0.60639500 0.58941700 1.94389200
16 -1.40592300 -0.00002600 -0.00000400 0.01654100 -0.02437900 0.27905000
17 -1.17536200 0.00012700 -0.00002000 0.04192500 0.05340800 0.56994100
18 -4.52675500 -0.69057300 -1.12074500 -0.53318000 0.42052500 1.89479600
19 -1.74404500 0.00003700 -0.00000700 -0.00618100 -0.02893200 0.61965200
20 -1.36876500 0.00002400 0.00000200 -0.16436400 0.17560900 0.73252700
21 -1.87480200 -0.93512500 0.99917200 2.00090700 0.60849400 1.00710700
22 -1.52345100 0.00003100 0.00002800 0.17430900 0.04358600 0.69908300
23 -1.59928400 0.00000300 0.00001400 0.03567100 -0.02383000 0.56873300
24 5.58312900 0.11572600 0.29499700 1.94756400 -0.06728900 3.12123600
25 0.19684800 -0.00000300 0.00000300 2.79340700 0.00000600 -3.14157700
26 -4.02607300 -13.81774400 -7.06094900 1.97586200 1.15990900 1.84280300
27 6.21448500 0.00000600 0.00002000 -1.33689100 0.39942700 -2.05107100
28 11.94488900 -0.00003300 -0.00018900 0.16514900 -0.34891400 -1.52339200
29 10.62016500 0.00000800 0.00000700 -1.27734800 -0.50189500 0.29513700
30 4.75115700 0.69437600 -0.83047300 -0.12139300 -0.23408600 1.17691000
31 1.68806600 -0.00002700 0.00000200 0.00195900 -0.02465400 1.35789400
32 1.33614300 -0.00005500 -0.00000900 0.00029900 -0.03867100 0.36183900
33 4.82051500 0.50934000 0.22486500 -0.23721200 -0.11127000 1.45394900
34 1.82699700 0.00006700 0.00000800 -0.00549900 0.04010600 1.13828700
35 1.43658100 -0.00001000 0.00000700 0.00975800 -0.01157600 0.13774600
36 3.99235000 0.89108700 1.82799500 -0.51521400 0.05380600 1.55215900
37 1.40592100 0.00002200 -0.00000600 0.00565800 -0.02894500 0.68272200
38 1.17536400 -0.00013000 0.00000400 0.09742000 0.07554300 0.86846900
39 4.52675500 0.69045900 1.12084200 -0.49069100 0.02943900 1.64232200
40 1.74404300 -0.00003100 -0.00000200 -0.01475800 -0.02562500 0.93406200
41 1.36876300 -0.00003300 -0.00001600 0.11311900 0.11147800 0.61039100
42 2.24249600 1.34902600 -0.74849500 2.68757000 0.43837800 0.97926800
43 1.62286000 -0.22039800 -0.15537300 0.15185400 0.13855000 0.94799900
44 1.58379200 -0.15422100 0.02523200 0.06727400 0.04945100 0.19342300
45 5.51180600 0.00000000 0.00000400 0.16325100 0.00000000 0.00000000
46 0.19684800 0.00000000 0.00000000 -0.34822500 0.00001500 -0.00000200
47 0.00000000 0.00000000 0.00000000 0.00000000 0.00000000 -1.57079600
48 -3.46189900 2.90101600 -3.24579200 0.00000000 0.00000000 -3.14156200
49 -7.93871500 19.97891200 -1.33648000 0.40885300 0.21251100 -0.38689000
50 -0.15910500 0.02305100 -0.34200700 0.00000000 0.00000000 0.00000000
51 0.16895700 -0.03358900 0.65100600 0.00000000 0.00000000 0.00000000
52 0.24801400 0.17628700 -0.04521800 0.00000000 0.00000000 0.00000000
53 4.99699200 -0.07961600 -1.51780000 0.00000000 0.00000000 0.00000000
54 0.63391300 0.60768000 0.83129200 0.00000000 0.00000000 0.00000000
55 -0.29897500 -0.62533200 0.49585200 0.00000000 0.00000000 0.00000000
56 11.12727300 1.21456700 -4.99979000 0.80355900 1.02375100 2.19962600
57 -7.97506600 -3.31287700 -3.55349900 3.04808000 -0.02547800 -2.10370600
58 2.04895400 -0.03391300 -1.46330700 0.00000000 0.00000000 0.00000000
time 36
0 -0.00000100 7.45008900 -27.50902600 0.00000000 0.00000000 0.00003100
1 -0.00000200 0.00000000 0.00000000 1.57074300 -1.56713700 -1.57074300
2 4.25546800 -0.33518300 -0.00000200 0.00000000 0.00000000 -0.12484800
3 7.43124800 1.49647700 0.00000200 0.00000000 0.00000000 0.24545000
4 5.27847900 0.16554100 0.00000100 0.00000000 0.00000000 0.04851100
5 -1.03766400 -9.43453000 4.97450600 1.97586400 1.15990900 -1.29878600
6 -6.21448200 -0.00000700 -0.00002700 2.57346800 0.03051500 1.52782600
7 11.94488500 0.00000000 0.00000000 0.43449300 -0.33581200 1.28138200
8 10.62018100 0.00000000 -0.00000100 0.79622200 0.65820400 -2.71382800
9 -4.75111000 -0.69449200 0.83057500 0.02244300 -0.34124800 0.62547300
10 -1.68807100 0.00004600 -0.00003500 0.01803600 -0.01695300 0.62219900
11 -1.33613800 0.00005600 -0.00001200 0.02599300 -0.00449300 0.72429900
12 -4.82049900 -0.50945800 -0.22476000 -0.59142200 0.17173500 1.62879800
13 -1.82699100 -0.00006500 0.00000700 -0.00877900 0.03948000 1.05474700
14 -1.43657900 0.00001000 0.00000400 -0.04748700 -0.06156900 0.56561900
15 -3.99236100 -0.89118600 -1.82790900 -0.60639500 0.58941700 1.94389200
16 -1.40592300 -0.00002600 -0.00000400 0.01654100 -0.02437900 0.27905000
17 -1.17536200 0.00012700 -0.00002000 0.04192500 0.05340800 0.56994100
18 -4.52675500 -0.69057300 -1.12074500 -0.53318000 0.42052500 1.89479600
19 -1.74404500 0.00003700 -0.00000700 -0.00618100 -0.02893200 0.61965200
20 -1.36876500 0.00002400 0.00000200 -0.16436400 0.17560900 0.73252700
21 -1.87480200 -0.93512500 0.99917200 2.00090700 0.60849400 1.00710700
22 -1.52345100 0.00003100 0.00002800 0.17430900 0.04358600 0.69908300
23 -1.59928400 0.00000300 0.00001400 0.03567100 -0.02383000 0.56873300
24 5.58312900 0.11572600 0.29499700 1.94756400 -0.06728900 3.12123600
25 0.19684800 -0.00000300 0.00000300 2.79340700 0.00000600 -3.14157700
26 -4.02607300 -13.81774400 -7.06094900 1.97586200 1.15990900 1.84280300
27 6.21448500 0.00000600 0.00002000 -1.33637200 0.39681300 -2.05104300
28 11.94488900 -0.00003300 -0.00018900 0.16451600 -0.34886300 -1.52154200
29 10.62016500 0.00000800 0.00000700 -1.27618700 -0.50136200 0.29421000
30 4.75115700 0.69437600 -0.83047300 -0.12139300 -0.23408600 1.17691000
31 1.68806600 -0.00002700 0.00000200 0.00195900 -0.02465400 1.35789400
32 1.33614300 -0.00005500 -0.00000900 0.00029900 -0.03867100 0.36183900
33 4.82051500 0.50934000 0.22486500 -0.23721200 -0.11127000 1.45394900
34 1.82699700 0.00006700 0.00000800 -0.00549900 0.04010600 1.13828700
35 1.43658100 -0.00001000 0.00000700 0.00975800 -0.01157600 0.13774600
36 3.99235000 0.89108700 1.82799500 -0.51521400 0.05380600 1.55215900
37 1.40592100 0.00002200 -0.00000600 0.00565800 -0.02894500 0.68272200
38 1.17536400 -0.00013000 0.00000400 0.09742000 0.07554300 0.86846900
39 4.52675500 0.69045900 1.12084200 -0.49069100 0.02943900 1.64232200
40 1.74404300 -0.00003100 -0.00000200 -0.01475800 -0.02562500 0.93406200
41 1.36876300 -0.00003300 -0.00001600 0.11311900 0.11147800 0.61039100
42 2.24249600 1.34902600 -0.74849500 2.68757000 0.43837800 0.97926800
43 1.62286000 -0.22039800 -0.15537300 0.15185400 0.13855000 0.94799900
44 1.58379200 -0.15422100 0.02523200 0.06727400 0.04945100 0.19342300
45 5.51180600 0.00000000 0.00000400 0.16325100 0.00000000 0.00000000
46 0.19684800 0.00000000 0.00000000 -0.34822500 0.00001500 -0.00000200
47 0.00000000 0.00000000 0.00000000 0.00000000 0.00000000 -1.57079600
48 -3.46189900 2.90101600 -3.24579200 0.00000000 0.00000000 -3.14156200
49 -7.93406900 19.97891200 -1.31696300 0.40947900 0.21427100 -0.38651900
50 -0.15910500 0.02305100 -0.34200700 0.00000000 0.00000000 0.00000000
51 0.16895700 -0.03358900 0.65100600 0.00000000 0.00000000 0.00000000
52 0.24801400 0.17628700 -0.04521800 0.00000000 0.00000000 0.00000000
53 4.99699200 -0.07961600 -1.51780000 0.00000000 0.00000000 0.00000000
54 0.63391300 0.60768000 0.83129200 0.00000000 0.00000000 0.00000000
55 -0.29897500 -0.62533200 0.49585200 0.00000000 0.00000000 0.00000000
56 11.12727300 1.21456700 -4.99979000 0.80355900 1.02375100 2.19962600
57 -7.97506600 -3.31287700 -3.55349900 3.04808000 -0.02547800 -2.10370600
58 2.04895400 -0.03391300 -1.46330700 0.00000000 0.00000000 0.00000000
time 37
0 -0.00000100 7.45008900 -27.50902600 0.00000000 0.00000000 0.00003100
1 -0.00000200 0.00000000 0.00000000 1.57074300 -1.56713700 -1.57074300
2 4.25546800 -0.33518300 -0.00000200 0.00000000 0.00000000 -0.12484800
3 7.43124800 1.49647700 0.00000200 0.00000000 0.00000000 0.24545000
4 5.27847900 0.16554100 0.00000100 0.00000000 0.00000000 0.04851100
5 -1.03766400 -9.43453000 4.97450600 1.97586400 1.15990900 -1.29878600
6 -6.21448200 -0.00000700 -0.00002700 2.57383800 0.03029300 1.52703900
7 11.94488500 0.00000000 0.00000000 0.43510200 -0.33562000 1.27944300
8 10.62018100 0.00000000 -0.00000100 0.79723100 0.65919600 -2.71155200
9 -4.75111000 -0.69449200 0.83057500 0.02244300 -0.34124800 0.62547300
10 -1.68807100 0.00004600 -0.00003500 0.01803600 -0.01695300 0.62219900
11 -1.33613800 0.00005600 -0.00001200 0.02599300 -0.00449300 0.72429900
12 -4.82049900 -0.50945800 -0.22476000 -0.59142200 0.17173500 1.62879800
13 -1.82699100 -0.00006500 0.00000700 -0.00877900 0.03948000 1.05474700
14 -1.43657900 0.00001000 0.00000400 -0.04748700 -0.06156900 0.56561900
15 -3.99236100 -0.89118600 -1.82790900 -0.60639500 0.58941700 1.94389200
16 -1.40592300 -0.00002600 -0.00000400 0.01654100 -0.02437900 0.27905000
17 -1.17536200 0.00012700 -0.00002000 0.04192500 0.05340800 0.56994100
18 -4.52675500 -0.69057300 -1.12074500 -0.53318000 0.42052500 1.89479600
19 -1.74404500 0.00003700 -0.00000700 -0.00618100 -0.02893200 0.61965200
20 -1.36876500 0.00002400 0.00000200 -0.16436400 0.17560900 0.73252700
21 -1.87480200 -0.93512500 0.99917200 2.00090700 0.60849400 1.00710700
22 -1.52345100 0.00003100 0.00002800 0.17430900 0.04358600 0.69908300
23 -1.59928400 0.00000300 0.00001400 0.03567100 -0.02383000 0.56873300
24 5.58312900 0.11572600 0.29499700 1.94756400 -0.06728900 3.12123600
25 0.19684800 -0.00000300 0.00000300 2.79340700 0.00000600 -3.14157700
26 -4.02607300 -13.81774400 -7.06094900 1.97586200 1.15990900 1.84280300
27 6.21448500 0.00000600 0.00002000 -1.33584400 0.39389700 -2.05108400
28 11.94488900 -0.00003300 -0.00018900 0.16386200 -0.34882200 -1.51957200
29 10.62016500 0.00000800 0.00000700 -1.27493600 -0.50069200 0.29314800
30 4.75115700 0.69437600 -0.83047300 -0.12139300 -0.23408600 1.17691000
31 1.68806600 -0.00002700 0.00000200 0.00195900 -0.02465400 1.35789400
32 1.33614300 -0.00005500 -0.00000900 0.00029900 -0.03867100 0.36183900
33 4.82051500 0.50934000 0.22486500 -0.23721200 -0.11127000 1.45394900
34 1.82699700 0.00006700 0.00000800 -0.00549900 0.04010600 1.13828700
35 1.43658100 -0.00001000 0.00000700 0.00975800 -0.01157600 0.13774600
36 3.99235000 0.89108700 1.82799500 -0.51521400 0.05380600 1.55215900
37 1.40592100 0.00002200 -0.00000600 0.00565800 -0.02894500 0.68272200
38 1.17536400 -0.00013000 0.00000400 0.09742000 0.07554300 0.86846900
39 4.52675500 0.69045900 1.12084200 -0.49069100 0.02943900 1.64232200
40 1.74404300 -0.00003100 -0.00000200 -0.01475800 -0.02562500 0.93406200
41 1.36876300 -0.00003300 -0.00001600 0.11311900 0.11147800 0.61039100
42 2.24249600 1.34902600 -0.74849500 2.68757000 0.43837800 0.97926800
43 1.62286000 -0.22039800 -0.15537300 0.15185400 0.13855000 0.94799900
44 1.58379200 -0.15422100 0.02523200 0.06727400 0.04945100 0.19342300
45 5.51180600 0.00000000 0.00000400 0.16325100 0.00000000 0.00000000
46 0.19684800 0.00000000 0.00000000 -0.34822500 0.00001500 -0.00000200
47 0.00000000 0.00000000 0.00000000 0.00000000 0.00000000 -1.57079600
48 -3.46189900 2.90101600 -3.24579200 0.00000000 0.00000000 -3.14156200
49 -7.92880100 19.97891200 -1.29483800 0.41016700 0.21621600 -0.38610700
50 -0.15910500 0.02305100 -0.34200700 0.00000000 0.00000000 0.00000000
51 0.16895700 -0.03358900 0.65100600 0.00000000 0.00000000 0.00000000
52 0.24801400 0.17628700 -0.04521800 0.00000000 0.00000000 0.00000000
53 4.99699200 -0.07961600 -1.51780000 0.00000000 0.00000000 0.00000000
54 0.63391300 0.60768000 0.83129200 0.00000000 0.00000000 0.00000000
55 -0.29897500 -0.62533200 0.49585200 0.00000000 0.00000000 0.00000000
56 11.12727300 1.21456700 -4.99979000 0.80355900 1.02375100 2.19962600
57 -7.97506600 -3.31287700 -3.55349900 3.04808000 -0.02547800 -2.10370600
58 2.04895400 -0.03391300 -1.46330700 0.00000000 0.00000000 0.00000000
time 38
0 -0.00000100 7.45008900 -27.50902600 0.00000000 0.00000000 0.00003100
1 -0.00000200 0.00000000 0.00000000 1.57074300 -1.56713700 -1.57074300
2 4.25546800 -0.33518300 -0.00000200 0.00000000 0.00000000 -0.12484800
3 7.43124800 1.49647700 0.00000200 0.00000000 0.00000000 0.24545000
4 5.27847900 0.16554100 0.00000100 0.00000000 0.00000000 0.04851100
5 -1.03766400 -9.43453000 4.97450600 1.97586400 1.15990900 -1.29878600
6 -6.21448200 -0.00000700 -0.00002700 2.57420200 0.03012100 1.52599100
7 11.94488500 0.00000000 0.00000000 0.43582200 -0.33543500 1.27727400
8 10.62018100 0.00000000 -0.00000100 0.79830000 0.66029400 -2.70900100
9 -4.75111000 -0.69449200 0.83057500 0.02244300 -0.34124800 0.62547300
10 -1.68807100 0.00004600 -0.00003500 0.01803600 -0.01695300 0.62219900
11 -1.33613800 0.00005600 -0.00001200 0.02599300 -0.00449300 0.72429900
12 -4.82049900 -0.50945800 -0.22476000 -0.59142200 0.17173500 1.62879800
13 -1.82699100 -0.00006500 0.00000700 -0.00877900 0.03948000 1.05474700
14 -1.43657900 0.00001000 0.00000400 -0.04748700 -0.06156900 0.56561900
15 -3.99236100 -0.89118600 -1.82790900 -0.60639500 0.58941700 1.94389200
16 -1.40592300 -0.00002600 -0.00000400 0.01654100 -0.02437900 0.27905000
17 -1.17536200 0.00012700 -0.00002000 0.04192500 0.05340800 0.56994100
18 -4.52675500 -0.69057300 -1.12074500 -0.53318000 0.42052500 1.89479600
19 -1.74404500 0.00003700 -0.00000700 -0.00618100 -0.02893200 0.61965200
20 -1.36876500 0.00002400 0.00000200 -0.16436400 0.17560900 0.73252700
21 -1.87480200 -0.93512500 0.99917200 2.00090700 0.60849400 1.00710700
22 -1.52345100 0.00003100 0.00002800 0.17430900 0.04358600 0.69908300
23 -1.59928400 0.00000300 0.00001400 0.03567100 -0.02383000 0.56873300
24 5.58312900 0.11572600 0.29499700 1.94756400 -0.06728900 3.12123600
25 0.19684800 -0.00000300 0.00000300 2.79340700 0.00000600 -3.14157700
26 -4.02607300 -13.81774400 -7.06094900 1.97586200 1.15990900 1.84280300
27 6.21448500 0.00000600 0.00002000 -1.33521300 0.39062400 -2.05103500
28 11.94488900 -0.00003300 -0.00018900 0.16303600 -0.34879600 -1.51732500
29 10.62016500 0.00000800 0.00000700 -1.27351700 -0.50002100 0.29191900
30 4.75115700 0.69437600 -0.83047300 -0.12139300 -0.23408600 1.17691000
31 1.68806600 -0.00002700 0.00000200 0.00195900 -0.02465400 1.35789400
32 1.33614300 -0.00005500 -0.00000900 0.00029900 -0.03867100 0.36183900
33 4.82051500 0.50934000 0.22486500 -0.23721200 -0.11127000 1.45394900
34 1.82699700 0.00006700 0.00000800 -0.00549900 0.04010600 1.13828700
35 1.43658100 -0.00001000 0.00000700 0.00975800 -0.01157600 0.13774600
36 3.99235000 0.89108700 1.82799500 -0.51521400 0.05380600 1.55215900
37 1.40592100 0.00002200 -0.00000600 0.00565800 -0.02894500 0.68272200
38 1.17536400 -0.00013000 0.00000400 0.09742000 0.07554300 0.86846900
39 4.52675500 0.69045900 1.12084200 -0.49069100 0.02943900 1.64232200
40 1.74404300 -0.00003100 -0.00000200 -0.01475800 -0.02562500 0.93406200
41 1.36876300 -0.00003300 -0.00001600 0.11311900 0.11147800 0.61039100
42 2.24249600 1.34902600 -0.74849500 2.68757000 0.43837800 0.97926800
43 1.62286000 -0.22039800 -0.15537300 0.15185400 0.13855000 0.94799900
44 1.58379200 -0.15422100 0.02523200 0.06727400 0.04945100 0.19342300
45 5.51180600 0.00000000 0.00000400 0.16325100 0.00000000 0.00000000
46 0.19684800 0.00000000 0.00000000 -0.34822500 0.00001500 -0.00000200
47 0.00000000 0.00000000 0.00000000 0.00000000 0.00000000 -1.57079600
48 -3.46189900 2.90101600 -3.24579200 0.00000000 0.00000000 -3.14156200
49 -7.92298000 19.97891200 -1.27039500 0.41091400 0.21841100 -0.38555300
50 -0.15910500 0.02305100 -0.34200700 0.00000000 0.00000000 0.00000000
51 0.16895700 -0.03358900 0.65100600 0.00000000 0.00000000 0.00000000
52 0.24801400 0.17628700 -0.04521800 0.00000000 0.00000000 0.00000000
53 4.99699200 -0.07961600 -1.51780000 0.00000000 0.00000000 0.00000000
54 0.63391300 0.60768000 0.83129200 0.00000000 0.00000000 0.00000000
55 -0.29897500 -0.62533200 0.49585200 0.00000000 0.00000000 0.00000000
56 11.12727300 1.21456700 -4.99979000 0.80355900 1.02375100 2.19962600
57 -7.97506600 -3.31287700 -3.55349900 3.04808000 -0.02547800 -2.10370600
58 2.04895400 -0.03391300 -1.46330700 0.00000000 0.00000000 0.00000000
time 39
0 -0.00000100 7.45008900 -27.50902600 0.00000000 0.00000000 0.00003100
1 -0.00000200 0.00000000 0.00000000 1.57074300 -1.56713700 -1.57074300
2 4.25546800 -0.33518300 -0.00000200 0.00000000 0.00000000 -0.12484800
3 7.43124800 1.49647700 0.00000200 0.00000000 0.00000000 0.24545000
4 5.27847900 0.16554100 0.00000100 0.00000000 0.00000000 0.04851100
5 -1.03766400 -9.43453000 4.97450600 1.97586400 1.15990900 -1.29878600
6 -6.21448200 -0.00000700 -0.00002700 2.57469200 0.02994300 1.52491100
7 11.94488500 0.00000000 0.00000000 0.43657900 -0.33520000 1.27488100
8 10.62018100 0.00000000 -0.00000100 0.79945500 0.66143400 -2.70629200
9 -4.75111000 -0.69449200 0.83057500 0.02244300 -0.34124800 0.62547300
10 -1.68807100 0.00004600 -0.00003500 0.01803600 -0.01695300 0.62219900
11 -1.33613800 0.00005600 -0.00001200 0.02599300 -0.00449300 0.72429900
12 -4.82049900 -0.50945800 -0.22476000 -0.59142200 0.17173500 1.62879800
13 -1.82699100 -0.00006500 0.00000700 -0.00877900 0.03948000 1.05474700
14 -1.43657900 0.00001000 0.00000400 -0.04748700 -0.06156900 0.56561900
15 -3.99236100 -0.89118600 -1.82790900 -0.60639500 0.58941700 1.94389200
16 -1.40592300 -0.00002600 -0.00000400 0.01654100 -0.02437900 0.27905000
17 -1.17536200 0.00012700 -0.00002000 0.04192500 0.05340800 0.56994100
18 -4.52675500 -0.69057300 -1.12074500 -0.53318000 0.42052500 1.89479600
19 -1.74404500 0.00003700 -0.00000700 -0.00618100 -0.02893200 0.61965200
20 -1.36876500 0.00002400 0.00000200 -0.16436400 0.17560900 0.73252700
21 -1.87480200 -0.93512500 0.99917200 2.00090700 0.60849400 1.00710700
22 -1.52345100 0.00003100 0.00002800 0.17430900 0.04358600 0.69908300
23 -1.59928400 0.00000300 0.00001400 0.03567100 -0.02383000 0.56873300
24 5.58312900 0.11572600 0.29499700 1.94756400 -0.06728900 3.12123600
25 0.19684800 -0.00000300 0.00000300 2.79340700 0.00000600 -3.14157700
26 -4.02607300 -13.81774400 -7.06094900 1.97586200 1.15990900 1.84280300
27 6.21448500 0.00000600 0.00002000 -1.33456100 0.38711700 -2.05110800
28 11.94488900 -0.00003300 -0.00018900 0.16223000 -0.34872800 -1.51483700
29 10.62016500 0.00000800 0.00000700 -1.27194900 -0.49924400 0.29066900
30 4.75115700 0.69437600 -0.83047300 -0.12139300 -0.23408600 1.17691000
31 1.68806600 -0.00002700 0.00000200 0.00195900 -0.02465400 1.35789400
32 1.33614300 -0.00005500 -0.00000900 0.00029900 -0.03867100 0.36183900
33 4.82051500 0.50934000 0.22486500 -0.23721200 -0.11127000 1.45394900
34 1.82699700 0.00006700 0.00000800 -0.00549900 0.04010600 1.13828700
35 1.43658100 -0.00001000 0.00000700 0.00975800 -0.01157600 0.13774600
36 3.99235000 0.89108700 1.82799500 -0.51521400 0.05380600 1.55215900
37 1.40592100 0.00002200 -0.00000600 0.00565800 -0.02894500 0.68272200
38 1.17536400 -0.00013000 0.00000400 0.09742000 0.07554300 0.86846900
39 4.52675500 0.69045900 1.12084200 -0.49069100 0.02943900 1.64232200
40 1.74404300 -0.00003100 -0.00000200 -0.01475800 -0.02562500 0.93406200
41 1.36876300 -0.00003300 -0.00001600 0.11311900 0.11147800 0.61039100
42 2.24249600 1.34902600 -0.74849500 2.68757000 0.43837800 0.97926800
43 1.62286000 -0.22039800 -0.15537300 0.15185400 0.13855000 0.94799900
44 1.58379200 -0.15422100 0.02523200 0.06727400 0.04945100 0.19342300
45 5.51180600 0.00000000 0.00000400 0.16325100 0.00000000 0.00000000
46 0.19684800 0.00000000 0.00000000 -0.34822500 0.00001500 -0.00000200
47 0.00000000 0.00000000 0.00000000 0.00000000 0.00000000 -1.57079600
48 -3.46189900 2.90101600 -3.24579200 0.00000000 0.00000000 -3.14156200
49 -7.91667700 19.97891200 -1.24392200 0.41172800 0.22072500 -0.38506100
50 -0.15910500 0.02305100 -0.34200700 0.00000000 0.00000000 0.00000000
51 0.16895700 -0.03358900 0.65100600 0.00000000 0.00000000 0.00000000
52 0.24801400 0.17628700 -0.04521800 0.00000000 0.00000000 0.00000000
53 4.99699200 -0.07961600 -1.51780000 0.00000000 0.00000000 0.00000000
54 0.63391300 0.60768000 0.83129200 0.00000000 0.00000000 0.00000000
55 -0.29897500 -0.62533200 0.49585200 0.00000000 0.00000000 0.00000000
56 11.12727300 1.21456700 -4.99979000 0.80355900 1.02375100 2.19962600
57 -7.97506600 -3.31287700 -3.55349900 3.04808000 -0.02547800 -2.10370600
58 2.04895400 -0.03391300 -1.46330700 0.00000000 0.00000000 0.00000000
time 40
0 -0.00000100 7.45008900 -27.50902600 0.00000000 0.00000000 0.00003100
1 -0.00000200 0.00000000 0.00000000 1.57074300 -1.56713700 -1.57074300
2 4.25546800 -0.33518300 -0.00000200 0.00000000 0.00000000 -0.12484800
3 7.43124800 1.49647700 0.00000200 0.00000000 0.00000000 0.24545000
4 5.27847900 0.16554100 0.00000100 0.00000000 0.00000000 0.04851100
5 -1.03766400 -9.43453000 4.97450600 1.97586400 1.15990900 -1.29878600
6 -6.21448200 -0.00000700 -0.00002700 2.57518100 0.02973200 1.52371700
7 11.94488500 0.00000000 0.00000000 0.43742800 -0.33499500 1.27237300
8 10.62018100 0.00000000 -0.00000100 0.80069800 0.66261600 -2.70342300
9 -4.75111000 -0.69449200 0.83057500 0.02244300 -0.34124800 0.62547300
10 -1.68807100 0.00004600 -0.00003500 0.01803600 -0.01695300 0.62219900
11 -1.33613800 0.00005600 -0.00001200 0.02599300 -0.00449300 0.72429900
12 -4.82049900 -0.50945800 -0.22476000 -0.59142200 0.17173500 1.62879800
13 -1.82699100 -0.00006500 0.00000700 -0.00877900 0.03948000 1.05474700
14 -1.43657900 0.00001000 0.00000400 -0.04748700 -0.06156900 0.56561900
15 -3.99236100 -0.89118600 -1.82790900 -0.60639500 0.58941700 1.94389200
16 -1.40592300 -0.00002600 -0.00000400 0.01654100 -0.02437900 0.27905000
17 -1.17536200 0.00012700 -0.00002000 0.04192500 0.05340800 0.56994100
18 -4.52675500 -0.69057300 -1.12074500 -0.53318000 0.42052500 1.89479600
19 -1.74404500 0.00003700 -0.00000700 -0.00618100 -0.02893200 0.61965200
20 -1.36876500 0.00002400 0.00000200 -0.16436400 0.17560900 0.73252700
21 -1.87480200 -0.93512500 0.99917200 2.00090700 0.60849400 1.00710700
22 -1.52345100 0.00003100 0.00002800 0.17430900 0.04358600 0.69908300
23 -1.59928400 0.00000300 0.00001400 0.03567100 -0.02383000 0.56873300
24 5.58312900 0.11572600 0.29499700 1.94756400 -0.06728900 3.12123600
25 0.19684800 -0.00000300 0.00000300 2.79340700 0.00000600 -3.14157700
26 -4.02607300 -13.81774400 -7.06094900 1.97586200 1.15990900 1.84280300
27 6.21448500 0.00000600 0.00002000 -1.33370500 0.38326700 -2.05113200
28 11.94488900 -0.00003300 -0.00018900 0.16134100 -0.34872800 -1.51222900
29 10.62016500 0.00000800 0.00000700 -1.27033000 -0.49844900 0.28928000
30 4.75115700 0.69437600 -0.83047300 -0.12139300 -0.23408600 1.17691000
31 1.68806600 -0.00002700 0.00000200 0.00195900 -0.02465400 1.35789400
32 1.33614300 -0.00005500 -0.00000900 0.00029900 -0.03867100 0.36183900
33 4.82051500 0.50934000 0.22486500 -0.23721200 -0.11127000 1.45394900
34 1.82699700 0.00006700 0.00000800 -0.00549900 0.04010600 1.13828700
35 1.43658100 -0.00001000 0.00000700 0.00975800 -0.01157600 0.13774600
36 3.99235000 0.89108700 1.82799500 -0.51521400 0.05380600 1.55215900
37 1.40592100 0.00002200 -0.00000600 0.00565800 -0.02894500 0.68272200
38 1.17536400 -0.00013000 0.00000400 0.09742000 0.07554300 0.86846900
39 4.52675500 0.69045900 1.12084200 -0.49069100 0.02943900 1.64232200
40 1.74404300 -0.00003100 -0.00000200 -0.01475800 -0.02562500 0.93406200
41 1.36876300 -0.00003300 -0.00001600 0.11311900 0.11147800 0.61039100
42 2.24249600 1.34902600 -0.74849500 2.68757000 0.43837800 0.97926800
43 1.62286000 -0.22039800 -0.15537300 0.15185400 0.13855000 0.94799900
44 1.58379200 -0.15422100 0.02523200 0.06727400 0.04945100 0.19342300
45 5.51180600 0.00000000 0.00000400 0.16325100 0.00000000 0.00000000
46 0.19684800 0.00000000 0.00000000 -0.34822500 0.00001500 -0.00000200
47 0.00000000 0.00000000 0.00000000 0.00000000 0.00000000 -1.57079600
48 -3.46189900 2.90101600 -3.24579200 0.00000000 0.00000000 -3.14156200
49 -7.90996100 19.97891200 -1.21570800 0.41260300 0.22328900 -0.38442600
50 -0.15910500 0.02305100 -0.34200700 0.00000000 0.00000000 0.00000000
51 0.16895700 -0.03358900 0.65100600 0.00000000 0.00000000 0.00000000
52 0.24801400 0.17628700 -0.04521800 0.00000000 0.00000000 0.00000000
53 4.99699200 -0.07961600 -1.51780000 0.00000000 0.00000000 0.00000000
54 0.63391300 0.60768000 0.83129200 0.00000000 0.00000000 0.00000000
55 -0.29897500 -0.62533200 0.49585200 0.00000000 0.00000000 0.00000000
56 11.12727300 1.21456700 -4.99979000 0.80355900 1.02375100 2.19962600
57 -7.97506600 -3.31287700 -3.55349900 3.04808000 -0.02547800 -2.10370600
58 2.04895400 -0.03391300 -1.46330700 0.00000000 0.00000000 0.00000000
time 41
0 -0.00000100 7.45008900 -27.50902600 0.00000000 0.00000000 0.00003100
1 -0.00000200 0.00000000 0.00000000 1.57074300 -1.56713700 -1.57074300
2 4.25546800 -0.33518300 -0.00000200 0.00000000 0.00000000 -0.12484800
3 7.43124800 1.49647700 0.00000200 0.00000000 0.00000000 0.24545000
4 5.27847900 0.16554100 0.00000100 0.00000000 0.00000000 0.04851100
5 -1.03766400 -9.43453000 4.97450600 1.97586400 1.15990900 -1.29878600
6 -6.21448200 -0.00000700 -0.00002700 2.57567000 0.02952200 1.52252400
7 11.94488500 0.00000000 0.00000000 0.43831300 -0.33474000 1.26964300
8 10.62018100 0.00000000 -0.00000100 0.80208400 0.66391800 -2.70033300
9 -4.75111000 -0.69449200 0.83057500 0.02244300 -0.34124800 0.62547300
10 -1.68807100 0.00004600 -0.00003500 0.01803600 -0.01695300 0.62219900
11 -1.33613800 0.00005600 -0.00001200 0.02599300 -0.00449300 0.72429900
12 -4.82049900 -0.50945800 -0.22476000 -0.59142200 0.17173500 1.62879800
13 -1.82699100 -0.00006500 0.00000700 -0.00877900 0.03948000 1.05474700
14 -1.43657900 0.00001000 0.00000400 -0.04748700 -0.06156900 0.56561900
15 -3.99236100 -0.89118600 -1.82790900 -0.60639500 0.58941700 1.94389200
16 -1.40592300 -0.00002600 -0.00000400 0.01654100 -0.02437900 0.27905000
17 -1.17536200 0.00012700 -0.00002000 0.04192500 0.05340800 0.56994100
18 -4.52675500 -0.69057300 -1.12074500 -0.53318000 0.42052500 1.89479600
19 -1.74404500 0.00003700 -0.00000700 -0.00618100 -0.02893200 0.61965200
20 -1.36876500 0.00002400 0.00000200 -0.16436400 0.17560900 0.73252700
21 -1.87480200 -0.93512500 0.99917200 2.00090700 0.60849400 1.00710700
22 -1.52345100 0.00003100 0.00002800 0.17430900 0.04358600 0.69908300
23 -1.59928400 0.00000300 0.00001400 0.03567100 -0.02383000 0.56873300
24 5.58312900 0.11572600 0.29499700 1.94756400 -0.06728900 3.12123600
25 0.19684800 -0.00000300 0.00000300 2.79340700 0.00000600 -3.14157700
26 -4.02607300 -13.81774400 -7.06094900 1.97586200 1.15990900 1.84280300
27 6.21448500 0.00000600 0.00002000 -1.33296600 0.37926500 -2.05115000
28 11.94488900 -0.00003300 -0.00018900 0.16034300 -0.34868300 -1.50934700
29 10.62016500 0.00000800 0.00000700 -1.26866800 -0.49758400 0.28782600
30 4.75115700 0.69437600 -0.83047300 -0.12139300 -0.23408600 1.17691000
31 1.68806600 -0.00002700 0.00000200 0.00195900 -0.02465400 1.35789400
32 1.33614300 -0.00005500 -0.00000900 0.00029900 -0.03867100 0.36183900
33 4.82051500 0.50934000 0.22486500 -0.23721200 -0.11127000 1.45394900
34 1.82699700 0.00006700 0.00000800 -0.00549900 0.04010600 1.13828700
35 1.43658100 -0.00001000 0.00000700 0.00975800 -0.01157600 0.13774600
36 3.99235000 0.89108700 1.82799500 -0.51521400 0.05380600 1.55215900
37 1.40592100 0.00002200 -0.00000600 0.00565800 -0.02894500 0.68272200
38 1.17536400 -0.00013000 0.00000400 0.09742000 0.07554300 0.86846900
39 4.52675500 0.69045900 1.12084200 -0.49069100 0.02943900 1.64232200
40 1.74404300 -0.00003100 -0.00000200 -0.01475800 -0.02562500 0.93406200
41 1.36876300 -0.00003300 -0.00001600 0.11311900 0.11147800 0.61039100
42 2.24249600 1.34902600 -0.74849500 2.68757000 0.43837800 0.97926800
43 1.62286000 -0.22039800 -0.15537300 0.15185400 0.13855000 0.94799900
44 1.58379200 -0.15422100 0.02523200 0.06727400 0.04945100 0.19342300
45 5.51180600 0.00000000 0.00000400 0.16325100 0.00000000 0.00000000
46 0.19684800 0.00000000 0.00000000 -0.34822500 0.00001500 -0.00000200
47 0.00000000 0.00000000 0.00000000 0.00000000 0.00000000 -1.57079600
48 -3.46189900 2.90101600 -3.24579200 0.00000000 0.00000000 -3.14156200
49 -7.90289900 19.97891200 -1.18604700 0.41357000 0.22587000 -0.38377900
50 -0.15910500 0.02305100 -0.34200700 0.00000000 0.00000000 0.00000000
51 0.16895700 -0.03358900 0.65100600 0.00000000 0.00000000 0.00000000
52 0.24801400 0.17628700 -0.04521800 0.00000000 0.00000000 0.00000000
53 4.99699200 -0.07961600 -1.51780000 0.00000000 0.00000000 0.00000000
54 0.63391300 0.60768000 0.83129200 0.00000000 0.00000000 0.00000000
55 -0.29897500 -0.62533200 0.49585200 0.00000000 0.00000000 0.00000000
56 11.12727300 1.21456700 -4.99979000 0.80355900 1.02375100 2.19962600
57 -7.97506600 -3.31287700 -3.55349900 3.04808000 -0.02547800 -2.10370600
58 2.04895400 -0.03391300 -1.46330700 0.00000000 0.00000000 0.00000000
time 42
0 -0.00000100 7.45008900 -27.50902600 0.00000000 0.00000000 0.00003100
1 -0.00000200 0.00000000 0.00000000 1.57074300 -1.56713700 -1.57074300
2 4.25546800 -0.33518300 -0.00000200 0.00000000 0.00000000 -0.12484800
3 7.43124800 1.49647700 0.00000200 0.00000000 0.00000000 0.24545000
4 5.27847900 0.16554100 0.00000100 0.00000000 0.00000000 0.04851100
5 -1.03766400 -9.43453000 4.97450600 1.97586400 1.15990900 -1.29878600
6 -6.21448200 -0.00000700 -0.00002700 2.57615800 0.02931300 1.52133200
7 11.94488500 0.00000000 0.00000000 0.43921500 -0.33446000 1.26680500
8 10.62018100 0.00000000 -0.00000100 0.80342800 0.66531800 -2.69720900
9 -4.75111000 -0.69449200 0.83057500 0.02244300 -0.34124800 0.62547300
10 -1.68807100 0.00004600 -0.00003500 0.01803600 -0.01695300 0.62219900
11 -1.33613800 0.00005600 -0.00001200 0.02599300 -0.00449300 0.72429900
12 -4.82049900 -0.50945800 -0.22476000 -0.59142200 0.17173500 1.62879800
13 -1.82699100 -0.00006500 0.00000700 -0.00877900 0.03948000 1.05474700
14 -1.43657900 0.00001000 0.00000400 -0.04748700 -0.06156900 0.56561900
15 -3.99236100 -0.89118600 -1.82790900 -0.60639500 0.58941700 1.94389200
16 -1.40592300 -0.00002600 -0.00000400 0.01654100 -0.02437900 0.27905000
17 -1.17536200 0.00012700 -0.00002000 0.04192500 0.05340800 0.56994100
18 -4.52675500 -0.69057300 -1.12074500 -0.53318000 0.42052500 1.89479600
19 -1.74404500 0.00003700 -0.00000700 -0.00618100 -0.02893200 0.61965200
20 -1.36876500 0.00002400 0.00000200 -0.16436400 0.17560900 0.73252700
21 -1.87480200 -0.93512500 0.99917200 2.00090700 0.60849400 1.00710700
22 -1.52345100 0.00003100 0.00002800 0.17430900 0.04358600 0.69908300
23 -1.59928400 0.00000300 0.00001400 0.03567100 -0.02383000 0.56873300
24 5.58312900 0.11572600 0.29499700 1.94756400 -0.06728900 3.12123600
25 0.19684800 -0.00000300 0.00000300 2.79340700 0.00000600 -3.14157700
26 -4.02607300 -13.81774400 -7.06094900 1.97586200 1.15990900 1.84280300
27 6.21448500 0.00000600 0.00002000 -1.33216800 0.37515500 -2.05110300
28 11.94488900 -0.00003300 -0.00018900 0.15934600 -0.34863500 -1.50646900
29 10.62016500 0.00000800 0.00000700 -1.26689600 -0.49673200 0.28634800
30 4.75115700 0.69437600 -0.83047300 -0.12139300 -0.23408600 1.17691000
31 1.68806600 -0.00002700 0.00000200 0.00195900 -0.02465400 1.35789400
32 1.33614300 -0.00005500 -0.00000900 0.00029900 -0.03867100 0.36183900
33 4.82051500 0.50934000 0.22486500 -0.23721200 -0.11127000 1.45394900
34 1.82699700 0.00006700 0.00000800 -0.00549900 0.04010600 1.13828700
35 1.43658100 -0.00001000 0.00000700 0.00975800 -0.01157600 0.13774600
36 3.99235000 0.89108700 1.82799500 -0.51521400 0.05380600 1.55215900
37 1.40592100 0.00002200 -0.00000600 0.00565800 -0.02894500 0.68272200
38 1.17536400 -0.00013000 0.00000400 0.09742000 0.07554300 0.86846900
39 4.52675500 0.69045900 1.12084200 -0.49069100 0.02943900 1.64232200
40 1.74404300 -0.00003100 -0.00000200 -0.01475800 -0.02562500 0.93406200
41 1.36876300 -0.00003300 -0.00001600 0.11311900 0.11147800 0.61039100
42 2.24249600 1.34902600 -0.74849500 2.68757000 0.43837800 0.97926800
43 1.62286000 -0.22039800 -0.15537300 0.15185400 0.13855000 0.94799900
44 1.58379200 -0.15422100 0.02523200 0.06727400 0.04945100 0.19342300
45 5.51180600 0.00000000 0.00000400 0.16325100 0.00000000 0.00000000
46 0.19684800 0.00000000 0.00000000 -0.34822500 0.00001500 -0.00000200
47 0.00000000 0.00000000 0.00000000 0.00000000 0.00000000 -1.57079600
48 -3.46189900 2.90101600 -3.24579200 0.00000000 0.00000000 -3.14156200
49 -7.89555900 19.97891200 -1.15522600 0.41450300 0.22863600 -0.38318800
50 -0.15910500 0.02305100 -0.34200700 0.00000000 0.00000000 0.00000000
51 0.16895700 -0.03358900 0.65100600 0.00000000 0.00000000 0.00000000
52 0.24801400 0.17628700 -0.04521800 0.00000000 0.00000000 0.00000000
53 4.99699200 -0.07961600 -1.51780000 0.00000000 0.00000000 0.00000000
54 0.63391300 0.60768000 0.83129200 0.00000000 0.00000000 0.00000000
55 -0.29897500 -0.62533200 0.49585200 0.00000000 0.00000000 0.00000000
56 11.12727300 1.21456700 -4.99979000 0.80355900 1.02375100 2.19962600
57 -7.97506600 -3.31287700 -3.55349900 3.04808000 -0.02547800 -2.10370600
58 2.04895400 -0.03391300 -1.46330700 0.00000000 0.00000000 0.00000000
time 43
0 -0.00000100 7.45008900 -27.50902600 0.00000000 0.00000000 0.00003100
1 -0.00000200 0.00000000 0.00000000 1.57074300 -1.56713700 -1.57074300
2 4.25546800 -0.33518300 -0.00000200 0.00000000 0.00000000 -0.12484800
3 7.43124800 1.49647700 0.00000200 0.00000000 0.00000000 0.24545000
4 5.27847900 0.16554100 0.00000100 0.00000000 0.00000000 0.04851100
5 -1.03766400 -9.43453000 4.97450600 1.97586400 1.15990900 -1.29878600
6 -6.21448200 -0.00000700 -0.00002700 2.57677200 0.02906500 1.51999400
7 11.94488500 0.00000000 0.00000000 0.44024200 -0.33416400 1.26397000
8 10.62018100 0.00000000 -0.00000100 0.80483500 0.66664400 -2.69389200
9 -4.75111000 -0.69449200 0.83057500 0.02244300 -0.34124800 0.62547300
10 -1.68807100 0.00004600 -0.00003500 0.01803600 -0.01695300 0.62219900
11 -1.33613800 0.00005600 -0.00001200 0.02599300 -0.00449300 0.72429900
12 -4.82049900 -0.50945800 -0.22476000 -0.59142200 0.17173500 1.62879800
13 -1.82699100 -0.00006500 0.00000700 -0.00877900 0.03948000 1.05474700
14 -1.43657900 0.00001000 0.00000400 -0.04748700 -0.06156900 0.56561900
15 -3.99236100 -0.89118600 -1.82790900 -0.60639500 0.58941700 1.94389200
16 -1.40592300 -0.00002600 -0.00000400 0.01654100 -0.02437900 0.27905000
17 -1.17536200 0.00012700 -0.00002000 0.04192500 0.05340800 0.56994100
18 -4.52675500 -0.69057300 -1.12074500 -0.53318000 0.42052500 1.89479600
19 -1.74404500 0.00003700 -0.00000700 -0.00618100 -0.02893200 0.61965200
20 -1.36876500 0.00002400 0.00000200 -0.16436400 0.17560900 0.73252700
21 -1.87480200 -0.93512500 0.99917200 2.00090700 0.60849400 1.00710700
22 -1.52345100 0.00003100 0.00002800 0.17430900 0.04358600 0.69908300
23 -1.59928400 0.00000300 0.00001400 0.03567100 -0.02383000 0.56873300
24 5.58312900 0.11572600 0.29499700 1.94756400 -0.06728900 3.12123600
25 0.19684800 -0.00000300 0.00000300 2.79340700 0.00000600 -3.14157700
26 -4.02607300 -13.81774400 -7.06094900 1.97586200 1.15990900 1.84280300
27 6.21448500 0.00000600 0.00002000 -1.33138500 0.37098200 -2.05114400
28 11.94488900 -0.00003300 -0.00018900 0.15832900 -0.34859400 -1.50347300
29 10.62016500 0.00000800 0.00000700 -1.26507400 -0.49586200 0.28473200
30 4.75115700 0.69437600 -0.83047300 -0.12139300 -0.23408600 1.17691000
31 1.68806600 -0.00002700 0.00000200 0.00195900 -0.02465400 1.35789400
32 1.33614300 -0.00005500 -0.00000900 0.00029900 -0.03867100 0.36183900
33 4.82051500 0.50934000 0.22486500 -0.23721200 -0.11127000 1.45394900
34 1.82699700 0.00006700 0.00000800 -0.00549900 0.04010600 1.13828700
35 1.43658100 -0.00001000 0.00000700 0.00975800 -0.01157600 0.13774600
36 3.99235000 0.89108700 1.82799500 -0.51521400 0.05380600 1.55215900
37 1.40592100 0.00002200 -0.00000600 0.00565800 -0.02894500 0.68272200
38 1.17536400 -0.00013000 0.00000400 0.09742000 0.07554300 0.86846900
39 4.52675500 0.69045900 1.12084200 -0.49069100 0.02943900 1.64232200
40 1.74404300 -0.00003100 -0.00000200 -0.01475800 -0.02562500 0.93406200
41 1.36876300 -0.00003300 -0.00001600 0.11311900 0.11147800 0.61039100
42 2.24249600 1.34902600 -0.74849500 2.68757000 0.43837800 0.97926800
43 1.62286000 -0.22039800 -0.15537300 0.15185400 0.13855000 0.94799900
44 1.58379200 -0.15422100 0.02523200 0.06727400 0.04945100 0.19342300
45 5.51180600 0.00000000 0.00000400 0.16325100 0.00000000 0.00000000
46 0.19684800 0.00000000 0.00000000 -0.34822500 0.00001500 -0.00000200
47 0.00000000 0.00000000 0.00000000 0.00000000 0.00000000 -1.57079600
48 -3.46189900 2.90101600 -3.24579200 0.00000000 0.00000000 -3.14156200
49 -7.88801500 19.97891200 -1.12353500 0.41552500 0.23148600 -0.38248100
50 -0.15910500 0.02305100 -0.34200700 0.00000000 0.00000000 0.00000000
51 0.16895700 -0.03358900 0.65100600 0.00000000 0.00000000 0.00000000
52 0.24801400 0.17628700 -0.04521800 0.00000000 0.00000000 0.00000000
53 4.99699200 -0.07961600 -1.51780000 0.00000000 0.00000000 0.00000000
54 0.63391300 0.60768000 0.83129200 0.00000000 0.00000000 0.00000000
55 -0.29897500 -0.62533200 0.49585200 0.00000000 0.00000000 0.00000000
56 11.12727300 1.21456700 -4.99979000 0.80355900 1.02375100 2.19962600
57 -7.97506600 -3.31287700 -3.55349900 3.04808000 -0.02547800 -2.10370600
58 2.04895400 -0.03391300 -1.46330700 0.00000000 0.00000000 0.00000000
time 44
0 -0.00000100 7.45008900 -27.50902600 0.00000000 0.00000000 0.00003100
1 -0.00000200 0.00000000 0.00000000 1.57074300 -1.56713700 -1.57074300
2 4.25546800 -0.33518300 -0.00000200 0.00000000 0.00000000 -0.12484800
3 7.43124800 1.49647700 0.00000200 0.00000000 0.00000000 0.24545000
4 5.27847900 0.16554100 0.00000100 0.00000000 0.00000000 0.04851100
5 -1.03766400 -9.43453000 4.97450600 1.97586400 1.15990900 -1.29878600
6 -6.21448200 -0.00000700 -0.00002700 2.57731900 0.02884700 1.51854200
7 11.94488500 0.00000000 0.00000000 0.44116100 -0.33385700 1.26102600
8 10.62018100 0.00000000 -0.00000100 0.80628100 0.66808200 -2.69059800
9 -4.75111000 -0.69449200 0.83057500 0.02244300 -0.34124800 0.62547300
10 -1.68807100 0.00004600 -0.00003500 0.01803600 -0.01695300 0.62219900
11 -1.33613800 0.00005600 -0.00001200 0.02599300 -0.00449300 0.72429900
12 -4.82049900 -0.50945800 -0.22476000 -0.59142200 0.17173500 1.62879800
13 -1.82699100 -0.00006500 0.00000700 -0.00877900 0.03948000 1.05474700
14 -1.43657900 0.00001000 0.00000400 -0.04748700 -0.06156900 0.56561900
15 -3.99236100 -0.89118600 -1.82790900 -0.60639500 0.58941700 1.94389200
16 -1.40592300 -0.00002600 -0.00000400 0.01654100 -0.02437900 0.27905000
17 -1.17536200 0.00012700 -0.00002000 0.04192500 0.05340800 0.56994100
18 -4.52675500 -0.69057300 -1.12074500 -0.53318000 0.42052500 1.89479600
19 -1.74404500 0.00003700 -0.00000700 -0.00618100 -0.02893200 0.61965200
20 -1.36876500 0.00002400 0.00000200 -0.16436400 0.17560900 0.73252700
21 -1.87480200 -0.93512500 0.99917200 2.00090700 0.60849400 1.00710700
22 -1.52345100 0.00003100 0.00002800 0.17430900 0.04358600 0.69908300
23 -1.59928400 0.00000300 0.00001400 0.03567100 -0.02383000 0.56873300
24 5.58312900 0.11572600 0.29499700 1.94756400 -0.06728900 3.12123600
25 0.19684800 -0.00000300 0.00000300 2.79340700 0.00000600 -3.14157700
26 -4.02607300 -13.81774400 -7.06094900 1.97586200 1.15990900 1.84280300
27 6.21448500 0.00000600 0.00002000 -1.33065800 0.36669600 -2.05122400
28 11.94488900 -0.00003300 -0.00018900 0.15728900 -0.34843800 -1.50033000
29 10.62016500 0.00000800 0.00000700 -1.26321100 -0.49492000 0.28305200
30 4.75115700 0.69437600 -0.83047300 -0.12139300 -0.23408600 1.17691000
31 1.68806600 -0.00002700 0.00000200 0.00195900 -0.02465400 1.35789400
32 1.33614300 -0.00005500 -0.00000900 0.00029900 -0.03867100 0.36183900
33 4.82051500 0.50934000 0.22486500 -0.23721200 -0.11127000 1.45394900
34 1.82699700 0.00006700 0.00000800 -0.00549900 0.04010600 1.13828700
35 1.43658100 -0.00001000 0.00000700 0.00975800 -0.01157600 0.13774600
36 3.99235000 0.89108700 1.82799500 -0.51521400 0.05380600 1.55215900
37 1.40592100 0.00002200 -0.00000600 0.00565800 -0.02894500 0.68272200
38 1.17536400 -0.00013000 0.00000400 0.09742000 0.07554300 0.86846900
39 4.52675500 0.69045900 1.12084200 -0.49069100 0.02943900 1.64232200
40 1.74404300 -0.00003100 -0.00000200 -0.01475800 -0.02562500 0.93406200
41 1.36876300 -0.00003300 -0.00001600 0.11311900 0.11147800 0.61039100
42 2.24249600 1.34902600 -0.74849500 2.68757000 0.43837800 0.97926800
43 1.62286000 -0.22039800 -0.15537300 0.15185400 0.13855000 0.94799900
44 1.58379200 -0.15422100 0.02523200 0.06727400 0.04945100 0.19342300
45 5.51180600 0.00000000 0.00000400 0.16325100 0.00000000 0.00000000
46 0.19684800 0.00000000 0.00000000 -0.34822500 0.00001500 -0.00000200
47 0.00000000 0.00000000 0.00000000 0.00000000 0.00000000 -1.57079600
48 -3.46189900 2.90101600 -3.24579200 0.00000000 0.00000000 -3.14156200
49 -7.88033100 19.97891200 -1.09126500 0.41655100 0.23433500 -0.38177200
50 -0.15910500 0.02305100 -0.34200700 0.00000000 0.00000000 0.00000000
51 0.16895700 -0.03358900 0.65100600 0.00000000 0.00000000 0.00000000
52 0.24801400 0.17628700 -0.04521800 0.00000000 0.00000000 0.00000000
53 4.99699200 -0.07961600 -1.51780000 0.00000000 0.00000000 0.00000000
54 0.63391300 0.60768000 0.83129200 0.00000000 0.00000000 0.00000000
55 -0.29897500 -0.62533200 0.49585200 0.00000000 0.00000000 0.00000000
56 11.12727300 1.21456700 -4.99979000 0.80355900 1.02375100 2.19962600
57 -7.97506600 -3.31287700 -3.55349900 3.04808000 -0.02547800 -2.10370600
58 2.04895400 -0.03391300 -1.46330700 0.00000000 0.00000000 0.00000000
time 45
0 -0.00000100 7.45008900 -27.50902600 0.00000000 0.00000000 0.00003100
1 -0.00000200 0.00000000 0.00000000 1.57074300 -1.56713700 -1.57074300
2 4.25546800 -0.33518300 -0.00000200 0.00000000 0.00000000 -0.12484800
3 7.43124800 1.49647700 0.00000200 0.00000000 0.00000000 0.24545000
4 5.27847900 0.16554100 0.00000100 0.00000000 0.00000000 0.04851100
5 -1.03766400 -9.43453000 4.97450600 1.97586400 1.15990900 -1.29878600
6 -6.21448200 -0.00000700 -0.00002700 2.57793300 0.02860100 1.51720600
7 11.94488500 0.00000000 0.00000000 0.44217300 -0.33357900 1.25796700
8 10.62018100 0.00000000 -0.00000100 0.80770800 0.66940300 -2.68726400
9 -4.75111000 -0.69449200 0.83057500 0.02244300 -0.34124800 0.62547300
10 -1.68807100 0.00004600 -0.00003500 0.01803600 -0.01695300 0.62219900
11 -1.33613800 0.00005600 -0.00001200 0.02599300 -0.00449300 0.72429900
12 -4.82049900 -0.50945800 -0.22476000 -0.59142200 0.17173500 1.62879800
13 -1.82699100 -0.00006500 0.00000700 -0.00877900 0.03948000 1.05474700
14 -1.43657900 0.00001000 0.00000400 -0.04748700 -0.06156900 0.56561900
15 -3.99236100 -0.89118600 -1.82790900 -0.60639500 0.58941700 1.94389200
16 -1.40592300 -0.00002600 -0.00000400 0.01654100 -0.02437900 0.27905000
17 -1.17536200 0.00012700 -0.00002000 0.04192500 0.05340800 0.56994100
18 -4.52675500 -0.69057300 -1.12074500 -0.53318000 0.42052500 1.89479600
19 -1.74404500 0.00003700 -0.00000700 -0.00618100 -0.02893200 0.61965200
20 -1.36876500 0.00002400 0.00000200 -0.16436400 0.17560900 0.73252700
21 -1.87480200 -0.93512500 0.99917200 2.00090700 0.60849400 1.00710700
22 -1.52345100 0.00003100 0.00002800 0.17430900 0.04358600 0.69908300
23 -1.59928400 0.00000300 0.00001400 0.03567100 -0.02383000 0.56873300
24 5.58312900 0.11572600 0.29499700 1.94756400 -0.06728900 3.12123600
25 0.19684800 -0.00000300 0.00000300 2.79340700 0.00000600 -3.14157700
26 -4.02607300 -13.81774400 -7.06094900 1.97586200 1.15990900 1.84280300
27 6.21448500 0.00000600 0.00002000 -1.32987400 0.36230300 -2.05124000
28 11.94488900 -0.00003300 -0.00018900 0.15625300 -0.34840200 -1.49722000
29 10.62016500 0.00000800 0.00000700 -1.26136100 -0.49392500 0.28144900
30 4.75115700 0.69437600 -0.83047300 -0.12139300 -0.23408600 1.17691000
31 1.68806600 -0.00002700 0.00000200 0.00195900 -0.02465400 1.35789400
32 1.33614300 -0.00005500 -0.00000900 0.00029900 -0.03867100 0.36183900
33 4.82051500 0.50934000 0.22486500 -0.23721200 -0.11127000 1.45394900
34 1.82699700 0.00006700 0.00000800 -0.00549900 0.04010600 1.13828700
35 1.43658100 -0.00001000 0.00000700 0.00975800 -0.01157600 0.13774600
36 3.99235000 0.89108700 1.82799500 -0.51521400 0.05380600 1.55215900
37 1.40592100 0.00002200 -0.00000600 0.00565800 -0.02894500 0.68272200
38 1.17536400 -0.00013000 0.00000400 0.09742000 0.07554300 0.86846900
39 4.52675500 0.69045900 1.12084200 -0.49069100 0.02943900 1.64232200
40 1.74404300 -0.00003100 -0.00000200 -0.01475800 -0.02562500 0.93406200
41 1.36876300 -0.00003300 -0.00001600 0.11311900 0.11147800 0.61039100
42 2.24249600 1.34902600 -0.74849500 2.68757000 0.43837800 0.97926800
43 1.62286000 -0.22039800 -0.15537300 0.15185400 0.13855000 0.94799900
44 1.58379200 -0.15422100 0.02523200 0.06727400 0.04945100 0.19342300
45 5.51180600 0.00000000 0.00000400 0.16325100 0.00000000 0.00000000
46 0.19684800 0.00000000 0.00000000 -0.34822500 0.00001500 -0.00000200
47 0.00000000 0.00000000 0.00000000 0.00000000 0.00000000 -1.57079600
48 -3.46189900 2.90101600 -3.24579200 0.00000000 0.00000000 -3.14156200
49 -7.87257800 19.97891200 -1.05870700 0.41757000 0.23720300 -0.38114900
50 -0.15910500 0.02305100 -0.34200700 0.00000000 0.00000000 0.00000000
51 0.16895700 -0.03358900 0.65100600 0.00000000 0.00000000 0.00000000
52 0.24801400 0.17628700 -0.04521800 0.00000000 0.00000000 0.00000000
53 4.99699200 -0.07961600 -1.51780000 0.00000000 0.00000000 0.00000000
54 0.63391300 0.60768000 0.83129200 0.00000000 0.00000000 0.00000000
55 -0.29897500 -0.62533200 0.49585200 0.00000000 0.00000000 0.00000000
56 11.12727300 1.21456700 -4.99979000 0.80355900 1.02375100 2.19962600
57 -7.97506600 -3.31287700 -3.55349900 3.04808000 -0.02547800 -2.10370600
58 2.04895400 -0.03391300 -1.46330700 0.00000000 0.00000000 0.00000000
time 46
0 -0.00000100 7.45008900 -27.50902600 0.00000000 0.00000000 0.00003100
1 -0.00000200 0.00000000 0.00000000 1.57074300 -1.56713700 -1.57074300
2 4.25546800 -0.33518300 -0.00000200 0.00000000 0.00000000 -0.12484800
3 7.43124800 1.49647700 0.00000200 0.00000000 0.00000000 0.24545000
4 5.27847900 0.16554100 0.00000100 0.00000000 0.00000000 0.04851100
5 -1.03766400 -9.43453000 4.97450600 1.97586400 1.15990900 -1.29878600
6 -6.21448200 -0.00000700 -0.00002700 2.57848100 0.02841800 1.51587000
7 11.94488500 0.00000000 0.00000000 0.44318500 -0.33329900 1.25491300
8 10.62018100 0.00000000 -0.00000100 0.80909600 0.67082100 -2.68389500
9 -4.75111000 -0.69449200 0.83057500 0.02244300 -0.34124800 0.62547300
10 -1.68807100 0.00004600 -0.00003500 0.01803600 -0.01695300 0.62219900
11 -1.33613800 0.00005600 -0.00001200 0.02599300 -0.00449300 0.72429900
12 -4.82049900 -0.50945800 -0.22476000 -0.59142200 0.17173500 1.62879800
13 -1.82699100 -0.00006500 0.00000700 -0.00877900 0.03948000 1.05474700
14 -1.43657900 0.00001000 0.00000400 -0.04748700 -0.06156900 0.56561900
15 -3.99236100 -0.89118600 -1.82790900 -0.60639500 0.58941700 1.94389200
16 -1.40592300 -0.00002600 -0.00000400 0.01654100 -0.02437900 0.27905000
17 -1.17536200 0.00012700 -0.00002000 0.04192500 0.05340800 0.56994100
18 -4.52675500 -0.69057300 -1.12074500 -0.53318000 0.42052500 1.89479600
19 -1.74404500 0.00003700 -0.00000700 -0.00618100 -0.02893200 0.61965200
20 -1.36876500 0.00002400 0.00000200 -0.16436400 0.17560900 0.73252700
21 -1.87480200 -0.93512500 0.99917200 2.00090700 0.60849400 1.00710700
22 -1.52345100 0.00003100 0.00002800 0.17430900 0.04358600 0.69908300
23 -1.59928400 0.00000300 0.00001400 0.03567100 -0.02383000 0.56873300
24 5.58312900 0.11572600 0.29499700 1.94756400 -0.06728900 3.12123600
25 0.19684800 -0.00000300 0.00000300 2.79340700 0.00000600 -3.14157700
26 -4.02607300 -13.81774400 -7.06094900 1.97586200 1.15990900 1.84280300
27 6.21448500 0.00000600 0.00002000 -1.32905700 0.35796700 -2.05130300
28 11.94488900 -0.00003300 -0.00018900 0.15515300 -0.34830000 -1.49408400
29 10.62016500 0.00000800 0.00000700 -1.25955100 -0.49304800 0.27984400
30 4.75115700 0.69437600 -0.83047300 -0.12139300 -0.23408600 1.17691000
31 1.68806600 -0.00002700 0.00000200 0.00195900 -0.02465400 1.35789400
32 1.33614300 -0.00005500 -0.00000900 0.00029900 -0.03867100 0.36183900
33 4.82051500 0.50934000 0.22486500 -0.23721200 -0.11127000 1.45394900
34 1.82699700 0.00006700 0.00000800 -0.00549900 0.04010600 1.13828700
35 1.43658100 -0.00001000 0.00000700 0.00975800 -0.01157600 0.13774600
36 3.99235000 0.89108700 1.82799500 -0.51521400 0.05380600 1.55215900
37 1.40592100 0.00002200 -0.00000600 0.00565800 -0.02894500 0.68272200
38 1.17536400 -0.00013000 0.00000400 0.09742000 0.07554300 0.86846900
39 4.52675500 0.69045900 1.12084200 -0.49069100 0.02943900 1.64232200
40 1.74404300 -0.00003100 -0.00000200 -0.01475800 -0.02562500 0.93406200
41 1.36876300 -0.00003300 -0.00001600 0.11311900 0.11147800 0.61039100
42 2.24249600 1.34902600 -0.74849500 2.68757000 0.43837800 0.97926800
43 1.62286000 -0.22039800 -0.15537300 0.15185400 0.13855000 0.94799900
44 1.58379200 -0.15422100 0.02523200 0.06727400 0.04945100 0.19342300
45 5.51180600 0.00000000 0.00000400 0.16325100 0.00000000 0.00000000
46 0.19684800 0.00000000 0.00000000 -0.34822500 0.00001500 -0.00000200
47 0.00000000 0.00000000 0.00000000 0.00000000 0.00000000 -1.57079600
48 -3.46189900 2.90101600 -3.24579200 0.00000000 0.00000000 -3.14156200
49 -7.86482600 19.97891200 -1.02614500 0.41859100 0.24013600 -0.38042000
50 -0.15910500 0.02305100 -0.34200700 0.00000000 0.00000000 0.00000000
51 0.16895700 -0.03358900 0.65100600 0.00000000 0.00000000 0.00000000
52 0.24801400 0.17628700 -0.04521800 0.00000000 0.00000000 0.00000000
53 4.99699200 -0.07961600 -1.51780000 0.00000000 0.00000000 0.00000000
54 0.63391300 0.60768000 0.83129200 0.00000000 0.00000000 0.00000000
55 -0.29897500 -0.62533200 0.49585200 0.00000000 0.00000000 0.00000000
56 11.12727300 1.21456700 -4.99979000 0.80355900 1.02375100 2.19962600
57 -7.97506600 -3.31287700 -3.55349900 3.04808000 -0.02547800 -2.10370600
58 2.04895400 -0.03391300 -1.46330700 0.00000000 0.00000000 0.00000000
time 47
0 -0.00000100 7.45008900 -27.50902600 0.00000000 0.00000000 0.00003100
1 -0.00000200 0.00000000 0.00000000 1.57074300 -1.56713700 -1.57074300
2 4.25546800 -0.33518300 -0.00000200 0.00000000 0.00000000 -0.12484800
3 7.43124800 1.49647700 0.00000200 0.00000000 0.00000000 0.24545000
4 5.27847900 0.16554100 0.00000100 0.00000000 0.00000000 0.04851100
5 -1.03766400 -9.43453000 4.97450600 1.97586400 1.15990900 -1.29878600
6 -6.21448200 -0.00000700 -0.00002700 2.57903200 0.02808600 1.51445300
7 11.94488500 0.00000000 0.00000000 0.44412000 -0.33296300 1.25186800
8 10.62018100 0.00000000 -0.00000100 0.81054300 0.67213700 -2.68054600
9 -4.75111000 -0.69449200 0.83057500 0.02244300 -0.34124800 0.62547300
10 -1.68807100 0.00004600 -0.00003500 0.01803600 -0.01695300 0.62219900
11 -1.33613800 0.00005600 -0.00001200 0.02599300 -0.00449300 0.72429900
12 -4.82049900 -0.50945800 -0.22476000 -0.59142200 0.17173500 1.62879800
13 -1.82699100 -0.00006500 0.00000700 -0.00877900 0.03948000 1.05474700
14 -1.43657900 0.00001000 0.00000400 -0.04748700 -0.06156900 0.56561900
15 -3.99236100 -0.89118600 -1.82790900 -0.60639500 0.58941700 1.94389200
16 -1.40592300 -0.00002600 -0.00000400 0.01654100 -0.02437900 0.27905000
17 -1.17536200 0.00012700 -0.00002000 0.04192500 0.05340800 0.56994100
18 -4.52675500 -0.69057300 -1.12074500 -0.53318000 0.42052500 1.89479600
19 -1.74404500 0.00003700 -0.00000700 -0.00618100 -0.02893200 0.61965200
20 -1.36876500 0.00002400 0.00000200 -0.16436400 0.17560900 0.73252700
21 -1.87480200 -0.93512500 0.99917200 2.00090700 0.60849400 1.00710700
22 -1.52345100 0.00003100 0.00002800 0.17430900 0.04358600 0.69908300
23 -1.59928400 0.00000300 0.00001400 0.03567100 -0.02383000 0.56873300
24 5.58312900 0.11572600 0.29499700 1.94756400 -0.06728900 3.12123600
25 0.19684800 -0.00000300 0.00000300 2.79340700 0.00000600 -3.14157700
26 -4.02607300 -13.81774400 -7.06094900 1.97586200 1.15990900 1.84280300
27 6.21448500 0.00000600 0.00002000 -1.32824300 0.35370800 -2.05127600
28 11.94488900 -0.00003300 -0.00018900 0.15403200 -0.34820400 -1.49083200
29 10.62016500 0.00000800 0.00000700 -1.25781400 -0.49208400 0.27820300
30 4.75115700 0.69437600 -0.83047300 -0.12139300 -0.23408600 1.17691000
31 1.68806600 -0.00002700 0.00000200 0.00195900 -0.02465400 1.35789400
32 1.33614300 -0.00005500 -0.00000900 0.00029900 -0.03867100 0.36183900
33 4.82051500 0.50934000 0.22486500 -0.23721200 -0.11127000 1.45394900
34 1.82699700 0.00006700 0.00000800 -0.00549900 0.04010600 1.13828700
35 1.43658100 -0.00001000 0.00000700 0.00975800 -0.01157600 0.13774600
36 3.99235000 0.89108700 1.82799500 -0.51521400 0.05380600 1.55215900
37 1.40592100 0.00002200 -0.00000600 0.00565800 -0.02894500 0.68272200
38 1.17536400 -0.00013000 0.00000400 0.09742000 0.07554300 0.86846900
39 4.52675500 0.69045900 1.12084200 -0.49069100 0.02943900 1.64232200
40 1.74404300 -0.00003100 -0.00000200 -0.01475800 -0.02562500 0.93406200
41 1.36876300 -0.00003300 -0.00001600 0.11311900 0.11147800 0.61039100
42 2.24249600 1.34902600 -0.74849500 2.68757000 0.43837800 0.97926800
43 1.62286000 -0.22039800 -0.15537300 0.15185400 0.13855000 0.94799900
44 1.58379200 -0.15422100 0.02523200 0.06727400 0.04945100 0.19342300
45 5.51180600 0.00000000 0.00000400 0.16325100 0.00000000 0.00000000
46 0.19684800 0.00000000 0.00000000 -0.34822500 0.00001500 -0.00000200
47 0.00000000 0.00000000 0.00000000 0.00000000 0.00000000 -1.57079600
48 -3.46189900 2.90101600 -3.24579200 0.00000000 0.00000000 -3.14156200
49 -7.85714200 19.97891200 -0.99387500 0.41962800 0.24298500 -0.37970300
50 -0.15910500 0.02305100 -0.34200700 0.00000000 0.00000000 0.00000000
51 0.16895700 -0.03358900 0.65100600 0.00000000 0.00000000 0.00000000
52 0.24801400 0.17628700 -0.04521800 0.00000000 0.00000000 0.00000000
53 4.99699200 -0.07961600 -1.51780000 0.00000000 0.00000000 0.00000000
54 0.63391300 0.60768000 0.83129200 0.00000000 0.00000000 0.00000000
55 -0.29897500 -0.62533200 0.49585200 0.00000000 0.00000000 0.00000000
56 11.12727300 1.21456700 -4.99979000 0.80355900 1.02375100 2.19962600
57 -7.97506600 -3.31287700 -3.55349900 3.04808000 -0.02547800 -2.10370600
58 2.04895400 -0.03391300 -1.46330700 0.00000000 0.00000000 0.00000000
time 48
0 -0.00000100 7.45008900 -27.50902600 0.00000000 0.00000000 0.00003100
1 -0.00000200 0.00000000 0.00000000 1.57074300 -1.56713700 -1.57074300
2 4.25546800 -0.33518300 -0.00000200 0.00000000 0.00000000 -0.12484800
3 7.43124800 1.49647700 0.00000200 0.00000000 0.00000000 0.24545000
4 5.27847900 0.16554100 0.00000100 0.00000000 0.00000000 0.04851100
5 -1.03766400 -9.43453000 4.97450600 1.97586400 1.15990900 -1.29878600
6 -6.21448200 -0.00000700 -0.00002700 2.57964600 0.02784400 1.51312000
7 11.94488500 0.00000000 0.00000000 0.44511300 -0.33270500 1.24893200
8 10.62018100 0.00000000 -0.00000100 0.81200000 0.67345000 -2.67718800
9 -4.75111000 -0.69449200 0.83057500 0.02244300 -0.34124800 0.62547300
10 -1.68807100 0.00004600 -0.00003500 0.01803600 -0.01695300 0.62219900
11 -1.33613800 0.00005600 -0.00001200 0.02599300 -0.00449300 0.72429900
12 -4.82049900 -0.50945800 -0.22476000 -0.59142200 0.17173500 1.62879800
13 -1.82699100 -0.00006500 0.00000700 -0.00877900 0.03948000 1.05474700
14 -1.43657900 0.00001000 0.00000400 -0.04748700 -0.06156900 0.56561900
15 -3.99236100 -0.89118600 -1.82790900 -0.60639500 0.58941700 1.94389200
16 -1.40592300 -0.00002600 -0.00000400 0.01654100 -0.02437900 0.27905000
17 -1.17536200 0.00012700 -0.00002000 0.04192500 0.05340800 0.56994100
18 -4.52675500 -0.69057300 -1.12074500 -0.53318000 0.42052500 1.89479600
19 -1.74404500 0.00003700 -0.00000700 -0.00618100 -0.02893200 0.61965200
20 -1.36876500 0.00002400 0.00000200 -0.16436400 0.17560900 0.73252700
21 -1.87480200 -0.93512500 0.99917200 2.00090700 0.60849400 1.00710700
22 -1.52345100 0.00003100 0.00002800 0.17430900 0.04358600 0.69908300
23 -1.59928400 0.00000300 0.00001400 0.03567100 -0.02383000 0.56873300
24 5.58312900 0.11572600 0.29499700 1.94756400 -0.06728900 3.12123600
25 0.19684800 -0.00000300 0.00000300 2.79340700 0.00000600 -3.14157700
26 -4.02607300 -13.81774400 -7.06094900 1.97586200 1.15990900 1.84280300
27 6.21448500 0.00000600 0.00002000 -1.32744400 0.34938600 -2.05133700
28 11.94488900 -0.00003300 -0.00018900 0.15300100 -0.34815900 -1.48773600
29 10.62016500 0.00000800 0.00000700 -1.25596000 -0.49118500 0.27646400
30 4.75115700 0.69437600 -0.83047300 -0.12139300 -0.23408600 1.17691000
31 1.68806600 -0.00002700 0.00000200 0.00195900 -0.02465400 1.35789400
32 1.33614300 -0.00005500 -0.00000900 0.00029900 -0.03867100 0.36183900
33 4.82051500 0.50934000 0.22486500 -0.23721200 -0.11127000 1.45394900
34 1.82699700 0.00006700 0.00000800 -0.00549900 0.04010600 1.13828700
35 1.43658100 -0.00001000 0.00000700 0.00975800 -0.01157600 0.13774600
36 3.99235000 0.89108700 1.82799500 -0.51521400 0.05380600 1.55215900
37 1.40592100 0.00002200 -0.00000600 0.00565800 -0.02894500 0.68272200
38 1.17536400 -0.00013000 0.00000400 0.09742000 0.07554300 0.86846900
39 4.52675500 0.69045900 1.12084200 -0.49069100 0.02943900 1.64232200
40 1.74404300 -0.00003100 -0.00000200 -0.01475800 -0.02562500 0.93406200
41 1.36876300 -0.00003300 -0.00001600 0.11311900 0.11147800 0.61039100
42 2.24249600 1.34902600 -0.74849500 2.68757000 0.43837800 0.97926800
43 1.62286000 -0.22039800 -0.15537300 0.15185400 0.13855000 0.94799900
44 1.58379200 -0.15422100 0.02523200 0.06727400 0.04945100 0.19342300
45 5.51180600 0.00000000 0.00000400 0.16325100 0.00000000 0.00000000
46 0.19684800 0.00000000 0.00000000 -0.34822500 0.00001500 -0.00000200
47 0.00000000 0.00000000 0.00000000 0.00000000 0.00000000 -1.57079600
48 -3.46189900 2.90101600 -3.24579200 0.00000000 0.00000000 -3.14156200
49 -7.84959700 19.97891200 -0.96218600 0.42066800 0.24583400 -0.37898300
50 -0.15910500 0.02305100 -0.34200700 0.00000000 0.00000000 0.00000000
51 0.16895700 -0.03358900 0.65100600 0.00000000 0.00000000 0.00000000
52 0.24801400 0.17628700 -0.04521800 0.00000000 0.00000000 0.00000000
53 4.99699200 -0.07961600 -1.51780000 0.00000000 0.00000000 0.00000000
54 0.63391300 0.60768000 0.83129200 0.00000000 0.00000000 0.00000000
55 -0.29897500 -0.62533200 0.49585200 0.00000000 0.00000000 0.00000000
56 11.12727300 1.21456700 -4.99979000 0.80355900 1.02375100 2.19962600
57 -7.97506600 -3.31287700 -3.55349900 3.04808000 -0.02547800 -2.10370600
58 2.04895400 -0.03391300 -1.46330700 0.00000000 0.00000000 0.00000000
time 49
0 -0.00000100 7.45008900 -27.50902600 0.00000000 0.00000000 0.00003100
1 -0.00000200 0.00000000 0.00000000 1.57074300 -1.56713700 -1.57074300
2 4.25546800 -0.33518300 -0.00000200 0.00000000 0.00000000 -0.12484800
3 7.43124800 1.49647700 0.00000200 0.00000000 0.00000000 0.24545000
4 5.27847900 0.16554100 0.00000100 0.00000000 0.00000000 0.04851100
5 -1.03766400 -9.43453000 4.97450600 1.97586400 1.15990900 -1.29878600
6 -6.21448200 -0.00000700 -0.00002700 2.58019500 0.02766400 1.51178700
7 11.94488500 0.00000000 0.00000000 0.44607700 -0.33232200 1.24601400
8 10.62018100 0.00000000 -0.00000100 0.81338400 0.67471800 -2.67397900
9 -4.75111000 -0.69449200 0.83057500 0.02244300 -0.34124800 0.62547300
10 -1.68807100 0.00004600 -0.00003500 0.01803600 -0.01695300 0.62219900
11 -1.33613800 0.00005600 -0.00001200 0.02599300 -0.00449300 0.72429900
12 -4.82049900 -0.50945800 -0.22476000 -0.59142200 0.17173500 1.62879800
13 -1.82699100 -0.00006500 0.00000700 -0.00877900 0.03948000 1.05474700
14 -1.43657900 0.00001000 0.00000400 -0.04748700 -0.06156900 0.56561900
15 -3.99236100 -0.89118600 -1.82790900 -0.60639500 0.58941700 1.94389200
16 -1.40592300 -0.00002600 -0.00000400 0.01654100 -0.02437900 0.27905000
17 -1.17536200 0.00012700 -0.00002000 0.04192500 0.05340800 0.56994100
18 -4.52675500 -0.69057300 -1.12074500 -0.53318000 0.42052500 1.89479600
19 -1.74404500 0.00003700 -0.00000700 -0.00618100 -0.02893200 0.61965200
20 -1.36876500 0.00002400 0.00000200 -0.16436400 0.17560900 0.73252700
21 -1.87480200 -0.93512500 0.99917200 2.00090700 0.60849400 1.00710700
22 -1.52345100 0.00003100 0.00002800 0.17430900 0.04358600 0.69908300
23 -1.59928400 0.00000300 0.00001400 0.03567100 -0.02383000 0.56873300
24 5.58312900 0.11572600 0.29499700 1.94756400 -0.06728900 3.12123600
25 0.19684800 -0.00000300 0.00000300 2.79340700 0.00000600 -3.14157700
26 -4.02607300 -13.81774400 -7.06094900 1.97586200 1.15990900 1.84280300
27 6.21448500 0.00000600 0.00002000 -1.32666800 0.34530300 -2.05142000
28 11.94488900 -0.00003300 -0.00018900 0.15192500 -0.34804000 -1.48473400
29 10.62016500 0.00000800 0.00000700 -1.25427600 -0.49028600 0.27489600
30 4.75115700 0.69437600 -0.83047300 -0.12139300 -0.23408600 1.17691000
31 1.68806600 -0.00002700 0.00000200 0.00195900 -0.02465400 1.35789400
32 1.33614300 -0.00005500 -0.00000900 0.00029900 -0.03867100 0.36183900
33 4.82051500 0.50934000 0.22486500 -0.23721200 -0.11127000 1.45394900
34 1.82699700 0.00006700 0.00000800 -0.00549900 0.04010600 1.13828700
35 1.43658100 -0.00001000 0.00000700 0.00975800 -0.01157600 0.13774600
36 3.99235000 0.89108700 1.82799500 -0.51521400 0.05380600 1.55215900
37 1.40592100 0.00002200 -0.00000600 0.00565800 -0.02894500 0.68272200
38 1.17536400 -0.00013000 0.00000400 0.09742000 0.07554300 0.86846900
39 4.52675500 0.69045900 1.12084200 -0.49069100 0.02943900 1.64232200
40 1.74404300 -0.00003100 -0.00000200 -0.01475800 -0.02562500 0.93406200
41 1.36876300 -0.00003300 -0.00001600 0.11311900 0.11147800 0.61039100
42 2.24249600 1.34902600 -0.74849500 2.68757000 0.43837800 0.97926800
43 1.62286000 -0.22039800 -0.15537300 0.15185400 0.13855000 0.94799900
44 1.58379200 -0.15422100 0.02523200 0.06727400 0.04945100 0.19342300
45 5.51180600 0.00000000 0.00000400 0.16325100 0.00000000 0.00000000
46 0.19684800 0.00000000 0.00000000 -0.34822500 0.00001500 -0.00000200
47 0.00000000 0.00000000 0.00000000 0.00000000 0.00000000 -1.57079600
48 -3.46189900 2.90101600 -3.24579200 0.00000000 0.00000000 -3.14156200
49 -7.84225800 19.97891200 -0.93136400 0.42163800 0.24851800 -0.37839000
50 -0.15910500 0.02305100 -0.34200700 0.00000000 0.00000000 0.00000000
51 0.16895700 -0.03358900 0.65100600 0.00000000 0.00000000 0.00000000
52 0.24801400 0.17628700 -0.04521800 0.00000000 0.00000000 0.00000000
53 4.99699200 -0.07961600 -1.51780000 0.00000000 0.00000000 0.00000000
54 0.63391300 0.60768000 0.83129200 0.00000000 0.00000000 0.00000000
55 -0.29897500 -0.62533200 0.49585200 0.00000000 0.00000000 0.00000000
56 11.12727300 1.21456700 -4.99979000 0.80355900 1.02375100 2.19962600
57 -7.97506600 -3.31287700 -3.55349900 3.04808000 -0.02547800 -2.10370600
58 2.04895400 -0.03391300 -1.46330700 0.00000000 0.00000000 0.00000000
time 50
0 -0.00000100 7.45008900 -27.50902600 0.00000000 0.00000000 0.00003100
1 -0.00000200 0.00000000 0.00000000 1.57074300 -1.56713700 -1.57074300
2 4.25546800 -0.33518300 -0.00000200 0.00000000 0.00000000 -0.12484800
3 7.43124800 1.49647700 0.00000200 0.00000000 0.00000000 0.24545000
4 5.27847900 0.16554100 0.00000100 0.00000000 0.00000000 0.04851100
5 -1.03766400 -9.43453000 4.97450600 1.97586400 1.15990900 -1.29878600
6 -6.21448200 -0.00000700 -0.00002700 2.58074300 0.02748600 1.51045600
7 11.94488500 0.00000000 0.00000000 0.44697500 -0.33203200 1.24320200
8 10.62018100 0.00000000 -0.00000100 0.81474900 0.67601900 -2.67085500
9 -4.75111000 -0.69449200 0.83057500 0.02244300 -0.34124800 0.62547300
10 -1.68807100 0.00004600 -0.00003500 0.01803600 -0.01695300 0.62219900
11 -1.33613800 0.00005600 -0.00001200 0.02599300 -0.00449300 0.72429900
12 -4.82049900 -0.50945800 -0.22476000 -0.59142200 0.17173500 1.62879800
13 -1.82699100 -0.00006500 0.00000700 -0.00877900 0.03948000 1.05474700
14 -1.43657900 0.00001000 0.00000400 -0.04748700 -0.06156900 0.56561900
15 -3.99236100 -0.89118600 -1.82790900 -0.60639500 0.58941700 1.94389200
16 -1.40592300 -0.00002600 -0.00000400 0.01654100 -0.02437900 0.27905000
17 -1.17536200 0.00012700 -0.00002000 0.04192500 0.05340800 0.56994100
18 -4.52675500 -0.69057300 -1.12074500 -0.53318000 0.42052500 1.89479600
19 -1.74404500 0.00003700 -0.00000700 -0.00618100 -0.02893200 0.61965200
20 -1.36876500 0.00002400 0.00000200 -0.16436400 0.17560900 0.73252700
21 -1.87480200 -0.93512500 0.99917200 2.00090700 0.60849400 1.00710700
22 -1.52345100 0.00003100 0.00002800 0.17430900 0.04358600 0.69908300
23 -1.59928400 0.00000300 0.00001400 0.03567100 -0.02383000 0.56873300
24 5.58312900 0.11572600 0.29499700 1.94756400 -0.06728900 3.12123600
25 0.19684800 -0.00000300 0.00000300 2.79340700 0.00000600 -3.14157700
26 -4.02607300 -13.81774400 -7.06094900 1.97586200 1.15990900 1.84280300
27 6.21448500 0.00000600 0.00002000 -1.32600000 0.34135700 -2.05142300
28 11.94488900 -0.00003300 -0.00018900 0.15091700 -0.34798100 -1.48176800
29 10.62016500 0.00000800 0.00000700 -1.25264000 -0.48945400 0.27339800
30 4.75115700 0.69437600 -0.83047300 -0.12139300 -0.23408600 1.17691000
31 1.68806600 -0.00002700 0.00000200 0.00195900 -0.02465400 1.35789400
32 1.33614300 -0.00005500 -0.00000900 0.00029900 -0.03867100 0.36183900
33 4.82051500 0.50934000 0.22486500 -0.23721200 -0.11127000 1.45394900
34 1.82699700 0.00006700 0.00000800 -0.00549900 0.04010600 1.13828700
35 1.43658100 -0.00001000 0.00000700 0.00975800 -0.01157600 0.13774600
36 3.99235000 0.89108700 1.82799500 -0.51521400 0.05380600 1.55215900
37 1.40592100 0.00002200 -0.00000600 0.00565800 -0.02894500 0.68272200
38 1.17536400 -0.00013000 0.00000400 0.09742000 0.07554300 0.86846900
39 4.52675500 0.69045900 1.12084200 -0.49069100 0.02943900 1.64232200
40 1.74404300 -0.00003100 -0.00000200 -0.01475800 -0.02562500 0.93406200
41 1.36876300 -0.00003300 -0.00001600 0.11311900 0.11147800 0.61039100
42 2.24249600 1.34902600 -0.74849500 2.68757000 0.43837800 0.97926800
43 1.62286000 -0.22039800 -0.15537300 0.15185400 0.13855000 0.94799900
44 1.58379200 -0.15422100 0.02523200 0.06727400 0.04945100 0.19342300
45 5.51180600 0.00000000 0.00000400 0.16325100 0.00000000 0.00000000
46 0.19684800 0.00000000 0.00000000 -0.34822500 0.00001500 -0.00000200
47 0.00000000 0.00000000 0.00000000 0.00000000 0.00000000 -1.57079600
48 -3.46189900 2.90101600 -3.24579200 0.00000000 0.00000000 -3.14156200
49 -7.83519600 19.97891200 -0.90170400 0.42262200 0.25118300 -0.37770500
50 -0.15910500 0.02305100 -0.34200700 0.00000000 0.00000000 0.00000000
51 0.16895700 -0.03358900 0.65100600 0.00000000 0.00000000 0.00000000
52 0.24801400 0.17628700 -0.04521800 0.00000000 0.00000000 0.00000000
53 4.99699200 -0.07961600 -1.51780000 0.00000000 0.00000000 0.00000000
54 0.63391300 0.60768000 0.83129200 0.00000000 0.00000000 0.00000000
55 -0.29897500 -0.62533200 0.49585200 0.00000000 0.00000000 0.00000000
56 11.12727300 1.21456700 -4.99979000 0.80355900 1.02375100 2.19962600
57 -7.97506600 -3.31287700 -3.55349900 3.04808000 -0.02547800 -2.10370600
58 2.04895400 -0.03391300 -1.46330700 0.00000000 0.00000000 0.00000000
time 51
0 -0.00000100 7.45008900 -27.50902600 0.00000000 0.00000000 0.00003100
1 -0.00000200 0.00000000 0.00000000 1.57074300 -1.56713700 -1.57074300
2 4.25546800 -0.33518300 -0.00000200 0.00000000 0.00000000 -0.12484800
3 7.43124800 1.49647700 0.00000200 0.00000000 0.00000000 0.24545000
4 5.27847900 0.16554100 0.00000100 0.00000000 0.00000000 0.04851100
5 -1.03766400 -9.43453000 4.97450600 1.97586400 1.15990900 -1.29878600
6 -6.21448200 -0.00000700 -0.00002700 2.58129600 0.02719100 1.50915600
7 11.94488500 0.00000000 0.00000000 0.44785500 -0.33176500 1.24050400
8 10.62018100 0.00000000 -0.00000100 0.81600700 0.67716300 -2.66785300
9 -4.75111000 -0.69449200 0.83057500 0.02244300 -0.34124800 0.62547300
10 -1.68807100 0.00004600 -0.00003500 0.01803600 -0.01695300 0.62219900
11 -1.33613800 0.00005600 -0.00001200 0.02599300 -0.00449300 0.72429900
12 -4.82049900 -0.50945800 -0.22476000 -0.59142200 0.17173500 1.62879800
13 -1.82699100 -0.00006500 0.00000700 -0.00877900 0.03948000 1.05474700
14 -1.43657900 0.00001000 0.00000400 -0.04748700 -0.06156900 0.56561900
15 -3.99236100 -0.89118600 -1.82790900 -0.60639500 0.58941700 1.94389200
16 -1.40592300 -0.00002600 -0.00000400 0.01654100 -0.02437900 0.27905000
17 -1.17536200 0.00012700 -0.00002000 0.04192500 0.05340800 0.56994100
18 -4.52675500 -0.69057300 -1.12074500 -0.53318000 0.42052500 1.89479600
19 -1.74404500 0.00003700 -0.00000700 -0.00618100 -0.02893200 0.61965200
20 -1.36876500 0.00002400 0.00000200 -0.16436400 0.17560900 0.73252700
21 -1.87480200 -0.93512500 0.99917200 2.00090700 0.60849400 1.00710700
22 -1.52345100 0.00003100 0.00002800 0.17430900 0.04358600 0.69908300
23 -1.59928400 0.00000300 0.00001400 0.03567100 -0.02383000 0.56873300
24 5.58312900 0.11572600 0.29499700 1.94756400 -0.06728900 3.12123600
25 0.19684800 -0.00000300 0.00000300 2.79340700 0.00000600 -3.14157700
26 -4.02607300 -13.81774400 -7.06094900 1.97586200 1.15990900 1.84280300
27 6.21448500 0.00000600 0.00002000 -1.32525400 0.33751700 -2.05152700
28 11.94488900 -0.00003300 -0.00018900 0.14993100 -0.34791200 -1.47892500
29 10.62016500 0.00000800 0.00000700 -1.25100700 -0.48862000 0.27190200
30 4.75115700 0.69437600 -0.83047300 -0.12139300 -0.23408600 1.17691000
31 1.68806600 -0.00002700 0.00000200 0.00195900 -0.02465400 1.35789400
32 1.33614300 -0.00005500 -0.00000900 0.00029900 -0.03867100 0.36183900
33 4.82051500 0.50934000 0.22486500 -0.23721200 -0.11127000 1.45394900
34 1.82699700 0.00006700 0.00000800 -0.00549900 0.04010600 1.13828700
35 1.43658100 -0.00001000 0.00000700 0.00975800 -0.01157600 0.13774600
36 3.99235000 0.89108700 1.82799500 -0.51521400 0.05380600 1.55215900
37 1.40592100 0.00002200 -0.00000600 0.00565800 -0.02894500 0.68272200
38 1.17536400 -0.00013000 0.00000400 0.09742000 0.07554300 0.86846900
39 4.52675500 0.69045900 1.12084200 -0.49069100 0.02943900 1.64232200
40 1.74404300 -0.00003100 -0.00000200 -0.01475800 -0.02562500 0.93406200
41 1.36876300 -0.00003300 -0.00001600 0.11311900 0.11147800 0.61039100
42 2.24249600 1.34902600 -0.74849500 2.68757000 0.43837800 0.97926800
43 1.62286000 -0.22039800 -0.15537300 0.15185400 0.13855000 0.94799900
44 1.58379200 -0.15422100 0.02523200 0.06727400 0.04945100 0.19342300
45 5.51180600 0.00000000 0.00000400 0.16325100 0.00000000 0.00000000
46 0.19684800 0.00000000 0.00000000 -0.34822500 0.00001500 -0.00000200
47 0.00000000 0.00000000 0.00000000 0.00000000 0.00000000 -1.57079600
48 -3.46189900 2.90101600 -3.24579200 0.00000000 0.00000000 -3.14156200
49 -7.82848100 19.97891200 -0.87349100 0.42354400 0.25366400 -0.37706000
50 -0.15910500 0.02305100 -0.34200700 0.00000000 0.00000000 0.00000000
51 0.16895700 -0.03358900 0.65100600 0.00000000 0.00000000 0.00000000
52 0.24801400 0.17628700 -0.04521800 0.00000000 0.00000000 0.00000000
53 4.99699200 -0.07961600 -1.51780000 0.00000000 0.00000000 0.00000000
54 0.63391300 0.60768000 0.83129200 0.00000000 0.00000000 0.00000000
55 -0.29897500 -0.62533200 0.49585200 0.00000000 0.00000000 0.00000000
56 11.12727300 1.21456700 -4.99979000 0.80355900 1.02375100 2.19962600
57 -7.97506600 -3.31287700 -3.55349900 3.04808000 -0.02547800 -2.10370600
58 2.04895400 -0.03391300 -1.46330700 0.00000000 0.00000000 0.00000000
time 52
0 -0.00000100 7.45008900 -27.50902600 0.00000000 0.00000000 0.00003100
1 -0.00000200 0.00000000 0.00000000 1.57074300 -1.56713700 -1.57074300
2 4.25546800 -0.33518300 -0.00000200 0.00000000 0.00000000 -0.12484800
3 7.43124800 1.49647700 0.00000200 0.00000000 0.00000000 0.24545000
4 5.27847900 0.16554100 0.00000100 0.00000000 0.00000000 0.04851100
5 -1.03766400 -9.43453000 4.97450600 1.97586400 1.15990900 -1.29878600
6 -6.21448200 -0.00000700 -0.00002700 2.58178600 0.02702400 1.50808600
7 11.94488500 0.00000000 0.00000000 0.44869900 -0.33154600 1.23803100
8 10.62018100 0.00000000 -0.00000100 0.81710200 0.67822000 -2.66516000
9 -4.75111000 -0.69449200 0.83057500 0.02244300 -0.34124800 0.62547300
10 -1.68807100 0.00004600 -0.00003500 0.01803600 -0.01695300 0.62219900
11 -1.33613800 0.00005600 -0.00001200 0.02599300 -0.00449300 0.72429900
12 -4.82049900 -0.50945800 -0.22476000 -0.59142200 0.17173500 1.62879800
13 -1.82699100 -0.00006500 0.00000700 -0.00877900 0.03948000 1.05474700
14 -1.43657900 0.00001000 0.00000400 -0.04748700 -0.06156900 0.56561900
15 -3.99236100 -0.89118600 -1.82790900 -0.60639500 0.58941700 1.94389200
16 -1.40592300 -0.00002600 -0.00000400 0.01654100 -0.02437900 0.27905000
17 -1.17536200 0.00012700 -0.00002000 0.04192500 0.05340800 0.56994100
18 -4.52675500 -0.69057300 -1.12074500 -0.53318000 0.42052500 1.89479600
19 -1.74404500 0.00003700 -0.00000700 -0.00618100 -0.02893200 0.61965200
20 -1.36876500 0.00002400 0.00000200 -0.16436400 0.17560900 0.73252700
21 -1.87480200 -0.93512500 0.99917200 2.00090700 0.60849400 1.00710700
22 -1.52345100 0.00003100 0.00002800 0.17430900 0.04358600 0.69908300
23 -1.59928400 0.00000300 0.00001400 0.03567100 -0.02383000 0.56873300
24 5.58312900 0.11572600 0.29499700 1.94756400 -0.06728900 3.12123600
25 0.19684800 -0.00000300 0.00000300 2.79340700 0.00000600 -3.14157700
26 -4.02607300 -13.81774400 -7.06094900 1.97586200 1.15990900 1.84280300
27 6.21448500 0.00000600 0.00002000 -1.32467100 0.33399400 -2.05152500
28 11.94488900 -0.00003300 -0.00018900 0.14909800 -0.34783600 -1.47624000
29 10.62016500 0.00000800 0.00000700 -1.24953500 -0.48783900 0.27050200
30 4.75115700 0.69437600 -0.83047300 -0.12139300 -0.23408600 1.17691000
31 1.68806600 -0.00002700 0.00000200 0.00195900 -0.02465400 1.35789400
32 1.33614300 -0.00005500 -0.00000900 0.00029900 -0.03867100 0.36183900
33 4.82051500 0.50934000 0.22486500 -0.23721200 -0.11127000 1.45394900
34 1.82699700 0.00006700 0.00000800 -0.00549900 0.04010600 1.13828700
35 1.43658100 -0.00001000 0.00000700 0.00975800 -0.01157600 0.13774600
36 3.99235000 0.89108700 1.82799500 -0.51521400 0.05380600 1.55215900
37 1.40592100 0.00002200 -0.00000600 0.00565800 -0.02894500 0.68272200
38 1.17536400 -0.00013000 0.00000400 0.09742000 0.07554300 0.86846900
39 4.52675500 0.69045900 1.12084200 -0.49069100 0.02943900 1.64232200
40 1.74404300 -0.00003100 -0.00000200 -0.01475800 -0.02562500 0.93406200
41 1.36876300 -0.00003300 -0.00001600 0.11311900 0.11147800 0.61039100
42 2.24249600 1.34902600 -0.74849500 2.68757000 0.43837800 0.97926800
43 1.62286000 -0.22039800 -0.15537300 0.15185400 0.13855000 0.94799900
44 1.58379200 -0.15422100 0.02523200 0.06727400 0.04945100 0.19342300
45 5.51180600 0.00000000 0.00000400 0.16325100 0.00000000 0.00000000
46 0.19684800 0.00000000 0.00000000 -0.34822500 0.00001500 -0.00000200
47 0.00000000 0.00000000 0.00000000 0.00000000 0.00000000 -1.57079600
48 -3.46189900 2.90101600 -3.24579200 0.00000000 0.00000000 -3.14156200
49 -7.82217600 19.97891200 -0.84701800 0.42438200 0.25606200 -0.37652600
50 -0.15910500 0.02305100 -0.34200700 0.00000000 0.00000000 0.00000000
51 0.16895700 -0.03358900 0.65100600 0.00000000 0.00000000 0.00000000
52 0.24801400 0.17628700 -0.04521800 0.00000000 0.00000000 0.00000000
53 4.99699200 -0.07961600 -1.51780000 0.00000000 0.00000000 0.00000000
54 0.63391300 0.60768000 0.83129200 0.00000000 0.00000000 0.00000000
55 -0.29897500 -0.62533200 0.49585200 0.00000000 0.00000000 0.00000000
56 11.12727300 1.21456700 -4.99979000 0.80355900 1.02375100 2.19962600
57 -7.97506600 -3.31287700 -3.55349900 3.04808000 -0.02547800 -2.10370600
58 2.04895400 -0.03391300 -1.46330700 0.00000000 0.00000000 0.00000000
time 53
0 -0.00000100 7.45008900 -27.50902600 0.00000000 0.00000000 0.00003100
1 -0.00000200 0.00000000 0.00000000 1.57074300 -1.56713700 -1.57074300
2 4.25546800 -0.33518300 -0.00000200 0.00000000 0.00000000 -0.12484800
3 7.43124800 1.49647700 0.00000200 0.00000000 0.00000000 0.24545000
4 5.27847900 0.16554100 0.00000100 0.00000000 0.00000000 0.04851100
5 -1.03766400 -9.43453000 4.97450600 1.97586400 1.15990900 -1.29878600
6 -6.21448200 -0.00000700 -0.00002700 2.58227500 0.02682500 1.50690300
7 11.94488500 0.00000000 0.00000000 0.44944900 -0.33129700 1.23567600
8 10.62018100 0.00000000 -0.00000100 0.81822400 0.67921200 -2.66258300
9 -4.75111000 -0.69449200 0.83057500 0.02244300 -0.34124800 0.62547300
10 -1.68807100 0.00004600 -0.00003500 0.01803600 -0.01695300 0.62219900
11 -1.33613800 0.00005600 -0.00001200 0.02599300 -0.00449300 0.72429900
12 -4.82049900 -0.50945800 -0.22476000 -0.59142200 0.17173500 1.62879800
13 -1.82699100 -0.00006500 0.00000700 -0.00877900 0.03948000 1.05474700
14 -1.43657900 0.00001000 0.00000400 -0.04748700 -0.06156900 0.56561900
15 -3.99236100 -0.89118600 -1.82790900 -0.60639500 0.58941700 1.94389200
16 -1.40592300 -0.00002600 -0.00000400 0.01654100 -0.02437900 0.27905000
17 -1.17536200 0.00012700 -0.00002000 0.04192500 0.05340800 0.56994100
18 -4.52675500 -0.69057300 -1.12074500 -0.53318000 0.42052500 1.89479600
19 -1.74404500 0.00003700 -0.00000700 -0.00618100 -0.02893200 0.61965200
20 -1.36876500 0.00002400 0.00000200 -0.16436400 0.17560900 0.73252700
21 -1.87480200 -0.93512500 0.99917200 2.00090700 0.60849400 1.00710700
22 -1.52345100 0.00003100 0.00002800 0.17430900 0.04358600 0.69908300
23 -1.59928400 0.00000300 0.00001400 0.03567100 -0.02383000 0.56873300
24 5.58312900 0.11572600 0.29499700 1.94756400 -0.06728900 3.12123600
25 0.19684800 -0.00000300 0.00000300 2.79340700 0.00000600 -3.14157700
26 -4.02607300 -13.81774400 -7.06094900 1.97586200 1.15990900 1.84280300
27 6.21448500 0.00000600 0.00002000 -1.32406400 0.33075500 -2.05159700
28 11.94488900 -0.00003300 -0.00018900 0.14817700 -0.34773600 -1.47376600
29 10.62016500 0.00000800 0.00000700 -1.24822200 -0.48711100 0.26919700
30 4.75115700 0.69437600 -0.83047300 -0.12139300 -0.23408600 1.17691000
31 1.68806600 -0.00002700 0.00000200 0.00195900 -0.02465400 1.35789400
32 1.33614300 -0.00005500 -0.00000900 0.00029900 -0.03867100 0.36183900
33 4.82051500 0.50934000 0.22486500 -0.23721200 -0.11127000 1.45394900
34 1.82699700 0.00006700 0.00000800 -0.00549900 0.04010600 1.13828700
35 1.43658100 -0.00001000 0.00000700 0.00975800 -0.01157600 0.13774600
36 3.99235000 0.89108700 1.82799500 -0.51521400 0.05380600 1.55215900
37 1.40592100 0.00002200 -0.00000600 0.00565800 -0.02894500 0.68272200
38 1.17536400 -0.00013000 0.00000400 0.09742000 0.07554300 0.86846900
39 4.52675500 0.69045900 1.12084200 -0.49069100 0.02943900 1.64232200
40 1.74404300 -0.00003100 -0.00000200 -0.01475800 -0.02562500 0.93406200
41 1.36876300 -0.00003300 -0.00001600 0.11311900 0.11147800 0.61039100
42 2.24249600 1.34902600 -0.74849500 2.68757000 0.43837800 0.97926800
43 1.62286000 -0.22039800 -0.15537300 0.15185400 0.13855000 0.94799900
44 1.58379200 -0.15422100 0.02523200 0.06727400 0.04945100 0.19342300
45 5.51180600 0.00000000 0.00000400 0.16325100 0.00000000 0.00000000
46 0.19684800 0.00000000 0.00000000 -0.34822500 0.00001500 -0.00000200
47 0.00000000 0.00000000 0.00000000 0.00000000 0.00000000 -1.57079600
48 -3.46189900 2.90101600 -3.24579200 0.00000000 0.00000000 -3.14156200
49 -7.81635700 19.97891200 -0.82257300 0.42518100 0.25817400 -0.37595900
50 -0.15910500 0.02305100 -0.34200700 0.00000000 0.00000000 0.00000000
51 0.16895700 -0.03358900 0.65100600 0.00000000 0.00000000 0.00000000
52 0.24801400 0.17628700 -0.04521800 0.00000000 0.00000000 0.00000000
53 4.99699200 -0.07961600 -1.51780000 0.00000000 0.00000000 0.00000000
54 0.63391300 0.60768000 0.83129200 0.00000000 0.00000000 0.00000000
55 -0.29897500 -0.62533200 0.49585200 0.00000000 0.00000000 0.00000000
56 11.12727300 1.21456700 -4.99979000 0.80355900 1.02375100 2.19962600
57 -7.97506600 -3.31287700 -3.55349900 3.04808000 -0.02547800 -2.10370600
58 2.04895400 -0.03391300 -1.46330700 0.00000000 0.00000000 0.00000000
time 54
0 -0.00000100 7.45008900 -27.50902600 0.00000000 0.00000000 0.00003100
1 -0.00000200 0.00000000 0.00000000 1.57074300 -1.56713700 -1.57074300
2 4.25546800 -0.33518300 -0.00000200 0.00000000 0.00000000 -0.12484800
3 7.43124800 1.49647700 0.00000200 0.00000000 0.00000000 0.24545000
4 5.27847900 0.16554100 0.00000100 0.00000000 0.00000000 0.04851100
5 -1.03766400 -9.43453000 4.97450600 1.97586400 1.15990900 -1.29878600
6 -6.21448200 -0.00000700 -0.00002700 2.58263900 0.02669800 1.50597900
7 11.94488500 0.00000000 0.00000000 0.45008700 -0.33104400 1.23355200
8 10.62018100 0.00000000 -0.00000100 0.81918000 0.68011900 -2.66031900
9 -4.75111000 -0.69449200 0.83057500 0.02244300 -0.34124800 0.62547300
10 -1.68807100 0.00004600 -0.00003500 0.01803600 -0.01695300 0.62219900
11 -1.33613800 0.00005600 -0.00001200 0.02599300 -0.00449300 0.72429900
12 -4.82049900 -0.50945800 -0.22476000 -0.59142200 0.17173500 1.62879800
13 -1.82699100 -0.00006500 0.00000700 -0.00877900 0.03948000 1.05474700
14 -1.43657900 0.00001000 0.00000400 -0.04748700 -0.06156900 0.56561900
15 -3.99236100 -0.89118600 -1.82790900 -0.60639500 0.58941700 1.94389200
16 -1.40592300 -0.00002600 -0.00000400 0.01654100 -0.02437900 0.27905000
17 -1.17536200 0.00012700 -0.00002000 0.04192500 0.05340800 0.56994100
18 -4.52675500 -0.69057300 -1.12074500 -0.53318000 0.42052500 1.89479600
19 -1.74404500 0.00003700 -0.00000700 -0.00618100 -0.02893200 0.61965200
20 -1.36876500 0.00002400 0.00000200 -0.16436400 0.17560900 0.73252700
21 -1.87480200 -0.93512500 0.99917200 2.00090700 0.60849400 1.00710700
22 -1.52345100 0.00003100 0.00002800 0.17430900 0.04358600 0.69908300
23 -1.59928400 0.00000300 0.00001400 0.03567100 -0.02383000 0.56873300
24 5.58312900 0.11572600 0.29499700 1.94756400 -0.06728900 3.12123600
25 0.19684800 -0.00000300 0.00000300 2.79340700 0.00000600 -3.14157700
26 -4.02607300 -13.81774400 -7.06094900 1.97586200 1.15990900 1.84280300
27 6.21448500 0.00000600 0.00002000 -1.32347600 0.32775000 -2.05169200
28 11.94488900 -0.00003300 -0.00018900 0.14747300 -0.34769500 -1.47147700
29 10.62016500 0.00000800 0.00000700 -1.24699700 -0.48652000 0.26802600
30 4.75115700 0.69437600 -0.83047300 -0.12139300 -0.23408600 1.17691000
31 1.68806600 -0.00002700 0.00000200 0.00195900 -0.02465400 1.35789400
32 1.33614300 -0.00005500 -0.00000900 0.00029900 -0.03867100 0.36183900
33 4.82051500 0.50934000 0.22486500 -0.23721200 -0.11127000 1.45394900
34 1.82699700 0.00006700 0.00000800 -0.00549900 0.04010600 1.13828700
35 1.43658100 -0.00001000 0.00000700 0.00975800 -0.01157600 0.13774600
36 3.99235000 0.89108700 1.82799500 -0.51521400 0.05380600 1.55215900
37 1.40592100 0.00002200 -0.00000600 0.00565800 -0.02894500 0.68272200
38 1.17536400 -0.00013000 0.00000400 0.09742000 0.07554300 0.86846900
39 4.52675500 0.69045900 1.12084200 -0.49069100 0.02943900 1.64232200
40 1.74404300 -0.00003100 -0.00000200 -0.01475800 -0.02562500 0.93406200
41 1.36876300 -0.00003300 -0.00001600 0.11311900 0.11147800 0.61039100
42 2.24249600 1.34902600 -0.74849500 2.68757000 0.43837800 0.97926800
43 1.62286000 -0.22039800 -0.15537300 0.15185400 0.13855000 0.94799900
44 1.58379200 -0.15422100 0.02523200 0.06727400 0.04945100 0.19342300
45 5.51180600 0.00000000 0.00000400 0.16325100 0.00000000 0.00000000
46 0.19684800 0.00000000 0.00000000 -0.34822500 0.00001500 -0.00000200
47 0.00000000 0.00000000 0.00000000 0.00000000 0.00000000 -1.57079600
48 -3.46189900 2.90101600 -3.24579200 0.00000000 0.00000000 -3.14156200
49 -7.81108800 19.97891200 -0.80044900 0.42589400 0.26020400 -0.37550400
50 -0.15910500 0.02305100 -0.34200700 0.00000000 0.00000000 0.00000000
51 0.16895700 -0.03358900 0.65100600 0.00000000 0.00000000 0.00000000
52 0.24801400 0.17628700 -0.04521800 0.00000000 0.00000000 0.00000000
53 4.99699200 -0.07961600 -1.51780000 0.00000000 0.00000000 0.00000000
54 0.63391300 0.60768000 0.83129200 0.00000000 0.00000000 0.00000000
55 -0.29897500 -0.62533200 0.49585200 0.00000000 0.00000000 0.00000000
56 11.12727300 1.21456700 -4.99979000 0.80355900 1.02375100 2.19962600
57 -7.97506600 -3.31287700 -3.55349900 3.04808000 -0.02547800 -2.10370600
58 2.04895400 -0.03391300 -1.46330700 0.00000000 0.00000000 0.00000000
time 55
0 -0.00000100 7.45008900 -27.50902600 0.00000000 0.00000000 0.00003100
1 -0.00000200 0.00000000 0.00000000 1.57074300 -1.56713700 -1.57074300
2 4.25546800 -0.33518300 -0.00000200 0.00000000 0.00000000 -0.12484800
3 7.43124800 1.49647700 0.00000200 0.00000000 0.00000000 0.24545000
4 5.27847900 0.16554100 0.00000100 0.00000000 0.00000000 0.04851100
5 -1.03766400 -9.43453000 4.97450600 1.97586400 1.15990900 -1.29878600
6 -6.21448200 -0.00000700 -0.00002700 2.58300400 0.02657100 1.50505600
7 11.94488500 0.00000000 0.00000000 0.45069000 -0.33083800 1.23164900
8 10.62018100 0.00000000 -0.00000100 0.82010100 0.68088300 -2.65823800
9 -4.75111000 -0.69449200 0.83057500 0.02244300 -0.34124800 0.62547300
10 -1.68807100 0.00004600 -0.00003500 0.01803600 -0.01695300 0.62219900
11 -1.33613800 0.00005600 -0.00001200 0.02599300 -0.00449300 0.72429900
12 -4.82049900 -0.50945800 -0.22476000 -0.59142200 0.17173500 1.62879800
13 -1.82699100 -0.00006500 0.00000700 -0.00877900 0.03948000 1.05474700
14 -1.43657900 0.00001000 0.00000400 -0.04748700 -0.06156900 0.56561900
15 -3.99236100 -0.89118600 -1.82790900 -0.60639500 0.58941700 1.94389200
16 -1.40592300 -0.00002600 -0.00000400 0.01654100 -0.02437900 0.27905000
17 -1.17536200 0.00012700 -0.00002000 0.04192500 0.05340800 0.56994100
18 -4.52675500 -0.69057300 -1.12074500 -0.53318000 0.42052500 1.89479600
19 -1.74404500 0.00003700 -0.00000700 -0.00618100 -0.02893200 0.61965200
20 -1.36876500 0.00002400 0.00000200 -0.16436400 0.17560900 0.73252700
21 -1.87480200 -0.93512500 0.99917200 2.00090700 0.60849400 1.00710700
22 -1.52345100 0.00003100 0.00002800 0.17430900 0.04358600 0.69908300
23 -1.59928400 0.00000300 0.00001400 0.03567100 -0.02383000 0.56873300
24 5.58312900 0.11572600 0.29499700 1.94756400 -0.06728900 3.12123600
25 0.19684800 -0.00000300 0.00000300 2.79340700 0.00000600 -3.14157700
26 -4.02607300 -13.81774400 -7.06094900 1.97586200 1.15990900 1.84280300
27 6.21448500 0.00000600 0.00002000 -1.32300300 0.32510900 -2.05173300
28 11.94488900 -0.00003300 -0.00018900 0.14670300 -0.34762100 -1.46951900
29 10.62016500 0.00000800 0.00000700 -1.24593100 -0.48598400 0.26694900
30 4.75115700 0.69437600 -0.83047300 -0.12139300 -0.23408600 1.17691000
31 1.68806600 -0.00002700 0.00000200 0.00195900 -0.02465400 1.35789400
32 1.33614300 -0.00005500 -0.00000900 0.00029900 -0.03867100 0.36183900
33 4.82051500 0.50934000 0.22486500 -0.23721200 -0.11127000 1.45394900
34 1.82699700 0.00006700 0.00000800 -0.00549900 0.04010600 1.13828700
35 1.43658100 -0.00001000 0.00000700 0.00975800 -0.01157600 0.13774600
36 3.99235000 0.89108700 1.82799500 -0.51521400 0.05380600 1.55215900
37 1.40592100 0.00002200 -0.00000600 0.00565800 -0.02894500 0.68272200
38 1.17536400 -0.00013000 0.00000400 0.09742000 0.07554300 0.86846900
39 4.52675500 0.69045900 1.12084200 -0.49069100 0.02943900 1.64232200
40 1.74404300 -0.00003100 -0.00000200 -0.01475800 -0.02562500 0.93406200
41 1.36876300 -0.00003300 -0.00001600 0.11311900 0.11147800 0.61039100
42 2.24249600 1.34902600 -0.74849500 2.68757000 0.43837800 0.97926800
43 1.62286000 -0.22039800 -0.15537300 0.15185400 0.13855000 0.94799900
44 1.58379200 -0.15422100 0.02523200 0.06727400 0.04945100 0.19342300
45 5.51180600 0.00000000 0.00000400 0.16325100 0.00000000 0.00000000
46 0.19684800 0.00000000 0.00000000 -0.34822500 0.00001500 -0.00000200
47 0.00000000 0.00000000 0.00000000 0.00000000 0.00000000 -1.57079600
48 -3.46189900 2.90101600 -3.24579200 0.00000000 0.00000000 -3.14156200
49 -7.80644100 19.97891200 -0.78093200 0.42647800 0.26193000 -0.37502800
50 -0.15910500 0.02305100 -0.34200700 0.00000000 0.00000000 0.00000000
51 0.16895700 -0.03358900 0.65100600 0.00000000 0.00000000 0.00000000
52 0.24801400 0.17628700 -0.04521800 0.00000000 0.00000000 0.00000000
53 4.99699200 -0.07961600 -1.51780000 0.00000000 0.00000000 0.00000000
54 0.63391300 0.60768000 0.83129200 0.00000000 0.00000000 0.00000000
55 -0.29897500 -0.62533200 0.49585200 0.00000000 0.00000000 0.00000000
56 11.12727300 1.21456700 -4.99979000 0.80355900 1.02375100 2.19962600
57 -7.97506600 -3.31287700 -3.55349900 3.04808000 -0.02547800 -2.10370600
58 2.04895400 -0.03391300 -1.46330700 0.00000000 0.00000000 0.00000000
time 56
0 -0.00000100 7.45008900 -27.50902600 0.00000000 0.00000000 0.00003100
1 -0.00000200 0.00000000 0.00000000 1.57074300 -1.56713700 -1.57074300
2 4.25546800 -0.33518300 -0.00000200 0.00000000 0.00000000 -0.12484800
3 7.43124800 1.49647700 0.00000200 0.00000000 0.00000000 0.24545000
4 5.27847900 0.16554100 0.00000100 0.00000000 0.00000000 0.04851100
5 -1.03766400 -9.43453000 4.97450600 1.97586400 1.15990900 -1.29878600
6 -6.21448200 -0.00000700 -0.00002700 2.58331000 0.02642100 1.50427800
7 11.94488500 0.00000000 0.00000000 0.45128800 -0.33063700 1.23008700
8 10.62018100 0.00000000 -0.00000100 0.82085200 0.68156300 -2.65647100
9 -4.75111000 -0.69449200 0.83057500 0.02244300 -0.34124800 0.62547300
10 -1.68807100 0.00004600 -0.00003500 0.01803600 -0.01695300 0.62219900
11 -1.33613800 0.00005600 -0.00001200 0.02599300 -0.00449300 0.72429900
12 -4.82049900 -0.50945800 -0.22476000 -0.59142200 0.17173500 1.62879800
13 -1.82699100 -0.00006500 0.00000700 -0.00877900 0.03948000 1.05474700
14 -1.43657900 0.00001000 0.00000400 -0.04748700 -0.06156900 0.56561900
15 -3.99236100 -0.89118600 -1.82790900 -0.60639500 0.58941700 1.94389200
16 -1.40592300 -0.00002600 -0.00000400 0.01654100 -0.02437900 0.27905000
17 -1.17536200 0.00012700 -0.00002000 0.04192500 0.05340800 0.56994100
18 -4.52675500 -0.69057300 -1.12074500 -0.53318000 0.42052500 1.89479600
19 -1.74404500 0.00003700 -0.00000700 -0.00618100 -0.02893200 0.61965200
20 -1.36876500 0.00002400 0.00000200 -0.16436400 0.17560900 0.73252700
21 -1.87480200 -0.93512500 0.99917200 2.00090700 0.60849400 1.00710700
22 -1.52345100 0.00003100 0.00002800 0.17430900 0.04358600 0.69908300
23 -1.59928400 0.00000300 0.00001400 0.03567100 -0.02383000 0.56873300
24 5.58312900 0.11572600 0.29499700 1.94756400 -0.06728900 3.12123600
25 0.19684800 -0.00000300 0.00000300 2.79340700 0.00000600 -3.14157700
26 -4.02607300 -13.81774400 -7.06094900 1.97586200 1.15990900 1.84280300
27 6.21448500 0.00000600 0.00002000 -1.32260200 0.32287900 -2.05177100
28 11.94488900 -0.00003300 -0.00018900 0.14615000 -0.34760800 -1.46774500
29 10.62016500 0.00000800 0.00000700 -1.24503100 -0.48545000 0.26603900
30 4.75115700 0.69437600 -0.83047300 -0.12139300 -0.23408600 1.17691000
31 1.68806600 -0.00002700 0.00000200 0.00195900 -0.02465400 1.35789400
32 1.33614300 -0.00005500 -0.00000900 0.00029900 -0.03867100 0.36183900
33 4.82051500 0.50934000 0.22486500 -0.23721200 -0.11127000 1.45394900
34 1.82699700 0.00006700 0.00000800 -0.00549900 0.04010600 1.13828700
35 1.43658100 -0.00001000 0.00000700 0.00975800 -0.01157600 0.13774600
36 3.99235000 0.89108700 1.82799500 -0.51521400 0.05380600 1.55215900
37 1.40592100 0.00002200 -0.00000600 0.00565800 -0.02894500 0.68272200
38 1.17536400 -0.00013000 0.00000400 0.09742000 0.07554300 0.86846900
39 4.52675500 0.69045900 1.12084200 -0.49069100 0.02943900 1.64232200
40 1.74404300 -0.00003100 -0.00000200 -0.01475800 -0.02562500 0.93406200
41 1.36876300 -0.00003300 -0.00001600 0.11311900 0.11147800 0.61039100
42 2.24249600 1.34902600 -0.74849500 2.68757000 0.43837800 0.97926800
43 1.62286000 -0.22039800 -0.15537300 0.15185400 0.13855000 0.94799900
44 1.58379200 -0.15422100 0.02523200 0.06727400 0.04945100 0.19342300
45 5.51180600 0.00000000 0.00000400 0.16325100 0.00000000 0.00000000
46 0.19684800 0.00000000 0.00000000 -0.34822500 0.00001500 -0.00000200
47 0.00000000 0.00000000 0.00000000 0.00000000 0.00000000 -1.57079600
48 -3.46189900 2.90101600 -3.24579200 0.00000000 0.00000000 -3.14156200
49 -7.80248500 19.97891200 -0.76431300 0.42699800 0.26340600 -0.37469600
50 -0.15910500 0.02305100 -0.34200700 0.00000000 0.00000000 0.00000000
51 0.16895700 -0.03358900 0.65100600 0.00000000 0.00000000 0.00000000
52 0.24801400 0.17628700 -0.04521800 0.00000000 0.00000000 0.00000000
53 4.99699200 -0.07961600 -1.51780000 0.00000000 0.00000000 0.00000000
54 0.63391300 0.60768000 0.83129200 0.00000000 0.00000000 0.00000000
55 -0.29897500 -0.62533200 0.49585200 0.00000000 0.00000000 0.00000000
56 11.12727300 1.21456700 -4.99979000 0.80355900 1.02375100 2.19962600
57 -7.97506600 -3.31287700 -3.55349900 3.04808000 -0.02547800 -2.10370600
58 2.04895400 -0.03391300 -1.46330700 0.00000000 0.00000000 0.00000000
time 57
0 -0.00000100 7.45008900 -27.50902600 0.00000000 0.00000000 0.00003100
1 -0.00000200 0.00000000 0.00000000 1.57074300 -1.56713700 -1.57074300
2 4.25546800 -0.33518300 -0.00000200 0.00000000 0.00000000 -0.12484800
3 7.43124800 1.49647700 0.00000200 0.00000000 0.00000000 0.24545000
4 5.27847900 0.16554100 0.00000100 0.00000000 0.00000000 0.04851100
5 -1.03766400 -9.43453000 4.97450600 1.97586400 1.15990900 -1.29878600
6 -6.21448200 -0.00000700 -0.00002700 2.58361800 0.02633600 1.50372900
7 11.94488500 0.00000000 0.00000000 0.45172700 -0.33050100 1.22874500
8 10.62018100 0.00000000 -0.00000100 0.82143200 0.68215900 -2.65502000
9 -4.75111000 -0.69449200 0.83057500 0.02244300 -0.34124800 0.62547300
10 -1.68807100 0.00004600 -0.00003500 0.01803600 -0.01695300 0.62219900
11 -1.33613800 0.00005600 -0.00001200 0.02599300 -0.00449300 0.72429900
12 -4.82049900 -0.50945800 -0.22476000 -0.59142200 0.17173500 1.62879800
13 -1.82699100 -0.00006500 0.00000700 -0.00877900 0.03948000 1.05474700
14 -1.43657900 0.00001000 0.00000400 -0.04748700 -0.06156900 0.56561900
15 -3.99236100 -0.89118600 -1.82790900 -0.60639500 0.58941700 1.94389200
16 -1.40592300 -0.00002600 -0.00000400 0.01654100 -0.02437900 0.27905000
17 -1.17536200 0.00012700 -0.00002000 0.04192500 0.05340800 0.56994100
18 -4.52675500 -0.69057300 -1.12074500 -0.53318000 0.42052500 1.89479600
19 -1.74404500 0.00003700 -0.00000700 -0.00618100 -0.02893200 0.61965200
20 -1.36876500 0.00002400 0.00000200 -0.16436400 0.17560900 0.73252700
21 -1.87480200 -0.93512500 0.99917200 2.00090700 0.60849400 1.00710700
22 -1.52345100 0.00003100 0.00002800 0.17430900 0.04358600 0.69908300
23 -1.59928400 0.00000300 0.00001400 0.03567100 -0.02383000 0.56873300
24 5.58312900 0.11572600 0.29499700 1.94756400 -0.06728900 3.12123600
25 0.19684800 -0.00000300 0.00000300 2.79340700 0.00000600 -3.14157700
26 -4.02607300 -13.81774400 -7.06094900 1.97586200 1.15990900 1.84280300
27 6.21448500 0.00000600 0.00002000 -1.32227200 0.32106100 -2.05180600
28 11.94488900 -0.00003300 -0.00018900 0.14568000 -0.34755900 -1.46645200
29 10.62016500 0.00000800 0.00000700 -1.24421800 -0.48505400 0.26526000
30 4.75115700 0.69437600 -0.83047300 -0.12139300 -0.23408600 1.17691000
31 1.68806600 -0.00002700 0.00000200 0.00195900 -0.02465400 1.35789400
32 1.33614300 -0.00005500 -0.00000900 0.00029900 -0.03867100 0.36183900
33 4.82051500 0.50934000 0.22486500 -0.23721200 -0.11127000 1.45394900
34 1.82699700 0.00006700 0.00000800 -0.00549900 0.04010600 1.13828700
35 1.43658100 -0.00001000 0.00000700 0.00975800 -0.01157600 0.13774600
36 3.99235000 0.89108700 1.82799500 -0.51521400 0.05380600 1.55215900
37 1.40592100 0.00002200 -0.00000600 0.00565800 -0.02894500 0.68272200
38 1.17536400 -0.00013000 0.00000400 0.09742000 0.07554300 0.86846900
39 4.52675500 0.69045900 1.12084200 -0.49069100 0.02943900 1.64232200
40 1.74404300 -0.00003100 -0.00000200 -0.01475800 -0.02562500 0.93406200
41 1.36876300 -0.00003300 -0.00001600 0.11311900 0.11147800 0.61039100
42 2.24249600 1.34902600 -0.74849500 2.68757000 0.43837800 0.97926800
43 1.62286000 -0.22039800 -0.15537300 0.15185400 0.13855000 0.94799900
44 1.58379200 -0.15422100 0.02523200 0.06727400 0.04945100 0.19342300
45 5.51180600 0.00000000 0.00000400 0.16325100 0.00000000 0.00000000
46 0.19684800 0.00000000 0.00000000 -0.34822500 0.00001500 -0.00000200
47 0.00000000 0.00000000 0.00000000 0.00000000 0.00000000 -1.57079600
48 -3.46189900 2.90101600 -3.24579200 0.00000000 0.00000000 -3.14156200
49 -7.79928800 19.97891200 -0.75088400 0.42747800 0.26459500 -0.37433100
50 -0.15910500 0.02305100 -0.34200700 0.00000000 0.00000000 0.00000000
51 0.16895700 -0.03358900 0.65100600 0.00000000 0.00000000 0.00000000
52 0.24801400 0.17628700 -0.04521800 0.00000000 0.00000000 0.00000000
53 4.99699200 -0.07961600 -1.51780000 0.00000000 0.00000000 0.00000000
54 0.63391300 0.60768000 0.83129200 0.00000000 0.00000000 0.00000000
55 -0.29897500 -0.62533200 0.49585200 0.00000000 0.00000000 0.00000000
56 11.12727300 1.21456700 -4.99979000 0.80355900 1.02375100 2.19962600
57 -7.97506600 -3.31287700 -3.55349900 3.04808000 -0.02547800 -2.10370600
58 2.04895400 -0.03391300 -1.46330700 0.00000000 0.00000000 0.00000000
time 58
0 -0.00000100 7.45008900 -27.50902600 0.00000000 0.00000000 0.00003100
1 -0.00000200 0.00000000 0.00000000 1.57074300 -1.56713700 -1.57074300
2 4.25546800 -0.33518300 -0.00000200 0.00000000 0.00000000 -0.12484800
3 7.43124800 1.49647700 0.00000200 0.00000000 0.00000000 0.24545000
4 5.27847900 0.16554100 0.00000100 0.00000000 0.00000000 0.04851100
5 -1.03766400 -9.43453000 4.97450600 1.97586400 1.15990900 -1.29878600
6 -6.21448200 -0.00000700 -0.00002700 2.58380000 0.02625700 1.50321100
7 11.94488500 0.00000000 0.00000000 0.45203700 -0.33038500 1.22774100
8 10.62018100 0.00000000 -0.00000100 0.82180100 0.68253100 -2.65407300
9 -4.75111000 -0.69449200 0.83057500 0.02244300 -0.34124800 0.62547300
10 -1.68807100 0.00004600 -0.00003500 0.01803600 -0.01695300 0.62219900
11 -1.33613800 0.00005600 -0.00001200 0.02599300 -0.00449300 0.72429900
12 -4.82049900 -0.50945800 -0.22476000 -0.59142200 0.17173500 1.62879800
13 -1.82699100 -0.00006500 0.00000700 -0.00877900 0.03948000 1.05474700
14 -1.43657900 0.00001000 0.00000400 -0.04748700 -0.06156900 0.56561900
15 -3.99236100 -0.89118600 -1.82790900 -0.60639500 0.58941700 1.94389200
16 -1.40592300 -0.00002600 -0.00000400 0.01654100 -0.02437900 0.27905000
17 -1.17536200 0.00012700 -0.00002000 0.04192500 0.05340800 0.56994100
18 -4.52675500 -0.69057300 -1.12074500 -0.53318000 0.42052500 1.89479600
19 -1.74404500 0.00003700 -0.00000700 -0.00618100 -0.02893200 0.61965200
20 -1.36876500 0.00002400 0.00000200 -0.16436400 0.17560900 0.73252700
21 -1.87480200 -0.93512500 0.99917200 2.00090700 0.60849400 1.00710700
22 -1.52345100 0.00003100 0.00002800 0.17430900 0.04358600 0.69908300
23 -1.59928400 0.00000300 0.00001400 0.03567100 -0.02383000 0.56873300
24 5.58312900 0.11572600 0.29499700 1.94756400 -0.06728900 3.12123600
25 0.19684800 -0.00000300 0.00000300 2.79340700 0.00000600 -3.14157700
26 -4.02607300 -13.81774400 -7.06094900 1.97586200 1.15990900 1.84280300
27 6.21448500 0.00000600 0.00002000 -1.32211600 0.31971600 -2.05185000
28 11.94488900 -0.00003300 -0.00018900 0.14538300 -0.34749900 -1.46543200
29 10.62016500 0.00000800 0.00000700 -1.24376900 -0.48478700 0.26480600
30 4.75115700 0.69437600 -0.83047300 -0.12139300 -0.23408600 1.17691000
31 1.68806600 -0.00002700 0.00000200 0.00195900 -0.02465400 1.35789400
32 1.33614300 -0.00005500 -0.00000900 0.00029900 -0.03867100 0.36183900
33 4.82051500 0.50934000 0.22486500 -0.23721200 -0.11127000 1.45394900
34 1.82699700 0.00006700 0.00000800 -0.00549900 0.04010600 1.13828700
35 1.43658100 -0.00001000 0.00000700 0.00975800 -0.01157600 0.13774600
36 3.99235000 0.89108700 1.82799500 -0.51521400 0.05380600 1.55215900
37 1.40592100 0.00002200 -0.00000600 0.00565800 -0.02894500 0.68272200
38 1.17536400 -0.00013000 0.00000400 0.09742000 0.07554300 0.86846900
39 4.52675500 0.69045900 1.12084200 -0.49069100 0.02943900 1.64232200
40 1.74404300 -0.00003100 -0.00000200 -0.01475800 -0.02562500 0.93406200
41 1.36876300 -0.00003300 -0.00001600 0.11311900 0.11147800 0.61039100
42 2.24249600 1.34902600 -0.74849500 2.68757000 0.43837800 0.97926800
43 1.62286000 -0.22039800 -0.15537300 0.15185400 0.13855000 0.94799900
44 1.58379200 -0.15422100 0.02523200 0.06727400 0.04945100 0.19342300
45 5.51180600 0.00000000 0.00000400 0.16325100 0.00000000 0.00000000
46 0.19684800 0.00000000 0.00000000 -0.34822500 0.00001500 -0.00000200
47 0.00000000 0.00000000 0.00000000 0.00000000 0.00000000 -1.57079600
48 -3.46189900 2.90101600 -3.24579200 0.00000000 0.00000000 -3.14156200
49 -7.79691900 19.97891200 -0.74093200 0.42781700 0.26543400 -0.37413800
50 -0.15910500 0.02305100 -0.34200700 0.00000000 0.00000000 0.00000000
51 0.16895700 -0.03358900 0.65100600 0.00000000 0.00000000 0.00000000
52 0.24801400 0.17628700 -0.04521800 0.00000000 0.00000000 0.00000000
53 4.99699200 -0.07961600 -1.51780000 0.00000000 0.00000000 0.00000000
54 0.63391300 0.60768000 0.83129200 0.00000000 0.00000000 0.00000000
55 -0.29897500 -0.62533200 0.49585200 0.00000000 0.00000000 0.00000000
56 11.12727300 1.21456700 -4.99979000 0.80355900 1.02375100 2.19962600
57 -7.97506600 -3.31287700 -3.55349900 3.04808000 -0.02547800 -2.10370600
58 2.04895400 -0.03391300 -1.46330700 0.00000000 0.00000000 0.00000000
time 59
0 -0.00000100 7.45008900 -27.50902600 0.00000000 0.00000000 0.00003100
1 -0.00000200 0.00000000 0.00000000 1.57074300 -1.56713700 -1.57074300
2 4.25546800 -0.33518300 -0.00000200 0.00000000 0.00000000 -0.12484800
3 7.43124800 1.49647700 0.00000200 0.00000000 0.00000000 0.24545000
4 5.27847900 0.16554100 0.00000100 0.00000000 0.00000000 0.04851100
5 -1.03766400 -9.43453000 4.97450600 1.97586400 1.15990900 -1.29878600
6 -6.21448200 -0.00000700 -0.00002700 2.58392400 0.02618700 1.50295200
7 11.94488500 0.00000000 0.00000000 0.45220100 -0.33031500 1.22718300
8 10.62018100 0.00000000 -0.00000100 0.82212900 0.68276000 -2.65331500
9 -4.75111000 -0.69449200 0.83057500 0.02244300 -0.34124800 0.62547300
10 -1.68807100 0.00004600 -0.00003500 0.01803600 -0.01695300 0.62219900
11 -1.33613800 0.00005600 -0.00001200 0.02599300 -0.00449300 0.72429900
12 -4.82049900 -0.50945800 -0.22476000 -0.59142200 0.17173500 1.62879800
13 -1.82699100 -0.00006500 0.00000700 -0.00877900 0.03948000 1.05474700
14 -1.43657900 0.00001000 0.00000400 -0.04748700 -0.06156900 0.56561900
15 -3.99236100 -0.89118600 -1.82790900 -0.60639500 0.58941700 1.94389200
16 -1.40592300 -0.00002600 -0.00000400 0.01654100 -0.02437900 0.27905000
17 -1.17536200 0.00012700 -0.00002000 0.04192500 0.05340800 0.56994100
18 -4.52675500 -0.69057300 -1.12074500 -0.53318000 0.42052500 1.89479600
19 -1.74404500 0.00003700 -0.00000700 -0.00618100 -0.02893200 0.61965200
20 -1.36876500 0.00002400 0.00000200 -0.16436400 0.17560900 0.73252700
21 -1.87480200 -0.93512500 0.99917200 2.00090700 0.60849400 1.00710700
22 -1.52345100 0.00003100 0.00002800 0.17430900 0.04358600 0.69908300
23 -1.59928400 0.00000300 0.00001400 0.03567100 -0.02383000 0.56873300
24 5.58312900 0.11572600 0.29499700 1.94756400 -0.06728900 3.12123600
25 0.19684800 -0.00000300 0.00000300 2.79340700 0.00000600 -3.14157700
26 -4.02607300 -13.81774400 -7.06094900 1.97586200 1.15990900 1.84280300
27 6.21448500 0.00000600 0.00002000 -1.32198000 0.31889700 -2.05185400
28 11.94488900 -0.00003300 -0.00018900 0.14508400 -0.34747100 -1.46477100
29 10.62016500 0.00000800 0.00000700 -1.24336400 -0.48458800 0.26441700
30 4.75115700 0.69437600 -0.83047300 -0.12139300 -0.23408600 1.17691000
31 1.68806600 -0.00002700 0.00000200 0.00195900 -0.02465400 1.35789400
32 1.33614300 -0.00005500 -0.00000900 0.00029900 -0.03867100 0.36183900
33 4.82051500 0.50934000 0.22486500 -0.23721200 -0.11127000 1.45394900
34 1.82699700 0.00006700 0.00000800 -0.00549900 0.04010600 1.13828700
35 1.43658100 -0.00001000 0.00000700 0.00975800 -0.01157600 0.13774600
36 3.99235000 0.89108700 1.82799500 -0.51521400 0.05380600 1.55215900
37 1.40592100 0.00002200 -0.00000600 0.00565800 -0.02894500 0.68272200
38 1.17536400 -0.00013000 0.00000400 0.09742000 0.07554300 0.86846900
39 4.52675500 0.69045900 1.12084200 -0.49069100 0.02943900 1.64232200
40 1.74404300 -0.00003100 -0.00000200 -0.01475800 -0.02562500 0.93406200
41 1.36876300 -0.00003300 -0.00001600 0.11311900 0.11147800 0.61039100
42 2.24249600 1.34902600 -0.74849500 2.68757000 0.43837800 0.97926800
43 1.62286000 -0.22039800 -0.15537300 0.15185400 0.13855000 0.94799900
44 1.58379200 -0.15422100 0.02523200 0.06727400 0.04945100 0.19342300
45 5.51180600 0.00000000 0.00000400 0.16325100 0.00000000 0.00000000
46 0.19684800 0.00000000 0.00000000 -0.34822500 0.00001500 -0.00000200
47 0.00000000 0.00000000 0.00000000 0.00000000 0.00000000 -1.57079600
48 -3.46189900 2.90101600 -3.24579200 0.00000000 0.00000000 -3.14156200
49 -7.79544500 19.97891200 -0.73474900 0.42801300 0.26598800 -0.37401300
50 -0.15910500 0.02305100 -0.34200700 0.00000000 0.00000000 0.00000000
51 0.16895700 -0.03358900 0.65100600 0.00000000 0.00000000 0.00000000
52 0.24801400 0.17628700 -0.04521800 0.00000000 0.00000000 0.00000000
53 4.99699200 -0.07961600 -1.51780000 0.00000000 0.00000000 0.00000000
54 0.63391300 0.60768000 0.83129200 0.00000000 0.00000000 0.00000000
55 -0.29897500 -0.62533200 0.49585200 0.00000000 0.00000000 0.00000000
56 11.12727300 1.21456700 -4.99979000 0.80355900 1.02375100 2.19962600
57 -7.97506600 -3.31287700 -3.55349900 3.04808000 -0.02547800 -2.10370600
58 2.04895400 -0.03391300 -1.46330700 0.00000000 0.00000000 0.00000000
time 60
0 -0.00000100 7.45008900 -27.50902600 0.00000000 0.00000000 0.00003100
1 -0.00000200 0.00000000 0.00000000 1.57074300 -1.56713700 -1.57074300
2 4.25546800 -0.33518300 -0.00000200 0.00000000 0.00000000 -0.12484800
3 7.43124800 1.49647700 0.00000200 0.00000000 0.00000000 0.24545000
4 5.27847900 0.16554100 0.00000100 0.00000000 0.00000000 0.04851100
5 -1.03766400 -9.43453000 4.97450600 1.97586400 1.15990900 -1.29878600
6 -6.21448200 -0.00000700 -0.00002700 2.58392400 0.02618700 1.50295200
7 11.94488500 0.00000000 0.00000000 0.45231200 -0.33031900 1.22695700
8 10.62018100 0.00000000 -0.00000100 0.82227600 0.68287900 -2.65309000
9 -4.75111000 -0.69449200 0.83057500 0.02244300 -0.34124800 0.62547300
10 -1.68807100 0.00004600 -0.00003500 0.01803600 -0.01695300 0.62219900
11 -1.33613800 0.00005600 -0.00001200 0.02599300 -0.00449300 0.72429900
12 -4.82049900 -0.50945800 -0.22476000 -0.59142200 0.17173500 1.62879800
13 -1.82699100 -0.00006500 0.00000700 -0.00877900 0.03948000 1.05474700
14 -1.43657900 0.00001000 0.00000400 -0.04748700 -0.06156900 0.56561900
15 -3.99236100 -0.89118600 -1.82790900 -0.60639500 0.58941700 1.94389200
16 -1.40592300 -0.00002600 -0.00000400 0.01654100 -0.02437900 0.27905000
17 -1.17536200 0.00012700 -0.00002000 0.04192500 0.05340800 0.56994100
18 -4.52675500 -0.69057300 -1.12074500 -0.53318000 0.42052500 1.89479600
19 -1.74404500 0.00003700 -0.00000700 -0.00618100 -0.02893200 0.61965200
20 -1.36876500 0.00002400 0.00000200 -0.16436400 0.17560900 0.73252700
21 -1.87480200 -0.93512500 0.99917200 2.00090700 0.60849400 1.00710700
22 -1.52345100 0.00003100 0.00002800 0.17430900 0.04358600 0.69908300
23 -1.59928400 0.00000300 0.00001400 0.03567100 -0.02383000 0.56873300
24 5.58312600 0.11572500 0.29499900 1.94756400 -0.06728900 3.12123600
25 0.19684800 -0.00000300 0.00000300 2.79340700 0.00000600 -3.14157700
26 -4.02607300 -13.81774400 -7.06094900 1.97586200 1.15990900 1.84280300
27 6.21448500 0.00000600 0.00002000 -1.32186300 0.31860600 -2.05181900
28 11.94488900 -0.00003300 -0.00018900 0.14504200 -0.34748800 -1.46453100
29 10.62016500 0.00000800 0.00000700 -1.24332100 -0.48451900 0.26435200
30 4.75115700 0.69437600 -0.83047300 -0.12139300 -0.23408600 1.17691000
31 1.68806600 -0.00002700 0.00000200 0.00195900 -0.02465400 1.35789400
32 1.33614300 -0.00005500 -0.00000900 0.00029900 -0.03867100 0.36183900
33 4.82051500 0.50934000 0.22486500 -0.23721200 -0.11127000 1.45394900
34 1.82699700 0.00006700 0.00000800 -0.00549900 0.04010600 1.13828700
35 1.43658100 -0.00001000 0.00000700 0.00975800 -0.01157600 0.13774600
36 3.99235000 0.89108700 1.82799500 -0.51521400 0.05380600 1.55215900
37 1.40592100 0.00002200 -0.00000600 0.00565800 -0.02894500 0.68272200
38 1.17536400 -0.00013000 0.00000400 0.09742000 0.07554300 0.86846900
39 4.52675500 0.69045900 1.12084200 -0.49069100 0.02943900 1.64232200
40 1.74404300 -0.00003100 -0.00000200 -0.01475800 -0.02562500 0.93406200
41 1.36876300 -0.00003300 -0.00001600 0.11311900 0.11147800 0.61039100
42 2.24249900 1.34902500 -0.74849300 2.68757000 0.43837800 0.97926800
43 1.62286200 -0.22040200 -0.15537200 0.15185400 0.13855000 0.94799900
44 1.58379000 -0.15422100 0.02523200 0.06727400 0.04945100 0.19342300
45 5.51180600 0.00000000 0.00000400 0.16325100 0.00000000 0.00000000
46 0.19684800 0.00000000 0.00000000 -0.34822500 0.00001500 -0.00000200
47 0.00000000 0.00000000 0.00000000 0.00000000 0.00000000 -1.57079600
48 -3.46189900 2.90101600 -3.24579200 0.00000000 0.00000000 -3.14156200
49 -7.79493900 19.97891200 -0.73262300 0.42807800 0.26617200 -0.37397100
50 -0.15910500 0.02305100 -0.34200700 0.00000000 0.00000000 0.00000000
51 0.16895700 -0.03358900 0.65100600 0.00000000 0.00000000 0.00000000
52 0.24801400 0.17628700 -0.04521800 0.00000000 0.00000000 0.00000000
53 4.99699200 -0.07961600 -1.51780000 0.00000000 0.00000000 0.00000000
54 0.63391300 0.60768000 0.83129200 0.00000000 0.00000000 0.00000000
55 -0.29897500 -0.62533200 0.49585200 0.00000000 0.00000000 0.00000000
56 11.12727500 1.21457000 -4.99978600 0.80355900 1.02375100 2.19962600
57 -7.97505500 -3.31289700 -3.55349700 3.04808000 -0.02547800 -2.10370600
58 2.04895400 -0.03391300 -1.46330700 0.00000000 0.00000000 0.00000000
end
