version 1
nodes
0 "BaseRoot" -1
1 "Base" 0
2 "Trigger" 1
3 "rhand_ikTarget" 1
4 "MagRelease" 1
5 "Mag" 1
6 "Bullets" 5
7 "lhand_ikTarget" 1
8 "Bolt" 1
9 "cam_driver" -1
10 "root" -1
11 "pelvis" 10
12 "spine_01" 11
13 "spine_02" 12
14 "spine_03" 13
15 "clavicle_r" 14
16 "upperarm_r" 15
17 "lowerarm_r" 16
18 "hand_r" 17
19 "thumb_01_r" 18
20 "thumb_02_r" 19
21 "thumb_03_r" 20
22 "ring_01_r" 18
23 "ring_02_r" 22
24 "ring_03_r" 23
25 "pinky_01_r" 18
26 "pinky_02_r" 25
27 "pinky_03_r" 26
28 "middle_01_r" 18
29 "middle_02_r" 28
30 "middle_03_r" 29
31 "index_01_r" 18
32 "index_02_r" 31
33 "index_03_r" 32
34 "lowerarm_twist_01_r" 17
35 "upperarm_twist_01_r" 16
36 "clavicle_l" 14
37 "upperarm_l" 36
38 "lowerarm_l" 37
39 "hand_l" 38
40 "thumb_01_l" 39
41 "thumb_02_l" 40
42 "thumb_03_l" 41
43 "ring_01_l" 39
44 "ring_02_l" 43
45 "ring_03_l" 44
46 "pinky_01_l" 39
47 "pinky_02_l" 46
48 "pinky_03_l" 47
49 "middle_01_l" 39
50 "middle_02_l" 49
51 "middle_03_l" 50
52 "index_01_l" 39
53 "index_02_l" 52
54 "index_03_l" 53
55 "lowerarm_twist_01_l" 38
56 "upperarm_twist_01_l" 37
end
skeleton
time 0
0 -3.33884800 3.35843400 -2.47946200 0.00000000 0.00000000 -3.14156200
1 -6.40014172 25.10815071 -2.81972589 0.26024888 0.03164844 -0.82022346
2 3.85323700 0.12671100 -0.78579800 0.00000000 0.00000000 0.00000000
3 11.03187522 0.36355894 -4.04640824 0.24012900 0.91539100 1.52999000
4 -3.32562400 0.00371900 -2.40215400 0.00000000 0.00000000 0.00000000
5 -4.06109000 -0.00336600 -0.78740900 0.00000000 0.00000000 0.00000000
6 -0.00019500 0.00000000 0.39773100 0.00000000 0.00000000 0.00000000
7 -0.77869800 -2.43237500 -4.37718000 2.92105200 -0.04972300 -1.86575000
8 -1.09806239 0.21645500 0.18745800 0.00000000 0.00000000 0.00000000
9 0.00000000 0.00000000 0.00000000 0.00000000 0.00000000 -1.57079600
10 -0.00000100 7.45008900 -27.50902600 0.00000000 0.00000000 0.00003100
11 0.00000000 0.00000000 0.00000000 1.57078000 -1.56713700 -1.57078300
12 4.25546300 -0.33518200 0.00000000 0.00000000 0.00000000 -0.12484800
13 7.43124600 1.49647800 0.00000000 0.00000000 0.00000000 0.24545000
14 5.27847200 0.16554000 0.00000000 0.00000000 0.00000000 0.04851100
15 0.95845354 -10.46936879 6.97853225 1.97586600 1.15991000 -1.29878700
16 -6.21447400 0.00000000 0.00000000 0.05831445 0.31572440 -1.70392110
17 -11.94486570 0.00004200 0.00021600 0.15161366 -0.19686796 -1.45215253
18 -10.62016278 0.00006661 -0.00008254 -2.33202021 -0.23579226 0.63891433
19 -1.87479600 -0.93512200 0.99917600 1.72571800 0.67187600 0.85227800
20 -1.52344500 0.00000000 0.00000000 0.08099400 0.15396900 0.58815600
21 -1.59928300 0.00000000 0.00000000 0.01453800 -0.04039900 1.20561000
22 -4.52675100 -0.69057700 -1.12074100 -0.39343300 0.26032300 1.74034800
23 -1.74403400 0.00000000 0.00000000 -0.01415000 -0.02594600 0.91082300
24 -1.36876700 0.00000000 0.00000000 0.03508000 0.03899700 0.62765500
25 -3.99235200 -0.89119000 -1.82790800 -0.37607300 0.39711200 1.63661600
26 -1.40591000 0.00000200 0.00000100 0.01264700 -0.02662600 0.43060100
27 -1.17535800 0.00013400 0.00000000 0.05560900 0.03892800 0.86426700
28 -4.82049600 -0.50946200 -0.22475700 -0.35400300 0.08871400 1.49727800
29 -1.82698400 0.00000200 0.00000100 -0.00856400 0.03953200 1.05965000
30 -1.43656500 -0.00000200 -0.00000100 -0.05524000 -0.05469200 0.69918900
31 -4.75110400 -0.69450200 0.83058000 -0.16764200 0.00941500 0.33166900
32 -1.68806800 0.00000100 0.00000000 0.02182400 -0.01169900 0.36044800
33 -1.33614000 0.00000200 0.00000000 0.02564400 0.00608700 0.32044900
34 -5.58311939 0.11576246 -0.29503893 -0.90460900 0.06400000 0.02996900
35 -0.19684800 -0.00000093 0.00000046 -0.34818200 0.00000000 0.00000000
36 -1.33293075 -14.90588395 -0.27077885 1.97586300 1.15991000 1.84280400
37 6.21447800 0.00000100 0.00000000 -0.76432278 0.64164846 -1.72271864
38 11.94487700 0.00000200 -0.00019800 0.23957243 -0.28793449 -1.37646609
39 10.62016300 0.00000000 -0.00000300 -2.13982501 -0.67566465 0.60690427
40 1.87485700 0.93507800 -0.99912700 2.51444500 0.40613500 1.28819000
41 1.45054354 -0.06018985 0.09121700 0.08130900 0.15607800 0.58651000
42 1.59927900 0.00000000 0.00000000 0.08169400 -0.01721100 1.03306000
43 4.52675100 0.69046200 1.12084300 -0.24391700 0.03988200 1.38722300
44 1.74404900 -0.00000100 -0.00000100 -0.02648500 -0.01316600 1.52193900
45 1.36875900 0.00000000 0.00000000 -0.24626800 0.17807500 0.18497200
46 3.99234600 0.89108500 1.82799600 -0.40198400 0.02856300 1.17767600
47 1.40591000 0.00000000 0.00000000 -0.01760800 -0.02363100 1.51566300
48 1.17535400 -0.00013000 0.00000000 0.03782400 0.11729500 0.26809600
49 4.82051300 0.50934200 0.22486500 -0.16257900 -0.11067600 1.17926300
50 1.82698100 -0.00000100 0.00000200 0.00718400 0.03980800 1.45252300
51 1.43656900 0.00000000 0.00000000 0.00808100 -0.01279400 0.27447100
52 4.75115400 0.69437000 -0.83047500 -0.03044400 -0.23121800 0.81546000
53 1.68805700 -0.00000100 0.00000000 0.00334900 -0.02449500 1.30398700
54 1.33614300 0.00000000 0.00000000 -0.01548800 -0.03545000 0.78358400
55 5.51180600 0.00000000 -0.00000200 -0.66744800 0.00000000 0.00000000
56 0.19685000 0.00000000 0.00000000 -0.34818200 0.00000000 0.00000000
time 1
0 -3.33884800 3.35843400 -2.47946200 0.00000000 0.00000000 -3.14156200
1 -6.42195494 25.10827371 -2.80823030 0.26677159 0.03079045 -0.81905908
2 3.85323700 0.12671100 -0.78579800 0.00000000 0.00000000 0.00000000
3 11.03187522 0.36355894 -4.04640824 0.24012900 0.91539100 1.52999000
4 -3.32562400 0.00371900 -2.40215400 0.00000000 0.00000000 0.00000000
5 -4.06109000 -0.00336600 -0.78740900 0.00000000 0.00000000 0.00000000
6 -0.00019500 0.00000000 0.39773100 0.00000000 0.00000000 0.00000000
7 -0.77869800 -2.43237500 -4.37718000 2.92105200 -0.04972300 -1.86575000
8 -1.09806239 0.21645500 0.18745800 0.00000000 0.00000000 0.00000000
9 0.00000000 0.00000000 0.00000000 0.00000000 0.00000000 -1.57079600
10 -0.00000100 7.45008900 -27.50902600 0.00000000 0.00000000 0.00003100
11 0.00000000 0.00000000 0.00000000 1.57078000 -1.56713700 -1.57078300
12 4.25546300 -0.33518200 0.00000000 0.00000000 0.00000000 -0.12484800
13 7.43124600 1.49647800 0.00000000 0.00000000 0.00000000 0.24545000
14 5.27847200 0.16554000 0.00000000 0.00000000 0.00000000 0.04851100
15 0.95845354 -10.46936879 6.97853225 1.97586600 1.15991000 -1.29878700
16 -6.21447400 0.00000000 0.00000000 0.05522543 0.31472336 -1.70475749
17 -11.94486570 0.00004200 0.00021600 0.15069352 -0.19624407 -1.44979049
18 -10.62016278 0.00006661 -0.00008254 -2.32422619 -0.23411671 0.63338513
19 -1.87479600 -0.93512200 0.99917600 1.72571800 0.67187600 0.85227800
20 -1.52344500 0.00000000 0.00000000 0.08099400 0.15396900 0.58815600
21 -1.59928300 0.00000000 0.00000000 0.01453800 -0.04039900 1.20561000
22 -4.52675100 -0.69057700 -1.12074100 -0.39343300 0.26032300 1.74034800
23 -1.74403400 0.00000000 0.00000000 -0.01415000 -0.02594600 0.91082300
24 -1.36876700 0.00000000 0.00000000 0.03508000 0.03899700 0.62765500
25 -3.99235200 -0.89119000 -1.82790800 -0.37607300 0.39711200 1.63661600
26 -1.40591000 0.00000200 0.00000100 0.01264700 -0.02662600 0.43060100
27 -1.17535800 0.00013400 0.00000000 0.05560900 0.03892800 0.86426700
28 -4.82049600 -0.50946200 -0.22475700 -0.35400300 0.08871400 1.49727800
29 -1.82698400 0.00000200 0.00000100 -0.00856400 0.03953200 1.05965000
30 -1.43656500 -0.00000200 -0.00000100 -0.05524000 -0.05469200 0.69918900
31 -4.75110400 -0.69450200 0.83058000 -0.16764200 0.00941500 0.33166900
32 -1.68806800 0.00000100 0.00000000 0.02182400 -0.01169900 0.36044800
33 -1.33614000 0.00000200 0.00000000 0.02564400 0.00608700 0.32044900
34 -5.58311939 0.11576246 -0.29503893 -0.90460900 0.06400000 0.02996900
35 -0.19684800 -0.00000093 0.00000046 -0.34818200 0.00000000 0.00000000
36 -1.33293075 -14.90588395 -0.27077885 1.97586300 1.15991000 1.84280400
37 6.21447800 0.00000100 0.00000000 -0.76486285 0.64083601 -1.72421490
38 11.94487700 0.00000200 -0.00019800 0.23883346 -0.28872735 -1.37372235
39 10.62016300 0.00000000 -0.00000300 -2.14597726 -0.67939037 0.60714036
40 1.87485700 0.93507800 -0.99912700 2.51444500 0.40613500 1.28819000
41 1.45054354 -0.06018985 0.09121700 0.08130900 0.15607800 0.58651000
42 1.59927900 0.00000000 0.00000000 0.08169400 -0.01721100 1.03306000
43 4.52675100 0.69046200 1.12084300 -0.24391700 0.03988200 1.38722300
44 1.74404900 -0.00000100 -0.00000100 -0.02648500 -0.01316600 1.52193900
45 1.36875900 0.00000000 0.00000000 -0.24626800 0.17807500 0.18497200
46 3.99234600 0.89108500 1.82799600 -0.40198400 0.02856300 1.17767600
47 1.40591000 0.00000000 0.00000000 -0.01760800 -0.02363100 1.51566300
48 1.17535400 -0.00013000 0.00000000 0.03782400 0.11729500 0.26809600
49 4.82051300 0.50934200 0.22486500 -0.16257900 -0.11067600 1.17926300
50 1.82698100 -0.00000100 0.00000200 0.00718400 0.03980800 1.45252300
51 1.43656900 0.00000000 0.00000000 0.00808100 -0.01279400 0.27447100
52 4.75115400 0.69437000 -0.83047500 -0.03044400 -0.23121800 0.81546000
53 1.68805700 -0.00000100 0.00000000 0.00334900 -0.02449500 1.30398700
54 1.33614300 0.00000000 0.00000000 -0.01548800 -0.03545000 0.78358400
55 5.51180600 0.00000000 -0.00000200 -0.66744800 0.00000000 0.00000000
56 0.19685000 0.00000000 0.00000000 -0.34818200 0.00000000 0.00000000
time 2
0 -3.33884800 3.35843400 -2.47946200 0.00000000 0.00000000 -3.14156200
1 -6.44455692 25.10863519 -2.79917600 0.27353292 0.02952437 -0.81786189
2 3.85323700 0.12671100 -0.78579800 0.00000000 0.00000000 0.00000000
3 11.03187522 0.36355894 -4.04640824 0.24012900 0.91539100 1.52999000
4 -3.32562400 0.00371900 -2.40215400 0.00000000 0.00000000 0.00000000
5 -4.06109000 -0.00336600 -0.78740900 0.00000000 0.00000000 0.00000000
6 -0.00019500 0.00000000 0.39773100 0.00000000 0.00000000 0.00000000
7 -0.77869800 -2.43237500 -4.37718000 2.92105200 -0.04972300 -1.86575000
8 -1.09806239 0.21645500 0.18745800 0.00000000 0.00000000 0.00000000
9 0.00000000 0.00000000 0.00000000 0.00000000 0.00000000 -1.57079600
10 -0.00000100 7.45008900 -27.50902600 0.00000000 0.00000000 0.00003100
11 0.00000000 0.00000000 0.00000000 1.57078000 -1.56713700 -1.57078300
12 4.25546300 -0.33518200 0.00000000 0.00000000 0.00000000 -0.12484800
13 7.43124600 1.49647800 0.00000000 0.00000000 0.00000000 0.24545000
14 5.27847200 0.16554000 0.00000000 0.00000000 0.00000000 0.04851100
15 0.95845354 -10.46936879 6.97853225 1.97586600 1.15991000 -1.29878700
16 -6.21447400 0.00000000 0.00000000 0.05215659 0.31381223 -1.70550636
17 -11.94486570 0.00004200 0.00021600 0.14987765 -0.19589596 -1.44748563
18 -10.62016278 0.00006661 -0.00008254 -2.31613726 -0.23187161 0.62801219
19 -1.87479600 -0.93512200 0.99917600 1.72571800 0.67187600 0.85227800
20 -1.52344500 0.00000000 0.00000000 0.08099400 0.15396900 0.58815600
21 -1.59928300 0.00000000 0.00000000 0.01453800 -0.04039900 1.20561000
22 -4.52675100 -0.69057700 -1.12074100 -0.39343300 0.26032300 1.74034800
23 -1.74403400 0.00000000 0.00000000 -0.01415000 -0.02594600 0.91082300
24 -1.36876700 0.00000000 0.00000000 0.03508000 0.03899700 0.62765500
25 -3.99235200 -0.89119000 -1.82790800 -0.37607300 0.39711200 1.63661600
26 -1.40591000 0.00000200 0.00000100 0.01264700 -0.02662600 0.43060100
27 -1.17535800 0.00013400 0.00000000 0.05560900 0.03892800 0.86426700
28 -4.82049600 -0.50946200 -0.22475700 -0.35400300 0.08871400 1.49727800
29 -1.82698400 0.00000200 0.00000100 -0.00856400 0.03953200 1.05965000
30 -1.43656500 -0.00000200 -0.00000100 -0.05524000 -0.05469200 0.69918900
31 -4.75110400 -0.69450200 0.83058000 -0.16764200 0.00941500 0.33166900
32 -1.68806800 0.00000100 0.00000000 0.02182400 -0.01169900 0.36044800
33 -1.33614000 0.00000200 0.00000000 0.02564400 0.00608700 0.32044900
34 -5.58311939 0.11576246 -0.29503893 -0.90460900 0.06400000 0.02996900
35 -0.19684800 -0.00000093 0.00000046 -0.34818200 0.00000000 0.00000000
36 -1.33293075 -14.90588395 -0.27077885 1.97586300 1.15991000 1.84280400
37 6.21447800 0.00000100 0.00000000 -0.76513812 0.64012518 -1.72544726
38 11.94487700 0.00000200 -0.00019800 0.23827880 -0.28946436 -1.37126360
39 10.62016300 0.00000000 -0.00000300 -2.15287204 -0.68299393 0.60818144
40 1.87485700 0.93507800 -0.99912700 2.51444500 0.40613500 1.28819000
41 1.45054354 -0.06018985 0.09121700 0.08130900 0.15607800 0.58651000
42 1.59927900 0.00000000 0.00000000 0.08169400 -0.01721100 1.03306000
43 4.52675100 0.69046200 1.12084300 -0.24391700 0.03988200 1.38722300
44 1.74404900 -0.00000100 -0.00000100 -0.02648500 -0.01316600 1.52193900
45 1.36875900 0.00000000 0.00000000 -0.24626800 0.17807500 0.18497200
46 3.99234600 0.89108500 1.82799600 -0.40198400 0.02856300 1.17767600
47 1.40591000 0.00000000 0.00000000 -0.01760800 -0.02363100 1.51566300
48 1.17535400 -0.00013000 0.00000000 0.03782400 0.11729500 0.26809600
49 4.82051300 0.50934200 0.22486500 -0.16257900 -0.11067600 1.17926300
50 1.82698100 -0.00000100 0.00000200 0.00718400 0.03980800 1.45252300
51 1.43656900 0.00000000 0.00000000 0.00808100 -0.01279400 0.27447100
52 4.75115400 0.69437000 -0.83047500 -0.03044400 -0.23121800 0.81546000
53 1.68805700 -0.00000100 0.00000000 0.00334900 -0.02449500 1.30398700
54 1.33614300 0.00000000 0.00000000 -0.01548800 -0.03545000 0.78358400
55 5.51180600 0.00000000 -0.00000200 -0.66744800 0.00000000 0.00000000
56 0.19685000 0.00000000 0.00000000 -0.34818200 0.00000000 0.00000000
time 3
0 -3.33884800 3.35843400 -2.47946200 0.00000000 0.00000000 -3.14156200
1 -6.47050698 25.10921110 -2.78886176 0.28111597 0.02813565 -0.81681323
2 3.85323700 0.12671100 -0.78579800 0.00000000 0.00000000 0.00000000
3 11.03187522 0.36355894 -4.04640824 0.24012900 0.91539100 1.52999000
4 -3.32562400 0.00371900 -2.40215400 0.00000000 0.00000000 0.00000000
5 -4.06109000 -0.00336600 -0.78740900 0.00000000 0.00000000 0.00000000
6 -0.00019500 0.00000000 0.39773100 0.00000000 0.00000000 0.00000000
7 -0.77869800 -2.43237500 -4.37718000 2.92105200 -0.04972300 -1.86575000
8 -1.09806239 0.21645500 0.18745800 0.00000000 0.00000000 0.00000000
9 0.00000000 0.00000000 0.00000000 0.00000000 0.00000000 -1.57079600
10 -0.00000100 7.45008900 -27.50902600 0.00000000 0.00000000 0.00003100
11 0.00000000 0.00000000 0.00000000 1.57078000 -1.56713700 -1.57078300
12 4.25546300 -0.33518200 0.00000000 0.00000000 0.00000000 -0.12484800
13 7.43124600 1.49647800 0.00000000 0.00000000 0.00000000 0.24545000
14 5.27847200 0.16554000 0.00000000 0.00000000 0.00000000 0.04851100
15 0.95845354 -10.46936879 6.97853225 1.97586600 1.15991000 -1.29878700
16 -6.21447400 0.00000000 0.00000000 0.04893077 0.31290186 -1.70651964
17 -11.94486570 0.00004200 0.00021600 0.14911457 -0.19594513 -1.44492300
18 -10.62016278 0.00006661 -0.00008254 -2.30676407 -0.22929989 0.62219077
19 -1.87479600 -0.93512200 0.99917600 1.72571800 0.67187600 0.85227800
20 -1.52344500 0.00000000 0.00000000 0.08099400 0.15396900 0.58815600
21 -1.59928300 0.00000000 0.00000000 0.01453800 -0.04039900 1.20561000
22 -4.52675100 -0.69057700 -1.12074100 -0.39343300 0.26032300 1.74034800
23 -1.74403400 0.00000000 0.00000000 -0.01415000 -0.02594600 0.91082300
24 -1.36876700 0.00000000 0.00000000 0.03508000 0.03899700 0.62765500
25 -3.99235200 -0.89119000 -1.82790800 -0.37607300 0.39711200 1.63661600
26 -1.40591000 0.00000200 0.00000100 0.01264700 -0.02662600 0.43060100
27 -1.17535800 0.00013400 0.00000000 0.05560900 0.03892800 0.86426700
28 -4.82049600 -0.50946200 -0.22475700 -0.35400300 0.08871400 1.49727800
29 -1.82698400 0.00000200 0.00000100 -0.00856400 0.03953200 1.05965000
30 -1.43656500 -0.00000200 -0.00000100 -0.05524000 -0.05469200 0.69918900
31 -4.75110400 -0.69450200 0.83058000 -0.16764200 0.00941500 0.33166900
32 -1.68806800 0.00000100 0.00000000 0.02182400 -0.01169900 0.36044800
33 -1.33614000 0.00000200 0.00000000 0.02564400 0.00608700 0.32044900
34 -5.58311939 0.11576246 -0.29503893 -0.90460900 0.06400000 0.02996900
35 -0.19684800 -0.00000093 0.00000046 -0.34818200 0.00000000 0.00000000
36 -1.33293075 -14.90588395 -0.27077885 1.97586300 1.15991000 1.84280400
37 6.21447800 0.00000100 0.00000000 -0.76534164 0.63921893 -1.72688029
38 11.94487700 0.00000200 -0.00019800 0.23751995 -0.29020604 -1.36822772
39 10.62016300 0.00000000 -0.00000300 -2.16103100 -0.68701088 0.60935584
40 1.87485700 0.93507800 -0.99912700 2.51444500 0.40613500 1.28819000
41 1.45054354 -0.06018985 0.09121700 0.08130900 0.15607800 0.58651000
42 1.59927900 0.00000000 0.00000000 0.08169400 -0.01721100 1.03306000
43 4.52675100 0.69046200 1.12084300 -0.24391700 0.03988200 1.38722300
44 1.74404900 -0.00000100 -0.00000100 -0.02648500 -0.01316600 1.52193900
45 1.36875900 0.00000000 0.00000000 -0.24626800 0.17807500 0.18497200
46 3.99234600 0.89108500 1.82799600 -0.40198400 0.02856300 1.17767600
47 1.40591000 0.00000000 0.00000000 -0.01760800 -0.02363100 1.51566300
48 1.17535400 -0.00013000 0.00000000 0.03782400 0.11729500 0.26809600
49 4.82051300 0.50934200 0.22486500 -0.16257900 -0.11067600 1.17926300
50 1.82698100 -0.00000100 0.00000200 0.00718400 0.03980800 1.45252300
51 1.43656900 0.00000000 0.00000000 0.00808100 -0.01279400 0.27447100
52 4.75115400 0.69437000 -0.83047500 -0.03044400 -0.23121800 0.81546000
53 1.68805700 -0.00000100 0.00000000 0.00334900 -0.02449500 1.30398700
54 1.33614300 0.00000000 0.00000000 -0.01548800 -0.03545000 0.78358400
55 5.51180600 0.00000000 -0.00000200 -0.66744800 0.00000000 0.00000000
56 0.19685000 0.00000000 0.00000000 -0.34818200 0.00000000 0.00000000
time 4
0 -3.33884800 3.35843400 -2.47946200 0.00000000 0.00000000 -3.14156200
1 -6.52306170 25.10999252 -2.76455399 0.29121704 0.02675057 -0.81495398
2 3.85323700 0.12671100 -0.78579800 0.00000000 0.00000000 0.00000000
3 11.03187522 0.36355894 -4.04640824 0.24012900 0.91539100 1.52999000
4 -3.32562400 0.00371900 -2.40215400 0.00000000 0.00000000 0.00000000
5 -4.06109000 -0.00336600 -0.78740900 0.00000000 0.00000000 0.00000000
6 -0.00019500 0.00000000 0.39773100 0.00000000 0.00000000 0.00000000
7 -0.77869800 -2.43237500 -4.37718000 2.92105200 -0.04972300 -1.86575000
8 -1.09806239 0.21645500 0.18745800 0.00000000 0.00000000 0.00000000
9 0.00000000 0.00000000 0.00000000 0.00000000 0.00000000 -1.57079600
10 -0.00000100 7.45008900 -27.50902600 0.00000000 0.00000000 0.00003100
11 0.00000000 0.00000000 0.00000000 1.57078000 -1.56713700 -1.57078300
12 4.25546300 -0.33518200 0.00000000 0.00000000 0.00000000 -0.12484800
13 7.43124600 1.49647800 0.00000000 0.00000000 0.00000000 0.24545000
14 5.27847200 0.16554000 0.00000000 0.00000000 0.00000000 0.04851100
15 0.95845354 -10.46936879 6.97853225 1.97586600 1.15991000 -1.29878700
16 -6.21447400 0.00000000 0.00000000 0.04497660 0.31196603 -1.70956774
17 -11.94486570 0.00004200 0.00021600 0.14783734 -0.19744021 -1.43987628
18 -10.62016278 0.00006661 -0.00008254 -2.29400365 -0.22577781 0.61363740
19 -1.87479600 -0.93512200 0.99917600 1.72571800 0.67187600 0.85227800
20 -1.52344500 0.00000000 0.00000000 0.08099400 0.15396900 0.58815600
21 -1.59928300 0.00000000 0.00000000 0.01453800 -0.04039900 1.20561000
22 -4.52675100 -0.69057700 -1.12074100 -0.39343300 0.26032300 1.74034800
23 -1.74403400 0.00000000 0.00000000 -0.01415000 -0.02594600 0.91082300
24 -1.36876700 0.00000000 0.00000000 0.03508000 0.03899700 0.62765500
25 -3.99235200 -0.89119000 -1.82790800 -0.37607300 0.39711200 1.63661600
26 -1.40591000 0.00000200 0.00000100 0.01264700 -0.02662600 0.43060100
27 -1.17535800 0.00013400 0.00000000 0.05560900 0.03892800 0.86426700
28 -4.82049600 -0.50946200 -0.22475700 -0.35400300 0.08871400 1.49727800
29 -1.82698400 0.00000200 0.00000100 -0.00856400 0.03953200 1.05965000
30 -1.43656500 -0.00000200 -0.00000100 -0.05524000 -0.05469200 0.69918900
31 -4.75110400 -0.69450200 0.83058000 -0.16764200 0.00941500 0.33166900
32 -1.68806800 0.00000100 0.00000000 0.02182400 -0.01169900 0.36044800
33 -1.33614000 0.00000200 0.00000000 0.02564400 0.00608700 0.32044900
34 -5.58311939 0.11576246 -0.29503893 -0.90460900 0.06400000 0.02996900
35 -0.19684800 -0.00000093 0.00000046 -0.34818200 0.00000000 0.00000000
36 -1.33293075 -14.90588395 -0.27077885 1.97586300 1.15991000 1.84280400
37 6.21447800 0.00000100 0.00000000 -0.76701407 0.63754846 -1.72840554
38 11.94487700 0.00000200 -0.00019800 0.23664146 -0.29123127 -1.36430564
39 10.62016300 0.00000000 -0.00000300 -2.17038145 -0.69143421 0.60985042
40 1.87485700 0.93507800 -0.99912700 2.51444500 0.40613500 1.28819000
41 1.45054354 -0.06018985 0.09121700 0.08130900 0.15607800 0.58651000
42 1.59927900 0.00000000 0.00000000 0.08169400 -0.01721100 1.03306000
43 4.52675100 0.69046200 1.12084300 -0.24391700 0.03988200 1.38722300
44 1.74404900 -0.00000100 -0.00000100 -0.02648500 -0.01316600 1.52193900
45 1.36875900 0.00000000 0.00000000 -0.24626800 0.17807500 0.18497200
46 3.99234600 0.89108500 1.82799600 -0.40198400 0.02856300 1.17767600
47 1.40591000 0.00000000 0.00000000 -0.01760800 -0.02363100 1.51566300
48 1.17535400 -0.00013000 0.00000000 0.03782400 0.11729500 0.26809600
49 4.82051300 0.50934200 0.22486500 -0.16257900 -0.11067600 1.17926300
50 1.82698100 -0.00000100 0.00000200 0.00718400 0.03980800 1.45252300
51 1.43656900 0.00000000 0.00000000 0.00808100 -0.01279400 0.27447100
52 4.75115400 0.69437000 -0.83047500 -0.03044400 -0.23121800 0.81546000
53 1.68805700 -0.00000100 0.00000000 0.00334900 -0.02449500 1.30398700
54 1.33614300 0.00000000 0.00000000 -0.01548800 -0.03545000 0.78358400
55 5.51180600 0.00000000 -0.00000200 -0.66744800 0.00000000 0.00000000
56 0.19685000 0.00000000 0.00000000 -0.34818200 0.00000000 0.00000000
time 5
0 -3.33884800 3.35843400 -2.47946200 0.00000000 0.00000000 -3.14156200
1 -6.58555256 25.11096085 -2.73877582 0.30143918 0.02521339 -0.81253847
2 3.85323700 0.12671100 -0.78579800 0.00000000 0.00000000 0.00000000
3 11.03187522 0.36355894 -4.04640824 0.24012900 0.91539100 1.52999000
4 -3.32562400 0.00371900 -2.40215400 0.00000000 0.00000000 0.00000000
5 -4.06109000 -0.00336600 -0.78740900 0.00000000 0.00000000 0.00000000
6 -0.00019500 0.00000000 0.39773100 0.00000000 0.00000000 0.00000000
7 -0.77869800 -2.43237500 -4.37718000 2.92105200 -0.04972300 -1.86575000
8 -1.09806239 0.21645500 0.18745800 0.00000000 0.00000000 0.00000000
9 0.00000000 0.00000000 0.00000000 0.00000000 0.00000000 -1.57079600
10 -0.00000100 7.45008900 -27.50902600 0.00000000 0.00000000 0.00003100
11 0.00000000 0.00000000 0.00000000 1.57078000 -1.56713700 -1.57078300
12 4.25546300 -0.33518200 0.00000000 0.00000000 0.00000000 -0.12484800
13 7.43124600 1.49647800 0.00000000 0.00000000 0.00000000 0.24545000
14 5.27847200 0.16554000 0.00000000 0.00000000 0.00000000 0.04851100
15 0.95845354 -10.46936879 6.97853225 1.97586600 1.15991000 -1.29878700
16 -6.21447400 0.00000000 0.00000000 0.04095993 0.31091930 -1.71335616
17 -11.94486570 0.00004200 0.00021600 0.14640693 -0.19921764 -1.43393883
18 -10.62016278 0.00006661 -0.00008254 -2.28108435 -0.22183161 0.60436430
19 -1.87479600 -0.93512200 0.99917600 1.72571800 0.67187600 0.85227800
20 -1.52344500 0.00000000 0.00000000 0.08099400 0.15396900 0.58815600
21 -1.59928300 0.00000000 0.00000000 0.01453800 -0.04039900 1.20561000
22 -4.52675100 -0.69057700 -1.12074100 -0.39343300 0.26032300 1.74034800
23 -1.74403400 0.00000000 0.00000000 -0.01415000 -0.02594600 0.91082300
24 -1.36876700 0.00000000 0.00000000 0.03508000 0.03899700 0.62765500
25 -3.99235200 -0.89119000 -1.82790800 -0.37607300 0.39711200 1.63661600
26 -1.40591000 0.00000200 0.00000100 0.01264700 -0.02662600 0.43060100
27 -1.17535800 0.00013400 0.00000000 0.05560900 0.03892800 0.86426700
28 -4.82049600 -0.50946200 -0.22475700 -0.35400300 0.08871400 1.49727800
29 -1.82698400 0.00000200 0.00000100 -0.00856400 0.03953200 1.05965000
30 -1.43656500 -0.00000200 -0.00000100 -0.05524000 -0.05469200 0.69918900
31 -4.75110400 -0.69450200 0.83058000 -0.16764200 0.00941500 0.33166900
32 -1.68806800 0.00000100 0.00000000 0.02182400 -0.01169900 0.36044800
33 -1.33614000 0.00000200 0.00000000 0.02564400 0.00608700 0.32044900
34 -5.58311939 0.11576246 -0.29503893 -0.90460900 0.06400000 0.02996900
35 -0.19684800 -0.00000093 0.00000046 -0.34818200 0.00000000 0.00000000
36 -1.33293075 -14.90588395 -0.27077885 1.97586300 1.15991000 1.84280400
37 6.21447800 0.00000100 0.00000000 -0.76908345 0.63578017 -1.72966330
38 11.94487700 0.00000200 -0.00019800 0.23571470 -0.29211766 -1.36042539
39 10.62016300 0.00000000 -0.00000300 -2.17964509 -0.69572461 0.61037773
40 1.87485700 0.93507800 -0.99912700 2.51444500 0.40613500 1.28819000
41 1.45054354 -0.06018985 0.09121700 0.08130900 0.15607800 0.58651000
42 1.59927900 0.00000000 0.00000000 0.08169400 -0.01721100 1.03306000
43 4.52675100 0.69046200 1.12084300 -0.24391700 0.03988200 1.38722300
44 1.74404900 -0.00000100 -0.00000100 -0.02648500 -0.01316600 1.52193900
45 1.36875900 0.00000000 0.00000000 -0.24626800 0.17807500 0.18497200
46 3.99234600 0.89108500 1.82799600 -0.40198400 0.02856300 1.17767600
47 1.40591000 0.00000000 0.00000000 -0.01760800 -0.02363100 1.51566300
48 1.17535400 -0.00013000 0.00000000 0.03782400 0.11729500 0.26809600
49 4.82051300 0.50934200 0.22486500 -0.16257900 -0.11067600 1.17926300
50 1.82698100 -0.00000100 0.00000200 0.00718400 0.03980800 1.45252300
51 1.43656900 0.00000000 0.00000000 0.00808100 -0.01279400 0.27447100
52 4.75115400 0.69437000 -0.83047500 -0.03044400 -0.23121800 0.81546000
53 1.68805700 -0.00000100 0.00000000 0.00334900 -0.02449500 1.30398700
54 1.33614300 0.00000000 0.00000000 -0.01548800 -0.03545000 0.78358400
55 5.51180600 0.00000000 -0.00000200 -0.66744800 0.00000000 0.00000000
56 0.19685000 0.00000000 0.00000000 -0.34818200 0.00000000 0.00000000
time 6
0 -3.33884800 3.35843400 -2.47946200 0.00000000 0.00000000 -3.14156200
1 -6.65013293 25.11209196 -2.71613855 0.31388752 0.02336892 -0.81048607
2 3.85323700 0.12671100 -0.78579800 0.00000000 0.00000000 0.00000000
3 11.03187522 0.36355894 -4.04640824 0.24012900 0.91539100 1.52999000
4 -3.32562400 0.00371900 -2.40215400 0.00000000 0.00000000 0.00000000
5 -4.06109000 -0.00336600 -0.78740900 0.00000000 0.00000000 0.00000000
6 -0.00019500 0.00000000 0.39773100 0.00000000 0.00000000 0.00000000
7 -0.77869800 -2.43237500 -4.37718000 2.92105200 -0.04972300 -1.86575000
8 -1.09806239 0.21645500 0.18745800 0.00000000 0.00000000 0.00000000
9 0.00000000 0.00000000 0.00000000 0.00000000 0.00000000 -1.57079600
10 -0.00000100 7.45008900 -27.50902600 0.00000000 0.00000000 0.00003100
11 0.00000000 0.00000000 0.00000000 1.57078000 -1.56713700 -1.57078300
12 4.25546300 -0.33518200 0.00000000 0.00000000 0.00000000 -0.12484800
13 7.43124600 1.49647800 0.00000000 0.00000000 0.00000000 0.24545000
14 5.27847200 0.16554000 0.00000000 0.00000000 0.00000000 0.04851100
15 0.95845354 -10.46936879 6.97853225 1.97586600 1.15991000 -1.29878700
16 -6.21447400 0.00000000 0.00000000 0.03689210 0.31012986 -1.71717766
17 -11.94486570 0.00004200 0.00021600 0.14501771 -0.20175101 -1.42775618
18 -10.62016278 0.00006661 -0.00008254 -2.26543305 -0.21742719 0.59420764
19 -1.87479600 -0.93512200 0.99917600 1.72571800 0.67187600 0.85227800
20 -1.52344500 0.00000000 0.00000000 0.08099400 0.15396900 0.58815600
21 -1.59928300 0.00000000 0.00000000 0.01453800 -0.04039900 1.20561000
22 -4.52675100 -0.69057700 -1.12074100 -0.39343300 0.26032300 1.74034800
23 -1.74403400 0.00000000 0.00000000 -0.01415000 -0.02594600 0.91082300
24 -1.36876700 0.00000000 0.00000000 0.03508000 0.03899700 0.62765500
25 -3.99235200 -0.89119000 -1.82790800 -0.37607300 0.39711200 1.63661600
26 -1.40591000 0.00000200 0.00000100 0.01264700 -0.02662600 0.43060100
27 -1.17535800 0.00013400 0.00000000 0.05560900 0.03892800 0.86426700
28 -4.82049600 -0.50946200 -0.22475700 -0.35400300 0.08871400 1.49727800
29 -1.82698400 0.00000200 0.00000100 -0.00856400 0.03953200 1.05965000
30 -1.43656500 -0.00000200 -0.00000100 -0.05524000 -0.05469200 0.69918900
31 -4.75110400 -0.69450200 0.83058000 -0.16764200 0.00941500 0.33166900
32 -1.68806800 0.00000100 0.00000000 0.02182400 -0.01169900 0.36044800
33 -1.33614000 0.00000200 0.00000000 0.02564400 0.00608700 0.32044900
34 -5.58311939 0.11576246 -0.29503893 -0.90460900 0.06400000 0.02996900
35 -0.19684800 -0.00000093 0.00000046 -0.34818200 0.00000000 0.00000000
36 -1.33293075 -14.90588395 -0.27077885 1.97586300 1.15991000 1.84280400
37 6.21447800 0.00000100 0.00000000 -0.77034376 0.63374603 -1.73092924
38 11.94487700 0.00000200 -0.00019800 0.23454009 -0.29294982 -1.35551044
39 10.62016300 0.00000000 -0.00000300 -2.19247167 -0.70129422 0.61167867
40 1.87485700 0.93507800 -0.99912700 2.51444500 0.40613500 1.28819000
41 1.45054354 -0.06018985 0.09121700 0.08130900 0.15607800 0.58651000
42 1.59927900 0.00000000 0.00000000 0.08169400 -0.01721100 1.03306000
43 4.52675100 0.69046200 1.12084300 -0.24391700 0.03988200 1.38722300
44 1.74404900 -0.00000100 -0.00000100 -0.02648500 -0.01316600 1.52193900
45 1.36875900 0.00000000 0.00000000 -0.24626800 0.17807500 0.18497200
46 3.99234600 0.89108500 1.82799600 -0.40198400 0.02856300 1.17767600
47 1.40591000 0.00000000 0.00000000 -0.01760800 -0.02363100 1.51566300
48 1.17535400 -0.00013000 0.00000000 0.03782400 0.11729500 0.26809600
49 4.82051300 0.50934200 0.22486500 -0.16257900 -0.11067600 1.17926300
50 1.82698100 -0.00000100 0.00000200 0.00718400 0.03980800 1.45252300
51 1.43656900 0.00000000 0.00000000 0.00808100 -0.01279400 0.27447100
52 4.75115400 0.69437000 -0.83047500 -0.03044400 -0.23121800 0.81546000
53 1.68805700 -0.00000100 0.00000000 0.00334900 -0.02449500 1.30398700
54 1.33614300 0.00000000 0.00000000 -0.01548800 -0.03545000 0.78358400
55 5.51180600 0.00000000 -0.00000200 -0.66744800 0.00000000 0.00000000
56 0.19685000 0.00000000 0.00000000 -0.34818200 0.00000000 0.00000000
time 7
0 -3.33884800 3.35843400 -2.47946200 0.00000000 0.00000000 -3.14156200
1 -6.72390817 25.11337734 -2.69515990 0.32362256 0.02192892 -0.80777441
2 3.85323700 0.12671100 -0.78579800 0.00000000 0.00000000 0.00000000
3 11.03187522 0.36355894 -4.04640824 0.24012900 0.91539100 1.52999000
4 -3.32562400 0.00371900 -2.40215400 0.00000000 0.00000000 0.00000000
5 -4.06109000 -0.00336600 -0.78740900 0.00000000 0.00000000 0.00000000
6 -0.00019500 0.00000000 0.39773100 0.00000000 0.00000000 0.00000000
7 -0.77869800 -2.43237500 -4.37718000 2.92105200 -0.04972300 -1.86575000
8 -1.09806239 0.21645500 0.18745800 0.00000000 0.00000000 0.00000000
9 0.00000000 0.00000000 0.00000000 0.00000000 0.00000000 -1.57079600
10 -0.00000100 7.45008900 -27.50902600 0.00000000 0.00000000 0.00003100
11 0.00000000 0.00000000 0.00000000 1.57078000 -1.56713700 -1.57078300
12 4.25546300 -0.33518200 0.00000000 0.00000000 0.00000000 -0.12484800
13 7.43124600 1.49647800 0.00000000 0.00000000 0.00000000 0.24545000
14 5.27847200 0.16554000 0.00000000 0.00000000 0.00000000 0.04851100
15 0.95845354 -10.46936879 6.97853225 1.97586600 1.15991000 -1.29878700
16 -6.21447400 0.00000000 0.00000000 0.03407237 0.30957433 -1.72198226
17 -11.94486570 0.00004200 0.00021600 0.14353881 -0.20485490 -1.42067593
18 -10.62016278 0.00006661 -0.00008254 -2.25309713 -0.21358523 0.58462455
19 -1.87479600 -0.93512200 0.99917600 1.72571800 0.67187600 0.85227800
20 -1.52344500 0.00000000 0.00000000 0.08099400 0.15396900 0.58815600
21 -1.59928300 0.00000000 0.00000000 0.01453800 -0.04039900 1.20561000
22 -4.52675100 -0.69057700 -1.12074100 -0.39343300 0.26032300 1.74034800
23 -1.74403400 0.00000000 0.00000000 -0.01415000 -0.02594600 0.91082300
24 -1.36876700 0.00000000 0.00000000 0.03508000 0.03899700 0.62765500
25 -3.99235200 -0.89119000 -1.82790800 -0.37607300 0.39711200 1.63661600
26 -1.40591000 0.00000200 0.00000100 0.01264700 -0.02662600 0.43060100
27 -1.17535800 0.00013400 0.00000000 0.05560900 0.03892800 0.86426700
28 -4.82049600 -0.50946200 -0.22475700 -0.35400300 0.08871400 1.49727800
29 -1.82698400 0.00000200 0.00000100 -0.00856400 0.03953200 1.05965000
30 -1.43656500 -0.00000200 -0.00000100 -0.05524000 -0.05469200 0.69918900
31 -4.75110400 -0.69450200 0.83058000 -0.16764200 0.00941500 0.33166900
32 -1.68806800 0.00000100 0.00000000 0.02182400 -0.01169900 0.36044800
33 -1.33614000 0.00000200 0.00000000 0.02564400 0.00608700 0.32044900
34 -5.58311939 0.11576246 -0.29503893 -0.90460900 0.06400000 0.02996900
35 -0.19684800 -0.00000093 0.00000046 -0.34818200 0.00000000 0.00000000
36 -1.33293075 -14.90588395 -0.27077885 1.97586300 1.15991000 1.84280400
37 6.21447800 0.00000100 0.00000000 -0.77244318 0.63203886 -1.73111028
38 11.94487700 0.00000200 -0.00019800 0.23375775 -0.29343787 -1.35203422
39 10.62016300 0.00000000 -0.00000300 -2.20147444 -0.70509591 0.61212889
40 1.87485700 0.93507800 -0.99912700 2.51444500 0.40613500 1.28819000
41 1.45054354 -0.06018985 0.09121700 0.08130900 0.15607800 0.58651000
42 1.59927900 0.00000000 0.00000000 0.08169400 -0.01721100 1.03306000
43 4.52675100 0.69046200 1.12084300 -0.24391700 0.03988200 1.38722300
44 1.74404900 -0.00000100 -0.00000100 -0.02648500 -0.01316600 1.52193900
45 1.36875900 0.00000000 0.00000000 -0.24626800 0.17807500 0.18497200
46 3.99234600 0.89108500 1.82799600 -0.40198400 0.02856300 1.17767600
47 1.40591000 0.00000000 0.00000000 -0.01760800 -0.02363100 1.51566300
48 1.17535400 -0.00013000 0.00000000 0.03782400 0.11729500 0.26809600
49 4.82051300 0.50934200 0.22486500 -0.16257900 -0.11067600 1.17926300
50 1.82698100 -0.00000100 0.00000200 0.00718400 0.03980800 1.45252300
51 1.43656900 0.00000000 0.00000000 0.00808100 -0.01279400 0.27447100
52 4.75115400 0.69437000 -0.83047500 -0.03044400 -0.23121800 0.81546000
53 1.68805700 -0.00000100 0.00000000 0.00334900 -0.02449500 1.30398700
54 1.33614300 0.00000000 0.00000000 -0.01548800 -0.03545000 0.78358400
55 5.51180600 0.00000000 -0.00000200 -0.66744800 0.00000000 0.00000000
56 0.19685000 0.00000000 0.00000000 -0.34818200 0.00000000 0.00000000
time 8
0 -3.33884800 3.35843400 -2.47946200 0.00000000 0.00000000 -3.14156200
1 -6.81282229 25.11480075 -2.67328172 0.32415585 0.02195065 -0.80361854
2 3.85323700 0.12671100 -0.78579800 0.00000000 0.00000000 0.00000000
3 11.03187522 0.36355894 -4.04640824 0.24012900 0.91539100 1.52999000
4 -3.32562400 0.00371900 -2.40215400 0.00000000 0.00000000 0.00000000
5 -4.06109000 -0.00336600 -0.78740900 0.00000000 0.00000000 0.00000000
6 -0.00019500 0.00000000 0.39773100 0.00000000 0.00000000 0.00000000
7 -0.77869800 -2.43237500 -4.37718000 2.92105200 -0.04972300 -1.86575000
8 -1.09806239 0.21645500 0.18745800 0.00000000 0.00000000 0.00000000
9 0.00000000 0.00000000 0.00000000 0.00000000 0.00000000 -1.57079600
10 -0.00000100 7.45008900 -27.50902600 0.00000000 0.00000000 0.00003100
11 0.00000000 0.00000000 0.00000000 1.57078000 -1.56713700 -1.57078300
12 4.25546300 -0.33518200 0.00000000 0.00000000 0.00000000 -0.12484800
13 7.43124600 1.49647800 0.00000000 0.00000000 0.00000000 0.24545000
14 5.27847200 0.16554000 0.00000000 0.00000000 0.00000000 0.04851100
15 0.95845354 -10.46936879 6.97853225 1.97586600 1.15991000 -1.29878700
16 -6.21447400 0.00000000 0.00000000 0.03380034 0.30923373 -1.72857257
17 -11.94486570 0.00004200 0.00021600 0.14167246 -0.20789378 -1.41222478
18 -10.62016278 0.00006661 -0.00008254 -2.25206780 -0.21196024 0.57811513
19 -1.87479600 -0.93512200 0.99917600 1.72571800 0.67187600 0.85227800
20 -1.52344500 0.00000000 0.00000000 0.08099400 0.15396900 0.58815600
21 -1.59928300 0.00000000 0.00000000 0.01453800 -0.04039900 1.20561000
22 -4.52675100 -0.69057700 -1.12074100 -0.39343300 0.26032300 1.74034800
23 -1.74403400 0.00000000 0.00000000 -0.01415000 -0.02594600 0.91082300
24 -1.36876700 0.00000000 0.00000000 0.03508000 0.03899700 0.62765500
25 -3.99235200 -0.89119000 -1.82790800 -0.37607300 0.39711200 1.63661600
26 -1.40591000 0.00000200 0.00000100 0.01264700 -0.02662600 0.43060100
27 -1.17535800 0.00013400 0.00000000 0.05560900 0.03892800 0.86426700
28 -4.82049600 -0.50946200 -0.22475700 -0.35400300 0.08871400 1.49727800
29 -1.82698400 0.00000200 0.00000100 -0.00856400 0.03953200 1.05965000
30 -1.43656500 -0.00000200 -0.00000100 -0.05524000 -0.05469200 0.69918900
31 -4.75110400 -0.69450200 0.83058000 -0.16764200 0.00941500 0.33166900
32 -1.68806800 0.00000100 0.00000000 0.02182400 -0.01169900 0.36044800
33 -1.33614000 0.00000200 0.00000000 0.02564400 0.00608700 0.32044900
34 -5.58311939 0.11576246 -0.29503893 -0.90460900 0.06400000 0.02996900
35 -0.19684800 -0.00000093 0.00000046 -0.34818200 0.00000000 0.00000000
36 -1.33293075 -14.90588395 -0.27077885 1.97586300 1.15991000 1.84280400
37 6.21447800 0.00000100 0.00000000 -0.77729638 0.63155015 -1.72879187
38 11.94487700 0.00000200 -0.00019800 0.23412241 -0.29332213 -1.35327093
39 10.62016300 0.00000000 -0.00000300 -2.19680949 -0.70361928 0.60947533
40 1.87485700 0.93507800 -0.99912700 2.51444500 0.40613500 1.28819000
41 1.45054354 -0.06018985 0.09121700 0.08130900 0.15607800 0.58651000
42 1.59927900 0.00000000 0.00000000 0.08169400 -0.01721100 1.03306000
43 4.52675100 0.69046200 1.12084300 -0.24391700 0.03988200 1.38722300
44 1.74404900 -0.00000100 -0.00000100 -0.02648500 -0.01316600 1.52193900
45 1.36875900 0.00000000 0.00000000 -0.24626800 0.17807500 0.18497200
46 3.99234600 0.89108500 1.82799600 -0.40198400 0.02856300 1.17767600
47 1.40591000 0.00000000 0.00000000 -0.01760800 -0.02363100 1.51566300
48 1.17535400 -0.00013000 0.00000000 0.03782400 0.11729500 0.26809600
49 4.82051300 0.50934200 0.22486500 -0.16257900 -0.11067600 1.17926300
50 1.82698100 -0.00000100 0.00000200 0.00718400 0.03980800 1.45252300
51 1.43656900 0.00000000 0.00000000 0.00808100 -0.01279400 0.27447100
52 4.75115400 0.69437000 -0.83047500 -0.03044400 -0.23121800 0.81546000
53 1.68805700 -0.00000100 0.00000000 0.00334900 -0.02449500 1.30398700
54 1.33614300 0.00000000 0.00000000 -0.01548800 -0.03545000 0.78358400
55 5.51180600 0.00000000 -0.00000200 -0.66744800 0.00000000 0.00000000
56 0.19685000 0.00000000 0.00000000 -0.34818200 0.00000000 0.00000000
time 9
0 -3.33884800 3.35843400 -2.47946200 0.00000000 0.00000000 -3.14156200
1 -6.90340405 25.11633411 -2.65773119 0.32632326 0.02184556 -0.79940112
2 3.85323700 0.12671100 -0.78579800 0.00000000 0.00000000 0.00000000
3 11.03187522 0.36355894 -4.04640824 0.24012900 0.91539100 1.52999000
4 -3.32562400 0.00371900 -2.40215400 0.00000000 0.00000000 0.00000000
5 -4.06109000 -0.00336600 -0.78740900 0.00000000 0.00000000 0.00000000
6 -0.00019500 0.00000000 0.39773100 0.00000000 0.00000000 0.00000000
7 -0.77869800 -2.43237500 -4.37718000 2.92105200 -0.04972300 -1.86575000
8 -1.09806239 0.21645500 0.18745800 0.00000000 0.00000000 0.00000000
9 0.00000000 0.00000000 0.00000000 0.00000000 0.00000000 -1.57079600
10 -0.00000100 7.45008900 -27.50902600 0.00000000 0.00000000 0.00003100
11 0.00000000 0.00000000 0.00000000 1.57078000 -1.56713700 -1.57078300
12 4.25546300 -0.33518200 0.00000000 0.00000000 0.00000000 -0.12484800
13 7.43124600 1.49647800 0.00000000 0.00000000 0.00000000 0.24545000
14 5.27847200 0.16554000 0.00000000 0.00000000 0.00000000 0.04851100
15 0.95845354 -10.46936879 6.97853225 1.97586600 1.15991000 -1.29878700
16 -6.21447400 0.00000000 0.00000000 0.03380451 0.30891845 -1.73516132
17 -11.94486570 0.00004200 0.00021600 0.13945246 -0.21090403 -1.40265622
18 -10.62016278 0.00006661 -0.00008254 -2.24938520 -0.21056778 0.57047923
19 -1.87479600 -0.93512200 0.99917600 1.72571800 0.67187600 0.85227800
20 -1.52344500 0.00000000 0.00000000 0.08099400 0.15396900 0.58815600
21 -1.59928300 0.00000000 0.00000000 0.01453800 -0.04039900 1.20561000
22 -4.52675100 -0.69057700 -1.12074100 -0.39343300 0.26032300 1.74034800
23 -1.74403400 0.00000000 0.00000000 -0.01415000 -0.02594600 0.91082300
24 -1.36876700 0.00000000 0.00000000 0.03508000 0.03899700 0.62765500
25 -3.99235200 -0.89119000 -1.82790800 -0.37607300 0.39711200 1.63661600
26 -1.40591000 0.00000200 0.00000100 0.01264700 -0.02662600 0.43060100
27 -1.17535800 0.00013400 0.00000000 0.05560900 0.03892800 0.86426700
28 -4.82049600 -0.50946200 -0.22475700 -0.35400300 0.08871400 1.49727800
29 -1.82698400 0.00000200 0.00000100 -0.00856400 0.03953200 1.05965000
30 -1.43656500 -0.00000200 -0.00000100 -0.05524000 -0.05469200 0.69918900
31 -4.75110400 -0.69450200 0.83058000 -0.16764200 0.00941500 0.33166900
32 -1.68806800 0.00000100 0.00000000 0.02182400 -0.01169900 0.36044800
33 -1.33614000 0.00000200 0.00000000 0.02564400 0.00608700 0.32044900
34 -5.58311939 0.11576246 -0.29503893 -0.90460900 0.06400000 0.02996900
35 -0.19684800 -0.00000093 0.00000046 -0.34818200 0.00000000 0.00000000
36 -1.33293075 -14.90588395 -0.27077885 1.97586300 1.15991000 1.84280400
37 6.21447800 0.00000100 0.00000000 -0.78131901 0.63103810 -1.72627306
38 11.94487700 0.00000200 -0.00019800 0.23428400 -0.29310644 -1.35364988
39 10.62016300 0.00000000 -0.00000300 -2.19498421 -0.70324935 0.60715708
40 1.87485700 0.93507800 -0.99912700 2.51444500 0.40613500 1.28819000
41 1.45054354 -0.06018985 0.09121700 0.08130900 0.15607800 0.58651000
42 1.59927900 0.00000000 0.00000000 0.08169400 -0.01721100 1.03306000
43 4.52675100 0.69046200 1.12084300 -0.24391700 0.03988200 1.38722300
44 1.74404900 -0.00000100 -0.00000100 -0.02648500 -0.01316600 1.52193900
45 1.36875900 0.00000000 0.00000000 -0.24626800 0.17807500 0.18497200
46 3.99234600 0.89108500 1.82799600 -0.40198400 0.02856300 1.17767600
47 1.40591000 0.00000000 0.00000000 -0.01760800 -0.02363100 1.51566300
48 1.17535400 -0.00013000 0.00000000 0.03782400 0.11729500 0.26809600
49 4.82051300 0.50934200 0.22486500 -0.16257900 -0.11067600 1.17926300
50 1.82698100 -0.00000100 0.00000200 0.00718400 0.03980800 1.45252300
51 1.43656900 0.00000000 0.00000000 0.00808100 -0.01279400 0.27447100
52 4.75115400 0.69437000 -0.83047500 -0.03044400 -0.23121800 0.81546000
53 1.68805700 -0.00000100 0.00000000 0.00334900 -0.02449500 1.30398700
54 1.33614300 0.00000000 0.00000000 -0.01548800 -0.03545000 0.78358400
55 5.51180600 0.00000000 -0.00000200 -0.66744800 0.00000000 0.00000000
56 0.19685000 0.00000000 0.00000000 -0.34818200 0.00000000 0.00000000
time 10
0 -3.33884800 3.35843400 -2.47946200 0.00000000 0.00000000 -3.14156200
1 -6.99452627 25.11797337 -2.64442547 0.32882813 0.02158680 -0.79523698
2 3.85323700 0.12671100 -0.78579800 0.00000000 0.00000000 0.00000000
3 11.03187522 0.36355894 -4.04640824 0.24012900 0.91539100 1.52999000
4 -3.32562400 0.00371900 -2.40215400 0.00000000 0.00000000 0.00000000
5 -4.06109000 -0.00336600 -0.78740900 0.00000000 0.00000000 0.00000000
6 -0.00019500 0.00000000 0.39773100 0.00000000 0.00000000 0.00000000
7 -0.77869800 -2.43237500 -4.37718000 2.92105200 -0.04972300 -1.86575000
8 -1.09806239 0.21645500 0.18745800 0.00000000 0.00000000 0.00000000
9 0.00000000 0.00000000 0.00000000 0.00000000 0.00000000 -1.57079600
10 -0.00000100 7.45008900 -27.50902600 0.00000000 0.00000000 0.00003100
11 0.00000000 0.00000000 0.00000000 1.57078000 -1.56713700 -1.57078300
12 4.25546300 -0.33518200 0.00000000 0.00000000 0.00000000 -0.12484800
13 7.43124600 1.49647800 0.00000000 0.00000000 0.00000000 0.24545000
14 5.27847200 0.16554000 0.00000000 0.00000000 0.00000000 0.04851100
15 0.95845354 -10.46936879 6.97853225 1.97586600 1.15991000 -1.29878700
16 -6.21447400 0.00000000 0.00000000 0.03389165 0.30878605 -1.74170233
17 -11.94486570 0.00004200 0.00021600 0.13742678 -0.21437453 -1.39360640
18 -10.62016278 0.00006661 -0.00008254 -2.24628677 -0.20897972 0.56263943
19 -1.87479600 -0.93512200 0.99917600 1.72571800 0.67187600 0.85227800
20 -1.52344500 0.00000000 0.00000000 0.08099400 0.15396900 0.58815600
21 -1.59928300 0.00000000 0.00000000 0.01453800 -0.04039900 1.20561000
22 -4.52675100 -0.69057700 -1.12074100 -0.39343300 0.26032300 1.74034800
23 -1.74403400 0.00000000 0.00000000 -0.01415000 -0.02594600 0.91082300
24 -1.36876700 0.00000000 0.00000000 0.03508000 0.03899700 0.62765500
25 -3.99235200 -0.89119000 -1.82790800 -0.37607300 0.39711200 1.63661600
26 -1.40591000 0.00000200 0.00000100 0.01264700 -0.02662600 0.43060100
27 -1.17535800 0.00013400 0.00000000 0.05560900 0.03892800 0.86426700
28 -4.82049600 -0.50946200 -0.22475700 -0.35400300 0.08871400 1.49727800
29 -1.82698400 0.00000200 0.00000100 -0.00856400 0.03953200 1.05965000
30 -1.43656500 -0.00000200 -0.00000100 -0.05524000 -0.05469200 0.69918900
31 -4.75110400 -0.69450200 0.83058000 -0.16764200 0.00941500 0.33166900
32 -1.68806800 0.00000100 0.00000000 0.02182400 -0.01169900 0.36044800
33 -1.33614000 0.00000200 0.00000000 0.02564400 0.00608700 0.32044900
34 -5.58311939 0.11576246 -0.29503893 -0.90460900 0.06400000 0.02996900
35 -0.19684800 -0.00000093 0.00000046 -0.34818200 0.00000000 0.00000000
36 -1.33293075 -14.90588395 -0.27077885 1.97586300 1.15991000 1.84280400
37 6.21447800 0.00000100 0.00000000 -0.78499023 0.63052257 -1.72365266
38 11.94487700 0.00000200 -0.00019800 0.23441427 -0.29288466 -1.35373806
39 10.62016300 0.00000000 -0.00000300 -2.19404583 -0.70321259 0.60521093
40 1.87485700 0.93507800 -0.99912700 2.51444500 0.40613500 1.28819000
41 1.45054354 -0.06018985 0.09121700 0.08130900 0.15607800 0.58651000
42 1.59927900 0.00000000 0.00000000 0.08169400 -0.01721100 1.03306000
43 4.52675100 0.69046200 1.12084300 -0.24391700 0.03988200 1.38722300
44 1.74404900 -0.00000100 -0.00000100 -0.02648500 -0.01316600 1.52193900
45 1.36875900 0.00000000 0.00000000 -0.24626800 0.17807500 0.18497200
46 3.99234600 0.89108500 1.82799600 -0.40198400 0.02856300 1.17767600
47 1.40591000 0.00000000 0.00000000 -0.01760800 -0.02363100 1.51566300
48 1.17535400 -0.00013000 0.00000000 0.03782400 0.11729500 0.26809600
49 4.82051300 0.50934200 0.22486500 -0.16257900 -0.11067600 1.17926300
50 1.82698100 -0.00000100 0.00000200 0.00718400 0.03980800 1.45252300
51 1.43656900 0.00000000 0.00000000 0.00808100 -0.01279400 0.27447100
52 4.75115400 0.69437000 -0.83047500 -0.03044400 -0.23121800 0.81546000
53 1.68805700 -0.00000100 0.00000000 0.00334900 -0.02449500 1.30398700
54 1.33614300 0.00000000 0.00000000 -0.01548800 -0.03545000 0.78358400
55 5.51180600 0.00000000 -0.00000200 -0.66744800 0.00000000 0.00000000
56 0.19685000 0.00000000 0.00000000 -0.34818200 0.00000000 0.00000000
time 11
0 -3.33884800 3.35843400 -2.47946200 0.00000000 0.00000000 -3.14156200
1 -7.10206140 25.11970183 -2.63601301 0.32845342 0.02204387 -0.79006924
2 3.85323700 0.12671100 -0.78579800 0.00000000 0.00000000 0.00000000
3 11.03187522 0.36355894 -4.04640824 0.24012900 0.91539100 1.52999000
4 -3.32562400 0.00371900 -2.40215400 0.00000000 0.00000000 0.00000000
5 -4.06109000 -0.00336600 -0.78740900 0.00000000 0.00000000 0.00000000
6 -0.00019500 0.00000000 0.39773100 0.00000000 0.00000000 0.00000000
7 -0.77869800 -2.43237500 -4.37718000 2.92105200 -0.04972300 -1.86575000
8 -1.09806239 0.21645500 0.18745800 0.00000000 0.00000000 0.00000000
9 0.00000000 0.00000000 0.00000000 0.00000000 0.00000000 -1.57079600
10 -0.00000100 7.45008900 -27.50902600 0.00000000 0.00000000 0.00003100
11 0.00000000 0.00000000 0.00000000 1.57078000 -1.56713700 -1.57078300
12 4.25546300 -0.33518200 0.00000000 0.00000000 0.00000000 -0.12484800
13 7.43124600 1.49647800 0.00000000 0.00000000 0.00000000 0.24545000
14 5.27847200 0.16554000 0.00000000 0.00000000 0.00000000 0.04851100
15 0.95845354 -10.46936879 6.97853225 1.97586600 1.15991000 -1.29878700
16 -6.21447400 0.00000000 0.00000000 0.03523997 0.30871214 -1.74946195
17 -11.94486570 0.00004200 0.00021600 0.13485862 -0.21773285 -1.38263116
18 -10.62016278 0.00006661 -0.00008254 -2.24720104 -0.20883194 0.55465871
19 -1.87479600 -0.93512200 0.99917600 1.72571800 0.67187600 0.85227800
20 -1.52344500 0.00000000 0.00000000 0.08099400 0.15396900 0.58815600
21 -1.59928300 0.00000000 0.00000000 0.01453800 -0.04039900 1.20561000
22 -4.52675100 -0.69057700 -1.12074100 -0.39343300 0.26032300 1.74034800
23 -1.74403400 0.00000000 0.00000000 -0.01415000 -0.02594600 0.91082300
24 -1.36876700 0.00000000 0.00000000 0.03508000 0.03899700 0.62765500
25 -3.99235200 -0.89119000 -1.82790800 -0.37607300 0.39711200 1.63661600
26 -1.40591000 0.00000200 0.00000100 0.01264700 -0.02662600 0.43060100
27 -1.17535800 0.00013400 0.00000000 0.05560900 0.03892800 0.86426700
28 -4.82049600 -0.50946200 -0.22475700 -0.35400300 0.08871400 1.49727800
29 -1.82698400 0.00000200 0.00000100 -0.00856400 0.03953200 1.05965000
30 -1.43656500 -0.00000200 -0.00000100 -0.05524000 -0.05469200 0.69918900
31 -4.75110400 -0.69450200 0.83058000 -0.16764200 0.00941500 0.33166900
32 -1.68806800 0.00000100 0.00000000 0.02182400 -0.01169900 0.36044800
33 -1.33614000 0.00000200 0.00000000 0.02564400 0.00608700 0.32044900
34 -5.58311939 0.11576246 -0.29503893 -0.90460900 0.06400000 0.02996900
35 -0.19684800 -0.00000093 0.00000046 -0.34818200 0.00000000 0.00000000
36 -1.33293075 -14.90588395 -0.27077885 1.97586300 1.15991000 1.84280400
37 6.21447800 0.00000100 0.00000000 -0.79019496 0.63064512 -1.71971504
38 11.94487700 0.00000200 -0.00019800 0.23490199 -0.29222704 -1.35538301
39 10.62016300 0.00000000 -0.00000300 -2.18820494 -0.70147736 0.60135988
40 1.87485700 0.93507800 -0.99912700 2.51444500 0.40613500 1.28819000
41 1.45054354 -0.06018985 0.09121700 0.08130900 0.15607800 0.58651000
42 1.59927900 0.00000000 0.00000000 0.08169400 -0.01721100 1.03306000
43 4.52675100 0.69046200 1.12084300 -0.24391700 0.03988200 1.38722300
44 1.74404900 -0.00000100 -0.00000100 -0.02648500 -0.01316600 1.52193900
45 1.36875900 0.00000000 0.00000000 -0.24626800 0.17807500 0.18497200
46 3.99234600 0.89108500 1.82799600 -0.40198400 0.02856300 1.17767600
47 1.40591000 0.00000000 0.00000000 -0.01760800 -0.02363100 1.51566300
48 1.17535400 -0.00013000 0.00000000 0.03782400 0.11729500 0.26809600
49 4.82051300 0.50934200 0.22486500 -0.16257900 -0.11067600 1.17926300
50 1.82698100 -0.00000100 0.00000200 0.00718400 0.03980800 1.45252300
51 1.43656900 0.00000000 0.00000000 0.00808100 -0.01279400 0.27447100
52 4.75115400 0.69437000 -0.83047500 -0.03044400 -0.23121800 0.81546000
53 1.68805700 -0.00000100 0.00000000 0.00334900 -0.02449500 1.30398700
54 1.33614300 0.00000000 0.00000000 -0.01548800 -0.03545000 0.78358400
55 5.51180600 0.00000000 -0.00000200 -0.66744800 0.00000000 0.00000000
56 0.19685000 0.00000000 0.00000000 -0.34818200 0.00000000 0.00000000
time 12
0 -3.33884800 3.35843400 -2.47946200 0.00000000 0.00000000 -3.14156200
1 -7.21285216 25.12148872 -2.63368195 0.32771322 0.02164705 -0.78478476
2 3.85323700 0.12671100 -0.78579800 0.00000000 0.00000000 0.00000000
3 11.03187522 0.36355894 -4.04640824 0.24012900 0.91539100 1.52999000
4 -3.32562400 0.00371900 -2.40215400 0.00000000 0.00000000 0.00000000
5 -4.06109000 -0.00336600 -0.78740900 0.00000000 0.00000000 0.00000000
6 -0.00019500 0.00000000 0.39773100 0.00000000 0.00000000 0.00000000
7 -0.77869800 -2.43237500 -4.37718000 2.92105200 -0.04972300 -1.86575000
8 -1.09806239 0.21645500 0.18745800 0.00000000 0.00000000 0.00000000
9 0.00000000 0.00000000 0.00000000 0.00000000 0.00000000 -1.57079600
10 -0.00000100 7.45008900 -27.50902600 0.00000000 0.00000000 0.00003100
11 0.00000000 0.00000000 0.00000000 1.57078000 -1.56713700 -1.57078300
12 4.25546300 -0.33518200 0.00000000 0.00000000 0.00000000 -0.12484800
13 7.43124600 1.49647800 0.00000000 0.00000000 0.00000000 0.24545000
14 5.27847200 0.16554000 0.00000000 0.00000000 0.00000000 0.04851100
15 0.95845354 -10.46936879 6.97853225 1.97586600 1.15991000 -1.29878700
16 -6.21447400 0.00000000 0.00000000 0.03643547 0.30861732 -1.75738041
17 -11.94486570 0.00004200 0.00021600 0.13233256 -0.22098505 -1.37197953
18 -10.62016278 0.00006661 -0.00008254 -2.24825388 -0.20770328 0.54728431
19 -1.87479600 -0.93512200 0.99917600 1.72571800 0.67187600 0.85227800
20 -1.52344500 0.00000000 0.00000000 0.08099400 0.15396900 0.58815600
21 -1.59928300 0.00000000 0.00000000 0.01453800 -0.04039900 1.20561000
22 -4.52675100 -0.69057700 -1.12074100 -0.39343300 0.26032300 1.74034800
23 -1.74403400 0.00000000 0.00000000 -0.01415000 -0.02594600 0.91082300
24 -1.36876700 0.00000000 0.00000000 0.03508000 0.03899700 0.62765500
25 -3.99235200 -0.89119000 -1.82790800 -0.37607300 0.39711200 1.63661600
26 -1.40591000 0.00000200 0.00000100 0.01264700 -0.02662600 0.43060100
27 -1.17535800 0.00013400 0.00000000 0.05560900 0.03892800 0.86426700
28 -4.82049600 -0.50946200 -0.22475700 -0.35400300 0.08871400 1.49727800
29 -1.82698400 0.00000200 0.00000100 -0.00856400 0.03953200 1.05965000
30 -1.43656500 -0.00000200 -0.00000100 -0.05524000 -0.05469200 0.69918900
31 -4.75110400 -0.69450200 0.83058000 -0.16764200 0.00941500 0.33166900
32 -1.68806800 0.00000100 0.00000000 0.02182400 -0.01169900 0.36044800
33 -1.33614000 0.00000200 0.00000000 0.02564400 0.00608700 0.32044900
34 -5.58311939 0.11576246 -0.29503893 -0.90460900 0.06400000 0.02996900
35 -0.19684800 -0.00000093 0.00000046 -0.34818200 0.00000000 0.00000000
36 -1.33293075 -14.90588395 -0.27077885 1.97586300 1.15991000 1.84280400
37 6.21447800 0.00000100 0.00000000 -0.79490805 0.63113952 -1.71513549
38 11.94487700 0.00000200 -0.00019800 0.23549748 -0.29127802 -1.35758570
39 10.62016300 0.00000000 -0.00000300 -2.18316920 -0.69955064 0.59891399
40 1.87485700 0.93507800 -0.99912700 2.51444500 0.40613500 1.28819000
41 1.45054354 -0.06018985 0.09121700 0.08130900 0.15607800 0.58651000
42 1.59927900 0.00000000 0.00000000 0.08169400 -0.01721100 1.03306000
43 4.52675100 0.69046200 1.12084300 -0.24391700 0.03988200 1.38722300
44 1.74404900 -0.00000100 -0.00000100 -0.02648500 -0.01316600 1.52193900
45 1.36875900 0.00000000 0.00000000 -0.24626800 0.17807500 0.18497200
46 3.99234600 0.89108500 1.82799600 -0.40198400 0.02856300 1.17767600
47 1.40591000 0.00000000 0.00000000 -0.01760800 -0.02363100 1.51566300
48 1.17535400 -0.00013000 0.00000000 0.03782400 0.11729500 0.26809600
49 4.82051300 0.50934200 0.22486500 -0.16257900 -0.11067600 1.17926300
50 1.82698100 -0.00000100 0.00000200 0.00718400 0.03980800 1.45252300
51 1.43656900 0.00000000 0.00000000 0.00808100 -0.01279400 0.27447100
52 4.75115400 0.69437000 -0.83047500 -0.03044400 -0.23121800 0.81546000
53 1.68805700 -0.00000100 0.00000000 0.00334900 -0.02449500 1.30398700
54 1.33614300 0.00000000 0.00000000 -0.01548800 -0.03545000 0.78358400
55 5.51180600 0.00000000 -0.00000200 -0.66744800 0.00000000 0.00000000
56 0.19685000 0.00000000 0.00000000 -0.34818200 0.00000000 0.00000000
time 13
0 -3.33884800 3.35843400 -2.47946200 0.00000000 0.00000000 -3.14156200
1 -7.32370319 25.12332986 -2.63192571 0.32695605 0.02105534 -0.77955831
2 3.85323700 0.12671100 -0.78579800 0.00000000 0.00000000 0.00000000
3 11.03187522 0.36355894 -4.04640824 0.24012900 0.91539100 1.52999000
4 -3.32562400 0.00371900 -2.40215400 0.00000000 0.00000000 0.00000000
5 -4.06109000 -0.00336600 -0.78740900 0.00000000 0.00000000 0.00000000
6 -0.00019500 0.00000000 0.39773100 0.00000000 0.00000000 0.00000000
7 -0.77869800 -2.43237500 -4.37718000 2.92105200 -0.04972300 -1.86575000
8 -1.09806239 0.21645500 0.18745800 0.00000000 0.00000000 0.00000000
9 0.00000000 0.00000000 0.00000000 0.00000000 0.00000000 -1.57079600
10 -0.00000100 7.45008900 -27.50902600 0.00000000 0.00000000 0.00003100
11 0.00000000 0.00000000 0.00000000 1.57078000 -1.56713700 -1.57078300
12 4.25546300 -0.33518200 0.00000000 0.00000000 0.00000000 -0.12484800
13 7.43124600 1.49647800 0.00000000 0.00000000 0.00000000 0.24545000
14 5.27847200 0.16554000 0.00000000 0.00000000 0.00000000 0.04851100
15 0.95845354 -10.46936879 6.97853225 1.97586600 1.15991000 -1.29878700
16 -6.21447400 0.00000000 0.00000000 0.03761463 0.30854214 -1.76535805
17 -11.94486570 0.00004200 0.00021600 0.12980216 -0.22433731 -1.36114977
18 -10.62016278 0.00006661 -0.00008254 -2.24929366 -0.20635137 0.53984033
19 -1.87479600 -0.93512200 0.99917600 1.72571800 0.67187600 0.85227800
20 -1.52344500 0.00000000 0.00000000 0.08099400 0.15396900 0.58815600
21 -1.59928300 0.00000000 0.00000000 0.01453800 -0.04039900 1.20561000
22 -4.52675100 -0.69057700 -1.12074100 -0.39343300 0.26032300 1.74034800
23 -1.74403400 0.00000000 0.00000000 -0.01415000 -0.02594600 0.91082300
24 -1.36876700 0.00000000 0.00000000 0.03508000 0.03899700 0.62765500
25 -3.99235200 -0.89119000 -1.82790800 -0.37607300 0.39711200 1.63661600
26 -1.40591000 0.00000200 0.00000100 0.01264700 -0.02662600 0.43060100
27 -1.17535800 0.00013400 0.00000000 0.05560900 0.03892800 0.86426700
28 -4.82049600 -0.50946200 -0.22475700 -0.35400300 0.08871400 1.49727800
29 -1.82698400 0.00000200 0.00000100 -0.00856400 0.03953200 1.05965000
30 -1.43656500 -0.00000200 -0.00000100 -0.05524000 -0.05469200 0.69918900
31 -4.75110400 -0.69450200 0.83058000 -0.16764200 0.00941500 0.33166900
32 -1.68806800 0.00000100 0.00000000 0.02182400 -0.01169900 0.36044800
33 -1.33614000 0.00000200 0.00000000 0.02564400 0.00608700 0.32044900
34 -5.58311939 0.11576246 -0.29503893 -0.90460900 0.06400000 0.02996900
35 -0.19684800 -0.00000093 0.00000046 -0.34818200 0.00000000 0.00000000
36 -1.33293075 -14.90588395 -0.27077885 1.97586300 1.15991000 1.84280400
37 6.21447800 0.00000100 0.00000000 -0.79947143 0.63168328 -1.71036943
38 11.94487700 0.00000200 -0.00019800 0.23608496 -0.29027151 -1.35975944
39 10.62016300 0.00000000 -0.00000300 -2.17843226 -0.69762162 0.59672519
40 1.87485700 0.93507800 -0.99912700 2.51444500 0.40613500 1.28819000
41 1.45054354 -0.06018985 0.09121700 0.08130900 0.15607800 0.58651000
42 1.59927900 0.00000000 0.00000000 0.08169400 -0.01721100 1.03306000
43 4.52675100 0.69046200 1.12084300 -0.24391700 0.03988200 1.38722300
44 1.74404900 -0.00000100 -0.00000100 -0.02648500 -0.01316600 1.52193900
45 1.36875900 0.00000000 0.00000000 -0.24626800 0.17807500 0.18497200
46 3.99234600 0.89108500 1.82799600 -0.40198400 0.02856300 1.17767600
47 1.40591000 0.00000000 0.00000000 -0.01760800 -0.02363100 1.51566300
48 1.17535400 -0.00013000 0.00000000 0.03782400 0.11729500 0.26809600
49 4.82051300 0.50934200 0.22486500 -0.16257900 -0.11067600 1.17926300
50 1.82698100 -0.00000100 0.00000200 0.00718400 0.03980800 1.45252300
51 1.43656900 0.00000000 0.00000000 0.00808100 -0.01279400 0.27447100
52 4.75115400 0.69437000 -0.83047500 -0.03044400 -0.23121800 0.81546000
53 1.68805700 -0.00000100 0.00000000 0.00334900 -0.02449500 1.30398700
54 1.33614300 0.00000000 0.00000000 -0.01548800 -0.03545000 0.78358400
55 5.51180600 0.00000000 -0.00000200 -0.66744800 0.00000000 0.00000000
56 0.19685000 0.00000000 0.00000000 -0.34818200 0.00000000 0.00000000
time 14
0 -3.33884800 3.35843400 -2.47946200 0.00000000 0.00000000 -3.14156200
1 -7.44176332 25.12521133 -2.64087130 0.32519698 0.02069603 -0.77430503
2 3.85323700 0.12671100 -0.78579800 0.00000000 0.00000000 0.00000000
3 11.03187522 0.36355894 -4.04640824 0.24012900 0.91539100 1.52999000
4 -3.32562400 0.00371900 -2.40215400 0.00000000 0.00000000 0.00000000
5 -4.06109000 -0.00336600 -0.78740900 0.00000000 0.00000000 0.00000000
6 -0.00019500 0.00000000 0.39773100 0.00000000 0.00000000 0.00000000
7 -0.77869800 -2.43237500 -4.37718000 2.92105200 -0.04972300 -1.86575000
8 -1.09806239 0.21645500 0.18745800 0.00000000 0.00000000 0.00000000
9 0.00000000 0.00000000 0.00000000 0.00000000 0.00000000 -1.57079600
10 -0.00000100 7.45008900 -27.50902600 0.00000000 0.00000000 0.00003100
11 0.00000000 0.00000000 0.00000000 1.57078000 -1.56713700 -1.57078300
12 4.25546300 -0.33518200 0.00000000 0.00000000 0.00000000 -0.12484800
13 7.43124600 1.49647800 0.00000000 0.00000000 0.00000000 0.24545000
14 5.27847200 0.16554000 0.00000000 0.00000000 0.00000000 0.04851100
15 0.95845354 -10.46936879 6.97853225 1.97586600 1.15991000 -1.29878700
16 -6.21447400 0.00000000 0.00000000 0.03964746 0.30860006 -1.77372434
17 -11.94486570 0.00004200 0.00021600 0.12701459 -0.22730149 -1.34985449
18 -10.62016278 0.00006661 -0.00008254 -2.25198133 -0.20611063 0.53305177
19 -1.87479600 -0.93512200 0.99917600 1.72571800 0.67187600 0.85227800
20 -1.52344500 0.00000000 0.00000000 0.08099400 0.15396900 0.58815600
21 -1.59928300 0.00000000 0.00000000 0.01453800 -0.04039900 1.20561000
22 -4.52675100 -0.69057700 -1.12074100 -0.39343300 0.26032300 1.74034800
23 -1.74403400 0.00000000 0.00000000 -0.01415000 -0.02594600 0.91082300
24 -1.36876700 0.00000000 0.00000000 0.03508000 0.03899700 0.62765500
25 -3.99235200 -0.89119000 -1.82790800 -0.37607300 0.39711200 1.63661600
26 -1.40591000 0.00000200 0.00000100 0.01264700 -0.02662600 0.43060100
27 -1.17535800 0.00013400 0.00000000 0.05560900 0.03892800 0.86426700
28 -4.82049600 -0.50946200 -0.22475700 -0.35400300 0.08871400 1.49727800
29 -1.82698400 0.00000200 0.00000100 -0.00856400 0.03953200 1.05965000
30 -1.43656500 -0.00000200 -0.00000100 -0.05524000 -0.05469200 0.69918900
31 -4.75110400 -0.69450200 0.83058000 -0.16764200 0.00941500 0.33166900
32 -1.68806800 0.00000100 0.00000000 0.02182400 -0.01169900 0.36044800
33 -1.33614000 0.00000200 0.00000000 0.02564400 0.00608700 0.32044900
34 -5.58311939 0.11576246 -0.29503893 -0.90460900 0.06400000 0.02996900
35 -0.19684800 -0.00000093 0.00000046 -0.34818200 0.00000000 0.00000000
36 -1.33293075 -14.90588395 -0.27077885 1.97586300 1.15991000 1.84280400
37 6.21447800 0.00000100 0.00000000 -0.80440376 0.63282735 -1.70496025
38 11.94487700 0.00000200 -0.00019800 0.23680362 -0.28897501 -1.36233165
39 10.62016300 0.00000000 -0.00000300 -2.17263942 -0.69499345 0.59374244
40 1.87485700 0.93507800 -0.99912700 2.51444500 0.40613500 1.28819000
41 1.45054354 -0.06018985 0.09121700 0.08130900 0.15607800 0.58651000
42 1.59927900 0.00000000 0.00000000 0.08169400 -0.01721100 1.03306000
43 4.52675100 0.69046200 1.12084300 -0.24391700 0.03988200 1.38722300
44 1.74404900 -0.00000100 -0.00000100 -0.02648500 -0.01316600 1.52193900
45 1.36875900 0.00000000 0.00000000 -0.24626800 0.17807500 0.18497200
46 3.99234600 0.89108500 1.82799600 -0.40198400 0.02856300 1.17767600
47 1.40591000 0.00000000 0.00000000 -0.01760800 -0.02363100 1.51566300
48 1.17535400 -0.00013000 0.00000000 0.03782400 0.11729500 0.26809600
49 4.82051300 0.50934200 0.22486500 -0.16257900 -0.11067600 1.17926300
50 1.82698100 -0.00000100 0.00000200 0.00718400 0.03980800 1.45252300
51 1.43656900 0.00000000 0.00000000 0.00808100 -0.01279400 0.27447100
52 4.75115400 0.69437000 -0.83047500 -0.03044400 -0.23121800 0.81546000
53 1.68805700 -0.00000100 0.00000000 0.00334900 -0.02449500 1.30398700
54 1.33614300 0.00000000 0.00000000 -0.01548800 -0.03545000 0.78358400
55 5.51180600 0.00000000 -0.00000200 -0.66744800 0.00000000 0.00000000
56 0.19685000 0.00000000 0.00000000 -0.34818200 0.00000000 0.00000000
time 15
0 -3.33884800 3.35843400 -2.47946200 0.00000000 0.00000000 -3.14156200
1 -7.56508550 25.12709798 -2.65924502 0.32203767 0.02004433 -0.76897185
2 3.85323700 0.12671100 -0.78579800 0.00000000 0.00000000 0.00000000
3 11.03187522 0.36355894 -4.04640824 0.24012900 0.91539100 1.52999000
4 -3.32562400 0.00371900 -2.40215400 0.00000000 0.00000000 0.00000000
5 -4.06109000 -0.00336600 -0.78740900 0.00000000 0.00000000 0.00000000
6 -0.00019500 0.00000000 0.39773100 0.00000000 0.00000000 0.00000000
7 -0.77869800 -2.43237500 -4.37718000 2.92105200 -0.04972300 -1.86575000
8 -1.09806239 0.21645500 0.18745800 0.00000000 0.00000000 0.00000000
9 0.00000000 0.00000000 0.00000000 0.00000000 0.00000000 -1.57079600
10 -0.00000100 7.45008900 -27.50902600 0.00000000 0.00000000 0.00003100
11 0.00000000 0.00000000 0.00000000 1.57078000 -1.56713700 -1.57078300
12 4.25546300 -0.33518200 0.00000000 0.00000000 0.00000000 -0.12484800
13 7.43124600 1.49647800 0.00000000 0.00000000 0.00000000 0.24545000
14 5.27847200 0.16554000 0.00000000 0.00000000 0.00000000 0.04851100
15 0.95845354 -10.46936879 6.97853225 1.97586600 1.15991000 -1.29878700
16 -6.21447400 0.00000000 0.00000000 0.04220709 0.30874674 -1.78246374
17 -11.94486570 0.00004200 0.00021600 0.12412340 -0.22991983 -1.33828703
18 -10.62016278 0.00006661 -0.00008254 -2.25643896 -0.20629473 0.52704185
19 -1.87479600 -0.93512200 0.99917600 1.72571800 0.67187600 0.85227800
20 -1.52344500 0.00000000 0.00000000 0.08099400 0.15396900 0.58815600
21 -1.59928300 0.00000000 0.00000000 0.01453800 -0.04039900 1.20561000
22 -4.52675100 -0.69057700 -1.12074100 -0.39343300 0.26032300 1.74034800
23 -1.74403400 0.00000000 0.00000000 -0.01415000 -0.02594600 0.91082300
24 -1.36876700 0.00000000 0.00000000 0.03508000 0.03899700 0.62765500
25 -3.99235200 -0.89119000 -1.82790800 -0.37607300 0.39711200 1.63661600
26 -1.40591000 0.00000200 0.00000100 0.01264700 -0.02662600 0.43060100
27 -1.17535800 0.00013400 0.00000000 0.05560900 0.03892800 0.86426700
28 -4.82049600 -0.50946200 -0.22475700 -0.35400300 0.08871400 1.49727800
29 -1.82698400 0.00000200 0.00000100 -0.00856400 0.03953200 1.05965000
30 -1.43656500 -0.00000200 -0.00000100 -0.05524000 -0.05469200 0.69918900
31 -4.75110400 -0.69450200 0.83058000 -0.16764200 0.00941500 0.33166900
32 -1.68806800 0.00000100 0.00000000 0.02182400 -0.01169900 0.36044800
33 -1.33614000 0.00000200 0.00000000 0.02564400 0.00608700 0.32044900
34 -5.58311939 0.11576246 -0.29503893 -0.90460900 0.06400000 0.02996900
35 -0.19684800 -0.00000093 0.00000046 -0.34818200 0.00000000 0.00000000
36 -1.33293075 -14.90588395 -0.27077885 1.97586300 1.15991000 1.84280400
37 6.21447800 0.00000100 0.00000000 -0.80932333 0.63457889 -1.69854416
38 11.94487700 0.00000200 -0.00019800 0.23763454 -0.28738699 -1.36569481
39 10.62016300 0.00000000 -0.00000300 -2.16556216 -0.69151461 0.59064195
40 1.87485700 0.93507800 -0.99912700 2.51444500 0.40613500 1.28819000
41 1.45054354 -0.06018985 0.09121700 0.08130900 0.15607800 0.58651000
42 1.59927900 0.00000000 0.00000000 0.08169400 -0.01721100 1.03306000
43 4.52675100 0.69046200 1.12084300 -0.24391700 0.03988200 1.38722300
44 1.74404900 -0.00000100 -0.00000100 -0.02648500 -0.01316600 1.52193900
45 1.36875900 0.00000000 0.00000000 -0.24626800 0.17807500 0.18497200
46 3.99234600 0.89108500 1.82799600 -0.40198400 0.02856300 1.17767600
47 1.40591000 0.00000000 0.00000000 -0.01760800 -0.02363100 1.51566300
48 1.17535400 -0.00013000 0.00000000 0.03782400 0.11729500 0.26809600
49 4.82051300 0.50934200 0.22486500 -0.16257900 -0.11067600 1.17926300
50 1.82698100 -0.00000100 0.00000200 0.00718400 0.03980800 1.45252300
51 1.43656900 0.00000000 0.00000000 0.00808100 -0.01279400 0.27447100
52 4.75115400 0.69437000 -0.83047500 -0.03044400 -0.23121800 0.81546000
53 1.68805700 -0.00000100 0.00000000 0.00334900 -0.02449500 1.30398700
54 1.33614300 0.00000000 0.00000000 -0.01548800 -0.03545000 0.78358400
55 5.51180600 0.00000000 -0.00000200 -0.66744800 0.00000000 0.00000000
56 0.19685000 0.00000000 0.00000000 -0.34818200 0.00000000 0.00000000
time 16
0 -3.33884800 3.35843400 -2.47946200 0.00000000 0.00000000 -3.14156200
1 -7.68831734 25.12898946 -2.67767706 0.31889491 0.01944869 -0.76360968
2 3.85323700 0.12671100 -0.78579800 0.00000000 0.00000000 0.00000000
3 11.03187522 0.36355894 -4.04640824 0.24012900 0.91539100 1.52999000
4 -3.32562400 0.00371900 -2.40215400 0.00000000 0.00000000 0.00000000
5 -4.06109000 -0.00336600 -0.78740900 0.00000000 0.00000000 0.00000000
6 -0.00019500 0.00000000 0.39773100 0.00000000 0.00000000 0.00000000
7 -0.77869800 -2.43237500 -4.37718000 2.92105200 -0.04972300 -1.86575000
8 -1.09806239 0.21645500 0.18745800 0.00000000 0.00000000 0.00000000
9 0.00000000 0.00000000 0.00000000 0.00000000 0.00000000 -1.57079600
10 -0.00000100 7.45008900 -27.50902600 0.00000000 0.00000000 0.00003100
11 0.00000000 0.00000000 0.00000000 1.57078000 -1.56713700 -1.57078300
12 4.25546300 -0.33518200 0.00000000 0.00000000 0.00000000 -0.12484800
13 7.43124600 1.49647800 0.00000000 0.00000000 0.00000000 0.24545000
14 5.27847200 0.16554000 0.00000000 0.00000000 0.00000000 0.04851100
15 0.95845354 -10.46936879 6.97853225 1.97586600 1.15991000 -1.29878700
16 -6.21447400 0.00000000 0.00000000 0.04474966 0.30892440 -1.79122167
17 -11.94486570 0.00004200 0.00021600 0.12119958 -0.23258848 -1.32658307
18 -10.62016278 0.00006661 -0.00008254 -2.26093810 -0.20635010 0.52091070
19 -1.87479600 -0.93512200 0.99917600 1.72571800 0.67187600 0.85227800
20 -1.52344500 0.00000000 0.00000000 0.08099400 0.15396900 0.58815600
21 -1.59928300 0.00000000 0.00000000 0.01453800 -0.04039900 1.20561000
22 -4.52675100 -0.69057700 -1.12074100 -0.39343300 0.26032300 1.74034800
23 -1.74403400 0.00000000 0.00000000 -0.01415000 -0.02594600 0.91082300
24 -1.36876700 0.00000000 0.00000000 0.03508000 0.03899700 0.62765500
25 -3.99235200 -0.89119000 -1.82790800 -0.37607300 0.39711200 1.63661600
26 -1.40591000 0.00000200 0.00000100 0.01264700 -0.02662600 0.43060100
27 -1.17535800 0.00013400 0.00000000 0.05560900 0.03892800 0.86426700
28 -4.82049600 -0.50946200 -0.22475700 -0.35400300 0.08871400 1.49727800
29 -1.82698400 0.00000200 0.00000100 -0.00856400 0.03953200 1.05965000
30 -1.43656500 -0.00000200 -0.00000100 -0.05524000 -0.05469200 0.69918900
31 -4.75110400 -0.69450200 0.83058000 -0.16764200 0.00941500 0.33166900
32 -1.68806800 0.00000100 0.00000000 0.02182400 -0.01169900 0.36044800
33 -1.33614000 0.00000200 0.00000000 0.02564400 0.00608700 0.32044900
34 -5.58311939 0.11576246 -0.29503893 -0.90460900 0.06400000 0.02996900
35 -0.19684800 -0.00000093 0.00000046 -0.34818200 0.00000000 0.00000000
36 -1.33293075 -14.90588395 -0.27077885 1.97586300 1.15991000 1.84280400
37 6.21447800 0.00000100 0.00000000 -0.81412478 0.63628442 -1.69208850
38 11.94487700 0.00000200 -0.00019800 0.23849543 -0.28572180 -1.36895367
39 10.62016300 0.00000000 -0.00000300 -2.15881271 -0.68798361 0.58766805
40 1.87485700 0.93507800 -0.99912700 2.51444500 0.40613500 1.28819000
41 1.45054354 -0.06018985 0.09121700 0.08130900 0.15607800 0.58651000
42 1.59927900 0.00000000 0.00000000 0.08169400 -0.01721100 1.03306000
43 4.52675100 0.69046200 1.12084300 -0.24391700 0.03988200 1.38722300
44 1.74404900 -0.00000100 -0.00000100 -0.02648500 -0.01316600 1.52193900
45 1.36875900 0.00000000 0.00000000 -0.24626800 0.17807500 0.18497200
46 3.99234600 0.89108500 1.82799600 -0.40198400 0.02856300 1.17767600
47 1.40591000 0.00000000 0.00000000 -0.01760800 -0.02363100 1.51566300
48 1.17535400 -0.00013000 0.00000000 0.03782400 0.11729500 0.26809600
49 4.82051300 0.50934200 0.22486500 -0.16257900 -0.11067600 1.17926300
50 1.82698100 -0.00000100 0.00000200 0.00718400 0.03980800 1.45252300
51 1.43656900 0.00000000 0.00000000 0.00808100 -0.01279400 0.27447100
52 4.75115400 0.69437000 -0.83047500 -0.03044400 -0.23121800 0.81546000
53 1.68805700 -0.00000100 0.00000000 0.00334900 -0.02449500 1.30398700
54 1.33614300 0.00000000 0.00000000 -0.01548800 -0.03545000 0.78358400
55 5.51180600 0.00000000 -0.00000200 -0.66744800 0.00000000 0.00000000
56 0.19685000 0.00000000 0.00000000 -0.34818200 0.00000000 0.00000000
time 17
0 -3.33884800 3.35843400 -2.47946200 0.00000000 0.00000000 -3.14156200
1 -7.81213944 25.13086956 -2.70781398 0.31549386 0.01892746 -0.75856678
2 3.85323700 0.12671100 -0.78579800 0.00000000 0.00000000 0.00000000
3 11.03187522 0.36355894 -4.04640824 0.24012900 0.91539100 1.52999000
4 -3.32562400 0.00371900 -2.40215400 0.00000000 0.00000000 0.00000000
5 -4.06109000 -0.00336600 -0.78740900 0.00000000 0.00000000 0.00000000
6 -0.00019500 0.00000000 0.39773100 0.00000000 0.00000000 0.00000000
7 -0.77869800 -2.43237500 -4.37718000 2.92105200 -0.04972300 -1.86575000
8 -1.09806239 0.21645500 0.18745800 0.00000000 0.00000000 0.00000000
9 0.00000000 0.00000000 0.00000000 0.00000000 0.00000000 -1.57079600
10 -0.00000100 7.45008900 -27.50902600 0.00000000 0.00000000 0.00003100
11 0.00000000 0.00000000 0.00000000 1.57078000 -1.56713700 -1.57078300
12 4.25546300 -0.33518200 0.00000000 0.00000000 0.00000000 -0.12484800
13 7.43124600 1.49647800 0.00000000 0.00000000 0.00000000 0.24545000
14 5.27847200 0.16554000 0.00000000 0.00000000 0.00000000 0.04851100
15 0.95845354 -10.46936879 6.97853225 1.97586600 1.15991000 -1.29878700
16 -6.21447400 0.00000000 0.00000000 0.04774110 0.30912962 -1.79975862
17 -11.94486570 0.00004200 0.00021600 0.11810158 -0.23471522 -1.31462365
18 -10.62016278 0.00006661 -0.00008254 -2.26621288 -0.20753969 0.51524894
19 -1.87479600 -0.93512200 0.99917600 1.72571800 0.67187600 0.85227800
20 -1.52344500 0.00000000 0.00000000 0.08099400 0.15396900 0.58815600
21 -1.59928300 0.00000000 0.00000000 0.01453800 -0.04039900 1.20561000
22 -4.52675100 -0.69057700 -1.12074100 -0.39343300 0.26032300 1.74034800
23 -1.74403400 0.00000000 0.00000000 -0.01415000 -0.02594600 0.91082300
24 -1.36876700 0.00000000 0.00000000 0.03508000 0.03899700 0.62765500
25 -3.99235200 -0.89119000 -1.82790800 -0.37607300 0.39711200 1.63661600
26 -1.40591000 0.00000200 0.00000100 0.01264700 -0.02662600 0.43060100
27 -1.17535800 0.00013400 0.00000000 0.05560900 0.03892800 0.86426700
28 -4.82049600 -0.50946200 -0.22475700 -0.35400300 0.08871400 1.49727800
29 -1.82698400 0.00000200 0.00000100 -0.00856400 0.03953200 1.05965000
30 -1.43656500 -0.00000200 -0.00000100 -0.05524000 -0.05469200 0.69918900
31 -4.75110400 -0.69450200 0.83058000 -0.16764200 0.00941500 0.33166900
32 -1.68806800 0.00000100 0.00000000 0.02182400 -0.01169900 0.36044800
33 -1.33614000 0.00000200 0.00000000 0.02564400 0.00608700 0.32044900
34 -5.58311939 0.11576246 -0.29503893 -0.90460900 0.06400000 0.02996900
35 -0.19684800 -0.00000093 0.00000046 -0.34818200 0.00000000 0.00000000
36 -1.33293075 -14.90588395 -0.27077885 1.97586300 1.15991000 1.84280400
37 6.21447800 0.00000100 0.00000000 -0.81866667 0.63847538 -1.68521789
38 11.94487700 0.00000200 -0.00019800 0.23936051 -0.28393641 -1.37221676
39 10.62016300 0.00000000 -0.00000300 -2.15216150 -0.68442981 0.58417827
40 1.87485700 0.93507800 -0.99912700 2.51444500 0.40613500 1.28819000
41 1.45054354 -0.06018985 0.09121700 0.08130900 0.15607800 0.58651000
42 1.59927900 0.00000000 0.00000000 0.08169400 -0.01721100 1.03306000
43 4.52675100 0.69046200 1.12084300 -0.24391700 0.03988200 1.38722300
44 1.74404900 -0.00000100 -0.00000100 -0.02648500 -0.01316600 1.52193900
45 1.36875900 0.00000000 0.00000000 -0.24626800 0.17807500 0.18497200
46 3.99234600 0.89108500 1.82799600 -0.40198400 0.02856300 1.17767600
47 1.40591000 0.00000000 0.00000000 -0.01760800 -0.02363100 1.51566300
48 1.17535400 -0.00013000 0.00000000 0.03782400 0.11729500 0.26809600
49 4.82051300 0.50934200 0.22486500 -0.16257900 -0.11067600 1.17926300
50 1.82698100 -0.00000100 0.00000200 0.00718400 0.03980800 1.45252300
51 1.43656900 0.00000000 0.00000000 0.00808100 -0.01279400 0.27447100
52 4.75115400 0.69437000 -0.83047500 -0.03044400 -0.23121800 0.81546000
53 1.68805700 -0.00000100 0.00000000 0.00334900 -0.02449500 1.30398700
54 1.33614300 0.00000000 0.00000000 -0.01548800 -0.03545000 0.78358400
55 5.51180600 0.00000000 -0.00000200 -0.66744800 0.00000000 0.00000000
56 0.19685000 0.00000000 0.00000000 -0.34818200 0.00000000 0.00000000
time 18
0 -3.33884800 3.35843400 -2.47946200 0.00000000 0.00000000 -3.14156200
1 -7.93706339 25.13270540 -2.75373067 0.31237438 0.01855045 -0.75415018
2 3.85323700 0.12671100 -0.78579800 0.00000000 0.00000000 0.00000000
3 11.03187522 0.36355894 -4.04640824 0.24012900 0.91539100 1.52999000
4 -3.32562400 0.00371900 -2.40215400 0.00000000 0.00000000 0.00000000
5 -4.06109000 -0.00336600 -0.78740900 0.00000000 0.00000000 0.00000000
6 -0.00019500 0.00000000 0.39773100 0.00000000 0.00000000 0.00000000
7 -0.77869800 -2.43237500 -4.37718000 2.92105200 -0.04972300 -1.86575000
8 -1.09806239 0.21645500 0.18745800 0.00000000 0.00000000 0.00000000
9 0.00000000 0.00000000 0.00000000 0.00000000 0.00000000 -1.57079600
10 -0.00000100 7.45008900 -27.50902600 0.00000000 0.00000000 0.00003100
11 0.00000000 0.00000000 0.00000000 1.57078000 -1.56713700 -1.57078300
12 4.25546300 -0.33518200 0.00000000 0.00000000 0.00000000 -0.12484800
13 7.43124600 1.49647800 0.00000000 0.00000000 0.00000000 0.24545000
14 5.27847200 0.16554000 0.00000000 0.00000000 0.00000000 0.04851100
15 0.95845354 -10.46936879 6.97853225 1.97586600 1.15991000 -1.29878700
16 -6.21447400 0.00000000 0.00000000 0.05160149 0.30963917 -1.80839009
17 -11.94486570 0.00004200 0.00021600 0.11493178 -0.23615013 -1.30292398
18 -10.62016278 0.00006661 -0.00008254 -2.27175978 -0.21039912 0.51038300
19 -1.87479600 -0.93512200 0.99917600 1.72571800 0.67187600 0.85227800
20 -1.52344500 0.00000000 0.00000000 0.08099400 0.15396900 0.58815600
21 -1.59928300 0.00000000 0.00000000 0.01453800 -0.04039900 1.20561000
22 -4.52675100 -0.69057700 -1.12074100 -0.39343300 0.26032300 1.74034800
23 -1.74403400 0.00000000 0.00000000 -0.01415000 -0.02594600 0.91082300
24 -1.36876700 0.00000000 0.00000000 0.03508000 0.03899700 0.62765500
25 -3.99235200 -0.89119000 -1.82790800 -0.37607300 0.39711200 1.63661600
26 -1.40591000 0.00000200 0.00000100 0.01264700 -0.02662600 0.43060100
27 -1.17535800 0.00013400 0.00000000 0.05560900 0.03892800 0.86426700
28 -4.82049600 -0.50946200 -0.22475700 -0.35400300 0.08871400 1.49727800
29 -1.82698400 0.00000200 0.00000100 -0.00856400 0.03953200 1.05965000
30 -1.43656500 -0.00000200 -0.00000100 -0.05524000 -0.05469200 0.69918900
31 -4.75110400 -0.69450200 0.83058000 -0.16764200 0.00941500 0.33166900
32 -1.68806800 0.00000100 0.00000000 0.02182400 -0.01169900 0.36044800
33 -1.33614000 0.00000200 0.00000000 0.02564400 0.00608700 0.32044900
34 -5.58311939 0.11576246 -0.29503893 -0.90460900 0.06400000 0.02996900
35 -0.19684800 -0.00000093 0.00000046 -0.34818200 0.00000000 0.00000000
36 -1.33293075 -14.90588395 -0.27077885 1.97586300 1.15991000 1.84280400
37 6.21447800 0.00000100 0.00000000 -0.82284797 0.64124998 -1.67795708
38 11.94487700 0.00000200 -0.00019800 0.24002904 -0.28189023 -1.37490711
39 10.62016300 0.00000000 -0.00000300 -2.14652881 -0.68087492 0.57978554
40 1.87485700 0.93507800 -0.99912700 2.51444500 0.40613500 1.28819000
41 1.45054354 -0.06018985 0.09121700 0.08130900 0.15607800 0.58651000
42 1.59927900 0.00000000 0.00000000 0.08169400 -0.01721100 1.03306000
43 4.52675100 0.69046200 1.12084300 -0.24391700 0.03988200 1.38722300
44 1.74404900 -0.00000100 -0.00000100 -0.02648500 -0.01316600 1.52193900
45 1.36875900 0.00000000 0.00000000 -0.24626800 0.17807500 0.18497200
46 3.99234600 0.89108500 1.82799600 -0.40198400 0.02856300 1.17767600
47 1.40591000 0.00000000 0.00000000 -0.01760800 -0.02363100 1.51566300
48 1.17535400 -0.00013000 0.00000000 0.03782400 0.11729500 0.26809600
49 4.82051300 0.50934200 0.22486500 -0.16257900 -0.11067600 1.17926300
50 1.82698100 -0.00000100 0.00000200 0.00718400 0.03980800 1.45252300
51 1.43656900 0.00000000 0.00000000 0.00808100 -0.01279400 0.27447100
52 4.75115400 0.69437000 -0.83047500 -0.03044400 -0.23121800 0.81546000
53 1.68805700 -0.00000100 0.00000000 0.00334900 -0.02449500 1.30398700
54 1.33614300 0.00000000 0.00000000 -0.01548800 -0.03545000 0.78358400
55 5.51180600 0.00000000 -0.00000200 -0.66744800 0.00000000 0.00000000
56 0.19685000 0.00000000 0.00000000 -0.34818200 0.00000000 0.00000000
time 19
0 -3.33884800 3.35843400 -2.47946200 0.00000000 0.00000000 -3.14156200
1 -8.06174488 25.13449612 -2.79918442 0.30927155 0.01823113 -0.74970868
2 3.85323700 0.12671100 -0.78579800 0.00000000 0.00000000 0.00000000
3 11.03187522 0.36355894 -4.04640824 0.24012900 0.91539100 1.52999000
4 -3.32562400 0.00371900 -2.40215400 0.00000000 0.00000000 0.00000000
5 -4.06109000 -0.00336600 -0.78740900 0.00000000 0.00000000 0.00000000
6 -0.00019500 0.00000000 0.39773100 0.00000000 0.00000000 0.00000000
7 -0.77869800 -2.43237500 -4.37718000 2.92105200 -0.04972300 -1.86575000
8 -1.09806239 0.21645500 0.18745800 0.00000000 0.00000000 0.00000000
9 0.00000000 0.00000000 0.00000000 0.00000000 0.00000000 -1.57079600
10 -0.00000100 7.45008900 -27.50902600 0.00000000 0.00000000 0.00003100
11 0.00000000 0.00000000 0.00000000 1.57078000 -1.56713700 -1.57078300
12 4.25546300 -0.33518200 0.00000000 0.00000000 0.00000000 -0.12484800
13 7.43124600 1.49647800 0.00000000 0.00000000 0.00000000 0.24545000
14 5.27847200 0.16554000 0.00000000 0.00000000 0.00000000 0.04851100
15 0.95845354 -10.46936879 6.97853225 1.97586600 1.15991000 -1.29878700
16 -6.21447400 0.00000000 0.00000000 0.05548005 0.31025598 -1.81697995
17 -11.94486570 0.00004200 0.00021600 0.11175189 -0.23768142 -1.29111467
18 -10.62016278 0.00006661 -0.00008254 -2.27722048 -0.21324457 0.50539067
19 -1.87479600 -0.93512200 0.99917600 1.72571800 0.67187600 0.85227800
20 -1.52344500 0.00000000 0.00000000 0.08099400 0.15396900 0.58815600
21 -1.59928300 0.00000000 0.00000000 0.01453800 -0.04039900 1.20561000
22 -4.52675100 -0.69057700 -1.12074100 -0.39343300 0.26032300 1.74034800
23 -1.74403400 0.00000000 0.00000000 -0.01415000 -0.02594600 0.91082300
24 -1.36876700 0.00000000 0.00000000 0.03508000 0.03899700 0.62765500
25 -3.99235200 -0.89119000 -1.82790800 -0.37607300 0.39711200 1.63661600
26 -1.40591000 0.00000200 0.00000100 0.01264700 -0.02662600 0.43060100
27 -1.17535800 0.00013400 0.00000000 0.05560900 0.03892800 0.86426700
28 -4.82049600 -0.50946200 -0.22475700 -0.35400300 0.08871400 1.49727800
29 -1.82698400 0.00000200 0.00000100 -0.00856400 0.03953200 1.05965000
30 -1.43656500 -0.00000200 -0.00000100 -0.05524000 -0.05469200 0.69918900
31 -4.75110400 -0.69450200 0.83058000 -0.16764200 0.00941500 0.33166900
32 -1.68806800 0.00000100 0.00000000 0.02182400 -0.01169900 0.36044800
33 -1.33614000 0.00000200 0.00000000 0.02564400 0.00608700 0.32044900
34 -5.58311939 0.11576246 -0.29503893 -0.90460900 0.06400000 0.02996900
35 -0.19684800 -0.00000093 0.00000046 -0.34818200 0.00000000 0.00000000
36 -1.33293075 -14.90588395 -0.27077885 1.97586300 1.15991000 1.84280400
37 6.21447800 0.00000100 0.00000000 -0.82705649 0.64401105 -1.67063572
38 11.94487700 0.00000200 -0.00019800 0.24074231 -0.27982151 -1.37749815
39 10.62016300 0.00000000 -0.00000300 -2.14083763 -0.67726423 0.57527698
40 1.87485700 0.93507800 -0.99912700 2.51444500 0.40613500 1.28819000
41 1.45054354 -0.06018985 0.09121700 0.08130900 0.15607800 0.58651000
42 1.59927900 0.00000000 0.00000000 0.08169400 -0.01721100 1.03306000
43 4.52675100 0.69046200 1.12084300 -0.24391700 0.03988200 1.38722300
44 1.74404900 -0.00000100 -0.00000100 -0.02648500 -0.01316600 1.52193900
45 1.36875900 0.00000000 0.00000000 -0.24626800 0.17807500 0.18497200
46 3.99234600 0.89108500 1.82799600 -0.40198400 0.02856300 1.17767600
47 1.40591000 0.00000000 0.00000000 -0.01760800 -0.02363100 1.51566300
48 1.17535400 -0.00013000 0.00000000 0.03782400 0.11729500 0.26809600
49 4.82051300 0.50934200 0.22486500 -0.16257900 -0.11067600 1.17926300
50 1.82698100 -0.00000100 0.00000200 0.00718400 0.03980800 1.45252300
51 1.43656900 0.00000000 0.00000000 0.00808100 -0.01279400 0.27447100
52 4.75115400 0.69437000 -0.83047500 -0.03044400 -0.23121800 0.81546000
53 1.68805700 -0.00000100 0.00000000 0.00334900 -0.02449500 1.30398700
54 1.33614300 0.00000000 0.00000000 -0.01548800 -0.03545000 0.78358400
55 5.51180600 0.00000000 -0.00000200 -0.66744800 0.00000000 0.00000000
56 0.19685000 0.00000000 0.00000000 -0.34818200 0.00000000 0.00000000
time 20
0 -3.33884800 3.35843400 -2.47946200 0.00000000 0.00000000 -3.14156200
1 -8.18155251 25.13622443 -2.84492967 0.30632765 0.01765695 -0.74564054
2 3.85323700 0.12671100 -0.78579800 0.00000000 0.00000000 0.00000000
3 11.03187522 0.36355894 -4.04640824 0.24012900 0.91539100 1.52999000
4 -3.32562400 0.00371900 -2.40215400 0.00000000 0.00000000 0.00000000
5 -4.06109000 -0.00336600 -0.78740900 0.00000000 0.00000000 0.00000000
6 -0.00019500 0.00000000 0.39773100 0.00000000 0.00000000 0.00000000
7 -0.77869800 -2.43237500 -4.37718000 2.92105200 -0.04972300 -1.86575000
8 -1.09806239 0.21645500 0.18745800 0.00000000 0.00000000 0.00000000
9 0.00000000 0.00000000 0.00000000 0.00000000 0.00000000 -1.57079600
10 -0.00000100 7.45008900 -27.50902600 0.00000000 0.00000000 0.00003100
11 0.00000000 0.00000000 0.00000000 1.57078000 -1.56713700 -1.57078300
12 4.25546300 -0.33518200 0.00000000 0.00000000 0.00000000 -0.12484800
13 7.43124600 1.49647800 0.00000000 0.00000000 0.00000000 0.24545000
14 5.27847200 0.16554000 0.00000000 0.00000000 0.00000000 0.04851100
15 0.95845354 -10.46936879 6.97853225 1.97586600 1.15991000 -1.29878700
16 -6.21447400 0.00000000 0.00000000 0.05913355 0.31098746 -1.82529813
17 -11.94486570 0.00004200 0.00021600 0.10871138 -0.23923874 -1.27980326
18 -10.62016278 0.00006661 -0.00008254 -2.28226151 -0.21551475 0.50089188
19 -1.87479600 -0.93512200 0.99917600 1.72571800 0.67187600 0.85227800
20 -1.52344500 0.00000000 0.00000000 0.08099400 0.15396900 0.58815600
21 -1.59928300 0.00000000 0.00000000 0.01453800 -0.04039900 1.20561000
22 -4.52675100 -0.69057700 -1.12074100 -0.39343300 0.26032300 1.74034800
23 -1.74403400 0.00000000 0.00000000 -0.01415000 -0.02594600 0.91082300
24 -1.36876700 0.00000000 0.00000000 0.03508000 0.03899700 0.62765500
25 -3.99235200 -0.89119000 -1.82790800 -0.37607300 0.39711200 1.63661600
26 -1.40591000 0.00000200 0.00000100 0.01264700 -0.02662600 0.43060100
27 -1.17535800 0.00013400 0.00000000 0.05560900 0.03892800 0.86426700
28 -4.82049600 -0.50946200 -0.22475700 -0.35400300 0.08871400 1.49727800
29 -1.82698400 0.00000200 0.00000100 -0.00856400 0.03953200 1.05965000
30 -1.43656500 -0.00000200 -0.00000100 -0.05524000 -0.05469200 0.69918900
31 -4.75110400 -0.69450200 0.83058000 -0.16764200 0.00941500 0.33166900
32 -1.68806800 0.00000100 0.00000000 0.02182400 -0.01169900 0.36044800
33 -1.33614000 0.00000200 0.00000000 0.02564400 0.00608700 0.32044900
34 -5.58311939 0.11576246 -0.29503893 -0.90460900 0.06400000 0.02996900
35 -0.19684800 -0.00000093 0.00000046 -0.34818200 0.00000000 0.00000000
36 -1.33293075 -14.90588395 -0.27077885 1.97586300 1.15991000 1.84280400
37 6.21447800 0.00000100 0.00000000 -0.83069798 0.64658226 -1.66340205
38 11.94487700 0.00000200 -0.00019800 0.24133989 -0.27762497 -1.37990068
39 10.62016300 0.00000000 -0.00000300 -2.13633148 -0.67383457 0.57161390
40 1.87485700 0.93507800 -0.99912700 2.51444500 0.40613500 1.28819000
41 1.45054354 -0.06018985 0.09121700 0.08130900 0.15607800 0.58651000
42 1.59927900 0.00000000 0.00000000 0.08169400 -0.01721100 1.03306000
43 4.52675100 0.69046200 1.12084300 -0.24391700 0.03988200 1.38722300
44 1.74404900 -0.00000100 -0.00000100 -0.02648500 -0.01316600 1.52193900
45 1.36875900 0.00000000 0.00000000 -0.24626800 0.17807500 0.18497200
46 3.99234600 0.89108500 1.82799600 -0.40198400 0.02856300 1.17767600
47 1.40591000 0.00000000 0.00000000 -0.01760800 -0.02363100 1.51566300
48 1.17535400 -0.00013000 0.00000000 0.03782400 0.11729500 0.26809600
49 4.82051300 0.50934200 0.22486500 -0.16257900 -0.11067600 1.17926300
50 1.82698100 -0.00000100 0.00000200 0.00718400 0.03980800 1.45252300
51 1.43656900 0.00000000 0.00000000 0.00808100 -0.01279400 0.27447100
52 4.75115400 0.69437000 -0.83047500 -0.03044400 -0.23121800 0.81546000
53 1.68805700 -0.00000100 0.00000000 0.00334900 -0.02449500 1.30398700
54 1.33614300 0.00000000 0.00000000 -0.01548800 -0.03545000 0.78358400
55 5.51180600 0.00000000 -0.00000200 -0.66744800 0.00000000 0.00000000
56 0.19685000 0.00000000 0.00000000 -0.34818200 0.00000000 0.00000000
time 21
0 -3.33884800 3.35843400 -2.47946200 0.00000000 0.00000000 -3.14156200
1 -8.29030054 25.13785932 -2.90079804 0.30283682 0.01602168 -0.74298945
2 3.85323700 0.12671100 -0.78579800 0.00000000 0.00000000 0.00000000
3 11.03187522 0.36355894 -4.04640824 0.24012900 0.91539100 1.52999000
4 -3.32562400 0.00371900 -2.40215400 0.00000000 0.00000000 0.00000000
5 -4.06109000 -0.00336600 -0.78740900 0.00000000 0.00000000 0.00000000
6 -0.00019500 0.00000000 0.39773100 0.00000000 0.00000000 0.00000000
7 -0.77869800 -2.43237500 -4.37718000 2.92105200 -0.04972300 -1.86575000
8 -1.09806239 0.21645500 0.18745800 0.00000000 0.00000000 0.00000000
9 0.00000000 0.00000000 0.00000000 0.00000000 0.00000000 -1.57079600
10 -0.00000100 7.45008900 -27.50902600 0.00000000 0.00000000 0.00003100
11 0.00000000 0.00000000 0.00000000 1.57078000 -1.56713700 -1.57078300
12 4.25546300 -0.33518200 0.00000000 0.00000000 0.00000000 -0.12484800
13 7.43124600 1.49647800 0.00000000 0.00000000 0.00000000 0.24545000
14 5.27847200 0.16554000 0.00000000 0.00000000 0.00000000 0.04851100
15 0.95845354 -10.46936879 6.97853225 1.97586600 1.15991000 -1.29878700
16 -6.21447400 0.00000000 0.00000000 0.06277595 0.31194744 -1.83281551
17 -11.94486570 0.00004200 0.00021600 0.10645575 -0.24089550 -1.27102709
18 -10.62016278 0.00006661 -0.00008254 -2.28723365 -0.21679260 0.49949795
19 -1.87479600 -0.93512200 0.99917600 1.72571800 0.67187600 0.85227800
20 -1.52344500 0.00000000 0.00000000 0.08099400 0.15396900 0.58815600
21 -1.59928300 0.00000000 0.00000000 0.01453800 -0.04039900 1.20561000
22 -4.52675100 -0.69057700 -1.12074100 -0.39343300 0.26032300 1.74034800
23 -1.74403400 0.00000000 0.00000000 -0.01415000 -0.02594600 0.91082300
24 -1.36876700 0.00000000 0.00000000 0.03508000 0.03899700 0.62765500
25 -3.99235200 -0.89119000 -1.82790800 -0.37607300 0.39711200 1.63661600
26 -1.40591000 0.00000200 0.00000100 0.01264700 -0.02662600 0.43060100
27 -1.17535800 0.00013400 0.00000000 0.05560900 0.03892800 0.86426700
28 -4.82049600 -0.50946200 -0.22475700 -0.35400300 0.08871400 1.49727800
29 -1.82698400 0.00000200 0.00000100 -0.00856400 0.03953200 1.05965000
30 -1.43656500 -0.00000200 -0.00000100 -0.05524000 -0.05469200 0.69918900
31 -4.75110400 -0.69450200 0.83058000 -0.16764200 0.00941500 0.33166900
32 -1.68806800 0.00000100 0.00000000 0.02182400 -0.01169900 0.36044800
33 -1.33614000 0.00000200 0.00000000 0.02564400 0.00608700 0.32044900
34 -5.58311939 0.11576246 -0.29503893 -0.90460900 0.06400000 0.02996900
35 -0.19684800 -0.00000093 0.00000046 -0.34818200 0.00000000 0.00000000
36 -1.33293075 -14.90588395 -0.27077885 1.97586300 1.15991000 1.84280400
37 6.21447800 0.00000100 0.00000000 -0.83378971 0.64991489 -1.65620364
38 11.94487700 0.00000200 -0.00019800 0.24202245 -0.27518822 -1.38272913
39 10.62016300 0.00000000 -0.00000300 -2.13293289 -0.66974779 0.56932146
40 1.87485700 0.93507800 -0.99912700 2.51444500 0.40613500 1.28819000
41 1.45054354 -0.06018985 0.09121700 0.08130900 0.15607800 0.58651000
42 1.59927900 0.00000000 0.00000000 0.08169400 -0.01721100 1.03306000
43 4.52675100 0.69046200 1.12084300 -0.24391700 0.03988200 1.38722300
44 1.74404900 -0.00000100 -0.00000100 -0.02648500 -0.01316600 1.52193900
45 1.36875900 0.00000000 0.00000000 -0.24626800 0.17807500 0.18497200
46 3.99234600 0.89108500 1.82799600 -0.40198400 0.02856300 1.17767600
47 1.40591000 0.00000000 0.00000000 -0.01760800 -0.02363100 1.51566300
48 1.17535400 -0.00013000 0.00000000 0.03782400 0.11729500 0.26809600
49 4.82051300 0.50934200 0.22486500 -0.16257900 -0.11067600 1.17926300
50 1.82698100 -0.00000100 0.00000200 0.00718400 0.03980800 1.45252300
51 1.43656900 0.00000000 0.00000000 0.00808100 -0.01279400 0.27447100
52 4.75115400 0.69437000 -0.83047500 -0.03044400 -0.23121800 0.81546000
53 1.68805700 -0.00000100 0.00000000 0.00334900 -0.02449500 1.30398700
54 1.33614300 0.00000000 0.00000000 -0.01548800 -0.03545000 0.78358400
55 5.51180600 0.00000000 -0.00000200 -0.66744800 0.00000000 0.00000000
56 0.19685000 0.00000000 0.00000000 -0.34818200 0.00000000 0.00000000
time 22
0 -3.33884800 3.35843400 -2.47946200 0.00000000 0.00000000 -3.14156200
1 -8.39703807 25.13939736 -2.95479784 0.29952515 0.01437276 -0.74033991
2 3.85323700 0.12671100 -0.78579800 0.00000000 0.00000000 0.00000000
3 11.03187522 0.36355894 -4.04640824 0.24012900 0.91539100 1.52999000
4 -3.32562400 0.00371900 -2.40215400 0.00000000 0.00000000 0.00000000
5 -4.06109000 -0.00336600 -0.78740900 0.00000000 0.00000000 0.00000000
6 -0.00019500 0.00000000 0.39773100 0.00000000 0.00000000 0.00000000
7 -0.77869800 -2.43237500 -4.37718000 2.92105200 -0.04972300 -1.86575000
8 -1.09806239 0.21645500 0.18745800 0.00000000 0.00000000 0.00000000
9 0.00000000 0.00000000 0.00000000 0.00000000 0.00000000 -1.57079600
10 -0.00000100 7.45008900 -27.50902600 0.00000000 0.00000000 0.00003100
11 0.00000000 0.00000000 0.00000000 1.57078000 -1.56713700 -1.57078300
12 4.25546300 -0.33518200 0.00000000 0.00000000 0.00000000 -0.12484800
13 7.43124600 1.49647800 0.00000000 0.00000000 0.00000000 0.24545000
14 5.27847200 0.16554000 0.00000000 0.00000000 0.00000000 0.04851100
15 0.95845354 -10.46936879 6.97853225 1.97586600 1.15991000 -1.29878700
16 -6.21447400 0.00000000 0.00000000 0.06625965 0.31302071 -1.84015123
17 -11.94486570 0.00004200 0.00021600 0.10421932 -0.24272589 -1.26231876
18 -10.62016278 0.00006661 -0.00008254 -2.29188822 -0.21790150 0.49803727
19 -1.87479600 -0.93512200 0.99917600 1.72571800 0.67187600 0.85227800
20 -1.52344500 0.00000000 0.00000000 0.08099400 0.15396900 0.58815600
21 -1.59928300 0.00000000 0.00000000 0.01453800 -0.04039900 1.20561000
22 -4.52675100 -0.69057700 -1.12074100 -0.39343300 0.26032300 1.74034800
23 -1.74403400 0.00000000 0.00000000 -0.01415000 -0.02594600 0.91082300
24 -1.36876700 0.00000000 0.00000000 0.03508000 0.03899700 0.62765500
25 -3.99235200 -0.89119000 -1.82790800 -0.37607300 0.39711200 1.63661600
26 -1.40591000 0.00000200 0.00000100 0.01264700 -0.02662600 0.43060100
27 -1.17535800 0.00013400 0.00000000 0.05560900 0.03892800 0.86426700
28 -4.82049600 -0.50946200 -0.22475700 -0.35400300 0.08871400 1.49727800
29 -1.82698400 0.00000200 0.00000100 -0.00856400 0.03953200 1.05965000
30 -1.43656500 -0.00000200 -0.00000100 -0.05524000 -0.05469200 0.69918900
31 -4.75110400 -0.69450200 0.83058000 -0.16764200 0.00941500 0.33166900
32 -1.68806800 0.00000100 0.00000000 0.02182400 -0.01169900 0.36044800
33 -1.33614000 0.00000200 0.00000000 0.02564400 0.00608700 0.32044900
34 -5.58311939 0.11576246 -0.29503893 -0.90460900 0.06400000 0.02996900
35 -0.19684800 -0.00000093 0.00000046 -0.34818200 0.00000000 0.00000000
36 -1.33293075 -14.90588395 -0.27077885 1.97586300 1.15991000 1.84280400
37 6.21447800 0.00000100 0.00000000 -0.83678583 0.65309626 -1.64918237
38 11.94487700 0.00000200 -0.00019800 0.24270692 -0.27278066 -1.38536722
39 10.62016300 0.00000000 -0.00000300 -2.12967940 -0.66566413 0.56706967
40 1.87485700 0.93507800 -0.99912700 2.51444500 0.40613500 1.28819000
41 1.45054354 -0.06018985 0.09121700 0.08130900 0.15607800 0.58651000
42 1.59927900 0.00000000 0.00000000 0.08169400 -0.01721100 1.03306000
43 4.52675100 0.69046200 1.12084300 -0.24391700 0.03988200 1.38722300
44 1.74404900 -0.00000100 -0.00000100 -0.02648500 -0.01316600 1.52193900
45 1.36875900 0.00000000 0.00000000 -0.24626800 0.17807500 0.18497200
46 3.99234600 0.89108500 1.82799600 -0.40198400 0.02856300 1.17767600
47 1.40591000 0.00000000 0.00000000 -0.01760800 -0.02363100 1.51566300
48 1.17535400 -0.00013000 0.00000000 0.03782400 0.11729500 0.26809600
49 4.82051300 0.50934200 0.22486500 -0.16257900 -0.11067600 1.17926300
50 1.82698100 -0.00000100 0.00000200 0.00718400 0.03980800 1.45252300
51 1.43656900 0.00000000 0.00000000 0.00808100 -0.01279400 0.27447100
52 4.75115400 0.69437000 -0.83047500 -0.03044400 -0.23121800 0.81546000
53 1.68805700 -0.00000100 0.00000000 0.00334900 -0.02449500 1.30398700
54 1.33614300 0.00000000 0.00000000 -0.01548800 -0.03545000 0.78358400
55 5.51180600 0.00000000 -0.00000200 -0.66744800 0.00000000 0.00000000
56 0.19685000 0.00000000 0.00000000 -0.34818200 0.00000000 0.00000000
time 23
0 -3.33884800 3.35843400 -2.47946200 0.00000000 0.00000000 -3.14156200
1 -8.49606757 25.14082184 -3.00366718 0.29715913 0.01227958 -0.73818903
2 3.85323700 0.12671100 -0.78579800 0.00000000 0.00000000 0.00000000
3 11.03187522 0.36355894 -4.04640824 0.24012900 0.91539100 1.52999000
4 -3.32562400 0.00371900 -2.40215400 0.00000000 0.00000000 0.00000000
5 -4.06109000 -0.00336600 -0.78740900 0.00000000 0.00000000 0.00000000
6 -0.00019500 0.00000000 0.39773100 0.00000000 0.00000000 0.00000000
7 -0.77869800 -2.43237500 -4.37718000 2.92105200 -0.04972300 -1.86575000
8 -1.09806239 0.21645500 0.18745800 0.00000000 0.00000000 0.00000000
9 0.00000000 0.00000000 0.00000000 0.00000000 0.00000000 -1.57079600
10 -0.00000100 7.45008900 -27.50902600 0.00000000 0.00000000 0.00003100
11 0.00000000 0.00000000 0.00000000 1.57078000 -1.56713700 -1.57078300
12 4.25546300 -0.33518200 0.00000000 0.00000000 0.00000000 -0.12484800
13 7.43124600 1.49647800 0.00000000 0.00000000 0.00000000 0.24545000
14 5.27847200 0.16554000 0.00000000 0.00000000 0.00000000 0.04851100
15 0.95845354 -10.46936879 6.97853225 1.97586600 1.15991000 -1.29878700
16 -6.21447400 0.00000000 0.00000000 0.06905953 0.31404711 -1.84704011
17 -11.94486570 0.00004200 0.00021600 0.10230100 -0.24470077 -1.25463969
18 -10.62016278 0.00006661 -0.00008254 -2.29493989 -0.21781986 0.49686506
19 -1.87479600 -0.93512200 0.99917600 1.72571800 0.67187600 0.85227800
20 -1.52344500 0.00000000 0.00000000 0.08099400 0.15396900 0.58815600
21 -1.59928300 0.00000000 0.00000000 0.01453800 -0.04039900 1.20561000
22 -4.52675100 -0.69057700 -1.12074100 -0.39343300 0.26032300 1.74034800
23 -1.74403400 0.00000000 0.00000000 -0.01415000 -0.02594600 0.91082300
24 -1.36876700 0.00000000 0.00000000 0.03508000 0.03899700 0.62765500
25 -3.99235200 -0.89119000 -1.82790800 -0.37607300 0.39711200 1.63661600
26 -1.40591000 0.00000200 0.00000100 0.01264700 -0.02662600 0.43060100
27 -1.17535800 0.00013400 0.00000000 0.05560900 0.03892800 0.86426700
28 -4.82049600 -0.50946200 -0.22475700 -0.35400300 0.08871400 1.49727800
29 -1.82698400 0.00000200 0.00000100 -0.00856400 0.03953200 1.05965000
30 -1.43656500 -0.00000200 -0.00000100 -0.05524000 -0.05469200 0.69918900
31 -4.75110400 -0.69450200 0.83058000 -0.16764200 0.00941500 0.33166900
32 -1.68806800 0.00000100 0.00000000 0.02182400 -0.01169900 0.36044800
33 -1.33614000 0.00000200 0.00000000 0.02564400 0.00608700 0.32044900
34 -5.58311939 0.11576246 -0.29503893 -0.90460900 0.06400000 0.02996900
35 -0.19684800 -0.00000093 0.00000046 -0.34818200 0.00000000 0.00000000
36 -1.33293075 -14.90588395 -0.27077885 1.97586300 1.15991000 1.84280400
37 6.21447800 0.00000100 0.00000000 -0.83938679 0.65585394 -1.64277319
38 11.94487700 0.00000200 -0.00019800 0.24333376 -0.27047583 -1.38762734
39 10.62016300 0.00000000 -0.00000300 -2.12838309 -0.66205631 0.56601245
40 1.87485700 0.93507800 -0.99912700 2.51444500 0.40613500 1.28819000
41 1.45054354 -0.06018985 0.09121700 0.08130900 0.15607800 0.58651000
42 1.59927900 0.00000000 0.00000000 0.08169400 -0.01721100 1.03306000
43 4.52675100 0.69046200 1.12084300 -0.24391700 0.03988200 1.38722300
44 1.74404900 -0.00000100 -0.00000100 -0.02648500 -0.01316600 1.52193900
45 1.36875900 0.00000000 0.00000000 -0.24626800 0.17807500 0.18497200
46 3.99234600 0.89108500 1.82799600 -0.40198400 0.02856300 1.17767600
47 1.40591000 0.00000000 0.00000000 -0.01760800 -0.02363100 1.51566300
48 1.17535400 -0.00013000 0.00000000 0.03782400 0.11729500 0.26809600
49 4.82051300 0.50934200 0.22486500 -0.16257900 -0.11067600 1.17926300
50 1.82698100 -0.00000100 0.00000200 0.00718400 0.03980800 1.45252300
51 1.43656900 0.00000000 0.00000000 0.00808100 -0.01279400 0.27447100
52 4.75115400 0.69437000 -0.83047500 -0.03044400 -0.23121800 0.81546000
53 1.68805700 -0.00000100 0.00000000 0.00334900 -0.02449500 1.30398700
54 1.33614300 0.00000000 0.00000000 -0.01548800 -0.03545000 0.78358400
55 5.51180600 0.00000000 -0.00000200 -0.66744800 0.00000000 0.00000000
56 0.19685000 0.00000000 0.00000000 -0.34818200 0.00000000 0.00000000
time 24
0 -3.33884800 3.35843400 -2.47946200 0.00000000 0.00000000 -3.14156200
1 -8.57859114 25.14210185 -3.04764404 0.29319071 0.00626452 -0.73761911
2 3.85323700 0.12671100 -0.78579800 0.00000000 0.00000000 0.00000000
3 11.03187522 0.36355894 -4.04640824 0.24012900 0.91539100 1.52999000
4 -3.32562400 0.00371900 -2.40215400 0.00000000 0.00000000 0.00000000
5 -4.06109000 -0.00336600 -0.78740900 0.00000000 0.00000000 0.00000000
6 -0.00019500 0.00000000 0.39773100 0.00000000 0.00000000 0.00000000
7 -0.77869800 -2.43237500 -4.37718000 2.92105200 -0.04972300 -1.86575000
8 -1.09806239 0.21645500 0.18745800 0.00000000 0.00000000 0.00000000
9 0.00000000 0.00000000 0.00000000 0.00000000 0.00000000 -1.57079600
10 -0.00000100 7.45008900 -27.50902600 0.00000000 0.00000000 0.00003100
11 0.00000000 0.00000000 0.00000000 1.57078000 -1.56713700 -1.57078300
12 4.25546300 -0.33518200 0.00000000 0.00000000 0.00000000 -0.12484800
13 7.43124600 1.49647800 0.00000000 0.00000000 0.00000000 0.24545000
14 5.27847200 0.16554000 0.00000000 0.00000000 0.00000000 0.04851100
15 0.95845354 -10.46936879 6.97853225 1.97586600 1.15991000 -1.29878700
16 -6.21447400 0.00000000 0.00000000 0.06999978 0.31492574 -1.85267111
17 -11.94486570 0.00004200 0.00021600 0.10218877 -0.24811883 -1.25202560
18 -10.62016278 0.00006661 -0.00008254 -2.29676796 -0.21069268 0.50152225
19 -1.87479600 -0.93512200 0.99917600 1.72571800 0.67187600 0.85227800
20 -1.52344500 0.00000000 0.00000000 0.08099400 0.15396900 0.58815600
21 -1.59928300 0.00000000 0.00000000 0.01453800 -0.04039900 1.20561000
22 -4.52675100 -0.69057700 -1.12074100 -0.39343300 0.26032300 1.74034800
23 -1.74403400 0.00000000 0.00000000 -0.01415000 -0.02594600 0.91082300
24 -1.36876700 0.00000000 0.00000000 0.03508000 0.03899700 0.62765500
25 -3.99235200 -0.89119000 -1.82790800 -0.37607300 0.39711200 1.63661600
26 -1.40591000 0.00000200 0.00000100 0.01264700 -0.02662600 0.43060100
27 -1.17535800 0.00013400 0.00000000 0.05560900 0.03892800 0.86426700
28 -4.82049600 -0.50946200 -0.22475700 -0.35400300 0.08871400 1.49727800
29 -1.82698400 0.00000200 0.00000100 -0.00856400 0.03953200 1.05965000
30 -1.43656500 -0.00000200 -0.00000100 -0.05524000 -0.05469200 0.69918900
31 -4.75110400 -0.69450200 0.83058000 -0.16764200 0.00941500 0.33166900
32 -1.68806800 0.00000100 0.00000000 0.02182400 -0.01169900 0.36044800
33 -1.33614000 0.00000200 0.00000000 0.02564400 0.00608700 0.32044900
34 -5.58311939 0.11576246 -0.29503893 -0.90460900 0.06400000 0.02996900
35 -0.19684800 -0.00000093 0.00000046 -0.34818200 0.00000000 0.00000000
36 -1.33293075 -14.90588395 -0.27077885 1.97586300 1.15991000 1.84280400
37 6.21447800 0.00000100 0.00000000 -0.84097468 0.65947976 -1.63681044
38 11.94487700 0.00000200 -0.00019800 0.24449345 -0.26820421 -1.39220995
39 10.62016300 0.00000000 -0.00000300 -2.12897102 -0.65676217 0.57131524
40 1.87485700 0.93507800 -0.99912700 2.51444500 0.40613500 1.28819000
41 1.45054354 -0.06018985 0.09121700 0.08130900 0.15607800 0.58651000
42 1.59927900 0.00000000 0.00000000 0.08169400 -0.01721100 1.03306000
43 4.52675100 0.69046200 1.12084300 -0.24391700 0.03988200 1.38722300
44 1.74404900 -0.00000100 -0.00000100 -0.02648500 -0.01316600 1.52193900
45 1.36875900 0.00000000 0.00000000 -0.24626800 0.17807500 0.18497200
46 3.99234600 0.89108500 1.82799600 -0.40198400 0.02856300 1.17767600
47 1.40591000 0.00000000 0.00000000 -0.01760800 -0.02363100 1.51566300
48 1.17535400 -0.00013000 0.00000000 0.03782400 0.11729500 0.26809600
49 4.82051300 0.50934200 0.22486500 -0.16257900 -0.11067600 1.17926300
50 1.82698100 -0.00000100 0.00000200 0.00718400 0.03980800 1.45252300
51 1.43656900 0.00000000 0.00000000 0.00808100 -0.01279400 0.27447100
52 4.75115400 0.69437000 -0.83047500 -0.03044400 -0.23121800 0.81546000
53 1.68805700 -0.00000100 0.00000000 0.00334900 -0.02449500 1.30398700
54 1.33614300 0.00000000 0.00000000 -0.01548800 -0.03545000 0.78358400
55 5.51180600 0.00000000 -0.00000200 -0.66744800 0.00000000 0.00000000
56 0.19685000 0.00000000 0.00000000 -0.34818200 0.00000000 0.00000000
time 25
0 -3.33884800 3.35843400 -2.47946200 0.00000000 0.00000000 -3.14156200
1 -8.64943555 25.14323543 -3.08609044 0.28906424 -0.00185395 -0.73801995
2 3.85323700 0.12671100 -0.78579800 0.00000000 0.00000000 0.00000000
3 11.03187522 0.36355894 -4.04640824 0.24012900 0.91539100 1.52999000
4 -3.32562400 0.00371900 -2.40215400 0.00000000 0.00000000 0.00000000
5 -4.06109000 -0.00336600 -0.78740900 0.00000000 0.00000000 0.00000000
6 -0.00019500 0.00000000 0.39773100 0.00000000 0.00000000 0.00000000
7 -0.77869800 -2.43237500 -4.37718000 2.92105200 -0.04972300 -1.86575000
8 -1.09806239 0.21645500 0.18745800 0.00000000 0.00000000 0.00000000
9 0.00000000 0.00000000 0.00000000 0.00000000 0.00000000 -1.57079600
10 -0.00000100 7.45008900 -27.50902600 0.00000000 0.00000000 0.00003100
11 0.00000000 0.00000000 0.00000000 1.57078000 -1.56713700 -1.57078300
12 4.25546300 -0.33518200 0.00000000 0.00000000 0.00000000 -0.12484800
13 7.43124600 1.49647800 0.00000000 0.00000000 0.00000000 0.24545000
14 5.27847200 0.16554000 0.00000000 0.00000000 0.00000000 0.04851100
15 0.95845354 -10.46936879 6.97853225 1.97586600 1.15991000 -1.29878700
16 -6.21447400 0.00000000 0.00000000 0.06962234 0.31554140 -1.85749122
17 -11.94486570 0.00004200 0.00021600 0.10297533 -0.25228044 -1.25224110
18 -10.62016278 0.00006661 -0.00008254 -2.29703366 -0.19949560 0.50894081
19 -1.87479600 -0.93512200 0.99917600 1.72571800 0.67187600 0.85227800
20 -1.52344500 0.00000000 0.00000000 0.08099400 0.15396900 0.58815600
21 -1.59928300 0.00000000 0.00000000 0.01453800 -0.04039900 1.20561000
22 -4.52675100 -0.69057700 -1.12074100 -0.39343300 0.26032300 1.74034800
23 -1.74403400 0.00000000 0.00000000 -0.01415000 -0.02594600 0.91082300
24 -1.36876700 0.00000000 0.00000000 0.03508000 0.03899700 0.62765500
25 -3.99235200 -0.89119000 -1.82790800 -0.37607300 0.39711200 1.63661600
26 -1.40591000 0.00000200 0.00000100 0.01264700 -0.02662600 0.43060100
27 -1.17535800 0.00013400 0.00000000 0.05560900 0.03892800 0.86426700
28 -4.82049600 -0.50946200 -0.22475700 -0.35400300 0.08871400 1.49727800
29 -1.82698400 0.00000200 0.00000100 -0.00856400 0.03953200 1.05965000
30 -1.43656500 -0.00000200 -0.00000100 -0.05524000 -0.05469200 0.69918900
31 -4.75110400 -0.69450200 0.83058000 -0.16764200 0.00941500 0.33166900
32 -1.68806800 0.00000100 0.00000000 0.02182400 -0.01169900 0.36044800
33 -1.33614000 0.00000200 0.00000000 0.02564400 0.00608700 0.32044900
34 -5.58311939 0.11576246 -0.29503893 -0.90460900 0.06400000 0.02996900
35 -0.19684800 -0.00000093 0.00000046 -0.34818200 0.00000000 0.00000000
36 -1.33293075 -14.90588395 -0.27077885 1.97586300 1.15991000 1.84280400
37 6.21447800 0.00000100 0.00000000 -0.84198519 0.66325467 -1.63142893
38 11.94487700 0.00000200 -0.00019800 0.24583818 -0.26583937 -1.39769559
39 10.62016300 0.00000000 -0.00000300 -2.13144442 -0.65078478 0.58032455
40 1.87485700 0.93507800 -0.99912700 2.51444500 0.40613500 1.28819000
41 1.45054354 -0.06018985 0.09121700 0.08130900 0.15607800 0.58651000
42 1.59927900 0.00000000 0.00000000 0.08169400 -0.01721100 1.03306000
43 4.52675100 0.69046200 1.12084300 -0.24391700 0.03988200 1.38722300
44 1.74404900 -0.00000100 -0.00000100 -0.02648500 -0.01316600 1.52193900
45 1.36875900 0.00000000 0.00000000 -0.24626800 0.17807500 0.18497200
46 3.99234600 0.89108500 1.82799600 -0.40198400 0.02856300 1.17767600
47 1.40591000 0.00000000 0.00000000 -0.01760800 -0.02363100 1.51566300
48 1.17535400 -0.00013000 0.00000000 0.03782400 0.11729500 0.26809600
49 4.82051300 0.50934200 0.22486500 -0.16257900 -0.11067600 1.17926300
50 1.82698100 -0.00000100 0.00000200 0.00718400 0.03980800 1.45252300
51 1.43656900 0.00000000 0.00000000 0.00808100 -0.01279400 0.27447100
52 4.75115400 0.69437000 -0.83047500 -0.03044400 -0.23121800 0.81546000
53 1.68805700 -0.00000100 0.00000000 0.00334900 -0.02449500 1.30398700
54 1.33614300 0.00000000 0.00000000 -0.01548800 -0.03545000 0.78358400
55 5.51180600 0.00000000 -0.00000200 -0.66744800 0.00000000 0.00000000
56 0.19685000 0.00000000 0.00000000 -0.34818200 0.00000000 0.00000000
time 26
0 -3.33884800 3.35843400 -2.47946200 0.00000000 0.00000000 -3.14156200
1 -8.71589028 25.14420276 -3.12007294 0.28559270 -0.01006234 -0.73873107
2 3.85323700 0.12671100 -0.78579800 0.00000000 0.00000000 0.00000000
3 11.03187522 0.36355894 -4.04640824 0.24012900 0.91539100 1.52999000
4 -3.32562400 0.00371900 -2.40215400 0.00000000 0.00000000 0.00000000
5 -4.06109000 -0.00336600 -0.78740900 0.00000000 0.00000000 0.00000000
6 -0.00019500 0.00000000 0.39773100 0.00000000 0.00000000 0.00000000
7 -0.77869800 -2.43237500 -4.37718000 2.92105200 -0.04972300 -1.86575000
8 -1.09806239 0.21645500 0.18745800 0.00000000 0.00000000 0.00000000
9 0.00000000 0.00000000 0.00000000 0.00000000 0.00000000 -1.57079600
10 -0.00000100 7.45008900 -27.50902600 0.00000000 0.00000000 0.00003100
11 0.00000000 0.00000000 0.00000000 1.57078000 -1.56713700 -1.57078300
12 4.25546300 -0.33518200 0.00000000 0.00000000 0.00000000 -0.12484800
13 7.43124600 1.49647800 0.00000000 0.00000000 0.00000000 0.24545000
14 5.27847200 0.16554000 0.00000000 0.00000000 0.00000000 0.04851100
15 0.95845354 -10.46936879 6.97853225 1.97586600 1.15991000 -1.29878700
16 -6.21447400 0.00000000 0.00000000 0.06877343 0.31616530 -1.86216552
17 -11.94486570 0.00004200 0.00021600 0.10390038 -0.25652258 -1.25273865
18 -10.62016278 0.00006661 -0.00008254 -2.29621156 -0.18803089 0.51635359
19 -1.87479600 -0.93512200 0.99917600 1.72571800 0.67187600 0.85227800
20 -1.52344500 0.00000000 0.00000000 0.08099400 0.15396900 0.58815600
21 -1.59928300 0.00000000 0.00000000 0.01453800 -0.04039900 1.20561000
22 -4.52675100 -0.69057700 -1.12074100 -0.39343300 0.26032300 1.74034800
23 -1.74403400 0.00000000 0.00000000 -0.01415000 -0.02594600 0.91082300
24 -1.36876700 0.00000000 0.00000000 0.03508000 0.03899700 0.62765500
25 -3.99235200 -0.89119000 -1.82790800 -0.37607300 0.39711200 1.63661600
26 -1.40591000 0.00000200 0.00000100 0.01264700 -0.02662600 0.43060100
27 -1.17535800 0.00013400 0.00000000 0.05560900 0.03892800 0.86426700
28 -4.82049600 -0.50946200 -0.22475700 -0.35400300 0.08871400 1.49727800
29 -1.82698400 0.00000200 0.00000100 -0.00856400 0.03953200 1.05965000
30 -1.43656500 -0.00000200 -0.00000100 -0.05524000 -0.05469200 0.69918900
31 -4.75110400 -0.69450200 0.83058000 -0.16764200 0.00941500 0.33166900
32 -1.68806800 0.00000100 0.00000000 0.02182400 -0.01169900 0.36044800
33 -1.33614000 0.00000200 0.00000000 0.02564400 0.00608700 0.32044900
34 -5.58311939 0.11576246 -0.29503893 -0.90460900 0.06400000 0.02996900
35 -0.19684800 -0.00000093 0.00000046 -0.34818200 0.00000000 0.00000000
36 -1.33293075 -14.90588395 -0.27077885 1.97586300 1.15991000 1.84280400
37 6.21447800 0.00000100 0.00000000 -0.84283324 0.66673324 -1.62635105
38 11.94487700 0.00000200 -0.00019800 0.24703706 -0.26352342 -1.40287687
39 10.62016300 0.00000000 -0.00000300 -2.13466572 -0.64519016 0.58970530
40 1.87485700 0.93507800 -0.99912700 2.51444500 0.40613500 1.28819000
41 1.45054354 -0.06018985 0.09121700 0.08130900 0.15607800 0.58651000
42 1.59927900 0.00000000 0.00000000 0.08169400 -0.01721100 1.03306000
43 4.52675100 0.69046200 1.12084300 -0.24391700 0.03988200 1.38722300
44 1.74404900 -0.00000100 -0.00000100 -0.02648500 -0.01316600 1.52193900
45 1.36875900 0.00000000 0.00000000 -0.24626800 0.17807500 0.18497200
46 3.99234600 0.89108500 1.82799600 -0.40198400 0.02856300 1.17767600
47 1.40591000 0.00000000 0.00000000 -0.01760800 -0.02363100 1.51566300
48 1.17535400 -0.00013000 0.00000000 0.03782400 0.11729500 0.26809600
49 4.82051300 0.50934200 0.22486500 -0.16257900 -0.11067600 1.17926300
50 1.82698100 -0.00000100 0.00000200 0.00718400 0.03980800 1.45252300
51 1.43656900 0.00000000 0.00000000 0.00808100 -0.01279400 0.27447100
52 4.75115400 0.69437000 -0.83047500 -0.03044400 -0.23121800 0.81546000
53 1.68805700 -0.00000100 0.00000000 0.00334900 -0.02449500 1.30398700
54 1.33614300 0.00000000 0.00000000 -0.01548800 -0.03545000 0.78358400
55 5.51180600 0.00000000 -0.00000200 -0.66744800 0.00000000 0.00000000
56 0.19685000 0.00000000 0.00000000 -0.34818200 0.00000000 0.00000000
time 27
0 -3.33884800 3.35843400 -2.47946200 0.00000000 0.00000000 -3.14156200
1 -8.76943168 25.14498104 -3.15182842 0.28290247 -0.01880485 -0.73982462
2 3.85323700 0.12671100 -0.78579800 0.00000000 0.00000000 0.00000000
3 11.03187522 0.36355894 -4.04640824 0.24012900 0.91539100 1.52999000
4 -3.32562400 0.00371900 -2.40215400 0.00000000 0.00000000 0.00000000
5 -4.06109000 -0.00336600 -0.78740900 0.00000000 0.00000000 0.00000000
6 -0.00019500 0.00000000 0.39773100 0.00000000 0.00000000 0.00000000
7 -0.77869800 -2.43237500 -4.37718000 2.92105200 -0.04972300 -1.86575000
8 -1.09806239 0.21645500 0.18745800 0.00000000 0.00000000 0.00000000
9 0.00000000 0.00000000 0.00000000 0.00000000 0.00000000 -1.57079600
10 -0.00000100 7.45008900 -27.50902600 0.00000000 0.00000000 0.00003100
11 0.00000000 0.00000000 0.00000000 1.57078000 -1.56713700 -1.57078300
12 4.25546300 -0.33518200 0.00000000 0.00000000 0.00000000 -0.12484800
13 7.43124600 1.49647800 0.00000000 0.00000000 0.00000000 0.24545000
14 5.27847200 0.16554000 0.00000000 0.00000000 0.00000000 0.04851100
15 0.95845354 -10.46936879 6.97853225 1.97586600 1.15991000 -1.29878700
16 -6.21447400 0.00000000 0.00000000 0.06726911 0.31643076 -1.86587577
17 -11.94486570 0.00004200 0.00021600 0.10514736 -0.26052345 -1.25460872
18 -10.62016278 0.00006661 -0.00008254 -2.29413006 -0.17558831 0.52435487
19 -1.87479600 -0.93512200 0.99917600 1.72571800 0.67187600 0.85227800
20 -1.52344500 0.00000000 0.00000000 0.08099400 0.15396900 0.58815600
21 -1.59928300 0.00000000 0.00000000 0.01453800 -0.04039900 1.20561000
22 -4.52675100 -0.69057700 -1.12074100 -0.39343300 0.26032300 1.74034800
23 -1.74403400 0.00000000 0.00000000 -0.01415000 -0.02594600 0.91082300
24 -1.36876700 0.00000000 0.00000000 0.03508000 0.03899700 0.62765500
25 -3.99235200 -0.89119000 -1.82790800 -0.37607300 0.39711200 1.63661600
26 -1.40591000 0.00000200 0.00000100 0.01264700 -0.02662600 0.43060100
27 -1.17535800 0.00013400 0.00000000 0.05560900 0.03892800 0.86426700
28 -4.82049600 -0.50946200 -0.22475700 -0.35400300 0.08871400 1.49727800
29 -1.82698400 0.00000200 0.00000100 -0.00856400 0.03953200 1.05965000
30 -1.43656500 -0.00000200 -0.00000100 -0.05524000 -0.05469200 0.69918900
31 -4.75110400 -0.69450200 0.83058000 -0.16764200 0.00941500 0.33166900
32 -1.68806800 0.00000100 0.00000000 0.02182400 -0.01169900 0.36044800
33 -1.33614000 0.00000200 0.00000000 0.02564400 0.00608700 0.32044900
34 -5.58311939 0.11576246 -0.29503893 -0.90460900 0.06400000 0.02996900
35 -0.19684800 -0.00000093 0.00000046 -0.34818200 0.00000000 0.00000000
36 -1.33293075 -14.90588395 -0.27077885 1.97586300 1.15991000 1.84280400
37 6.21447800 0.00000100 0.00000000 -0.84292002 0.67006361 -1.62209141
38 11.94487700 0.00000200 -0.00019800 0.24818442 -0.26139730 -1.40791052
39 10.62016300 0.00000000 -0.00000300 -2.13952774 -0.64019876 0.60023694
40 1.87485700 0.93507800 -0.99912700 2.51444500 0.40613500 1.28819000
41 1.45054354 -0.06018985 0.09121700 0.08130900 0.15607800 0.58651000
42 1.59927900 0.00000000 0.00000000 0.08169400 -0.01721100 1.03306000
43 4.52675100 0.69046200 1.12084300 -0.24391700 0.03988200 1.38722300
44 1.74404900 -0.00000100 -0.00000100 -0.02648500 -0.01316600 1.52193900
45 1.36875900 0.00000000 0.00000000 -0.24626800 0.17807500 0.18497200
46 3.99234600 0.89108500 1.82799600 -0.40198400 0.02856300 1.17767600
47 1.40591000 0.00000000 0.00000000 -0.01760800 -0.02363100 1.51566300
48 1.17535400 -0.00013000 0.00000000 0.03782400 0.11729500 0.26809600
49 4.82051300 0.50934200 0.22486500 -0.16257900 -0.11067600 1.17926300
50 1.82698100 -0.00000100 0.00000200 0.00718400 0.03980800 1.45252300
51 1.43656900 0.00000000 0.00000000 0.00808100 -0.01279400 0.27447100
52 4.75115400 0.69437000 -0.83047500 -0.03044400 -0.23121800 0.81546000
53 1.68805700 -0.00000100 0.00000000 0.00334900 -0.02449500 1.30398700
54 1.33614300 0.00000000 0.00000000 -0.01548800 -0.03545000 0.78358400
55 5.51180600 0.00000000 -0.00000200 -0.66744800 0.00000000 0.00000000
56 0.19685000 0.00000000 0.00000000 -0.34818200 0.00000000 0.00000000
time 28
0 -3.33884800 3.35843400 -2.47946200 0.00000000 0.00000000 -3.14156200
1 -8.79514191 25.14555930 -3.17802327 0.28284833 -0.02910602 -0.74218490
2 3.85323700 0.12671100 -0.78579800 0.00000000 0.00000000 0.00000000
3 11.03187522 0.36355894 -4.04640824 0.24012900 0.91539100 1.52999000
4 -3.32562400 0.00371900 -2.40215400 0.00000000 0.00000000 0.00000000
5 -4.06109000 -0.00336600 -0.78740900 0.00000000 0.00000000 0.00000000
6 -0.00019500 0.00000000 0.39773100 0.00000000 0.00000000 0.00000000
7 -0.77869800 -2.43237500 -4.37718000 2.92105200 -0.04972300 -1.86575000
8 -1.09806239 0.21645500 0.18745800 0.00000000 0.00000000 0.00000000
9 0.00000000 0.00000000 0.00000000 0.00000000 0.00000000 -1.57079600
10 -0.00000100 7.45008900 -27.50902600 0.00000000 0.00000000 0.00003100
11 0.00000000 0.00000000 0.00000000 1.57078000 -1.56713700 -1.57078300
12 4.25546300 -0.33518200 0.00000000 0.00000000 0.00000000 -0.12484800
13 7.43124600 1.49647800 0.00000000 0.00000000 0.00000000 0.24545000
14 5.27847200 0.16554000 0.00000000 0.00000000 0.00000000 0.04851100
15 0.95845354 -10.46936879 6.97853225 1.97586600 1.15991000 -1.29878700
16 -6.21447400 0.00000000 0.00000000 0.06419902 0.31622268 -1.86745466
17 -11.94486570 0.00004200 0.00021600 0.10734721 -0.26450515 -1.25972154
18 -10.62016278 0.00006661 -0.00008254 -2.28791080 -0.16035843 0.53355646
19 -1.87479600 -0.93512200 0.99917600 1.72571800 0.67187600 0.85227800
20 -1.52344500 0.00000000 0.00000000 0.08099400 0.15396900 0.58815600
21 -1.59928300 0.00000000 0.00000000 0.01453800 -0.04039900 1.20561000
22 -4.52675100 -0.69057700 -1.12074100 -0.39343300 0.26032300 1.74034800
23 -1.74403400 0.00000000 0.00000000 -0.01415000 -0.02594600 0.91082300
24 -1.36876700 0.00000000 0.00000000 0.03508000 0.03899700 0.62765500
25 -3.99235200 -0.89119000 -1.82790800 -0.37607300 0.39711200 1.63661600
26 -1.40591000 0.00000200 0.00000100 0.01264700 -0.02662600 0.43060100
27 -1.17535800 0.00013400 0.00000000 0.05560900 0.03892800 0.86426700
28 -4.82049600 -0.50946200 -0.22475700 -0.35400300 0.08871400 1.49727800
29 -1.82698400 0.00000200 0.00000100 -0.00856400 0.03953200 1.05965000
30 -1.43656500 -0.00000200 -0.00000100 -0.05524000 -0.05469200 0.69918900
31 -4.75110400 -0.69450200 0.83058000 -0.16764200 0.00941500 0.33166900
32 -1.68806800 0.00000100 0.00000000 0.02182400 -0.01169900 0.36044800
33 -1.33614000 0.00000200 0.00000000 0.02564400 0.00608700 0.32044900
34 -5.58311939 0.11576246 -0.29503893 -0.90460900 0.06400000 0.02996900
35 -0.19684800 -0.00000093 0.00000046 -0.34818200 0.00000000 0.00000000
36 -1.33293075 -14.90588395 -0.27077885 1.97586300 1.15991000 1.84280400
37 6.21447800 0.00000100 0.00000000 -0.84094972 0.67319967 -1.61934542
38 11.94487700 0.00000200 -0.00019800 0.24917731 -0.25976675 -1.41239148
39 10.62016300 0.00000000 -0.00000300 -2.14931229 -0.63714865 0.61417821
40 1.87485700 0.93507800 -0.99912700 2.51444500 0.40613500 1.28819000
41 1.45054354 -0.06018985 0.09121700 0.08130900 0.15607800 0.58651000
42 1.59927900 0.00000000 0.00000000 0.08169400 -0.01721100 1.03306000
43 4.52675100 0.69046200 1.12084300 -0.24391700 0.03988200 1.38722300
44 1.74404900 -0.00000100 -0.00000100 -0.02648500 -0.01316600 1.52193900
45 1.36875900 0.00000000 0.00000000 -0.24626800 0.17807500 0.18497200
46 3.99234600 0.89108500 1.82799600 -0.40198400 0.02856300 1.17767600
47 1.40591000 0.00000000 0.00000000 -0.01760800 -0.02363100 1.51566300
48 1.17535400 -0.00013000 0.00000000 0.03782400 0.11729500 0.26809600
49 4.82051300 0.50934200 0.22486500 -0.16257900 -0.11067600 1.17926300
50 1.82698100 -0.00000100 0.00000200 0.00718400 0.03980800 1.45252300
51 1.43656900 0.00000000 0.00000000 0.00808100 -0.01279400 0.27447100
52 4.75115400 0.69437000 -0.83047500 -0.03044400 -0.23121800 0.81546000
53 1.68805700 -0.00000100 0.00000000 0.00334900 -0.02449500 1.30398700
54 1.33614300 0.00000000 0.00000000 -0.01548800 -0.03545000 0.78358400
55 5.51180600 0.00000000 -0.00000200 -0.66744800 0.00000000 0.00000000
56 0.19685000 0.00000000 0.00000000 -0.34818200 0.00000000 0.00000000
time 29
0 -3.33884800 3.35843400 -2.47946200 0.00000000 0.00000000 -3.14156200
1 -8.81901565 25.14591963 -3.20086049 0.28303694 -0.03908187 -0.74462293
2 3.85323700 0.12671100 -0.78579800 0.00000000 0.00000000 0.00000000
3 11.03187522 0.36355894 -4.04640824 0.24012900 0.91539100 1.52999000
4 -3.32562400 0.00371900 -2.40215400 0.00000000 0.00000000 0.00000000
5 -4.06109000 -0.00336600 -0.78740900 0.00000000 0.00000000 0.00000000
6 -0.00019500 0.00000000 0.39773100 0.00000000 0.00000000 0.00000000
7 -0.77869800 -2.43237500 -4.37718000 2.92105200 -0.04972300 -1.86575000
8 -1.09806239 0.21645500 0.18745800 0.00000000 0.00000000 0.00000000
9 0.00000000 0.00000000 0.00000000 0.00000000 0.00000000 -1.57079600
10 -0.00000100 7.45008900 -27.50902600 0.00000000 0.00000000 0.00003100
11 0.00000000 0.00000000 0.00000000 1.57078000 -1.56713700 -1.57078300
12 4.25546300 -0.33518200 0.00000000 0.00000000 0.00000000 -0.12484800
13 7.43124600 1.49647800 0.00000000 0.00000000 0.00000000 0.24545000
14 5.27847200 0.16554000 0.00000000 0.00000000 0.00000000 0.04851100
15 0.95845354 -10.46936879 6.97853225 1.97586600 1.15991000 -1.29878700
16 -6.21447400 0.00000000 0.00000000 0.06095438 0.31588207 -1.86910466
17 -11.94486570 0.00004200 0.00021600 0.10950897 -0.26832160 -1.26457142
18 -10.62016278 0.00006661 -0.00008254 -2.28145015 -0.14549299 0.54265763
19 -1.87479600 -0.93512200 0.99917600 1.72571800 0.67187600 0.85227800
20 -1.52344500 0.00000000 0.00000000 0.08099400 0.15396900 0.58815600
21 -1.59928300 0.00000000 0.00000000 0.01453800 -0.04039900 1.20561000
22 -4.52675100 -0.69057700 -1.12074100 -0.39343300 0.26032300 1.74034800
23 -1.74403400 0.00000000 0.00000000 -0.01415000 -0.02594600 0.91082300
24 -1.36876700 0.00000000 0.00000000 0.03508000 0.03899700 0.62765500
25 -3.99235200 -0.89119000 -1.82790800 -0.37607300 0.39711200 1.63661600
26 -1.40591000 0.00000200 0.00000100 0.01264700 -0.02662600 0.43060100
27 -1.17535800 0.00013400 0.00000000 0.05560900 0.03892800 0.86426700
28 -4.82049600 -0.50946200 -0.22475700 -0.35400300 0.08871400 1.49727800
29 -1.82698400 0.00000200 0.00000100 -0.00856400 0.03953200 1.05965000
30 -1.43656500 -0.00000200 -0.00000100 -0.05524000 -0.05469200 0.69918900
31 -4.75110400 -0.69450200 0.83058000 -0.16764200 0.00941500 0.33166900
32 -1.68806800 0.00000100 0.00000000 0.02182400 -0.01169900 0.36044800
33 -1.33614000 0.00000200 0.00000000 0.02564400 0.00608700 0.32044900
34 -5.58311939 0.11576246 -0.29503893 -0.90460900 0.06400000 0.02996900
35 -0.19684800 -0.00000093 0.00000046 -0.34818200 0.00000000 0.00000000
36 -1.33293075 -14.90588395 -0.27077885 1.97586300 1.15991000 1.84280400
37 6.21447800 0.00000100 0.00000000 -0.83938038 0.67605094 -1.61707888
38 11.94487700 0.00000200 -0.00019800 0.25001909 -0.25818313 -1.41661578
39 10.62016300 0.00000000 -0.00000300 -2.15866048 -0.63406113 0.62749621
40 1.87485700 0.93507800 -0.99912700 2.51444500 0.40613500 1.28819000
41 1.45054354 -0.06018985 0.09121700 0.08130900 0.15607800 0.58651000
42 1.59927900 0.00000000 0.00000000 0.08169400 -0.01721100 1.03306000
43 4.52675100 0.69046200 1.12084300 -0.24391700 0.03988200 1.38722300
44 1.74404900 -0.00000100 -0.00000100 -0.02648500 -0.01316600 1.52193900
45 1.36875900 0.00000000 0.00000000 -0.24626800 0.17807500 0.18497200
46 3.99234600 0.89108500 1.82799600 -0.40198400 0.02856300 1.17767600
47 1.40591000 0.00000000 0.00000000 -0.01760800 -0.02363100 1.51566300
48 1.17535400 -0.00013000 0.00000000 0.03782400 0.11729500 0.26809600
49 4.82051300 0.50934200 0.22486500 -0.16257900 -0.11067600 1.17926300
50 1.82698100 -0.00000100 0.00000200 0.00718400 0.03980800 1.45252300
51 1.43656900 0.00000000 0.00000000 0.00808100 -0.01279400 0.27447100
52 4.75115400 0.69437000 -0.83047500 -0.03044400 -0.23121800 0.81546000
53 1.68805700 -0.00000100 0.00000000 0.00334900 -0.02449500 1.30398700
54 1.33614300 0.00000000 0.00000000 -0.01548800 -0.03545000 0.78358400
55 5.51180600 0.00000000 -0.00000200 -0.66744800 0.00000000 0.00000000
56 0.19685000 0.00000000 0.00000000 -0.34818200 0.00000000 0.00000000
time 30
0 -3.33884800 3.35843400 -2.47946200 0.00000000 0.00000000 -3.14156200
1 -8.84198485 25.14604417 -3.22126598 0.28310813 -0.04870517 -0.74707214
2 3.85323700 0.12671100 -0.78579800 0.00000000 0.00000000 0.00000000
3 11.03187576 0.36355902 -4.04640731 0.24012900 0.91539100 1.52999000
4 -3.32562400 0.00371900 -2.40215400 0.00000000 0.00000000 0.00000000
5 -4.06109000 -0.00336600 -0.78740900 0.00000000 0.00000000 0.00000000
6 -0.00019500 0.00000000 0.39773100 0.00000000 0.00000000 0.00000000
7 -0.77869800 -2.43237500 -4.37718000 2.92105200 -0.04972300 -1.86575000
8 -1.09806193 0.21645500 0.18745800 0.00000000 0.00000000 0.00000000
9 0.00000000 0.00000000 0.00000000 0.00000000 0.00000000 -1.57079600
10 -0.00000100 7.45008900 -27.50902600 0.00000000 0.00000000 0.00003100
11 0.00000000 0.00000000 0.00000000 1.57078000 -1.56713700 -1.57078300
12 4.25546300 -0.33518200 0.00000000 0.00000000 0.00000000 -0.12484800
13 7.43124600 1.49647800 0.00000000 0.00000000 0.00000000 0.24545000
14 5.27847200 0.16554000 0.00000000 0.00000000 0.00000000 0.04851100
15 0.95845354 -10.46936879 6.97853225 1.97586600 1.15991000 -1.29878700
16 -6.21447400 0.00000000 0.00000000 0.05759678 0.31543492 -1.87096843
17 -11.94486339 0.00004200 0.00021654 0.11148417 -0.27180052 -1.26916063
18 -10.62016269 0.00006846 -0.00008200 -2.27515973 -0.13121956 0.55176815
19 -1.87479600 -0.93512200 0.99917600 1.72571800 0.67187600 0.85227800
20 -1.52344500 0.00000000 0.00000000 0.08099400 0.15396900 0.58815600
21 -1.59928300 0.00000000 0.00000000 0.01453800 -0.04039900 1.20561000
22 -4.52675100 -0.69057700 -1.12074100 -0.39343300 0.26032300 1.74034800
23 -1.74403400 0.00000000 0.00000000 -0.01415000 -0.02594600 0.91082300
24 -1.36876700 0.00000000 0.00000000 0.03508000 0.03899700 0.62765500
25 -3.99235200 -0.89119000 -1.82790800 -0.37607300 0.39711200 1.63661600
26 -1.40591000 0.00000200 0.00000100 0.01264700 -0.02662600 0.43060100
27 -1.17535800 0.00013400 0.00000000 0.05560900 0.03892800 0.86426700
28 -4.82049600 -0.50946200 -0.22475700 -0.35400300 0.08871400 1.49727800
29 -1.82698400 0.00000200 0.00000100 -0.00856400 0.03953200 1.05965000
30 -1.43656500 -0.00000200 -0.00000100 -0.05524000 -0.05469200 0.69918900
31 -4.75110400 -0.69450200 0.83058000 -0.16764200 0.00941500 0.33166900
32 -1.68806800 0.00000100 0.00000000 0.02182400 -0.01169900 0.36044800
33 -1.33614000 0.00000200 0.00000000 0.02564400 0.00608700 0.32044900
34 -5.58311907 0.11576300 -0.29503793 -0.90460900 0.06400000 0.02996900
35 -0.19684746 0.00000000 -0.00000046 -0.34818200 0.00000000 0.00000000
36 -1.33293121 -14.90588395 -0.27077885 1.97586300 1.15991000 1.84280400
37 6.21447800 0.00000100 0.00000000 -0.83811975 0.67883584 -1.61499008
38 11.94487700 0.00000200 -0.00019800 0.25083189 -0.25675251 -1.42071048
39 10.62016300 0.00000000 -0.00000300 -2.16732354 -0.63077042 0.64014854
40 1.87485700 0.93507800 -0.99912700 2.51444500 0.40613500 1.28819000
41 1.45054354 -0.06018785 0.09121707 0.08130900 0.15607800 0.58651000
42 1.59927900 0.00000000 0.00000000 0.08169400 -0.01721100 1.03306000
43 4.52675100 0.69046200 1.12084300 -0.24391700 0.03988200 1.38722300
44 1.74404900 -0.00000100 -0.00000100 -0.02648500 -0.01316600 1.52193900
45 1.36875900 0.00000000 0.00000000 -0.24626800 0.17807500 0.18497200
46 3.99234600 0.89108500 1.82799600 -0.40198400 0.02856300 1.17767600
47 1.40591000 0.00000000 0.00000000 -0.01760800 -0.02363100 1.51566300
48 1.17535400 -0.00013000 0.00000000 0.03782400 0.11729500 0.26809600
49 4.82051300 0.50934200 0.22486500 -0.16257900 -0.11067600 1.17926300
50 1.82698100 -0.00000100 0.00000200 0.00718400 0.03980800 1.45252300
51 1.43656900 0.00000000 0.00000000 0.00808100 -0.01279400 0.27447100
52 4.75115400 0.69437000 -0.83047500 -0.03044400 -0.23121800 0.81546000
53 1.68805700 -0.00000100 0.00000000 0.00334900 -0.02449500 1.30398700
54 1.33614300 0.00000000 0.00000000 -0.01548800 -0.03545000 0.78358400
55 5.51180600 0.00000000 -0.00000200 -0.66744800 0.00000000 0.00000000
56 0.19685000 0.00000000 0.00000000 -0.34818200 0.00000000 0.00000000
time 31
0 -3.33884800 3.35843400 -2.47946200 0.00000000 0.00000000 -3.14156200
1 -8.79147502 25.14591963 -3.23012113 0.28798556 -0.05293076 -0.75016879
2 3.85323700 0.12671100 -0.78579800 0.00000000 0.00000000 0.00000000
3 11.03187576 0.36355902 -4.04640731 0.24012900 0.91539100 1.52999000
4 -3.32562400 0.00371900 -2.40215400 0.00000000 0.00000000 0.00000000
5 -4.06109000 -0.00336600 -0.78740900 0.00000000 0.00000000 0.00000000
6 -0.00019500 0.00000000 0.39773100 0.00000000 0.00000000 0.00000000
7 -0.77869800 -2.43237500 -4.37718000 2.92105200 -0.04972300 -1.86575000
8 -1.09806193 0.21645500 0.18745800 0.00000000 0.00000000 0.00000000
9 0.00000000 0.00000000 0.00000000 0.00000000 0.00000000 -1.57079600
10 -0.00000100 7.45008900 -27.50902600 0.00000000 0.00000000 0.00003100
11 0.00000000 0.00000000 0.00000000 1.57078000 -1.56713700 -1.57078300
12 4.25546300 -0.33518200 0.00000000 0.00000000 0.00000000 -0.12484800
13 7.43124600 1.49647800 0.00000000 0.00000000 0.00000000 0.24545000
14 5.27847200 0.16554000 0.00000000 0.00000000 0.00000000 0.04851100
15 0.95845354 -10.46936879 6.97853225 1.97586600 1.15991000 -1.29878700
16 -6.21447400 0.00000000 0.00000000 0.05538702 0.31523079 -1.86692024
17 -11.94486339 0.00004200 0.00021654 0.11382213 -0.27272375 -1.27640738
18 -10.62016269 0.00006846 -0.00008200 -2.26696344 -0.12486221 0.55602011
19 -1.87479600 -0.93512200 0.99917600 1.72571800 0.67187600 0.85227800
20 -1.52344500 0.00000000 0.00000000 0.08099400 0.15396900 0.58815600
21 -1.59928300 0.00000000 0.00000000 0.01453800 -0.04039900 1.20561000
22 -4.52675100 -0.69057700 -1.12074100 -0.39343300 0.26032300 1.74034800
23 -1.74403400 0.00000000 0.00000000 -0.01415000 -0.02594600 0.91082300
24 -1.36876700 0.00000000 0.00000000 0.03508000 0.03899700 0.62765500
25 -3.99235200 -0.89119000 -1.82790800 -0.37607300 0.39711200 1.63661600
26 -1.40591000 0.00000200 0.00000100 0.01264700 -0.02662600 0.43060100
27 -1.17535800 0.00013400 0.00000000 0.05560900 0.03892800 0.86426700
28 -4.82049600 -0.50946200 -0.22475700 -0.35400300 0.08871400 1.49727800
29 -1.82698400 0.00000200 0.00000100 -0.00856400 0.03953200 1.05965000
30 -1.43656500 -0.00000200 -0.00000100 -0.05524000 -0.05469200 0.69918900
31 -4.75110400 -0.69450200 0.83058000 -0.16764200 0.00941500 0.33166900
32 -1.68806800 0.00000100 0.00000000 0.02182400 -0.01169900 0.36044800
33 -1.33614000 0.00000200 0.00000000 0.02564400 0.00608700 0.32044900
34 -5.58311907 0.11576300 -0.29503793 -0.90460900 0.06400000 0.02996900
35 -0.19684746 0.00000000 -0.00000046 -0.34818200 0.00000000 0.00000000
36 -1.33293121 -14.90588395 -0.27077885 1.97586300 1.15991000 1.84280400
37 6.21447800 0.00000100 0.00000000 -0.83344325 0.67942997 -1.61692397
38 11.94487700 0.00000200 -0.00019800 0.25080052 -0.25688919 -1.42035035
39 10.62016300 0.00000000 -0.00000300 -2.17938044 -0.63388283 0.64844790
40 1.87485700 0.93507800 -0.99912700 2.51444500 0.40613500 1.28819000
41 1.45054354 -0.06018785 0.09121707 0.08130900 0.15607800 0.58651000
42 1.59927900 0.00000000 0.00000000 0.08169400 -0.01721100 1.03306000
43 4.52675100 0.69046200 1.12084300 -0.24391700 0.03988200 1.38722300
44 1.74404900 -0.00000100 -0.00000100 -0.02648500 -0.01316600 1.52193900
45 1.36875900 0.00000000 0.00000000 -0.24626800 0.17807500 0.18497200
46 3.99234600 0.89108500 1.82799600 -0.40198400 0.02856300 1.17767600
47 1.40591000 0.00000000 0.00000000 -0.01760800 -0.02363100 1.51566300
48 1.17535400 -0.00013000 0.00000000 0.03782400 0.11729500 0.26809600
49 4.82051300 0.50934200 0.22486500 -0.16257900 -0.11067600 1.17926300
50 1.82698100 -0.00000100 0.00000200 0.00718400 0.03980800 1.45252300
51 1.43656900 0.00000000 0.00000000 0.00808100 -0.01279400 0.27447100
52 4.75115400 0.69437000 -0.83047500 -0.03044400 -0.23121800 0.81546000
53 1.68805700 -0.00000100 0.00000000 0.00334900 -0.02449500 1.30398700
54 1.33614300 0.00000000 0.00000000 -0.01548800 -0.03545000 0.78358400
55 5.51180600 0.00000000 -0.00000200 -0.66744800 0.00000000 0.00000000
56 0.19685000 0.00000000 0.00000000 -0.34818200 0.00000000 0.00000000
time 32
0 -3.33884800 3.35843400 -2.47946200 0.00000000 0.00000000 -3.14156200
1 -8.74009362 25.14555716 -3.23653391 0.29273762 -0.05679512 -0.75325357
2 3.85323700 0.12671100 -0.78579800 0.00000000 0.00000000 0.00000000
3 11.03187576 0.36355902 -4.04640731 0.24012900 0.91539100 1.52999000
4 -3.32562400 0.00371900 -2.40215400 0.00000000 0.00000000 0.00000000
5 -4.06109000 -0.00336600 -0.78740900 0.00000000 0.00000000 0.00000000
6 -0.00019500 0.00000000 0.39773100 0.00000000 0.00000000 0.00000000
7 -0.77869800 -2.43237500 -4.37718000 2.92105200 -0.04972300 -1.86575000
8 -1.09806193 0.21645500 0.18745800 0.00000000 0.00000000 0.00000000
9 0.00000000 0.00000000 0.00000000 0.00000000 0.00000000 -1.57079600
10 -0.00000100 7.45008900 -27.50902600 0.00000000 0.00000000 0.00003100
11 0.00000000 0.00000000 0.00000000 1.57078000 -1.56713700 -1.57078300
12 4.25546300 -0.33518200 0.00000000 0.00000000 0.00000000 -0.12484800
13 7.43124600 1.49647800 0.00000000 0.00000000 0.00000000 0.24545000
14 5.27847200 0.16554000 0.00000000 0.00000000 0.00000000 0.04851100
15 0.95845354 -10.46936879 6.97853225 1.97586600 1.15991000 -1.29878700
16 -6.21447400 0.00000000 0.00000000 0.05310078 0.31499874 -1.86295657
17 -11.94486339 0.00004200 0.00021654 0.11602481 -0.27339452 -1.28349706
18 -10.62016269 0.00006846 -0.00008200 -2.25916767 -0.11893870 0.56012599
19 -1.87479600 -0.93512200 0.99917600 1.72571800 0.67187600 0.85227800
20 -1.52344500 0.00000000 0.00000000 0.08099400 0.15396900 0.58815600
21 -1.59928300 0.00000000 0.00000000 0.01453800 -0.04039900 1.20561000
22 -4.52675100 -0.69057700 -1.12074100 -0.39343300 0.26032300 1.74034800
23 -1.74403400 0.00000000 0.00000000 -0.01415000 -0.02594600 0.91082300
24 -1.36876700 0.00000000 0.00000000 0.03508000 0.03899700 0.62765500
25 -3.99235200 -0.89119000 -1.82790800 -0.37607300 0.39711200 1.63661600
26 -1.40591000 0.00000200 0.00000100 0.01264700 -0.02662600 0.43060100
27 -1.17535800 0.00013400 0.00000000 0.05560900 0.03892800 0.86426700
28 -4.82049600 -0.50946200 -0.22475700 -0.35400300 0.08871400 1.49727800
29 -1.82698400 0.00000200 0.00000100 -0.00856400 0.03953200 1.05965000
30 -1.43656500 -0.00000200 -0.00000100 -0.05524000 -0.05469200 0.69918900
31 -4.75110400 -0.69450200 0.83058000 -0.16764200 0.00941500 0.33166900
32 -1.68806800 0.00000100 0.00000000 0.02182400 -0.01169900 0.36044800
33 -1.33614000 0.00000200 0.00000000 0.02564400 0.00608700 0.32044900
34 -5.58311907 0.11576300 -0.29503793 -0.90460900 0.06400000 0.02996900
35 -0.19684746 0.00000000 -0.00000046 -0.34818200 0.00000000 0.00000000
36 -1.33293121 -14.90588395 -0.27077885 1.97586300 1.15991000 1.84280400
37 6.21447800 0.00000100 0.00000000 -0.82904939 0.67966528 -1.61935760
38 11.94487700 0.00000200 -0.00019800 0.25066604 -0.25708179 -1.41966260
39 10.62016300 0.00000000 -0.00000300 -2.19053198 -0.63697499 0.65603647
40 1.87485700 0.93507800 -0.99912700 2.51444500 0.40613500 1.28819000
41 1.45054354 -0.06018785 0.09121707 0.08130900 0.15607800 0.58651000
42 1.59927900 0.00000000 0.00000000 0.08169400 -0.01721100 1.03306000
43 4.52675100 0.69046200 1.12084300 -0.24391700 0.03988200 1.38722300
44 1.74404900 -0.00000100 -0.00000100 -0.02648500 -0.01316600 1.52193900
45 1.36875900 0.00000000 0.00000000 -0.24626800 0.17807500 0.18497200
46 3.99234600 0.89108500 1.82799600 -0.40198400 0.02856300 1.17767600
47 1.40591000 0.00000000 0.00000000 -0.01760800 -0.02363100 1.51566300
48 1.17535400 -0.00013000 0.00000000 0.03782400 0.11729500 0.26809600
49 4.82051300 0.50934200 0.22486500 -0.16257900 -0.11067600 1.17926300
50 1.82698100 -0.00000100 0.00000200 0.00718400 0.03980800 1.45252300
51 1.43656900 0.00000000 0.00000000 0.00808100 -0.01279400 0.27447100
52 4.75115400 0.69437000 -0.83047500 -0.03044400 -0.23121800 0.81546000
53 1.68805700 -0.00000100 0.00000000 0.00334900 -0.02449500 1.30398700
54 1.33614300 0.00000000 0.00000000 -0.01548800 -0.03545000 0.78358400
55 5.51180600 0.00000000 -0.00000200 -0.66744800 0.00000000 0.00000000
56 0.19685000 0.00000000 0.00000000 -0.34818200 0.00000000 0.00000000
time 33
0 -3.33884800 3.35843400 -2.47946200 0.00000000 0.00000000 -3.14156200
1 -8.68507399 25.14498104 -3.23770972 0.29670437 -0.05995567 -0.75624539
2 3.85323700 0.12671100 -0.78579800 0.00000000 0.00000000 0.00000000
3 11.03187576 0.36355902 -4.04640731 0.24012900 0.91539100 1.52999000
4 -3.32562400 0.00371900 -2.40215400 0.00000000 0.00000000 0.00000000
5 -4.06109000 -0.00336600 -0.78740900 0.00000000 0.00000000 0.00000000
6 -0.00019500 0.00000000 0.39773100 0.00000000 0.00000000 0.00000000
7 -0.77869800 -2.43237500 -4.37718000 2.92105200 -0.04972300 -1.86575000
8 -1.09806193 0.21645500 0.18745800 0.00000000 0.00000000 0.00000000
9 0.00000000 0.00000000 0.00000000 0.00000000 0.00000000 -1.57079600
10 -0.00000100 7.45008900 -27.50902600 0.00000000 0.00000000 0.00003100
11 0.00000000 0.00000000 0.00000000 1.57078000 -1.56713700 -1.57078300
12 4.25546300 -0.33518200 0.00000000 0.00000000 0.00000000 -0.12484800
13 7.43124600 1.49647800 0.00000000 0.00000000 0.00000000 0.24545000
14 5.27847200 0.16554000 0.00000000 0.00000000 0.00000000 0.04851100
15 0.95845354 -10.46936879 6.97853225 1.97586600 1.15991000 -1.29878700
16 -6.21447400 0.00000000 0.00000000 0.05081274 0.31469125 -1.85885234
17 -11.94486339 0.00004200 0.00021654 0.11822629 -0.27367355 -1.29062951
18 -10.62016269 0.00006846 -0.00008200 -2.25240288 -0.11375424 0.56434153
19 -1.87479600 -0.93512200 0.99917600 1.72571800 0.67187600 0.85227800
20 -1.52344500 0.00000000 0.00000000 0.08099400 0.15396900 0.58815600
21 -1.59928300 0.00000000 0.00000000 0.01453800 -0.04039900 1.20561000
22 -4.52675100 -0.69057700 -1.12074100 -0.39343300 0.26032300 1.74034800
23 -1.74403400 0.00000000 0.00000000 -0.01415000 -0.02594600 0.91082300
24 -1.36876700 0.00000000 0.00000000 0.03508000 0.03899700 0.62765500
25 -3.99235200 -0.89119000 -1.82790800 -0.37607300 0.39711200 1.63661600
26 -1.40591000 0.00000200 0.00000100 0.01264700 -0.02662600 0.43060100
27 -1.17535800 0.00013400 0.00000000 0.05560900 0.03892800 0.86426700
28 -4.82049600 -0.50946200 -0.22475700 -0.35400300 0.08871400 1.49727800
29 -1.82698400 0.00000200 0.00000100 -0.00856400 0.03953200 1.05965000
30 -1.43656500 -0.00000200 -0.00000100 -0.05524000 -0.05469200 0.69918900
31 -4.75110400 -0.69450200 0.83058000 -0.16764200 0.00941500 0.33166900
32 -1.68806800 0.00000100 0.00000000 0.02182400 -0.01169900 0.36044800
33 -1.33614000 0.00000200 0.00000000 0.02564400 0.00608700 0.32044900
34 -5.58311907 0.11576300 -0.29503793 -0.90460900 0.06400000 0.02996900
35 -0.19684746 0.00000000 -0.00000046 -0.34818200 0.00000000 0.00000000
36 -1.33293121 -14.90588395 -0.27077885 1.97586300 1.15991000 1.84280400
37 6.21447800 0.00000100 0.00000000 -0.82554495 0.67989377 -1.62213475
38 11.94487700 0.00000200 -0.00019800 0.25051749 -0.25749222 -1.41913532
39 10.62016300 0.00000000 -0.00000300 -2.19980024 -0.63957325 0.66263008
40 1.87485700 0.93507800 -0.99912700 2.51444500 0.40613500 1.28819000
41 1.45054354 -0.06018785 0.09121707 0.08130900 0.15607800 0.58651000
42 1.59927900 0.00000000 0.00000000 0.08169400 -0.01721100 1.03306000
43 4.52675100 0.69046200 1.12084300 -0.24391700 0.03988200 1.38722300
44 1.74404900 -0.00000100 -0.00000100 -0.02648500 -0.01316600 1.52193900
45 1.36875900 0.00000000 0.00000000 -0.24626800 0.17807500 0.18497200
46 3.99234600 0.89108500 1.82799600 -0.40198400 0.02856300 1.17767600
47 1.40591000 0.00000000 0.00000000 -0.01760800 -0.02363100 1.51566300
48 1.17535400 -0.00013000 0.00000000 0.03782400 0.11729500 0.26809600
49 4.82051300 0.50934200 0.22486500 -0.16257900 -0.11067600 1.17926300
50 1.82698100 -0.00000100 0.00000200 0.00718400 0.03980800 1.45252300
51 1.43656900 0.00000000 0.00000000 0.00808100 -0.01279400 0.27447100
52 4.75115400 0.69437000 -0.83047500 -0.03044400 -0.23121800 0.81546000
53 1.68805700 -0.00000100 0.00000000 0.00334900 -0.02449500 1.30398700
54 1.33614300 0.00000000 0.00000000 -0.01548800 -0.03545000 0.78358400
55 5.51180600 0.00000000 -0.00000200 -0.66744800 0.00000000 0.00000000
56 0.19685000 0.00000000 0.00000000 -0.34818200 0.00000000 0.00000000
time 34
0 -3.33884800 3.35843400 -2.47946200 0.00000000 0.00000000 -3.14156200
1 -8.59623722 25.14420062 -3.22197740 0.29950837 -0.06030554 -0.75979351
2 3.85323700 0.12671100 -0.78579800 0.00000000 0.00000000 0.00000000
3 11.03187576 0.36355902 -4.04640731 0.24012900 0.91539100 1.52999000
4 -3.32562400 0.00371900 -2.40215400 0.00000000 0.00000000 0.00000000
5 -4.06109000 -0.00336600 -0.78740900 0.00000000 0.00000000 0.00000000
6 -0.00019500 0.00000000 0.39773100 0.00000000 0.00000000 0.00000000
7 -0.77869800 -2.43237500 -4.37718000 2.92105200 -0.04972300 -1.86575000
8 -1.09806193 0.21645500 0.18745800 0.00000000 0.00000000 0.00000000
9 0.00000000 0.00000000 0.00000000 0.00000000 0.00000000 -1.57079600
10 -0.00000100 7.45008900 -27.50902600 0.00000000 0.00000000 0.00003100
11 0.00000000 0.00000000 0.00000000 1.57078000 -1.56713700 -1.57078300
12 4.25546300 -0.33518200 0.00000000 0.00000000 0.00000000 -0.12484800
13 7.43124600 1.49647800 0.00000000 0.00000000 0.00000000 0.24545000
14 5.27847200 0.16554000 0.00000000 0.00000000 0.00000000 0.04851100
15 0.95845354 -10.46936879 6.97853225 1.97586600 1.15991000 -1.29878700
16 -6.21447400 0.00000000 0.00000000 0.04902502 0.31452916 -1.85253180
17 -11.94486339 0.00004200 0.00021654 0.12078779 -0.27272079 -1.29960505
18 -10.62016269 0.00006846 -0.00008200 -2.24806969 -0.11207242 0.56874078
19 -1.87479600 -0.93512200 0.99917600 1.72571800 0.67187600 0.85227800
20 -1.52344500 0.00000000 0.00000000 0.08099400 0.15396900 0.58815600
21 -1.59928300 0.00000000 0.00000000 0.01453800 -0.04039900 1.20561000
22 -4.52675100 -0.69057700 -1.12074100 -0.39343300 0.26032300 1.74034800
23 -1.74403400 0.00000000 0.00000000 -0.01415000 -0.02594600 0.91082300
24 -1.36876700 0.00000000 0.00000000 0.03508000 0.03899700 0.62765500
25 -3.99235200 -0.89119000 -1.82790800 -0.37607300 0.39711200 1.63661600
26 -1.40591000 0.00000200 0.00000100 0.01264700 -0.02662600 0.43060100
27 -1.17535800 0.00013400 0.00000000 0.05560900 0.03892800 0.86426700
28 -4.82049600 -0.50946200 -0.22475700 -0.35400300 0.08871400 1.49727800
29 -1.82698400 0.00000200 0.00000100 -0.00856400 0.03953200 1.05965000
30 -1.43656500 -0.00000200 -0.00000100 -0.05524000 -0.05469200 0.69918900
31 -4.75110400 -0.69450200 0.83058000 -0.16764200 0.00941500 0.33166900
32 -1.68806800 0.00000100 0.00000000 0.02182400 -0.01169900 0.36044800
33 -1.33614000 0.00000200 0.00000000 0.02564400 0.00608700 0.32044900
34 -5.58311907 0.11576300 -0.29503793 -0.90460900 0.06400000 0.02996900
35 -0.19684746 0.00000000 -0.00000046 -0.34818200 0.00000000 0.00000000
36 -1.33293121 -14.90588395 -0.27077885 1.97586300 1.15991000 1.84280400
37 6.21447800 0.00000100 0.00000000 -0.82189035 0.67897735 -1.62679939
38 11.94487700 0.00000200 -0.00019800 0.25027614 -0.25869494 -1.41779379
39 10.62016300 0.00000000 -0.00000300 -2.20556487 -0.64244338 0.66647152
40 1.87485700 0.93507800 -0.99912700 2.51444500 0.40613500 1.28819000
41 1.45054354 -0.06018785 0.09121707 0.08130900 0.15607800 0.58651000
42 1.59927900 0.00000000 0.00000000 0.08169400 -0.01721100 1.03306000
43 4.52675100 0.69046200 1.12084300 -0.24391700 0.03988200 1.38722300
44 1.74404900 -0.00000100 -0.00000100 -0.02648500 -0.01316600 1.52193900
45 1.36875900 0.00000000 0.00000000 -0.24626800 0.17807500 0.18497200
46 3.99234600 0.89108500 1.82799600 -0.40198400 0.02856300 1.17767600
47 1.40591000 0.00000000 0.00000000 -0.01760800 -0.02363100 1.51566300
48 1.17535400 -0.00013000 0.00000000 0.03782400 0.11729500 0.26809600
49 4.82051300 0.50934200 0.22486500 -0.16257900 -0.11067600 1.17926300
50 1.82698100 -0.00000100 0.00000200 0.00718400 0.03980800 1.45252300
51 1.43656900 0.00000000 0.00000000 0.00808100 -0.01279400 0.27447100
52 4.75115400 0.69437000 -0.83047500 -0.03044400 -0.23121800 0.81546000
53 1.68805700 -0.00000100 0.00000000 0.00334900 -0.02449500 1.30398700
54 1.33614300 0.00000000 0.00000000 -0.01548800 -0.03545000 0.78358400
55 5.51180600 0.00000000 -0.00000200 -0.66744800 0.00000000 0.00000000
56 0.19685000 0.00000000 0.00000000 -0.34818200 0.00000000 0.00000000
time 35
0 -3.33884800 3.35843400 -2.47946200 0.00000000 0.00000000 -3.14156200
1 -8.49399889 25.14323275 -3.20092752 0.30254416 -0.05949467 -0.76354722
2 3.85323700 0.12671100 -0.78579800 0.00000000 0.00000000 0.00000000
3 11.03187576 0.36355902 -4.04640731 0.24012900 0.91539100 1.52999000
4 -3.32562400 0.00371900 -2.40215400 0.00000000 0.00000000 0.00000000
5 -4.06109000 -0.00336600 -0.78740900 0.00000000 0.00000000 0.00000000
6 -0.00019500 0.00000000 0.39773100 0.00000000 0.00000000 0.00000000
7 -0.77869800 -2.43237500 -4.37718000 2.92105200 -0.04972300 -1.86575000
8 -1.09806193 0.21645500 0.18745800 0.00000000 0.00000000 0.00000000
9 0.00000000 0.00000000 0.00000000 0.00000000 0.00000000 -1.57079600
10 -0.00000100 7.45008900 -27.50902600 0.00000000 0.00000000 0.00003100
11 0.00000000 0.00000000 0.00000000 1.57078000 -1.56713700 -1.57078300
12 4.25546300 -0.33518200 0.00000000 0.00000000 0.00000000 -0.12484800
13 7.43124600 1.49647800 0.00000000 0.00000000 0.00000000 0.24545000
14 5.27847200 0.16554000 0.00000000 0.00000000 0.00000000 0.04851100
15 0.95845354 -10.46936879 6.97853225 1.97586600 1.15991000 -1.29878700
16 -6.21447400 0.00000000 0.00000000 0.04743703 0.31437388 -1.84529740
17 -11.94486339 0.00004200 0.00021654 0.12341706 -0.27133615 -1.30915273
18 -10.62016269 0.00006846 -0.00008200 -2.24396077 -0.11189404 0.57282125
19 -1.87479600 -0.93512200 0.99917600 1.72571800 0.67187600 0.85227800
20 -1.52344500 0.00000000 0.00000000 0.08099400 0.15396900 0.58815600
21 -1.59928300 0.00000000 0.00000000 0.01453800 -0.04039900 1.20561000
22 -4.52675100 -0.69057700 -1.12074100 -0.39343300 0.26032300 1.74034800
23 -1.74403400 0.00000000 0.00000000 -0.01415000 -0.02594600 0.91082300
24 -1.36876700 0.00000000 0.00000000 0.03508000 0.03899700 0.62765500
25 -3.99235200 -0.89119000 -1.82790800 -0.37607300 0.39711200 1.63661600
26 -1.40591000 0.00000200 0.00000100 0.01264700 -0.02662600 0.43060100
27 -1.17535800 0.00013400 0.00000000 0.05560900 0.03892800 0.86426700
28 -4.82049600 -0.50946200 -0.22475700 -0.35400300 0.08871400 1.49727800
29 -1.82698400 0.00000200 0.00000100 -0.00856400 0.03953200 1.05965000
30 -1.43656500 -0.00000200 -0.00000100 -0.05524000 -0.05469200 0.69918900
31 -4.75110400 -0.69450200 0.83058000 -0.16764200 0.00941500 0.33166900
32 -1.68806800 0.00000100 0.00000000 0.02182400 -0.01169900 0.36044800
33 -1.33614000 0.00000200 0.00000000 0.02564400 0.00608700 0.32044900
34 -5.58311907 0.11576300 -0.29503793 -0.90460900 0.06400000 0.02996900
35 -0.19684746 0.00000000 -0.00000046 -0.34818200 0.00000000 0.00000000
36 -1.33293121 -14.90588395 -0.27077885 1.97586300 1.15991000 1.84280400
37 6.21447800 0.00000100 0.00000000 -0.81775371 0.67747231 -1.63219727
38 11.94487700 0.00000200 -0.00019800 0.24983723 -0.26018225 -1.41567372
39 10.62016300 0.00000000 -0.00000300 -2.21127368 -0.64595926 0.66930309
40 1.87485700 0.93507800 -0.99912700 2.51444500 0.40613500 1.28819000
41 1.45054354 -0.06018785 0.09121707 0.08130900 0.15607800 0.58651000
42 1.59927900 0.00000000 0.00000000 0.08169400 -0.01721100 1.03306000
43 4.52675100 0.69046200 1.12084300 -0.24391700 0.03988200 1.38722300
44 1.74404900 -0.00000100 -0.00000100 -0.02648500 -0.01316600 1.52193900
45 1.36875900 0.00000000 0.00000000 -0.24626800 0.17807500 0.18497200
46 3.99234600 0.89108500 1.82799600 -0.40198400 0.02856300 1.17767600
47 1.40591000 0.00000000 0.00000000 -0.01760800 -0.02363100 1.51566300
48 1.17535400 -0.00013000 0.00000000 0.03782400 0.11729500 0.26809600
49 4.82051300 0.50934200 0.22486500 -0.16257900 -0.11067600 1.17926300
50 1.82698100 -0.00000100 0.00000200 0.00718400 0.03980800 1.45252300
51 1.43656900 0.00000000 0.00000000 0.00808100 -0.01279400 0.27447100
52 4.75115400 0.69437000 -0.83047500 -0.03044400 -0.23121800 0.81546000
53 1.68805700 -0.00000100 0.00000000 0.00334900 -0.02449500 1.30398700
54 1.33614300 0.00000000 0.00000000 -0.01548800 -0.03545000 0.78358400
55 5.51180600 0.00000000 -0.00000200 -0.66744800 0.00000000 0.00000000
56 0.19685000 0.00000000 0.00000000 -0.34818200 0.00000000 0.00000000
time 36
0 -3.33884800 3.35843400 -2.47946200 0.00000000 0.00000000 -3.14156200
1 -8.39016447 25.14210185 -3.17995500 0.30344759 -0.05753233 -0.76687496
2 3.85323700 0.12671100 -0.78579800 0.00000000 0.00000000 0.00000000
3 11.03187576 0.36355902 -4.04640731 0.24012900 0.91539100 1.52999000
4 -3.32562400 0.00371900 -2.40215400 0.00000000 0.00000000 0.00000000
5 -4.06109000 -0.00336600 -0.78740900 0.00000000 0.00000000 0.00000000
6 -0.00019500 0.00000000 0.39773100 0.00000000 0.00000000 0.00000000
7 -0.77869800 -2.43237500 -4.37718000 2.92105200 -0.04972300 -1.86575000
8 -1.09806193 0.21645500 0.18745800 0.00000000 0.00000000 0.00000000
9 0.00000000 0.00000000 0.00000000 0.00000000 0.00000000 -1.57079600
10 -0.00000100 7.45008900 -27.50902600 0.00000000 0.00000000 0.00003100
11 0.00000000 0.00000000 0.00000000 1.57078000 -1.56713700 -1.57078300
12 4.25546300 -0.33518200 0.00000000 0.00000000 0.00000000 -0.12484800
13 7.43124600 1.49647800 0.00000000 0.00000000 0.00000000 0.24545000
14 5.27847200 0.16554000 0.00000000 0.00000000 0.00000000 0.04851100
15 0.95845354 -10.46936879 6.97853225 1.97586600 1.15991000 -1.29878700
16 -6.21447400 0.00000000 0.00000000 0.04657627 0.31442938 -1.83797540
17 -11.94486339 0.00004200 0.00021654 0.12585013 -0.26926324 -1.31827537
18 -10.62016269 0.00006846 -0.00008200 -2.24298528 -0.11359334 0.57672036
19 -1.87479600 -0.93512200 0.99917600 1.72571800 0.67187600 0.85227800
20 -1.52344500 0.00000000 0.00000000 0.08099400 0.15396900 0.58815600
21 -1.59928300 0.00000000 0.00000000 0.01453800 -0.04039900 1.20561000
22 -4.52675100 -0.69057700 -1.12074100 -0.39343300 0.26032300 1.74034800
23 -1.74403400 0.00000000 0.00000000 -0.01415000 -0.02594600 0.91082300
24 -1.36876700 0.00000000 0.00000000 0.03508000 0.03899700 0.62765500
25 -3.99235200 -0.89119000 -1.82790800 -0.37607300 0.39711200 1.63661600
26 -1.40591000 0.00000200 0.00000100 0.01264700 -0.02662600 0.43060100
27 -1.17535800 0.00013400 0.00000000 0.05560900 0.03892800 0.86426700
28 -4.82049600 -0.50946200 -0.22475700 -0.35400300 0.08871400 1.49727800
29 -1.82698400 0.00000200 0.00000100 -0.00856400 0.03953200 1.05965000
30 -1.43656500 -0.00000200 -0.00000100 -0.05524000 -0.05469200 0.69918900
31 -4.75110400 -0.69450200 0.83058000 -0.16764200 0.00941500 0.33166900
32 -1.68806800 0.00000100 0.00000000 0.02182400 -0.01169900 0.36044800
33 -1.33614000 0.00000200 0.00000000 0.02564400 0.00608700 0.32044900
34 -5.58311907 0.11576300 -0.29503793 -0.90460900 0.06400000 0.02996900
35 -0.19684746 0.00000000 -0.00000046 -0.34818200 0.00000000 0.00000000
36 -1.33293121 -14.90588395 -0.27077885 1.97586300 1.15991000 1.84280400
37 6.21447800 0.00000100 0.00000000 -0.81444631 0.67616281 -1.63744401
38 11.94487700 0.00000200 -0.00019800 0.24948936 -0.26188309 -1.41409324
39 10.62016300 0.00000000 -0.00000300 -2.21284322 -0.64864114 0.67007140
40 1.87485700 0.93507800 -0.99912700 2.51444500 0.40613500 1.28819000
41 1.45054354 -0.06018785 0.09121707 0.08130900 0.15607800 0.58651000
42 1.59927900 0.00000000 0.00000000 0.08169400 -0.01721100 1.03306000
43 4.52675100 0.69046200 1.12084300 -0.24391700 0.03988200 1.38722300
44 1.74404900 -0.00000100 -0.00000100 -0.02648500 -0.01316600 1.52193900
45 1.36875900 0.00000000 0.00000000 -0.24626800 0.17807500 0.18497200
46 3.99234600 0.89108500 1.82799600 -0.40198400 0.02856300 1.17767600
47 1.40591000 0.00000000 0.00000000 -0.01760800 -0.02363100 1.51566300
48 1.17535400 -0.00013000 0.00000000 0.03782400 0.11729500 0.26809600
49 4.82051300 0.50934200 0.22486500 -0.16257900 -0.11067600 1.17926300
50 1.82698100 -0.00000100 0.00000200 0.00718400 0.03980800 1.45252300
51 1.43656900 0.00000000 0.00000000 0.00808100 -0.01279400 0.27447100
52 4.75115400 0.69437000 -0.83047500 -0.03044400 -0.23121800 0.81546000
53 1.68805700 -0.00000100 0.00000000 0.00334900 -0.02449500 1.30398700
54 1.33614300 0.00000000 0.00000000 -0.01548800 -0.03545000 0.78358400
55 5.51180600 0.00000000 -0.00000200 -0.66744800 0.00000000 0.00000000
56 0.19685000 0.00000000 0.00000000 -0.34818200 0.00000000 0.00000000
time 37
0 -3.33884800 3.35843400 -2.47946200 0.00000000 0.00000000 -3.14156200
1 -8.28855392 25.14081755 -3.14290753 0.30295805 -0.05409094 -0.77000500
2 3.85323700 0.12671100 -0.78579800 0.00000000 0.00000000 0.00000000
3 11.03187576 0.36355902 -4.04640731 0.24012900 0.91539100 1.52999000
4 -3.32562400 0.00371900 -2.40215400 0.00000000 0.00000000 0.00000000
5 -4.06109000 -0.00336600 -0.78740900 0.00000000 0.00000000 0.00000000
6 -0.00019500 0.00000000 0.39773100 0.00000000 0.00000000 0.00000000
7 -0.77869800 -2.43237500 -4.37718000 2.92105200 -0.04972300 -1.86575000
8 -1.09806193 0.21645500 0.18745800 0.00000000 0.00000000 0.00000000
9 0.00000000 0.00000000 0.00000000 0.00000000 0.00000000 -1.57079600
10 -0.00000100 7.45008900 -27.50902600 0.00000000 0.00000000 0.00003100
11 0.00000000 0.00000000 0.00000000 1.57078000 -1.56713700 -1.57078300
12 4.25546300 -0.33518200 0.00000000 0.00000000 0.00000000 -0.12484800
13 7.43124600 1.49647800 0.00000000 0.00000000 0.00000000 0.24545000
14 5.27847200 0.16554000 0.00000000 0.00000000 0.00000000 0.04851100
15 0.95845354 -10.46936879 6.97853225 1.97586600 1.15991000 -1.29878700
16 -6.21447400 0.00000000 0.00000000 0.04577734 0.31433123 -1.83126346
17 -11.94486339 0.00004200 0.00021654 0.12793772 -0.26694221 -1.32661468
18 -10.62016269 0.00006846 -0.00008200 -2.24398291 -0.11670492 0.58059014
19 -1.87479600 -0.93512200 0.99917600 1.72571800 0.67187600 0.85227800
20 -1.52344500 0.00000000 0.00000000 0.08099400 0.15396900 0.58815600
21 -1.59928300 0.00000000 0.00000000 0.01453800 -0.04039900 1.20561000
22 -4.52675100 -0.69057700 -1.12074100 -0.39343300 0.26032300 1.74034800
23 -1.74403400 0.00000000 0.00000000 -0.01415000 -0.02594600 0.91082300
24 -1.36876700 0.00000000 0.00000000 0.03508000 0.03899700 0.62765500
25 -3.99235200 -0.89119000 -1.82790800 -0.37607300 0.39711200 1.63661600
26 -1.40591000 0.00000200 0.00000100 0.01264700 -0.02662600 0.43060100
27 -1.17535800 0.00013400 0.00000000 0.05560900 0.03892800 0.86426700
28 -4.82049600 -0.50946200 -0.22475700 -0.35400300 0.08871400 1.49727800
29 -1.82698400 0.00000200 0.00000100 -0.00856400 0.03953200 1.05965000
30 -1.43656500 -0.00000200 -0.00000100 -0.05524000 -0.05469200 0.69918900
31 -4.75110400 -0.69450200 0.83058000 -0.16764200 0.00941500 0.33166900
32 -1.68806800 0.00000100 0.00000000 0.02182400 -0.01169900 0.36044800
33 -1.33614000 0.00000200 0.00000000 0.02564400 0.00608700 0.32044900
34 -5.58311907 0.11576300 -0.29503793 -0.90460900 0.06400000 0.02996900
35 -0.19684746 0.00000000 -0.00000046 -0.34818200 0.00000000 0.00000000
36 -1.33293121 -14.90588395 -0.27077885 1.97586300 1.15991000 1.84280400
37 6.21447800 0.00000100 0.00000000 -0.81255629 0.67397366 -1.64314078
38 11.94487700 0.00000200 -0.00019800 0.24908847 -0.26376153 -1.41243523
39 10.62016300 0.00000000 -0.00000300 -2.21071744 -0.65010370 0.66867789
40 1.87485700 0.93507800 -0.99912700 2.51444500 0.40613500 1.28819000
41 1.45054354 -0.06018785 0.09121707 0.08130900 0.15607800 0.58651000
42 1.59927900 0.00000000 0.00000000 0.08169400 -0.01721100 1.03306000
43 4.52675100 0.69046200 1.12084300 -0.24391700 0.03988200 1.38722300
44 1.74404900 -0.00000100 -0.00000100 -0.02648500 -0.01316600 1.52193900
45 1.36875900 0.00000000 0.00000000 -0.24626800 0.17807500 0.18497200
46 3.99234600 0.89108500 1.82799600 -0.40198400 0.02856300 1.17767600
47 1.40591000 0.00000000 0.00000000 -0.01760800 -0.02363100 1.51566300
48 1.17535400 -0.00013000 0.00000000 0.03782400 0.11729500 0.26809600
49 4.82051300 0.50934200 0.22486500 -0.16257900 -0.11067600 1.17926300
50 1.82698100 -0.00000100 0.00000200 0.00718400 0.03980800 1.45252300
51 1.43656900 0.00000000 0.00000000 0.00808100 -0.01279400 0.27447100
52 4.75115400 0.69437000 -0.83047500 -0.03044400 -0.23121800 0.81546000
53 1.68805700 -0.00000100 0.00000000 0.00334900 -0.02449500 1.30398700
54 1.33614300 0.00000000 0.00000000 -0.01548800 -0.03545000 0.78358400
55 5.51180600 0.00000000 -0.00000200 -0.66744800 0.00000000 0.00000000
56 0.19685000 0.00000000 0.00000000 -0.34818200 0.00000000 0.00000000
time 38
0 -3.33884800 3.35843400 -2.47946200 0.00000000 0.00000000 -3.14156200
1 -8.19371785 25.13939199 -3.07256458 0.30303871 -0.04945966 -0.77356851
2 3.85323700 0.12671100 -0.78579800 0.00000000 0.00000000 0.00000000
3 11.03187576 0.36355902 -4.04640731 0.24012900 0.91539100 1.52999000
4 -3.32562400 0.00371900 -2.40215400 0.00000000 0.00000000 0.00000000
5 -4.06109000 -0.00336600 -0.78740900 0.00000000 0.00000000 0.00000000
6 -0.00019500 0.00000000 0.39773100 0.00000000 0.00000000 0.00000000
7 -0.77869800 -2.43237500 -4.37718000 2.92105200 -0.04972300 -1.86575000
8 -1.09806193 0.21645500 0.18745800 0.00000000 0.00000000 0.00000000
9 0.00000000 0.00000000 0.00000000 0.00000000 0.00000000 -1.57079600
10 -0.00000100 7.45008900 -27.50902600 0.00000000 0.00000000 0.00003100
11 0.00000000 0.00000000 0.00000000 1.57078000 -1.56713700 -1.57078300
12 4.25546300 -0.33518200 0.00000000 0.00000000 0.00000000 -0.12484800
13 7.43124600 1.49647800 0.00000000 0.00000000 0.00000000 0.24545000
14 5.27847200 0.16554000 0.00000000 0.00000000 0.00000000 0.04851100
15 0.95845354 -10.46936879 6.97853225 1.97586600 1.15991000 -1.29878700
16 -6.21447400 0.00000000 0.00000000 0.04382372 0.31400981 -1.82598622
17 -11.94486339 0.00004200 0.00021654 0.12991673 -0.26538537 -1.33395702
18 -10.62016269 0.00006846 -0.00008200 -2.24364139 -0.12001555 0.58448977
19 -1.87479600 -0.93512200 0.99917600 1.72571800 0.67187600 0.85227800
20 -1.52344500 0.00000000 0.00000000 0.08099400 0.15396900 0.58815600
21 -1.59928300 0.00000000 0.00000000 0.01453800 -0.04039900 1.20561000
22 -4.52675100 -0.69057700 -1.12074100 -0.39343300 0.26032300 1.74034800
23 -1.74403400 0.00000000 0.00000000 -0.01415000 -0.02594600 0.91082300
24 -1.36876700 0.00000000 0.00000000 0.03508000 0.03899700 0.62765500
25 -3.99235200 -0.89119000 -1.82790800 -0.37607300 0.39711200 1.63661600
26 -1.40591000 0.00000200 0.00000100 0.01264700 -0.02662600 0.43060100
27 -1.17535800 0.00013400 0.00000000 0.05560900 0.03892800 0.86426700
28 -4.82049600 -0.50946200 -0.22475700 -0.35400300 0.08871400 1.49727800
29 -1.82698400 0.00000200 0.00000100 -0.00856400 0.03953200 1.05965000
30 -1.43656500 -0.00000200 -0.00000100 -0.05524000 -0.05469200 0.69918900
31 -4.75110400 -0.69450200 0.83058000 -0.16764200 0.00941500 0.33166900
32 -1.68806800 0.00000100 0.00000000 0.02182400 -0.01169900 0.36044800
33 -1.33614000 0.00000200 0.00000000 0.02564400 0.00608700 0.32044900
34 -5.58311907 0.11576300 -0.29503793 -0.90460900 0.06400000 0.02996900
35 -0.19684746 0.00000000 -0.00000046 -0.34818200 0.00000000 0.00000000
36 -1.33293121 -14.90588395 -0.27077885 1.97586300 1.15991000 1.84280400
37 6.21447800 0.00000100 0.00000000 -0.81206877 0.66968874 -1.64979349
38 11.94487700 0.00000200 -0.00019800 0.24844732 -0.26588913 -1.40968130
39 10.62016300 0.00000000 -0.00000300 -2.20743801 -0.65043964 0.66602645
40 1.87485700 0.93507800 -0.99912700 2.51444500 0.40613500 1.28819000
41 1.45054354 -0.06018785 0.09121707 0.08130900 0.15607800 0.58651000
42 1.59927900 0.00000000 0.00000000 0.08169400 -0.01721100 1.03306000
43 4.52675100 0.69046200 1.12084300 -0.24391700 0.03988200 1.38722300
44 1.74404900 -0.00000100 -0.00000100 -0.02648500 -0.01316600 1.52193900
45 1.36875900 0.00000000 0.00000000 -0.24626800 0.17807500 0.18497200
46 3.99234600 0.89108500 1.82799600 -0.40198400 0.02856300 1.17767600
47 1.40591000 0.00000000 0.00000000 -0.01760800 -0.02363100 1.51566300
48 1.17535400 -0.00013000 0.00000000 0.03782400 0.11729500 0.26809600
49 4.82051300 0.50934200 0.22486500 -0.16257900 -0.11067600 1.17926300
50 1.82698100 -0.00000100 0.00000200 0.00718400 0.03980800 1.45252300
51 1.43656900 0.00000000 0.00000000 0.00808100 -0.01279400 0.27447100
52 4.75115400 0.69437000 -0.83047500 -0.03044400 -0.23121800 0.81546000
53 1.68805700 -0.00000100 0.00000000 0.00334900 -0.02449500 1.30398700
54 1.33614300 0.00000000 0.00000000 -0.01548800 -0.03545000 0.78358400
55 5.51180600 0.00000000 -0.00000200 -0.66744800 0.00000000 0.00000000
56 0.19685000 0.00000000 0.00000000 -0.34818200 0.00000000 0.00000000
time 39
0 -3.33884800 3.35843400 -2.47946200 0.00000000 0.00000000 -3.14156200
1 -8.09930082 25.13785932 -3.00678571 0.30174236 -0.04362943 -0.77669300
2 3.85323700 0.12671100 -0.78579800 0.00000000 0.00000000 0.00000000
3 11.03187576 0.36355902 -4.04640731 0.24012900 0.91539100 1.52999000
4 -3.32562400 0.00371900 -2.40215400 0.00000000 0.00000000 0.00000000
5 -4.06109000 -0.00336600 -0.78740900 0.00000000 0.00000000 0.00000000
6 -0.00019500 0.00000000 0.39773100 0.00000000 0.00000000 0.00000000
7 -0.77869800 -2.43237500 -4.37718000 2.92105200 -0.04972300 -1.86575000
8 -1.09806193 0.21645500 0.18745800 0.00000000 0.00000000 0.00000000
9 0.00000000 0.00000000 0.00000000 0.00000000 0.00000000 -1.57079600
10 -0.00000100 7.45008900 -27.50902600 0.00000000 0.00000000 0.00003100
11 0.00000000 0.00000000 0.00000000 1.57078000 -1.56713700 -1.57078300
12 4.25546300 -0.33518200 0.00000000 0.00000000 0.00000000 -0.12484800
13 7.43124600 1.49647800 0.00000000 0.00000000 0.00000000 0.24545000
14 5.27847200 0.16554000 0.00000000 0.00000000 0.00000000 0.04851100
15 0.95845354 -10.46936879 6.97853225 1.97586600 1.15991000 -1.29878700
16 -6.21447400 0.00000000 0.00000000 0.04289593 0.31387990 -1.82063542
17 -11.94486339 0.00004200 0.00021654 0.13161475 -0.26315601 -1.34076433
18 -10.62016269 0.00006846 -0.00008200 -2.24585386 -0.12553822 0.58782750
19 -1.87479600 -0.93512200 0.99917600 1.72571800 0.67187600 0.85227800
20 -1.52344500 0.00000000 0.00000000 0.08099400 0.15396900 0.58815600
21 -1.59928300 0.00000000 0.00000000 0.01453800 -0.04039900 1.20561000
22 -4.52675100 -0.69057700 -1.12074100 -0.39343300 0.26032300 1.74034800
23 -1.74403400 0.00000000 0.00000000 -0.01415000 -0.02594600 0.91082300
24 -1.36876700 0.00000000 0.00000000 0.03508000 0.03899700 0.62765500
25 -3.99235200 -0.89119000 -1.82790800 -0.37607300 0.39711200 1.63661600
26 -1.40591000 0.00000200 0.00000100 0.01264700 -0.02662600 0.43060100
27 -1.17535800 0.00013400 0.00000000 0.05560900 0.03892800 0.86426700
28 -4.82049600 -0.50946200 -0.22475700 -0.35400300 0.08871400 1.49727800
29 -1.82698400 0.00000200 0.00000100 -0.00856400 0.03953200 1.05965000
30 -1.43656500 -0.00000200 -0.00000100 -0.05524000 -0.05469200 0.69918900
31 -4.75110400 -0.69450200 0.83058000 -0.16764200 0.00941500 0.33166900
32 -1.68806800 0.00000100 0.00000000 0.02182400 -0.01169900 0.36044800
33 -1.33614000 0.00000200 0.00000000 0.02564400 0.00608700 0.32044900
34 -5.58311907 0.11576300 -0.29503793 -0.90460900 0.06400000 0.02996900
35 -0.19684746 0.00000000 -0.00000046 -0.34818200 0.00000000 0.00000000
36 -1.33293121 -14.90588395 -0.27077885 1.97586300 1.15991000 1.84280400
37 6.21447800 0.00000100 0.00000000 -0.81192387 0.66564090 -1.65617163
38 11.94487700 0.00000200 -0.00019800 0.24785471 -0.26822898 -1.40705927
39 10.62016300 0.00000000 -0.00000300 -2.20135878 -0.65039462 0.66119671
40 1.87485700 0.93507800 -0.99912700 2.51444500 0.40613500 1.28819000
41 1.45054354 -0.06018785 0.09121707 0.08130900 0.15607800 0.58651000
42 1.59927900 0.00000000 0.00000000 0.08169400 -0.01721100 1.03306000
43 4.52675100 0.69046200 1.12084300 -0.24391700 0.03988200 1.38722300
44 1.74404900 -0.00000100 -0.00000100 -0.02648500 -0.01316600 1.52193900
45 1.36875900 0.00000000 0.00000000 -0.24626800 0.17807500 0.18497200
46 3.99234600 0.89108500 1.82799600 -0.40198400 0.02856300 1.17767600
47 1.40591000 0.00000000 0.00000000 -0.01760800 -0.02363100 1.51566300
48 1.17535400 -0.00013000 0.00000000 0.03782400 0.11729500 0.26809600
49 4.82051300 0.50934200 0.22486500 -0.16257900 -0.11067600 1.17926300
50 1.82698100 -0.00000100 0.00000200 0.00718400 0.03980800 1.45252300
51 1.43656900 0.00000000 0.00000000 0.00808100 -0.01279400 0.27447100
52 4.75115400 0.69437000 -0.83047500 -0.03044400 -0.23121800 0.81546000
53 1.68805700 -0.00000100 0.00000000 0.00334900 -0.02449500 1.30398700
54 1.33614300 0.00000000 0.00000000 -0.01548800 -0.03545000 0.78358400
55 5.51180600 0.00000000 -0.00000200 -0.66744800 0.00000000 0.00000000
56 0.19685000 0.00000000 0.00000000 -0.34818200 0.00000000 0.00000000
time 40
0 -3.33884800 3.35843400 -2.47946200 0.00000000 0.00000000 -3.14156200
1 -8.00471466 25.13621959 -2.94118168 0.30008991 -0.03746837 -0.77961781
2 3.85323700 0.12671100 -0.78579800 0.00000000 0.00000000 0.00000000
3 11.03187576 0.36355902 -4.04640731 0.24012900 0.91539100 1.52999000
4 -3.32562400 0.00371900 -2.40215400 0.00000000 0.00000000 0.00000000
5 -4.06109000 -0.00336600 -0.78740900 0.00000000 0.00000000 0.00000000
6 -0.00019500 0.00000000 0.39773100 0.00000000 0.00000000 0.00000000
7 -0.77869800 -2.43237500 -4.37718000 2.92105200 -0.04972300 -1.86575000
8 -1.09806193 0.21645500 0.18745800 0.00000000 0.00000000 0.00000000
9 0.00000000 0.00000000 0.00000000 0.00000000 0.00000000 -1.57079600
10 -0.00000100 7.45008900 -27.50902600 0.00000000 0.00000000 0.00003100
11 0.00000000 0.00000000 0.00000000 1.57078000 -1.56713700 -1.57078300
12 4.25546300 -0.33518200 0.00000000 0.00000000 0.00000000 -0.12484800
13 7.43124600 1.49647800 0.00000000 0.00000000 0.00000000 0.24545000
14 5.27847200 0.16554000 0.00000000 0.00000000 0.00000000 0.04851100
15 0.95845354 -10.46936879 6.97853225 1.97586600 1.15991000 -1.29878700
16 -6.21447400 0.00000000 0.00000000 0.04216000 0.31380967 -1.81524982
17 -11.94486339 0.00004200 0.00021654 0.13312939 -0.26077689 -1.34716601
18 -10.62016269 0.00006846 -0.00008200 -2.24870535 -0.13163117 0.59095338
19 -1.87479600 -0.93512200 0.99917600 1.72571800 0.67187600 0.85227800
20 -1.52344500 0.00000000 0.00000000 0.08099400 0.15396900 0.58815600
21 -1.59928300 0.00000000 0.00000000 0.01453800 -0.04039900 1.20561000
22 -4.52675100 -0.69057700 -1.12074100 -0.39343300 0.26032300 1.74034800
23 -1.74403400 0.00000000 0.00000000 -0.01415000 -0.02594600 0.91082300
24 -1.36876700 0.00000000 0.00000000 0.03508000 0.03899700 0.62765500
25 -3.99235200 -0.89119000 -1.82790800 -0.37607300 0.39711200 1.63661600
26 -1.40591000 0.00000200 0.00000100 0.01264700 -0.02662600 0.43060100
27 -1.17535800 0.00013400 0.00000000 0.05560900 0.03892800 0.86426700
28 -4.82049600 -0.50946200 -0.22475700 -0.35400300 0.08871400 1.49727800
29 -1.82698400 0.00000200 0.00000100 -0.00856400 0.03953200 1.05965000
30 -1.43656500 -0.00000200 -0.00000100 -0.05524000 -0.05469200 0.69918900
31 -4.75110400 -0.69450200 0.83058000 -0.16764200 0.00941500 0.33166900
32 -1.68806800 0.00000100 0.00000000 0.02182400 -0.01169900 0.36044800
33 -1.33614000 0.00000200 0.00000000 0.02564400 0.00608700 0.32044900
34 -5.58311907 0.11576300 -0.29503793 -0.90460900 0.06400000 0.02996900
35 -0.19684746 0.00000000 -0.00000046 -0.34818200 0.00000000 0.00000000
36 -1.33293121 -14.90588395 -0.27077885 1.97586300 1.15991000 1.84280400
37 6.21447800 0.00000100 0.00000000 -0.81188802 0.66153072 -1.66255940
38 11.94487700 0.00000200 -0.00019800 0.24726867 -0.27062602 -1.40447580
39 10.62016300 0.00000000 -0.00000300 -2.19443060 -0.65020670 0.65574938
40 1.87485700 0.93507800 -0.99912700 2.51444500 0.40613500 1.28819000
41 1.45054354 -0.06018785 0.09121707 0.08130900 0.15607800 0.58651000
42 1.59927900 0.00000000 0.00000000 0.08169400 -0.01721100 1.03306000
43 4.52675100 0.69046200 1.12084300 -0.24391700 0.03988200 1.38722300
44 1.74404900 -0.00000100 -0.00000100 -0.02648500 -0.01316600 1.52193900
45 1.36875900 0.00000000 0.00000000 -0.24626800 0.17807500 0.18497200
46 3.99234600 0.89108500 1.82799600 -0.40198400 0.02856300 1.17767600
47 1.40591000 0.00000000 0.00000000 -0.01760800 -0.02363100 1.51566300
48 1.17535400 -0.00013000 0.00000000 0.03782400 0.11729500 0.26809600
49 4.82051300 0.50934200 0.22486500 -0.16257900 -0.11067600 1.17926300
50 1.82698100 -0.00000100 0.00000200 0.00718400 0.03980800 1.45252300
51 1.43656900 0.00000000 0.00000000 0.00808100 -0.01279400 0.27447100
52 4.75115400 0.69437000 -0.83047500 -0.03044400 -0.23121800 0.81546000
53 1.68805700 -0.00000100 0.00000000 0.00334900 -0.02449500 1.30398700
54 1.33614300 0.00000000 0.00000000 -0.01548800 -0.03545000 0.78358400
55 5.51180600 0.00000000 -0.00000200 -0.66744800 0.00000000 0.00000000
56 0.19685000 0.00000000 0.00000000 -0.34818200 0.00000000 0.00000000
time 41
0 -3.33884800 3.35843400 -2.47946200 0.00000000 0.00000000 -3.14156200
1 -7.91882202 25.13449071 -2.84382841 0.29919371 -0.02942528 -0.78239002
2 3.85323700 0.12671100 -0.78579800 0.00000000 0.00000000 0.00000000
3 11.03187576 0.36355902 -4.04640731 0.24012900 0.91539100 1.52999000
4 -3.32562400 0.00371900 -2.40215400 0.00000000 0.00000000 0.00000000
5 -4.06109000 -0.00336600 -0.78740900 0.00000000 0.00000000 0.00000000
6 -0.00019500 0.00000000 0.39773100 0.00000000 0.00000000 0.00000000
7 -0.77869800 -2.43237500 -4.37718000 2.92105200 -0.04972300 -1.86575000
8 -1.09806193 0.21645500 0.18745800 0.00000000 0.00000000 0.00000000
9 0.00000000 0.00000000 0.00000000 0.00000000 0.00000000 -1.57079600
10 -0.00000100 7.45008900 -27.50902600 0.00000000 0.00000000 0.00003100
11 0.00000000 0.00000000 0.00000000 1.57078000 -1.56713700 -1.57078300
12 4.25546300 -0.33518200 0.00000000 0.00000000 0.00000000 -0.12484800
13 7.43124600 1.49647800 0.00000000 0.00000000 0.00000000 0.24545000
14 5.27847200 0.16554000 0.00000000 0.00000000 0.00000000 0.04851100
15 0.95845354 -10.46936879 6.97853225 1.97586600 1.15991000 -1.29878700
16 -6.21447400 0.00000000 0.00000000 0.04062463 0.31348457 -1.81137168
17 -11.94486339 0.00004200 0.00021654 0.13418428 -0.25900481 -1.35172516
18 -10.62016269 0.00006846 -0.00008200 -2.25060849 -0.13885038 0.59245351
19 -1.87479600 -0.93512200 0.99917600 1.72571800 0.67187600 0.85227800
20 -1.52344500 0.00000000 0.00000000 0.08099400 0.15396900 0.58815600
21 -1.59928300 0.00000000 0.00000000 0.01453800 -0.04039900 1.20561000
22 -4.52675100 -0.69057700 -1.12074100 -0.39343300 0.26032300 1.74034800
23 -1.74403400 0.00000000 0.00000000 -0.01415000 -0.02594600 0.91082300
24 -1.36876700 0.00000000 0.00000000 0.03508000 0.03899700 0.62765500
25 -3.99235200 -0.89119000 -1.82790800 -0.37607300 0.39711200 1.63661600
26 -1.40591000 0.00000200 0.00000100 0.01264700 -0.02662600 0.43060100
27 -1.17535800 0.00013400 0.00000000 0.05560900 0.03892800 0.86426700
28 -4.82049600 -0.50946200 -0.22475700 -0.35400300 0.08871400 1.49727800
29 -1.82698400 0.00000200 0.00000100 -0.00856400 0.03953200 1.05965000
30 -1.43656500 -0.00000200 -0.00000100 -0.05524000 -0.05469200 0.69918900
31 -4.75110400 -0.69450200 0.83058000 -0.16764200 0.00941500 0.33166900
32 -1.68806800 0.00000100 0.00000000 0.02182400 -0.01169900 0.36044800
33 -1.33614000 0.00000200 0.00000000 0.02564400 0.00608700 0.32044900
34 -5.58311907 0.11576300 -0.29503793 -0.90460900 0.06400000 0.02996900
35 -0.19684746 0.00000000 -0.00000046 -0.34818200 0.00000000 0.00000000
36 -1.33293121 -14.90588395 -0.27077885 1.97586300 1.15991000 1.84280400
37 6.21447800 0.00000100 0.00000000 -0.81354890 0.65522800 -1.66974683
38 11.94487700 0.00000200 -0.00019800 0.24632800 -0.27311228 -1.40046962
39 10.62016300 0.00000000 -0.00000300 -2.18587992 -0.64949344 0.64817623
40 1.87485700 0.93507800 -0.99912700 2.51444500 0.40613500 1.28819000
41 1.45054354 -0.06018785 0.09121707 0.08130900 0.15607800 0.58651000
42 1.59927900 0.00000000 0.00000000 0.08169400 -0.01721100 1.03306000
43 4.52675100 0.69046200 1.12084300 -0.24391700 0.03988200 1.38722300
44 1.74404900 -0.00000100 -0.00000100 -0.02648500 -0.01316600 1.52193900
45 1.36875900 0.00000000 0.00000000 -0.24626800 0.17807500 0.18497200
46 3.99234600 0.89108500 1.82799600 -0.40198400 0.02856300 1.17767600
47 1.40591000 0.00000000 0.00000000 -0.01760800 -0.02363100 1.51566300
48 1.17535400 -0.00013000 0.00000000 0.03782400 0.11729500 0.26809600
49 4.82051300 0.50934200 0.22486500 -0.16257900 -0.11067600 1.17926300
50 1.82698100 -0.00000100 0.00000200 0.00718400 0.03980800 1.45252300
51 1.43656900 0.00000000 0.00000000 0.00808100 -0.01279400 0.27447100
52 4.75115400 0.69437000 -0.83047500 -0.03044400 -0.23121800 0.81546000
53 1.68805700 -0.00000100 0.00000000 0.00334900 -0.02449500 1.30398700
54 1.33614300 0.00000000 0.00000000 -0.01548800 -0.03545000 0.78358400
55 5.51180600 0.00000000 -0.00000200 -0.66744800 0.00000000 0.00000000
56 0.19685000 0.00000000 0.00000000 -0.34818200 0.00000000 0.00000000
time 42
0 -3.33884800 3.35843400 -2.47946200 0.00000000 0.00000000 -3.14156200
1 -7.83453464 25.13270489 -2.75300433 0.29810994 -0.02082218 -0.78506084
2 3.85323700 0.12671100 -0.78579800 0.00000000 0.00000000 0.00000000
3 11.03187576 0.36355902 -4.04640731 0.24012900 0.91539100 1.52999000
4 -3.32562400 0.00371900 -2.40215400 0.00000000 0.00000000 0.00000000
5 -4.06109000 -0.00336600 -0.78740900 0.00000000 0.00000000 0.00000000
6 -0.00019500 0.00000000 0.39773100 0.00000000 0.00000000 0.00000000
7 -0.77869800 -2.43237500 -4.37718000 2.92105200 -0.04972300 -1.86575000
8 -1.09806193 0.21645500 0.18745800 0.00000000 0.00000000 0.00000000
9 0.00000000 0.00000000 0.00000000 0.00000000 0.00000000 -1.57079600
10 -0.00000100 7.45008900 -27.50902600 0.00000000 0.00000000 0.00003100
11 0.00000000 0.00000000 0.00000000 1.57078000 -1.56713700 -1.57078300
12 4.25546300 -0.33518200 0.00000000 0.00000000 0.00000000 -0.12484800
13 7.43124600 1.49647800 0.00000000 0.00000000 0.00000000 0.24545000
14 5.27847200 0.16554000 0.00000000 0.00000000 0.00000000 0.04851100
15 0.95845354 -10.46936879 6.97853225 1.97586600 1.15991000 -1.29878700
16 -6.21447400 0.00000000 0.00000000 0.03981257 0.31336135 -1.80750127
17 -11.94486339 0.00004200 0.00021654 0.13504554 -0.25697369 -1.35567963
18 -10.62016269 0.00006846 -0.00008200 -2.25351580 -0.14748016 0.59340590
19 -1.87479600 -0.93512200 0.99917600 1.72571800 0.67187600 0.85227800
20 -1.52344500 0.00000000 0.00000000 0.08099400 0.15396900 0.58815600
21 -1.59928300 0.00000000 0.00000000 0.01453800 -0.04039900 1.20561000
22 -4.52675100 -0.69057700 -1.12074100 -0.39343300 0.26032300 1.74034800
23 -1.74403400 0.00000000 0.00000000 -0.01415000 -0.02594600 0.91082300
24 -1.36876700 0.00000000 0.00000000 0.03508000 0.03899700 0.62765500
25 -3.99235200 -0.89119000 -1.82790800 -0.37607300 0.39711200 1.63661600
26 -1.40591000 0.00000200 0.00000100 0.01264700 -0.02662600 0.43060100
27 -1.17535800 0.00013400 0.00000000 0.05560900 0.03892800 0.86426700
28 -4.82049600 -0.50946200 -0.22475700 -0.35400300 0.08871400 1.49727800
29 -1.82698400 0.00000200 0.00000100 -0.00856400 0.03953200 1.05965000
30 -1.43656500 -0.00000200 -0.00000100 -0.05524000 -0.05469200 0.69918900
31 -4.75110400 -0.69450200 0.83058000 -0.16764200 0.00941500 0.33166900
32 -1.68806800 0.00000100 0.00000000 0.02182400 -0.01169900 0.36044800
33 -1.33614000 0.00000200 0.00000000 0.02564400 0.00608700 0.32044900
34 -5.58311907 0.11576300 -0.29503793 -0.90460900 0.06400000 0.02996900
35 -0.19684746 0.00000000 -0.00000046 -0.34818200 0.00000000 0.00000000
36 -1.33293121 -14.90588395 -0.27077885 1.97586300 1.15991000 1.84280400
37 6.21447800 0.00000100 0.00000000 -0.81493730 0.64909338 -1.67651005
38 11.94487700 0.00000200 -0.00019800 0.24528591 -0.27559966 -1.39614769
39 10.62016300 0.00000000 -0.00000300 -2.17693102 -0.64899535 0.63944871
40 1.87485700 0.93507800 -0.99912700 2.51444500 0.40613500 1.28819000
41 1.45054354 -0.06018785 0.09121707 0.08130900 0.15607800 0.58651000
42 1.59927900 0.00000000 0.00000000 0.08169400 -0.01721100 1.03306000
43 4.52675100 0.69046200 1.12084300 -0.24391700 0.03988200 1.38722300
44 1.74404900 -0.00000100 -0.00000100 -0.02648500 -0.01316600 1.52193900
45 1.36875900 0.00000000 0.00000000 -0.24626800 0.17807500 0.18497200
46 3.99234600 0.89108500 1.82799600 -0.40198400 0.02856300 1.17767600
47 1.40591000 0.00000000 0.00000000 -0.01760800 -0.02363100 1.51566300
48 1.17535400 -0.00013000 0.00000000 0.03782400 0.11729500 0.26809600
49 4.82051300 0.50934200 0.22486500 -0.16257900 -0.11067600 1.17926300
50 1.82698100 -0.00000100 0.00000200 0.00718400 0.03980800 1.45252300
51 1.43656900 0.00000000 0.00000000 0.00808100 -0.01279400 0.27447100
52 4.75115400 0.69437000 -0.83047500 -0.03044400 -0.23121800 0.81546000
53 1.68805700 -0.00000100 0.00000000 0.00334900 -0.02449500 1.30398700
54 1.33614300 0.00000000 0.00000000 -0.01548800 -0.03545000 0.78358400
55 5.51180600 0.00000000 -0.00000200 -0.66744800 0.00000000 0.00000000
56 0.19685000 0.00000000 0.00000000 -0.34818200 0.00000000 0.00000000
time 43
0 -3.33884800 3.35843400 -2.47946200 0.00000000 0.00000000 -3.14156200
1 -7.75011395 25.13086214 -2.66160543 0.29700535 -0.01214286 -0.78772351
2 3.85323700 0.12671100 -0.78579800 0.00000000 0.00000000 0.00000000
3 11.03187576 0.36355902 -4.04640731 0.24012900 0.91539100 1.52999000
4 -3.32562400 0.00371900 -2.40215400 0.00000000 0.00000000 0.00000000
5 -4.06109000 -0.00336600 -0.78740900 0.00000000 0.00000000 0.00000000
6 -0.00019500 0.00000000 0.39773100 0.00000000 0.00000000 0.00000000
7 -0.77869800 -2.43237500 -4.37718000 2.92105200 -0.04972300 -1.86575000
8 -1.09806193 0.21645500 0.18745800 0.00000000 0.00000000 0.00000000
9 0.00000000 0.00000000 0.00000000 0.00000000 0.00000000 -1.57079600
10 -0.00000100 7.45008900 -27.50902600 0.00000000 0.00000000 0.00003100
11 0.00000000 0.00000000 0.00000000 1.57078000 -1.56713700 -1.57078300
12 4.25546300 -0.33518200 0.00000000 0.00000000 0.00000000 -0.12484800
13 7.43124600 1.49647800 0.00000000 0.00000000 0.00000000 0.24545000
14 5.27847200 0.16554000 0.00000000 0.00000000 0.00000000 0.04851100
15 0.95845354 -10.46936879 6.97853225 1.97586600 1.15991000 -1.29878700
16 -6.21447400 0.00000000 0.00000000 0.03898069 0.31319733 -1.80366429
17 -11.94486339 0.00004200 0.00021654 0.13579256 -0.25482990 -1.35945388
18 -10.62016269 0.00006846 -0.00008200 -2.25635663 -0.15622332 0.59443124
19 -1.87479600 -0.93512200 0.99917600 1.72571800 0.67187600 0.85227800
20 -1.52344500 0.00000000 0.00000000 0.08099400 0.15396900 0.58815600
21 -1.59928300 0.00000000 0.00000000 0.01453800 -0.04039900 1.20561000
22 -4.52675100 -0.69057700 -1.12074100 -0.39343300 0.26032300 1.74034800
23 -1.74403400 0.00000000 0.00000000 -0.01415000 -0.02594600 0.91082300
24 -1.36876700 0.00000000 0.00000000 0.03508000 0.03899700 0.62765500
25 -3.99235200 -0.89119000 -1.82790800 -0.37607300 0.39711200 1.63661600
26 -1.40591000 0.00000200 0.00000100 0.01264700 -0.02662600 0.43060100
27 -1.17535800 0.00013400 0.00000000 0.05560900 0.03892800 0.86426700
28 -4.82049600 -0.50946200 -0.22475700 -0.35400300 0.08871400 1.49727800
29 -1.82698400 0.00000200 0.00000100 -0.00856400 0.03953200 1.05965000
30 -1.43656500 -0.00000200 -0.00000100 -0.05524000 -0.05469200 0.69918900
31 -4.75110400 -0.69450200 0.83058000 -0.16764200 0.00941500 0.33166900
32 -1.68806800 0.00000100 0.00000000 0.02182400 -0.01169900 0.36044800
33 -1.33614000 0.00000200 0.00000000 0.02564400 0.00608700 0.32044900
34 -5.58311907 0.11576300 -0.29503793 -0.90460900 0.06400000 0.02996900
35 -0.19684746 0.00000000 -0.00000046 -0.34818200 0.00000000 0.00000000
36 -1.33293121 -14.90588395 -0.27077885 1.97586300 1.15991000 1.84280400
37 6.21447800 0.00000100 0.00000000 -0.81629102 0.64288095 -1.68329791
38 11.94487700 0.00000200 -0.00019800 0.24420641 -0.27807634 -1.39168134
39 10.62016300 0.00000000 -0.00000300 -2.16794602 -0.64823546 0.63061997
40 1.87485700 0.93507800 -0.99912700 2.51444500 0.40613500 1.28819000
41 1.45054354 -0.06018785 0.09121707 0.08130900 0.15607800 0.58651000
42 1.59927900 0.00000000 0.00000000 0.08169400 -0.01721100 1.03306000
43 4.52675100 0.69046200 1.12084300 -0.24391700 0.03988200 1.38722300
44 1.74404900 -0.00000100 -0.00000100 -0.02648500 -0.01316600 1.52193900
45 1.36875900 0.00000000 0.00000000 -0.24626800 0.17807500 0.18497200
46 3.99234600 0.89108500 1.82799600 -0.40198400 0.02856300 1.17767600
47 1.40591000 0.00000000 0.00000000 -0.01760800 -0.02363100 1.51566300
48 1.17535400 -0.00013000 0.00000000 0.03782400 0.11729500 0.26809600
49 4.82051300 0.50934200 0.22486500 -0.16257900 -0.11067600 1.17926300
50 1.82698100 -0.00000100 0.00000200 0.00718400 0.03980800 1.45252300
51 1.43656900 0.00000000 0.00000000 0.00808100 -0.01279400 0.27447100
52 4.75115400 0.69437000 -0.83047500 -0.03044400 -0.23121800 0.81546000
53 1.68805700 -0.00000100 0.00000000 0.00334900 -0.02449500 1.30398700
54 1.33614300 0.00000000 0.00000000 -0.01548800 -0.03545000 0.78358400
55 5.51180600 0.00000000 -0.00000200 -0.66744800 0.00000000 0.00000000
56 0.19685000 0.00000000 0.00000000 -0.34818200 0.00000000 0.00000000
time 44
0 -3.33884800 3.35843400 -2.47946200 0.00000000 0.00000000 -3.14156200
1 -7.66276996 25.12898192 -2.59329301 0.29633333 -0.00314447 -0.78989523
2 3.85323700 0.12671100 -0.78579800 0.00000000 0.00000000 0.00000000
3 11.03187576 0.36355902 -4.04640731 0.24012900 0.91539100 1.52999000
4 -3.32562400 0.00371900 -2.40215400 0.00000000 0.00000000 0.00000000
5 -4.06109000 -0.00336600 -0.78740900 0.00000000 0.00000000 0.00000000
6 -0.00019500 0.00000000 0.39773100 0.00000000 0.00000000 0.00000000
7 -0.77869800 -2.43237500 -4.37718000 2.92105200 -0.04972300 -1.86575000
8 -1.09806193 0.21645500 0.18745800 0.00000000 0.00000000 0.00000000
9 0.00000000 0.00000000 0.00000000 0.00000000 0.00000000 -1.57079600
10 -0.00000100 7.45008900 -27.50902600 0.00000000 0.00000000 0.00003100
11 0.00000000 0.00000000 0.00000000 1.57078000 -1.56713700 -1.57078300
12 4.25546300 -0.33518200 0.00000000 0.00000000 0.00000000 -0.12484800
13 7.43124600 1.49647800 0.00000000 0.00000000 0.00000000 0.24545000
14 5.27847200 0.16554000 0.00000000 0.00000000 0.00000000 0.04851100
15 0.95845354 -10.46936879 6.97853225 1.97586600 1.15991000 -1.29878700
16 -6.21447400 0.00000000 0.00000000 0.03930717 0.31320144 -1.79898627
17 -11.94486339 0.00004200 0.00021654 0.13622845 -0.25179487 -1.36275387
18 -10.62016269 0.00006846 -0.00008200 -2.26009171 -0.16686457 0.59386030
19 -1.87479600 -0.93512200 0.99917600 1.72571800 0.67187600 0.85227800
20 -1.52344500 0.00000000 0.00000000 0.08099400 0.15396900 0.58815600
21 -1.59928300 0.00000000 0.00000000 0.01453800 -0.04039900 1.20561000
22 -4.52675100 -0.69057700 -1.12074100 -0.39343300 0.26032300 1.74034800
23 -1.74403400 0.00000000 0.00000000 -0.01415000 -0.02594600 0.91082300
24 -1.36876700 0.00000000 0.00000000 0.03508000 0.03899700 0.62765500
25 -3.99235200 -0.89119000 -1.82790800 -0.37607300 0.39711200 1.63661600
26 -1.40591000 0.00000200 0.00000100 0.01264700 -0.02662600 0.43060100
27 -1.17535800 0.00013400 0.00000000 0.05560900 0.03892800 0.86426700
28 -4.82049600 -0.50946200 -0.22475700 -0.35400300 0.08871400 1.49727800
29 -1.82698400 0.00000200 0.00000100 -0.00856400 0.03953200 1.05965000
30 -1.43656500 -0.00000200 -0.00000100 -0.05524000 -0.05469200 0.69918900
31 -4.75110400 -0.69450200 0.83058000 -0.16764200 0.00941500 0.33166900
32 -1.68806800 0.00000100 0.00000000 0.02182400 -0.01169900 0.36044800
33 -1.33614000 0.00000200 0.00000000 0.02564400 0.00608700 0.32044900
34 -5.58311907 0.11576300 -0.29503793 -0.90460900 0.06400000 0.02996900
35 -0.19684746 0.00000000 -0.00000046 -0.34818200 0.00000000 0.00000000
36 -1.33293121 -14.90588395 -0.27077885 1.97586300 1.15991000 1.84280400
37 6.21447800 0.00000100 0.00000000 -0.81681653 0.63763416 -1.68943246
38 11.94487700 0.00000200 -0.00019800 0.24298437 -0.28015093 -1.38683542
39 10.62016300 0.00000000 -0.00000300 -2.15992217 -0.64903728 0.62087713
40 1.87485700 0.93507800 -0.99912700 2.51444500 0.40613500 1.28819000
41 1.45054354 -0.06018785 0.09121707 0.08130900 0.15607800 0.58651000
42 1.59927900 0.00000000 0.00000000 0.08169400 -0.01721100 1.03306000
43 4.52675100 0.69046200 1.12084300 -0.24391700 0.03988200 1.38722300
44 1.74404900 -0.00000100 -0.00000100 -0.02648500 -0.01316600 1.52193900
45 1.36875900 0.00000000 0.00000000 -0.24626800 0.17807500 0.18497200
46 3.99234600 0.89108500 1.82799600 -0.40198400 0.02856300 1.17767600
47 1.40591000 0.00000000 0.00000000 -0.01760800 -0.02363100 1.51566300
48 1.17535400 -0.00013000 0.00000000 0.03782400 0.11729500 0.26809600
49 4.82051300 0.50934200 0.22486500 -0.16257900 -0.11067600 1.17926300
50 1.82698100 -0.00000100 0.00000200 0.00718400 0.03980800 1.45252300
51 1.43656900 0.00000000 0.00000000 0.00808100 -0.01279400 0.27447100
52 4.75115400 0.69437000 -0.83047500 -0.03044400 -0.23121800 0.81546000
53 1.68805700 -0.00000100 0.00000000 0.00334900 -0.02449500 1.30398700
54 1.33614300 0.00000000 0.00000000 -0.01548800 -0.03545000 0.78358400
55 5.51180600 0.00000000 -0.00000200 -0.66744800 0.00000000 0.00000000
56 0.19685000 0.00000000 0.00000000 -0.34818200 0.00000000 0.00000000
time 45
0 -3.33884800 3.35843400 -2.47946200 0.00000000 0.00000000 -3.14156200
1 -7.57526432 25.12709627 -2.53965765 0.29621774 0.00533793 -0.79207519
2 3.85323700 0.12671100 -0.78579800 0.00000000 0.00000000 0.00000000
3 11.03187576 0.36355902 -4.04640731 0.24012900 0.91539100 1.52999000
4 -3.32562400 0.00371900 -2.40215400 0.00000000 0.00000000 0.00000000
5 -4.06109000 -0.00336600 -0.78740900 0.00000000 0.00000000 0.00000000
6 -0.00019500 0.00000000 0.39773100 0.00000000 0.00000000 0.00000000
7 -0.77869800 -2.43237500 -4.37718000 2.92105200 -0.04972300 -1.86575000
8 -1.09806193 0.21645500 0.18745800 0.00000000 0.00000000 0.00000000
9 0.00000000 0.00000000 0.00000000 0.00000000 0.00000000 -1.57079600
10 -0.00000100 7.45008900 -27.50902600 0.00000000 0.00000000 0.00003100
11 0.00000000 0.00000000 0.00000000 1.57078000 -1.56713700 -1.57078300
12 4.25546300 -0.33518200 0.00000000 0.00000000 0.00000000 -0.12484800
13 7.43124600 1.49647800 0.00000000 0.00000000 0.00000000 0.24545000
14 5.27847200 0.16554000 0.00000000 0.00000000 0.00000000 0.04851100
15 0.95845354 -10.46936879 6.97853225 1.97586600 1.15991000 -1.29878700
16 -6.21447400 0.00000000 0.00000000 0.04002408 0.31323600 -1.79386682
17 -11.94486339 0.00004200 0.00021654 0.13653516 -0.24836366 -1.36607394
18 -10.62016269 0.00006846 -0.00008200 -2.26348471 -0.17767656 0.59301017
19 -1.87479600 -0.93512200 0.99917600 1.72571800 0.67187600 0.85227800
20 -1.52344500 0.00000000 0.00000000 0.08099400 0.15396900 0.58815600
21 -1.59928300 0.00000000 0.00000000 0.01453800 -0.04039900 1.20561000
22 -4.52675100 -0.69057700 -1.12074100 -0.39343300 0.26032300 1.74034800
23 -1.74403400 0.00000000 0.00000000 -0.01415000 -0.02594600 0.91082300
24 -1.36876700 0.00000000 0.00000000 0.03508000 0.03899700 0.62765500
25 -3.99235200 -0.89119000 -1.82790800 -0.37607300 0.39711200 1.63661600
26 -1.40591000 0.00000200 0.00000100 0.01264700 -0.02662600 0.43060100
27 -1.17535800 0.00013400 0.00000000 0.05560900 0.03892800 0.86426700
28 -4.82049600 -0.50946200 -0.22475700 -0.35400300 0.08871400 1.49727800
29 -1.82698400 0.00000200 0.00000100 -0.00856400 0.03953200 1.05965000
30 -1.43656500 -0.00000200 -0.00000100 -0.05524000 -0.05469200 0.69918900
31 -4.75110400 -0.69450200 0.83058000 -0.16764200 0.00941500 0.33166900
32 -1.68806800 0.00000100 0.00000000 0.02182400 -0.01169900 0.36044800
33 -1.33614000 0.00000200 0.00000000 0.02564400 0.00608700 0.32044900
34 -5.58311907 0.11576300 -0.29503793 -0.90460900 0.06400000 0.02996900
35 -0.19684746 0.00000000 -0.00000046 -0.34818200 0.00000000 0.00000000
36 -1.33293121 -14.90588395 -0.27077885 1.97586300 1.15991000 1.84280400
37 6.21447800 0.00000100 0.00000000 -0.81652174 0.63299349 -1.69501330
38 11.94487700 0.00000200 -0.00019800 0.24171870 -0.28191992 -1.38197350
39 10.62016300 0.00000000 -0.00000300 -2.15372239 -0.65066422 0.61186087
40 1.87485700 0.93507800 -0.99912700 2.51444500 0.40613500 1.28819000
41 1.45054354 -0.06018785 0.09121707 0.08130900 0.15607800 0.58651000
42 1.59927900 0.00000000 0.00000000 0.08169400 -0.01721100 1.03306000
43 4.52675100 0.69046200 1.12084300 -0.24391700 0.03988200 1.38722300
44 1.74404900 -0.00000100 -0.00000100 -0.02648500 -0.01316600 1.52193900
45 1.36875900 0.00000000 0.00000000 -0.24626800 0.17807500 0.18497200
46 3.99234600 0.89108500 1.82799600 -0.40198400 0.02856300 1.17767600
47 1.40591000 0.00000000 0.00000000 -0.01760800 -0.02363100 1.51566300
48 1.17535400 -0.00013000 0.00000000 0.03782400 0.11729500 0.26809600
49 4.82051300 0.50934200 0.22486500 -0.16257900 -0.11067600 1.17926300
50 1.82698100 -0.00000100 0.00000200 0.00718400 0.03980800 1.45252300
51 1.43656900 0.00000000 0.00000000 0.00808100 -0.01279400 0.27447100
52 4.75115400 0.69437000 -0.83047500 -0.03044400 -0.23121800 0.81546000
53 1.68805700 -0.00000100 0.00000000 0.00334900 -0.02449500 1.30398700
54 1.33614300 0.00000000 0.00000000 -0.01548800 -0.03545000 0.78358400
55 5.51180600 0.00000000 -0.00000200 -0.66744800 0.00000000 0.00000000
56 0.19685000 0.00000000 0.00000000 -0.34818200 0.00000000 0.00000000
time 46
0 -3.33884800 3.35843400 -2.47946200 0.00000000 0.00000000 -3.14156200
1 -7.48783544 25.12520418 -2.48596451 0.29611105 0.01386284 -0.79423966
2 3.85323700 0.12671100 -0.78579800 0.00000000 0.00000000 0.00000000
3 11.03187576 0.36355902 -4.04640731 0.24012900 0.91539100 1.52999000
4 -3.32562400 0.00371900 -2.40215400 0.00000000 0.00000000 0.00000000
5 -4.06109000 -0.00336600 -0.78740900 0.00000000 0.00000000 0.00000000
6 -0.00019500 0.00000000 0.39773100 0.00000000 0.00000000 0.00000000
7 -0.77869800 -2.43237500 -4.37718000 2.92105200 -0.04972300 -1.86575000
8 -1.09806193 0.21645500 0.18745800 0.00000000 0.00000000 0.00000000
9 0.00000000 0.00000000 0.00000000 0.00000000 0.00000000 -1.57079600
10 -0.00000100 7.45008900 -27.50902600 0.00000000 0.00000000 0.00003100
11 0.00000000 0.00000000 0.00000000 1.57078000 -1.56713700 -1.57078300
12 4.25546300 -0.33518200 0.00000000 0.00000000 0.00000000 -0.12484800
13 7.43124600 1.49647800 0.00000000 0.00000000 0.00000000 0.24545000
14 5.27847200 0.16554000 0.00000000 0.00000000 0.00000000 0.04851100
15 0.95845354 -10.46936879 6.97853225 1.97586600 1.15991000 -1.29878700
16 -6.21447400 0.00000000 0.00000000 0.04070814 0.31325334 -1.78886086
17 -11.94486339 0.00004200 0.00021654 0.13685355 -0.24503123 -1.36919403
18 -10.62016269 0.00006846 -0.00008200 -2.26694463 -0.18844142 0.59225009
19 -1.87479600 -0.93512200 0.99917600 1.72571800 0.67187600 0.85227800
20 -1.52344500 0.00000000 0.00000000 0.08099400 0.15396900 0.58815600
21 -1.59928300 0.00000000 0.00000000 0.01453800 -0.04039900 1.20561000
22 -4.52675100 -0.69057700 -1.12074100 -0.39343300 0.26032300 1.74034800
23 -1.74403400 0.00000000 0.00000000 -0.01415000 -0.02594600 0.91082300
24 -1.36876700 0.00000000 0.00000000 0.03508000 0.03899700 0.62765500
25 -3.99235200 -0.89119000 -1.82790800 -0.37607300 0.39711200 1.63661600
26 -1.40591000 0.00000200 0.00000100 0.01264700 -0.02662600 0.43060100
27 -1.17535800 0.00013400 0.00000000 0.05560900 0.03892800 0.86426700
28 -4.82049600 -0.50946200 -0.22475700 -0.35400300 0.08871400 1.49727800
29 -1.82698400 0.00000200 0.00000100 -0.00856400 0.03953200 1.05965000
30 -1.43656500 -0.00000200 -0.00000100 -0.05524000 -0.05469200 0.69918900
31 -4.75110400 -0.69450200 0.83058000 -0.16764200 0.00941500 0.33166900
32 -1.68806800 0.00000100 0.00000000 0.02182400 -0.01169900 0.36044800
33 -1.33614000 0.00000200 0.00000000 0.02564400 0.00608700 0.32044900
34 -5.58311907 0.11576300 -0.29503793 -0.90460900 0.06400000 0.02996900
35 -0.19684746 0.00000000 -0.00000046 -0.34818200 0.00000000 0.00000000
36 -1.33293121 -14.90588395 -0.27077885 1.97586300 1.15991000 1.84280400
37 6.21447800 0.00000100 0.00000000 -0.81610261 0.62834346 -1.70046158
38 11.94487700 0.00000200 -0.00019800 0.24051287 -0.28364369 -1.37713436
39 10.62016300 0.00000000 -0.00000300 -2.14764510 -0.65218274 0.60285498
40 1.87485700 0.93507800 -0.99912700 2.51444500 0.40613500 1.28819000
41 1.45054354 -0.06018785 0.09121707 0.08130900 0.15607800 0.58651000
42 1.59927900 0.00000000 0.00000000 0.08169400 -0.01721100 1.03306000
43 4.52675100 0.69046200 1.12084300 -0.24391700 0.03988200 1.38722300
44 1.74404900 -0.00000100 -0.00000100 -0.02648500 -0.01316600 1.52193900
45 1.36875900 0.00000000 0.00000000 -0.24626800 0.17807500 0.18497200
46 3.99234600 0.89108500 1.82799600 -0.40198400 0.02856300 1.17767600
47 1.40591000 0.00000000 0.00000000 -0.01760800 -0.02363100 1.51566300
48 1.17535400 -0.00013000 0.00000000 0.03782400 0.11729500 0.26809600
49 4.82051300 0.50934200 0.22486500 -0.16257900 -0.11067600 1.17926300
50 1.82698100 -0.00000100 0.00000200 0.00718400 0.03980800 1.45252300
51 1.43656900 0.00000000 0.00000000 0.00808100 -0.01279400 0.27447100
52 4.75115400 0.69437000 -0.83047500 -0.03044400 -0.23121800 0.81546000
53 1.68805700 -0.00000100 0.00000000 0.00334900 -0.02449500 1.30398700
54 1.33614300 0.00000000 0.00000000 -0.01548800 -0.03545000 0.78358400
55 5.51180600 0.00000000 -0.00000200 -0.66744800 0.00000000 0.00000000
56 0.19685000 0.00000000 0.00000000 -0.34818200 0.00000000 0.00000000
time 47
0 -3.33884800 3.35843400 -2.47946200 0.00000000 0.00000000 -3.14156200
1 -7.39637226 25.12332288 -2.45360246 0.29641834 0.02199077 -0.79615025
2 3.85323700 0.12671100 -0.78579800 0.00000000 0.00000000 0.00000000
3 11.03187576 0.36355902 -4.04640731 0.24012900 0.91539100 1.52999000
4 -3.32562400 0.00371900 -2.40215400 0.00000000 0.00000000 0.00000000
5 -4.06109000 -0.00336600 -0.78740900 0.00000000 0.00000000 0.00000000
6 -0.00019500 0.00000000 0.39773100 0.00000000 0.00000000 0.00000000
7 -0.77869800 -2.43237500 -4.37718000 2.92105200 -0.04972300 -1.86575000
8 -1.09806193 0.21645500 0.18745800 0.00000000 0.00000000 0.00000000
9 0.00000000 0.00000000 0.00000000 0.00000000 0.00000000 -1.57079600
10 -0.00000100 7.45008900 -27.50902600 0.00000000 0.00000000 0.00003100
11 0.00000000 0.00000000 0.00000000 1.57078000 -1.56713700 -1.57078300
12 4.25546300 -0.33518200 0.00000000 0.00000000 0.00000000 -0.12484800
13 7.43124600 1.49647800 0.00000000 0.00000000 0.00000000 0.24545000
14 5.27847200 0.16554000 0.00000000 0.00000000 0.00000000 0.04851100
15 0.95845354 -10.46936879 6.97853225 1.97586600 1.15991000 -1.29878700
16 -6.21447400 0.00000000 0.00000000 0.04216128 0.31337890 -1.78298300
17 -11.94486339 0.00004200 0.00021654 0.13702112 -0.24099761 -1.37244578
18 -10.62016269 0.00006846 -0.00008200 -2.27055082 -0.19991579 0.59068619
19 -1.87479600 -0.93512200 0.99917600 1.72571800 0.67187600 0.85227800
20 -1.52344500 0.00000000 0.00000000 0.08099400 0.15396900 0.58815600
21 -1.59928300 0.00000000 0.00000000 0.01453800 -0.04039900 1.20561000
22 -4.52675100 -0.69057700 -1.12074100 -0.39343300 0.26032300 1.74034800
23 -1.74403400 0.00000000 0.00000000 -0.01415000 -0.02594600 0.91082300
24 -1.36876700 0.00000000 0.00000000 0.03508000 0.03899700 0.62765500
25 -3.99235200 -0.89119000 -1.82790800 -0.37607300 0.39711200 1.63661600
26 -1.40591000 0.00000200 0.00000100 0.01264700 -0.02662600 0.43060100
27 -1.17535800 0.00013400 0.00000000 0.05560900 0.03892800 0.86426700
28 -4.82049600 -0.50946200 -0.22475700 -0.35400300 0.08871400 1.49727800
29 -1.82698400 0.00000200 0.00000100 -0.00856400 0.03953200 1.05965000
30 -1.43656500 -0.00000200 -0.00000100 -0.05524000 -0.05469200 0.69918900
31 -4.75110400 -0.69450200 0.83058000 -0.16764200 0.00941500 0.33166900
32 -1.68806800 0.00000100 0.00000000 0.02182400 -0.01169900 0.36044800
33 -1.33614000 0.00000200 0.00000000 0.02564400 0.00608700 0.32044900
34 -5.58311907 0.11576300 -0.29503793 -0.90460900 0.06400000 0.02996900
35 -0.19684746 0.00000000 -0.00000046 -0.34818200 0.00000000 0.00000000
36 -1.33293121 -14.90588395 -0.27077885 1.97586300 1.15991000 1.84280400
37 6.21447800 0.00000100 0.00000000 -0.81451397 0.62471100 -1.70532802
38 11.94487700 0.00000200 -0.00019800 0.23921597 -0.28512606 -1.37212383
39 10.62016300 0.00000000 -0.00000300 -2.14322782 -0.65501976 0.59413646
40 1.87485700 0.93507800 -0.99912700 2.51444500 0.40613500 1.28819000
41 1.45054354 -0.06018785 0.09121707 0.08130900 0.15607800 0.58651000
42 1.59927900 0.00000000 0.00000000 0.08169400 -0.01721100 1.03306000
43 4.52675100 0.69046200 1.12084300 -0.24391700 0.03988200 1.38722300
44 1.74404900 -0.00000100 -0.00000100 -0.02648500 -0.01316600 1.52193900
45 1.36875900 0.00000000 0.00000000 -0.24626800 0.17807500 0.18497200
46 3.99234600 0.89108500 1.82799600 -0.40198400 0.02856300 1.17767600
47 1.40591000 0.00000000 0.00000000 -0.01760800 -0.02363100 1.51566300
48 1.17535400 -0.00013000 0.00000000 0.03782400 0.11729500 0.26809600
49 4.82051300 0.50934200 0.22486500 -0.16257900 -0.11067600 1.17926300
50 1.82698100 -0.00000100 0.00000200 0.00718400 0.03980800 1.45252300
51 1.43656900 0.00000000 0.00000000 0.00808100 -0.01279400 0.27447100
52 4.75115400 0.69437000 -0.83047500 -0.03044400 -0.23121800 0.81546000
53 1.68805700 -0.00000100 0.00000000 0.00334900 -0.02449500 1.30398700
54 1.33614300 0.00000000 0.00000000 -0.01548800 -0.03545000 0.78358400
55 5.51180600 0.00000000 -0.00000200 -0.66744800 0.00000000 0.00000000
56 0.19685000 0.00000000 0.00000000 -0.34818200 0.00000000 0.00000000
time 48
0 -3.33884800 3.35843400 -2.47946200 0.00000000 0.00000000 -3.14156200
1 -7.29536877 25.12148765 -2.45934560 0.29697271 0.03015922 -0.79734860
2 3.85323700 0.12671100 -0.78579800 0.00000000 0.00000000 0.00000000
3 11.03187576 0.36355902 -4.04640731 0.24012900 0.91539100 1.52999000
4 -3.32562400 0.00371900 -2.40215400 0.00000000 0.00000000 0.00000000
5 -4.06109000 -0.00336600 -0.78740900 0.00000000 0.00000000 0.00000000
6 -0.00019500 0.00000000 0.39773100 0.00000000 0.00000000 0.00000000
7 -0.77869800 -2.43237500 -4.37718000 2.92105200 -0.04972300 -1.86575000
8 -1.09806193 0.21645500 0.18745800 0.00000000 0.00000000 0.00000000
9 0.00000000 0.00000000 0.00000000 0.00000000 0.00000000 -1.57079600
10 -0.00000100 7.45008900 -27.50902600 0.00000000 0.00000000 0.00003100
11 0.00000000 0.00000000 0.00000000 1.57078000 -1.56713700 -1.57078300
12 4.25546300 -0.33518200 0.00000000 0.00000000 0.00000000 -0.12484800
13 7.43124600 1.49647800 0.00000000 0.00000000 0.00000000 0.24545000
14 5.27847200 0.16554000 0.00000000 0.00000000 0.00000000 0.04851100
15 0.95845354 -10.46936879 6.97853225 1.97586600 1.15991000 -1.29878700
16 -6.21447400 0.00000000 0.00000000 0.04541471 0.31374696 -1.77523760
17 -11.94486339 0.00004200 0.00021654 0.13688037 -0.23560886 -1.37564158
18 -10.62016269 0.00006846 -0.00008200 -2.27577051 -0.21366742 0.58748436
19 -1.87479600 -0.93512200 0.99917600 1.72571800 0.67187600 0.85227800
20 -1.52344500 0.00000000 0.00000000 0.08099400 0.15396900 0.58815600
21 -1.59928300 0.00000000 0.00000000 0.01453800 -0.04039900 1.20561000
22 -4.52675100 -0.69057700 -1.12074100 -0.39343300 0.26032300 1.74034800
23 -1.74403400 0.00000000 0.00000000 -0.01415000 -0.02594600 0.91082300
24 -1.36876700 0.00000000 0.00000000 0.03508000 0.03899700 0.62765500
25 -3.99235200 -0.89119000 -1.82790800 -0.37607300 0.39711200 1.63661600
26 -1.40591000 0.00000200 0.00000100 0.01264700 -0.02662600 0.43060100
27 -1.17535800 0.00013400 0.00000000 0.05560900 0.03892800 0.86426700
28 -4.82049600 -0.50946200 -0.22475700 -0.35400300 0.08871400 1.49727800
29 -1.82698400 0.00000200 0.00000100 -0.00856400 0.03953200 1.05965000
30 -1.43656500 -0.00000200 -0.00000100 -0.05524000 -0.05469200 0.69918900
31 -4.75110400 -0.69450200 0.83058000 -0.16764200 0.00941500 0.33166900
32 -1.68806800 0.00000100 0.00000000 0.02182400 -0.01169900 0.36044800
33 -1.33614000 0.00000200 0.00000000 0.02564400 0.00608700 0.32044900
34 -5.58311907 0.11576300 -0.29503793 -0.90460900 0.06400000 0.02996900
35 -0.19684746 0.00000000 -0.00000046 -0.34818200 0.00000000 0.00000000
36 -1.33293121 -14.90588395 -0.27077885 1.97586300 1.15991000 1.84280400
37 6.21447800 0.00000100 0.00000000 -0.81148787 0.62304605 -1.70941292
38 11.94487700 0.00000200 -0.00019800 0.23794796 -0.28628492 -1.36730085
39 10.62016300 0.00000000 -0.00000300 -2.13997683 -0.66017671 0.58497209
40 1.87485700 0.93507800 -0.99912700 2.51444500 0.40613500 1.28819000
41 1.45054354 -0.06018785 0.09121707 0.08130900 0.15607800 0.58651000
42 1.59927900 0.00000000 0.00000000 0.08169400 -0.01721100 1.03306000
43 4.52675100 0.69046200 1.12084300 -0.24391700 0.03988200 1.38722300
44 1.74404900 -0.00000100 -0.00000100 -0.02648500 -0.01316600 1.52193900
45 1.36875900 0.00000000 0.00000000 -0.24626800 0.17807500 0.18497200
46 3.99234600 0.89108500 1.82799600 -0.40198400 0.02856300 1.17767600
47 1.40591000 0.00000000 0.00000000 -0.01760800 -0.02363100 1.51566300
48 1.17535400 -0.00013000 0.00000000 0.03782400 0.11729500 0.26809600
49 4.82051300 0.50934200 0.22486500 -0.16257900 -0.11067600 1.17926300
50 1.82698100 -0.00000100 0.00000200 0.00718400 0.03980800 1.45252300
51 1.43656900 0.00000000 0.00000000 0.00808100 -0.01279400 0.27447100
52 4.75115400 0.69437000 -0.83047500 -0.03044400 -0.23121800 0.81546000
53 1.68805700 -0.00000100 0.00000000 0.00334900 -0.02449500 1.30398700
54 1.33614300 0.00000000 0.00000000 -0.01548800 -0.03545000 0.78358400
55 5.51180600 0.00000000 -0.00000200 -0.66744800 0.00000000 0.00000000
56 0.19685000 0.00000000 0.00000000 -0.34818200 0.00000000 0.00000000
time 49
0 -3.33884800 3.35843400 -2.47946200 0.00000000 0.00000000 -3.14156200
1 -7.19465288 25.11969646 -2.46555176 0.29750162 0.03819191 -0.79861405
2 3.85323700 0.12671100 -0.78579800 0.00000000 0.00000000 0.00000000
3 11.03187576 0.36355902 -4.04640731 0.24012900 0.91539100 1.52999000
4 -3.32562400 0.00371900 -2.40215400 0.00000000 0.00000000 0.00000000
5 -4.06109000 -0.00336600 -0.78740900 0.00000000 0.00000000 0.00000000
6 -0.00019500 0.00000000 0.39773100 0.00000000 0.00000000 0.00000000
7 -0.77869800 -2.43237500 -4.37718000 2.92105200 -0.04972300 -1.86575000
8 -1.09806193 0.21645500 0.18745800 0.00000000 0.00000000 0.00000000
9 0.00000000 0.00000000 0.00000000 0.00000000 0.00000000 -1.57079600
10 -0.00000100 7.45008900 -27.50902600 0.00000000 0.00000000 0.00003100
11 0.00000000 0.00000000 0.00000000 1.57078000 -1.56713700 -1.57078300
12 4.25546300 -0.33518200 0.00000000 0.00000000 0.00000000 -0.12484800
13 7.43124600 1.49647800 0.00000000 0.00000000 0.00000000 0.24545000
14 5.27847200 0.16554000 0.00000000 0.00000000 0.00000000 0.04851100
15 0.95845354 -10.46936879 6.97853225 1.97586600 1.15991000 -1.29878700
16 -6.21447400 0.00000000 0.00000000 0.04862907 0.31400919 -1.76762543
17 -11.94486339 0.00004200 0.00021654 0.13660356 -0.23004554 -1.37853830
18 -10.62016269 0.00006846 -0.00008200 -2.28087598 -0.22743777 0.58429636
19 -1.87479600 -0.93512200 0.99917600 1.72571800 0.67187600 0.85227800
20 -1.52344500 0.00000000 0.00000000 0.08099400 0.15396900 0.58815600
21 -1.59928300 0.00000000 0.00000000 0.01453800 -0.04039900 1.20561000
22 -4.52675100 -0.69057700 -1.12074100 -0.39343300 0.26032300 1.74034800
23 -1.74403400 0.00000000 0.00000000 -0.01415000 -0.02594600 0.91082300
24 -1.36876700 0.00000000 0.00000000 0.03508000 0.03899700 0.62765500
25 -3.99235200 -0.89119000 -1.82790800 -0.37607300 0.39711200 1.63661600
26 -1.40591000 0.00000200 0.00000100 0.01264700 -0.02662600 0.43060100
27 -1.17535800 0.00013400 0.00000000 0.05560900 0.03892800 0.86426700
28 -4.82049600 -0.50946200 -0.22475700 -0.35400300 0.08871400 1.49727800
29 -1.82698400 0.00000200 0.00000100 -0.00856400 0.03953200 1.05965000
30 -1.43656500 -0.00000200 -0.00000100 -0.05524000 -0.05469200 0.69918900
31 -4.75110400 -0.69450200 0.83058000 -0.16764200 0.00941500 0.33166900
32 -1.68806800 0.00000100 0.00000000 0.02182400 -0.01169900 0.36044800
33 -1.33614000 0.00000200 0.00000000 0.02564400 0.00608700 0.32044900
34 -5.58311907 0.11576300 -0.29503793 -0.90460900 0.06400000 0.02996900
35 -0.19684746 0.00000000 -0.00000046 -0.34818200 0.00000000 0.00000000
36 -1.33293121 -14.90588395 -0.27077885 1.97586300 1.15991000 1.84280400
37 6.21447800 0.00000100 0.00000000 -0.80840174 0.62133121 -1.71347557
38 11.94487700 0.00000200 -0.00019800 0.23675842 -0.28742256 -1.36242566
39 10.62016300 0.00000000 -0.00000300 -2.13676887 -0.66526286 0.57582254
40 1.87485700 0.93507800 -0.99912700 2.51444500 0.40613500 1.28819000
41 1.45054354 -0.06018785 0.09121707 0.08130900 0.15607800 0.58651000
42 1.59927900 0.00000000 0.00000000 0.08169400 -0.01721100 1.03306000
43 4.52675100 0.69046200 1.12084300 -0.24391700 0.03988200 1.38722300
44 1.74404900 -0.00000100 -0.00000100 -0.02648500 -0.01316600 1.52193900
45 1.36875900 0.00000000 0.00000000 -0.24626800 0.17807500 0.18497200
46 3.99234600 0.89108500 1.82799600 -0.40198400 0.02856300 1.17767600
47 1.40591000 0.00000000 0.00000000 -0.01760800 -0.02363100 1.51566300
48 1.17535400 -0.00013000 0.00000000 0.03782400 0.11729500 0.26809600
49 4.82051300 0.50934200 0.22486500 -0.16257900 -0.11067600 1.17926300
50 1.82698100 -0.00000100 0.00000200 0.00718400 0.03980800 1.45252300
51 1.43656900 0.00000000 0.00000000 0.00808100 -0.01279400 0.27447100
52 4.75115400 0.69437000 -0.83047500 -0.03044400 -0.23121800 0.81546000
53 1.68805700 -0.00000100 0.00000000 0.00334900 -0.02449500 1.30398700
54 1.33614300 0.00000000 0.00000000 -0.01548800 -0.03545000 0.78358400
55 5.51180600 0.00000000 -0.00000200 -0.66744800 0.00000000 0.00000000
56 0.19685000 0.00000000 0.00000000 -0.34818200 0.00000000 0.00000000
time 50
0 -3.33884800 3.35843400 -2.47946200 0.00000000 0.00000000 -3.14156200
1 -7.09417390 25.11796800 -2.47822876 0.29840885 0.04564998 -0.79972354
2 3.85323700 0.12671100 -0.78579800 0.00000000 0.00000000 0.00000000
3 11.03187576 0.36355902 -4.04640731 0.24012900 0.91539100 1.52999000
4 -3.32562400 0.00371900 -2.40215400 0.00000000 0.00000000 0.00000000
5 -4.06109000 -0.00336600 -0.78740900 0.00000000 0.00000000 0.00000000
6 -0.00019500 0.00000000 0.39773100 0.00000000 0.00000000 0.00000000
7 -0.77869800 -2.43237500 -4.37718000 2.92105200 -0.04972300 -1.86575000
8 -1.09806193 0.21645500 0.18745800 0.00000000 0.00000000 0.00000000
9 0.00000000 0.00000000 0.00000000 0.00000000 0.00000000 -1.57079600
10 -0.00000100 7.45008900 -27.50902600 0.00000000 0.00000000 0.00003100
11 0.00000000 0.00000000 0.00000000 1.57078000 -1.56713700 -1.57078300
12 4.25546300 -0.33518200 0.00000000 0.00000000 0.00000000 -0.12484800
13 7.43124600 1.49647800 0.00000000 0.00000000 0.00000000 0.24545000
14 5.27847200 0.16554000 0.00000000 0.00000000 0.00000000 0.04851100
15 0.95845354 -10.46936879 6.97853225 1.97586600 1.15991000 -1.29878700
16 -6.21447400 0.00000000 0.00000000 0.05174697 0.31435476 -1.75996405
17 -11.94486339 0.00004200 0.00021654 0.13642474 -0.22471239 -1.38157376
18 -10.62016269 0.00006846 -0.00008200 -2.28537540 -0.24049942 0.58096260
19 -1.87479600 -0.93512200 0.99917600 1.72571800 0.67187600 0.85227800
20 -1.52344500 0.00000000 0.00000000 0.08099400 0.15396900 0.58815600
21 -1.59928300 0.00000000 0.00000000 0.01453800 -0.04039900 1.20561000
22 -4.52675100 -0.69057700 -1.12074100 -0.39343300 0.26032300 1.74034800
23 -1.74403400 0.00000000 0.00000000 -0.01415000 -0.02594600 0.91082300
24 -1.36876700 0.00000000 0.00000000 0.03508000 0.03899700 0.62765500
25 -3.99235200 -0.89119000 -1.82790800 -0.37607300 0.39711200 1.63661600
26 -1.40591000 0.00000200 0.00000100 0.01264700 -0.02662600 0.43060100
27 -1.17535800 0.00013400 0.00000000 0.05560900 0.03892800 0.86426700
28 -4.82049600 -0.50946200 -0.22475700 -0.35400300 0.08871400 1.49727800
29 -1.82698400 0.00000200 0.00000100 -0.00856400 0.03953200 1.05965000
30 -1.43656500 -0.00000200 -0.00000100 -0.05524000 -0.05469200 0.69918900
31 -4.75110400 -0.69450200 0.83058000 -0.16764200 0.00941500 0.33166900
32 -1.68806800 0.00000100 0.00000000 0.02182400 -0.01169900 0.36044800
33 -1.33614000 0.00000200 0.00000000 0.02564400 0.00608700 0.32044900
34 -5.58311907 0.11576300 -0.29503793 -0.90460900 0.06400000 0.02996900
35 -0.19684746 0.00000000 -0.00000046 -0.34818200 0.00000000 0.00000000
36 -1.33293121 -14.90588395 -0.27077885 1.97586300 1.15991000 1.84280400
37 6.21447800 0.00000100 0.00000000 -0.80442935 0.61987638 -1.71698674
38 11.94487700 0.00000200 -0.00019800 0.23547968 -0.28834950 -1.35758010
39 10.62016300 0.00000000 -0.00000300 -2.13529799 -0.67087581 0.56785145
40 1.87485700 0.93507800 -0.99912700 2.51444500 0.40613500 1.28819000
41 1.45054354 -0.06018785 0.09121707 0.08130900 0.15607800 0.58651000
42 1.59927900 0.00000000 0.00000000 0.08169400 -0.01721100 1.03306000
43 4.52675100 0.69046200 1.12084300 -0.24391700 0.03988200 1.38722300
44 1.74404900 -0.00000100 -0.00000100 -0.02648500 -0.01316600 1.52193900
45 1.36875900 0.00000000 0.00000000 -0.24626800 0.17807500 0.18497200
46 3.99234600 0.89108500 1.82799600 -0.40198400 0.02856300 1.17767600
47 1.40591000 0.00000000 0.00000000 -0.01760800 -0.02363100 1.51566300
48 1.17535400 -0.00013000 0.00000000 0.03782400 0.11729500 0.26809600
49 4.82051300 0.50934200 0.22486500 -0.16257900 -0.11067600 1.17926300
50 1.82698100 -0.00000100 0.00000200 0.00718400 0.03980800 1.45252300
51 1.43656900 0.00000000 0.00000000 0.00808100 -0.01279400 0.27447100
52 4.75115400 0.69437000 -0.83047500 -0.03044400 -0.23121800 0.81546000
53 1.68805700 -0.00000100 0.00000000 0.00334900 -0.02449500 1.30398700
54 1.33614300 0.00000000 0.00000000 -0.01548800 -0.03545000 0.78358400
55 5.51180600 0.00000000 -0.00000200 -0.66744800 0.00000000 0.00000000
56 0.19685000 0.00000000 0.00000000 -0.34818200 0.00000000 0.00000000
time 51
0 -3.33884800 3.35843400 -2.47946200 0.00000000 0.00000000 -3.14156200
1 -6.99248962 25.11633411 -2.51301513 0.29783781 0.05055752 -0.80117042
2 3.85323700 0.12671100 -0.78579800 0.00000000 0.00000000 0.00000000
3 11.03187576 0.36355902 -4.04640731 0.24012900 0.91539100 1.52999000
4 -3.32562400 0.00371900 -2.40215400 0.00000000 0.00000000 0.00000000
5 -4.06109000 -0.00336600 -0.78740900 0.00000000 0.00000000 0.00000000
6 -0.00019500 0.00000000 0.39773100 0.00000000 0.00000000 0.00000000
7 -0.77869800 -2.43237500 -4.37718000 2.92105200 -0.04972300 -1.86575000
8 -1.09806193 0.21645500 0.18745800 0.00000000 0.00000000 0.00000000
9 0.00000000 0.00000000 0.00000000 0.00000000 0.00000000 -1.57079600
10 -0.00000100 7.45008900 -27.50902600 0.00000000 0.00000000 0.00003100
11 0.00000000 0.00000000 0.00000000 1.57078000 -1.56713700 -1.57078300
12 4.25546300 -0.33518200 0.00000000 0.00000000 0.00000000 -0.12484800
13 7.43124600 1.49647800 0.00000000 0.00000000 0.00000000 0.24545000
14 5.27847200 0.16554000 0.00000000 0.00000000 0.00000000 0.04851100
15 0.95845354 -10.46936879 6.97853225 1.97586600 1.15991000 -1.29878700
16 -6.21447400 0.00000000 0.00000000 0.05497831 0.31465967 -1.75170224
17 -11.94486339 0.00004200 0.00021654 0.13669015 -0.21940955 -1.38627250
18 -10.62016269 0.00006846 -0.00008200 -2.29072639 -0.25065991 0.58031701
19 -1.87479600 -0.93512200 0.99917600 1.72571800 0.67187600 0.85227800
20 -1.52344500 0.00000000 0.00000000 0.08099400 0.15396900 0.58815600
21 -1.59928300 0.00000000 0.00000000 0.01453800 -0.04039900 1.20561000
22 -4.52675100 -0.69057700 -1.12074100 -0.39343300 0.26032300 1.74034800
23 -1.74403400 0.00000000 0.00000000 -0.01415000 -0.02594600 0.91082300
24 -1.36876700 0.00000000 0.00000000 0.03508000 0.03899700 0.62765500
25 -3.99235200 -0.89119000 -1.82790800 -0.37607300 0.39711200 1.63661600
26 -1.40591000 0.00000200 0.00000100 0.01264700 -0.02662600 0.43060100
27 -1.17535800 0.00013400 0.00000000 0.05560900 0.03892800 0.86426700
28 -4.82049600 -0.50946200 -0.22475700 -0.35400300 0.08871400 1.49727800
29 -1.82698400 0.00000200 0.00000100 -0.00856400 0.03953200 1.05965000
30 -1.43656500 -0.00000200 -0.00000100 -0.05524000 -0.05469200 0.69918900
31 -4.75110400 -0.69450200 0.83058000 -0.16764200 0.00941500 0.33166900
32 -1.68806800 0.00000100 0.00000000 0.02182400 -0.01169900 0.36044800
33 -1.33614000 0.00000200 0.00000000 0.02564400 0.00608700 0.32044900
34 -5.58311907 0.11576300 -0.29503793 -0.90460900 0.06400000 0.02996900
35 -0.19684746 0.00000000 -0.00000046 -0.34818200 0.00000000 0.00000000
36 -1.33293121 -14.90588395 -0.27077885 1.97586300 1.15991000 1.84280400
37 6.21447800 0.00000100 0.00000000 -0.79970421 0.62035019 -1.71958749
38 11.94487700 0.00000200 -0.00019800 0.23480317 -0.28889362 -1.35490811
39 10.62016300 0.00000000 -0.00000300 -2.13475239 -0.67586094 0.56330480
40 1.87485700 0.93507800 -0.99912700 2.51444500 0.40613500 1.28819000
41 1.45054354 -0.06018785 0.09121707 0.08130900 0.15607800 0.58651000
42 1.59927900 0.00000000 0.00000000 0.08169400 -0.01721100 1.03306000
43 4.52675100 0.69046200 1.12084300 -0.24391700 0.03988200 1.38722300
44 1.74404900 -0.00000100 -0.00000100 -0.02648500 -0.01316600 1.52193900
45 1.36875900 0.00000000 0.00000000 -0.24626800 0.17807500 0.18497200
46 3.99234600 0.89108500 1.82799600 -0.40198400 0.02856300 1.17767600
47 1.40591000 0.00000000 0.00000000 -0.01760800 -0.02363100 1.51566300
48 1.17535400 -0.00013000 0.00000000 0.03782400 0.11729500 0.26809600
49 4.82051300 0.50934200 0.22486500 -0.16257900 -0.11067600 1.17926300
50 1.82698100 -0.00000100 0.00000200 0.00718400 0.03980800 1.45252300
51 1.43656900 0.00000000 0.00000000 0.00808100 -0.01279400 0.27447100
52 4.75115400 0.69437000 -0.83047500 -0.03044400 -0.23121800 0.81546000
53 1.68805700 -0.00000100 0.00000000 0.00334900 -0.02449500 1.30398700
54 1.33614300 0.00000000 0.00000000 -0.01548800 -0.03545000 0.78358400
55 5.51180600 0.00000000 -0.00000200 -0.66744800 0.00000000 0.00000000
56 0.19685000 0.00000000 0.00000000 -0.34818200 0.00000000 0.00000000
time 52
0 -3.33884800 3.35843400 -2.47946200 0.00000000 0.00000000 -3.14156200
1 -6.89122171 25.11479645 -2.54985008 0.29719458 0.05518299 -0.80267336
2 3.85323700 0.12671100 -0.78579800 0.00000000 0.00000000 0.00000000
3 11.03187576 0.36355902 -4.04640731 0.24012900 0.91539100 1.52999000
4 -3.32562400 0.00371900 -2.40215400 0.00000000 0.00000000 0.00000000
5 -4.06109000 -0.00336600 -0.78740900 0.00000000 0.00000000 0.00000000
6 -0.00019500 0.00000000 0.39773100 0.00000000 0.00000000 0.00000000
7 -0.77869800 -2.43237500 -4.37718000 2.92105200 -0.04972300 -1.86575000
8 -1.09806193 0.21645500 0.18745800 0.00000000 0.00000000 0.00000000
9 0.00000000 0.00000000 0.00000000 0.00000000 0.00000000 -1.57079600
10 -0.00000100 7.45008900 -27.50902600 0.00000000 0.00000000 0.00003100
11 0.00000000 0.00000000 0.00000000 1.57078000 -1.56713700 -1.57078300
12 4.25546300 -0.33518200 0.00000000 0.00000000 0.00000000 -0.12484800
13 7.43124600 1.49647800 0.00000000 0.00000000 0.00000000 0.24545000
14 5.27847200 0.16554000 0.00000000 0.00000000 0.00000000 0.04851100
15 0.95845354 -10.46936879 6.97853225 1.97586600 1.15991000 -1.29878700
16 -6.21447400 0.00000000 0.00000000 0.05814176 0.31497042 -1.74357034
17 -11.94486339 0.00004200 0.00021654 0.13690768 -0.21414065 -1.39088109
18 -10.62016269 0.00006846 -0.00008200 -2.29597419 -0.26060711 0.57977517
19 -1.87479600 -0.93512200 0.99917600 1.72571800 0.67187600 0.85227800
20 -1.52344500 0.00000000 0.00000000 0.08099400 0.15396900 0.58815600
21 -1.59928300 0.00000000 0.00000000 0.01453800 -0.04039900 1.20561000
22 -4.52675100 -0.69057700 -1.12074100 -0.39343300 0.26032300 1.74034800
23 -1.74403400 0.00000000 0.00000000 -0.01415000 -0.02594600 0.91082300
24 -1.36876700 0.00000000 0.00000000 0.03508000 0.03899700 0.62765500
25 -3.99235200 -0.89119000 -1.82790800 -0.37607300 0.39711200 1.63661600
26 -1.40591000 0.00000200 0.00000100 0.01264700 -0.02662600 0.43060100
27 -1.17535800 0.00013400 0.00000000 0.05560900 0.03892800 0.86426700
28 -4.82049600 -0.50946200 -0.22475700 -0.35400300 0.08871400 1.49727800
29 -1.82698400 0.00000200 0.00000100 -0.00856400 0.03953200 1.05965000
30 -1.43656500 -0.00000200 -0.00000100 -0.05524000 -0.05469200 0.69918900
31 -4.75110400 -0.69450200 0.83058000 -0.16764200 0.00941500 0.33166900
32 -1.68806800 0.00000100 0.00000000 0.02182400 -0.01169900 0.36044800
33 -1.33614000 0.00000200 0.00000000 0.02564400 0.00608700 0.32044900
34 -5.58311907 0.11576300 -0.29503793 -0.90460900 0.06400000 0.02996900
35 -0.19684746 0.00000000 -0.00000046 -0.34818200 0.00000000 0.00000000
36 -1.33293121 -14.90588395 -0.27077885 1.97586300 1.15991000 1.84280400
37 6.21447800 0.00000100 0.00000000 -0.79469366 0.62087309 -1.72196501
38 11.94487700 0.00000200 -0.00019800 0.23411664 -0.28935181 -1.35222009
39 10.62016300 0.00000000 -0.00000300 -2.13458243 -0.68094503 0.55922253
40 1.87485700 0.93507800 -0.99912700 2.51444500 0.40613500 1.28819000
41 1.45054354 -0.06018785 0.09121707 0.08130900 0.15607800 0.58651000
42 1.59927900 0.00000000 0.00000000 0.08169400 -0.01721100 1.03306000
43 4.52675100 0.69046200 1.12084300 -0.24391700 0.03988200 1.38722300
44 1.74404900 -0.00000100 -0.00000100 -0.02648500 -0.01316600 1.52193900
45 1.36875900 0.00000000 0.00000000 -0.24626800 0.17807500 0.18497200
46 3.99234600 0.89108500 1.82799600 -0.40198400 0.02856300 1.17767600
47 1.40591000 0.00000000 0.00000000 -0.01760800 -0.02363100 1.51566300
48 1.17535400 -0.00013000 0.00000000 0.03782400 0.11729500 0.26809600
49 4.82051300 0.50934200 0.22486500 -0.16257900 -0.11067600 1.17926300
50 1.82698100 -0.00000100 0.00000200 0.00718400 0.03980800 1.45252300
51 1.43656900 0.00000000 0.00000000 0.00808100 -0.01279400 0.27447100
52 4.75115400 0.69437000 -0.83047500 -0.03044400 -0.23121800 0.81546000
53 1.68805700 -0.00000100 0.00000000 0.00334900 -0.02449500 1.30398700
54 1.33614300 0.00000000 0.00000000 -0.01548800 -0.03545000 0.78358400
55 5.51180600 0.00000000 -0.00000200 -0.66744800 0.00000000 0.00000000
56 0.19685000 0.00000000 0.00000000 -0.34818200 0.00000000 0.00000000
time 53
0 -3.33884800 3.35843400 -2.47946200 0.00000000 0.00000000 -3.14156200
1 -6.79015224 25.11337304 -2.59262557 0.29634568 0.05904988 -0.80405714
2 3.85323700 0.12671100 -0.78579800 0.00000000 0.00000000 0.00000000
3 11.03187576 0.36355902 -4.04640731 0.24012900 0.91539100 1.52999000
4 -3.32562400 0.00371900 -2.40215400 0.00000000 0.00000000 0.00000000
5 -4.06109000 -0.00336600 -0.78740900 0.00000000 0.00000000 0.00000000
6 -0.00019500 0.00000000 0.39773100 0.00000000 0.00000000 0.00000000
7 -0.77869800 -2.43237500 -4.37718000 2.92105200 -0.04972300 -1.86575000
8 -1.09806193 0.21645500 0.18745800 0.00000000 0.00000000 0.00000000
9 0.00000000 0.00000000 0.00000000 0.00000000 0.00000000 -1.57079600
10 -0.00000100 7.45008900 -27.50902600 0.00000000 0.00000000 0.00003100
11 0.00000000 0.00000000 0.00000000 1.57078000 -1.56713700 -1.57078300
12 4.25546300 -0.33518200 0.00000000 0.00000000 0.00000000 -0.12484800
13 7.43124600 1.49647800 0.00000000 0.00000000 0.00000000 0.24545000
14 5.27847200 0.16554000 0.00000000 0.00000000 0.00000000 0.04851100
15 0.95845354 -10.46936879 6.97853225 1.97586600 1.15991000 -1.29878700
16 -6.21447400 0.00000000 0.00000000 0.06123240 0.31523578 -1.73527157
17 -11.94486339 0.00004200 0.00021654 0.13718492 -0.20882571 -1.39576374
18 -10.62016269 0.00006846 -0.00008200 -2.30130216 -0.26958671 0.57959391
19 -1.87479600 -0.93512200 0.99917600 1.72571800 0.67187600 0.85227800
20 -1.52344500 0.00000000 0.00000000 0.08099400 0.15396900 0.58815600
21 -1.59928300 0.00000000 0.00000000 0.01453800 -0.04039900 1.20561000
22 -4.52675100 -0.69057700 -1.12074100 -0.39343300 0.26032300 1.74034800
23 -1.74403400 0.00000000 0.00000000 -0.01415000 -0.02594600 0.91082300
24 -1.36876700 0.00000000 0.00000000 0.03508000 0.03899700 0.62765500
25 -3.99235200 -0.89119000 -1.82790800 -0.37607300 0.39711200 1.63661600
26 -1.40591000 0.00000200 0.00000100 0.01264700 -0.02662600 0.43060100
27 -1.17535800 0.00013400 0.00000000 0.05560900 0.03892800 0.86426700
28 -4.82049600 -0.50946200 -0.22475700 -0.35400300 0.08871400 1.49727800
29 -1.82698400 0.00000200 0.00000100 -0.00856400 0.03953200 1.05965000
30 -1.43656500 -0.00000200 -0.00000100 -0.05524000 -0.05469200 0.69918900
31 -4.75110400 -0.69450200 0.83058000 -0.16764200 0.00941500 0.33166900
32 -1.68806800 0.00000100 0.00000000 0.02182400 -0.01169900 0.36044800
33 -1.33614000 0.00000200 0.00000000 0.02564400 0.00608700 0.32044900
34 -5.58311907 0.11576300 -0.29503793 -0.90460900 0.06400000 0.02996900
35 -0.19684746 0.00000000 -0.00000046 -0.34818200 0.00000000 0.00000000
36 -1.33293121 -14.90588395 -0.27077885 1.97586300 1.15991000 1.84280400
37 6.21447800 0.00000100 0.00000000 -0.78914539 0.62173294 -1.72387277
38 11.94487700 0.00000200 -0.00019800 0.23351701 -0.28952299 -1.35004460
39 10.62016300 0.00000000 -0.00000300 -2.13549619 -0.68615359 0.55659981
40 1.87485700 0.93507800 -0.99912700 2.51444500 0.40613500 1.28819000
41 1.45054354 -0.06018785 0.09121707 0.08130900 0.15607800 0.58651000
42 1.59927900 0.00000000 0.00000000 0.08169400 -0.01721100 1.03306000
43 4.52675100 0.69046200 1.12084300 -0.24391700 0.03988200 1.38722300
44 1.74404900 -0.00000100 -0.00000100 -0.02648500 -0.01316600 1.52193900
45 1.36875900 0.00000000 0.00000000 -0.24626800 0.17807500 0.18497200
46 3.99234600 0.89108500 1.82799600 -0.40198400 0.02856300 1.17767600
47 1.40591000 0.00000000 0.00000000 -0.01760800 -0.02363100 1.51566300
48 1.17535400 -0.00013000 0.00000000 0.03782400 0.11729500 0.26809600
49 4.82051300 0.50934200 0.22486500 -0.16257900 -0.11067600 1.17926300
50 1.82698100 -0.00000100 0.00000200 0.00718400 0.03980800 1.45252300
51 1.43656900 0.00000000 0.00000000 0.00808100 -0.01279400 0.27447100
52 4.75115400 0.69437000 -0.83047500 -0.03044400 -0.23121800 0.81546000
53 1.68805700 -0.00000100 0.00000000 0.00334900 -0.02449500 1.30398700
54 1.33614300 0.00000000 0.00000000 -0.01548800 -0.03545000 0.78358400
55 5.51180600 0.00000000 -0.00000200 -0.66744800 0.00000000 0.00000000
56 0.19685000 0.00000000 0.00000000 -0.34818200 0.00000000 0.00000000
time 54
0 -3.33884800 3.35843400 -2.47946200 0.00000000 0.00000000 -3.14156200
1 -6.70217931 25.11209196 -2.63671560 0.29395574 0.05786863 -0.80676951
2 3.85323700 0.12671100 -0.78579800 0.00000000 0.00000000 0.00000000
3 11.03187576 0.36355902 -4.04640731 0.24012900 0.91539100 1.52999000
4 -3.32562400 0.00371900 -2.40215400 0.00000000 0.00000000 0.00000000
5 -4.06109000 -0.00336600 -0.78740900 0.00000000 0.00000000 0.00000000
6 -0.00019500 0.00000000 0.39773100 0.00000000 0.00000000 0.00000000
7 -0.77869800 -2.43237500 -4.37718000 2.92105200 -0.04972300 -1.86575000
8 -1.09806193 0.21645500 0.18745800 0.00000000 0.00000000 0.00000000
9 0.00000000 0.00000000 0.00000000 0.00000000 0.00000000 -1.57079600
10 -0.00000100 7.45008900 -27.50902600 0.00000000 0.00000000 0.00003100
11 0.00000000 0.00000000 0.00000000 1.57078000 -1.56713700 -1.57078300
12 4.25546300 -0.33518200 0.00000000 0.00000000 0.00000000 -0.12484800
13 7.43124600 1.49647800 0.00000000 0.00000000 0.00000000 0.24545000
14 5.27847200 0.16554000 0.00000000 0.00000000 0.00000000 0.04851100
15 0.95845354 -10.46936879 6.97853225 1.97586600 1.15991000 -1.29878700
16 -6.21447400 0.00000000 0.00000000 0.06234788 0.31560222 -1.72795471
17 -11.94486339 0.00004200 0.00021654 0.13892290 -0.20548712 -1.40408216
18 -10.62016269 0.00006846 -0.00008200 -2.30471683 -0.27022266 0.58517043
19 -1.87479600 -0.93512200 0.99917600 1.72571800 0.67187600 0.85227800
20 -1.52344500 0.00000000 0.00000000 0.08099400 0.15396900 0.58815600
21 -1.59928300 0.00000000 0.00000000 0.01453800 -0.04039900 1.20561000
22 -4.52675100 -0.69057700 -1.12074100 -0.39343300 0.26032300 1.74034800
23 -1.74403400 0.00000000 0.00000000 -0.01415000 -0.02594600 0.91082300
24 -1.36876700 0.00000000 0.00000000 0.03508000 0.03899700 0.62765500
25 -3.99235200 -0.89119000 -1.82790800 -0.37607300 0.39711200 1.63661600
26 -1.40591000 0.00000200 0.00000100 0.01264700 -0.02662600 0.43060100
27 -1.17535800 0.00013400 0.00000000 0.05560900 0.03892800 0.86426700
28 -4.82049600 -0.50946200 -0.22475700 -0.35400300 0.08871400 1.49727800
29 -1.82698400 0.00000200 0.00000100 -0.00856400 0.03953200 1.05965000
30 -1.43656500 -0.00000200 -0.00000100 -0.05524000 -0.05469200 0.69918900
31 -4.75110400 -0.69450200 0.83058000 -0.16764200 0.00941500 0.33166900
32 -1.68806800 0.00000100 0.00000000 0.02182400 -0.01169900 0.36044800
33 -1.33614000 0.00000200 0.00000000 0.02564400 0.00608700 0.32044900
34 -5.58311907 0.11576300 -0.29503793 -0.90460900 0.06400000 0.02996900
35 -0.19684746 0.00000000 -0.00000046 -0.34818200 0.00000000 0.00000000
36 -1.33293121 -14.90588395 -0.27077885 1.97586300 1.15991000 1.84280400
37 6.21447800 0.00000100 0.00000000 -0.78330245 0.62393478 -1.72482801
38 11.94487700 0.00000200 -0.00019800 0.23363661 -0.28944300 -1.35081825
39 10.62016300 0.00000000 -0.00000300 -2.13901746 -0.68849411 0.56101578
40 1.87485700 0.93507800 -0.99912700 2.51444500 0.40613500 1.28819000
41 1.45054354 -0.06018785 0.09121707 0.08130900 0.15607800 0.58651000
42 1.59927900 0.00000000 0.00000000 0.08169400 -0.01721100 1.03306000
43 4.52675100 0.69046200 1.12084300 -0.24391700 0.03988200 1.38722300
44 1.74404900 -0.00000100 -0.00000100 -0.02648500 -0.01316600 1.52193900
45 1.36875900 0.00000000 0.00000000 -0.24626800 0.17807500 0.18497200
46 3.99234600 0.89108500 1.82799600 -0.40198400 0.02856300 1.17767600
47 1.40591000 0.00000000 0.00000000 -0.01760800 -0.02363100 1.51566300
48 1.17535400 -0.00013000 0.00000000 0.03782400 0.11729500 0.26809600
49 4.82051300 0.50934200 0.22486500 -0.16257900 -0.11067600 1.17926300
50 1.82698100 -0.00000100 0.00000200 0.00718400 0.03980800 1.45252300
51 1.43656900 0.00000000 0.00000000 0.00808100 -0.01279400 0.27447100
52 4.75115400 0.69437000 -0.83047500 -0.03044400 -0.23121800 0.81546000
53 1.68805700 -0.00000100 0.00000000 0.00334900 -0.02449500 1.30398700
54 1.33614300 0.00000000 0.00000000 -0.01548800 -0.03545000 0.78358400
55 5.51180600 0.00000000 -0.00000200 -0.66744800 0.00000000 0.00000000
56 0.19685000 0.00000000 0.00000000 -0.34818200 0.00000000 0.00000000
time 55
0 -3.33884800 3.35843400 -2.47946200 0.00000000 0.00000000 -3.14156200
1 -6.62331429 25.11095763 -2.68038123 0.29015537 0.05401533 -0.80989738
2 3.85323700 0.12671100 -0.78579800 0.00000000 0.00000000 0.00000000
3 11.03187576 0.36355902 -4.04640731 0.24012900 0.91539100 1.52999000
4 -3.32562400 0.00371900 -2.40215400 0.00000000 0.00000000 0.00000000
5 -4.06109000 -0.00336600 -0.78740900 0.00000000 0.00000000 0.00000000
6 -0.00019500 0.00000000 0.39773100 0.00000000 0.00000000 0.00000000
7 -0.77869800 -2.43237500 -4.37718000 2.92105200 -0.04972300 -1.86575000
8 -1.09806193 0.21645500 0.18745800 0.00000000 0.00000000 0.00000000
9 0.00000000 0.00000000 0.00000000 0.00000000 0.00000000 -1.57079600
10 -0.00000100 7.45008900 -27.50902600 0.00000000 0.00000000 0.00003100
11 0.00000000 0.00000000 0.00000000 1.57078000 -1.56713700 -1.57078300
12 4.25546300 -0.33518200 0.00000000 0.00000000 0.00000000 -0.12484800
13 7.43124600 1.49647800 0.00000000 0.00000000 0.00000000 0.24545000
14 5.27847200 0.16554000 0.00000000 0.00000000 0.00000000 0.04851100
15 0.95845354 -10.46936879 6.97853225 1.97586600 1.15991000 -1.29878700
16 -6.21447400 0.00000000 0.00000000 0.06229337 0.31578051 -1.72142548
17 -11.94486339 0.00004200 0.00021654 0.14139933 -0.20312723 -1.41395536
18 -10.62016269 0.00006846 -0.00008200 -2.30802058 -0.26625500 0.59383953
19 -1.87479600 -0.93512200 0.99917600 1.72571800 0.67187600 0.85227800
20 -1.52344500 0.00000000 0.00000000 0.08099400 0.15396900 0.58815600
21 -1.59928300 0.00000000 0.00000000 0.01453800 -0.04039900 1.20561000
22 -4.52675100 -0.69057700 -1.12074100 -0.39343300 0.26032300 1.74034800
23 -1.74403400 0.00000000 0.00000000 -0.01415000 -0.02594600 0.91082300
24 -1.36876700 0.00000000 0.00000000 0.03508000 0.03899700 0.62765500
25 -3.99235200 -0.89119000 -1.82790800 -0.37607300 0.39711200 1.63661600
26 -1.40591000 0.00000200 0.00000100 0.01264700 -0.02662600 0.43060100
27 -1.17535800 0.00013400 0.00000000 0.05560900 0.03892800 0.86426700
28 -4.82049600 -0.50946200 -0.22475700 -0.35400300 0.08871400 1.49727800
29 -1.82698400 0.00000200 0.00000100 -0.00856400 0.03953200 1.05965000
30 -1.43656500 -0.00000200 -0.00000100 -0.05524000 -0.05469200 0.69918900
31 -4.75110400 -0.69450200 0.83058000 -0.16764200 0.00941500 0.33166900
32 -1.68806800 0.00000100 0.00000000 0.02182400 -0.01169900 0.36044800
33 -1.33614000 0.00000200 0.00000000 0.02564400 0.00608700 0.32044900
34 -5.58311907 0.11576300 -0.29503793 -0.90460900 0.06400000 0.02996900
35 -0.19684746 0.00000000 -0.00000046 -0.34818200 0.00000000 0.00000000
36 -1.33293121 -14.90588395 -0.27077885 1.97586300 1.15991000 1.84280400
37 6.21447800 0.00000100 0.00000000 -0.77784856 0.62696105 -1.72524113
38 11.94487700 0.00000200 -0.00019800 0.23425178 -0.28922737 -1.35360695
39 10.62016300 0.00000000 -0.00000300 -2.14300794 -0.68890027 0.56898193
40 1.87485700 0.93507800 -0.99912700 2.51444500 0.40613500 1.28819000
41 1.45054354 -0.06018785 0.09121707 0.08130900 0.15607800 0.58651000
42 1.59927900 0.00000000 0.00000000 0.08169400 -0.01721100 1.03306000
43 4.52675100 0.69046200 1.12084300 -0.24391700 0.03988200 1.38722300
44 1.74404900 -0.00000100 -0.00000100 -0.02648500 -0.01316600 1.52193900
45 1.36875900 0.00000000 0.00000000 -0.24626800 0.17807500 0.18497200
46 3.99234600 0.89108500 1.82799600 -0.40198400 0.02856300 1.17767600
47 1.40591000 0.00000000 0.00000000 -0.01760800 -0.02363100 1.51566300
48 1.17535400 -0.00013000 0.00000000 0.03782400 0.11729500 0.26809600
49 4.82051300 0.50934200 0.22486500 -0.16257900 -0.11067600 1.17926300
50 1.82698100 -0.00000100 0.00000200 0.00718400 0.03980800 1.45252300
51 1.43656900 0.00000000 0.00000000 0.00808100 -0.01279400 0.27447100
52 4.75115400 0.69437000 -0.83047500 -0.03044400 -0.23121800 0.81546000
53 1.68805700 -0.00000100 0.00000000 0.00334900 -0.02449500 1.30398700
54 1.33614300 0.00000000 0.00000000 -0.01548800 -0.03545000 0.78358400
55 5.51180600 0.00000000 -0.00000200 -0.66744800 0.00000000 0.00000000
56 0.19685000 0.00000000 0.00000000 -0.34818200 0.00000000 0.00000000
time 56
0 -3.33884800 3.35843400 -2.47946200 0.00000000 0.00000000 -3.14156200
1 -6.54785994 25.10999037 -2.72351204 0.28557503 0.04995707 -0.81302207
2 3.85323700 0.12671100 -0.78579800 0.00000000 0.00000000 0.00000000
3 11.03187576 0.36355902 -4.04640731 0.24012900 0.91539100 1.52999000
4 -3.32562400 0.00371900 -2.40215400 0.00000000 0.00000000 0.00000000
5 -4.06109000 -0.00336600 -0.78740900 0.00000000 0.00000000 0.00000000
6 -0.00019500 0.00000000 0.39773100 0.00000000 0.00000000 0.00000000
7 -0.77869800 -2.43237500 -4.37718000 2.92105200 -0.04972300 -1.86575000
8 -1.09806193 0.21645500 0.18745800 0.00000000 0.00000000 0.00000000
9 0.00000000 0.00000000 0.00000000 0.00000000 0.00000000 -1.57079600
10 -0.00000100 7.45008900 -27.50902600 0.00000000 0.00000000 0.00003100
11 0.00000000 0.00000000 0.00000000 1.57078000 -1.56713700 -1.57078300
12 4.25546300 -0.33518200 0.00000000 0.00000000 0.00000000 -0.12484800
13 7.43124600 1.49647800 0.00000000 0.00000000 0.00000000 0.24545000
14 5.27847200 0.16554000 0.00000000 0.00000000 0.00000000 0.04851100
15 0.95845354 -10.46936879 6.97853225 1.97586600 1.15991000 -1.29878700
16 -6.21447400 0.00000000 0.00000000 0.06221960 0.31595486 -1.71523376
17 -11.94486339 0.00004200 0.00021654 0.14381300 -0.20086213 -1.42365633
18 -10.62016269 0.00006846 -0.00008200 -2.31213088 -0.26188685 0.60307582
19 -1.87479600 -0.93512200 0.99917600 1.72571800 0.67187600 0.85227800
20 -1.52344500 0.00000000 0.00000000 0.08099400 0.15396900 0.58815600
21 -1.59928300 0.00000000 0.00000000 0.01453800 -0.04039900 1.20561000
22 -4.52675100 -0.69057700 -1.12074100 -0.39343300 0.26032300 1.74034800
23 -1.74403400 0.00000000 0.00000000 -0.01415000 -0.02594600 0.91082300
24 -1.36876700 0.00000000 0.00000000 0.03508000 0.03899700 0.62765500
25 -3.99235200 -0.89119000 -1.82790800 -0.37607300 0.39711200 1.63661600
26 -1.40591000 0.00000200 0.00000100 0.01264700 -0.02662600 0.43060100
27 -1.17535800 0.00013400 0.00000000 0.05560900 0.03892800 0.86426700
28 -4.82049600 -0.50946200 -0.22475700 -0.35400300 0.08871400 1.49727800
29 -1.82698400 0.00000200 0.00000100 -0.00856400 0.03953200 1.05965000
30 -1.43656500 -0.00000200 -0.00000100 -0.05524000 -0.05469200 0.69918900
31 -4.75110400 -0.69450200 0.83058000 -0.16764200 0.00941500 0.33166900
32 -1.68806800 0.00000100 0.00000000 0.02182400 -0.01169900 0.36044800
33 -1.33614000 0.00000200 0.00000000 0.02564400 0.00608700 0.32044900
34 -5.58311907 0.11576300 -0.29503793 -0.90460900 0.06400000 0.02996900
35 -0.19684746 0.00000000 -0.00000046 -0.34818200 0.00000000 0.00000000
36 -1.33293121 -14.90588395 -0.27077885 1.97586300 1.15991000 1.84280400
37 6.21447800 0.00000100 0.00000000 -0.77275267 0.63013187 -1.72539980
38 11.94487700 0.00000200 -0.00019800 0.23504208 -0.28895646 -1.35688324
39 10.62016300 0.00000000 -0.00000300 -2.14592966 -0.68862217 0.57712738
40 1.87485700 0.93507800 -0.99912700 2.51444500 0.40613500 1.28819000
41 1.45054354 -0.06018785 0.09121707 0.08130900 0.15607800 0.58651000
42 1.59927900 0.00000000 0.00000000 0.08169400 -0.01721100 1.03306000
43 4.52675100 0.69046200 1.12084300 -0.24391700 0.03988200 1.38722300
44 1.74404900 -0.00000100 -0.00000100 -0.02648500 -0.01316600 1.52193900
45 1.36875900 0.00000000 0.00000000 -0.24626800 0.17807500 0.18497200
46 3.99234600 0.89108500 1.82799600 -0.40198400 0.02856300 1.17767600
47 1.40591000 0.00000000 0.00000000 -0.01760800 -0.02363100 1.51566300
48 1.17535400 -0.00013000 0.00000000 0.03782400 0.11729500 0.26809600
49 4.82051300 0.50934200 0.22486500 -0.16257900 -0.11067600 1.17926300
50 1.82698100 -0.00000100 0.00000200 0.00718400 0.03980800 1.45252300
51 1.43656900 0.00000000 0.00000000 0.00808100 -0.01279400 0.27447100
52 4.75115400 0.69437000 -0.83047500 -0.03044400 -0.23121800 0.81546000
53 1.68805700 -0.00000100 0.00000000 0.00334900 -0.02449500 1.30398700
54 1.33614300 0.00000000 0.00000000 -0.01548800 -0.03545000 0.78358400
55 5.51180600 0.00000000 -0.00000200 -0.66744800 0.00000000 0.00000000
56 0.19685000 0.00000000 0.00000000 -0.34818200 0.00000000 0.00000000
time 57
0 -3.33884800 3.35843400 -2.47946200 0.00000000 0.00000000 -3.14156200
1 -6.48587407 25.10921110 -2.76181765 0.28111870 0.04555746 -0.81565731
2 3.85323700 0.12671100 -0.78579800 0.00000000 0.00000000 0.00000000
3 11.03187576 0.36355902 -4.04640731 0.24012900 0.91539100 1.52999000
4 -3.32562400 0.00371900 -2.40215400 0.00000000 0.00000000 0.00000000
5 -4.06109000 -0.00336600 -0.78740900 0.00000000 0.00000000 0.00000000
6 -0.00019500 0.00000000 0.39773100 0.00000000 0.00000000 0.00000000
7 -0.77869800 -2.43237500 -4.37718000 2.92105200 -0.04972300 -1.86575000
8 -1.09806193 0.21645500 0.18745800 0.00000000 0.00000000 0.00000000
9 0.00000000 0.00000000 0.00000000 0.00000000 0.00000000 -1.57079600
10 -0.00000100 7.45008900 -27.50902600 0.00000000 0.00000000 0.00003100
11 0.00000000 0.00000000 0.00000000 1.57078000 -1.56713700 -1.57078300
12 4.25546300 -0.33518200 0.00000000 0.00000000 0.00000000 -0.12484800
13 7.43124600 1.49647800 0.00000000 0.00000000 0.00000000 0.24545000
14 5.27847200 0.16554000 0.00000000 0.00000000 0.00000000 0.04851100
15 0.95845354 -10.46936879 6.97853225 1.97586600 1.15991000 -1.29878700
16 -6.21447400 0.00000000 0.00000000 0.06178619 0.31609476 -1.71009462
17 -11.94486339 0.00004200 0.00021654 0.14610454 -0.19914902 -1.43235281
18 -10.62016269 0.00006846 -0.00008200 -2.31566780 -0.25661724 0.61181023
19 -1.87479600 -0.93512200 0.99917600 1.72571800 0.67187600 0.85227800
20 -1.52344500 0.00000000 0.00000000 0.08099400 0.15396900 0.58815600
21 -1.59928300 0.00000000 0.00000000 0.01453800 -0.04039900 1.20561000
22 -4.52675100 -0.69057700 -1.12074100 -0.39343300 0.26032300 1.74034800
23 -1.74403400 0.00000000 0.00000000 -0.01415000 -0.02594600 0.91082300
24 -1.36876700 0.00000000 0.00000000 0.03508000 0.03899700 0.62765500
25 -3.99235200 -0.89119000 -1.82790800 -0.37607300 0.39711200 1.63661600
26 -1.40591000 0.00000200 0.00000100 0.01264700 -0.02662600 0.43060100
27 -1.17535800 0.00013400 0.00000000 0.05560900 0.03892800 0.86426700
28 -4.82049600 -0.50946200 -0.22475700 -0.35400300 0.08871400 1.49727800
29 -1.82698400 0.00000200 0.00000100 -0.00856400 0.03953200 1.05965000
30 -1.43656500 -0.00000200 -0.00000100 -0.05524000 -0.05469200 0.69918900
31 -4.75110400 -0.69450200 0.83058000 -0.16764200 0.00941500 0.33166900
32 -1.68806800 0.00000100 0.00000000 0.02182400 -0.01169900 0.36044800
33 -1.33614000 0.00000200 0.00000000 0.02564400 0.00608700 0.32044900
34 -5.58311907 0.11576300 -0.29503793 -0.90460900 0.06400000 0.02996900
35 -0.19684746 0.00000000 -0.00000046 -0.34818200 0.00000000 0.00000000
36 -1.33293121 -14.90588395 -0.27077885 1.97586300 1.15991000 1.84280400
37 6.21447800 0.00000100 0.00000000 -0.76822062 0.63305570 -1.72526392
38 11.94487700 0.00000200 -0.00019800 0.23576802 -0.28857092 -1.36030899
39 10.62016300 0.00000000 -0.00000300 -2.14874535 -0.68781693 0.58537939
40 1.87485700 0.93507800 -0.99912700 2.51444500 0.40613500 1.28819000
41 1.45054354 -0.06018785 0.09121707 0.08130900 0.15607800 0.58651000
42 1.59927900 0.00000000 0.00000000 0.08169400 -0.01721100 1.03306000
43 4.52675100 0.69046200 1.12084300 -0.24391700 0.03988200 1.38722300
44 1.74404900 -0.00000100 -0.00000100 -0.02648500 -0.01316600 1.52193900
45 1.36875900 0.00000000 0.00000000 -0.24626800 0.17807500 0.18497200
46 3.99234600 0.89108500 1.82799600 -0.40198400 0.02856300 1.17767600
47 1.40591000 0.00000000 0.00000000 -0.01760800 -0.02363100 1.51566300
48 1.17535400 -0.00013000 0.00000000 0.03782400 0.11729500 0.26809600
49 4.82051300 0.50934200 0.22486500 -0.16257900 -0.11067600 1.17926300
50 1.82698100 -0.00000100 0.00000200 0.00718400 0.03980800 1.45252300
51 1.43656900 0.00000000 0.00000000 0.00808100 -0.01279400 0.27447100
52 4.75115400 0.69437000 -0.83047500 -0.03044400 -0.23121800 0.81546000
53 1.68805700 -0.00000100 0.00000000 0.00334900 -0.02449500 1.30398700
54 1.33614300 0.00000000 0.00000000 -0.01548800 -0.03545000 0.78358400
55 5.51180600 0.00000000 -0.00000200 -0.66744800 0.00000000 0.00000000
56 0.19685000 0.00000000 0.00000000 -0.34818200 0.00000000 0.00000000
time 58
0 -3.33884800 3.35843400 -2.47946200 0.00000000 0.00000000 -3.14156200
1 -6.45502034 25.10863358 -2.78077327 0.27546787 0.04091329 -0.81739051
2 3.85323700 0.12671100 -0.78579800 0.00000000 0.00000000 0.00000000
3 11.03187576 0.36355902 -4.04640731 0.24012900 0.91539100 1.52999000
4 -3.32562400 0.00371900 -2.40215400 0.00000000 0.00000000 0.00000000
5 -4.06109000 -0.00336600 -0.78740900 0.00000000 0.00000000 0.00000000
6 -0.00019500 0.00000000 0.39773100 0.00000000 0.00000000 0.00000000
7 -0.77869800 -2.43237500 -4.37718000 2.92105200 -0.04972300 -1.86575000
8 -1.09806193 0.21645500 0.18745800 0.00000000 0.00000000 0.00000000
9 0.00000000 0.00000000 0.00000000 0.00000000 0.00000000 -1.57079600
10 -0.00000100 7.45008900 -27.50902600 0.00000000 0.00000000 0.00003100
11 0.00000000 0.00000000 0.00000000 1.57078000 -1.56713700 -1.57078300
12 4.25546300 -0.33518200 0.00000000 0.00000000 0.00000000 -0.12484800
13 7.43124600 1.49647800 0.00000000 0.00000000 0.00000000 0.24545000
14 5.27847200 0.16554000 0.00000000 0.00000000 0.00000000 0.04851100
15 0.95845354 -10.46936879 6.97853225 1.97586600 1.15991000 -1.29878700
16 -6.21447400 0.00000000 0.00000000 0.06046792 0.31604805 -1.70778896
17 -11.94486339 0.00004200 0.00021654 0.14792738 -0.19842596 -1.43898479
18 -10.62016269 0.00006846 -0.00008200 -2.31958629 -0.24975190 0.62034497
19 -1.87479600 -0.93512200 0.99917600 1.72571800 0.67187600 0.85227800
20 -1.52344500 0.00000000 0.00000000 0.08099400 0.15396900 0.58815600
21 -1.59928300 0.00000000 0.00000000 0.01453800 -0.04039900 1.20561000
22 -4.52675100 -0.69057700 -1.12074100 -0.39343300 0.26032300 1.74034800
23 -1.74403400 0.00000000 0.00000000 -0.01415000 -0.02594600 0.91082300
24 -1.36876700 0.00000000 0.00000000 0.03508000 0.03899700 0.62765500
25 -3.99235200 -0.89119000 -1.82790800 -0.37607300 0.39711200 1.63661600
26 -1.40591000 0.00000200 0.00000100 0.01264700 -0.02662600 0.43060100
27 -1.17535800 0.00013400 0.00000000 0.05560900 0.03892800 0.86426700
28 -4.82049600 -0.50946200 -0.22475700 -0.35400300 0.08871400 1.49727800
29 -1.82698400 0.00000200 0.00000100 -0.00856400 0.03953200 1.05965000
30 -1.43656500 -0.00000200 -0.00000100 -0.05524000 -0.05469200 0.69918900
31 -4.75110400 -0.69450200 0.83058000 -0.16764200 0.00941500 0.33166900
32 -1.68806800 0.00000100 0.00000000 0.02182400 -0.01169900 0.36044800
33 -1.33614000 0.00000200 0.00000000 0.02564400 0.00608700 0.32044900
34 -5.58311907 0.11576300 -0.29503793 -0.90460900 0.06400000 0.02996900
35 -0.19684746 0.00000000 -0.00000046 -0.34818200 0.00000000 0.00000000
36 -1.33293121 -14.90588395 -0.27077885 1.97586300 1.15991000 1.84280400
37 6.21447800 0.00000100 0.00000000 -0.76648873 0.63571239 -1.72461138
38 11.94487700 0.00000200 -0.00019800 0.23688389 -0.28836218 -1.36503286
39 10.62016300 0.00000000 -0.00000300 -2.14761844 -0.68456915 0.59277265
40 1.87485700 0.93507800 -0.99912700 2.51444500 0.40613500 1.28819000
41 1.45054354 -0.06018785 0.09121707 0.08130900 0.15607800 0.58651000
42 1.59927900 0.00000000 0.00000000 0.08169400 -0.01721100 1.03306000
43 4.52675100 0.69046200 1.12084300 -0.24391700 0.03988200 1.38722300
44 1.74404900 -0.00000100 -0.00000100 -0.02648500 -0.01316600 1.52193900
45 1.36875900 0.00000000 0.00000000 -0.24626800 0.17807500 0.18497200
46 3.99234600 0.89108500 1.82799600 -0.40198400 0.02856300 1.17767600
47 1.40591000 0.00000000 0.00000000 -0.01760800 -0.02363100 1.51566300
48 1.17535400 -0.00013000 0.00000000 0.03782400 0.11729500 0.26809600
49 4.82051300 0.50934200 0.22486500 -0.16257900 -0.11067600 1.17926300
50 1.82698100 -0.00000100 0.00000200 0.00718400 0.03980800 1.45252300
51 1.43656900 0.00000000 0.00000000 0.00808100 -0.01279400 0.27447100
52 4.75115400 0.69437000 -0.83047500 -0.03044400 -0.23121800 0.81546000
53 1.68805700 -0.00000100 0.00000000 0.00334900 -0.02449500 1.30398700
54 1.33614300 0.00000000 0.00000000 -0.01548800 -0.03545000 0.78358400
55 5.51180600 0.00000000 -0.00000200 -0.66744800 0.00000000 0.00000000
56 0.19685000 0.00000000 0.00000000 -0.34818200 0.00000000 0.00000000
time 59
0 -3.33884800 3.35843400 -2.47946200 0.00000000 0.00000000 -3.14156200
1 -6.42705165 25.10827264 -2.79903344 0.26932420 0.03611658 -0.81900718
2 3.85323700 0.12671100 -0.78579800 0.00000000 0.00000000 0.00000000
3 11.03187576 0.36355902 -4.04640731 0.24012900 0.91539100 1.52999000
4 -3.32562400 0.00371900 -2.40215400 0.00000000 0.00000000 0.00000000
5 -4.06109000 -0.00336600 -0.78740900 0.00000000 0.00000000 0.00000000
6 -0.00019500 0.00000000 0.39773100 0.00000000 0.00000000 0.00000000
7 -0.77869800 -2.43237500 -4.37718000 2.92105200 -0.04972300 -1.86575000
8 -1.09806193 0.21645500 0.18745800 0.00000000 0.00000000 0.00000000
9 0.00000000 0.00000000 0.00000000 0.00000000 0.00000000 -1.57079600
10 -0.00000100 7.45008900 -27.50902600 0.00000000 0.00000000 0.00003100
11 0.00000000 0.00000000 0.00000000 1.57078000 -1.56713700 -1.57078300
12 4.25546300 -0.33518200 0.00000000 0.00000000 0.00000000 -0.12484800
13 7.43124600 1.49647800 0.00000000 0.00000000 0.00000000 0.24545000
14 5.27847200 0.16554000 0.00000000 0.00000000 0.00000000 0.04851100
15 0.95845354 -10.46936879 6.97853225 1.97586600 1.15991000 -1.29878700
16 -6.21447400 0.00000000 0.00000000 0.05910049 0.31587087 -1.70579244
17 -11.94486339 0.00004200 0.00021654 0.14977581 -0.19782577 -1.44544152
18 -10.62016269 0.00006846 -0.00008200 -2.32396349 -0.24251731 0.62914828
19 -1.87479600 -0.93512200 0.99917600 1.72571800 0.67187600 0.85227800
20 -1.52344500 0.00000000 0.00000000 0.08099400 0.15396900 0.58815600
21 -1.59928300 0.00000000 0.00000000 0.01453800 -0.04039900 1.20561000
22 -4.52675100 -0.69057700 -1.12074100 -0.39343300 0.26032300 1.74034800
23 -1.74403400 0.00000000 0.00000000 -0.01415000 -0.02594600 0.91082300
24 -1.36876700 0.00000000 0.00000000 0.03508000 0.03899700 0.62765500
25 -3.99235200 -0.89119000 -1.82790800 -0.37607300 0.39711200 1.63661600
26 -1.40591000 0.00000200 0.00000100 0.01264700 -0.02662600 0.43060100
27 -1.17535800 0.00013400 0.00000000 0.05560900 0.03892800 0.86426700
28 -4.82049600 -0.50946200 -0.22475700 -0.35400300 0.08871400 1.49727800
29 -1.82698400 0.00000200 0.00000100 -0.00856400 0.03953200 1.05965000
30 -1.43656500 -0.00000200 -0.00000100 -0.05524000 -0.05469200 0.69918900
31 -4.75110400 -0.69450200 0.83058000 -0.16764200 0.00941500 0.33166900
32 -1.68806800 0.00000100 0.00000000 0.02182400 -0.01169900 0.36044800
33 -1.33614000 0.00000200 0.00000000 0.02564400 0.00608700 0.32044900
34 -5.58311907 0.11576300 -0.29503793 -0.90460900 0.06400000 0.02996900
35 -0.19684746 0.00000000 -0.00000046 -0.34818200 0.00000000 0.00000000
36 -1.33293121 -14.90588395 -0.27077885 1.97586300 1.15991000 1.84280400
37 6.21447800 0.00000100 0.00000000 -0.76497974 0.63838141 -1.72392262
38 11.94487700 0.00000200 -0.00019800 0.23800268 -0.28813108 -1.36998168
39 10.62016300 0.00000000 -0.00000300 -2.14596118 -0.68090105 0.60031088
40 1.87485700 0.93507800 -0.99912700 2.51444500 0.40613500 1.28819000
41 1.45054354 -0.06018785 0.09121707 0.08130900 0.15607800 0.58651000
42 1.59927900 0.00000000 0.00000000 0.08169400 -0.01721100 1.03306000
43 4.52675100 0.69046200 1.12084300 -0.24391700 0.03988200 1.38722300
44 1.74404900 -0.00000100 -0.00000100 -0.02648500 -0.01316600 1.52193900
45 1.36875900 0.00000000 0.00000000 -0.24626800 0.17807500 0.18497200
46 3.99234600 0.89108500 1.82799600 -0.40198400 0.02856300 1.17767600
47 1.40591000 0.00000000 0.00000000 -0.01760800 -0.02363100 1.51566300
48 1.17535400 -0.00013000 0.00000000 0.03782400 0.11729500 0.26809600
49 4.82051300 0.50934200 0.22486500 -0.16257900 -0.11067600 1.17926300
50 1.82698100 -0.00000100 0.00000200 0.00718400 0.03980800 1.45252300
51 1.43656900 0.00000000 0.00000000 0.00808100 -0.01279400 0.27447100
52 4.75115400 0.69437000 -0.83047500 -0.03044400 -0.23121800 0.81546000
53 1.68805700 -0.00000100 0.00000000 0.00334900 -0.02449500 1.30398700
54 1.33614300 0.00000000 0.00000000 -0.01548800 -0.03545000 0.78358400
55 5.51180600 0.00000000 -0.00000200 -0.66744800 0.00000000 0.00000000
56 0.19685000 0.00000000 0.00000000 -0.34818200 0.00000000 0.00000000
time 60
0 -3.33884800 3.35843400 -2.47946200 0.00000000 0.00000000 -3.14156200
1 -6.40014172 25.10815071 -2.81972589 0.26330240 0.03096848 -0.82068742
2 3.85323700 0.12671100 -0.78579800 0.00000000 0.00000000 0.00000000
3 11.03187522 0.36355894 -4.04640824 0.24012900 0.91539100 1.52999000
4 -3.32562400 0.00371900 -2.40215400 0.00000000 0.00000000 0.00000000
5 -4.06109000 -0.00336600 -0.78740900 0.00000000 0.00000000 0.00000000
6 -0.00019500 0.00000000 0.39773100 0.00000000 0.00000000 0.00000000
7 -0.77869800 -2.43237500 -4.37718000 2.92105200 -0.04972300 -1.86575000
8 -1.09806239 0.21645500 0.18745800 0.00000000 0.00000000 0.00000000
9 0.00000000 0.00000000 0.00000000 0.00000000 0.00000000 -1.57079600
10 -0.00000100 7.45008900 -27.50902600 0.00000000 0.00000000 0.00003100
11 0.00000000 0.00000000 0.00000000 1.57078000 -1.56713700 -1.57078300
12 4.25546300 -0.33518200 0.00000000 0.00000000 0.00000000 -0.12484800
13 7.43124600 1.49647800 0.00000000 0.00000000 0.00000000 0.24545000
14 5.27847200 0.16554000 0.00000000 0.00000000 0.00000000 0.04851100
15 0.95845354 -10.46936879 6.97853225 1.97586600 1.15991000 -1.29878700
16 -6.21447400 0.00000000 0.00000000 0.05781959 0.31587209 -1.70370040
17 -11.94486339 0.00004107 0.00021646 0.15191585 -0.19773699 -1.45239114
18 -10.62016093 0.00006754 -0.00008300 -2.32792857 -0.23465113 0.63790899
19 -1.87479600 -0.93512200 0.99917600 1.72571800 0.67187600 0.85227800
20 -1.52344500 0.00000000 0.00000000 0.08099400 0.15396900 0.58815600
21 -1.59928300 0.00000000 0.00000000 0.01453800 -0.04039900 1.20561000
22 -4.52675100 -0.69057700 -1.12074100 -0.39343300 0.26032300 1.74034800
23 -1.74403400 0.00000000 0.00000000 -0.01415000 -0.02594600 0.91082300
24 -1.36876700 0.00000000 0.00000000 0.03508000 0.03899700 0.62765500
25 -3.99235200 -0.89119000 -1.82790800 -0.37607300 0.39711200 1.63661600
26 -1.40591000 0.00000200 0.00000100 0.01264700 -0.02662600 0.43060100
27 -1.17535800 0.00013400 0.00000000 0.05560900 0.03892800 0.86426700
28 -4.82049600 -0.50946200 -0.22475700 -0.35400300 0.08871400 1.49727800
29 -1.82698400 0.00000200 0.00000100 -0.00856400 0.03953200 1.05965000
30 -1.43656500 -0.00000200 -0.00000100 -0.05524000 -0.05469200 0.69918900
31 -4.75110400 -0.69450200 0.83058000 -0.16764200 0.00941500 0.33166900
32 -1.68806800 0.00000100 0.00000000 0.02182400 -0.01169900 0.36044800
33 -1.33614000 0.00000200 0.00000000 0.02564400 0.00608700 0.32044900
34 -5.58311754 0.11576154 -0.29503893 -0.90460900 0.06400000 0.02996900
35 -0.19684800 -0.00000093 0.00000000 -0.34818200 0.00000000 0.00000000
36 -1.33293075 -14.90588395 -0.27077885 1.97586300 1.15991000 1.84280400
37 6.21447800 0.00000100 0.00000000 -0.76323156 0.64117827 -1.72301354
38 11.94487700 0.00000200 -0.00019800 0.23927642 -0.28786025 -1.37516019
39 10.62016300 0.00000000 -0.00000300 -2.14484323 -0.67731514 0.60835000
40 1.87485700 0.93507800 -0.99912700 2.51444500 0.40613500 1.28819000
41 1.45054354 -0.06018800 0.09121700 0.08130900 0.15607800 0.58651000
42 1.59927900 0.00000000 0.00000000 0.08169400 -0.01721100 1.03306000
43 4.52675100 0.69046200 1.12084300 -0.24391700 0.03988200 1.38722300
44 1.74404900 -0.00000100 -0.00000100 -0.02648500 -0.01316600 1.52193900
45 1.36875900 0.00000000 0.00000000 -0.24626800 0.17807500 0.18497200
46 3.99234600 0.89108500 1.82799600 -0.40198400 0.02856300 1.17767600
47 1.40591000 0.00000000 0.00000000 -0.01760800 -0.02363100 1.51566300
48 1.17535400 -0.00013000 0.00000000 0.03782400 0.11729500 0.26809600
49 4.82051300 0.50934200 0.22486500 -0.16257900 -0.11067600 1.17926300
50 1.82698100 -0.00000100 0.00000200 0.00718400 0.03980800 1.45252300
51 1.43656900 0.00000000 0.00000000 0.00808100 -0.01279400 0.27447100
52 4.75115400 0.69437000 -0.83047500 -0.03044400 -0.23121800 0.81546000
53 1.68805700 -0.00000100 0.00000000 0.00334900 -0.02449500 1.30398700
54 1.33614300 0.00000000 0.00000000 -0.01548800 -0.03545000 0.78358400
55 5.51180600 0.00000000 -0.00000200 -0.66744800 0.00000000 0.00000000
56 0.19685000 0.00000000 0.00000000 -0.34818200 0.00000000 0.00000000
end
