// Created by Crowbar 0.74
version 1
nodes
  0 "ValveBiped.weapon_bone" -1
  1 "ValveBiped.weapon_bone_left" -1
  2 "ValveBiped.weapon_bone2" 0
end
skeleton
  time 0
    0 0.000000 0.000000 -0.064417 1.570796 0.000000 0.000000
    1 0.000000 0.000000 0.000000 1.570796 0.000000 0.000000
    2 0.000000 0.000000 0.000000 0.000000 0.000000 0.000000
end
triangles
w_rgmine
  0 -1.370677 -1.296496 8.721050 -0.608482 -0.576191 -0.545668 0.402545 0.991593 1 0 1.000000
  0 -1.354593 -1.240722 8.646362 -0.608482 -0.576191 -0.545668 0.407913 0.994697 1 0 1.000000
  0 -1.299813 -1.316276 8.661562 -0.608482 -0.576191 -0.545668 0.402545 0.997796 1 0 1.000000
w_rgmine
  0 -0.349701 -0.563836 8.244179 0.373858 -0.221768 0.900583 0.408222 0.678293 1 0 1.000000
  0 -0.337182 -0.606073 8.154285 0.845097 -0.010820 -0.534503 0.402601 0.674906 1 0 1.000000
  0 -0.312062 -0.564173 8.166178 0.936383 -0.225922 -0.268599 0.402545 0.678202 1 0 1.000000
w_rgmine
  0 -0.349701 -0.563836 8.244179 0.373858 -0.221768 0.900583 0.408222 0.678293 1 0 1.000000
  0 -0.374843 -0.606121 8.232275 0.105967 -0.009757 0.994322 0.408278 0.674976 1 0 1.000000
  0 -0.337182 -0.606073 8.154285 0.845097 -0.010820 -0.534503 0.402601 0.674906 1 0 1.000000
w_rgmine
  0 -0.374843 -0.606121 8.232275 0.105967 -0.009757 0.994322 0.408278 0.674976 1 0 1.000000
  0 -0.311590 -0.652895 8.166401 0.569413 0.476818 -0.669637 0.402632 0.671319 1 0 1.000000
  0 -0.337182 -0.606073 8.154285 0.845097 -0.010820 -0.534503 0.402601 0.674906 1 0 1.000000
w_rgmine
  0 -0.374843 -0.606121 8.232275 0.105967 -0.009757 0.994322 0.408278 0.674976 1 0 1.000000
  0 -0.348904 -0.653478 8.244556 -0.166380 0.463673 0.870244 0.408310 0.671346 1 0 1.000000
  0 -0.311590 -0.652895 8.166401 0.569413 0.476818 -0.669637 0.402632 0.671319 1 0 1.000000
w_rgmine
  0 -0.348904 -0.653478 8.244556 -0.166380 0.463673 0.870244 0.408310 0.671346 1 0 1.000000
  0 -0.264924 -0.645952 8.188496 0.053434 0.445027 -0.893921 0.402634 0.667903 1 0 1.000000
  0 -0.311590 -0.652895 8.166401 0.569413 0.476818 -0.669637 0.402632 0.671319 1 0 1.000000
w_rgmine
  0 -0.348904 -0.653478 8.244556 -0.166380 0.463673 0.870244 0.408310 0.671346 1 0 1.000000
  0 -0.301543 -0.646452 8.266978 -0.654738 0.432939 0.619581 0.408312 0.667880 1 0 1.000000
  0 -0.264924 -0.645952 8.188496 0.053434 0.445027 -0.893921 0.402634 0.667903 1 0 1.000000
w_rgmine
  0 -0.286486 -0.608513 8.274108 -0.836927 -0.068950 0.542954 0.408292 0.665163 1 0 1.000000
  0 -0.264924 -0.645952 8.188496 0.053434 0.445027 -0.893921 0.402634 0.667903 1 0 1.000000
  0 -0.301543 -0.646452 8.266978 -0.654738 0.432939 0.619581 0.408312 0.667880 1 0 1.000000
w_rgmine
  0 -0.286486 -0.608513 8.274108 -0.836927 -0.068950 0.542954 0.408292 0.665163 1 0 1.000000
  0 -0.250051 -0.608477 8.195538 -0.126701 -0.072184 -0.989311 0.402615 0.665220 1 0 1.000000
  0 -0.264924 -0.645952 8.188496 0.053434 0.445027 -0.893921 0.402634 0.667903 1 0 1.000000
w_rgmine
  0 -0.326707 -0.553188 8.255074 -0.927276 -0.254326 0.274729 0.408222 0.660509 1 0 1.000000
  0 -0.250051 -0.608477 8.195538 -0.126701 -0.072184 -0.989311 0.402615 0.665220 1 0 1.000000
  0 -0.286486 -0.608513 8.274108 -0.836927 -0.068950 0.542954 0.408292 0.665163 1 0 1.000000
w_rgmine
  0 -0.326707 -0.553188 8.255074 -0.927276 -0.254326 0.274729 0.408222 0.660509 1 0 1.000000
  0 -0.290023 -0.553751 8.176620 -0.385917 -0.261929 -0.884569 0.402545 0.660608 1 0 1.000000
  0 -0.250051 -0.608477 8.195538 -0.126701 -0.072184 -0.989311 0.402615 0.665220 1 0 1.000000
w_rgmine
  0 -0.456865 -0.620682 8.445996 0.541859 0.232014 -0.807811 0.407913 0.114688 1 0 1.000000
  0 -0.511636 -0.545086 8.430970 0.541859 0.232014 -0.807811 0.402545 0.117787 1 0 1.000000
  0 -0.434336 -0.537501 8.484999 0.541859 0.232014 -0.807811 0.402545 0.111584 1 0 1.000000
w_rgmine
  0 -2.499325 -0.326354 0.398974 -0.905964 -0.118286 0.406493 0.430679 0.249801 1 0 1.000000
  0 -2.357852 -0.307883 0.519832 -0.640920 -0.083681 0.763032 0.442673 0.246045 1 0 1.000000
  0 -2.088488 1.136839 0.519832 -0.567702 0.309025 0.763032 0.495189 0.320792 1 0 1.000000
w_rgmine
  0 -1.830182 -1.733114 0.398974 -0.663414 -0.628208 0.406493 0.431606 0.150221 1 0 1.000000
  0 -2.357852 -0.307883 0.519832 -0.640920 -0.083681 0.763032 0.442673 0.246045 1 0 1.000000
  0 -2.499325 -0.326354 0.398974 -0.905964 -0.118286 0.406493 0.430679 0.249801 1 0 1.000000
w_rgmine
  0 -1.830182 -1.733114 0.398974 -0.663414 -0.628208 0.406493 0.431606 0.150221 1 0 1.000000
  0 -1.726586 -1.635015 0.519832 -0.469331 -0.444424 0.763031 0.443443 0.154109 1 0 1.000000
  0 -2.357852 -0.307883 0.519832 -0.640920 -0.083681 0.763032 0.442673 0.246045 1 0 1.000000
w_rgmine
  0 -1.830182 -1.733114 0.398974 -0.663414 -0.628208 0.406493 0.431606 0.150221 1 0 1.000000
  0 -0.435811 -2.337638 0.519832 -0.118472 -0.635411 0.763031 0.497936 0.078496 1 0 1.000000
  0 -1.726586 -1.635015 0.519832 -0.469331 -0.444424 0.763031 0.443443 0.154109 1 0 1.000000
w_rgmine
  0 -1.830182 -1.733114 0.398974 -0.663414 -0.628208 0.406493 0.431606 0.150221 1 0 1.000000
  0 -0.461959 -2.477896 0.398973 -0.167460 -0.898176 0.406493 0.490342 0.067928 1 0 1.000000
  0 -0.435811 -2.337638 0.519832 -0.118472 -0.635411 0.763031 0.497936 0.078496 1 0 1.000000
w_rgmine
  0 -0.461959 -2.477896 0.398973 -0.167460 -0.898176 0.406493 0.490342 0.067928 1 0 1.000000
  0 1.021439 -2.147375 0.519831 0.277639 -0.583692 0.763034 0.589034 0.049640 1 0 1.000000
  0 -0.435811 -2.337638 0.519832 -0.118472 -0.635411 0.763031 0.497936 0.078496 1 0 1.000000
w_rgmine
  0 -1.082667 2.276155 0.398974 -0.392455 0.825071 0.406493 0.584060 0.362752 1 0 1.000000
  0 -2.088488 1.136839 0.519832 -0.567702 0.309025 0.763032 0.495189 0.320792 1 0 1.000000
  0 -1.021382 2.147315 0.519832 -0.277640 0.583694 0.763032 0.583997 0.349597 1 0 1.000000
w_rgmine
  0 0.462016 2.477835 0.398973 0.167460 0.898177 0.406491 0.681301 0.329953 1 0 1.000000
  0 -1.082667 2.276155 0.398974 -0.392455 0.825071 0.406493 0.584060 0.362752 1 0 1.000000
  0 -1.021382 2.147315 0.519832 -0.277640 0.583694 0.763032 0.583997 0.349597 1 0 1.000000
w_rgmine
  0 0.462016 2.477835 0.398973 0.167460 0.898177 0.406491 0.681301 0.329953 1 0 1.000000
  0 -1.021382 2.147315 0.519832 -0.277640 0.583694 0.763032 0.583997 0.349597 1 0 1.000000
  0 0.435868 2.337578 0.519832 0.118473 0.635414 0.763029 0.673717 0.319561 1 0 1.000000
w_rgmine
  0 1.830235 1.733056 0.398973 0.663414 0.628208 0.406493 0.739655 0.248557 1 0 1.000000
  0 0.462016 2.477835 0.398973 0.167460 0.898177 0.406491 0.681301 0.329953 1 0 1.000000
  0 0.435868 2.337578 0.519832 0.118473 0.635414 0.763029 0.673717 0.319561 1 0 1.000000
w_rgmine
  0 1.830235 1.733056 0.398973 0.663414 0.628208 0.406493 0.739655 0.248557 1 0 1.000000
  0 0.435868 2.337578 0.519832 0.118473 0.635414 0.763029 0.673717 0.319561 1 0 1.000000
  0 1.726639 1.634957 0.519831 0.469331 0.444424 0.763030 0.728089 0.244582 1 0 1.000000
w_rgmine
  0 2.499379 0.326296 0.398973 0.905964 0.118287 0.406493 0.742696 0.150998 1 0 1.000000
  0 1.830235 1.733056 0.398973 0.663414 0.628208 0.406493 0.739655 0.248557 1 0 1.000000
  0 1.726639 1.634957 0.519831 0.469331 0.444424 0.763030 0.728089 0.244582 1 0 1.000000
w_rgmine
  0 2.499379 0.326296 0.398973 0.905964 0.118287 0.406493 0.742696 0.150998 1 0 1.000000
  0 1.726639 1.634957 0.519831 0.469331 0.444424 0.763030 0.728089 0.244582 1 0 1.000000
  0 2.357907 0.307825 0.519831 0.640923 0.083682 0.763030 0.730770 0.154593 1 0 1.000000
w_rgmine
  0 2.499379 0.326296 0.398973 0.905964 0.118287 0.406493 0.742696 0.150998 1 0 1.000000
  0 2.357907 0.307825 0.519831 0.640923 0.083682 0.763030 0.730770 0.154593 1 0 1.000000
  0 2.088545 -1.136898 0.519831 0.567705 -0.309024 0.763030 0.678715 0.080151 1 0 1.000000
w_rgmine
  0 2.499379 0.326296 0.398973 0.905964 0.118287 0.406493 0.742696 0.150998 1 0 1.000000
  0 2.088545 -1.136898 0.519831 0.567705 -0.309024 0.763030 0.678715 0.080151 1 0 1.000000
  0 2.213854 -1.205112 0.398973 0.802467 -0.436818 0.406492 0.686343 0.069908 1 0 1.000000
w_rgmine
  0 2.213854 -1.205112 0.398973 0.802467 -0.436818 0.406492 0.686343 0.069908 1 0 1.000000
  0 2.088545 -1.136898 0.519831 0.567705 -0.309024 0.763030 0.678715 0.080151 1 0 1.000000
  0 1.021439 -2.147375 0.519831 0.277639 -0.583692 0.763034 0.589034 0.049640 1 0 1.000000
w_rgmine
  0 2.213854 -1.205112 0.398973 0.802467 -0.436818 0.406492 0.686343 0.069908 1 0 1.000000
  0 1.021439 -2.147375 0.519831 0.277639 -0.583692 0.763034 0.589034 0.049640 1 0 1.000000
  0 1.082726 -2.276215 0.398973 0.392457 -0.825070 0.406494 0.589166 0.036289 1 0 1.000000
w_rgmine
  0 -0.461959 -2.477896 0.398973 -0.167460 -0.898176 0.406493 0.490342 0.067928 1 0 1.000000
  0 1.082726 -2.276215 0.398973 0.392457 -0.825070 0.406494 0.589166 0.036289 1 0 1.000000
  0 1.021439 -2.147375 0.519831 0.277639 -0.583692 0.763034 0.589034 0.049640 1 0 1.000000
w_rgmine
  0 -0.461959 -2.477896 0.398973 -0.167460 -0.898176 0.406493 0.490342 0.067928 1 0 1.000000
  0 1.088244 -2.287822 -0.000001 0.429544 -0.903046 0.000000 0.589541 0.002545 1 0 1.000000
  0 1.082726 -2.276215 0.398973 0.392457 -0.825070 0.406494 0.589166 0.036289 1 0 1.000000
w_rgmine
  0 -0.461959 -2.477896 0.398973 -0.167460 -0.898176 0.406493 0.490342 0.067928 1 0 1.000000
  0 -0.464317 -2.490530 0.000000 -0.183288 -0.983059 0.000000 0.471143 0.043277 1 0 1.000000
  0 1.088244 -2.287822 -0.000001 0.429544 -0.903046 0.000000 0.589541 0.002545 1 0 1.000000
w_rgmine
  0 -1.830182 -1.733114 0.398974 -0.663414 -0.628208 0.406493 0.431606 0.150221 1 0 1.000000
  0 -0.464317 -2.490530 0.000000 -0.183288 -0.983059 0.000000 0.471143 0.043277 1 0 1.000000
  0 -0.461959 -2.477896 0.398973 -0.167460 -0.898176 0.406493 0.490342 0.067928 1 0 1.000000
w_rgmine
  0 -1.830182 -1.733114 0.398974 -0.663414 -0.628208 0.406493 0.431606 0.150221 1 0 1.000000
  0 -1.839515 -1.741951 0.000000 -0.726111 -0.687578 0.000000 0.402545 0.141753 1 0 1.000000
  0 -0.464317 -2.490530 0.000000 -0.183288 -0.983059 0.000000 0.471143 0.043277 1 0 1.000000
w_rgmine
  0 -1.830182 -1.733114 0.398974 -0.663414 -0.628208 0.406493 0.431606 0.150221 1 0 1.000000
  0 -2.512069 -0.328018 0.000000 -0.991584 -0.129465 0.000000 0.402545 0.259648 1 0 1.000000
  0 -1.839515 -1.741951 0.000000 -0.726111 -0.687578 0.000000 0.402545 0.141753 1 0 1.000000
w_rgmine
  0 -1.830182 -1.733114 0.398974 -0.663414 -0.628208 0.406493 0.431606 0.150221 1 0 1.000000
  0 -2.499325 -0.326354 0.398974 -0.905964 -0.118286 0.406493 0.430679 0.249801 1 0 1.000000
  0 -2.512069 -0.328018 0.000000 -0.991584 -0.129465 0.000000 0.402545 0.259648 1 0 1.000000
w_rgmine
  0 -2.213799 1.205051 0.398974 -0.802467 0.436818 0.406492 0.487638 0.331092 1 0 1.000000
  0 -2.512069 -0.328018 0.000000 -0.991584 -0.129465 0.000000 0.402545 0.259648 1 0 1.000000
  0 -2.499325 -0.326354 0.398974 -0.905964 -0.118286 0.406493 0.430679 0.249801 1 0 1.000000
w_rgmine
  0 -2.499325 -0.326354 0.398974 -0.905964 -0.118286 0.406493 0.430679 0.249801 1 0 1.000000
  0 -2.088488 1.136839 0.519832 -0.567702 0.309025 0.763032 0.495189 0.320792 1 0 1.000000
  0 -2.213799 1.205051 0.398974 -0.802467 0.436818 0.406492 0.487638 0.331092 1 0 1.000000
w_rgmine
  0 -1.082667 2.276155 0.398974 -0.392455 0.825071 0.406493 0.584060 0.362752 1 0 1.000000
  0 -2.213799 1.205051 0.398974 -0.802467 0.436818 0.406492 0.487638 0.331092 1 0 1.000000
  0 -2.088488 1.136839 0.519832 -0.567702 0.309025 0.763032 0.495189 0.320792 1 0 1.000000
w_rgmine
  0 -1.082667 2.276155 0.398974 -0.392455 0.825071 0.406493 0.584060 0.362752 1 0 1.000000
  0 -2.225087 1.211195 0.000000 -0.878306 0.478099 0.000000 0.470561 0.353980 1 0 1.000000
  0 -2.213799 1.205051 0.398974 -0.802467 0.436818 0.406492 0.487638 0.331092 1 0 1.000000
w_rgmine
  0 -1.082667 2.276155 0.398974 -0.392455 0.825071 0.406493 0.584060 0.362752 1 0 1.000000
  0 -1.088187 2.287762 0.000000 -0.429544 0.903046 0.000000 0.584119 0.395869 1 0 1.000000
  0 -2.225087 1.211195 0.000000 -0.878306 0.478099 0.000000 0.470561 0.353980 1 0 1.000000
w_rgmine
  0 0.462016 2.477835 0.398973 0.167460 0.898177 0.406491 0.681301 0.329953 1 0 1.000000
  0 -1.088187 2.287762 0.000000 -0.429544 0.903046 0.000000 0.584119 0.395869 1 0 1.000000
  0 -1.082667 2.276155 0.398974 -0.392455 0.825071 0.406493 0.584060 0.362752 1 0 1.000000
w_rgmine
  0 0.462016 2.477835 0.398973 0.167460 0.898177 0.406491 0.681301 0.329953 1 0 1.000000
  0 0.464374 2.490469 0.000000 0.183288 0.983059 0.000000 0.700371 0.354122 1 0 1.000000
  0 -1.088187 2.287762 0.000000 -0.429544 0.903046 0.000000 0.584119 0.395869 1 0 1.000000
w_rgmine
  0 1.830235 1.733056 0.398973 0.663414 0.628208 0.406493 0.739655 0.248557 1 0 1.000000
  0 0.464374 2.490469 0.000000 0.183288 0.983059 0.000000 0.700371 0.354122 1 0 1.000000
  0 0.462016 2.477835 0.398973 0.167460 0.898177 0.406491 0.681301 0.329953 1 0 1.000000
w_rgmine
  0 1.830235 1.733056 0.398973 0.663414 0.628208 0.406493 0.739655 0.248557 1 0 1.000000
  0 1.839568 1.741893 -0.000001 0.726110 0.687578 0.000000 0.767931 0.257102 1 0 1.000000
  0 0.464374 2.490469 0.000000 0.183288 0.983059 0.000000 0.700371 0.354122 1 0 1.000000
w_rgmine
  0 2.499379 0.326296 0.398973 0.905964 0.118287 0.406493 0.742696 0.150998 1 0 1.000000
  0 1.839568 1.741893 -0.000001 0.726110 0.687578 0.000000 0.767931 0.257102 1 0 1.000000
  0 1.830235 1.733056 0.398973 0.663414 0.628208 0.406493 0.739655 0.248557 1 0 1.000000
w_rgmine
  0 2.499379 0.326296 0.398973 0.905964 0.118287 0.406493 0.742696 0.150998 1 0 1.000000
  0 2.512124 0.327960 -0.000001 0.991584 0.129466 0.000000 0.769231 0.143127 1 0 1.000000
  0 1.839568 1.741893 -0.000001 0.726110 0.687578 0.000000 0.767931 0.257102 1 0 1.000000
w_rgmine
  0 2.225144 -1.211254 -0.000001 0.878306 -0.478099 0.000000 0.705634 0.046236 1 0 1.000000
  0 2.512124 0.327960 -0.000001 0.991584 0.129466 0.000000 0.769231 0.143127 1 0 1.000000
  0 2.499379 0.326296 0.398973 0.905964 0.118287 0.406493 0.742696 0.150998 1 0 1.000000
w_rgmine
  0 2.225144 -1.211254 -0.000001 0.878306 -0.478099 0.000000 0.705634 0.046236 1 0 1.000000
  0 2.499379 0.326296 0.398973 0.905964 0.118287 0.406493 0.742696 0.150998 1 0 1.000000
  0 2.213854 -1.205112 0.398973 0.802467 -0.436818 0.406492 0.686343 0.069908 1 0 1.000000
w_rgmine
  0 2.213854 -1.205112 0.398973 0.802467 -0.436818 0.406492 0.686343 0.069908 1 0 1.000000
  0 1.088244 -2.287822 -0.000001 0.429544 -0.903046 0.000000 0.589541 0.002545 1 0 1.000000
  0 2.225144 -1.211254 -0.000001 0.878306 -0.478099 0.000000 0.705634 0.046236 1 0 1.000000
w_rgmine
  0 2.213854 -1.205112 0.398973 0.802467 -0.436818 0.406492 0.686343 0.069908 1 0 1.000000
  0 1.082726 -2.276215 0.398973 0.392457 -0.825070 0.406494 0.589166 0.036289 1 0 1.000000
  0 1.088244 -2.287822 -0.000001 0.429544 -0.903046 0.000000 0.589541 0.002545 1 0 1.000000
w_rgmine
  0 -2.213799 1.205051 0.398974 -0.802467 0.436818 0.406492 0.487638 0.331092 1 0 1.000000
  0 -2.225087 1.211195 0.000000 -0.878306 0.478099 0.000000 0.470561 0.353980 1 0 1.000000
  0 -2.512069 -0.328018 0.000000 -0.991584 -0.129465 0.000000 0.402545 0.259648 1 0 1.000000
w_rgmine
  0 -0.371223 -0.551291 8.233790 -0.897629 0.156061 0.412197 0.402655 0.504773 1 0 1.000000
  0 -0.333583 -0.551628 8.155790 -0.253922 0.138222 -0.957297 0.408332 0.504682 1 0 1.000000
  0 -0.359513 -0.607886 8.143514 -0.447853 -0.038654 -0.893271 0.408266 0.500542 1 0 1.000000
w_rgmine
  0 -0.371223 -0.551291 8.233790 -0.897629 0.156061 0.412197 0.402655 0.504773 1 0 1.000000
  0 -0.359513 -0.607886 8.143514 -0.447853 -0.038654 -0.893271 0.408266 0.500542 1 0 1.000000
  0 -0.397174 -0.607935 8.221504 -0.977470 -0.039796 0.207291 0.402589 0.500611 1 0 1.000000
w_rgmine
  0 -0.320982 -0.674565 8.161757 -0.043729 -0.717729 -0.694948 0.408222 0.495354 1 0 1.000000
  0 -0.397174 -0.607935 8.221504 -0.977470 -0.039796 0.207291 0.402589 0.500611 1 0 1.000000
  0 -0.359513 -0.607886 8.143514 -0.447853 -0.038654 -0.893271 0.408266 0.500542 1 0 1.000000
w_rgmine
  0 -0.320982 -0.674565 8.161757 -0.043729 -0.717729 -0.694948 0.408222 0.495354 1 0 1.000000
  0 -0.358295 -0.675147 8.239911 -0.563900 -0.724553 0.396281 0.402545 0.495379 1 0 1.000000
  0 -0.397174 -0.607935 8.221504 -0.977470 -0.039796 0.207291 0.402589 0.500611 1 0 1.000000
w_rgmine
  0 -0.248491 -0.664574 8.196076 0.688745 -0.631845 -0.355531 0.408220 0.490056 1 0 1.000000
  0 -0.358295 -0.675147 8.239911 -0.563900 -0.724553 0.396281 0.402545 0.495379 1 0 1.000000
  0 -0.320982 -0.674565 8.161757 -0.043729 -0.717729 -0.694948 0.408222 0.495354 1 0 1.000000
w_rgmine
  0 -0.248491 -0.664574 8.196076 0.688745 -0.631845 -0.355531 0.408220 0.490056 1 0 1.000000
  0 -0.285110 -0.665074 8.274561 0.170605 -0.637644 0.751202 0.402543 0.490030 1 0 1.000000
  0 -0.358295 -0.675147 8.239911 -0.563900 -0.724553 0.396281 0.402545 0.495379 1 0 1.000000
w_rgmine
  0 -0.248491 -0.664574 8.196076 0.688745 -0.631845 -0.355531 0.408220 0.490056 1 0 1.000000
  0 -0.263189 -0.609840 8.284939 0.454291 0.067632 0.888282 0.402572 0.486075 1 0 1.000000
  0 -0.285110 -0.665074 8.274561 0.170605 -0.637644 0.751202 0.402543 0.490030 1 0 1.000000
w_rgmine
  0 -0.248491 -0.664574 8.196076 0.688745 -0.631845 -0.355531 0.408220 0.490056 1 0 1.000000
  0 -0.226754 -0.609804 8.206367 0.972184 0.067941 -0.224148 0.408250 0.486134 1 0 1.000000
  0 -0.263189 -0.609840 8.284939 0.454291 0.067632 0.888282 0.402572 0.486075 1 0 1.000000
w_rgmine
  0 -0.304954 -0.540119 8.265157 0.216159 0.187355 0.958214 0.402655 0.480592 1 0 1.000000
  0 -0.263189 -0.609840 8.284939 0.454291 0.067632 0.888282 0.402572 0.486075 1 0 1.000000
  0 -0.226754 -0.609804 8.206367 0.972184 0.067941 -0.224148 0.408250 0.486134 1 0 1.000000
w_rgmine
  0 -0.304954 -0.540119 8.265157 0.216159 0.187355 0.958214 0.402655 0.480592 1 0 1.000000
  0 -0.226754 -0.609804 8.206367 0.972184 0.067941 -0.224148 0.408250 0.486134 1 0 1.000000
  0 -0.268269 -0.540682 8.186705 0.874463 0.179672 -0.450592 0.408332 0.480694 1 0 1.000000
w_rgmine
  0 -0.369064 0.670275 8.252769 -0.107716 0.993636 0.032944 0.408806 0.286705 1 0 1.000000
  0 -0.313028 0.678703 8.181779 -0.107716 0.993636 0.032944 0.407545 0.280886 1 0 1.000000
  0 -0.330137 0.677135 8.173135 -0.107716 0.993636 0.032944 0.408806 0.280877 1 0 1.000000
w_rgmine
  0 -0.369064 0.670275 8.252769 -0.107716 0.993636 0.032944 0.408806 0.286705 1 0 1.000000
  0 -0.351955 0.671843 8.261415 -0.107716 0.993636 0.032944 0.407545 0.286714 1 0 1.000000
  0 -0.313028 0.678703 8.181779 -0.107716 0.993636 0.032944 0.407545 0.280886 1 0 1.000000
w_rgmine
  0 -0.326707 -0.553188 8.255074 -0.927276 -0.254326 0.274729 0.457570 0.431205 1 0 1.000000
  0 -0.292746 0.389137 8.169010 -0.345092 -0.007075 -0.938542 0.463222 0.369389 1 0 1.000000
  0 -0.290023 -0.553751 8.176620 -0.385917 -0.261929 -0.884569 0.463248 0.431205 1 0 1.000000
w_rgmine
  0 -0.326707 -0.553188 8.255074 -0.927276 -0.254326 0.274729 0.457570 0.431205 1 0 1.000000
  0 -0.329618 0.390477 8.247369 -0.950046 0.008677 0.311988 0.457544 0.369338 1 0 1.000000
  0 -0.292746 0.389137 8.169010 -0.345092 -0.007075 -0.938542 0.463222 0.369389 1 0 1.000000
w_rgmine
  0 -0.326819 0.498206 8.245724 -0.944670 0.075266 0.319270 0.457674 0.362273 1 0 1.000000
  0 -0.292746 0.389137 8.169010 -0.345092 -0.007075 -0.938542 0.463222 0.369389 1 0 1.000000
  0 -0.329618 0.390477 8.247369 -0.950046 0.008677 0.311988 0.457544 0.369338 1 0 1.000000
w_rgmine
  0 -0.326819 0.498206 8.245724 -0.944670 0.075266 0.319270 0.457674 0.362273 1 0 1.000000
  0 -0.289983 0.496319 8.167363 -0.323460 0.038497 -0.945458 0.463351 0.362361 1 0 1.000000
  0 -0.292746 0.389137 8.169010 -0.345092 -0.007075 -0.938542 0.463222 0.369389 1 0 1.000000
w_rgmine
  0 -0.326819 0.498206 8.245724 -0.944670 0.075266 0.319270 0.457674 0.362273 1 0 1.000000
  0 -0.270239 0.645337 8.177825 -0.306054 0.126768 -0.943536 0.463220 0.352483 1 0 1.000000
  0 -0.289983 0.496319 8.167363 -0.323460 0.038497 -0.945458 0.463351 0.362361 1 0 1.000000
w_rgmine
  0 -0.326819 0.498206 8.245724 -0.944670 0.075266 0.319270 0.457674 0.362273 1 0 1.000000
  0 -0.306203 0.646946 8.251673 -0.934252 0.116030 0.337210 0.457834 0.352423 1 0 1.000000
  0 -0.270239 0.645337 8.177825 -0.306054 0.126768 -0.943536 0.463220 0.352483 1 0 1.000000
w_rgmine
  0 -0.256033 0.642958 8.184646 0.139661 0.989145 0.045685 0.413661 0.689156 1 0 1.000000
  0 -0.306203 0.646946 8.251673 0.139661 0.989145 0.045685 0.412545 0.683776 1 0 1.000000
  0 -0.289078 0.644569 8.259781 0.139661 0.989145 0.045685 0.413797 0.683776 1 0 1.000000
w_rgmine
  0 -0.256033 0.642958 8.184646 0.139661 0.989145 0.045685 0.413661 0.689156 1 0 1.000000
  0 -0.270239 0.645337 8.177825 0.139661 0.989145 0.045685 0.412616 0.689161 1 0 1.000000
  0 -0.306203 0.646946 8.251673 0.139661 0.989145 0.045685 0.412545 0.683776 1 0 1.000000
w_rgmine
  0 -1.245925 -1.454607 7.427124 0.688101 -0.566361 0.453599 0.409307 0.055385 1 0 1.000000
  0 -1.006900 -1.199563 7.257674 -0.499470 0.837702 0.220872 0.403052 0.079659 1 0 1.000000
  0 -1.303116 -1.375019 7.410999 -0.357107 0.923923 0.137264 0.402942 0.055364 1 0 1.000000
w_rgmine
  0 -1.462920 -1.544485 7.721866 0.798246 -0.514951 0.312455 0.409463 0.030231 1 0 1.000000
  0 -1.245925 -1.454607 7.427124 0.688101 -0.566361 0.453599 0.409307 0.055385 1 0 1.000000
  0 -1.303116 -1.375019 7.410999 -0.357107 0.923923 0.137264 0.402942 0.055364 1 0 1.000000
w_rgmine
  0 -1.311387 -1.454638 7.353252 -0.432200 -0.466882 -0.771508 0.415576 0.055380 1 0 1.000000
  0 -1.245925 -1.454607 7.427124 0.688101 -0.566361 0.453599 0.409307 0.055385 1 0 1.000000
  0 -1.462920 -1.544485 7.721866 0.798246 -0.514951 0.312455 0.409463 0.030231 1 0 1.000000
w_rgmine
  0 -1.311387 -1.454638 7.353252 -0.432200 -0.466882 -0.771508 0.415576 0.055380 1 0 1.000000
  0 -1.462920 -1.544485 7.721866 0.798246 -0.514951 0.312455 0.409463 0.030231 1 0 1.000000
  0 -1.551901 -1.555026 7.680470 -0.707294 -0.589511 -0.390142 0.416158 0.030312 1 0 1.000000
w_rgmine
  0 -1.550377 -1.526407 8.088010 0.846040 -0.516410 0.132429 0.409455 0.004011 1 0 1.000000
  0 -1.551901 -1.555026 7.680470 -0.707294 -0.589511 -0.390142 0.416158 0.030312 1 0 1.000000
  0 -1.462920 -1.544485 7.721866 0.798246 -0.514951 0.312455 0.409463 0.030231 1 0 1.000000
w_rgmine
  0 -1.550377 -1.526407 8.088010 0.846040 -0.516410 0.132429 0.409455 0.004011 1 0 1.000000
  0 -1.648647 -1.535587 8.086989 -0.815362 -0.572920 0.083357 0.416984 0.002544 1 0 1.000000
  0 -1.551901 -1.555026 7.680470 -0.707294 -0.589511 -0.390142 0.416158 0.030312 1 0 1.000000
w_rgmine
  0 -1.462920 -1.544485 7.721866 0.798246 -0.514951 0.312455 0.409463 0.030231 1 0 1.000000
  0 -1.303116 -1.375019 7.410999 -0.357107 0.923923 0.137264 0.402942 0.055364 1 0 1.000000
  0 -1.520217 -1.464996 7.705632 -0.256556 0.966433 -0.013661 0.402699 0.030180 1 0 1.000000
w_rgmine
  0 -1.520217 -1.464996 7.705632 -0.256556 0.966433 -0.013661 0.402699 0.030180 1 0 1.000000
  0 -1.550377 -1.526407 8.088010 0.846040 -0.516410 0.132429 0.409455 0.004011 1 0 1.000000
  0 -1.462920 -1.544485 7.721866 0.798246 -0.514951 0.312455 0.409463 0.030231 1 0 1.000000
w_rgmine
  0 -1.520217 -1.464996 7.705632 -0.256556 0.966433 -0.013661 0.402699 0.030180 1 0 1.000000
  0 -1.607816 -1.447027 8.071748 -0.221588 0.955184 -0.196271 0.402545 0.003958 1 0 1.000000
  0 -1.550377 -1.526407 8.088010 0.846040 -0.516410 0.132429 0.409455 0.004011 1 0 1.000000
w_rgmine
  0 -0.983022 -1.259350 7.182856 -0.055028 -0.233993 -0.970680 0.415174 0.079759 1 0 1.000000
  0 -1.245925 -1.454607 7.427124 0.688101 -0.566361 0.453599 0.409307 0.055385 1 0 1.000000
  0 -1.311387 -1.454638 7.353252 -0.432200 -0.466882 -0.771508 0.415576 0.055380 1 0 1.000000
w_rgmine
  0 -0.983022 -1.259350 7.182856 -0.055028 -0.233993 -0.970680 0.415174 0.079759 1 0 1.000000
  0 -0.949755 -1.279217 7.273636 0.541624 -0.658492 0.522524 0.409341 0.079742 1 0 1.000000
  0 -1.245925 -1.454607 7.427124 0.688101 -0.566361 0.453599 0.409307 0.055385 1 0 1.000000
w_rgmine
  0 -1.245925 -1.454607 7.427124 0.688101 -0.566361 0.453599 0.409307 0.055385 1 0 1.000000
  0 -0.949755 -1.279217 7.273636 0.541624 -0.658492 0.522524 0.409341 0.079742 1 0 1.000000
  0 -1.006900 -1.199563 7.257674 -0.499470 0.837702 0.220872 0.403052 0.079659 1 0 1.000000
w_rgmine
  0 -0.949755 -1.279217 7.273636 0.541624 -0.658492 0.522524 0.409341 0.079742 1 0 1.000000
  0 -0.700643 -0.981283 7.282108 -0.650061 0.728116 0.217409 0.402545 0.104117 1 0 1.000000
  0 -1.006900 -1.199563 7.257674 -0.499470 0.837702 0.220872 0.403052 0.079659 1 0 1.000000
w_rgmine
  0 -0.949755 -1.279217 7.273636 0.541624 -0.658492 0.522524 0.409341 0.079742 1 0 1.000000
  0 -0.643471 -1.060953 7.297892 0.393391 -0.769587 0.502970 0.408662 0.104365 1 0 1.000000
  0 -0.700643 -0.981283 7.282108 -0.650061 0.728116 0.217409 0.402545 0.104117 1 0 1.000000
w_rgmine
  0 -0.949755 -1.279217 7.273636 0.541624 -0.658492 0.522524 0.409341 0.079742 1 0 1.000000
  0 -0.643470 -1.016499 7.209764 0.335129 0.054149 -0.940615 0.414601 0.105871 1 0 1.000000
  0 -0.643471 -1.060953 7.297892 0.393391 -0.769587 0.502970 0.408662 0.104365 1 0 1.000000
w_rgmine
  0 -0.949755 -1.279217 7.273636 0.541624 -0.658492 0.522524 0.409341 0.079742 1 0 1.000000
  0 -0.983022 -1.259350 7.182856 -0.055028 -0.233993 -0.970680 0.415174 0.079759 1 0 1.000000
  0 -0.643470 -1.016499 7.209764 0.335129 0.054149 -0.940615 0.414601 0.105871 1 0 1.000000
w_rgmine
  0 -0.983022 -1.259350 7.182856 -0.055028 -0.233993 -0.970680 0.415174 0.079759 1 0 1.000000
  0 -0.700643 -0.981283 7.282108 -0.650061 0.728116 0.217409 0.421675 0.104515 1 0 1.000000
  0 -0.643470 -1.016499 7.209764 0.335129 0.054149 -0.940615 0.414601 0.105871 1 0 1.000000
w_rgmine
  0 -0.983022 -1.259350 7.182856 -0.055028 -0.233993 -0.970680 0.415174 0.079759 1 0 1.000000
  0 -1.006900 -1.199563 7.257674 -0.499470 0.837702 0.220872 0.421581 0.079741 1 0 1.000000
  0 -0.700643 -0.981283 7.282108 -0.650061 0.728116 0.217409 0.421675 0.104515 1 0 1.000000
w_rgmine
  0 -1.006900 -1.199563 7.257674 -0.499470 0.837702 0.220872 0.421581 0.079741 1 0 1.000000
  0 -0.983022 -1.259350 7.182856 -0.055028 -0.233993 -0.970680 0.415174 0.079759 1 0 1.000000
  0 -1.311387 -1.454638 7.353252 -0.432200 -0.466882 -0.771508 0.415576 0.055380 1 0 1.000000
w_rgmine
  0 -1.006900 -1.199563 7.257674 -0.499470 0.837702 0.220872 0.421581 0.079741 1 0 1.000000
  0 -1.311387 -1.454638 7.353252 -0.432200 -0.466882 -0.771508 0.415576 0.055380 1 0 1.000000
  0 -1.303116 -1.375019 7.410999 -0.357107 0.923923 0.137264 0.421970 0.055377 1 0 1.000000
w_rgmine
  0 -1.303116 -1.375019 7.410999 -0.357107 0.923923 0.137264 0.421970 0.055377 1 0 1.000000
  0 -1.311387 -1.454638 7.353252 -0.432200 -0.466882 -0.771508 0.415576 0.055380 1 0 1.000000
  0 -1.551901 -1.555026 7.680470 -0.707294 -0.589511 -0.390142 0.416158 0.030312 1 0 1.000000
w_rgmine
  0 -1.303116 -1.375019 7.410999 -0.357107 0.923923 0.137264 0.421970 0.055377 1 0 1.000000
  0 -1.551901 -1.555026 7.680470 -0.707294 -0.589511 -0.390142 0.416158 0.030312 1 0 1.000000
  0 -1.520217 -1.464996 7.705632 -0.256556 0.966433 -0.013661 0.422407 0.030413 1 0 1.000000
w_rgmine
  0 -1.648647 -1.535587 8.086989 -0.815362 -0.572920 0.083357 0.416984 0.002544 1 0 1.000000
  0 -1.520217 -1.464996 7.705632 -0.256556 0.966433 -0.013661 0.422407 0.030413 1 0 1.000000
  0 -1.551901 -1.555026 7.680470 -0.707294 -0.589511 -0.390142 0.416158 0.030312 1 0 1.000000
w_rgmine
  0 -1.648647 -1.535587 8.086989 -0.815362 -0.572920 0.083357 0.416984 0.002544 1 0 1.000000
  0 -1.607816 -1.447027 8.071748 -0.221588 0.955184 -0.196271 0.423628 0.004251 1 0 1.000000
  0 -1.520217 -1.464996 7.705632 -0.256556 0.966433 -0.013661 0.422407 0.030413 1 0 1.000000
w_rgmine
  0 -1.292843 -1.203360 8.691278 0.726824 -0.664137 -0.175067 0.441017 0.068152 1 0 1.000000
  0 -1.546105 -1.324136 8.422643 -0.260444 0.892837 -0.367437 0.447363 0.043263 1 0 1.000000
  0 -1.350541 -1.124128 8.675205 -0.363980 0.794110 -0.486731 0.447585 0.068182 1 0 1.000000
w_rgmine
  0 -1.607816 -1.447027 8.071748 -0.221588 0.955184 -0.196271 0.428210 0.018219 1 0 1.000000
  0 -1.579658 -1.399694 8.476565 -0.730879 -0.421021 0.537174 0.434649 0.043154 1 0 1.000000
  0 -1.546105 -1.324136 8.422643 -0.260444 0.892837 -0.367437 0.428522 0.043110 1 0 1.000000
w_rgmine
  0 -1.546105 -1.324136 8.422643 -0.260444 0.892837 -0.367437 0.428522 0.043110 1 0 1.000000
  0 -1.579658 -1.399694 8.476565 -0.730879 -0.421021 0.537174 0.434649 0.043154 1 0 1.000000
  0 -1.362106 -1.178221 8.756952 -0.463307 -0.168839 0.869966 0.433880 0.069604 1 0 1.000000
w_rgmine
  0 -1.579658 -1.399694 8.476565 -0.730879 -0.421021 0.537174 0.434649 0.043154 1 0 1.000000
  0 -1.292843 -1.203360 8.691278 0.726824 -0.664137 -0.175067 0.441017 0.068152 1 0 1.000000
  0 -1.362106 -1.178221 8.756952 -0.463307 -0.168839 0.869966 0.433880 0.069604 1 0 1.000000
w_rgmine
  0 -1.579658 -1.399694 8.476565 -0.730879 -0.421021 0.537174 0.434649 0.043154 1 0 1.000000
  0 -1.488522 -1.403424 8.438847 0.820193 -0.570395 -0.043961 0.440782 0.043200 1 0 1.000000
  0 -1.292843 -1.203360 8.691278 0.726824 -0.664137 -0.175067 0.441017 0.068152 1 0 1.000000
w_rgmine
  0 -1.292843 -1.203360 8.691278 0.726824 -0.664137 -0.175067 0.441017 0.068152 1 0 1.000000
  0 -1.488522 -1.403424 8.438847 0.820193 -0.570395 -0.043961 0.440782 0.043200 1 0 1.000000
  0 -1.546105 -1.324136 8.422643 -0.260444 0.892837 -0.367437 0.447363 0.043263 1 0 1.000000
w_rgmine
  0 -1.488522 -1.403424 8.438847 0.820193 -0.570395 -0.043961 0.440782 0.043200 1 0 1.000000
  0 -1.607816 -1.447027 8.071748 -0.221588 0.955184 -0.196271 0.447585 0.018378 1 0 1.000000
  0 -1.546105 -1.324136 8.422643 -0.260444 0.892837 -0.367437 0.447363 0.043263 1 0 1.000000
w_rgmine
  0 -1.488522 -1.403424 8.438847 0.820193 -0.570395 -0.043961 0.440782 0.043200 1 0 1.000000
  0 -1.550377 -1.526407 8.088010 0.846040 -0.516410 0.132429 0.441350 0.018200 1 0 1.000000
  0 -1.607816 -1.447027 8.071748 -0.221588 0.955184 -0.196271 0.447585 0.018378 1 0 1.000000
w_rgmine
  0 -1.488522 -1.403424 8.438847 0.820193 -0.570395 -0.043961 0.440782 0.043200 1 0 1.000000
  0 -1.648647 -1.535587 8.086989 -0.815362 -0.572920 0.083357 0.435331 0.016746 1 0 1.000000
  0 -1.550377 -1.526407 8.088010 0.846040 -0.516410 0.132429 0.441350 0.018200 1 0 1.000000
w_rgmine
  0 -1.488522 -1.403424 8.438847 0.820193 -0.570395 -0.043961 0.440782 0.043200 1 0 1.000000
  0 -1.579658 -1.399694 8.476565 -0.730879 -0.421021 0.537174 0.434649 0.043154 1 0 1.000000
  0 -1.648647 -1.535587 8.086989 -0.815362 -0.572920 0.083357 0.435331 0.016746 1 0 1.000000
w_rgmine
  0 -1.607816 -1.447027 8.071748 -0.221588 0.955184 -0.196271 0.428210 0.018219 1 0 1.000000
  0 -1.648647 -1.535587 8.086989 -0.815362 -0.572920 0.083357 0.435331 0.016746 1 0 1.000000
  0 -1.579658 -1.399694 8.476565 -0.730879 -0.421021 0.537174 0.434649 0.043154 1 0 1.000000
w_rgmine
  0 -1.546105 -1.324136 8.422643 -0.260444 0.892837 -0.367437 0.428522 0.043110 1 0 1.000000
  0 -1.362106 -1.178221 8.756952 -0.463307 -0.168839 0.869966 0.433880 0.069604 1 0 1.000000
  0 -1.350541 -1.124128 8.675205 -0.363980 0.794110 -0.486731 0.427543 0.068026 1 0 1.000000
w_rgmine
  0 0.122741 -0.296323 9.727928 0.346245 -0.835911 0.425871 0.416506 0.707328 1 0 1.000000
  0 0.296323 -0.122741 9.727928 0.835912 -0.346245 0.425869 0.436114 0.707304 1 0 1.000000
  0 0.247494 -0.102516 9.840215 0.585595 -0.242563 0.773461 0.432159 0.716288 1 0 1.000000
w_rgmine
  0 0.296323 -0.122741 9.727928 0.835912 -0.346245 0.425869 0.436114 0.707304 1 0 1.000000
  0 0.247494 0.102515 9.840215 0.585595 0.242558 0.773462 0.440956 0.724846 1 0 1.000000
  0 0.247494 -0.102516 9.840215 0.585595 -0.242563 0.773461 0.432159 0.716288 1 0 1.000000
w_rgmine
  0 0.296323 -0.122741 9.727928 0.835912 -0.346245 0.425869 0.436114 0.707304 1 0 1.000000
  0 0.296323 0.122741 9.727928 0.835910 0.346244 0.425874 0.449713 0.721891 1 0 1.000000
  0 0.247494 0.102515 9.840215 0.585595 0.242558 0.773462 0.440956 0.724846 1 0 1.000000
w_rgmine
  0 -0.247494 0.102515 9.840215 -0.585591 0.242561 0.773464 0.419546 0.745658 1 0 1.000000
  0 -0.122741 0.296323 9.727928 -0.346247 0.835911 0.425871 0.435270 0.754601 1 0 1.000000
  0 -0.296323 0.122741 9.727928 -0.835908 0.346248 0.425877 0.415468 0.753888 1 0 1.000000
w_rgmine
  0 -0.296323 -0.122741 9.727928 -0.835912 -0.346245 0.425869 0.402545 0.740081 1 0 1.000000
  0 -0.247494 0.102515 9.840215 -0.585591 0.242561 0.773464 0.419546 0.745658 1 0 1.000000
  0 -0.296323 0.122741 9.727928 -0.835908 0.346248 0.425877 0.415468 0.753888 1 0 1.000000
w_rgmine
  0 -0.296323 -0.122741 9.727928 -0.835912 -0.346245 0.425869 0.402545 0.740081 1 0 1.000000
  0 -0.247494 -0.102516 9.840215 -0.585596 -0.242562 0.773461 0.410657 0.736931 1 0 1.000000
  0 -0.247494 0.102515 9.840215 -0.585591 0.242561 0.773464 0.419546 0.745658 1 0 1.000000
w_rgmine
  0 -0.122741 -0.296323 9.727928 -0.346250 -0.835913 0.425865 0.402545 0.720825 1 0 1.000000
  0 -0.247494 -0.102516 9.840215 -0.585596 -0.242562 0.773461 0.410657 0.736931 1 0 1.000000
  0 -0.296323 -0.122741 9.727928 -0.835912 -0.346245 0.425869 0.402545 0.740081 1 0 1.000000
w_rgmine
  0 -0.122741 -0.296323 9.727928 -0.346250 -0.835913 0.425865 0.402545 0.720825 1 0 1.000000
  0 -0.102516 -0.247495 9.840215 -0.242564 -0.585596 0.773460 0.411374 0.724604 1 0 1.000000
  0 -0.247494 -0.102516 9.840215 -0.585596 -0.242562 0.773461 0.410657 0.736931 1 0 1.000000
w_rgmine
  0 0.122741 -0.296323 9.727928 0.346245 -0.835911 0.425871 0.416506 0.707328 1 0 1.000000
  0 -0.102516 -0.247495 9.840215 -0.242564 -0.585596 0.773460 0.411374 0.724604 1 0 1.000000
  0 -0.122741 -0.296323 9.727928 -0.346250 -0.835913 0.425865 0.402545 0.720825 1 0 1.000000
w_rgmine
  0 0.122741 -0.296323 9.727928 0.346245 -0.835911 0.425871 0.416506 0.707328 1 0 1.000000
  0 0.102515 -0.247494 9.840215 0.242561 -0.585593 0.773463 0.419813 0.715565 1 0 1.000000
  0 -0.102516 -0.247495 9.840215 -0.242564 -0.585596 0.773460 0.411374 0.724604 1 0 1.000000
w_rgmine
  0 0.122741 -0.296323 9.727928 0.346245 -0.835911 0.425871 0.416506 0.707328 1 0 1.000000
  0 0.247494 -0.102516 9.840215 0.585595 -0.242563 0.773461 0.432159 0.716288 1 0 1.000000
  0 0.102515 -0.247494 9.840215 0.242561 -0.585593 0.773463 0.419813 0.715565 1 0 1.000000
w_rgmine
  0 0.247494 -0.102516 9.840215 0.585595 -0.242563 0.773461 0.432159 0.716288 1 0 1.000000
  0 0.000000 0.000000 9.854249 0.000000 0.000000 1.000000 0.425917 0.730843 1 0 1.000000
  0 0.102515 -0.247494 9.840215 0.242561 -0.585593 0.773463 0.419813 0.715565 1 0 1.000000
w_rgmine
  0 0.247494 -0.102516 9.840215 0.585595 -0.242563 0.773461 0.432159 0.716288 1 0 1.000000
  0 0.247494 0.102515 9.840215 0.585595 0.242558 0.773462 0.440956 0.724846 1 0 1.000000
  0 0.000000 0.000000 9.854249 0.000000 0.000000 1.000000 0.425917 0.730843 1 0 1.000000
w_rgmine
  0 0.000000 0.000000 9.854249 0.000000 0.000000 1.000000 0.425917 0.730843 1 0 1.000000
  0 0.247494 0.102515 9.840215 0.585595 0.242558 0.773462 0.440956 0.724846 1 0 1.000000
  0 0.102515 0.247494 9.840215 0.242559 0.585594 0.773463 0.441059 0.737349 1 0 1.000000
w_rgmine
  0 0.102515 0.247494 9.840215 0.242559 0.585594 0.773463 0.441059 0.737349 1 0 1.000000
  0 0.247494 0.102515 9.840215 0.585595 0.242558 0.773462 0.440956 0.724846 1 0 1.000000
  0 0.296323 0.122741 9.727928 0.835910 0.346244 0.425874 0.449713 0.721891 1 0 1.000000
w_rgmine
  0 0.102515 0.247494 9.840215 0.242559 0.585594 0.773463 0.441059 0.737349 1 0 1.000000
  0 0.296323 0.122741 9.727928 0.835910 0.346244 0.425874 0.449713 0.721891 1 0 1.000000
  0 0.122741 0.296323 9.727928 0.346243 0.835911 0.425874 0.449068 0.740910 1 0 1.000000
w_rgmine
  0 -0.102516 0.247494 9.840215 -0.242564 0.585593 0.773462 0.431774 0.745508 1 0 1.000000
  0 0.102515 0.247494 9.840215 0.242559 0.585594 0.773463 0.441059 0.737349 1 0 1.000000
  0 0.122741 0.296323 9.727928 0.346243 0.835911 0.425874 0.449068 0.740910 1 0 1.000000
w_rgmine
  0 -0.102516 0.247494 9.840215 -0.242564 0.585593 0.773462 0.431774 0.745508 1 0 1.000000
  0 0.122741 0.296323 9.727928 0.346243 0.835911 0.425874 0.449068 0.740910 1 0 1.000000
  0 -0.122741 0.296323 9.727928 -0.346247 0.835911 0.425871 0.435270 0.754601 1 0 1.000000
w_rgmine
  0 -0.247494 0.102515 9.840215 -0.585591 0.242561 0.773464 0.419546 0.745658 1 0 1.000000
  0 -0.102516 0.247494 9.840215 -0.242564 0.585593 0.773462 0.431774 0.745508 1 0 1.000000
  0 -0.122741 0.296323 9.727928 -0.346247 0.835911 0.425871 0.435270 0.754601 1 0 1.000000
w_rgmine
  0 0.000000 0.000000 9.854249 0.000000 0.000000 1.000000 0.425917 0.730843 1 0 1.000000
  0 -0.102516 0.247494 9.840215 -0.242564 0.585593 0.773462 0.431774 0.745508 1 0 1.000000
  0 -0.247494 0.102515 9.840215 -0.585591 0.242561 0.773464 0.419546 0.745658 1 0 1.000000
w_rgmine
  0 0.000000 0.000000 9.854249 0.000000 0.000000 1.000000 0.425917 0.730843 1 0 1.000000
  0 -0.247494 0.102515 9.840215 -0.585591 0.242561 0.773464 0.419546 0.745658 1 0 1.000000
  0 -0.247494 -0.102516 9.840215 -0.585596 -0.242562 0.773461 0.410657 0.736931 1 0 1.000000
w_rgmine
  0 -0.247494 -0.102516 9.840215 -0.585596 -0.242562 0.773461 0.410657 0.736931 1 0 1.000000
  0 -0.102516 -0.247495 9.840215 -0.242564 -0.585596 0.773460 0.411374 0.724604 1 0 1.000000
  0 0.000000 0.000000 9.854249 0.000000 0.000000 1.000000 0.425917 0.730843 1 0 1.000000
w_rgmine
  0 0.102515 -0.247494 9.840215 0.242561 -0.585593 0.773463 0.419813 0.715565 1 0 1.000000
  0 0.000000 0.000000 9.854249 0.000000 0.000000 1.000000 0.425917 0.730843 1 0 1.000000
  0 -0.102516 -0.247495 9.840215 -0.242564 -0.585596 0.773460 0.411374 0.724604 1 0 1.000000
w_rgmine
  0 0.000000 0.000000 9.854249 0.000000 0.000000 1.000000 0.425917 0.730843 1 0 1.000000
  0 0.102515 0.247494 9.840215 0.242559 0.585594 0.773463 0.441059 0.737349 1 0 1.000000
  0 -0.102516 0.247494 9.840215 -0.242564 0.585593 0.773462 0.431774 0.745508 1 0 1.000000
w_rgmine
  0 -0.357262 0.498776 8.245639 -0.941928 -0.036360 0.333841 0.466413 0.881294 1 0 1.000000
  0 -0.351955 0.671843 8.261415 0.324775 0.002899 0.945787 0.465992 0.892685 1 0 1.000000
  0 -0.369064 0.670275 8.252769 -0.941954 -0.078482 0.326441 0.467245 0.892543 1 0 1.000000
w_rgmine
  0 -0.357262 0.498776 8.245639 -0.941928 -0.036360 0.333841 0.466413 0.881294 1 0 1.000000
  0 -0.335626 0.498829 8.256244 0.324588 -0.038573 0.945069 0.464834 0.881346 1 0 1.000000
  0 -0.351955 0.671843 8.261415 0.324775 0.002899 0.945787 0.465992 0.892685 1 0 1.000000
w_rgmine
  0 -0.357262 0.498776 8.245639 -0.941928 -0.036360 0.333841 0.466413 0.881294 1 0 1.000000
  0 -0.338812 0.388899 8.249402 0.324588 -0.038573 0.945069 0.464999 0.874123 1 0 1.000000
  0 -0.335626 0.498829 8.256244 0.324588 -0.038573 0.945069 0.464834 0.881346 1 0 1.000000
w_rgmine
  0 -0.357262 0.498776 8.245639 -0.941928 -0.036360 0.333841 0.466413 0.881294 1 0 1.000000
  0 -0.360416 0.389692 8.238835 -0.950046 0.008677 0.311988 0.466576 0.874127 1 0 1.000000
  0 -0.338812 0.388899 8.249402 0.324588 -0.038573 0.945069 0.464999 0.874123 1 0 1.000000
w_rgmine
  0 -0.371223 -0.551291 8.233790 -0.897629 0.156061 0.412197 0.465478 0.812443 1 0 1.000000
  0 -0.338812 0.388899 8.249402 0.324588 -0.038573 0.945069 0.464999 0.874123 1 0 1.000000
  0 -0.360416 0.389692 8.238835 -0.950046 0.008677 0.311988 0.466576 0.874127 1 0 1.000000
w_rgmine
  0 -0.371223 -0.551291 8.233790 -0.897629 0.156061 0.412197 0.465478 0.812443 1 0 1.000000
  0 -0.349701 -0.563836 8.244179 0.373858 -0.221768 0.900583 0.463886 0.811669 1 0 1.000000
  0 -0.338812 0.388899 8.249402 0.324588 -0.038573 0.945069 0.464999 0.874123 1 0 1.000000
w_rgmine
  0 -0.374843 -0.606121 8.232275 0.105967 -0.009757 0.994322 0.465625 0.808842 1 0 1.000000
  0 -0.349701 -0.563836 8.244179 0.373858 -0.221768 0.900583 0.463886 0.811669 1 0 1.000000
  0 -0.371223 -0.551291 8.233790 -0.897629 0.156061 0.412197 0.465478 0.812443 1 0 1.000000
w_rgmine
  0 -0.374843 -0.606121 8.232275 0.105967 -0.009757 0.994322 0.465625 0.808842 1 0 1.000000
  0 -0.371223 -0.551291 8.233790 -0.897629 0.156061 0.412197 0.465478 0.812443 1 0 1.000000
  0 -0.397174 -0.607935 8.221504 -0.977470 -0.039796 0.207291 0.467246 0.808674 1 0 1.000000
w_rgmine
  0 -0.397174 -0.607935 8.221504 -0.977470 -0.039796 0.207291 0.467246 0.808674 1 0 1.000000
  0 -0.348904 -0.653478 8.244556 -0.166380 0.463673 0.870244 0.463650 0.805797 1 0 1.000000
  0 -0.374843 -0.606121 8.232275 0.105967 -0.009757 0.994322 0.465625 0.808842 1 0 1.000000
w_rgmine
  0 -0.397174 -0.607935 8.221504 -0.977470 -0.039796 0.207291 0.467246 0.808674 1 0 1.000000
  0 -0.358295 -0.675147 8.239911 -0.563900 -0.724553 0.396281 0.464293 0.804356 1 0 1.000000
  0 -0.348904 -0.653478 8.244556 -0.166380 0.463673 0.870244 0.463650 0.805797 1 0 1.000000
w_rgmine
  0 -0.301543 -0.646452 8.266978 -0.654738 0.432939 0.619581 0.460230 0.806361 1 0 1.000000
  0 -0.348904 -0.653478 8.244556 -0.166380 0.463673 0.870244 0.463650 0.805797 1 0 1.000000
  0 -0.358295 -0.675147 8.239911 -0.563900 -0.724553 0.396281 0.464293 0.804356 1 0 1.000000
w_rgmine
  0 -0.301543 -0.646452 8.266978 -0.654738 0.432939 0.619581 0.460230 0.806361 1 0 1.000000
  0 -0.358295 -0.675147 8.239911 -0.563900 -0.724553 0.396281 0.464293 0.804356 1 0 1.000000
  0 -0.285110 -0.665074 8.274561 0.170605 -0.637644 0.751202 0.459007 0.805177 1 0 1.000000
w_rgmine
  0 -0.301543 -0.646452 8.266978 -0.654738 0.432939 0.619581 0.460230 0.806361 1 0 1.000000
  0 -0.285110 -0.665074 8.274561 0.170605 -0.637644 0.751202 0.459007 0.805177 1 0 1.000000
  0 -0.263189 -0.609840 8.284939 0.454291 0.067632 0.888282 0.457528 0.808845 1 0 1.000000
w_rgmine
  0 -0.301543 -0.646452 8.266978 -0.654738 0.432939 0.619581 0.460230 0.806361 1 0 1.000000
  0 -0.263189 -0.609840 8.284939 0.454291 0.067632 0.888282 0.457528 0.808845 1 0 1.000000
  0 -0.286486 -0.608513 8.274108 -0.836927 -0.068950 0.542954 0.459214 0.808881 1 0 1.000000
w_rgmine
  0 -0.286486 -0.608513 8.274108 -0.836927 -0.068950 0.542954 0.459214 0.808881 1 0 1.000000
  0 -0.263189 -0.609840 8.284939 0.454291 0.067632 0.888282 0.457528 0.808845 1 0 1.000000
  0 -0.304954 -0.540119 8.265157 0.216159 0.187355 0.958214 0.460695 0.813322 1 0 1.000000
w_rgmine
  0 -0.286486 -0.608513 8.274108 -0.836927 -0.068950 0.542954 0.459214 0.808881 1 0 1.000000
  0 -0.304954 -0.540119 8.265157 0.216159 0.187355 0.958214 0.460695 0.813322 1 0 1.000000
  0 -0.326707 -0.553188 8.255074 -0.927276 -0.254326 0.274729 0.462240 0.812417 1 0 1.000000
w_rgmine
  0 -0.304954 -0.540119 8.265157 0.216159 0.187355 0.958214 0.460695 0.813322 1 0 1.000000
  0 -0.329618 0.390477 8.247369 -0.950046 0.008677 0.311988 0.464505 0.874242 1 0 1.000000
  0 -0.326707 -0.553188 8.255074 -0.927276 -0.254326 0.274729 0.462240 0.812417 1 0 1.000000
w_rgmine
  0 -0.304954 -0.540119 8.265157 0.216159 0.187355 0.958214 0.460695 0.813322 1 0 1.000000
  0 -0.307850 0.390348 8.257611 0.324775 0.002899 0.945787 0.462929 0.874282 1 0 1.000000
  0 -0.329618 0.390477 8.247369 -0.950046 0.008677 0.311988 0.464505 0.874242 1 0 1.000000
w_rgmine
  0 -0.305088 0.496498 8.255985 0.324588 -0.038573 0.945069 0.463022 0.881243 1 0 1.000000
  0 -0.329618 0.390477 8.247369 -0.950046 0.008677 0.311988 0.464505 0.874242 1 0 1.000000
  0 -0.307850 0.390348 8.257611 0.324775 0.002899 0.945787 0.462929 0.874282 1 0 1.000000
w_rgmine
  0 -0.305088 0.496498 8.255985 0.324588 -0.038573 0.945069 0.463022 0.881243 1 0 1.000000
  0 -0.326819 0.498206 8.245724 -0.944670 0.075266 0.319270 0.464600 0.881307 1 0 1.000000
  0 -0.329618 0.390477 8.247369 -0.950046 0.008677 0.311988 0.464505 0.874242 1 0 1.000000
w_rgmine
  0 -0.305088 0.496498 8.255985 0.324588 -0.038573 0.945069 0.463022 0.881243 1 0 1.000000
  0 -0.306203 0.646946 8.251673 -0.934252 0.116030 0.337210 0.463508 0.891097 1 0 1.000000
  0 -0.326819 0.498206 8.245724 -0.944670 0.075266 0.319270 0.464600 0.881307 1 0 1.000000
w_rgmine
  0 -0.305088 0.496498 8.255985 0.324588 -0.038573 0.945069 0.463022 0.881243 1 0 1.000000
  0 -0.289078 0.644569 8.259781 0.324588 -0.038573 0.945069 0.462262 0.890979 1 0 1.000000
  0 -0.306203 0.646946 8.251673 -0.934252 0.116030 0.337210 0.463508 0.891097 1 0 1.000000
w_rgmine
  0 -0.435811 -2.337638 0.519832 -0.183288 -0.983059 0.000000 0.002545 0.002546 1 0 1.000000
  0 -0.435811 -2.337639 6.279914 -0.183288 -0.983059 0.000000 0.392494 0.002545 1 0 1.000000
  0 -1.726585 -1.635015 6.279914 -0.726111 -0.687578 0.000000 0.392494 0.102036 1 0 1.000000
w_rgmine
  0 -0.435811 -2.337638 0.519832 -0.183288 -0.983059 0.000000 0.002545 0.002546 1 0 1.000000
  0 -1.726585 -1.635015 6.279914 -0.726111 -0.687578 0.000000 0.392494 0.102036 1 0 1.000000
  0 -1.726586 -1.635015 0.519832 -0.726111 -0.687578 0.000000 0.002545 0.102037 1 0 1.000000
w_rgmine
  0 -1.726586 -1.635015 0.519832 -0.726111 -0.687578 0.000000 0.002545 0.102037 1 0 1.000000
  0 -1.726585 -1.635015 6.279914 -0.726111 -0.687578 0.000000 0.392494 0.102036 1 0 1.000000
  0 -2.357851 -0.307883 6.279914 -0.991584 -0.129465 0.000000 0.392494 0.201527 1 0 1.000000
w_rgmine
  0 -1.726586 -1.635015 0.519832 -0.726111 -0.687578 0.000000 0.002545 0.102037 1 0 1.000000
  0 -2.357851 -0.307883 6.279914 -0.991584 -0.129465 0.000000 0.392494 0.201527 1 0 1.000000
  0 -2.357852 -0.307883 0.519832 -0.991584 -0.129465 0.000000 0.002546 0.201528 1 0 1.000000
w_rgmine
  0 -2.357852 -0.307883 0.519832 -0.991584 -0.129465 0.000000 0.002546 0.201528 1 0 1.000000
  0 -2.357851 -0.307883 6.279914 -0.991584 -0.129465 0.000000 0.392494 0.201527 1 0 1.000000
  0 -2.088487 1.136838 6.279914 -0.878306 0.478099 0.000000 0.392494 0.301017 1 0 1.000000
w_rgmine
  0 -2.357852 -0.307883 0.519832 -0.991584 -0.129465 0.000000 0.002546 0.201528 1 0 1.000000
  0 -2.088487 1.136838 6.279914 -0.878306 0.478099 0.000000 0.392494 0.301017 1 0 1.000000
  0 -2.088488 1.136839 0.519832 -0.878306 0.478099 0.000000 0.002546 0.301019 1 0 1.000000
w_rgmine
  0 -2.088487 1.136838 6.279914 -0.878306 0.478099 0.000000 0.392494 0.301017 1 0 1.000000
  0 -1.021382 2.147315 0.519832 -0.429544 0.903046 0.000000 0.002546 0.400510 1 0 1.000000
  0 -2.088488 1.136839 0.519832 -0.878306 0.478099 0.000000 0.002546 0.301019 1 0 1.000000
w_rgmine
  0 -2.088487 1.136838 6.279914 -0.878306 0.478099 0.000000 0.392494 0.301017 1 0 1.000000
  0 -1.021381 2.147315 6.279914 -0.429544 0.903046 0.000000 0.392495 0.400508 1 0 1.000000
  0 -1.021382 2.147315 0.519832 -0.429544 0.903046 0.000000 0.002546 0.400510 1 0 1.000000
w_rgmine
  0 0.435868 2.337578 0.519832 0.183288 0.983059 0.000000 0.002547 0.500001 1 0 1.000000
  0 -1.021382 2.147315 0.519832 -0.429544 0.903046 0.000000 0.002546 0.400510 1 0 1.000000
  0 -1.021381 2.147315 6.279914 -0.429544 0.903046 0.000000 0.392495 0.400508 1 0 1.000000
w_rgmine
  0 0.435868 2.337578 0.519832 0.183288 0.983059 0.000000 0.002547 0.500001 1 0 1.000000
  0 -1.021381 2.147315 6.279914 -0.429544 0.903046 0.000000 0.392495 0.400508 1 0 1.000000
  0 0.435868 2.337578 6.279914 0.183288 0.983059 0.000000 0.392495 0.499999 1 0 1.000000
w_rgmine
  0 0.435868 2.337578 0.519832 0.183288 0.983059 0.000000 0.002547 0.500001 1 0 1.000000
  0 0.435868 2.337578 6.279914 0.183288 0.983059 0.000000 0.392495 0.499999 1 0 1.000000
  0 1.726640 1.634956 6.279913 0.726110 0.687578 0.000000 0.392496 0.599490 1 0 1.000000
w_rgmine
  0 0.435868 2.337578 0.519832 0.183288 0.983059 0.000000 0.002547 0.500001 1 0 1.000000
  0 1.726640 1.634956 6.279913 0.726110 0.687578 0.000000 0.392496 0.599490 1 0 1.000000
  0 1.726639 1.634957 0.519831 0.726110 0.687578 0.000000 0.002547 0.599491 1 0 1.000000
w_rgmine
  0 1.726639 1.634957 0.519831 0.726110 0.687578 0.000000 0.002547 0.599491 1 0 1.000000
  0 1.726640 1.634956 6.279913 0.726110 0.687578 0.000000 0.392496 0.599490 1 0 1.000000
  0 2.357908 0.307824 6.279913 0.991584 0.129466 0.000000 0.392496 0.698981 1 0 1.000000
w_rgmine
  0 1.726639 1.634957 0.519831 0.726110 0.687578 0.000000 0.002547 0.599491 1 0 1.000000
  0 2.357908 0.307824 6.279913 0.991584 0.129466 0.000000 0.392496 0.698981 1 0 1.000000
  0 2.357907 0.307825 0.519831 0.991584 0.129466 0.000000 0.002547 0.698982 1 0 1.000000
w_rgmine
  0 2.357908 0.307824 6.279913 0.991584 0.129466 0.000000 0.392496 0.698981 1 0 1.000000
  0 2.088545 -1.136898 0.519831 0.878306 -0.478099 0.000000 0.002548 0.798473 1 0 1.000000
  0 2.357907 0.307825 0.519831 0.991584 0.129466 0.000000 0.002547 0.698982 1 0 1.000000
w_rgmine
  0 2.357908 0.307824 6.279913 0.991584 0.129466 0.000000 0.392496 0.698981 1 0 1.000000
  0 2.088546 -1.136898 6.279913 0.878306 -0.478099 0.000000 0.392496 0.798472 1 0 1.000000
  0 2.088545 -1.136898 0.519831 0.878306 -0.478099 0.000000 0.002548 0.798473 1 0 1.000000
w_rgmine
  0 2.088545 -1.136898 0.519831 0.878306 -0.478099 0.000000 0.002548 0.798473 1 0 1.000000
  0 2.088546 -1.136898 6.279913 0.878306 -0.478099 0.000000 0.392496 0.798472 1 0 1.000000
  0 1.021439 -2.147375 6.279913 0.429544 -0.903046 0.000000 0.392497 0.897963 1 0 1.000000
w_rgmine
  0 2.088545 -1.136898 0.519831 0.878306 -0.478099 0.000000 0.002548 0.798473 1 0 1.000000
  0 1.021439 -2.147375 6.279913 0.429544 -0.903046 0.000000 0.392497 0.897963 1 0 1.000000
  0 1.021439 -2.147375 0.519831 0.429544 -0.903046 0.000000 0.002548 0.897964 1 0 1.000000
w_rgmine
  0 1.021439 -2.147375 6.279913 0.429544 -0.903046 0.000000 0.392497 0.897963 1 0 1.000000
  0 -0.435811 -2.337638 0.519832 -0.183288 -0.983059 0.000000 0.002549 0.997455 1 0 1.000000
  0 1.021439 -2.147375 0.519831 0.429544 -0.903046 0.000000 0.002548 0.897964 1 0 1.000000
w_rgmine
  0 1.021439 -2.147375 6.279913 0.429544 -0.903046 0.000000 0.392497 0.897963 1 0 1.000000
  0 -0.435811 -2.337639 6.279914 -0.183288 -0.983059 0.000000 0.392497 0.997454 1 0 1.000000
  0 -0.435811 -2.337638 0.519832 -0.183288 -0.983059 0.000000 0.002549 0.997455 1 0 1.000000
w_rgmine
  0 -0.351955 0.671843 8.261415 0.324775 0.002899 0.945787 0.494063 0.792371 1 0 1.000000
  0 -0.297530 0.503351 8.178593 0.951130 0.040711 -0.306095 0.487764 0.803531 1 0 1.000000
  0 -0.313028 0.678703 8.181779 0.942963 0.088486 -0.320922 0.488247 0.791999 1 0 1.000000
w_rgmine
  0 -0.351955 0.671843 8.261415 0.324775 0.002899 0.945787 0.494063 0.792371 1 0 1.000000
  0 -0.335626 0.498829 8.256244 0.324588 -0.038573 0.945069 0.493438 0.803752 1 0 1.000000
  0 -0.297530 0.503351 8.178593 0.951130 0.040711 -0.306095 0.487764 0.803531 1 0 1.000000
w_rgmine
  0 -0.338812 0.388899 8.249402 0.324588 -0.038573 0.945069 0.493223 0.810972 1 0 1.000000
  0 -0.297530 0.503351 8.178593 0.951130 0.040711 -0.306095 0.487764 0.803531 1 0 1.000000
  0 -0.335626 0.498829 8.256244 0.324588 -0.038573 0.945069 0.493438 0.803752 1 0 1.000000
w_rgmine
  0 -0.338812 0.388899 8.249402 0.324588 -0.038573 0.945069 0.493223 0.810972 1 0 1.000000
  0 -0.300739 0.390762 8.171611 0.941468 -0.007597 -0.337017 0.487544 0.810926 1 0 1.000000
  0 -0.297530 0.503351 8.178593 0.951130 0.040711 -0.306095 0.487764 0.803531 1 0 1.000000
w_rgmine
  0 -0.338812 0.388899 8.249402 0.324588 -0.038573 0.945069 0.493223 0.810972 1 0 1.000000
  0 -0.312062 -0.564173 8.166178 0.936383 -0.225922 -0.268599 0.488386 0.873529 1 0 1.000000
  0 -0.300739 0.390762 8.171611 0.941468 -0.007597 -0.337017 0.487544 0.810926 1 0 1.000000
w_rgmine
  0 -0.338812 0.388899 8.249402 0.324588 -0.038573 0.945069 0.493223 0.810972 1 0 1.000000
  0 -0.349701 -0.563836 8.244179 0.373858 -0.221768 0.900583 0.494063 0.873430 1 0 1.000000
  0 -0.312062 -0.564173 8.166178 0.936383 -0.225922 -0.268599 0.488386 0.873529 1 0 1.000000
w_rgmine
  0 0.151377 -0.365457 7.745330 0.382664 -0.923833 -0.010036 0.588231 0.918791 1 0 1.000000
  0 -0.151378 -0.365457 7.745330 -0.382665 -0.923833 -0.010037 0.588764 0.938631 1 0 1.000000
  0 -0.148726 -0.359056 7.055034 -0.382665 -0.923833 -0.010037 0.633999 0.937241 1 0 1.000000
w_rgmine
  0 0.151377 -0.365457 7.745330 0.382664 -0.923833 -0.010036 0.588231 0.918791 1 0 1.000000
  0 -0.148726 -0.359056 7.055034 -0.382665 -0.923833 -0.010037 0.633999 0.937241 1 0 1.000000
  0 0.148726 -0.359056 7.055034 0.382664 -0.923833 -0.010036 0.633475 0.917748 1 0 1.000000
w_rgmine
  0 0.365457 -0.151377 7.745330 0.923880 -0.382683 0.000000 0.587850 0.898947 1 0 1.000000
  0 0.151377 -0.365457 7.745330 0.382664 -0.923833 -0.010036 0.588231 0.918791 1 0 1.000000
  0 0.148726 -0.359056 7.055034 0.382664 -0.923833 -0.010036 0.633475 0.917748 1 0 1.000000
w_rgmine
  0 0.365457 -0.151377 7.745330 0.923880 -0.382683 0.000000 0.587850 0.898947 1 0 1.000000
  0 0.148726 -0.359056 7.055034 0.382664 -0.923833 -0.010036 0.633475 0.917748 1 0 1.000000
  0 0.359056 -0.148725 7.055034 0.923880 -0.382683 0.000000 0.633101 0.898251 1 0 1.000000
w_rgmine
  0 0.365457 -0.151377 7.745330 0.923880 -0.382683 0.000000 0.587850 0.898947 1 0 1.000000
  0 0.359056 -0.148725 7.055034 0.923880 -0.382683 0.000000 0.633101 0.898251 1 0 1.000000
  0 0.359056 0.148726 7.055034 0.923879 0.382684 0.000000 0.632876 0.878752 1 0 1.000000
w_rgmine
  0 0.365457 -0.151377 7.745330 0.923880 -0.382683 0.000000 0.587850 0.898947 1 0 1.000000
  0 0.359056 0.148726 7.055034 0.923879 0.382684 0.000000 0.632876 0.878752 1 0 1.000000
  0 0.365457 0.151378 7.745330 0.923879 0.382684 0.000000 0.587621 0.879100 1 0 1.000000
w_rgmine
  0 0.148726 0.359056 7.055034 0.382664 0.923833 -0.010037 0.632801 0.859252 1 0 1.000000
  0 0.365457 0.151378 7.745330 0.923879 0.382684 0.000000 0.587621 0.879100 1 0 1.000000
  0 0.359056 0.148726 7.055034 0.923879 0.382684 0.000000 0.632876 0.878752 1 0 1.000000
w_rgmine
  0 0.148726 0.359056 7.055034 0.382664 0.923833 -0.010037 0.632801 0.859252 1 0 1.000000
  0 0.151377 0.365458 7.745331 0.382664 0.923833 -0.010037 0.587545 0.859252 1 0 1.000000
  0 0.365457 0.151378 7.745330 0.923879 0.382684 0.000000 0.587621 0.879100 1 0 1.000000
w_rgmine
  0 -0.151378 0.365458 7.745331 -0.382684 0.923879 0.000000 0.587621 0.839404 1 0 1.000000
  0 0.151377 0.365458 7.745331 0.382664 0.923833 -0.010037 0.587545 0.859252 1 0 1.000000
  0 0.148726 0.359056 7.055034 0.382664 0.923833 -0.010037 0.632801 0.859252 1 0 1.000000
w_rgmine
  0 -0.151378 0.365458 7.745331 -0.382684 0.923879 0.000000 0.587621 0.839404 1 0 1.000000
  0 0.148726 0.359056 7.055034 0.382664 0.923833 -0.010037 0.632801 0.859252 1 0 1.000000
  0 -0.148726 0.359056 7.055034 -0.382684 0.923879 0.000000 0.632876 0.839752 1 0 1.000000
w_rgmine
  0 -0.365458 0.151378 7.745330 -0.923879 0.382684 0.000000 0.587850 0.819558 1 0 1.000000
  0 -0.151378 0.365458 7.745331 -0.382684 0.923879 0.000000 0.587621 0.839404 1 0 1.000000
  0 -0.148726 0.359056 7.055034 -0.382684 0.923879 0.000000 0.632876 0.839752 1 0 1.000000
w_rgmine
  0 -0.365458 0.151378 7.745330 -0.923879 0.382684 0.000000 0.587850 0.819558 1 0 1.000000
  0 -0.148726 0.359056 7.055034 -0.382684 0.923879 0.000000 0.632876 0.839752 1 0 1.000000
  0 -0.359056 0.148726 7.055034 -0.923879 0.382684 0.000000 0.633101 0.820253 1 0 1.000000
w_rgmine
  0 -0.359056 -0.148725 7.055034 -0.923833 -0.382664 -0.010038 0.633476 0.800757 1 0 1.000000
  0 -0.365458 0.151378 7.745330 -0.923879 0.382684 0.000000 0.587850 0.819558 1 0 1.000000
  0 -0.359056 0.148726 7.055034 -0.923879 0.382684 0.000000 0.633101 0.820253 1 0 1.000000
w_rgmine
  0 -0.359056 -0.148725 7.055034 -0.923833 -0.382664 -0.010038 0.633476 0.800757 1 0 1.000000
  0 -0.365458 -0.151377 7.745330 -0.923833 -0.382664 -0.010038 0.588231 0.799714 1 0 1.000000
  0 -0.365458 0.151378 7.745330 -0.923879 0.382684 0.000000 0.587850 0.819558 1 0 1.000000
w_rgmine
  0 -0.148726 -0.359056 7.055034 -0.382665 -0.923833 -0.010037 0.634000 0.781264 1 0 1.000000
  0 -0.365458 -0.151377 7.745330 -0.923833 -0.382664 -0.010038 0.588231 0.799714 1 0 1.000000
  0 -0.359056 -0.148725 7.055034 -0.923833 -0.382664 -0.010038 0.633476 0.800757 1 0 1.000000
w_rgmine
  0 -0.148726 -0.359056 7.055034 -0.382665 -0.923833 -0.010037 0.634000 0.781264 1 0 1.000000
  0 -0.151378 -0.365457 7.745330 -0.382665 -0.923833 -0.010037 0.588765 0.779873 1 0 1.000000
  0 -0.365458 -0.151377 7.745330 -0.923833 -0.382664 -0.010038 0.588231 0.799714 1 0 1.000000
w_rgmine
  0 2.499380 0.326296 6.323001 0.830948 0.108492 -0.545669 0.735236 0.541302 1 0 1.000000
  0 2.088546 -1.136898 6.279913 0.253928 -0.138221 -0.957296 0.724842 0.636213 1 0 1.000000
  0 2.357908 0.307824 6.279913 0.286673 0.037429 -0.957297 0.726135 0.544136 1 0 1.000000
w_rgmine
  0 2.499380 0.326296 6.323001 0.830948 0.108492 -0.545669 0.735236 0.541302 1 0 1.000000
  0 2.213855 -1.205112 6.323001 0.736022 -0.400648 -0.545668 0.734691 0.639601 1 0 1.000000
  0 2.088546 -1.136898 6.279913 0.253928 -0.138221 -0.957296 0.724842 0.636213 1 0 1.000000
w_rgmine
  0 2.499380 0.326296 6.659445 0.991584 0.129466 0.000000 0.759701 0.534789 1 0 1.000000
  0 2.213855 -1.205112 6.323001 0.736022 -0.400648 -0.545668 0.734691 0.639601 1 0 1.000000
  0 2.499380 0.326296 6.323001 0.830948 0.108492 -0.545669 0.735236 0.541302 1 0 1.000000
w_rgmine
  0 2.499380 0.326296 6.323001 0.830948 0.108492 -0.545669 0.735236 0.541302 1 0 1.000000
  0 1.830236 1.733056 6.659445 0.726110 0.687578 0.000000 0.694879 0.436941 1 0 1.000000
  0 2.499380 0.326296 6.659445 0.991584 0.129466 0.000000 0.759701 0.534789 1 0 1.000000
w_rgmine
  0 2.499380 0.326296 6.323001 0.830948 0.108492 -0.545669 0.735236 0.541302 1 0 1.000000
  0 1.830236 1.733056 6.323001 0.608480 0.576191 -0.545670 0.678127 0.459360 1 0 1.000000
  0 1.830236 1.733056 6.659445 0.726110 0.687578 0.000000 0.694879 0.436941 1 0 1.000000
w_rgmine
  0 0.462016 2.477835 6.323002 0.153595 0.823805 -0.545669 0.581542 0.426292 1 0 1.000000
  0 1.830236 1.733056 6.659445 0.726110 0.687578 0.000000 0.694879 0.436941 1 0 1.000000
  0 1.830236 1.733056 6.323001 0.608480 0.576191 -0.545670 0.678127 0.459360 1 0 1.000000
w_rgmine
  0 0.462016 2.477835 6.323002 0.153595 0.823805 -0.545669 0.581542 0.426292 1 0 1.000000
  0 0.462016 2.477835 6.659445 0.183288 0.983059 0.000000 0.580897 0.400228 1 0 1.000000
  0 1.830236 1.733056 6.659445 0.726110 0.687578 0.000000 0.694879 0.436941 1 0 1.000000
w_rgmine
  0 -1.082666 2.276155 6.323002 -0.359960 0.756753 -0.545669 0.485433 0.456523 1 0 1.000000
  0 0.462016 2.477835 6.659445 0.183288 0.983059 0.000000 0.580897 0.400228 1 0 1.000000
  0 0.462016 2.477835 6.323002 0.153595 0.823805 -0.545669 0.581542 0.426292 1 0 1.000000
w_rgmine
  0 -1.082666 2.276155 6.323002 -0.359960 0.756753 -0.545669 0.485433 0.456523 1 0 1.000000
  0 -1.082666 2.276155 6.659445 -0.429544 0.903046 0.000000 0.469858 0.436286 1 0 1.000000
  0 0.462016 2.477835 6.659445 0.183288 0.983059 0.000000 0.580897 0.400228 1 0 1.000000
w_rgmine
  0 -2.213799 1.205050 6.323002 -0.736020 0.400648 -0.545670 0.426484 0.536445 1 0 1.000000
  0 -1.082666 2.276155 6.659445 -0.429544 0.903046 0.000000 0.469858 0.436286 1 0 1.000000
  0 -1.082666 2.276155 6.323002 -0.359960 0.756753 -0.545669 0.485433 0.456523 1 0 1.000000
w_rgmine
  0 -2.213799 1.205050 6.323002 -0.736020 0.400648 -0.545670 0.426484 0.536445 1 0 1.000000
  0 -2.213799 1.205050 6.659446 -0.878306 0.478099 0.000000 0.402545 0.529345 1 0 1.000000
  0 -1.082666 2.276155 6.659445 -0.429544 0.903046 0.000000 0.469858 0.436286 1 0 1.000000
w_rgmine
  0 -2.499324 -0.326355 6.323002 -0.830948 -0.108492 -0.545669 0.424701 0.634220 1 0 1.000000
  0 -2.213799 1.205050 6.659446 -0.878306 0.478099 0.000000 0.402545 0.529345 1 0 1.000000
  0 -2.213799 1.205050 6.323002 -0.736020 0.400648 -0.545670 0.426484 0.536445 1 0 1.000000
w_rgmine
  0 -2.499324 -0.326355 6.323002 -0.830948 -0.108492 -0.545669 0.424701 0.634220 1 0 1.000000
  0 -2.499324 -0.326355 6.659446 -0.991584 -0.129465 0.000000 0.402545 0.640940 1 0 1.000000
  0 -2.213799 1.205050 6.659446 -0.878306 0.478099 0.000000 0.402545 0.529345 1 0 1.000000
w_rgmine
  0 -2.499324 -0.326355 6.323002 -0.830948 -0.108492 -0.545669 0.424701 0.634220 1 0 1.000000
  0 -1.830181 -1.733114 6.659445 -0.726111 -0.687578 0.000000 0.464730 0.734733 1 0 1.000000
  0 -2.499324 -0.326355 6.659446 -0.991584 -0.129465 0.000000 0.402545 0.640940 1 0 1.000000
w_rgmine
  0 -2.499324 -0.326355 6.323002 -0.830948 -0.108492 -0.545669 0.424701 0.634220 1 0 1.000000
  0 -1.830181 -1.733114 6.323002 -0.608482 -0.576191 -0.545668 0.480989 0.715023 1 0 1.000000
  0 -1.830181 -1.733114 6.659445 -0.726111 -0.687578 0.000000 0.464730 0.734733 1 0 1.000000
w_rgmine
  0 -1.830181 -1.733114 6.323002 -0.608482 -0.576191 -0.545668 0.480989 0.715023 1 0 1.000000
  0 -0.461958 -2.477896 6.659445 -0.183288 -0.983059 0.000000 0.576274 0.776866 1 0 1.000000
  0 -1.830181 -1.733114 6.659445 -0.726111 -0.687578 0.000000 0.464730 0.734733 1 0 1.000000
w_rgmine
  0 -1.830181 -1.733114 6.323002 -0.608482 -0.576191 -0.545668 0.480989 0.715023 1 0 1.000000
  0 -0.461958 -2.477896 6.323002 -0.153595 -0.823805 -0.545669 0.576891 0.748685 1 0 1.000000
  0 -0.461958 -2.477896 6.659445 -0.183288 -0.983059 0.000000 0.576274 0.776866 1 0 1.000000
w_rgmine
  0 1.082726 -2.276215 6.323001 0.359959 -0.756752 -0.545670 0.674361 0.719209 1 0 1.000000
  0 -0.461958 -2.477896 6.659445 -0.183288 -0.983059 0.000000 0.576274 0.776866 1 0 1.000000
  0 -0.461958 -2.477896 6.323002 -0.153595 -0.823805 -0.545669 0.576891 0.748685 1 0 1.000000
w_rgmine
  0 1.082726 -2.276215 6.323001 0.359959 -0.756752 -0.545670 0.674361 0.719209 1 0 1.000000
  0 1.082726 -2.276215 6.659445 0.429544 -0.903046 0.000000 0.689969 0.739728 1 0 1.000000
  0 -0.461958 -2.477896 6.659445 -0.183288 -0.983059 0.000000 0.576274 0.776866 1 0 1.000000
w_rgmine
  0 2.213855 -1.205112 6.323001 0.736022 -0.400648 -0.545668 0.734691 0.639601 1 0 1.000000
  0 1.082726 -2.276215 6.659445 0.429544 -0.903046 0.000000 0.689969 0.739728 1 0 1.000000
  0 1.082726 -2.276215 6.323001 0.359959 -0.756752 -0.545670 0.674361 0.719209 1 0 1.000000
w_rgmine
  0 2.213855 -1.205112 6.323001 0.736022 -0.400648 -0.545668 0.734691 0.639601 1 0 1.000000
  0 2.213855 -1.205112 6.659445 0.878306 -0.478099 0.000000 0.756844 0.647161 1 0 1.000000
  0 1.082726 -2.276215 6.659445 0.429544 -0.903046 0.000000 0.689969 0.739728 1 0 1.000000
w_rgmine
  0 2.499380 0.326296 6.659445 0.991584 0.129466 0.000000 0.759701 0.534789 1 0 1.000000
  0 2.213855 -1.205112 6.659445 0.878306 -0.478099 0.000000 0.756844 0.647161 1 0 1.000000
  0 2.213855 -1.205112 6.323001 0.736022 -0.400648 -0.545668 0.734691 0.639601 1 0 1.000000
w_rgmine
  0 2.499380 0.326296 6.323001 0.830948 0.108492 -0.545669 0.735236 0.541302 1 0 1.000000
  0 2.357908 0.307824 6.279913 0.286673 0.037429 -0.957297 0.726135 0.544136 1 0 1.000000
  0 1.726640 1.634956 6.279913 0.209923 0.198784 -0.957297 0.671975 0.467464 1 0 1.000000
w_rgmine
  0 2.499380 0.326296 6.323001 0.830948 0.108492 -0.545669 0.735236 0.541302 1 0 1.000000
  0 1.726640 1.634956 6.279913 0.209923 0.198784 -0.957297 0.671975 0.467464 1 0 1.000000
  0 1.830236 1.733056 6.323001 0.608480 0.576191 -0.545670 0.678127 0.459360 1 0 1.000000
w_rgmine
  0 1.830236 1.733056 6.323001 0.608480 0.576191 -0.545670 0.678127 0.459360 1 0 1.000000
  0 1.726640 1.634956 6.279913 0.209923 0.198784 -0.957297 0.671975 0.467464 1 0 1.000000
  0 0.435868 2.337578 6.279914 0.052991 0.284210 -0.957297 0.581313 0.436523 1 0 1.000000
w_rgmine
  0 1.830236 1.733056 6.323001 0.608480 0.576191 -0.545670 0.678127 0.459360 1 0 1.000000
  0 0.435868 2.337578 6.279914 0.052991 0.284210 -0.957297 0.581313 0.436523 1 0 1.000000
  0 0.462016 2.477835 6.323002 0.153595 0.823805 -0.545669 0.581542 0.426292 1 0 1.000000
w_rgmine
  0 0.462016 2.477835 6.323002 0.153595 0.823805 -0.545669 0.581542 0.426292 1 0 1.000000
  0 0.435868 2.337578 6.279914 0.052991 0.284210 -0.957297 0.581313 0.436523 1 0 1.000000
  0 -1.021381 2.147315 6.279914 -0.124186 0.261077 -0.957296 0.491197 0.464786 1 0 1.000000
w_rgmine
  0 0.462016 2.477835 6.323002 0.153595 0.823805 -0.545669 0.581542 0.426292 1 0 1.000000
  0 -1.021381 2.147315 6.279914 -0.124186 0.261077 -0.957296 0.491197 0.464786 1 0 1.000000
  0 -1.082666 2.276155 6.323002 -0.359960 0.756753 -0.545669 0.485433 0.456523 1 0 1.000000
w_rgmine
  0 -1.082666 2.276155 6.323002 -0.359960 0.756753 -0.545669 0.485433 0.456523 1 0 1.000000
  0 -1.021381 2.147315 6.279914 -0.124186 0.261077 -0.957296 0.491197 0.464786 1 0 1.000000
  0 -2.088487 1.136838 6.279914 -0.253922 0.138222 -0.957297 0.435824 0.539718 1 0 1.000000
w_rgmine
  0 -1.082666 2.276155 6.323002 -0.359960 0.756753 -0.545669 0.485433 0.456523 1 0 1.000000
  0 -2.088487 1.136838 6.279914 -0.253922 0.138222 -0.957297 0.435824 0.539718 1 0 1.000000
  0 -2.213799 1.205050 6.323002 -0.736020 0.400648 -0.545670 0.426484 0.536445 1 0 1.000000
w_rgmine
  0 -2.213799 1.205050 6.323002 -0.736020 0.400648 -0.545670 0.426484 0.536445 1 0 1.000000
  0 -2.088487 1.136838 6.279914 -0.253922 0.138222 -0.957297 0.435824 0.539718 1 0 1.000000
  0 -2.357851 -0.307883 6.279914 -0.286675 -0.037429 -0.957296 0.434185 0.631416 1 0 1.000000
w_rgmine
  0 -2.213799 1.205050 6.323002 -0.736020 0.400648 -0.545670 0.426484 0.536445 1 0 1.000000
  0 -2.357851 -0.307883 6.279914 -0.286675 -0.037429 -0.957296 0.434185 0.631416 1 0 1.000000
  0 -2.499324 -0.326355 6.323002 -0.830948 -0.108492 -0.545669 0.424701 0.634220 1 0 1.000000
w_rgmine
  0 -2.499324 -0.326355 6.323002 -0.830948 -0.108492 -0.545669 0.424701 0.634220 1 0 1.000000
  0 -2.357851 -0.307883 6.279914 -0.286675 -0.037429 -0.957296 0.434185 0.631416 1 0 1.000000
  0 -1.726585 -1.635015 6.279914 -0.209928 -0.198784 -0.957296 0.487123 0.707035 1 0 1.000000
w_rgmine
  0 -2.499324 -0.326355 6.323002 -0.830948 -0.108492 -0.545669 0.424701 0.634220 1 0 1.000000
  0 -1.726585 -1.635015 6.279914 -0.209928 -0.198784 -0.957296 0.487123 0.707035 1 0 1.000000
  0 -1.830181 -1.733114 6.323002 -0.608482 -0.576191 -0.545668 0.480989 0.715023 1 0 1.000000
w_rgmine
  0 -1.830181 -1.733114 6.323002 -0.608482 -0.576191 -0.545668 0.480989 0.715023 1 0 1.000000
  0 -1.726585 -1.635015 6.279914 -0.209928 -0.198784 -0.957296 0.487123 0.707035 1 0 1.000000
  0 -0.435811 -2.337639 6.279914 -0.052992 -0.284210 -0.957296 0.577199 0.738440 1 0 1.000000
w_rgmine
  0 -1.830181 -1.733114 6.323002 -0.608482 -0.576191 -0.545668 0.480989 0.715023 1 0 1.000000
  0 -0.435811 -2.337639 6.279914 -0.052992 -0.284210 -0.957296 0.577199 0.738440 1 0 1.000000
  0 -0.461958 -2.477896 6.323002 -0.153595 -0.823805 -0.545669 0.576891 0.748685 1 0 1.000000
w_rgmine
  0 -0.461958 -2.477896 6.323002 -0.153595 -0.823805 -0.545669 0.576891 0.748685 1 0 1.000000
  0 -0.435811 -2.337639 6.279914 -0.052992 -0.284210 -0.957296 0.577199 0.738440 1 0 1.000000
  0 1.021439 -2.147375 6.279913 0.124182 -0.261077 -0.957297 0.668640 0.710821 1 0 1.000000
w_rgmine
  0 -0.461958 -2.477896 6.323002 -0.153595 -0.823805 -0.545669 0.576891 0.748685 1 0 1.000000
  0 1.021439 -2.147375 6.279913 0.124182 -0.261077 -0.957297 0.668640 0.710821 1 0 1.000000
  0 1.082726 -2.276215 6.323001 0.359959 -0.756752 -0.545670 0.674361 0.719209 1 0 1.000000
w_rgmine
  0 1.082726 -2.276215 6.323001 0.359959 -0.756752 -0.545670 0.674361 0.719209 1 0 1.000000
  0 1.021439 -2.147375 6.279913 0.124182 -0.261077 -0.957297 0.668640 0.710821 1 0 1.000000
  0 2.088546 -1.136898 6.279913 0.253928 -0.138221 -0.957296 0.724842 0.636213 1 0 1.000000
w_rgmine
  0 1.082726 -2.276215 6.323001 0.359959 -0.756752 -0.545670 0.674361 0.719209 1 0 1.000000
  0 2.088546 -1.136898 6.279913 0.253928 -0.138221 -0.957296 0.724842 0.636213 1 0 1.000000
  0 2.213855 -1.205112 6.323001 0.736022 -0.400648 -0.545668 0.734691 0.639601 1 0 1.000000
w_rgmine
  0 -0.270978 0.389008 8.179253 0.941468 -0.007597 -0.337017 0.493503 0.002662 1 0 1.000000
  0 -0.304954 -0.540119 8.265157 0.216159 0.187355 0.958214 0.432545 0.008223 1 0 1.000000
  0 -0.268269 -0.540682 8.186705 0.874463 0.179672 -0.450592 0.432553 0.002545 1 0 1.000000
w_rgmine
  0 -0.270978 0.389008 8.179253 0.941468 -0.007597 -0.337017 0.493503 0.002662 1 0 1.000000
  0 -0.307850 0.390348 8.257611 0.324775 0.002899 0.945787 0.493546 0.008340 1 0 1.000000
  0 -0.304954 -0.540119 8.265157 0.216159 0.187355 0.958214 0.432545 0.008223 1 0 1.000000
w_rgmine
  0 -0.270978 0.389008 8.179253 0.941468 -0.007597 -0.337017 0.493503 0.002662 1 0 1.000000
  0 -0.305088 0.496498 8.255985 0.324588 -0.038573 0.945069 0.500507 0.008222 1 0 1.000000
  0 -0.307850 0.390348 8.257611 0.324775 0.002899 0.945787 0.493546 0.008340 1 0 1.000000
w_rgmine
  0 -0.270978 0.389008 8.179253 0.941468 -0.007597 -0.337017 0.493503 0.002662 1 0 1.000000
  0 -0.268251 0.494611 8.177625 0.934119 -0.067136 -0.350593 0.500428 0.002545 1 0 1.000000
  0 -0.305088 0.496498 8.255985 0.324588 -0.038573 0.945069 0.500507 0.008222 1 0 1.000000
w_rgmine
  0 -0.256033 0.642958 8.184646 0.934119 -0.067136 -0.350593 0.510196 0.002697 1 0 1.000000
  0 -0.305088 0.496498 8.255985 0.324588 -0.038573 0.945069 0.500507 0.008222 1 0 1.000000
  0 -0.268251 0.494611 8.177625 0.934119 -0.067136 -0.350593 0.500428 0.002545 1 0 1.000000
w_rgmine
  0 -0.256033 0.642958 8.184646 0.934119 -0.067136 -0.350593 0.510196 0.002697 1 0 1.000000
  0 -0.289078 0.644569 8.259781 0.324588 -0.038573 0.945069 0.510273 0.008079 1 0 1.000000
  0 -0.305088 0.496498 8.255985 0.324588 -0.038573 0.945069 0.500507 0.008222 1 0 1.000000
w_rgmine
  0 -0.708870 -0.763437 8.698874 0.439110 -0.876790 -0.196015 0.434224 0.402659 1 0 1.000000
  0 -1.048251 -0.922250 8.861691 -0.104802 0.121690 0.987020 0.440262 0.427468 1 0 1.000000
  0 -1.010435 -0.972244 8.785448 0.587974 -0.775514 -0.229922 0.434296 0.427489 1 0 1.000000
w_rgmine
  0 -0.708870 -0.763437 8.698874 0.439110 -0.876790 -0.196015 0.434224 0.402659 1 0 1.000000
  0 -0.713092 -0.691014 8.765804 0.292331 0.386270 0.874836 0.440871 0.402707 1 0 1.000000
  0 -1.048251 -0.922250 8.861691 -0.104802 0.121690 0.987020 0.440262 0.427468 1 0 1.000000
w_rgmine
  0 -0.456865 -0.620682 8.445996 0.350143 -0.921656 -0.167180 0.434873 0.376703 1 0 1.000000
  0 -0.713092 -0.691014 8.765804 0.292331 0.386270 0.874836 0.440871 0.402707 1 0 1.000000
  0 -0.708870 -0.763437 8.698874 0.439110 -0.876790 -0.196015 0.434224 0.402659 1 0 1.000000
w_rgmine
  0 -0.456865 -0.620682 8.445996 0.350143 -0.921656 -0.167180 0.434873 0.376703 1 0 1.000000
  0 -0.434336 -0.537501 8.484999 0.468087 0.492573 0.733667 0.440849 0.375500 1 0 1.000000
  0 -0.713092 -0.691014 8.765804 0.292331 0.386270 0.874836 0.440871 0.402707 1 0 1.000000
w_rgmine
  0 -0.456865 -0.620682 8.445996 0.350143 -0.921656 -0.167180 0.434873 0.376703 1 0 1.000000
  0 -0.766604 -0.684162 8.683148 -0.656009 0.585479 -0.476305 0.427604 0.402512 1 0 1.000000
  0 -0.511636 -0.545086 8.430970 -0.698515 0.560597 -0.444756 0.428464 0.376432 1 0 1.000000
w_rgmine
  0 -0.456865 -0.620682 8.445996 0.350143 -0.921656 -0.167180 0.434873 0.376703 1 0 1.000000
  0 -0.708870 -0.763437 8.698874 0.439110 -0.876790 -0.196015 0.434224 0.402659 1 0 1.000000
  0 -0.766604 -0.684162 8.683148 -0.656009 0.585479 -0.476305 0.427604 0.402512 1 0 1.000000
w_rgmine
  0 -0.708870 -0.763437 8.698874 0.439110 -0.876790 -0.196015 0.434224 0.402659 1 0 1.000000
  0 -1.068186 -0.893016 8.769548 -0.507697 0.682329 -0.525995 0.427852 0.427450 1 0 1.000000
  0 -0.766604 -0.684162 8.683148 -0.656009 0.585479 -0.476305 0.427604 0.402512 1 0 1.000000
w_rgmine
  0 -0.708870 -0.763437 8.698874 0.439110 -0.876790 -0.196015 0.434224 0.402659 1 0 1.000000
  0 -1.010435 -0.972244 8.785448 0.587974 -0.775514 -0.229922 0.434296 0.427489 1 0 1.000000
  0 -1.068186 -0.893016 8.769548 -0.507697 0.682329 -0.525995 0.427852 0.427450 1 0 1.000000
w_rgmine
  0 -1.010435 -0.972244 8.785448 0.587974 -0.775514 -0.229922 0.434296 0.427489 1 0 1.000000
  0 -1.350541 -1.124128 8.675205 -0.363980 0.794110 -0.486731 0.427545 0.452450 1 0 1.000000
  0 -1.068186 -0.893016 8.769548 -0.507697 0.682329 -0.525995 0.427852 0.427450 1 0 1.000000
w_rgmine
  0 -1.010435 -0.972244 8.785448 0.587974 -0.775514 -0.229922 0.434296 0.427489 1 0 1.000000
  0 -1.292843 -1.203360 8.691278 0.726824 -0.664137 -0.175067 0.433799 0.452651 1 0 1.000000
  0 -1.350541 -1.124128 8.675205 -0.363980 0.794110 -0.486731 0.427545 0.452450 1 0 1.000000
w_rgmine
  0 -1.010435 -0.972244 8.785448 0.587974 -0.775514 -0.229922 0.434296 0.427489 1 0 1.000000
  0 -1.362106 -1.178221 8.756952 -0.463307 -0.168839 0.869966 0.439877 0.454138 1 0 1.000000
  0 -1.292843 -1.203360 8.691278 0.726824 -0.664137 -0.175067 0.433799 0.452651 1 0 1.000000
w_rgmine
  0 -1.010435 -0.972244 8.785448 0.587974 -0.775514 -0.229922 0.434296 0.427489 1 0 1.000000
  0 -1.048251 -0.922250 8.861691 -0.104802 0.121690 0.987020 0.440262 0.427468 1 0 1.000000
  0 -1.362106 -1.178221 8.756952 -0.463307 -0.168839 0.869966 0.439877 0.454138 1 0 1.000000
w_rgmine
  0 -1.350541 -1.124128 8.675205 -0.363980 0.794110 -0.486731 0.447090 0.452690 1 0 1.000000
  0 -1.362106 -1.178221 8.756952 -0.463307 -0.168839 0.869966 0.439877 0.454138 1 0 1.000000
  0 -1.048251 -0.922250 8.861691 -0.104802 0.121690 0.987020 0.440262 0.427468 1 0 1.000000
w_rgmine
  0 -1.350541 -1.124128 8.675205 -0.363980 0.794110 -0.486731 0.447090 0.452690 1 0 1.000000
  0 -1.048251 -0.922250 8.861691 -0.104802 0.121690 0.987020 0.440262 0.427468 1 0 1.000000
  0 -1.068186 -0.893016 8.769548 -0.507697 0.682329 -0.525995 0.446780 0.427394 1 0 1.000000
w_rgmine
  0 -1.068186 -0.893016 8.769548 -0.507697 0.682329 -0.525995 0.446780 0.427394 1 0 1.000000
  0 -1.048251 -0.922250 8.861691 -0.104802 0.121690 0.987020 0.440262 0.427468 1 0 1.000000
  0 -0.713092 -0.691014 8.765804 0.292331 0.386270 0.874836 0.440871 0.402707 1 0 1.000000
w_rgmine
  0 -1.068186 -0.893016 8.769548 -0.507697 0.682329 -0.525995 0.446780 0.427394 1 0 1.000000
  0 -0.713092 -0.691014 8.765804 0.292331 0.386270 0.874836 0.440871 0.402707 1 0 1.000000
  0 -0.766604 -0.684162 8.683148 -0.656009 0.585479 -0.476305 0.446979 0.402674 1 0 1.000000
w_rgmine
  0 -0.434336 -0.537501 8.484999 0.468087 0.492573 0.733667 0.440849 0.375500 1 0 1.000000
  0 -0.766604 -0.684162 8.683148 -0.656009 0.585479 -0.476305 0.446979 0.402674 1 0 1.000000
  0 -0.713092 -0.691014 8.765804 0.292331 0.386270 0.874836 0.440871 0.402707 1 0 1.000000
w_rgmine
  0 -0.434336 -0.537501 8.484999 0.468087 0.492573 0.733667 0.440849 0.375500 1 0 1.000000
  0 -0.511636 -0.545086 8.430970 -0.698515 0.560597 -0.444756 0.447090 0.376777 1 0 1.000000
  0 -0.766604 -0.684162 8.683148 -0.656009 0.585479 -0.476305 0.446979 0.402674 1 0 1.000000
w_rgmine
  0 -0.369064 0.670275 8.252769 -0.941954 -0.078482 0.326441 0.509052 0.877627 1 0 1.000000
  0 -0.330137 0.677135 8.173135 -0.300640 0.009264 -0.953693 0.503235 0.878000 1 0 1.000000
  0 -0.319166 0.503298 8.167988 -0.323460 0.038497 -0.945458 0.502766 0.866586 1 0 1.000000
w_rgmine
  0 -0.369064 0.670275 8.252769 -0.941954 -0.078482 0.326441 0.509052 0.877627 1 0 1.000000
  0 -0.319166 0.503298 8.167988 -0.323460 0.038497 -0.945458 0.502766 0.866586 1 0 1.000000
  0 -0.357262 0.498776 8.245639 -0.941928 -0.036360 0.333841 0.508439 0.866364 1 0 1.000000
w_rgmine
  0 -0.319166 0.503298 8.167988 -0.323460 0.038497 -0.945458 0.502766 0.866586 1 0 1.000000
  0 -0.360416 0.389692 8.238835 -0.950046 0.008677 0.311988 0.508224 0.859199 1 0 1.000000
  0 -0.357262 0.498776 8.245639 -0.941928 -0.036360 0.333841 0.508439 0.866364 1 0 1.000000
w_rgmine
  0 -0.319166 0.503298 8.167988 -0.323460 0.038497 -0.945458 0.502766 0.866586 1 0 1.000000
  0 -0.322343 0.391555 8.161045 -0.323460 0.038497 -0.945458 0.502545 0.859247 1 0 1.000000
  0 -0.360416 0.389692 8.238835 -0.950046 0.008677 0.311988 0.508224 0.859199 1 0 1.000000
w_rgmine
  0 -0.360416 0.389692 8.238835 -0.950046 0.008677 0.311988 0.508224 0.859199 1 0 1.000000
  0 -0.322343 0.391555 8.161045 -0.323460 0.038497 -0.945458 0.502545 0.859247 1 0 1.000000
  0 -0.333583 -0.551628 8.155790 -0.253922 0.138222 -0.957297 0.503375 0.797414 1 0 1.000000
w_rgmine
  0 -0.360416 0.389692 8.238835 -0.950046 0.008677 0.311988 0.508224 0.859199 1 0 1.000000
  0 -0.333583 -0.551628 8.155790 -0.253922 0.138222 -0.957297 0.503375 0.797414 1 0 1.000000
  0 -0.371223 -0.551291 8.233790 -0.897629 0.156061 0.412197 0.509052 0.797512 1 0 1.000000
w_rgmine
  0 -1.088187 2.287762 0.000000 0.000000 0.000000 -1.000000 0.578237 0.446682 1 0 1.000000
  0 0.464374 2.490469 0.000000 0.000000 0.000000 -1.000000 0.658829 0.474994 1 0 1.000000
  0 0.000028 -0.000030 0.000000 0.000000 0.000000 -1.000000 0.574966 0.584856 1 0 1.000000
w_rgmine
  0 0.464374 2.490469 0.000000 0.000000 0.000000 -1.000000 0.658829 0.474994 1 0 1.000000
  0 1.839568 1.741893 -0.000001 0.000000 0.000000 -1.000000 0.707388 0.545269 1 0 1.000000
  0 0.000028 -0.000030 0.000000 0.000000 0.000000 -1.000000 0.574966 0.584856 1 0 1.000000
w_rgmine
  0 1.839568 1.741893 -0.000001 0.000000 0.000000 -1.000000 0.707388 0.545269 1 0 1.000000
  0 2.512124 0.327960 -0.000001 0.000000 0.000000 -1.000000 0.705366 0.630664 1 0 1.000000
  0 0.000028 -0.000030 0.000000 0.000000 0.000000 -1.000000 0.574966 0.584856 1 0 1.000000
w_rgmine
  0 2.512124 0.327960 -0.000001 0.000000 0.000000 -1.000000 0.705366 0.630664 1 0 1.000000
  0 2.225144 -1.211254 -0.000001 0.000000 0.000000 -1.000000 0.653536 0.698563 1 0 1.000000
  0 0.000028 -0.000030 0.000000 0.000000 0.000000 -1.000000 0.574966 0.584856 1 0 1.000000
w_rgmine
  0 2.225144 -1.211254 -0.000001 0.000000 0.000000 -1.000000 0.653536 0.698563 1 0 1.000000
  0 1.088244 -2.287822 -0.000001 0.000000 0.000000 -1.000000 0.571695 0.723029 1 0 1.000000
  0 0.000028 -0.000030 0.000000 0.000000 0.000000 -1.000000 0.574966 0.584856 1 0 1.000000
w_rgmine
  0 1.088244 -2.287822 -0.000001 0.000000 0.000000 -1.000000 0.571695 0.723029 1 0 1.000000
  0 -0.464317 -2.490530 0.000000 0.000000 0.000000 -1.000000 0.491103 0.694718 1 0 1.000000
  0 0.000028 -0.000030 0.000000 0.000000 0.000000 -1.000000 0.574966 0.584856 1 0 1.000000
w_rgmine
  0 -0.464317 -2.490530 0.000000 0.000000 0.000000 -1.000000 0.491103 0.694718 1 0 1.000000
  0 -1.839515 -1.741951 0.000000 0.000000 0.000000 -1.000000 0.442544 0.624443 1 0 1.000000
  0 0.000028 -0.000030 0.000000 0.000000 0.000000 -1.000000 0.574966 0.584856 1 0 1.000000
w_rgmine
  0 -1.839515 -1.741951 0.000000 0.000000 0.000000 -1.000000 0.442544 0.624443 1 0 1.000000
  0 -2.512069 -0.328018 0.000000 0.000000 0.000000 -1.000000 0.444566 0.539047 1 0 1.000000
  0 0.000028 -0.000030 0.000000 0.000000 0.000000 -1.000000 0.574966 0.584856 1 0 1.000000
w_rgmine
  0 -2.512069 -0.328018 0.000000 0.000000 0.000000 -1.000000 0.444566 0.539047 1 0 1.000000
  0 -2.225087 1.211195 0.000000 0.000000 0.000000 -1.000000 0.496396 0.471148 1 0 1.000000
  0 0.000028 -0.000030 0.000000 0.000000 0.000000 -1.000000 0.574966 0.584856 1 0 1.000000
w_rgmine
  0 -2.225087 1.211195 0.000000 0.000000 0.000000 -1.000000 0.496396 0.471148 1 0 1.000000
  0 -1.088187 2.287762 0.000000 0.000000 0.000000 -1.000000 0.578237 0.446682 1 0 1.000000
  0 0.000028 -0.000030 0.000000 0.000000 0.000000 -1.000000 0.574966 0.584856 1 0 1.000000
w_rgmine
  0 -0.643471 -1.060953 7.297892 0.393391 -0.769587 0.502970 0.409892 0.299668 1 0 1.000000
  0 -0.643470 -1.016499 7.209764 0.335129 0.054149 -0.940615 0.417905 0.298132 1 0 1.000000
  0 -0.372039 -0.784654 7.427869 0.646151 0.329502 -0.688416 0.416997 0.327642 1 0 1.000000
w_rgmine
  0 -0.643471 -1.060953 7.297892 0.393391 -0.769587 0.502970 0.409892 0.299668 1 0 1.000000
  0 -0.372039 -0.784654 7.427869 0.646151 0.329502 -0.688416 0.416997 0.327642 1 0 1.000000
  0 -0.398525 -0.852578 7.494407 0.278426 -0.873414 0.399532 0.409809 0.327533 1 0 1.000000
w_rgmine
  0 -0.398525 -0.852578 7.494407 0.278426 -0.873414 0.399532 0.409809 0.327533 1 0 1.000000
  0 -0.372039 -0.784654 7.427869 0.646151 0.329502 -0.688416 0.416997 0.327642 1 0 1.000000
  0 -0.231948 -0.619786 7.785903 0.810927 0.541074 -0.222791 0.416281 0.353609 1 0 1.000000
w_rgmine
  0 -0.398525 -0.852578 7.494407 0.278426 -0.873414 0.399532 0.409809 0.327533 1 0 1.000000
  0 -0.231948 -0.619786 7.785903 0.810927 0.541074 -0.222791 0.416281 0.353609 1 0 1.000000
  0 -0.271880 -0.704521 7.817017 0.256949 -0.942125 0.215353 0.409690 0.353968 1 0 1.000000
w_rgmine
  0 -0.327978 -0.579126 8.396678 0.708596 0.590430 0.386372 0.416181 0.391669 1 0 1.000000
  0 -0.271880 -0.704521 7.817017 0.256949 -0.942125 0.215353 0.409690 0.353968 1 0 1.000000
  0 -0.231948 -0.619786 7.785903 0.810927 0.541074 -0.222791 0.416281 0.353609 1 0 1.000000
w_rgmine
  0 -0.327978 -0.579126 8.396678 0.708596 0.590430 0.386372 0.416181 0.391669 1 0 1.000000
  0 -0.357730 -0.668577 8.367425 0.303304 -0.952880 -0.005165 0.409973 0.391354 1 0 1.000000
  0 -0.271880 -0.704521 7.817017 0.256949 -0.942125 0.215353 0.409690 0.353968 1 0 1.000000
w_rgmine
  0 -0.572799 -0.700881 8.713276 0.397730 0.447815 0.800795 0.415789 0.415882 1 0 1.000000
  0 -0.357730 -0.668577 8.367425 0.303304 -0.952880 -0.005165 0.409973 0.391354 1 0 1.000000
  0 -0.327978 -0.579126 8.396678 0.708596 0.590430 0.386372 0.416181 0.391669 1 0 1.000000
w_rgmine
  0 -0.572799 -0.700881 8.713276 0.397730 0.447815 0.800795 0.415789 0.415882 1 0 1.000000
  0 -0.577869 -0.778729 8.652807 0.393905 -0.903567 -0.168541 0.409699 0.415829 1 0 1.000000
  0 -0.357730 -0.668577 8.367425 0.303304 -0.952880 -0.005165 0.409973 0.391354 1 0 1.000000
w_rgmine
  0 -0.577869 -0.778729 8.652807 0.393905 -0.903567 -0.168541 0.409699 0.415829 1 0 1.000000
  0 -0.572799 -0.700881 8.713276 0.397730 0.447815 0.800795 0.415789 0.415882 1 0 1.000000
  0 -0.898466 -0.913662 8.867100 0.015037 0.206600 0.978310 0.415247 0.439781 1 0 1.000000
w_rgmine
  0 -0.577869 -0.778729 8.652807 0.393905 -0.903567 -0.168541 0.409699 0.415829 1 0 1.000000
  0 -0.898466 -0.913662 8.867100 0.015037 0.206600 0.978310 0.415247 0.439781 1 0 1.000000
  0 -0.870871 -0.970903 8.791572 0.542193 -0.808439 -0.229025 0.409349 0.439675 1 0 1.000000
w_rgmine
  0 -1.227188 -1.168437 8.822066 -0.335737 -0.053552 0.940432 0.414354 0.463433 1 0 1.000000
  0 -0.870871 -0.970903 8.791572 0.542193 -0.808439 -0.229025 0.409349 0.439675 1 0 1.000000
  0 -0.898466 -0.913662 8.867100 0.015037 0.206600 0.978310 0.415247 0.439781 1 0 1.000000
w_rgmine
  0 -1.227188 -1.168437 8.822066 -0.335737 -0.053552 0.940432 0.414354 0.463433 1 0 1.000000
  0 -1.166662 -1.200935 8.751193 0.672498 -0.700188 -0.239758 0.408784 0.463031 1 0 1.000000
  0 -0.870871 -0.970903 8.791572 0.542193 -0.808439 -0.229025 0.409349 0.439675 1 0 1.000000
w_rgmine
  0 -1.224382 -1.121709 8.735169 -0.405291 0.736622 -0.541413 0.402818 0.462837 1 0 1.000000
  0 -0.870871 -0.970903 8.791572 0.542193 -0.808439 -0.229025 0.409349 0.439675 1 0 1.000000
  0 -1.166662 -1.200935 8.751193 0.672498 -0.700188 -0.239758 0.408784 0.463031 1 0 1.000000
w_rgmine
  0 -1.224382 -1.121709 8.735169 -0.405291 0.736622 -0.541413 0.402818 0.462837 1 0 1.000000
  0 -0.928624 -0.891666 8.775725 -0.553696 0.650219 -0.520226 0.403289 0.439530 1 0 1.000000
  0 -0.870871 -0.970903 8.791572 0.542193 -0.808439 -0.229025 0.409349 0.439675 1 0 1.000000
w_rgmine
  0 -0.577869 -0.778729 8.652807 0.393905 -0.903567 -0.168541 0.409699 0.415829 1 0 1.000000
  0 -0.870871 -0.970903 8.791572 0.542193 -0.808439 -0.229025 0.409349 0.439675 1 0 1.000000
  0 -0.928624 -0.891666 8.775725 -0.553696 0.650219 -0.520226 0.403289 0.439530 1 0 1.000000
w_rgmine
  0 -0.577869 -0.778729 8.652807 0.393905 -0.903567 -0.168541 0.409699 0.415829 1 0 1.000000
  0 -0.928624 -0.891666 8.775725 -0.553696 0.650219 -0.520226 0.403289 0.439530 1 0 1.000000
  0 -0.635583 -0.699431 8.637127 -0.698515 0.560597 -0.444756 0.403538 0.415731 1 0 1.000000
w_rgmine
  0 -0.635583 -0.699431 8.637127 -0.698515 0.560597 -0.444756 0.403538 0.415731 1 0 1.000000
  0 -0.357730 -0.668577 8.367425 0.303304 -0.952880 -0.005165 0.409973 0.391354 1 0 1.000000
  0 -0.577869 -0.778729 8.652807 0.393905 -0.903567 -0.168541 0.409699 0.415829 1 0 1.000000
w_rgmine
  0 -0.635583 -0.699431 8.637127 -0.698515 0.560597 -0.444756 0.403538 0.415731 1 0 1.000000
  0 -0.415344 -0.589182 8.351861 -0.795125 0.541380 -0.273285 0.403636 0.391339 1 0 1.000000
  0 -0.357730 -0.668577 8.367425 0.303304 -0.952880 -0.005165 0.409973 0.391354 1 0 1.000000
w_rgmine
  0 -0.271880 -0.704521 7.817017 0.256949 -0.942125 0.215353 0.409690 0.353968 1 0 1.000000
  0 -0.357730 -0.668577 8.367425 0.303304 -0.952880 -0.005165 0.409973 0.391354 1 0 1.000000
  0 -0.415344 -0.589182 8.351861 -0.795125 0.541380 -0.273285 0.403636 0.391339 1 0 1.000000
w_rgmine
  0 -0.271880 -0.704521 7.817017 0.256949 -0.942125 0.215353 0.409690 0.353968 1 0 1.000000
  0 -0.415344 -0.589182 8.351861 -0.795125 0.541380 -0.273285 0.403636 0.391339 1 0 1.000000
  0 -0.329278 -0.624966 7.801476 -0.822828 0.566018 -0.050766 0.403044 0.353979 1 0 1.000000
w_rgmine
  0 -0.329278 -0.624966 7.801476 -0.822828 0.566018 -0.050766 0.403044 0.353979 1 0 1.000000
  0 -0.398525 -0.852578 7.494407 0.278426 -0.873414 0.399532 0.409809 0.327533 1 0 1.000000
  0 -0.271880 -0.704521 7.817017 0.256949 -0.942125 0.215353 0.409690 0.353968 1 0 1.000000
w_rgmine
  0 -0.329278 -0.624966 7.801476 -0.822828 0.566018 -0.050766 0.403044 0.353979 1 0 1.000000
  0 -0.455788 -0.772944 7.478776 -0.773289 0.621060 0.127700 0.402664 0.327480 1 0 1.000000
  0 -0.398525 -0.852578 7.494407 0.278426 -0.873414 0.399532 0.409809 0.327533 1 0 1.000000
w_rgmine
  0 -0.643471 -1.060953 7.297892 0.393391 -0.769587 0.502970 0.409892 0.299668 1 0 1.000000
  0 -0.398525 -0.852578 7.494407 0.278426 -0.873414 0.399532 0.409809 0.327533 1 0 1.000000
  0 -0.455788 -0.772944 7.478776 -0.773289 0.621060 0.127700 0.402664 0.327480 1 0 1.000000
w_rgmine
  0 -0.643471 -1.060953 7.297892 0.393391 -0.769587 0.502970 0.409892 0.299668 1 0 1.000000
  0 -0.455788 -0.772944 7.478776 -0.773289 0.621060 0.127700 0.402664 0.327480 1 0 1.000000
  0 -0.700643 -0.981283 7.282108 -0.650061 0.728116 0.217409 0.402545 0.299600 1 0 1.000000
w_rgmine
  0 -0.455788 -0.772944 7.478776 -0.773289 0.621060 0.127700 0.423577 0.327779 1 0 1.000000
  0 -0.643470 -1.016499 7.209764 0.335129 0.054149 -0.940615 0.417905 0.298132 1 0 1.000000
  0 -0.700643 -0.981283 7.282108 -0.650061 0.728116 0.217409 0.424962 0.299968 1 0 1.000000
w_rgmine
  0 -0.455788 -0.772944 7.478776 -0.773289 0.621060 0.127700 0.423577 0.327779 1 0 1.000000
  0 -0.372039 -0.784654 7.427869 0.646151 0.329502 -0.688416 0.416997 0.327642 1 0 1.000000
  0 -0.643470 -1.016499 7.209764 0.335129 0.054149 -0.940615 0.417905 0.298132 1 0 1.000000
w_rgmine
  0 -0.329278 -0.624966 7.801476 -0.822828 0.566018 -0.050766 0.422870 0.353932 1 0 1.000000
  0 -0.372039 -0.784654 7.427869 0.646151 0.329502 -0.688416 0.416997 0.327642 1 0 1.000000
  0 -0.455788 -0.772944 7.478776 -0.773289 0.621060 0.127700 0.423577 0.327779 1 0 1.000000
w_rgmine
  0 -0.329278 -0.624966 7.801476 -0.822828 0.566018 -0.050766 0.422870 0.353932 1 0 1.000000
  0 -0.231948 -0.619786 7.785903 0.810927 0.541074 -0.222791 0.416281 0.353609 1 0 1.000000
  0 -0.372039 -0.784654 7.427869 0.646151 0.329502 -0.688416 0.416997 0.327642 1 0 1.000000
w_rgmine
  0 -0.231948 -0.619786 7.785903 0.810927 0.541074 -0.222791 0.416281 0.353609 1 0 1.000000
  0 -0.329278 -0.624966 7.801476 -0.822828 0.566018 -0.050766 0.422870 0.353932 1 0 1.000000
  0 -0.415344 -0.589182 8.351861 -0.795125 0.541380 -0.273285 0.422677 0.391328 1 0 1.000000
w_rgmine
  0 -0.231948 -0.619786 7.785903 0.810927 0.541074 -0.222791 0.416281 0.353609 1 0 1.000000
  0 -0.415344 -0.589182 8.351861 -0.795125 0.541380 -0.273285 0.422677 0.391328 1 0 1.000000
  0 -0.327978 -0.579126 8.396678 0.708596 0.590430 0.386372 0.416181 0.391669 1 0 1.000000
w_rgmine
  0 -0.327978 -0.579126 8.396678 0.708596 0.590430 0.386372 0.416181 0.391669 1 0 1.000000
  0 -0.415344 -0.589182 8.351861 -0.795125 0.541380 -0.273285 0.422677 0.391328 1 0 1.000000
  0 -0.635583 -0.699431 8.637127 -0.698515 0.560597 -0.444756 0.422184 0.415934 1 0 1.000000
w_rgmine
  0 -0.327978 -0.579126 8.396678 0.708596 0.590430 0.386372 0.416181 0.391669 1 0 1.000000
  0 -0.635583 -0.699431 8.637127 -0.698515 0.560597 -0.444756 0.422184 0.415934 1 0 1.000000
  0 -0.572799 -0.700881 8.713276 0.397730 0.447815 0.800795 0.415789 0.415882 1 0 1.000000
w_rgmine
  0 -0.928624 -0.891666 8.775725 -0.553696 0.650219 -0.520226 0.421415 0.439887 1 0 1.000000
  0 -0.572799 -0.700881 8.713276 0.397730 0.447815 0.800795 0.415789 0.415882 1 0 1.000000
  0 -0.635583 -0.699431 8.637127 -0.698515 0.560597 -0.444756 0.422184 0.415934 1 0 1.000000
w_rgmine
  0 -0.928624 -0.891666 8.775725 -0.553696 0.650219 -0.520226 0.421415 0.439887 1 0 1.000000
  0 -0.898466 -0.913662 8.867100 0.015037 0.206600 0.978310 0.415247 0.439781 1 0 1.000000
  0 -0.572799 -0.700881 8.713276 0.397730 0.447815 0.800795 0.415789 0.415882 1 0 1.000000
w_rgmine
  0 -0.898466 -0.913662 8.867100 0.015037 0.206600 0.978310 0.415247 0.439781 1 0 1.000000
  0 -0.928624 -0.891666 8.775725 -0.553696 0.650219 -0.520226 0.421415 0.439887 1 0 1.000000
  0 -1.224382 -1.121709 8.735169 -0.405291 0.736622 -0.541413 0.420681 0.463405 1 0 1.000000
w_rgmine
  0 -0.898466 -0.913662 8.867100 0.015037 0.206600 0.978310 0.415247 0.439781 1 0 1.000000
  0 -1.224382 -1.121709 8.735169 -0.405291 0.736622 -0.541413 0.420681 0.463405 1 0 1.000000
  0 -1.227188 -1.168437 8.822066 -0.335737 -0.053552 0.940432 0.414354 0.463433 1 0 1.000000
w_rgmine
  0 -1.227188 -1.168437 8.822066 -0.335737 -0.053552 0.940432 0.414354 0.463433 1 0 1.000000
  0 -1.224382 -1.121709 8.735169 -0.405291 0.736622 -0.541413 0.420681 0.463405 1 0 1.000000
  0 -1.354593 -1.240722 8.646362 -0.319282 0.768377 -0.554667 0.419719 0.475891 1 0 1.000000
w_rgmine
  0 -1.227188 -1.168437 8.822066 -0.335737 -0.053552 0.940432 0.414354 0.463433 1 0 1.000000
  0 -1.354593 -1.240722 8.646362 -0.319282 0.768377 -0.554667 0.419719 0.475891 1 0 1.000000
  0 -1.370677 -1.296496 8.721050 -0.463307 -0.168839 0.869966 0.413725 0.476106 1 0 1.000000
w_rgmine
  0 -1.166662 -1.200935 8.751193 0.672498 -0.700188 -0.239758 0.408784 0.463031 1 0 1.000000
  0 -1.227188 -1.168437 8.822066 -0.335737 -0.053552 0.940432 0.414354 0.463433 1 0 1.000000
  0 -1.370677 -1.296496 8.721050 -0.463307 -0.168839 0.869966 0.413725 0.476106 1 0 1.000000
w_rgmine
  0 -1.166662 -1.200935 8.751193 0.672498 -0.700188 -0.239758 0.408784 0.463031 1 0 1.000000
  0 -1.370677 -1.296496 8.721050 -0.463307 -0.168839 0.869966 0.413725 0.476106 1 0 1.000000
  0 -1.299813 -1.316276 8.661562 0.724721 -0.641828 -0.250671 0.408137 0.475160 1 0 1.000000
w_rgmine
  0 -1.166662 -1.200935 8.751193 0.672498 -0.700188 -0.239758 0.408784 0.463031 1 0 1.000000
  0 -1.299813 -1.316276 8.661562 0.724721 -0.641828 -0.250671 0.408137 0.475160 1 0 1.000000
  0 -1.354593 -1.240722 8.646362 -0.319282 0.768377 -0.554667 0.402545 0.474852 1 0 1.000000
w_rgmine
  0 -1.166662 -1.200935 8.751193 0.672498 -0.700188 -0.239758 0.408784 0.463031 1 0 1.000000
  0 -1.354593 -1.240722 8.646362 -0.319282 0.768377 -0.554667 0.402545 0.474852 1 0 1.000000
  0 -1.224382 -1.121709 8.735169 -0.405291 0.736622 -0.541413 0.402818 0.462837 1 0 1.000000
w_rgmine
  0 -0.476745 0.197474 7.862309 -0.799635 0.331215 0.500880 0.464228 0.967476 1 0 1.000000
  0 -0.477154 -0.197647 7.787776 -0.790633 -0.327494 -0.517347 0.438218 0.964864 1 0 1.000000
  0 -0.476743 -0.197478 7.862309 -0.799628 -0.331226 0.500883 0.438923 0.970512 1 0 1.000000
w_rgmine
  0 -0.476745 0.197474 7.862309 -0.799635 0.331215 0.500880 0.464228 0.967476 1 0 1.000000
  0 -0.477155 0.197644 7.787776 -0.790636 0.327487 -0.517346 0.463770 0.962566 1 0 1.000000
  0 -0.477154 -0.197647 7.787776 -0.790633 -0.327494 -0.517347 0.438218 0.964864 1 0 1.000000
w_rgmine
  0 -0.477155 0.197644 7.787776 -0.790636 0.327487 -0.517346 0.463770 0.962566 1 0 1.000000
  0 -0.476745 0.197474 7.862309 -0.799635 0.331215 0.500880 0.464228 0.967476 1 0 1.000000
  0 -0.197478 0.476743 7.862309 -0.331223 0.799632 0.500880 0.486047 0.965741 1 0 1.000000
w_rgmine
  0 -0.477155 0.197644 7.787776 -0.790636 0.327487 -0.517346 0.463770 0.962566 1 0 1.000000
  0 -0.197478 0.476743 7.862309 -0.331223 0.799632 0.500880 0.486047 0.965741 1 0 1.000000
  0 -0.197648 0.477153 7.787776 -0.327494 0.790630 -0.517350 0.485977 0.961435 1 0 1.000000
w_rgmine
  0 -0.197648 0.477153 7.787776 -0.327494 0.790630 -0.517350 0.485977 0.961435 1 0 1.000000
  0 -0.197478 0.476743 7.862309 -0.331223 0.799632 0.500880 0.486047 0.965741 1 0 1.000000
  0 0.197474 0.476745 7.862309 0.331216 0.799635 0.500879 0.505316 0.965214 1 0 1.000000
w_rgmine
  0 -0.197648 0.477153 7.787776 -0.327494 0.790630 -0.517350 0.485977 0.961435 1 0 1.000000
  0 0.197474 0.476745 7.862309 0.331216 0.799635 0.500879 0.505316 0.965214 1 0 1.000000
  0 0.197644 0.477155 7.787776 0.327487 0.790633 -0.517351 0.505392 0.961432 1 0 1.000000
w_rgmine
  0 0.476743 0.197478 7.862309 0.799634 0.331220 0.500879 0.522203 0.965785 1 0 1.000000
  0 0.197644 0.477155 7.787776 0.327487 0.790633 -0.517351 0.505392 0.961432 1 0 1.000000
  0 0.197474 0.476745 7.862309 0.331216 0.799635 0.500879 0.505316 0.965214 1 0 1.000000
w_rgmine
  0 0.476743 0.197478 7.862309 0.799634 0.331220 0.500879 0.522203 0.965785 1 0 1.000000
  0 0.477153 0.197648 7.787776 0.790632 0.327493 -0.517348 0.522357 0.962465 1 0 1.000000
  0 0.197644 0.477155 7.787776 0.327487 0.790633 -0.517351 0.505392 0.961432 1 0 1.000000
w_rgmine
  0 0.476743 0.197478 7.862309 0.799634 0.331220 0.500879 0.522203 0.965785 1 0 1.000000
  0 0.477153 -0.197647 7.787776 0.790631 -0.327492 -0.517350 0.537304 0.963979 1 0 1.000000
  0 0.477153 0.197648 7.787776 0.790632 0.327493 -0.517348 0.522357 0.962465 1 0 1.000000
w_rgmine
  0 0.476743 0.197478 7.862309 0.799634 0.331220 0.500879 0.522203 0.965785 1 0 1.000000
  0 0.476743 -0.197478 7.862309 0.799632 -0.331225 0.500878 0.536993 0.967112 1 0 1.000000
  0 0.477153 -0.197647 7.787776 0.790631 -0.327492 -0.517350 0.537304 0.963979 1 0 1.000000
w_rgmine
  0 0.197474 -0.476744 7.862309 0.331216 -0.799631 0.500885 0.551850 0.969454 1 0 1.000000
  0 0.477153 -0.197647 7.787776 0.790631 -0.327492 -0.517350 0.537304 0.963979 1 0 1.000000
  0 0.476743 -0.197478 7.862309 0.799632 -0.331225 0.500878 0.536993 0.967112 1 0 1.000000
w_rgmine
  0 0.197474 -0.476744 7.862309 0.331216 -0.799631 0.500885 0.551850 0.969454 1 0 1.000000
  0 0.197644 -0.477155 7.787776 0.327491 -0.790635 -0.517344 0.552428 0.966129 1 0 1.000000
  0 0.477153 -0.197647 7.787776 0.790631 -0.327492 -0.517350 0.537304 0.963979 1 0 1.000000
w_rgmine
  0 0.197644 -0.477155 7.787776 0.327491 -0.790635 -0.517344 0.552428 0.966129 1 0 1.000000
  0 -0.197644 -0.477155 7.787776 -0.327492 -0.790635 -0.517345 0.573383 0.968996 1 0 1.000000
  0 -0.151378 -0.365457 7.745330 -0.126769 -0.306044 -0.943539 0.571283 0.960916 1 0 1.000000
w_rgmine
  0 0.197644 -0.477155 7.787776 0.327491 -0.790635 -0.517344 0.552428 0.966129 1 0 1.000000
  0 -0.197474 -0.476744 7.862309 -0.331217 -0.799631 0.500885 0.572618 0.973681 1 0 1.000000
  0 -0.197644 -0.477155 7.787776 -0.327492 -0.790635 -0.517345 0.573383 0.968996 1 0 1.000000
w_rgmine
  0 0.197644 -0.477155 7.787776 0.327491 -0.790635 -0.517344 0.552428 0.966129 1 0 1.000000
  0 0.197474 -0.476744 7.862309 0.331216 -0.799631 0.500885 0.551850 0.969454 1 0 1.000000
  0 -0.197474 -0.476744 7.862309 -0.331217 -0.799631 0.500885 0.572618 0.973681 1 0 1.000000
w_rgmine
  0 0.197474 -0.476744 7.862309 0.331216 -0.799631 0.500885 0.551850 0.969454 1 0 1.000000
  0 -0.122741 -0.296323 7.944671 -0.148708 -0.359019 0.921407 0.564333 0.985788 1 0 1.000000
  0 -0.197474 -0.476744 7.862309 -0.331217 -0.799631 0.500885 0.572618 0.973681 1 0 1.000000
w_rgmine
  0 0.197474 -0.476744 7.862309 0.331216 -0.799631 0.500885 0.551850 0.969454 1 0 1.000000
  0 0.122741 -0.296323 7.944671 0.148708 -0.359019 0.921407 0.549559 0.980258 1 0 1.000000
  0 -0.122741 -0.296323 7.944671 -0.148708 -0.359019 0.921407 0.564333 0.985788 1 0 1.000000
w_rgmine
  0 0.476743 -0.197478 7.862309 0.799632 -0.331225 0.500878 0.536993 0.967112 1 0 1.000000
  0 0.122741 -0.296323 7.944671 0.148708 -0.359019 0.921407 0.549559 0.980258 1 0 1.000000
  0 0.197474 -0.476744 7.862309 0.331216 -0.799631 0.500885 0.551850 0.969454 1 0 1.000000
w_rgmine
  0 0.476743 -0.197478 7.862309 0.799632 -0.331225 0.500878 0.536993 0.967112 1 0 1.000000
  0 0.296323 -0.122741 7.944671 0.359018 -0.148708 0.921407 0.535844 0.976506 1 0 1.000000
  0 0.122741 -0.296323 7.944671 0.148708 -0.359019 0.921407 0.549559 0.980258 1 0 1.000000
w_rgmine
  0 0.296323 -0.122741 7.944671 0.359018 -0.148708 0.921407 0.535844 0.976506 1 0 1.000000
  0 0.476743 -0.197478 7.862309 0.799632 -0.331225 0.500878 0.536993 0.967112 1 0 1.000000
  0 0.476743 0.197478 7.862309 0.799634 0.331220 0.500879 0.522203 0.965785 1 0 1.000000
w_rgmine
  0 0.296323 -0.122741 7.944671 0.359018 -0.148708 0.921407 0.535844 0.976506 1 0 1.000000
  0 0.476743 0.197478 7.862309 0.799634 0.331220 0.500879 0.522203 0.965785 1 0 1.000000
  0 0.296323 0.122741 7.944671 0.359023 0.148708 0.921406 0.521427 0.976934 1 0 1.000000
w_rgmine
  0 0.122741 0.296323 7.944671 0.148711 0.359018 0.921407 0.505040 0.978070 1 0 1.000000
  0 0.296323 0.122741 7.944671 0.359023 0.148708 0.921406 0.521427 0.976934 1 0 1.000000
  0 0.476743 0.197478 7.862309 0.799634 0.331220 0.500879 0.522203 0.965785 1 0 1.000000
w_rgmine
  0 0.122741 0.296323 7.944671 0.148711 0.359018 0.921407 0.505040 0.978070 1 0 1.000000
  0 0.476743 0.197478 7.862309 0.799634 0.331220 0.500879 0.522203 0.965785 1 0 1.000000
  0 0.197474 0.476745 7.862309 0.331216 0.799635 0.500879 0.505316 0.965214 1 0 1.000000
w_rgmine
  0 0.197474 0.476745 7.862309 0.331216 0.799635 0.500879 0.505316 0.965214 1 0 1.000000
  0 -0.122741 0.296323 7.944671 -0.148712 0.359018 0.921407 0.486482 0.980338 1 0 1.000000
  0 0.122741 0.296323 7.944671 0.148711 0.359018 0.921407 0.505040 0.978070 1 0 1.000000
w_rgmine
  0 0.197474 0.476745 7.862309 0.331216 0.799635 0.500879 0.505316 0.965214 1 0 1.000000
  0 -0.197478 0.476743 7.862309 -0.331223 0.799632 0.500880 0.486047 0.965741 1 0 1.000000
  0 -0.122741 0.296323 7.944671 -0.148712 0.359018 0.921407 0.486482 0.980338 1 0 1.000000
w_rgmine
  0 -0.197478 0.476743 7.862309 -0.331223 0.799632 0.500880 0.486047 0.965741 1 0 1.000000
  0 -0.296323 0.122741 7.944671 -0.359019 0.148709 0.921407 0.465535 0.983933 1 0 1.000000
  0 -0.122741 0.296323 7.944671 -0.148712 0.359018 0.921407 0.486482 0.980338 1 0 1.000000
w_rgmine
  0 -0.197478 0.476743 7.862309 -0.331223 0.799632 0.500880 0.486047 0.965741 1 0 1.000000
  0 -0.476745 0.197474 7.862309 -0.799635 0.331215 0.500880 0.464228 0.967476 1 0 1.000000
  0 -0.296323 0.122741 7.944671 -0.359019 0.148709 0.921407 0.465535 0.983933 1 0 1.000000
w_rgmine
  0 -0.476745 0.197474 7.862309 -0.799635 0.331215 0.500880 0.464228 0.967476 1 0 1.000000
  0 -0.296323 -0.122741 7.944671 -0.359017 -0.148708 0.921408 0.442146 0.989026 1 0 1.000000
  0 -0.296323 0.122741 7.944671 -0.359019 0.148709 0.921407 0.465535 0.983933 1 0 1.000000
w_rgmine
  0 -0.476745 0.197474 7.862309 -0.799635 0.331215 0.500880 0.464228 0.967476 1 0 1.000000
  0 -0.476743 -0.197478 7.862309 -0.799628 -0.331226 0.500883 0.438923 0.970512 1 0 1.000000
  0 -0.296323 -0.122741 7.944671 -0.359017 -0.148708 0.921408 0.442146 0.989026 1 0 1.000000
w_rgmine
  0 -0.476743 -0.197478 7.862309 -0.799628 -0.331226 0.500883 0.438923 0.970512 1 0 1.000000
  0 -0.122741 -0.296323 7.944671 -0.148708 -0.359019 0.921407 0.417101 0.997592 1 0 1.000000
  0 -0.296323 -0.122741 7.944671 -0.359017 -0.148708 0.921408 0.442146 0.989026 1 0 1.000000
w_rgmine
  0 -0.476743 -0.197478 7.862309 -0.799628 -0.331226 0.500883 0.438923 0.970512 1 0 1.000000
  0 -0.197474 -0.476744 7.862309 -0.331217 -0.799631 0.500885 0.403744 0.977000 1 0 1.000000
  0 -0.122741 -0.296323 7.944671 -0.148708 -0.359019 0.921407 0.417101 0.997592 1 0 1.000000
w_rgmine
  0 -0.477154 -0.197647 7.787776 -0.790633 -0.327494 -0.517347 0.438218 0.964864 1 0 1.000000
  0 -0.197474 -0.476744 7.862309 -0.331217 -0.799631 0.500885 0.403744 0.977000 1 0 1.000000
  0 -0.476743 -0.197478 7.862309 -0.799628 -0.331226 0.500883 0.438923 0.970512 1 0 1.000000
w_rgmine
  0 -0.477154 -0.197647 7.787776 -0.790633 -0.327494 -0.517347 0.438218 0.964864 1 0 1.000000
  0 -0.197644 -0.477155 7.787776 -0.327492 -0.790635 -0.517345 0.402540 0.969100 1 0 1.000000
  0 -0.197474 -0.476744 7.862309 -0.331217 -0.799631 0.500885 0.403744 0.977000 1 0 1.000000
w_rgmine
  0 -0.151378 -0.365457 7.745330 -0.126769 -0.306044 -0.943539 0.406383 0.955409 1 0 1.000000
  0 -0.197644 -0.477155 7.787776 -0.327492 -0.790635 -0.517345 0.402540 0.969100 1 0 1.000000
  0 -0.477154 -0.197647 7.787776 -0.790633 -0.327494 -0.517347 0.438218 0.964864 1 0 1.000000
w_rgmine
  0 -0.151378 -0.365457 7.745330 -0.126769 -0.306044 -0.943539 0.406383 0.955409 1 0 1.000000
  0 -0.477154 -0.197647 7.787776 -0.790633 -0.327494 -0.517347 0.438218 0.964864 1 0 1.000000
  0 -0.365458 -0.151377 7.745330 -0.306046 -0.126765 -0.943539 0.437055 0.954284 1 0 1.000000
w_rgmine
  0 -0.365458 -0.151377 7.745330 -0.306046 -0.126765 -0.943539 0.437055 0.954284 1 0 1.000000
  0 -0.477154 -0.197647 7.787776 -0.790633 -0.327494 -0.517347 0.438218 0.964864 1 0 1.000000
  0 -0.477155 0.197644 7.787776 -0.790636 0.327487 -0.517346 0.463770 0.962566 1 0 1.000000
w_rgmine
  0 -0.365458 -0.151377 7.745330 -0.306046 -0.126765 -0.943539 0.437055 0.954284 1 0 1.000000
  0 -0.477155 0.197644 7.787776 -0.790636 0.327487 -0.517346 0.463770 0.962566 1 0 1.000000
  0 -0.365458 0.151378 7.745330 -0.306054 0.126768 -0.943536 0.462991 0.953473 1 0 1.000000
w_rgmine
  0 -0.365458 0.151378 7.745330 -0.306054 0.126768 -0.943536 0.462991 0.953473 1 0 1.000000
  0 -0.477155 0.197644 7.787776 -0.790636 0.327487 -0.517346 0.463770 0.962566 1 0 1.000000
  0 -0.197648 0.477153 7.787776 -0.327494 0.790630 -0.517350 0.485977 0.961435 1 0 1.000000
w_rgmine
  0 -0.365458 0.151378 7.745330 -0.306054 0.126768 -0.943536 0.462991 0.953473 1 0 1.000000
  0 -0.197648 0.477153 7.787776 -0.327494 0.790630 -0.517350 0.485977 0.961435 1 0 1.000000
  0 -0.151378 0.365458 7.745331 -0.126761 0.306043 -0.943541 0.485621 0.953473 1 0 1.000000
w_rgmine
  0 -0.151378 0.365458 7.745331 -0.126761 0.306043 -0.943541 0.485621 0.953473 1 0 1.000000
  0 -0.197648 0.477153 7.787776 -0.327494 0.790630 -0.517350 0.485977 0.961435 1 0 1.000000
  0 0.197644 0.477155 7.787776 0.327487 0.790633 -0.517351 0.505392 0.961432 1 0 1.000000
w_rgmine
  0 -0.151378 0.365458 7.745331 -0.126761 0.306043 -0.943541 0.485621 0.953473 1 0 1.000000
  0 0.197644 0.477155 7.787776 0.327487 0.790633 -0.517351 0.505392 0.961432 1 0 1.000000
  0 0.151377 0.365458 7.745331 0.126765 0.306040 -0.943541 0.505458 0.954451 1 0 1.000000
w_rgmine
  0 0.151377 0.365458 7.745331 0.126765 0.306040 -0.943541 0.505458 0.954451 1 0 1.000000
  0 0.197644 0.477155 7.787776 0.327487 0.790633 -0.517351 0.505392 0.961432 1 0 1.000000
  0 0.477153 0.197648 7.787776 0.790632 0.327493 -0.517348 0.522357 0.962465 1 0 1.000000
w_rgmine
  0 0.151377 0.365458 7.745331 0.126765 0.306040 -0.943541 0.505458 0.954451 1 0 1.000000
  0 0.477153 0.197648 7.787776 0.790632 0.327493 -0.517348 0.522357 0.962465 1 0 1.000000
  0 0.365457 0.151378 7.745330 0.306049 0.126766 -0.943538 0.522768 0.956355 1 0 1.000000
w_rgmine
  0 0.365457 -0.151377 7.745330 0.306048 -0.126765 -0.943539 0.537905 0.958825 1 0 1.000000
  0 0.365457 0.151378 7.745330 0.306049 0.126766 -0.943538 0.522768 0.956355 1 0 1.000000
  0 0.477153 0.197648 7.787776 0.790632 0.327493 -0.517348 0.522357 0.962465 1 0 1.000000
w_rgmine
  0 0.365457 -0.151377 7.745330 0.306048 -0.126765 -0.943539 0.537905 0.958825 1 0 1.000000
  0 0.477153 0.197648 7.787776 0.790632 0.327493 -0.517348 0.522357 0.962465 1 0 1.000000
  0 0.477153 -0.197647 7.787776 0.790631 -0.327492 -0.517350 0.537304 0.963979 1 0 1.000000
w_rgmine
  0 0.151377 -0.365457 7.745330 0.126768 -0.306044 -0.943540 0.553278 0.959895 1 0 1.000000
  0 0.365457 -0.151377 7.745330 0.306048 -0.126765 -0.943539 0.537905 0.958825 1 0 1.000000
  0 0.477153 -0.197647 7.787776 0.790631 -0.327492 -0.517350 0.537304 0.963979 1 0 1.000000
w_rgmine
  0 0.151377 -0.365457 7.745330 0.126768 -0.306044 -0.943540 0.553278 0.959895 1 0 1.000000
  0 0.477153 -0.197647 7.787776 0.790631 -0.327492 -0.517350 0.537304 0.963979 1 0 1.000000
  0 0.197644 -0.477155 7.787776 0.327491 -0.790635 -0.517344 0.552428 0.966129 1 0 1.000000
w_rgmine
  0 0.197644 -0.477155 7.787776 0.327491 -0.790635 -0.517344 0.552428 0.966129 1 0 1.000000
  0 -0.151378 -0.365457 7.745330 -0.126769 -0.306044 -0.943539 0.571283 0.960916 1 0 1.000000
  0 0.151377 -0.365457 7.745330 0.126768 -0.306044 -0.943540 0.553278 0.959895 1 0 1.000000
w_rgmine
  0 0.145624 -0.305409 7.133941 0.000000 0.000000 1.000000 0.532829 0.200481 1 0 1.000000
  0 1.131266 -0.615811 7.133941 0.000000 0.000000 1.000000 0.483218 0.246613 1 0 1.000000
  0 0.297633 -0.161466 7.133941 0.000000 0.000000 1.000000 0.519776 0.196240 1 0 1.000000
w_rgmine
  0 0.297633 -0.161466 7.133941 0.000000 0.000000 1.000000 0.519776 0.196240 1 0 1.000000
  0 1.131266 -0.615811 7.133941 0.000000 0.000000 1.000000 0.483218 0.246613 1 0 1.000000
  0 1.277165 0.166718 7.133941 0.000000 0.000000 1.000000 0.452545 0.204394 1 0 1.000000
w_rgmine
  0 0.297633 -0.161466 7.133941 0.000000 0.000000 1.000000 0.519776 0.196240 1 0 1.000000
  0 1.277165 0.166718 7.133941 0.000000 0.000000 1.000000 0.452545 0.204394 1 0 1.000000
  0 0.336004 0.044335 7.133941 0.000000 0.000000 1.000000 0.511709 0.185137 1 0 1.000000
w_rgmine
  0 0.336004 0.044335 7.133941 0.000000 0.000000 1.000000 0.511709 0.185137 1 0 1.000000
  0 1.277165 0.166718 7.133941 0.000000 0.000000 1.000000 0.452545 0.204394 1 0 1.000000
  0 0.935241 0.885554 7.133941 0.000000 0.000000 1.000000 0.452545 0.152210 1 0 1.000000
w_rgmine
  0 0.336004 0.044335 7.133941 0.000000 0.000000 1.000000 0.511709 0.185137 1 0 1.000000
  0 0.935241 0.885554 7.133941 0.000000 0.000000 1.000000 0.452545 0.152210 1 0 1.000000
  0 0.246080 0.233385 7.133941 0.000000 0.000000 1.000000 0.511709 0.171412 1 0 1.000000
w_rgmine
  0 0.246080 0.233385 7.133941 0.000000 0.000000 1.000000 0.511709 0.171412 1 0 1.000000
  0 0.935241 0.885554 7.133941 0.000000 0.000000 1.000000 0.452545 0.152210 1 0 1.000000
  0 0.236100 1.266126 7.133941 0.000000 0.000000 1.000000 0.483218 0.109992 1 0 1.000000
w_rgmine
  0 0.246080 0.233385 7.133941 0.000000 0.000000 1.000000 0.511709 0.171412 1 0 1.000000
  0 0.236100 1.266126 7.133941 0.000000 0.000000 1.000000 0.483218 0.109992 1 0 1.000000
  0 0.062210 0.333473 7.133941 0.000000 0.000000 1.000000 0.519776 0.160309 1 0 1.000000
w_rgmine
  0 -0.145376 0.306370 7.133941 0.000000 0.000000 1.000000 0.532829 0.156068 1 0 1.000000
  0 0.062210 0.333473 7.133941 0.000000 0.000000 1.000000 0.519776 0.160309 1 0 1.000000
  0 0.236100 1.266126 7.133941 0.000000 0.000000 1.000000 0.483218 0.109992 1 0 1.000000
w_rgmine
  0 -0.145376 0.306370 7.133941 0.000000 0.000000 1.000000 0.532829 0.156068 1 0 1.000000
  0 0.236100 1.266126 7.133941 0.000000 0.000000 1.000000 0.483218 0.109992 1 0 1.000000
  0 -0.553214 1.163071 7.133941 0.000000 0.000000 1.000000 0.532849 0.093866 1 0 1.000000
w_rgmine
  0 -0.297385 0.162428 7.133941 0.000000 0.000000 1.000000 0.545881 0.160309 1 0 1.000000
  0 -0.145376 0.306370 7.133941 0.000000 0.000000 1.000000 0.532829 0.156068 1 0 1.000000
  0 -0.553214 1.163071 7.133941 0.000000 0.000000 1.000000 0.532849 0.093866 1 0 1.000000
w_rgmine
  0 -0.297385 0.162428 7.133941 0.000000 0.000000 1.000000 0.545881 0.160309 1 0 1.000000
  0 -0.553214 1.163071 7.133941 0.000000 0.000000 1.000000 0.532849 0.093866 1 0 1.000000
  0 -1.131208 0.615750 7.133941 0.000000 0.000000 1.000000 0.582479 0.109991 1 0 1.000000
w_rgmine
  0 -0.335756 -0.043373 7.133941 0.000000 0.000000 1.000000 0.553948 0.171412 1 0 1.000000
  0 -0.297385 0.162428 7.133941 0.000000 0.000000 1.000000 0.545881 0.160309 1 0 1.000000
  0 -1.131208 0.615750 7.133941 0.000000 0.000000 1.000000 0.582479 0.109991 1 0 1.000000
w_rgmine
  0 -0.335756 -0.043373 7.133941 0.000000 0.000000 1.000000 0.553948 0.171412 1 0 1.000000
  0 -1.131208 0.615750 7.133941 0.000000 0.000000 1.000000 0.582479 0.109991 1 0 1.000000
  0 -1.277108 -0.166778 7.133941 0.000000 0.000000 1.000000 0.613153 0.152210 1 0 1.000000
w_rgmine
  0 -0.245832 -0.232423 7.133941 0.000000 0.000000 1.000000 0.553948 0.185137 1 0 1.000000
  0 -0.335756 -0.043373 7.133941 0.000000 0.000000 1.000000 0.553948 0.171412 1 0 1.000000
  0 -1.277108 -0.166778 7.133941 0.000000 0.000000 1.000000 0.613153 0.152210 1 0 1.000000
w_rgmine
  0 -0.245832 -0.232423 7.133941 0.000000 0.000000 1.000000 0.553948 0.185137 1 0 1.000000
  0 -1.277108 -0.166778 7.133941 0.000000 0.000000 1.000000 0.613153 0.152210 1 0 1.000000
  0 -0.935185 -0.885614 7.133941 0.000000 0.000000 1.000000 0.613153 0.204394 1 0 1.000000
w_rgmine
  0 -0.061961 -0.332512 7.133941 0.000000 0.000000 1.000000 0.545881 0.196240 1 0 1.000000
  0 -0.245832 -0.232423 7.133941 0.000000 0.000000 1.000000 0.553948 0.185137 1 0 1.000000
  0 -0.935185 -0.885614 7.133941 0.000000 0.000000 1.000000 0.613153 0.204394 1 0 1.000000
w_rgmine
  0 -0.061961 -0.332512 7.133941 0.000000 0.000000 1.000000 0.545881 0.196240 1 0 1.000000
  0 -0.935185 -0.885614 7.133941 0.000000 0.000000 1.000000 0.613153 0.204394 1 0 1.000000
  0 -0.236042 -1.266187 7.133941 0.000000 0.000000 1.000000 0.582479 0.246613 1 0 1.000000
w_rgmine
  0 -0.061961 -0.332512 7.133941 0.000000 0.000000 1.000000 0.545881 0.196240 1 0 1.000000
  0 -0.236042 -1.266187 7.133941 0.000000 0.000000 1.000000 0.582479 0.246613 1 0 1.000000
  0 0.553272 -1.163132 7.133941 0.000000 0.000000 1.000000 0.532849 0.262739 1 0 1.000000
w_rgmine
  0 -0.061961 -0.332512 7.133941 0.000000 0.000000 1.000000 0.545881 0.196240 1 0 1.000000
  0 0.553272 -1.163132 7.133941 0.000000 0.000000 1.000000 0.532849 0.262739 1 0 1.000000
  0 0.145624 -0.305409 7.133941 0.000000 0.000000 1.000000 0.532829 0.200481 1 0 1.000000
w_rgmine
  0 0.145624 -0.305409 7.133941 0.000000 0.000000 1.000000 0.532829 0.200481 1 0 1.000000
  0 0.553272 -1.163132 7.133941 0.000000 0.000000 1.000000 0.532849 0.262739 1 0 1.000000
  0 1.131266 -0.615811 7.133941 0.000000 0.000000 1.000000 0.483218 0.246613 1 0 1.000000
w_rgmine
  0 -0.122741 -0.296323 9.727928 -0.382665 -0.923833 -0.010037 0.839451 0.333341 1 0 1.000000
  0 -0.296323 -0.122741 7.944671 -0.923833 -0.382664 -0.010038 0.722545 0.349435 1 0 1.000000
  0 -0.122741 -0.296323 7.944671 -0.382665 -0.923833 -0.010037 0.722545 0.333341 1 0 1.000000
w_rgmine
  0 -0.122741 -0.296323 9.727928 -0.382665 -0.923833 -0.010037 0.839451 0.333341 1 0 1.000000
  0 -0.296323 -0.122741 9.727928 -0.923833 -0.382664 -0.010038 0.839451 0.349435 1 0 1.000000
  0 -0.296323 -0.122741 7.944671 -0.923833 -0.382664 -0.010038 0.722545 0.349435 1 0 1.000000
w_rgmine
  0 -0.296323 -0.122741 7.944671 -0.923833 -0.382664 -0.010038 0.722545 0.349435 1 0 1.000000
  0 -0.296323 -0.122741 9.727928 -0.923833 -0.382664 -0.010038 0.839451 0.349435 1 0 1.000000
  0 -0.296323 0.122741 9.727928 -0.923879 0.382684 0.000000 0.839451 0.365528 1 0 1.000000
w_rgmine
  0 -0.296323 -0.122741 7.944671 -0.923833 -0.382664 -0.010038 0.722545 0.349435 1 0 1.000000
  0 -0.296323 0.122741 9.727928 -0.923879 0.382684 0.000000 0.839451 0.365528 1 0 1.000000
  0 -0.296323 0.122741 7.944671 -0.923879 0.382684 0.000000 0.722545 0.365528 1 0 1.000000
w_rgmine
  0 -0.122741 0.296323 9.727928 -0.382684 0.923879 0.000000 0.839451 0.381621 1 0 1.000000
  0 -0.296323 0.122741 7.944671 -0.923879 0.382684 0.000000 0.722545 0.365528 1 0 1.000000
  0 -0.296323 0.122741 9.727928 -0.923879 0.382684 0.000000 0.839451 0.365528 1 0 1.000000
w_rgmine
  0 -0.122741 0.296323 9.727928 -0.382684 0.923879 0.000000 0.839451 0.381621 1 0 1.000000
  0 -0.122741 0.296323 7.944671 -0.382684 0.923879 0.000000 0.722545 0.381621 1 0 1.000000
  0 -0.296323 0.122741 7.944671 -0.923879 0.382684 0.000000 0.722545 0.365528 1 0 1.000000
w_rgmine
  0 -0.122741 0.296323 7.944671 -0.382684 0.923879 0.000000 0.722545 0.381621 1 0 1.000000
  0 -0.122741 0.296323 9.727928 -0.382684 0.923879 0.000000 0.839451 0.381621 1 0 1.000000
  0 0.122741 0.296323 9.727928 0.382664 0.923833 -0.010037 0.839451 0.397714 1 0 1.000000
w_rgmine
  0 -0.122741 0.296323 7.944671 -0.382684 0.923879 0.000000 0.722545 0.381621 1 0 1.000000
  0 0.122741 0.296323 9.727928 0.382664 0.923833 -0.010037 0.839451 0.397714 1 0 1.000000
  0 0.122741 0.296323 7.944671 0.382664 0.923833 -0.010037 0.722545 0.397714 1 0 1.000000
w_rgmine
  0 0.122741 0.296323 7.944671 0.382664 0.923833 -0.010037 0.722545 0.397714 1 0 1.000000
  0 0.122741 0.296323 9.727928 0.382664 0.923833 -0.010037 0.839451 0.397714 1 0 1.000000
  0 0.296323 0.122741 9.727928 0.923879 0.382684 0.000000 0.839451 0.413807 1 0 1.000000
w_rgmine
  0 0.122741 0.296323 7.944671 0.382664 0.923833 -0.010037 0.722545 0.397714 1 0 1.000000
  0 0.296323 0.122741 9.727928 0.923879 0.382684 0.000000 0.839451 0.413807 1 0 1.000000
  0 0.296323 0.122741 7.944671 0.923879 0.382684 0.000000 0.722545 0.413807 1 0 1.000000
w_rgmine
  0 0.296323 0.122741 7.944671 0.923879 0.382684 0.000000 0.722545 0.413807 1 0 1.000000
  0 0.296323 0.122741 9.727928 0.923879 0.382684 0.000000 0.839451 0.413807 1 0 1.000000
  0 0.296323 -0.122741 9.727928 0.923880 -0.382683 0.000000 0.839451 0.429901 1 0 1.000000
w_rgmine
  0 0.296323 0.122741 7.944671 0.923879 0.382684 0.000000 0.722545 0.413807 1 0 1.000000
  0 0.296323 -0.122741 9.727928 0.923880 -0.382683 0.000000 0.839451 0.429901 1 0 1.000000
  0 0.296323 -0.122741 7.944671 0.923880 -0.382683 0.000000 0.722545 0.429901 1 0 1.000000
w_rgmine
  0 0.122741 -0.296323 7.944671 0.382664 -0.923833 -0.010036 0.722545 0.445994 1 0 1.000000
  0 0.296323 -0.122741 7.944671 0.923880 -0.382683 0.000000 0.722545 0.429901 1 0 1.000000
  0 0.296323 -0.122741 9.727928 0.923880 -0.382683 0.000000 0.839451 0.429901 1 0 1.000000
w_rgmine
  0 0.122741 -0.296323 7.944671 0.382664 -0.923833 -0.010036 0.722545 0.445994 1 0 1.000000
  0 0.296323 -0.122741 9.727928 0.923880 -0.382683 0.000000 0.839451 0.429901 1 0 1.000000
  0 0.122741 -0.296323 9.727928 0.382664 -0.923833 -0.010036 0.839451 0.445994 1 0 1.000000
w_rgmine
  0 0.122741 -0.296323 7.944671 0.382664 -0.923833 -0.010036 0.722545 0.445994 1 0 1.000000
  0 0.122741 -0.296323 9.727928 0.382664 -0.923833 -0.010036 0.839451 0.445994 1 0 1.000000
  0 -0.122741 -0.296323 9.727928 -0.382665 -0.923833 -0.010037 0.839451 0.462087 1 0 1.000000
w_rgmine
  0 0.122741 -0.296323 7.944671 0.382664 -0.923833 -0.010036 0.722545 0.445994 1 0 1.000000
  0 -0.122741 -0.296323 9.727928 -0.382665 -0.923833 -0.010037 0.839451 0.462087 1 0 1.000000
  0 -0.122741 -0.296323 7.944671 -0.382665 -0.923833 -0.010037 0.722545 0.462087 1 0 1.000000
w_rgmine
  0 -1.330941 0.724473 6.702533 -0.037614 0.020475 0.999082 0.766363 0.912522 1 0 1.000000
  0 -2.499324 -0.326355 6.659446 -0.037614 0.020475 0.999082 0.667545 0.883245 1 0 1.000000
  0 -1.502601 -0.196219 6.702533 -0.037614 0.020475 0.999082 0.730282 0.862854 1 0 1.000000
w_rgmine
  0 -1.502601 -0.196219 6.702533 -0.037614 0.020475 0.999082 0.730282 0.862854 1 0 1.000000
  0 -2.499324 -0.326355 6.659446 -0.037614 0.020475 0.999082 0.667545 0.883245 1 0 1.000000
  0 -1.830181 -1.733114 6.659445 -0.031097 -0.029447 0.999083 0.667545 0.781077 1 0 1.000000
w_rgmine
  0 -1.502601 -0.196219 6.702533 -0.037614 0.020475 0.999082 0.730282 0.862854 1 0 1.000000
  0 -1.830181 -1.733114 6.659445 -0.031097 -0.029447 0.999083 0.667545 0.781077 1 0 1.000000
  0 -1.100308 -1.041974 6.702533 -0.031097 -0.029447 0.999083 0.730287 0.801463 1 0 1.000000
w_rgmine
  0 -0.277723 -1.489742 6.702533 0.018396 -0.038674 0.999083 0.766366 0.751794 1 0 1.000000
  0 -1.100308 -1.041974 6.702533 -0.031097 -0.029447 0.999083 0.730287 0.801463 1 0 1.000000
  0 -1.830181 -1.733114 6.659445 -0.031097 -0.029447 0.999083 0.667545 0.781077 1 0 1.000000
w_rgmine
  0 -0.277723 -1.489742 6.702533 0.018396 -0.038674 0.999083 0.766366 0.751794 1 0 1.000000
  0 -1.830181 -1.733114 6.659445 -0.031097 -0.029447 0.999083 0.667545 0.781077 1 0 1.000000
  0 -0.461958 -2.477896 6.659445 0.018396 -0.038674 0.999083 0.727598 0.698425 1 0 1.000000
w_rgmine
  0 0.650953 -1.368491 6.702533 0.018396 -0.038674 0.999083 0.824750 0.732822 1 0 1.000000
  0 -0.277723 -1.489742 6.702533 0.018396 -0.038674 0.999083 0.766366 0.751794 1 0 1.000000
  0 -0.461958 -2.477896 6.659445 0.018396 -0.038674 0.999083 0.727598 0.698425 1 0 1.000000
w_rgmine
  0 0.650953 -1.368491 6.702533 0.018396 -0.038674 0.999083 0.824750 0.732822 1 0 1.000000
  0 -0.461958 -2.477896 6.659445 0.018396 -0.038674 0.999083 0.727598 0.698425 1 0 1.000000
  0 1.082726 -2.276215 6.659445 0.018396 -0.038674 0.999083 0.824750 0.666862 1 0 1.000000
w_rgmine
  0 0.650953 -1.368491 6.702533 0.018396 -0.038674 0.999083 0.824750 0.732822 1 0 1.000000
  0 1.082726 -2.276215 6.659445 0.018396 -0.038674 0.999083 0.824750 0.666862 1 0 1.000000
  0 2.213855 -1.205112 6.659445 0.042466 0.005545 0.999083 0.921900 0.698426 1 0 1.000000
w_rgmine
  0 0.650953 -1.368491 6.702533 0.018396 -0.038674 0.999083 0.824750 0.732822 1 0 1.000000
  0 2.213855 -1.205112 6.659445 0.042466 0.005545 0.999083 0.921900 0.698426 1 0 1.000000
  0 1.330998 -0.724534 6.702533 0.042466 0.005545 0.999083 0.883134 0.751795 1 0 1.000000
w_rgmine
  0 1.330998 -0.724534 6.702533 0.042466 0.005545 0.999083 0.883134 0.751795 1 0 1.000000
  0 2.213855 -1.205112 6.659445 0.042466 0.005545 0.999083 0.921900 0.698426 1 0 1.000000
  0 2.499380 0.326296 6.659445 0.042466 0.005545 0.999083 0.981951 0.781072 1 0 1.000000
w_rgmine
  0 1.330998 -0.724534 6.702533 0.042466 0.005545 0.999083 0.883134 0.751795 1 0 1.000000
  0 2.499380 0.326296 6.659445 0.042466 0.005545 0.999083 0.981951 0.781072 1 0 1.000000
  0 1.502657 0.196159 6.702533 0.042466 0.005545 0.999083 0.919214 0.801463 1 0 1.000000
w_rgmine
  0 1.100363 1.041914 6.702533 0.007850 0.042101 0.999083 0.919209 0.862854 1 0 1.000000
  0 1.502657 0.196159 6.702533 0.042466 0.005545 0.999083 0.919214 0.801463 1 0 1.000000
  0 2.499380 0.326296 6.659445 0.042466 0.005545 0.999083 0.981951 0.781072 1 0 1.000000
w_rgmine
  0 1.100363 1.041914 6.702533 0.007850 0.042101 0.999083 0.919209 0.862854 1 0 1.000000
  0 2.499380 0.326296 6.659445 0.042466 0.005545 0.999083 0.981951 0.781072 1 0 1.000000
  0 1.830236 1.733056 6.659445 0.007850 0.042101 0.999083 0.981951 0.883240 1 0 1.000000
w_rgmine
  0 0.277781 1.489680 6.702533 0.007850 0.042101 0.999083 0.883131 0.912522 1 0 1.000000
  0 1.100363 1.041914 6.702533 0.007850 0.042101 0.999083 0.919209 0.862854 1 0 1.000000
  0 1.830236 1.733056 6.659445 0.007850 0.042101 0.999083 0.981951 0.883240 1 0 1.000000
w_rgmine
  0 0.277781 1.489680 6.702533 0.007850 0.042101 0.999083 0.883131 0.912522 1 0 1.000000
  0 1.830236 1.733056 6.659445 0.007850 0.042101 0.999083 0.981951 0.883240 1 0 1.000000
  0 0.462016 2.477835 6.659445 0.007850 0.042101 0.999083 0.921899 0.965891 1 0 1.000000
w_rgmine
  0 0.462016 2.477835 6.659445 0.007850 0.042101 0.999083 0.921899 0.965891 1 0 1.000000
  0 -0.650896 1.368429 6.702533 0.007850 0.042101 0.999083 0.824747 0.931496 1 0 1.000000
  0 0.277781 1.489680 6.702533 0.007850 0.042101 0.999083 0.883131 0.912522 1 0 1.000000
w_rgmine
  0 0.462016 2.477835 6.659445 0.007850 0.042101 0.999083 0.921899 0.965891 1 0 1.000000
  0 -1.082666 2.276155 6.659445 0.007850 0.042101 0.999083 0.824747 0.997455 1 0 1.000000
  0 -0.650896 1.368429 6.702533 0.007850 0.042101 0.999083 0.824747 0.931496 1 0 1.000000
w_rgmine
  0 -1.330941 0.724473 6.702533 -0.037614 0.020475 0.999082 0.766363 0.912522 1 0 1.000000
  0 -0.650896 1.368429 6.702533 0.007850 0.042101 0.999083 0.824747 0.931496 1 0 1.000000
  0 -1.082666 2.276155 6.659445 0.007850 0.042101 0.999083 0.824747 0.997455 1 0 1.000000
w_rgmine
  0 -1.330941 0.724473 6.702533 -0.037614 0.020475 0.999082 0.766363 0.912522 1 0 1.000000
  0 -1.082666 2.276155 6.659445 0.007850 0.042101 0.999083 0.824747 0.997455 1 0 1.000000
  0 -2.213799 1.205050 6.659446 -0.037614 0.020475 0.999082 0.727597 0.965892 1 0 1.000000
w_rgmine
  0 -1.330941 0.724473 6.702533 -0.037614 0.020475 0.999082 0.766363 0.912522 1 0 1.000000
  0 -2.213799 1.205050 6.659446 -0.037614 0.020475 0.999082 0.727597 0.965892 1 0 1.000000
  0 -2.499324 -0.326355 6.659446 -0.037614 0.020475 0.999082 0.667545 0.883245 1 0 1.000000
w_rgmine
  0 -0.313028 0.678703 8.181779 0.942963 0.088486 -0.320922 0.475929 0.888162 1 0 1.000000
  0 -0.319166 0.503298 8.167988 -0.323460 0.038497 -0.945458 0.477014 0.876672 1 0 1.000000
  0 -0.330137 0.677135 8.173135 -0.300640 0.009264 -0.953693 0.477188 0.888095 1 0 1.000000
w_rgmine
  0 -0.313028 0.678703 8.181779 0.942963 0.088486 -0.320922 0.475929 0.888162 1 0 1.000000
  0 -0.297530 0.503351 8.178593 0.951130 0.040711 -0.306095 0.475435 0.876630 1 0 1.000000
  0 -0.319166 0.503298 8.167988 -0.323460 0.038497 -0.945458 0.477014 0.876672 1 0 1.000000
w_rgmine
  0 -0.319166 0.503298 8.167988 -0.323460 0.038497 -0.945458 0.477014 0.876672 1 0 1.000000
  0 -0.297530 0.503351 8.178593 0.951130 0.040711 -0.306095 0.475435 0.876630 1 0 1.000000
  0 -0.300739 0.390762 8.171611 0.941468 -0.007597 -0.337017 0.476035 0.869257 1 0 1.000000
w_rgmine
  0 -0.319166 0.503298 8.167988 -0.323460 0.038497 -0.945458 0.477014 0.876672 1 0 1.000000
  0 -0.300739 0.390762 8.171611 0.941468 -0.007597 -0.337017 0.476035 0.869257 1 0 1.000000
  0 -0.322343 0.391555 8.161045 -0.323460 0.038497 -0.945458 0.477610 0.869353 1 0 1.000000
w_rgmine
  0 -0.300739 0.390762 8.171611 0.941468 -0.007597 -0.337017 0.476035 0.869257 1 0 1.000000
  0 -0.333583 -0.551628 8.155790 -0.253922 0.138222 -0.957297 0.480178 0.807569 1 0 1.000000
  0 -0.322343 0.391555 8.161045 -0.323460 0.038497 -0.945458 0.477610 0.869353 1 0 1.000000
w_rgmine
  0 -0.300739 0.390762 8.171611 0.941468 -0.007597 -0.337017 0.476035 0.869257 1 0 1.000000
  0 -0.312062 -0.564173 8.166178 0.936383 -0.225922 -0.268599 0.478635 0.806702 1 0 1.000000
  0 -0.333583 -0.551628 8.155790 -0.253922 0.138222 -0.957297 0.480178 0.807569 1 0 1.000000
w_rgmine
  0 -0.333583 -0.551628 8.155790 -0.253922 0.138222 -0.957297 0.480178 0.807569 1 0 1.000000
  0 -0.312062 -0.564173 8.166178 0.936383 -0.225922 -0.268599 0.478635 0.806702 1 0 1.000000
  0 -0.337182 -0.606073 8.154285 0.845097 -0.010820 -0.534503 0.480535 0.804008 1 0 1.000000
w_rgmine
  0 -0.333583 -0.551628 8.155790 -0.253922 0.138222 -0.957297 0.480178 0.807569 1 0 1.000000
  0 -0.337182 -0.606073 8.154285 0.845097 -0.010820 -0.534503 0.480535 0.804008 1 0 1.000000
  0 -0.359513 -0.607886 8.143514 -0.447853 -0.038654 -0.893271 0.482163 0.803936 1 0 1.000000
w_rgmine
  0 -0.311590 -0.652895 8.166401 0.569413 0.476818 -0.669637 0.478766 0.800887 1 0 1.000000
  0 -0.359513 -0.607886 8.143514 -0.447853 -0.038654 -0.893271 0.482163 0.803936 1 0 1.000000
  0 -0.337182 -0.606073 8.154285 0.845097 -0.010820 -0.534503 0.480535 0.804008 1 0 1.000000
w_rgmine
  0 -0.311590 -0.652895 8.166401 0.569413 0.476818 -0.669637 0.478766 0.800887 1 0 1.000000
  0 -0.320982 -0.674565 8.161757 -0.043729 -0.717729 -0.694948 0.479493 0.799487 1 0 1.000000
  0 -0.359513 -0.607886 8.143514 -0.447853 -0.038654 -0.893271 0.482163 0.803936 1 0 1.000000
w_rgmine
  0 -0.264924 -0.645952 8.188496 0.053434 0.445027 -0.893921 0.475370 0.801246 1 0 1.000000
  0 -0.320982 -0.674565 8.161757 -0.043729 -0.717729 -0.694948 0.479493 0.799487 1 0 1.000000
  0 -0.311590 -0.652895 8.166401 0.569413 0.476818 -0.669637 0.478766 0.800887 1 0 1.000000
w_rgmine
  0 -0.264924 -0.645952 8.188496 0.053434 0.445027 -0.893921 0.475370 0.801246 1 0 1.000000
  0 -0.248491 -0.664574 8.196076 0.688745 -0.631845 -0.355531 0.474219 0.799992 1 0 1.000000
  0 -0.320982 -0.674565 8.161757 -0.043729 -0.717729 -0.694948 0.479493 0.799487 1 0 1.000000
w_rgmine
  0 -0.264924 -0.645952 8.188496 0.053434 0.445027 -0.893921 0.475370 0.801246 1 0 1.000000
  0 -0.226754 -0.609804 8.206367 0.972184 0.067941 -0.224148 0.472541 0.803536 1 0 1.000000
  0 -0.248491 -0.664574 8.196076 0.688745 -0.631845 -0.355531 0.474219 0.799992 1 0 1.000000
w_rgmine
  0 -0.264924 -0.645952 8.188496 0.053434 0.445027 -0.893921 0.475370 0.801246 1 0 1.000000
  0 -0.250051 -0.608477 8.195538 -0.126701 -0.072184 -0.989311 0.474222 0.803671 1 0 1.000000
  0 -0.226754 -0.609804 8.206367 0.972184 0.067941 -0.224148 0.472541 0.803536 1 0 1.000000
w_rgmine
  0 -0.250051 -0.608477 8.195538 -0.126701 -0.072184 -0.989311 0.474222 0.803671 1 0 1.000000
  0 -0.268269 -0.540682 8.186705 0.874463 0.179672 -0.450592 0.475422 0.808151 1 0 1.000000
  0 -0.226754 -0.609804 8.206367 0.972184 0.067941 -0.224148 0.472541 0.803536 1 0 1.000000
w_rgmine
  0 -0.250051 -0.608477 8.195538 -0.126701 -0.072184 -0.989311 0.474222 0.803671 1 0 1.000000
  0 -0.290023 -0.553751 8.176620 -0.385917 -0.261929 -0.884569 0.477017 0.807340 1 0 1.000000
  0 -0.268269 -0.540682 8.186705 0.874463 0.179672 -0.450592 0.475422 0.808151 1 0 1.000000
w_rgmine
  0 -0.268269 -0.540682 8.186705 0.874463 0.179672 -0.450592 0.475422 0.808151 1 0 1.000000
  0 -0.290023 -0.553751 8.176620 -0.385917 -0.261929 -0.884569 0.477017 0.807340 1 0 1.000000
  0 -0.292746 0.389137 8.169010 -0.345092 -0.007075 -0.938542 0.475629 0.869137 1 0 1.000000
w_rgmine
  0 -0.268269 -0.540682 8.186705 0.874463 0.179672 -0.450592 0.475422 0.808151 1 0 1.000000
  0 -0.292746 0.389137 8.169010 -0.345092 -0.007075 -0.938542 0.475629 0.869137 1 0 1.000000
  0 -0.270978 0.389008 8.179253 0.941468 -0.007597 -0.337017 0.474052 0.869084 1 0 1.000000
w_rgmine
  0 -0.292746 0.389137 8.169010 -0.345092 -0.007075 -0.938542 0.475629 0.869137 1 0 1.000000
  0 -0.268251 0.494611 8.177625 0.934119 -0.067136 -0.350593 0.473739 0.876004 1 0 1.000000
  0 -0.270978 0.389008 8.179253 0.941468 -0.007597 -0.337017 0.474052 0.869084 1 0 1.000000
w_rgmine
  0 -0.292746 0.389137 8.169010 -0.345092 -0.007075 -0.938542 0.475629 0.869137 1 0 1.000000
  0 -0.289983 0.496319 8.167363 -0.323460 0.038497 -0.945458 0.475311 0.876161 1 0 1.000000
  0 -0.268251 0.494611 8.177625 0.934119 -0.067136 -0.350593 0.473739 0.876004 1 0 1.000000
w_rgmine
  0 -0.270239 0.645337 8.177825 -0.306054 0.126768 -0.943536 0.473569 0.885885 1 0 1.000000
  0 -0.268251 0.494611 8.177625 0.934119 -0.067136 -0.350593 0.473739 0.876004 1 0 1.000000
  0 -0.289983 0.496319 8.167363 -0.323460 0.038497 -0.945458 0.475311 0.876161 1 0 1.000000
w_rgmine
  0 -0.270239 0.645337 8.177825 -0.306054 0.126768 -0.943536 0.473569 0.885885 1 0 1.000000
  0 -0.256033 0.642958 8.184646 0.934119 -0.067136 -0.350593 0.472541 0.885700 1 0 1.000000
  0 -0.268251 0.494611 8.177625 0.934119 -0.067136 -0.350593 0.473739 0.876004 1 0 1.000000
w_rgmine
  0 0.236100 1.266126 7.133941 0.162141 0.869637 0.466307 0.452467 0.797961 1 0 1.000000
  0 1.100363 1.041914 6.702533 0.642333 0.608247 0.466308 0.402543 0.824073 1 0 1.000000
  0 0.277781 1.489680 6.702533 0.162141 0.869637 0.466307 0.433984 0.773695 1 0 1.000000
w_rgmine
  0 0.236100 1.266126 7.133941 0.162141 0.869637 0.466307 0.452467 0.797961 1 0 1.000000
  0 0.935241 0.885554 7.133941 0.642333 0.608247 0.466308 0.429722 0.831455 1 0 1.000000
  0 1.100363 1.041914 6.702533 0.642333 0.608247 0.466308 0.402543 0.824073 1 0 1.000000
w_rgmine
  0 0.935241 0.885554 7.133941 0.642333 0.608247 0.466308 0.429722 0.831455 1 0 1.000000
  0 1.502657 0.196159 6.702533 0.877178 0.114528 0.466306 0.404725 0.882452 1 0 1.000000
  0 1.100363 1.041914 6.702533 0.642333 0.608247 0.466308 0.402543 0.824073 1 0 1.000000
w_rgmine
  0 0.935241 0.885554 7.133941 0.642333 0.608247 0.466308 0.429722 0.831455 1 0 1.000000
  0 1.277165 0.166718 7.133941 0.877178 0.114528 0.466306 0.432939 0.872216 1 0 1.000000
  0 1.502657 0.196159 6.702533 0.877178 0.114528 0.466306 0.404725 0.882452 1 0 1.000000
w_rgmine
  0 1.131266 -0.615811 7.133941 0.776970 -0.422937 0.466307 0.456276 0.905666 1 0 1.000000
  0 1.502657 0.196159 6.702533 0.877178 0.114528 0.466306 0.404725 0.882452 1 0 1.000000
  0 1.277165 0.166718 7.133941 0.877178 0.114528 0.466306 0.432939 0.872216 1 0 1.000000
w_rgmine
  0 1.131266 -0.615811 7.133941 0.776970 -0.422937 0.466307 0.456276 0.905666 1 0 1.000000
  0 1.330998 -0.724534 6.702533 0.776970 -0.422937 0.466307 0.440739 0.929195 1 0 1.000000
  0 1.502657 0.196159 6.702533 0.877178 0.114528 0.466306 0.404725 0.882452 1 0 1.000000
w_rgmine
  0 0.553272 -1.163132 7.133941 0.379984 -0.798854 0.466308 0.493931 0.918133 1 0 1.000000
  0 1.330998 -0.724534 6.702533 0.776970 -0.422937 0.466307 0.440739 0.929195 1 0 1.000000
  0 1.131266 -0.615811 7.133941 0.776970 -0.422937 0.466307 0.456276 0.905666 1 0 1.000000
w_rgmine
  0 0.553272 -1.163132 7.133941 0.379984 -0.798854 0.466308 0.493931 0.918133 1 0 1.000000
  0 0.650953 -1.368491 6.702533 0.379984 -0.798854 0.466308 0.494257 0.944834 1 0 1.000000
  0 1.330998 -0.724534 6.702533 0.776970 -0.422937 0.466307 0.440739 0.929195 1 0 1.000000
w_rgmine
  0 0.650953 -1.368491 6.702533 0.379984 -0.798854 0.466308 0.494257 0.944834 1 0 1.000000
  0 0.553272 -1.163132 7.133941 0.379984 -0.798854 0.466308 0.493931 0.918133 1 0 1.000000
  0 -0.236042 -1.266187 7.133941 -0.162141 -0.869636 0.466309 0.531280 0.904720 1 0 1.000000
w_rgmine
  0 0.650953 -1.368491 6.702533 0.379984 -0.798854 0.466308 0.494257 0.944834 1 0 1.000000
  0 -0.236042 -1.266187 7.133941 -0.162141 -0.869636 0.466309 0.531280 0.904720 1 0 1.000000
  0 -0.277723 -1.489742 6.702533 -0.162141 -0.869636 0.466309 0.547453 0.927913 1 0 1.000000
w_rgmine
  0 -0.277723 -1.489742 6.702533 -0.162141 -0.869636 0.466309 0.547453 0.927913 1 0 1.000000
  0 -0.236042 -1.266187 7.133941 -0.162141 -0.869636 0.466309 0.531280 0.904720 1 0 1.000000
  0 -0.935185 -0.885614 7.133941 -0.642333 -0.608247 0.466309 0.553789 0.871001 1 0 1.000000
w_rgmine
  0 -0.277723 -1.489742 6.702533 -0.162141 -0.869636 0.466309 0.547453 0.927913 1 0 1.000000
  0 -0.935185 -0.885614 7.133941 -0.642333 -0.608247 0.466309 0.553789 0.871001 1 0 1.000000
  0 -1.100308 -1.041974 6.702533 -0.642333 -0.608247 0.466309 0.582474 0.880083 1 0 1.000000
w_rgmine
  0 -1.277108 -0.166778 7.133941 -0.877177 -0.114527 0.466308 0.554874 0.829796 1 0 1.000000
  0 -1.100308 -1.041974 6.702533 -0.642333 -0.608247 0.466309 0.582474 0.880083 1 0 1.000000
  0 -0.935185 -0.885614 7.133941 -0.642333 -0.608247 0.466309 0.553789 0.871001 1 0 1.000000
w_rgmine
  0 -1.277108 -0.166778 7.133941 -0.877177 -0.114527 0.466308 0.554874 0.829796 1 0 1.000000
  0 -1.502601 -0.196219 6.702533 -0.877177 -0.114527 0.466308 0.581281 0.821182 1 0 1.000000
  0 -1.100308 -1.041974 6.702533 -0.642333 -0.608247 0.466309 0.582474 0.880083 1 0 1.000000
w_rgmine
  0 -1.277108 -0.166778 7.133941 -0.877177 -0.114527 0.466308 0.554874 0.829796 1 0 1.000000
  0 -1.330941 0.724473 6.702533 -0.776969 0.422938 0.466308 0.547637 0.774526 1 0 1.000000
  0 -1.502601 -0.196219 6.702533 -0.877177 -0.114527 0.466308 0.581281 0.821182 1 0 1.000000
w_rgmine
  0 -1.277108 -0.166778 7.133941 -0.877177 -0.114527 0.466308 0.554874 0.829796 1 0 1.000000
  0 -1.131208 0.615750 7.133941 -0.776969 0.422938 0.466308 0.529959 0.797115 1 0 1.000000
  0 -1.330941 0.724473 6.702533 -0.776969 0.422938 0.466308 0.547637 0.774526 1 0 1.000000
w_rgmine
  0 -1.131208 0.615750 7.133941 -0.776969 0.422938 0.466308 0.529959 0.797115 1 0 1.000000
  0 -0.650896 1.368429 6.702533 -0.379985 0.798855 0.466307 0.491877 0.755437 1 0 1.000000
  0 -1.330941 0.724473 6.702533 -0.776969 0.422938 0.466308 0.547637 0.774526 1 0 1.000000
w_rgmine
  0 -1.131208 0.615750 7.133941 -0.776969 0.422938 0.466308 0.529959 0.797115 1 0 1.000000
  0 -0.553214 1.163071 7.133941 -0.379985 0.798855 0.466307 0.490770 0.784819 1 0 1.000000
  0 -0.650896 1.368429 6.702533 -0.379985 0.798855 0.466307 0.491877 0.755437 1 0 1.000000
w_rgmine
  0 0.277781 1.489680 6.702533 0.162141 0.869637 0.466307 0.433984 0.773695 1 0 1.000000
  0 -0.650896 1.368429 6.702533 -0.379985 0.798855 0.466307 0.491877 0.755437 1 0 1.000000
  0 -0.553214 1.163071 7.133941 -0.379985 0.798855 0.466307 0.490770 0.784819 1 0 1.000000
w_rgmine
  0 0.277781 1.489680 6.702533 0.162141 0.869637 0.466307 0.433984 0.773695 1 0 1.000000
  0 -0.553214 1.163071 7.133941 -0.379985 0.798855 0.466307 0.490770 0.784819 1 0 1.000000
  0 0.236100 1.266126 7.133941 0.162141 0.869637 0.466307 0.452467 0.797961 1 0 1.000000
end
