version 1
nodes
0 "root" -1
1 "pelvis" 0
2 "spine_01" 1
3 "spine_02" 2
4 "spine_03" 3
5 "clavicle_r" 4
6 "upperarm_r" 5
7 "lowerarm_r" 6
8 "hand_r" 7
9 "index_01_r" 8
10 "index_02_r" 9
11 "index_03_r" 10
12 "middle_01_r" 8
13 "middle_02_r" 12
14 "middle_03_r" 13
15 "pinky_01_r" 8
16 "pinky_02_r" 15
17 "pinky_03_r" 16
18 "ring_01_r" 8
19 "ring_02_r" 18
20 "ring_03_r" 19
21 "thumb_01_r" 8
22 "thumb_02_r" 21
23 "thumb_03_r" 22
24 "lowerarm_twist_01_r" 7
25 "upperarm_twist_01_r" 6
26 "clavicle_l" 4
27 "upperarm_l" 26
28 "lowerarm_l" 27
29 "hand_l" 28
30 "index_01_l" 29
31 "index_02_l" 30
32 "index_03_l" 31
33 "middle_01_l" 29
34 "middle_02_l" 33
35 "middle_03_l" 34
36 "pinky_01_l" 29
37 "pinky_02_l" 36
38 "pinky_03_l" 37
39 "ring_01_l" 29
40 "ring_02_l" 39
41 "ring_03_l" 40
42 "thumb_01_l" 29
43 "thumb_02_l" 42
44 "thumb_03_l" 43
45 "lowerarm_twist_01_l" 28
46 "upperarm_twist_01_l" 27
47 "cam_driver" -1
48 "BaseRoot" -1
49 "Base" 48
50 "mag" 49
51 "Bullet" 50
52 "BulletMove" 51
53 "Trigger" 49
54 "Bolt" 49
55 "rhand_ikTarget" 49
56 "lhand_ikTarget" 49
end
skeleton
time 0
0 -0.00000100 7.45008900 -27.50902600 0.00000000 0.00000000 0.00003100
1 -0.00000200 0.00000000 0.00000000 1.57074700 -1.56714200 -1.57074700
2 4.25546500 -0.33518400 -0.00000200 0.00000000 0.00000000 -0.12484800
3 7.43125000 1.49647900 0.00000200 0.00000000 0.00000000 0.24545000
4 5.27847900 0.16554300 0.00000100 0.00000000 0.00000000 0.04851100
5 4.29617700 -17.79056700 17.53758000 1.97586600 1.15990900 -1.29878500
6 -6.21447800 -0.00001000 -0.00002700 -2.22934300 -0.73863600 0.26328700
7 11.94488900 0.00000000 0.00000000 -0.02131300 -0.28667700 0.94334100
8 10.62019000 0.00000000 0.00000000 1.51490800 -0.20294900 2.95091900
9 -4.75111000 -0.69449400 0.83057900 0.05411300 -0.36575100 0.07414700
10 -1.68807600 0.00004300 -0.00003100 0.00866000 -0.02313200 1.08225700
11 -1.33614300 0.00005300 -0.00001000 0.02609000 -0.00377000 0.69594800
12 -4.82049600 -0.50945900 -0.22476100 -0.59552600 -0.09858200 1.39860200
13 -1.82699200 -0.00007200 0.00000800 -0.00922900 0.03936800 1.04386300
14 -1.43657300 0.00000800 0.00000400 -0.04748700 -0.06156900 0.56561900
15 -3.99235900 -0.89118600 -1.82791000 -0.86683100 0.13635500 1.50003900
16 -1.40592200 -0.00002700 0.00000000 0.00711500 -0.02856600 0.63089300
17 -1.17535800 0.00012800 -0.00002100 0.04192500 0.05340800 0.56994100
18 -4.52675200 -0.69057500 -1.12074400 -0.70616200 0.11834300 1.54354500
19 -1.74403800 0.00003300 -0.00000400 -0.00945000 -0.09418300 0.83066800
20 -1.36877400 0.00002500 0.00000400 -0.20781700 0.12090600 0.44087700
21 -2.33538800 -1.03642100 1.05080900 2.16827100 0.38800500 1.07694300
22 -1.52344900 0.00003400 0.00003100 0.09836600 0.16114200 0.56135000
23 -1.59927600 0.00000800 0.00001500 0.02788200 -0.03256400 0.84315700
24 5.58312200 0.11572600 0.29500000 1.94756400 -0.06728900 3.12123600
25 0.19684600 -0.00000100 0.00000400 2.79340700 0.00000600 -3.14157700
26 -0.15094900 -13.61849000 -4.87383300 1.97586200 1.15991000 1.84280300
27 6.21448500 0.00001000 0.00002000 -0.94018300 0.53020400 -1.84529200
28 11.94488500 -0.00003200 -0.00019900 -0.96310600 -0.34534500 -1.72957100
29 10.62016900 -0.00000200 0.00000800 -1.11538100 -1.11313700 -0.48640800
30 4.75116500 0.69437600 -0.83047400 -0.13611400 -0.41542600 1.14316500
31 1.68806100 -0.00002400 0.00000200 -0.00038200 -0.02472600 1.45342700
32 1.33615100 -0.00005000 -0.00001000 0.03042200 -0.02391500 -0.53288900
33 4.82051700 0.50934200 0.22486600 -0.22471400 -0.27686000 1.43682600
34 1.82700300 0.00006200 0.00001000 0.00704100 0.03987900 1.44859800
35 1.43658100 -0.00000600 0.00001000 0.01503200 0.00167500 -0.83651700
36 3.99235500 0.89109000 1.82799500 -0.48635600 -0.01051400 1.79687400
37 1.40592200 0.00003100 -0.00000400 -0.01008400 -0.02773000 1.22438300
38 1.17536200 -0.00013200 0.00000400 -0.07487300 0.09798600 -0.69969900
39 4.52676200 0.69046800 1.12084200 -0.50202300 -0.16401400 1.81879400
40 1.74404100 -0.00002700 0.00000100 -0.02147200 -0.02036900 1.22414600
41 1.36876300 -0.00003100 -0.00002000 -0.12191500 0.10180800 -1.06387600
42 2.10653900 1.23392000 -0.87204100 1.96366100 0.54908700 0.36085100
43 1.62388300 -0.20587600 -0.15746600 -0.00389400 -0.07294600 0.12080700
44 1.59179000 -0.07171900 0.01248600 0.03799300 0.07429800 -0.27107500
45 5.51180800 -0.00000600 0.00000400 -0.85022300 0.00000000 0.00000000
46 0.19684600 0.00000600 0.00000000 -0.34822500 0.00001500 -0.00000200
47 0.00000000 0.00000000 0.00000000 0.00000000 0.00000000 -1.57079600
48 -3.50891600 95.49678000 -4.01822700 0.00000000 0.00000000 -3.14156200
49 -8.04148600 111.69036900 0.19404400 0.42807800 0.26617200 -0.37397100
50 -2.87045600 0.00336400 -0.23724700 0.00000000 0.00000000 0.00000000
51 0.08814800 -0.00123200 -0.18827900 0.00000000 0.00000000 0.00000000
52 -0.00201600 -0.00657100 0.44810600 0.00000000 0.00000000 0.00000000
53 4.26886000 -0.00635900 -1.38380900 0.00000000 0.00000000 0.00000000
54 -1.63111300 0.00486400 0.46800100 0.00000000 0.00000000 0.00000000
55 10.33701400 2.73072800 -1.71336300 -0.46458300 1.24462700 1.41524100
56 -4.60163700 -2.18246400 -1.60537900 -2.79071600 1.07588400 -1.95478900
time 1
0 -0.00000100 7.45008900 -27.50902600 0.00000000 0.00000000 0.00003100
1 -0.00000200 0.00000000 0.00000000 1.57074700 -1.56714200 -1.57074700
2 4.25546500 -0.33518400 -0.00000200 0.00000000 0.00000000 -0.12484800
3 7.43125000 1.49647900 0.00000200 0.00000000 0.00000000 0.24545000
4 5.27847900 0.16554300 0.00000100 0.00000000 0.00000000 0.04851100
5 4.29617700 -17.79056700 17.53758000 1.97586600 1.15990900 -1.29878500
6 -6.21447800 -0.00001000 -0.00002700 -2.22944600 -0.73870600 0.26329000
7 11.94488900 0.00000000 0.00000000 -0.02131300 -0.28667700 0.94334100
8 10.62019000 0.00000000 0.00000000 1.51481400 -0.20290300 2.95074200
9 -4.75111000 -0.69449400 0.83057900 0.05411300 -0.36575100 0.07414700
10 -1.68807600 0.00004300 -0.00003100 0.00866000 -0.02313200 1.08225700
11 -1.33614300 0.00005300 -0.00001000 0.02609000 -0.00377000 0.69594800
12 -4.82049600 -0.50945900 -0.22476100 -0.59552600 -0.09858200 1.39860200
13 -1.82699200 -0.00007200 0.00000800 -0.00922900 0.03936800 1.04386300
14 -1.43657300 0.00000800 0.00000400 -0.04748700 -0.06156900 0.56561900
15 -3.99235900 -0.89118600 -1.82791000 -0.86683100 0.13635500 1.50003900
16 -1.40592200 -0.00002700 0.00000000 0.00711500 -0.02856600 0.63089300
17 -1.17535800 0.00012800 -0.00002100 0.04192500 0.05340800 0.56994100
18 -4.52675200 -0.69057500 -1.12074400 -0.70616200 0.11834300 1.54354500
19 -1.74403800 0.00003300 -0.00000400 -0.00945000 -0.09418300 0.83066800
20 -1.36877400 0.00002500 0.00000400 -0.20781700 0.12090600 0.44087700
21 -2.33538800 -1.03642100 1.05080900 2.16827100 0.38800500 1.07694300
22 -1.52344900 0.00003400 0.00003100 0.09836600 0.16114200 0.56135000
23 -1.59927600 0.00000800 0.00001500 0.02788200 -0.03256400 0.84315700
24 5.58312200 0.11572600 0.29500000 1.94756400 -0.06728900 3.12123600
25 0.19684600 -0.00000100 0.00000400 2.79340700 0.00000600 -3.14157700
26 -0.15094900 -13.61849000 -4.87383300 1.97586200 1.15991000 1.84280300
27 6.21448500 0.00001000 0.00002000 -0.94006900 0.53038200 -1.84522600
28 11.94488500 -0.00003200 -0.00019900 -0.96308300 -0.34529100 -1.72973800
29 10.62016900 -0.00000200 0.00000800 -1.11552500 -1.11323000 -0.48642100
30 4.75116500 0.69437600 -0.83047400 -0.13611400 -0.41542600 1.14316500
31 1.68806100 -0.00002400 0.00000200 -0.00038200 -0.02472600 1.45342700
32 1.33615100 -0.00005000 -0.00001000 0.03042200 -0.02391500 -0.53288900
33 4.82051700 0.50934200 0.22486600 -0.22471400 -0.27686000 1.43682600
34 1.82700300 0.00006200 0.00001000 0.00704100 0.03987900 1.44859800
35 1.43658100 -0.00000600 0.00001000 0.01503200 0.00167500 -0.83651700
36 3.99235500 0.89109000 1.82799500 -0.48635600 -0.01051400 1.79687400
37 1.40592200 0.00003100 -0.00000400 -0.01008400 -0.02773000 1.22438300
38 1.17536200 -0.00013200 0.00000400 -0.07487300 0.09798600 -0.69969900
39 4.52676200 0.69046800 1.12084200 -0.50202300 -0.16401400 1.81879400
40 1.74404100 -0.00002700 0.00000100 -0.02147200 -0.02036900 1.22414600
41 1.36876300 -0.00003100 -0.00002000 -0.12191500 0.10180800 -1.06387600
42 2.10653900 1.23392000 -0.87204100 1.96366100 0.54908700 0.36085100
43 1.62388300 -0.20587600 -0.15746600 -0.00389400 -0.07294600 0.12080700
44 1.59179000 -0.07171900 0.01248600 0.03799300 0.07429800 -0.27107500
45 5.51180800 -0.00000600 0.00000400 -0.85022300 0.00000000 0.00000000
46 0.19684600 0.00000600 0.00000000 -0.34822500 0.00001500 -0.00000200
47 0.00000000 0.00000000 0.00000000 0.00000000 0.00000000 -1.57079600
48 -3.50891600 95.49678000 -4.01822700 0.00000000 0.00000000 -3.14156200
49 -8.04199100 111.69036900 0.19191900 0.42801300 0.26598800 -0.37401300
50 -2.87045600 0.00336400 -0.23724700 0.00000000 0.00000000 0.00000000
51 0.08814800 -0.00123200 -0.18827900 0.00000000 0.00000000 0.00000000
52 -0.00201600 -0.00657100 0.44810600 0.00000000 0.00000000 0.00000000
53 4.26886000 -0.00635900 -1.38380900 0.00000000 0.00000000 0.00000000
54 -1.63111300 0.00486400 0.46800100 0.00000000 0.00000000 0.00000000
55 10.33701400 2.73072800 -1.71336300 -0.46458300 1.24462700 1.41524100
56 -4.60163700 -2.18246400 -1.60537900 -2.79071600 1.07588400 -1.95478900
time 2
0 -0.00000100 7.45008900 -27.50902600 0.00000000 0.00000000 0.00003100
1 -0.00000200 0.00000000 0.00000000 1.57074700 -1.56714200 -1.57074700
2 4.25546500 -0.33518400 -0.00000200 0.00000000 0.00000000 -0.12484800
3 7.43125000 1.49647900 0.00000200 0.00000000 0.00000000 0.24545000
4 5.27847900 0.16554300 0.00000100 0.00000000 0.00000000 0.04851100
5 4.29617700 -17.79056700 17.53758000 1.97586600 1.15990900 -1.29878500
6 -6.21447800 -0.00001000 -0.00002700 -2.22964300 -0.73872100 0.26324200
7 11.94488900 0.00000000 0.00000000 -0.02138300 -0.28675200 0.94355400
8 10.62019000 0.00000000 0.00000000 1.51457900 -0.20294900 2.95014900
9 -4.75111000 -0.69449400 0.83057900 0.05411300 -0.36575100 0.07414700
10 -1.68807600 0.00004300 -0.00003100 0.00866000 -0.02313200 1.08225700
11 -1.33614300 0.00005300 -0.00001000 0.02609000 -0.00377000 0.69594800
12 -4.82049600 -0.50945900 -0.22476100 -0.59552600 -0.09858200 1.39860200
13 -1.82699200 -0.00007200 0.00000800 -0.00922900 0.03936800 1.04386300
14 -1.43657300 0.00000800 0.00000400 -0.04748700 -0.06156900 0.56561900
15 -3.99235900 -0.89118600 -1.82791000 -0.86683100 0.13635500 1.50003900
16 -1.40592200 -0.00002700 0.00000000 0.00711500 -0.02856600 0.63089300
17 -1.17535800 0.00012800 -0.00002100 0.04192500 0.05340800 0.56994100
18 -4.52675200 -0.69057500 -1.12074400 -0.70616200 0.11834300 1.54354500
19 -1.74403800 0.00003300 -0.00000400 -0.00945000 -0.09418300 0.83066800
20 -1.36877400 0.00002500 0.00000400 -0.20781700 0.12090600 0.44087700
21 -2.33538800 -1.03642100 1.05080900 2.16827100 0.38800500 1.07694300
22 -1.52344900 0.00003400 0.00003100 0.09836600 0.16114200 0.56135000
23 -1.59927600 0.00000800 0.00001500 0.02788200 -0.03256400 0.84315700
24 5.58312200 0.11572600 0.29500000 1.94756400 -0.06728900 3.12123600
25 0.19684600 -0.00000100 0.00000400 2.79340700 0.00000600 -3.14157700
26 -0.15094900 -13.61849000 -4.87383300 1.97586200 1.15991000 1.84280300
27 6.21448500 0.00001000 0.00002000 -0.93974100 0.53116000 -1.84466900
28 11.94488500 -0.00003200 -0.00019900 -0.96289600 -0.34530200 -1.73008000
29 10.62016900 -0.00000200 0.00000800 -1.11601000 -1.11360100 -0.48638800
30 4.75116500 0.69437600 -0.83047400 -0.13611400 -0.41542600 1.14316500
31 1.68806100 -0.00002400 0.00000200 -0.00038200 -0.02472600 1.45342700
32 1.33615100 -0.00005000 -0.00001000 0.03042200 -0.02391500 -0.53288900
33 4.82051700 0.50934200 0.22486600 -0.22471400 -0.27686000 1.43682600
34 1.82700300 0.00006200 0.00001000 0.00704100 0.03987900 1.44859800
35 1.43658100 -0.00000600 0.00001000 0.01503200 0.00167500 -0.83651700
36 3.99235500 0.89109000 1.82799500 -0.48635600 -0.01051400 1.79687400
37 1.40592200 0.00003100 -0.00000400 -0.01008400 -0.02773000 1.22438300
38 1.17536200 -0.00013200 0.00000400 -0.07487300 0.09798600 -0.69969900
39 4.52676200 0.69046800 1.12084200 -0.50202300 -0.16401400 1.81879400
40 1.74404100 -0.00002700 0.00000100 -0.02147200 -0.02036900 1.22414600
41 1.36876300 -0.00003100 -0.00002000 -0.12191500 0.10180800 -1.06387600
42 2.10653900 1.23392000 -0.87204100 1.96366100 0.54908700 0.36085100
43 1.62388300 -0.20587600 -0.15746600 -0.00389400 -0.07294600 0.12080700
44 1.59179000 -0.07171900 0.01248600 0.03799300 0.07429800 -0.27107500
45 5.51180800 -0.00000600 0.00000400 -0.85022300 0.00000000 0.00000000
46 0.19684600 0.00000600 0.00000000 -0.34822500 0.00001500 -0.00000200
47 0.00000000 0.00000000 0.00000000 0.00000000 0.00000000 -1.57079600
48 -3.50891600 95.49678000 -4.01822700 0.00000000 0.00000000 -3.14156200
49 -8.04346400 111.69036900 0.18573500 0.42781700 0.26543400 -0.37413800
50 -2.87045600 0.00336400 -0.23724700 0.00000000 0.00000000 0.00000000
51 0.08814800 -0.00123200 -0.18827900 0.00000000 0.00000000 0.00000000
52 -0.00201600 -0.00657100 0.44810600 0.00000000 0.00000000 0.00000000
53 4.26886000 -0.00635900 -1.38380900 0.00000000 0.00000000 0.00000000
54 -1.63111300 0.00486400 0.46800100 0.00000000 0.00000000 0.00000000
55 10.33701400 2.73072800 -1.71336300 -0.46458300 1.24462700 1.41524100
56 -4.60163700 -2.18246400 -1.60537900 -2.79071600 1.07588400 -1.95478900
time 3
0 -0.00000100 7.45008900 -27.50902600 0.00000000 0.00000000 0.00003100
1 -0.00000200 0.00000000 0.00000000 1.57074700 -1.56714200 -1.57074700
2 4.25546500 -0.33518400 -0.00000200 0.00000000 0.00000000 -0.12484800
3 7.43125000 1.49647900 0.00000200 0.00000000 0.00000000 0.24545000
4 5.27847900 0.16554300 0.00000100 0.00000000 0.00000000 0.04851100
5 4.29617700 -17.79056700 17.53758000 1.97586600 1.15990900 -1.29878500
6 -6.21447800 -0.00001000 -0.00002700 -2.22983000 -0.73894500 0.26320200
7 11.94488900 0.00000000 0.00000000 -0.02141200 -0.28675000 0.94375400
8 10.62019000 0.00000000 0.00000000 1.51427500 -0.20301100 2.94931700
9 -4.75111000 -0.69449400 0.83057900 0.05411300 -0.36575100 0.07414700
10 -1.68807600 0.00004300 -0.00003100 0.00866000 -0.02313200 1.08225700
11 -1.33614300 0.00005300 -0.00001000 0.02609000 -0.00377000 0.69594800
12 -4.82049600 -0.50945900 -0.22476100 -0.59552600 -0.09858200 1.39860200
13 -1.82699200 -0.00007200 0.00000800 -0.00922900 0.03936800 1.04386300
14 -1.43657300 0.00000800 0.00000400 -0.04748700 -0.06156900 0.56561900
15 -3.99235900 -0.89118600 -1.82791000 -0.86683100 0.13635500 1.50003900
16 -1.40592200 -0.00002700 0.00000000 0.00711500 -0.02856600 0.63089300
17 -1.17535800 0.00012800 -0.00002100 0.04192500 0.05340800 0.56994100
18 -4.52675200 -0.69057500 -1.12074400 -0.70616200 0.11834300 1.54354500
19 -1.74403800 0.00003300 -0.00000400 -0.00945000 -0.09418300 0.83066800
20 -1.36877400 0.00002500 0.00000400 -0.20781700 0.12090600 0.44087700
21 -2.33538800 -1.03642100 1.05080900 2.16827100 0.38800500 1.07694300
22 -1.52344900 0.00003400 0.00003100 0.09836600 0.16114200 0.56135000
23 -1.59927600 0.00000800 0.00001500 0.02788200 -0.03256400 0.84315700
24 5.58312200 0.11572600 0.29500000 1.94756400 -0.06728900 3.12123600
25 0.19684600 -0.00000100 0.00000400 2.79340700 0.00000600 -3.14157700
26 -0.15094900 -13.61849000 -4.87383300 1.97586200 1.15991000 1.84280300
27 6.21448500 0.00001000 0.00002000 -0.93940800 0.53214300 -1.84414100
28 11.94488500 -0.00003200 -0.00019900 -0.96282600 -0.34529300 -1.73060800
29 10.62016900 -0.00000200 0.00000800 -1.11678400 -1.11415800 -0.48638100
30 4.75116500 0.69437600 -0.83047400 -0.13611400 -0.41542600 1.14316500
31 1.68806100 -0.00002400 0.00000200 -0.00038200 -0.02472600 1.45342700
32 1.33615100 -0.00005000 -0.00001000 0.03042200 -0.02391500 -0.53288900
33 4.82051700 0.50934200 0.22486600 -0.22471400 -0.27686000 1.43682600
34 1.82700300 0.00006200 0.00001000 0.00704100 0.03987900 1.44859800
35 1.43658100 -0.00000600 0.00001000 0.01503200 0.00167500 -0.83651700
36 3.99235500 0.89109000 1.82799500 -0.48635600 -0.01051400 1.79687400
37 1.40592200 0.00003100 -0.00000400 -0.01008400 -0.02773000 1.22438300
38 1.17536200 -0.00013200 0.00000400 -0.07487300 0.09798600 -0.69969900
39 4.52676200 0.69046800 1.12084200 -0.50202300 -0.16401400 1.81879400
40 1.74404100 -0.00002700 0.00000100 -0.02147200 -0.02036900 1.22414600
41 1.36876300 -0.00003100 -0.00002000 -0.12191500 0.10180800 -1.06387600
42 2.10653900 1.23392000 -0.87204100 1.96366100 0.54908700 0.36085100
43 1.62388300 -0.20587600 -0.15746600 -0.00389400 -0.07294600 0.12080700
44 1.59179000 -0.07171900 0.01248600 0.03799300 0.07429800 -0.27107500
45 5.51180800 -0.00000600 0.00000400 -0.85022300 0.00000000 0.00000000
46 0.19684600 0.00000600 0.00000000 -0.34822500 0.00001500 -0.00000200
47 0.00000000 0.00000000 0.00000000 0.00000000 0.00000000 -1.57079600
48 -3.50891600 95.49678000 -4.01822700 0.00000000 0.00000000 -3.14156200
49 -8.04583400 111.69036900 0.17578400 0.42747800 0.26459500 -0.37433100
50 -2.87045600 0.00336400 -0.23724700 0.00000000 0.00000000 0.00000000
51 0.08814800 -0.00123200 -0.18827900 0.00000000 0.00000000 0.00000000
52 -0.00201600 -0.00657100 0.44810600 0.00000000 0.00000000 0.00000000
53 4.26886000 -0.00635900 -1.38380900 0.00000000 0.00000000 0.00000000
54 -1.63111300 0.00486400 0.46800100 0.00000000 0.00000000 0.00000000
55 10.33701400 2.73072800 -1.71336300 -0.46458300 1.24462700 1.41524100
56 -4.60163700 -2.18246400 -1.60537900 -2.79071600 1.07588400 -1.95478900
time 4
0 -0.00000100 7.45008900 -27.50902600 0.00000000 0.00000000 0.00003100
1 -0.00000200 0.00000000 0.00000000 1.57074700 -1.56714200 -1.57074700
2 4.25546500 -0.33518400 -0.00000200 0.00000000 0.00000000 -0.12484800
3 7.43125000 1.49647900 0.00000200 0.00000000 0.00000000 0.24545000
4 5.27847900 0.16554300 0.00000100 0.00000000 0.00000000 0.04851100
5 4.29617700 -17.79056700 17.53758000 1.97586600 1.15990900 -1.29878500
6 -6.21447800 -0.00001000 -0.00002700 -2.23024300 -0.73922700 0.26321200
7 11.94488900 0.00000000 0.00000000 -0.02148300 -0.28682600 0.94396700
8 10.62019000 0.00000000 0.00000000 1.51378300 -0.20298200 2.94813200
9 -4.75111000 -0.69449400 0.83057900 0.05411300 -0.36575100 0.07414700
10 -1.68807600 0.00004300 -0.00003100 0.00866000 -0.02313200 1.08225700
11 -1.33614300 0.00005300 -0.00001000 0.02609000 -0.00377000 0.69594800
12 -4.82049600 -0.50945900 -0.22476100 -0.59552600 -0.09858200 1.39860200
13 -1.82699200 -0.00007200 0.00000800 -0.00922900 0.03936800 1.04386300
14 -1.43657300 0.00000800 0.00000400 -0.04748700 -0.06156900 0.56561900
15 -3.99235900 -0.89118600 -1.82791000 -0.86683100 0.13635500 1.50003900
16 -1.40592200 -0.00002700 0.00000000 0.00711500 -0.02856600 0.63089300
17 -1.17535800 0.00012800 -0.00002100 0.04192500 0.05340800 0.56994100
18 -4.52675200 -0.69057500 -1.12074400 -0.70616200 0.11834300 1.54354500
19 -1.74403800 0.00003300 -0.00000400 -0.00945000 -0.09418300 0.83066800
20 -1.36877400 0.00002500 0.00000400 -0.20781700 0.12090600 0.44087700
21 -2.33538800 -1.03642100 1.05080900 2.16827100 0.38800500 1.07694300
22 -1.52344900 0.00003400 0.00003100 0.09836600 0.16114200 0.56135000
23 -1.59927600 0.00000800 0.00001500 0.02788200 -0.03256400 0.84315700
24 5.58312200 0.11572600 0.29500000 1.94756400 -0.06728900 3.12123600
25 0.19684600 -0.00000100 0.00000400 2.79340700 0.00000600 -3.14157700
26 -0.15094900 -13.61849000 -4.87383300 1.97586200 1.15991000 1.84280300
27 6.21448500 0.00001000 0.00002000 -0.93892100 0.53358900 -1.84340800
28 11.94488500 -0.00003200 -0.00019900 -0.96252300 -0.34525500 -1.73128800
29 10.62016900 -0.00000200 0.00000800 -1.11769500 -1.11496100 -0.48644800
30 4.75116500 0.69437600 -0.83047400 -0.13611400 -0.41542600 1.14316500
31 1.68806100 -0.00002400 0.00000200 -0.00038200 -0.02472600 1.45342700
32 1.33615100 -0.00005000 -0.00001000 0.03042200 -0.02391500 -0.53288900
33 4.82051700 0.50934200 0.22486600 -0.22471400 -0.27686000 1.43682600
34 1.82700300 0.00006200 0.00001000 0.00704100 0.03987900 1.44859800
35 1.43658100 -0.00000600 0.00001000 0.01503200 0.00167500 -0.83651700
36 3.99235500 0.89109000 1.82799500 -0.48635600 -0.01051400 1.79687400
37 1.40592200 0.00003100 -0.00000400 -0.01008400 -0.02773000 1.22438300
38 1.17536200 -0.00013200 0.00000400 -0.07487300 0.09798600 -0.69969900
39 4.52676200 0.69046800 1.12084200 -0.50202300 -0.16401400 1.81879400
40 1.74404100 -0.00002700 0.00000100 -0.02147200 -0.02036900 1.22414600
41 1.36876300 -0.00003100 -0.00002000 -0.12191500 0.10180800 -1.06387600
42 2.10653900 1.23392000 -0.87204100 1.96366100 0.54908700 0.36085100
43 1.62388300 -0.20587600 -0.15746600 -0.00389400 -0.07294600 0.12080700
44 1.59179000 -0.07171900 0.01248600 0.03799300 0.07429800 -0.27107500
45 5.51180800 -0.00000600 0.00000400 -0.85022300 0.00000000 0.00000000
46 0.19684600 0.00000600 0.00000000 -0.34822500 0.00001500 -0.00000200
47 0.00000000 0.00000000 0.00000000 0.00000000 0.00000000 -1.57079600
48 -3.50891600 95.49678000 -4.01822700 0.00000000 0.00000000 -3.14156200
49 -8.04903100 111.69036900 0.16235400 0.42699800 0.26340600 -0.37469600
50 -2.87045600 0.00336400 -0.23724700 0.00000000 0.00000000 0.00000000
51 0.08814800 -0.00123200 -0.18827900 0.00000000 0.00000000 0.00000000
52 -0.00201600 -0.00657100 0.44810600 0.00000000 0.00000000 0.00000000
53 4.26886000 -0.00635900 -1.38380900 0.00000000 0.00000000 0.00000000
54 -1.63111300 0.00486400 0.46800100 0.00000000 0.00000000 0.00000000
55 10.33701400 2.73072800 -1.71336300 -0.46458300 1.24462700 1.41524100
56 -4.60163700 -2.18246400 -1.60537900 -2.79071600 1.07588400 -1.95478900
time 5
0 -0.00000100 7.45008900 -27.50902600 0.00000000 0.00000000 0.00003100
1 -0.00000200 0.00000000 0.00000000 1.57074700 -1.56714200 -1.57074700
2 4.25546500 -0.33518400 -0.00000200 0.00000000 0.00000000 -0.12484800
3 7.43125000 1.49647900 0.00000200 0.00000000 0.00000000 0.24545000
4 5.27847900 0.16554300 0.00000100 0.00000000 0.00000000 0.04851100
5 4.29617700 -17.79056700 17.53758000 1.97586600 1.15990900 -1.29878500
6 -6.21447800 -0.00001000 -0.00002700 -2.23065700 -0.73950800 0.26322300
7 11.94488900 0.00000000 0.00000000 -0.02156800 -0.28690000 0.94427900
8 10.62019000 0.00000000 0.00000000 1.51324800 -0.20297200 2.94658100
9 -4.75111000 -0.69449400 0.83057900 0.05411300 -0.36575100 0.07414700
10 -1.68807600 0.00004300 -0.00003100 0.00866000 -0.02313200 1.08225700
11 -1.33614300 0.00005300 -0.00001000 0.02609000 -0.00377000 0.69594800
12 -4.82049600 -0.50945900 -0.22476100 -0.59552600 -0.09858200 1.39860200
13 -1.82699200 -0.00007200 0.00000800 -0.00922900 0.03936800 1.04386300
14 -1.43657300 0.00000800 0.00000400 -0.04748700 -0.06156900 0.56561900
15 -3.99235900 -0.89118600 -1.82791000 -0.86683100 0.13635500 1.50003900
16 -1.40592200 -0.00002700 0.00000000 0.00711500 -0.02856600 0.63089300
17 -1.17535800 0.00012800 -0.00002100 0.04192500 0.05340800 0.56994100
18 -4.52675200 -0.69057500 -1.12074400 -0.70616200 0.11834300 1.54354500
19 -1.74403800 0.00003300 -0.00000400 -0.00945000 -0.09418300 0.83066800
20 -1.36877400 0.00002500 0.00000400 -0.20781700 0.12090600 0.44087700
21 -2.33538800 -1.03642100 1.05080900 2.16827100 0.38800500 1.07694300
22 -1.52344900 0.00003400 0.00003100 0.09836600 0.16114200 0.56135000
23 -1.59927600 0.00000800 0.00001500 0.02788200 -0.03256400 0.84315700
24 5.58312200 0.11572600 0.29500000 1.94756400 -0.06728900 3.12123600
25 0.19684600 -0.00000100 0.00000400 2.79340700 0.00000600 -3.14157700
26 -0.15094900 -13.61849000 -4.87383300 1.97586200 1.15991000 1.84280300
27 6.21448500 0.00001000 0.00002000 -0.93837500 0.53531500 -1.84269700
28 11.94488500 -0.00003200 -0.00019900 -0.96218500 -0.34521300 -1.73223100
29 10.62016900 -0.00000200 0.00000800 -1.11875500 -1.11585800 -0.48652600
30 4.75116500 0.69437600 -0.83047400 -0.13611400 -0.41542600 1.14316500
31 1.68806100 -0.00002400 0.00000200 -0.00038200 -0.02472600 1.45342700
32 1.33615100 -0.00005000 -0.00001000 0.03042200 -0.02391500 -0.53288900
33 4.82051700 0.50934200 0.22486600 -0.22471400 -0.27686000 1.43682600
34 1.82700300 0.00006200 0.00001000 0.00704100 0.03987900 1.44859800
35 1.43658100 -0.00000600 0.00001000 0.01503200 0.00167500 -0.83651700
36 3.99235500 0.89109000 1.82799500 -0.48635600 -0.01051400 1.79687400
37 1.40592200 0.00003100 -0.00000400 -0.01008400 -0.02773000 1.22438300
38 1.17536200 -0.00013200 0.00000400 -0.07487300 0.09798600 -0.69969900
39 4.52676200 0.69046800 1.12084200 -0.50202300 -0.16401400 1.81879400
40 1.74404100 -0.00002700 0.00000100 -0.02147200 -0.02036900 1.22414600
41 1.36876300 -0.00003100 -0.00002000 -0.12191500 0.10180800 -1.06387600
42 2.10653900 1.23392000 -0.87204100 1.96366100 0.54908700 0.36085100
43 1.62388300 -0.20587600 -0.15746600 -0.00389400 -0.07294600 0.12080700
44 1.59179000 -0.07171900 0.01248600 0.03799300 0.07429800 -0.27107500
45 5.51180800 -0.00000600 0.00000400 -0.85022300 0.00000000 0.00000000
46 0.19684600 0.00000600 0.00000000 -0.34822500 0.00001500 -0.00000200
47 0.00000000 0.00000000 0.00000000 0.00000000 0.00000000 -1.57079600
48 -3.50891600 95.49678000 -4.01822700 0.00000000 0.00000000 -3.14156200
49 -8.05298800 111.69036900 0.14573600 0.42647800 0.26193000 -0.37502800
50 -2.87045600 0.00336400 -0.23724700 0.00000000 0.00000000 0.00000000
51 0.08814800 -0.00123200 -0.18827900 0.00000000 0.00000000 0.00000000
52 -0.00201600 -0.00657100 0.44810600 0.00000000 0.00000000 0.00000000
53 4.26886000 -0.00635900 -1.38380900 0.00000000 0.00000000 0.00000000
54 -1.63111300 0.00486400 0.46800100 0.00000000 0.00000000 0.00000000
55 10.33701400 2.73072800 -1.71336300 -0.46458300 1.24462700 1.41524100
56 -4.60163700 -2.18246400 -1.60537900 -2.79071600 1.07588400 -1.95478900
time 6
0 -0.00000100 7.45008900 -27.50902600 0.00000000 0.00000000 0.00003100
1 -0.00000200 0.00000000 0.00000000 1.57074700 -1.56714200 -1.57074700
2 4.25546500 -0.33518400 -0.00000200 0.00000000 0.00000000 -0.12484800
3 7.43125000 1.49647900 0.00000200 0.00000000 0.00000000 0.24545000
4 5.27847900 0.16554300 0.00000100 0.00000000 0.00000000 0.04851100
5 4.29617700 -17.79056700 17.53758000 1.97586600 1.15990900 -1.29878500
6 -6.21447800 -0.00001000 -0.00002700 -2.23117400 -0.73985900 0.26323600
7 11.94488900 0.00000000 0.00000000 -0.02166700 -0.28697400 0.94469200
8 10.62019000 0.00000000 0.00000000 1.51252600 -0.20293200 2.94473900
9 -4.75111000 -0.69449400 0.83057900 0.05411300 -0.36575100 0.07414700
10 -1.68807600 0.00004300 -0.00003100 0.00866000 -0.02313200 1.08225700
11 -1.33614300 0.00005300 -0.00001000 0.02609000 -0.00377000 0.69594800
12 -4.82049600 -0.50945900 -0.22476100 -0.59552600 -0.09858200 1.39860200
13 -1.82699200 -0.00007200 0.00000800 -0.00922900 0.03936800 1.04386300
14 -1.43657300 0.00000800 0.00000400 -0.04748700 -0.06156900 0.56561900
15 -3.99235900 -0.89118600 -1.82791000 -0.86683100 0.13635500 1.50003900
16 -1.40592200 -0.00002700 0.00000000 0.00711500 -0.02856600 0.63089300
17 -1.17535800 0.00012800 -0.00002100 0.04192500 0.05340800 0.56994100
18 -4.52675200 -0.69057500 -1.12074400 -0.70616200 0.11834300 1.54354500
19 -1.74403800 0.00003300 -0.00000400 -0.00945000 -0.09418300 0.83066800
20 -1.36877400 0.00002500 0.00000400 -0.20781700 0.12090600 0.44087700
21 -2.33538800 -1.03642100 1.05080900 2.16827100 0.38800500 1.07694300
22 -1.52344900 0.00003400 0.00003100 0.09836600 0.16114200 0.56135000
23 -1.59927600 0.00000800 0.00001500 0.02788200 -0.03256400 0.84315700
24 5.58312200 0.11572600 0.29500000 1.94756400 -0.06728900 3.12123600
25 0.19684600 -0.00000100 0.00000400 2.79340700 0.00000600 -3.14157700
26 -0.15094900 -13.61849000 -4.87383300 1.97586200 1.15991000 1.84280300
27 6.21448500 0.00001000 0.00002000 -0.93761100 0.53741300 -1.84166500
28 11.94488500 -0.00003200 -0.00019900 -0.96190500 -0.34515900 -1.73326700
29 10.62016900 -0.00000200 0.00000800 -1.12010800 -1.11694400 -0.48662600
30 4.75116500 0.69437600 -0.83047400 -0.13611400 -0.41542600 1.14316500
31 1.68806100 -0.00002400 0.00000200 -0.00038200 -0.02472600 1.45342700
32 1.33615100 -0.00005000 -0.00001000 0.03042200 -0.02391500 -0.53288900
33 4.82051700 0.50934200 0.22486600 -0.22471400 -0.27686000 1.43682600
34 1.82700300 0.00006200 0.00001000 0.00704100 0.03987900 1.44859800
35 1.43658100 -0.00000600 0.00001000 0.01503200 0.00167500 -0.83651700
36 3.99235500 0.89109000 1.82799500 -0.48635600 -0.01051400 1.79687400
37 1.40592200 0.00003100 -0.00000400 -0.01008400 -0.02773000 1.22438300
38 1.17536200 -0.00013200 0.00000400 -0.07487300 0.09798600 -0.69969900
39 4.52676200 0.69046800 1.12084200 -0.50202300 -0.16401400 1.81879400
40 1.74404100 -0.00002700 0.00000100 -0.02147200 -0.02036900 1.22414600
41 1.36876300 -0.00003100 -0.00002000 -0.12191500 0.10180800 -1.06387600
42 2.10653900 1.23392000 -0.87204100 1.96366100 0.54908700 0.36085100
43 1.62388300 -0.20587600 -0.15746600 -0.00389400 -0.07294600 0.12080700
44 1.59179000 -0.07171900 0.01248600 0.03799300 0.07429800 -0.27107500
45 5.51180800 -0.00000600 0.00000400 -0.85022300 0.00000000 0.00000000
46 0.19684600 0.00000600 0.00000000 -0.34822500 0.00001500 -0.00000200
47 0.00000000 0.00000000 0.00000000 0.00000000 0.00000000 -1.57079600
48 -3.50891600 95.49678000 -4.01822700 0.00000000 0.00000000 -3.14156200
49 -8.05763400 111.69036900 0.12621900 0.42589400 0.26020400 -0.37550400
50 -2.87045600 0.00336400 -0.23724700 0.00000000 0.00000000 0.00000000
51 0.08814800 -0.00123200 -0.18827900 0.00000000 0.00000000 0.00000000
52 -0.00201600 -0.00657100 0.44810600 0.00000000 0.00000000 0.00000000
53 4.26886000 -0.00635900 -1.38380900 0.00000000 0.00000000 0.00000000
54 -1.63111300 0.00486400 0.46800100 0.00000000 0.00000000 0.00000000
55 10.33701400 2.73072800 -1.71336300 -0.46458300 1.24462700 1.41524100
56 -4.60163700 -2.18246400 -1.60537900 -2.79071600 1.07588400 -1.95478900
time 7
0 -0.00000100 7.45008900 -27.50902600 0.00000000 0.00000000 0.00003100
1 -0.00000200 0.00000000 0.00000000 1.57074700 -1.56714200 -1.57074700
2 4.25546500 -0.33518400 -0.00000200 0.00000000 0.00000000 -0.12484800
3 7.43125000 1.49647900 0.00000200 0.00000000 0.00000000 0.24545000
4 5.27847900 0.16554300 0.00000100 0.00000000 0.00000000 0.04851100
5 4.29617700 -17.79056700 17.53758000 1.97586600 1.15990900 -1.29878500
6 -6.21447800 -0.00001000 -0.00002700 -2.23176400 -0.74023900 0.26315400
7 11.94488900 0.00000000 0.00000000 -0.02176600 -0.28704700 0.94510400
8 10.62019000 0.00000000 0.00000000 1.51171300 -0.20290700 2.94278200
9 -4.75111000 -0.69449400 0.83057900 0.05411300 -0.36575100 0.07414700
10 -1.68807600 0.00004300 -0.00003100 0.00866000 -0.02313200 1.08225700
11 -1.33614300 0.00005300 -0.00001000 0.02609000 -0.00377000 0.69594800
12 -4.82049600 -0.50945900 -0.22476100 -0.59552600 -0.09858200 1.39860200
13 -1.82699200 -0.00007200 0.00000800 -0.00922900 0.03936800 1.04386300
14 -1.43657300 0.00000800 0.00000400 -0.04748700 -0.06156900 0.56561900
15 -3.99235900 -0.89118600 -1.82791000 -0.86683100 0.13635500 1.50003900
16 -1.40592200 -0.00002700 0.00000000 0.00711500 -0.02856600 0.63089300
17 -1.17535800 0.00012800 -0.00002100 0.04192500 0.05340800 0.56994100
18 -4.52675200 -0.69057500 -1.12074400 -0.70616200 0.11834300 1.54354500
19 -1.74403800 0.00003300 -0.00000400 -0.00945000 -0.09418300 0.83066800
20 -1.36877400 0.00002500 0.00000400 -0.20781700 0.12090600 0.44087700
21 -2.33538800 -1.03642100 1.05080900 2.16827100 0.38800500 1.07694300
22 -1.52344900 0.00003400 0.00003100 0.09836600 0.16114200 0.56135000
23 -1.59927600 0.00000800 0.00001500 0.02788200 -0.03256400 0.84315700
24 5.58312200 0.11572600 0.29500000 1.94756400 -0.06728900 3.12123600
25 0.19684600 -0.00000100 0.00000400 2.79340700 0.00000600 -3.14157700
26 -0.15094900 -13.61849000 -4.87383300 1.97586200 1.15991000 1.84280300
27 6.21448500 0.00001000 0.00002000 -0.93685900 0.53971200 -1.84051500
28 11.94488500 -0.00003200 -0.00019900 -0.96154500 -0.34506200 -1.73437700
29 10.62016900 -0.00000200 0.00000800 -1.12161200 -1.11812600 -0.48673500
30 4.75116500 0.69437600 -0.83047400 -0.13611400 -0.41542600 1.14316500
31 1.68806100 -0.00002400 0.00000200 -0.00038200 -0.02472600 1.45342700
32 1.33615100 -0.00005000 -0.00001000 0.03042200 -0.02391500 -0.53288900
33 4.82051700 0.50934200 0.22486600 -0.22471400 -0.27686000 1.43682600
34 1.82700300 0.00006200 0.00001000 0.00704100 0.03987900 1.44859800
35 1.43658100 -0.00000600 0.00001000 0.01503200 0.00167500 -0.83651700
36 3.99235500 0.89109000 1.82799500 -0.48635600 -0.01051400 1.79687400
37 1.40592200 0.00003100 -0.00000400 -0.01008400 -0.02773000 1.22438300
38 1.17536200 -0.00013200 0.00000400 -0.07487300 0.09798600 -0.69969900
39 4.52676200 0.69046800 1.12084200 -0.50202300 -0.16401400 1.81879400
40 1.74404100 -0.00002700 0.00000100 -0.02147200 -0.02036900 1.22414600
41 1.36876300 -0.00003100 -0.00002000 -0.12191500 0.10180800 -1.06387600
42 2.10653900 1.23392000 -0.87204100 1.96366100 0.54908700 0.36085100
43 1.62388300 -0.20587600 -0.15746600 -0.00389400 -0.07294600 0.12080700
44 1.59179000 -0.07171900 0.01248600 0.03799300 0.07429800 -0.27107500
45 5.51180800 -0.00000600 0.00000400 -0.85022300 0.00000000 0.00000000
46 0.19684600 0.00000600 0.00000000 -0.34822500 0.00001500 -0.00000200
47 0.00000000 0.00000000 0.00000000 0.00000000 0.00000000 -1.57079600
48 -3.50891600 95.49678000 -4.01822700 0.00000000 0.00000000 -3.14156200
49 -8.06290200 111.69036900 0.10409400 0.42518100 0.25817400 -0.37595900
50 -2.87045600 0.00336400 -0.23724700 0.00000000 0.00000000 0.00000000
51 0.08814800 -0.00123200 -0.18827900 0.00000000 0.00000000 0.00000000
52 -0.00201600 -0.00657100 0.44810600 0.00000000 0.00000000 0.00000000
53 4.26886000 -0.00635900 -1.38380900 0.00000000 0.00000000 0.00000000
54 -1.63111300 0.00486400 0.46800100 0.00000000 0.00000000 0.00000000
55 10.33701400 2.73072800 -1.71336300 -0.46458300 1.24462700 1.41524100
56 -4.60163700 -2.18246400 -1.60537900 -2.79071600 1.07588400 -1.95478900
time 8
0 -0.00000100 7.45008900 -27.50902600 0.00000000 0.00000000 0.00003100
1 -0.00000200 0.00000000 0.00000000 1.57074700 -1.56714200 -1.57074700
2 4.25546500 -0.33518400 -0.00000200 0.00000000 0.00000000 -0.12484800
3 7.43125000 1.49647900 0.00000200 0.00000000 0.00000000 0.24545000
4 5.27847900 0.16554300 0.00000100 0.00000000 0.00000000 0.04851100
5 4.29617700 -17.79056700 17.53758000 1.97586600 1.15990900 -1.29878500
6 -6.21447800 -0.00001000 -0.00002700 -2.23236500 -0.74074600 0.26312600
7 11.94488900 0.00000000 0.00000000 -0.02200100 -0.28715700 0.94563800
8 10.62019000 0.00000000 0.00000000 1.51083300 -0.20290100 2.94058600
9 -4.75111000 -0.69449400 0.83057900 0.05411300 -0.36575100 0.07414700
10 -1.68807600 0.00004300 -0.00003100 0.00866000 -0.02313200 1.08225700
11 -1.33614300 0.00005300 -0.00001000 0.02609000 -0.00377000 0.69594800
12 -4.82049600 -0.50945900 -0.22476100 -0.59552600 -0.09858200 1.39860200
13 -1.82699200 -0.00007200 0.00000800 -0.00922900 0.03936800 1.04386300
14 -1.43657300 0.00000800 0.00000400 -0.04748700 -0.06156900 0.56561900
15 -3.99235900 -0.89118600 -1.82791000 -0.86683100 0.13635500 1.50003900
16 -1.40592200 -0.00002700 0.00000000 0.00711500 -0.02856600 0.63089300
17 -1.17535800 0.00012800 -0.00002100 0.04192500 0.05340800 0.56994100
18 -4.52675200 -0.69057500 -1.12074400 -0.70616200 0.11834300 1.54354500
19 -1.74403800 0.00003300 -0.00000400 -0.00945000 -0.09418300 0.83066800
20 -1.36877400 0.00002500 0.00000400 -0.20781700 0.12090600 0.44087700
21 -2.33538800 -1.03642100 1.05080900 2.16827100 0.38800500 1.07694300
22 -1.52344900 0.00003400 0.00003100 0.09836600 0.16114200 0.56135000
23 -1.59927600 0.00000800 0.00001500 0.02788200 -0.03256400 0.84315700
24 5.58312200 0.11572600 0.29500000 1.94756400 -0.06728900 3.12123600
25 0.19684600 -0.00000100 0.00000400 2.79340700 0.00000600 -3.14157700
26 -0.15094900 -13.61849000 -4.87383300 1.97586200 1.15991000 1.84280300
27 6.21448500 0.00001000 0.00002000 -0.93593700 0.54226800 -1.83928000
28 11.94488500 -0.00003200 -0.00019900 -0.96109200 -0.34496800 -1.73565600
29 10.62016900 -0.00000200 0.00000800 -1.12347000 -1.11958800 -0.48678700
30 4.75116500 0.69437600 -0.83047400 -0.13611400 -0.41542600 1.14316500
31 1.68806100 -0.00002400 0.00000200 -0.00038200 -0.02472600 1.45342700
32 1.33615100 -0.00005000 -0.00001000 0.03042200 -0.02391500 -0.53288900
33 4.82051700 0.50934200 0.22486600 -0.22471400 -0.27686000 1.43682600
34 1.82700300 0.00006200 0.00001000 0.00704100 0.03987900 1.44859800
35 1.43658100 -0.00000600 0.00001000 0.01503200 0.00167500 -0.83651700
36 3.99235500 0.89109000 1.82799500 -0.48635600 -0.01051400 1.79687400
37 1.40592200 0.00003100 -0.00000400 -0.01008400 -0.02773000 1.22438300
38 1.17536200 -0.00013200 0.00000400 -0.07487300 0.09798600 -0.69969900
39 4.52676200 0.69046800 1.12084200 -0.50202300 -0.16401400 1.81879400
40 1.74404100 -0.00002700 0.00000100 -0.02147200 -0.02036900 1.22414600
41 1.36876300 -0.00003100 -0.00002000 -0.12191500 0.10180800 -1.06387600
42 2.10653900 1.23392000 -0.87204100 1.96366100 0.54908700 0.36085100
43 1.62388300 -0.20587600 -0.15746600 -0.00389400 -0.07294600 0.12080700
44 1.59179000 -0.07171900 0.01248600 0.03799300 0.07429800 -0.27107500
45 5.51180800 -0.00000600 0.00000400 -0.85022300 0.00000000 0.00000000
46 0.19684600 0.00000600 0.00000000 -0.34822500 0.00001500 -0.00000200
47 0.00000000 0.00000000 0.00000000 0.00000000 0.00000000 -1.57079600
48 -3.50891600 95.49678000 -4.01822700 0.00000000 0.00000000 -3.14156200
49 -8.06872300 111.69036900 0.07964900 0.42438200 0.25606200 -0.37652600
50 -2.87045600 0.00336400 -0.23724700 0.00000000 0.00000000 0.00000000
51 0.08814800 -0.00123200 -0.18827900 0.00000000 0.00000000 0.00000000
52 -0.00201600 -0.00657100 0.44810600 0.00000000 0.00000000 0.00000000
53 4.26886000 -0.00635900 -1.38380900 0.00000000 0.00000000 0.00000000
54 -1.63111300 0.00486400 0.46800100 0.00000000 0.00000000 0.00000000
55 10.33701400 2.73072800 -1.71336300 -0.46458300 1.24462700 1.41524100
56 -4.60163700 -2.18246400 -1.60537900 -2.79071600 1.07588400 -1.95478900
time 9
0 -0.00000100 7.45008900 -27.50902600 0.00000000 0.00000000 0.00003100
1 -0.00000200 0.00000000 0.00000000 1.57074700 -1.56714200 -1.57074700
2 4.25546500 -0.33518400 -0.00000200 0.00000000 0.00000000 -0.12484800
3 7.43125000 1.49647900 0.00000200 0.00000000 0.00000000 0.24545000
4 5.27847900 0.16554300 0.00000100 0.00000000 0.00000000 0.04851100
5 4.29617700 -17.79056700 17.53758000 1.97586600 1.15990900 -1.29878500
6 -6.21447800 -0.00001000 -0.00002700 -2.23308900 -0.74123900 0.26314600
7 11.94488900 0.00000000 0.00000000 -0.02211500 -0.28722900 0.94615100
8 10.62019000 0.00000000 0.00000000 1.50988800 -0.20291300 2.93814900
9 -4.75111000 -0.69449400 0.83057900 0.05411300 -0.36575100 0.07414700
10 -1.68807600 0.00004300 -0.00003100 0.00866000 -0.02313200 1.08225700
11 -1.33614300 0.00005300 -0.00001000 0.02609000 -0.00377000 0.69594800
12 -4.82049600 -0.50945900 -0.22476100 -0.59552600 -0.09858200 1.39860200
13 -1.82699200 -0.00007200 0.00000800 -0.00922900 0.03936800 1.04386300
14 -1.43657300 0.00000800 0.00000400 -0.04748700 -0.06156900 0.56561900
15 -3.99235900 -0.89118600 -1.82791000 -0.86683100 0.13635500 1.50003900
16 -1.40592200 -0.00002700 0.00000000 0.00711500 -0.02856600 0.63089300
17 -1.17535800 0.00012800 -0.00002100 0.04192500 0.05340800 0.56994100
18 -4.52675200 -0.69057500 -1.12074400 -0.70616200 0.11834300 1.54354500
19 -1.74403800 0.00003300 -0.00000400 -0.00945000 -0.09418300 0.83066800
20 -1.36877400 0.00002500 0.00000400 -0.20781700 0.12090600 0.44087700
21 -2.33538800 -1.03642100 1.05080900 2.16827100 0.38800500 1.07694300
22 -1.52344900 0.00003400 0.00003100 0.09836600 0.16114200 0.56135000
23 -1.59927600 0.00000800 0.00001500 0.02788200 -0.03256400 0.84315700
24 5.58312200 0.11572600 0.29500000 1.94756400 -0.06728900 3.12123600
25 0.19684600 -0.00000100 0.00000400 2.79340700 0.00000600 -3.14157700
26 -0.15094900 -13.61849000 -4.87383300 1.97586200 1.15991000 1.84280300
27 6.21448500 0.00001000 0.00002000 -0.93486500 0.54506900 -1.83783200
28 11.94488500 -0.00003200 -0.00019900 -0.96054700 -0.34487900 -1.73710500
29 10.62016900 -0.00000200 0.00000800 -1.12533600 -1.12105200 -0.48683100
30 4.75116500 0.69437600 -0.83047400 -0.13611400 -0.41542600 1.14316500
31 1.68806100 -0.00002400 0.00000200 -0.00038200 -0.02472600 1.45342700
32 1.33615100 -0.00005000 -0.00001000 0.03042200 -0.02391500 -0.53288900
33 4.82051700 0.50934200 0.22486600 -0.22471400 -0.27686000 1.43682600
34 1.82700300 0.00006200 0.00001000 0.00704100 0.03987900 1.44859800
35 1.43658100 -0.00000600 0.00001000 0.01503200 0.00167500 -0.83651700
36 3.99235500 0.89109000 1.82799500 -0.48635600 -0.01051400 1.79687400
37 1.40592200 0.00003100 -0.00000400 -0.01008400 -0.02773000 1.22438300
38 1.17536200 -0.00013200 0.00000400 -0.07487300 0.09798600 -0.69969900
39 4.52676200 0.69046800 1.12084200 -0.50202300 -0.16401400 1.81879400
40 1.74404100 -0.00002700 0.00000100 -0.02147200 -0.02036900 1.22414600
41 1.36876300 -0.00003100 -0.00002000 -0.12191500 0.10180800 -1.06387600
42 2.10653900 1.23392000 -0.87204100 1.96366100 0.54908700 0.36085100
43 1.62388300 -0.20587600 -0.15746600 -0.00389400 -0.07294600 0.12080700
44 1.59179000 -0.07171900 0.01248600 0.03799300 0.07429800 -0.27107500
45 5.51180800 -0.00000600 0.00000400 -0.85022300 0.00000000 0.00000000
46 0.19684600 0.00000600 0.00000000 -0.34822500 0.00001500 -0.00000200
47 0.00000000 0.00000000 0.00000000 0.00000000 0.00000000 -1.57079600
48 -3.50891600 95.49678000 -4.01822700 0.00000000 0.00000000 -3.14156200
49 -8.07502600 111.69036900 0.05317600 0.42354400 0.25366400 -0.37706000
50 -2.87045600 0.00336400 -0.23724700 0.00000000 0.00000000 0.00000000
51 0.08814800 -0.00123200 -0.18827900 0.00000000 0.00000000 0.00000000
52 -0.00201600 -0.00657100 0.44810600 0.00000000 0.00000000 0.00000000
53 4.26886000 -0.00635900 -1.38380900 0.00000000 0.00000000 0.00000000
54 -1.63111300 0.00486400 0.46800100 0.00000000 0.00000000 0.00000000
55 10.33701400 2.73072800 -1.71336300 -0.46458300 1.24462700 1.41524100
56 -4.60163700 -2.18246400 -1.60537900 -2.79071600 1.07588400 -1.95478900
time 10
0 -0.00000100 7.45008900 -27.50902600 0.00000000 0.00000000 0.00003100
1 -0.00000200 0.00000000 0.00000000 1.57074700 -1.56714200 -1.57074700
2 4.25546500 -0.33518400 -0.00000200 0.00000000 0.00000000 -0.12484800
3 7.43125000 1.49647900 0.00000200 0.00000000 0.00000000 0.24545000
4 5.27847900 0.16554300 0.00000100 0.00000000 0.00000000 0.04851100
5 4.29617700 -17.79056700 17.53758000 1.97586600 1.15990900 -1.29878500
6 -6.21447800 -0.00001000 -0.00002700 -2.23390600 -0.74167600 0.26311500
7 11.94488900 0.00000000 0.00000000 -0.02227100 -0.28737900 0.94667700
8 10.62019000 0.00000000 0.00000000 1.50894800 -0.20286900 2.93564800
9 -4.75111000 -0.69449400 0.83057900 0.05411300 -0.36575100 0.07414700
10 -1.68807600 0.00004300 -0.00003100 0.00866000 -0.02313200 1.08225700
11 -1.33614300 0.00005300 -0.00001000 0.02609000 -0.00377000 0.69594800
12 -4.82049600 -0.50945900 -0.22476100 -0.59552600 -0.09858200 1.39860200
13 -1.82699200 -0.00007200 0.00000800 -0.00922900 0.03936800 1.04386300
14 -1.43657300 0.00000800 0.00000400 -0.04748700 -0.06156900 0.56561900
15 -3.99235900 -0.89118600 -1.82791000 -0.86683100 0.13635500 1.50003900
16 -1.40592200 -0.00002700 0.00000000 0.00711500 -0.02856600 0.63089300
17 -1.17535800 0.00012800 -0.00002100 0.04192500 0.05340800 0.56994100
18 -4.52675200 -0.69057500 -1.12074400 -0.70616200 0.11834300 1.54354500
19 -1.74403800 0.00003300 -0.00000400 -0.00945000 -0.09418300 0.83066800
20 -1.36877400 0.00002500 0.00000400 -0.20781700 0.12090600 0.44087700
21 -2.33538800 -1.03642100 1.05080900 2.16827100 0.38800500 1.07694300
22 -1.52344900 0.00003400 0.00003100 0.09836600 0.16114200 0.56135000
23 -1.59927600 0.00000800 0.00001500 0.02788200 -0.03256400 0.84315700
24 5.58312200 0.11572600 0.29500000 1.94756400 -0.06728900 3.12123600
25 0.19684600 -0.00000100 0.00000400 2.79340700 0.00000600 -3.14157700
26 -0.15094900 -13.61849000 -4.87383300 1.97586200 1.15991000 1.84280300
27 6.21448500 0.00001000 0.00002000 -0.93383100 0.54801400 -1.83638400
28 11.94488500 -0.00003200 -0.00019900 -0.96007100 -0.34488300 -1.73857700
29 10.62016900 -0.00000200 0.00000800 -1.12735900 -1.12261400 -0.48687900
30 4.75116500 0.69437600 -0.83047400 -0.13611400 -0.41542600 1.14316500
31 1.68806100 -0.00002400 0.00000200 -0.00038200 -0.02472600 1.45342700
32 1.33615100 -0.00005000 -0.00001000 0.03042200 -0.02391500 -0.53288900
33 4.82051700 0.50934200 0.22486600 -0.22471400 -0.27686000 1.43682600
34 1.82700300 0.00006200 0.00001000 0.00704100 0.03987900 1.44859800
35 1.43658100 -0.00000600 0.00001000 0.01503200 0.00167500 -0.83651700
36 3.99235500 0.89109000 1.82799500 -0.48635600 -0.01051400 1.79687400
37 1.40592200 0.00003100 -0.00000400 -0.01008400 -0.02773000 1.22438300
38 1.17536200 -0.00013200 0.00000400 -0.07487300 0.09798600 -0.69969900
39 4.52676200 0.69046800 1.12084200 -0.50202300 -0.16401400 1.81879400
40 1.74404100 -0.00002700 0.00000100 -0.02147200 -0.02036900 1.22414600
41 1.36876300 -0.00003100 -0.00002000 -0.12191500 0.10180800 -1.06387600
42 2.10653900 1.23392000 -0.87204100 1.96366100 0.54908700 0.36085100
43 1.62388300 -0.20587600 -0.15746600 -0.00389400 -0.07294600 0.12080700
44 1.59179000 -0.07171900 0.01248600 0.03799300 0.07429800 -0.27107500
45 5.51180800 -0.00000600 0.00000400 -0.85022300 0.00000000 0.00000000
46 0.19684600 0.00000600 0.00000000 -0.34822500 0.00001500 -0.00000200
47 0.00000000 0.00000000 0.00000000 0.00000000 0.00000000 -1.57079600
48 -3.50891600 95.49678000 -4.01822700 0.00000000 0.00000000 -3.14156200
49 -8.08174200 111.69036900 0.02496400 0.42262200 0.25118300 -0.37770500
50 -2.87045600 0.00336400 -0.23724700 0.00000000 0.00000000 0.00000000
51 0.08814800 -0.00123200 -0.18827900 0.00000000 0.00000000 0.00000000
52 -0.00201600 -0.00657100 0.44810600 0.00000000 0.00000000 0.00000000
53 4.26886000 -0.00635900 -1.38380900 0.00000000 0.00000000 0.00000000
54 -1.63111300 0.00486400 0.46800100 0.00000000 0.00000000 0.00000000
55 10.33701400 2.73072800 -1.71336300 -0.46458300 1.24462700 1.41524100
56 -4.60163700 -2.18246400 -1.60537900 -2.79071600 1.07588400 -1.95478900
time 11
0 -0.00000100 7.45008900 -27.50902600 0.00000000 0.00000000 0.00003100
1 -0.00000200 0.00000000 0.00000000 1.57074700 -1.56714200 -1.57074700
2 4.25546500 -0.33518400 -0.00000200 0.00000000 0.00000000 -0.12484800
3 7.43125000 1.49647900 0.00000200 0.00000000 0.00000000 0.24545000
4 5.27847900 0.16554300 0.00000100 0.00000000 0.00000000 0.04851100
5 4.29617700 -17.79056700 17.53758000 1.97586600 1.15990900 -1.29878500
6 -6.21447800 -0.00001000 -0.00002700 -2.23458000 -0.74221100 0.26299300
7 11.94488900 0.00000000 0.00000000 -0.02238500 -0.28745100 0.94719000
8 10.62019000 0.00000000 0.00000000 1.50782500 -0.20285600 2.93291900
9 -4.75111000 -0.69449400 0.83057900 0.05411300 -0.36575100 0.07414700
10 -1.68807600 0.00004300 -0.00003100 0.00866000 -0.02313200 1.08225700
11 -1.33614300 0.00005300 -0.00001000 0.02609000 -0.00377000 0.69594800
12 -4.82049600 -0.50945900 -0.22476100 -0.59552600 -0.09858200 1.39860200
13 -1.82699200 -0.00007200 0.00000800 -0.00922900 0.03936800 1.04386300
14 -1.43657300 0.00000800 0.00000400 -0.04748700 -0.06156900 0.56561900
15 -3.99235900 -0.89118600 -1.82791000 -0.86683100 0.13635500 1.50003900
16 -1.40592200 -0.00002700 0.00000000 0.00711500 -0.02856600 0.63089300
17 -1.17535800 0.00012800 -0.00002100 0.04192500 0.05340800 0.56994100
18 -4.52675200 -0.69057500 -1.12074400 -0.70616200 0.11834300 1.54354500
19 -1.74403800 0.00003300 -0.00000400 -0.00945000 -0.09418300 0.83066800
20 -1.36877400 0.00002500 0.00000400 -0.20781700 0.12090600 0.44087700
21 -2.33538800 -1.03642100 1.05080900 2.16827100 0.38800500 1.07694300
22 -1.52344900 0.00003400 0.00003100 0.09836600 0.16114200 0.56135000
23 -1.59927600 0.00000800 0.00001500 0.02788200 -0.03256400 0.84315700
24 5.58312200 0.11572600 0.29500000 1.94756400 -0.06728900 3.12123600
25 0.19684600 -0.00000100 0.00000400 2.79340700 0.00000600 -3.14157700
26 -0.15094900 -13.61849000 -4.87383300 1.97586200 1.15991000 1.84280300
27 6.21448500 0.00001000 0.00002000 -0.93272000 0.55107900 -1.83483100
28 11.94488500 -0.00003200 -0.00019900 -0.95958600 -0.34478100 -1.74011700
29 10.62016900 -0.00000200 0.00000800 -1.12954200 -1.12427300 -0.48692800
30 4.75116500 0.69437600 -0.83047400 -0.13611400 -0.41542600 1.14316500
31 1.68806100 -0.00002400 0.00000200 -0.00038200 -0.02472600 1.45342700
32 1.33615100 -0.00005000 -0.00001000 0.03042200 -0.02391500 -0.53288900
33 4.82051700 0.50934200 0.22486600 -0.22471400 -0.27686000 1.43682600
34 1.82700300 0.00006200 0.00001000 0.00704100 0.03987900 1.44859800
35 1.43658100 -0.00000600 0.00001000 0.01503200 0.00167500 -0.83651700
36 3.99235500 0.89109000 1.82799500 -0.48635600 -0.01051400 1.79687400
37 1.40592200 0.00003100 -0.00000400 -0.01008400 -0.02773000 1.22438300
38 1.17536200 -0.00013200 0.00000400 -0.07487300 0.09798600 -0.69969900
39 4.52676200 0.69046800 1.12084200 -0.50202300 -0.16401400 1.81879400
40 1.74404100 -0.00002700 0.00000100 -0.02147200 -0.02036900 1.22414600
41 1.36876300 -0.00003100 -0.00002000 -0.12191500 0.10180800 -1.06387600
42 2.10653900 1.23392000 -0.87204100 1.96366100 0.54908700 0.36085100
43 1.62388300 -0.20587600 -0.15746600 -0.00389400 -0.07294600 0.12080700
44 1.59179000 -0.07171900 0.01248600 0.03799300 0.07429800 -0.27107500
45 5.51180800 -0.00000600 0.00000400 -0.85022300 0.00000000 0.00000000
46 0.19684600 0.00000600 0.00000000 -0.34822500 0.00001500 -0.00000200
47 0.00000000 0.00000000 0.00000000 0.00000000 0.00000000 -1.57079600
48 -3.50891600 95.49678000 -4.01822700 0.00000000 0.00000000 -3.14156200
49 -8.08880500 111.69036900 -0.00469700 0.42163800 0.24851800 -0.37839000
50 -2.87045600 0.00336400 -0.23724700 0.00000000 0.00000000 0.00000000
51 0.08814800 -0.00123200 -0.18827900 0.00000000 0.00000000 0.00000000
52 -0.00201600 -0.00657100 0.44810600 0.00000000 0.00000000 0.00000000
53 4.26886000 -0.00635900 -1.38380900 0.00000000 0.00000000 0.00000000
54 -1.63111300 0.00486400 0.46800100 0.00000000 0.00000000 0.00000000
55 10.33701400 2.73072800 -1.71336300 -0.46458300 1.24462700 1.41524100
56 -4.60163700 -2.18246400 -1.60537900 -2.79071600 1.07588400 -1.95478900
time 12
0 -0.00000100 7.45008900 -27.50902600 0.00000000 0.00000000 0.00003100
1 -0.00000200 0.00000000 0.00000000 1.57074700 -1.56714200 -1.57074700
2 4.25546500 -0.33518400 -0.00000200 0.00000000 0.00000000 -0.12484800
3 7.43125000 1.49647900 0.00000200 0.00000000 0.00000000 0.24545000
4 5.27847900 0.16554300 0.00000100 0.00000000 0.00000000 0.04851100
5 4.29617700 -17.79056700 17.53758000 1.97586600 1.15990900 -1.29878500
6 -6.21447800 -0.00001000 -0.00002700 -2.23540800 -0.74277500 0.26301700
7 11.94488900 0.00000000 0.00000000 -0.02254100 -0.28760100 0.94771600
8 10.62019000 0.00000000 0.00000000 1.50670700 -0.20284700 2.93018800
9 -4.75111000 -0.69449400 0.83057900 0.05411300 -0.36575100 0.07414700
10 -1.68807600 0.00004300 -0.00003100 0.00866000 -0.02313200 1.08225700
11 -1.33614300 0.00005300 -0.00001000 0.02609000 -0.00377000 0.69594800
12 -4.82049600 -0.50945900 -0.22476100 -0.59552600 -0.09858200 1.39860200
13 -1.82699200 -0.00007200 0.00000800 -0.00922900 0.03936800 1.04386300
14 -1.43657300 0.00000800 0.00000400 -0.04748700 -0.06156900 0.56561900
15 -3.99235900 -0.89118600 -1.82791000 -0.86683100 0.13635500 1.50003900
16 -1.40592200 -0.00002700 0.00000000 0.00711500 -0.02856600 0.63089300
17 -1.17535800 0.00012800 -0.00002100 0.04192500 0.05340800 0.56994100
18 -4.52675200 -0.69057500 -1.12074400 -0.70616200 0.11834300 1.54354500
19 -1.74403800 0.00003300 -0.00000400 -0.00945000 -0.09418300 0.83066800
20 -1.36877400 0.00002500 0.00000400 -0.20781700 0.12090600 0.44087700
21 -2.33538800 -1.03642100 1.05080900 2.16827100 0.38800500 1.07694300
22 -1.52344900 0.00003400 0.00003100 0.09836600 0.16114200 0.56135000
23 -1.59927600 0.00000800 0.00001500 0.02788200 -0.03256400 0.84315700
24 5.58312200 0.11572600 0.29500000 1.94756400 -0.06728900 3.12123600
25 0.19684600 -0.00000100 0.00000400 2.79340700 0.00000600 -3.14157700
26 -0.15094900 -13.61849000 -4.87383300 1.97586200 1.15991000 1.84280300
27 6.21448500 0.00001000 0.00002000 -0.93137100 0.55430800 -1.83307500
28 11.94488500 -0.00003200 -0.00019900 -0.95902100 -0.34463500 -1.74172900
29 10.62016900 -0.00000200 0.00000800 -1.13194800 -1.12596800 -0.48683900
30 4.75116500 0.69437600 -0.83047400 -0.13611400 -0.41542600 1.14316500
31 1.68806100 -0.00002400 0.00000200 -0.00038200 -0.02472600 1.45342700
32 1.33615100 -0.00005000 -0.00001000 0.03042200 -0.02391500 -0.53288900
33 4.82051700 0.50934200 0.22486600 -0.22471400 -0.27686000 1.43682600
34 1.82700300 0.00006200 0.00001000 0.00704100 0.03987900 1.44859800
35 1.43658100 -0.00000600 0.00001000 0.01503200 0.00167500 -0.83651700
36 3.99235500 0.89109000 1.82799500 -0.48635600 -0.01051400 1.79687400
37 1.40592200 0.00003100 -0.00000400 -0.01008400 -0.02773000 1.22438300
38 1.17536200 -0.00013200 0.00000400 -0.07487300 0.09798600 -0.69969900
39 4.52676200 0.69046800 1.12084200 -0.50202300 -0.16401400 1.81879400
40 1.74404100 -0.00002700 0.00000100 -0.02147200 -0.02036900 1.22414600
41 1.36876300 -0.00003100 -0.00002000 -0.12191500 0.10180800 -1.06387600
42 2.10653900 1.23392000 -0.87204100 1.96366100 0.54908700 0.36085100
43 1.62388300 -0.20587600 -0.15746600 -0.00389400 -0.07294600 0.12080700
44 1.59179000 -0.07171900 0.01248600 0.03799300 0.07429800 -0.27107500
45 5.51180800 -0.00000600 0.00000400 -0.85022300 0.00000000 0.00000000
46 0.19684600 0.00000600 0.00000000 -0.34822500 0.00001500 -0.00000200
47 0.00000000 0.00000000 0.00000000 0.00000000 0.00000000 -1.57079600
48 -3.50891600 95.49678000 -4.01822700 0.00000000 0.00000000 -3.14156200
49 -8.09614400 111.69036900 -0.03551800 0.42066800 0.24583400 -0.37898300
50 -2.87045600 0.00336400 -0.23724700 0.00000000 0.00000000 0.00000000
51 0.08814800 -0.00123200 -0.18827900 0.00000000 0.00000000 0.00000000
52 -0.00201600 -0.00657100 0.44810600 0.00000000 0.00000000 0.00000000
53 4.26886000 -0.00635900 -1.38380900 0.00000000 0.00000000 0.00000000
54 -1.63111300 0.00486400 0.46800100 0.00000000 0.00000000 0.00000000
55 10.33701400 2.73072800 -1.71336300 -0.46458300 1.24462700 1.41524100
56 -4.60163700 -2.18246400 -1.60537900 -2.79071600 1.07588400 -1.95478900
time 13
0 -0.00000100 7.45008900 -27.50902600 0.00000000 0.00000000 0.00003100
1 -0.00000200 0.00000000 0.00000000 1.57074700 -1.56714200 -1.57074700
2 4.25546500 -0.33518400 -0.00000200 0.00000000 0.00000000 -0.12484800
3 7.43125000 1.49647900 0.00000200 0.00000000 0.00000000 0.24545000
4 5.27847900 0.16554300 0.00000100 0.00000000 0.00000000 0.04851100
5 4.29617700 -17.79056700 17.53758000 1.97586600 1.15990900 -1.29878500
6 -6.21447800 -0.00001000 -0.00002700 -2.23620600 -0.74329700 0.26294400
7 11.94488900 0.00000000 0.00000000 -0.02273400 -0.28763300 0.94823700
8 10.62019000 0.00000000 0.00000000 1.50562000 -0.20284300 2.92733000
9 -4.75111000 -0.69449400 0.83057900 0.05411300 -0.36575100 0.07414700
10 -1.68807600 0.00004300 -0.00003100 0.00866000 -0.02313200 1.08225700
11 -1.33614300 0.00005300 -0.00001000 0.02609000 -0.00377000 0.69594800
12 -4.82049600 -0.50945900 -0.22476100 -0.59552600 -0.09858200 1.39860200
13 -1.82699200 -0.00007200 0.00000800 -0.00922900 0.03936800 1.04386300
14 -1.43657300 0.00000800 0.00000400 -0.04748700 -0.06156900 0.56561900
15 -3.99235900 -0.89118600 -1.82791000 -0.86683100 0.13635500 1.50003900
16 -1.40592200 -0.00002700 0.00000000 0.00711500 -0.02856600 0.63089300
17 -1.17535800 0.00012800 -0.00002100 0.04192500 0.05340800 0.56994100
18 -4.52675200 -0.69057500 -1.12074400 -0.70616200 0.11834300 1.54354500
19 -1.74403800 0.00003300 -0.00000400 -0.00945000 -0.09418300 0.83066800
20 -1.36877400 0.00002500 0.00000400 -0.20781700 0.12090600 0.44087700
21 -2.33538800 -1.03642100 1.05080900 2.16827100 0.38800500 1.07694300
22 -1.52344900 0.00003400 0.00003100 0.09836600 0.16114200 0.56135000
23 -1.59927600 0.00000800 0.00001500 0.02788200 -0.03256400 0.84315700
24 5.58312200 0.11572600 0.29500000 1.94756400 -0.06728900 3.12123600
25 0.19684600 -0.00000100 0.00000400 2.79340700 0.00000600 -3.14157700
26 -0.15094900 -13.61849000 -4.87383300 1.97586200 1.15991000 1.84280300
27 6.21448500 0.00001000 0.00002000 -0.93022000 0.55763500 -1.83141600
28 11.94488500 -0.00003200 -0.00019900 -0.95846700 -0.34459100 -1.74327100
29 10.62016900 -0.00000200 0.00000800 -1.13430700 -1.12773000 -0.48687700
30 4.75116500 0.69437600 -0.83047400 -0.13611400 -0.41542600 1.14316500
31 1.68806100 -0.00002400 0.00000200 -0.00038200 -0.02472600 1.45342700
32 1.33615100 -0.00005000 -0.00001000 0.03042200 -0.02391500 -0.53288900
33 4.82051700 0.50934200 0.22486600 -0.22471400 -0.27686000 1.43682600
34 1.82700300 0.00006200 0.00001000 0.00704100 0.03987900 1.44859800
35 1.43658100 -0.00000600 0.00001000 0.01503200 0.00167500 -0.83651700
36 3.99235500 0.89109000 1.82799500 -0.48635600 -0.01051400 1.79687400
37 1.40592200 0.00003100 -0.00000400 -0.01008400 -0.02773000 1.22438300
38 1.17536200 -0.00013200 0.00000400 -0.07487300 0.09798600 -0.69969900
39 4.52676200 0.69046800 1.12084200 -0.50202300 -0.16401400 1.81879400
40 1.74404100 -0.00002700 0.00000100 -0.02147200 -0.02036900 1.22414600
41 1.36876300 -0.00003100 -0.00002000 -0.12191500 0.10180800 -1.06387600
42 2.10653900 1.23392000 -0.87204100 1.96366100 0.54908700 0.36085100
43 1.62388300 -0.20587600 -0.15746600 -0.00389400 -0.07294600 0.12080700
44 1.59179000 -0.07171900 0.01248600 0.03799300 0.07429800 -0.27107500
45 5.51180800 -0.00000600 0.00000400 -0.85022300 0.00000000 0.00000000
46 0.19684600 0.00000600 0.00000000 -0.34822500 0.00001500 -0.00000200
47 0.00000000 0.00000000 0.00000000 0.00000000 0.00000000 -1.57079600
48 -3.50891600 95.49678000 -4.01822700 0.00000000 0.00000000 -3.14156200
49 -8.10368800 111.69036900 -0.06720900 0.41962800 0.24298500 -0.37970300
50 -2.87045600 0.00336400 -0.23724700 0.00000000 0.00000000 0.00000000
51 0.08814800 -0.00123200 -0.18827900 0.00000000 0.00000000 0.00000000
52 -0.00201600 -0.00657100 0.44810600 0.00000000 0.00000000 0.00000000
53 4.26886000 -0.00635900 -1.38380900 0.00000000 0.00000000 0.00000000
54 -1.63111300 0.00486400 0.46800100 0.00000000 0.00000000 0.00000000
55 10.33701400 2.73072800 -1.71336300 -0.46458300 1.24462700 1.41524100
56 -4.60163700 -2.18246400 -1.60537900 -2.79071600 1.07588400 -1.95478900
time 14
0 -0.00000100 7.45008900 -27.50902600 0.00000000 0.00000000 0.00003100
1 -0.00000200 0.00000000 0.00000000 1.57074700 -1.56714200 -1.57074700
2 4.25546500 -0.33518400 -0.00000200 0.00000000 0.00000000 -0.12484800
3 7.43125000 1.49647900 0.00000200 0.00000000 0.00000000 0.24545000
4 5.27847900 0.16554300 0.00000100 0.00000000 0.00000000 0.04851100
5 4.29617700 -17.79056700 17.53758000 1.97586600 1.15990900 -1.29878500
6 -6.21447800 -0.00001000 -0.00002700 -2.23712700 -0.74380500 0.26291800
7 11.94488900 0.00000000 0.00000000 -0.02290400 -0.28778100 0.94886400
8 10.62019000 0.00000000 0.00000000 1.50444600 -0.20285800 2.92435800
9 -4.75111000 -0.69449400 0.83057900 0.05411300 -0.36575100 0.07414700
10 -1.68807600 0.00004300 -0.00003100 0.00866000 -0.02313200 1.08225700
11 -1.33614300 0.00005300 -0.00001000 0.02609000 -0.00377000 0.69594800
12 -4.82049600 -0.50945900 -0.22476100 -0.59552600 -0.09858200 1.39860200
13 -1.82699200 -0.00007200 0.00000800 -0.00922900 0.03936800 1.04386300
14 -1.43657300 0.00000800 0.00000400 -0.04748700 -0.06156900 0.56561900
15 -3.99235900 -0.89118600 -1.82791000 -0.86683100 0.13635500 1.50003900
16 -1.40592200 -0.00002700 0.00000000 0.00711500 -0.02856600 0.63089300
17 -1.17535800 0.00012800 -0.00002100 0.04192500 0.05340800 0.56994100
18 -4.52675200 -0.69057500 -1.12074400 -0.70616200 0.11834300 1.54354500
19 -1.74403800 0.00003300 -0.00000400 -0.00945000 -0.09418300 0.83066800
20 -1.36877400 0.00002500 0.00000400 -0.20781700 0.12090600 0.44087700
21 -2.33538800 -1.03642100 1.05080900 2.16827100 0.38800500 1.07694300
22 -1.52344900 0.00003400 0.00003100 0.09836600 0.16114200 0.56135000
23 -1.59927600 0.00000800 0.00001500 0.02788200 -0.03256400 0.84315700
24 5.58312200 0.11572600 0.29500000 1.94756400 -0.06728900 3.12123600
25 0.19684600 -0.00000100 0.00000400 2.79340700 0.00000600 -3.14157700
26 -0.15094900 -13.61849000 -4.87383300 1.97586200 1.15991000 1.84280300
27 6.21448500 0.00001000 0.00002000 -0.92881500 0.56092300 -1.82967300
28 11.94488500 -0.00003200 -0.00019900 -0.95789200 -0.34449100 -1.74497700
29 10.62016900 -0.00000200 0.00000800 -1.13661700 -1.12955800 -0.48704100
30 4.75116500 0.69437600 -0.83047400 -0.13611400 -0.41542600 1.14316500
31 1.68806100 -0.00002400 0.00000200 -0.00038200 -0.02472600 1.45342700
32 1.33615100 -0.00005000 -0.00001000 0.03042200 -0.02391500 -0.53288900
33 4.82051700 0.50934200 0.22486600 -0.22471400 -0.27686000 1.43682600
34 1.82700300 0.00006200 0.00001000 0.00704100 0.03987900 1.44859800
35 1.43658100 -0.00000600 0.00001000 0.01503200 0.00167500 -0.83651700
36 3.99235500 0.89109000 1.82799500 -0.48635600 -0.01051400 1.79687400
37 1.40592200 0.00003100 -0.00000400 -0.01008400 -0.02773000 1.22438300
38 1.17536200 -0.00013200 0.00000400 -0.07487300 0.09798600 -0.69969900
39 4.52676200 0.69046800 1.12084200 -0.50202300 -0.16401400 1.81879400
40 1.74404100 -0.00002700 0.00000100 -0.02147200 -0.02036900 1.22414600
41 1.36876300 -0.00003100 -0.00002000 -0.12191500 0.10180800 -1.06387600
42 2.10653900 1.23392000 -0.87204100 1.96366100 0.54908700 0.36085100
43 1.62388300 -0.20587600 -0.15746600 -0.00389400 -0.07294600 0.12080700
44 1.59179000 -0.07171900 0.01248600 0.03799300 0.07429800 -0.27107500
45 5.51180800 -0.00000600 0.00000400 -0.85022300 0.00000000 0.00000000
46 0.19684600 0.00000600 0.00000000 -0.34822500 0.00001500 -0.00000200
47 0.00000000 0.00000000 0.00000000 0.00000000 0.00000000 -1.57079600
48 -3.50891600 95.49678000 -4.01822700 0.00000000 0.00000000 -3.14156200
49 -8.11137200 111.69036900 -0.09947900 0.41859100 0.24013600 -0.38042000
50 -2.87045600 0.00336400 -0.23724700 0.00000000 0.00000000 0.00000000
51 0.08814800 -0.00123200 -0.18827900 0.00000000 0.00000000 0.00000000
52 -0.00201600 -0.00657100 0.44810600 0.00000000 0.00000000 0.00000000
53 4.26886000 -0.00635900 -1.38380900 0.00000000 0.00000000 0.00000000
54 -1.63111300 0.00486400 0.46800100 0.00000000 0.00000000 0.00000000
55 10.33701400 2.73072800 -1.71336300 -0.46458300 1.24462700 1.41524100
56 -4.60163700 -2.18246400 -1.60537900 -2.79071600 1.07588400 -1.95478900
time 15
0 -0.00000100 7.45008900 -27.50902600 0.00000000 0.00000000 0.00003100
1 -0.00000200 0.00000000 0.00000000 1.57074700 -1.56714200 -1.57074700
2 4.25546500 -0.33518400 -0.00000200 0.00000000 0.00000000 -0.12484800
3 7.43125000 1.49647900 0.00000200 0.00000000 0.00000000 0.24545000
4 5.27847900 0.16554300 0.00000100 0.00000000 0.00000000 0.04851100
5 4.29617700 -17.79056700 17.53758000 1.97586600 1.15990900 -1.29878500
6 -6.21447800 -0.00001000 -0.00002700 -2.23792400 -0.74432800 0.26284500
7 11.94488900 0.00000000 0.00000000 -0.02301900 -0.28785300 0.94937700
8 10.62019000 0.00000000 0.00000000 1.50325100 -0.20287300 2.92151000
9 -4.75111000 -0.69449400 0.83057900 0.05411300 -0.36575100 0.07414700
10 -1.68807600 0.00004300 -0.00003100 0.00866000 -0.02313200 1.08225700
11 -1.33614300 0.00005300 -0.00001000 0.02609000 -0.00377000 0.69594800
12 -4.82049600 -0.50945900 -0.22476100 -0.59552600 -0.09858200 1.39860200
13 -1.82699200 -0.00007200 0.00000800 -0.00922900 0.03936800 1.04386300
14 -1.43657300 0.00000800 0.00000400 -0.04748700 -0.06156900 0.56561900
15 -3.99235900 -0.89118600 -1.82791000 -0.86683100 0.13635500 1.50003900
16 -1.40592200 -0.00002700 0.00000000 0.00711500 -0.02856600 0.63089300
17 -1.17535800 0.00012800 -0.00002100 0.04192500 0.05340800 0.56994100
18 -4.52675200 -0.69057500 -1.12074400 -0.70616200 0.11834300 1.54354500
19 -1.74403800 0.00003300 -0.00000400 -0.00945000 -0.09418300 0.83066800
20 -1.36877400 0.00002500 0.00000400 -0.20781700 0.12090600 0.44087700
21 -2.33538800 -1.03642100 1.05080900 2.16827100 0.38800500 1.07694300
22 -1.52344900 0.00003400 0.00003100 0.09836600 0.16114200 0.56135000
23 -1.59927600 0.00000800 0.00001500 0.02788200 -0.03256400 0.84315700
24 5.58312200 0.11572600 0.29500000 1.94756400 -0.06728900 3.12123600
25 0.19684600 -0.00000100 0.00000400 2.79340700 0.00000600 -3.14157700
26 -0.15094900 -13.61849000 -4.87383300 1.97586200 1.15991000 1.84280300
27 6.21448500 0.00001000 0.00002000 -0.92741900 0.56440800 -1.82781200
28 11.94488500 -0.00003200 -0.00019900 -0.95741000 -0.34438600 -1.74651300
29 10.62016900 -0.00000200 0.00000800 -1.13921800 -1.13136000 -0.48692400
30 4.75116500 0.69437600 -0.83047400 -0.13611400 -0.41542600 1.14316500
31 1.68806100 -0.00002400 0.00000200 -0.00038200 -0.02472600 1.45342700
32 1.33615100 -0.00005000 -0.00001000 0.03042200 -0.02391500 -0.53288900
33 4.82051700 0.50934200 0.22486600 -0.22471400 -0.27686000 1.43682600
34 1.82700300 0.00006200 0.00001000 0.00704100 0.03987900 1.44859800
35 1.43658100 -0.00000600 0.00001000 0.01503200 0.00167500 -0.83651700
36 3.99235500 0.89109000 1.82799500 -0.48635600 -0.01051400 1.79687400
37 1.40592200 0.00003100 -0.00000400 -0.01008400 -0.02773000 1.22438300
38 1.17536200 -0.00013200 0.00000400 -0.07487300 0.09798600 -0.69969900
39 4.52676200 0.69046800 1.12084200 -0.50202300 -0.16401400 1.81879400
40 1.74404100 -0.00002700 0.00000100 -0.02147200 -0.02036900 1.22414600
41 1.36876300 -0.00003100 -0.00002000 -0.12191500 0.10180800 -1.06387600
42 2.10653900 1.23392000 -0.87204100 1.96366100 0.54908700 0.36085100
43 1.62388300 -0.20587600 -0.15746600 -0.00389400 -0.07294600 0.12080700
44 1.59179000 -0.07171900 0.01248600 0.03799300 0.07429800 -0.27107500
45 5.51180800 -0.00000600 0.00000400 -0.85022300 0.00000000 0.00000000
46 0.19684600 0.00000600 0.00000000 -0.34822500 0.00001500 -0.00000200
47 0.00000000 0.00000000 0.00000000 0.00000000 0.00000000 -1.57079600
48 -3.50891600 95.49678000 -4.01822700 0.00000000 0.00000000 -3.14156200
49 -8.11912400 111.69036900 -0.13203900 0.41757000 0.23720300 -0.38114900
50 -2.87045600 0.00336400 -0.23724700 0.00000000 0.00000000 0.00000000
51 0.08814800 -0.00123200 -0.18827900 0.00000000 0.00000000 0.00000000
52 -0.00201600 -0.00657100 0.44810600 0.00000000 0.00000000 0.00000000
53 4.26886000 -0.00635900 -1.38380900 0.00000000 0.00000000 0.00000000
54 -1.63111300 0.00486400 0.46800100 0.00000000 0.00000000 0.00000000
55 10.33701400 2.73072800 -1.71336300 -0.46458300 1.24462700 1.41524100
56 -4.60163700 -2.18246400 -1.60537900 -2.79071600 1.07588400 -1.95478900
time 16
0 -0.00000100 7.45008900 -27.50902600 0.00000000 0.00000000 0.00003100
1 -0.00000200 0.00000000 0.00000000 1.57074700 -1.56714200 -1.57074700
2 4.25546500 -0.33518400 -0.00000200 0.00000000 0.00000000 -0.12484800
3 7.43125000 1.49647900 0.00000200 0.00000000 0.00000000 0.24545000
4 5.27847900 0.16554300 0.00000100 0.00000000 0.00000000 0.04851100
5 4.29617700 -17.79056700 17.53758000 1.97586600 1.15990900 -1.29878500
6 -6.21447800 -0.00001000 -0.00002700 -2.23872200 -0.74485100 0.26277400
7 11.94488900 0.00000000 0.00000000 -0.02317500 -0.28800200 0.94990300
8 10.62019000 0.00000000 0.00000000 1.50218000 -0.20282000 2.91858500
9 -4.75111000 -0.69449400 0.83057900 0.05411300 -0.36575100 0.07414700
10 -1.68807600 0.00004300 -0.00003100 0.00866000 -0.02313200 1.08225700
11 -1.33614300 0.00005300 -0.00001000 0.02609000 -0.00377000 0.69594800
12 -4.82049600 -0.50945900 -0.22476100 -0.59552600 -0.09858200 1.39860200
13 -1.82699200 -0.00007200 0.00000800 -0.00922900 0.03936800 1.04386300
14 -1.43657300 0.00000800 0.00000400 -0.04748700 -0.06156900 0.56561900
15 -3.99235900 -0.89118600 -1.82791000 -0.86683100 0.13635500 1.50003900
16 -1.40592200 -0.00002700 0.00000000 0.00711500 -0.02856600 0.63089300
17 -1.17535800 0.00012800 -0.00002100 0.04192500 0.05340800 0.56994100
18 -4.52675200 -0.69057500 -1.12074400 -0.70616200 0.11834300 1.54354500
19 -1.74403800 0.00003300 -0.00000400 -0.00945000 -0.09418300 0.83066800
20 -1.36877400 0.00002500 0.00000400 -0.20781700 0.12090600 0.44087700
21 -2.33538800 -1.03642100 1.05080900 2.16827100 0.38800500 1.07694300
22 -1.52344900 0.00003400 0.00003100 0.09836600 0.16114200 0.56135000
23 -1.59927600 0.00000800 0.00001500 0.02788200 -0.03256400 0.84315700
24 5.58312200 0.11572600 0.29500000 1.94756400 -0.06728900 3.12123600
25 0.19684600 -0.00000100 0.00000400 2.79340700 0.00000600 -3.14157700
26 -0.15094900 -13.61849000 -4.87383300 1.97586200 1.15991000 1.84280300
27 6.21448500 0.00001000 0.00002000 -0.92609400 0.56776700 -1.82606000
28 11.94488500 -0.00003200 -0.00019900 -0.95683700 -0.34428300 -1.74821700
29 10.62016900 -0.00000200 0.00000800 -1.14183600 -1.13316600 -0.48679500
30 4.75116500 0.69437600 -0.83047400 -0.13611400 -0.41542600 1.14316500
31 1.68806100 -0.00002400 0.00000200 -0.00038200 -0.02472600 1.45342700
32 1.33615100 -0.00005000 -0.00001000 0.03042200 -0.02391500 -0.53288900
33 4.82051700 0.50934200 0.22486600 -0.22471400 -0.27686000 1.43682600
34 1.82700300 0.00006200 0.00001000 0.00704100 0.03987900 1.44859800
35 1.43658100 -0.00000600 0.00001000 0.01503200 0.00167500 -0.83651700
36 3.99235500 0.89109000 1.82799500 -0.48635600 -0.01051400 1.79687400
37 1.40592200 0.00003100 -0.00000400 -0.01008400 -0.02773000 1.22438300
38 1.17536200 -0.00013200 0.00000400 -0.07487300 0.09798600 -0.69969900
39 4.52676200 0.69046800 1.12084200 -0.50202300 -0.16401400 1.81879400
40 1.74404100 -0.00002700 0.00000100 -0.02147200 -0.02036900 1.22414600
41 1.36876300 -0.00003100 -0.00002000 -0.12191500 0.10180800 -1.06387600
42 2.10653900 1.23392000 -0.87204100 1.96366100 0.54908700 0.36085100
43 1.62388300 -0.20587600 -0.15746600 -0.00389400 -0.07294600 0.12080700
44 1.59179000 -0.07171900 0.01248600 0.03799300 0.07429800 -0.27107500
45 5.51180800 -0.00000600 0.00000400 -0.85022300 0.00000000 0.00000000
46 0.19684600 0.00000600 0.00000000 -0.34822500 0.00001500 -0.00000200
47 0.00000000 0.00000000 0.00000000 0.00000000 0.00000000 -1.57079600
48 -3.50891600 95.49678000 -4.01822700 0.00000000 0.00000000 -3.14156200
49 -8.12687700 111.69036900 -0.16459900 0.41655100 0.23433500 -0.38177200
50 -2.87045600 0.00336400 -0.23724700 0.00000000 0.00000000 0.00000000
51 0.08814800 -0.00123200 -0.18827900 0.00000000 0.00000000 0.00000000
52 -0.00201600 -0.00657100 0.44810600 0.00000000 0.00000000 0.00000000
53 4.26886000 -0.00635900 -1.38380900 0.00000000 0.00000000 0.00000000
54 -1.63111300 0.00486400 0.46800100 0.00000000 0.00000000 0.00000000
55 10.33701400 2.73072800 -1.71336300 -0.46458300 1.24462700 1.41524100
56 -4.60163700 -2.18246400 -1.60537900 -2.79071600 1.07588400 -1.95478900
time 17
0 -0.00000100 7.45008900 -27.50902600 0.00000000 0.00000000 0.00003100
1 -0.00000200 0.00000000 0.00000000 1.57074700 -1.56714200 -1.57074700
2 4.25546500 -0.33518400 -0.00000200 0.00000000 0.00000000 -0.12484800
3 7.43125000 1.49647900 0.00000200 0.00000000 0.00000000 0.24545000
4 5.27847900 0.16554300 0.00000100 0.00000000 0.00000000 0.04851100
5 4.29617700 -17.79056700 17.53758000 1.97586600 1.15990900 -1.29878500
6 -6.21447800 -0.00001000 -0.00002700 -2.23964300 -0.74536000 0.26274900
7 11.94488900 0.00000000 0.00000000 -0.02327500 -0.28807500 0.95031700
8 10.62019000 0.00000000 0.00000000 1.50099500 -0.20284200 2.91573500
9 -4.75111000 -0.69449400 0.83057900 0.05411300 -0.36575100 0.07414700
10 -1.68807600 0.00004300 -0.00003100 0.00866000 -0.02313200 1.08225700
11 -1.33614300 0.00005300 -0.00001000 0.02609000 -0.00377000 0.69594800
12 -4.82049600 -0.50945900 -0.22476100 -0.59552600 -0.09858200 1.39860200
13 -1.82699200 -0.00007200 0.00000800 -0.00922900 0.03936800 1.04386300
14 -1.43657300 0.00000800 0.00000400 -0.04748700 -0.06156900 0.56561900
15 -3.99235900 -0.89118600 -1.82791000 -0.86683100 0.13635500 1.50003900
16 -1.40592200 -0.00002700 0.00000000 0.00711500 -0.02856600 0.63089300
17 -1.17535800 0.00012800 -0.00002100 0.04192500 0.05340800 0.56994100
18 -4.52675200 -0.69057500 -1.12074400 -0.70616200 0.11834300 1.54354500
19 -1.74403800 0.00003300 -0.00000400 -0.00945000 -0.09418300 0.83066800
20 -1.36877400 0.00002500 0.00000400 -0.20781700 0.12090600 0.44087700
21 -2.33538800 -1.03642100 1.05080900 2.16827100 0.38800500 1.07694300
22 -1.52344900 0.00003400 0.00003100 0.09836600 0.16114200 0.56135000
23 -1.59927600 0.00000800 0.00001500 0.02788200 -0.03256400 0.84315700
24 5.58312200 0.11572600 0.29500000 1.94756400 -0.06728900 3.12123600
25 0.19684600 -0.00000100 0.00000400 2.79340700 0.00000600 -3.14157700
26 -0.15094900 -13.61849000 -4.87383300 1.97586200 1.15991000 1.84280300
27 6.21448500 0.00001000 0.00002000 -0.92476500 0.57112200 -1.82430800
28 11.94488500 -0.00003200 -0.00019900 -0.95628600 -0.34423500 -1.74975400
29 10.62016900 -0.00000200 0.00000800 -1.14441100 -1.13488600 -0.48673200
30 4.75116500 0.69437600 -0.83047400 -0.13611400 -0.41542600 1.14316500
31 1.68806100 -0.00002400 0.00000200 -0.00038200 -0.02472600 1.45342700
32 1.33615100 -0.00005000 -0.00001000 0.03042200 -0.02391500 -0.53288900
33 4.82051700 0.50934200 0.22486600 -0.22471400 -0.27686000 1.43682600
34 1.82700300 0.00006200 0.00001000 0.00704100 0.03987900 1.44859800
35 1.43658100 -0.00000600 0.00001000 0.01503200 0.00167500 -0.83651700
36 3.99235500 0.89109000 1.82799500 -0.48635600 -0.01051400 1.79687400
37 1.40592200 0.00003100 -0.00000400 -0.01008400 -0.02773000 1.22438300
38 1.17536200 -0.00013200 0.00000400 -0.07487300 0.09798600 -0.69969900
39 4.52676200 0.69046800 1.12084200 -0.50202300 -0.16401400 1.81879400
40 1.74404100 -0.00002700 0.00000100 -0.02147200 -0.02036900 1.22414600
41 1.36876300 -0.00003100 -0.00002000 -0.12191500 0.10180800 -1.06387600
42 2.10653900 1.23392000 -0.87204100 1.96366100 0.54908700 0.36085100
43 1.62388300 -0.20587600 -0.15746600 -0.00389400 -0.07294600 0.12080700
44 1.59179000 -0.07171900 0.01248600 0.03799300 0.07429800 -0.27107500
45 5.51180800 -0.00000600 0.00000400 -0.85022300 0.00000000 0.00000000
46 0.19684600 0.00000600 0.00000000 -0.34822500 0.00001500 -0.00000200
47 0.00000000 0.00000000 0.00000000 0.00000000 0.00000000 -1.57079600
48 -3.50891600 95.49678000 -4.01822700 0.00000000 0.00000000 -3.14156200
49 -8.13456100 111.69036900 -0.19686900 0.41552500 0.23148600 -0.38248100
50 -2.87045600 0.00336400 -0.23724700 0.00000000 0.00000000 0.00000000
51 0.08814800 -0.00123200 -0.18827900 0.00000000 0.00000000 0.00000000
52 -0.00201600 -0.00657100 0.44810600 0.00000000 0.00000000 0.00000000
53 4.26886000 -0.00635900 -1.38380900 0.00000000 0.00000000 0.00000000
54 -1.63111300 0.00486400 0.46800100 0.00000000 0.00000000 0.00000000
55 10.33701400 2.73072800 -1.71336300 -0.46458300 1.24462700 1.41524100
56 -4.60163700 -2.18246400 -1.60537900 -2.79071600 1.07588400 -1.95478900
time 18
0 -0.00000100 7.45008900 -27.50902600 0.00000000 0.00000000 0.00003100
1 -0.00000200 0.00000000 0.00000000 1.57074700 -1.56714200 -1.57074700
2 4.25546500 -0.33518400 -0.00000200 0.00000000 0.00000000 -0.12484800
3 7.43125000 1.49647900 0.00000200 0.00000000 0.00000000 0.24545000
4 5.27847900 0.16554300 0.00000100 0.00000000 0.00000000 0.04851100
5 4.29617700 -17.79056700 17.53758000 1.97586600 1.15990900 -1.29878500
6 -6.21447800 -0.00001000 -0.00002700 -2.24044100 -0.74588400 0.26267900
7 11.94488900 0.00000000 0.00000000 -0.02343200 -0.28822500 0.95084300
8 10.62019000 0.00000000 0.00000000 1.49981600 -0.20286700 2.91288400
9 -4.75111000 -0.69449400 0.83057900 0.05411300 -0.36575100 0.07414700
10 -1.68807600 0.00004300 -0.00003100 0.00866000 -0.02313200 1.08225700
11 -1.33614300 0.00005300 -0.00001000 0.02609000 -0.00377000 0.69594800
12 -4.82049600 -0.50945900 -0.22476100 -0.59552600 -0.09858200 1.39860200
13 -1.82699200 -0.00007200 0.00000800 -0.00922900 0.03936800 1.04386300
14 -1.43657300 0.00000800 0.00000400 -0.04748700 -0.06156900 0.56561900
15 -3.99235900 -0.89118600 -1.82791000 -0.86683100 0.13635500 1.50003900
16 -1.40592200 -0.00002700 0.00000000 0.00711500 -0.02856600 0.63089300
17 -1.17535800 0.00012800 -0.00002100 0.04192500 0.05340800 0.56994100
18 -4.52675200 -0.69057500 -1.12074400 -0.70616200 0.11834300 1.54354500
19 -1.74403800 0.00003300 -0.00000400 -0.00945000 -0.09418300 0.83066800
20 -1.36877400 0.00002500 0.00000400 -0.20781700 0.12090600 0.44087700
21 -2.33538800 -1.03642100 1.05080900 2.16827100 0.38800500 1.07694300
22 -1.52344900 0.00003400 0.00003100 0.09836600 0.16114200 0.56135000
23 -1.59927600 0.00000800 0.00001500 0.02788200 -0.03256400 0.84315700
24 5.58312200 0.11572600 0.29500000 1.94756400 -0.06728900 3.12123600
25 0.19684600 -0.00000100 0.00000400 2.79340700 0.00000600 -3.14157700
26 -0.15094900 -13.61849000 -4.87383300 1.97586200 1.15991000 1.84280300
27 6.21448500 0.00001000 0.00002000 -0.92339300 0.57432600 -1.82255600
28 11.94488500 -0.00003200 -0.00019900 -0.95580700 -0.34412700 -1.75128700
29 10.62016900 -0.00000200 0.00000800 -1.14684500 -1.13666700 -0.48670800
30 4.75116500 0.69437600 -0.83047400 -0.13611400 -0.41542600 1.14316500
31 1.68806100 -0.00002400 0.00000200 -0.00038200 -0.02472600 1.45342700
32 1.33615100 -0.00005000 -0.00001000 0.03042200 -0.02391500 -0.53288900
33 4.82051700 0.50934200 0.22486600 -0.22471400 -0.27686000 1.43682600
34 1.82700300 0.00006200 0.00001000 0.00704100 0.03987900 1.44859800
35 1.43658100 -0.00000600 0.00001000 0.01503200 0.00167500 -0.83651700
36 3.99235500 0.89109000 1.82799500 -0.48635600 -0.01051400 1.79687400
37 1.40592200 0.00003100 -0.00000400 -0.01008400 -0.02773000 1.22438300
38 1.17536200 -0.00013200 0.00000400 -0.07487300 0.09798600 -0.69969900
39 4.52676200 0.69046800 1.12084200 -0.50202300 -0.16401400 1.81879400
40 1.74404100 -0.00002700 0.00000100 -0.02147200 -0.02036900 1.22414600
41 1.36876300 -0.00003100 -0.00002000 -0.12191500 0.10180800 -1.06387600
42 2.10653900 1.23392000 -0.87204100 1.96366100 0.54908700 0.36085100
43 1.62388300 -0.20587600 -0.15746600 -0.00389400 -0.07294600 0.12080700
44 1.59179000 -0.07171900 0.01248600 0.03799300 0.07429800 -0.27107500
45 5.51180800 -0.00000600 0.00000400 -0.85022300 0.00000000 0.00000000
46 0.19684600 0.00000600 0.00000000 -0.34822500 0.00001500 -0.00000200
47 0.00000000 0.00000000 0.00000000 0.00000000 0.00000000 -1.57079600
48 -3.50891600 95.49678000 -4.01822700 0.00000000 0.00000000 -3.14156200
49 -8.14210500 111.69036900 -0.22855900 0.41450300 0.22863600 -0.38318800
50 -2.87045600 0.00336400 -0.23724700 0.00000000 0.00000000 0.00000000
51 0.08814800 -0.00123200 -0.18827900 0.00000000 0.00000000 0.00000000
52 -0.00201600 -0.00657100 0.44810600 0.00000000 0.00000000 0.00000000
53 4.26886000 -0.00635900 -1.38380900 0.00000000 0.00000000 0.00000000
54 -1.63111300 0.00486400 0.46800100 0.00000000 0.00000000 0.00000000
55 10.33701400 2.73072800 -1.71336300 -0.46458300 1.24462700 1.41524100
56 -4.60163700 -2.18246400 -1.60537900 -2.79071600 1.07588400 -1.95478900
time 19
0 -0.00000100 7.45008900 -27.50902600 0.00000000 0.00000000 0.00003100
1 -0.00000200 0.00000000 0.00000000 1.57074700 -1.56714200 -1.57074700
2 4.25546500 -0.33518400 -0.00000200 0.00000000 0.00000000 -0.12484800
3 7.43125000 1.49647900 0.00000200 0.00000000 0.00000000 0.24545000
4 5.27847900 0.16554300 0.00000100 0.00000000 0.00000000 0.04851100
5 4.29617700 -17.79056700 17.53758000 1.97586600 1.15990900 -1.29878500
6 -6.21447800 -0.00001000 -0.00002700 -2.24113500 -0.74633700 0.26260500
7 11.94488900 0.00000000 0.00000000 -0.02361000 -0.28825800 0.95126500
8 10.62019000 0.00000000 0.00000000 1.49873300 -0.20287900 2.91014600
9 -4.75111000 -0.69449400 0.83057900 0.05411300 -0.36575100 0.07414700
10 -1.68807600 0.00004300 -0.00003100 0.00866000 -0.02313200 1.08225700
11 -1.33614300 0.00005300 -0.00001000 0.02609000 -0.00377000 0.69594800
12 -4.82049600 -0.50945900 -0.22476100 -0.59552600 -0.09858200 1.39860200
13 -1.82699200 -0.00007200 0.00000800 -0.00922900 0.03936800 1.04386300
14 -1.43657300 0.00000800 0.00000400 -0.04748700 -0.06156900 0.56561900
15 -3.99235900 -0.89118600 -1.82791000 -0.86683100 0.13635500 1.50003900
16 -1.40592200 -0.00002700 0.00000000 0.00711500 -0.02856600 0.63089300
17 -1.17535800 0.00012800 -0.00002100 0.04192500 0.05340800 0.56994100
18 -4.52675200 -0.69057500 -1.12074400 -0.70616200 0.11834300 1.54354500
19 -1.74403800 0.00003300 -0.00000400 -0.00945000 -0.09418300 0.83066800
20 -1.36877400 0.00002500 0.00000400 -0.20781700 0.12090600 0.44087700
21 -2.33538800 -1.03642100 1.05080900 2.16827100 0.38800500 1.07694300
22 -1.52344900 0.00003400 0.00003100 0.09836600 0.16114200 0.56135000
23 -1.59927600 0.00000800 0.00001500 0.02788200 -0.03256400 0.84315700
24 5.58312200 0.11572600 0.29500000 1.94756400 -0.06728900 3.12123600
25 0.19684600 -0.00000100 0.00000400 2.79340700 0.00000600 -3.14157700
26 -0.15094900 -13.61849000 -4.87383300 1.97586200 1.15991000 1.84280300
27 6.21448500 0.00001000 0.00002000 -0.92201600 0.57752700 -1.82080400
28 11.94488500 -0.00003200 -0.00019900 -0.95525800 -0.34407600 -1.75282200
29 10.62016900 -0.00000200 0.00000800 -1.14923400 -1.13836200 -0.48675400
30 4.75116500 0.69437600 -0.83047400 -0.13611400 -0.41542600 1.14316500
31 1.68806100 -0.00002400 0.00000200 -0.00038200 -0.02472600 1.45342700
32 1.33615100 -0.00005000 -0.00001000 0.03042200 -0.02391500 -0.53288900
33 4.82051700 0.50934200 0.22486600 -0.22471400 -0.27686000 1.43682600
34 1.82700300 0.00006200 0.00001000 0.00704100 0.03987900 1.44859800
35 1.43658100 -0.00000600 0.00001000 0.01503200 0.00167500 -0.83651700
36 3.99235500 0.89109000 1.82799500 -0.48635600 -0.01051400 1.79687400
37 1.40592200 0.00003100 -0.00000400 -0.01008400 -0.02773000 1.22438300
38 1.17536200 -0.00013200 0.00000400 -0.07487300 0.09798600 -0.69969900
39 4.52676200 0.69046800 1.12084200 -0.50202300 -0.16401400 1.81879400
40 1.74404100 -0.00002700 0.00000100 -0.02147200 -0.02036900 1.22414600
41 1.36876300 -0.00003100 -0.00002000 -0.12191500 0.10180800 -1.06387600
42 2.10653900 1.23392000 -0.87204100 1.96366100 0.54908700 0.36085100
43 1.62388300 -0.20587600 -0.15746600 -0.00389400 -0.07294600 0.12080700
44 1.59179000 -0.07171900 0.01248600 0.03799300 0.07429800 -0.27107500
45 5.51180800 -0.00000600 0.00000400 -0.85022300 0.00000000 0.00000000
46 0.19684600 0.00000600 0.00000000 -0.34822500 0.00001500 -0.00000200
47 0.00000000 0.00000000 0.00000000 0.00000000 0.00000000 -1.57079600
48 -3.50891600 95.49678000 -4.01822700 0.00000000 0.00000000 -3.14156200
49 -8.14944300 111.69036900 -0.25938000 0.41357000 0.22587000 -0.38377900
50 -2.87045600 0.00336400 -0.23724700 0.00000000 0.00000000 0.00000000
51 0.08814800 -0.00123200 -0.18827900 0.00000000 0.00000000 0.00000000
52 -0.00201600 -0.00657100 0.44810600 0.00000000 0.00000000 0.00000000
53 4.26886000 -0.00635900 -1.38380900 0.00000000 0.00000000 0.00000000
54 -1.63111300 0.00486400 0.46800100 0.00000000 0.00000000 0.00000000
55 10.33701400 2.73072800 -1.71336300 -0.46458300 1.24462700 1.41524100
56 -4.60163700 -2.18246400 -1.60537900 -2.79071600 1.07588400 -1.95478900
time 20
0 -0.00000100 7.45008900 -27.50902600 0.00000000 0.00000000 0.00003100
1 -0.00000200 0.00000000 0.00000000 1.57074700 -1.56714200 -1.57074700
2 4.25546500 -0.33518400 -0.00000200 0.00000000 0.00000000 -0.12484800
3 7.43125000 1.49647900 0.00000200 0.00000000 0.00000000 0.24545000
4 5.27847900 0.16554300 0.00000100 0.00000000 0.00000000 0.04851100
5 4.29617700 -17.79056700 17.53758000 1.97586600 1.15990900 -1.29878500
6 -6.21447800 -0.00001000 -0.00002700 -2.24195300 -0.74677600 0.26257900
7 11.94488900 0.00000000 0.00000000 -0.02371000 -0.28833000 0.95167900
8 10.62019000 0.00000000 0.00000000 1.49762800 -0.20289100 2.90753300
9 -4.75111000 -0.69449400 0.83057900 0.05411300 -0.36575100 0.07414700
10 -1.68807600 0.00004300 -0.00003100 0.00866000 -0.02313200 1.08225700
11 -1.33614300 0.00005300 -0.00001000 0.02609000 -0.00377000 0.69594800
12 -4.82049600 -0.50945900 -0.22476100 -0.59552600 -0.09858200 1.39860200
13 -1.82699200 -0.00007200 0.00000800 -0.00922900 0.03936800 1.04386300
14 -1.43657300 0.00000800 0.00000400 -0.04748700 -0.06156900 0.56561900
15 -3.99235900 -0.89118600 -1.82791000 -0.86683100 0.13635500 1.50003900
16 -1.40592200 -0.00002700 0.00000000 0.00711500 -0.02856600 0.63089300
17 -1.17535800 0.00012800 -0.00002100 0.04192500 0.05340800 0.56994100
18 -4.52675200 -0.69057500 -1.12074400 -0.70616200 0.11834300 1.54354500
19 -1.74403800 0.00003300 -0.00000400 -0.00945000 -0.09418300 0.83066800
20 -1.36877400 0.00002500 0.00000400 -0.20781700 0.12090600 0.44087700
21 -2.33538800 -1.03642100 1.05080900 2.16827100 0.38800500 1.07694300
22 -1.52344900 0.00003400 0.00003100 0.09836600 0.16114200 0.56135000
23 -1.59927600 0.00000800 0.00001500 0.02788200 -0.03256400 0.84315700
24 5.58312200 0.11572600 0.29500000 1.94756400 -0.06728900 3.12123600
25 0.19684600 -0.00000100 0.00000400 2.79340700 0.00000600 -3.14157700
26 -0.15094900 -13.61849000 -4.87383300 1.97586200 1.15991000 1.84280300
27 6.21448500 0.00001000 0.00002000 -0.92071100 0.58060200 -1.81915900
28 11.94488500 -0.00003200 -0.00019900 -0.95480200 -0.34402100 -1.75418700
29 10.62016900 -0.00000200 0.00000800 -1.15176100 -1.13993200 -0.48651100
30 4.75116500 0.69437600 -0.83047400 -0.13611400 -0.41542600 1.14316500
31 1.68806100 -0.00002400 0.00000200 -0.00038200 -0.02472600 1.45342700
32 1.33615100 -0.00005000 -0.00001000 0.03042200 -0.02391500 -0.53288900
33 4.82051700 0.50934200 0.22486600 -0.22471400 -0.27686000 1.43682600
34 1.82700300 0.00006200 0.00001000 0.00704100 0.03987900 1.44859800
35 1.43658100 -0.00000600 0.00001000 0.01503200 0.00167500 -0.83651700
36 3.99235500 0.89109000 1.82799500 -0.48635600 -0.01051400 1.79687400
37 1.40592200 0.00003100 -0.00000400 -0.01008400 -0.02773000 1.22438300
38 1.17536200 -0.00013200 0.00000400 -0.07487300 0.09798600 -0.69969900
39 4.52676200 0.69046800 1.12084200 -0.50202300 -0.16401400 1.81879400
40 1.74404100 -0.00002700 0.00000100 -0.02147200 -0.02036900 1.22414600
41 1.36876300 -0.00003100 -0.00002000 -0.12191500 0.10180800 -1.06387600
42 2.10653900 1.23392000 -0.87204100 1.96366100 0.54908700 0.36085100
43 1.62388300 -0.20587600 -0.15746600 -0.00389400 -0.07294600 0.12080700
44 1.59179000 -0.07171900 0.01248600 0.03799300 0.07429800 -0.27107500
45 5.51180800 -0.00000600 0.00000400 -0.85022300 0.00000000 0.00000000
46 0.19684600 0.00000600 0.00000000 -0.34822500 0.00001500 -0.00000200
47 0.00000000 0.00000000 0.00000000 0.00000000 0.00000000 -1.57079600
48 -3.50891600 95.49678000 -4.01822700 0.00000000 0.00000000 -3.14156200
49 -8.15650700 111.69036900 -0.28904200 0.41260300 0.22328900 -0.38442600
50 -2.87045600 0.00336400 -0.23724700 0.00000000 0.00000000 0.00000000
51 0.08814800 -0.00123200 -0.18827900 0.00000000 0.00000000 0.00000000
52 -0.00201600 -0.00657100 0.44810600 0.00000000 0.00000000 0.00000000
53 4.26886000 -0.00635900 -1.38380900 0.00000000 0.00000000 0.00000000
54 -1.63111300 0.00486400 0.46800100 0.00000000 0.00000000 0.00000000
55 10.33701400 2.73072800 -1.71336300 -0.46458300 1.24462700 1.41524100
56 -4.60163700 -2.18246400 -1.60537900 -2.79071600 1.07588400 -1.95478900
time 21
0 -0.00000100 7.45008900 -27.50902600 0.00000000 0.00000000 0.00003100
1 -0.00000200 0.00000000 0.00000000 1.57074700 -1.56714200 -1.57074700
2 4.25546500 -0.33518400 -0.00000200 0.00000000 0.00000000 -0.12484800
3 7.43125000 1.49647900 0.00000200 0.00000000 0.00000000 0.24545000
4 5.27847900 0.16554300 0.00000100 0.00000000 0.00000000 0.04851100
5 4.29617700 -17.79056700 17.53758000 1.97586600 1.15990900 -1.29878500
6 -6.21447800 -0.00001000 -0.00002700 -2.24264700 -0.74723000 0.26250500
7 11.94488900 0.00000000 0.00000000 -0.02381100 -0.28840300 0.95209300
8 10.62019000 0.00000000 0.00000000 1.49661600 -0.20294800 2.90509700
9 -4.75111000 -0.69449400 0.83057900 0.05411300 -0.36575100 0.07414700
10 -1.68807600 0.00004300 -0.00003100 0.00866000 -0.02313200 1.08225700
11 -1.33614300 0.00005300 -0.00001000 0.02609000 -0.00377000 0.69594800
12 -4.82049600 -0.50945900 -0.22476100 -0.59552600 -0.09858200 1.39860200
13 -1.82699200 -0.00007200 0.00000800 -0.00922900 0.03936800 1.04386300
14 -1.43657300 0.00000800 0.00000400 -0.04748700 -0.06156900 0.56561900
15 -3.99235900 -0.89118600 -1.82791000 -0.86683100 0.13635500 1.50003900
16 -1.40592200 -0.00002700 0.00000000 0.00711500 -0.02856600 0.63089300
17 -1.17535800 0.00012800 -0.00002100 0.04192500 0.05340800 0.56994100
18 -4.52675200 -0.69057500 -1.12074400 -0.70616200 0.11834300 1.54354500
19 -1.74403800 0.00003300 -0.00000400 -0.00945000 -0.09418300 0.83066800
20 -1.36877400 0.00002500 0.00000400 -0.20781700 0.12090600 0.44087700
21 -2.33538800 -1.03642100 1.05080900 2.16827100 0.38800500 1.07694300
22 -1.52344900 0.00003400 0.00003100 0.09836600 0.16114200 0.56135000
23 -1.59927600 0.00000800 0.00001500 0.02788200 -0.03256400 0.84315700
24 5.58312200 0.11572600 0.29500000 1.94756400 -0.06728900 3.12123600
25 0.19684600 -0.00000100 0.00000400 2.79340700 0.00000600 -3.14157700
26 -0.15094900 -13.61849000 -4.87383300 1.97586200 1.15991000 1.84280300
27 6.21448500 0.00001000 0.00002000 -0.91936300 0.58352800 -1.81751300
28 11.94488500 -0.00003200 -0.00019900 -0.95441700 -0.34390700 -1.75554700
29 10.62016900 -0.00000200 0.00000800 -1.15408400 -1.14147300 -0.48639200
30 4.75116500 0.69437600 -0.83047400 -0.13611400 -0.41542600 1.14316500
31 1.68806100 -0.00002400 0.00000200 -0.00038200 -0.02472600 1.45342700
32 1.33615100 -0.00005000 -0.00001000 0.03042200 -0.02391500 -0.53288900
33 4.82051700 0.50934200 0.22486600 -0.22471400 -0.27686000 1.43682600
34 1.82700300 0.00006200 0.00001000 0.00704100 0.03987900 1.44859800
35 1.43658100 -0.00000600 0.00001000 0.01503200 0.00167500 -0.83651700
36 3.99235500 0.89109000 1.82799500 -0.48635600 -0.01051400 1.79687400
37 1.40592200 0.00003100 -0.00000400 -0.01008400 -0.02773000 1.22438300
38 1.17536200 -0.00013200 0.00000400 -0.07487300 0.09798600 -0.69969900
39 4.52676200 0.69046800 1.12084200 -0.50202300 -0.16401400 1.81879400
40 1.74404100 -0.00002700 0.00000100 -0.02147200 -0.02036900 1.22414600
41 1.36876300 -0.00003100 -0.00002000 -0.12191500 0.10180800 -1.06387600
42 2.10653900 1.23392000 -0.87204100 1.96366100 0.54908700 0.36085100
43 1.62388300 -0.20587600 -0.15746600 -0.00389400 -0.07294600 0.12080700
44 1.59179000 -0.07171900 0.01248600 0.03799300 0.07429800 -0.27107500
45 5.51180800 -0.00000600 0.00000400 -0.85022300 0.00000000 0.00000000
46 0.19684600 0.00000600 0.00000000 -0.34822500 0.00001500 -0.00000200
47 0.00000000 0.00000000 0.00000000 0.00000000 0.00000000 -1.57079600
48 -3.50891600 95.49678000 -4.01822700 0.00000000 0.00000000 -3.14156200
49 -8.16322300 111.69036900 -0.31725400 0.41172800 0.22072500 -0.38506100
50 -2.87045600 0.00336400 -0.23724700 0.00000000 0.00000000 0.00000000
51 0.08814800 -0.00123200 -0.18827900 0.00000000 0.00000000 0.00000000
52 -0.00201600 -0.00657100 0.44810600 0.00000000 0.00000000 0.00000000
53 4.26886000 -0.00635900 -1.38380900 0.00000000 0.00000000 0.00000000
54 -1.63111300 0.00486400 0.46800100 0.00000000 0.00000000 0.00000000
55 10.33701400 2.73072800 -1.71336300 -0.46458300 1.24462700 1.41524100
56 -4.60163700 -2.18246400 -1.60537900 -2.79071600 1.07588400 -1.95478900
time 22
0 -0.00000100 7.45008900 -27.50902600 0.00000000 0.00000000 0.00003100
1 -0.00000200 0.00000000 0.00000000 1.57074700 -1.56714200 -1.57074700
2 4.25546500 -0.33518400 -0.00000200 0.00000000 0.00000000 -0.12484800
3 7.43125000 1.49647900 0.00000200 0.00000000 0.00000000 0.24545000
4 5.27847900 0.16554300 0.00000100 0.00000000 0.00000000 0.04851100
5 4.29617700 -17.79056700 17.53758000 1.97586600 1.15990900 -1.29878500
6 -6.21447800 -0.00001000 -0.00002700 -2.24323800 -0.74761300 0.26242900
7 11.94488900 0.00000000 0.00000000 -0.02389600 -0.28847700 0.95240600
8 10.62019000 0.00000000 0.00000000 1.49569900 -0.20299000 2.90277400
9 -4.75111000 -0.69449400 0.83057900 0.05411300 -0.36575100 0.07414700
10 -1.68807600 0.00004300 -0.00003100 0.00866000 -0.02313200 1.08225700
11 -1.33614300 0.00005300 -0.00001000 0.02609000 -0.00377000 0.69594800
12 -4.82049600 -0.50945900 -0.22476100 -0.59552600 -0.09858200 1.39860200
13 -1.82699200 -0.00007200 0.00000800 -0.00922900 0.03936800 1.04386300
14 -1.43657300 0.00000800 0.00000400 -0.04748700 -0.06156900 0.56561900
15 -3.99235900 -0.89118600 -1.82791000 -0.86683100 0.13635500 1.50003900
16 -1.40592200 -0.00002700 0.00000000 0.00711500 -0.02856600 0.63089300
17 -1.17535800 0.00012800 -0.00002100 0.04192500 0.05340800 0.56994100
18 -4.52675200 -0.69057500 -1.12074400 -0.70616200 0.11834300 1.54354500
19 -1.74403800 0.00003300 -0.00000400 -0.00945000 -0.09418300 0.83066800
20 -1.36877400 0.00002500 0.00000400 -0.20781700 0.12090600 0.44087700
21 -2.33538800 -1.03642100 1.05080900 2.16827100 0.38800500 1.07694300
22 -1.52344900 0.00003400 0.00003100 0.09836600 0.16114200 0.56135000
23 -1.59927600 0.00000800 0.00001500 0.02788200 -0.03256400 0.84315700
24 5.58312200 0.11572600 0.29500000 1.94756400 -0.06728900 3.12123600
25 0.19684600 -0.00000100 0.00000400 2.79340700 0.00000600 -3.14157700
26 -0.15094900 -13.61849000 -4.87383300 1.97586200 1.15991000 1.84280300
27 6.21448500 0.00001000 0.00002000 -0.91825300 0.58628800 -1.81607200
28 11.94488500 -0.00003200 -0.00019900 -0.95390300 -0.34386100 -1.75681800
29 10.62016900 -0.00000200 0.00000800 -1.15619900 -1.14298400 -0.48639800
30 4.75116500 0.69437600 -0.83047400 -0.13611400 -0.41542600 1.14316500
31 1.68806100 -0.00002400 0.00000200 -0.00038200 -0.02472600 1.45342700
32 1.33615100 -0.00005000 -0.00001000 0.03042200 -0.02391500 -0.53288900
33 4.82051700 0.50934200 0.22486600 -0.22471400 -0.27686000 1.43682600
34 1.82700300 0.00006200 0.00001000 0.00704100 0.03987900 1.44859800
35 1.43658100 -0.00000600 0.00001000 0.01503200 0.00167500 -0.83651700
36 3.99235500 0.89109000 1.82799500 -0.48635600 -0.01051400 1.79687400
37 1.40592200 0.00003100 -0.00000400 -0.01008400 -0.02773000 1.22438300
38 1.17536200 -0.00013200 0.00000400 -0.07487300 0.09798600 -0.69969900
39 4.52676200 0.69046800 1.12084200 -0.50202300 -0.16401400 1.81879400
40 1.74404100 -0.00002700 0.00000100 -0.02147200 -0.02036900 1.22414600
41 1.36876300 -0.00003100 -0.00002000 -0.12191500 0.10180800 -1.06387600
42 2.10653900 1.23392000 -0.87204100 1.96366100 0.54908700 0.36085100
43 1.62388300 -0.20587600 -0.15746600 -0.00389400 -0.07294600 0.12080700
44 1.59179000 -0.07171900 0.01248600 0.03799300 0.07429800 -0.27107500
45 5.51180800 -0.00000600 0.00000400 -0.85022300 0.00000000 0.00000000
46 0.19684600 0.00000600 0.00000000 -0.34822500 0.00001500 -0.00000200
47 0.00000000 0.00000000 0.00000000 0.00000000 0.00000000 -1.57079600
48 -3.50891600 95.49678000 -4.01822700 0.00000000 0.00000000 -3.14156200
49 -8.16952700 111.69036900 -0.34372700 0.41091400 0.21841100 -0.38555300
50 -2.87045600 0.00336400 -0.23724700 0.00000000 0.00000000 0.00000000
51 0.08814800 -0.00123200 -0.18827900 0.00000000 0.00000000 0.00000000
52 -0.00201600 -0.00657100 0.44810600 0.00000000 0.00000000 0.00000000
53 4.26886000 -0.00635900 -1.38380900 0.00000000 0.00000000 0.00000000
54 -1.63111300 0.00486400 0.46800100 0.00000000 0.00000000 0.00000000
55 10.33701400 2.73072800 -1.71336300 -0.46458300 1.24462700 1.41524100
56 -4.60163700 -2.18246400 -1.60537900 -2.79071600 1.07588400 -1.95478900
time 23
0 -0.00000100 7.45008900 -27.50902600 0.00000000 0.00000000 0.00003100
1 -0.00000200 0.00000000 0.00000000 1.57074700 -1.56714200 -1.57074700
2 4.25546500 -0.33518400 -0.00000200 0.00000000 0.00000000 -0.12484800
3 7.43125000 1.49647900 0.00000200 0.00000000 0.00000000 0.24545000
4 5.27847900 0.16554300 0.00000100 0.00000000 0.00000000 0.04851100
5 4.29617700 -17.79056700 17.53758000 1.97586600 1.15990900 -1.29878500
6 -6.21447800 -0.00001000 -0.00002700 -2.24395200 -0.74798200 0.26240000
7 11.94488900 0.00000000 0.00000000 -0.02398200 -0.28855100 0.95272000
8 10.62019000 0.00000000 0.00000000 1.49475700 -0.20303200 2.90057800
9 -4.75111000 -0.69449400 0.83057900 0.05411300 -0.36575100 0.07414700
10 -1.68807600 0.00004300 -0.00003100 0.00866000 -0.02313200 1.08225700
11 -1.33614300 0.00005300 -0.00001000 0.02609000 -0.00377000 0.69594800
12 -4.82049600 -0.50945900 -0.22476100 -0.59552600 -0.09858200 1.39860200
13 -1.82699200 -0.00007200 0.00000800 -0.00922900 0.03936800 1.04386300
14 -1.43657300 0.00000800 0.00000400 -0.04748700 -0.06156900 0.56561900
15 -3.99235900 -0.89118600 -1.82791000 -0.86683100 0.13635500 1.50003900
16 -1.40592200 -0.00002700 0.00000000 0.00711500 -0.02856600 0.63089300
17 -1.17535800 0.00012800 -0.00002100 0.04192500 0.05340800 0.56994100
18 -4.52675200 -0.69057500 -1.12074400 -0.70616200 0.11834300 1.54354500
19 -1.74403800 0.00003300 -0.00000400 -0.00945000 -0.09418300 0.83066800
20 -1.36877400 0.00002500 0.00000400 -0.20781700 0.12090600 0.44087700
21 -2.33538800 -1.03642100 1.05080900 2.16827100 0.38800500 1.07694300
22 -1.52344900 0.00003400 0.00003100 0.09836600 0.16114200 0.56135000
23 -1.59927600 0.00000800 0.00001500 0.02788200 -0.03256400 0.84315700
24 5.58312200 0.11572600 0.29500000 1.94756400 -0.06728900 3.12123600
25 0.19684600 -0.00000100 0.00000400 2.79340700 0.00000600 -3.14157700
26 -0.15094900 -13.61849000 -4.87383300 1.97586200 1.15991000 1.84280300
27 6.21448500 0.00001000 0.00002000 -0.91705900 0.58875300 -1.81462800
28 11.94488500 -0.00003200 -0.00019900 -0.95355300 -0.34375200 -1.75791600
29 10.62016900 -0.00000200 0.00000800 -1.15845000 -1.14436900 -0.48611700
30 4.75116500 0.69437600 -0.83047400 -0.13611400 -0.41542600 1.14316500
31 1.68806100 -0.00002400 0.00000200 -0.00038200 -0.02472600 1.45342700
32 1.33615100 -0.00005000 -0.00001000 0.03042200 -0.02391500 -0.53288900
33 4.82051700 0.50934200 0.22486600 -0.22471400 -0.27686000 1.43682600
34 1.82700300 0.00006200 0.00001000 0.00704100 0.03987900 1.44859800
35 1.43658100 -0.00000600 0.00001000 0.01503200 0.00167500 -0.83651700
36 3.99235500 0.89109000 1.82799500 -0.48635600 -0.01051400 1.79687400
37 1.40592200 0.00003100 -0.00000400 -0.01008400 -0.02773000 1.22438300
38 1.17536200 -0.00013200 0.00000400 -0.07487300 0.09798600 -0.69969900
39 4.52676200 0.69046800 1.12084200 -0.50202300 -0.16401400 1.81879400
40 1.74404100 -0.00002700 0.00000100 -0.02147200 -0.02036900 1.22414600
41 1.36876300 -0.00003100 -0.00002000 -0.12191500 0.10180800 -1.06387600
42 2.10653900 1.23392000 -0.87204100 1.96366100 0.54908700 0.36085100
43 1.62388300 -0.20587600 -0.15746600 -0.00389400 -0.07294600 0.12080700
44 1.59179000 -0.07171900 0.01248600 0.03799300 0.07429800 -0.27107500
45 5.51180800 -0.00000600 0.00000400 -0.85022300 0.00000000 0.00000000
46 0.19684600 0.00000600 0.00000000 -0.34822500 0.00001500 -0.00000200
47 0.00000000 0.00000000 0.00000000 0.00000000 0.00000000 -1.57079600
48 -3.50891600 95.49678000 -4.01822700 0.00000000 0.00000000 -3.14156200
49 -8.17534600 111.69036900 -0.36817200 0.41016700 0.21621600 -0.38610700
50 -2.87045600 0.00336400 -0.23724700 0.00000000 0.00000000 0.00000000
51 0.08814800 -0.00123200 -0.18827900 0.00000000 0.00000000 0.00000000
52 -0.00201600 -0.00657100 0.44810600 0.00000000 0.00000000 0.00000000
53 4.26886000 -0.00635900 -1.38380900 0.00000000 0.00000000 0.00000000
54 -1.63111300 0.00486400 0.46800100 0.00000000 0.00000000 0.00000000
55 10.33701400 2.73072800 -1.71336300 -0.46458300 1.24462700 1.41524100
56 -4.60163700 -2.18246400 -1.60537900 -2.79071600 1.07588400 -1.95478900
time 24
0 -0.00000100 7.45008900 -27.50902600 0.00000000 0.00000000 0.00003100
1 -0.00000200 0.00000000 0.00000000 1.57074700 -1.56714200 -1.57074700
2 4.25546500 -0.33518400 -0.00000200 0.00000000 0.00000000 -0.12484800
3 7.43125000 1.49647900 0.00000200 0.00000000 0.00000000 0.24545000
4 5.27847900 0.16554300 0.00000100 0.00000000 0.00000000 0.04851100
5 4.29617700 -17.79056700 17.53758000 1.97586600 1.15990900 -1.29878500
6 -6.21447800 -0.00001000 -0.00002700 -2.24443900 -0.74829400 0.26232100
7 11.94488900 0.00000000 0.00000000 -0.02406800 -0.28862500 0.95303300
8 10.62019000 0.00000000 0.00000000 1.49399900 -0.20304100 2.89861000
9 -4.75111000 -0.69449400 0.83057900 0.05411300 -0.36575100 0.07414700
10 -1.68807600 0.00004300 -0.00003100 0.00866000 -0.02313200 1.08225700
11 -1.33614300 0.00005300 -0.00001000 0.02609000 -0.00377000 0.69594800
12 -4.82049600 -0.50945900 -0.22476100 -0.59552600 -0.09858200 1.39860200
13 -1.82699200 -0.00007200 0.00000800 -0.00922900 0.03936800 1.04386300
14 -1.43657300 0.00000800 0.00000400 -0.04748700 -0.06156900 0.56561900
15 -3.99235900 -0.89118600 -1.82791000 -0.86683100 0.13635500 1.50003900
16 -1.40592200 -0.00002700 0.00000000 0.00711500 -0.02856600 0.63089300
17 -1.17535800 0.00012800 -0.00002100 0.04192500 0.05340800 0.56994100
18 -4.52675200 -0.69057500 -1.12074400 -0.70616200 0.11834300 1.54354500
19 -1.74403800 0.00003300 -0.00000400 -0.00945000 -0.09418300 0.83066800
20 -1.36877400 0.00002500 0.00000400 -0.20781700 0.12090600 0.44087700
21 -2.33538800 -1.03642100 1.05080900 2.16827100 0.38800500 1.07694300
22 -1.52344900 0.00003400 0.00003100 0.09836600 0.16114200 0.56135000
23 -1.59927600 0.00000800 0.00001500 0.02788200 -0.03256400 0.84315700
24 5.58312200 0.11572600 0.29500000 1.94756400 -0.06728900 3.12123600
25 0.19684600 -0.00000100 0.00000400 2.79340700 0.00000600 -3.14157700
26 -0.15094900 -13.61849000 -4.87383300 1.97586200 1.15991000 1.84280300
27 6.21448500 0.00001000 0.00002000 -0.91610500 0.59105400 -1.81338900
28 11.94488500 -0.00003200 -0.00019900 -0.95313200 -0.34370100 -1.75901700
29 10.62016900 -0.00000200 0.00000800 -1.16026700 -1.14553500 -0.48604800
30 4.75116500 0.69437600 -0.83047400 -0.13611400 -0.41542600 1.14316500
31 1.68806100 -0.00002400 0.00000200 -0.00038200 -0.02472600 1.45342700
32 1.33615100 -0.00005000 -0.00001000 0.03042200 -0.02391500 -0.53288900
33 4.82051700 0.50934200 0.22486600 -0.22471400 -0.27686000 1.43682600
34 1.82700300 0.00006200 0.00001000 0.00704100 0.03987900 1.44859800
35 1.43658100 -0.00000600 0.00001000 0.01503200 0.00167500 -0.83651700
36 3.99235500 0.89109000 1.82799500 -0.48635600 -0.01051400 1.79687400
37 1.40592200 0.00003100 -0.00000400 -0.01008400 -0.02773000 1.22438300
38 1.17536200 -0.00013200 0.00000400 -0.07487300 0.09798600 -0.69969900
39 4.52676200 0.69046800 1.12084200 -0.50202300 -0.16401400 1.81879400
40 1.74404100 -0.00002700 0.00000100 -0.02147200 -0.02036900 1.22414600
41 1.36876300 -0.00003100 -0.00002000 -0.12191500 0.10180800 -1.06387600
42 2.10653900 1.23392000 -0.87204100 1.96366100 0.54908700 0.36085100
43 1.62388300 -0.20587600 -0.15746600 -0.00389400 -0.07294600 0.12080700
44 1.59179000 -0.07171900 0.01248600 0.03799300 0.07429800 -0.27107500
45 5.51180800 -0.00000600 0.00000400 -0.85022300 0.00000000 0.00000000
46 0.19684600 0.00000600 0.00000000 -0.34822500 0.00001500 -0.00000200
47 0.00000000 0.00000000 0.00000000 0.00000000 0.00000000 -1.57079600
48 -3.50891600 95.49678000 -4.01822700 0.00000000 0.00000000 -3.14156200
49 -8.18061400 111.69036900 -0.39029700 0.40947900 0.21427100 -0.38651900
50 -2.87045600 0.00336400 -0.23724700 0.00000000 0.00000000 0.00000000
51 0.08814800 -0.00123200 -0.18827900 0.00000000 0.00000000 0.00000000
52 -0.00201600 -0.00657100 0.44810600 0.00000000 0.00000000 0.00000000
53 4.26886000 -0.00635900 -1.38380900 0.00000000 0.00000000 0.00000000
54 -1.63111300 0.00486400 0.46800100 0.00000000 0.00000000 0.00000000
55 10.33701400 2.73072800 -1.71336300 -0.46458300 1.24462700 1.41524100
56 -4.60163700 -2.18246400 -1.60537900 -2.79071600 1.07588400 -1.95478900
time 25
0 -0.00000100 7.45008900 -27.50902600 0.00000000 0.00000000 0.00003100
1 -0.00000200 0.00000000 0.00000000 1.57074700 -1.56714200 -1.57074700
2 4.25546500 -0.33518400 -0.00000200 0.00000000 0.00000000 -0.12484800
3 7.43125000 1.49647900 0.00000200 0.00000000 0.00000000 0.24545000
4 5.27847900 0.16554300 0.00000100 0.00000000 0.00000000 0.04851100
5 4.29617700 -17.79056700 17.53758000 1.97586600 1.15990900 -1.29878500
6 -6.21447800 -0.00001000 -0.00002700 -2.24494600 -0.74852200 0.26228500
7 11.94488900 0.00000000 0.00000000 -0.02409700 -0.28862300 0.95323400
8 10.62019000 0.00000000 0.00000000 1.49330400 -0.20309000 2.89694600
9 -4.75111000 -0.69449400 0.83057900 0.05411300 -0.36575100 0.07414700
10 -1.68807600 0.00004300 -0.00003100 0.00866000 -0.02313200 1.08225700
11 -1.33614300 0.00005300 -0.00001000 0.02609000 -0.00377000 0.69594800
12 -4.82049600 -0.50945900 -0.22476100 -0.59552600 -0.09858200 1.39860200
13 -1.82699200 -0.00007200 0.00000800 -0.00922900 0.03936800 1.04386300
14 -1.43657300 0.00000800 0.00000400 -0.04748700 -0.06156900 0.56561900
15 -3.99235900 -0.89118600 -1.82791000 -0.86683100 0.13635500 1.50003900
16 -1.40592200 -0.00002700 0.00000000 0.00711500 -0.02856600 0.63089300
17 -1.17535800 0.00012800 -0.00002100 0.04192500 0.05340800 0.56994100
18 -4.52675200 -0.69057500 -1.12074400 -0.70616200 0.11834300 1.54354500
19 -1.74403800 0.00003300 -0.00000400 -0.00945000 -0.09418300 0.83066800
20 -1.36877400 0.00002500 0.00000400 -0.20781700 0.12090600 0.44087700
21 -2.33538800 -1.03642100 1.05080900 2.16827100 0.38800500 1.07694300
22 -1.52344900 0.00003400 0.00003100 0.09836600 0.16114200 0.56135000
23 -1.59927600 0.00000800 0.00001500 0.02788200 -0.03256400 0.84315700
24 5.58312200 0.11572600 0.29500000 1.94756400 -0.06728900 3.12123600
25 0.19684600 -0.00000100 0.00000400 2.79340700 0.00000600 -3.14157700
26 -0.15094900 -13.61849000 -4.87383300 1.97586200 1.15991000 1.84280300
27 6.21448500 0.00001000 0.00002000 -0.91511800 0.59299400 -1.81213500
28 11.94488500 -0.00003200 -0.00019900 -0.95288300 -0.34369300 -1.75987600
29 10.62016900 -0.00000200 0.00000800 -1.16199400 -1.14653900 -0.48583300
30 4.75116500 0.69437600 -0.83047400 -0.13611400 -0.41542600 1.14316500
31 1.68806100 -0.00002400 0.00000200 -0.00038200 -0.02472600 1.45342700
32 1.33615100 -0.00005000 -0.00001000 0.03042200 -0.02391500 -0.53288900
33 4.82051700 0.50934200 0.22486600 -0.22471400 -0.27686000 1.43682600
34 1.82700300 0.00006200 0.00001000 0.00704100 0.03987900 1.44859800
35 1.43658100 -0.00000600 0.00001000 0.01503200 0.00167500 -0.83651700
36 3.99235500 0.89109000 1.82799500 -0.48635600 -0.01051400 1.79687400
37 1.40592200 0.00003100 -0.00000400 -0.01008400 -0.02773000 1.22438300
38 1.17536200 -0.00013200 0.00000400 -0.07487300 0.09798600 -0.69969900
39 4.52676200 0.69046800 1.12084200 -0.50202300 -0.16401400 1.81879400
40 1.74404100 -0.00002700 0.00000100 -0.02147200 -0.02036900 1.22414600
41 1.36876300 -0.00003100 -0.00002000 -0.12191500 0.10180800 -1.06387600
42 2.10653900 1.23392000 -0.87204100 1.96366100 0.54908700 0.36085100
43 1.62388300 -0.20587600 -0.15746600 -0.00389400 -0.07294600 0.12080700
44 1.59179000 -0.07171900 0.01248600 0.03799300 0.07429800 -0.27107500
45 5.51180800 -0.00000600 0.00000400 -0.85022300 0.00000000 0.00000000
46 0.19684600 0.00000600 0.00000000 -0.34822500 0.00001500 -0.00000200
47 0.00000000 0.00000000 0.00000000 0.00000000 0.00000000 -1.57079600
48 -3.50891600 95.49678000 -4.01822700 0.00000000 0.00000000 -3.14156200
49 -8.18526100 111.69036900 -0.40981400 0.40885300 0.21251100 -0.38689000
50 -2.87045600 0.00336400 -0.23724700 0.00000000 0.00000000 0.00000000
51 0.08814800 -0.00123200 -0.18827900 0.00000000 0.00000000 0.00000000
52 -0.00201600 -0.00657100 0.44810600 0.00000000 0.00000000 0.00000000
53 4.26886000 -0.00635900 -1.38380900 0.00000000 0.00000000 0.00000000
54 -1.63111300 0.00486400 0.46800100 0.00000000 0.00000000 0.00000000
55 10.33701400 2.73072800 -1.71336300 -0.46458300 1.24462700 1.41524100
56 -4.60163700 -2.18246400 -1.60537900 -2.79071600 1.07588400 -1.95478900
time 26
0 -0.00000100 7.45008900 -27.50902600 0.00000000 0.00000000 0.00003100
1 -0.00000200 0.00000000 0.00000000 1.57074700 -1.56714200 -1.57074700
2 4.25546500 -0.33518400 -0.00000200 0.00000000 0.00000000 -0.12484800
3 7.43125000 1.49647900 0.00000200 0.00000000 0.00000000 0.24545000
4 5.27847900 0.16554300 0.00000100 0.00000000 0.00000000 0.04851100
5 4.29617700 -17.79056700 17.53758000 1.97586600 1.15990900 -1.29878500
6 -6.21447800 -0.00001000 -0.00002700 -2.24533000 -0.74876400 0.26220200
7 11.94488900 0.00000000 0.00000000 -0.02416800 -0.28869800 0.95344700
8 10.62019000 0.00000000 0.00000000 1.49267300 -0.20306100 2.89545900
9 -4.75111000 -0.69449400 0.83057900 0.05411300 -0.36575100 0.07414700
10 -1.68807600 0.00004300 -0.00003100 0.00866000 -0.02313200 1.08225700
11 -1.33614300 0.00005300 -0.00001000 0.02609000 -0.00377000 0.69594800
12 -4.82049600 -0.50945900 -0.22476100 -0.59552600 -0.09858200 1.39860200
13 -1.82699200 -0.00007200 0.00000800 -0.00922900 0.03936800 1.04386300
14 -1.43657300 0.00000800 0.00000400 -0.04748700 -0.06156900 0.56561900
15 -3.99235900 -0.89118600 -1.82791000 -0.86683100 0.13635500 1.50003900
16 -1.40592200 -0.00002700 0.00000000 0.00711500 -0.02856600 0.63089300
17 -1.17535800 0.00012800 -0.00002100 0.04192500 0.05340800 0.56994100
18 -4.52675200 -0.69057500 -1.12074400 -0.70616200 0.11834300 1.54354500
19 -1.74403800 0.00003300 -0.00000400 -0.00945000 -0.09418300 0.83066800
20 -1.36877400 0.00002500 0.00000400 -0.20781700 0.12090600 0.44087700
21 -2.33538800 -1.03642100 1.05080900 2.16827100 0.38800500 1.07694300
22 -1.52344900 0.00003400 0.00003100 0.09836600 0.16114200 0.56135000
23 -1.59927600 0.00000800 0.00001500 0.02788200 -0.03256400 0.84315700
24 5.58312200 0.11572600 0.29500000 1.94756400 -0.06728900 3.12123600
25 0.19684600 -0.00000100 0.00000400 2.79340700 0.00000600 -3.14157700
26 -0.15094900 -13.61849000 -4.87383300 1.97586200 1.15991000 1.84280300
27 6.21448500 0.00001000 0.00002000 -0.91435100 0.59478400 -1.81121700
28 11.94488500 -0.00003200 -0.00019900 -0.95265800 -0.34358700 -1.76054300
29 10.62016900 -0.00000200 0.00000800 -1.16328200 -1.14747900 -0.48589000
30 4.75116500 0.69437600 -0.83047400 -0.13611400 -0.41542600 1.14316500
31 1.68806100 -0.00002400 0.00000200 -0.00038200 -0.02472600 1.45342700
32 1.33615100 -0.00005000 -0.00001000 0.03042200 -0.02391500 -0.53288900
33 4.82051700 0.50934200 0.22486600 -0.22471400 -0.27686000 1.43682600
34 1.82700300 0.00006200 0.00001000 0.00704100 0.03987900 1.44859800
35 1.43658100 -0.00000600 0.00001000 0.01503200 0.00167500 -0.83651700
36 3.99235500 0.89109000 1.82799500 -0.48635600 -0.01051400 1.79687400
37 1.40592200 0.00003100 -0.00000400 -0.01008400 -0.02773000 1.22438300
38 1.17536200 -0.00013200 0.00000400 -0.07487300 0.09798600 -0.69969900
39 4.52676200 0.69046800 1.12084200 -0.50202300 -0.16401400 1.81879400
40 1.74404100 -0.00002700 0.00000100 -0.02147200 -0.02036900 1.22414600
41 1.36876300 -0.00003100 -0.00002000 -0.12191500 0.10180800 -1.06387600
42 2.10653900 1.23392000 -0.87204100 1.96366100 0.54908700 0.36085100
43 1.62388300 -0.20587600 -0.15746600 -0.00389400 -0.07294600 0.12080700
44 1.59179000 -0.07171900 0.01248600 0.03799300 0.07429800 -0.27107500
45 5.51180800 -0.00000600 0.00000400 -0.85022300 0.00000000 0.00000000
46 0.19684600 0.00000600 0.00000000 -0.34822500 0.00001500 -0.00000200
47 0.00000000 0.00000000 0.00000000 0.00000000 0.00000000 -1.57079600
48 -3.50891600 95.49678000 -4.01822700 0.00000000 0.00000000 -3.14156200
49 -8.18921900 111.69036900 -0.42643200 0.40835600 0.21105300 -0.38728600
50 -2.87045600 0.00336400 -0.23724700 0.00000000 0.00000000 0.00000000
51 0.08814800 -0.00123200 -0.18827900 0.00000000 0.00000000 0.00000000
52 -0.00201600 -0.00657100 0.44810600 0.00000000 0.00000000 0.00000000
53 4.26886000 -0.00635900 -1.38380900 0.00000000 0.00000000 0.00000000
54 -1.63111300 0.00486400 0.46800100 0.00000000 0.00000000 0.00000000
55 10.33701400 2.73072800 -1.71336300 -0.46458300 1.24462700 1.41524100
56 -4.60163700 -2.18246400 -1.60537900 -2.79071600 1.07588400 -1.95478900
time 27
0 -0.00000100 7.45008900 -27.50902600 0.00000000 0.00000000 0.00003100
1 -0.00000200 0.00000000 0.00000000 1.57074700 -1.56714200 -1.57074700
2 4.25546500 -0.33518400 -0.00000200 0.00000000 0.00000000 -0.12484800
3 7.43125000 1.49647900 0.00000200 0.00000000 0.00000000 0.24545000
4 5.27847900 0.16554300 0.00000100 0.00000000 0.00000000 0.04851100
5 4.29617700 -17.79056700 17.53758000 1.97586600 1.15990900 -1.29878500
6 -6.21447800 -0.00001000 -0.00002700 -2.24564100 -0.74897700 0.26221300
7 11.94488900 0.00000000 0.00000000 -0.02418300 -0.28869600 0.95354800
8 10.62019000 0.00000000 0.00000000 1.49222100 -0.20311600 2.89432800
9 -4.75111000 -0.69449400 0.83057900 0.05411300 -0.36575100 0.07414700
10 -1.68807600 0.00004300 -0.00003100 0.00866000 -0.02313200 1.08225700
11 -1.33614300 0.00005300 -0.00001000 0.02609000 -0.00377000 0.69594800
12 -4.82049600 -0.50945900 -0.22476100 -0.59552600 -0.09858200 1.39860200
13 -1.82699200 -0.00007200 0.00000800 -0.00922900 0.03936800 1.04386300
14 -1.43657300 0.00000800 0.00000400 -0.04748700 -0.06156900 0.56561900
15 -3.99235900 -0.89118600 -1.82791000 -0.86683100 0.13635500 1.50003900
16 -1.40592200 -0.00002700 0.00000000 0.00711500 -0.02856600 0.63089300
17 -1.17535800 0.00012800 -0.00002100 0.04192500 0.05340800 0.56994100
18 -4.52675200 -0.69057500 -1.12074400 -0.70616200 0.11834300 1.54354500
19 -1.74403800 0.00003300 -0.00000400 -0.00945000 -0.09418300 0.83066800
20 -1.36877400 0.00002500 0.00000400 -0.20781700 0.12090600 0.44087700
21 -2.33538800 -1.03642100 1.05080900 2.16827100 0.38800500 1.07694300
22 -1.52344900 0.00003400 0.00003100 0.09836600 0.16114200 0.56135000
23 -1.59927600 0.00000800 0.00001500 0.02788200 -0.03256400 0.84315700
24 5.58312200 0.11572600 0.29500000 1.94756400 -0.06728900 3.12123600
25 0.19684600 -0.00000100 0.00000400 2.79340700 0.00000600 -3.14157700
26 -0.15094900 -13.61849000 -4.87383300 1.97586200 1.15991000 1.84280300
27 6.21448500 0.00001000 0.00002000 -0.91374600 0.59611900 -1.81050100
28 11.94488500 -0.00003200 -0.00019900 -0.95243400 -0.34348100 -1.76120900
29 10.62016900 -0.00000200 0.00000800 -1.16453600 -1.14819200 -0.48566600
30 4.75116500 0.69437600 -0.83047400 -0.13611400 -0.41542600 1.14316500
31 1.68806100 -0.00002400 0.00000200 -0.00038200 -0.02472600 1.45342700
32 1.33615100 -0.00005000 -0.00001000 0.03042200 -0.02391500 -0.53288900
33 4.82051700 0.50934200 0.22486600 -0.22471400 -0.27686000 1.43682600
34 1.82700300 0.00006200 0.00001000 0.00704100 0.03987900 1.44859800
35 1.43658100 -0.00000600 0.00001000 0.01503200 0.00167500 -0.83651700
36 3.99235500 0.89109000 1.82799500 -0.48635600 -0.01051400 1.79687400
37 1.40592200 0.00003100 -0.00000400 -0.01008400 -0.02773000 1.22438300
38 1.17536200 -0.00013200 0.00000400 -0.07487300 0.09798600 -0.69969900
39 4.52676200 0.69046800 1.12084200 -0.50202300 -0.16401400 1.81879400
40 1.74404100 -0.00002700 0.00000100 -0.02147200 -0.02036900 1.22414600
41 1.36876300 -0.00003100 -0.00002000 -0.12191500 0.10180800 -1.06387600
42 2.10653900 1.23392000 -0.87204100 1.96366100 0.54908700 0.36085100
43 1.62388300 -0.20587600 -0.15746600 -0.00389400 -0.07294600 0.12080700
44 1.59179000 -0.07171900 0.01248600 0.03799300 0.07429800 -0.27107500
45 5.51180800 -0.00000600 0.00000400 -0.85022300 0.00000000 0.00000000
46 0.19684600 0.00000600 0.00000000 -0.34822500 0.00001500 -0.00000200
47 0.00000000 0.00000000 0.00000000 0.00000000 0.00000000 -1.57079600
48 -3.50891600 95.49678000 -4.01822700 0.00000000 0.00000000 -3.14156200
49 -8.19241500 111.69036900 -0.43986100 0.40791600 0.20984600 -0.38754100
50 -2.87045600 0.00336400 -0.23724700 0.00000000 0.00000000 0.00000000
51 0.08814800 -0.00123200 -0.18827900 0.00000000 0.00000000 0.00000000
52 -0.00201600 -0.00657100 0.44810600 0.00000000 0.00000000 0.00000000
53 4.26886000 -0.00635900 -1.38380900 0.00000000 0.00000000 0.00000000
54 -1.63111300 0.00486400 0.46800100 0.00000000 0.00000000 0.00000000
55 10.33701400 2.73072800 -1.71336300 -0.46458300 1.24462700 1.41524100
56 -4.60163700 -2.18246400 -1.60537900 -2.79071600 1.07588400 -1.95478900
time 28
0 -0.00000100 7.45008900 -27.50902600 0.00000000 0.00000000 0.00003100
1 -0.00000200 0.00000000 0.00000000 1.57074700 -1.56714200 -1.57074700
2 4.25546500 -0.33518400 -0.00000200 0.00000000 0.00000000 -0.12484800
3 7.43125000 1.49647900 0.00000200 0.00000000 0.00000000 0.24545000
4 5.27847900 0.16554300 0.00000100 0.00000000 0.00000000 0.04851100
5 4.29617700 -17.79056700 17.53758000 1.97586600 1.15990900 -1.29878500
6 -6.21447800 -0.00001000 -0.00002700 -2.24594000 -0.74906300 0.26217000
7 11.94488900 0.00000000 0.00000000 -0.02423900 -0.28877300 0.95366100
8 10.62019000 0.00000000 0.00000000 1.49183000 -0.20315100 2.89343800
9 -4.75111000 -0.69449400 0.83057900 0.05411300 -0.36575100 0.07414700
10 -1.68807600 0.00004300 -0.00003100 0.00866000 -0.02313200 1.08225700
11 -1.33614300 0.00005300 -0.00001000 0.02609000 -0.00377000 0.69594800
12 -4.82049600 -0.50945900 -0.22476100 -0.59552600 -0.09858200 1.39860200
13 -1.82699200 -0.00007200 0.00000800 -0.00922900 0.03936800 1.04386300
14 -1.43657300 0.00000800 0.00000400 -0.04748700 -0.06156900 0.56561900
15 -3.99235900 -0.89118600 -1.82791000 -0.86683100 0.13635500 1.50003900
16 -1.40592200 -0.00002700 0.00000000 0.00711500 -0.02856600 0.63089300
17 -1.17535800 0.00012800 -0.00002100 0.04192500 0.05340800 0.56994100
18 -4.52675200 -0.69057500 -1.12074400 -0.70616200 0.11834300 1.54354500
19 -1.74403800 0.00003300 -0.00000400 -0.00945000 -0.09418300 0.83066800
20 -1.36877400 0.00002500 0.00000400 -0.20781700 0.12090600 0.44087700
21 -2.33538800 -1.03642100 1.05080900 2.16827100 0.38800500 1.07694300
22 -1.52344900 0.00003400 0.00003100 0.09836600 0.16114200 0.56135000
23 -1.59927600 0.00000800 0.00001500 0.02788200 -0.03256400 0.84315700
24 5.58312200 0.11572600 0.29500000 1.94756400 -0.06728900 3.12123600
25 0.19684600 -0.00000100 0.00000400 2.79340700 0.00000600 -3.14157700
26 -0.15094900 -13.61849000 -4.87383300 1.97586200 1.15991000 1.84280300
27 6.21448500 0.00001000 0.00002000 -0.91322500 0.59712000 -1.80987900
28 11.94488500 -0.00003200 -0.00019900 -0.95231000 -0.34347700 -1.76163900
29 10.62016900 -0.00000200 0.00000800 -1.16540800 -1.14877400 -0.48557900
30 4.75116500 0.69437600 -0.83047400 -0.13611400 -0.41542600 1.14316500
31 1.68806100 -0.00002400 0.00000200 -0.00038200 -0.02472600 1.45342700
32 1.33615100 -0.00005000 -0.00001000 0.03042200 -0.02391500 -0.53288900
33 4.82051700 0.50934200 0.22486600 -0.22471400 -0.27686000 1.43682600
34 1.82700300 0.00006200 0.00001000 0.00704100 0.03987900 1.44859800
35 1.43658100 -0.00000600 0.00001000 0.01503200 0.00167500 -0.83651700
36 3.99235500 0.89109000 1.82799500 -0.48635600 -0.01051400 1.79687400
37 1.40592200 0.00003100 -0.00000400 -0.01008400 -0.02773000 1.22438300
38 1.17536200 -0.00013200 0.00000400 -0.07487300 0.09798600 -0.69969900
39 4.52676200 0.69046800 1.12084200 -0.50202300 -0.16401400 1.81879400
40 1.74404100 -0.00002700 0.00000100 -0.02147200 -0.02036900 1.22414600
41 1.36876300 -0.00003100 -0.00002000 -0.12191500 0.10180800 -1.06387600
42 2.10653900 1.23392000 -0.87204100 1.96366100 0.54908700 0.36085100
43 1.62388300 -0.20587600 -0.15746600 -0.00389400 -0.07294600 0.12080700
44 1.59179000 -0.07171900 0.01248600 0.03799300 0.07429800 -0.27107500
45 5.51180800 -0.00000600 0.00000400 -0.85022300 0.00000000 0.00000000
46 0.19684600 0.00000600 0.00000000 -0.34822500 0.00001500 -0.00000200
47 0.00000000 0.00000000 0.00000000 0.00000000 0.00000000 -1.57079600
48 -3.50891600 95.49678000 -4.01822700 0.00000000 0.00000000 -3.14156200
49 -8.19478500 111.69036900 -0.44981300 0.40761100 0.20892400 -0.38773300
50 -2.87045600 0.00336400 -0.23724700 0.00000000 0.00000000 0.00000000
51 0.08814800 -0.00123200 -0.18827900 0.00000000 0.00000000 0.00000000
52 -0.00201600 -0.00657100 0.44810600 0.00000000 0.00000000 0.00000000
53 4.26886000 -0.00635900 -1.38380900 0.00000000 0.00000000 0.00000000
54 -1.63111300 0.00486400 0.46800100 0.00000000 0.00000000 0.00000000
55 10.33701400 2.73072800 -1.71336300 -0.46458300 1.24462700 1.41524100
56 -4.60163700 -2.18246400 -1.60537900 -2.79071600 1.07588400 -1.95478900
time 29
0 -0.00000100 7.45008900 -27.50902600 0.00000000 0.00000000 0.00003100
1 -0.00000200 0.00000000 0.00000000 1.57074700 -1.56714200 -1.57074700
2 4.25546500 -0.33518400 -0.00000200 0.00000000 0.00000000 -0.12484800
3 7.43125000 1.49647900 0.00000200 0.00000000 0.00000000 0.24545000
4 5.27847900 0.16554300 0.00000100 0.00000000 0.00000000 0.04851100
5 4.29617700 -17.79056700 17.53758000 1.97586600 1.15990900 -1.29878500
6 -6.21447800 -0.00001000 -0.00002700 -2.24604400 -0.74913400 0.26217400
7 11.94488900 0.00000000 0.00000000 -0.02425400 -0.28877200 0.95376100
8 10.62019000 0.00000000 0.00000000 1.49159100 -0.20314700 2.89290400
9 -4.75111000 -0.69449400 0.83057900 0.05411300 -0.36575100 0.07414700
10 -1.68807600 0.00004300 -0.00003100 0.00866000 -0.02313200 1.08225700
11 -1.33614300 0.00005300 -0.00001000 0.02609000 -0.00377000 0.69594800
12 -4.82049600 -0.50945900 -0.22476100 -0.59552600 -0.09858200 1.39860200
13 -1.82699200 -0.00007200 0.00000800 -0.00922900 0.03936800 1.04386300
14 -1.43657300 0.00000800 0.00000400 -0.04748700 -0.06156900 0.56561900
15 -3.99235900 -0.89118600 -1.82791000 -0.86683100 0.13635500 1.50003900
16 -1.40592200 -0.00002700 0.00000000 0.00711500 -0.02856600 0.63089300
17 -1.17535800 0.00012800 -0.00002100 0.04192500 0.05340800 0.56994100
18 -4.52675200 -0.69057500 -1.12074400 -0.70616200 0.11834300 1.54354500
19 -1.74403800 0.00003300 -0.00000400 -0.00945000 -0.09418300 0.83066800
20 -1.36877400 0.00002500 0.00000400 -0.20781700 0.12090600 0.44087700
21 -2.33538800 -1.03642100 1.05080900 2.16827100 0.38800500 1.07694300
22 -1.52344900 0.00003400 0.00003100 0.09836600 0.16114200 0.56135000
23 -1.59927600 0.00000800 0.00001500 0.02788200 -0.03256400 0.84315700
24 5.58312200 0.11572600 0.29500000 1.94756400 -0.06728900 3.12123600
25 0.19684600 -0.00000100 0.00000400 2.79340700 0.00000600 -3.14157700
26 -0.15094900 -13.61849000 -4.87383300 1.97586200 1.15991000 1.84280300
27 6.21448500 0.00001000 0.00002000 -0.91295700 0.59774800 -1.80945100
28 11.94488500 -0.00003200 -0.00019900 -0.95220600 -0.34352800 -1.76190300
29 10.62016900 -0.00000200 0.00000800 -1.16589400 -1.14906900 -0.48557700
30 4.75116500 0.69437600 -0.83047400 -0.13611400 -0.41542600 1.14316500
31 1.68806100 -0.00002400 0.00000200 -0.00038200 -0.02472600 1.45342700
32 1.33615100 -0.00005000 -0.00001000 0.03042200 -0.02391500 -0.53288900
33 4.82051700 0.50934200 0.22486600 -0.22471400 -0.27686000 1.43682600
34 1.82700300 0.00006200 0.00001000 0.00704100 0.03987900 1.44859800
35 1.43658100 -0.00000600 0.00001000 0.01503200 0.00167500 -0.83651700
36 3.99235500 0.89109000 1.82799500 -0.48635600 -0.01051400 1.79687400
37 1.40592200 0.00003100 -0.00000400 -0.01008400 -0.02773000 1.22438300
38 1.17536200 -0.00013200 0.00000400 -0.07487300 0.09798600 -0.69969900
39 4.52676200 0.69046800 1.12084200 -0.50202300 -0.16401400 1.81879400
40 1.74404100 -0.00002700 0.00000100 -0.02147200 -0.02036900 1.22414600
41 1.36876300 -0.00003100 -0.00002000 -0.12191500 0.10180800 -1.06387600
42 2.10653900 1.23392000 -0.87204100 1.96366100 0.54908700 0.36085100
43 1.62388300 -0.20587600 -0.15746600 -0.00389400 -0.07294600 0.12080700
44 1.59179000 -0.07171900 0.01248600 0.03799300 0.07429800 -0.27107500
45 5.51180800 -0.00000600 0.00000400 -0.85022300 0.00000000 0.00000000
46 0.19684600 0.00000600 0.00000000 -0.34822500 0.00001500 -0.00000200
47 0.00000000 0.00000000 0.00000000 0.00000000 0.00000000 -1.57079600
48 -3.50891600 95.49678000 -4.01822700 0.00000000 0.00000000 -3.14156200
49 -8.19625600 111.69036900 -0.45599700 0.40742900 0.20837100 -0.38784800
50 -2.87045600 0.00336400 -0.23724700 0.00000000 0.00000000 0.00000000
51 0.08814800 -0.00123200 -0.18827900 0.00000000 0.00000000 0.00000000
52 -0.00201600 -0.00657100 0.44810600 0.00000000 0.00000000 0.00000000
53 4.26886000 -0.00635900 -1.38380900 0.00000000 0.00000000 0.00000000
54 -1.63111300 0.00486400 0.46800100 0.00000000 0.00000000 0.00000000
55 10.33701400 2.73072800 -1.71336300 -0.46458300 1.24462700 1.41524100
56 -4.60163700 -2.18246400 -1.60537900 -2.79071600 1.07588400 -1.95478900
time 30
0 -0.00000100 7.45008900 -27.50902600 0.00000000 0.00000000 0.00003100
1 -0.00000200 0.00000000 0.00000000 1.57074700 -1.56714200 -1.57074700
2 4.25546500 -0.33518400 -0.00000200 0.00000000 0.00000000 -0.12484800
3 7.43125000 1.49647900 0.00000200 0.00000000 0.00000000 0.24545000
4 5.27847900 0.16554300 0.00000100 0.00000000 0.00000000 0.04851100
5 4.29617700 -17.79056700 17.53758000 1.97586600 1.15990900 -1.29878500
6 -6.21447800 -0.00001000 -0.00002700 -2.24614800 -0.74920500 0.26217800
7 11.94488900 0.00000000 0.00000000 -0.02425400 -0.28877200 0.95376100
8 10.62019000 0.00000000 0.00000000 1.49150300 -0.20310600 2.89272500
9 -4.75111000 -0.69449400 0.83057900 0.05411300 -0.36575100 0.07414700
10 -1.68807600 0.00004300 -0.00003100 0.00866000 -0.02313200 1.08225700
11 -1.33614300 0.00005300 -0.00001000 0.02609000 -0.00377000 0.69594800
12 -4.82049600 -0.50945900 -0.22476100 -0.59552600 -0.09858200 1.39860200
13 -1.82699200 -0.00007200 0.00000800 -0.00922900 0.03936800 1.04386300
14 -1.43657300 0.00000800 0.00000400 -0.04748700 -0.06156900 0.56561900
15 -3.99235900 -0.89118600 -1.82791000 -0.86683100 0.13635500 1.50003900
16 -1.40592200 -0.00002700 0.00000000 0.00711500 -0.02856600 0.63089300
17 -1.17535800 0.00012800 -0.00002100 0.04192500 0.05340800 0.56994100
18 -4.52675200 -0.69057500 -1.12074400 -0.70616200 0.11834300 1.54354500
19 -1.74403800 0.00003300 -0.00000400 -0.00945000 -0.09418300 0.83066800
20 -1.36877400 0.00002500 0.00000400 -0.20781700 0.12090600 0.44087700
21 -2.33538800 -1.03642100 1.05081000 2.16827100 0.38800500 1.07694300
22 -1.52344900 0.00003400 0.00003100 0.09836600 0.16114200 0.56135000
23 -1.59927600 0.00000800 0.00001500 0.02788200 -0.03256400 0.84315700
24 5.58312400 0.11572600 0.29499900 1.94756400 -0.06728900 3.12123600
25 0.19684600 -0.00000100 0.00000400 2.79340700 0.00000600 -3.14157700
26 -0.15094900 -13.61849000 -4.87383300 1.97586200 1.15991000 1.84280300
27 6.21448500 0.00001000 0.00002000 -0.91283100 0.59793400 -1.80935400
28 11.94488500 -0.00003200 -0.00019900 -0.95218500 -0.34347200 -1.76206800
29 10.62016900 -0.00000200 0.00000800 -1.16628000 -1.14920000 -0.48543600
30 4.75116500 0.69437600 -0.83047400 -0.13611400 -0.41542600 1.14316500
31 1.68806100 -0.00002400 0.00000200 -0.00038200 -0.02472600 1.45342700
32 1.33615100 -0.00005000 -0.00001000 0.03042200 -0.02391500 -0.53288900
33 4.82051700 0.50934200 0.22486600 -0.22471400 -0.27686000 1.43682600
34 1.82700300 0.00006200 0.00001000 0.00704100 0.03987900 1.44859800
35 1.43658100 -0.00000600 0.00001000 0.01503200 0.00167500 -0.83651700
36 3.99235500 0.89109000 1.82799500 -0.48635600 -0.01051400 1.79687400
37 1.40592200 0.00003100 -0.00000400 -0.01008400 -0.02773000 1.22438300
38 1.17536200 -0.00013200 0.00000400 -0.07487300 0.09798600 -0.69969900
39 4.52676200 0.69046800 1.12084200 -0.50202300 -0.16401400 1.81879400
40 1.74404100 -0.00002700 0.00000100 -0.02147200 -0.02036900 1.22414600
41 1.36876300 -0.00003100 -0.00002000 -0.12191500 0.10180800 -1.06387600
42 2.10653900 1.23392100 -0.87204000 1.96366100 0.54908700 0.36085100
43 1.62388400 -0.20587600 -0.15746700 -0.00389400 -0.07294600 0.12080700
44 1.59178500 -0.07171900 0.01248700 0.03799300 0.07429800 -0.27107500
45 5.51180800 -0.00000600 0.00000400 -0.85022300 0.00000000 0.00000000
46 0.19684600 0.00000600 0.00000000 -0.34822500 0.00001500 -0.00000200
47 0.00000000 0.00000000 0.00000000 0.00000000 0.00000000 -1.57079600
48 -3.50891600 95.49678000 -4.01822700 0.00000000 0.00000000 -3.14156200
49 -8.19676300 111.69036900 -0.45812200 0.40736800 0.20818600 -0.38788600
50 -2.87045800 0.00336100 -0.23724300 0.00000000 0.00000000 0.00000000
51 0.08814800 -0.00123200 -0.18827900 0.00000000 0.00000000 0.00000000
52 -0.00201600 -0.00657100 0.44810600 0.00000000 0.00000000 0.00000000
53 4.26886000 -0.00635900 -1.38380900 0.00000000 0.00000000 0.00000000
54 -1.63111300 0.00486400 0.46800100 0.00000000 0.00000000 0.00000000
55 10.33700600 2.73073000 -1.71336500 -0.46458300 1.24462700 1.41524100
56 -4.60166300 -2.18240100 -1.60537800 -2.79071600 1.07588400 -1.95478900
time 31
0 -0.00000100 7.45008900 -27.50902600 0.00000000 0.00000000 0.00003100
1 -0.00000200 0.00000000 0.00000000 1.57074700 -1.56714200 -1.57074700
2 4.25546500 -0.33518400 -0.00000200 0.00000000 0.00000000 -0.12484800
3 7.43125000 1.49647900 0.00000200 0.00000000 0.00000000 0.24545000
4 5.27847900 0.16554300 0.00000100 0.00000000 0.00000000 0.04851100
5 4.29617700 -17.79056700 17.53758000 1.97586600 1.15990900 -1.29878500
6 -6.21447800 -0.00001000 -0.00002700 -2.24604400 -0.74913400 0.26217400
7 11.94488900 0.00000000 0.00000000 -0.02425400 -0.28877200 0.95376100
8 10.62019000 0.00000000 0.00000000 1.49159100 -0.20314700 2.89290400
9 -4.75111000 -0.69449400 0.83057900 0.05411300 -0.36575100 0.07414700
10 -1.68807600 0.00004300 -0.00003100 0.00866000 -0.02313200 1.08225700
11 -1.33614300 0.00005300 -0.00001000 0.02609000 -0.00377000 0.69594800
12 -4.82049600 -0.50945900 -0.22476100 -0.59552600 -0.09858200 1.39860200
13 -1.82699200 -0.00007200 0.00000800 -0.00922900 0.03936800 1.04386300
14 -1.43657300 0.00000800 0.00000400 -0.04748700 -0.06156900 0.56561900
15 -3.99235900 -0.89118600 -1.82791000 -0.86683100 0.13635500 1.50003900
16 -1.40592200 -0.00002700 0.00000000 0.00711500 -0.02856600 0.63089300
17 -1.17535800 0.00012800 -0.00002100 0.04192500 0.05340800 0.56994100
18 -4.52675200 -0.69057500 -1.12074400 -0.70616200 0.11834300 1.54354500
19 -1.74403800 0.00003300 -0.00000400 -0.00945000 -0.09418300 0.83066800
20 -1.36877400 0.00002500 0.00000400 -0.20781700 0.12090600 0.44087700
21 -2.33538800 -1.03642100 1.05081000 2.16827100 0.38800500 1.07694300
22 -1.52344900 0.00003400 0.00003100 0.09836600 0.16114200 0.56135000
23 -1.59927600 0.00000800 0.00001500 0.02788200 -0.03256400 0.84315700
24 5.58312400 0.11572600 0.29499900 1.94756400 -0.06728900 3.12123600
25 0.19684600 -0.00000100 0.00000400 2.79340700 0.00000600 -3.14157700
26 -0.15094900 -13.61849000 -4.87383300 1.97586200 1.15991000 1.84280300
27 6.21448500 0.00001000 0.00002000 -0.91295700 0.59774800 -1.80945100
28 11.94488500 -0.00003200 -0.00019900 -0.95220600 -0.34352800 -1.76190300
29 10.62016900 -0.00000200 0.00000800 -1.16589400 -1.14906900 -0.48557700
30 4.75116500 0.69437600 -0.83047400 -0.13611400 -0.41542600 1.14316500
31 1.68806100 -0.00002400 0.00000200 -0.00038200 -0.02472600 1.45342700
32 1.33615100 -0.00005000 -0.00001000 0.03042200 -0.02391500 -0.53288900
33 4.82051700 0.50934200 0.22486600 -0.22471400 -0.27686000 1.43682600
34 1.82700300 0.00006200 0.00001000 0.00704100 0.03987900 1.44859800
35 1.43658100 -0.00000600 0.00001000 0.01503200 0.00167500 -0.83651700
36 3.99235500 0.89109000 1.82799500 -0.48635600 -0.01051400 1.79687400
37 1.40592200 0.00003100 -0.00000400 -0.01008400 -0.02773000 1.22438300
38 1.17536200 -0.00013200 0.00000400 -0.07487300 0.09798600 -0.69969900
39 4.52676200 0.69046800 1.12084200 -0.50202300 -0.16401400 1.81879400
40 1.74404100 -0.00002700 0.00000100 -0.02147200 -0.02036900 1.22414600
41 1.36876300 -0.00003100 -0.00002000 -0.12191500 0.10180800 -1.06387600
42 2.10653900 1.23392100 -0.87204000 1.96366100 0.54908700 0.36085100
43 1.62388400 -0.20587600 -0.15746700 -0.00389400 -0.07294600 0.12080700
44 1.59178500 -0.07171900 0.01248700 0.03799300 0.07429800 -0.27107500
45 5.51180800 -0.00000600 0.00000400 -0.85022300 0.00000000 0.00000000
46 0.19684600 0.00000600 0.00000000 -0.34822500 0.00001500 -0.00000200
47 0.00000000 0.00000000 0.00000000 0.00000000 0.00000000 -1.57079600
48 -3.50891600 95.49678000 -4.01822700 0.00000000 0.00000000 -3.14156200
49 -8.19625800 111.69036900 -0.45599700 0.40742900 0.20837100 -0.38784800
50 -2.87045800 0.00336100 -0.23724300 0.00000000 0.00000000 0.00000000
51 0.08814800 -0.00123200 -0.18827900 0.00000000 0.00000000 0.00000000
52 -0.00201600 -0.00657100 0.44810600 0.00000000 0.00000000 0.00000000
53 4.26886000 -0.00635900 -1.38380900 0.00000000 0.00000000 0.00000000
54 -1.63111300 0.00486400 0.46800100 0.00000000 0.00000000 0.00000000
55 10.33700600 2.73073000 -1.71336500 -0.46458300 1.24462700 1.41524100
56 -4.60166300 -2.18240100 -1.60537800 -2.79071600 1.07588400 -1.95478900
time 32
0 -0.00000100 7.45008900 -27.50902600 0.00000000 0.00000000 0.00003100
1 -0.00000200 0.00000000 0.00000000 1.57074700 -1.56714200 -1.57074700
2 4.25546500 -0.33518400 -0.00000200 0.00000000 0.00000000 -0.12484800
3 7.43125000 1.49647900 0.00000200 0.00000000 0.00000000 0.24545000
4 5.27847900 0.16554300 0.00000100 0.00000000 0.00000000 0.04851100
5 4.29617700 -17.79056700 17.53758000 1.97586600 1.15990900 -1.29878500
6 -6.21447800 -0.00001000 -0.00002700 -2.24594000 -0.74906300 0.26217000
7 11.94488900 0.00000000 0.00000000 -0.02423900 -0.28877300 0.95366100
8 10.62019000 0.00000000 0.00000000 1.49183000 -0.20315100 2.89343800
9 -4.75111000 -0.69449400 0.83057900 0.05411300 -0.36575100 0.07414700
10 -1.68807600 0.00004300 -0.00003100 0.00866000 -0.02313200 1.08225700
11 -1.33614300 0.00005300 -0.00001000 0.02609000 -0.00377000 0.69594800
12 -4.82049600 -0.50945900 -0.22476100 -0.59552600 -0.09858200 1.39860200
13 -1.82699200 -0.00007200 0.00000800 -0.00922900 0.03936800 1.04386300
14 -1.43657300 0.00000800 0.00000400 -0.04748700 -0.06156900 0.56561900
15 -3.99235900 -0.89118600 -1.82791000 -0.86683100 0.13635500 1.50003900
16 -1.40592200 -0.00002700 0.00000000 0.00711500 -0.02856600 0.63089300
17 -1.17535800 0.00012800 -0.00002100 0.04192500 0.05340800 0.56994100
18 -4.52675200 -0.69057500 -1.12074400 -0.70616200 0.11834300 1.54354500
19 -1.74403800 0.00003300 -0.00000400 -0.00945000 -0.09418300 0.83066800
20 -1.36877400 0.00002500 0.00000400 -0.20781700 0.12090600 0.44087700
21 -2.33538800 -1.03642100 1.05081000 2.16827100 0.38800500 1.07694300
22 -1.52344900 0.00003400 0.00003100 0.09836600 0.16114200 0.56135000
23 -1.59927600 0.00000800 0.00001500 0.02788200 -0.03256400 0.84315700
24 5.58312400 0.11572600 0.29499900 1.94756400 -0.06728900 3.12123600
25 0.19684600 -0.00000100 0.00000400 2.79340700 0.00000600 -3.14157700
26 -0.15094900 -13.61849000 -4.87383300 1.97586200 1.15991000 1.84280300
27 6.21448500 0.00001000 0.00002000 -0.91322500 0.59712000 -1.80987900
28 11.94488500 -0.00003200 -0.00019900 -0.95231000 -0.34347700 -1.76163900
29 10.62016900 -0.00000200 0.00000800 -1.16540800 -1.14877400 -0.48557900
30 4.75116500 0.69437600 -0.83047400 -0.13611400 -0.41542600 1.14316500
31 1.68806100 -0.00002400 0.00000200 -0.00038200 -0.02472600 1.45342700
32 1.33615100 -0.00005000 -0.00001000 0.03042200 -0.02391500 -0.53288900
33 4.82051700 0.50934200 0.22486600 -0.22471400 -0.27686000 1.43682600
34 1.82700300 0.00006200 0.00001000 0.00704100 0.03987900 1.44859800
35 1.43658100 -0.00000600 0.00001000 0.01503200 0.00167500 -0.83651700
36 3.99235500 0.89109000 1.82799500 -0.48635600 -0.01051400 1.79687400
37 1.40592200 0.00003100 -0.00000400 -0.01008400 -0.02773000 1.22438300
38 1.17536200 -0.00013200 0.00000400 -0.07487300 0.09798600 -0.69969900
39 4.52676200 0.69046800 1.12084200 -0.50202300 -0.16401400 1.81879400
40 1.74404100 -0.00002700 0.00000100 -0.02147200 -0.02036900 1.22414600
41 1.36876300 -0.00003100 -0.00002000 -0.12191500 0.10180800 -1.06387600
42 2.10653900 1.23392100 -0.87204000 1.96366100 0.54908700 0.36085100
43 1.62388400 -0.20587600 -0.15746700 -0.00389400 -0.07294600 0.12080700
44 1.59178500 -0.07171900 0.01248700 0.03799300 0.07429800 -0.27107500
45 5.51180800 -0.00000600 0.00000400 -0.85022300 0.00000000 0.00000000
46 0.19684600 0.00000600 0.00000000 -0.34822500 0.00001500 -0.00000200
47 0.00000000 0.00000000 0.00000000 0.00000000 0.00000000 -1.57079600
48 -3.50891600 95.49678000 -4.01822700 0.00000000 0.00000000 -3.14156200
49 -8.19478500 111.69036900 -0.44981300 0.40761100 0.20892400 -0.38773300
50 -2.87045800 0.00336100 -0.23724300 0.00000000 0.00000000 0.00000000
51 0.08814800 -0.00123200 -0.18827900 0.00000000 0.00000000 0.00000000
52 -0.00201600 -0.00657100 0.44810600 0.00000000 0.00000000 0.00000000
53 4.26886000 -0.00635900 -1.38380900 0.00000000 0.00000000 0.00000000
54 -1.63111300 0.00486400 0.46800100 0.00000000 0.00000000 0.00000000
55 10.33700600 2.73073000 -1.71336500 -0.46458300 1.24462700 1.41524100
56 -4.60166300 -2.18240100 -1.60537800 -2.79071600 1.07588400 -1.95478900
time 33
0 -0.00000100 7.45008900 -27.50902600 0.00000000 0.00000000 0.00003100
1 -0.00000200 0.00000000 0.00000000 1.57074700 -1.56714200 -1.57074700
2 4.25546500 -0.33518400 -0.00000200 0.00000000 0.00000000 -0.12484800
3 7.43125000 1.49647900 0.00000200 0.00000000 0.00000000 0.24545000
4 5.27847900 0.16554300 0.00000100 0.00000000 0.00000000 0.04851100
5 4.29617700 -17.79056700 17.53758000 1.97586600 1.15990900 -1.29878500
6 -6.21447800 -0.00001000 -0.00002700 -2.24564100 -0.74897700 0.26221300
7 11.94488900 0.00000000 0.00000000 -0.02418300 -0.28869600 0.95354800
8 10.62019000 0.00000000 0.00000000 1.49222100 -0.20311600 2.89432800
9 -4.75111000 -0.69449400 0.83057900 0.05411300 -0.36575100 0.07414700
10 -1.68807600 0.00004300 -0.00003100 0.00866000 -0.02313200 1.08225700
11 -1.33614300 0.00005300 -0.00001000 0.02609000 -0.00377000 0.69594800
12 -4.82049600 -0.50945900 -0.22476100 -0.59552600 -0.09858200 1.39860200
13 -1.82699200 -0.00007200 0.00000800 -0.00922900 0.03936800 1.04386300
14 -1.43657300 0.00000800 0.00000400 -0.04748700 -0.06156900 0.56561900
15 -3.99235900 -0.89118600 -1.82791000 -0.86683100 0.13635500 1.50003900
16 -1.40592200 -0.00002700 0.00000000 0.00711500 -0.02856600 0.63089300
17 -1.17535800 0.00012800 -0.00002100 0.04192500 0.05340800 0.56994100
18 -4.52675200 -0.69057500 -1.12074400 -0.70616200 0.11834300 1.54354500
19 -1.74403800 0.00003300 -0.00000400 -0.00945000 -0.09418300 0.83066800
20 -1.36877400 0.00002500 0.00000400 -0.20781700 0.12090600 0.44087700
21 -2.33538800 -1.03642100 1.05081000 2.16827100 0.38800500 1.07694300
22 -1.52344900 0.00003400 0.00003100 0.09836600 0.16114200 0.56135000
23 -1.59927600 0.00000800 0.00001500 0.02788200 -0.03256400 0.84315700
24 5.58312400 0.11572600 0.29499900 1.94756400 -0.06728900 3.12123600
25 0.19684600 -0.00000100 0.00000400 2.79340700 0.00000600 -3.14157700
26 -0.15094900 -13.61849000 -4.87383300 1.97586200 1.15991000 1.84280300
27 6.21448500 0.00001000 0.00002000 -0.91374600 0.59611900 -1.81050100
28 11.94488500 -0.00003200 -0.00019900 -0.95243400 -0.34348100 -1.76120900
29 10.62016900 -0.00000200 0.00000800 -1.16453600 -1.14819200 -0.48566600
30 4.75116500 0.69437600 -0.83047400 -0.13611400 -0.41542600 1.14316500
31 1.68806100 -0.00002400 0.00000200 -0.00038200 -0.02472600 1.45342700
32 1.33615100 -0.00005000 -0.00001000 0.03042200 -0.02391500 -0.53288900
33 4.82051700 0.50934200 0.22486600 -0.22471400 -0.27686000 1.43682600
34 1.82700300 0.00006200 0.00001000 0.00704100 0.03987900 1.44859800
35 1.43658100 -0.00000600 0.00001000 0.01503200 0.00167500 -0.83651700
36 3.99235500 0.89109000 1.82799500 -0.48635600 -0.01051400 1.79687400
37 1.40592200 0.00003100 -0.00000400 -0.01008400 -0.02773000 1.22438300
38 1.17536200 -0.00013200 0.00000400 -0.07487300 0.09798600 -0.69969900
39 4.52676200 0.69046800 1.12084200 -0.50202300 -0.16401400 1.81879400
40 1.74404100 -0.00002700 0.00000100 -0.02147200 -0.02036900 1.22414600
41 1.36876300 -0.00003100 -0.00002000 -0.12191500 0.10180800 -1.06387600
42 2.10653900 1.23392100 -0.87204000 1.96366100 0.54908700 0.36085100
43 1.62388400 -0.20587600 -0.15746700 -0.00389400 -0.07294600 0.12080700
44 1.59178500 -0.07171900 0.01248700 0.03799300 0.07429800 -0.27107500
45 5.51180800 -0.00000600 0.00000400 -0.85022300 0.00000000 0.00000000
46 0.19684600 0.00000600 0.00000000 -0.34822500 0.00001500 -0.00000200
47 0.00000000 0.00000000 0.00000000 0.00000000 0.00000000 -1.57079600
48 -3.50891600 95.49678000 -4.01822700 0.00000000 0.00000000 -3.14156200
49 -8.19241500 111.69036900 -0.43986200 0.40791600 0.20984600 -0.38754100
50 -2.87045800 0.00336100 -0.23724300 0.00000000 0.00000000 0.00000000
51 0.08814800 -0.00123200 -0.18827900 0.00000000 0.00000000 0.00000000
52 -0.00201600 -0.00657100 0.44810600 0.00000000 0.00000000 0.00000000
53 4.26886000 -0.00635900 -1.38380900 0.00000000 0.00000000 0.00000000
54 -1.63111300 0.00486400 0.46800100 0.00000000 0.00000000 0.00000000
55 10.33700600 2.73073000 -1.71336500 -0.46458300 1.24462700 1.41524100
56 -4.60166300 -2.18240100 -1.60537800 -2.79071600 1.07588400 -1.95478900
time 34
0 -0.00000100 7.45008900 -27.50902600 0.00000000 0.00000000 0.00003100
1 -0.00000200 0.00000000 0.00000000 1.57074700 -1.56714200 -1.57074700
2 4.25546500 -0.33518400 -0.00000200 0.00000000 0.00000000 -0.12484800
3 7.43125000 1.49647900 0.00000200 0.00000000 0.00000000 0.24545000
4 5.27847900 0.16554300 0.00000100 0.00000000 0.00000000 0.04851100
5 4.29617700 -17.79056700 17.53758000 1.97586600 1.15990900 -1.29878500
6 -6.21447800 -0.00001000 -0.00002700 -2.24533000 -0.74876400 0.26220200
7 11.94488900 0.00000000 0.00000000 -0.02416800 -0.28869800 0.95344700
8 10.62019000 0.00000000 0.00000000 1.49267300 -0.20306100 2.89545900
9 -4.75111000 -0.69449400 0.83057900 0.05411300 -0.36575100 0.07414700
10 -1.68807600 0.00004300 -0.00003100 0.00866000 -0.02313200 1.08225700
11 -1.33614300 0.00005300 -0.00001000 0.02609000 -0.00377000 0.69594800
12 -4.82049600 -0.50945900 -0.22476100 -0.59552600 -0.09858200 1.39860200
13 -1.82699200 -0.00007200 0.00000800 -0.00922900 0.03936800 1.04386300
14 -1.43657300 0.00000800 0.00000400 -0.04748700 -0.06156900 0.56561900
15 -3.99235900 -0.89118600 -1.82791000 -0.86683100 0.13635500 1.50003900
16 -1.40592200 -0.00002700 0.00000000 0.00711500 -0.02856600 0.63089300
17 -1.17535800 0.00012800 -0.00002100 0.04192500 0.05340800 0.56994100
18 -4.52675200 -0.69057500 -1.12074400 -0.70616200 0.11834300 1.54354500
19 -1.74403800 0.00003300 -0.00000400 -0.00945000 -0.09418300 0.83066800
20 -1.36877400 0.00002500 0.00000400 -0.20781700 0.12090600 0.44087700
21 -2.33538800 -1.03642100 1.05081000 2.16827100 0.38800500 1.07694300
22 -1.52344900 0.00003400 0.00003100 0.09836600 0.16114200 0.56135000
23 -1.59927600 0.00000800 0.00001500 0.02788200 -0.03256400 0.84315700
24 5.58312400 0.11572600 0.29499900 1.94756400 -0.06728900 3.12123600
25 0.19684600 -0.00000100 0.00000400 2.79340700 0.00000600 -3.14157700
26 -0.15094900 -13.61849000 -4.87383300 1.97586200 1.15991000 1.84280300
27 6.21448500 0.00001000 0.00002000 -0.91435100 0.59478400 -1.81121700
28 11.94488500 -0.00003200 -0.00019900 -0.95265800 -0.34358700 -1.76054300
29 10.62016900 -0.00000200 0.00000800 -1.16328200 -1.14747900 -0.48589000
30 4.75116500 0.69437600 -0.83047400 -0.13611400 -0.41542600 1.14316500
31 1.68806100 -0.00002400 0.00000200 -0.00038200 -0.02472600 1.45342700
32 1.33615100 -0.00005000 -0.00001000 0.03042200 -0.02391500 -0.53288900
33 4.82051700 0.50934200 0.22486600 -0.22471400 -0.27686000 1.43682600
34 1.82700300 0.00006200 0.00001000 0.00704100 0.03987900 1.44859800
35 1.43658100 -0.00000600 0.00001000 0.01503200 0.00167500 -0.83651700
36 3.99235500 0.89109000 1.82799500 -0.48635600 -0.01051400 1.79687400
37 1.40592200 0.00003100 -0.00000400 -0.01008400 -0.02773000 1.22438300
38 1.17536200 -0.00013200 0.00000400 -0.07487300 0.09798600 -0.69969900
39 4.52676200 0.69046800 1.12084200 -0.50202300 -0.16401400 1.81879400
40 1.74404100 -0.00002700 0.00000100 -0.02147200 -0.02036900 1.22414600
41 1.36876300 -0.00003100 -0.00002000 -0.12191500 0.10180800 -1.06387600
42 2.10653900 1.23392100 -0.87204000 1.96366100 0.54908700 0.36085100
43 1.62388400 -0.20587600 -0.15746700 -0.00389400 -0.07294600 0.12080700
44 1.59178500 -0.07171900 0.01248700 0.03799300 0.07429800 -0.27107500
45 5.51180800 -0.00000600 0.00000400 -0.85022300 0.00000000 0.00000000
46 0.19684600 0.00000600 0.00000000 -0.34822500 0.00001500 -0.00000200
47 0.00000000 0.00000000 0.00000000 0.00000000 0.00000000 -1.57079600
48 -3.50891600 95.49678000 -4.01822700 0.00000000 0.00000000 -3.14156200
49 -8.18921800 111.69036900 -0.42643200 0.40835600 0.21105300 -0.38728600
50 -2.87045800 0.00336100 -0.23724300 0.00000000 0.00000000 0.00000000
51 0.08814800 -0.00123200 -0.18827900 0.00000000 0.00000000 0.00000000
52 -0.00201600 -0.00657100 0.44810600 0.00000000 0.00000000 0.00000000
53 4.26886000 -0.00635900 -1.38380900 0.00000000 0.00000000 0.00000000
54 -1.63111300 0.00486400 0.46800100 0.00000000 0.00000000 0.00000000
55 10.33700600 2.73073000 -1.71336500 -0.46458300 1.24462700 1.41524100
56 -4.60166300 -2.18240100 -1.60537800 -2.79071600 1.07588400 -1.95478900
time 35
0 -0.00000100 7.45008900 -27.50902600 0.00000000 0.00000000 0.00003100
1 -0.00000200 0.00000000 0.00000000 1.57074700 -1.56714200 -1.57074700
2 4.25546500 -0.33518400 -0.00000200 0.00000000 0.00000000 -0.12484800
3 7.43125000 1.49647900 0.00000200 0.00000000 0.00000000 0.24545000
4 5.27847900 0.16554300 0.00000100 0.00000000 0.00000000 0.04851100
5 4.29617700 -17.79056700 17.53758000 1.97586600 1.15990900 -1.29878500
6 -6.21447800 -0.00001000 -0.00002700 -2.24494600 -0.74852200 0.26228500
7 11.94488900 0.00000000 0.00000000 -0.02409700 -0.28862300 0.95323400
8 10.62019000 0.00000000 0.00000000 1.49330400 -0.20309000 2.89694600
9 -4.75111000 -0.69449400 0.83057900 0.05411300 -0.36575100 0.07414700
10 -1.68807600 0.00004300 -0.00003100 0.00866000 -0.02313200 1.08225700
11 -1.33614300 0.00005300 -0.00001000 0.02609000 -0.00377000 0.69594800
12 -4.82049600 -0.50945900 -0.22476100 -0.59552600 -0.09858200 1.39860200
13 -1.82699200 -0.00007200 0.00000800 -0.00922900 0.03936800 1.04386300
14 -1.43657300 0.00000800 0.00000400 -0.04748700 -0.06156900 0.56561900
15 -3.99235900 -0.89118600 -1.82791000 -0.86683100 0.13635500 1.50003900
16 -1.40592200 -0.00002700 0.00000000 0.00711500 -0.02856600 0.63089300
17 -1.17535800 0.00012800 -0.00002100 0.04192500 0.05340800 0.56994100
18 -4.52675200 -0.69057500 -1.12074400 -0.70616200 0.11834300 1.54354500
19 -1.74403800 0.00003300 -0.00000400 -0.00945000 -0.09418300 0.83066800
20 -1.36877400 0.00002500 0.00000400 -0.20781700 0.12090600 0.44087700
21 -2.33538800 -1.03642100 1.05081000 2.16827100 0.38800500 1.07694300
22 -1.52344900 0.00003400 0.00003100 0.09836600 0.16114200 0.56135000
23 -1.59927600 0.00000800 0.00001500 0.02788200 -0.03256400 0.84315700
24 5.58312400 0.11572600 0.29499900 1.94756400 -0.06728900 3.12123600
25 0.19684600 -0.00000100 0.00000400 2.79340700 0.00000600 -3.14157700
26 -0.15094900 -13.61849000 -4.87383300 1.97586200 1.15991000 1.84280300
27 6.21448500 0.00001000 0.00002000 -0.91511800 0.59299400 -1.81213500
28 11.94488500 -0.00003200 -0.00019900 -0.95288300 -0.34369300 -1.75987600
29 10.62016900 -0.00000200 0.00000800 -1.16199400 -1.14653900 -0.48583300
30 4.75116500 0.69437600 -0.83047400 -0.13611400 -0.41542600 1.14316500
31 1.68806100 -0.00002400 0.00000200 -0.00038200 -0.02472600 1.45342700
32 1.33615100 -0.00005000 -0.00001000 0.03042200 -0.02391500 -0.53288900
33 4.82051700 0.50934200 0.22486600 -0.22471400 -0.27686000 1.43682600
34 1.82700300 0.00006200 0.00001000 0.00704100 0.03987900 1.44859800
35 1.43658100 -0.00000600 0.00001000 0.01503200 0.00167500 -0.83651700
36 3.99235500 0.89109000 1.82799500 -0.48635600 -0.01051400 1.79687400
37 1.40592200 0.00003100 -0.00000400 -0.01008400 -0.02773000 1.22438300
38 1.17536200 -0.00013200 0.00000400 -0.07487300 0.09798600 -0.69969900
39 4.52676200 0.69046800 1.12084200 -0.50202300 -0.16401400 1.81879400
40 1.74404100 -0.00002700 0.00000100 -0.02147200 -0.02036900 1.22414600
41 1.36876300 -0.00003100 -0.00002000 -0.12191500 0.10180800 -1.06387600
42 2.10653900 1.23392100 -0.87204000 1.96366100 0.54908700 0.36085100
43 1.62388400 -0.20587600 -0.15746700 -0.00389400 -0.07294600 0.12080700
44 1.59178500 -0.07171900 0.01248700 0.03799300 0.07429800 -0.27107500
45 5.51180800 -0.00000600 0.00000400 -0.85022300 0.00000000 0.00000000
46 0.19684600 0.00000600 0.00000000 -0.34822500 0.00001500 -0.00000200
47 0.00000000 0.00000000 0.00000000 0.00000000 0.00000000 -1.57079600
48 -3.50891600 95.49678000 -4.01822700 0.00000000 0.00000000 -3.14156200
49 -8.18526100 111.69036900 -0.40981400 0.40885300 0.21251100 -0.38689000
50 -2.87045800 0.00336100 -0.23724300 0.00000000 0.00000000 0.00000000
51 0.08814800 -0.00123200 -0.18827900 0.00000000 0.00000000 0.00000000
52 -0.00201600 -0.00657100 0.44810600 0.00000000 0.00000000 0.00000000
53 4.26886000 -0.00635900 -1.38380900 0.00000000 0.00000000 0.00000000
54 -1.63111300 0.00486400 0.46800100 0.00000000 0.00000000 0.00000000
55 10.33700600 2.73073000 -1.71336500 -0.46458300 1.24462700 1.41524100
56 -4.60166300 -2.18240100 -1.60537800 -2.79071600 1.07588400 -1.95478900
time 36
0 -0.00000100 7.45008900 -27.50902600 0.00000000 0.00000000 0.00003100
1 -0.00000200 0.00000000 0.00000000 1.57074700 -1.56714200 -1.57074700
2 4.25546500 -0.33518400 -0.00000200 0.00000000 0.00000000 -0.12484800
3 7.43125000 1.49647900 0.00000200 0.00000000 0.00000000 0.24545000
4 5.27847900 0.16554300 0.00000100 0.00000000 0.00000000 0.04851100
5 4.29617700 -17.79056700 17.53758000 1.97586600 1.15990900 -1.29878500
6 -6.21447800 -0.00001000 -0.00002700 -2.24443900 -0.74829400 0.26232100
7 11.94488900 0.00000000 0.00000000 -0.02406800 -0.28862500 0.95303300
8 10.62019000 0.00000000 0.00000000 1.49399900 -0.20304100 2.89861000
9 -4.75111000 -0.69449400 0.83057900 0.05411300 -0.36575100 0.07414700
10 -1.68807600 0.00004300 -0.00003100 0.00866000 -0.02313200 1.08225700
11 -1.33614300 0.00005300 -0.00001000 0.02609000 -0.00377000 0.69594800
12 -4.82049600 -0.50945900 -0.22476100 -0.59552600 -0.09858200 1.39860200
13 -1.82699200 -0.00007200 0.00000800 -0.00922900 0.03936800 1.04386300
14 -1.43657300 0.00000800 0.00000400 -0.04748700 -0.06156900 0.56561900
15 -3.99235900 -0.89118600 -1.82791000 -0.86683100 0.13635500 1.50003900
16 -1.40592200 -0.00002700 0.00000000 0.00711500 -0.02856600 0.63089300
17 -1.17535800 0.00012800 -0.00002100 0.04192500 0.05340800 0.56994100
18 -4.52675200 -0.69057500 -1.12074400 -0.70616200 0.11834300 1.54354500
19 -1.74403800 0.00003300 -0.00000400 -0.00945000 -0.09418300 0.83066800
20 -1.36877400 0.00002500 0.00000400 -0.20781700 0.12090600 0.44087700
21 -2.33538800 -1.03642100 1.05081000 2.16827100 0.38800500 1.07694300
22 -1.52344900 0.00003400 0.00003100 0.09836600 0.16114200 0.56135000
23 -1.59927600 0.00000800 0.00001500 0.02788200 -0.03256400 0.84315700
24 5.58312400 0.11572600 0.29499900 1.94756400 -0.06728900 3.12123600
25 0.19684600 -0.00000100 0.00000400 2.79340700 0.00000600 -3.14157700
26 -0.15094900 -13.61849000 -4.87383300 1.97586200 1.15991000 1.84280300
27 6.21448500 0.00001000 0.00002000 -0.91610500 0.59105400 -1.81338900
28 11.94488500 -0.00003200 -0.00019900 -0.95313200 -0.34370100 -1.75901700
29 10.62016900 -0.00000200 0.00000800 -1.16026700 -1.14553500 -0.48604800
30 4.75116500 0.69437600 -0.83047400 -0.13611400 -0.41542600 1.14316500
31 1.68806100 -0.00002400 0.00000200 -0.00038200 -0.02472600 1.45342700
32 1.33615100 -0.00005000 -0.00001000 0.03042200 -0.02391500 -0.53288900
33 4.82051700 0.50934200 0.22486600 -0.22471400 -0.27686000 1.43682600
34 1.82700300 0.00006200 0.00001000 0.00704100 0.03987900 1.44859800
35 1.43658100 -0.00000600 0.00001000 0.01503200 0.00167500 -0.83651700
36 3.99235500 0.89109000 1.82799500 -0.48635600 -0.01051400 1.79687400
37 1.40592200 0.00003100 -0.00000400 -0.01008400 -0.02773000 1.22438300
38 1.17536200 -0.00013200 0.00000400 -0.07487300 0.09798600 -0.69969900
39 4.52676200 0.69046800 1.12084200 -0.50202300 -0.16401400 1.81879400
40 1.74404100 -0.00002700 0.00000100 -0.02147200 -0.02036900 1.22414600
41 1.36876300 -0.00003100 -0.00002000 -0.12191500 0.10180800 -1.06387600
42 2.10653900 1.23392100 -0.87204000 1.96366100 0.54908700 0.36085100
43 1.62388400 -0.20587600 -0.15746700 -0.00389400 -0.07294600 0.12080700
44 1.59178500 -0.07171900 0.01248700 0.03799300 0.07429800 -0.27107500
45 5.51180800 -0.00000600 0.00000400 -0.85022300 0.00000000 0.00000000
46 0.19684600 0.00000600 0.00000000 -0.34822500 0.00001500 -0.00000200
47 0.00000000 0.00000000 0.00000000 0.00000000 0.00000000 -1.57079600
48 -3.50891600 95.49678000 -4.01822700 0.00000000 0.00000000 -3.14156200
49 -8.18061400 111.69036900 -0.39029700 0.40947900 0.21427100 -0.38651900
50 -2.87045800 0.00336100 -0.23724300 0.00000000 0.00000000 0.00000000
51 0.08814800 -0.00123200 -0.18827900 0.00000000 0.00000000 0.00000000
52 -0.00201600 -0.00657100 0.44810600 0.00000000 0.00000000 0.00000000
53 4.26886000 -0.00635900 -1.38380900 0.00000000 0.00000000 0.00000000
54 -1.63111300 0.00486400 0.46800100 0.00000000 0.00000000 0.00000000
55 10.33700600 2.73073000 -1.71336500 -0.46458300 1.24462700 1.41524100
56 -4.60166300 -2.18240100 -1.60537800 -2.79071600 1.07588400 -1.95478900
time 37
0 -0.00000100 7.45008900 -27.50902600 0.00000000 0.00000000 0.00003100
1 -0.00000200 0.00000000 0.00000000 1.57074700 -1.56714200 -1.57074700
2 4.25546500 -0.33518400 -0.00000200 0.00000000 0.00000000 -0.12484800
3 7.43125000 1.49647900 0.00000200 0.00000000 0.00000000 0.24545000
4 5.27847900 0.16554300 0.00000100 0.00000000 0.00000000 0.04851100
5 4.29617700 -17.79056700 17.53758000 1.97586600 1.15990900 -1.29878500
6 -6.21447800 -0.00001000 -0.00002700 -2.24395200 -0.74798200 0.26240000
7 11.94488900 0.00000000 0.00000000 -0.02398200 -0.28855100 0.95272000
8 10.62019000 0.00000000 0.00000000 1.49475700 -0.20303200 2.90057800
9 -4.75111000 -0.69449400 0.83057900 0.05411300 -0.36575100 0.07414700
10 -1.68807600 0.00004300 -0.00003100 0.00866000 -0.02313200 1.08225700
11 -1.33614300 0.00005300 -0.00001000 0.02609000 -0.00377000 0.69594800
12 -4.82049600 -0.50945900 -0.22476100 -0.59552600 -0.09858200 1.39860200
13 -1.82699200 -0.00007200 0.00000800 -0.00922900 0.03936800 1.04386300
14 -1.43657300 0.00000800 0.00000400 -0.04748700 -0.06156900 0.56561900
15 -3.99235900 -0.89118600 -1.82791000 -0.86683100 0.13635500 1.50003900
16 -1.40592200 -0.00002700 0.00000000 0.00711500 -0.02856600 0.63089300
17 -1.17535800 0.00012800 -0.00002100 0.04192500 0.05340800 0.56994100
18 -4.52675200 -0.69057500 -1.12074400 -0.70616200 0.11834300 1.54354500
19 -1.74403800 0.00003300 -0.00000400 -0.00945000 -0.09418300 0.83066800
20 -1.36877400 0.00002500 0.00000400 -0.20781700 0.12090600 0.44087700
21 -2.33538800 -1.03642100 1.05081000 2.16827100 0.38800500 1.07694300
22 -1.52344900 0.00003400 0.00003100 0.09836600 0.16114200 0.56135000
23 -1.59927600 0.00000800 0.00001500 0.02788200 -0.03256400 0.84315700
24 5.58312400 0.11572600 0.29499900 1.94756400 -0.06728900 3.12123600
25 0.19684600 -0.00000100 0.00000400 2.79340700 0.00000600 -3.14157700
26 -0.15094900 -13.61849000 -4.87383300 1.97586200 1.15991000 1.84280300
27 6.21448500 0.00001000 0.00002000 -0.91705900 0.58875300 -1.81462800
28 11.94488500 -0.00003200 -0.00019900 -0.95355300 -0.34375200 -1.75791600
29 10.62016900 -0.00000200 0.00000800 -1.15845000 -1.14436900 -0.48611700
30 4.75116500 0.69437600 -0.83047400 -0.13611400 -0.41542600 1.14316500
31 1.68806100 -0.00002400 0.00000200 -0.00038200 -0.02472600 1.45342700
32 1.33615100 -0.00005000 -0.00001000 0.03042200 -0.02391500 -0.53288900
33 4.82051700 0.50934200 0.22486600 -0.22471400 -0.27686000 1.43682600
34 1.82700300 0.00006200 0.00001000 0.00704100 0.03987900 1.44859800
35 1.43658100 -0.00000600 0.00001000 0.01503200 0.00167500 -0.83651700
36 3.99235500 0.89109000 1.82799500 -0.48635600 -0.01051400 1.79687400
37 1.40592200 0.00003100 -0.00000400 -0.01008400 -0.02773000 1.22438300
38 1.17536200 -0.00013200 0.00000400 -0.07487300 0.09798600 -0.69969900
39 4.52676200 0.69046800 1.12084200 -0.50202300 -0.16401400 1.81879400
40 1.74404100 -0.00002700 0.00000100 -0.02147200 -0.02036900 1.22414600
41 1.36876300 -0.00003100 -0.00002000 -0.12191500 0.10180800 -1.06387600
42 2.10653900 1.23392100 -0.87204000 1.96366100 0.54908700 0.36085100
43 1.62388400 -0.20587600 -0.15746700 -0.00389400 -0.07294600 0.12080700
44 1.59178500 -0.07171900 0.01248700 0.03799300 0.07429800 -0.27107500
45 5.51180800 -0.00000600 0.00000400 -0.85022300 0.00000000 0.00000000
46 0.19684600 0.00000600 0.00000000 -0.34822500 0.00001500 -0.00000200
47 0.00000000 0.00000000 0.00000000 0.00000000 0.00000000 -1.57079600
48 -3.50891600 95.49678000 -4.01822700 0.00000000 0.00000000 -3.14156200
49 -8.17534600 111.69036900 -0.36817200 0.41016700 0.21621600 -0.38610700
50 -2.87045800 0.00336100 -0.23724300 0.00000000 0.00000000 0.00000000
51 0.08814800 -0.00123200 -0.18827900 0.00000000 0.00000000 0.00000000
52 -0.00201600 -0.00657100 0.44810600 0.00000000 0.00000000 0.00000000
53 4.26886000 -0.00635900 -1.38380900 0.00000000 0.00000000 0.00000000
54 -1.63111300 0.00486400 0.46800100 0.00000000 0.00000000 0.00000000
55 10.33700600 2.73073000 -1.71336500 -0.46458300 1.24462700 1.41524100
56 -4.60166300 -2.18240100 -1.60537800 -2.79071600 1.07588400 -1.95478900
time 38
0 -0.00000100 7.45008900 -27.50902600 0.00000000 0.00000000 0.00003100
1 -0.00000200 0.00000000 0.00000000 1.57074700 -1.56714200 -1.57074700
2 4.25546500 -0.33518400 -0.00000200 0.00000000 0.00000000 -0.12484800
3 7.43125000 1.49647900 0.00000200 0.00000000 0.00000000 0.24545000
4 5.27847900 0.16554300 0.00000100 0.00000000 0.00000000 0.04851100
5 4.29617700 -17.79056700 17.53758000 1.97586600 1.15990900 -1.29878500
6 -6.21447800 -0.00001000 -0.00002700 -2.24323800 -0.74761300 0.26242900
7 11.94488900 0.00000000 0.00000000 -0.02389600 -0.28847700 0.95240600
8 10.62019000 0.00000000 0.00000000 1.49569900 -0.20299000 2.90277400
9 -4.75111000 -0.69449400 0.83057900 0.05411300 -0.36575100 0.07414700
10 -1.68807600 0.00004300 -0.00003100 0.00866000 -0.02313200 1.08225700
11 -1.33614300 0.00005300 -0.00001000 0.02609000 -0.00377000 0.69594800
12 -4.82049600 -0.50945900 -0.22476100 -0.59552600 -0.09858200 1.39860200
13 -1.82699200 -0.00007200 0.00000800 -0.00922900 0.03936800 1.04386300
14 -1.43657300 0.00000800 0.00000400 -0.04748700 -0.06156900 0.56561900
15 -3.99235900 -0.89118600 -1.82791000 -0.86683100 0.13635500 1.50003900
16 -1.40592200 -0.00002700 0.00000000 0.00711500 -0.02856600 0.63089300
17 -1.17535800 0.00012800 -0.00002100 0.04192500 0.05340800 0.56994100
18 -4.52675200 -0.69057500 -1.12074400 -0.70616200 0.11834300 1.54354500
19 -1.74403800 0.00003300 -0.00000400 -0.00945000 -0.09418300 0.83066800
20 -1.36877400 0.00002500 0.00000400 -0.20781700 0.12090600 0.44087700
21 -2.33538800 -1.03642100 1.05081000 2.16827100 0.38800500 1.07694300
22 -1.52344900 0.00003400 0.00003100 0.09836600 0.16114200 0.56135000
23 -1.59927600 0.00000800 0.00001500 0.02788200 -0.03256400 0.84315700
24 5.58312400 0.11572600 0.29499900 1.94756400 -0.06728900 3.12123600
25 0.19684600 -0.00000100 0.00000400 2.79340700 0.00000600 -3.14157700
26 -0.15094900 -13.61849000 -4.87383300 1.97586200 1.15991000 1.84280300
27 6.21448500 0.00001000 0.00002000 -0.91825300 0.58628800 -1.81607200
28 11.94488500 -0.00003200 -0.00019900 -0.95390300 -0.34386100 -1.75681800
29 10.62016900 -0.00000200 0.00000800 -1.15619900 -1.14298400 -0.48639800
30 4.75116500 0.69437600 -0.83047400 -0.13611400 -0.41542600 1.14316500
31 1.68806100 -0.00002400 0.00000200 -0.00038200 -0.02472600 1.45342700
32 1.33615100 -0.00005000 -0.00001000 0.03042200 -0.02391500 -0.53288900
33 4.82051700 0.50934200 0.22486600 -0.22471400 -0.27686000 1.43682600
34 1.82700300 0.00006200 0.00001000 0.00704100 0.03987900 1.44859800
35 1.43658100 -0.00000600 0.00001000 0.01503200 0.00167500 -0.83651700
36 3.99235500 0.89109000 1.82799500 -0.48635600 -0.01051400 1.79687400
37 1.40592200 0.00003100 -0.00000400 -0.01008400 -0.02773000 1.22438300
38 1.17536200 -0.00013200 0.00000400 -0.07487300 0.09798600 -0.69969900
39 4.52676200 0.69046800 1.12084200 -0.50202300 -0.16401400 1.81879400
40 1.74404100 -0.00002700 0.00000100 -0.02147200 -0.02036900 1.22414600
41 1.36876300 -0.00003100 -0.00002000 -0.12191500 0.10180800 -1.06387600
42 2.10653900 1.23392100 -0.87204000 1.96366100 0.54908700 0.36085100
43 1.62388400 -0.20587600 -0.15746700 -0.00389400 -0.07294600 0.12080700
44 1.59178500 -0.07171900 0.01248700 0.03799300 0.07429800 -0.27107500
45 5.51180800 -0.00000600 0.00000400 -0.85022300 0.00000000 0.00000000
46 0.19684600 0.00000600 0.00000000 -0.34822500 0.00001500 -0.00000200
47 0.00000000 0.00000000 0.00000000 0.00000000 0.00000000 -1.57079600
48 -3.50891600 95.49678000 -4.01822700 0.00000000 0.00000000 -3.14156200
49 -8.16952600 111.69036900 -0.34372700 0.41091400 0.21841100 -0.38555300
50 -2.87045800 0.00336100 -0.23724300 0.00000000 0.00000000 0.00000000
51 0.08814800 -0.00123200 -0.18827900 0.00000000 0.00000000 0.00000000
52 -0.00201600 -0.00657100 0.44810600 0.00000000 0.00000000 0.00000000
53 4.26886000 -0.00635900 -1.38380900 0.00000000 0.00000000 0.00000000
54 -1.63111300 0.00486400 0.46800100 0.00000000 0.00000000 0.00000000
55 10.33700600 2.73073000 -1.71336500 -0.46458300 1.24462700 1.41524100
56 -4.60166300 -2.18240100 -1.60537800 -2.79071600 1.07588400 -1.95478900
time 39
0 -0.00000100 7.45008900 -27.50902600 0.00000000 0.00000000 0.00003100
1 -0.00000200 0.00000000 0.00000000 1.57074700 -1.56714200 -1.57074700
2 4.25546500 -0.33518400 -0.00000200 0.00000000 0.00000000 -0.12484800
3 7.43125000 1.49647900 0.00000200 0.00000000 0.00000000 0.24545000
4 5.27847900 0.16554300 0.00000100 0.00000000 0.00000000 0.04851100
5 4.29617700 -17.79056700 17.53758000 1.97586600 1.15990900 -1.29878500
6 -6.21447800 -0.00001000 -0.00002700 -2.24264700 -0.74723000 0.26250500
7 11.94488900 0.00000000 0.00000000 -0.02381100 -0.28840300 0.95209300
8 10.62019000 0.00000000 0.00000000 1.49661600 -0.20294800 2.90509700
9 -4.75111000 -0.69449400 0.83057900 0.05411300 -0.36575100 0.07414700
10 -1.68807600 0.00004300 -0.00003100 0.00866000 -0.02313200 1.08225700
11 -1.33614300 0.00005300 -0.00001000 0.02609000 -0.00377000 0.69594800
12 -4.82049600 -0.50945900 -0.22476100 -0.59552600 -0.09858200 1.39860200
13 -1.82699200 -0.00007200 0.00000800 -0.00922900 0.03936800 1.04386300
14 -1.43657300 0.00000800 0.00000400 -0.04748700 -0.06156900 0.56561900
15 -3.99235900 -0.89118600 -1.82791000 -0.86683100 0.13635500 1.50003900
16 -1.40592200 -0.00002700 0.00000000 0.00711500 -0.02856600 0.63089300
17 -1.17535800 0.00012800 -0.00002100 0.04192500 0.05340800 0.56994100
18 -4.52675200 -0.69057500 -1.12074400 -0.70616200 0.11834300 1.54354500
19 -1.74403800 0.00003300 -0.00000400 -0.00945000 -0.09418300 0.83066800
20 -1.36877400 0.00002500 0.00000400 -0.20781700 0.12090600 0.44087700
21 -2.33538800 -1.03642100 1.05081000 2.16827100 0.38800500 1.07694300
22 -1.52344900 0.00003400 0.00003100 0.09836600 0.16114200 0.56135000
23 -1.59927600 0.00000800 0.00001500 0.02788200 -0.03256400 0.84315700
24 5.58312400 0.11572600 0.29499900 1.94756400 -0.06728900 3.12123600
25 0.19684600 -0.00000100 0.00000400 2.79340700 0.00000600 -3.14157700
26 -0.15094900 -13.61849000 -4.87383300 1.97586200 1.15991000 1.84280300
27 6.21448500 0.00001000 0.00002000 -0.91936300 0.58352800 -1.81751300
28 11.94488500 -0.00003200 -0.00019900 -0.95441700 -0.34390700 -1.75554700
29 10.62016900 -0.00000200 0.00000800 -1.15408400 -1.14147300 -0.48639200
30 4.75116500 0.69437600 -0.83047400 -0.13611400 -0.41542600 1.14316500
31 1.68806100 -0.00002400 0.00000200 -0.00038200 -0.02472600 1.45342700
32 1.33615100 -0.00005000 -0.00001000 0.03042200 -0.02391500 -0.53288900
33 4.82051700 0.50934200 0.22486600 -0.22471400 -0.27686000 1.43682600
34 1.82700300 0.00006200 0.00001000 0.00704100 0.03987900 1.44859800
35 1.43658100 -0.00000600 0.00001000 0.01503200 0.00167500 -0.83651700
36 3.99235500 0.89109000 1.82799500 -0.48635600 -0.01051400 1.79687400
37 1.40592200 0.00003100 -0.00000400 -0.01008400 -0.02773000 1.22438300
38 1.17536200 -0.00013200 0.00000400 -0.07487300 0.09798600 -0.69969900
39 4.52676200 0.69046800 1.12084200 -0.50202300 -0.16401400 1.81879400
40 1.74404100 -0.00002700 0.00000100 -0.02147200 -0.02036900 1.22414600
41 1.36876300 -0.00003100 -0.00002000 -0.12191500 0.10180800 -1.06387600
42 2.10653900 1.23392100 -0.87204000 1.96366100 0.54908700 0.36085100
43 1.62388400 -0.20587600 -0.15746700 -0.00389400 -0.07294600 0.12080700
44 1.59178500 -0.07171900 0.01248700 0.03799300 0.07429800 -0.27107500
45 5.51180800 -0.00000600 0.00000400 -0.85022300 0.00000000 0.00000000
46 0.19684600 0.00000600 0.00000000 -0.34822500 0.00001500 -0.00000200
47 0.00000000 0.00000000 0.00000000 0.00000000 0.00000000 -1.57079600
48 -3.50891600 95.49678000 -4.01822700 0.00000000 0.00000000 -3.14156200
49 -8.16322300 111.69036900 -0.31725400 0.41172800 0.22072500 -0.38506100
50 -2.87045800 0.00336100 -0.23724300 0.00000000 0.00000000 0.00000000
51 0.08814800 -0.00123200 -0.18827900 0.00000000 0.00000000 0.00000000
52 -0.00201600 -0.00657100 0.44810600 0.00000000 0.00000000 0.00000000
53 4.26886000 -0.00635900 -1.38380900 0.00000000 0.00000000 0.00000000
54 -1.63111300 0.00486400 0.46800100 0.00000000 0.00000000 0.00000000
55 10.33700600 2.73073000 -1.71336500 -0.46458300 1.24462700 1.41524100
56 -4.60166300 -2.18240100 -1.60537800 -2.79071600 1.07588400 -1.95478900
time 40
0 -0.00000100 7.45008900 -27.50902600 0.00000000 0.00000000 0.00003100
1 -0.00000200 0.00000000 0.00000000 1.57074700 -1.56714200 -1.57074700
2 4.25546500 -0.33518400 -0.00000200 0.00000000 0.00000000 -0.12484800
3 7.43125000 1.49647900 0.00000200 0.00000000 0.00000000 0.24545000
4 5.27847900 0.16554300 0.00000100 0.00000000 0.00000000 0.04851100
5 4.29617700 -17.79056700 17.53758000 1.97586600 1.15990900 -1.29878500
6 -6.21447800 -0.00001000 -0.00002700 -2.24195300 -0.74677600 0.26257900
7 11.94488900 0.00000000 0.00000000 -0.02371000 -0.28833000 0.95167900
8 10.62019000 0.00000000 0.00000000 1.49762800 -0.20289100 2.90753300
9 -4.75111000 -0.69449400 0.83057900 0.05411300 -0.36575100 0.07414700
10 -1.68807600 0.00004300 -0.00003100 0.00866000 -0.02313200 1.08225700
11 -1.33614300 0.00005300 -0.00001000 0.02609000 -0.00377000 0.69594800
12 -4.82049600 -0.50945900 -0.22476100 -0.59552600 -0.09858200 1.39860200
13 -1.82699200 -0.00007200 0.00000800 -0.00922900 0.03936800 1.04386300
14 -1.43657300 0.00000800 0.00000400 -0.04748700 -0.06156900 0.56561900
15 -3.99235900 -0.89118600 -1.82791000 -0.86683100 0.13635500 1.50003900
16 -1.40592200 -0.00002700 0.00000000 0.00711500 -0.02856600 0.63089300
17 -1.17535800 0.00012800 -0.00002100 0.04192500 0.05340800 0.56994100
18 -4.52675200 -0.69057500 -1.12074400 -0.70616200 0.11834300 1.54354500
19 -1.74403800 0.00003300 -0.00000400 -0.00945000 -0.09418300 0.83066800
20 -1.36877400 0.00002500 0.00000400 -0.20781700 0.12090600 0.44087700
21 -2.33538800 -1.03642100 1.05081000 2.16827100 0.38800500 1.07694300
22 -1.52344900 0.00003400 0.00003100 0.09836600 0.16114200 0.56135000
23 -1.59927600 0.00000800 0.00001500 0.02788200 -0.03256400 0.84315700
24 5.58312400 0.11572600 0.29499900 1.94756400 -0.06728900 3.12123600
25 0.19684600 -0.00000100 0.00000400 2.79340700 0.00000600 -3.14157700
26 -0.15094900 -13.61849000 -4.87383300 1.97586200 1.15991000 1.84280300
27 6.21448500 0.00001000 0.00002000 -0.92071100 0.58060200 -1.81915900
28 11.94488500 -0.00003200 -0.00019900 -0.95480200 -0.34402100 -1.75418700
29 10.62016900 -0.00000200 0.00000800 -1.15176100 -1.13993200 -0.48651100
30 4.75116500 0.69437600 -0.83047400 -0.13611400 -0.41542600 1.14316500
31 1.68806100 -0.00002400 0.00000200 -0.00038200 -0.02472600 1.45342700
32 1.33615100 -0.00005000 -0.00001000 0.03042200 -0.02391500 -0.53288900
33 4.82051700 0.50934200 0.22486600 -0.22471400 -0.27686000 1.43682600
34 1.82700300 0.00006200 0.00001000 0.00704100 0.03987900 1.44859800
35 1.43658100 -0.00000600 0.00001000 0.01503200 0.00167500 -0.83651700
36 3.99235500 0.89109000 1.82799500 -0.48635600 -0.01051400 1.79687400
37 1.40592200 0.00003100 -0.00000400 -0.01008400 -0.02773000 1.22438300
38 1.17536200 -0.00013200 0.00000400 -0.07487300 0.09798600 -0.69969900
39 4.52676200 0.69046800 1.12084200 -0.50202300 -0.16401400 1.81879400
40 1.74404100 -0.00002700 0.00000100 -0.02147200 -0.02036900 1.22414600
41 1.36876300 -0.00003100 -0.00002000 -0.12191500 0.10180800 -1.06387600
42 2.10653900 1.23392100 -0.87204000 1.96366100 0.54908700 0.36085100
43 1.62388400 -0.20587600 -0.15746700 -0.00389400 -0.07294600 0.12080700
44 1.59178500 -0.07171900 0.01248700 0.03799300 0.07429800 -0.27107500
45 5.51180800 -0.00000600 0.00000400 -0.85022300 0.00000000 0.00000000
46 0.19684600 0.00000600 0.00000000 -0.34822500 0.00001500 -0.00000200
47 0.00000000 0.00000000 0.00000000 0.00000000 0.00000000 -1.57079600
48 -3.50891600 95.49678000 -4.01822700 0.00000000 0.00000000 -3.14156200
49 -8.15650700 111.69036900 -0.28904200 0.41260300 0.22328900 -0.38442600
50 -2.87045800 0.00336100 -0.23724300 0.00000000 0.00000000 0.00000000
51 0.08814800 -0.00123200 -0.18827900 0.00000000 0.00000000 0.00000000
52 -0.00201600 -0.00657100 0.44810600 0.00000000 0.00000000 0.00000000
53 4.26886000 -0.00635900 -1.38380900 0.00000000 0.00000000 0.00000000
54 -1.63111300 0.00486400 0.46800100 0.00000000 0.00000000 0.00000000
55 10.33700600 2.73073000 -1.71336500 -0.46458300 1.24462700 1.41524100
56 -4.60166300 -2.18240100 -1.60537800 -2.79071600 1.07588400 -1.95478900
time 41
0 -0.00000100 7.45008900 -27.50902600 0.00000000 0.00000000 0.00003100
1 -0.00000200 0.00000000 0.00000000 1.57074700 -1.56714200 -1.57074700
2 4.25546500 -0.33518400 -0.00000200 0.00000000 0.00000000 -0.12484800
3 7.43125000 1.49647900 0.00000200 0.00000000 0.00000000 0.24545000
4 5.27847900 0.16554300 0.00000100 0.00000000 0.00000000 0.04851100
5 4.29617700 -17.79056700 17.53758000 1.97586600 1.15990900 -1.29878500
6 -6.21447800 -0.00001000 -0.00002700 -2.24113500 -0.74633700 0.26260500
7 11.94488900 0.00000000 0.00000000 -0.02361000 -0.28825800 0.95126500
8 10.62019000 0.00000000 0.00000000 1.49873300 -0.20287900 2.91014600
9 -4.75111000 -0.69449400 0.83057900 0.05411300 -0.36575100 0.07414700
10 -1.68807600 0.00004300 -0.00003100 0.00866000 -0.02313200 1.08225700
11 -1.33614300 0.00005300 -0.00001000 0.02609000 -0.00377000 0.69594800
12 -4.82049600 -0.50945900 -0.22476100 -0.59552600 -0.09858200 1.39860200
13 -1.82699200 -0.00007200 0.00000800 -0.00922900 0.03936800 1.04386300
14 -1.43657300 0.00000800 0.00000400 -0.04748700 -0.06156900 0.56561900
15 -3.99235900 -0.89118600 -1.82791000 -0.86683100 0.13635500 1.50003900
16 -1.40592200 -0.00002700 0.00000000 0.00711500 -0.02856600 0.63089300
17 -1.17535800 0.00012800 -0.00002100 0.04192500 0.05340800 0.56994100
18 -4.52675200 -0.69057500 -1.12074400 -0.70616200 0.11834300 1.54354500
19 -1.74403800 0.00003300 -0.00000400 -0.00945000 -0.09418300 0.83066800
20 -1.36877400 0.00002500 0.00000400 -0.20781700 0.12090600 0.44087700
21 -2.33538800 -1.03642100 1.05081000 2.16827100 0.38800500 1.07694300
22 -1.52344900 0.00003400 0.00003100 0.09836600 0.16114200 0.56135000
23 -1.59927600 0.00000800 0.00001500 0.02788200 -0.03256400 0.84315700
24 5.58312400 0.11572600 0.29499900 1.94756400 -0.06728900 3.12123600
25 0.19684600 -0.00000100 0.00000400 2.79340700 0.00000600 -3.14157700
26 -0.15094900 -13.61849000 -4.87383300 1.97586200 1.15991000 1.84280300
27 6.21448500 0.00001000 0.00002000 -0.92201600 0.57752700 -1.82080400
28 11.94488500 -0.00003200 -0.00019900 -0.95525800 -0.34407600 -1.75282200
29 10.62016900 -0.00000200 0.00000800 -1.14923400 -1.13836200 -0.48675400
30 4.75116500 0.69437600 -0.83047400 -0.13611400 -0.41542600 1.14316500
31 1.68806100 -0.00002400 0.00000200 -0.00038200 -0.02472600 1.45342700
32 1.33615100 -0.00005000 -0.00001000 0.03042200 -0.02391500 -0.53288900
33 4.82051700 0.50934200 0.22486600 -0.22471400 -0.27686000 1.43682600
34 1.82700300 0.00006200 0.00001000 0.00704100 0.03987900 1.44859800
35 1.43658100 -0.00000600 0.00001000 0.01503200 0.00167500 -0.83651700
36 3.99235500 0.89109000 1.82799500 -0.48635600 -0.01051400 1.79687400
37 1.40592200 0.00003100 -0.00000400 -0.01008400 -0.02773000 1.22438300
38 1.17536200 -0.00013200 0.00000400 -0.07487300 0.09798600 -0.69969900
39 4.52676200 0.69046800 1.12084200 -0.50202300 -0.16401400 1.81879400
40 1.74404100 -0.00002700 0.00000100 -0.02147200 -0.02036900 1.22414600
41 1.36876300 -0.00003100 -0.00002000 -0.12191500 0.10180800 -1.06387600
42 2.10653900 1.23392100 -0.87204000 1.96366100 0.54908700 0.36085100
43 1.62388400 -0.20587600 -0.15746700 -0.00389400 -0.07294600 0.12080700
44 1.59178500 -0.07171900 0.01248700 0.03799300 0.07429800 -0.27107500
45 5.51180800 -0.00000600 0.00000400 -0.85022300 0.00000000 0.00000000
46 0.19684600 0.00000600 0.00000000 -0.34822500 0.00001500 -0.00000200
47 0.00000000 0.00000000 0.00000000 0.00000000 0.00000000 -1.57079600
48 -3.50891600 95.49678000 -4.01822700 0.00000000 0.00000000 -3.14156200
49 -8.14944300 111.69036900 -0.25938000 0.41357000 0.22587000 -0.38377900
50 -2.87045800 0.00336100 -0.23724300 0.00000000 0.00000000 0.00000000
51 0.08814800 -0.00123200 -0.18827900 0.00000000 0.00000000 0.00000000
52 -0.00201600 -0.00657100 0.44810600 0.00000000 0.00000000 0.00000000
53 4.26886000 -0.00635900 -1.38380900 0.00000000 0.00000000 0.00000000
54 -1.63111300 0.00486400 0.46800100 0.00000000 0.00000000 0.00000000
55 10.33700600 2.73073000 -1.71336500 -0.46458300 1.24462700 1.41524100
56 -4.60166300 -2.18240100 -1.60537800 -2.79071600 1.07588400 -1.95478900
time 42
0 -0.00000100 7.45008900 -27.50902600 0.00000000 0.00000000 0.00003100
1 -0.00000200 0.00000000 0.00000000 1.57074700 -1.56714200 -1.57074700
2 4.25546500 -0.33518400 -0.00000200 0.00000000 0.00000000 -0.12484800
3 7.43125000 1.49647900 0.00000200 0.00000000 0.00000000 0.24545000
4 5.27847900 0.16554300 0.00000100 0.00000000 0.00000000 0.04851100
5 4.29617700 -17.79056700 17.53758000 1.97586600 1.15990900 -1.29878500
6 -6.21447800 -0.00001000 -0.00002700 -2.24044100 -0.74588400 0.26267900
7 11.94488900 0.00000000 0.00000000 -0.02343200 -0.28822500 0.95084300
8 10.62019000 0.00000000 0.00000000 1.49981600 -0.20286700 2.91288400
9 -4.75111000 -0.69449400 0.83057900 0.05411300 -0.36575100 0.07414700
10 -1.68807600 0.00004300 -0.00003100 0.00866000 -0.02313200 1.08225700
11 -1.33614300 0.00005300 -0.00001000 0.02609000 -0.00377000 0.69594800
12 -4.82049600 -0.50945900 -0.22476100 -0.59552600 -0.09858200 1.39860200
13 -1.82699200 -0.00007200 0.00000800 -0.00922900 0.03936800 1.04386300
14 -1.43657300 0.00000800 0.00000400 -0.04748700 -0.06156900 0.56561900
15 -3.99235900 -0.89118600 -1.82791000 -0.86683100 0.13635500 1.50003900
16 -1.40592200 -0.00002700 0.00000000 0.00711500 -0.02856600 0.63089300
17 -1.17535800 0.00012800 -0.00002100 0.04192500 0.05340800 0.56994100
18 -4.52675200 -0.69057500 -1.12074400 -0.70616200 0.11834300 1.54354500
19 -1.74403800 0.00003300 -0.00000400 -0.00945000 -0.09418300 0.83066800
20 -1.36877400 0.00002500 0.00000400 -0.20781700 0.12090600 0.44087700
21 -2.33538800 -1.03642100 1.05081000 2.16827100 0.38800500 1.07694300
22 -1.52344900 0.00003400 0.00003100 0.09836600 0.16114200 0.56135000
23 -1.59927600 0.00000800 0.00001500 0.02788200 -0.03256400 0.84315700
24 5.58312400 0.11572600 0.29499900 1.94756400 -0.06728900 3.12123600
25 0.19684600 -0.00000100 0.00000400 2.79340700 0.00000600 -3.14157700
26 -0.15094900 -13.61849000 -4.87383300 1.97586200 1.15991000 1.84280300
27 6.21448500 0.00001000 0.00002000 -0.92339300 0.57432600 -1.82255600
28 11.94488500 -0.00003200 -0.00019900 -0.95580700 -0.34412700 -1.75128700
29 10.62016900 -0.00000200 0.00000800 -1.14684500 -1.13666700 -0.48670800
30 4.75116500 0.69437600 -0.83047400 -0.13611400 -0.41542600 1.14316500
31 1.68806100 -0.00002400 0.00000200 -0.00038200 -0.02472600 1.45342700
32 1.33615100 -0.00005000 -0.00001000 0.03042200 -0.02391500 -0.53288900
33 4.82051700 0.50934200 0.22486600 -0.22471400 -0.27686000 1.43682600
34 1.82700300 0.00006200 0.00001000 0.00704100 0.03987900 1.44859800
35 1.43658100 -0.00000600 0.00001000 0.01503200 0.00167500 -0.83651700
36 3.99235500 0.89109000 1.82799500 -0.48635600 -0.01051400 1.79687400
37 1.40592200 0.00003100 -0.00000400 -0.01008400 -0.02773000 1.22438300
38 1.17536200 -0.00013200 0.00000400 -0.07487300 0.09798600 -0.69969900
39 4.52676200 0.69046800 1.12084200 -0.50202300 -0.16401400 1.81879400
40 1.74404100 -0.00002700 0.00000100 -0.02147200 -0.02036900 1.22414600
41 1.36876300 -0.00003100 -0.00002000 -0.12191500 0.10180800 -1.06387600
42 2.10653900 1.23392100 -0.87204000 1.96366100 0.54908700 0.36085100
43 1.62388400 -0.20587600 -0.15746700 -0.00389400 -0.07294600 0.12080700
44 1.59178500 -0.07171900 0.01248700 0.03799300 0.07429800 -0.27107500
45 5.51180800 -0.00000600 0.00000400 -0.85022300 0.00000000 0.00000000
46 0.19684600 0.00000600 0.00000000 -0.34822500 0.00001500 -0.00000200
47 0.00000000 0.00000000 0.00000000 0.00000000 0.00000000 -1.57079600
48 -3.50891600 95.49678000 -4.01822700 0.00000000 0.00000000 -3.14156200
49 -8.14210500 111.69036900 -0.22855900 0.41450300 0.22863600 -0.38318800
50 -2.87045800 0.00336100 -0.23724300 0.00000000 0.00000000 0.00000000
51 0.08814800 -0.00123200 -0.18827900 0.00000000 0.00000000 0.00000000
52 -0.00201600 -0.00657100 0.44810600 0.00000000 0.00000000 0.00000000
53 4.26886000 -0.00635900 -1.38380900 0.00000000 0.00000000 0.00000000
54 -1.63111300 0.00486400 0.46800100 0.00000000 0.00000000 0.00000000
55 10.33700600 2.73073000 -1.71336500 -0.46458300 1.24462700 1.41524100
56 -4.60166300 -2.18240100 -1.60537800 -2.79071600 1.07588400 -1.95478900
time 43
0 -0.00000100 7.45008900 -27.50902600 0.00000000 0.00000000 0.00003100
1 -0.00000200 0.00000000 0.00000000 1.57074700 -1.56714200 -1.57074700
2 4.25546500 -0.33518400 -0.00000200 0.00000000 0.00000000 -0.12484800
3 7.43125000 1.49647900 0.00000200 0.00000000 0.00000000 0.24545000
4 5.27847900 0.16554300 0.00000100 0.00000000 0.00000000 0.04851100
5 4.29617700 -17.79056700 17.53758000 1.97586600 1.15990900 -1.29878500
6 -6.21447800 -0.00001000 -0.00002700 -2.23964300 -0.74536000 0.26274900
7 11.94488900 0.00000000 0.00000000 -0.02327500 -0.28807500 0.95031700
8 10.62019000 0.00000000 0.00000000 1.50099500 -0.20284200 2.91573500
9 -4.75111000 -0.69449400 0.83057900 0.05411300 -0.36575100 0.07414700
10 -1.68807600 0.00004300 -0.00003100 0.00866000 -0.02313200 1.08225700
11 -1.33614300 0.00005300 -0.00001000 0.02609000 -0.00377000 0.69594800
12 -4.82049600 -0.50945900 -0.22476100 -0.59552600 -0.09858200 1.39860200
13 -1.82699200 -0.00007200 0.00000800 -0.00922900 0.03936800 1.04386300
14 -1.43657300 0.00000800 0.00000400 -0.04748700 -0.06156900 0.56561900
15 -3.99235900 -0.89118600 -1.82791000 -0.86683100 0.13635500 1.50003900
16 -1.40592200 -0.00002700 0.00000000 0.00711500 -0.02856600 0.63089300
17 -1.17535800 0.00012800 -0.00002100 0.04192500 0.05340800 0.56994100
18 -4.52675200 -0.69057500 -1.12074400 -0.70616200 0.11834300 1.54354500
19 -1.74403800 0.00003300 -0.00000400 -0.00945000 -0.09418300 0.83066800
20 -1.36877400 0.00002500 0.00000400 -0.20781700 0.12090600 0.44087700
21 -2.33538800 -1.03642100 1.05081000 2.16827100 0.38800500 1.07694300
22 -1.52344900 0.00003400 0.00003100 0.09836600 0.16114200 0.56135000
23 -1.59927600 0.00000800 0.00001500 0.02788200 -0.03256400 0.84315700
24 5.58312400 0.11572600 0.29499900 1.94756400 -0.06728900 3.12123600
25 0.19684600 -0.00000100 0.00000400 2.79340700 0.00000600 -3.14157700
26 -0.15094900 -13.61849000 -4.87383300 1.97586200 1.15991000 1.84280300
27 6.21448500 0.00001000 0.00002000 -0.92476500 0.57112200 -1.82430800
28 11.94488500 -0.00003200 -0.00019900 -0.95628600 -0.34423500 -1.74975400
29 10.62016900 -0.00000200 0.00000800 -1.14441100 -1.13488600 -0.48673200
30 4.75116500 0.69437600 -0.83047400 -0.13611400 -0.41542600 1.14316500
31 1.68806100 -0.00002400 0.00000200 -0.00038200 -0.02472600 1.45342700
32 1.33615100 -0.00005000 -0.00001000 0.03042200 -0.02391500 -0.53288900
33 4.82051700 0.50934200 0.22486600 -0.22471400 -0.27686000 1.43682600
34 1.82700300 0.00006200 0.00001000 0.00704100 0.03987900 1.44859800
35 1.43658100 -0.00000600 0.00001000 0.01503200 0.00167500 -0.83651700
36 3.99235500 0.89109000 1.82799500 -0.48635600 -0.01051400 1.79687400
37 1.40592200 0.00003100 -0.00000400 -0.01008400 -0.02773000 1.22438300
38 1.17536200 -0.00013200 0.00000400 -0.07487300 0.09798600 -0.69969900
39 4.52676200 0.69046800 1.12084200 -0.50202300 -0.16401400 1.81879400
40 1.74404100 -0.00002700 0.00000100 -0.02147200 -0.02036900 1.22414600
41 1.36876300 -0.00003100 -0.00002000 -0.12191500 0.10180800 -1.06387600
42 2.10653900 1.23392100 -0.87204000 1.96366100 0.54908700 0.36085100
43 1.62388400 -0.20587600 -0.15746700 -0.00389400 -0.07294600 0.12080700
44 1.59178500 -0.07171900 0.01248700 0.03799300 0.07429800 -0.27107500
45 5.51180800 -0.00000600 0.00000400 -0.85022300 0.00000000 0.00000000
46 0.19684600 0.00000600 0.00000000 -0.34822500 0.00001500 -0.00000200
47 0.00000000 0.00000000 0.00000000 0.00000000 0.00000000 -1.57079600
48 -3.50891600 95.49678000 -4.01822700 0.00000000 0.00000000 -3.14156200
49 -8.13456100 111.69036900 -0.19686900 0.41552500 0.23148600 -0.38248100
50 -2.87045800 0.00336100 -0.23724300 0.00000000 0.00000000 0.00000000
51 0.08814800 -0.00123200 -0.18827900 0.00000000 0.00000000 0.00000000
52 -0.00201600 -0.00657100 0.44810600 0.00000000 0.00000000 0.00000000
53 4.26886000 -0.00635900 -1.38380900 0.00000000 0.00000000 0.00000000
54 -1.63111300 0.00486400 0.46800100 0.00000000 0.00000000 0.00000000
55 10.33700600 2.73073000 -1.71336500 -0.46458300 1.24462700 1.41524100
56 -4.60166300 -2.18240100 -1.60537800 -2.79071600 1.07588400 -1.95478900
time 44
0 -0.00000100 7.45008900 -27.50902600 0.00000000 0.00000000 0.00003100
1 -0.00000200 0.00000000 0.00000000 1.57074700 -1.56714200 -1.57074700
2 4.25546500 -0.33518400 -0.00000200 0.00000000 0.00000000 -0.12484800
3 7.43125000 1.49647900 0.00000200 0.00000000 0.00000000 0.24545000
4 5.27847900 0.16554300 0.00000100 0.00000000 0.00000000 0.04851100
5 4.29617700 -17.79056700 17.53758000 1.97586600 1.15990900 -1.29878500
6 -6.21447800 -0.00001000 -0.00002700 -2.23872200 -0.74485100 0.26277400
7 11.94488900 0.00000000 0.00000000 -0.02317500 -0.28800200 0.94990300
8 10.62019000 0.00000000 0.00000000 1.50218000 -0.20282000 2.91858500
9 -4.75111000 -0.69449400 0.83057900 0.05411300 -0.36575100 0.07414700
10 -1.68807600 0.00004300 -0.00003100 0.00866000 -0.02313200 1.08225700
11 -1.33614300 0.00005300 -0.00001000 0.02609000 -0.00377000 0.69594800
12 -4.82049600 -0.50945900 -0.22476100 -0.59552600 -0.09858200 1.39860200
13 -1.82699200 -0.00007200 0.00000800 -0.00922900 0.03936800 1.04386300
14 -1.43657300 0.00000800 0.00000400 -0.04748700 -0.06156900 0.56561900
15 -3.99235900 -0.89118600 -1.82791000 -0.86683100 0.13635500 1.50003900
16 -1.40592200 -0.00002700 0.00000000 0.00711500 -0.02856600 0.63089300
17 -1.17535800 0.00012800 -0.00002100 0.04192500 0.05340800 0.56994100
18 -4.52675200 -0.69057500 -1.12074400 -0.70616200 0.11834300 1.54354500
19 -1.74403800 0.00003300 -0.00000400 -0.00945000 -0.09418300 0.83066800
20 -1.36877400 0.00002500 0.00000400 -0.20781700 0.12090600 0.44087700
21 -2.33538800 -1.03642100 1.05081000 2.16827100 0.38800500 1.07694300
22 -1.52344900 0.00003400 0.00003100 0.09836600 0.16114200 0.56135000
23 -1.59927600 0.00000800 0.00001500 0.02788200 -0.03256400 0.84315700
24 5.58312400 0.11572600 0.29499900 1.94756400 -0.06728900 3.12123600
25 0.19684600 -0.00000100 0.00000400 2.79340700 0.00000600 -3.14157700
26 -0.15094900 -13.61849000 -4.87383300 1.97586200 1.15991000 1.84280300
27 6.21448500 0.00001000 0.00002000 -0.92609400 0.56776700 -1.82606000
28 11.94488500 -0.00003200 -0.00019900 -0.95683700 -0.34428300 -1.74821700
29 10.62016900 -0.00000200 0.00000800 -1.14183600 -1.13316600 -0.48679500
30 4.75116500 0.69437600 -0.83047400 -0.13611400 -0.41542600 1.14316500
31 1.68806100 -0.00002400 0.00000200 -0.00038200 -0.02472600 1.45342700
32 1.33615100 -0.00005000 -0.00001000 0.03042200 -0.02391500 -0.53288900
33 4.82051700 0.50934200 0.22486600 -0.22471400 -0.27686000 1.43682600
34 1.82700300 0.00006200 0.00001000 0.00704100 0.03987900 1.44859800
35 1.43658100 -0.00000600 0.00001000 0.01503200 0.00167500 -0.83651700
36 3.99235500 0.89109000 1.82799500 -0.48635600 -0.01051400 1.79687400
37 1.40592200 0.00003100 -0.00000400 -0.01008400 -0.02773000 1.22438300
38 1.17536200 -0.00013200 0.00000400 -0.07487300 0.09798600 -0.69969900
39 4.52676200 0.69046800 1.12084200 -0.50202300 -0.16401400 1.81879400
40 1.74404100 -0.00002700 0.00000100 -0.02147200 -0.02036900 1.22414600
41 1.36876300 -0.00003100 -0.00002000 -0.12191500 0.10180800 -1.06387600
42 2.10653900 1.23392100 -0.87204000 1.96366100 0.54908700 0.36085100
43 1.62388400 -0.20587600 -0.15746700 -0.00389400 -0.07294600 0.12080700
44 1.59178500 -0.07171900 0.01248700 0.03799300 0.07429800 -0.27107500
45 5.51180800 -0.00000600 0.00000400 -0.85022300 0.00000000 0.00000000
46 0.19684600 0.00000600 0.00000000 -0.34822500 0.00001500 -0.00000200
47 0.00000000 0.00000000 0.00000000 0.00000000 0.00000000 -1.57079600
48 -3.50891600 95.49678000 -4.01822700 0.00000000 0.00000000 -3.14156200
49 -8.12687700 111.69036900 -0.16459900 0.41655100 0.23433500 -0.38177200
50 -2.87045800 0.00336100 -0.23724300 0.00000000 0.00000000 0.00000000
51 0.08814800 -0.00123200 -0.18827900 0.00000000 0.00000000 0.00000000
52 -0.00201600 -0.00657100 0.44810600 0.00000000 0.00000000 0.00000000
53 4.26886000 -0.00635900 -1.38380900 0.00000000 0.00000000 0.00000000
54 -1.63111300 0.00486400 0.46800100 0.00000000 0.00000000 0.00000000
55 10.33700600 2.73073000 -1.71336500 -0.46458300 1.24462700 1.41524100
56 -4.60166300 -2.18240100 -1.60537800 -2.79071600 1.07588400 -1.95478900
time 45
0 -0.00000100 7.45008900 -27.50902600 0.00000000 0.00000000 0.00003100
1 -0.00000200 0.00000000 0.00000000 1.57074700 -1.56714200 -1.57074700
2 4.25546500 -0.33518400 -0.00000200 0.00000000 0.00000000 -0.12484800
3 7.43125000 1.49647900 0.00000200 0.00000000 0.00000000 0.24545000
4 5.27847900 0.16554300 0.00000100 0.00000000 0.00000000 0.04851100
5 4.29617700 -17.79056700 17.53758000 1.97586600 1.15990900 -1.29878500
6 -6.21447800 -0.00001000 -0.00002700 -2.23792400 -0.74432800 0.26284500
7 11.94488900 0.00000000 0.00000000 -0.02301900 -0.28785300 0.94937700
8 10.62019000 0.00000000 0.00000000 1.50325100 -0.20287300 2.92151000
9 -4.75111000 -0.69449400 0.83057900 0.05411300 -0.36575100 0.07414700
10 -1.68807600 0.00004300 -0.00003100 0.00866000 -0.02313200 1.08225700
11 -1.33614300 0.00005300 -0.00001000 0.02609000 -0.00377000 0.69594800
12 -4.82049600 -0.50945900 -0.22476100 -0.59552600 -0.09858200 1.39860200
13 -1.82699200 -0.00007200 0.00000800 -0.00922900 0.03936800 1.04386300
14 -1.43657300 0.00000800 0.00000400 -0.04748700 -0.06156900 0.56561900
15 -3.99235900 -0.89118600 -1.82791000 -0.86683100 0.13635500 1.50003900
16 -1.40592200 -0.00002700 0.00000000 0.00711500 -0.02856600 0.63089300
17 -1.17535800 0.00012800 -0.00002100 0.04192500 0.05340800 0.56994100
18 -4.52675200 -0.69057500 -1.12074400 -0.70616200 0.11834300 1.54354500
19 -1.74403800 0.00003300 -0.00000400 -0.00945000 -0.09418300 0.83066800
20 -1.36877400 0.00002500 0.00000400 -0.20781700 0.12090600 0.44087700
21 -2.33538800 -1.03642100 1.05081000 2.16827100 0.38800500 1.07694300
22 -1.52344900 0.00003400 0.00003100 0.09836600 0.16114200 0.56135000
23 -1.59927600 0.00000800 0.00001500 0.02788200 -0.03256400 0.84315700
24 5.58312400 0.11572600 0.29499900 1.94756400 -0.06728900 3.12123600
25 0.19684600 -0.00000100 0.00000400 2.79340700 0.00000600 -3.14157700
26 -0.15094900 -13.61849000 -4.87383300 1.97586200 1.15991000 1.84280300
27 6.21448500 0.00001000 0.00002000 -0.92741900 0.56440800 -1.82781200
28 11.94488500 -0.00003200 -0.00019900 -0.95741000 -0.34438600 -1.74651300
29 10.62016900 -0.00000200 0.00000800 -1.13921800 -1.13136000 -0.48692400
30 4.75116500 0.69437600 -0.83047400 -0.13611400 -0.41542600 1.14316500
31 1.68806100 -0.00002400 0.00000200 -0.00038200 -0.02472600 1.45342700
32 1.33615100 -0.00005000 -0.00001000 0.03042200 -0.02391500 -0.53288900
33 4.82051700 0.50934200 0.22486600 -0.22471400 -0.27686000 1.43682600
34 1.82700300 0.00006200 0.00001000 0.00704100 0.03987900 1.44859800
35 1.43658100 -0.00000600 0.00001000 0.01503200 0.00167500 -0.83651700
36 3.99235500 0.89109000 1.82799500 -0.48635600 -0.01051400 1.79687400
37 1.40592200 0.00003100 -0.00000400 -0.01008400 -0.02773000 1.22438300
38 1.17536200 -0.00013200 0.00000400 -0.07487300 0.09798600 -0.69969900
39 4.52676200 0.69046800 1.12084200 -0.50202300 -0.16401400 1.81879400
40 1.74404100 -0.00002700 0.00000100 -0.02147200 -0.02036900 1.22414600
41 1.36876300 -0.00003100 -0.00002000 -0.12191500 0.10180800 -1.06387600
42 2.10653900 1.23392100 -0.87204000 1.96366100 0.54908700 0.36085100
43 1.62388400 -0.20587600 -0.15746700 -0.00389400 -0.07294600 0.12080700
44 1.59178500 -0.07171900 0.01248700 0.03799300 0.07429800 -0.27107500
45 5.51180800 -0.00000600 0.00000400 -0.85022300 0.00000000 0.00000000
46 0.19684600 0.00000600 0.00000000 -0.34822500 0.00001500 -0.00000200
47 0.00000000 0.00000000 0.00000000 0.00000000 0.00000000 -1.57079600
48 -3.50891600 95.49678000 -4.01822700 0.00000000 0.00000000 -3.14156200
49 -8.11912400 111.69036900 -0.13203900 0.41757000 0.23720300 -0.38114900
50 -2.87045800 0.00336100 -0.23724300 0.00000000 0.00000000 0.00000000
51 0.08814800 -0.00123200 -0.18827900 0.00000000 0.00000000 0.00000000
52 -0.00201600 -0.00657100 0.44810600 0.00000000 0.00000000 0.00000000
53 4.26886000 -0.00635900 -1.38380900 0.00000000 0.00000000 0.00000000
54 -1.63111300 0.00486400 0.46800100 0.00000000 0.00000000 0.00000000
55 10.33700600 2.73073000 -1.71336500 -0.46458300 1.24462700 1.41524100
56 -4.60166300 -2.18240100 -1.60537800 -2.79071600 1.07588400 -1.95478900
time 46
0 -0.00000100 7.45008900 -27.50902600 0.00000000 0.00000000 0.00003100
1 -0.00000200 0.00000000 0.00000000 1.57074700 -1.56714200 -1.57074700
2 4.25546500 -0.33518400 -0.00000200 0.00000000 0.00000000 -0.12484800
3 7.43125000 1.49647900 0.00000200 0.00000000 0.00000000 0.24545000
4 5.27847900 0.16554300 0.00000100 0.00000000 0.00000000 0.04851100
5 4.29617700 -17.79056700 17.53758000 1.97586600 1.15990900 -1.29878500
6 -6.21447800 -0.00001000 -0.00002700 -2.23712700 -0.74380500 0.26291800
7 11.94488900 0.00000000 0.00000000 -0.02290400 -0.28778100 0.94886400
8 10.62019000 0.00000000 0.00000000 1.50444600 -0.20285800 2.92435800
9 -4.75111000 -0.69449400 0.83057900 0.05411300 -0.36575100 0.07414700
10 -1.68807600 0.00004300 -0.00003100 0.00866000 -0.02313200 1.08225700
11 -1.33614300 0.00005300 -0.00001000 0.02609000 -0.00377000 0.69594800
12 -4.82049600 -0.50945900 -0.22476100 -0.59552600 -0.09858200 1.39860200
13 -1.82699200 -0.00007200 0.00000800 -0.00922900 0.03936800 1.04386300
14 -1.43657300 0.00000800 0.00000400 -0.04748700 -0.06156900 0.56561900
15 -3.99235900 -0.89118600 -1.82791000 -0.86683100 0.13635500 1.50003900
16 -1.40592200 -0.00002700 0.00000000 0.00711500 -0.02856600 0.63089300
17 -1.17535800 0.00012800 -0.00002100 0.04192500 0.05340800 0.56994100
18 -4.52675200 -0.69057500 -1.12074400 -0.70616200 0.11834300 1.54354500
19 -1.74403800 0.00003300 -0.00000400 -0.00945000 -0.09418300 0.83066800
20 -1.36877400 0.00002500 0.00000400 -0.20781700 0.12090600 0.44087700
21 -2.33538800 -1.03642100 1.05081000 2.16827100 0.38800500 1.07694300
22 -1.52344900 0.00003400 0.00003100 0.09836600 0.16114200 0.56135000
23 -1.59927600 0.00000800 0.00001500 0.02788200 -0.03256400 0.84315700
24 5.58312400 0.11572600 0.29499900 1.94756400 -0.06728900 3.12123600
25 0.19684600 -0.00000100 0.00000400 2.79340700 0.00000600 -3.14157700
26 -0.15094900 -13.61849000 -4.87383300 1.97586200 1.15991000 1.84280300
27 6.21448500 0.00001000 0.00002000 -0.92881500 0.56092300 -1.82967300
28 11.94488500 -0.00003200 -0.00019900 -0.95789200 -0.34449100 -1.74497700
29 10.62016900 -0.00000200 0.00000800 -1.13661700 -1.12955800 -0.48704100
30 4.75116500 0.69437600 -0.83047400 -0.13611400 -0.41542600 1.14316500
31 1.68806100 -0.00002400 0.00000200 -0.00038200 -0.02472600 1.45342700
32 1.33615100 -0.00005000 -0.00001000 0.03042200 -0.02391500 -0.53288900
33 4.82051700 0.50934200 0.22486600 -0.22471400 -0.27686000 1.43682600
34 1.82700300 0.00006200 0.00001000 0.00704100 0.03987900 1.44859800
35 1.43658100 -0.00000600 0.00001000 0.01503200 0.00167500 -0.83651700
36 3.99235500 0.89109000 1.82799500 -0.48635600 -0.01051400 1.79687400
37 1.40592200 0.00003100 -0.00000400 -0.01008400 -0.02773000 1.22438300
38 1.17536200 -0.00013200 0.00000400 -0.07487300 0.09798600 -0.69969900
39 4.52676200 0.69046800 1.12084200 -0.50202300 -0.16401400 1.81879400
40 1.74404100 -0.00002700 0.00000100 -0.02147200 -0.02036900 1.22414600
41 1.36876300 -0.00003100 -0.00002000 -0.12191500 0.10180800 -1.06387600
42 2.10653900 1.23392100 -0.87204000 1.96366100 0.54908700 0.36085100
43 1.62388400 -0.20587600 -0.15746700 -0.00389400 -0.07294600 0.12080700
44 1.59178500 -0.07171900 0.01248700 0.03799300 0.07429800 -0.27107500
45 5.51180800 -0.00000600 0.00000400 -0.85022300 0.00000000 0.00000000
46 0.19684600 0.00000600 0.00000000 -0.34822500 0.00001500 -0.00000200
47 0.00000000 0.00000000 0.00000000 0.00000000 0.00000000 -1.57079600
48 -3.50891600 95.49678000 -4.01822700 0.00000000 0.00000000 -3.14156200
49 -8.11137200 111.69036900 -0.09947900 0.41859100 0.24013600 -0.38042000
50 -2.87045800 0.00336100 -0.23724300 0.00000000 0.00000000 0.00000000
51 0.08814800 -0.00123200 -0.18827900 0.00000000 0.00000000 0.00000000
52 -0.00201600 -0.00657100 0.44810600 0.00000000 0.00000000 0.00000000
53 4.26886000 -0.00635900 -1.38380900 0.00000000 0.00000000 0.00000000
54 -1.63111300 0.00486400 0.46800100 0.00000000 0.00000000 0.00000000
55 10.33700600 2.73073000 -1.71336500 -0.46458300 1.24462700 1.41524100
56 -4.60166300 -2.18240100 -1.60537800 -2.79071600 1.07588400 -1.95478900
time 47
0 -0.00000100 7.45008900 -27.50902600 0.00000000 0.00000000 0.00003100
1 -0.00000200 0.00000000 0.00000000 1.57074700 -1.56714200 -1.57074700
2 4.25546500 -0.33518400 -0.00000200 0.00000000 0.00000000 -0.12484800
3 7.43125000 1.49647900 0.00000200 0.00000000 0.00000000 0.24545000
4 5.27847900 0.16554300 0.00000100 0.00000000 0.00000000 0.04851100
5 4.29617700 -17.79056700 17.53758000 1.97586600 1.15990900 -1.29878500
6 -6.21447800 -0.00001000 -0.00002700 -2.23620600 -0.74329700 0.26294400
7 11.94488900 0.00000000 0.00000000 -0.02273400 -0.28763300 0.94823700
8 10.62019000 0.00000000 0.00000000 1.50562000 -0.20284300 2.92733000
9 -4.75111000 -0.69449400 0.83057900 0.05411300 -0.36575100 0.07414700
10 -1.68807600 0.00004300 -0.00003100 0.00866000 -0.02313200 1.08225700
11 -1.33614300 0.00005300 -0.00001000 0.02609000 -0.00377000 0.69594800
12 -4.82049600 -0.50945900 -0.22476100 -0.59552600 -0.09858200 1.39860200
13 -1.82699200 -0.00007200 0.00000800 -0.00922900 0.03936800 1.04386300
14 -1.43657300 0.00000800 0.00000400 -0.04748700 -0.06156900 0.56561900
15 -3.99235900 -0.89118600 -1.82791000 -0.86683100 0.13635500 1.50003900
16 -1.40592200 -0.00002700 0.00000000 0.00711500 -0.02856600 0.63089300
17 -1.17535800 0.00012800 -0.00002100 0.04192500 0.05340800 0.56994100
18 -4.52675200 -0.69057500 -1.12074400 -0.70616200 0.11834300 1.54354500
19 -1.74403800 0.00003300 -0.00000400 -0.00945000 -0.09418300 0.83066800
20 -1.36877400 0.00002500 0.00000400 -0.20781700 0.12090600 0.44087700
21 -2.33538800 -1.03642100 1.05081000 2.16827100 0.38800500 1.07694300
22 -1.52344900 0.00003400 0.00003100 0.09836600 0.16114200 0.56135000
23 -1.59927600 0.00000800 0.00001500 0.02788200 -0.03256400 0.84315700
24 5.58312400 0.11572600 0.29499900 1.94756400 -0.06728900 3.12123600
25 0.19684600 -0.00000100 0.00000400 2.79340700 0.00000600 -3.14157700
26 -0.15094900 -13.61849000 -4.87383300 1.97586200 1.15991000 1.84280300
27 6.21448500 0.00001000 0.00002000 -0.93010600 0.55761100 -1.83130900
28 11.94488500 -0.00003200 -0.00019900 -0.95846700 -0.34459100 -1.74327100
29 10.62016900 -0.00000200 0.00000800 -1.13430700 -1.12773000 -0.48687700
30 4.75116500 0.69437600 -0.83047400 -0.13611400 -0.41542600 1.14316500
31 1.68806100 -0.00002400 0.00000200 -0.00038200 -0.02472600 1.45342700
32 1.33615100 -0.00005000 -0.00001000 0.03042200 -0.02391500 -0.53288900
33 4.82051700 0.50934200 0.22486600 -0.22471400 -0.27686000 1.43682600
34 1.82700300 0.00006200 0.00001000 0.00704100 0.03987900 1.44859800
35 1.43658100 -0.00000600 0.00001000 0.01503200 0.00167500 -0.83651700
36 3.99235500 0.89109000 1.82799500 -0.48635600 -0.01051400 1.79687400
37 1.40592200 0.00003100 -0.00000400 -0.01008400 -0.02773000 1.22438300
38 1.17536200 -0.00013200 0.00000400 -0.07487300 0.09798600 -0.69969900
39 4.52676200 0.69046800 1.12084200 -0.50202300 -0.16401400 1.81879400
40 1.74404100 -0.00002700 0.00000100 -0.02147200 -0.02036900 1.22414600
41 1.36876300 -0.00003100 -0.00002000 -0.12191500 0.10180800 -1.06387600
42 2.10653900 1.23392100 -0.87204000 1.96366100 0.54908700 0.36085100
43 1.62388400 -0.20587600 -0.15746700 -0.00389400 -0.07294600 0.12080700
44 1.59178500 -0.07171900 0.01248700 0.03799300 0.07429800 -0.27107500
45 5.51180800 -0.00000600 0.00000400 -0.85022300 0.00000000 0.00000000
46 0.19684600 0.00000600 0.00000000 -0.34822500 0.00001500 -0.00000200
47 0.00000000 0.00000000 0.00000000 0.00000000 0.00000000 -1.57079600
48 -3.50891600 95.49678000 -4.01822700 0.00000000 0.00000000 -3.14156200
49 -8.10368800 111.69036900 -0.06720900 0.41962800 0.24298500 -0.37970300
50 -2.87045800 0.00336100 -0.23724300 0.00000000 0.00000000 0.00000000
51 0.08814800 -0.00123200 -0.18827900 0.00000000 0.00000000 0.00000000
52 -0.00201600 -0.00657100 0.44810600 0.00000000 0.00000000 0.00000000
53 4.26886000 -0.00635900 -1.38380900 0.00000000 0.00000000 0.00000000
54 -1.63111300 0.00486400 0.46800100 0.00000000 0.00000000 0.00000000
55 10.33700600 2.73073000 -1.71336500 -0.46458300 1.24462700 1.41524100
56 -4.60166300 -2.18240100 -1.60537800 -2.79071600 1.07588400 -1.95478900
time 48
0 -0.00000100 7.45008900 -27.50902600 0.00000000 0.00000000 0.00003100
1 -0.00000200 0.00000000 0.00000000 1.57074700 -1.56714200 -1.57074700
2 4.25546500 -0.33518400 -0.00000200 0.00000000 0.00000000 -0.12484800
3 7.43125000 1.49647900 0.00000200 0.00000000 0.00000000 0.24545000
4 5.27847900 0.16554300 0.00000100 0.00000000 0.00000000 0.04851100
5 4.29617700 -17.79056700 17.53758000 1.97586600 1.15990900 -1.29878500
6 -6.21447800 -0.00001000 -0.00002700 -2.23540800 -0.74277500 0.26301700
7 11.94488900 0.00000000 0.00000000 -0.02254100 -0.28760100 0.94771600
8 10.62019000 0.00000000 0.00000000 1.50670700 -0.20284700 2.93018800
9 -4.75111000 -0.69449400 0.83057900 0.05411300 -0.36575100 0.07414700
10 -1.68807600 0.00004300 -0.00003100 0.00866000 -0.02313200 1.08225700
11 -1.33614300 0.00005300 -0.00001000 0.02609000 -0.00377000 0.69594800
12 -4.82049600 -0.50945900 -0.22476100 -0.59552600 -0.09858200 1.39860200
13 -1.82699200 -0.00007200 0.00000800 -0.00922900 0.03936800 1.04386300
14 -1.43657300 0.00000800 0.00000400 -0.04748700 -0.06156900 0.56561900
15 -3.99235900 -0.89118600 -1.82791000 -0.86683100 0.13635500 1.50003900
16 -1.40592200 -0.00002700 0.00000000 0.00711500 -0.02856600 0.63089300
17 -1.17535800 0.00012800 -0.00002100 0.04192500 0.05340800 0.56994100
18 -4.52675200 -0.69057500 -1.12074400 -0.70616200 0.11834300 1.54354500
19 -1.74403800 0.00003300 -0.00000400 -0.00945000 -0.09418300 0.83066800
20 -1.36877400 0.00002500 0.00000400 -0.20781700 0.12090600 0.44087700
21 -2.33538800 -1.03642100 1.05081000 2.16827100 0.38800500 1.07694300
22 -1.52344900 0.00003400 0.00003100 0.09836600 0.16114200 0.56135000
23 -1.59927600 0.00000800 0.00001500 0.02788200 -0.03256400 0.84315700
24 5.58312400 0.11572600 0.29499900 1.94756400 -0.06728900 3.12123600
25 0.19684600 -0.00000100 0.00000400 2.79340700 0.00000600 -3.14157700
26 -0.15094900 -13.61849000 -4.87383300 1.97586200 1.15991000 1.84280300
27 6.21448500 0.00001000 0.00002000 -0.93137100 0.55430800 -1.83307500
28 11.94488500 -0.00003200 -0.00019900 -0.95902100 -0.34463500 -1.74172900
29 10.62016900 -0.00000200 0.00000800 -1.13194800 -1.12596800 -0.48683900
30 4.75116500 0.69437600 -0.83047400 -0.13611400 -0.41542600 1.14316500
31 1.68806100 -0.00002400 0.00000200 -0.00038200 -0.02472600 1.45342700
32 1.33615100 -0.00005000 -0.00001000 0.03042200 -0.02391500 -0.53288900
33 4.82051700 0.50934200 0.22486600 -0.22471400 -0.27686000 1.43682600
34 1.82700300 0.00006200 0.00001000 0.00704100 0.03987900 1.44859800
35 1.43658100 -0.00000600 0.00001000 0.01503200 0.00167500 -0.83651700
36 3.99235500 0.89109000 1.82799500 -0.48635600 -0.01051400 1.79687400
37 1.40592200 0.00003100 -0.00000400 -0.01008400 -0.02773000 1.22438300
38 1.17536200 -0.00013200 0.00000400 -0.07487300 0.09798600 -0.69969900
39 4.52676200 0.69046800 1.12084200 -0.50202300 -0.16401400 1.81879400
40 1.74404100 -0.00002700 0.00000100 -0.02147200 -0.02036900 1.22414600
41 1.36876300 -0.00003100 -0.00002000 -0.12191500 0.10180800 -1.06387600
42 2.10653900 1.23392100 -0.87204000 1.96366100 0.54908700 0.36085100
43 1.62388400 -0.20587600 -0.15746700 -0.00389400 -0.07294600 0.12080700
44 1.59178500 -0.07171900 0.01248700 0.03799300 0.07429800 -0.27107500
45 5.51180800 -0.00000600 0.00000400 -0.85022300 0.00000000 0.00000000
46 0.19684600 0.00000600 0.00000000 -0.34822500 0.00001500 -0.00000200
47 0.00000000 0.00000000 0.00000000 0.00000000 0.00000000 -1.57079600
48 -3.50891600 95.49678000 -4.01822700 0.00000000 0.00000000 -3.14156200
49 -8.09614400 111.69036900 -0.03551800 0.42066800 0.24583400 -0.37898300
50 -2.87045800 0.00336100 -0.23724300 0.00000000 0.00000000 0.00000000
51 0.08814800 -0.00123200 -0.18827900 0.00000000 0.00000000 0.00000000
52 -0.00201600 -0.00657100 0.44810600 0.00000000 0.00000000 0.00000000
53 4.26886000 -0.00635900 -1.38380900 0.00000000 0.00000000 0.00000000
54 -1.63111300 0.00486400 0.46800100 0.00000000 0.00000000 0.00000000
55 10.33700600 2.73073000 -1.71336500 -0.46458300 1.24462700 1.41524100
56 -4.60166300 -2.18240100 -1.60537800 -2.79071600 1.07588400 -1.95478900
time 49
0 -0.00000100 7.45008900 -27.50902600 0.00000000 0.00000000 0.00003100
1 -0.00000200 0.00000000 0.00000000 1.57074700 -1.56714200 -1.57074700
2 4.25546500 -0.33518400 -0.00000200 0.00000000 0.00000000 -0.12484800
3 7.43125000 1.49647900 0.00000200 0.00000000 0.00000000 0.24545000
4 5.27847900 0.16554300 0.00000100 0.00000000 0.00000000 0.04851100
5 4.29617700 -17.79056700 17.53758000 1.97586600 1.15990900 -1.29878500
6 -6.21447800 -0.00001000 -0.00002700 -2.23458000 -0.74221100 0.26299300
7 11.94488900 0.00000000 0.00000000 -0.02238500 -0.28745100 0.94719000
8 10.62019000 0.00000000 0.00000000 1.50782500 -0.20285600 2.93291900
9 -4.75111000 -0.69449400 0.83057900 0.05411300 -0.36575100 0.07414700
10 -1.68807600 0.00004300 -0.00003100 0.00866000 -0.02313200 1.08225700
11 -1.33614300 0.00005300 -0.00001000 0.02609000 -0.00377000 0.69594800
12 -4.82049600 -0.50945900 -0.22476100 -0.59552600 -0.09858200 1.39860200
13 -1.82699200 -0.00007200 0.00000800 -0.00922900 0.03936800 1.04386300
14 -1.43657300 0.00000800 0.00000400 -0.04748700 -0.06156900 0.56561900
15 -3.99235900 -0.89118600 -1.82791000 -0.86683100 0.13635500 1.50003900
16 -1.40592200 -0.00002700 0.00000000 0.00711500 -0.02856600 0.63089300
17 -1.17535800 0.00012800 -0.00002100 0.04192500 0.05340800 0.56994100
18 -4.52675200 -0.69057500 -1.12074400 -0.70616200 0.11834300 1.54354500
19 -1.74403800 0.00003300 -0.00000400 -0.00945000 -0.09418300 0.83066800
20 -1.36877400 0.00002500 0.00000400 -0.20781700 0.12090600 0.44087700
21 -2.33538800 -1.03642100 1.05081000 2.16827100 0.38800500 1.07694300
22 -1.52344900 0.00003400 0.00003100 0.09836600 0.16114200 0.56135000
23 -1.59927600 0.00000800 0.00001500 0.02788200 -0.03256400 0.84315700
24 5.58312400 0.11572600 0.29499900 1.94756400 -0.06728900 3.12123600
25 0.19684600 -0.00000100 0.00000400 2.79340700 0.00000600 -3.14157700
26 -0.15094900 -13.61849000 -4.87383300 1.97586200 1.15991000 1.84280300
27 6.21448500 0.00001000 0.00002000 -0.93272000 0.55107900 -1.83483100
28 11.94488500 -0.00003200 -0.00019900 -0.95958600 -0.34478100 -1.74011700
29 10.62016900 -0.00000200 0.00000800 -1.12954200 -1.12427300 -0.48692800
30 4.75116500 0.69437600 -0.83047400 -0.13611400 -0.41542600 1.14316500
31 1.68806100 -0.00002400 0.00000200 -0.00038200 -0.02472600 1.45342700
32 1.33615100 -0.00005000 -0.00001000 0.03042200 -0.02391500 -0.53288900
33 4.82051700 0.50934200 0.22486600 -0.22471400 -0.27686000 1.43682600
34 1.82700300 0.00006200 0.00001000 0.00704100 0.03987900 1.44859800
35 1.43658100 -0.00000600 0.00001000 0.01503200 0.00167500 -0.83651700
36 3.99235500 0.89109000 1.82799500 -0.48635600 -0.01051400 1.79687400
37 1.40592200 0.00003100 -0.00000400 -0.01008400 -0.02773000 1.22438300
38 1.17536200 -0.00013200 0.00000400 -0.07487300 0.09798600 -0.69969900
39 4.52676200 0.69046800 1.12084200 -0.50202300 -0.16401400 1.81879400
40 1.74404100 -0.00002700 0.00000100 -0.02147200 -0.02036900 1.22414600
41 1.36876300 -0.00003100 -0.00002000 -0.12191500 0.10180800 -1.06387600
42 2.10653900 1.23392100 -0.87204000 1.96366100 0.54908700 0.36085100
43 1.62388400 -0.20587600 -0.15746700 -0.00389400 -0.07294600 0.12080700
44 1.59178500 -0.07171900 0.01248700 0.03799300 0.07429800 -0.27107500
45 5.51180800 -0.00000600 0.00000400 -0.85022300 0.00000000 0.00000000
46 0.19684600 0.00000600 0.00000000 -0.34822500 0.00001500 -0.00000200
47 0.00000000 0.00000000 0.00000000 0.00000000 0.00000000 -1.57079600
48 -3.50891600 95.49678000 -4.01822700 0.00000000 0.00000000 -3.14156200
49 -8.08880500 111.69036900 -0.00469700 0.42163800 0.24851800 -0.37839000
50 -2.87045800 0.00336100 -0.23724300 0.00000000 0.00000000 0.00000000
51 0.08814800 -0.00123200 -0.18827900 0.00000000 0.00000000 0.00000000
52 -0.00201600 -0.00657100 0.44810600 0.00000000 0.00000000 0.00000000
53 4.26886000 -0.00635900 -1.38380900 0.00000000 0.00000000 0.00000000
54 -1.63111300 0.00486400 0.46800100 0.00000000 0.00000000 0.00000000
55 10.33700600 2.73073000 -1.71336500 -0.46458300 1.24462700 1.41524100
56 -4.60166300 -2.18240100 -1.60537800 -2.79071600 1.07588400 -1.95478900
time 50
0 -0.00000100 7.45008900 -27.50902600 0.00000000 0.00000000 0.00003100
1 -0.00000200 0.00000000 0.00000000 1.57074700 -1.56714200 -1.57074700
2 4.25546500 -0.33518400 -0.00000200 0.00000000 0.00000000 -0.12484800
3 7.43125000 1.49647900 0.00000200 0.00000000 0.00000000 0.24545000
4 5.27847900 0.16554300 0.00000100 0.00000000 0.00000000 0.04851100
5 4.29617700 -17.79056700 17.53758000 1.97586600 1.15990900 -1.29878500
6 -6.21447800 -0.00001000 -0.00002700 -2.23390600 -0.74167600 0.26311500
7 11.94488900 0.00000000 0.00000000 -0.02227100 -0.28737900 0.94667700
8 10.62019000 0.00000000 0.00000000 1.50894800 -0.20286900 2.93564800
9 -4.75111000 -0.69449400 0.83057900 0.05411300 -0.36575100 0.07414700
10 -1.68807600 0.00004300 -0.00003100 0.00866000 -0.02313200 1.08225700
11 -1.33614300 0.00005300 -0.00001000 0.02609000 -0.00377000 0.69594800
12 -4.82049600 -0.50945900 -0.22476100 -0.59552600 -0.09858200 1.39860200
13 -1.82699200 -0.00007200 0.00000800 -0.00922900 0.03936800 1.04386300
14 -1.43657300 0.00000800 0.00000400 -0.04748700 -0.06156900 0.56561900
15 -3.99235900 -0.89118600 -1.82791000 -0.86683100 0.13635500 1.50003900
16 -1.40592200 -0.00002700 0.00000000 0.00711500 -0.02856600 0.63089300
17 -1.17535800 0.00012800 -0.00002100 0.04192500 0.05340800 0.56994100
18 -4.52675200 -0.69057500 -1.12074400 -0.70616200 0.11834300 1.54354500
19 -1.74403800 0.00003300 -0.00000400 -0.00945000 -0.09418300 0.83066800
20 -1.36877400 0.00002500 0.00000400 -0.20781700 0.12090600 0.44087700
21 -2.33538800 -1.03642100 1.05081000 2.16827100 0.38800500 1.07694300
22 -1.52344900 0.00003400 0.00003100 0.09836600 0.16114200 0.56135000
23 -1.59927600 0.00000800 0.00001500 0.02788200 -0.03256400 0.84315700
24 5.58312400 0.11572600 0.29499900 1.94756400 -0.06728900 3.12123600
25 0.19684600 -0.00000100 0.00000400 2.79340700 0.00000600 -3.14157700
26 -0.15094900 -13.61849000 -4.87383300 1.97586200 1.15991000 1.84280300
27 6.21448500 0.00001000 0.00002000 -0.93383100 0.54801400 -1.83638400
28 11.94488500 -0.00003200 -0.00019900 -0.96007100 -0.34488300 -1.73857700
29 10.62016900 -0.00000200 0.00000800 -1.12735900 -1.12261400 -0.48687900
30 4.75116500 0.69437600 -0.83047400 -0.13611400 -0.41542600 1.14316500
31 1.68806100 -0.00002400 0.00000200 -0.00038200 -0.02472600 1.45342700
32 1.33615100 -0.00005000 -0.00001000 0.03042200 -0.02391500 -0.53288900
33 4.82051700 0.50934200 0.22486600 -0.22471400 -0.27686000 1.43682600
34 1.82700300 0.00006200 0.00001000 0.00704100 0.03987900 1.44859800
35 1.43658100 -0.00000600 0.00001000 0.01503200 0.00167500 -0.83651700
36 3.99235500 0.89109000 1.82799500 -0.48635600 -0.01051400 1.79687400
37 1.40592200 0.00003100 -0.00000400 -0.01008400 -0.02773000 1.22438300
38 1.17536200 -0.00013200 0.00000400 -0.07487300 0.09798600 -0.69969900
39 4.52676200 0.69046800 1.12084200 -0.50202300 -0.16401400 1.81879400
40 1.74404100 -0.00002700 0.00000100 -0.02147200 -0.02036900 1.22414600
41 1.36876300 -0.00003100 -0.00002000 -0.12191500 0.10180800 -1.06387600
42 2.10653900 1.23392100 -0.87204000 1.96366100 0.54908700 0.36085100
43 1.62388400 -0.20587600 -0.15746700 -0.00389400 -0.07294600 0.12080700
44 1.59178500 -0.07171900 0.01248700 0.03799300 0.07429800 -0.27107500
45 5.51180800 -0.00000600 0.00000400 -0.85022300 0.00000000 0.00000000
46 0.19684600 0.00000600 0.00000000 -0.34822500 0.00001500 -0.00000200
47 0.00000000 0.00000000 0.00000000 0.00000000 0.00000000 -1.57079600
48 -3.50891600 95.49678000 -4.01822700 0.00000000 0.00000000 -3.14156200
49 -8.08174200 111.69036900 0.02496400 0.42262200 0.25118300 -0.37770500
50 -2.87045800 0.00336100 -0.23724300 0.00000000 0.00000000 0.00000000
51 0.08814800 -0.00123200 -0.18827900 0.00000000 0.00000000 0.00000000
52 -0.00201600 -0.00657100 0.44810600 0.00000000 0.00000000 0.00000000
53 4.26886000 -0.00635900 -1.38380900 0.00000000 0.00000000 0.00000000
54 -1.63111300 0.00486400 0.46800100 0.00000000 0.00000000 0.00000000
55 10.33700600 2.73073000 -1.71336500 -0.46458300 1.24462700 1.41524100
56 -4.60166300 -2.18240100 -1.60537800 -2.79071600 1.07588400 -1.95478900
time 51
0 -0.00000100 7.45008900 -27.50902600 0.00000000 0.00000000 0.00003100
1 -0.00000200 0.00000000 0.00000000 1.57074700 -1.56714200 -1.57074700
2 4.25546500 -0.33518400 -0.00000200 0.00000000 0.00000000 -0.12484800
3 7.43125000 1.49647900 0.00000200 0.00000000 0.00000000 0.24545000
4 5.27847900 0.16554300 0.00000100 0.00000000 0.00000000 0.04851100
5 4.29617700 -17.79056700 17.53758000 1.97586600 1.15990900 -1.29878500
6 -6.21447800 -0.00001000 -0.00002700 -2.23308900 -0.74123900 0.26314600
7 11.94488900 0.00000000 0.00000000 -0.02211500 -0.28722900 0.94615100
8 10.62019000 0.00000000 0.00000000 1.50988800 -0.20291300 2.93814900
9 -4.75111000 -0.69449400 0.83057900 0.05411300 -0.36575100 0.07414700
10 -1.68807600 0.00004300 -0.00003100 0.00866000 -0.02313200 1.08225700
11 -1.33614300 0.00005300 -0.00001000 0.02609000 -0.00377000 0.69594800
12 -4.82049600 -0.50945900 -0.22476100 -0.59552600 -0.09858200 1.39860200
13 -1.82699200 -0.00007200 0.00000800 -0.00922900 0.03936800 1.04386300
14 -1.43657300 0.00000800 0.00000400 -0.04748700 -0.06156900 0.56561900
15 -3.99235900 -0.89118600 -1.82791000 -0.86683100 0.13635500 1.50003900
16 -1.40592200 -0.00002700 0.00000000 0.00711500 -0.02856600 0.63089300
17 -1.17535800 0.00012800 -0.00002100 0.04192500 0.05340800 0.56994100
18 -4.52675200 -0.69057500 -1.12074400 -0.70616200 0.11834300 1.54354500
19 -1.74403800 0.00003300 -0.00000400 -0.00945000 -0.09418300 0.83066800
20 -1.36877400 0.00002500 0.00000400 -0.20781700 0.12090600 0.44087700
21 -2.33538800 -1.03642100 1.05081000 2.16827100 0.38800500 1.07694300
22 -1.52344900 0.00003400 0.00003100 0.09836600 0.16114200 0.56135000
23 -1.59927600 0.00000800 0.00001500 0.02788200 -0.03256400 0.84315700
24 5.58312400 0.11572600 0.29499900 1.94756400 -0.06728900 3.12123600
25 0.19684600 -0.00000100 0.00000400 2.79340700 0.00000600 -3.14157700
26 -0.15094900 -13.61849000 -4.87383300 1.97586200 1.15991000 1.84280300
27 6.21448500 0.00001000 0.00002000 -0.93486500 0.54506900 -1.83783200
28 11.94488500 -0.00003200 -0.00019900 -0.96054700 -0.34487900 -1.73710500
29 10.62016900 -0.00000200 0.00000800 -1.12533600 -1.12105200 -0.48683100
30 4.75116500 0.69437600 -0.83047400 -0.13611400 -0.41542600 1.14316500
31 1.68806100 -0.00002400 0.00000200 -0.00038200 -0.02472600 1.45342700
32 1.33615100 -0.00005000 -0.00001000 0.03042200 -0.02391500 -0.53288900
33 4.82051700 0.50934200 0.22486600 -0.22471400 -0.27686000 1.43682600
34 1.82700300 0.00006200 0.00001000 0.00704100 0.03987900 1.44859800
35 1.43658100 -0.00000600 0.00001000 0.01503200 0.00167500 -0.83651700
36 3.99235500 0.89109000 1.82799500 -0.48635600 -0.01051400 1.79687400
37 1.40592200 0.00003100 -0.00000400 -0.01008400 -0.02773000 1.22438300
38 1.17536200 -0.00013200 0.00000400 -0.07487300 0.09798600 -0.69969900
39 4.52676200 0.69046800 1.12084200 -0.50202300 -0.16401400 1.81879400
40 1.74404100 -0.00002700 0.00000100 -0.02147200 -0.02036900 1.22414600
41 1.36876300 -0.00003100 -0.00002000 -0.12191500 0.10180800 -1.06387600
42 2.10653900 1.23392100 -0.87204000 1.96366100 0.54908700 0.36085100
43 1.62388400 -0.20587600 -0.15746700 -0.00389400 -0.07294600 0.12080700
44 1.59178500 -0.07171900 0.01248700 0.03799300 0.07429800 -0.27107500
45 5.51180800 -0.00000600 0.00000400 -0.85022300 0.00000000 0.00000000
46 0.19684600 0.00000600 0.00000000 -0.34822500 0.00001500 -0.00000200
47 0.00000000 0.00000000 0.00000000 0.00000000 0.00000000 -1.57079600
48 -3.50891600 95.49678000 -4.01822700 0.00000000 0.00000000 -3.14156200
49 -8.07502600 111.69036900 0.05317600 0.42354400 0.25366400 -0.37706000
50 -2.87045800 0.00336100 -0.23724300 0.00000000 0.00000000 0.00000000
51 0.08814800 -0.00123200 -0.18827900 0.00000000 0.00000000 0.00000000
52 -0.00201600 -0.00657100 0.44810600 0.00000000 0.00000000 0.00000000
53 4.26886000 -0.00635900 -1.38380900 0.00000000 0.00000000 0.00000000
54 -1.63111300 0.00486400 0.46800100 0.00000000 0.00000000 0.00000000
55 10.33700600 2.73073000 -1.71336500 -0.46458300 1.24462700 1.41524100
56 -4.60166300 -2.18240100 -1.60537800 -2.79071600 1.07588400 -1.95478900
time 52
0 -0.00000100 7.45008900 -27.50902600 0.00000000 0.00000000 0.00003100
1 -0.00000200 0.00000000 0.00000000 1.57074700 -1.56714200 -1.57074700
2 4.25546500 -0.33518400 -0.00000200 0.00000000 0.00000000 -0.12484800
3 7.43125000 1.49647900 0.00000200 0.00000000 0.00000000 0.24545000
4 5.27847900 0.16554300 0.00000100 0.00000000 0.00000000 0.04851100
5 4.29617700 -17.79056700 17.53758000 1.97586600 1.15990900 -1.29878500
6 -6.21447800 -0.00001000 -0.00002700 -2.23236500 -0.74074600 0.26312600
7 11.94488900 0.00000000 0.00000000 -0.02200100 -0.28715700 0.94563800
8 10.62019000 0.00000000 0.00000000 1.51083300 -0.20290100 2.94058600
9 -4.75111000 -0.69449400 0.83057900 0.05411300 -0.36575100 0.07414700
10 -1.68807600 0.00004300 -0.00003100 0.00866000 -0.02313200 1.08225700
11 -1.33614300 0.00005300 -0.00001000 0.02609000 -0.00377000 0.69594800
12 -4.82049600 -0.50945900 -0.22476100 -0.59552600 -0.09858200 1.39860200
13 -1.82699200 -0.00007200 0.00000800 -0.00922900 0.03936800 1.04386300
14 -1.43657300 0.00000800 0.00000400 -0.04748700 -0.06156900 0.56561900
15 -3.99235900 -0.89118600 -1.82791000 -0.86683100 0.13635500 1.50003900
16 -1.40592200 -0.00002700 0.00000000 0.00711500 -0.02856600 0.63089300
17 -1.17535800 0.00012800 -0.00002100 0.04192500 0.05340800 0.56994100
18 -4.52675200 -0.69057500 -1.12074400 -0.70616200 0.11834300 1.54354500
19 -1.74403800 0.00003300 -0.00000400 -0.00945000 -0.09418300 0.83066800
20 -1.36877400 0.00002500 0.00000400 -0.20781700 0.12090600 0.44087700
21 -2.33538800 -1.03642100 1.05081000 2.16827100 0.38800500 1.07694300
22 -1.52344900 0.00003400 0.00003100 0.09836600 0.16114200 0.56135000
23 -1.59927600 0.00000800 0.00001500 0.02788200 -0.03256400 0.84315700
24 5.58312400 0.11572600 0.29499900 1.94756400 -0.06728900 3.12123600
25 0.19684600 -0.00000100 0.00000400 2.79340700 0.00000600 -3.14157700
26 -0.15094900 -13.61849000 -4.87383300 1.97586200 1.15991000 1.84280300
27 6.21448500 0.00001000 0.00002000 -0.93593700 0.54226800 -1.83928000
28 11.94488500 -0.00003200 -0.00019900 -0.96109200 -0.34496800 -1.73565600
29 10.62016900 -0.00000200 0.00000800 -1.12347000 -1.11958800 -0.48678700
30 4.75116500 0.69437600 -0.83047400 -0.13611400 -0.41542600 1.14316500
31 1.68806100 -0.00002400 0.00000200 -0.00038200 -0.02472600 1.45342700
32 1.33615100 -0.00005000 -0.00001000 0.03042200 -0.02391500 -0.53288900
33 4.82051700 0.50934200 0.22486600 -0.22471400 -0.27686000 1.43682600
34 1.82700300 0.00006200 0.00001000 0.00704100 0.03987900 1.44859800
35 1.43658100 -0.00000600 0.00001000 0.01503200 0.00167500 -0.83651700
36 3.99235500 0.89109000 1.82799500 -0.48635600 -0.01051400 1.79687400
37 1.40592200 0.00003100 -0.00000400 -0.01008400 -0.02773000 1.22438300
38 1.17536200 -0.00013200 0.00000400 -0.07487300 0.09798600 -0.69969900
39 4.52676200 0.69046800 1.12084200 -0.50202300 -0.16401400 1.81879400
40 1.74404100 -0.00002700 0.00000100 -0.02147200 -0.02036900 1.22414600
41 1.36876300 -0.00003100 -0.00002000 -0.12191500 0.10180800 -1.06387600
42 2.10653900 1.23392100 -0.87204000 1.96366100 0.54908700 0.36085100
43 1.62388400 -0.20587600 -0.15746700 -0.00389400 -0.07294600 0.12080700
44 1.59178500 -0.07171900 0.01248700 0.03799300 0.07429800 -0.27107500
45 5.51180800 -0.00000600 0.00000400 -0.85022300 0.00000000 0.00000000
46 0.19684600 0.00000600 0.00000000 -0.34822500 0.00001500 -0.00000200
47 0.00000000 0.00000000 0.00000000 0.00000000 0.00000000 -1.57079600
48 -3.50891600 95.49678000 -4.01822700 0.00000000 0.00000000 -3.14156200
49 -8.06872300 111.69036900 0.07964900 0.42438200 0.25606200 -0.37652600
50 -2.87045800 0.00336100 -0.23724300 0.00000000 0.00000000 0.00000000
51 0.08814800 -0.00123200 -0.18827900 0.00000000 0.00000000 0.00000000
52 -0.00201600 -0.00657100 0.44810600 0.00000000 0.00000000 0.00000000
53 4.26886000 -0.00635900 -1.38380900 0.00000000 0.00000000 0.00000000
54 -1.63111300 0.00486400 0.46800100 0.00000000 0.00000000 0.00000000
55 10.33700600 2.73073000 -1.71336500 -0.46458300 1.24462700 1.41524100
56 -4.60166300 -2.18240100 -1.60537800 -2.79071600 1.07588400 -1.95478900
time 53
0 -0.00000100 7.45008900 -27.50902600 0.00000000 0.00000000 0.00003100
1 -0.00000200 0.00000000 0.00000000 1.57074700 -1.56714200 -1.57074700
2 4.25546500 -0.33518400 -0.00000200 0.00000000 0.00000000 -0.12484800
3 7.43125000 1.49647900 0.00000200 0.00000000 0.00000000 0.24545000
4 5.27847900 0.16554300 0.00000100 0.00000000 0.00000000 0.04851100
5 4.29617700 -17.79056700 17.53758000 1.97586600 1.15990900 -1.29878500
6 -6.21447800 -0.00001000 -0.00002700 -2.23176400 -0.74023900 0.26315400
7 11.94488900 0.00000000 0.00000000 -0.02176600 -0.28704700 0.94510400
8 10.62019000 0.00000000 0.00000000 1.51171300 -0.20290700 2.94278200
9 -4.75111000 -0.69449400 0.83057900 0.05411300 -0.36575100 0.07414700
10 -1.68807600 0.00004300 -0.00003100 0.00866000 -0.02313200 1.08225700
11 -1.33614300 0.00005300 -0.00001000 0.02609000 -0.00377000 0.69594800
12 -4.82049600 -0.50945900 -0.22476100 -0.59552600 -0.09858200 1.39860200
13 -1.82699200 -0.00007200 0.00000800 -0.00922900 0.03936800 1.04386300
14 -1.43657300 0.00000800 0.00000400 -0.04748700 -0.06156900 0.56561900
15 -3.99235900 -0.89118600 -1.82791000 -0.86683100 0.13635500 1.50003900
16 -1.40592200 -0.00002700 0.00000000 0.00711500 -0.02856600 0.63089300
17 -1.17535800 0.00012800 -0.00002100 0.04192500 0.05340800 0.56994100
18 -4.52675200 -0.69057500 -1.12074400 -0.70616200 0.11834300 1.54354500
19 -1.74403800 0.00003300 -0.00000400 -0.00945000 -0.09418300 0.83066800
20 -1.36877400 0.00002500 0.00000400 -0.20781700 0.12090600 0.44087700
21 -2.33538800 -1.03642100 1.05081000 2.16827100 0.38800500 1.07694300
22 -1.52344900 0.00003400 0.00003100 0.09836600 0.16114200 0.56135000
23 -1.59927600 0.00000800 0.00001500 0.02788200 -0.03256400 0.84315700
24 5.58312400 0.11572600 0.29499900 1.94756400 -0.06728900 3.12123600
25 0.19684600 -0.00000100 0.00000400 2.79340700 0.00000600 -3.14157700
26 -0.15094900 -13.61849000 -4.87383300 1.97586200 1.15991000 1.84280300
27 6.21448500 0.00001000 0.00002000 -0.93685900 0.53971200 -1.84051500
28 11.94488500 -0.00003200 -0.00019900 -0.96154500 -0.34506200 -1.73437700
29 10.62016900 -0.00000200 0.00000800 -1.12161200 -1.11812600 -0.48673500
30 4.75116500 0.69437600 -0.83047400 -0.13611400 -0.41542600 1.14316500
31 1.68806100 -0.00002400 0.00000200 -0.00038200 -0.02472600 1.45342700
32 1.33615100 -0.00005000 -0.00001000 0.03042200 -0.02391500 -0.53288900
33 4.82051700 0.50934200 0.22486600 -0.22471400 -0.27686000 1.43682600
34 1.82700300 0.00006200 0.00001000 0.00704100 0.03987900 1.44859800
35 1.43658100 -0.00000600 0.00001000 0.01503200 0.00167500 -0.83651700
36 3.99235500 0.89109000 1.82799500 -0.48635600 -0.01051400 1.79687400
37 1.40592200 0.00003100 -0.00000400 -0.01008400 -0.02773000 1.22438300
38 1.17536200 -0.00013200 0.00000400 -0.07487300 0.09798600 -0.69969900
39 4.52676200 0.69046800 1.12084200 -0.50202300 -0.16401400 1.81879400
40 1.74404100 -0.00002700 0.00000100 -0.02147200 -0.02036900 1.22414600
41 1.36876300 -0.00003100 -0.00002000 -0.12191500 0.10180800 -1.06387600
42 2.10653900 1.23392100 -0.87204000 1.96366100 0.54908700 0.36085100
43 1.62388400 -0.20587600 -0.15746700 -0.00389400 -0.07294600 0.12080700
44 1.59178500 -0.07171900 0.01248700 0.03799300 0.07429800 -0.27107500
45 5.51180800 -0.00000600 0.00000400 -0.85022300 0.00000000 0.00000000
46 0.19684600 0.00000600 0.00000000 -0.34822500 0.00001500 -0.00000200
47 0.00000000 0.00000000 0.00000000 0.00000000 0.00000000 -1.57079600
48 -3.50891600 95.49678000 -4.01822700 0.00000000 0.00000000 -3.14156200
49 -8.06290200 111.69036900 0.10409400 0.42518100 0.25817400 -0.37595900
50 -2.87045800 0.00336100 -0.23724300 0.00000000 0.00000000 0.00000000
51 0.08814800 -0.00123200 -0.18827900 0.00000000 0.00000000 0.00000000
52 -0.00201600 -0.00657100 0.44810600 0.00000000 0.00000000 0.00000000
53 4.26886000 -0.00635900 -1.38380900 0.00000000 0.00000000 0.00000000
54 -1.63111300 0.00486400 0.46800100 0.00000000 0.00000000 0.00000000
55 10.33700600 2.73073000 -1.71336500 -0.46458300 1.24462700 1.41524100
56 -4.60166300 -2.18240100 -1.60537800 -2.79071600 1.07588400 -1.95478900
time 54
0 -0.00000100 7.45008900 -27.50902600 0.00000000 0.00000000 0.00003100
1 -0.00000200 0.00000000 0.00000000 1.57074700 -1.56714200 -1.57074700
2 4.25546500 -0.33518400 -0.00000200 0.00000000 0.00000000 -0.12484800
3 7.43125000 1.49647900 0.00000200 0.00000000 0.00000000 0.24545000
4 5.27847900 0.16554300 0.00000100 0.00000000 0.00000000 0.04851100
5 4.29617700 -17.79056700 17.53758000 1.97586600 1.15990900 -1.29878500
6 -6.21447800 -0.00001000 -0.00002700 -2.23117400 -0.73985900 0.26323600
7 11.94488900 0.00000000 0.00000000 -0.02166700 -0.28697400 0.94469200
8 10.62019000 0.00000000 0.00000000 1.51252600 -0.20293200 2.94473900
9 -4.75111000 -0.69449400 0.83057900 0.05411300 -0.36575100 0.07414700
10 -1.68807600 0.00004300 -0.00003100 0.00866000 -0.02313200 1.08225700
11 -1.33614300 0.00005300 -0.00001000 0.02609000 -0.00377000 0.69594800
12 -4.82049600 -0.50945900 -0.22476100 -0.59552600 -0.09858200 1.39860200
13 -1.82699200 -0.00007200 0.00000800 -0.00922900 0.03936800 1.04386300
14 -1.43657300 0.00000800 0.00000400 -0.04748700 -0.06156900 0.56561900
15 -3.99235900 -0.89118600 -1.82791000 -0.86683100 0.13635500 1.50003900
16 -1.40592200 -0.00002700 0.00000000 0.00711500 -0.02856600 0.63089300
17 -1.17535800 0.00012800 -0.00002100 0.04192500 0.05340800 0.56994100
18 -4.52675200 -0.69057500 -1.12074400 -0.70616200 0.11834300 1.54354500
19 -1.74403800 0.00003300 -0.00000400 -0.00945000 -0.09418300 0.83066800
20 -1.36877400 0.00002500 0.00000400 -0.20781700 0.12090600 0.44087700
21 -2.33538800 -1.03642100 1.05081000 2.16827100 0.38800500 1.07694300
22 -1.52344900 0.00003400 0.00003100 0.09836600 0.16114200 0.56135000
23 -1.59927600 0.00000800 0.00001500 0.02788200 -0.03256400 0.84315700
24 5.58312400 0.11572600 0.29499900 1.94756400 -0.06728900 3.12123600
25 0.19684600 -0.00000100 0.00000400 2.79340700 0.00000600 -3.14157700
26 -0.15094900 -13.61849000 -4.87383300 1.97586200 1.15991000 1.84280300
27 6.21448500 0.00001000 0.00002000 -0.93761100 0.53741300 -1.84166500
28 11.94488500 -0.00003200 -0.00019900 -0.96190500 -0.34515900 -1.73326700
29 10.62016900 -0.00000200 0.00000800 -1.12010800 -1.11694400 -0.48662600
30 4.75116500 0.69437600 -0.83047400 -0.13611400 -0.41542600 1.14316500
31 1.68806100 -0.00002400 0.00000200 -0.00038200 -0.02472600 1.45342700
32 1.33615100 -0.00005000 -0.00001000 0.03042200 -0.02391500 -0.53288900
33 4.82051700 0.50934200 0.22486600 -0.22471400 -0.27686000 1.43682600
34 1.82700300 0.00006200 0.00001000 0.00704100 0.03987900 1.44859800
35 1.43658100 -0.00000600 0.00001000 0.01503200 0.00167500 -0.83651700
36 3.99235500 0.89109000 1.82799500 -0.48635600 -0.01051400 1.79687400
37 1.40592200 0.00003100 -0.00000400 -0.01008400 -0.02773000 1.22438300
38 1.17536200 -0.00013200 0.00000400 -0.07487300 0.09798600 -0.69969900
39 4.52676200 0.69046800 1.12084200 -0.50202300 -0.16401400 1.81879400
40 1.74404100 -0.00002700 0.00000100 -0.02147200 -0.02036900 1.22414600
41 1.36876300 -0.00003100 -0.00002000 -0.12191500 0.10180800 -1.06387600
42 2.10653900 1.23392100 -0.87204000 1.96366100 0.54908700 0.36085100
43 1.62388400 -0.20587600 -0.15746700 -0.00389400 -0.07294600 0.12080700
44 1.59178500 -0.07171900 0.01248700 0.03799300 0.07429800 -0.27107500
45 5.51180800 -0.00000600 0.00000400 -0.85022300 0.00000000 0.00000000
46 0.19684600 0.00000600 0.00000000 -0.34822500 0.00001500 -0.00000200
47 0.00000000 0.00000000 0.00000000 0.00000000 0.00000000 -1.57079600
48 -3.50891600 95.49678000 -4.01822700 0.00000000 0.00000000 -3.14156200
49 -8.05763400 111.69036900 0.12621900 0.42589400 0.26020400 -0.37550400
50 -2.87045800 0.00336100 -0.23724300 0.00000000 0.00000000 0.00000000
51 0.08814800 -0.00123200 -0.18827900 0.00000000 0.00000000 0.00000000
52 -0.00201600 -0.00657100 0.44810600 0.00000000 0.00000000 0.00000000
53 4.26886000 -0.00635900 -1.38380900 0.00000000 0.00000000 0.00000000
54 -1.63111300 0.00486400 0.46800100 0.00000000 0.00000000 0.00000000
55 10.33700600 2.73073000 -1.71336500 -0.46458300 1.24462700 1.41524100
56 -4.60166300 -2.18240100 -1.60537800 -2.79071600 1.07588400 -1.95478900
time 55
0 -0.00000100 7.45008900 -27.50902600 0.00000000 0.00000000 0.00003100
1 -0.00000200 0.00000000 0.00000000 1.57074700 -1.56714200 -1.57074700
2 4.25546500 -0.33518400 -0.00000200 0.00000000 0.00000000 -0.12484800
3 7.43125000 1.49647900 0.00000200 0.00000000 0.00000000 0.24545000
4 5.27847900 0.16554300 0.00000100 0.00000000 0.00000000 0.04851100
5 4.29617700 -17.79056700 17.53758000 1.97586600 1.15990900 -1.29878500
6 -6.21447800 -0.00001000 -0.00002700 -2.23065700 -0.73950800 0.26322300
7 11.94488900 0.00000000 0.00000000 -0.02156800 -0.28690000 0.94427900
8 10.62019000 0.00000000 0.00000000 1.51324800 -0.20297200 2.94658100
9 -4.75111000 -0.69449400 0.83057900 0.05411300 -0.36575100 0.07414700
10 -1.68807600 0.00004300 -0.00003100 0.00866000 -0.02313200 1.08225700
11 -1.33614300 0.00005300 -0.00001000 0.02609000 -0.00377000 0.69594800
12 -4.82049600 -0.50945900 -0.22476100 -0.59552600 -0.09858200 1.39860200
13 -1.82699200 -0.00007200 0.00000800 -0.00922900 0.03936800 1.04386300
14 -1.43657300 0.00000800 0.00000400 -0.04748700 -0.06156900 0.56561900
15 -3.99235900 -0.89118600 -1.82791000 -0.86683100 0.13635500 1.50003900
16 -1.40592200 -0.00002700 0.00000000 0.00711500 -0.02856600 0.63089300
17 -1.17535800 0.00012800 -0.00002100 0.04192500 0.05340800 0.56994100
18 -4.52675200 -0.69057500 -1.12074400 -0.70616200 0.11834300 1.54354500
19 -1.74403800 0.00003300 -0.00000400 -0.00945000 -0.09418300 0.83066800
20 -1.36877400 0.00002500 0.00000400 -0.20781700 0.12090600 0.44087700
21 -2.33538800 -1.03642100 1.05081000 2.16827100 0.38800500 1.07694300
22 -1.52344900 0.00003400 0.00003100 0.09836600 0.16114200 0.56135000
23 -1.59927600 0.00000800 0.00001500 0.02788200 -0.03256400 0.84315700
24 5.58312400 0.11572600 0.29499900 1.94756400 -0.06728900 3.12123600
25 0.19684600 -0.00000100 0.00000400 2.79340700 0.00000600 -3.14157700
26 -0.15094900 -13.61849000 -4.87383300 1.97586200 1.15991000 1.84280300
27 6.21448500 0.00001000 0.00002000 -0.93837500 0.53531500 -1.84269700
28 11.94488500 -0.00003200 -0.00019900 -0.96218500 -0.34521300 -1.73223100
29 10.62016900 -0.00000200 0.00000800 -1.11875500 -1.11585800 -0.48652600
30 4.75116500 0.69437600 -0.83047400 -0.13611400 -0.41542600 1.14316500
31 1.68806100 -0.00002400 0.00000200 -0.00038200 -0.02472600 1.45342700
32 1.33615100 -0.00005000 -0.00001000 0.03042200 -0.02391500 -0.53288900
33 4.82051700 0.50934200 0.22486600 -0.22471400 -0.27686000 1.43682600
34 1.82700300 0.00006200 0.00001000 0.00704100 0.03987900 1.44859800
35 1.43658100 -0.00000600 0.00001000 0.01503200 0.00167500 -0.83651700
36 3.99235500 0.89109000 1.82799500 -0.48635600 -0.01051400 1.79687400
37 1.40592200 0.00003100 -0.00000400 -0.01008400 -0.02773000 1.22438300
38 1.17536200 -0.00013200 0.00000400 -0.07487300 0.09798600 -0.69969900
39 4.52676200 0.69046800 1.12084200 -0.50202300 -0.16401400 1.81879400
40 1.74404100 -0.00002700 0.00000100 -0.02147200 -0.02036900 1.22414600
41 1.36876300 -0.00003100 -0.00002000 -0.12191500 0.10180800 -1.06387600
42 2.10653900 1.23392100 -0.87204000 1.96366100 0.54908700 0.36085100
43 1.62388400 -0.20587600 -0.15746700 -0.00389400 -0.07294600 0.12080700
44 1.59178500 -0.07171900 0.01248700 0.03799300 0.07429800 -0.27107500
45 5.51180800 -0.00000600 0.00000400 -0.85022300 0.00000000 0.00000000
46 0.19684600 0.00000600 0.00000000 -0.34822500 0.00001500 -0.00000200
47 0.00000000 0.00000000 0.00000000 0.00000000 0.00000000 -1.57079600
48 -3.50891600 95.49678000 -4.01822700 0.00000000 0.00000000 -3.14156200
49 -8.05298700 111.69036900 0.14573600 0.42647800 0.26193000 -0.37502800
50 -2.87045800 0.00336100 -0.23724300 0.00000000 0.00000000 0.00000000
51 0.08814800 -0.00123200 -0.18827900 0.00000000 0.00000000 0.00000000
52 -0.00201600 -0.00657100 0.44810600 0.00000000 0.00000000 0.00000000
53 4.26886000 -0.00635900 -1.38380900 0.00000000 0.00000000 0.00000000
54 -1.63111300 0.00486400 0.46800100 0.00000000 0.00000000 0.00000000
55 10.33700600 2.73073000 -1.71336500 -0.46458300 1.24462700 1.41524100
56 -4.60166300 -2.18240100 -1.60537800 -2.79071600 1.07588400 -1.95478900
time 56
0 -0.00000100 7.45008900 -27.50902600 0.00000000 0.00000000 0.00003100
1 -0.00000200 0.00000000 0.00000000 1.57074700 -1.56714200 -1.57074700
2 4.25546500 -0.33518400 -0.00000200 0.00000000 0.00000000 -0.12484800
3 7.43125000 1.49647900 0.00000200 0.00000000 0.00000000 0.24545000
4 5.27847900 0.16554300 0.00000100 0.00000000 0.00000000 0.04851100
5 4.29617700 -17.79056700 17.53758000 1.97586600 1.15990900 -1.29878500
6 -6.21447800 -0.00001000 -0.00002700 -2.23024300 -0.73922700 0.26321200
7 11.94488900 0.00000000 0.00000000 -0.02148300 -0.28682600 0.94396700
8 10.62019000 0.00000000 0.00000000 1.51378300 -0.20298200 2.94813200
9 -4.75111000 -0.69449400 0.83057900 0.05411300 -0.36575100 0.07414700
10 -1.68807600 0.00004300 -0.00003100 0.00866000 -0.02313200 1.08225700
11 -1.33614300 0.00005300 -0.00001000 0.02609000 -0.00377000 0.69594800
12 -4.82049600 -0.50945900 -0.22476100 -0.59552600 -0.09858200 1.39860200
13 -1.82699200 -0.00007200 0.00000800 -0.00922900 0.03936800 1.04386300
14 -1.43657300 0.00000800 0.00000400 -0.04748700 -0.06156900 0.56561900
15 -3.99235900 -0.89118600 -1.82791000 -0.86683100 0.13635500 1.50003900
16 -1.40592200 -0.00002700 0.00000000 0.00711500 -0.02856600 0.63089300
17 -1.17535800 0.00012800 -0.00002100 0.04192500 0.05340800 0.56994100
18 -4.52675200 -0.69057500 -1.12074400 -0.70616200 0.11834300 1.54354500
19 -1.74403800 0.00003300 -0.00000400 -0.00945000 -0.09418300 0.83066800
20 -1.36877400 0.00002500 0.00000400 -0.20781700 0.12090600 0.44087700
21 -2.33538800 -1.03642100 1.05081000 2.16827100 0.38800500 1.07694300
22 -1.52344900 0.00003400 0.00003100 0.09836600 0.16114200 0.56135000
23 -1.59927600 0.00000800 0.00001500 0.02788200 -0.03256400 0.84315700
24 5.58312400 0.11572600 0.29499900 1.94756400 -0.06728900 3.12123600
25 0.19684600 -0.00000100 0.00000400 2.79340700 0.00000600 -3.14157700
26 -0.15094900 -13.61849000 -4.87383300 1.97586200 1.15991000 1.84280300
27 6.21448500 0.00001000 0.00002000 -0.93892100 0.53358900 -1.84340800
28 11.94488500 -0.00003200 -0.00019900 -0.96252300 -0.34525500 -1.73128800
29 10.62016900 -0.00000200 0.00000800 -1.11769500 -1.11496100 -0.48644800
30 4.75116500 0.69437600 -0.83047400 -0.13611400 -0.41542600 1.14316500
31 1.68806100 -0.00002400 0.00000200 -0.00038200 -0.02472600 1.45342700
32 1.33615100 -0.00005000 -0.00001000 0.03042200 -0.02391500 -0.53288900
33 4.82051700 0.50934200 0.22486600 -0.22471400 -0.27686000 1.43682600
34 1.82700300 0.00006200 0.00001000 0.00704100 0.03987900 1.44859800
35 1.43658100 -0.00000600 0.00001000 0.01503200 0.00167500 -0.83651700
36 3.99235500 0.89109000 1.82799500 -0.48635600 -0.01051400 1.79687400
37 1.40592200 0.00003100 -0.00000400 -0.01008400 -0.02773000 1.22438300
38 1.17536200 -0.00013200 0.00000400 -0.07487300 0.09798600 -0.69969900
39 4.52676200 0.69046800 1.12084200 -0.50202300 -0.16401400 1.81879400
40 1.74404100 -0.00002700 0.00000100 -0.02147200 -0.02036900 1.22414600
41 1.36876300 -0.00003100 -0.00002000 -0.12191500 0.10180800 -1.06387600
42 2.10653900 1.23392100 -0.87204000 1.96366100 0.54908700 0.36085100
43 1.62388400 -0.20587600 -0.15746700 -0.00389400 -0.07294600 0.12080700
44 1.59178500 -0.07171900 0.01248700 0.03799300 0.07429800 -0.27107500
45 5.51180800 -0.00000600 0.00000400 -0.85022300 0.00000000 0.00000000
46 0.19684600 0.00000600 0.00000000 -0.34822500 0.00001500 -0.00000200
47 0.00000000 0.00000000 0.00000000 0.00000000 0.00000000 -1.57079600
48 -3.50891600 95.49678000 -4.01822700 0.00000000 0.00000000 -3.14156200
49 -8.04903100 111.69036900 0.16235400 0.42699800 0.26340600 -0.37469600
50 -2.87045800 0.00336100 -0.23724300 0.00000000 0.00000000 0.00000000
51 0.08814800 -0.00123200 -0.18827900 0.00000000 0.00000000 0.00000000
52 -0.00201600 -0.00657100 0.44810600 0.00000000 0.00000000 0.00000000
53 4.26886000 -0.00635900 -1.38380900 0.00000000 0.00000000 0.00000000
54 -1.63111300 0.00486400 0.46800100 0.00000000 0.00000000 0.00000000
55 10.33700600 2.73073000 -1.71336500 -0.46458300 1.24462700 1.41524100
56 -4.60166300 -2.18240100 -1.60537800 -2.79071600 1.07588400 -1.95478900
time 57
0 -0.00000100 7.45008900 -27.50902600 0.00000000 0.00000000 0.00003100
1 -0.00000200 0.00000000 0.00000000 1.57074700 -1.56714200 -1.57074700
2 4.25546500 -0.33518400 -0.00000200 0.00000000 0.00000000 -0.12484800
3 7.43125000 1.49647900 0.00000200 0.00000000 0.00000000 0.24545000
4 5.27847900 0.16554300 0.00000100 0.00000000 0.00000000 0.04851100
5 4.29617700 -17.79056700 17.53758000 1.97586600 1.15990900 -1.29878500
6 -6.21447800 -0.00001000 -0.00002700 -2.22983000 -0.73894500 0.26320200
7 11.94488900 0.00000000 0.00000000 -0.02141200 -0.28675000 0.94375400
8 10.62019000 0.00000000 0.00000000 1.51427500 -0.20301100 2.94931700
9 -4.75111000 -0.69449400 0.83057900 0.05411300 -0.36575100 0.07414700
10 -1.68807600 0.00004300 -0.00003100 0.00866000 -0.02313200 1.08225700
11 -1.33614300 0.00005300 -0.00001000 0.02609000 -0.00377000 0.69594800
12 -4.82049600 -0.50945900 -0.22476100 -0.59552600 -0.09858200 1.39860200
13 -1.82699200 -0.00007200 0.00000800 -0.00922900 0.03936800 1.04386300
14 -1.43657300 0.00000800 0.00000400 -0.04748700 -0.06156900 0.56561900
15 -3.99235900 -0.89118600 -1.82791000 -0.86683100 0.13635500 1.50003900
16 -1.40592200 -0.00002700 0.00000000 0.00711500 -0.02856600 0.63089300
17 -1.17535800 0.00012800 -0.00002100 0.04192500 0.05340800 0.56994100
18 -4.52675200 -0.69057500 -1.12074400 -0.70616200 0.11834300 1.54354500
19 -1.74403800 0.00003300 -0.00000400 -0.00945000 -0.09418300 0.83066800
20 -1.36877400 0.00002500 0.00000400 -0.20781700 0.12090600 0.44087700
21 -2.33538800 -1.03642100 1.05081000 2.16827100 0.38800500 1.07694300
22 -1.52344900 0.00003400 0.00003100 0.09836600 0.16114200 0.56135000
23 -1.59927600 0.00000800 0.00001500 0.02788200 -0.03256400 0.84315700
24 5.58312400 0.11572600 0.29499900 1.94756400 -0.06728900 3.12123600
25 0.19684600 -0.00000100 0.00000400 2.79340700 0.00000600 -3.14157700
26 -0.15094900 -13.61849000 -4.87383300 1.97586200 1.15991000 1.84280300
27 6.21448500 0.00001000 0.00002000 -0.93940800 0.53214300 -1.84414100
28 11.94488500 -0.00003200 -0.00019900 -0.96282600 -0.34529300 -1.73060800
29 10.62016900 -0.00000200 0.00000800 -1.11678400 -1.11415800 -0.48638100
30 4.75116500 0.69437600 -0.83047400 -0.13611400 -0.41542600 1.14316500
31 1.68806100 -0.00002400 0.00000200 -0.00038200 -0.02472600 1.45342700
32 1.33615100 -0.00005000 -0.00001000 0.03042200 -0.02391500 -0.53288900
33 4.82051700 0.50934200 0.22486600 -0.22471400 -0.27686000 1.43682600
34 1.82700300 0.00006200 0.00001000 0.00704100 0.03987900 1.44859800
35 1.43658100 -0.00000600 0.00001000 0.01503200 0.00167500 -0.83651700
36 3.99235500 0.89109000 1.82799500 -0.48635600 -0.01051400 1.79687400
37 1.40592200 0.00003100 -0.00000400 -0.01008400 -0.02773000 1.22438300
38 1.17536200 -0.00013200 0.00000400 -0.07487300 0.09798600 -0.69969900
39 4.52676200 0.69046800 1.12084200 -0.50202300 -0.16401400 1.81879400
40 1.74404100 -0.00002700 0.00000100 -0.02147200 -0.02036900 1.22414600
41 1.36876300 -0.00003100 -0.00002000 -0.12191500 0.10180800 -1.06387600
42 2.10653900 1.23392100 -0.87204000 1.96366100 0.54908700 0.36085100
43 1.62388400 -0.20587600 -0.15746700 -0.00389400 -0.07294600 0.12080700
44 1.59178500 -0.07171900 0.01248700 0.03799300 0.07429800 -0.27107500
45 5.51180800 -0.00000600 0.00000400 -0.85022300 0.00000000 0.00000000
46 0.19684600 0.00000600 0.00000000 -0.34822500 0.00001500 -0.00000200
47 0.00000000 0.00000000 0.00000000 0.00000000 0.00000000 -1.57079600
48 -3.50891600 95.49678000 -4.01822700 0.00000000 0.00000000 -3.14156200
49 -8.04583400 111.69036900 0.17578400 0.42747800 0.26459500 -0.37433100
50 -2.87045800 0.00336100 -0.23724300 0.00000000 0.00000000 0.00000000
51 0.08814800 -0.00123200 -0.18827900 0.00000000 0.00000000 0.00000000
52 -0.00201600 -0.00657100 0.44810600 0.00000000 0.00000000 0.00000000
53 4.26886000 -0.00635900 -1.38380900 0.00000000 0.00000000 0.00000000
54 -1.63111300 0.00486400 0.46800100 0.00000000 0.00000000 0.00000000
55 10.33700600 2.73073000 -1.71336500 -0.46458300 1.24462700 1.41524100
56 -4.60166300 -2.18240100 -1.60537800 -2.79071600 1.07588400 -1.95478900
time 58
0 -0.00000100 7.45008900 -27.50902600 0.00000000 0.00000000 0.00003100
1 -0.00000200 0.00000000 0.00000000 1.57074700 -1.56714200 -1.57074700
2 4.25546500 -0.33518400 -0.00000200 0.00000000 0.00000000 -0.12484800
3 7.43125000 1.49647900 0.00000200 0.00000000 0.00000000 0.24545000
4 5.27847900 0.16554300 0.00000100 0.00000000 0.00000000 0.04851100
5 4.29617700 -17.79056700 17.53758000 1.97586600 1.15990900 -1.29878500
6 -6.21447800 -0.00001000 -0.00002700 -2.22964300 -0.73872100 0.26324200
7 11.94488900 0.00000000 0.00000000 -0.02138300 -0.28675200 0.94355400
8 10.62019000 0.00000000 0.00000000 1.51457900 -0.20294900 2.95014900
9 -4.75111000 -0.69449400 0.83057900 0.05411300 -0.36575100 0.07414700
10 -1.68807600 0.00004300 -0.00003100 0.00866000 -0.02313200 1.08225700
11 -1.33614300 0.00005300 -0.00001000 0.02609000 -0.00377000 0.69594800
12 -4.82049600 -0.50945900 -0.22476100 -0.59552600 -0.09858200 1.39860200
13 -1.82699200 -0.00007200 0.00000800 -0.00922900 0.03936800 1.04386300
14 -1.43657300 0.00000800 0.00000400 -0.04748700 -0.06156900 0.56561900
15 -3.99235900 -0.89118600 -1.82791000 -0.86683100 0.13635500 1.50003900
16 -1.40592200 -0.00002700 0.00000000 0.00711500 -0.02856600 0.63089300
17 -1.17535800 0.00012800 -0.00002100 0.04192500 0.05340800 0.56994100
18 -4.52675200 -0.69057500 -1.12074400 -0.70616200 0.11834300 1.54354500
19 -1.74403800 0.00003300 -0.00000400 -0.00945000 -0.09418300 0.83066800
20 -1.36877400 0.00002500 0.00000400 -0.20781700 0.12090600 0.44087700
21 -2.33538800 -1.03642100 1.05081000 2.16827100 0.38800500 1.07694300
22 -1.52344900 0.00003400 0.00003100 0.09836600 0.16114200 0.56135000
23 -1.59927600 0.00000800 0.00001500 0.02788200 -0.03256400 0.84315700
24 5.58312400 0.11572600 0.29499900 1.94756400 -0.06728900 3.12123600
25 0.19684600 -0.00000100 0.00000400 2.79340700 0.00000600 -3.14157700
26 -0.15094900 -13.61849000 -4.87383300 1.97586200 1.15991000 1.84280300
27 6.21448500 0.00001000 0.00002000 -0.93974100 0.53116000 -1.84466900
28 11.94488500 -0.00003200 -0.00019900 -0.96289600 -0.34530200 -1.73008000
29 10.62016900 -0.00000200 0.00000800 -1.11601000 -1.11360100 -0.48638800
30 4.75116500 0.69437600 -0.83047400 -0.13611400 -0.41542600 1.14316500
31 1.68806100 -0.00002400 0.00000200 -0.00038200 -0.02472600 1.45342700
32 1.33615100 -0.00005000 -0.00001000 0.03042200 -0.02391500 -0.53288900
33 4.82051700 0.50934200 0.22486600 -0.22471400 -0.27686000 1.43682600
34 1.82700300 0.00006200 0.00001000 0.00704100 0.03987900 1.44859800
35 1.43658100 -0.00000600 0.00001000 0.01503200 0.00167500 -0.83651700
36 3.99235500 0.89109000 1.82799500 -0.48635600 -0.01051400 1.79687400
37 1.40592200 0.00003100 -0.00000400 -0.01008400 -0.02773000 1.22438300
38 1.17536200 -0.00013200 0.00000400 -0.07487300 0.09798600 -0.69969900
39 4.52676200 0.69046800 1.12084200 -0.50202300 -0.16401400 1.81879400
40 1.74404100 -0.00002700 0.00000100 -0.02147200 -0.02036900 1.22414600
41 1.36876300 -0.00003100 -0.00002000 -0.12191500 0.10180800 -1.06387600
42 2.10653900 1.23392100 -0.87204000 1.96366100 0.54908700 0.36085100
43 1.62388400 -0.20587600 -0.15746700 -0.00389400 -0.07294600 0.12080700
44 1.59178500 -0.07171900 0.01248700 0.03799300 0.07429800 -0.27107500
45 5.51180800 -0.00000600 0.00000400 -0.85022300 0.00000000 0.00000000
46 0.19684600 0.00000600 0.00000000 -0.34822500 0.00001500 -0.00000200
47 0.00000000 0.00000000 0.00000000 0.00000000 0.00000000 -1.57079600
48 -3.50891600 95.49678000 -4.01822700 0.00000000 0.00000000 -3.14156200
49 -8.04346400 111.69036900 0.18573500 0.42781700 0.26543400 -0.37413800
50 -2.87045800 0.00336100 -0.23724300 0.00000000 0.00000000 0.00000000
51 0.08814800 -0.00123200 -0.18827900 0.00000000 0.00000000 0.00000000
52 -0.00201600 -0.00657100 0.44810600 0.00000000 0.00000000 0.00000000
53 4.26886000 -0.00635900 -1.38380900 0.00000000 0.00000000 0.00000000
54 -1.63111300 0.00486400 0.46800100 0.00000000 0.00000000 0.00000000
55 10.33700600 2.73073000 -1.71336500 -0.46458300 1.24462700 1.41524100
56 -4.60166300 -2.18240100 -1.60537800 -2.79071600 1.07588400 -1.95478900
time 59
0 -0.00000100 7.45008900 -27.50902600 0.00000000 0.00000000 0.00003100
1 -0.00000200 0.00000000 0.00000000 1.57074700 -1.56714200 -1.57074700
2 4.25546500 -0.33518400 -0.00000200 0.00000000 0.00000000 -0.12484800
3 7.43125000 1.49647900 0.00000200 0.00000000 0.00000000 0.24545000
4 5.27847900 0.16554300 0.00000100 0.00000000 0.00000000 0.04851100
5 4.29617700 -17.79056700 17.53758000 1.97586600 1.15990900 -1.29878500
6 -6.21447800 -0.00001000 -0.00002700 -2.22944600 -0.73870600 0.26329000
7 11.94488900 0.00000000 0.00000000 -0.02131300 -0.28667700 0.94334100
8 10.62019000 0.00000000 0.00000000 1.51481400 -0.20290300 2.95074200
9 -4.75111000 -0.69449400 0.83057900 0.05411300 -0.36575100 0.07414700
10 -1.68807600 0.00004300 -0.00003100 0.00866000 -0.02313200 1.08225700
11 -1.33614300 0.00005300 -0.00001000 0.02609000 -0.00377000 0.69594800
12 -4.82049600 -0.50945900 -0.22476100 -0.59552600 -0.09858200 1.39860200
13 -1.82699200 -0.00007200 0.00000800 -0.00922900 0.03936800 1.04386300
14 -1.43657300 0.00000800 0.00000400 -0.04748700 -0.06156900 0.56561900
15 -3.99235900 -0.89118600 -1.82791000 -0.86683100 0.13635500 1.50003900
16 -1.40592200 -0.00002700 0.00000000 0.00711500 -0.02856600 0.63089300
17 -1.17535800 0.00012800 -0.00002100 0.04192500 0.05340800 0.56994100
18 -4.52675200 -0.69057500 -1.12074400 -0.70616200 0.11834300 1.54354500
19 -1.74403800 0.00003300 -0.00000400 -0.00945000 -0.09418300 0.83066800
20 -1.36877400 0.00002500 0.00000400 -0.20781700 0.12090600 0.44087700
21 -2.33538800 -1.03642100 1.05081000 2.16827100 0.38800500 1.07694300
22 -1.52344900 0.00003400 0.00003100 0.09836600 0.16114200 0.56135000
23 -1.59927600 0.00000800 0.00001500 0.02788200 -0.03256400 0.84315700
24 5.58312400 0.11572600 0.29499900 1.94756400 -0.06728900 3.12123600
25 0.19684600 -0.00000100 0.00000400 2.79340700 0.00000600 -3.14157700
26 -0.15094900 -13.61849000 -4.87383300 1.97586200 1.15991000 1.84280300
27 6.21448500 0.00001000 0.00002000 -0.94006900 0.53038200 -1.84522600
28 11.94488500 -0.00003200 -0.00019900 -0.96308300 -0.34529100 -1.72973800
29 10.62016900 -0.00000200 0.00000800 -1.11552500 -1.11323000 -0.48642100
30 4.75116500 0.69437600 -0.83047400 -0.13611400 -0.41542600 1.14316500
31 1.68806100 -0.00002400 0.00000200 -0.00038200 -0.02472600 1.45342700
32 1.33615100 -0.00005000 -0.00001000 0.03042200 -0.02391500 -0.53288900
33 4.82051700 0.50934200 0.22486600 -0.22471400 -0.27686000 1.43682600
34 1.82700300 0.00006200 0.00001000 0.00704100 0.03987900 1.44859800
35 1.43658100 -0.00000600 0.00001000 0.01503200 0.00167500 -0.83651700
36 3.99235500 0.89109000 1.82799500 -0.48635600 -0.01051400 1.79687400
37 1.40592200 0.00003100 -0.00000400 -0.01008400 -0.02773000 1.22438300
38 1.17536200 -0.00013200 0.00000400 -0.07487300 0.09798600 -0.69969900
39 4.52676200 0.69046800 1.12084200 -0.50202300 -0.16401400 1.81879400
40 1.74404100 -0.00002700 0.00000100 -0.02147200 -0.02036900 1.22414600
41 1.36876300 -0.00003100 -0.00002000 -0.12191500 0.10180800 -1.06387600
42 2.10653900 1.23392100 -0.87204000 1.96366100 0.54908700 0.36085100
43 1.62388400 -0.20587600 -0.15746700 -0.00389400 -0.07294600 0.12080700
44 1.59178500 -0.07171900 0.01248700 0.03799300 0.07429800 -0.27107500
45 5.51180800 -0.00000600 0.00000400 -0.85022300 0.00000000 0.00000000
46 0.19684600 0.00000600 0.00000000 -0.34822500 0.00001500 -0.00000200
47 0.00000000 0.00000000 0.00000000 0.00000000 0.00000000 -1.57079600
48 -3.50891600 95.49678000 -4.01822700 0.00000000 0.00000000 -3.14156200
49 -8.04199200 111.69036900 0.19191900 0.42801300 0.26598800 -0.37401300
50 -2.87045800 0.00336100 -0.23724300 0.00000000 0.00000000 0.00000000
51 0.08814800 -0.00123200 -0.18827900 0.00000000 0.00000000 0.00000000
52 -0.00201600 -0.00657100 0.44810600 0.00000000 0.00000000 0.00000000
53 4.26886000 -0.00635900 -1.38380900 0.00000000 0.00000000 0.00000000
54 -1.63111300 0.00486400 0.46800100 0.00000000 0.00000000 0.00000000
55 10.33700600 2.73073000 -1.71336500 -0.46458300 1.24462700 1.41524100
56 -4.60166300 -2.18240100 -1.60537800 -2.79071600 1.07588400 -1.95478900
time 60
0 -0.00000100 7.45008900 -27.50902600 0.00000000 0.00000000 0.00003100
1 -0.00000200 0.00000000 0.00000000 1.57074700 -1.56714200 -1.57074700
2 4.25546500 -0.33518400 -0.00000200 0.00000000 0.00000000 -0.12484800
3 7.43125000 1.49647900 0.00000200 0.00000000 0.00000000 0.24545000
4 5.27847900 0.16554300 0.00000100 0.00000000 0.00000000 0.04851100
5 4.29617700 -17.79056700 17.53758000 1.97586600 1.15990900 -1.29878500
6 -6.21447800 -0.00001000 -0.00002700 -2.22934300 -0.73863600 0.26328700
7 11.94488900 0.00000000 0.00000000 -0.02131300 -0.28667700 0.94334100
8 10.62019000 0.00000000 0.00000000 1.51490800 -0.20294900 2.95091900
9 -4.75111000 -0.69449400 0.83057900 0.05411300 -0.36575100 0.07414700
10 -1.68807600 0.00004300 -0.00003100 0.00866000 -0.02313200 1.08225700
11 -1.33614300 0.00005300 -0.00001000 0.02609000 -0.00377000 0.69594800
12 -4.82049600 -0.50945900 -0.22476100 -0.59552600 -0.09858200 1.39860200
13 -1.82699200 -0.00007200 0.00000800 -0.00922900 0.03936800 1.04386300
14 -1.43657300 0.00000800 0.00000400 -0.04748700 -0.06156900 0.56561900
15 -3.99235900 -0.89118600 -1.82791000 -0.86683100 0.13635500 1.50003900
16 -1.40592200 -0.00002700 0.00000000 0.00711500 -0.02856600 0.63089300
17 -1.17535800 0.00012800 -0.00002100 0.04192500 0.05340800 0.56994100
18 -4.52675200 -0.69057500 -1.12074400 -0.70616200 0.11834300 1.54354500
19 -1.74403800 0.00003300 -0.00000400 -0.00945000 -0.09418300 0.83066800
20 -1.36877400 0.00002500 0.00000400 -0.20781700 0.12090600 0.44087700
21 -2.33538800 -1.03642100 1.05080900 2.16827100 0.38800500 1.07694300
22 -1.52344900 0.00003400 0.00003100 0.09836600 0.16114200 0.56135000
23 -1.59927600 0.00000800 0.00001500 0.02788200 -0.03256400 0.84315700
24 5.58312200 0.11572600 0.29500000 1.94756400 -0.06728900 3.12123600
25 0.19684600 -0.00000100 0.00000400 2.79340700 0.00000600 -3.14157700
26 -0.15094900 -13.61849000 -4.87383300 1.97586200 1.15991000 1.84280300
27 6.21448500 0.00001000 0.00002000 -0.94018300 0.53020400 -1.84529200
28 11.94488500 -0.00003200 -0.00019900 -0.96310600 -0.34534500 -1.72957100
29 10.62016900 -0.00000200 0.00000800 -1.11538100 -1.11313700 -0.48640800
30 4.75116500 0.69437600 -0.83047400 -0.13611400 -0.41542600 1.14316500
31 1.68806100 -0.00002400 0.00000200 -0.00038200 -0.02472600 1.45342700
32 1.33615100 -0.00005000 -0.00001000 0.03042200 -0.02391500 -0.53288900
33 4.82051700 0.50934200 0.22486600 -0.22471400 -0.27686000 1.43682600
34 1.82700300 0.00006200 0.00001000 0.00704100 0.03987900 1.44859800
35 1.43658100 -0.00000600 0.00001000 0.01503200 0.00167500 -0.83651700
36 3.99235500 0.89109000 1.82799500 -0.48635600 -0.01051400 1.79687400
37 1.40592200 0.00003100 -0.00000400 -0.01008400 -0.02773000 1.22438300
38 1.17536200 -0.00013200 0.00000400 -0.07487300 0.09798600 -0.69969900
39 4.52676200 0.69046800 1.12084200 -0.50202300 -0.16401400 1.81879400
40 1.74404100 -0.00002700 0.00000100 -0.02147200 -0.02036900 1.22414600
41 1.36876300 -0.00003100 -0.00002000 -0.12191500 0.10180800 -1.06387600
42 2.10653900 1.23392000 -0.87204100 1.96366100 0.54908700 0.36085100
43 1.62388300 -0.20587600 -0.15746600 -0.00389400 -0.07294600 0.12080700
44 1.59179000 -0.07171900 0.01248600 0.03799300 0.07429800 -0.27107500
45 5.51180800 -0.00000600 0.00000400 -0.85022300 0.00000000 0.00000000
46 0.19684600 0.00000600 0.00000000 -0.34822500 0.00001500 -0.00000200
47 0.00000000 0.00000000 0.00000000 0.00000000 0.00000000 -1.57079600
48 -3.50891600 95.49678000 -4.01822700 0.00000000 0.00000000 -3.14156200
49 -8.04148600 111.69036900 0.19404400 0.42807800 0.26617200 -0.37397100
50 -2.87045600 0.00336400 -0.23724700 0.00000000 0.00000000 0.00000000
51 0.08814800 -0.00123200 -0.18827900 0.00000000 0.00000000 0.00000000
52 -0.00201600 -0.00657100 0.44810600 0.00000000 0.00000000 0.00000000
53 4.26886000 -0.00635900 -1.38380900 0.00000000 0.00000000 0.00000000
54 -1.63111300 0.00486400 0.46800100 0.00000000 0.00000000 0.00000000
55 10.33701400 2.73072800 -1.71336300 -0.46458300 1.24462700 1.41524100
56 -4.60163700 -2.18246400 -1.60537900 -2.79071600 1.07588400 -1.95478900
end
