version 1
nodes
0 "root" -1
1 "pelvis" 0
2 "spine_01" 1
3 "spine_02" 2
4 "spine_03" 3
5 "clavicle_r" 4
6 "upperarm_r" 5
7 "lowerarm_r" 6
8 "hand_r" 7
9 "index_01_r" 8
10 "index_02_r" 9
11 "index_03_r" 10
12 "middle_01_r" 8
13 "middle_02_r" 12
14 "middle_03_r" 13
15 "pinky_01_r" 8
16 "pinky_02_r" 15
17 "pinky_03_r" 16
18 "ring_01_r" 8
19 "ring_02_r" 18
20 "ring_03_r" 19
21 "thumb_01_r" 8
22 "thumb_02_r" 21
23 "thumb_03_r" 22
24 "lowerarm_twist_01_r" 7
25 "upperarm_twist_01_r" 6
26 "clavicle_l" 4
27 "upperarm_l" 26
28 "lowerarm_l" 27
29 "hand_l" 28
30 "index_01_l" 29
31 "index_02_l" 30
32 "index_03_l" 31
33 "middle_01_l" 29
34 "middle_02_l" 33
35 "middle_03_l" 34
36 "pinky_01_l" 29
37 "pinky_02_l" 36
38 "pinky_03_l" 37
39 "ring_01_l" 29
40 "ring_02_l" 39
41 "ring_03_l" 40
42 "thumb_01_l" 29
43 "thumb_02_l" 42
44 "thumb_03_l" 43
45 "lowerarm_twist_01_l" 28
46 "upperarm_twist_01_l" 27
47 "cam_driver" -1
48 "BaseRoot" -1
49 "Base" 48
50 "rhand_ikTarget" 49
51 "Trigger" 49
52 "Hammer" 49
53 "TriggerReset" 49
54 "Mag" 49
55 "lhand_ikTarget" 49
end
skeleton
time 0
0 -0.00000100 7.45008900 -27.50902600 0.00000000 0.00000000 0.00003100
1 -0.00000200 0.00000000 0.00000000 1.57074300 -1.56713700 -1.57074300
2 4.25546800 -0.33518300 -0.00000200 0.00000000 0.00000000 -0.12484800
3 7.43124800 1.49647700 0.00000200 0.00000000 0.00000000 0.24545000
4 5.27847900 0.16554100 0.00000100 0.00000000 0.00000000 0.04851100
5 -4.01433000 -17.66731800 4.29097700 1.97586400 1.15990900 -1.29878600
6 -6.21448200 -0.00000700 -0.00002700 -2.98876771 -0.74900080 1.41827561
7 11.94488200 0.00000000 0.00000100 0.02105429 -0.31421204 2.02719081
8 10.62018100 0.00000200 0.00000000 1.35789540 0.02384130 2.95575606
9 -4.75110600 -0.69449400 0.83057700 -0.17739400 0.01599100 0.22108400
10 -1.68806800 0.00004600 -0.00003200 0.00457900 -0.02430400 1.25266100
11 -1.33614000 0.00005700 -0.00001200 0.02629800 -0.00107200 0.59212700
12 -4.82049400 -0.50946000 -0.22475900 -0.29384300 0.04878100 0.68958600
13 -1.82699200 -0.00006400 0.00000600 -0.00597100 0.04001900 1.12661300
14 -1.43657300 0.00000600 0.00000200 -0.06657600 -0.04031800 0.93461100
15 -3.99235500 -0.89118800 -1.82790900 -0.52215700 0.10628100 1.00838100
16 -1.40591800 -0.00002500 -0.00000300 -0.00793500 -0.02837500 1.14618500
17 -1.17535800 0.00012800 -0.00002000 0.06208200 0.02754600 1.05720900
18 -4.52675100 -0.69057500 -1.12074400 -0.41778200 0.08544600 1.18122300
19 -1.74403800 0.00003300 -0.00000800 -0.02502400 -0.01570900 1.42133100
20 -1.36877100 0.00002500 0.00000200 0.03357100 0.04032700 0.59071800
21 -1.91873400 -1.31984500 0.85662700 2.02384700 0.10197800 0.98895100
22 -1.62789200 0.15474800 0.01182700 -0.20199600 -0.08390500 0.59871700
23 -1.59928500 0.00000400 0.00001600 0.02557400 -0.03449400 0.91320200
24 5.51181500 0.00000800 -0.00000100 2.08521199 0.00006234 3.14156143
25 0.68299400 0.03595600 0.57798300 2.79340799 -0.00009656 -3.14154768
26 -2.92786500 -14.59732400 1.96421200 1.97586200 1.15990900 1.84280300
27 6.21448500 0.00000600 0.00002000 -0.95059531 0.50876970 -1.41683610
28 11.94488500 -0.00002900 -0.00019400 -0.27535933 -0.35074783 -1.60905977
29 10.62016600 0.00000200 0.00001000 -1.01843460 -0.70466097 0.08599958
30 4.75115600 0.69437600 -0.83047300 -0.17093900 -0.06480100 1.29897400
31 1.68806500 -0.00002600 0.00000200 0.00336200 -0.02449300 1.30290100
32 1.33615100 -0.00005100 -0.00000900 0.00799700 -0.03789800 0.16278400
33 4.82051300 0.50934000 0.22486500 -0.24420100 0.05267900 1.58206000
34 1.82699600 0.00006600 0.00000800 -0.01686100 0.03682700 0.84488800
35 1.43657700 -0.00001000 0.00000700 0.00412400 -0.01459100 0.56514400
36 3.99235300 0.89108700 1.82799400 -0.37865700 0.12332300 1.31184400
37 1.40591800 0.00002100 -0.00000700 0.00198400 -0.02939200 0.80822100
38 1.17536900 -0.00013100 0.00000200 0.10534000 0.06405800 0.98153900
39 4.52675600 0.69046000 1.12084200 -0.32139500 0.15846600 1.65825200
40 1.74404100 -0.00003100 -0.00000200 -0.01341100 -0.02631800 0.88408200
41 1.36876300 -0.00003100 -0.00001700 0.09716800 0.12559600 0.47588800
42 1.87485500 0.93508100 -0.99913000 2.38907000 0.37915900 1.26206900
43 1.52344900 -0.00003400 -0.00000300 0.04999000 0.01215500 0.50137700
44 1.59928100 -0.00000200 0.00000900 0.07849600 -0.02838400 1.17207700
45 5.51180600 -0.00000200 0.00000600 0.05767400 0.00000000 0.00000000
46 0.19685000 0.00000300 -0.00000200 -0.34822500 0.00001500 -0.00000200
47 0.00000000 0.00000000 0.00000000 0.00000000 0.00000000 -1.57079600
48 -6.52967500 79.73875400 -3.19662000 0.00000000 0.00000000 -3.14156200
49 -8.39565042 95.52807860 -2.25165341 0.42647847 0.26546777 -0.37537397
50 6.00706600 1.08056200 -6.86607000 0.70991500 1.05114300 2.16381900
51 0.99931000 0.00655900 -4.12445600 0.00000000 0.00000000 0.00000000
52 -5.53212500 0.00656000 -2.60195000 0.00000000 0.00000000 0.00000000
53 -2.12495800 0.00655900 -3.63194000 0.00000000 0.00000000 0.00000000
54 22.48682800 0.00576400 0.04656100 0.00000000 0.00000000 0.00000000
55 -6.90297100 -2.43099300 -4.62374600 3.01602400 -0.23384000 -1.83328500
time 1
0 -0.00000100 7.45008900 -27.50902600 0.00000000 0.00000000 0.00003100
1 -0.00000200 0.00000000 0.00000000 1.57074300 -1.56713700 -1.57074300
2 4.25546800 -0.33518300 -0.00000200 0.00000000 0.00000000 -0.12484800
3 7.43124800 1.49647700 0.00000200 0.00000000 0.00000000 0.24545000
4 5.27847900 0.16554100 0.00000100 0.00000000 0.00000000 0.04851100
5 -4.01433000 -17.66731800 4.29097700 1.97586400 1.15990900 -1.29878600
6 -6.21448200 -0.00000700 -0.00002700 -2.98945069 -0.74915924 1.41844019
7 11.94488200 0.00000000 0.00000100 0.02094568 -0.31412727 2.02764244
8 10.62018100 0.00000200 0.00000000 1.35723615 0.02472220 2.95520151
9 -4.75110600 -0.69449400 0.83057700 -0.17739400 0.01599100 0.22108400
10 -1.68806800 0.00004600 -0.00003200 0.00457900 -0.02430400 1.25266100
11 -1.33614000 0.00005700 -0.00001200 0.02629800 -0.00107200 0.59212700
12 -4.82049400 -0.50946000 -0.22475900 -0.29384300 0.04878100 0.68958600
13 -1.82699200 -0.00006400 0.00000600 -0.00597100 0.04001900 1.12661300
14 -1.43657300 0.00000600 0.00000200 -0.06657600 -0.04031800 0.93461100
15 -3.99235500 -0.89118800 -1.82790900 -0.52215700 0.10628100 1.00838100
16 -1.40591800 -0.00002500 -0.00000300 -0.00793500 -0.02837500 1.14618500
17 -1.17535800 0.00012800 -0.00002000 0.06208200 0.02754600 1.05720900
18 -4.52675100 -0.69057500 -1.12074400 -0.41778200 0.08544600 1.18122300
19 -1.74403800 0.00003300 -0.00000800 -0.02502400 -0.01570900 1.42133100
20 -1.36877100 0.00002500 0.00000200 0.03357100 0.04032700 0.59071800
21 -1.91873400 -1.31984500 0.85662700 2.02384700 0.10197800 0.98895100
22 -1.62789200 0.15474800 0.01182700 -0.20199600 -0.08390500 0.59871700
23 -1.59928500 0.00000400 0.00001600 0.02557400 -0.03449400 0.91320200
24 5.51181500 0.00000800 -0.00000100 2.08521199 0.00006234 3.14156143
25 0.68299400 0.03595600 0.57798300 2.79340799 -0.00009656 -3.14154768
26 -2.92786500 -14.59732400 1.96421200 1.97586200 1.15990900 1.84280300
27 6.21448500 0.00000600 0.00002000 -0.95092062 0.50909855 -1.41658391
28 11.94488500 -0.00002900 -0.00019400 -0.27518773 -0.35056785 -1.60962286
29 10.62016600 0.00000200 0.00001000 -1.01800382 -0.70437980 0.08683362
30 4.75115600 0.69437600 -0.83047300 -0.17093900 -0.06480100 1.29897400
31 1.68806500 -0.00002600 0.00000200 0.00336200 -0.02449300 1.30290100
32 1.33615100 -0.00005100 -0.00000900 0.00799700 -0.03789800 0.16278400
33 4.82051300 0.50934000 0.22486500 -0.24420100 0.05267900 1.58206000
34 1.82699600 0.00006600 0.00000800 -0.01686100 0.03682700 0.84488800
35 1.43657700 -0.00001000 0.00000700 0.00412400 -0.01459100 0.56514400
36 3.99235300 0.89108700 1.82799400 -0.37865700 0.12332300 1.31184400
37 1.40591800 0.00002100 -0.00000700 0.00198400 -0.02939200 0.80822100
38 1.17536900 -0.00013100 0.00000200 0.10534000 0.06405800 0.98153900
39 4.52675600 0.69046000 1.12084200 -0.32139500 0.15846600 1.65825200
40 1.74404100 -0.00003100 -0.00000200 -0.01341100 -0.02631800 0.88408200
41 1.36876300 -0.00003100 -0.00001700 0.09716800 0.12559600 0.47588800
42 1.87485500 0.93508100 -0.99913000 2.38907000 0.37915900 1.26206900
43 1.52344900 -0.00003400 -0.00000300 0.04999000 0.01215500 0.50137700
44 1.59928100 -0.00000200 0.00000900 0.07849600 -0.02838400 1.17207700
45 5.51180600 -0.00000200 0.00000600 0.05767400 0.00000000 0.00000000
46 0.19685000 0.00000300 -0.00000200 -0.34822500 0.00001500 -0.00000200
47 0.00000000 0.00000000 0.00000000 0.00000000 0.00000000 -1.57079600
48 -6.52967500 79.73875400 -3.19662000 0.00000000 0.00000000 -3.14156200
49 -8.39666733 95.52807860 -2.25323660 0.42543147 0.26528331 -0.37540731
50 6.00706600 1.08056200 -6.86607000 0.70991500 1.05114300 2.16381900
51 0.99931000 0.00655900 -4.12445600 0.00000000 0.00000000 0.00000000
52 -5.53212500 0.00656000 -2.60195000 0.00000000 0.00000000 0.00000000
53 -2.12495800 0.00655900 -3.63194000 0.00000000 0.00000000 0.00000000
54 22.48682800 0.00576400 0.04656100 0.00000000 0.00000000 0.00000000
55 -6.90297100 -2.43099300 -4.62374600 3.01602400 -0.23384000 -1.83328500
time 2
0 -0.00000100 7.45008900 -27.50902600 0.00000000 0.00000000 0.00003100
1 -0.00000200 0.00000000 0.00000000 1.57074300 -1.56713700 -1.57074300
2 4.25546800 -0.33518300 -0.00000200 0.00000000 0.00000000 -0.12484800
3 7.43124800 1.49647700 0.00000200 0.00000000 0.00000000 0.24545000
4 5.27847900 0.16554100 0.00000100 0.00000000 0.00000000 0.04851100
5 -4.01433000 -17.66731800 4.29097700 1.97586400 1.15990900 -1.29878600
6 -6.21448200 -0.00000700 -0.00002700 -2.99057322 -0.74955025 1.41894212
7 11.94488200 0.00000000 0.00000100 0.02069665 -0.31401500 2.02822268
8 10.62018100 0.00000200 0.00000000 1.35658483 0.02564599 2.95445785
9 -4.75110600 -0.69449400 0.83057700 -0.17739400 0.01599100 0.22108400
10 -1.68806800 0.00004600 -0.00003200 0.00457900 -0.02430400 1.25266100
11 -1.33614000 0.00005700 -0.00001200 0.02629800 -0.00107200 0.59212700
12 -4.82049400 -0.50946000 -0.22475900 -0.29384300 0.04878100 0.68958600
13 -1.82699200 -0.00006400 0.00000600 -0.00597100 0.04001900 1.12661300
14 -1.43657300 0.00000600 0.00000200 -0.06657600 -0.04031800 0.93461100
15 -3.99235500 -0.89118800 -1.82790900 -0.52215700 0.10628100 1.00838100
16 -1.40591800 -0.00002500 -0.00000300 -0.00793500 -0.02837500 1.14618500
17 -1.17535800 0.00012800 -0.00002000 0.06208200 0.02754600 1.05720900
18 -4.52675100 -0.69057500 -1.12074400 -0.41778200 0.08544600 1.18122300
19 -1.74403800 0.00003300 -0.00000800 -0.02502400 -0.01570900 1.42133100
20 -1.36877100 0.00002500 0.00000200 0.03357100 0.04032700 0.59071800
21 -1.91873400 -1.31984500 0.85662700 2.02384700 0.10197800 0.98895100
22 -1.62789200 0.15474800 0.01182700 -0.20199600 -0.08390500 0.59871700
23 -1.59928500 0.00000400 0.00001600 0.02557400 -0.03449400 0.91320200
24 5.51181500 0.00000800 -0.00000100 2.08521199 0.00006234 3.14156143
25 0.68299400 0.03595600 0.57798300 2.79340799 -0.00009656 -3.14154768
26 -2.92786500 -14.59732400 1.96421200 1.97586200 1.15990900 1.84280300
27 6.21448500 0.00000600 0.00002000 -0.95093227 0.50990855 -1.41609755
28 11.94488500 -0.00002900 -0.00019400 -0.27490508 -0.35036032 -1.61046750
29 10.62016600 0.00000200 0.00001000 -1.01794475 -0.70432753 0.08794015
30 4.75115600 0.69437600 -0.83047300 -0.17093900 -0.06480100 1.29897400
31 1.68806500 -0.00002600 0.00000200 0.00336200 -0.02449300 1.30290100
32 1.33615100 -0.00005100 -0.00000900 0.00799700 -0.03789800 0.16278400
33 4.82051300 0.50934000 0.22486500 -0.24420100 0.05267900 1.58206000
34 1.82699600 0.00006600 0.00000800 -0.01686100 0.03682700 0.84488800
35 1.43657700 -0.00001000 0.00000700 0.00412400 -0.01459100 0.56514400
36 3.99235300 0.89108700 1.82799400 -0.37865700 0.12332300 1.31184400
37 1.40591800 0.00002100 -0.00000700 0.00198400 -0.02939200 0.80822100
38 1.17536900 -0.00013100 0.00000200 0.10534000 0.06405800 0.98153900
39 4.52675600 0.69046000 1.12084200 -0.32139500 0.15846600 1.65825200
40 1.74404100 -0.00003100 -0.00000200 -0.01341100 -0.02631800 0.88408200
41 1.36876300 -0.00003100 -0.00001700 0.09716800 0.12559600 0.47588800
42 1.87485500 0.93508100 -0.99913000 2.38907000 0.37915900 1.26206900
43 1.52344900 -0.00003400 -0.00000300 0.04999000 0.01215500 0.50137700
44 1.59928100 -0.00000200 0.00000900 0.07849600 -0.02838400 1.17207700
45 5.51180600 -0.00000200 0.00000600 0.05767400 0.00000000 0.00000000
46 0.19685000 0.00000300 -0.00000200 -0.34822500 0.00001500 -0.00000200
47 0.00000000 0.00000000 0.00000000 0.00000000 0.00000000 -1.57079600
48 -6.52967500 79.73875400 -3.19662000 0.00000000 0.00000000 -3.14156200
49 -8.39865123 95.52807860 -2.25887678 0.42425404 0.26472869 -0.37552339
50 6.00706600 1.08056200 -6.86607000 0.70991500 1.05114300 2.16381900
51 0.99931000 0.00655900 -4.12445600 0.00000000 0.00000000 0.00000000
52 -5.53212500 0.00656000 -2.60195000 0.00000000 0.00000000 0.00000000
53 -2.12495800 0.00655900 -3.63194000 0.00000000 0.00000000 0.00000000
54 22.48682800 0.00576400 0.04656100 0.00000000 0.00000000 0.00000000
55 -6.90297100 -2.43099300 -4.62374600 3.01602400 -0.23384000 -1.83328500
time 3
0 -0.00000100 7.45008900 -27.50902600 0.00000000 0.00000000 0.00003100
1 -0.00000200 0.00000000 0.00000000 1.57074300 -1.56713700 -1.57074300
2 4.25546800 -0.33518300 -0.00000200 0.00000000 0.00000000 -0.12484800
3 7.43124800 1.49647700 0.00000200 0.00000000 0.00000000 0.24545000
4 5.27847900 0.16554100 0.00000100 0.00000000 0.00000000 0.04851100
5 -4.01433000 -17.66731800 4.29097700 1.97586400 1.15990900 -1.29878600
6 -6.21448200 -0.00000700 -0.00002700 -2.99207929 -0.75000360 1.41980686
7 11.94488200 0.00000000 0.00000100 0.02049543 -0.31388829 2.02903685
8 10.62018100 0.00000200 0.00000000 1.35582829 0.02651770 2.95336541
9 -4.75110600 -0.69449400 0.83057700 -0.17739400 0.01599100 0.22108400
10 -1.68806800 0.00004600 -0.00003200 0.00457900 -0.02430400 1.25266100
11 -1.33614000 0.00005700 -0.00001200 0.02629800 -0.00107200 0.59212700
12 -4.82049400 -0.50946000 -0.22475900 -0.29384300 0.04878100 0.68958600
13 -1.82699200 -0.00006400 0.00000600 -0.00597100 0.04001900 1.12661300
14 -1.43657300 0.00000600 0.00000200 -0.06657600 -0.04031800 0.93461100
15 -3.99235500 -0.89118800 -1.82790900 -0.52215700 0.10628100 1.00838100
16 -1.40591800 -0.00002500 -0.00000300 -0.00793500 -0.02837500 1.14618500
17 -1.17535800 0.00012800 -0.00002000 0.06208200 0.02754600 1.05720900
18 -4.52675100 -0.69057500 -1.12074400 -0.41778200 0.08544600 1.18122300
19 -1.74403800 0.00003300 -0.00000800 -0.02502400 -0.01570900 1.42133100
20 -1.36877100 0.00002500 0.00000200 0.03357100 0.04032700 0.59071800
21 -1.91873400 -1.31984500 0.85662700 2.02384700 0.10197800 0.98895100
22 -1.62789200 0.15474800 0.01182700 -0.20199600 -0.08390500 0.59871700
23 -1.59928500 0.00000400 0.00001600 0.02557400 -0.03449400 0.91320200
24 5.51181500 0.00000800 -0.00000100 2.08521199 0.00006234 3.14156143
25 0.68299400 0.03595600 0.57798300 2.79340799 -0.00009656 -3.14154768
26 -2.92786500 -14.59732400 1.96421200 1.97586200 1.15990900 1.84280300
27 6.21448500 0.00000600 0.00002000 -0.95076301 0.51107618 -1.41530640
28 11.94488500 -0.00002900 -0.00019400 -0.27456487 -0.35011112 -1.61137524
29 10.62016600 0.00000200 0.00001000 -1.01821704 -0.70452814 0.08918079
30 4.75115600 0.69437600 -0.83047300 -0.17093900 -0.06480100 1.29897400
31 1.68806500 -0.00002600 0.00000200 0.00336200 -0.02449300 1.30290100
32 1.33615100 -0.00005100 -0.00000900 0.00799700 -0.03789800 0.16278400
33 4.82051300 0.50934000 0.22486500 -0.24420100 0.05267900 1.58206000
34 1.82699600 0.00006600 0.00000800 -0.01686100 0.03682700 0.84488800
35 1.43657700 -0.00001000 0.00000700 0.00412400 -0.01459100 0.56514400
36 3.99235300 0.89108700 1.82799400 -0.37865700 0.12332300 1.31184400
37 1.40591800 0.00002100 -0.00000700 0.00198400 -0.02939200 0.80822100
38 1.17536900 -0.00013100 0.00000200 0.10534000 0.06405800 0.98153900
39 4.52675600 0.69046000 1.12084200 -0.32139500 0.15846600 1.65825200
40 1.74404100 -0.00003100 -0.00000200 -0.01341100 -0.02631800 0.88408200
41 1.36876300 -0.00003100 -0.00001700 0.09716800 0.12559600 0.47588800
42 1.87485500 0.93508100 -0.99913000 2.38907000 0.37915900 1.26206900
43 1.52344900 -0.00003400 -0.00000300 0.04999000 0.01215500 0.50137700
44 1.59928100 -0.00000200 0.00000900 0.07849600 -0.02838400 1.17207700
45 5.51180600 -0.00000200 0.00000600 0.05767400 0.00000000 0.00000000
46 0.19685000 0.00000300 -0.00000200 -0.34822500 0.00001500 -0.00000200
47 0.00000000 0.00000000 0.00000000 0.00000000 0.00000000 -1.57079600
48 -6.52967500 79.73875400 -3.19662000 0.00000000 0.00000000 -3.14156200
49 -8.40200583 95.52807860 -2.26785456 0.42307369 0.26389245 -0.37569576
50 6.00706600 1.08056200 -6.86607000 0.70991500 1.05114300 2.16381900
51 0.99931000 0.00655900 -4.12445600 0.00000000 0.00000000 0.00000000
52 -5.53212500 0.00656000 -2.60195000 0.00000000 0.00000000 0.00000000
53 -2.12495800 0.00655900 -3.63194000 0.00000000 0.00000000 0.00000000
54 22.48682800 0.00576400 0.04656100 0.00000000 0.00000000 0.00000000
55 -6.90297100 -2.43099300 -4.62374600 3.01602400 -0.23384000 -1.83328500
time 4
0 -0.00000100 7.45008900 -27.50902600 0.00000000 0.00000000 0.00003100
1 -0.00000200 0.00000000 0.00000000 1.57074300 -1.56713700 -1.57074300
2 4.25546800 -0.33518300 -0.00000200 0.00000000 0.00000000 -0.12484800
3 7.43124800 1.49647700 0.00000200 0.00000000 0.00000000 0.24545000
4 5.27847900 0.16554100 0.00000100 0.00000000 0.00000000 0.04851100
5 -4.01433000 -17.66731800 4.29097700 1.97586400 1.15990900 -1.29878600
6 -6.21448200 -0.00000700 -0.00002700 -2.99364680 -0.75036039 1.42069914
7 11.94488200 0.00000000 0.00000100 0.02022569 -0.31369450 2.02989470
8 10.62018100 0.00000200 0.00000000 1.35545897 0.02707664 2.95223594
9 -4.75110600 -0.69449400 0.83057700 -0.17739400 0.01599100 0.22108400
10 -1.68806800 0.00004600 -0.00003200 0.00457900 -0.02430400 1.25266100
11 -1.33614000 0.00005700 -0.00001200 0.02629800 -0.00107200 0.59212700
12 -4.82049400 -0.50946000 -0.22475900 -0.29384300 0.04878100 0.68958600
13 -1.82699200 -0.00006400 0.00000600 -0.00597100 0.04001900 1.12661300
14 -1.43657300 0.00000600 0.00000200 -0.06657600 -0.04031800 0.93461100
15 -3.99235500 -0.89118800 -1.82790900 -0.52215700 0.10628100 1.00838100
16 -1.40591800 -0.00002500 -0.00000300 -0.00793500 -0.02837500 1.14618500
17 -1.17535800 0.00012800 -0.00002000 0.06208200 0.02754600 1.05720900
18 -4.52675100 -0.69057500 -1.12074400 -0.41778200 0.08544600 1.18122300
19 -1.74403800 0.00003300 -0.00000800 -0.02502400 -0.01570900 1.42133100
20 -1.36877100 0.00002500 0.00000200 0.03357100 0.04032700 0.59071800
21 -1.91873400 -1.31984500 0.85662700 2.02384700 0.10197800 0.98895100
22 -1.62789200 0.15474800 0.01182700 -0.20199600 -0.08390500 0.59871700
23 -1.59928500 0.00000400 0.00001600 0.02557400 -0.03449400 0.91320200
24 5.51181500 0.00000800 -0.00000100 2.08521199 0.00006234 3.14156143
25 0.68299400 0.03595600 0.57798300 2.79340799 -0.00009656 -3.14154768
26 -2.92786500 -14.59732400 1.96421200 1.97586200 1.15990900 1.84280300
27 6.21448500 0.00000600 0.00002000 -0.95032815 0.51253205 -1.41442946
28 11.94488500 -0.00002900 -0.00019400 -0.27420694 -0.34996504 -1.61227059
29 10.62016600 0.00000200 0.00001000 -1.01906358 -0.70493993 0.09018448
30 4.75115600 0.69437600 -0.83047300 -0.17093900 -0.06480100 1.29897400
31 1.68806500 -0.00002600 0.00000200 0.00336200 -0.02449300 1.30290100
32 1.33615100 -0.00005100 -0.00000900 0.00799700 -0.03789800 0.16278400
33 4.82051300 0.50934000 0.22486500 -0.24420100 0.05267900 1.58206000
34 1.82699600 0.00006600 0.00000800 -0.01686100 0.03682700 0.84488800
35 1.43657700 -0.00001000 0.00000700 0.00412400 -0.01459100 0.56514400
36 3.99235300 0.89108700 1.82799400 -0.37865700 0.12332300 1.31184400
37 1.40591800 0.00002100 -0.00000700 0.00198400 -0.02939200 0.80822100
38 1.17536900 -0.00013100 0.00000200 0.10534000 0.06405800 0.98153900
39 4.52675600 0.69046000 1.12084200 -0.32139500 0.15846600 1.65825200
40 1.74404100 -0.00003100 -0.00000200 -0.01341100 -0.02631800 0.88408200
41 1.36876300 -0.00003100 -0.00001700 0.09716800 0.12559600 0.47588800
42 1.87485500 0.93508100 -0.99913000 2.38907000 0.37915900 1.26206900
43 1.52344900 -0.00003400 -0.00000300 0.04999000 0.01215500 0.50137700
44 1.59928100 -0.00000200 0.00000900 0.07849600 -0.02838400 1.17207700
45 5.51180600 -0.00000200 0.00000600 0.05767400 0.00000000 0.00000000
46 0.19685000 0.00000300 -0.00000200 -0.34822500 0.00001500 -0.00000200
47 0.00000000 0.00000000 0.00000000 0.00000000 0.00000000 -1.57079600
48 -6.52967500 79.73875400 -3.19662000 0.00000000 0.00000000 -3.14156200
49 -8.40745427 95.52807860 -2.27916358 0.42212519 0.26271554 -0.37600927
50 6.00706600 1.08056200 -6.86607000 0.70991500 1.05114300 2.16381900
51 0.99931000 0.00655900 -4.12445600 0.00000000 0.00000000 0.00000000
52 -5.53212500 0.00656000 -2.60195000 0.00000000 0.00000000 0.00000000
53 -2.12495800 0.00655900 -3.63194000 0.00000000 0.00000000 0.00000000
54 22.48682800 0.00576400 0.04656100 0.00000000 0.00000000 0.00000000
55 -6.90297100 -2.43099300 -4.62374600 3.01602400 -0.23384000 -1.83328500
time 5
0 -0.00000100 7.45008900 -27.50902600 0.00000000 0.00000000 0.00003100
1 -0.00000200 0.00000000 0.00000000 1.57074300 -1.56713700 -1.57074300
2 4.25546800 -0.33518300 -0.00000200 0.00000000 0.00000000 -0.12484800
3 7.43124800 1.49647700 0.00000200 0.00000000 0.00000000 0.24545000
4 5.27847900 0.16554100 0.00000100 0.00000000 0.00000000 0.04851100
5 -4.01433000 -17.66731800 4.29097700 1.97586400 1.15990900 -1.29878600
6 -6.21448200 -0.00000700 -0.00002700 -2.99550332 -0.75080823 1.42184056
7 11.94488200 0.00000000 0.00000100 0.01989536 -0.31362378 2.03095525
8 10.62018100 0.00000200 0.00000000 1.35498688 0.02777529 2.95077962
9 -4.75110600 -0.69449400 0.83057700 -0.17739400 0.01599100 0.22108400
10 -1.68806800 0.00004600 -0.00003200 0.00457900 -0.02430400 1.25266100
11 -1.33614000 0.00005700 -0.00001200 0.02629800 -0.00107200 0.59212700
12 -4.82049400 -0.50946000 -0.22475900 -0.29384300 0.04878100 0.68958600
13 -1.82699200 -0.00006400 0.00000600 -0.00597100 0.04001900 1.12661300
14 -1.43657300 0.00000600 0.00000200 -0.06657600 -0.04031800 0.93461100
15 -3.99235500 -0.89118800 -1.82790900 -0.52215700 0.10628100 1.00838100
16 -1.40591800 -0.00002500 -0.00000300 -0.00793500 -0.02837500 1.14618500
17 -1.17535800 0.00012800 -0.00002000 0.06208200 0.02754600 1.05720900
18 -4.52675100 -0.69057500 -1.12074400 -0.41778200 0.08544600 1.18122300
19 -1.74403800 0.00003300 -0.00000800 -0.02502400 -0.01570900 1.42133100
20 -1.36877100 0.00002500 0.00000200 0.03357100 0.04032700 0.59071800
21 -1.91873400 -1.31984500 0.85662700 2.02384700 0.10197800 0.98895100
22 -1.62789200 0.15474800 0.01182700 -0.20199600 -0.08390500 0.59871700
23 -1.59928500 0.00000400 0.00001600 0.02557400 -0.03449400 0.91320200
24 5.51181500 0.00000800 -0.00000100 2.08521199 0.00006234 3.14156143
25 0.68299400 0.03595600 0.57798300 2.79340799 -0.00009656 -3.14154768
26 -2.92786500 -14.59732400 1.96421200 1.97586200 1.15990900 1.84280300
27 6.21448500 0.00000600 0.00002000 -0.94979362 0.51444239 -1.41331678
28 11.94488500 -0.00002900 -0.00019400 -0.27387021 -0.34979098 -1.61340659
29 10.62016600 0.00000200 0.00001000 -1.01999978 -0.70550886 0.09131345
30 4.75115600 0.69437600 -0.83047300 -0.17093900 -0.06480100 1.29897400
31 1.68806500 -0.00002600 0.00000200 0.00336200 -0.02449300 1.30290100
32 1.33615100 -0.00005100 -0.00000900 0.00799700 -0.03789800 0.16278400
33 4.82051300 0.50934000 0.22486500 -0.24420100 0.05267900 1.58206000
34 1.82699600 0.00006600 0.00000800 -0.01686100 0.03682700 0.84488800
35 1.43657700 -0.00001000 0.00000700 0.00412400 -0.01459100 0.56514400
36 3.99235300 0.89108700 1.82799400 -0.37865700 0.12332300 1.31184400
37 1.40591800 0.00002100 -0.00000700 0.00198400 -0.02939200 0.80822100
38 1.17536900 -0.00013100 0.00000200 0.10534000 0.06405800 0.98153900
39 4.52675600 0.69046000 1.12084200 -0.32139500 0.15846600 1.65825200
40 1.74404100 -0.00003100 -0.00000200 -0.01341100 -0.02631800 0.88408200
41 1.36876300 -0.00003100 -0.00001700 0.09716800 0.12559600 0.47588800
42 1.87485500 0.93508100 -0.99913000 2.38907000 0.37915900 1.26206900
43 1.52344900 -0.00003400 -0.00000300 0.04999000 0.01215500 0.50137700
44 1.59928100 -0.00000200 0.00000900 0.07849600 -0.02838400 1.17207700
45 5.51180600 -0.00000200 0.00000600 0.05767400 0.00000000 0.00000000
46 0.19685000 0.00000300 -0.00000200 -0.34822500 0.00001500 -0.00000200
47 0.00000000 0.00000000 0.00000000 0.00000000 0.00000000 -1.57079600
48 -6.52967500 79.73875400 -3.19662000 0.00000000 0.00000000 -3.14156200
49 -8.41366372 95.52807860 -2.29366060 0.42113695 0.26125165 -0.37628970
50 6.00706600 1.08056200 -6.86607000 0.70991500 1.05114300 2.16381900
51 0.99931000 0.00655900 -4.12445600 0.00000000 0.00000000 0.00000000
52 -5.53212500 0.00656000 -2.60195000 0.00000000 0.00000000 0.00000000
53 -2.12495800 0.00655900 -3.63194000 0.00000000 0.00000000 0.00000000
54 22.48682800 0.00576400 0.04656100 0.00000000 0.00000000 0.00000000
55 -6.90297100 -2.43099300 -4.62374600 3.01602400 -0.23384000 -1.83328500
time 6
0 -0.00000100 7.45008900 -27.50902600 0.00000000 0.00000000 0.00003100
1 -0.00000200 0.00000000 0.00000000 1.57074300 -1.56713700 -1.57074300
2 4.25546800 -0.33518300 -0.00000200 0.00000000 0.00000000 -0.12484800
3 7.43124800 1.49647700 0.00000200 0.00000000 0.00000000 0.24545000
4 5.27847900 0.16554100 0.00000100 0.00000000 0.00000000 0.04851100
5 -4.01433000 -17.66731800 4.29097700 1.97586400 1.15990900 -1.29878600
6 -6.21448200 -0.00000700 -0.00002700 -2.99755694 -0.75135003 1.42322233
7 11.94488200 0.00000000 0.00000100 0.01952478 -0.31353539 2.03210794
8 10.62018100 0.00000200 0.00000000 1.35475499 0.02818658 2.94935347
9 -4.75110600 -0.69449400 0.83057700 -0.17739400 0.01599100 0.22108400
10 -1.68806800 0.00004600 -0.00003200 0.00457900 -0.02430400 1.25266100
11 -1.33614000 0.00005700 -0.00001200 0.02629800 -0.00107200 0.59212700
12 -4.82049400 -0.50946000 -0.22475900 -0.29384300 0.04878100 0.68958600
13 -1.82699200 -0.00006400 0.00000600 -0.00597100 0.04001900 1.12661300
14 -1.43657300 0.00000600 0.00000200 -0.06657600 -0.04031800 0.93461100
15 -3.99235500 -0.89118800 -1.82790900 -0.52215700 0.10628100 1.00838100
16 -1.40591800 -0.00002500 -0.00000300 -0.00793500 -0.02837500 1.14618500
17 -1.17535800 0.00012800 -0.00002000 0.06208200 0.02754600 1.05720900
18 -4.52675100 -0.69057500 -1.12074400 -0.41778200 0.08544600 1.18122300
19 -1.74403800 0.00003300 -0.00000800 -0.02502400 -0.01570900 1.42133100
20 -1.36877100 0.00002500 0.00000200 0.03357100 0.04032700 0.59071800
21 -1.91873400 -1.31984500 0.85662700 2.02384700 0.10197800 0.98895100
22 -1.62789200 0.15474800 0.01182700 -0.20199600 -0.08390500 0.59871700
23 -1.59928500 0.00000400 0.00001600 0.02557400 -0.03449400 0.91320200
24 5.51181500 0.00000800 -0.00000100 2.08521199 0.00006234 3.14156143
25 0.68299400 0.03595600 0.57798300 2.79340799 -0.00009656 -3.14154768
26 -2.92786500 -14.59732400 1.96421200 1.97586200 1.15990900 1.84280300
27 6.21448500 0.00000600 0.00002000 -0.94894125 0.51652447 -1.41212502
28 11.94488500 -0.00002900 -0.00019400 -0.27352136 -0.34961058 -1.61441661
29 10.62016600 0.00000200 0.00001000 -1.02161059 -0.70640484 0.09248594
30 4.75115600 0.69437600 -0.83047300 -0.17093900 -0.06480100 1.29897400
31 1.68806500 -0.00002600 0.00000200 0.00336200 -0.02449300 1.30290100
32 1.33615100 -0.00005100 -0.00000900 0.00799700 -0.03789800 0.16278400
33 4.82051300 0.50934000 0.22486500 -0.24420100 0.05267900 1.58206000
34 1.82699600 0.00006600 0.00000800 -0.01686100 0.03682700 0.84488800
35 1.43657700 -0.00001000 0.00000700 0.00412400 -0.01459100 0.56514400
36 3.99235300 0.89108700 1.82799400 -0.37865700 0.12332300 1.31184400
37 1.40591800 0.00002100 -0.00000700 0.00198400 -0.02939200 0.80822100
38 1.17536900 -0.00013100 0.00000200 0.10534000 0.06405800 0.98153900
39 4.52675600 0.69046000 1.12084200 -0.32139500 0.15846600 1.65825200
40 1.74404100 -0.00003100 -0.00000200 -0.01341100 -0.02631800 0.88408200
41 1.36876300 -0.00003100 -0.00001700 0.09716800 0.12559600 0.47588800
42 1.87485500 0.93508100 -0.99913000 2.38907000 0.37915900 1.26206900
43 1.52344900 -0.00003400 -0.00000300 0.04999000 0.01215500 0.50137700
44 1.59928100 -0.00000200 0.00000900 0.07849600 -0.02838400 1.17207700
45 5.51180600 -0.00000200 0.00000600 0.05767400 0.00000000 0.00000000
46 0.19685000 0.00000300 -0.00000200 -0.34822500 0.00001500 -0.00000200
47 0.00000000 0.00000000 0.00000000 0.00000000 0.00000000 -1.57079600
48 -6.52967500 79.73875400 -3.19662000 0.00000000 0.00000000 -3.14156200
49 -8.42086831 95.52807860 -2.31101387 0.42042102 0.25955024 -0.37668866
50 6.00706600 1.08056200 -6.86607000 0.70991500 1.05114300 2.16381900
51 0.99931000 0.00655900 -4.12445600 0.00000000 0.00000000 0.00000000
52 -5.53212500 0.00656000 -2.60195000 0.00000000 0.00000000 0.00000000
53 -2.12495800 0.00655900 -3.63194000 0.00000000 0.00000000 0.00000000
54 22.48682800 0.00576400 0.04656100 0.00000000 0.00000000 0.00000000
55 -6.90297100 -2.43099300 -4.62374600 3.01602400 -0.23384000 -1.83328500
time 7
0 -0.00000100 7.45008900 -27.50902600 0.00000000 0.00000000 0.00003100
1 -0.00000200 0.00000000 0.00000000 1.57074300 -1.56713700 -1.57074300
2 4.25546800 -0.33518300 -0.00000200 0.00000000 0.00000000 -0.12484800
3 7.43124800 1.49647700 0.00000200 0.00000000 0.00000000 0.24545000
4 5.27847900 0.16554100 0.00000100 0.00000000 0.00000000 0.04851100
5 -4.01433000 -17.66731800 4.29097700 1.97586400 1.15990900 -1.29878600
6 -6.21448200 -0.00000700 -0.00002700 -2.99983517 -0.75186419 1.42481857
7 11.94488200 0.00000000 0.00000100 0.01912257 -0.31342078 2.03327245
8 10.62018100 0.00000200 0.00000000 1.35472671 0.02840812 2.94786227
9 -4.75110600 -0.69449400 0.83057700 -0.17739400 0.01599100 0.22108400
10 -1.68806800 0.00004600 -0.00003200 0.00457900 -0.02430400 1.25266100
11 -1.33614000 0.00005700 -0.00001200 0.02629800 -0.00107200 0.59212700
12 -4.82049400 -0.50946000 -0.22475900 -0.29384300 0.04878100 0.68958600
13 -1.82699200 -0.00006400 0.00000600 -0.00597100 0.04001900 1.12661300
14 -1.43657300 0.00000600 0.00000200 -0.06657600 -0.04031800 0.93461100
15 -3.99235500 -0.89118800 -1.82790900 -0.52215700 0.10628100 1.00838100
16 -1.40591800 -0.00002500 -0.00000300 -0.00793500 -0.02837500 1.14618500
17 -1.17535800 0.00012800 -0.00002000 0.06208200 0.02754600 1.05720900
18 -4.52675100 -0.69057500 -1.12074400 -0.41778200 0.08544600 1.18122300
19 -1.74403800 0.00003300 -0.00000800 -0.02502400 -0.01570900 1.42133100
20 -1.36877100 0.00002500 0.00000200 0.03357100 0.04032700 0.59071800
21 -1.91873400 -1.31984500 0.85662700 2.02384700 0.10197800 0.98895100
22 -1.62789200 0.15474800 0.01182700 -0.20199600 -0.08390500 0.59871700
23 -1.59928500 0.00000400 0.00001600 0.02557400 -0.03449400 0.91320200
24 5.51181500 0.00000800 -0.00000100 2.08521199 0.00006234 3.14156143
25 0.68299400 0.03595600 0.57798300 2.79340799 -0.00009656 -3.14154768
26 -2.92786500 -14.59732400 1.96421200 1.97586200 1.15990900 1.84280300
27 6.21448500 0.00000600 0.00002000 -0.94783914 0.51892700 -1.41073711
28 11.94488500 -0.00002900 -0.00019400 -0.27317701 -0.34950648 -1.61553172
29 10.62016600 0.00000200 0.00001000 -1.02339130 -0.70751058 0.09340613
30 4.75115600 0.69437600 -0.83047300 -0.17093900 -0.06480100 1.29897400
31 1.68806500 -0.00002600 0.00000200 0.00336200 -0.02449300 1.30290100
32 1.33615100 -0.00005100 -0.00000900 0.00799700 -0.03789800 0.16278400
33 4.82051300 0.50934000 0.22486500 -0.24420100 0.05267900 1.58206000
34 1.82699600 0.00006600 0.00000800 -0.01686100 0.03682700 0.84488800
35 1.43657700 -0.00001000 0.00000700 0.00412400 -0.01459100 0.56514400
36 3.99235300 0.89108700 1.82799400 -0.37865700 0.12332300 1.31184400
37 1.40591800 0.00002100 -0.00000700 0.00198400 -0.02939200 0.80822100
38 1.17536900 -0.00013100 0.00000200 0.10534000 0.06405800 0.98153900
39 4.52675600 0.69046000 1.12084200 -0.32139500 0.15846600 1.65825200
40 1.74404100 -0.00003100 -0.00000200 -0.01341100 -0.02631800 0.88408200
41 1.36876300 -0.00003100 -0.00001700 0.09716800 0.12559600 0.47588800
42 1.87485500 0.93508100 -0.99913000 2.38907000 0.37915900 1.26206900
43 1.52344900 -0.00003400 -0.00000300 0.04999000 0.01215500 0.50137700
44 1.59928100 -0.00000200 0.00000900 0.07849600 -0.02838400 1.17207700
45 5.51180600 -0.00000200 0.00000600 0.05767400 0.00000000 0.00000000
46 0.19685000 0.00000300 -0.00000200 -0.34822500 0.00001500 -0.00000200
47 0.00000000 0.00000000 0.00000000 0.00000000 0.00000000 -1.57079600
48 -6.52967500 79.73875400 -3.19662000 0.00000000 0.00000000 -3.14156200
49 -8.42895086 95.52807860 -2.33093950 0.41985625 0.25755519 -0.37704539
50 6.00706600 1.08056200 -6.86607000 0.70991500 1.05114300 2.16381900
51 0.99931000 0.00655900 -4.12445600 0.00000000 0.00000000 0.00000000
52 -5.53212500 0.00656000 -2.60195000 0.00000000 0.00000000 0.00000000
53 -2.12495800 0.00655900 -3.63194000 0.00000000 0.00000000 0.00000000
54 22.48682800 0.00576400 0.04656100 0.00000000 0.00000000 0.00000000
55 -6.90297100 -2.43099300 -4.62374600 3.01602400 -0.23384000 -1.83328500
time 8
0 -0.00000100 7.45008900 -27.50902600 0.00000000 0.00000000 0.00003100
1 -0.00000200 0.00000000 0.00000000 1.57074300 -1.56713700 -1.57074300
2 4.25546800 -0.33518300 -0.00000200 0.00000000 0.00000000 -0.12484800
3 7.43124800 1.49647700 0.00000200 0.00000000 0.00000000 0.24545000
4 5.27847900 0.16554100 0.00000100 0.00000000 0.00000000 0.04851100
5 -4.01433000 -17.66731800 4.29097700 1.97586400 1.15990900 -1.29878600
6 -6.21448200 -0.00000700 -0.00002700 -3.00227089 -0.75251805 1.42651089
7 11.94488200 0.00000000 0.00000100 0.01878053 -0.31326029 2.03453384
8 10.62018100 0.00000200 0.00000000 1.35459682 0.02866087 2.94618177
9 -4.75110600 -0.69449400 0.83057700 -0.17739400 0.01599100 0.22108400
10 -1.68806800 0.00004600 -0.00003200 0.00457900 -0.02430400 1.25266100
11 -1.33614000 0.00005700 -0.00001200 0.02629800 -0.00107200 0.59212700
12 -4.82049400 -0.50946000 -0.22475900 -0.29384300 0.04878100 0.68958600
13 -1.82699200 -0.00006400 0.00000600 -0.00597100 0.04001900 1.12661300
14 -1.43657300 0.00000600 0.00000200 -0.06657600 -0.04031800 0.93461100
15 -3.99235500 -0.89118800 -1.82790900 -0.52215700 0.10628100 1.00838100
16 -1.40591800 -0.00002500 -0.00000300 -0.00793500 -0.02837500 1.14618500
17 -1.17535800 0.00012800 -0.00002000 0.06208200 0.02754600 1.05720900
18 -4.52675100 -0.69057500 -1.12074400 -0.41778200 0.08544600 1.18122300
19 -1.74403800 0.00003300 -0.00000800 -0.02502400 -0.01570900 1.42133100
20 -1.36877100 0.00002500 0.00000200 0.03357100 0.04032700 0.59071800
21 -1.91873400 -1.31984500 0.85662700 2.02384700 0.10197800 0.98895100
22 -1.62789200 0.15474800 0.01182700 -0.20199600 -0.08390500 0.59871700
23 -1.59928500 0.00000400 0.00001600 0.02557400 -0.03449400 0.91320200
24 5.51181500 0.00000800 -0.00000100 2.08521199 0.00006234 3.14156143
25 0.68299400 0.03595600 0.57798300 2.79340799 -0.00009656 -3.14154768
26 -2.92786500 -14.59732400 1.96421200 1.97586200 1.15990900 1.84280300
27 6.21448500 0.00000600 0.00002000 -0.94648579 0.52159761 -1.40913395
28 11.94488500 -0.00002900 -0.00019400 -0.27267919 -0.34941995 -1.61680778
29 10.62016600 0.00000200 0.00001000 -1.02546491 -0.70868320 0.09448312
30 4.75115600 0.69437600 -0.83047300 -0.17093900 -0.06480100 1.29897400
31 1.68806500 -0.00002600 0.00000200 0.00336200 -0.02449300 1.30290100
32 1.33615100 -0.00005100 -0.00000900 0.00799700 -0.03789800 0.16278400
33 4.82051300 0.50934000 0.22486500 -0.24420100 0.05267900 1.58206000
34 1.82699600 0.00006600 0.00000800 -0.01686100 0.03682700 0.84488800
35 1.43657700 -0.00001000 0.00000700 0.00412400 -0.01459100 0.56514400
36 3.99235300 0.89108700 1.82799400 -0.37865700 0.12332300 1.31184400
37 1.40591800 0.00002100 -0.00000700 0.00198400 -0.02939200 0.80822100
38 1.17536900 -0.00013100 0.00000200 0.10534000 0.06405800 0.98153900
39 4.52675600 0.69046000 1.12084200 -0.32139500 0.15846600 1.65825200
40 1.74404100 -0.00003100 -0.00000200 -0.01341100 -0.02631800 0.88408200
41 1.36876300 -0.00003100 -0.00001700 0.09716800 0.12559600 0.47588800
42 1.87485500 0.93508100 -0.99913000 2.38907000 0.37915900 1.26206900
43 1.52344900 -0.00003400 -0.00000300 0.04999000 0.01215500 0.50137700
44 1.59928100 -0.00000200 0.00000900 0.07849600 -0.02838400 1.17207700
45 5.51180600 -0.00000200 0.00000600 0.05767400 0.00000000 0.00000000
46 0.19685000 0.00000300 -0.00000200 -0.34822500 0.00001500 -0.00000200
47 0.00000000 0.00000000 0.00000000 0.00000000 0.00000000 -1.57079600
48 -6.52967500 79.73875400 -3.19662000 0.00000000 0.00000000 -3.14156200
49 -8.43758541 95.52807860 -2.35318414 0.41920516 0.25547818 -0.37751421
50 6.00706600 1.08056200 -6.86607000 0.70991500 1.05114300 2.16381900
51 0.99931000 0.00655900 -4.12445600 0.00000000 0.00000000 0.00000000
52 -5.53212500 0.00656000 -2.60195000 0.00000000 0.00000000 0.00000000
53 -2.12495800 0.00655900 -3.63194000 0.00000000 0.00000000 0.00000000
54 22.48682800 0.00576400 0.04656100 0.00000000 0.00000000 0.00000000
55 -6.90297100 -2.43099300 -4.62374600 3.01602400 -0.23384000 -1.83328500
time 9
0 -0.00000100 7.45008900 -27.50902600 0.00000000 0.00000000 0.00003100
1 -0.00000200 0.00000000 0.00000000 1.57074300 -1.56713700 -1.57074300
2 4.25546800 -0.33518300 -0.00000200 0.00000000 0.00000000 -0.12484800
3 7.43124800 1.49647700 0.00000200 0.00000000 0.00000000 0.24545000
4 5.27847900 0.16554100 0.00000100 0.00000000 0.00000000 0.04851100
5 -4.01433000 -17.66731800 4.29097700 1.97586400 1.15990900 -1.29878600
6 -6.21448200 -0.00000700 -0.00002700 -3.00502968 -0.75312506 1.42857425
7 11.94488200 0.00000000 0.00000100 0.01835166 -0.31317943 2.03593925
8 10.62018100 0.00000200 0.00000000 1.35460822 0.02878542 2.94449687
9 -4.75110600 -0.69449400 0.83057700 -0.17739400 0.01599100 0.22108400
10 -1.68806800 0.00004600 -0.00003200 0.00457900 -0.02430400 1.25266100
11 -1.33614000 0.00005700 -0.00001200 0.02629800 -0.00107200 0.59212700
12 -4.82049400 -0.50946000 -0.22475900 -0.29384300 0.04878100 0.68958600
13 -1.82699200 -0.00006400 0.00000600 -0.00597100 0.04001900 1.12661300
14 -1.43657300 0.00000600 0.00000200 -0.06657600 -0.04031800 0.93461100
15 -3.99235500 -0.89118800 -1.82790900 -0.52215700 0.10628100 1.00838100
16 -1.40591800 -0.00002500 -0.00000300 -0.00793500 -0.02837500 1.14618500
17 -1.17535800 0.00012800 -0.00002000 0.06208200 0.02754600 1.05720900
18 -4.52675100 -0.69057500 -1.12074400 -0.41778200 0.08544600 1.18122300
19 -1.74403800 0.00003300 -0.00000800 -0.02502400 -0.01570900 1.42133100
20 -1.36877100 0.00002500 0.00000200 0.03357100 0.04032700 0.59071800
21 -1.91873400 -1.31984500 0.85662700 2.02384700 0.10197800 0.98895100
22 -1.62789200 0.15474800 0.01182700 -0.20199600 -0.08390500 0.59871700
23 -1.59928500 0.00000400 0.00001600 0.02557400 -0.03449400 0.91320200
24 5.51181500 0.00000800 -0.00000100 2.08521199 0.00006234 3.14156143
25 0.68299400 0.03595600 0.57798300 2.79340799 -0.00009656 -3.14154768
26 -2.92786500 -14.59732400 1.96421200 1.97586200 1.15990900 1.84280300
27 6.21448500 0.00000600 0.00002000 -0.94497755 0.52453802 -1.40741895
28 11.94488500 -0.00002900 -0.00019400 -0.27226651 -0.34932879 -1.61801451
29 10.62016600 0.00000200 0.00001000 -1.02780598 -0.71008971 0.09547839
30 4.75115600 0.69437600 -0.83047300 -0.17093900 -0.06480100 1.29897400
31 1.68806500 -0.00002600 0.00000200 0.00336200 -0.02449300 1.30290100
32 1.33615100 -0.00005100 -0.00000900 0.00799700 -0.03789800 0.16278400
33 4.82051300 0.50934000 0.22486500 -0.24420100 0.05267900 1.58206000
34 1.82699600 0.00006600 0.00000800 -0.01686100 0.03682700 0.84488800
35 1.43657700 -0.00001000 0.00000700 0.00412400 -0.01459100 0.56514400
36 3.99235300 0.89108700 1.82799400 -0.37865700 0.12332300 1.31184400
37 1.40591800 0.00002100 -0.00000700 0.00198400 -0.02939200 0.80822100
38 1.17536900 -0.00013100 0.00000200 0.10534000 0.06405800 0.98153900
39 4.52675600 0.69046000 1.12084200 -0.32139500 0.15846600 1.65825200
40 1.74404100 -0.00003100 -0.00000200 -0.01341100 -0.02631800 0.88408200
41 1.36876300 -0.00003100 -0.00001700 0.09716800 0.12559600 0.47588800
42 1.87485500 0.93508100 -0.99913000 2.38907000 0.37915900 1.26206900
43 1.52344900 -0.00003400 -0.00000300 0.04999000 0.01215500 0.50137700
44 1.59928100 -0.00000200 0.00000900 0.07849600 -0.02838400 1.17207700
45 5.51180600 -0.00000200 0.00000600 0.05767400 0.00000000 0.00000000
46 0.19685000 0.00000300 -0.00000200 -0.34822500 0.00001500 -0.00000200
47 0.00000000 0.00000000 0.00000000 0.00000000 0.00000000 -1.57079600
48 -6.52967500 79.73875400 -3.19662000 0.00000000 0.00000000 -3.14156200
49 -8.44695337 95.52807860 -2.37799594 0.41868171 0.25312120 -0.37793429
50 6.00706600 1.08056200 -6.86607000 0.70991500 1.05114300 2.16381900
51 0.99931000 0.00655900 -4.12445600 0.00000000 0.00000000 0.00000000
52 -5.53212500 0.00656000 -2.60195000 0.00000000 0.00000000 0.00000000
53 -2.12495800 0.00655900 -3.63194000 0.00000000 0.00000000 0.00000000
54 22.48682800 0.00576400 0.04656100 0.00000000 0.00000000 0.00000000
55 -6.90297100 -2.43099300 -4.62374600 3.01602400 -0.23384000 -1.83328500
time 10
0 -0.00000100 7.45008900 -27.50902600 0.00000000 0.00000000 0.00003100
1 -0.00000200 0.00000000 0.00000000 1.57074300 -1.56713700 -1.57074300
2 4.25546800 -0.33518300 -0.00000200 0.00000000 0.00000000 -0.12484800
3 7.43124800 1.49647700 0.00000200 0.00000000 0.00000000 0.24545000
4 5.27847900 0.16554100 0.00000100 0.00000000 0.00000000 0.04851100
5 -4.01433000 -17.66731800 4.29097700 1.97586400 1.15990900 -1.29878600
6 -6.21448200 -0.00000700 -0.00002700 -3.00786441 -0.75379720 1.43069311
7 11.94488200 0.00000000 0.00000100 0.01792860 -0.31310503 2.03732774
8 10.62018100 0.00000200 0.00000000 1.35464986 0.02899193 2.94270317
9 -4.75110600 -0.69449400 0.83057700 -0.17739400 0.01599100 0.22108400
10 -1.68806800 0.00004600 -0.00003200 0.00457900 -0.02430400 1.25266100
11 -1.33614000 0.00005700 -0.00001200 0.02629800 -0.00107200 0.59212700
12 -4.82049400 -0.50946000 -0.22475900 -0.29384300 0.04878100 0.68958600
13 -1.82699200 -0.00006400 0.00000600 -0.00597100 0.04001900 1.12661300
14 -1.43657300 0.00000600 0.00000200 -0.06657600 -0.04031800 0.93461100
15 -3.99235500 -0.89118800 -1.82790900 -0.52215700 0.10628100 1.00838100
16 -1.40591800 -0.00002500 -0.00000300 -0.00793500 -0.02837500 1.14618500
17 -1.17535800 0.00012800 -0.00002000 0.06208200 0.02754600 1.05720900
18 -4.52675100 -0.69057500 -1.12074400 -0.41778200 0.08544600 1.18122300
19 -1.74403800 0.00003300 -0.00000800 -0.02502400 -0.01570900 1.42133100
20 -1.36877100 0.00002500 0.00000200 0.03357100 0.04032700 0.59071800
21 -1.91873400 -1.31984500 0.85662700 2.02384700 0.10197800 0.98895100
22 -1.62789200 0.15474800 0.01182700 -0.20199600 -0.08390500 0.59871700
23 -1.59928500 0.00000400 0.00001600 0.02557400 -0.03449400 0.91320200
24 5.51181500 0.00000800 -0.00000100 2.08521199 0.00006234 3.14156143
25 0.68299400 0.03595600 0.57798300 2.79340799 -0.00009656 -3.14154768
26 -2.92786500 -14.59732400 1.96421200 1.97586200 1.15990900 1.84280300
27 6.21448500 0.00000600 0.00002000 -0.94329112 0.52764264 -1.40559366
28 11.94488500 -0.00002900 -0.00019400 -0.27183869 -0.34926541 -1.61932761
29 10.62016600 0.00000200 0.00001000 -1.03021499 -0.71158351 0.09650729
30 4.75115600 0.69437600 -0.83047300 -0.17093900 -0.06480100 1.29897400
31 1.68806500 -0.00002600 0.00000200 0.00336200 -0.02449300 1.30290100
32 1.33615100 -0.00005100 -0.00000900 0.00799700 -0.03789800 0.16278400
33 4.82051300 0.50934000 0.22486500 -0.24420100 0.05267900 1.58206000
34 1.82699600 0.00006600 0.00000800 -0.01686100 0.03682700 0.84488800
35 1.43657700 -0.00001000 0.00000700 0.00412400 -0.01459100 0.56514400
36 3.99235300 0.89108700 1.82799400 -0.37865700 0.12332300 1.31184400
37 1.40591800 0.00002100 -0.00000700 0.00198400 -0.02939200 0.80822100
38 1.17536900 -0.00013100 0.00000200 0.10534000 0.06405800 0.98153900
39 4.52675600 0.69046000 1.12084200 -0.32139500 0.15846600 1.65825200
40 1.74404100 -0.00003100 -0.00000200 -0.01341100 -0.02631800 0.88408200
41 1.36876300 -0.00003100 -0.00001700 0.09716800 0.12559600 0.47588800
42 1.87485500 0.93508100 -0.99913000 2.38907000 0.37915900 1.26206900
43 1.52344900 -0.00003400 -0.00000300 0.04999000 0.01215500 0.50137700
44 1.59928100 -0.00000200 0.00000900 0.07849600 -0.02838400 1.17207700
45 5.51180600 -0.00000200 0.00000600 0.05767400 0.00000000 0.00000000
46 0.19685000 0.00000300 -0.00000200 -0.34822500 0.00001500 -0.00000200
47 0.00000000 0.00000000 0.00000000 0.00000000 0.00000000 -1.57079600
48 -6.52967500 79.73875400 -3.19662000 0.00000000 0.00000000 -3.14156200
49 -8.45679097 95.52807860 -2.40466833 0.41811082 0.25068262 -0.37846201
50 6.00706600 1.08056200 -6.86607000 0.70991500 1.05114300 2.16381900
51 0.99931000 0.00655900 -4.12445600 0.00000000 0.00000000 0.00000000
52 -5.53212500 0.00656000 -2.60195000 0.00000000 0.00000000 0.00000000
53 -2.12495800 0.00655900 -3.63194000 0.00000000 0.00000000 0.00000000
54 22.48682800 0.00576400 0.04656100 0.00000000 0.00000000 0.00000000
55 -6.90297100 -2.43099300 -4.62374600 3.01602400 -0.23384000 -1.83328500
time 11
0 -0.00000100 7.45008900 -27.50902600 0.00000000 0.00000000 0.00003100
1 -0.00000200 0.00000000 0.00000000 1.57074300 -1.56713700 -1.57074300
2 4.25546800 -0.33518300 -0.00000200 0.00000000 0.00000000 -0.12484800
3 7.43124800 1.49647700 0.00000200 0.00000000 0.00000000 0.24545000
4 5.27847900 0.16554100 0.00000100 0.00000000 0.00000000 0.04851100
5 -4.01433000 -17.66731800 4.29097700 1.97586400 1.15990900 -1.29878600
6 -6.21448200 -0.00000700 -0.00002700 -3.01093864 -0.75454777 1.43292130
7 11.94488200 0.00000000 0.00000100 0.01744227 -0.31295894 2.03883116
8 10.62018100 0.00000200 0.00000000 1.35460187 0.02917311 2.94079530
9 -4.75110600 -0.69449400 0.83057700 -0.17739400 0.01599100 0.22108400
10 -1.68806800 0.00004600 -0.00003200 0.00457900 -0.02430400 1.25266100
11 -1.33614000 0.00005700 -0.00001200 0.02629800 -0.00107200 0.59212700
12 -4.82049400 -0.50946000 -0.22475900 -0.29384300 0.04878100 0.68958600
13 -1.82699200 -0.00006400 0.00000600 -0.00597100 0.04001900 1.12661300
14 -1.43657300 0.00000600 0.00000200 -0.06657600 -0.04031800 0.93461100
15 -3.99235500 -0.89118800 -1.82790900 -0.52215700 0.10628100 1.00838100
16 -1.40591800 -0.00002500 -0.00000300 -0.00793500 -0.02837500 1.14618500
17 -1.17535800 0.00012800 -0.00002000 0.06208200 0.02754600 1.05720900
18 -4.52675100 -0.69057500 -1.12074400 -0.41778200 0.08544600 1.18122300
19 -1.74403800 0.00003300 -0.00000800 -0.02502400 -0.01570900 1.42133100
20 -1.36877100 0.00002500 0.00000200 0.03357100 0.04032700 0.59071800
21 -1.91873400 -1.31984500 0.85662700 2.02384700 0.10197800 0.98895100
22 -1.62789200 0.15474800 0.01182700 -0.20199600 -0.08390500 0.59871700
23 -1.59928500 0.00000400 0.00001600 0.02557400 -0.03449400 0.91320200
24 5.51181500 0.00000800 -0.00000100 2.08521199 0.00006234 3.14156143
25 0.68299400 0.03595600 0.57798300 2.79340799 -0.00009656 -3.14154768
26 -2.92786500 -14.59732400 1.96421200 1.97586200 1.15990900 1.84280300
27 6.21448500 0.00000600 0.00002000 -0.94150745 0.53100372 -1.40364359
28 11.94488500 -0.00002900 -0.00019400 -0.27132892 -0.34928415 -1.62075664
29 10.62016600 0.00000200 0.00001000 -1.03285940 -0.71310965 0.09753414
30 4.75115600 0.69437600 -0.83047300 -0.17093900 -0.06480100 1.29897400
31 1.68806500 -0.00002600 0.00000200 0.00336200 -0.02449300 1.30290100
32 1.33615100 -0.00005100 -0.00000900 0.00799700 -0.03789800 0.16278400
33 4.82051300 0.50934000 0.22486500 -0.24420100 0.05267900 1.58206000
34 1.82699600 0.00006600 0.00000800 -0.01686100 0.03682700 0.84488800
35 1.43657700 -0.00001000 0.00000700 0.00412400 -0.01459100 0.56514400
36 3.99235300 0.89108700 1.82799400 -0.37865700 0.12332300 1.31184400
37 1.40591800 0.00002100 -0.00000700 0.00198400 -0.02939200 0.80822100
38 1.17536900 -0.00013100 0.00000200 0.10534000 0.06405800 0.98153900
39 4.52675600 0.69046000 1.12084200 -0.32139500 0.15846600 1.65825200
40 1.74404100 -0.00003100 -0.00000200 -0.01341100 -0.02631800 0.88408200
41 1.36876300 -0.00003100 -0.00001700 0.09716800 0.12559600 0.47588800
42 1.87485500 0.93508100 -0.99913000 2.38907000 0.37915900 1.26206900
43 1.52344900 -0.00003400 -0.00000300 0.04999000 0.01215500 0.50137700
44 1.59928100 -0.00000200 0.00000900 0.07849600 -0.02838400 1.17207700
45 5.51180600 -0.00000200 0.00000600 0.05767400 0.00000000 0.00000000
46 0.19685000 0.00000300 -0.00000200 -0.34822500 0.00001500 -0.00000200
47 0.00000000 0.00000000 0.00000000 0.00000000 0.00000000 -1.57079600
48 -6.52967500 79.73875400 -3.19662000 0.00000000 0.00000000 -3.14156200
49 -8.46702909 95.52807860 -2.43287403 0.41748808 0.24805989 -0.37903002
50 6.00706600 1.08056200 -6.86607000 0.70991500 1.05114300 2.16381900
51 0.99931000 0.00655900 -4.12445600 0.00000000 0.00000000 0.00000000
52 -5.53212500 0.00656000 -2.60195000 0.00000000 0.00000000 0.00000000
53 -2.12495800 0.00655900 -3.63194000 0.00000000 0.00000000 0.00000000
54 22.48682800 0.00576400 0.04656100 0.00000000 0.00000000 0.00000000
55 -6.90297100 -2.43099300 -4.62374600 3.01602400 -0.23384000 -1.83328500
time 12
0 -0.00000100 7.45008900 -27.50902600 0.00000000 0.00000000 0.00003100
1 -0.00000200 0.00000000 0.00000000 1.57074300 -1.56713700 -1.57074300
2 4.25546800 -0.33518300 -0.00000200 0.00000000 0.00000000 -0.12484800
3 7.43124800 1.49647700 0.00000200 0.00000000 0.00000000 0.24545000
4 5.27847900 0.16554100 0.00000100 0.00000000 0.00000000 0.04851100
5 -4.01433000 -17.66731800 4.29097700 1.97586400 1.15990900 -1.29878600
6 -6.21448200 -0.00000700 -0.00002700 -3.01411906 -0.75530893 1.43532182
7 11.94488200 0.00000000 0.00000100 0.01695802 -0.31283606 2.04037856
8 10.62018100 0.00000200 0.00000000 1.35477810 0.02933424 2.93898649
9 -4.75110600 -0.69449400 0.83057700 -0.17739400 0.01599100 0.22108400
10 -1.68806800 0.00004600 -0.00003200 0.00457900 -0.02430400 1.25266100
11 -1.33614000 0.00005700 -0.00001200 0.02629800 -0.00107200 0.59212700
12 -4.82049400 -0.50946000 -0.22475900 -0.29384300 0.04878100 0.68958600
13 -1.82699200 -0.00006400 0.00000600 -0.00597100 0.04001900 1.12661300
14 -1.43657300 0.00000600 0.00000200 -0.06657600 -0.04031800 0.93461100
15 -3.99235500 -0.89118800 -1.82790900 -0.52215700 0.10628100 1.00838100
16 -1.40591800 -0.00002500 -0.00000300 -0.00793500 -0.02837500 1.14618500
17 -1.17535800 0.00012800 -0.00002000 0.06208200 0.02754600 1.05720900
18 -4.52675100 -0.69057500 -1.12074400 -0.41778200 0.08544600 1.18122300
19 -1.74403800 0.00003300 -0.00000800 -0.02502400 -0.01570900 1.42133100
20 -1.36877100 0.00002500 0.00000200 0.03357100 0.04032700 0.59071800
21 -1.91873400 -1.31984500 0.85662700 2.02384700 0.10197800 0.98895100
22 -1.62789200 0.15474800 0.01182700 -0.20199600 -0.08390500 0.59871700
23 -1.59928500 0.00000400 0.00001600 0.02557400 -0.03449400 0.91320200
24 5.51181500 0.00000800 -0.00000100 2.08521199 0.00006234 3.14156143
25 0.68299400 0.03595600 0.57798300 2.79340799 -0.00009656 -3.14154768
26 -2.92786500 -14.59732400 1.96421200 1.97586200 1.15990900 1.84280300
27 6.21448500 0.00000600 0.00002000 -0.93958249 0.53445896 -1.40167038
28 11.94488500 -0.00002900 -0.00019400 -0.27090171 -0.34930611 -1.62212994
29 10.62016600 0.00000200 0.00001000 -1.03567394 -0.71478980 0.09856744
30 4.75115600 0.69437600 -0.83047300 -0.17093900 -0.06480100 1.29897400
31 1.68806500 -0.00002600 0.00000200 0.00336200 -0.02449300 1.30290100
32 1.33615100 -0.00005100 -0.00000900 0.00799700 -0.03789800 0.16278400
33 4.82051300 0.50934000 0.22486500 -0.24420100 0.05267900 1.58206000
34 1.82699600 0.00006600 0.00000800 -0.01686100 0.03682700 0.84488800
35 1.43657700 -0.00001000 0.00000700 0.00412400 -0.01459100 0.56514400
36 3.99235300 0.89108700 1.82799400 -0.37865700 0.12332300 1.31184400
37 1.40591800 0.00002100 -0.00000700 0.00198400 -0.02939200 0.80822100
38 1.17536900 -0.00013100 0.00000200 0.10534000 0.06405800 0.98153900
39 4.52675600 0.69046000 1.12084200 -0.32139500 0.15846600 1.65825200
40 1.74404100 -0.00003100 -0.00000200 -0.01341100 -0.02631800 0.88408200
41 1.36876300 -0.00003100 -0.00001700 0.09716800 0.12559600 0.47588800
42 1.87485500 0.93508100 -0.99913000 2.38907000 0.37915900 1.26206900
43 1.52344900 -0.00003400 -0.00000300 0.04999000 0.01215500 0.50137700
44 1.59928100 -0.00000200 0.00000900 0.07849600 -0.02838400 1.17207700
45 5.51180600 -0.00000200 0.00000600 0.05767400 0.00000000 0.00000000
46 0.19685000 0.00000300 -0.00000200 -0.34822500 0.00001500 -0.00000200
47 0.00000000 0.00000000 0.00000000 0.00000000 0.00000000 -1.57079600
48 -6.52967500 79.73875400 -3.19662000 0.00000000 0.00000000 -3.14156200
49 -8.47810043 95.52807860 -2.46311480 0.41698498 0.24541545 -0.37950762
50 6.00706600 1.08056200 -6.86607000 0.70991500 1.05114300 2.16381900
51 0.99931000 0.00655900 -4.12445600 0.00000000 0.00000000 0.00000000
52 -5.53212500 0.00656000 -2.60195000 0.00000000 0.00000000 0.00000000
53 -2.12495800 0.00655900 -3.63194000 0.00000000 0.00000000 0.00000000
54 22.48682800 0.00576400 0.04656100 0.00000000 0.00000000 0.00000000
55 -6.90297100 -2.43099300 -4.62374600 3.01602400 -0.23384000 -1.83328500
time 13
0 -0.00000100 7.45008900 -27.50902600 0.00000000 0.00000000 0.00003100
1 -0.00000200 0.00000000 0.00000000 1.57074300 -1.56713700 -1.57074300
2 4.25546800 -0.33518300 -0.00000200 0.00000000 0.00000000 -0.12484800
3 7.43124800 1.49647700 0.00000200 0.00000000 0.00000000 0.24545000
4 5.27847900 0.16554100 0.00000100 0.00000000 0.00000000 0.04851100
5 -4.01433000 -17.66731800 4.29097700 1.97586400 1.15990900 -1.29878600
6 -6.21448200 -0.00000700 -0.00002700 -3.01745924 -0.75607571 1.43778785
7 11.94488200 0.00000000 0.00000100 0.01650612 -0.31278874 2.04201574
8 10.62018100 0.00000200 0.00000000 1.35484591 0.02954000 2.93710701
9 -4.75110600 -0.69449400 0.83057700 -0.17739400 0.01599100 0.22108400
10 -1.68806800 0.00004600 -0.00003200 0.00457900 -0.02430400 1.25266100
11 -1.33614000 0.00005700 -0.00001200 0.02629800 -0.00107200 0.59212700
12 -4.82049400 -0.50946000 -0.22475900 -0.29384300 0.04878100 0.68958600
13 -1.82699200 -0.00006400 0.00000600 -0.00597100 0.04001900 1.12661300
14 -1.43657300 0.00000600 0.00000200 -0.06657600 -0.04031800 0.93461100
15 -3.99235500 -0.89118800 -1.82790900 -0.52215700 0.10628100 1.00838100
16 -1.40591800 -0.00002500 -0.00000300 -0.00793500 -0.02837500 1.14618500
17 -1.17535800 0.00012800 -0.00002000 0.06208200 0.02754600 1.05720900
18 -4.52675100 -0.69057500 -1.12074400 -0.41778200 0.08544600 1.18122300
19 -1.74403800 0.00003300 -0.00000800 -0.02502400 -0.01570900 1.42133100
20 -1.36877100 0.00002500 0.00000200 0.03357100 0.04032700 0.59071800
21 -1.91873400 -1.31984500 0.85662700 2.02384700 0.10197800 0.98895100
22 -1.62789200 0.15474800 0.01182700 -0.20199600 -0.08390500 0.59871700
23 -1.59928500 0.00000400 0.00001600 0.02557400 -0.03449400 0.91320200
24 5.51181500 0.00000800 -0.00000100 2.08521199 0.00006234 3.14156143
25 0.68299400 0.03595600 0.57798300 2.79340799 -0.00009656 -3.14154768
26 -2.92786500 -14.59732400 1.96421200 1.97586200 1.15990900 1.84280300
27 6.21448500 0.00000600 0.00002000 -0.93746473 0.53797005 -1.39949773
28 11.94488500 -0.00002900 -0.00019400 -0.27032050 -0.34934223 -1.62366209
29 10.62016600 0.00000200 0.00001000 -1.03859810 -0.71650875 0.09956976
30 4.75115600 0.69437600 -0.83047300 -0.17093900 -0.06480100 1.29897400
31 1.68806500 -0.00002600 0.00000200 0.00336200 -0.02449300 1.30290100
32 1.33615100 -0.00005100 -0.00000900 0.00799700 -0.03789800 0.16278400
33 4.82051300 0.50934000 0.22486500 -0.24420100 0.05267900 1.58206000
34 1.82699600 0.00006600 0.00000800 -0.01686100 0.03682700 0.84488800
35 1.43657700 -0.00001000 0.00000700 0.00412400 -0.01459100 0.56514400
36 3.99235300 0.89108700 1.82799400 -0.37865700 0.12332300 1.31184400
37 1.40591800 0.00002100 -0.00000700 0.00198400 -0.02939200 0.80822100
38 1.17536900 -0.00013100 0.00000200 0.10534000 0.06405800 0.98153900
39 4.52675600 0.69046000 1.12084200 -0.32139500 0.15846600 1.65825200
40 1.74404100 -0.00003100 -0.00000200 -0.01341100 -0.02631800 0.88408200
41 1.36876300 -0.00003100 -0.00001700 0.09716800 0.12559600 0.47588800
42 1.87485500 0.93508100 -0.99913000 2.38907000 0.37915900 1.26206900
43 1.52344900 -0.00003400 -0.00000300 0.04999000 0.01215500 0.50137700
44 1.59928100 -0.00000200 0.00000900 0.07849600 -0.02838400 1.17207700
45 5.51180600 -0.00000200 0.00000600 0.05767400 0.00000000 0.00000000
46 0.19685000 0.00000300 -0.00000200 -0.34822500 0.00001500 -0.00000200
47 0.00000000 0.00000000 0.00000000 0.00000000 0.00000000 -1.57079600
48 -6.52967500 79.73875400 -3.19662000 0.00000000 0.00000000 -3.14156200
49 -8.48937578 95.52807860 -2.49422358 0.41641131 0.24260615 -0.38011240
50 6.00706600 1.08056200 -6.86607000 0.70991500 1.05114300 2.16381900
51 0.99931000 0.00655900 -4.12445600 0.00000000 0.00000000 0.00000000
52 -5.53212500 0.00656000 -2.60195000 0.00000000 0.00000000 0.00000000
53 -2.12495800 0.00655900 -3.63194000 0.00000000 0.00000000 0.00000000
54 22.48682800 0.00576400 0.04656100 0.00000000 0.00000000 0.00000000
55 -6.90297100 -2.43099300 -4.62374600 3.01602400 -0.23384000 -1.83328500
time 14
0 -0.00000100 7.45008900 -27.50902600 0.00000000 0.00000000 0.00003100
1 -0.00000200 0.00000000 0.00000000 1.57074300 -1.56713700 -1.57074300
2 4.25546800 -0.33518300 -0.00000200 0.00000000 0.00000000 -0.12484800
3 7.43124800 1.49647700 0.00000200 0.00000000 0.00000000 0.24545000
4 5.27847900 0.16554100 0.00000100 0.00000000 0.00000000 0.04851100
5 -4.01433000 -17.66731800 4.29097700 1.97586400 1.15990900 -1.29878600
6 -6.21448200 -0.00000700 -0.00002700 -3.02092797 -0.75692079 1.44032691
7 11.94488200 0.00000000 0.00000100 0.01602733 -0.31267151 2.04354881
8 10.62018100 0.00000200 0.00000000 1.35505993 0.02982433 2.93519088
9 -4.75110600 -0.69449400 0.83057700 -0.17739400 0.01599100 0.22108400
10 -1.68806800 0.00004600 -0.00003200 0.00457900 -0.02430400 1.25266100
11 -1.33614000 0.00005700 -0.00001200 0.02629800 -0.00107200 0.59212700
12 -4.82049400 -0.50946000 -0.22475900 -0.29384300 0.04878100 0.68958600
13 -1.82699200 -0.00006400 0.00000600 -0.00597100 0.04001900 1.12661300
14 -1.43657300 0.00000600 0.00000200 -0.06657600 -0.04031800 0.93461100
15 -3.99235500 -0.89118800 -1.82790900 -0.52215700 0.10628100 1.00838100
16 -1.40591800 -0.00002500 -0.00000300 -0.00793500 -0.02837500 1.14618500
17 -1.17535800 0.00012800 -0.00002000 0.06208200 0.02754600 1.05720900
18 -4.52675100 -0.69057500 -1.12074400 -0.41778200 0.08544600 1.18122300
19 -1.74403800 0.00003300 -0.00000800 -0.02502400 -0.01570900 1.42133100
20 -1.36877100 0.00002500 0.00000200 0.03357100 0.04032700 0.59071800
21 -1.91873400 -1.31984500 0.85662700 2.02384700 0.10197800 0.98895100
22 -1.62789200 0.15474800 0.01182700 -0.20199600 -0.08390500 0.59871700
23 -1.59928500 0.00000400 0.00001600 0.02557400 -0.03449400 0.91320200
24 5.51181500 0.00000800 -0.00000100 2.08521199 0.00006234 3.14156143
25 0.68299400 0.03595600 0.57798300 2.79340799 -0.00009656 -3.14154768
26 -2.92786500 -14.59732400 1.96421200 1.97586200 1.15990900 1.84280300
27 6.21448500 0.00000600 0.00002000 -0.93531670 0.54165705 -1.39729851
28 11.94488500 -0.00002900 -0.00019400 -0.26989672 -0.34939684 -1.62502240
29 10.62016600 0.00000200 0.00001000 -1.04157091 -0.71816613 0.10062983
30 4.75115600 0.69437600 -0.83047300 -0.17093900 -0.06480100 1.29897400
31 1.68806500 -0.00002600 0.00000200 0.00336200 -0.02449300 1.30290100
32 1.33615100 -0.00005100 -0.00000900 0.00799700 -0.03789800 0.16278400
33 4.82051300 0.50934000 0.22486500 -0.24420100 0.05267900 1.58206000
34 1.82699600 0.00006600 0.00000800 -0.01686100 0.03682700 0.84488800
35 1.43657700 -0.00001000 0.00000700 0.00412400 -0.01459100 0.56514400
36 3.99235300 0.89108700 1.82799400 -0.37865700 0.12332300 1.31184400
37 1.40591800 0.00002100 -0.00000700 0.00198400 -0.02939200 0.80822100
38 1.17536900 -0.00013100 0.00000200 0.10534000 0.06405800 0.98153900
39 4.52675600 0.69046000 1.12084200 -0.32139500 0.15846600 1.65825200
40 1.74404100 -0.00003100 -0.00000200 -0.01341100 -0.02631800 0.88408200
41 1.36876300 -0.00003100 -0.00001700 0.09716800 0.12559600 0.47588800
42 1.87485500 0.93508100 -0.99913000 2.38907000 0.37915900 1.26206900
43 1.52344900 -0.00003400 -0.00000300 0.04999000 0.01215500 0.50137700
44 1.59928100 -0.00000200 0.00000900 0.07849600 -0.02838400 1.17207700
45 5.51180600 -0.00000200 0.00000600 0.05767400 0.00000000 0.00000000
46 0.19685000 0.00000300 -0.00000200 -0.34822500 0.00001500 -0.00000200
47 0.00000000 0.00000000 0.00000000 0.00000000 0.00000000 -1.57079600
48 -6.52967500 79.73875400 -3.19662000 0.00000000 0.00000000 -3.14156200
49 -8.50105063 95.52807860 -2.52639682 0.41586056 0.23979098 -0.38072009
50 6.00706600 1.08056200 -6.86607000 0.70991500 1.05114300 2.16381900
51 0.99931000 0.00655900 -4.12445600 0.00000000 0.00000000 0.00000000
52 -5.53212500 0.00656000 -2.60195000 0.00000000 0.00000000 0.00000000
53 -2.12495800 0.00655900 -3.63194000 0.00000000 0.00000000 0.00000000
54 22.48682800 0.00576400 0.04656100 0.00000000 0.00000000 0.00000000
55 -6.90297100 -2.43099300 -4.62374600 3.01602400 -0.23384000 -1.83328500
time 15
0 -0.00000100 7.45008900 -27.50902600 0.00000000 0.00000000 0.00003100
1 -0.00000200 0.00000000 0.00000000 1.57074300 -1.56713700 -1.57074300
2 4.25546800 -0.33518300 -0.00000200 0.00000000 0.00000000 -0.12484800
3 7.43124800 1.49647700 0.00000200 0.00000000 0.00000000 0.24545000
4 5.27847900 0.16554100 0.00000100 0.00000000 0.00000000 0.04851100
5 -4.01433000 -17.66731800 4.29097700 1.97586400 1.15990900 -1.29878600
6 -6.21448200 -0.00000700 -0.00002700 -3.02453306 -0.75765325 1.44301254
7 11.94488200 0.00000000 0.00000100 0.01553974 -0.31256780 2.04516083
8 10.62018100 0.00000200 0.00000000 1.35523002 0.03012088 2.93332787
9 -4.75110600 -0.69449400 0.83057700 -0.17739400 0.01599100 0.22108400
10 -1.68806800 0.00004600 -0.00003200 0.00457900 -0.02430400 1.25266100
11 -1.33614000 0.00005700 -0.00001200 0.02629800 -0.00107200 0.59212700
12 -4.82049400 -0.50946000 -0.22475900 -0.29384300 0.04878100 0.68958600
13 -1.82699200 -0.00006400 0.00000600 -0.00597100 0.04001900 1.12661300
14 -1.43657300 0.00000600 0.00000200 -0.06657600 -0.04031800 0.93461100
15 -3.99235500 -0.89118800 -1.82790900 -0.52215700 0.10628100 1.00838100
16 -1.40591800 -0.00002500 -0.00000300 -0.00793500 -0.02837500 1.14618500
17 -1.17535800 0.00012800 -0.00002000 0.06208200 0.02754600 1.05720900
18 -4.52675100 -0.69057500 -1.12074400 -0.41778200 0.08544600 1.18122300
19 -1.74403800 0.00003300 -0.00000800 -0.02502400 -0.01570900 1.42133100
20 -1.36877100 0.00002500 0.00000200 0.03357100 0.04032700 0.59071800
21 -1.91873400 -1.31984500 0.85662700 2.02384700 0.10197800 0.98895100
22 -1.62789200 0.15474800 0.01182700 -0.20199600 -0.08390500 0.59871700
23 -1.59928500 0.00000400 0.00001600 0.02557400 -0.03449400 0.91320200
24 5.51181500 0.00000800 -0.00000100 2.08521199 0.00006234 3.14156143
25 0.68299400 0.03595600 0.57798300 2.79340799 -0.00009656 -3.14154768
26 -2.92786500 -14.59732400 1.96421200 1.97586200 1.15990900 1.84280300
27 6.21448500 0.00000600 0.00002000 -0.93303999 0.54530024 -1.39508905
28 11.94488500 -0.00002900 -0.00019400 -0.26946017 -0.34952440 -1.62648063
29 10.62016600 0.00000200 0.00001000 -1.04472954 -0.71991598 0.10165143
30 4.75115600 0.69437600 -0.83047300 -0.17093900 -0.06480100 1.29897400
31 1.68806500 -0.00002600 0.00000200 0.00336200 -0.02449300 1.30290100
32 1.33615100 -0.00005100 -0.00000900 0.00799700 -0.03789800 0.16278400
33 4.82051300 0.50934000 0.22486500 -0.24420100 0.05267900 1.58206000
34 1.82699600 0.00006600 0.00000800 -0.01686100 0.03682700 0.84488800
35 1.43657700 -0.00001000 0.00000700 0.00412400 -0.01459100 0.56514400
36 3.99235300 0.89108700 1.82799400 -0.37865700 0.12332300 1.31184400
37 1.40591800 0.00002100 -0.00000700 0.00198400 -0.02939200 0.80822100
38 1.17536900 -0.00013100 0.00000200 0.10534000 0.06405800 0.98153900
39 4.52675600 0.69046000 1.12084200 -0.32139500 0.15846600 1.65825200
40 1.74404100 -0.00003100 -0.00000200 -0.01341100 -0.02631800 0.88408200
41 1.36876300 -0.00003100 -0.00001700 0.09716800 0.12559600 0.47588800
42 1.87485500 0.93508100 -0.99913000 2.38907000 0.37915900 1.26206900
43 1.52344900 -0.00003400 -0.00000300 0.04999000 0.01215500 0.50137700
44 1.59928100 -0.00000200 0.00000900 0.07849600 -0.02838400 1.17207700
45 5.51180600 -0.00000200 0.00000600 0.05767400 0.00000000 0.00000000
46 0.19685000 0.00000300 -0.00000200 -0.34822500 0.00001500 -0.00000200
47 0.00000000 0.00000000 0.00000000 0.00000000 0.00000000 -1.57079600
48 -6.52967500 79.73875400 -3.19662000 0.00000000 0.00000000 -3.14156200
49 -8.51324763 95.52807860 -2.55970410 0.41536129 0.23688138 -0.38134989
50 6.00706600 1.08056200 -6.86607000 0.70991500 1.05114300 2.16381900
51 0.99931000 0.00655900 -4.12445600 0.00000000 0.00000000 0.00000000
52 -5.53212500 0.00656000 -2.60195000 0.00000000 0.00000000 0.00000000
53 -2.12495800 0.00655900 -3.63194000 0.00000000 0.00000000 0.00000000
54 22.48682800 0.00576400 0.04656100 0.00000000 0.00000000 0.00000000
55 -6.90297100 -2.43099300 -4.62374600 3.01602400 -0.23384000 -1.83328500
time 16
0 -0.00000100 7.45008900 -27.50902600 0.00000000 0.00000000 0.00003100
1 -0.00000200 0.00000000 0.00000000 1.57074300 -1.56713700 -1.57074300
2 4.25546800 -0.33518300 -0.00000200 0.00000000 0.00000000 -0.12484800
3 7.43124800 1.49647700 0.00000200 0.00000000 0.00000000 0.24545000
4 5.27847900 0.16554100 0.00000100 0.00000000 0.00000000 0.04851100
5 -4.01433000 -17.66731800 4.29097700 1.97586400 1.15990900 -1.29878600
6 -6.21448200 -0.00000700 -0.00002700 -3.02809097 -0.75850746 1.44560046
7 11.94488200 0.00000000 0.00000100 0.01497769 -0.31250921 2.04677847
8 10.62018100 0.00000200 0.00000000 1.35541079 0.03035094 2.93140873
9 -4.75110600 -0.69449400 0.83057700 -0.17739400 0.01599100 0.22108400
10 -1.68806800 0.00004600 -0.00003200 0.00457900 -0.02430400 1.25266100
11 -1.33614000 0.00005700 -0.00001200 0.02629800 -0.00107200 0.59212700
12 -4.82049400 -0.50946000 -0.22475900 -0.29384300 0.04878100 0.68958600
13 -1.82699200 -0.00006400 0.00000600 -0.00597100 0.04001900 1.12661300
14 -1.43657300 0.00000600 0.00000200 -0.06657600 -0.04031800 0.93461100
15 -3.99235500 -0.89118800 -1.82790900 -0.52215700 0.10628100 1.00838100
16 -1.40591800 -0.00002500 -0.00000300 -0.00793500 -0.02837500 1.14618500
17 -1.17535800 0.00012800 -0.00002000 0.06208200 0.02754600 1.05720900
18 -4.52675100 -0.69057500 -1.12074400 -0.41778200 0.08544600 1.18122300
19 -1.74403800 0.00003300 -0.00000800 -0.02502400 -0.01570900 1.42133100
20 -1.36877100 0.00002500 0.00000200 0.03357100 0.04032700 0.59071800
21 -1.91873400 -1.31984500 0.85662700 2.02384700 0.10197800 0.98895100
22 -1.62789200 0.15474800 0.01182700 -0.20199600 -0.08390500 0.59871700
23 -1.59928500 0.00000400 0.00001600 0.02557400 -0.03449400 0.91320200
24 5.51181500 0.00000800 -0.00000100 2.08521199 0.00006234 3.14156143
25 0.68299400 0.03595600 0.57798300 2.79340799 -0.00009656 -3.14154768
26 -2.92786500 -14.59732400 1.96421200 1.97586200 1.15990900 1.84280300
27 6.21448500 0.00000600 0.00002000 -0.93075905 0.54908639 -1.39285959
28 11.94488500 -0.00002900 -0.00019400 -0.26891261 -0.34963434 -1.62785727
29 10.62016600 0.00000200 0.00001000 -1.04772892 -0.72159232 0.10257308
30 4.75115600 0.69437600 -0.83047300 -0.17093900 -0.06480100 1.29897400
31 1.68806500 -0.00002600 0.00000200 0.00336200 -0.02449300 1.30290100
32 1.33615100 -0.00005100 -0.00000900 0.00799700 -0.03789800 0.16278400
33 4.82051300 0.50934000 0.22486500 -0.24420100 0.05267900 1.58206000
34 1.82699600 0.00006600 0.00000800 -0.01686100 0.03682700 0.84488800
35 1.43657700 -0.00001000 0.00000700 0.00412400 -0.01459100 0.56514400
36 3.99235300 0.89108700 1.82799400 -0.37865700 0.12332300 1.31184400
37 1.40591800 0.00002100 -0.00000700 0.00198400 -0.02939200 0.80822100
38 1.17536900 -0.00013100 0.00000200 0.10534000 0.06405800 0.98153900
39 4.52675600 0.69046000 1.12084200 -0.32139500 0.15846600 1.65825200
40 1.74404100 -0.00003100 -0.00000200 -0.01341100 -0.02631800 0.88408200
41 1.36876300 -0.00003100 -0.00001700 0.09716800 0.12559600 0.47588800
42 1.87485500 0.93508100 -0.99913000 2.38907000 0.37915900 1.26206900
43 1.52344900 -0.00003400 -0.00000300 0.04999000 0.01215500 0.50137700
44 1.59928100 -0.00000200 0.00000900 0.07849600 -0.02838400 1.17207700
45 5.51180600 -0.00000200 0.00000600 0.05767400 0.00000000 0.00000000
46 0.19685000 0.00000300 -0.00000200 -0.34822500 0.00001500 -0.00000200
47 0.00000000 0.00000000 0.00000000 0.00000000 0.00000000 -1.57079600
48 -6.52967500 79.73875400 -3.19662000 0.00000000 0.00000000 -3.14156200
49 -8.52544564 95.52807860 -2.59301239 0.41486341 0.23403692 -0.38187388
50 6.00706600 1.08056200 -6.86607000 0.70991500 1.05114300 2.16381900
51 0.99931000 0.00655900 -4.12445600 0.00000000 0.00000000 0.00000000
52 -5.53212500 0.00656000 -2.60195000 0.00000000 0.00000000 0.00000000
53 -2.12495800 0.00655900 -3.63194000 0.00000000 0.00000000 0.00000000
54 22.48682800 0.00576400 0.04656100 0.00000000 0.00000000 0.00000000
55 -6.90297100 -2.43099300 -4.62374600 3.01602400 -0.23384000 -1.83328500
time 17
0 -0.00000100 7.45008900 -27.50902600 0.00000000 0.00000000 0.00003100
1 -0.00000200 0.00000000 0.00000000 1.57074300 -1.56713700 -1.57074300
2 4.25546800 -0.33518300 -0.00000200 0.00000000 0.00000000 -0.12484800
3 7.43124800 1.49647700 0.00000200 0.00000000 0.00000000 0.24545000
4 5.27847900 0.16554100 0.00000100 0.00000000 0.00000000 0.04851100
5 -4.01433000 -17.66731800 4.29097700 1.97586400 1.15990900 -1.29878600
6 -6.21448200 -0.00000700 -0.00002700 -3.03169883 -0.75923771 1.44821010
7 11.94488200 0.00000000 0.00000100 0.01450745 -0.31240017 2.04828659
8 10.62018100 0.00000200 0.00000000 1.35561688 0.03064415 2.92957730
9 -4.75110600 -0.69449400 0.83057700 -0.17739400 0.01599100 0.22108400
10 -1.68806800 0.00004600 -0.00003200 0.00457900 -0.02430400 1.25266100
11 -1.33614000 0.00005700 -0.00001200 0.02629800 -0.00107200 0.59212700
12 -4.82049400 -0.50946000 -0.22475900 -0.29384300 0.04878100 0.68958600
13 -1.82699200 -0.00006400 0.00000600 -0.00597100 0.04001900 1.12661300
14 -1.43657300 0.00000600 0.00000200 -0.06657600 -0.04031800 0.93461100
15 -3.99235500 -0.89118800 -1.82790900 -0.52215700 0.10628100 1.00838100
16 -1.40591800 -0.00002500 -0.00000300 -0.00793500 -0.02837500 1.14618500
17 -1.17535800 0.00012800 -0.00002000 0.06208200 0.02754600 1.05720900
18 -4.52675100 -0.69057500 -1.12074400 -0.41778200 0.08544600 1.18122300
19 -1.74403800 0.00003300 -0.00000800 -0.02502400 -0.01570900 1.42133100
20 -1.36877100 0.00002500 0.00000200 0.03357100 0.04032700 0.59071800
21 -1.91873400 -1.31984500 0.85662700 2.02384700 0.10197800 0.98895100
22 -1.62789200 0.15474800 0.01182700 -0.20199600 -0.08390500 0.59871700
23 -1.59928500 0.00000400 0.00001600 0.02557400 -0.03449400 0.91320200
24 5.51181500 0.00000800 -0.00000100 2.08521199 0.00006234 3.14156143
25 0.68299400 0.03595600 0.57798300 2.79340799 -0.00009656 -3.14154768
26 -2.92786500 -14.59732400 1.96421200 1.97586200 1.15990900 1.84280300
27 6.21448500 0.00000600 0.00002000 -0.92837966 0.55280996 -1.39052964
28 11.94488500 -0.00002900 -0.00019400 -0.26849908 -0.34978392 -1.62919023
29 10.62016600 0.00000200 0.00001000 -1.05091796 -0.72340226 0.10347881
30 4.75115600 0.69437600 -0.83047300 -0.17093900 -0.06480100 1.29897400
31 1.68806500 -0.00002600 0.00000200 0.00336200 -0.02449300 1.30290100
32 1.33615100 -0.00005100 -0.00000900 0.00799700 -0.03789800 0.16278400
33 4.82051300 0.50934000 0.22486500 -0.24420100 0.05267900 1.58206000
34 1.82699600 0.00006600 0.00000800 -0.01686100 0.03682700 0.84488800
35 1.43657700 -0.00001000 0.00000700 0.00412400 -0.01459100 0.56514400
36 3.99235300 0.89108700 1.82799400 -0.37865700 0.12332300 1.31184400
37 1.40591800 0.00002100 -0.00000700 0.00198400 -0.02939200 0.80822100
38 1.17536900 -0.00013100 0.00000200 0.10534000 0.06405800 0.98153900
39 4.52675600 0.69046000 1.12084200 -0.32139500 0.15846600 1.65825200
40 1.74404100 -0.00003100 -0.00000200 -0.01341100 -0.02631800 0.88408200
41 1.36876300 -0.00003100 -0.00001700 0.09716800 0.12559600 0.47588800
42 1.87485500 0.93508100 -0.99913000 2.38907000 0.37915900 1.26206900
43 1.52344900 -0.00003400 -0.00000300 0.04999000 0.01215500 0.50137700
44 1.59928100 -0.00000200 0.00000900 0.07849600 -0.02838400 1.17207700
45 5.51180600 -0.00000200 0.00000600 0.05767400 0.00000000 0.00000000
46 0.19685000 0.00000300 -0.00000200 -0.34822500 0.00001500 -0.00000200
47 0.00000000 0.00000000 0.00000000 0.00000000 0.00000000 -1.57079600
48 -6.52967500 79.73875400 -3.19662000 0.00000000 0.00000000 -3.14156200
49 -8.53757846 95.52807860 -2.62667411 0.41438937 0.23119894 -0.38249487
50 6.00706600 1.08056200 -6.86607000 0.70991500 1.05114300 2.16381900
51 0.99931000 0.00655900 -4.12445600 0.00000000 0.00000000 0.00000000
52 -5.53212500 0.00656000 -2.60195000 0.00000000 0.00000000 0.00000000
53 -2.12495800 0.00655900 -3.63194000 0.00000000 0.00000000 0.00000000
54 22.48682800 0.00576400 0.04656100 0.00000000 0.00000000 0.00000000
55 -6.90297100 -2.43099300 -4.62374600 3.01602400 -0.23384000 -1.83328500
time 18
0 -0.00000100 7.45008900 -27.50902600 0.00000000 0.00000000 0.00003100
1 -0.00000200 0.00000000 0.00000000 1.57074300 -1.56713700 -1.57074300
2 4.25546800 -0.33518300 -0.00000200 0.00000000 0.00000000 -0.12484800
3 7.43124800 1.49647700 0.00000200 0.00000000 0.00000000 0.24545000
4 5.27847900 0.16554100 0.00000100 0.00000000 0.00000000 0.04851100
5 -4.01433000 -17.66731800 4.29097700 1.97586400 1.15990900 -1.29878600
6 -6.21448200 -0.00000700 -0.00002700 -3.03526615 -0.76003465 1.45085426
7 11.94488200 0.00000000 0.00000100 0.01403642 -0.31228763 2.04979466
8 10.62018100 0.00000200 0.00000000 1.35583419 0.03094809 2.92788586
9 -4.75110600 -0.69449400 0.83057700 -0.17739400 0.01599100 0.22108400
10 -1.68806800 0.00004600 -0.00003200 0.00457900 -0.02430400 1.25266100
11 -1.33614000 0.00005700 -0.00001200 0.02629800 -0.00107200 0.59212700
12 -4.82049400 -0.50946000 -0.22475900 -0.29384300 0.04878100 0.68958600
13 -1.82699200 -0.00006400 0.00000600 -0.00597100 0.04001900 1.12661300
14 -1.43657300 0.00000600 0.00000200 -0.06657600 -0.04031800 0.93461100
15 -3.99235500 -0.89118800 -1.82790900 -0.52215700 0.10628100 1.00838100
16 -1.40591800 -0.00002500 -0.00000300 -0.00793500 -0.02837500 1.14618500
17 -1.17535800 0.00012800 -0.00002000 0.06208200 0.02754600 1.05720900
18 -4.52675100 -0.69057500 -1.12074400 -0.41778200 0.08544600 1.18122300
19 -1.74403800 0.00003300 -0.00000800 -0.02502400 -0.01570900 1.42133100
20 -1.36877100 0.00002500 0.00000200 0.03357100 0.04032700 0.59071800
21 -1.91873400 -1.31984500 0.85662700 2.02384700 0.10197800 0.98895100
22 -1.62789200 0.15474800 0.01182700 -0.20199600 -0.08390500 0.59871700
23 -1.59928500 0.00000400 0.00001600 0.02557400 -0.03449400 0.91320200
24 5.51181500 0.00000800 -0.00000100 2.08521199 0.00006234 3.14156143
25 0.68299400 0.03595600 0.57798300 2.79340799 -0.00009656 -3.14154768
26 -2.92786500 -14.59732400 1.96421200 1.97586200 1.15990900 1.84280300
27 6.21448500 0.00000600 0.00002000 -0.92590317 0.55641493 -1.38829644
28 11.94488500 -0.00002900 -0.00019400 -0.26802333 -0.35001441 -1.63052106
29 10.62016600 0.00000200 0.00001000 -1.05398749 -0.72510192 0.10434144
30 4.75115600 0.69437600 -0.83047300 -0.17093900 -0.06480100 1.29897400
31 1.68806500 -0.00002600 0.00000200 0.00336200 -0.02449300 1.30290100
32 1.33615100 -0.00005100 -0.00000900 0.00799700 -0.03789800 0.16278400
33 4.82051300 0.50934000 0.22486500 -0.24420100 0.05267900 1.58206000
34 1.82699600 0.00006600 0.00000800 -0.01686100 0.03682700 0.84488800
35 1.43657700 -0.00001000 0.00000700 0.00412400 -0.01459100 0.56514400
36 3.99235300 0.89108700 1.82799400 -0.37865700 0.12332300 1.31184400
37 1.40591800 0.00002100 -0.00000700 0.00198400 -0.02939200 0.80822100
38 1.17536900 -0.00013100 0.00000200 0.10534000 0.06405800 0.98153900
39 4.52675600 0.69046000 1.12084200 -0.32139500 0.15846600 1.65825200
40 1.74404100 -0.00003100 -0.00000200 -0.01341100 -0.02631800 0.88408200
41 1.36876300 -0.00003100 -0.00001700 0.09716800 0.12559600 0.47588800
42 1.87485500 0.93508100 -0.99913000 2.38907000 0.37915900 1.26206900
43 1.52344900 -0.00003400 -0.00000300 0.04999000 0.01215500 0.50137700
44 1.59928100 -0.00000200 0.00000900 0.07849600 -0.02838400 1.17207700
45 5.51180600 -0.00000200 0.00000600 0.05767400 0.00000000 0.00000000
46 0.19685000 0.00000300 -0.00000200 -0.34822500 0.00001500 -0.00000200
47 0.00000000 0.00000000 0.00000000 0.00000000 0.00000000 -1.57079600
48 -6.52967500 79.73875400 -3.19662000 0.00000000 0.00000000 -3.14156200
49 -8.54957860 95.52807860 -2.66012350 0.41393681 0.22835283 -0.38312017
50 6.00706600 1.08056200 -6.86607000 0.70991500 1.05114300 2.16381900
51 0.99931000 0.00655900 -4.12445600 0.00000000 0.00000000 0.00000000
52 -5.53212500 0.00656000 -2.60195000 0.00000000 0.00000000 0.00000000
53 -2.12495800 0.00655900 -3.63194000 0.00000000 0.00000000 0.00000000
54 22.48682800 0.00576400 0.04656100 0.00000000 0.00000000 0.00000000
55 -6.90297100 -2.43099300 -4.62374600 3.01602400 -0.23384000 -1.83328500
time 19
0 -0.00000100 7.45008900 -27.50902600 0.00000000 0.00000000 0.00003100
1 -0.00000200 0.00000000 0.00000000 1.57074300 -1.56713700 -1.57074300
2 4.25546800 -0.33518300 -0.00000200 0.00000000 0.00000000 -0.12484800
3 7.43124800 1.49647700 0.00000200 0.00000000 0.00000000 0.24545000
4 5.27847900 0.16554100 0.00000100 0.00000000 0.00000000 0.04851100
5 -4.01433000 -17.66731800 4.29097700 1.97586400 1.15990900 -1.29878600
6 -6.21448200 -0.00000700 -0.00002700 -3.03870007 -0.76074979 1.45330558
7 11.94488200 0.00000000 0.00000100 0.01356712 -0.31217609 2.05130194
8 10.62018100 0.00000200 0.00000000 1.35617424 0.03114180 2.92620854
9 -4.75110600 -0.69449400 0.83057700 -0.17739400 0.01599100 0.22108400
10 -1.68806800 0.00004600 -0.00003200 0.00457900 -0.02430400 1.25266100
11 -1.33614000 0.00005700 -0.00001200 0.02629800 -0.00107200 0.59212700
12 -4.82049400 -0.50946000 -0.22475900 -0.29384300 0.04878100 0.68958600
13 -1.82699200 -0.00006400 0.00000600 -0.00597100 0.04001900 1.12661300
14 -1.43657300 0.00000600 0.00000200 -0.06657600 -0.04031800 0.93461100
15 -3.99235500 -0.89118800 -1.82790900 -0.52215700 0.10628100 1.00838100
16 -1.40591800 -0.00002500 -0.00000300 -0.00793500 -0.02837500 1.14618500
17 -1.17535800 0.00012800 -0.00002000 0.06208200 0.02754600 1.05720900
18 -4.52675100 -0.69057500 -1.12074400 -0.41778200 0.08544600 1.18122300
19 -1.74403800 0.00003300 -0.00000800 -0.02502400 -0.01570900 1.42133100
20 -1.36877100 0.00002500 0.00000200 0.03357100 0.04032700 0.59071800
21 -1.91873400 -1.31984500 0.85662700 2.02384700 0.10197800 0.98895100
22 -1.62789200 0.15474800 0.01182700 -0.20199600 -0.08390500 0.59871700
23 -1.59928500 0.00000400 0.00001600 0.02557400 -0.03449400 0.91320200
24 5.51181500 0.00000800 -0.00000100 2.08521199 0.00006234 3.14156143
25 0.68299400 0.03595600 0.57798300 2.79340799 -0.00009656 -3.14154768
26 -2.92786500 -14.59732400 1.96421200 1.97586200 1.15990900 1.84280300
27 6.21448500 0.00000600 0.00002000 -0.92346642 0.56000086 -1.38596426
28 11.94488500 -0.00002900 -0.00019400 -0.26763226 -0.35016873 -1.63172668
29 10.62016600 0.00000200 0.00001000 -1.05719068 -0.72679653 0.10526045
30 4.75115600 0.69437600 -0.83047300 -0.17093900 -0.06480100 1.29897400
31 1.68806500 -0.00002600 0.00000200 0.00336200 -0.02449300 1.30290100
32 1.33615100 -0.00005100 -0.00000900 0.00799700 -0.03789800 0.16278400
33 4.82051300 0.50934000 0.22486500 -0.24420100 0.05267900 1.58206000
34 1.82699600 0.00006600 0.00000800 -0.01686100 0.03682700 0.84488800
35 1.43657700 -0.00001000 0.00000700 0.00412400 -0.01459100 0.56514400
36 3.99235300 0.89108700 1.82799400 -0.37865700 0.12332300 1.31184400
37 1.40591800 0.00002100 -0.00000700 0.00198400 -0.02939200 0.80822100
38 1.17536900 -0.00013100 0.00000200 0.10534000 0.06405800 0.98153900
39 4.52675600 0.69046000 1.12084200 -0.32139500 0.15846600 1.65825200
40 1.74404100 -0.00003100 -0.00000200 -0.01341100 -0.02631800 0.88408200
41 1.36876300 -0.00003100 -0.00001700 0.09716800 0.12559600 0.47588800
42 1.87485500 0.93508100 -0.99913000 2.38907000 0.37915900 1.26206900
43 1.52344900 -0.00003400 -0.00000300 0.04999000 0.01215500 0.50137700
44 1.59928100 -0.00000200 0.00000900 0.07849600 -0.02838400 1.17207700
45 5.51180600 -0.00000200 0.00000600 0.05767400 0.00000000 0.00000000
46 0.19685000 0.00000300 -0.00000200 -0.34822500 0.00001500 -0.00000200
47 0.00000000 0.00000000 0.00000000 0.00000000 0.00000000 -1.57079600
48 -6.52967500 79.73875400 -3.19662000 0.00000000 0.00000000 -3.14156200
49 -8.56137075 95.52807860 -2.69270389 0.41357277 0.22559084 -0.38362962
50 6.00706600 1.08056200 -6.86607000 0.70991500 1.05114300 2.16381900
51 0.99931000 0.00655900 -4.12445600 0.00000000 0.00000000 0.00000000
52 -5.53212500 0.00656000 -2.60195000 0.00000000 0.00000000 0.00000000
53 -2.12495800 0.00655900 -3.63194000 0.00000000 0.00000000 0.00000000
54 22.48682800 0.00576400 0.04656100 0.00000000 0.00000000 0.00000000
55 -6.90297100 -2.43099300 -4.62374600 3.01602400 -0.23384000 -1.83328500
time 20
0 -0.00000100 7.45008900 -27.50902600 0.00000000 0.00000000 0.00003100
1 -0.00000200 0.00000000 0.00000000 1.57074300 -1.56713700 -1.57074300
2 4.25546800 -0.33518300 -0.00000200 0.00000000 0.00000000 -0.12484800
3 7.43124800 1.49647700 0.00000200 0.00000000 0.00000000 0.24545000
4 5.27847900 0.16554100 0.00000100 0.00000000 0.00000000 0.04851100
5 -4.01433000 -17.66731800 4.29097700 1.97586400 1.15990900 -1.29878600
6 -6.21448200 -0.00000700 -0.00002700 -3.04203671 -0.76140055 1.45581383
7 11.94488200 0.00000000 0.00000100 0.01314619 -0.31211624 2.05274071
8 10.62018100 0.00000200 0.00000000 1.35641790 0.03130300 2.92457750
9 -4.75110600 -0.69449400 0.83057700 -0.17739400 0.01599100 0.22108400
10 -1.68806800 0.00004600 -0.00003200 0.00457900 -0.02430400 1.25266100
11 -1.33614000 0.00005700 -0.00001200 0.02629800 -0.00107200 0.59212700
12 -4.82049400 -0.50946000 -0.22475900 -0.29384300 0.04878100 0.68958600
13 -1.82699200 -0.00006400 0.00000600 -0.00597100 0.04001900 1.12661300
14 -1.43657300 0.00000600 0.00000200 -0.06657600 -0.04031800 0.93461100
15 -3.99235500 -0.89118800 -1.82790900 -0.52215700 0.10628100 1.00838100
16 -1.40591800 -0.00002500 -0.00000300 -0.00793500 -0.02837500 1.14618500
17 -1.17535800 0.00012800 -0.00002000 0.06208200 0.02754600 1.05720900
18 -4.52675100 -0.69057500 -1.12074400 -0.41778200 0.08544600 1.18122300
19 -1.74403800 0.00003300 -0.00000800 -0.02502400 -0.01570900 1.42133100
20 -1.36877100 0.00002500 0.00000200 0.03357100 0.04032700 0.59071800
21 -1.91873400 -1.31984500 0.85662700 2.02384700 0.10197800 0.98895100
22 -1.62789200 0.15474800 0.01182700 -0.20199600 -0.08390500 0.59871700
23 -1.59928500 0.00000400 0.00001600 0.02557400 -0.03449400 0.91320200
24 5.51181500 0.00000800 -0.00000100 2.08521199 0.00006234 3.14156143
25 0.68299400 0.03595600 0.57798300 2.79340799 -0.00009656 -3.14154768
26 -2.92786500 -14.59732400 1.96421200 1.97586200 1.15990900 1.84280300
27 6.21448500 0.00000600 0.00002000 -0.92110619 0.56340266 -1.38385321
28 11.94488500 -0.00002900 -0.00019400 -0.26723961 -0.35034250 -1.63294009
29 10.62016600 0.00000200 0.00001000 -1.06016226 -0.72851922 0.10598665
30 4.75115600 0.69437600 -0.83047300 -0.17093900 -0.06480100 1.29897400
31 1.68806500 -0.00002600 0.00000200 0.00336200 -0.02449300 1.30290100
32 1.33615100 -0.00005100 -0.00000900 0.00799700 -0.03789800 0.16278400
33 4.82051300 0.50934000 0.22486500 -0.24420100 0.05267900 1.58206000
34 1.82699600 0.00006600 0.00000800 -0.01686100 0.03682700 0.84488800
35 1.43657700 -0.00001000 0.00000700 0.00412400 -0.01459100 0.56514400
36 3.99235300 0.89108700 1.82799400 -0.37865700 0.12332300 1.31184400
37 1.40591800 0.00002100 -0.00000700 0.00198400 -0.02939200 0.80822100
38 1.17536900 -0.00013100 0.00000200 0.10534000 0.06405800 0.98153900
39 4.52675600 0.69046000 1.12084200 -0.32139500 0.15846600 1.65825200
40 1.74404100 -0.00003100 -0.00000200 -0.01341100 -0.02631800 0.88408200
41 1.36876300 -0.00003100 -0.00001700 0.09716800 0.12559600 0.47588800
42 1.87485500 0.93508100 -0.99913000 2.38907000 0.37915900 1.26206900
43 1.52344900 -0.00003400 -0.00000300 0.04999000 0.01215500 0.50137700
44 1.59928100 -0.00000200 0.00000900 0.07849600 -0.02838400 1.17207700
45 5.51180600 -0.00000200 0.00000600 0.05767400 0.00000000 0.00000000
46 0.19685000 0.00000300 -0.00000200 -0.34822500 0.00001500 -0.00000200
47 0.00000000 0.00000000 0.00000000 0.00000000 0.00000000 -1.57079600
48 -6.52967500 79.73875400 -3.19662000 0.00000000 0.00000000 -3.14156200
49 -8.57207077 95.52807860 -2.72438148 0.41323387 0.22299546 -0.38421789
50 6.00706600 1.08056200 -6.86607000 0.70991500 1.05114300 2.16381900
51 0.99931000 0.00655900 -4.12445600 0.00000000 0.00000000 0.00000000
52 -5.53212500 0.00656000 -2.60195000 0.00000000 0.00000000 0.00000000
53 -2.12495800 0.00655900 -3.63194000 0.00000000 0.00000000 0.00000000
54 22.48682800 0.00576400 0.04656100 0.00000000 0.00000000 0.00000000
55 -6.90297100 -2.43099300 -4.62374600 3.01602400 -0.23384000 -1.83328500
time 21
0 -0.00000100 7.45008900 -27.50902600 0.00000000 0.00000000 0.00003100
1 -0.00000200 0.00000000 0.00000000 1.57074300 -1.56713700 -1.57074300
2 4.25546800 -0.33518300 -0.00000200 0.00000000 0.00000000 -0.12484800
3 7.43124800 1.49647700 0.00000200 0.00000000 0.00000000 0.24545000
4 5.27847900 0.16554100 0.00000100 0.00000000 0.00000000 0.04851100
5 -4.01433000 -17.66731800 4.29097700 1.97586400 1.15990900 -1.29878600
6 -6.21448200 -0.00000700 -0.00002700 -3.04524258 -0.76210524 1.45818205
7 11.94488200 0.00000000 0.00000100 0.01278453 -0.31193235 2.05398151
8 10.62018100 0.00000200 0.00000000 1.35665373 0.03146696 2.92306750
9 -4.75110600 -0.69449400 0.83057700 -0.17739400 0.01599100 0.22108400
10 -1.68806800 0.00004600 -0.00003200 0.00457900 -0.02430400 1.25266100
11 -1.33614000 0.00005700 -0.00001200 0.02629800 -0.00107200 0.59212700
12 -4.82049400 -0.50946000 -0.22475900 -0.29384300 0.04878100 0.68958600
13 -1.82699200 -0.00006400 0.00000600 -0.00597100 0.04001900 1.12661300
14 -1.43657300 0.00000600 0.00000200 -0.06657600 -0.04031800 0.93461100
15 -3.99235500 -0.89118800 -1.82790900 -0.52215700 0.10628100 1.00838100
16 -1.40591800 -0.00002500 -0.00000300 -0.00793500 -0.02837500 1.14618500
17 -1.17535800 0.00012800 -0.00002000 0.06208200 0.02754600 1.05720900
18 -4.52675100 -0.69057500 -1.12074400 -0.41778200 0.08544600 1.18122300
19 -1.74403800 0.00003300 -0.00000800 -0.02502400 -0.01570900 1.42133100
20 -1.36877100 0.00002500 0.00000200 0.03357100 0.04032700 0.59071800
21 -1.91873400 -1.31984500 0.85662700 2.02384700 0.10197800 0.98895100
22 -1.62789200 0.15474800 0.01182700 -0.20199600 -0.08390500 0.59871700
23 -1.59928500 0.00000400 0.00001600 0.02557400 -0.03449400 0.91320200
24 5.51181500 0.00000800 -0.00000100 2.08521199 0.00006234 3.14156143
25 0.68299400 0.03595600 0.57798300 2.79340799 -0.00009656 -3.14154768
26 -2.92786500 -14.59732400 1.96421200 1.97586200 1.15990900 1.84280300
27 6.21448500 0.00000600 0.00002000 -0.91872559 0.56665220 -1.38175449
28 11.94488500 -0.00002900 -0.00019400 -0.26680510 -0.35056068 -1.63403234
29 10.62016600 0.00000200 0.00001000 -1.06309959 -0.73017378 0.10665053
30 4.75115600 0.69437600 -0.83047300 -0.17093900 -0.06480100 1.29897400
31 1.68806500 -0.00002600 0.00000200 0.00336200 -0.02449300 1.30290100
32 1.33615100 -0.00005100 -0.00000900 0.00799700 -0.03789800 0.16278400
33 4.82051300 0.50934000 0.22486500 -0.24420100 0.05267900 1.58206000
34 1.82699600 0.00006600 0.00000800 -0.01686100 0.03682700 0.84488800
35 1.43657700 -0.00001000 0.00000700 0.00412400 -0.01459100 0.56514400
36 3.99235300 0.89108700 1.82799400 -0.37865700 0.12332300 1.31184400
37 1.40591800 0.00002100 -0.00000700 0.00198400 -0.02939200 0.80822100
38 1.17536900 -0.00013100 0.00000200 0.10534000 0.06405800 0.98153900
39 4.52675600 0.69046000 1.12084200 -0.32139500 0.15846600 1.65825200
40 1.74404100 -0.00003100 -0.00000200 -0.01341100 -0.02631800 0.88408200
41 1.36876300 -0.00003100 -0.00001700 0.09716800 0.12559600 0.47588800
42 1.87485500 0.93508100 -0.99913000 2.38907000 0.37915900 1.26206900
43 1.52344900 -0.00003400 -0.00000300 0.04999000 0.01215500 0.50137700
44 1.59928100 -0.00000200 0.00000900 0.07849600 -0.02838400 1.17207700
45 5.51180600 -0.00000200 0.00000600 0.05767400 0.00000000 0.00000000
46 0.19685000 0.00000300 -0.00000200 -0.34822500 0.00001500 -0.00000200
47 0.00000000 0.00000000 0.00000000 0.00000000 0.00000000 -1.57079600
48 -6.52967500 79.73875400 -3.19662000 0.00000000 0.00000000 -3.14156200
49 -8.58234519 95.52807860 -2.75463678 0.41299261 0.22041527 -0.38479651
50 6.00706600 1.08056200 -6.86607000 0.70991500 1.05114300 2.16381900
51 0.99931000 0.00655900 -4.12445600 0.00000000 0.00000000 0.00000000
52 -5.53212500 0.00656000 -2.60195000 0.00000000 0.00000000 0.00000000
53 -2.12495800 0.00655900 -3.63194000 0.00000000 0.00000000 0.00000000
54 22.48682800 0.00576400 0.04656100 0.00000000 0.00000000 0.00000000
55 -6.90297100 -2.43099300 -4.62374600 3.01602400 -0.23384000 -1.83328500
time 22
0 -0.00000100 7.45008900 -27.50902600 0.00000000 0.00000000 0.00003100
1 -0.00000200 0.00000000 0.00000000 1.57074300 -1.56713700 -1.57074300
2 4.25546800 -0.33518300 -0.00000200 0.00000000 0.00000000 -0.12484800
3 7.43124800 1.49647700 0.00000200 0.00000000 0.00000000 0.24545000
4 5.27847900 0.16554100 0.00000100 0.00000000 0.00000000 0.04851100
5 -4.01433000 -17.66731800 4.29097700 1.97586400 1.15990900 -1.29878600
6 -6.21448200 -0.00000700 -0.00002700 -3.04811478 -0.76265770 1.46042138
7 11.94488200 0.00000000 0.00000100 0.01238766 -0.31185564 2.05524065
8 10.62018100 0.00000200 0.00000000 1.35699925 0.03150630 2.92166836
9 -4.75110600 -0.69449400 0.83057700 -0.17739400 0.01599100 0.22108400
10 -1.68806800 0.00004600 -0.00003200 0.00457900 -0.02430400 1.25266100
11 -1.33614000 0.00005700 -0.00001200 0.02629800 -0.00107200 0.59212700
12 -4.82049400 -0.50946000 -0.22475900 -0.29384300 0.04878100 0.68958600
13 -1.82699200 -0.00006400 0.00000600 -0.00597100 0.04001900 1.12661300
14 -1.43657300 0.00000600 0.00000200 -0.06657600 -0.04031800 0.93461100
15 -3.99235500 -0.89118800 -1.82790900 -0.52215700 0.10628100 1.00838100
16 -1.40591800 -0.00002500 -0.00000300 -0.00793500 -0.02837500 1.14618500
17 -1.17535800 0.00012800 -0.00002000 0.06208200 0.02754600 1.05720900
18 -4.52675100 -0.69057500 -1.12074400 -0.41778200 0.08544600 1.18122300
19 -1.74403800 0.00003300 -0.00000800 -0.02502400 -0.01570900 1.42133100
20 -1.36877100 0.00002500 0.00000200 0.03357100 0.04032700 0.59071800
21 -1.91873400 -1.31984500 0.85662700 2.02384700 0.10197800 0.98895100
22 -1.62789200 0.15474800 0.01182700 -0.20199600 -0.08390500 0.59871700
23 -1.59928500 0.00000400 0.00001600 0.02557400 -0.03449400 0.91320200
24 5.51181500 0.00000800 -0.00000100 2.08521199 0.00006234 3.14156143
25 0.68299400 0.03595600 0.57798300 2.79340799 -0.00009656 -3.14154768
26 -2.92786500 -14.59732400 1.96421200 1.97586200 1.15990900 1.84280300
27 6.21448500 0.00000600 0.00002000 -0.91633365 0.56970168 -1.37977290
28 11.94488500 -0.00002900 -0.00019400 -0.26652279 -0.35076177 -1.63496727
29 10.62016600 0.00000200 0.00001000 -1.06601559 -0.73178251 0.10726133
30 4.75115600 0.69437600 -0.83047300 -0.17093900 -0.06480100 1.29897400
31 1.68806500 -0.00002600 0.00000200 0.00336200 -0.02449300 1.30290100
32 1.33615100 -0.00005100 -0.00000900 0.00799700 -0.03789800 0.16278400
33 4.82051300 0.50934000 0.22486500 -0.24420100 0.05267900 1.58206000
34 1.82699600 0.00006600 0.00000800 -0.01686100 0.03682700 0.84488800
35 1.43657700 -0.00001000 0.00000700 0.00412400 -0.01459100 0.56514400
36 3.99235300 0.89108700 1.82799400 -0.37865700 0.12332300 1.31184400
37 1.40591800 0.00002100 -0.00000700 0.00198400 -0.02939200 0.80822100
38 1.17536900 -0.00013100 0.00000200 0.10534000 0.06405800 0.98153900
39 4.52675600 0.69046000 1.12084200 -0.32139500 0.15846600 1.65825200
40 1.74404100 -0.00003100 -0.00000200 -0.01341100 -0.02631800 0.88408200
41 1.36876300 -0.00003100 -0.00001700 0.09716800 0.12559600 0.47588800
42 1.87485500 0.93508100 -0.99913000 2.38907000 0.37915900 1.26206900
43 1.52344900 -0.00003400 -0.00000300 0.04999000 0.01215500 0.50137700
44 1.59928100 -0.00000200 0.00000900 0.07849600 -0.02838400 1.17207700
45 5.51180600 -0.00000200 0.00000600 0.05767400 0.00000000 0.00000000
46 0.19685000 0.00000300 -0.00000200 -0.34822500 0.00001500 -0.00000200
47 0.00000000 0.00000000 0.00000000 0.00000000 0.00000000 -1.57079600
48 -6.52967500 79.73875400 -3.19662000 0.00000000 0.00000000 -3.14156200
49 -8.59192264 95.52807860 -2.78308913 0.41282269 0.21807503 -0.38524321
50 6.00706600 1.08056200 -6.86607000 0.70991500 1.05114300 2.16381900
51 0.99931000 0.00655900 -4.12445600 0.00000000 0.00000000 0.00000000
52 -5.53212500 0.00656000 -2.60195000 0.00000000 0.00000000 0.00000000
53 -2.12495800 0.00655900 -3.63194000 0.00000000 0.00000000 0.00000000
54 22.48682800 0.00576400 0.04656100 0.00000000 0.00000000 0.00000000
55 -6.90297100 -2.43099300 -4.62374600 3.01602400 -0.23384000 -1.83328500
time 23
0 -0.00000100 7.45008900 -27.50902600 0.00000000 0.00000000 0.00003100
1 -0.00000200 0.00000000 0.00000000 1.57074300 -1.56713700 -1.57074300
2 4.25546800 -0.33518300 -0.00000200 0.00000000 0.00000000 -0.12484800
3 7.43124800 1.49647700 0.00000200 0.00000000 0.00000000 0.24545000
4 5.27847900 0.16554100 0.00000100 0.00000000 0.00000000 0.04851100
5 -4.01433000 -17.66731800 4.29097700 1.97586400 1.15990900 -1.29878600
6 -6.21448200 -0.00000700 -0.00002700 -3.05076631 -0.76325965 1.46262401
7 11.94488200 0.00000000 0.00000100 0.01202025 -0.31180028 2.05649346
8 10.62018100 0.00000200 0.00000000 1.35731848 0.03143075 2.92028051
9 -4.75110600 -0.69449400 0.83057700 -0.17739400 0.01599100 0.22108400
10 -1.68806800 0.00004600 -0.00003200 0.00457900 -0.02430400 1.25266100
11 -1.33614000 0.00005700 -0.00001200 0.02629800 -0.00107200 0.59212700
12 -4.82049400 -0.50946000 -0.22475900 -0.29384300 0.04878100 0.68958600
13 -1.82699200 -0.00006400 0.00000600 -0.00597100 0.04001900 1.12661300
14 -1.43657300 0.00000600 0.00000200 -0.06657600 -0.04031800 0.93461100
15 -3.99235500 -0.89118800 -1.82790900 -0.52215700 0.10628100 1.00838100
16 -1.40591800 -0.00002500 -0.00000300 -0.00793500 -0.02837500 1.14618500
17 -1.17535800 0.00012800 -0.00002000 0.06208200 0.02754600 1.05720900
18 -4.52675100 -0.69057500 -1.12074400 -0.41778200 0.08544600 1.18122300
19 -1.74403800 0.00003300 -0.00000800 -0.02502400 -0.01570900 1.42133100
20 -1.36877100 0.00002500 0.00000200 0.03357100 0.04032700 0.59071800
21 -1.91873400 -1.31984500 0.85662700 2.02384700 0.10197800 0.98895100
22 -1.62789200 0.15474800 0.01182700 -0.20199600 -0.08390500 0.59871700
23 -1.59928500 0.00000400 0.00001600 0.02557400 -0.03449400 0.91320200
24 5.51181500 0.00000800 -0.00000100 2.08521199 0.00006234 3.14156143
25 0.68299400 0.03595600 0.57798300 2.79340799 -0.00009656 -3.14154768
26 -2.92786500 -14.59732400 1.96421200 1.97586200 1.15990900 1.84280300
27 6.21448500 0.00000600 0.00002000 -0.91408990 0.57249433 -1.37804021
28 11.94488500 -0.00002900 -0.00019400 -0.26616535 -0.35088918 -1.63595681
29 10.62016600 0.00000200 0.00001000 -1.06870140 -0.73334578 0.10775832
30 4.75115600 0.69437600 -0.83047300 -0.17093900 -0.06480100 1.29897400
31 1.68806500 -0.00002600 0.00000200 0.00336200 -0.02449300 1.30290100
32 1.33615100 -0.00005100 -0.00000900 0.00799700 -0.03789800 0.16278400
33 4.82051300 0.50934000 0.22486500 -0.24420100 0.05267900 1.58206000
34 1.82699600 0.00006600 0.00000800 -0.01686100 0.03682700 0.84488800
35 1.43657700 -0.00001000 0.00000700 0.00412400 -0.01459100 0.56514400
36 3.99235300 0.89108700 1.82799400 -0.37865700 0.12332300 1.31184400
37 1.40591800 0.00002100 -0.00000700 0.00198400 -0.02939200 0.80822100
38 1.17536900 -0.00013100 0.00000200 0.10534000 0.06405800 0.98153900
39 4.52675600 0.69046000 1.12084200 -0.32139500 0.15846600 1.65825200
40 1.74404100 -0.00003100 -0.00000200 -0.01341100 -0.02631800 0.88408200
41 1.36876300 -0.00003100 -0.00001700 0.09716800 0.12559600 0.47588800
42 1.87485500 0.93508100 -0.99913000 2.38907000 0.37915900 1.26206900
43 1.52344900 -0.00003400 -0.00000300 0.04999000 0.01215500 0.50137700
44 1.59928100 -0.00000200 0.00000900 0.07849600 -0.02838400 1.17207700
45 5.51180600 -0.00000200 0.00000600 0.05767400 0.00000000 0.00000000
46 0.19685000 0.00000300 -0.00000200 -0.34822500 0.00001500 -0.00000200
47 0.00000000 0.00000000 0.00000000 0.00000000 0.00000000 -1.57079600
48 -6.52967500 79.73875400 -3.19662000 0.00000000 0.00000000 -3.14156200
49 -8.59974179 95.52807860 -2.80923117 0.41276716 0.21580831 -0.38580154
50 6.00706600 1.08056200 -6.86607000 0.70991500 1.05114300 2.16381900
51 0.99931000 0.00655900 -4.12445600 0.00000000 0.00000000 0.00000000
52 -5.53212500 0.00656000 -2.60195000 0.00000000 0.00000000 0.00000000
53 -2.12495800 0.00655900 -3.63194000 0.00000000 0.00000000 0.00000000
54 22.48682800 0.00576400 0.04656100 0.00000000 0.00000000 0.00000000
55 -6.90297100 -2.43099300 -4.62374600 3.01602400 -0.23384000 -1.83328500
time 24
0 -0.00000100 7.45008900 -27.50902600 0.00000000 0.00000000 0.00003100
1 -0.00000200 0.00000000 0.00000000 1.57074300 -1.56713700 -1.57074300
2 4.25546800 -0.33518300 -0.00000200 0.00000000 0.00000000 -0.12484800
3 7.43124800 1.49647700 0.00000200 0.00000000 0.00000000 0.24545000
4 5.27847900 0.16554100 0.00000100 0.00000000 0.00000000 0.04851100
5 -4.01433000 -17.66731800 4.29097700 1.97586400 1.15990900 -1.29878600
6 -6.21448200 -0.00000700 -0.00002700 -3.05311410 -0.76364168 1.46452260
7 11.94488200 0.00000000 0.00000100 0.01168469 -0.31174210 2.05753753
8 10.62018100 0.00000200 0.00000000 1.35762799 0.03136754 2.91901447
9 -4.75110600 -0.69449400 0.83057700 -0.17739400 0.01599100 0.22108400
10 -1.68806800 0.00004600 -0.00003200 0.00457900 -0.02430400 1.25266100
11 -1.33614000 0.00005700 -0.00001200 0.02629800 -0.00107200 0.59212700
12 -4.82049400 -0.50946000 -0.22475900 -0.29384300 0.04878100 0.68958600
13 -1.82699200 -0.00006400 0.00000600 -0.00597100 0.04001900 1.12661300
14 -1.43657300 0.00000600 0.00000200 -0.06657600 -0.04031800 0.93461100
15 -3.99235500 -0.89118800 -1.82790900 -0.52215700 0.10628100 1.00838100
16 -1.40591800 -0.00002500 -0.00000300 -0.00793500 -0.02837500 1.14618500
17 -1.17535800 0.00012800 -0.00002000 0.06208200 0.02754600 1.05720900
18 -4.52675100 -0.69057500 -1.12074400 -0.41778200 0.08544600 1.18122300
19 -1.74403800 0.00003300 -0.00000800 -0.02502400 -0.01570900 1.42133100
20 -1.36877100 0.00002500 0.00000200 0.03357100 0.04032700 0.59071800
21 -1.91873400 -1.31984500 0.85662700 2.02384700 0.10197800 0.98895100
22 -1.62789200 0.15474800 0.01182700 -0.20199600 -0.08390500 0.59871700
23 -1.59928500 0.00000400 0.00001600 0.02557400 -0.03449400 0.91320200
24 5.51181500 0.00000800 -0.00000100 2.08521199 0.00006234 3.14156143
25 0.68299400 0.03595600 0.57798300 2.79340799 -0.00009656 -3.14154768
26 -2.92786500 -14.59732400 1.96421200 1.97586200 1.15990900 1.84280300
27 6.21448500 0.00000600 0.00002000 -0.91198056 0.57501843 -1.37633394
28 11.94488500 -0.00002900 -0.00019400 -0.26592460 -0.35116648 -1.63662874
29 10.62016600 0.00000200 0.00001000 -1.07124387 -0.73479058 0.10823506
30 4.75115600 0.69437600 -0.83047300 -0.17093900 -0.06480100 1.29897400
31 1.68806500 -0.00002600 0.00000200 0.00336200 -0.02449300 1.30290100
32 1.33615100 -0.00005100 -0.00000900 0.00799700 -0.03789800 0.16278400
33 4.82051300 0.50934000 0.22486500 -0.24420100 0.05267900 1.58206000
34 1.82699600 0.00006600 0.00000800 -0.01686100 0.03682700 0.84488800
35 1.43657700 -0.00001000 0.00000700 0.00412400 -0.01459100 0.56514400
36 3.99235300 0.89108700 1.82799400 -0.37865700 0.12332300 1.31184400
37 1.40591800 0.00002100 -0.00000700 0.00198400 -0.02939200 0.80822100
38 1.17536900 -0.00013100 0.00000200 0.10534000 0.06405800 0.98153900
39 4.52675600 0.69046000 1.12084200 -0.32139500 0.15846600 1.65825200
40 1.74404100 -0.00003100 -0.00000200 -0.01341100 -0.02631800 0.88408200
41 1.36876300 -0.00003100 -0.00001700 0.09716800 0.12559600 0.47588800
42 1.87485500 0.93508100 -0.99913000 2.38907000 0.37915900 1.26206900
43 1.52344900 -0.00003400 -0.00000300 0.04999000 0.01215500 0.50137700
44 1.59928100 -0.00000200 0.00000900 0.07849600 -0.02838400 1.17207700
45 5.51180600 -0.00000200 0.00000600 0.05767400 0.00000000 0.00000000
46 0.19685000 0.00000300 -0.00000200 -0.34822500 0.00001500 -0.00000200
47 0.00000000 0.00000000 0.00000000 0.00000000 0.00000000 -1.57079600
48 -6.52967500 79.73875400 -3.19662000 0.00000000 0.00000000 -3.14156200
49 -8.60700994 95.52807860 -2.83305120 0.41277073 0.21379158 -0.38621782
50 6.00706600 1.08056200 -6.86607000 0.70991500 1.05114300 2.16381900
51 0.99931000 0.00655900 -4.12445600 0.00000000 0.00000000 0.00000000
52 -5.53212500 0.00656000 -2.60195000 0.00000000 0.00000000 0.00000000
53 -2.12495800 0.00655900 -3.63194000 0.00000000 0.00000000 0.00000000
54 22.48682800 0.00576400 0.04656100 0.00000000 0.00000000 0.00000000
55 -6.90297100 -2.43099300 -4.62374600 3.01602400 -0.23384000 -1.83328500
time 25
0 -0.00000100 7.45008900 -27.50902600 0.00000000 0.00000000 0.00003100
1 -0.00000200 0.00000000 0.00000000 1.57074300 -1.56713700 -1.57074300
2 4.25546800 -0.33518300 -0.00000200 0.00000000 0.00000000 -0.12484800
3 7.43124800 1.49647700 0.00000200 0.00000000 0.00000000 0.24545000
4 5.27847900 0.16554100 0.00000100 0.00000000 0.00000000 0.04851100
5 -4.01433000 -17.66731800 4.29097700 1.97586400 1.15990900 -1.29878600
6 -6.21448200 -0.00000700 -0.00002700 -3.05518731 -0.76407481 1.46640252
7 11.94488200 0.00000000 0.00000100 0.01142384 -0.31161555 2.05853214
8 10.62018100 0.00000200 0.00000000 1.35803478 0.03109632 2.91787510
9 -4.75110600 -0.69449400 0.83057700 -0.17739400 0.01599100 0.22108400
10 -1.68806800 0.00004600 -0.00003200 0.00457900 -0.02430400 1.25266100
11 -1.33614000 0.00005700 -0.00001200 0.02629800 -0.00107200 0.59212700
12 -4.82049400 -0.50946000 -0.22475900 -0.29384300 0.04878100 0.68958600
13 -1.82699200 -0.00006400 0.00000600 -0.00597100 0.04001900 1.12661300
14 -1.43657300 0.00000600 0.00000200 -0.06657600 -0.04031800 0.93461100
15 -3.99235500 -0.89118800 -1.82790900 -0.52215700 0.10628100 1.00838100
16 -1.40591800 -0.00002500 -0.00000300 -0.00793500 -0.02837500 1.14618500
17 -1.17535800 0.00012800 -0.00002000 0.06208200 0.02754600 1.05720900
18 -4.52675100 -0.69057500 -1.12074400 -0.41778200 0.08544600 1.18122300
19 -1.74403800 0.00003300 -0.00000800 -0.02502400 -0.01570900 1.42133100
20 -1.36877100 0.00002500 0.00000200 0.03357100 0.04032700 0.59071800
21 -1.91873400 -1.31984500 0.85662700 2.02384700 0.10197800 0.98895100
22 -1.62789200 0.15474800 0.01182700 -0.20199600 -0.08390500 0.59871700
23 -1.59928500 0.00000400 0.00001600 0.02557400 -0.03449400 0.91320200
24 5.51181500 0.00000800 -0.00000100 2.08521199 0.00006234 3.14156143
25 0.68299400 0.03595600 0.57798300 2.79340799 -0.00009656 -3.14154768
26 -2.92786500 -14.59732400 1.96421200 1.97586200 1.15990900 1.84280300
27 6.21448500 0.00000600 0.00002000 -0.91001455 0.57733435 -1.37485764
28 11.94488500 -0.00002900 -0.00019400 -0.26567615 -0.35131572 -1.63734828
29 10.62016600 0.00000200 0.00001000 -1.07350789 -0.73628072 0.10849818
30 4.75115600 0.69437600 -0.83047300 -0.17093900 -0.06480100 1.29897400
31 1.68806500 -0.00002600 0.00000200 0.00336200 -0.02449300 1.30290100
32 1.33615100 -0.00005100 -0.00000900 0.00799700 -0.03789800 0.16278400
33 4.82051300 0.50934000 0.22486500 -0.24420100 0.05267900 1.58206000
34 1.82699600 0.00006600 0.00000800 -0.01686100 0.03682700 0.84488800
35 1.43657700 -0.00001000 0.00000700 0.00412400 -0.01459100 0.56514400
36 3.99235300 0.89108700 1.82799400 -0.37865700 0.12332300 1.31184400
37 1.40591800 0.00002100 -0.00000700 0.00198400 -0.02939200 0.80822100
38 1.17536900 -0.00013100 0.00000200 0.10534000 0.06405800 0.98153900
39 4.52675600 0.69046000 1.12084200 -0.32139500 0.15846600 1.65825200
40 1.74404100 -0.00003100 -0.00000200 -0.01341100 -0.02631800 0.88408200
41 1.36876300 -0.00003100 -0.00001700 0.09716800 0.12559600 0.47588800
42 1.87485500 0.93508100 -0.99913000 2.38907000 0.37915900 1.26206900
43 1.52344900 -0.00003400 -0.00000300 0.04999000 0.01215500 0.50137700
44 1.59928100 -0.00000200 0.00000900 0.07849600 -0.02838400 1.17207700
45 5.51180600 -0.00000200 0.00000600 0.05767400 0.00000000 0.00000000
46 0.19685000 0.00000300 -0.00000200 -0.34822500 0.00001500 -0.00000200
47 0.00000000 0.00000000 0.00000000 0.00000000 0.00000000 -1.57079600
48 -6.52967500 79.73875400 -3.19662000 0.00000000 0.00000000 -3.14156200
49 -8.61310028 95.52807860 -2.85399970 0.41284536 0.21193240 -0.38661970
50 6.00706600 1.08056200 -6.86607000 0.70991500 1.05114300 2.16381900
51 0.99931000 0.00655900 -4.12445600 0.00000000 0.00000000 0.00000000
52 -5.53212500 0.00656000 -2.60195000 0.00000000 0.00000000 0.00000000
53 -2.12495800 0.00655900 -3.63194000 0.00000000 0.00000000 0.00000000
54 22.48682800 0.00576400 0.04656100 0.00000000 0.00000000 0.00000000
55 -6.90297100 -2.43099300 -4.62374600 3.01602400 -0.23384000 -1.83328500
time 26
0 -0.00000100 7.45008900 -27.50902600 0.00000000 0.00000000 0.00003100
1 -0.00000200 0.00000000 0.00000000 1.57074300 -1.56713700 -1.57074300
2 4.25546800 -0.33518300 -0.00000200 0.00000000 0.00000000 -0.12484800
3 7.43124800 1.49647700 0.00000200 0.00000000 0.00000000 0.24545000
4 5.27847900 0.16554100 0.00000100 0.00000000 0.00000000 0.04851100
5 -4.01433000 -17.66731800 4.29097700 1.97586400 1.15990900 -1.29878600
6 -6.21448200 -0.00000700 -0.00002700 -3.05668768 -0.76440719 1.46786219
7 11.94488200 0.00000000 0.00000100 0.01109568 -0.31150256 2.05939985
8 10.62018100 0.00000200 0.00000000 1.35840269 0.03078255 2.91688590
9 -4.75110600 -0.69449400 0.83057700 -0.17739400 0.01599100 0.22108400
10 -1.68806800 0.00004600 -0.00003200 0.00457900 -0.02430400 1.25266100
11 -1.33614000 0.00005700 -0.00001200 0.02629800 -0.00107200 0.59212700
12 -4.82049400 -0.50946000 -0.22475900 -0.29384300 0.04878100 0.68958600
13 -1.82699200 -0.00006400 0.00000600 -0.00597100 0.04001900 1.12661300
14 -1.43657300 0.00000600 0.00000200 -0.06657600 -0.04031800 0.93461100
15 -3.99235500 -0.89118800 -1.82790900 -0.52215700 0.10628100 1.00838100
16 -1.40591800 -0.00002500 -0.00000300 -0.00793500 -0.02837500 1.14618500
17 -1.17535800 0.00012800 -0.00002000 0.06208200 0.02754600 1.05720900
18 -4.52675100 -0.69057500 -1.12074400 -0.41778200 0.08544600 1.18122300
19 -1.74403800 0.00003300 -0.00000800 -0.02502400 -0.01570900 1.42133100
20 -1.36877100 0.00002500 0.00000200 0.03357100 0.04032700 0.59071800
21 -1.91873400 -1.31984500 0.85662700 2.02384700 0.10197800 0.98895100
22 -1.62789200 0.15474800 0.01182700 -0.20199600 -0.08390500 0.59871700
23 -1.59928500 0.00000400 0.00001600 0.02557400 -0.03449400 0.91320200
24 5.51181500 0.00000800 -0.00000100 2.08521199 0.00006234 3.14156143
25 0.68299400 0.03595600 0.57798300 2.79340799 -0.00009656 -3.14154768
26 -2.92786500 -14.59732400 1.96421200 1.97586200 1.15990900 1.84280300
27 6.21448500 0.00000600 0.00002000 -0.90827783 0.57919028 -1.37373655
28 11.94488500 -0.00002900 -0.00019400 -0.26553199 -0.35148668 -1.63780240
29 10.62016600 0.00000200 0.00001000 -1.07577076 -0.73759599 0.10884478
30 4.75115600 0.69437600 -0.83047300 -0.17093900 -0.06480100 1.29897400
31 1.68806500 -0.00002600 0.00000200 0.00336200 -0.02449300 1.30290100
32 1.33615100 -0.00005100 -0.00000900 0.00799700 -0.03789800 0.16278400
33 4.82051300 0.50934000 0.22486500 -0.24420100 0.05267900 1.58206000
34 1.82699600 0.00006600 0.00000800 -0.01686100 0.03682700 0.84488800
35 1.43657700 -0.00001000 0.00000700 0.00412400 -0.01459100 0.56514400
36 3.99235300 0.89108700 1.82799400 -0.37865700 0.12332300 1.31184400
37 1.40591800 0.00002100 -0.00000700 0.00198400 -0.02939200 0.80822100
38 1.17536900 -0.00013100 0.00000200 0.10534000 0.06405800 0.98153900
39 4.52675600 0.69046000 1.12084200 -0.32139500 0.15846600 1.65825200
40 1.74404100 -0.00003100 -0.00000200 -0.01341100 -0.02631800 0.88408200
41 1.36876300 -0.00003100 -0.00001700 0.09716800 0.12559600 0.47588800
42 1.87485500 0.93508100 -0.99913000 2.38907000 0.37915900 1.26206900
43 1.52344900 -0.00003400 -0.00000300 0.04999000 0.01215500 0.50137700
44 1.59928100 -0.00000200 0.00000900 0.07849600 -0.02838400 1.17207700
45 5.51180600 -0.00000200 0.00000600 0.05767400 0.00000000 0.00000000
46 0.19685000 0.00000300 -0.00000200 -0.34822500 0.00001500 -0.00000200
47 0.00000000 0.00000000 0.00000000 0.00000000 0.00000000 -1.57079600
48 -6.52967500 79.73875400 -3.19662000 0.00000000 0.00000000 -3.14156200
49 -8.61783245 95.52807860 -2.87173595 0.41306000 0.21034227 -0.38707851
50 6.00706600 1.08056200 -6.86607000 0.70991500 1.05114300 2.16381900
51 0.99931000 0.00655900 -4.12445600 0.00000000 0.00000000 0.00000000
52 -5.53212500 0.00656000 -2.60195000 0.00000000 0.00000000 0.00000000
53 -2.12495800 0.00655900 -3.63194000 0.00000000 0.00000000 0.00000000
54 22.48682800 0.00576400 0.04656100 0.00000000 0.00000000 0.00000000
55 -6.90297100 -2.43099300 -4.62374600 3.01602400 -0.23384000 -1.83328500
time 27
0 -0.00000100 7.45008900 -27.50902600 0.00000000 0.00000000 0.00003100
1 -0.00000200 0.00000000 0.00000000 1.57074300 -1.56713700 -1.57074300
2 4.25546800 -0.33518300 -0.00000200 0.00000000 0.00000000 -0.12484800
3 7.43124800 1.49647700 0.00000200 0.00000000 0.00000000 0.24545000
4 5.27847900 0.16554100 0.00000100 0.00000000 0.00000000 0.04851100
5 -4.01433000 -17.66731800 4.29097700 1.97586400 1.15990900 -1.29878600
6 -6.21448200 -0.00000700 -0.00002700 -3.05802480 -0.76459830 1.46921640
7 11.94488200 0.00000000 0.00000100 0.01090854 -0.31141886 2.06014055
8 10.62018100 0.00000200 0.00000000 1.35876077 0.03042666 2.91608551
9 -4.75110600 -0.69449400 0.83057700 -0.17739400 0.01599100 0.22108400
10 -1.68806800 0.00004600 -0.00003200 0.00457900 -0.02430400 1.25266100
11 -1.33614000 0.00005700 -0.00001200 0.02629800 -0.00107200 0.59212700
12 -4.82049400 -0.50946000 -0.22475900 -0.29384300 0.04878100 0.68958600
13 -1.82699200 -0.00006400 0.00000600 -0.00597100 0.04001900 1.12661300
14 -1.43657300 0.00000600 0.00000200 -0.06657600 -0.04031800 0.93461100
15 -3.99235500 -0.89118800 -1.82790900 -0.52215700 0.10628100 1.00838100
16 -1.40591800 -0.00002500 -0.00000300 -0.00793500 -0.02837500 1.14618500
17 -1.17535800 0.00012800 -0.00002000 0.06208200 0.02754600 1.05720900
18 -4.52675100 -0.69057500 -1.12074400 -0.41778200 0.08544600 1.18122300
19 -1.74403800 0.00003300 -0.00000800 -0.02502400 -0.01570900 1.42133100
20 -1.36877100 0.00002500 0.00000200 0.03357100 0.04032700 0.59071800
21 -1.91873400 -1.31984500 0.85662700 2.02384700 0.10197800 0.98895100
22 -1.62789200 0.15474800 0.01182700 -0.20199600 -0.08390500 0.59871700
23 -1.59928500 0.00000400 0.00001600 0.02557400 -0.03449400 0.91320200
24 5.51181500 0.00000800 -0.00000100 2.08521199 0.00006234 3.14156143
25 0.68299400 0.03595600 0.57798300 2.79340799 -0.00009656 -3.14154768
26 -2.92786500 -14.59732400 1.96421200 1.97586200 1.15990900 1.84280300
27 6.21448500 0.00000600 0.00002000 -0.90675082 0.58072392 -1.37265325
28 11.94488500 -0.00002900 -0.00019400 -0.26540896 -0.35164118 -1.63813525
29 10.62016600 0.00000200 0.00001000 -1.07753379 -0.73864946 0.10893279
30 4.75115600 0.69437600 -0.83047300 -0.17093900 -0.06480100 1.29897400
31 1.68806500 -0.00002600 0.00000200 0.00336200 -0.02449300 1.30290100
32 1.33615100 -0.00005100 -0.00000900 0.00799700 -0.03789800 0.16278400
33 4.82051300 0.50934000 0.22486500 -0.24420100 0.05267900 1.58206000
34 1.82699600 0.00006600 0.00000800 -0.01686100 0.03682700 0.84488800
35 1.43657700 -0.00001000 0.00000700 0.00412400 -0.01459100 0.56514400
36 3.99235300 0.89108700 1.82799400 -0.37865700 0.12332300 1.31184400
37 1.40591800 0.00002100 -0.00000700 0.00198400 -0.02939200 0.80822100
38 1.17536900 -0.00013100 0.00000200 0.10534000 0.06405800 0.98153900
39 4.52675600 0.69046000 1.12084200 -0.32139500 0.15846600 1.65825200
40 1.74404100 -0.00003100 -0.00000200 -0.01341100 -0.02631800 0.88408200
41 1.36876300 -0.00003100 -0.00001700 0.09716800 0.12559600 0.47588800
42 1.87485500 0.93508100 -0.99913000 2.38907000 0.37915900 1.26206900
43 1.52344900 -0.00003400 -0.00000300 0.04999000 0.01215500 0.50137700
44 1.59928100 -0.00000200 0.00000900 0.07849600 -0.02838400 1.17207700
45 5.51180600 -0.00000200 0.00000600 0.05767400 0.00000000 0.00000000
46 0.19685000 0.00000300 -0.00000200 -0.34822500 0.00001500 -0.00000200
47 0.00000000 0.00000000 0.00000000 0.00000000 0.00000000 -1.57079600
48 -6.52967500 79.73875400 -3.19662000 0.00000000 0.00000000 -3.14156200
49 -8.62180462 95.52807860 -2.88628020 0.41333186 0.20900311 -0.38739628
50 6.00706600 1.08056200 -6.86607000 0.70991500 1.05114300 2.16381900
51 0.99931000 0.00655900 -4.12445600 0.00000000 0.00000000 0.00000000
52 -5.53212500 0.00656000 -2.60195000 0.00000000 0.00000000 0.00000000
53 -2.12495800 0.00655900 -3.63194000 0.00000000 0.00000000 0.00000000
54 22.48682800 0.00576400 0.04656100 0.00000000 0.00000000 0.00000000
55 -6.90297100 -2.43099300 -4.62374600 3.01602400 -0.23384000 -1.83328500
time 28
0 -0.00000100 7.45008900 -27.50902600 0.00000000 0.00000000 0.00003100
1 -0.00000200 0.00000000 0.00000000 1.57074300 -1.56713700 -1.57074300
2 4.25546800 -0.33518300 -0.00000200 0.00000000 0.00000000 -0.12484800
3 7.43124800 1.49647700 0.00000200 0.00000000 0.00000000 0.24545000
4 5.27847900 0.16554100 0.00000100 0.00000000 0.00000000 0.04851100
5 -4.01433000 -17.66731800 4.29097700 1.97586400 1.15990900 -1.29878600
6 -6.21448200 -0.00000700 -0.00002700 -3.05879694 -0.76481864 1.47014881
7 11.94488200 0.00000000 0.00000100 0.01072927 -0.31143740 2.06060145
8 10.62018100 0.00000200 0.00000000 1.35920078 0.02988515 2.91543171
9 -4.75110600 -0.69449400 0.83057700 -0.17739400 0.01599100 0.22108400
10 -1.68806800 0.00004600 -0.00003200 0.00457900 -0.02430400 1.25266100
11 -1.33614000 0.00005700 -0.00001200 0.02629800 -0.00107200 0.59212700
12 -4.82049400 -0.50946000 -0.22475900 -0.29384300 0.04878100 0.68958600
13 -1.82699200 -0.00006400 0.00000600 -0.00597100 0.04001900 1.12661300
14 -1.43657300 0.00000600 0.00000200 -0.06657600 -0.04031800 0.93461100
15 -3.99235500 -0.89118800 -1.82790900 -0.52215700 0.10628100 1.00838100
16 -1.40591800 -0.00002500 -0.00000300 -0.00793500 -0.02837500 1.14618500
17 -1.17535800 0.00012800 -0.00002000 0.06208200 0.02754600 1.05720900
18 -4.52675100 -0.69057500 -1.12074400 -0.41778200 0.08544600 1.18122300
19 -1.74403800 0.00003300 -0.00000800 -0.02502400 -0.01570900 1.42133100
20 -1.36877100 0.00002500 0.00000200 0.03357100 0.04032700 0.59071800
21 -1.91873400 -1.31984500 0.85662700 2.02384700 0.10197800 0.98895100
22 -1.62789200 0.15474800 0.01182700 -0.20199600 -0.08390500 0.59871700
23 -1.59928500 0.00000400 0.00001600 0.02557400 -0.03449400 0.91320200
24 5.51181500 0.00000800 -0.00000100 2.08521199 0.00006234 3.14156143
25 0.68299400 0.03595600 0.57798300 2.79340799 -0.00009656 -3.14154768
26 -2.92786500 -14.59732400 1.96421200 1.97586200 1.15990900 1.84280300
27 6.21448500 0.00000600 0.00002000 -0.90553578 0.58187508 -1.37201282
28 11.94488500 -0.00002900 -0.00019400 -0.26537287 -0.35181300 -1.63831974
29 10.62016600 0.00000200 0.00001000 -1.07900817 -0.73967176 0.10890257
30 4.75115600 0.69437600 -0.83047300 -0.17093900 -0.06480100 1.29897400
31 1.68806500 -0.00002600 0.00000200 0.00336200 -0.02449300 1.30290100
32 1.33615100 -0.00005100 -0.00000900 0.00799700 -0.03789800 0.16278400
33 4.82051300 0.50934000 0.22486500 -0.24420100 0.05267900 1.58206000
34 1.82699600 0.00006600 0.00000800 -0.01686100 0.03682700 0.84488800
35 1.43657700 -0.00001000 0.00000700 0.00412400 -0.01459100 0.56514400
36 3.99235300 0.89108700 1.82799400 -0.37865700 0.12332300 1.31184400
37 1.40591800 0.00002100 -0.00000700 0.00198400 -0.02939200 0.80822100
38 1.17536900 -0.00013100 0.00000200 0.10534000 0.06405800 0.98153900
39 4.52675600 0.69046000 1.12084200 -0.32139500 0.15846600 1.65825200
40 1.74404100 -0.00003100 -0.00000200 -0.01341100 -0.02631800 0.88408200
41 1.36876300 -0.00003100 -0.00001700 0.09716800 0.12559600 0.47588800
42 1.87485500 0.93508100 -0.99913000 2.38907000 0.37915900 1.26206900
43 1.52344900 -0.00003400 -0.00000300 0.04999000 0.01215500 0.50137700
44 1.59928100 -0.00000200 0.00000900 0.07849600 -0.02838400 1.17207700
45 5.51180600 -0.00000200 0.00000600 0.05767400 0.00000000 0.00000000
46 0.19685000 0.00000300 -0.00000200 -0.34822500 0.00001500 -0.00000200
47 0.00000000 0.00000000 0.00000000 0.00000000 0.00000000 -1.57079600
48 -6.52967500 79.73875400 -3.19662000 0.00000000 0.00000000 -3.14156200
49 -8.62447934 95.52807860 -2.89682901 0.41373114 0.20794588 -0.38766402
50 6.00706600 1.08056200 -6.86607000 0.70991500 1.05114300 2.16381900
51 0.99931000 0.00655900 -4.12445600 0.00000000 0.00000000 0.00000000
52 -5.53212500 0.00656000 -2.60195000 0.00000000 0.00000000 0.00000000
53 -2.12495800 0.00655900 -3.63194000 0.00000000 0.00000000 0.00000000
54 22.48682800 0.00576400 0.04656100 0.00000000 0.00000000 0.00000000
55 -6.90297100 -2.43099300 -4.62374600 3.01602400 -0.23384000 -1.83328500
time 29
0 -0.00000100 7.45008900 -27.50902600 0.00000000 0.00000000 0.00003100
1 -0.00000200 0.00000000 0.00000000 1.57074300 -1.56713700 -1.57074300
2 4.25546800 -0.33518300 -0.00000200 0.00000000 0.00000000 -0.12484800
3 7.43124800 1.49647700 0.00000200 0.00000000 0.00000000 0.24545000
4 5.27847900 0.16554100 0.00000100 0.00000000 0.00000000 0.04851100
5 -4.01433000 -17.66731800 4.29097700 1.97586400 1.15990900 -1.29878600
6 -6.21448200 -0.00000700 -0.00002700 -3.05908283 -0.76481383 1.47071298
7 11.94488200 0.00000000 0.00000100 0.01063703 -0.31140231 2.06096530
8 10.62018100 0.00000200 0.00000000 1.35960955 0.02935520 2.91499932
9 -4.75110600 -0.69449400 0.83057700 -0.17739400 0.01599100 0.22108400
10 -1.68806800 0.00004600 -0.00003200 0.00457900 -0.02430400 1.25266100
11 -1.33614000 0.00005700 -0.00001200 0.02629800 -0.00107200 0.59212700
12 -4.82049400 -0.50946000 -0.22475900 -0.29384300 0.04878100 0.68958600
13 -1.82699200 -0.00006400 0.00000600 -0.00597100 0.04001900 1.12661300
14 -1.43657300 0.00000600 0.00000200 -0.06657600 -0.04031800 0.93461100
15 -3.99235500 -0.89118800 -1.82790900 -0.52215700 0.10628100 1.00838100
16 -1.40591800 -0.00002500 -0.00000300 -0.00793500 -0.02837500 1.14618500
17 -1.17535800 0.00012800 -0.00002000 0.06208200 0.02754600 1.05720900
18 -4.52675100 -0.69057500 -1.12074400 -0.41778200 0.08544600 1.18122300
19 -1.74403800 0.00003300 -0.00000800 -0.02502400 -0.01570900 1.42133100
20 -1.36877100 0.00002500 0.00000200 0.03357100 0.04032700 0.59071800
21 -1.91873400 -1.31984500 0.85662700 2.02384700 0.10197800 0.98895100
22 -1.62789200 0.15474800 0.01182700 -0.20199600 -0.08390500 0.59871700
23 -1.59928500 0.00000400 0.00001600 0.02557400 -0.03449400 0.91320200
24 5.51181500 0.00000800 -0.00000100 2.08521199 0.00006234 3.14156143
25 0.68299400 0.03595600 0.57798300 2.79340799 -0.00009656 -3.14154768
26 -2.92786500 -14.59732400 1.96421200 1.97586200 1.15990900 1.84280300
27 6.21448500 0.00000600 0.00002000 -0.90465357 0.58254750 -1.37162662
28 11.94488500 -0.00002900 -0.00019400 -0.26537639 -0.35194241 -1.63826795
29 10.62016600 0.00000200 0.00001000 -1.08023266 -0.74043149 0.10872341
30 4.75115600 0.69437600 -0.83047300 -0.17093900 -0.06480100 1.29897400
31 1.68806500 -0.00002600 0.00000200 0.00336200 -0.02449300 1.30290100
32 1.33615100 -0.00005100 -0.00000900 0.00799700 -0.03789800 0.16278400
33 4.82051300 0.50934000 0.22486500 -0.24420100 0.05267900 1.58206000
34 1.82699600 0.00006600 0.00000800 -0.01686100 0.03682700 0.84488800
35 1.43657700 -0.00001000 0.00000700 0.00412400 -0.01459100 0.56514400
36 3.99235300 0.89108700 1.82799400 -0.37865700 0.12332300 1.31184400
37 1.40591800 0.00002100 -0.00000700 0.00198400 -0.02939200 0.80822100
38 1.17536900 -0.00013100 0.00000200 0.10534000 0.06405800 0.98153900
39 4.52675600 0.69046000 1.12084200 -0.32139500 0.15846600 1.65825200
40 1.74404100 -0.00003100 -0.00000200 -0.01341100 -0.02631800 0.88408200
41 1.36876300 -0.00003100 -0.00001700 0.09716800 0.12559600 0.47588800
42 1.87485500 0.93508100 -0.99913000 2.38907000 0.37915900 1.26206900
43 1.52344900 -0.00003400 -0.00000300 0.04999000 0.01215500 0.50137700
44 1.59928100 -0.00000200 0.00000900 0.07849600 -0.02838400 1.17207700
45 5.51180600 -0.00000200 0.00000600 0.05767400 0.00000000 0.00000000
46 0.19685000 0.00000300 -0.00000200 -0.34822500 0.00001500 -0.00000200
47 0.00000000 0.00000000 0.00000000 0.00000000 0.00000000 -1.57079600
48 -6.52967500 79.73875400 -3.19662000 0.00000000 0.00000000 -3.14156200
49 -8.62608102 95.52807860 -2.90341402 0.41425063 0.20725653 -0.38785971
50 6.00706600 1.08056200 -6.86607000 0.70991500 1.05114300 2.16381900
51 0.99931000 0.00655900 -4.12445600 0.00000000 0.00000000 0.00000000
52 -5.53212500 0.00656000 -2.60195000 0.00000000 0.00000000 0.00000000
53 -2.12495800 0.00655900 -3.63194000 0.00000000 0.00000000 0.00000000
54 22.48682800 0.00576400 0.04656100 0.00000000 0.00000000 0.00000000
55 -6.90297100 -2.43099300 -4.62374600 3.01602400 -0.23384000 -1.83328500
time 30
0 -0.00000100 7.45008900 -27.50902600 0.00000000 0.00000000 0.00003100
1 -0.00000200 0.00000000 0.00000000 1.57074300 -1.56713700 -1.57074300
2 4.25546800 -0.33518300 -0.00000200 0.00000000 0.00000000 -0.12484800
3 7.43124800 1.49647700 0.00000200 0.00000000 0.00000000 0.24545000
4 5.27847900 0.16554100 0.00000100 0.00000000 0.00000000 0.04851100
5 -4.01433000 -17.66731800 4.29097700 1.97586400 1.15990900 -1.29878600
6 -6.21448200 -0.00000700 -0.00002700 -3.05893547 -0.76478538 1.47085521
7 11.94488200 0.00000000 0.00000100 0.01059369 -0.31136645 2.06101643
8 10.62018100 0.00000200 0.00000000 1.36010739 0.02880678 2.91487992
9 -4.75110600 -0.69449400 0.83057700 -0.17739400 0.01599100 0.22108400
10 -1.68806800 0.00004600 -0.00003200 0.00457900 -0.02430400 1.25266100
11 -1.33614000 0.00005700 -0.00001200 0.02629800 -0.00107200 0.59212700
12 -4.82049400 -0.50946000 -0.22475900 -0.29384300 0.04878100 0.68958600
13 -1.82699200 -0.00006400 0.00000600 -0.00597100 0.04001900 1.12661300
14 -1.43657300 0.00000600 0.00000200 -0.06657600 -0.04031800 0.93461100
15 -3.99235500 -0.89118800 -1.82790900 -0.52215700 0.10628100 1.00838100
16 -1.40591800 -0.00002500 -0.00000300 -0.00793500 -0.02837500 1.14618500
17 -1.17535800 0.00012800 -0.00002000 0.06208200 0.02754600 1.05720900
18 -4.52675100 -0.69057500 -1.12074400 -0.41778200 0.08544600 1.18122300
19 -1.74403800 0.00003300 -0.00000800 -0.02502400 -0.01570900 1.42133100
20 -1.36877100 0.00002500 0.00000200 0.03357100 0.04032700 0.59071800
21 -1.91873400 -1.31984500 0.85662800 2.02384700 0.10197800 0.98895100
22 -1.62789200 0.15475300 0.01182400 -0.20199600 -0.08390500 0.59871700
23 -1.59928500 0.00000400 0.00001600 0.02557200 -0.03449500 0.91329800
24 5.51181500 0.00000800 -0.00000100 2.08521199 0.00006234 3.14156143
25 0.68299400 0.03595600 0.57798300 2.79340799 -0.00009656 -3.14154768
26 -2.92786500 -14.59732400 1.96421200 1.97586200 1.15990900 1.84280300
27 6.21448500 0.00000600 0.00002000 -0.90410076 0.58275197 -1.37148778
28 11.94488500 -0.00002900 -0.00019400 -0.26546860 -0.35211942 -1.63805949
29 10.62016600 0.00000200 0.00001000 -1.08097713 -0.74088029 0.10836922
30 4.75115600 0.69437600 -0.83047300 -0.17093900 -0.06480100 1.29897400
31 1.68806500 -0.00002600 0.00000200 0.00336200 -0.02449300 1.30290100
32 1.33615100 -0.00005100 -0.00000900 0.00799700 -0.03789800 0.16278400
33 4.82051300 0.50934000 0.22486500 -0.24420100 0.05267900 1.58206000
34 1.82699600 0.00006600 0.00000800 -0.01686100 0.03682700 0.84488800
35 1.43657700 -0.00001000 0.00000700 0.00412400 -0.01459100 0.56514400
36 3.99235300 0.89108700 1.82799400 -0.37865700 0.12332300 1.31184400
37 1.40591800 0.00002100 -0.00000700 0.00198400 -0.02939200 0.80822100
38 1.17536900 -0.00013100 0.00000200 0.10534000 0.06405800 0.98153900
39 4.52675600 0.69046000 1.12084200 -0.32139500 0.15846600 1.65825200
40 1.74404100 -0.00003100 -0.00000200 -0.01341100 -0.02631800 0.88408200
41 1.36876300 -0.00003100 -0.00001700 0.09716800 0.12559600 0.47588800
42 1.87485500 0.93508100 -0.99913000 2.38907000 0.37915900 1.26206900
43 1.52344900 -0.00003400 -0.00000300 0.04999000 0.01215500 0.50137700
44 1.59928100 -0.00000200 0.00000900 0.07849600 -0.02838400 1.17207700
45 5.51180600 -0.00000200 0.00000600 0.05767400 0.00000000 0.00000000
46 0.19685000 0.00000300 -0.00000200 -0.34822500 0.00001500 -0.00000200
47 0.00000000 0.00000000 0.00000000 0.00000000 0.00000000 -1.57079600
48 -6.52967500 79.73875400 -3.19662000 0.00000000 0.00000000 -3.14156200
49 -8.62671771 95.52807860 -2.90594204 0.41489115 0.20693521 -0.38797859
50 6.00704900 1.08056500 -6.86606800 0.70991500 1.05114300 2.16381900
51 0.99931000 0.00655900 -4.12445600 0.00000000 0.00000000 0.00000000
52 -5.53212400 0.00655800 -2.60195200 0.00000000 0.00000000 0.00000000
53 -2.12495800 0.00655900 -3.63194000 0.00000000 0.00000000 0.00000000
54 22.48682800 0.00576400 0.04656100 0.00000000 0.00000000 0.00000000
55 -6.90297100 -2.43099300 -4.62374600 3.01602400 -0.23384000 -1.83328500
time 31
0 -0.00000100 7.45008900 -27.50902600 0.00000000 0.00000000 0.00003100
1 -0.00000200 0.00000000 0.00000000 1.57074300 -1.56713700 -1.57074300
2 4.25546800 -0.33518300 -0.00000200 0.00000000 0.00000000 -0.12484800
3 7.43124800 1.49647700 0.00000200 0.00000000 0.00000000 0.24545000
4 5.27847900 0.16554100 0.00000100 0.00000000 0.00000000 0.04851100
5 -4.01433000 -17.66731800 4.29097700 1.97586400 1.15990900 -1.29878600
6 -6.21448200 -0.00000700 -0.00002700 -3.05820133 -0.76459836 1.47080953
7 11.94488200 0.00000000 0.00000100 0.01065131 -0.31141687 2.06091867
8 10.62018100 0.00000200 0.00000000 1.36044288 0.02802575 2.91496315
9 -4.75110600 -0.69449400 0.83057700 -0.17739400 0.01599100 0.22108400
10 -1.68806800 0.00004600 -0.00003200 0.00457900 -0.02430400 1.25266100
11 -1.33614000 0.00005700 -0.00001200 0.02629800 -0.00107200 0.59212700
12 -4.82049400 -0.50946000 -0.22475900 -0.29384300 0.04878100 0.68958600
13 -1.82699200 -0.00006400 0.00000600 -0.00597100 0.04001900 1.12661300
14 -1.43657300 0.00000600 0.00000200 -0.06657600 -0.04031800 0.93461100
15 -3.99235500 -0.89118800 -1.82790900 -0.52215700 0.10628100 1.00838100
16 -1.40591800 -0.00002500 -0.00000300 -0.00793500 -0.02837500 1.14618500
17 -1.17535800 0.00012800 -0.00002000 0.06208200 0.02754600 1.05720900
18 -4.52675100 -0.69057500 -1.12074400 -0.41778200 0.08544600 1.18122300
19 -1.74403800 0.00003300 -0.00000800 -0.02502400 -0.01570900 1.42133100
20 -1.36877100 0.00002500 0.00000200 0.03357100 0.04032700 0.59071800
21 -1.91873400 -1.31984500 0.85662800 2.02384700 0.10197800 0.98895100
22 -1.62789200 0.15475300 0.01182400 -0.20199600 -0.08390500 0.59871700
23 -1.59928500 0.00000400 0.00001600 0.02557200 -0.03449500 0.91329800
24 5.51181500 0.00000800 -0.00000100 2.08521199 0.00006234 3.14156143
25 0.68299400 0.03595600 0.57798300 2.79340799 -0.00009656 -3.14154768
26 -2.92786500 -14.59732400 1.96421200 1.97586200 1.15990900 1.84280300
27 6.21448500 0.00000600 0.00002000 -0.90399259 0.58247125 -1.37183363
28 11.94488500 -0.00002900 -0.00019400 -0.26557154 -0.35216940 -1.63769936
29 10.62016600 0.00000200 0.00001000 -1.08125335 -0.74123590 0.10791301
30 4.75115600 0.69437600 -0.83047300 -0.17093900 -0.06480100 1.29897400
31 1.68806500 -0.00002600 0.00000200 0.00336200 -0.02449300 1.30290100
32 1.33615100 -0.00005100 -0.00000900 0.00799700 -0.03789800 0.16278400
33 4.82051300 0.50934000 0.22486500 -0.24420100 0.05267900 1.58206000
34 1.82699600 0.00006600 0.00000800 -0.01686100 0.03682700 0.84488800
35 1.43657700 -0.00001000 0.00000700 0.00412400 -0.01459100 0.56514400
36 3.99235300 0.89108700 1.82799400 -0.37865700 0.12332300 1.31184400
37 1.40591800 0.00002100 -0.00000700 0.00198400 -0.02939200 0.80822100
38 1.17536900 -0.00013100 0.00000200 0.10534000 0.06405800 0.98153900
39 4.52675600 0.69046000 1.12084200 -0.32139500 0.15846600 1.65825200
40 1.74404100 -0.00003100 -0.00000200 -0.01341100 -0.02631800 0.88408200
41 1.36876300 -0.00003100 -0.00001700 0.09716800 0.12559600 0.47588800
42 1.87485500 0.93508100 -0.99913000 2.38907000 0.37915900 1.26206900
43 1.52344900 -0.00003400 -0.00000300 0.04999000 0.01215500 0.50137700
44 1.59928100 -0.00000200 0.00000900 0.07849600 -0.02838400 1.17207700
45 5.51180600 -0.00000200 0.00000600 0.05767400 0.00000000 0.00000000
46 0.19685000 0.00000300 -0.00000200 -0.34822500 0.00001500 -0.00000200
47 0.00000000 0.00000000 0.00000000 0.00000000 0.00000000 -1.57079600
48 -6.52967500 79.73875400 -3.19662000 0.00000000 0.00000000 -3.14156200
49 -8.62468717 95.52807860 -2.90291296 0.41554899 0.20703058 -0.38801274
50 6.00704900 1.08056500 -6.86606800 0.70991500 1.05114300 2.16381900
51 0.99931000 0.00655900 -4.12445600 0.00000000 0.00000000 0.00000000
52 -5.53212400 0.00655800 -2.60195200 0.00000000 0.00000000 0.00000000
53 -2.12495800 0.00655900 -3.63194000 0.00000000 0.00000000 0.00000000
54 22.48682800 0.00576400 0.04656100 0.00000000 0.00000000 0.00000000
55 -6.90297100 -2.43099300 -4.62374600 3.01602400 -0.23384000 -1.83328500
time 32
0 -0.00000100 7.45008900 -27.50902600 0.00000000 0.00000000 0.00003100
1 -0.00000200 0.00000000 0.00000000 1.57074300 -1.56713700 -1.57074300
2 4.25546800 -0.33518300 -0.00000200 0.00000000 0.00000000 -0.12484800
3 7.43124800 1.49647700 0.00000200 0.00000000 0.00000000 0.24545000
4 5.27847900 0.16554100 0.00000100 0.00000000 0.00000000 0.04851100
5 -4.01433000 -17.66731800 4.29097700 1.97586400 1.15990900 -1.29878600
6 -6.21448200 -0.00000700 -0.00002700 -3.05703401 -0.76438775 1.47034204
7 11.94488200 0.00000000 0.00000100 0.01075790 -0.31146640 2.06050803
8 10.62018100 0.00000200 0.00000000 1.36086741 0.02722656 2.91535938
9 -4.75110600 -0.69449400 0.83057700 -0.17739400 0.01599100 0.22108400
10 -1.68806800 0.00004600 -0.00003200 0.00457900 -0.02430400 1.25266100
11 -1.33614000 0.00005700 -0.00001200 0.02629800 -0.00107200 0.59212700
12 -4.82049400 -0.50946000 -0.22475900 -0.29384300 0.04878100 0.68958600
13 -1.82699200 -0.00006400 0.00000600 -0.00597100 0.04001900 1.12661300
14 -1.43657300 0.00000600 0.00000200 -0.06657600 -0.04031800 0.93461100
15 -3.99235500 -0.89118800 -1.82790900 -0.52215700 0.10628100 1.00838100
16 -1.40591800 -0.00002500 -0.00000300 -0.00793500 -0.02837500 1.14618500
17 -1.17535800 0.00012800 -0.00002000 0.06208200 0.02754600 1.05720900
18 -4.52675100 -0.69057500 -1.12074400 -0.41778200 0.08544600 1.18122300
19 -1.74403800 0.00003300 -0.00000800 -0.02502400 -0.01570900 1.42133100
20 -1.36877100 0.00002500 0.00000200 0.03357100 0.04032700 0.59071800
21 -1.91873400 -1.31984500 0.85662800 2.02384700 0.10197800 0.98895100
22 -1.62789200 0.15475300 0.01182400 -0.20199600 -0.08390500 0.59871700
23 -1.59928500 0.00000400 0.00001600 0.02557200 -0.03449500 0.91329800
24 5.51181500 0.00000800 -0.00000100 2.08521199 0.00006234 3.14156143
25 0.68299400 0.03595600 0.57798300 2.79340799 -0.00009656 -3.14154768
26 -2.92786500 -14.59732400 1.96421200 1.97586200 1.15990900 1.84280300
27 6.21448500 0.00000600 0.00002000 -0.90421329 0.58172298 -1.37242634
28 11.94488500 -0.00002900 -0.00019400 -0.26576323 -0.35226724 -1.63718236
29 10.62016600 0.00000200 0.00001000 -1.08104945 -0.74127988 0.10728077
30 4.75115600 0.69437600 -0.83047300 -0.17093900 -0.06480100 1.29897400
31 1.68806500 -0.00002600 0.00000200 0.00336200 -0.02449300 1.30290100
32 1.33615100 -0.00005100 -0.00000900 0.00799700 -0.03789800 0.16278400
33 4.82051300 0.50934000 0.22486500 -0.24420100 0.05267900 1.58206000
34 1.82699600 0.00006600 0.00000800 -0.01686100 0.03682700 0.84488800
35 1.43657700 -0.00001000 0.00000700 0.00412400 -0.01459100 0.56514400
36 3.99235300 0.89108700 1.82799400 -0.37865700 0.12332300 1.31184400
37 1.40591800 0.00002100 -0.00000700 0.00198400 -0.02939200 0.80822100
38 1.17536900 -0.00013100 0.00000200 0.10534000 0.06405800 0.98153900
39 4.52675600 0.69046000 1.12084200 -0.32139500 0.15846600 1.65825200
40 1.74404100 -0.00003100 -0.00000200 -0.01341100 -0.02631800 0.88408200
41 1.36876300 -0.00003100 -0.00001700 0.09716800 0.12559600 0.47588800
42 1.87485500 0.93508100 -0.99913000 2.38907000 0.37915900 1.26206900
43 1.52344900 -0.00003400 -0.00000300 0.04999000 0.01215500 0.50137700
44 1.59928100 -0.00000200 0.00000900 0.07849600 -0.02838400 1.17207700
45 5.51180600 -0.00000200 0.00000600 0.05767400 0.00000000 0.00000000
46 0.19685000 0.00000300 -0.00000200 -0.34822500 0.00001500 -0.00000200
47 0.00000000 0.00000000 0.00000000 0.00000000 0.00000000 -1.57079600
48 -6.52967500 79.73875400 -3.19662000 0.00000000 0.00000000 -3.14156200
49 -8.62169163 95.52807860 -2.89582688 0.41632768 0.20749402 -0.38797015
50 6.00704900 1.08056500 -6.86606800 0.70991500 1.05114300 2.16381900
51 0.99931000 0.00655900 -4.12445600 0.00000000 0.00000000 0.00000000
52 -5.53212400 0.00655800 -2.60195200 0.00000000 0.00000000 0.00000000
53 -2.12495800 0.00655900 -3.63194000 0.00000000 0.00000000 0.00000000
54 22.48682800 0.00576400 0.04656100 0.00000000 0.00000000 0.00000000
55 -6.90297100 -2.43099300 -4.62374600 3.01602400 -0.23384000 -1.83328500
time 33
0 -0.00000100 7.45008900 -27.50902600 0.00000000 0.00000000 0.00003100
1 -0.00000200 0.00000000 0.00000000 1.57074300 -1.56713700 -1.57074300
2 4.25546800 -0.33518300 -0.00000200 0.00000000 0.00000000 -0.12484800
3 7.43124800 1.49647700 0.00000200 0.00000000 0.00000000 0.24545000
4 5.27847900 0.16554100 0.00000100 0.00000000 0.00000000 0.04851100
5 -4.01433000 -17.66731800 4.29097700 1.97586400 1.15990900 -1.29878600
6 -6.21448200 -0.00000700 -0.00002700 -3.05542103 -0.76396611 1.46952734
7 11.94488200 0.00000000 0.00000100 0.01094437 -0.31144811 2.06002356
8 10.62018100 0.00000200 0.00000000 1.36118273 0.02650823 2.91597588
9 -4.75110600 -0.69449400 0.83057700 -0.17739400 0.01599100 0.22108400
10 -1.68806800 0.00004600 -0.00003200 0.00457900 -0.02430400 1.25266100
11 -1.33614000 0.00005700 -0.00001200 0.02629800 -0.00107200 0.59212700
12 -4.82049400 -0.50946000 -0.22475900 -0.29384300 0.04878100 0.68958600
13 -1.82699200 -0.00006400 0.00000600 -0.00597100 0.04001900 1.12661300
14 -1.43657300 0.00000600 0.00000200 -0.06657600 -0.04031800 0.93461100
15 -3.99235500 -0.89118800 -1.82790900 -0.52215700 0.10628100 1.00838100
16 -1.40591800 -0.00002500 -0.00000300 -0.00793500 -0.02837500 1.14618500
17 -1.17535800 0.00012800 -0.00002000 0.06208200 0.02754600 1.05720900
18 -4.52675100 -0.69057500 -1.12074400 -0.41778200 0.08544600 1.18122300
19 -1.74403800 0.00003300 -0.00000800 -0.02502400 -0.01570900 1.42133100
20 -1.36877100 0.00002500 0.00000200 0.03357100 0.04032700 0.59071800
21 -1.91873400 -1.31984500 0.85662800 2.02384700 0.10197800 0.98895100
22 -1.62789200 0.15475300 0.01182400 -0.20199600 -0.08390500 0.59871700
23 -1.59928500 0.00000400 0.00001600 0.02557200 -0.03449500 0.91329800
24 5.51181500 0.00000800 -0.00000100 2.08521199 0.00006234 3.14156143
25 0.68299400 0.03595600 0.57798300 2.79340799 -0.00009656 -3.14154768
26 -2.92786500 -14.59732400 1.96421200 1.97586200 1.15990900 1.84280300
27 6.21448500 0.00000600 0.00002000 -0.90480545 0.58049537 -1.37327036
28 11.94488500 -0.00002900 -0.00019400 -0.26597595 -0.35229399 -1.63648252
29 10.62016600 0.00000200 0.00001000 -1.08049229 -0.74108018 0.10647146
30 4.75115600 0.69437600 -0.83047300 -0.17093900 -0.06480100 1.29897400
31 1.68806500 -0.00002600 0.00000200 0.00336200 -0.02449300 1.30290100
32 1.33615100 -0.00005100 -0.00000900 0.00799700 -0.03789800 0.16278400
33 4.82051300 0.50934000 0.22486500 -0.24420100 0.05267900 1.58206000
34 1.82699600 0.00006600 0.00000800 -0.01686100 0.03682700 0.84488800
35 1.43657700 -0.00001000 0.00000700 0.00412400 -0.01459100 0.56514400
36 3.99235300 0.89108700 1.82799400 -0.37865700 0.12332300 1.31184400
37 1.40591800 0.00002100 -0.00000700 0.00198400 -0.02939200 0.80822100
38 1.17536900 -0.00013100 0.00000200 0.10534000 0.06405800 0.98153900
39 4.52675600 0.69046000 1.12084200 -0.32139500 0.15846600 1.65825200
40 1.74404100 -0.00003100 -0.00000200 -0.01341100 -0.02631800 0.88408200
41 1.36876300 -0.00003100 -0.00001700 0.09716800 0.12559600 0.47588800
42 1.87485500 0.93508100 -0.99913000 2.38907000 0.37915900 1.26206900
43 1.52344900 -0.00003400 -0.00000300 0.04999000 0.01215500 0.50137700
44 1.59928100 -0.00000200 0.00000900 0.07849600 -0.02838400 1.17207700
45 5.51180600 -0.00000200 0.00000600 0.05767400 0.00000000 0.00000000
46 0.19685000 0.00000300 -0.00000200 -0.34822500 0.00001500 -0.00000200
47 0.00000000 0.00000000 0.00000000 0.00000000 0.00000000 -1.57079600
48 -6.52967500 79.73875400 -3.19662000 0.00000000 0.00000000 -3.14156200
49 -8.61729389 95.52807860 -2.88466604 0.41713718 0.20834639 -0.38784519
50 6.00704900 1.08056500 -6.86606800 0.70991500 1.05114300 2.16381900
51 0.99931000 0.00655900 -4.12445600 0.00000000 0.00000000 0.00000000
52 -5.53212400 0.00655800 -2.60195200 0.00000000 0.00000000 0.00000000
53 -2.12495800 0.00655900 -3.63194000 0.00000000 0.00000000 0.00000000
54 22.48682800 0.00576400 0.04656100 0.00000000 0.00000000 0.00000000
55 -6.90297100 -2.43099300 -4.62374600 3.01602400 -0.23384000 -1.83328500
time 34
0 -0.00000100 7.45008900 -27.50902600 0.00000000 0.00000000 0.00003100
1 -0.00000200 0.00000000 0.00000000 1.57074300 -1.56713700 -1.57074300
2 4.25546800 -0.33518300 -0.00000200 0.00000000 0.00000000 -0.12484800
3 7.43124800 1.49647700 0.00000200 0.00000000 0.00000000 0.24545000
4 5.27847900 0.16554100 0.00000100 0.00000000 0.00000000 0.04851100
5 -4.01433000 -17.66731800 4.29097700 1.97586400 1.15990900 -1.29878600
6 -6.21448200 -0.00000700 -0.00002700 -3.05335018 -0.76361058 1.46834505
7 11.94488200 0.00000000 0.00000100 0.01111973 -0.31149606 2.05932124
8 10.62018100 0.00000200 0.00000000 1.36137376 0.02578814 2.91673602
9 -4.75110600 -0.69449400 0.83057700 -0.17739400 0.01599100 0.22108400
10 -1.68806800 0.00004600 -0.00003200 0.00457900 -0.02430400 1.25266100
11 -1.33614000 0.00005700 -0.00001200 0.02629800 -0.00107200 0.59212700
12 -4.82049400 -0.50946000 -0.22475900 -0.29384300 0.04878100 0.68958600
13 -1.82699200 -0.00006400 0.00000600 -0.00597100 0.04001900 1.12661300
14 -1.43657300 0.00000600 0.00000200 -0.06657600 -0.04031800 0.93461100
15 -3.99235500 -0.89118800 -1.82790900 -0.52215700 0.10628100 1.00838100
16 -1.40591800 -0.00002500 -0.00000300 -0.00793500 -0.02837500 1.14618500
17 -1.17535800 0.00012800 -0.00002000 0.06208200 0.02754600 1.05720900
18 -4.52675100 -0.69057500 -1.12074400 -0.41778200 0.08544600 1.18122300
19 -1.74403800 0.00003300 -0.00000800 -0.02502400 -0.01570900 1.42133100
20 -1.36877100 0.00002500 0.00000200 0.03357100 0.04032700 0.59071800
21 -1.91873400 -1.31984500 0.85662800 2.02384700 0.10197800 0.98895100
22 -1.62789200 0.15475300 0.01182400 -0.20199600 -0.08390500 0.59871700
23 -1.59928500 0.00000400 0.00001600 0.02557200 -0.03449500 0.91329800
24 5.51181500 0.00000800 -0.00000100 2.08521199 0.00006234 3.14156143
25 0.68299400 0.03595600 0.57798300 2.79340799 -0.00009656 -3.14154768
26 -2.92786500 -14.59732400 1.96421200 1.97586200 1.15990900 1.84280300
27 6.21448500 0.00000600 0.00002000 -0.90581396 0.57888241 -1.37455085
28 11.94488500 -0.00002900 -0.00019400 -0.26622610 -0.35226144 -1.63577726
29 10.62016600 0.00000200 0.00001000 -1.07947806 -0.74067889 0.10588075
30 4.75115600 0.69437600 -0.83047300 -0.17093900 -0.06480100 1.29897400
31 1.68806500 -0.00002600 0.00000200 0.00336200 -0.02449300 1.30290100
32 1.33615100 -0.00005100 -0.00000900 0.00799700 -0.03789800 0.16278400
33 4.82051300 0.50934000 0.22486500 -0.24420100 0.05267900 1.58206000
34 1.82699600 0.00006600 0.00000800 -0.01686100 0.03682700 0.84488800
35 1.43657700 -0.00001000 0.00000700 0.00412400 -0.01459100 0.56514400
36 3.99235300 0.89108700 1.82799400 -0.37865700 0.12332300 1.31184400
37 1.40591800 0.00002100 -0.00000700 0.00198400 -0.02939200 0.80822100
38 1.17536900 -0.00013100 0.00000200 0.10534000 0.06405800 0.98153900
39 4.52675600 0.69046000 1.12084200 -0.32139500 0.15846600 1.65825200
40 1.74404100 -0.00003100 -0.00000200 -0.01341100 -0.02631800 0.88408200
41 1.36876300 -0.00003100 -0.00001700 0.09716800 0.12559600 0.47588800
42 1.87485500 0.93508100 -0.99913000 2.38907000 0.37915900 1.26206900
43 1.52344900 -0.00003400 -0.00000300 0.04999000 0.01215500 0.50137700
44 1.59928100 -0.00000200 0.00000900 0.07849600 -0.02838400 1.17207700
45 5.51180600 -0.00000200 0.00000600 0.05767400 0.00000000 0.00000000
46 0.19685000 0.00000300 -0.00000200 -0.34822500 0.00001500 -0.00000200
47 0.00000000 0.00000000 0.00000000 0.00000000 0.00000000 -1.57079600
48 -6.52967500 79.73875400 -3.19662000 0.00000000 0.00000000 -3.14156200
49 -8.61071992 95.52807860 -2.86921385 0.41783627 0.20953667 -0.38764233
50 6.00704900 1.08056500 -6.86606800 0.70991500 1.05114300 2.16381900
51 0.99931000 0.00655900 -4.12445600 0.00000000 0.00000000 0.00000000
52 -5.53212400 0.00655800 -2.60195200 0.00000000 0.00000000 0.00000000
53 -2.12495800 0.00655900 -3.63194000 0.00000000 0.00000000 0.00000000
54 22.48682800 0.00576400 0.04656100 0.00000000 0.00000000 0.00000000
55 -6.90297100 -2.43099300 -4.62374600 3.01602400 -0.23384000 -1.83328500
time 35
0 -0.00000100 7.45008900 -27.50902600 0.00000000 0.00000000 0.00003100
1 -0.00000200 0.00000000 0.00000000 1.57074300 -1.56713700 -1.57074300
2 4.25546800 -0.33518300 -0.00000200 0.00000000 0.00000000 -0.12484800
3 7.43124800 1.49647700 0.00000200 0.00000000 0.00000000 0.24545000
4 5.27847900 0.16554100 0.00000100 0.00000000 0.00000000 0.04851100
5 -4.01433000 -17.66731800 4.29097700 1.97586400 1.15990900 -1.29878600
6 -6.21448200 -0.00000700 -0.00002700 -3.05111592 -0.76311415 1.46705735
7 11.94488200 0.00000000 0.00000100 0.01143640 -0.31157279 2.05849099
8 10.62018100 0.00000200 0.00000000 1.36155475 0.02502723 2.91768505
9 -4.75110600 -0.69449400 0.83057700 -0.17739400 0.01599100 0.22108400
10 -1.68806800 0.00004600 -0.00003200 0.00457900 -0.02430400 1.25266100
11 -1.33614000 0.00005700 -0.00001200 0.02629800 -0.00107200 0.59212700
12 -4.82049400 -0.50946000 -0.22475900 -0.29384300 0.04878100 0.68958600
13 -1.82699200 -0.00006400 0.00000600 -0.00597100 0.04001900 1.12661300
14 -1.43657300 0.00000600 0.00000200 -0.06657600 -0.04031800 0.93461100
15 -3.99235500 -0.89118800 -1.82790900 -0.52215700 0.10628100 1.00838100
16 -1.40591800 -0.00002500 -0.00000300 -0.00793500 -0.02837500 1.14618500
17 -1.17535800 0.00012800 -0.00002000 0.06208200 0.02754600 1.05720900
18 -4.52675100 -0.69057500 -1.12074400 -0.41778200 0.08544600 1.18122300
19 -1.74403800 0.00003300 -0.00000800 -0.02502400 -0.01570900 1.42133100
20 -1.36877100 0.00002500 0.00000200 0.03357100 0.04032700 0.59071800
21 -1.91873400 -1.31984500 0.85662800 2.02384700 0.10197800 0.98895100
22 -1.62789200 0.15475300 0.01182400 -0.20199600 -0.08390500 0.59871700
23 -1.59928500 0.00000400 0.00001600 0.02557200 -0.03449500 0.91329800
24 5.51181500 0.00000800 -0.00000100 2.08521199 0.00006234 3.14156143
25 0.68299400 0.03595600 0.57798300 2.79340799 -0.00009656 -3.14154768
26 -2.92786500 -14.59732400 1.96421200 1.97586200 1.15990900 1.84280300
27 6.21448500 0.00000600 0.00002000 -0.90703055 0.57694802 -1.37586757
28 11.94488500 -0.00002900 -0.00019400 -0.26649772 -0.35221260 -1.63494964
29 10.62016600 0.00000200 0.00001000 -1.07794012 -0.74006244 0.10494007
30 4.75115600 0.69437600 -0.83047300 -0.17093900 -0.06480100 1.29897400
31 1.68806500 -0.00002600 0.00000200 0.00336200 -0.02449300 1.30290100
32 1.33615100 -0.00005100 -0.00000900 0.00799700 -0.03789800 0.16278400
33 4.82051300 0.50934000 0.22486500 -0.24420100 0.05267900 1.58206000
34 1.82699600 0.00006600 0.00000800 -0.01686100 0.03682700 0.84488800
35 1.43657700 -0.00001000 0.00000700 0.00412400 -0.01459100 0.56514400
36 3.99235300 0.89108700 1.82799400 -0.37865700 0.12332300 1.31184400
37 1.40591800 0.00002100 -0.00000700 0.00198400 -0.02939200 0.80822100
38 1.17536900 -0.00013100 0.00000200 0.10534000 0.06405800 0.98153900
39 4.52675600 0.69046000 1.12084200 -0.32139500 0.15846600 1.65825200
40 1.74404100 -0.00003100 -0.00000200 -0.01341100 -0.02631800 0.88408200
41 1.36876300 -0.00003100 -0.00001700 0.09716800 0.12559600 0.47588800
42 1.87485500 0.93508100 -0.99913000 2.38907000 0.37915900 1.26206900
43 1.52344900 -0.00003400 -0.00000300 0.04999000 0.01215500 0.50137700
44 1.59928100 -0.00000200 0.00000900 0.07849600 -0.02838400 1.17207700
45 5.51180600 -0.00000200 0.00000600 0.05767400 0.00000000 0.00000000
46 0.19685000 0.00000300 -0.00000200 -0.34822500 0.00001500 -0.00000200
47 0.00000000 0.00000000 0.00000000 0.00000000 0.00000000 -1.57079600
48 -6.52967500 79.73875400 -3.19662000 0.00000000 0.00000000 -3.14156200
49 -8.60338794 95.52807860 -2.85056966 0.41859211 0.21097804 -0.38729862
50 6.00704900 1.08056500 -6.86606800 0.70991500 1.05114300 2.16381900
51 0.99931000 0.00655900 -4.12445600 0.00000000 0.00000000 0.00000000
52 -5.53212400 0.00655800 -2.60195200 0.00000000 0.00000000 0.00000000
53 -2.12495800 0.00655900 -3.63194000 0.00000000 0.00000000 0.00000000
54 22.48682800 0.00576400 0.04656100 0.00000000 0.00000000 0.00000000
55 -6.90297100 -2.43099300 -4.62374600 3.01602400 -0.23384000 -1.83328500
time 36
0 -0.00000100 7.45008900 -27.50902600 0.00000000 0.00000000 0.00003100
1 -0.00000200 0.00000000 0.00000000 1.57074300 -1.56713700 -1.57074300
2 4.25546800 -0.33518300 -0.00000200 0.00000000 0.00000000 -0.12484800
3 7.43124800 1.49647700 0.00000200 0.00000000 0.00000000 0.24545000
4 5.27847900 0.16554100 0.00000100 0.00000000 0.00000000 0.04851100
5 -4.01433000 -17.66731800 4.29097700 1.97586400 1.15990900 -1.29878600
6 -6.21448200 -0.00000700 -0.00002700 -3.04854368 -0.76257146 1.46531106
7 11.94488200 0.00000000 0.00000100 0.01169174 -0.31167394 2.05751429
8 10.62018100 0.00000200 0.00000000 1.36150776 0.02456371 2.91884282
9 -4.75110600 -0.69449400 0.83057700 -0.17739400 0.01599100 0.22108400
10 -1.68806800 0.00004600 -0.00003200 0.00457900 -0.02430400 1.25266100
11 -1.33614000 0.00005700 -0.00001200 0.02629800 -0.00107200 0.59212700
12 -4.82049400 -0.50946000 -0.22475900 -0.29384300 0.04878100 0.68958600
13 -1.82699200 -0.00006400 0.00000600 -0.00597100 0.04001900 1.12661300
14 -1.43657300 0.00000600 0.00000200 -0.06657600 -0.04031800 0.93461100
15 -3.99235500 -0.89118800 -1.82790900 -0.52215700 0.10628100 1.00838100
16 -1.40591800 -0.00002500 -0.00000300 -0.00793500 -0.02837500 1.14618500
17 -1.17535800 0.00012800 -0.00002000 0.06208200 0.02754600 1.05720900
18 -4.52675100 -0.69057500 -1.12074400 -0.41778200 0.08544600 1.18122300
19 -1.74403800 0.00003300 -0.00000800 -0.02502400 -0.01570900 1.42133100
20 -1.36877100 0.00002500 0.00000200 0.03357100 0.04032700 0.59071800
21 -1.91873400 -1.31984500 0.85662800 2.02384700 0.10197800 0.98895100
22 -1.62789200 0.15475300 0.01182400 -0.20199600 -0.08390500 0.59871700
23 -1.59928500 0.00000400 0.00001600 0.02557200 -0.03449500 0.91329800
24 5.51181500 0.00000800 -0.00000100 2.08521199 0.00006234 3.14156143
25 0.68299400 0.03595600 0.57798300 2.79340799 -0.00009656 -3.14154768
26 -2.92786500 -14.59732400 1.96421200 1.97586200 1.15990900 1.84280300
27 6.21448500 0.00000600 0.00002000 -0.90864964 0.57456644 -1.37748218
28 11.94488500 -0.00002900 -0.00019400 -0.26682889 -0.35213096 -1.63398721
29 10.62016600 0.00000200 0.00001000 -1.07613758 -0.73905152 0.10425398
30 4.75115600 0.69437600 -0.83047300 -0.17093900 -0.06480100 1.29897400
31 1.68806500 -0.00002600 0.00000200 0.00336200 -0.02449300 1.30290100
32 1.33615100 -0.00005100 -0.00000900 0.00799700 -0.03789800 0.16278400
33 4.82051300 0.50934000 0.22486500 -0.24420100 0.05267900 1.58206000
34 1.82699600 0.00006600 0.00000800 -0.01686100 0.03682700 0.84488800
35 1.43657700 -0.00001000 0.00000700 0.00412400 -0.01459100 0.56514400
36 3.99235300 0.89108700 1.82799400 -0.37865700 0.12332300 1.31184400
37 1.40591800 0.00002100 -0.00000700 0.00198400 -0.02939200 0.80822100
38 1.17536900 -0.00013100 0.00000200 0.10534000 0.06405800 0.98153900
39 4.52675600 0.69046000 1.12084200 -0.32139500 0.15846600 1.65825200
40 1.74404100 -0.00003100 -0.00000200 -0.01341100 -0.02631800 0.88408200
41 1.36876300 -0.00003100 -0.00001700 0.09716800 0.12559600 0.47588800
42 1.87485500 0.93508100 -0.99913000 2.38907000 0.37915900 1.26206900
43 1.52344900 -0.00003400 -0.00000300 0.04999000 0.01215500 0.50137700
44 1.59928100 -0.00000200 0.00000900 0.07849600 -0.02838400 1.17207700
45 5.51180600 -0.00000200 0.00000600 0.05767400 0.00000000 0.00000000
46 0.19685000 0.00000300 -0.00000200 -0.34822500 0.00001500 -0.00000200
47 0.00000000 0.00000000 0.00000000 0.00000000 0.00000000 -1.57079600
48 -6.52967500 79.73875400 -3.19662000 0.00000000 0.00000000 -3.14156200
49 -8.59518795 95.52807860 -2.82893596 0.41917803 0.21276409 -0.38696083
50 6.00704900 1.08056500 -6.86606800 0.70991500 1.05114300 2.16381900
51 0.99931000 0.00655900 -4.12445600 0.00000000 0.00000000 0.00000000
52 -5.53212400 0.00655800 -2.60195200 0.00000000 0.00000000 0.00000000
53 -2.12495800 0.00655900 -3.63194000 0.00000000 0.00000000 0.00000000
54 22.48682800 0.00576400 0.04656100 0.00000000 0.00000000 0.00000000
55 -6.90297100 -2.43099300 -4.62374600 3.01602400 -0.23384000 -1.83328500
time 37
0 -0.00000100 7.45008900 -27.50902600 0.00000000 0.00000000 0.00003100
1 -0.00000200 0.00000000 0.00000000 1.57074300 -1.56713700 -1.57074300
2 4.25546800 -0.33518300 -0.00000200 0.00000000 0.00000000 -0.12484800
3 7.43124800 1.49647700 0.00000200 0.00000000 0.00000000 0.24545000
4 5.27847900 0.16554100 0.00000100 0.00000000 0.00000000 0.04851100
5 -4.01433000 -17.66731800 4.29097700 1.97586400 1.15990900 -1.29878600
6 -6.21448200 -0.00000700 -0.00002700 -3.04589240 -0.76212536 1.46351379
7 11.94488200 0.00000000 0.00000100 0.01202690 -0.31171779 2.05647142
8 10.62018100 0.00000200 0.00000000 1.36140108 0.02417455 2.92017561
9 -4.75110600 -0.69449400 0.83057700 -0.17739400 0.01599100 0.22108400
10 -1.68806800 0.00004600 -0.00003200 0.00457900 -0.02430400 1.25266100
11 -1.33614000 0.00005700 -0.00001200 0.02629800 -0.00107200 0.59212700
12 -4.82049400 -0.50946000 -0.22475900 -0.29384300 0.04878100 0.68958600
13 -1.82699200 -0.00006400 0.00000600 -0.00597100 0.04001900 1.12661300
14 -1.43657300 0.00000600 0.00000200 -0.06657600 -0.04031800 0.93461100
15 -3.99235500 -0.89118800 -1.82790900 -0.52215700 0.10628100 1.00838100
16 -1.40591800 -0.00002500 -0.00000300 -0.00793500 -0.02837500 1.14618500
17 -1.17535800 0.00012800 -0.00002000 0.06208200 0.02754600 1.05720900
18 -4.52675100 -0.69057500 -1.12074400 -0.41778200 0.08544600 1.18122300
19 -1.74403800 0.00003300 -0.00000800 -0.02502400 -0.01570900 1.42133100
20 -1.36877100 0.00002500 0.00000200 0.03357100 0.04032700 0.59071800
21 -1.91873400 -1.31984500 0.85662800 2.02384700 0.10197800 0.98895100
22 -1.62789200 0.15475300 0.01182400 -0.20199600 -0.08390500 0.59871700
23 -1.59928500 0.00000400 0.00001600 0.02557200 -0.03449500 0.91329800
24 5.51181500 0.00000800 -0.00000100 2.08521199 0.00006234 3.14156143
25 0.68299400 0.03595600 0.57798300 2.79340799 -0.00009656 -3.14154768
26 -2.92786500 -14.59732400 1.96421200 1.97586200 1.15990900 1.84280300
27 6.21448500 0.00000600 0.00002000 -0.91055689 0.57198661 -1.37927939
28 11.94488500 -0.00002900 -0.00019400 -0.26711482 -0.35187548 -1.63318096
29 10.62016600 0.00000200 0.00001000 -1.07383380 -0.73790468 0.10349477
30 4.75115600 0.69437600 -0.83047300 -0.17093900 -0.06480100 1.29897400
31 1.68806500 -0.00002600 0.00000200 0.00336200 -0.02449300 1.30290100
32 1.33615100 -0.00005100 -0.00000900 0.00799700 -0.03789800 0.16278400
33 4.82051300 0.50934000 0.22486500 -0.24420100 0.05267900 1.58206000
34 1.82699600 0.00006600 0.00000800 -0.01686100 0.03682700 0.84488800
35 1.43657700 -0.00001000 0.00000700 0.00412400 -0.01459100 0.56514400
36 3.99235300 0.89108700 1.82799400 -0.37865700 0.12332300 1.31184400
37 1.40591800 0.00002100 -0.00000700 0.00198400 -0.02939200 0.80822100
38 1.17536900 -0.00013100 0.00000200 0.10534000 0.06405800 0.98153900
39 4.52675600 0.69046000 1.12084200 -0.32139500 0.15846600 1.65825200
40 1.74404100 -0.00003100 -0.00000200 -0.01341100 -0.02631800 0.88408200
41 1.36876300 -0.00003100 -0.00001700 0.09716800 0.12559600 0.47588800
42 1.87485500 0.93508100 -0.99913000 2.38907000 0.37915900 1.26206900
43 1.52344900 -0.00003400 -0.00000300 0.04999000 0.01215500 0.50137700
44 1.59928100 -0.00000200 0.00000900 0.07849600 -0.02838400 1.17207700
45 5.51180600 -0.00000200 0.00000600 0.05767400 0.00000000 0.00000000
46 0.19685000 0.00000300 -0.00000200 -0.34822500 0.00001500 -0.00000200
47 0.00000000 0.00000000 0.00000000 0.00000000 0.00000000 -1.57079600
48 -6.52967500 79.73875400 -3.19662000 0.00000000 0.00000000 -3.14156200
49 -8.58621945 95.52807860 -2.80461634 0.41957695 0.21477065 -0.38656597
50 6.00704900 1.08056500 -6.86606800 0.70991500 1.05114300 2.16381900
51 0.99931000 0.00655900 -4.12445600 0.00000000 0.00000000 0.00000000
52 -5.53212400 0.00655800 -2.60195200 0.00000000 0.00000000 0.00000000
53 -2.12495800 0.00655900 -3.63194000 0.00000000 0.00000000 0.00000000
54 22.48682800 0.00576400 0.04656100 0.00000000 0.00000000 0.00000000
55 -6.90297100 -2.43099300 -4.62374600 3.01602400 -0.23384000 -1.83328500
time 38
0 -0.00000100 7.45008900 -27.50902600 0.00000000 0.00000000 0.00003100
1 -0.00000200 0.00000000 0.00000000 1.57074300 -1.56713700 -1.57074300
2 4.25546800 -0.33518300 -0.00000200 0.00000000 0.00000000 -0.12484800
3 7.43124800 1.49647700 0.00000200 0.00000000 0.00000000 0.24545000
4 5.27847900 0.16554100 0.00000100 0.00000000 0.00000000 0.04851100
5 -4.01433000 -17.66731800 4.29097700 1.97586400 1.15990900 -1.29878600
6 -6.21448200 -0.00000700 -0.00002700 -3.04293716 -0.76145998 1.46141255
7 11.94488200 0.00000000 0.00000100 0.01239412 -0.31175722 2.05521920
8 10.62018100 0.00000200 0.00000000 1.36128494 0.02379967 2.92163102
9 -4.75110600 -0.69449400 0.83057700 -0.17739400 0.01599100 0.22108400
10 -1.68806800 0.00004600 -0.00003200 0.00457900 -0.02430400 1.25266100
11 -1.33614000 0.00005700 -0.00001200 0.02629800 -0.00107200 0.59212700
12 -4.82049400 -0.50946000 -0.22475900 -0.29384300 0.04878100 0.68958600
13 -1.82699200 -0.00006400 0.00000600 -0.00597100 0.04001900 1.12661300
14 -1.43657300 0.00000600 0.00000200 -0.06657600 -0.04031800 0.93461100
15 -3.99235500 -0.89118800 -1.82790900 -0.52215700 0.10628100 1.00838100
16 -1.40591800 -0.00002500 -0.00000300 -0.00793500 -0.02837500 1.14618500
17 -1.17535800 0.00012800 -0.00002000 0.06208200 0.02754600 1.05720900
18 -4.52675100 -0.69057500 -1.12074400 -0.41778200 0.08544600 1.18122300
19 -1.74403800 0.00003300 -0.00000800 -0.02502400 -0.01570900 1.42133100
20 -1.36877100 0.00002500 0.00000200 0.03357100 0.04032700 0.59071800
21 -1.91873400 -1.31984500 0.85662800 2.02384700 0.10197800 0.98895100
22 -1.62789200 0.15475300 0.01182400 -0.20199600 -0.08390500 0.59871700
23 -1.59928500 0.00000400 0.00001600 0.02557200 -0.03449500 0.91329800
24 5.51181500 0.00000800 -0.00000100 2.08521199 0.00006234 3.14156143
25 0.68299400 0.03595600 0.57798300 2.79340799 -0.00009656 -3.14154768
26 -2.92786500 -14.59732400 1.96421200 1.97586200 1.15990900 1.84280300
27 6.21448500 0.00000600 0.00002000 -0.91259726 0.56913850 -1.38110189
28 11.94488500 -0.00002900 -0.00019400 -0.26751860 -0.35176897 -1.63205498
29 10.62016600 0.00000200 0.00001000 -1.07139064 -0.73663741 0.10271577
30 4.75115600 0.69437600 -0.83047300 -0.17093900 -0.06480100 1.29897400
31 1.68806500 -0.00002600 0.00000200 0.00336200 -0.02449300 1.30290100
32 1.33615100 -0.00005100 -0.00000900 0.00799700 -0.03789800 0.16278400
33 4.82051300 0.50934000 0.22486500 -0.24420100 0.05267900 1.58206000
34 1.82699600 0.00006600 0.00000800 -0.01686100 0.03682700 0.84488800
35 1.43657700 -0.00001000 0.00000700 0.00412400 -0.01459100 0.56514400
36 3.99235300 0.89108700 1.82799400 -0.37865700 0.12332300 1.31184400
37 1.40591800 0.00002100 -0.00000700 0.00198400 -0.02939200 0.80822100
38 1.17536900 -0.00013100 0.00000200 0.10534000 0.06405800 0.98153900
39 4.52675600 0.69046000 1.12084200 -0.32139500 0.15846600 1.65825200
40 1.74404100 -0.00003100 -0.00000200 -0.01341100 -0.02631800 0.88408200
41 1.36876300 -0.00003100 -0.00001700 0.09716800 0.12559600 0.47588800
42 1.87485500 0.93508100 -0.99913000 2.38907000 0.37915900 1.26206900
43 1.52344900 -0.00003400 -0.00000300 0.04999000 0.01215500 0.50137700
44 1.59928100 -0.00000200 0.00000900 0.07849600 -0.02838400 1.17207700
45 5.51180600 -0.00000200 0.00000600 0.05767400 0.00000000 0.00000000
46 0.19685000 0.00000300 -0.00000200 -0.34822500 0.00001500 -0.00000200
47 0.00000000 0.00000000 0.00000000 0.00000000 0.00000000 -1.57079600
48 -6.52967500 79.73875400 -3.19662000 0.00000000 0.00000000 -3.14156200
49 -8.57669894 95.52807860 -2.77797472 0.42003468 0.21702725 -0.38602917
50 6.00704900 1.08056500 -6.86606800 0.70991500 1.05114300 2.16381900
51 0.99931000 0.00655900 -4.12445600 0.00000000 0.00000000 0.00000000
52 -5.53212400 0.00655800 -2.60195200 0.00000000 0.00000000 0.00000000
53 -2.12495800 0.00655900 -3.63194000 0.00000000 0.00000000 0.00000000
54 22.48682800 0.00576400 0.04656100 0.00000000 0.00000000 0.00000000
55 -6.90297100 -2.43099300 -4.62374600 3.01602400 -0.23384000 -1.83328500
time 39
0 -0.00000100 7.45008900 -27.50902600 0.00000000 0.00000000 0.00003100
1 -0.00000200 0.00000000 0.00000000 1.57074300 -1.56713700 -1.57074300
2 4.25546800 -0.33518300 -0.00000200 0.00000000 0.00000000 -0.12484800
3 7.43124800 1.49647700 0.00000200 0.00000000 0.00000000 0.24545000
4 5.27847900 0.16554100 0.00000100 0.00000000 0.00000000 0.04851100
5 -4.01433000 -17.66731800 4.29097700 1.97586400 1.15990900 -1.29878600
6 -6.21448200 -0.00000700 -0.00002700 -3.04007565 -0.76090479 1.45918277
7 11.94488200 0.00000000 0.00000100 0.01281678 -0.31186102 2.05387608
8 10.62018100 0.00000200 0.00000000 1.36098618 0.02373776 2.92321929
9 -4.75110600 -0.69449400 0.83057700 -0.17739400 0.01599100 0.22108400
10 -1.68806800 0.00004600 -0.00003200 0.00457900 -0.02430400 1.25266100
11 -1.33614000 0.00005700 -0.00001200 0.02629800 -0.00107200 0.59212700
12 -4.82049400 -0.50946000 -0.22475900 -0.29384300 0.04878100 0.68958600
13 -1.82699200 -0.00006400 0.00000600 -0.00597100 0.04001900 1.12661300
14 -1.43657300 0.00000600 0.00000200 -0.06657600 -0.04031800 0.93461100
15 -3.99235500 -0.89118800 -1.82790900 -0.52215700 0.10628100 1.00838100
16 -1.40591800 -0.00002500 -0.00000300 -0.00793500 -0.02837500 1.14618500
17 -1.17535800 0.00012800 -0.00002000 0.06208200 0.02754600 1.05720900
18 -4.52675100 -0.69057500 -1.12074400 -0.41778200 0.08544600 1.18122300
19 -1.74403800 0.00003300 -0.00000800 -0.02502400 -0.01570900 1.42133100
20 -1.36877100 0.00002500 0.00000200 0.03357100 0.04032700 0.59071800
21 -1.91873400 -1.31984500 0.85662800 2.02384700 0.10197800 0.98895100
22 -1.62789200 0.15475300 0.01182400 -0.20199600 -0.08390500 0.59871700
23 -1.59928500 0.00000400 0.00001600 0.02557200 -0.03449500 0.91329800
24 5.51181500 0.00000800 -0.00000100 2.08521199 0.00006234 3.14156143
25 0.68299400 0.03595600 0.57798300 2.79340799 -0.00009656 -3.14154768
26 -2.92786500 -14.59732400 1.96421200 1.97586200 1.15990900 1.84280300
27 6.21448500 0.00000600 0.00002000 -0.91499023 0.56605841 -1.38309495
28 11.94488500 -0.00002900 -0.00019400 -0.26780995 -0.35157004 -1.63109254
29 10.62016600 0.00000200 0.00001000 -1.06842262 -0.73501447 0.10196384
30 4.75115600 0.69437600 -0.83047300 -0.17093900 -0.06480100 1.29897400
31 1.68806500 -0.00002600 0.00000200 0.00336200 -0.02449300 1.30290100
32 1.33615100 -0.00005100 -0.00000900 0.00799700 -0.03789800 0.16278400
33 4.82051300 0.50934000 0.22486500 -0.24420100 0.05267900 1.58206000
34 1.82699600 0.00006600 0.00000800 -0.01686100 0.03682700 0.84488800
35 1.43657700 -0.00001000 0.00000700 0.00412400 -0.01459100 0.56514400
36 3.99235300 0.89108700 1.82799400 -0.37865700 0.12332300 1.31184400
37 1.40591800 0.00002100 -0.00000700 0.00198400 -0.02939200 0.80822100
38 1.17536900 -0.00013100 0.00000200 0.10534000 0.06405800 0.98153900
39 4.52675600 0.69046000 1.12084200 -0.32139500 0.15846600 1.65825200
40 1.74404100 -0.00003100 -0.00000200 -0.01341100 -0.02631800 0.88408200
41 1.36876300 -0.00003100 -0.00001700 0.09716800 0.12559600 0.47588800
42 1.87485500 0.93508100 -0.99913000 2.38907000 0.37915900 1.26206900
43 1.52344900 -0.00003400 -0.00000300 0.04999000 0.01215500 0.50137700
44 1.59928100 -0.00000200 0.00000900 0.07849600 -0.02838400 1.17207700
45 5.51180600 -0.00000200 0.00000600 0.05767400 0.00000000 0.00000000
46 0.19685000 0.00000300 -0.00000200 -0.34822500 0.00001500 -0.00000200
47 0.00000000 0.00000000 0.00000000 0.00000000 0.00000000 -1.57079600
48 -6.52967500 79.73875400 -3.19662000 0.00000000 0.00000000 -3.14156200
49 -8.56681414 95.52807860 -2.74968828 0.42028035 0.21945044 -0.38553917
50 6.00704900 1.08056500 -6.86606800 0.70991500 1.05114300 2.16381900
51 0.99931000 0.00655900 -4.12445600 0.00000000 0.00000000 0.00000000
52 -5.53212400 0.00655800 -2.60195200 0.00000000 0.00000000 0.00000000
53 -2.12495800 0.00655900 -3.63194000 0.00000000 0.00000000 0.00000000
54 22.48682800 0.00576400 0.04656100 0.00000000 0.00000000 0.00000000
55 -6.90297100 -2.43099300 -4.62374600 3.01602400 -0.23384000 -1.83328500
time 40
0 -0.00000100 7.45008900 -27.50902600 0.00000000 0.00000000 0.00003100
1 -0.00000200 0.00000000 0.00000000 1.57074300 -1.56713700 -1.57074300
2 4.25546800 -0.33518300 -0.00000200 0.00000000 0.00000000 -0.12484800
3 7.43124800 1.49647700 0.00000200 0.00000000 0.00000000 0.24545000
4 5.27847900 0.16554100 0.00000100 0.00000000 0.00000000 0.04851100
5 -4.01433000 -17.66731800 4.29097700 1.97586400 1.15990900 -1.29878600
6 -6.21448200 -0.00000700 -0.00002700 -3.03694866 -0.76020970 1.45680140
7 11.94488200 0.00000000 0.00000100 0.01321027 -0.31208000 2.05253183
8 10.62018100 0.00000200 0.00000000 1.36076072 0.02364842 2.92494534
9 -4.75110600 -0.69449400 0.83057700 -0.17739400 0.01599100 0.22108400
10 -1.68806800 0.00004600 -0.00003200 0.00457900 -0.02430400 1.25266100
11 -1.33614000 0.00005700 -0.00001200 0.02629800 -0.00107200 0.59212700
12 -4.82049400 -0.50946000 -0.22475900 -0.29384300 0.04878100 0.68958600
13 -1.82699200 -0.00006400 0.00000600 -0.00597100 0.04001900 1.12661300
14 -1.43657300 0.00000600 0.00000200 -0.06657600 -0.04031800 0.93461100
15 -3.99235500 -0.89118800 -1.82790900 -0.52215700 0.10628100 1.00838100
16 -1.40591800 -0.00002500 -0.00000300 -0.00793500 -0.02837500 1.14618500
17 -1.17535800 0.00012800 -0.00002000 0.06208200 0.02754600 1.05720900
18 -4.52675100 -0.69057500 -1.12074400 -0.41778200 0.08544600 1.18122300
19 -1.74403800 0.00003300 -0.00000800 -0.02502400 -0.01570900 1.42133100
20 -1.36877100 0.00002500 0.00000200 0.03357100 0.04032700 0.59071800
21 -1.91873400 -1.31984500 0.85662800 2.02384700 0.10197800 0.98895100
22 -1.62789200 0.15475300 0.01182400 -0.20199600 -0.08390500 0.59871700
23 -1.59928500 0.00000400 0.00001600 0.02557200 -0.03449500 0.91329800
24 5.51181500 0.00000800 -0.00000100 2.08521199 0.00006234 3.14156143
25 0.68299400 0.03595600 0.57798300 2.79340799 -0.00009656 -3.14154768
26 -2.92786500 -14.59732400 1.96421200 1.97586200 1.15990900 1.84280300
27 6.21448500 0.00000600 0.00002000 -0.91741760 0.56278173 -1.38518846
28 11.94488500 -0.00002900 -0.00019400 -0.26824592 -0.35134920 -1.62999499
29 10.62016600 0.00000200 0.00001000 -1.06536933 -0.73327413 0.10119036
30 4.75115600 0.69437600 -0.83047300 -0.17093900 -0.06480100 1.29897400
31 1.68806500 -0.00002600 0.00000200 0.00336200 -0.02449300 1.30290100
32 1.33615100 -0.00005100 -0.00000900 0.00799700 -0.03789800 0.16278400
33 4.82051300 0.50934000 0.22486500 -0.24420100 0.05267900 1.58206000
34 1.82699600 0.00006600 0.00000800 -0.01686100 0.03682700 0.84488800
35 1.43657700 -0.00001000 0.00000700 0.00412400 -0.01459100 0.56514400
36 3.99235300 0.89108700 1.82799400 -0.37865700 0.12332300 1.31184400
37 1.40591800 0.00002100 -0.00000700 0.00198400 -0.02939200 0.80822100
38 1.17536900 -0.00013100 0.00000200 0.10534000 0.06405800 0.98153900
39 4.52675600 0.69046000 1.12084200 -0.32139500 0.15846600 1.65825200
40 1.74404100 -0.00003100 -0.00000200 -0.01341100 -0.02631800 0.88408200
41 1.36876300 -0.00003100 -0.00001700 0.09716800 0.12559600 0.47588800
42 1.87485500 0.93508100 -0.99913000 2.38907000 0.37915900 1.26206900
43 1.52344900 -0.00003400 -0.00000300 0.04999000 0.01215500 0.50137700
44 1.59928100 -0.00000200 0.00000900 0.07849600 -0.02838400 1.17207700
45 5.51180600 -0.00000200 0.00000600 0.05767400 0.00000000 0.00000000
46 0.19685000 0.00000300 -0.00000200 -0.34822500 0.00001500 -0.00000200
47 0.00000000 0.00000000 0.00000000 0.00000000 0.00000000 -1.57079600
48 -6.52967500 79.73875400 -3.19662000 0.00000000 0.00000000 -3.14156200
49 -8.55654071 95.52807860 -2.71974676 0.42052492 0.22213422 -0.38490277
50 6.00704900 1.08056500 -6.86606800 0.70991500 1.05114300 2.16381900
51 0.99931000 0.00655900 -4.12445600 0.00000000 0.00000000 0.00000000
52 -5.53212400 0.00655800 -2.60195200 0.00000000 0.00000000 0.00000000
53 -2.12495800 0.00655900 -3.63194000 0.00000000 0.00000000 0.00000000
54 22.48682800 0.00576400 0.04656100 0.00000000 0.00000000 0.00000000
55 -6.90297100 -2.43099300 -4.62374600 3.01602400 -0.23384000 -1.83328500
time 41
0 -0.00000100 7.45008900 -27.50902600 0.00000000 0.00000000 0.00003100
1 -0.00000200 0.00000000 0.00000000 1.57074300 -1.56713700 -1.57074300
2 4.25546800 -0.33518300 -0.00000200 0.00000000 0.00000000 -0.12484800
3 7.43124800 1.49647700 0.00000200 0.00000000 0.00000000 0.24545000
4 5.27847900 0.16554100 0.00000100 0.00000000 0.00000000 0.04851100
5 -4.01433000 -17.66731800 4.29097700 1.97586400 1.15990900 -1.29878600
6 -6.21448200 -0.00000700 -0.00002700 -3.03370573 -0.75957116 1.45427517
7 11.94488200 0.00000000 0.00000100 0.01366564 -0.31217914 2.05098117
8 10.62018100 0.00000200 0.00000000 1.36052939 0.02357705 2.92680302
9 -4.75110600 -0.69449400 0.83057700 -0.17739400 0.01599100 0.22108400
10 -1.68806800 0.00004600 -0.00003200 0.00457900 -0.02430400 1.25266100
11 -1.33614000 0.00005700 -0.00001200 0.02629800 -0.00107200 0.59212700
12 -4.82049400 -0.50946000 -0.22475900 -0.29384300 0.04878100 0.68958600
13 -1.82699200 -0.00006400 0.00000600 -0.00597100 0.04001900 1.12661300
14 -1.43657300 0.00000600 0.00000200 -0.06657600 -0.04031800 0.93461100
15 -3.99235500 -0.89118800 -1.82790900 -0.52215700 0.10628100 1.00838100
16 -1.40591800 -0.00002500 -0.00000300 -0.00793500 -0.02837500 1.14618500
17 -1.17535800 0.00012800 -0.00002000 0.06208200 0.02754600 1.05720900
18 -4.52675100 -0.69057500 -1.12074400 -0.41778200 0.08544600 1.18122300
19 -1.74403800 0.00003300 -0.00000800 -0.02502400 -0.01570900 1.42133100
20 -1.36877100 0.00002500 0.00000200 0.03357100 0.04032700 0.59071800
21 -1.91873400 -1.31984500 0.85662800 2.02384700 0.10197800 0.98895100
22 -1.62789200 0.15475300 0.01182400 -0.20199600 -0.08390500 0.59871700
23 -1.59928500 0.00000400 0.00001600 0.02557200 -0.03449500 0.91329800
24 5.51181500 0.00000800 -0.00000100 2.08521199 0.00006234 3.14156143
25 0.68299400 0.03595600 0.57798300 2.79340799 -0.00009656 -3.14154768
26 -2.92786500 -14.59732400 1.96421200 1.97586200 1.15990900 1.84280300
27 6.21448500 0.00000600 0.00002000 -0.91983005 0.55935499 -1.38729084
28 11.94488500 -0.00002900 -0.00019400 -0.26864045 -0.35117658 -1.62877549
29 10.62016600 0.00000200 0.00001000 -1.06227483 -0.73145148 0.10035348
30 4.75115600 0.69437600 -0.83047300 -0.17093900 -0.06480100 1.29897400
31 1.68806500 -0.00002600 0.00000200 0.00336200 -0.02449300 1.30290100
32 1.33615100 -0.00005100 -0.00000900 0.00799700 -0.03789800 0.16278400
33 4.82051300 0.50934000 0.22486500 -0.24420100 0.05267900 1.58206000
34 1.82699600 0.00006600 0.00000800 -0.01686100 0.03682700 0.84488800
35 1.43657700 -0.00001000 0.00000700 0.00412400 -0.01459100 0.56514400
36 3.99235300 0.89108700 1.82799400 -0.37865700 0.12332300 1.31184400
37 1.40591800 0.00002100 -0.00000700 0.00198400 -0.02939200 0.80822100
38 1.17536900 -0.00013100 0.00000200 0.10534000 0.06405800 0.98153900
39 4.52675600 0.69046000 1.12084200 -0.32139500 0.15846600 1.65825200
40 1.74404100 -0.00003100 -0.00000200 -0.01341100 -0.02631800 0.88408200
41 1.36876300 -0.00003100 -0.00001700 0.09716800 0.12559600 0.47588800
42 1.87485500 0.93508100 -0.99913000 2.38907000 0.37915900 1.26206900
43 1.52344900 -0.00003400 -0.00000300 0.04999000 0.01215500 0.50137700
44 1.59928100 -0.00000200 0.00000900 0.07849600 -0.02838400 1.17207700
45 5.51180600 -0.00000200 0.00000600 0.05767400 0.00000000 0.00000000
46 0.19685000 0.00000300 -0.00000200 -0.34822500 0.00001500 -0.00000200
47 0.00000000 0.00000000 0.00000000 0.00000000 0.00000000 -1.57079600
48 -6.52967500 79.73875400 -3.19662000 0.00000000 0.00000000 -3.14156200
49 -8.54595513 95.52807860 -2.68845067 0.42086088 0.22483678 -0.38425427
50 6.00704900 1.08056500 -6.86606800 0.70991500 1.05114300 2.16381900
51 0.99931000 0.00655900 -4.12445600 0.00000000 0.00000000 0.00000000
52 -5.53212400 0.00655800 -2.60195200 0.00000000 0.00000000 0.00000000
53 -2.12495800 0.00655900 -3.63194000 0.00000000 0.00000000 0.00000000
54 22.48682800 0.00576400 0.04656100 0.00000000 0.00000000 0.00000000
55 -6.90297100 -2.43099300 -4.62374600 3.01602400 -0.23384000 -1.83328500
time 42
0 -0.00000100 7.45008900 -27.50902600 0.00000000 0.00000000 0.00003100
1 -0.00000200 0.00000000 0.00000000 1.57074300 -1.56713700 -1.57074300
2 4.25546800 -0.33518300 -0.00000200 0.00000000 0.00000000 -0.12484800
3 7.43124800 1.49647700 0.00000200 0.00000000 0.00000000 0.24545000
4 5.27847900 0.16554100 0.00000100 0.00000000 0.00000000 0.04851100
5 -4.01433000 -17.66731800 4.29097700 1.97586400 1.15990900 -1.29878600
6 -6.21448200 -0.00000700 -0.00002700 -3.03050571 -0.75888645 1.45174672
7 11.94488200 0.00000000 0.00000100 0.01419484 -0.31236343 2.04927945
8 10.62018100 0.00000200 0.00000000 1.36021252 0.02363896 2.92880432
9 -4.75110600 -0.69449400 0.83057700 -0.17739400 0.01599100 0.22108400
10 -1.68806800 0.00004600 -0.00003200 0.00457900 -0.02430400 1.25266100
11 -1.33614000 0.00005700 -0.00001200 0.02629800 -0.00107200 0.59212700
12 -4.82049400 -0.50946000 -0.22475900 -0.29384300 0.04878100 0.68958600
13 -1.82699200 -0.00006400 0.00000600 -0.00597100 0.04001900 1.12661300
14 -1.43657300 0.00000600 0.00000200 -0.06657600 -0.04031800 0.93461100
15 -3.99235500 -0.89118800 -1.82790900 -0.52215700 0.10628100 1.00838100
16 -1.40591800 -0.00002500 -0.00000300 -0.00793500 -0.02837500 1.14618500
17 -1.17535800 0.00012800 -0.00002000 0.06208200 0.02754600 1.05720900
18 -4.52675100 -0.69057500 -1.12074400 -0.41778200 0.08544600 1.18122300
19 -1.74403800 0.00003300 -0.00000800 -0.02502400 -0.01570900 1.42133100
20 -1.36877100 0.00002500 0.00000200 0.03357100 0.04032700 0.59071800
21 -1.91873400 -1.31984500 0.85662800 2.02384700 0.10197800 0.98895100
22 -1.62789200 0.15475300 0.01182400 -0.20199600 -0.08390500 0.59871700
23 -1.59928500 0.00000400 0.00001600 0.02557200 -0.03449500 0.91329800
24 5.51181500 0.00000800 -0.00000100 2.08521199 0.00006234 3.14156143
25 0.68299400 0.03595600 0.57798300 2.79340799 -0.00009656 -3.14154768
26 -2.92786500 -14.59732400 1.96421200 1.97586200 1.15990900 1.84280300
27 6.21448500 0.00000600 0.00002000 -0.92237546 0.55576727 -1.38958096
28 11.94488500 -0.00002900 -0.00019400 -0.26903548 -0.35106632 -1.62755804
29 10.62016600 0.00000200 0.00001000 -1.05887062 -0.72950630 0.09930431
30 4.75115600 0.69437600 -0.83047300 -0.17093900 -0.06480100 1.29897400
31 1.68806500 -0.00002600 0.00000200 0.00336200 -0.02449300 1.30290100
32 1.33615100 -0.00005100 -0.00000900 0.00799700 -0.03789800 0.16278400
33 4.82051300 0.50934000 0.22486500 -0.24420100 0.05267900 1.58206000
34 1.82699600 0.00006600 0.00000800 -0.01686100 0.03682700 0.84488800
35 1.43657700 -0.00001000 0.00000700 0.00412400 -0.01459100 0.56514400
36 3.99235300 0.89108700 1.82799400 -0.37865700 0.12332300 1.31184400
37 1.40591800 0.00002100 -0.00000700 0.00198400 -0.02939200 0.80822100
38 1.17536900 -0.00013100 0.00000200 0.10534000 0.06405800 0.98153900
39 4.52675600 0.69046000 1.12084200 -0.32139500 0.15846600 1.65825200
40 1.74404100 -0.00003100 -0.00000200 -0.01341100 -0.02631800 0.88408200
41 1.36876300 -0.00003100 -0.00001700 0.09716800 0.12559600 0.47588800
42 1.87485500 0.93508100 -0.99913000 2.38907000 0.37915900 1.26206900
43 1.52344900 -0.00003400 -0.00000300 0.04999000 0.01215500 0.50137700
44 1.59928100 -0.00000200 0.00000900 0.07849600 -0.02838400 1.17207700
45 5.51180600 -0.00000200 0.00000600 0.05767400 0.00000000 0.00000000
46 0.19685000 0.00000300 -0.00000200 -0.34822500 0.00001500 -0.00000200
47 0.00000000 0.00000000 0.00000000 0.00000000 0.00000000 -1.57079600
48 -6.52967500 79.73875400 -3.19662000 0.00000000 0.00000000 -3.14156200
49 -8.53541201 95.52807860 -2.65692890 0.42115666 0.22774170 -0.38366094
50 6.00704900 1.08056500 -6.86606800 0.70991500 1.05114300 2.16381900
51 0.99931000 0.00655900 -4.12445600 0.00000000 0.00000000 0.00000000
52 -5.53212400 0.00655800 -2.60195200 0.00000000 0.00000000 0.00000000
53 -2.12495800 0.00655900 -3.63194000 0.00000000 0.00000000 0.00000000
54 22.48682800 0.00576400 0.04656100 0.00000000 0.00000000 0.00000000
55 -6.90297100 -2.43099300 -4.62374600 3.01602400 -0.23384000 -1.83328500
time 43
0 -0.00000100 7.45008900 -27.50902600 0.00000000 0.00000000 0.00003100
1 -0.00000200 0.00000000 0.00000000 1.57074300 -1.56713700 -1.57074300
2 4.25546800 -0.33518300 -0.00000200 0.00000000 0.00000000 -0.12484800
3 7.43124800 1.49647700 0.00000200 0.00000000 0.00000000 0.24545000
4 5.27847900 0.16554100 0.00000100 0.00000000 0.00000000 0.04851100
5 -4.01433000 -17.66731800 4.29097700 1.97586400 1.15990900 -1.29878600
6 -6.21448200 -0.00000700 -0.00002700 -3.02717276 -0.75811970 1.44902600
7 11.94488200 0.00000000 0.00000100 0.01472591 -0.31254756 2.04757677
8 10.62018100 0.00000200 0.00000000 1.36001775 0.02359125 2.93081986
9 -4.75110600 -0.69449400 0.83057700 -0.17739400 0.01599100 0.22108400
10 -1.68806800 0.00004600 -0.00003200 0.00457900 -0.02430400 1.25266100
11 -1.33614000 0.00005700 -0.00001200 0.02629800 -0.00107200 0.59212700
12 -4.82049400 -0.50946000 -0.22475900 -0.29384300 0.04878100 0.68958600
13 -1.82699200 -0.00006400 0.00000600 -0.00597100 0.04001900 1.12661300
14 -1.43657300 0.00000600 0.00000200 -0.06657600 -0.04031800 0.93461100
15 -3.99235500 -0.89118800 -1.82790900 -0.52215700 0.10628100 1.00838100
16 -1.40591800 -0.00002500 -0.00000300 -0.00793500 -0.02837500 1.14618500
17 -1.17535800 0.00012800 -0.00002000 0.06208200 0.02754600 1.05720900
18 -4.52675100 -0.69057500 -1.12074400 -0.41778200 0.08544600 1.18122300
19 -1.74403800 0.00003300 -0.00000800 -0.02502400 -0.01570900 1.42133100
20 -1.36877100 0.00002500 0.00000200 0.03357100 0.04032700 0.59071800
21 -1.91873400 -1.31984500 0.85662800 2.02384700 0.10197800 0.98895100
22 -1.62789200 0.15475300 0.01182400 -0.20199600 -0.08390500 0.59871700
23 -1.59928500 0.00000400 0.00001600 0.02557200 -0.03449500 0.91329800
24 5.51181500 0.00000800 -0.00000100 2.08521199 0.00006234 3.14156143
25 0.68299400 0.03595600 0.57798300 2.79340799 -0.00009656 -3.14154768
26 -2.92786500 -14.59732400 1.96421200 1.97586200 1.15990900 1.84280300
27 6.21448500 0.00000600 0.00002000 -0.92496120 0.55215943 -1.39177276
28 11.94488500 -0.00002900 -0.00019400 -0.26951530 -0.35087822 -1.62621431
29 10.62016600 0.00000200 0.00001000 -1.05560329 -0.72755528 0.09831380
30 4.75115600 0.69437600 -0.83047300 -0.17093900 -0.06480100 1.29897400
31 1.68806500 -0.00002600 0.00000200 0.00336200 -0.02449300 1.30290100
32 1.33615100 -0.00005100 -0.00000900 0.00799700 -0.03789800 0.16278400
33 4.82051300 0.50934000 0.22486500 -0.24420100 0.05267900 1.58206000
34 1.82699600 0.00006600 0.00000800 -0.01686100 0.03682700 0.84488800
35 1.43657700 -0.00001000 0.00000700 0.00412400 -0.01459100 0.56514400
36 3.99235300 0.89108700 1.82799400 -0.37865700 0.12332300 1.31184400
37 1.40591800 0.00002100 -0.00000700 0.00198400 -0.02939200 0.80822100
38 1.17536900 -0.00013100 0.00000200 0.10534000 0.06405800 0.98153900
39 4.52675600 0.69046000 1.12084200 -0.32139500 0.15846600 1.65825200
40 1.74404100 -0.00003100 -0.00000200 -0.01341100 -0.02631800 0.88408200
41 1.36876300 -0.00003100 -0.00001700 0.09716800 0.12559600 0.47588800
42 1.87485500 0.93508100 -0.99913000 2.38907000 0.37915900 1.26206900
43 1.52344900 -0.00003400 -0.00000300 0.04999000 0.01215500 0.50137700
44 1.59928100 -0.00000200 0.00000900 0.07849600 -0.02838400 1.17207700
45 5.51180600 -0.00000200 0.00000600 0.05767400 0.00000000 0.00000000
46 0.19685000 0.00000300 -0.00000200 -0.34822500 0.00001500 -0.00000200
47 0.00000000 0.00000000 0.00000000 0.00000000 0.00000000 -1.57079600
48 -6.52967500 79.73875400 -3.19662000 0.00000000 0.00000000 -3.14156200
49 -8.52466089 95.52807860 -2.62453812 0.42154144 0.23073066 -0.38295152
50 6.00704900 1.08056500 -6.86606800 0.70991500 1.05114300 2.16381900
51 0.99931000 0.00655900 -4.12445600 0.00000000 0.00000000 0.00000000
52 -5.53212400 0.00655800 -2.60195200 0.00000000 0.00000000 0.00000000
53 -2.12495800 0.00655900 -3.63194000 0.00000000 0.00000000 0.00000000
54 22.48682800 0.00576400 0.04656100 0.00000000 0.00000000 0.00000000
55 -6.90297100 -2.43099300 -4.62374600 3.01602400 -0.23384000 -1.83328500
time 44
0 -0.00000100 7.45008900 -27.50902600 0.00000000 0.00000000 0.00003100
1 -0.00000200 0.00000000 0.00000000 1.57074300 -1.56713700 -1.57074300
2 4.25546800 -0.33518300 -0.00000200 0.00000000 0.00000000 -0.12484800
3 7.43124800 1.49647700 0.00000200 0.00000000 0.00000000 0.24545000
4 5.27847900 0.16554100 0.00000100 0.00000000 0.00000000 0.04851100
5 -4.01433000 -17.66731800 4.29097700 1.97586400 1.15990900 -1.29878600
6 -6.21448200 -0.00000700 -0.00002700 -3.02377057 -0.75741021 1.44632419
7 11.94488200 0.00000000 0.00000100 0.01526652 -0.31274038 2.04584069
8 10.62018100 0.00000200 0.00000000 1.35989443 0.02350719 2.93301406
9 -4.75110600 -0.69449400 0.83057700 -0.17739400 0.01599100 0.22108400
10 -1.68806800 0.00004600 -0.00003200 0.00457900 -0.02430400 1.25266100
11 -1.33614000 0.00005700 -0.00001200 0.02629800 -0.00107200 0.59212700
12 -4.82049400 -0.50946000 -0.22475900 -0.29384300 0.04878100 0.68958600
13 -1.82699200 -0.00006400 0.00000600 -0.00597100 0.04001900 1.12661300
14 -1.43657300 0.00000600 0.00000200 -0.06657600 -0.04031800 0.93461100
15 -3.99235500 -0.89118800 -1.82790900 -0.52215700 0.10628100 1.00838100
16 -1.40591800 -0.00002500 -0.00000300 -0.00793500 -0.02837500 1.14618500
17 -1.17535800 0.00012800 -0.00002000 0.06208200 0.02754600 1.05720900
18 -4.52675100 -0.69057500 -1.12074400 -0.41778200 0.08544600 1.18122300
19 -1.74403800 0.00003300 -0.00000800 -0.02502400 -0.01570900 1.42133100
20 -1.36877100 0.00002500 0.00000200 0.03357100 0.04032700 0.59071800
21 -1.91873400 -1.31984500 0.85662800 2.02384700 0.10197800 0.98895100
22 -1.62789200 0.15475300 0.01182400 -0.20199600 -0.08390500 0.59871700
23 -1.59928500 0.00000400 0.00001600 0.02557200 -0.03449500 0.91329800
24 5.51181500 0.00000800 -0.00000100 2.08521199 0.00006234 3.14156143
25 0.68299400 0.03595600 0.57798300 2.79340799 -0.00009656 -3.14154768
26 -2.92786500 -14.59732400 1.96421200 1.97586200 1.15990900 1.84280300
27 6.21448500 0.00000600 0.00002000 -0.92743019 0.54842476 -1.39407048
28 11.94488500 -0.00002900 -0.00019400 -0.26994739 -0.35079319 -1.62482648
29 10.62016600 0.00000200 0.00001000 -1.05225399 -0.72550165 0.09721335
30 4.75115600 0.69437600 -0.83047300 -0.17093900 -0.06480100 1.29897400
31 1.68806500 -0.00002600 0.00000200 0.00336200 -0.02449300 1.30290100
32 1.33615100 -0.00005100 -0.00000900 0.00799700 -0.03789800 0.16278400
33 4.82051300 0.50934000 0.22486500 -0.24420100 0.05267900 1.58206000
34 1.82699600 0.00006600 0.00000800 -0.01686100 0.03682700 0.84488800
35 1.43657700 -0.00001000 0.00000700 0.00412400 -0.01459100 0.56514400
36 3.99235300 0.89108700 1.82799400 -0.37865700 0.12332300 1.31184400
37 1.40591800 0.00002100 -0.00000700 0.00198400 -0.02939200 0.80822100
38 1.17536900 -0.00013100 0.00000200 0.10534000 0.06405800 0.98153900
39 4.52675600 0.69046000 1.12084200 -0.32139500 0.15846600 1.65825200
40 1.74404100 -0.00003100 -0.00000200 -0.01341100 -0.02631800 0.88408200
41 1.36876300 -0.00003100 -0.00001700 0.09716800 0.12559600 0.47588800
42 1.87485500 0.93508100 -0.99913000 2.38907000 0.37915900 1.26206900
43 1.52344900 -0.00003400 -0.00000300 0.04999000 0.01215500 0.50137700
44 1.59928100 -0.00000200 0.00000900 0.07849600 -0.02838400 1.17207700
45 5.51180600 -0.00000200 0.00000600 0.05767400 0.00000000 0.00000000
46 0.19685000 0.00000300 -0.00000200 -0.34822500 0.00001500 -0.00000200
47 0.00000000 0.00000000 0.00000000 0.00000000 0.00000000 -1.57079600
48 -6.52967500 79.73875400 -3.19662000 0.00000000 0.00000000 -3.14156200
49 -8.51394599 95.52807860 -2.59202527 0.42202060 0.23371718 -0.38224640
50 6.00704900 1.08056500 -6.86606800 0.70991500 1.05114300 2.16381900
51 0.99931000 0.00655900 -4.12445600 0.00000000 0.00000000 0.00000000
52 -5.53212400 0.00655800 -2.60195200 0.00000000 0.00000000 0.00000000
53 -2.12495800 0.00655900 -3.63194000 0.00000000 0.00000000 0.00000000
54 22.48682800 0.00576400 0.04656100 0.00000000 0.00000000 0.00000000
55 -6.90297100 -2.43099300 -4.62374600 3.01602400 -0.23384000 -1.83328500
time 45
0 -0.00000100 7.45008900 -27.50902600 0.00000000 0.00000000 0.00003100
1 -0.00000200 0.00000000 0.00000000 1.57074300 -1.56713700 -1.57074300
2 4.25546800 -0.33518300 -0.00000200 0.00000000 0.00000000 -0.12484800
3 7.43124800 1.49647700 0.00000200 0.00000000 0.00000000 0.24545000
4 5.27847900 0.16554100 0.00000100 0.00000000 0.00000000 0.04851100
5 -4.01433000 -17.66731800 4.29097700 1.97586400 1.15990900 -1.29878600
6 -6.21448200 -0.00000700 -0.00002700 -3.02036906 -0.75656127 1.44361837
7 11.94488200 0.00000000 0.00000100 0.01591672 -0.31290306 2.04393755
8 10.62018100 0.00000200 0.00000000 1.35990393 0.02340509 2.93536244
9 -4.75110600 -0.69449400 0.83057700 -0.17739400 0.01599100 0.22108400
10 -1.68806800 0.00004600 -0.00003200 0.00457900 -0.02430400 1.25266100
11 -1.33614000 0.00005700 -0.00001200 0.02629800 -0.00107200 0.59212700
12 -4.82049400 -0.50946000 -0.22475900 -0.29384300 0.04878100 0.68958600
13 -1.82699200 -0.00006400 0.00000600 -0.00597100 0.04001900 1.12661300
14 -1.43657300 0.00000600 0.00000200 -0.06657600 -0.04031800 0.93461100
15 -3.99235500 -0.89118800 -1.82790900 -0.52215700 0.10628100 1.00838100
16 -1.40591800 -0.00002500 -0.00000300 -0.00793500 -0.02837500 1.14618500
17 -1.17535800 0.00012800 -0.00002000 0.06208200 0.02754600 1.05720900
18 -4.52675100 -0.69057500 -1.12074400 -0.41778200 0.08544600 1.18122300
19 -1.74403800 0.00003300 -0.00000800 -0.02502400 -0.01570900 1.42133100
20 -1.36877100 0.00002500 0.00000200 0.03357100 0.04032700 0.59071800
21 -1.91873400 -1.31984500 0.85662800 2.02384700 0.10197800 0.98895100
22 -1.62789200 0.15475300 0.01182400 -0.20199600 -0.08390500 0.59871700
23 -1.59928500 0.00000400 0.00001600 0.02557200 -0.03449500 0.91329800
24 5.51181500 0.00000800 -0.00000100 2.08521199 0.00006234 3.14156143
25 0.68299400 0.03595600 0.57798300 2.79340799 -0.00009656 -3.14154768
26 -2.92786500 -14.59732400 1.96421200 1.97586200 1.15990900 1.84280300
27 6.21448500 0.00000600 0.00002000 -0.92976586 0.54461373 -1.39628312
28 11.94488500 -0.00002900 -0.00019400 -0.27053902 -0.35078461 -1.62332021
29 10.62016600 0.00000200 0.00001000 -1.04916390 -0.72359489 0.09598123
30 4.75115600 0.69437600 -0.83047300 -0.17093900 -0.06480100 1.29897400
31 1.68806500 -0.00002600 0.00000200 0.00336200 -0.02449300 1.30290100
32 1.33615100 -0.00005100 -0.00000900 0.00799700 -0.03789800 0.16278400
33 4.82051300 0.50934000 0.22486500 -0.24420100 0.05267900 1.58206000
34 1.82699600 0.00006600 0.00000800 -0.01686100 0.03682700 0.84488800
35 1.43657700 -0.00001000 0.00000700 0.00412400 -0.01459100 0.56514400
36 3.99235300 0.89108700 1.82799400 -0.37865700 0.12332300 1.31184400
37 1.40591800 0.00002100 -0.00000700 0.00198400 -0.02939200 0.80822100
38 1.17536900 -0.00013100 0.00000200 0.10534000 0.06405800 0.98153900
39 4.52675600 0.69046000 1.12084200 -0.32139500 0.15846600 1.65825200
40 1.74404100 -0.00003100 -0.00000200 -0.01341100 -0.02631800 0.88408200
41 1.36876300 -0.00003100 -0.00001700 0.09716800 0.12559600 0.47588800
42 1.87485500 0.93508100 -0.99913000 2.38907000 0.37915900 1.26206900
43 1.52344900 -0.00003400 -0.00000300 0.04999000 0.01215500 0.50137700
44 1.59928100 -0.00000200 0.00000900 0.07849600 -0.02838400 1.17207700
45 5.51180600 -0.00000200 0.00000600 0.05767400 0.00000000 0.00000000
46 0.19685000 0.00000300 -0.00000200 -0.34822500 0.00001500 -0.00000200
47 0.00000000 0.00000000 0.00000000 0.00000000 0.00000000 -1.57079600
48 -6.52967500 79.73875400 -3.19662000 0.00000000 0.00000000 -3.14156200
49 -8.50346047 95.52807860 -2.56002752 0.42265081 0.23672017 -0.38163845
50 6.00704900 1.08056500 -6.86606800 0.70991500 1.05114300 2.16381900
51 0.99931000 0.00655900 -4.12445600 0.00000000 0.00000000 0.00000000
52 -5.53212400 0.00655800 -2.60195200 0.00000000 0.00000000 0.00000000
53 -2.12495800 0.00655900 -3.63194000 0.00000000 0.00000000 0.00000000
54 22.48682800 0.00576400 0.04656100 0.00000000 0.00000000 0.00000000
55 -6.90297100 -2.43099300 -4.62374600 3.01602400 -0.23384000 -1.83328500
time 46
0 -0.00000100 7.45008900 -27.50902600 0.00000000 0.00000000 0.00003100
1 -0.00000200 0.00000000 0.00000000 1.57074300 -1.56713700 -1.57074300
2 4.25546800 -0.33518300 -0.00000200 0.00000000 0.00000000 -0.12484800
3 7.43124800 1.49647700 0.00000200 0.00000000 0.00000000 0.24545000
4 5.27847900 0.16554100 0.00000100 0.00000000 0.00000000 0.04851100
5 -4.01433000 -17.66731800 4.29097700 1.97586400 1.15990900 -1.29878600
6 -6.21448200 -0.00000700 -0.00002700 -3.01692077 -0.75583327 1.44081513
7 11.94488200 0.00000000 0.00000100 0.01649266 -0.31311034 2.04203989
8 10.62018100 0.00000200 0.00000000 1.35992396 0.02323743 2.93765505
9 -4.75110600 -0.69449400 0.83057700 -0.17739400 0.01599100 0.22108400
10 -1.68806800 0.00004600 -0.00003200 0.00457900 -0.02430400 1.25266100
11 -1.33614000 0.00005700 -0.00001200 0.02629800 -0.00107200 0.59212700
12 -4.82049400 -0.50946000 -0.22475900 -0.29384300 0.04878100 0.68958600
13 -1.82699200 -0.00006400 0.00000600 -0.00597100 0.04001900 1.12661300
14 -1.43657300 0.00000600 0.00000200 -0.06657600 -0.04031800 0.93461100
15 -3.99235500 -0.89118800 -1.82790900 -0.52215700 0.10628100 1.00838100
16 -1.40591800 -0.00002500 -0.00000300 -0.00793500 -0.02837500 1.14618500
17 -1.17535800 0.00012800 -0.00002000 0.06208200 0.02754600 1.05720900
18 -4.52675100 -0.69057500 -1.12074400 -0.41778200 0.08544600 1.18122300
19 -1.74403800 0.00003300 -0.00000800 -0.02502400 -0.01570900 1.42133100
20 -1.36877100 0.00002500 0.00000200 0.03357100 0.04032700 0.59071800
21 -1.91873400 -1.31984500 0.85662800 2.02384700 0.10197800 0.98895100
22 -1.62789200 0.15475300 0.01182400 -0.20199600 -0.08390500 0.59871700
23 -1.59928500 0.00000400 0.00001600 0.02557200 -0.03449500 0.91329800
24 5.51181500 0.00000800 -0.00000100 2.08521199 0.00006234 3.14156143
25 0.68299400 0.03595600 0.57798300 2.79340799 -0.00009656 -3.14154768
26 -2.92786500 -14.59732400 1.96421200 1.97586200 1.15990900 1.84280300
27 6.21448500 0.00000600 0.00002000 -0.93209795 0.54094396 -1.39847655
28 11.94488500 -0.00002900 -0.00019400 -0.27102021 -0.35075681 -1.62173035
29 10.62016600 0.00000200 0.00001000 -1.04591718 -0.72161450 0.09465102
30 4.75115600 0.69437600 -0.83047300 -0.17093900 -0.06480100 1.29897400
31 1.68806500 -0.00002600 0.00000200 0.00336200 -0.02449300 1.30290100
32 1.33615100 -0.00005100 -0.00000900 0.00799700 -0.03789800 0.16278400
33 4.82051300 0.50934000 0.22486500 -0.24420100 0.05267900 1.58206000
34 1.82699600 0.00006600 0.00000800 -0.01686100 0.03682700 0.84488800
35 1.43657700 -0.00001000 0.00000700 0.00412400 -0.01459100 0.56514400
36 3.99235300 0.89108700 1.82799400 -0.37865700 0.12332300 1.31184400
37 1.40591800 0.00002100 -0.00000700 0.00198400 -0.02939200 0.80822100
38 1.17536900 -0.00013100 0.00000200 0.10534000 0.06405800 0.98153900
39 4.52675600 0.69046000 1.12084200 -0.32139500 0.15846600 1.65825200
40 1.74404100 -0.00003100 -0.00000200 -0.01341100 -0.02631800 0.88408200
41 1.36876300 -0.00003100 -0.00001700 0.09716800 0.12559600 0.47588800
42 1.87485500 0.93508100 -0.99913000 2.38907000 0.37915900 1.26206900
43 1.52344900 -0.00003400 -0.00000300 0.04999000 0.01215500 0.50137700
44 1.59928100 -0.00000200 0.00000900 0.07849600 -0.02838400 1.17207700
45 5.51180600 -0.00000200 0.00000600 0.05767400 0.00000000 0.00000000
46 0.19685000 0.00000300 -0.00000200 -0.34822500 0.00001500 -0.00000200
47 0.00000000 0.00000000 0.00000000 0.00000000 0.00000000 -1.57079600
48 -6.52967500 79.73875400 -3.19662000 0.00000000 0.00000000 -3.14156200
49 -8.49297796 95.52807860 -2.52802978 0.42328296 0.23978819 -0.38092431
50 6.00704900 1.08056500 -6.86606800 0.70991500 1.05114300 2.16381900
51 0.99931000 0.00655900 -4.12445600 0.00000000 0.00000000 0.00000000
52 -5.53212400 0.00655800 -2.60195200 0.00000000 0.00000000 0.00000000
53 -2.12495800 0.00655900 -3.63194000 0.00000000 0.00000000 0.00000000
54 22.48682800 0.00576400 0.04656100 0.00000000 0.00000000 0.00000000
55 -6.90297100 -2.43099300 -4.62374600 3.01602400 -0.23384000 -1.83328500
time 47
0 -0.00000100 7.45008900 -27.50902600 0.00000000 0.00000000 0.00003100
1 -0.00000200 0.00000000 0.00000000 1.57074300 -1.56713700 -1.57074300
2 4.25546800 -0.33518300 -0.00000200 0.00000000 0.00000000 -0.12484800
3 7.43124800 1.49647700 0.00000200 0.00000000 0.00000000 0.24545000
4 5.27847900 0.16554100 0.00000100 0.00000000 0.00000000 0.04851100
5 -4.01433000 -17.66731800 4.29097700 1.97586400 1.15990900 -1.29878600
6 -6.21448200 -0.00000700 -0.00002700 -3.01352439 -0.75497083 1.43815717
7 11.94488200 0.00000000 0.00000100 0.01705939 -0.31332888 2.04022297
8 10.62018100 0.00000200 0.00000000 1.35993086 0.02297974 2.93998841
9 -4.75110600 -0.69449400 0.83057700 -0.17739400 0.01599100 0.22108400
10 -1.68806800 0.00004600 -0.00003200 0.00457900 -0.02430400 1.25266100
11 -1.33614000 0.00005700 -0.00001200 0.02629800 -0.00107200 0.59212700
12 -4.82049400 -0.50946000 -0.22475900 -0.29384300 0.04878100 0.68958600
13 -1.82699200 -0.00006400 0.00000600 -0.00597100 0.04001900 1.12661300
14 -1.43657300 0.00000600 0.00000200 -0.06657600 -0.04031800 0.93461100
15 -3.99235500 -0.89118800 -1.82790900 -0.52215700 0.10628100 1.00838100
16 -1.40591800 -0.00002500 -0.00000300 -0.00793500 -0.02837500 1.14618500
17 -1.17535800 0.00012800 -0.00002000 0.06208200 0.02754600 1.05720900
18 -4.52675100 -0.69057500 -1.12074400 -0.41778200 0.08544600 1.18122300
19 -1.74403800 0.00003300 -0.00000800 -0.02502400 -0.01570900 1.42133100
20 -1.36877100 0.00002500 0.00000200 0.03357100 0.04032700 0.59071800
21 -1.91873400 -1.31984500 0.85662800 2.02384700 0.10197800 0.98895100
22 -1.62789200 0.15475300 0.01182400 -0.20199600 -0.08390500 0.59871700
23 -1.59928500 0.00000400 0.00001600 0.02557200 -0.03449500 0.91329800
24 5.51181500 0.00000800 -0.00000100 2.08521199 0.00006234 3.14156143
25 0.68299400 0.03595600 0.57798300 2.79340799 -0.00009656 -3.14154768
26 -2.92786500 -14.59732400 1.96421200 1.97586200 1.15990900 1.84280300
27 6.21448500 0.00000600 0.00002000 -0.93427288 0.53720857 -1.40067474
28 11.94488500 -0.00002900 -0.00019400 -0.27149713 -0.35079464 -1.62021341
29 10.62016600 0.00000200 0.00001000 -1.04291214 -0.71979246 0.09325003
30 4.75115600 0.69437600 -0.83047300 -0.17093900 -0.06480100 1.29897400
31 1.68806500 -0.00002600 0.00000200 0.00336200 -0.02449300 1.30290100
32 1.33615100 -0.00005100 -0.00000900 0.00799700 -0.03789800 0.16278400
33 4.82051300 0.50934000 0.22486500 -0.24420100 0.05267900 1.58206000
34 1.82699600 0.00006600 0.00000800 -0.01686100 0.03682700 0.84488800
35 1.43657700 -0.00001000 0.00000700 0.00412400 -0.01459100 0.56514400
36 3.99235300 0.89108700 1.82799400 -0.37865700 0.12332300 1.31184400
37 1.40591800 0.00002100 -0.00000700 0.00198400 -0.02939200 0.80822100
38 1.17536900 -0.00013100 0.00000200 0.10534000 0.06405800 0.98153900
39 4.52675600 0.69046000 1.12084200 -0.32139500 0.15846600 1.65825200
40 1.74404100 -0.00003100 -0.00000200 -0.01341100 -0.02631800 0.88408200
41 1.36876300 -0.00003100 -0.00001700 0.09716800 0.12559600 0.47588800
42 1.87485500 0.93508100 -0.99913000 2.38907000 0.37915900 1.26206900
43 1.52344900 -0.00003400 -0.00000300 0.04999000 0.01215500 0.50137700
44 1.59928100 -0.00000200 0.00000900 0.07849600 -0.02838400 1.17207700
45 5.51180600 -0.00000200 0.00000600 0.05767400 0.00000000 0.00000000
46 0.19685000 0.00000300 -0.00000200 -0.34822500 0.00001500 -0.00000200
47 0.00000000 0.00000000 0.00000000 0.00000000 0.00000000 -1.57079600
48 -6.52967500 79.73875400 -3.19662000 0.00000000 0.00000000 -3.14156200
49 -8.48273397 95.52807860 -2.49685008 0.42404365 0.24275256 -0.38023366
50 6.00704900 1.08056500 -6.86606800 0.70991500 1.05114300 2.16381900
51 0.99931000 0.00655900 -4.12445600 0.00000000 0.00000000 0.00000000
52 -5.53212400 0.00655800 -2.60195200 0.00000000 0.00000000 0.00000000
53 -2.12495800 0.00655900 -3.63194000 0.00000000 0.00000000 0.00000000
54 22.48682800 0.00576400 0.04656100 0.00000000 0.00000000 0.00000000
55 -6.90297100 -2.43099300 -4.62374600 3.01602400 -0.23384000 -1.83328500
time 48
0 -0.00000100 7.45008900 -27.50902600 0.00000000 0.00000000 0.00003100
1 -0.00000200 0.00000000 0.00000000 1.57074300 -1.56713700 -1.57074300
2 4.25546800 -0.33518300 -0.00000200 0.00000000 0.00000000 -0.12484800
3 7.43124800 1.49647700 0.00000200 0.00000000 0.00000000 0.24545000
4 5.27847900 0.16554100 0.00000100 0.00000000 0.00000000 0.04851100
5 -4.01433000 -17.66731800 4.29097700 1.97586400 1.15990900 -1.29878600
6 -6.21448200 -0.00000700 -0.00002700 -3.01020868 -0.75417444 1.43557194
7 11.94488200 0.00000000 0.00000100 0.01759889 -0.31347696 2.03830294
8 10.62018100 0.00000200 0.00000000 1.36010357 0.02274282 2.94227834
9 -4.75110600 -0.69449400 0.83057700 -0.17739400 0.01599100 0.22108400
10 -1.68806800 0.00004600 -0.00003200 0.00457900 -0.02430400 1.25266100
11 -1.33614000 0.00005700 -0.00001200 0.02629800 -0.00107200 0.59212700
12 -4.82049400 -0.50946000 -0.22475900 -0.29384300 0.04878100 0.68958600
13 -1.82699200 -0.00006400 0.00000600 -0.00597100 0.04001900 1.12661300
14 -1.43657300 0.00000600 0.00000200 -0.06657600 -0.04031800 0.93461100
15 -3.99235500 -0.89118800 -1.82790900 -0.52215700 0.10628100 1.00838100
16 -1.40591800 -0.00002500 -0.00000300 -0.00793500 -0.02837500 1.14618500
17 -1.17535800 0.00012800 -0.00002000 0.06208200 0.02754600 1.05720900
18 -4.52675100 -0.69057500 -1.12074400 -0.41778200 0.08544600 1.18122300
19 -1.74403800 0.00003300 -0.00000800 -0.02502400 -0.01570900 1.42133100
20 -1.36877100 0.00002500 0.00000200 0.03357100 0.04032700 0.59071800
21 -1.91873400 -1.31984500 0.85662800 2.02384700 0.10197800 0.98895100
22 -1.62789200 0.15475300 0.01182400 -0.20199600 -0.08390500 0.59871700
23 -1.59928500 0.00000400 0.00001600 0.02557200 -0.03449500 0.91329800
24 5.51181500 0.00000800 -0.00000100 2.08521199 0.00006234 3.14156143
25 0.68299400 0.03595600 0.57798300 2.79340799 -0.00009656 -3.14154768
26 -2.92786500 -14.59732400 1.96421200 1.97586200 1.15990900 1.84280300
27 6.21448500 0.00000600 0.00002000 -0.93640173 0.53363400 -1.40285564
28 11.94488500 -0.00002900 -0.00019400 -0.27213762 -0.35084439 -1.61850635
29 10.62016600 0.00000200 0.00001000 -1.03999189 -0.71794454 0.09188936
30 4.75115600 0.69437600 -0.83047300 -0.17093900 -0.06480100 1.29897400
31 1.68806500 -0.00002600 0.00000200 0.00336200 -0.02449300 1.30290100
32 1.33615100 -0.00005100 -0.00000900 0.00799700 -0.03789800 0.16278400
33 4.82051300 0.50934000 0.22486500 -0.24420100 0.05267900 1.58206000
34 1.82699600 0.00006600 0.00000800 -0.01686100 0.03682700 0.84488800
35 1.43657700 -0.00001000 0.00000700 0.00412400 -0.01459100 0.56514400
36 3.99235300 0.89108700 1.82799400 -0.37865700 0.12332300 1.31184400
37 1.40591800 0.00002100 -0.00000700 0.00198400 -0.02939200 0.80822100
38 1.17536900 -0.00013100 0.00000200 0.10534000 0.06405800 0.98153900
39 4.52675600 0.69046000 1.12084200 -0.32139500 0.15846600 1.65825200
40 1.74404100 -0.00003100 -0.00000200 -0.01341100 -0.02631800 0.88408200
41 1.36876300 -0.00003100 -0.00001700 0.09716800 0.12559600 0.47588800
42 1.87485500 0.93508100 -0.99913000 2.38907000 0.37915900 1.26206900
43 1.52344900 -0.00003400 -0.00000300 0.04999000 0.01215500 0.50137700
44 1.59928100 -0.00000200 0.00000900 0.07849600 -0.02838400 1.17207700
45 5.51180600 -0.00000200 0.00000600 0.05767400 0.00000000 0.00000000
46 0.19685000 0.00000300 -0.00000200 -0.34822500 0.00001500 -0.00000200
47 0.00000000 0.00000000 0.00000000 0.00000000 0.00000000 -1.57079600
48 -6.52967500 79.73875400 -3.19662000 0.00000000 0.00000000 -3.14156200
49 -8.47272799 95.52807860 -2.46655426 0.42487153 0.24570575 -0.37954655
50 6.00704900 1.08056500 -6.86606800 0.70991500 1.05114300 2.16381900
51 0.99931000 0.00655900 -4.12445600 0.00000000 0.00000000 0.00000000
52 -5.53212400 0.00655800 -2.60195200 0.00000000 0.00000000 0.00000000
53 -2.12495800 0.00655900 -3.63194000 0.00000000 0.00000000 0.00000000
54 22.48682800 0.00576400 0.04656100 0.00000000 0.00000000 0.00000000
55 -6.90297100 -2.43099300 -4.62374600 3.01602400 -0.23384000 -1.83328500
time 49
0 -0.00000100 7.45008900 -27.50902600 0.00000000 0.00000000 0.00003100
1 -0.00000200 0.00000000 0.00000000 1.57074300 -1.56713700 -1.57074300
2 4.25546800 -0.33518300 -0.00000200 0.00000000 0.00000000 -0.12484800
3 7.43124800 1.49647700 0.00000200 0.00000000 0.00000000 0.24545000
4 5.27847900 0.16554100 0.00000100 0.00000000 0.00000000 0.04851100
5 -4.01433000 -17.66731800 4.29097700 1.97586400 1.15990900 -1.29878600
6 -6.21448200 -0.00000700 -0.00002700 -3.00705312 -0.75338278 1.43305257
7 11.94488200 0.00000000 0.00000100 0.01817097 -0.31370088 2.03647273
8 10.62018100 0.00000200 0.00000000 1.36016706 0.02254859 2.94449665
9 -4.75110600 -0.69449400 0.83057700 -0.17739400 0.01599100 0.22108400
10 -1.68806800 0.00004600 -0.00003200 0.00457900 -0.02430400 1.25266100
11 -1.33614000 0.00005700 -0.00001200 0.02629800 -0.00107200 0.59212700
12 -4.82049400 -0.50946000 -0.22475900 -0.29384300 0.04878100 0.68958600
13 -1.82699200 -0.00006400 0.00000600 -0.00597100 0.04001900 1.12661300
14 -1.43657300 0.00000600 0.00000200 -0.06657600 -0.04031800 0.93461100
15 -3.99235500 -0.89118800 -1.82790900 -0.52215700 0.10628100 1.00838100
16 -1.40591800 -0.00002500 -0.00000300 -0.00793500 -0.02837500 1.14618500
17 -1.17535800 0.00012800 -0.00002000 0.06208200 0.02754600 1.05720900
18 -4.52675100 -0.69057500 -1.12074400 -0.41778200 0.08544600 1.18122300
19 -1.74403800 0.00003300 -0.00000800 -0.02502400 -0.01570900 1.42133100
20 -1.36877100 0.00002500 0.00000200 0.03357100 0.04032700 0.59071800
21 -1.91873400 -1.31984500 0.85662800 2.02384700 0.10197800 0.98895100
22 -1.62789200 0.15475300 0.01182400 -0.20199600 -0.08390500 0.59871700
23 -1.59928500 0.00000400 0.00001600 0.02557200 -0.03449500 0.91329800
24 5.51181500 0.00000800 -0.00000100 2.08521199 0.00006234 3.14156143
25 0.68299400 0.03595600 0.57798300 2.79340799 -0.00009656 -3.14154768
26 -2.92786500 -14.59732400 1.96421200 1.97586200 1.15990900 1.84280300
27 6.21448500 0.00000600 0.00002000 -0.93833748 0.53011725 -1.40483647
28 11.94488500 -0.00002900 -0.00019400 -0.27262332 -0.35090824 -1.61696052
29 10.62016600 0.00000200 0.00001000 -1.03718104 -0.71613797 0.09049853
30 4.75115600 0.69437600 -0.83047300 -0.17093900 -0.06480100 1.29897400
31 1.68806500 -0.00002600 0.00000200 0.00336200 -0.02449300 1.30290100
32 1.33615100 -0.00005100 -0.00000900 0.00799700 -0.03789800 0.16278400
33 4.82051300 0.50934000 0.22486500 -0.24420100 0.05267900 1.58206000
34 1.82699600 0.00006600 0.00000800 -0.01686100 0.03682700 0.84488800
35 1.43657700 -0.00001000 0.00000700 0.00412400 -0.01459100 0.56514400
36 3.99235300 0.89108700 1.82799400 -0.37865700 0.12332300 1.31184400
37 1.40591800 0.00002100 -0.00000700 0.00198400 -0.02939200 0.80822100
38 1.17536900 -0.00013100 0.00000200 0.10534000 0.06405800 0.98153900
39 4.52675600 0.69046000 1.12084200 -0.32139500 0.15846600 1.65825200
40 1.74404100 -0.00003100 -0.00000200 -0.01341100 -0.02631800 0.88408200
41 1.36876300 -0.00003100 -0.00001700 0.09716800 0.12559600 0.47588800
42 1.87485500 0.93508100 -0.99913000 2.38907000 0.37915900 1.26206900
43 1.52344900 -0.00003400 -0.00000300 0.04999000 0.01215500 0.50137700
44 1.59928100 -0.00000200 0.00000900 0.07849600 -0.02838400 1.17207700
45 5.51180600 -0.00000200 0.00000600 0.05767400 0.00000000 0.00000000
46 0.19685000 0.00000300 -0.00000200 -0.34822500 0.00001500 -0.00000200
47 0.00000000 0.00000000 0.00000000 0.00000000 0.00000000 -1.57079600
48 -6.52967500 79.73875400 -3.19662000 0.00000000 0.00000000 -3.14156200
49 -8.46292600 95.52807860 -2.43712745 0.42562937 0.24849395 -0.37898625
50 6.00704900 1.08056500 -6.86606800 0.70991500 1.05114300 2.16381900
51 0.99931000 0.00655900 -4.12445600 0.00000000 0.00000000 0.00000000
52 -5.53212400 0.00655800 -2.60195200 0.00000000 0.00000000 0.00000000
53 -2.12495800 0.00655900 -3.63194000 0.00000000 0.00000000 0.00000000
54 22.48682800 0.00576400 0.04656100 0.00000000 0.00000000 0.00000000
55 -6.90297100 -2.43099300 -4.62374600 3.01602400 -0.23384000 -1.83328500
time 50
0 -0.00000100 7.45008900 -27.50902600 0.00000000 0.00000000 0.00003100
1 -0.00000200 0.00000000 0.00000000 1.57074300 -1.56713700 -1.57074300
2 4.25546800 -0.33518300 -0.00000200 0.00000000 0.00000000 -0.12484800
3 7.43124800 1.49647700 0.00000200 0.00000000 0.00000000 0.24545000
4 5.27847900 0.16554100 0.00000100 0.00000000 0.00000000 0.04851100
5 -4.01433000 -17.66731800 4.29097700 1.97586400 1.15990900 -1.29878600
6 -6.21448200 -0.00000700 -0.00002700 -3.00396692 -0.75260049 1.43073179
7 11.94488200 0.00000000 0.00000100 0.01871984 -0.31391733 2.03476854
8 10.62018100 0.00000200 0.00000000 1.36035118 0.02231344 2.94669027
9 -4.75110600 -0.69449400 0.83057700 -0.17739400 0.01599100 0.22108400
10 -1.68806800 0.00004600 -0.00003200 0.00457900 -0.02430400 1.25266100
11 -1.33614000 0.00005700 -0.00001200 0.02629800 -0.00107200 0.59212700
12 -4.82049400 -0.50946000 -0.22475900 -0.29384300 0.04878100 0.68958600
13 -1.82699200 -0.00006400 0.00000600 -0.00597100 0.04001900 1.12661300
14 -1.43657300 0.00000600 0.00000200 -0.06657600 -0.04031800 0.93461100
15 -3.99235500 -0.89118800 -1.82790900 -0.52215700 0.10628100 1.00838100
16 -1.40591800 -0.00002500 -0.00000300 -0.00793500 -0.02837500 1.14618500
17 -1.17535800 0.00012800 -0.00002000 0.06208200 0.02754600 1.05720900
18 -4.52675100 -0.69057500 -1.12074400 -0.41778200 0.08544600 1.18122300
19 -1.74403800 0.00003300 -0.00000800 -0.02502400 -0.01570900 1.42133100
20 -1.36877100 0.00002500 0.00000200 0.03357100 0.04032700 0.59071800
21 -1.91873400 -1.31984500 0.85662800 2.02384700 0.10197800 0.98895100
22 -1.62789200 0.15475300 0.01182400 -0.20199600 -0.08390500 0.59871700
23 -1.59928500 0.00000400 0.00001600 0.02557200 -0.03449500 0.91329800
24 5.51181500 0.00000800 -0.00000100 2.08521199 0.00006234 3.14156143
25 0.68299400 0.03595600 0.57798300 2.79340799 -0.00009656 -3.14154768
26 -2.92786500 -14.59732400 1.96421200 1.97586200 1.15990900 1.84280300
27 6.21448500 0.00000600 0.00002000 -0.94014682 0.52670327 -1.40679819
28 11.94488500 -0.00002900 -0.00019400 -0.27316646 -0.35093712 -1.61543199
29 10.62016600 0.00000200 0.00001000 -1.03451022 -0.71453506 0.08923428
30 4.75115600 0.69437600 -0.83047300 -0.17093900 -0.06480100 1.29897400
31 1.68806500 -0.00002600 0.00000200 0.00336200 -0.02449300 1.30290100
32 1.33615100 -0.00005100 -0.00000900 0.00799700 -0.03789800 0.16278400
33 4.82051300 0.50934000 0.22486500 -0.24420100 0.05267900 1.58206000
34 1.82699600 0.00006600 0.00000800 -0.01686100 0.03682700 0.84488800
35 1.43657700 -0.00001000 0.00000700 0.00412400 -0.01459100 0.56514400
36 3.99235300 0.89108700 1.82799400 -0.37865700 0.12332300 1.31184400
37 1.40591800 0.00002100 -0.00000700 0.00198400 -0.02939200 0.80822100
38 1.17536900 -0.00013100 0.00000200 0.10534000 0.06405800 0.98153900
39 4.52675600 0.69046000 1.12084200 -0.32139500 0.15846600 1.65825200
40 1.74404100 -0.00003100 -0.00000200 -0.01341100 -0.02631800 0.88408200
41 1.36876300 -0.00003100 -0.00001700 0.09716800 0.12559600 0.47588800
42 1.87485500 0.93508100 -0.99913000 2.38907000 0.37915900 1.26206900
43 1.52344900 -0.00003400 -0.00000300 0.04999000 0.01215500 0.50137700
44 1.59928100 -0.00000200 0.00000900 0.07849600 -0.02838400 1.17207700
45 5.51180600 -0.00000200 0.00000600 0.05767400 0.00000000 0.00000000
46 0.19685000 0.00000300 -0.00000200 -0.34822500 0.00001500 -0.00000200
47 0.00000000 0.00000000 0.00000000 0.00000000 0.00000000 -1.57079600
48 -6.52967500 79.73875400 -3.19662000 0.00000000 0.00000000 -3.14156200
49 -8.45338698 95.52807860 -2.40922303 0.42642630 0.25121833 -0.37833644
50 6.00704900 1.08056500 -6.86606800 0.70991500 1.05114300 2.16381900
51 0.99931000 0.00655900 -4.12445600 0.00000000 0.00000000 0.00000000
52 -5.53212400 0.00655800 -2.60195200 0.00000000 0.00000000 0.00000000
53 -2.12495800 0.00655900 -3.63194000 0.00000000 0.00000000 0.00000000
54 22.48682800 0.00576400 0.04656100 0.00000000 0.00000000 0.00000000
55 -6.90297100 -2.43099300 -4.62374600 3.01602400 -0.23384000 -1.83328500
time 51
0 -0.00000100 7.45008900 -27.50902600 0.00000000 0.00000000 0.00003100
1 -0.00000200 0.00000000 0.00000000 1.57074300 -1.56713700 -1.57074300
2 4.25546800 -0.33518300 -0.00000200 0.00000000 0.00000000 -0.12484800
3 7.43124800 1.49647700 0.00000200 0.00000000 0.00000000 0.24545000
4 5.27847900 0.16554100 0.00000100 0.00000000 0.00000000 0.04851100
5 -4.01433000 -17.66731800 4.29097700 1.97586400 1.15990900 -1.29878600
6 -6.21448200 -0.00000700 -0.00002700 -3.00111749 -0.75189691 1.42852425
7 11.94488200 0.00000000 0.00000100 0.01920288 -0.31405963 2.03318722
8 10.62018100 0.00000200 0.00000000 1.36043578 0.02204951 2.94875791
9 -4.75110600 -0.69449400 0.83057700 -0.17739400 0.01599100 0.22108400
10 -1.68806800 0.00004600 -0.00003200 0.00457900 -0.02430400 1.25266100
11 -1.33614000 0.00005700 -0.00001200 0.02629800 -0.00107200 0.59212700
12 -4.82049400 -0.50946000 -0.22475900 -0.29384300 0.04878100 0.68958600
13 -1.82699200 -0.00006400 0.00000600 -0.00597100 0.04001900 1.12661300
14 -1.43657300 0.00000600 0.00000200 -0.06657600 -0.04031800 0.93461100
15 -3.99235500 -0.89118800 -1.82790900 -0.52215700 0.10628100 1.00838100
16 -1.40591800 -0.00002500 -0.00000300 -0.00793500 -0.02837500 1.14618500
17 -1.17535800 0.00012800 -0.00002000 0.06208200 0.02754600 1.05720900
18 -4.52675100 -0.69057500 -1.12074400 -0.41778200 0.08544600 1.18122300
19 -1.74403800 0.00003300 -0.00000800 -0.02502400 -0.01570900 1.42133100
20 -1.36877100 0.00002500 0.00000200 0.03357100 0.04032700 0.59071800
21 -1.91873400 -1.31984500 0.85662800 2.02384700 0.10197800 0.98895100
22 -1.62789200 0.15475300 0.01182400 -0.20199600 -0.08390500 0.59871700
23 -1.59928500 0.00000400 0.00001600 0.02557200 -0.03449500 0.91329800
24 5.51181500 0.00000800 -0.00000100 2.08521199 0.00006234 3.14156143
25 0.68299400 0.03595600 0.57798300 2.79340799 -0.00009656 -3.14154768
26 -2.92786500 -14.59732400 1.96421200 1.97586200 1.15990900 1.84280300
27 6.21448500 0.00000600 0.00002000 -0.94186057 0.52354697 -1.40863552
28 11.94488500 -0.00002900 -0.00019400 -0.27362550 -0.35104363 -1.61402643
29 10.62016600 0.00000200 0.00001000 -1.03207225 -0.71297064 0.08798000
30 4.75115600 0.69437600 -0.83047300 -0.17093900 -0.06480100 1.29897400
31 1.68806500 -0.00002600 0.00000200 0.00336200 -0.02449300 1.30290100
32 1.33615100 -0.00005100 -0.00000900 0.00799700 -0.03789800 0.16278400
33 4.82051300 0.50934000 0.22486500 -0.24420100 0.05267900 1.58206000
34 1.82699600 0.00006600 0.00000800 -0.01686100 0.03682700 0.84488800
35 1.43657700 -0.00001000 0.00000700 0.00412400 -0.01459100 0.56514400
36 3.99235300 0.89108700 1.82799400 -0.37865700 0.12332300 1.31184400
37 1.40591800 0.00002100 -0.00000700 0.00198400 -0.02939200 0.80822100
38 1.17536900 -0.00013100 0.00000200 0.10534000 0.06405800 0.98153900
39 4.52675600 0.69046000 1.12084200 -0.32139500 0.15846600 1.65825200
40 1.74404100 -0.00003100 -0.00000200 -0.01341100 -0.02631800 0.88408200
41 1.36876300 -0.00003100 -0.00001700 0.09716800 0.12559600 0.47588800
42 1.87485500 0.93508100 -0.99913000 2.38907000 0.37915900 1.26206900
43 1.52344900 -0.00003400 -0.00000300 0.04999000 0.01215500 0.50137700
44 1.59928100 -0.00000200 0.00000900 0.07849600 -0.02838400 1.17207700
45 5.51180600 -0.00000200 0.00000600 0.05767400 0.00000000 0.00000000
46 0.19685000 0.00000300 -0.00000200 -0.34822500 0.00001500 -0.00000200
47 0.00000000 0.00000000 0.00000000 0.00000000 0.00000000 -1.57079600
48 -6.52967500 79.73875400 -3.19662000 0.00000000 0.00000000 -3.14156200
49 -8.44419145 95.52807860 -2.38280185 0.42716372 0.25375424 -0.37772682
50 6.00704900 1.08056500 -6.86606800 0.70991500 1.05114300 2.16381900
51 0.99931000 0.00655900 -4.12445600 0.00000000 0.00000000 0.00000000
52 -5.53212400 0.00655800 -2.60195200 0.00000000 0.00000000 0.00000000
53 -2.12495800 0.00655900 -3.63194000 0.00000000 0.00000000 0.00000000
54 22.48682800 0.00576400 0.04656100 0.00000000 0.00000000 0.00000000
55 -6.90297100 -2.43099300 -4.62374600 3.01602400 -0.23384000 -1.83328500
time 52
0 -0.00000100 7.45008900 -27.50902600 0.00000000 0.00000000 0.00003100
1 -0.00000200 0.00000000 0.00000000 1.57074300 -1.56713700 -1.57074300
2 4.25546800 -0.33518300 -0.00000200 0.00000000 0.00000000 -0.12484800
3 7.43124800 1.49647700 0.00000200 0.00000000 0.00000000 0.24545000
4 5.27847900 0.16554100 0.00000100 0.00000000 0.00000000 0.04851100
5 -4.01433000 -17.66731800 4.29097700 1.97586400 1.15990900 -1.29878600
6 -6.21448200 -0.00000700 -0.00002700 -2.99835363 -0.75126557 1.42638050
7 11.94488200 0.00000000 0.00000100 0.01967723 -0.31419475 2.03163594
8 10.62018100 0.00000200 0.00000000 1.36050391 0.02189525 2.95063786
9 -4.75110600 -0.69449400 0.83057700 -0.17739400 0.01599100 0.22108400
10 -1.68806800 0.00004600 -0.00003200 0.00457900 -0.02430400 1.25266100
11 -1.33614000 0.00005700 -0.00001200 0.02629800 -0.00107200 0.59212700
12 -4.82049400 -0.50946000 -0.22475900 -0.29384300 0.04878100 0.68958600
13 -1.82699200 -0.00006400 0.00000600 -0.00597100 0.04001900 1.12661300
14 -1.43657300 0.00000600 0.00000200 -0.06657600 -0.04031800 0.93461100
15 -3.99235500 -0.89118800 -1.82790900 -0.52215700 0.10628100 1.00838100
16 -1.40591800 -0.00002500 -0.00000300 -0.00793500 -0.02837500 1.14618500
17 -1.17535800 0.00012800 -0.00002000 0.06208200 0.02754600 1.05720900
18 -4.52675100 -0.69057500 -1.12074400 -0.41778200 0.08544600 1.18122300
19 -1.74403800 0.00003300 -0.00000800 -0.02502400 -0.01570900 1.42133100
20 -1.36877100 0.00002500 0.00000200 0.03357100 0.04032700 0.59071800
21 -1.91873400 -1.31984500 0.85662800 2.02384700 0.10197800 0.98895100
22 -1.62789200 0.15475300 0.01182400 -0.20199600 -0.08390500 0.59871700
23 -1.59928500 0.00000400 0.00001600 0.02557200 -0.03449500 0.91329800
24 5.51181500 0.00000800 -0.00000100 2.08521199 0.00006234 3.14156143
25 0.68299400 0.03595600 0.57798300 2.79340799 -0.00009656 -3.14154768
26 -2.92786500 -14.59732400 1.96421200 1.97586200 1.15990900 1.84280300
27 6.21448500 0.00000600 0.00002000 -0.94340750 0.52056782 -1.41035396
28 11.94488500 -0.00002900 -0.00019400 -0.27405811 -0.35115977 -1.61276059
29 10.62016600 0.00000200 0.00001000 -1.02969591 -0.71149758 0.08683671
30 4.75115600 0.69437600 -0.83047300 -0.17093900 -0.06480100 1.29897400
31 1.68806500 -0.00002600 0.00000200 0.00336200 -0.02449300 1.30290100
32 1.33615100 -0.00005100 -0.00000900 0.00799700 -0.03789800 0.16278400
33 4.82051300 0.50934000 0.22486500 -0.24420100 0.05267900 1.58206000
34 1.82699600 0.00006600 0.00000800 -0.01686100 0.03682700 0.84488800
35 1.43657700 -0.00001000 0.00000700 0.00412400 -0.01459100 0.56514400
36 3.99235300 0.89108700 1.82799400 -0.37865700 0.12332300 1.31184400
37 1.40591800 0.00002100 -0.00000700 0.00198400 -0.02939200 0.80822100
38 1.17536900 -0.00013100 0.00000200 0.10534000 0.06405800 0.98153900
39 4.52675600 0.69046000 1.12084200 -0.32139500 0.15846600 1.65825200
40 1.74404100 -0.00003100 -0.00000200 -0.01341100 -0.02631800 0.88408200
41 1.36876300 -0.00003100 -0.00001700 0.09716800 0.12559600 0.47588800
42 1.87485500 0.93508100 -0.99913000 2.38907000 0.37915900 1.26206900
43 1.52344900 -0.00003400 -0.00000300 0.04999000 0.01215500 0.50137700
44 1.59928100 -0.00000200 0.00000900 0.07849600 -0.02838400 1.17207700
45 5.51180600 -0.00000200 0.00000600 0.05767400 0.00000000 0.00000000
46 0.19685000 0.00000300 -0.00000200 -0.34822500 0.00001500 -0.00000200
47 0.00000000 0.00000000 0.00000000 0.00000000 0.00000000 -1.57079600
48 -6.52967500 79.73875400 -3.19662000 0.00000000 0.00000000 -3.14156200
49 -8.43539611 95.52807860 -2.35810763 0.42779121 0.25618247 -0.37723825
50 6.00704900 1.08056500 -6.86606800 0.70991500 1.05114300 2.16381900
51 0.99931000 0.00655900 -4.12445600 0.00000000 0.00000000 0.00000000
52 -5.53212400 0.00655800 -2.60195200 0.00000000 0.00000000 0.00000000
53 -2.12495800 0.00655900 -3.63194000 0.00000000 0.00000000 0.00000000
54 22.48682800 0.00576400 0.04656100 0.00000000 0.00000000 0.00000000
55 -6.90297100 -2.43099300 -4.62374600 3.01602400 -0.23384000 -1.83328500
time 53
0 -0.00000100 7.45008900 -27.50902600 0.00000000 0.00000000 0.00003100
1 -0.00000200 0.00000000 0.00000000 1.57074300 -1.56713700 -1.57074300
2 4.25546800 -0.33518300 -0.00000200 0.00000000 0.00000000 -0.12484800
3 7.43124800 1.49647700 0.00000200 0.00000000 0.00000000 0.24545000
4 5.27847900 0.16554100 0.00000100 0.00000000 0.00000000 0.04851100
5 -4.01433000 -17.66731800 4.29097700 1.97586400 1.15990900 -1.29878600
6 -6.21448200 -0.00000700 -0.00002700 -2.99595592 -0.75062097 1.42464517
7 11.94488200 0.00000000 0.00000100 0.02000084 -0.31434704 2.03043579
8 10.62018100 0.00000200 0.00000000 1.36049868 0.02173953 2.95216530
9 -4.75110600 -0.69449400 0.83057700 -0.17739400 0.01599100 0.22108400
10 -1.68806800 0.00004600 -0.00003200 0.00457900 -0.02430400 1.25266100
11 -1.33614000 0.00005700 -0.00001200 0.02629800 -0.00107200 0.59212700
12 -4.82049400 -0.50946000 -0.22475900 -0.29384300 0.04878100 0.68958600
13 -1.82699200 -0.00006400 0.00000600 -0.00597100 0.04001900 1.12661300
14 -1.43657300 0.00000600 0.00000200 -0.06657600 -0.04031800 0.93461100
15 -3.99235500 -0.89118800 -1.82790900 -0.52215700 0.10628100 1.00838100
16 -1.40591800 -0.00002500 -0.00000300 -0.00793500 -0.02837500 1.14618500
17 -1.17535800 0.00012800 -0.00002000 0.06208200 0.02754600 1.05720900
18 -4.52675100 -0.69057500 -1.12074400 -0.41778200 0.08544600 1.18122300
19 -1.74403800 0.00003300 -0.00000800 -0.02502400 -0.01570900 1.42133100
20 -1.36877100 0.00002500 0.00000200 0.03357100 0.04032700 0.59071800
21 -1.91873400 -1.31984500 0.85662800 2.02384700 0.10197800 0.98895100
22 -1.62789200 0.15475300 0.01182400 -0.20199600 -0.08390500 0.59871700
23 -1.59928500 0.00000400 0.00001600 0.02557200 -0.03449500 0.91329800
24 5.51181500 0.00000800 -0.00000100 2.08521199 0.00006234 3.14156143
25 0.68299400 0.03595600 0.57798300 2.79340799 -0.00009656 -3.14154768
26 -2.92786500 -14.59732400 1.96421200 1.97586200 1.15990900 1.84280300
27 6.21448500 0.00000600 0.00002000 -0.94485104 0.51791271 -1.41192283
28 11.94488500 -0.00002900 -0.00019400 -0.27452605 -0.35119059 -1.61157147
29 10.62016600 0.00000200 0.00001000 -1.02755543 -0.71027563 0.08595651
30 4.75115600 0.69437600 -0.83047300 -0.17093900 -0.06480100 1.29897400
31 1.68806500 -0.00002600 0.00000200 0.00336200 -0.02449300 1.30290100
32 1.33615100 -0.00005100 -0.00000900 0.00799700 -0.03789800 0.16278400
33 4.82051300 0.50934000 0.22486500 -0.24420100 0.05267900 1.58206000
34 1.82699600 0.00006600 0.00000800 -0.01686100 0.03682700 0.84488800
35 1.43657700 -0.00001000 0.00000700 0.00412400 -0.01459100 0.56514400
36 3.99235300 0.89108700 1.82799400 -0.37865700 0.12332300 1.31184400
37 1.40591800 0.00002100 -0.00000700 0.00198400 -0.02939200 0.80822100
38 1.17536900 -0.00013100 0.00000200 0.10534000 0.06405800 0.98153900
39 4.52675600 0.69046000 1.12084200 -0.32139500 0.15846600 1.65825200
40 1.74404100 -0.00003100 -0.00000200 -0.01341100 -0.02631800 0.88408200
41 1.36876300 -0.00003100 -0.00001700 0.09716800 0.12559600 0.47588800
42 1.87485500 0.93508100 -0.99913000 2.38907000 0.37915900 1.26206900
43 1.52344900 -0.00003400 -0.00000300 0.04999000 0.01215500 0.50137700
44 1.59928100 -0.00000200 0.00000900 0.07849600 -0.02838400 1.17207700
45 5.51180600 -0.00000200 0.00000600 0.05767400 0.00000000 0.00000000
46 0.19685000 0.00000300 -0.00000200 -0.34822500 0.00001500 -0.00000200
47 0.00000000 0.00000000 0.00000000 0.00000000 0.00000000 -1.57079600
48 -6.52967500 79.73875400 -3.19662000 0.00000000 0.00000000 -3.14156200
49 -8.42702162 95.52807860 -2.33537922 0.42826344 0.25821372 -0.37676223
50 6.00704900 1.08056500 -6.86606800 0.70991500 1.05114300 2.16381900
51 0.99931000 0.00655900 -4.12445600 0.00000000 0.00000000 0.00000000
52 -5.53212400 0.00655800 -2.60195200 0.00000000 0.00000000 0.00000000
53 -2.12495800 0.00655900 -3.63194000 0.00000000 0.00000000 0.00000000
54 22.48682800 0.00576400 0.04656100 0.00000000 0.00000000 0.00000000
55 -6.90297100 -2.43099300 -4.62374600 3.01602400 -0.23384000 -1.83328500
time 54
0 -0.00000100 7.45008900 -27.50902600 0.00000000 0.00000000 0.00003100
1 -0.00000200 0.00000000 0.00000000 1.57074300 -1.56713700 -1.57074300
2 4.25546800 -0.33518300 -0.00000200 0.00000000 0.00000000 -0.12484800
3 7.43124800 1.49647700 0.00000200 0.00000000 0.00000000 0.24545000
4 5.27847900 0.16554100 0.00000100 0.00000000 0.00000000 0.04851100
5 -4.01433000 -17.66731800 4.29097700 1.97586400 1.15990900 -1.29878600
6 -6.21448200 -0.00000700 -0.00002700 -2.99371619 -0.75011642 1.42300662
7 11.94488200 0.00000000 0.00000100 0.02038410 -0.31445393 2.02933368
8 10.62018100 0.00000200 0.00000000 1.36039323 0.02161437 2.95350162
9 -4.75110600 -0.69449400 0.83057700 -0.17739400 0.01599100 0.22108400
10 -1.68806800 0.00004600 -0.00003200 0.00457900 -0.02430400 1.25266100
11 -1.33614000 0.00005700 -0.00001200 0.02629800 -0.00107200 0.59212700
12 -4.82049400 -0.50946000 -0.22475900 -0.29384300 0.04878100 0.68958600
13 -1.82699200 -0.00006400 0.00000600 -0.00597100 0.04001900 1.12661300
14 -1.43657300 0.00000600 0.00000200 -0.06657600 -0.04031800 0.93461100
15 -3.99235500 -0.89118800 -1.82790900 -0.52215700 0.10628100 1.00838100
16 -1.40591800 -0.00002500 -0.00000300 -0.00793500 -0.02837500 1.14618500
17 -1.17535800 0.00012800 -0.00002000 0.06208200 0.02754600 1.05720900
18 -4.52675100 -0.69057500 -1.12074400 -0.41778200 0.08544600 1.18122300
19 -1.74403800 0.00003300 -0.00000800 -0.02502400 -0.01570900 1.42133100
20 -1.36877100 0.00002500 0.00000200 0.03357100 0.04032700 0.59071800
21 -1.91873400 -1.31984500 0.85662800 2.02384700 0.10197800 0.98895100
22 -1.62789200 0.15475300 0.01182400 -0.20199600 -0.08390500 0.59871700
23 -1.59928500 0.00000400 0.00001600 0.02557200 -0.03449500 0.91329800
24 5.51181500 0.00000800 -0.00000100 2.08521199 0.00006234 3.14156143
25 0.68299400 0.03595600 0.57798300 2.79340799 -0.00009656 -3.14154768
26 -2.92786500 -14.59732400 1.96421200 1.97586200 1.15990900 1.84280300
27 6.21448500 0.00000600 0.00002000 -0.94604416 0.51552569 -1.41327723
28 11.94488500 -0.00002900 -0.00019400 -0.27484071 -0.35123835 -1.61054306
29 10.62016600 0.00000200 0.00001000 -1.02570720 -0.70912330 0.08523308
30 4.75115600 0.69437600 -0.83047300 -0.17093900 -0.06480100 1.29897400
31 1.68806500 -0.00002600 0.00000200 0.00336200 -0.02449300 1.30290100
32 1.33615100 -0.00005100 -0.00000900 0.00799700 -0.03789800 0.16278400
33 4.82051300 0.50934000 0.22486500 -0.24420100 0.05267900 1.58206000
34 1.82699600 0.00006600 0.00000800 -0.01686100 0.03682700 0.84488800
35 1.43657700 -0.00001000 0.00000700 0.00412400 -0.01459100 0.56514400
36 3.99235300 0.89108700 1.82799400 -0.37865700 0.12332300 1.31184400
37 1.40591800 0.00002100 -0.00000700 0.00198400 -0.02939200 0.80822100
38 1.17536900 -0.00013100 0.00000200 0.10534000 0.06405800 0.98153900
39 4.52675600 0.69046000 1.12084200 -0.32139500 0.15846600 1.65825200
40 1.74404100 -0.00003100 -0.00000200 -0.01341100 -0.02631800 0.88408200
41 1.36876300 -0.00003100 -0.00001700 0.09716800 0.12559600 0.47588800
42 1.87485500 0.93508100 -0.99913000 2.38907000 0.37915900 1.26206900
43 1.52344900 -0.00003400 -0.00000300 0.04999000 0.01215500 0.50137700
44 1.59928100 -0.00000200 0.00000900 0.07849600 -0.02838400 1.17207700
45 5.51180600 -0.00000200 0.00000600 0.05767400 0.00000000 0.00000000
46 0.19685000 0.00000300 -0.00000200 -0.34822500 0.00001500 -0.00000200
47 0.00000000 0.00000000 0.00000000 0.00000000 0.00000000 -1.57079600
48 -6.52967500 79.73875400 -3.19662000 0.00000000 0.00000000 -3.14156200
49 -8.41919913 95.52807860 -2.31496981 0.42864934 0.26016301 -0.37639838
50 6.00704900 1.08056500 -6.86606800 0.70991500 1.05114300 2.16381900
51 0.99931000 0.00655900 -4.12445600 0.00000000 0.00000000 0.00000000
52 -5.53212400 0.00655800 -2.60195200 0.00000000 0.00000000 0.00000000
53 -2.12495800 0.00655900 -3.63194000 0.00000000 0.00000000 0.00000000
54 22.48682800 0.00576400 0.04656100 0.00000000 0.00000000 0.00000000
55 -6.90297100 -2.43099300 -4.62374600 3.01602400 -0.23384000 -1.83328500
time 55
0 -0.00000100 7.45008900 -27.50902600 0.00000000 0.00000000 0.00003100
1 -0.00000200 0.00000000 0.00000000 1.57074300 -1.56713700 -1.57074300
2 4.25546800 -0.33518300 -0.00000200 0.00000000 0.00000000 -0.12484800
3 7.43124800 1.49647700 0.00000200 0.00000000 0.00000000 0.24545000
4 5.27847900 0.16554100 0.00000100 0.00000000 0.00000000 0.04851100
5 -4.01433000 -17.66731800 4.29097700 1.97586400 1.15990900 -1.29878600
6 -6.21448200 -0.00000700 -0.00002700 -2.99188361 -0.74964675 1.42159401
7 11.94488200 0.00000000 0.00000100 0.02068511 -0.31447711 2.02840619
8 10.62018100 0.00000200 0.00000000 1.36020526 0.02163665 2.95451508
9 -4.75110600 -0.69449400 0.83057700 -0.17739400 0.01599100 0.22108400
10 -1.68806800 0.00004600 -0.00003200 0.00457900 -0.02430400 1.25266100
11 -1.33614000 0.00005700 -0.00001200 0.02629800 -0.00107200 0.59212700
12 -4.82049400 -0.50946000 -0.22475900 -0.29384300 0.04878100 0.68958600
13 -1.82699200 -0.00006400 0.00000600 -0.00597100 0.04001900 1.12661300
14 -1.43657300 0.00000600 0.00000200 -0.06657600 -0.04031800 0.93461100
15 -3.99235500 -0.89118800 -1.82790900 -0.52215700 0.10628100 1.00838100
16 -1.40591800 -0.00002500 -0.00000300 -0.00793500 -0.02837500 1.14618500
17 -1.17535800 0.00012800 -0.00002000 0.06208200 0.02754600 1.05720900
18 -4.52675100 -0.69057500 -1.12074400 -0.41778200 0.08544600 1.18122300
19 -1.74403800 0.00003300 -0.00000800 -0.02502400 -0.01570900 1.42133100
20 -1.36877100 0.00002500 0.00000200 0.03357100 0.04032700 0.59071800
21 -1.91873400 -1.31984500 0.85662800 2.02384700 0.10197800 0.98895100
22 -1.62789200 0.15475300 0.01182400 -0.20199600 -0.08390500 0.59871700
23 -1.59928500 0.00000400 0.00001600 0.02557200 -0.03449500 0.91329800
24 5.51181500 0.00000800 -0.00000100 2.08521199 0.00006234 3.14156143
25 0.68299400 0.03595600 0.57798300 2.79340799 -0.00009656 -3.14154768
26 -2.92786500 -14.59732400 1.96421200 1.97586200 1.15990900 1.84280300
27 6.21448500 0.00000600 0.00002000 -0.94713137 0.51351137 -1.41437832
28 11.94488500 -0.00002900 -0.00019400 -0.27509551 -0.35127701 -1.60980938
29 10.62016600 0.00000200 0.00001000 -1.02384387 -0.70804916 0.08464766
30 4.75115600 0.69437600 -0.83047300 -0.17093900 -0.06480100 1.29897400
31 1.68806500 -0.00002600 0.00000200 0.00336200 -0.02449300 1.30290100
32 1.33615100 -0.00005100 -0.00000900 0.00799700 -0.03789800 0.16278400
33 4.82051300 0.50934000 0.22486500 -0.24420100 0.05267900 1.58206000
34 1.82699600 0.00006600 0.00000800 -0.01686100 0.03682700 0.84488800
35 1.43657700 -0.00001000 0.00000700 0.00412400 -0.01459100 0.56514400
36 3.99235300 0.89108700 1.82799400 -0.37865700 0.12332300 1.31184400
37 1.40591800 0.00002100 -0.00000700 0.00198400 -0.02939200 0.80822100
38 1.17536900 -0.00013100 0.00000200 0.10534000 0.06405800 0.98153900
39 4.52675600 0.69046000 1.12084200 -0.32139500 0.15846600 1.65825200
40 1.74404100 -0.00003100 -0.00000200 -0.01341100 -0.02631800 0.88408200
41 1.36876300 -0.00003100 -0.00001700 0.09716800 0.12559600 0.47588800
42 1.87485500 0.93508100 -0.99913000 2.38907000 0.37915900 1.26206900
43 1.52344900 -0.00003400 -0.00000300 0.04999000 0.01215500 0.50137700
44 1.59928100 -0.00000200 0.00000900 0.07849600 -0.02838400 1.17207700
45 5.51180600 -0.00000200 0.00000600 0.05767400 0.00000000 0.00000000
46 0.19685000 0.00000300 -0.00000200 -0.34822500 0.00001500 -0.00000200
47 0.00000000 0.00000000 0.00000000 0.00000000 0.00000000 -1.57079600
48 -6.52967500 79.73875400 -3.19662000 0.00000000 0.00000000 -3.14156200
49 -8.41237969 95.52807860 -2.29685911 0.42876030 0.26177011 -0.37602793
50 6.00704900 1.08056500 -6.86606800 0.70991500 1.05114300 2.16381900
51 0.99931000 0.00655900 -4.12445600 0.00000000 0.00000000 0.00000000
52 -5.53212400 0.00655800 -2.60195200 0.00000000 0.00000000 0.00000000
53 -2.12495800 0.00655900 -3.63194000 0.00000000 0.00000000 0.00000000
54 22.48682800 0.00576400 0.04656100 0.00000000 0.00000000 0.00000000
55 -6.90297100 -2.43099300 -4.62374600 3.01602400 -0.23384000 -1.83328500
time 56
0 -0.00000100 7.45008900 -27.50902600 0.00000000 0.00000000 0.00003100
1 -0.00000200 0.00000000 0.00000000 1.57074300 -1.56713700 -1.57074300
2 4.25546800 -0.33518300 -0.00000200 0.00000000 0.00000000 -0.12484800
3 7.43124800 1.49647700 0.00000200 0.00000000 0.00000000 0.24545000
4 5.27847900 0.16554100 0.00000100 0.00000000 0.00000000 0.04851100
5 -4.01433000 -17.66731800 4.29097700 1.97586400 1.15990900 -1.29878600
6 -6.21448200 -0.00000700 -0.00002700 -2.99046729 -0.74934608 1.42043574
7 11.94488200 0.00000000 0.00000100 0.02088469 -0.31441445 2.02776780
8 10.62018100 0.00000200 0.00000000 1.35991348 0.02177417 2.95524687
9 -4.75110600 -0.69449400 0.83057700 -0.17739400 0.01599100 0.22108400
10 -1.68806800 0.00004600 -0.00003200 0.00457900 -0.02430400 1.25266100
11 -1.33614000 0.00005700 -0.00001200 0.02629800 -0.00107200 0.59212700
12 -4.82049400 -0.50946000 -0.22475900 -0.29384300 0.04878100 0.68958600
13 -1.82699200 -0.00006400 0.00000600 -0.00597100 0.04001900 1.12661300
14 -1.43657300 0.00000600 0.00000200 -0.06657600 -0.04031800 0.93461100
15 -3.99235500 -0.89118800 -1.82790900 -0.52215700 0.10628100 1.00838100
16 -1.40591800 -0.00002500 -0.00000300 -0.00793500 -0.02837500 1.14618500
17 -1.17535800 0.00012800 -0.00002000 0.06208200 0.02754600 1.05720900
18 -4.52675100 -0.69057500 -1.12074400 -0.41778200 0.08544600 1.18122300
19 -1.74403800 0.00003300 -0.00000800 -0.02502400 -0.01570900 1.42133100
20 -1.36877100 0.00002500 0.00000200 0.03357100 0.04032700 0.59071800
21 -1.91873400 -1.31984500 0.85662800 2.02384700 0.10197800 0.98895100
22 -1.62789200 0.15475300 0.01182400 -0.20199600 -0.08390500 0.59871700
23 -1.59928500 0.00000400 0.00001600 0.02557200 -0.03449500 0.91329800
24 5.51181500 0.00000800 -0.00000100 2.08521199 0.00006234 3.14156143
25 0.68299400 0.03595600 0.57798300 2.79340799 -0.00009656 -3.14154768
26 -2.92786500 -14.59732400 1.96421200 1.97586200 1.15990900 1.84280300
27 6.21448500 0.00000600 0.00002000 -0.94807365 0.51173082 -1.41533223
28 11.94488500 -0.00002900 -0.00019400 -0.27526035 -0.35120714 -1.60917825
29 10.62016600 0.00000200 0.00001000 -1.02243506 -0.70714474 0.08457786
30 4.75115600 0.69437600 -0.83047300 -0.17093900 -0.06480100 1.29897400
31 1.68806500 -0.00002600 0.00000200 0.00336200 -0.02449300 1.30290100
32 1.33615100 -0.00005100 -0.00000900 0.00799700 -0.03789800 0.16278400
33 4.82051300 0.50934000 0.22486500 -0.24420100 0.05267900 1.58206000
34 1.82699600 0.00006600 0.00000800 -0.01686100 0.03682700 0.84488800
35 1.43657700 -0.00001000 0.00000700 0.00412400 -0.01459100 0.56514400
36 3.99235300 0.89108700 1.82799400 -0.37865700 0.12332300 1.31184400
37 1.40591800 0.00002100 -0.00000700 0.00198400 -0.02939200 0.80822100
38 1.17536900 -0.00013100 0.00000200 0.10534000 0.06405800 0.98153900
39 4.52675600 0.69046000 1.12084200 -0.32139500 0.15846600 1.65825200
40 1.74404100 -0.00003100 -0.00000200 -0.01341100 -0.02631800 0.88408200
41 1.36876300 -0.00003100 -0.00001700 0.09716800 0.12559600 0.47588800
42 1.87485500 0.93508100 -0.99913000 2.38907000 0.37915900 1.26206900
43 1.52344900 -0.00003400 -0.00000300 0.04999000 0.01215500 0.50137700
44 1.59928100 -0.00000200 0.00000900 0.07849600 -0.02838400 1.17207700
45 5.51180600 -0.00000200 0.00000600 0.05767400 0.00000000 0.00000000
46 0.19685000 0.00000300 -0.00000200 -0.34822500 0.00001500 -0.00000200
47 0.00000000 0.00000000 0.00000000 0.00000000 0.00000000 -1.57079600
48 -6.52967500 79.73875400 -3.19662000 0.00000000 0.00000000 -3.14156200
49 -8.40670871 95.52807860 -2.28127626 0.42863212 0.26308142 -0.37581872
50 6.00704900 1.08056500 -6.86606800 0.70991500 1.05114300 2.16381900
51 0.99931000 0.00655900 -4.12445600 0.00000000 0.00000000 0.00000000
52 -5.53212400 0.00655800 -2.60195200 0.00000000 0.00000000 0.00000000
53 -2.12495800 0.00655900 -3.63194000 0.00000000 0.00000000 0.00000000
54 22.48682800 0.00576400 0.04656100 0.00000000 0.00000000 0.00000000
55 -6.90297100 -2.43099300 -4.62374600 3.01602400 -0.23384000 -1.83328500
time 57
0 -0.00000100 7.45008900 -27.50902600 0.00000000 0.00000000 0.00003100
1 -0.00000200 0.00000000 0.00000000 1.57074300 -1.56713700 -1.57074300
2 4.25546800 -0.33518300 -0.00000200 0.00000000 0.00000000 -0.12484800
3 7.43124800 1.49647700 0.00000200 0.00000000 0.00000000 0.24545000
4 5.27847900 0.16554100 0.00000100 0.00000000 0.00000000 0.04851100
5 -4.01433000 -17.66731800 4.29097700 1.97586400 1.15990900 -1.29878600
6 -6.21448200 -0.00000700 -0.00002700 -2.98933956 -0.74913584 1.41952595
7 11.94488200 0.00000000 0.00000100 0.02102388 -0.31447494 2.02733197
8 10.62018100 0.00000200 0.00000000 1.35951932 0.02205230 2.95565363
9 -4.75110600 -0.69449400 0.83057700 -0.17739400 0.01599100 0.22108400
10 -1.68806800 0.00004600 -0.00003200 0.00457900 -0.02430400 1.25266100
11 -1.33614000 0.00005700 -0.00001200 0.02629800 -0.00107200 0.59212700
12 -4.82049400 -0.50946000 -0.22475900 -0.29384300 0.04878100 0.68958600
13 -1.82699200 -0.00006400 0.00000600 -0.00597100 0.04001900 1.12661300
14 -1.43657300 0.00000600 0.00000200 -0.06657600 -0.04031800 0.93461100
15 -3.99235500 -0.89118800 -1.82790900 -0.52215700 0.10628100 1.00838100
16 -1.40591800 -0.00002500 -0.00000300 -0.00793500 -0.02837500 1.14618500
17 -1.17535800 0.00012800 -0.00002000 0.06208200 0.02754600 1.05720900
18 -4.52675100 -0.69057500 -1.12074400 -0.41778200 0.08544600 1.18122300
19 -1.74403800 0.00003300 -0.00000800 -0.02502400 -0.01570900 1.42133100
20 -1.36877100 0.00002500 0.00000200 0.03357100 0.04032700 0.59071800
21 -1.91873400 -1.31984500 0.85662800 2.02384700 0.10197800 0.98895100
22 -1.62789200 0.15475300 0.01182400 -0.20199600 -0.08390500 0.59871700
23 -1.59928500 0.00000400 0.00001600 0.02557200 -0.03449500 0.91329800
24 5.51181500 0.00000800 -0.00000100 2.08521199 0.00006234 3.14156143
25 0.68299400 0.03595600 0.57798300 2.79340799 -0.00009656 -3.14154768
26 -2.92786500 -14.59732400 1.96421200 1.97586200 1.15990900 1.84280300
27 6.21448500 0.00000600 0.00002000 -0.94891769 0.51040433 -1.41605161
28 11.94488500 -0.00002900 -0.00019400 -0.27544640 -0.35110897 -1.60878776
29 10.62016600 0.00000200 0.00001000 -1.02111314 -0.70639896 0.08463197
30 4.75115600 0.69437600 -0.83047300 -0.17093900 -0.06480100 1.29897400
31 1.68806500 -0.00002600 0.00000200 0.00336200 -0.02449300 1.30290100
32 1.33615100 -0.00005100 -0.00000900 0.00799700 -0.03789800 0.16278400
33 4.82051300 0.50934000 0.22486500 -0.24420100 0.05267900 1.58206000
34 1.82699600 0.00006600 0.00000800 -0.01686100 0.03682700 0.84488800
35 1.43657700 -0.00001000 0.00000700 0.00412400 -0.01459100 0.56514400
36 3.99235300 0.89108700 1.82799400 -0.37865700 0.12332300 1.31184400
37 1.40591800 0.00002100 -0.00000700 0.00198400 -0.02939200 0.80822100
38 1.17536900 -0.00013100 0.00000200 0.10534000 0.06405800 0.98153900
39 4.52675600 0.69046000 1.12084200 -0.32139500 0.15846600 1.65825200
40 1.74404100 -0.00003100 -0.00000200 -0.01341100 -0.02631800 0.88408200
41 1.36876300 -0.00003100 -0.00001700 0.09716800 0.12559600 0.47588800
42 1.87485500 0.93508100 -0.99913000 2.38907000 0.37915900 1.26206900
43 1.52344900 -0.00003400 -0.00000300 0.04999000 0.01215500 0.50137700
44 1.59928100 -0.00000200 0.00000900 0.07849600 -0.02838400 1.17207700
45 5.51180600 -0.00000200 0.00000600 0.05767400 0.00000000 0.00000000
46 0.19685000 0.00000300 -0.00000200 -0.34822500 0.00001500 -0.00000200
47 0.00000000 0.00000000 0.00000000 0.00000000 0.00000000 -1.57079600
48 -6.52967500 79.73875400 -3.19662000 0.00000000 0.00000000 -3.14156200
49 -8.40179772 95.52807860 -2.26888141 0.42846395 0.26410573 -0.37557654
50 6.00704900 1.08056500 -6.86606800 0.70991500 1.05114300 2.16381900
51 0.99931000 0.00655900 -4.12445600 0.00000000 0.00000000 0.00000000
52 -5.53212400 0.00655800 -2.60195200 0.00000000 0.00000000 0.00000000
53 -2.12495800 0.00655900 -3.63194000 0.00000000 0.00000000 0.00000000
54 22.48682800 0.00576400 0.04656100 0.00000000 0.00000000 0.00000000
55 -6.90297100 -2.43099300 -4.62374600 3.01602400 -0.23384000 -1.83328500
time 58
0 -0.00000100 7.45008900 -27.50902600 0.00000000 0.00000000 0.00003100
1 -0.00000200 0.00000000 0.00000000 1.57074300 -1.56713700 -1.57074300
2 4.25546800 -0.33518300 -0.00000200 0.00000000 0.00000000 -0.12484800
3 7.43124800 1.49647700 0.00000200 0.00000000 0.00000000 0.24545000
4 5.27847900 0.16554100 0.00000100 0.00000000 0.00000000 0.04851100
5 -4.01433000 -17.66731800 4.29097700 1.97586400 1.15990900 -1.29878600
6 -6.21448200 -0.00000700 -0.00002700 -2.98865240 -0.74894314 1.41873310
7 11.94488200 0.00000000 0.00000100 0.02105807 -0.31441800 2.02705680
8 10.62018100 0.00000200 0.00000000 1.35913820 0.02253860 2.95599113
9 -4.75110600 -0.69449400 0.83057700 -0.17739400 0.01599100 0.22108400
10 -1.68806800 0.00004600 -0.00003200 0.00457900 -0.02430400 1.25266100
11 -1.33614000 0.00005700 -0.00001200 0.02629800 -0.00107200 0.59212700
12 -4.82049400 -0.50946000 -0.22475900 -0.29384300 0.04878100 0.68958600
13 -1.82699200 -0.00006400 0.00000600 -0.00597100 0.04001900 1.12661300
14 -1.43657300 0.00000600 0.00000200 -0.06657600 -0.04031800 0.93461100
15 -3.99235500 -0.89118800 -1.82790900 -0.52215700 0.10628100 1.00838100
16 -1.40591800 -0.00002500 -0.00000300 -0.00793500 -0.02837500 1.14618500
17 -1.17535800 0.00012800 -0.00002000 0.06208200 0.02754600 1.05720900
18 -4.52675100 -0.69057500 -1.12074400 -0.41778200 0.08544600 1.18122300
19 -1.74403800 0.00003300 -0.00000800 -0.02502400 -0.01570900 1.42133100
20 -1.36877100 0.00002500 0.00000200 0.03357100 0.04032700 0.59071800
21 -1.91873400 -1.31984500 0.85662800 2.02384700 0.10197800 0.98895100
22 -1.62789200 0.15475300 0.01182400 -0.20199600 -0.08390500 0.59871700
23 -1.59928500 0.00000400 0.00001600 0.02557200 -0.03449500 0.91329800
24 5.51181500 0.00000800 -0.00000100 2.08521199 0.00006234 3.14156143
25 0.68299400 0.03595600 0.57798300 2.79340799 -0.00009656 -3.14154768
26 -2.92786500 -14.59732400 1.96421200 1.97586200 1.15990900 1.84280300
27 6.21448500 0.00000600 0.00002000 -0.94966042 0.50944185 -1.41661214
28 11.94488500 -0.00002900 -0.00019400 -0.27551738 -0.35104343 -1.60867071
29 10.62016600 0.00000200 0.00001000 -1.01997375 -0.70563188 0.08481548
30 4.75115600 0.69437600 -0.83047300 -0.17093900 -0.06480100 1.29897400
31 1.68806500 -0.00002600 0.00000200 0.00336200 -0.02449300 1.30290100
32 1.33615100 -0.00005100 -0.00000900 0.00799700 -0.03789800 0.16278400
33 4.82051300 0.50934000 0.22486500 -0.24420100 0.05267900 1.58206000
34 1.82699600 0.00006600 0.00000800 -0.01686100 0.03682700 0.84488800
35 1.43657700 -0.00001000 0.00000700 0.00412400 -0.01459100 0.56514400
36 3.99235300 0.89108700 1.82799400 -0.37865700 0.12332300 1.31184400
37 1.40591800 0.00002100 -0.00000700 0.00198400 -0.02939200 0.80822100
38 1.17536900 -0.00013100 0.00000200 0.10534000 0.06405800 0.98153900
39 4.52675600 0.69046000 1.12084200 -0.32139500 0.15846600 1.65825200
40 1.74404100 -0.00003100 -0.00000200 -0.01341100 -0.02631800 0.88408200
41 1.36876300 -0.00003100 -0.00001700 0.09716800 0.12559600 0.47588800
42 1.87485500 0.93508100 -0.99913000 2.38907000 0.37915900 1.26206900
43 1.52344900 -0.00003400 -0.00000300 0.04999000 0.01215500 0.50137700
44 1.59928100 -0.00000200 0.00000900 0.07849600 -0.02838400 1.17207700
45 5.51180600 -0.00000200 0.00000600 0.05767400 0.00000000 0.00000000
46 0.19685000 0.00000300 -0.00000200 -0.34822500 0.00001500 -0.00000200
47 0.00000000 0.00000000 0.00000000 0.00000000 0.00000000 -1.57079600
48 -6.52967500 79.73875400 -3.19662000 0.00000000 0.00000000 -3.14156200
49 -8.39860611 95.52807860 -2.25941264 0.42798357 0.26485459 -0.37545025
50 6.00704900 1.08056500 -6.86606800 0.70991500 1.05114300 2.16381900
51 0.99931000 0.00655900 -4.12445600 0.00000000 0.00000000 0.00000000
52 -5.53212400 0.00655800 -2.60195200 0.00000000 0.00000000 0.00000000
53 -2.12495800 0.00655900 -3.63194000 0.00000000 0.00000000 0.00000000
54 22.48682800 0.00576400 0.04656100 0.00000000 0.00000000 0.00000000
55 -6.90297100 -2.43099300 -4.62374600 3.01602400 -0.23384000 -1.83328500
time 59
0 -0.00000100 7.45008900 -27.50902600 0.00000000 0.00000000 0.00003100
1 -0.00000200 0.00000000 0.00000000 1.57074300 -1.56713700 -1.57074300
2 4.25546800 -0.33518300 -0.00000200 0.00000000 0.00000000 -0.12484800
3 7.43124800 1.49647700 0.00000200 0.00000000 0.00000000 0.24545000
4 5.27847900 0.16554100 0.00000100 0.00000000 0.00000000 0.04851100
5 -4.01433000 -17.66731800 4.29097700 1.97586400 1.15990900 -1.29878600
6 -6.21448200 -0.00000700 -0.00002700 -2.98849040 -0.74885561 1.41833582
7 11.94488200 0.00000000 0.00000100 0.02112640 -0.31432845 2.02705946
8 10.62018100 0.00000200 0.00000000 1.35851265 0.02316875 2.95596784
9 -4.75110600 -0.69449400 0.83057700 -0.17739400 0.01599100 0.22108400
10 -1.68806800 0.00004600 -0.00003200 0.00457900 -0.02430400 1.25266100
11 -1.33614000 0.00005700 -0.00001200 0.02629800 -0.00107200 0.59212700
12 -4.82049400 -0.50946000 -0.22475900 -0.29384300 0.04878100 0.68958600
13 -1.82699200 -0.00006400 0.00000600 -0.00597100 0.04001900 1.12661300
14 -1.43657300 0.00000600 0.00000200 -0.06657600 -0.04031800 0.93461100
15 -3.99235500 -0.89118800 -1.82790900 -0.52215700 0.10628100 1.00838100
16 -1.40591800 -0.00002500 -0.00000300 -0.00793500 -0.02837500 1.14618500
17 -1.17535800 0.00012800 -0.00002000 0.06208200 0.02754600 1.05720900
18 -4.52675100 -0.69057500 -1.12074400 -0.41778200 0.08544600 1.18122300
19 -1.74403800 0.00003300 -0.00000800 -0.02502400 -0.01570900 1.42133100
20 -1.36877100 0.00002500 0.00000200 0.03357100 0.04032700 0.59071800
21 -1.91873400 -1.31984500 0.85662800 2.02384700 0.10197800 0.98895100
22 -1.62789200 0.15475300 0.01182400 -0.20199600 -0.08390500 0.59871700
23 -1.59928500 0.00000400 0.00001600 0.02557200 -0.03449500 0.91329800
24 5.51181500 0.00000800 -0.00000100 2.08521199 0.00006234 3.14156143
25 0.68299400 0.03595600 0.57798300 2.79340799 -0.00009656 -3.14154768
26 -2.92786500 -14.59732400 1.96421200 1.97586200 1.15990900 1.84280300
27 6.21448500 0.00000600 0.00002000 -0.95028442 0.50886521 -1.41684096
28 11.94488500 -0.00002900 -0.00019400 -0.27549398 -0.35090935 -1.60872417
29 10.62016600 0.00000200 0.00001000 -1.01901894 -0.70503159 0.08527135
30 4.75115600 0.69437600 -0.83047300 -0.17093900 -0.06480100 1.29897400
31 1.68806500 -0.00002600 0.00000200 0.00336200 -0.02449300 1.30290100
32 1.33615100 -0.00005100 -0.00000900 0.00799700 -0.03789800 0.16278400
33 4.82051300 0.50934000 0.22486500 -0.24420100 0.05267900 1.58206000
34 1.82699600 0.00006600 0.00000800 -0.01686100 0.03682700 0.84488800
35 1.43657700 -0.00001000 0.00000700 0.00412400 -0.01459100 0.56514400
36 3.99235300 0.89108700 1.82799400 -0.37865700 0.12332300 1.31184400
37 1.40591800 0.00002100 -0.00000700 0.00198400 -0.02939200 0.80822100
38 1.17536900 -0.00013100 0.00000200 0.10534000 0.06405800 0.98153900
39 4.52675600 0.69046000 1.12084200 -0.32139500 0.15846600 1.65825200
40 1.74404100 -0.00003100 -0.00000200 -0.01341100 -0.02631800 0.88408200
41 1.36876300 -0.00003100 -0.00001700 0.09716800 0.12559600 0.47588800
42 1.87485500 0.93508100 -0.99913000 2.38907000 0.37915900 1.26206900
43 1.52344900 -0.00003400 -0.00000300 0.04999000 0.01215500 0.50137700
44 1.59928100 -0.00000200 0.00000900 0.07849600 -0.02838400 1.17207700
45 5.51180600 -0.00000200 0.00000600 0.05767400 0.00000000 0.00000000
46 0.19685000 0.00000300 -0.00000200 -0.34822500 0.00001500 -0.00000200
47 0.00000000 0.00000000 0.00000000 0.00000000 0.00000000 -1.57079600
48 -6.52967500 79.73875400 -3.19662000 0.00000000 0.00000000 -3.14156200
49 -8.39664577 95.52807860 -2.25350452 0.42729626 0.26534628 -0.37537074
50 6.00704900 1.08056500 -6.86606800 0.70991500 1.05114300 2.16381900
51 0.99931000 0.00655900 -4.12445600 0.00000000 0.00000000 0.00000000
52 -5.53212400 0.00655800 -2.60195200 0.00000000 0.00000000 0.00000000
53 -2.12495800 0.00655900 -3.63194000 0.00000000 0.00000000 0.00000000
54 22.48682800 0.00576400 0.04656100 0.00000000 0.00000000 0.00000000
55 -6.90297100 -2.43099300 -4.62374600 3.01602400 -0.23384000 -1.83328500
time 60
0 -0.00000100 7.45008900 -27.50902600 0.00000000 0.00000000 0.00003100
1 -0.00000200 0.00000000 0.00000000 1.57074300 -1.56713700 -1.57074300
2 4.25546800 -0.33518300 -0.00000200 0.00000000 0.00000000 -0.12484800
3 7.43124800 1.49647700 0.00000200 0.00000000 0.00000000 0.24545000
4 5.27847900 0.16554100 0.00000100 0.00000000 0.00000000 0.04851100
5 -4.01433000 -17.66731800 4.29097700 1.97586400 1.15990900 -1.29878600
6 -6.21448200 -0.00000700 -0.00002700 -2.98876771 -0.74900080 1.41827561
7 11.94488200 0.00000000 0.00000100 0.02105429 -0.31421204 2.02719081
8 10.62018100 0.00000200 0.00000000 1.35789540 0.02384130 2.95575606
9 -4.75110600 -0.69449400 0.83057700 -0.17739400 0.01599100 0.22108400
10 -1.68806800 0.00004600 -0.00003200 0.00457900 -0.02430400 1.25266100
11 -1.33614000 0.00005700 -0.00001200 0.02629800 -0.00107200 0.59212700
12 -4.82049400 -0.50946000 -0.22475900 -0.29384300 0.04878100 0.68958600
13 -1.82699200 -0.00006400 0.00000600 -0.00597100 0.04001900 1.12661300
14 -1.43657300 0.00000600 0.00000200 -0.06657600 -0.04031800 0.93461100
15 -3.99235500 -0.89118800 -1.82790900 -0.52215700 0.10628100 1.00838100
16 -1.40591800 -0.00002500 -0.00000300 -0.00793500 -0.02837500 1.14618500
17 -1.17535800 0.00012800 -0.00002000 0.06208200 0.02754600 1.05720900
18 -4.52675100 -0.69057500 -1.12074400 -0.41778200 0.08544600 1.18122300
19 -1.74403800 0.00003300 -0.00000800 -0.02502400 -0.01570900 1.42133100
20 -1.36877100 0.00002500 0.00000200 0.03357100 0.04032700 0.59071800
21 -1.91873400 -1.31984500 0.85662700 2.02384700 0.10197800 0.98895100
22 -1.62789200 0.15474800 0.01182700 -0.20199600 -0.08390500 0.59871700
23 -1.59928500 0.00000400 0.00001600 0.02557400 -0.03449400 0.91320200
24 5.51181500 0.00000800 -0.00000100 2.08521199 0.00006234 3.14156143
25 0.68299400 0.03595600 0.57798300 2.79340799 -0.00009656 -3.14154768
26 -2.92786500 -14.59732400 1.96421200 1.97586200 1.15990900 1.84280300
27 6.21448500 0.00000600 0.00002000 -0.95059531 0.50876970 -1.41683610
28 11.94488500 -0.00002900 -0.00019400 -0.27535933 -0.35074783 -1.60905977
29 10.62016600 0.00000200 0.00001000 -1.01843460 -0.70466097 0.08599958
30 4.75115600 0.69437600 -0.83047300 -0.17093900 -0.06480100 1.29897400
31 1.68806500 -0.00002600 0.00000200 0.00336200 -0.02449300 1.30290100
32 1.33615100 -0.00005100 -0.00000900 0.00799700 -0.03789800 0.16278400
33 4.82051300 0.50934000 0.22486500 -0.24420100 0.05267900 1.58206000
34 1.82699600 0.00006600 0.00000800 -0.01686100 0.03682700 0.84488800
35 1.43657700 -0.00001000 0.00000700 0.00412400 -0.01459100 0.56514400
36 3.99235300 0.89108700 1.82799400 -0.37865700 0.12332300 1.31184400
37 1.40591800 0.00002100 -0.00000700 0.00198400 -0.02939200 0.80822100
38 1.17536900 -0.00013100 0.00000200 0.10534000 0.06405800 0.98153900
39 4.52675600 0.69046000 1.12084200 -0.32139500 0.15846600 1.65825200
40 1.74404100 -0.00003100 -0.00000200 -0.01341100 -0.02631800 0.88408200
41 1.36876300 -0.00003100 -0.00001700 0.09716800 0.12559600 0.47588800
42 1.87485500 0.93508100 -0.99913000 2.38907000 0.37915900 1.26206900
43 1.52344900 -0.00003400 -0.00000300 0.04999000 0.01215500 0.50137700
44 1.59928100 -0.00000200 0.00000900 0.07849600 -0.02838400 1.17207700
45 5.51180600 -0.00000200 0.00000600 0.05767400 0.00000000 0.00000000
46 0.19685000 0.00000300 -0.00000200 -0.34822500 0.00001500 -0.00000200
47 0.00000000 0.00000000 0.00000000 0.00000000 0.00000000 -1.57079600
48 -6.52967500 79.73875400 -3.19662000 0.00000000 0.00000000 -3.14156200
49 -8.39565042 95.52807860 -2.25165341 0.42647847 0.26546777 -0.37537397
50 6.00706600 1.08056200 -6.86607000 0.70991500 1.05114300 2.16381900
51 0.99931000 0.00655900 -4.12445600 0.00000000 0.00000000 0.00000000
52 -5.53212500 0.00656000 -2.60195000 0.00000000 0.00000000 0.00000000
53 -2.12495800 0.00655900 -3.63194000 0.00000000 0.00000000 0.00000000
54 22.48682800 0.00576400 0.04656100 0.00000000 0.00000000 0.00000000
55 -6.90297100 -2.43099300 -4.62374600 3.01602400 -0.23384000 -1.83328500
end
