version 1
nodes
0 "root" -1
1 "pelvis" 0
2 "spine_01" 1
3 "spine_02" 2
4 "spine_03" 3
5 "clavicle_r" 4
6 "upperarm_r" 5
7 "lowerarm_r" 6
8 "hand_r" 7
9 "index_01_r" 8
10 "index_02_r" 9
11 "index_03_r" 10
12 "middle_01_r" 8
13 "middle_02_r" 12
14 "middle_03_r" 13
15 "pinky_01_r" 8
16 "pinky_02_r" 15
17 "pinky_03_r" 16
18 "ring_01_r" 8
19 "ring_02_r" 18
20 "ring_03_r" 19
21 "thumb_01_r" 8
22 "thumb_02_r" 21
23 "thumb_03_r" 22
24 "lowerarm_twist_01_r" 7
25 "upperarm_twist_01_r" 6
26 "clavicle_l" 4
27 "upperarm_l" 26
28 "lowerarm_l" 27
29 "hand_l" 28
30 "index_01_l" 29
31 "index_02_l" 30
32 "index_03_l" 31
33 "middle_01_l" 29
34 "middle_02_l" 33
35 "middle_03_l" 34
36 "pinky_01_l" 29
37 "pinky_02_l" 36
38 "pinky_03_l" 37
39 "ring_01_l" 29
40 "ring_02_l" 39
41 "ring_03_l" 40
42 "thumb_01_l" 29
43 "thumb_02_l" 42
44 "thumb_03_l" 43
45 "lowerarm_twist_01_l" 28
46 "upperarm_twist_01_l" 27
47 "cam_driver" -1
48 "BaseRoot" -1
49 "Base" 48
50 "rhand_ikTarget" 49
51 "Trigger" 49
52 "Mag" 49
53 "Bullet" 52
54 "Bullet001" 53
55 "Bullet002" 54
56 "Bullet003" 55
57 "Bullet004" 56
58 "Bullet005" 57
59 "Bullet006" 58
60 "Bullet007" 59
61 "Bullet008" 60
62 "Bullet009" 61
63 "Bullet010" 62
64 "Bullet011" 63
65 "Bullet012" 64
66 "BeltCover" 49
67 "Bolt" 49
68 "Cover" 49
69 "BulletCover" 68
70 "lhand_ikTarget" 49
end
skeleton
time 0
0 -0.00000100 8.45008800 -27.50902600 0.00000000 0.00000000 0.00003100
1 -0.00000200 0.00000000 0.00000000 1.57074700 -1.56714200 -1.57074700
2 4.25546500 -0.33518500 -0.00000200 0.00000000 0.00000000 -0.12484800
3 7.43125200 1.49648000 0.00000200 0.00000000 0.00000000 0.24545000
4 5.27847900 0.16554400 0.00000100 0.00000000 0.00000000 0.04851100
5 0.81061441 -11.13711942 4.61940891 1.97586600 1.15990900 -1.29878500
6 -6.21447800 -0.00001100 -0.00002800 -2.98217468 -0.84957093 1.63301207
7 11.94488700 0.00000000 -0.00000100 0.06899028 -0.38637977 1.86574424
8 10.62019000 0.00000000 0.00000000 1.77918610 0.03839578 2.72024939
9 -4.75110800 -0.69449200 0.83058100 -0.19617500 -0.07598900 0.33735800
10 -1.68808400 0.00004500 -0.00003100 0.01642800 -0.01846600 0.71331500
11 -1.33614300 0.00005900 -0.00001000 0.02584200 0.00517300 0.35617200
12 -4.82049200 -0.50945900 -0.22475900 -0.43210000 -0.06904400 1.18347900
13 -1.82698400 -0.00007100 0.00001000 0.00062300 0.04047200 1.28961100
14 -1.43657300 0.00000800 0.00000300 -0.06360300 -0.04470400 0.86686500
15 -3.99235500 -0.89118800 -1.82790700 -0.77162000 0.11408800 1.28870000
16 -1.40592200 -0.00003000 0.00000000 0.00603500 -0.02888300 0.66990400
17 -1.17535800 0.00012400 -0.00002100 0.06674100 0.01248300 1.28927800
18 -4.52674900 -0.69057700 -1.12074200 -0.60925600 0.08426700 1.37684800
19 -1.74403400 0.00003500 -0.00000700 -0.02225500 -0.01944400 1.26365700
20 -1.36876700 0.00002300 0.00000500 0.04001900 0.03390800 0.76286100
21 -2.03839699 -0.89278849 0.93250500 1.84958100 0.50887600 0.72095600
22 -1.62789100 0.15474652 0.01182601 -0.09987500 0.17985400 0.56094000
23 -1.59927900 0.00001000 0.00001100 0.03412200 -0.02595000 0.63135700
24 5.51182400 0.00000800 -0.00000400 2.08603467 -0.06549108 3.11620083
25 0.19684800 0.00000000 0.00000300 2.79340678 -0.00112144 -3.14135408
26 -4.56454128 -18.37699894 -7.51023735 2.44191300 1.34964900 2.25678400
27 6.21448800 0.00001100 0.00002100 -0.76235961 0.61070970 -1.87767187
28 11.94488700 -0.00003500 -0.00019900 -0.37571861 -0.35781218 -1.81258590
29 10.62017300 -0.00000400 0.00001000 2.83906088 -0.89452174 0.83362606
30 4.75117100 0.69437600 -0.83047700 -0.06487300 -0.39364000 0.55419500
31 1.68806800 -0.00002200 0.00000100 0.01171600 -0.02181400 0.94698000
32 1.33614300 -0.00005100 -0.00001000 0.00239400 -0.03863700 0.30776800
33 4.82051800 0.50934200 0.22486500 -0.12564700 -0.32635900 0.75031200
34 1.82700000 0.00006800 0.00001000 0.01352100 0.03817800 1.61369400
35 1.43658100 -0.00000600 0.00001100 0.01466500 0.00366700 -0.97448300
36 3.99235700 0.89108800 1.82799600 -0.36795900 -0.15069400 1.01187800
37 1.40592200 0.00003200 -0.00000500 -0.01759000 -0.02364400 1.51411800
38 1.17535800 -0.00012900 0.00000300 -0.10080900 0.07107400 -1.00405600
39 4.52676800 0.69046600 1.12084000 -0.25986600 -0.21940300 1.06704300
40 1.74403400 -0.00002600 0.00000000 -0.02622300 -0.01366700 1.50212900
41 1.36875900 -0.00003500 -0.00002200 -0.14793300 0.25506700 -1.34370900
42 1.87486800 0.93508100 -0.99913000 2.23325500 0.53457700 0.76202400
43 1.50709200 -0.12162549 0.00857000 -0.04879600 -0.02132400 0.07877900
44 1.59791600 -0.06895848 0.00290503 0.00631500 -0.05280800 -0.22499400
45 5.51181000 -0.00001100 0.00000600 -1.15076500 0.00000000 0.00000000
46 0.19684800 0.00000900 -0.00000100 -0.34822500 0.00001500 -0.00000200
47 0.00000000 1.00000000 0.00000000 0.00000000 0.00000000 -1.57079600
48 -3.85027600 32.39967000 -4.25170500 0.00000000 0.00000000 -3.14156200
49 -7.48373317 49.94352566 -2.39606273 0.44058031 0.01205004 -0.75908258
50 11.00202320 1.00744835 -4.82373114 0.31172400 1.04103800 1.63469900
51 3.96184500 0.64297700 -1.92970300 0.00000000 0.00000000 0.00000000
52 0.80310100 0.45841200 -4.75786000 0.00000000 0.00000000 0.00000000
53 -0.20958701 3.29652951 1.68791751 1.58426800 0.00000000 -0.00000100
54 0.00552451 0.54110499 -0.03807948 0.01520849 0.00267539 0.01132949
55 0.00000000 0.54065951 -0.00000001 0.21381600 0.00031856 -0.02319155
56 -0.00000099 0.54211299 0.00000151 0.02172100 0.00333200 -0.02059700
57 0.00969951 0.54248097 0.00041751 0.00000000 0.00000000 0.00000000
58 0.00000000 0.54072300 0.00000100 -0.01661300 -0.00280300 0.02635400
59 0.00000400 0.54147900 0.00000100 0.08340500 -0.00493800 0.00446000
60 -0.00000048 0.54103801 -0.00000100 0.57124600 0.00668115 -0.01202903
61 -0.00000099 0.51957952 0.00000000 0.79267200 0.00412500 -0.00223200
62 -0.00523831 0.52273849 -0.14269248 -0.18381400 -0.00350505 0.01276245
63 0.00000051 0.54251049 0.00000000 0.03298800 0.01413700 0.00135600
64 -0.00001100 0.54067100 0.00000000 0.01407300 0.00292800 0.00101294
65 0.00000000 0.53940000 0.00000000 -0.00336700 0.00000200 0.00095000
66 -1.37813800 3.89395300 -0.78387300 1.77690200 0.00000000 0.00000000
67 -10.90695600 0.47861700 -2.31595800 0.00000000 0.00000000 0.00000000
68 -2.47458600 -0.05751300 1.52871800 0.00000000 0.00000000 0.00000000
69 3.39013700 -0.70700700 0.09637000 0.00000000 0.00000000 0.00000000
70 -5.10141600 -1.60216700 -2.82126100 0.46170000 1.36724100 1.13609000
time 1
0 -0.00000100 8.45008800 -27.50902600 0.00000000 0.00000000 0.00003100
1 -0.00000200 0.00000000 0.00000000 1.57074700 -1.56714200 -1.57074700
2 4.25546500 -0.33518500 -0.00000200 0.00000000 0.00000000 -0.12484800
3 7.43125200 1.49648000 0.00000200 0.00000000 0.00000000 0.24545000
4 5.27847900 0.16554400 0.00000100 0.00000000 0.00000000 0.04851100
5 0.81061441 -11.13711942 4.61940891 1.97586600 1.15990900 -1.29878500
6 -6.21447800 -0.00001100 -0.00002800 -2.97626432 -0.84792600 1.62917391
7 11.94488700 0.00000000 -0.00000100 0.06979462 -0.38655116 1.86355509
8 10.62019000 0.00000000 0.00000000 1.78534255 0.03294737 2.72060124
9 -4.75110800 -0.69449200 0.83058100 -0.19617500 -0.07598900 0.33735800
10 -1.68808400 0.00004500 -0.00003100 0.01642800 -0.01846600 0.71331500
11 -1.33614300 0.00005900 -0.00001000 0.02584200 0.00517300 0.35617200
12 -4.82049200 -0.50945900 -0.22475900 -0.43210000 -0.06904400 1.18347900
13 -1.82698400 -0.00007100 0.00001000 0.00062300 0.04047200 1.28961100
14 -1.43657300 0.00000800 0.00000300 -0.06360300 -0.04470400 0.86686500
15 -3.99235500 -0.89118800 -1.82790700 -0.77162000 0.11408800 1.28870000
16 -1.40592200 -0.00003000 0.00000000 0.00603500 -0.02888300 0.66990400
17 -1.17535800 0.00012400 -0.00002100 0.06674100 0.01248300 1.28927800
18 -4.52674900 -0.69057700 -1.12074200 -0.60925600 0.08426700 1.37684800
19 -1.74403400 0.00003500 -0.00000700 -0.02225500 -0.01944400 1.26365700
20 -1.36876700 0.00002300 0.00000500 0.04001900 0.03390800 0.76286100
21 -2.03839699 -0.89278849 0.93250500 1.84958100 0.50887600 0.72095600
22 -1.62789100 0.15474652 0.01182601 -0.09987500 0.17985400 0.56094000
23 -1.59927900 0.00001000 0.00001100 0.03412200 -0.02595000 0.63135700
24 5.51182400 0.00000800 -0.00000400 2.08603467 -0.06549108 3.11620083
25 0.19684800 0.00000000 0.00000300 2.79340678 -0.00112144 -3.14135408
26 -4.55863147 -18.34159884 -7.42718606 2.44191300 1.34964900 2.25678400
27 6.21448800 0.00001100 0.00002100 -0.76254532 0.60985825 -1.87293828
28 11.94488700 -0.00003500 -0.00019900 -0.37579936 -0.36092053 -1.81229471
29 10.62017300 -0.00000400 0.00001000 2.84051760 -0.88884614 0.82698648
30 4.75117100 0.69437600 -0.83047700 -0.06487300 -0.39364000 0.55419500
31 1.68806800 -0.00002200 0.00000100 0.01171600 -0.02181400 0.94698000
32 1.33614300 -0.00005100 -0.00001000 0.00239400 -0.03863700 0.30776800
33 4.82051800 0.50934200 0.22486500 -0.12564700 -0.32635900 0.75031200
34 1.82700000 0.00006800 0.00001000 0.01352100 0.03817800 1.61369400
35 1.43658100 -0.00000600 0.00001100 0.01466500 0.00366700 -0.97448300
36 3.99235700 0.89108800 1.82799600 -0.36795900 -0.15069400 1.01187800
37 1.40592200 0.00003200 -0.00000500 -0.01759000 -0.02364400 1.51411800
38 1.17535800 -0.00012900 0.00000300 -0.10080900 0.07107400 -1.00405600
39 4.52676800 0.69046600 1.12084000 -0.25986600 -0.21940300 1.06704300
40 1.74403400 -0.00002600 0.00000000 -0.02622300 -0.01366700 1.50212900
41 1.36875900 -0.00003500 -0.00002200 -0.14793300 0.25506700 -1.34370900
42 1.87486800 0.93508100 -0.99913000 2.23325500 0.53457700 0.76202400
43 1.50709200 -0.12162549 0.00857000 -0.04879600 -0.02132400 0.07877900
44 1.59791600 -0.06895848 0.00290503 0.00631500 -0.05280800 -0.22499400
45 5.51181000 -0.00001100 0.00000600 -1.15076500 0.00000000 0.00000000
46 0.19684800 0.00000900 -0.00000100 -0.34822500 0.00001500 -0.00000200
47 0.00000000 1.00000000 0.00000000 0.00000000 0.00000000 -1.57079600
48 -3.85027600 32.39967000 -4.25170500 0.00000000 0.00000000 -3.14156200
49 -7.50163270 49.94352566 -2.38478761 0.44712080 0.01143201 -0.75810914
50 11.00202320 1.00744835 -4.82373114 0.31172400 1.04103800 1.63469900
51 3.96184500 0.64297700 -1.92970300 0.00000000 0.00000000 0.00000000
52 0.80310100 0.45841200 -4.75786000 0.00000000 0.00000000 0.00000000
53 -0.20958701 3.29652951 1.68791751 1.58426800 0.00000000 -0.00000100
54 0.00552451 0.54110499 -0.03807948 0.01520849 0.00263245 0.01132900
55 0.00000000 0.54065951 -0.00000001 0.21381600 0.00031856 -0.02319155
56 -0.00000099 0.54211299 0.00000151 0.02172100 0.00333200 -0.02059700
57 0.00969951 0.54248097 0.00041751 0.00000000 0.00000000 0.00000000
58 0.00000000 0.54072300 0.00000100 -0.01661300 -0.00280300 0.02635400
59 0.00000400 0.54147900 0.00000100 0.08340500 -0.00493800 0.00446000
60 -0.00000048 0.54103801 -0.00000100 0.57124600 0.00669300 -0.01207000
61 -0.00000099 0.51957952 0.00000000 0.79267200 0.00412500 -0.00223200
62 -0.00522992 0.52273899 -0.14269149 -0.18381400 -0.00350900 0.01272000
63 0.00000051 0.54251049 0.00000000 0.03298800 0.01413700 0.00135600
64 -0.00001100 0.54067100 0.00000000 0.01402894 0.00292800 0.00097000
65 0.00000000 0.53940000 0.00000000 -0.00332294 0.00000200 0.00095000
66 -1.37813800 3.89395300 -0.78387300 1.77690200 0.00000000 0.00000000
67 -10.90695600 0.47861700 -2.31595800 0.00000000 0.00000000 0.00000000
68 -2.47458600 -0.05751300 1.52871800 0.00000000 0.00000000 0.00000000
69 3.39013700 -0.70700700 0.09637000 0.00000000 0.00000000 0.00000000
70 -5.10141600 -1.60216700 -2.82126100 0.46170000 1.36724100 1.13609000
time 2
0 -0.00000100 8.45008800 -27.50902600 0.00000000 0.00000000 0.00003100
1 -0.00000200 0.00000000 0.00000000 1.57074700 -1.56714200 -1.57074700
2 4.25546500 -0.33518500 -0.00000200 0.00000000 0.00000000 -0.12484800
3 7.43125200 1.49648000 0.00000200 0.00000000 0.00000000 0.24545000
4 5.27847900 0.16554400 0.00000100 0.00000000 0.00000000 0.04851100
5 0.81061441 -11.13711942 4.61940891 1.97586600 1.15990900 -1.29878500
6 -6.21447800 -0.00001100 -0.00002800 -2.97043629 -0.84632522 1.62540313
7 11.94488700 0.00000000 -0.00000100 0.07057083 -0.38679820 1.86146945
8 10.62019000 0.00000000 0.00000000 1.79154928 0.02735828 2.72057316
9 -4.75110800 -0.69449200 0.83058100 -0.19617500 -0.07598900 0.33735800
10 -1.68808400 0.00004500 -0.00003100 0.01642800 -0.01846600 0.71331500
11 -1.33614300 0.00005900 -0.00001000 0.02584200 0.00517300 0.35617200
12 -4.82049200 -0.50945900 -0.22475900 -0.43210000 -0.06904400 1.18347900
13 -1.82698400 -0.00007100 0.00001000 0.00062300 0.04047200 1.28961100
14 -1.43657300 0.00000800 0.00000300 -0.06360300 -0.04470400 0.86686500
15 -3.99235500 -0.89118800 -1.82790700 -0.77162000 0.11408800 1.28870000
16 -1.40592200 -0.00003000 0.00000000 0.00603500 -0.02888300 0.66990400
17 -1.17535800 0.00012400 -0.00002100 0.06674100 0.01248300 1.28927800
18 -4.52674900 -0.69057700 -1.12074200 -0.60925600 0.08426700 1.37684800
19 -1.74403400 0.00003500 -0.00000700 -0.02225500 -0.01944400 1.26365700
20 -1.36876700 0.00002300 0.00000500 0.04001900 0.03390800 0.76286100
21 -2.03839699 -0.89278849 0.93250500 1.84958100 0.50887600 0.72095600
22 -1.62789100 0.15474652 0.01182601 -0.09987500 0.17985400 0.56094000
23 -1.59927900 0.00001000 0.00001100 0.03412200 -0.02595000 0.63135700
24 5.51182400 0.00000800 -0.00000400 2.08603467 -0.06549108 3.11620083
25 0.19684800 0.00000000 0.00000300 2.79340678 -0.00112144 -3.14135408
26 -4.55863147 -18.34159884 -7.42718606 2.44191300 1.34964900 2.25678400
27 6.21448800 0.00001100 0.00002100 -0.76215817 0.60994769 -1.87408012
28 11.94488700 -0.00003500 -0.00019900 -0.37600052 -0.36354986 -1.81169659
29 10.62017300 -0.00000400 0.00001000 2.84369159 -0.88945642 0.81822373
30 4.75117100 0.69437600 -0.83047700 -0.06487300 -0.39364000 0.55419500
31 1.68806800 -0.00002200 0.00000100 0.01171600 -0.02181400 0.94698000
32 1.33614300 -0.00005100 -0.00001000 0.00239400 -0.03863700 0.30776800
33 4.82051800 0.50934200 0.22486500 -0.12564700 -0.32635900 0.75031200
34 1.82700000 0.00006800 0.00001000 0.01352100 0.03817800 1.61369400
35 1.43658100 -0.00000600 0.00001100 0.01466500 0.00366700 -0.97448300
36 3.99235700 0.89108800 1.82799600 -0.36795900 -0.15069400 1.01187800
37 1.40592200 0.00003200 -0.00000500 -0.01759000 -0.02364400 1.51411800
38 1.17535800 -0.00012900 0.00000300 -0.10080900 0.07107400 -1.00405600
39 4.52676800 0.69046600 1.12084000 -0.25986600 -0.21940300 1.06704300
40 1.74403400 -0.00002600 0.00000000 -0.02622300 -0.01366700 1.50212900
41 1.36875900 -0.00003500 -0.00002200 -0.14793300 0.25506700 -1.34370900
42 1.87486800 0.93508100 -0.99913000 2.23325500 0.53457700 0.76202400
43 1.50709200 -0.12162549 0.00857000 -0.04879600 -0.02132400 0.07877900
44 1.59791600 -0.06895848 0.00290503 0.00631500 -0.05280800 -0.22499400
45 5.51181000 -0.00001100 0.00000600 -1.15076500 0.00000000 0.00000000
46 0.19684800 0.00000900 -0.00000100 -0.34822500 0.00001500 -0.00000200
47 0.00000000 1.00000000 0.00000000 0.00000000 0.00000000 -1.57079600
48 -3.85027600 32.39967000 -4.25170500 0.00000000 0.00000000 -3.14156200
49 -7.52009150 49.94352566 -2.37613463 0.45368408 0.01054940 -0.75717765
50 11.00202320 1.00744835 -4.82373114 0.31172400 1.04103800 1.63469900
51 3.96184500 0.64297700 -1.92970300 0.00000000 0.00000000 0.00000000
52 0.80310100 0.45841200 -4.75786000 0.00000000 0.00000000 0.00000000
53 -0.20958701 3.29652951 1.68791751 1.58426800 0.00000000 -0.00000100
54 0.00552451 0.54110499 -0.03807948 0.01520751 0.00246216 0.01132801
55 0.00000000 0.54065951 -0.00000001 0.21381600 0.00032300 -0.02323400
56 -0.00000099 0.54211299 0.00000151 0.02172100 0.00333200 -0.02059700
57 0.00969951 0.54248097 0.00041751 0.00000000 0.00000000 0.00000000
58 0.00000000 0.54072300 0.00000100 -0.01661300 -0.00280300 0.02635400
59 0.00000400 0.54147900 0.00000100 0.08340500 -0.00493800 0.00446000
60 -0.00000048 0.54103801 -0.00000100 0.57124551 0.00674631 -0.01209912
61 -0.00000099 0.51957952 0.00000000 0.79267200 0.00412500 -0.00223200
62 -0.00519587 0.52273899 -0.14269149 -0.18381400 -0.00351295 0.01267755
63 0.00000051 0.54251049 0.00000000 0.03298800 0.01413700 0.00135600
64 -0.00001100 0.54067100 0.00000000 0.01407300 0.00292800 0.00097000
65 0.00000000 0.53940000 0.00000000 -0.00336700 0.00000200 0.00095000
66 -1.37813800 3.89395300 -0.78387300 1.77690200 0.00000000 0.00000000
67 -10.90695600 0.47861700 -2.31595800 0.00000000 0.00000000 0.00000000
68 -2.47458600 -0.05751300 1.52871800 0.00000000 0.00000000 0.00000000
69 3.39013700 -0.70700700 0.09637000 0.00000000 0.00000000 0.00000000
70 -5.10141600 -1.60216700 -2.82126100 0.46170000 1.36724100 1.13609000
time 3
0 -0.00000100 8.45008800 -27.50902600 0.00000000 0.00000000 0.00003100
1 -0.00000200 0.00000000 0.00000000 1.57074700 -1.56714200 -1.57074700
2 4.25546500 -0.33518500 -0.00000200 0.00000000 0.00000000 -0.12484800
3 7.43125200 1.49648000 0.00000200 0.00000000 0.00000000 0.24545000
4 5.27847900 0.16554400 0.00000100 0.00000000 0.00000000 0.04851100
5 0.81061441 -11.13711942 4.61940891 1.97586600 1.15990900 -1.29878500
6 -6.21447800 -0.00001100 -0.00002800 -2.96399924 -0.84441260 1.62122066
7 11.94488700 0.00000000 -0.00000100 0.07136152 -0.38687573 1.85934220
8 10.62019000 0.00000000 0.00000000 1.79821194 0.02151365 2.72012660
9 -4.75110800 -0.69449200 0.83058100 -0.19617500 -0.07598900 0.33735800
10 -1.68808400 0.00004500 -0.00003100 0.01642800 -0.01846600 0.71331500
11 -1.33614300 0.00005900 -0.00001000 0.02584200 0.00517300 0.35617200
12 -4.82049200 -0.50945900 -0.22475900 -0.43210000 -0.06904400 1.18347900
13 -1.82698400 -0.00007100 0.00001000 0.00062300 0.04047200 1.28961100
14 -1.43657300 0.00000800 0.00000300 -0.06360300 -0.04470400 0.86686500
15 -3.99235500 -0.89118800 -1.82790700 -0.77162000 0.11408800 1.28870000
16 -1.40592200 -0.00003000 0.00000000 0.00603500 -0.02888300 0.66990400
17 -1.17535800 0.00012400 -0.00002100 0.06674100 0.01248300 1.28927800
18 -4.52674900 -0.69057700 -1.12074200 -0.60925600 0.08426700 1.37684800
19 -1.74403400 0.00003500 -0.00000700 -0.02225500 -0.01944400 1.26365700
20 -1.36876700 0.00002300 0.00000500 0.04001900 0.03390800 0.76286100
21 -2.03839699 -0.89278849 0.93250500 1.84958100 0.50887600 0.72095600
22 -1.62789100 0.15474652 0.01182601 -0.09987500 0.17985400 0.56094000
23 -1.59927900 0.00001000 0.00001100 0.03412200 -0.02595000 0.63135700
24 5.51182400 0.00000800 -0.00000400 2.08603467 -0.06549108 3.11620083
25 0.19684800 0.00000000 0.00000300 2.79340678 -0.00112144 -3.14135408
26 -4.55863147 -18.34159884 -7.42718606 2.44191300 1.34964900 2.25678400
27 6.21448800 0.00001100 0.00002100 -0.76184094 0.60995698 -1.87516975
28 11.94488700 -0.00003500 -0.00019900 -0.37620469 -0.36627095 -1.81107246
29 10.62017300 -0.00000400 0.00001000 2.84668164 -0.89001883 0.80933887
30 4.75117100 0.69437600 -0.83047700 -0.06487300 -0.39364000 0.55419500
31 1.68806800 -0.00002200 0.00000100 0.01171600 -0.02181400 0.94698000
32 1.33614300 -0.00005100 -0.00001000 0.00239400 -0.03863700 0.30776800
33 4.82051800 0.50934200 0.22486500 -0.12564700 -0.32635900 0.75031200
34 1.82700000 0.00006800 0.00001000 0.01352100 0.03817800 1.61369400
35 1.43658100 -0.00000600 0.00001100 0.01466500 0.00366700 -0.97448300
36 3.99235700 0.89108800 1.82799600 -0.36795900 -0.15069400 1.01187800
37 1.40592200 0.00003200 -0.00000500 -0.01759000 -0.02364400 1.51411800
38 1.17535800 -0.00012900 0.00000300 -0.10080900 0.07107400 -1.00405600
39 4.52676800 0.69046600 1.12084000 -0.25986600 -0.21940300 1.06704300
40 1.74403400 -0.00002600 0.00000000 -0.02622300 -0.01366700 1.50212900
41 1.36875900 -0.00003500 -0.00002200 -0.14793300 0.25506700 -1.34370900
42 1.87486800 0.93508100 -0.99913000 2.23325500 0.53457700 0.76202400
43 1.50709200 -0.12162549 0.00857000 -0.04879600 -0.02132400 0.07877900
44 1.59791600 -0.06895848 0.00290503 0.00631500 -0.05280800 -0.22499400
45 5.51181000 -0.00001100 0.00000600 -1.15076500 0.00000000 0.00000000
46 0.19684800 0.00000900 -0.00000100 -0.34822500 0.00001500 -0.00000200
47 0.00000000 1.00000000 0.00000000 0.00000000 0.00000000 -1.57079600
48 -3.85027600 32.39967000 -4.25170500 0.00000000 0.00000000 -3.14156200
49 -7.54134491 49.94352566 -2.36580531 0.46069094 0.00943933 -0.75617571
50 11.00202320 1.00744835 -4.82373114 0.31172400 1.04103800 1.63469900
51 3.96184500 0.64297700 -1.92970300 0.00000000 0.00000000 0.00000000
52 0.80310100 0.45841200 -4.75786000 0.00000000 0.00000000 0.00000000
53 -0.20958701 3.29652951 1.68791751 1.58426800 0.00000000 -0.00000100
54 0.00552451 0.54110499 -0.03807948 0.01520652 0.00224893 0.01132653
55 0.00000000 0.54065951 -0.00000001 0.21381551 0.00036989 -0.02327201
56 -0.00000099 0.54211299 0.00000151 0.02172100 0.00333200 -0.02059700
57 0.00969951 0.54248097 0.00041751 0.00000000 0.00000000 0.00000000
58 0.00000000 0.54072300 0.00000100 -0.01657055 -0.00280349 0.02635400
59 0.00000400 0.54147900 0.00000100 0.08340500 -0.00493652 0.00441706
60 -0.00000048 0.54103801 -0.00000100 0.57124551 0.00678234 -0.01222153
61 -0.00000099 0.51957952 0.00000000 0.79267200 0.00412500 -0.00223200
62 -0.00514897 0.52273997 -0.14269001 -0.18381400 -0.00356724 0.01255465
63 0.00000051 0.54251049 0.00000000 0.03298800 0.01413700 0.00135600
64 -0.00001100 0.54067100 0.00000000 0.01407300 0.00292800 0.00097000
65 0.00000000 0.53940000 0.00000000 -0.00336700 0.00000200 0.00095000
66 -1.37813800 3.89395300 -0.78387300 1.77690200 0.00000000 0.00000000
67 -10.90695600 0.47861700 -2.31595800 0.00000000 0.00000000 0.00000000
68 -2.47458600 -0.05751300 1.52871800 0.00000000 0.00000000 0.00000000
69 3.39013700 -0.70700700 0.09637000 0.00000000 0.00000000 0.00000000
70 -5.10141600 -1.60216700 -2.82126100 0.46170000 1.36724100 1.13609000
time 4
0 -0.00000100 8.45008800 -27.50902600 0.00000000 0.00000000 0.00003100
1 -0.00000200 0.00000000 0.00000000 1.57074700 -1.56714200 -1.57074700
2 4.25546500 -0.33518500 -0.00000200 0.00000000 0.00000000 -0.12484800
3 7.43125200 1.49648000 0.00000200 0.00000000 0.00000000 0.24545000
4 5.27847900 0.16554400 0.00000100 0.00000000 0.00000000 0.04851100
5 0.81061441 -11.13711942 4.61940891 1.97586600 1.15990900 -1.29878500
6 -6.21447800 -0.00001100 -0.00002800 -2.95505296 -0.84123679 1.61377402
7 11.94488700 0.00000000 -0.00000100 0.07275297 -0.38714398 1.85553346
8 10.62019000 0.00000000 0.00000000 1.80553051 0.01447926 2.71913566
9 -4.75110800 -0.69449200 0.83058100 -0.19617500 -0.07598900 0.33735800
10 -1.68808400 0.00004500 -0.00003100 0.01642800 -0.01846600 0.71331500
11 -1.33614300 0.00005900 -0.00001000 0.02584200 0.00517300 0.35617200
12 -4.82049200 -0.50945900 -0.22475900 -0.43210000 -0.06904400 1.18347900
13 -1.82698400 -0.00007100 0.00001000 0.00062300 0.04047200 1.28961100
14 -1.43657300 0.00000800 0.00000300 -0.06360300 -0.04470400 0.86686500
15 -3.99235500 -0.89118800 -1.82790700 -0.77162000 0.11408800 1.28870000
16 -1.40592200 -0.00003000 0.00000000 0.00603500 -0.02888300 0.66990400
17 -1.17535800 0.00012400 -0.00002100 0.06674100 0.01248300 1.28927800
18 -4.52674900 -0.69057700 -1.12074200 -0.60925600 0.08426700 1.37684800
19 -1.74403400 0.00003500 -0.00000700 -0.02225500 -0.01944400 1.26365700
20 -1.36876700 0.00002300 0.00000500 0.04001900 0.03390800 0.76286100
21 -2.03839699 -0.89278849 0.93250500 1.84958100 0.50887600 0.72095600
22 -1.62789100 0.15474652 0.01182601 -0.09987500 0.17985400 0.56094000
23 -1.59927900 0.00001000 0.00001100 0.03412200 -0.02595000 0.63135700
24 5.51182400 0.00000800 -0.00000400 2.08603467 -0.06549108 3.11620083
25 0.19684800 0.00000000 0.00000300 2.79340678 -0.00112144 -3.14135408
26 -4.55863147 -18.34159884 -7.42718606 2.44191300 1.34964900 2.25678400
27 6.21448800 0.00001100 0.00002100 -0.76325345 0.60933716 -1.87547893
28 11.94488700 -0.00003500 -0.00019900 -0.37612409 -0.36832132 -1.81144402
29 10.62017300 -0.00000400 0.00001000 2.84930657 -0.89012566 0.80141688
30 4.75117100 0.69437600 -0.83047700 -0.06487300 -0.39364000 0.55419500
31 1.68806800 -0.00002200 0.00000100 0.01171600 -0.02181400 0.94698000
32 1.33614300 -0.00005100 -0.00001000 0.00239400 -0.03863700 0.30776800
33 4.82051800 0.50934200 0.22486500 -0.12564700 -0.32635900 0.75031200
34 1.82700000 0.00006800 0.00001000 0.01352100 0.03817800 1.61369400
35 1.43658100 -0.00000600 0.00001100 0.01466500 0.00366700 -0.97448300
36 3.99235700 0.89108800 1.82799600 -0.36795900 -0.15069400 1.01187800
37 1.40592200 0.00003200 -0.00000500 -0.01759000 -0.02364400 1.51411800
38 1.17535800 -0.00012900 0.00000300 -0.10080900 0.07107400 -1.00405600
39 4.52676800 0.69046600 1.12084000 -0.25986600 -0.21940300 1.06704300
40 1.74403400 -0.00002600 0.00000000 -0.02622300 -0.01366700 1.50212900
41 1.36875900 -0.00003500 -0.00002200 -0.14793300 0.25506700 -1.34370900
42 1.87486800 0.93508100 -0.99913000 2.23325500 0.53457700 0.76202400
43 1.50709200 -0.12162549 0.00857000 -0.04879600 -0.02132400 0.07877900
44 1.59791600 -0.06895848 0.00290503 0.00631500 -0.05280800 -0.22499400
45 5.51181000 -0.00001100 0.00000600 -1.15076500 0.00000000 0.00000000
46 0.19684800 0.00000900 -0.00000100 -0.34822500 0.00001500 -0.00000200
47 0.00000000 1.00000000 0.00000000 0.00000000 0.00000000 -1.57079600
48 -3.85027600 32.39967000 -4.25170500 0.00000000 0.00000000 -3.14156200
49 -7.58659870 49.94352566 -2.34042910 0.46872827 0.00816839 -0.75428505
50 11.00202320 1.00744835 -4.82373114 0.31172400 1.04103800 1.63469900
51 3.96184500 0.64297700 -1.92970300 0.00000000 0.00000000 0.00000000
52 0.80310100 0.45841200 -4.75786000 0.00000000 0.00000000 0.00000000
53 -0.20958701 3.29652951 1.68791751 1.58426800 0.00000000 -0.00000100
54 0.00552451 0.54110499 -0.03807948 0.01520454 0.00195080 0.01132406
55 0.00000000 0.54065951 -0.00000001 0.21381502 0.00037878 -0.02335641
56 -0.00000099 0.54211299 0.00000151 0.02172100 0.00333200 -0.02059700
57 0.00969951 0.54248097 0.00041751 0.00000000 0.00000000 0.00000000
58 0.00000000 0.54072300 0.00000100 -0.01657055 -0.00280349 0.02635400
59 0.00000400 0.54147900 0.00000100 0.08340500 -0.00493652 0.00441706
60 -0.00000048 0.54103801 -0.00000100 0.57124454 0.00685885 -0.01233210
61 -0.00000099 0.51957952 0.00000000 0.79267200 0.00412500 -0.00223200
62 -0.00507888 0.52274096 -0.14269001 -0.18381352 -0.00357860 0.01242730
63 0.00000051 0.54251049 0.00000000 0.03298800 0.01413700 0.00135600
64 -0.00001100 0.54067100 0.00000000 0.01407300 0.00292800 0.00101406
65 0.00000000 0.53940000 0.00000000 -0.00336700 0.00000200 0.00095000
66 -1.37813800 3.89395300 -0.78387300 1.77690200 0.00000000 0.00000000
67 -10.90695600 0.47861700 -2.31595800 0.00000000 0.00000000 0.00000000
68 -2.47458600 -0.05751300 1.52871800 0.00000000 0.00000000 0.00000000
69 3.39013700 -0.70700700 0.09637000 0.00000000 0.00000000 0.00000000
70 -5.10141600 -1.60216700 -2.82126100 0.46170000 1.36724100 1.13609000
time 5
0 -0.00000100 8.45008800 -27.50902600 0.00000000 0.00000000 0.00003100
1 -0.00000200 0.00000000 0.00000000 1.57074700 -1.56714200 -1.57074700
2 4.25546500 -0.33518500 -0.00000200 0.00000000 0.00000000 -0.12484800
3 7.43125200 1.49648000 0.00000200 0.00000000 0.00000000 0.24545000
4 5.27847900 0.16554400 0.00000100 0.00000000 0.00000000 0.04851100
5 0.81061441 -11.13711942 4.61940891 1.97586600 1.15990900 -1.29878500
6 -6.21447800 -0.00001100 -0.00002800 -2.94560726 -0.83768142 1.60542289
7 11.94488700 0.00000000 -0.00000100 0.07438372 -0.38735722 1.85100714
8 10.62019000 0.00000000 0.00000000 1.81269665 0.00720111 2.71811711
9 -4.75110800 -0.69449200 0.83058100 -0.19617500 -0.07598900 0.33735800
10 -1.68808400 0.00004500 -0.00003100 0.01642800 -0.01846600 0.71331500
11 -1.33614300 0.00005900 -0.00001000 0.02584200 0.00517300 0.35617200
12 -4.82049200 -0.50945900 -0.22475900 -0.43210000 -0.06904400 1.18347900
13 -1.82698400 -0.00007100 0.00001000 0.00062300 0.04047200 1.28961100
14 -1.43657300 0.00000800 0.00000300 -0.06360300 -0.04470400 0.86686500
15 -3.99235500 -0.89118800 -1.82790700 -0.77162000 0.11408800 1.28870000
16 -1.40592200 -0.00003000 0.00000000 0.00603500 -0.02888300 0.66990400
17 -1.17535800 0.00012400 -0.00002100 0.06674100 0.01248300 1.28927800
18 -4.52674900 -0.69057700 -1.12074200 -0.60925600 0.08426700 1.37684800
19 -1.74403400 0.00003500 -0.00000700 -0.02225500 -0.01944400 1.26365700
20 -1.36876700 0.00002300 0.00000500 0.04001900 0.03390800 0.76286100
21 -2.03839699 -0.89278849 0.93250500 1.84958100 0.50887600 0.72095600
22 -1.62789100 0.15474652 0.01182601 -0.09987500 0.17985400 0.56094000
23 -1.59927900 0.00001000 0.00001100 0.03412200 -0.02595000 0.63135700
24 5.51182400 0.00000800 -0.00000400 2.08603467 -0.06549108 3.11620083
25 0.19684800 0.00000000 0.00000300 2.79340678 -0.00112144 -3.14135408
26 -4.55863147 -18.34159884 -7.42718606 2.44191300 1.34964900 2.25678400
27 6.21448800 0.00001100 0.00002100 -0.76500716 0.60866236 -1.87523503
28 11.94488700 -0.00003500 -0.00019900 -0.37576285 -0.36994206 -1.81243517
29 10.62017300 -0.00000400 0.00001000 2.85128238 -0.89031725 0.79441138
30 4.75117100 0.69437600 -0.83047700 -0.06487300 -0.39364000 0.55419500
31 1.68806800 -0.00002200 0.00000100 0.01171600 -0.02181400 0.94698000
32 1.33614300 -0.00005100 -0.00001000 0.00239400 -0.03863700 0.30776800
33 4.82051800 0.50934200 0.22486500 -0.12564700 -0.32635900 0.75031200
34 1.82700000 0.00006800 0.00001000 0.01352100 0.03817800 1.61369400
35 1.43658100 -0.00000600 0.00001100 0.01466500 0.00366700 -0.97448300
36 3.99235700 0.89108800 1.82799600 -0.36795900 -0.15069400 1.01187800
37 1.40592200 0.00003200 -0.00000500 -0.01759000 -0.02364400 1.51411800
38 1.17535800 -0.00012900 0.00000300 -0.10080900 0.07107400 -1.00405600
39 4.52676800 0.69046600 1.12084000 -0.25986600 -0.21940300 1.06704300
40 1.74403400 -0.00002600 0.00000000 -0.02622300 -0.01366700 1.50212900
41 1.36875900 -0.00003500 -0.00002200 -0.14793300 0.25506700 -1.34370900
42 1.87486800 0.93508100 -0.99913000 2.23325500 0.53457700 0.76202400
43 1.50709200 -0.12162549 0.00857000 -0.04879600 -0.02132400 0.07877900
44 1.59791600 -0.06895848 0.00290503 0.00631500 -0.05280800 -0.22499400
45 5.51181000 -0.00001100 0.00000600 -1.15076500 0.00000000 0.00000000
46 0.19684800 0.00000900 -0.00000100 -0.34822500 0.00001500 -0.00000200
47 0.00000000 1.00000000 0.00000000 0.00000000 0.00000000 -1.57079600
48 -3.85027600 32.39967000 -4.25170500 0.00000000 0.00000000 -3.14156200
49 -7.64102311 49.94352566 -2.31394651 0.47684138 0.00663110 -0.75190122
50 11.00202320 1.00744835 -4.82373114 0.31172400 1.04103800 1.63469900
51 3.96184500 0.64297700 -1.92970300 0.00000000 0.00000000 0.00000000
52 0.80310100 0.45841200 -4.75786000 0.00000000 0.00000000 0.00000000
53 -0.20958701 3.29652951 1.68791751 1.58426800 0.00000000 -0.00000100
54 0.00552451 0.54110499 -0.03807948 0.01520257 0.00156728 0.01132110
55 0.00000000 0.54065951 -0.00000001 0.21381502 0.00038815 -0.02344131
56 -0.00000099 0.54211299 0.00000151 0.02172100 0.00333200 -0.02059700
57 0.00969951 0.54248097 0.00041751 0.00000000 0.00000000 0.00000000
58 0.00000000 0.54072300 0.00000100 -0.01657055 -0.00280349 0.02635400
59 0.00000400 0.54147900 0.00000100 0.08340500 -0.00493454 0.00437461
60 -0.00000048 0.54103801 -0.00000100 0.57124409 0.00696003 -0.01252460
61 -0.00000099 0.51957952 0.00000000 0.79267200 0.00412500 -0.00223200
62 -0.00499646 0.52274244 -0.14268952 -0.18381353 -0.00359439 0.01225751
63 0.00000051 0.54251049 0.00000000 0.03298800 0.01413700 0.00135600
64 -0.00001100 0.54067100 0.00000000 0.01407300 0.00292800 0.00097000
65 0.00000000 0.53940000 0.00000000 -0.00332406 0.00000200 0.00095000
66 -1.37813800 3.89395300 -0.78387300 1.77690200 0.00000000 0.00000000
67 -10.90695600 0.47861700 -2.31595800 0.00000000 0.00000000 0.00000000
68 -2.47458600 -0.05751300 1.52871800 0.00000000 0.00000000 0.00000000
69 3.39013700 -0.70700700 0.09637000 0.00000000 0.00000000 0.00000000
70 -5.10141600 -1.60216700 -2.82126100 0.46170000 1.36724100 1.13609000
time 6
0 -0.00000100 8.45008800 -27.50902600 0.00000000 0.00000000 0.00003100
1 -0.00000200 0.00000000 0.00000000 1.57074700 -1.56714200 -1.57074700
2 4.25546500 -0.33518500 -0.00000200 0.00000000 0.00000000 -0.12484800
3 7.43125200 1.49648000 0.00000200 0.00000000 0.00000000 0.24545000
4 5.27847900 0.16554400 0.00000100 0.00000000 0.00000000 0.04851100
5 0.81061441 -11.13711942 4.61940891 1.97586600 1.15990900 -1.29878500
6 -6.21447800 -0.00001100 -0.00002800 -2.93606138 -0.83387039 1.59701847
7 11.94488700 0.00000000 -0.00000100 0.07597819 -0.38756162 1.84666247
8 10.62019000 0.00000000 0.00000000 1.82066289 -0.00015667 2.71656654
9 -4.75110800 -0.69449200 0.83058100 -0.19617500 -0.07598900 0.33735800
10 -1.68808400 0.00004500 -0.00003100 0.01642800 -0.01846600 0.71331500
11 -1.33614300 0.00005900 -0.00001000 0.02584200 0.00517300 0.35617200
12 -4.82049200 -0.50945900 -0.22475900 -0.43210000 -0.06904400 1.18347900
13 -1.82698400 -0.00007100 0.00001000 0.00062300 0.04047200 1.28961100
14 -1.43657300 0.00000800 0.00000300 -0.06360300 -0.04470400 0.86686500
15 -3.99235500 -0.89118800 -1.82790700 -0.77162000 0.11408800 1.28870000
16 -1.40592200 -0.00003000 0.00000000 0.00603500 -0.02888300 0.66990400
17 -1.17535800 0.00012400 -0.00002100 0.06674100 0.01248300 1.28927800
18 -4.52674900 -0.69057700 -1.12074200 -0.60925600 0.08426700 1.37684800
19 -1.74403400 0.00003500 -0.00000700 -0.02225500 -0.01944400 1.26365700
20 -1.36876700 0.00002300 0.00000500 0.04001900 0.03390800 0.76286100
21 -2.03839699 -0.89278849 0.93250500 1.84958100 0.50887600 0.72095600
22 -1.62789100 0.15474652 0.01182601 -0.09987500 0.17985400 0.56094000
23 -1.59927900 0.00001000 0.00001100 0.03412200 -0.02595000 0.63135700
24 5.51182400 0.00000800 -0.00000400 2.08603467 -0.06549108 3.11620083
25 0.19684800 0.00000000 0.00000300 2.79340678 -0.00112144 -3.14135408
26 -4.55863147 -18.34159884 -7.42718606 2.44191300 1.34964900 2.25678400
27 6.21448800 0.00001100 0.00002100 -0.76649545 0.60823391 -1.87472024
28 11.94488700 -0.00003500 -0.00019900 -0.37550088 -0.37162645 -1.81328784
29 10.62017300 -0.00000400 0.00001000 2.85267117 -0.89030059 0.78673553
30 4.75117100 0.69437600 -0.83047700 -0.06487300 -0.39364000 0.55419500
31 1.68806800 -0.00002200 0.00000100 0.01171600 -0.02181400 0.94698000
32 1.33614300 -0.00005100 -0.00001000 0.00239400 -0.03863700 0.30776800
33 4.82051800 0.50934200 0.22486500 -0.12564700 -0.32635900 0.75031200
34 1.82700000 0.00006800 0.00001000 0.01352100 0.03817800 1.61369400
35 1.43658100 -0.00000600 0.00001100 0.01466500 0.00366700 -0.97448300
36 3.99235700 0.89108800 1.82799600 -0.36795900 -0.15069400 1.01187800
37 1.40592200 0.00003200 -0.00000500 -0.01759000 -0.02364400 1.51411800
38 1.17535800 -0.00012900 0.00000300 -0.10080900 0.07107400 -1.00405600
39 4.52676800 0.69046600 1.12084000 -0.25986600 -0.21940300 1.06704300
40 1.74403400 -0.00002600 0.00000000 -0.02622300 -0.01366700 1.50212900
41 1.36875900 -0.00003500 -0.00002200 -0.14793300 0.25506700 -1.34370900
42 1.87486800 0.93508100 -0.99913000 2.23325500 0.53457700 0.76202400
43 1.50709200 -0.12162549 0.00857000 -0.04879600 -0.02132400 0.07877900
44 1.59791600 -0.06895848 0.00290503 0.00631500 -0.05280800 -0.22499400
45 5.51181000 -0.00001100 0.00000600 -1.15076500 0.00000000 0.00000000
46 0.19684800 0.00000900 -0.00000100 -0.34822500 0.00001500 -0.00000200
47 0.00000000 1.00000000 0.00000000 0.00000000 0.00000000 -1.57079600
48 -3.85027600 32.39967000 -4.25170500 0.00000000 0.00000000 -3.14156200
49 -7.69711047 49.94352566 -2.29014652 0.48568229 0.00475494 -0.74978186
50 11.00202320 1.00744835 -4.82373114 0.31172400 1.04103800 1.63469900
51 3.96184500 0.64297700 -1.92970300 0.00000000 0.00000000 0.00000000
52 0.80310100 0.45841200 -4.75786000 0.00000000 0.00000000 0.00000000
53 -0.20958701 3.29652951 1.68791751 1.58426800 0.00000000 -0.00000100
54 0.00552451 0.54110499 -0.03807948 0.01520009 0.00118376 0.01131814
55 0.00000000 0.54065951 -0.00000001 0.21381502 0.00039704 -0.02352621
56 -0.00000099 0.54211299 0.00000151 0.02172100 0.00333200 -0.02059700
57 0.00969951 0.54248097 0.00041751 0.00000000 0.00000000 0.00000000
58 0.00000000 0.54072300 0.00000100 -0.01657055 -0.00280349 0.02635400
59 0.00000400 0.54147900 0.00000100 0.08340500 -0.00493257 0.00433216
60 -0.00000048 0.54103801 -0.00000100 0.57124268 0.00710169 -0.01270525
61 -0.00000099 0.51957952 0.00000000 0.79267200 0.00412500 -0.00223200
62 -0.00489478 0.52274294 -0.14268853 -0.18381305 -0.00361413 0.01204526
63 0.00000051 0.54251049 0.00000000 0.03298800 0.01413799 0.00131306
64 -0.00001100 0.54067100 0.00000000 0.01407300 0.00292800 0.00097000
65 0.00000000 0.53940000 0.00000000 -0.00332406 0.00000200 0.00095000
66 -1.37813800 3.89395300 -0.78387300 1.77690200 0.00000000 0.00000000
67 -10.90695600 0.47861700 -2.31595800 0.00000000 0.00000000 0.00000000
68 -2.47458600 -0.05751300 1.52871800 0.00000000 0.00000000 0.00000000
69 3.39013700 -0.70700700 0.09637000 0.00000000 0.00000000 0.00000000
70 -5.10141600 -1.60216700 -2.82126100 0.46170000 1.36724100 1.13609000
time 7
0 -0.00000100 8.45008800 -27.50902600 0.00000000 0.00000000 0.00003100
1 -0.00000200 0.00000000 0.00000000 1.57074700 -1.56714200 -1.57074700
2 4.25546500 -0.33518500 -0.00000200 0.00000000 0.00000000 -0.12484800
3 7.43125200 1.49648000 0.00000200 0.00000000 0.00000000 0.24545000
4 5.27847900 0.16554400 0.00000100 0.00000000 0.00000000 0.04851100
5 0.81061441 -11.13711942 4.61940891 1.97586600 1.15990900 -1.29878500
6 -6.21447800 -0.00001100 -0.00002800 -2.92842808 -0.83034658 1.58890121
7 11.94488700 0.00000000 -0.00000100 0.07771113 -0.38767918 1.84178825
8 10.62019000 0.00000000 0.00000000 1.82509290 -0.00557016 2.71537998
9 -4.75110800 -0.69449200 0.83058100 -0.19617500 -0.07598900 0.33735800
10 -1.68808400 0.00004500 -0.00003100 0.01642800 -0.01846600 0.71331500
11 -1.33614300 0.00005900 -0.00001000 0.02584200 0.00517300 0.35617200
12 -4.82049200 -0.50945900 -0.22475900 -0.43210000 -0.06904400 1.18347900
13 -1.82698400 -0.00007100 0.00001000 0.00062300 0.04047200 1.28961100
14 -1.43657300 0.00000800 0.00000300 -0.06360300 -0.04470400 0.86686500
15 -3.99235500 -0.89118800 -1.82790700 -0.77162000 0.11408800 1.28870000
16 -1.40592200 -0.00003000 0.00000000 0.00603500 -0.02888300 0.66990400
17 -1.17535800 0.00012400 -0.00002100 0.06674100 0.01248300 1.28927800
18 -4.52674900 -0.69057700 -1.12074200 -0.60925600 0.08426700 1.37684800
19 -1.74403400 0.00003500 -0.00000700 -0.02225500 -0.01944400 1.26365700
20 -1.36876700 0.00002300 0.00000500 0.04001900 0.03390800 0.76286100
21 -2.03839699 -0.89278849 0.93250500 1.84958100 0.50887600 0.72095600
22 -1.62789100 0.15474652 0.01182601 -0.09987500 0.17985400 0.56094000
23 -1.59927900 0.00001000 0.00001100 0.03412200 -0.02595000 0.63135700
24 5.51182400 0.00000800 -0.00000400 2.08603467 -0.06549108 3.11620083
25 0.19684800 0.00000000 0.00000300 2.79340678 -0.00112144 -3.14135408
26 -4.55863147 -18.34159884 -7.42718606 2.44191300 1.34964900 2.25678400
27 6.21448800 0.00001100 0.00002100 -0.76890117 0.60796878 -1.87287445
28 11.94488700 -0.00003500 -0.00019900 -0.37461456 -0.37170644 -1.81596597
29 10.62017300 -0.00000400 0.00001000 2.85244903 -0.89023805 0.78480806
30 4.75117100 0.69437600 -0.83047700 -0.06487300 -0.39364000 0.55419500
31 1.68806800 -0.00002200 0.00000100 0.01171600 -0.02181400 0.94698000
32 1.33614300 -0.00005100 -0.00001000 0.00239400 -0.03863700 0.30776800
33 4.82051800 0.50934200 0.22486500 -0.12564700 -0.32635900 0.75031200
34 1.82700000 0.00006800 0.00001000 0.01352100 0.03817800 1.61369400
35 1.43658100 -0.00000600 0.00001100 0.01466500 0.00366700 -0.97448300
36 3.99235700 0.89108800 1.82799600 -0.36795900 -0.15069400 1.01187800
37 1.40592200 0.00003200 -0.00000500 -0.01759000 -0.02364400 1.51411800
38 1.17535800 -0.00012900 0.00000300 -0.10080900 0.07107400 -1.00405600
39 4.52676800 0.69046600 1.12084000 -0.25986600 -0.21940300 1.06704300
40 1.74403400 -0.00002600 0.00000000 -0.02622300 -0.01366700 1.50212900
41 1.36875900 -0.00003500 -0.00002200 -0.14793300 0.25506700 -1.34370900
42 1.87486800 0.93508100 -0.99913000 2.23325500 0.53457700 0.76202400
43 1.50709200 -0.12162549 0.00857000 -0.04879600 -0.02132400 0.07877900
44 1.59791600 -0.06895848 0.00290503 0.00631500 -0.05280800 -0.22499400
45 5.51181000 -0.00001100 0.00000600 -1.15076500 0.00000000 0.00000000
46 0.19684800 0.00000900 -0.00000100 -0.34822500 0.00001500 -0.00000200
47 0.00000000 1.00000000 0.00000000 0.00000000 0.00000000 -1.57079600
48 -3.85027600 32.39967000 -4.25170500 0.00000000 0.00000000 -3.14156200
49 -7.76137093 49.94352566 -2.26765088 0.49105231 0.00309653 -0.74701953
50 11.00202320 1.00744835 -4.82373114 0.31172400 1.04103800 1.63469900
51 3.96184500 0.64297700 -1.92970300 0.00000000 0.00000000 0.00000000
52 0.80310100 0.45841200 -4.75786000 0.00000000 0.00000000 0.00000000
53 -0.20958701 3.29652951 1.68791751 1.58426800 0.00000000 -0.00000100
54 0.00552451 0.54110499 -0.03807948 0.01519713 0.00067290 0.01131418
55 0.00000000 0.54065951 -0.00000001 0.21377160 0.00044789 -0.02360616
56 -0.00000099 0.54211299 0.00000151 0.02172100 0.00333249 -0.02063994
57 0.00969951 0.54248097 0.00041751 0.00000000 0.00000000 0.00000000
58 0.00000000 0.54072300 0.00000100 -0.01657055 -0.00280300 0.02639694
59 0.00000400 0.54147900 0.00000100 0.08340500 -0.00493109 0.00428971
60 -0.00000048 0.54103801 -0.00000100 0.57124179 0.00721473 -0.01293822
61 -0.00000099 0.51957952 0.00000000 0.79267200 0.00412500 -0.00223200
62 -0.00477977 0.52274442 -0.14268804 -0.18381258 -0.00363733 0.01179057
63 0.00000051 0.54251049 0.00000000 0.03298800 0.01413799 0.00131306
64 -0.00001100 0.54067100 0.00000000 0.01407300 0.00292800 0.00097000
65 0.00000000 0.53940000 0.00000000 -0.00336700 0.00000200 0.00095000
66 -1.37813800 3.89395300 -0.78387300 1.77690200 0.00000000 0.00000000
67 -10.90695600 0.47861700 -2.31595800 0.00000000 0.00000000 0.00000000
68 -2.47458600 -0.05751300 1.52871800 0.00000000 0.00000000 0.00000000
69 3.39013700 -0.70700700 0.09637000 0.00000000 0.00000000 0.00000000
70 -5.10141600 -1.60216700 -2.82126100 0.46170000 1.36724100 1.13609000
time 8
0 -0.00000100 8.45008800 -27.50902600 0.00000000 0.00000000 0.00003100
1 -0.00000200 0.00000000 0.00000000 1.57074700 -1.56714200 -1.57074700
2 4.25546500 -0.33518500 -0.00000200 0.00000000 0.00000000 -0.12484800
3 7.43125200 1.49648000 0.00000200 0.00000000 0.00000000 0.24545000
4 5.27847900 0.16554400 0.00000100 0.00000000 0.00000000 0.04851100
5 0.81061441 -11.13711942 4.61940891 1.97586600 1.15990900 -1.29878500
6 -6.21447800 -0.00001100 -0.00002800 -2.92497903 -0.82768813 1.58161943
7 11.94488700 0.00000000 -0.00000100 0.07976730 -0.38765626 1.83580408
8 10.62019000 0.00000000 0.00000000 1.82102502 -0.00645178 2.71581846
9 -4.75110800 -0.69449200 0.83058100 -0.19617500 -0.07598900 0.33735800
10 -1.68808400 0.00004500 -0.00003100 0.01642800 -0.01846600 0.71331500
11 -1.33614300 0.00005900 -0.00001000 0.02584200 0.00517300 0.35617200
12 -4.82049200 -0.50945900 -0.22475900 -0.43210000 -0.06904400 1.18347900
13 -1.82698400 -0.00007100 0.00001000 0.00062300 0.04047200 1.28961100
14 -1.43657300 0.00000800 0.00000300 -0.06360300 -0.04470400 0.86686500
15 -3.99235500 -0.89118800 -1.82790700 -0.77162000 0.11408800 1.28870000
16 -1.40592200 -0.00003000 0.00000000 0.00603500 -0.02888300 0.66990400
17 -1.17535800 0.00012400 -0.00002100 0.06674100 0.01248300 1.28927800
18 -4.52674900 -0.69057700 -1.12074200 -0.60925600 0.08426700 1.37684800
19 -1.74403400 0.00003500 -0.00000700 -0.02225500 -0.01944400 1.26365700
20 -1.36876700 0.00002300 0.00000500 0.04001900 0.03390800 0.76286100
21 -2.03839699 -0.89278849 0.93250500 1.84958100 0.50887600 0.72095600
22 -1.62789100 0.15474652 0.01182601 -0.09987500 0.17985400 0.56094000
23 -1.59927900 0.00001000 0.00001100 0.03412200 -0.02595000 0.63135700
24 5.51182400 0.00000800 -0.00000400 2.08603467 -0.06549108 3.11620083
25 0.19684800 0.00000000 0.00000300 2.79340678 -0.00112144 -3.14135408
26 -4.55863147 -18.34159884 -7.42718606 2.44191300 1.34964900 2.25678400
27 6.21448800 0.00001100 0.00002100 -0.77356800 0.60781424 -1.86817382
28 11.94488700 -0.00003500 -0.00019900 -0.37233008 -0.36874522 -1.82264947
29 10.62017300 -0.00000400 0.00001000 2.84946131 -0.89011967 0.79605303
30 4.75117100 0.69437600 -0.83047700 -0.06487300 -0.39364000 0.55419500
31 1.68806800 -0.00002200 0.00000100 0.01171600 -0.02181400 0.94698000
32 1.33614300 -0.00005100 -0.00001000 0.00239400 -0.03863700 0.30776800
33 4.82051800 0.50934200 0.22486500 -0.12564700 -0.32635900 0.75031200
34 1.82700000 0.00006800 0.00001000 0.01352100 0.03817800 1.61369400
35 1.43658100 -0.00000600 0.00001100 0.01466500 0.00366700 -0.97448300
36 3.99235700 0.89108800 1.82799600 -0.36795900 -0.15069400 1.01187800
37 1.40592200 0.00003200 -0.00000500 -0.01759000 -0.02364400 1.51411800
38 1.17535800 -0.00012900 0.00000300 -0.10080900 0.07107400 -1.00405600
39 4.52676800 0.69046600 1.12084000 -0.25986600 -0.21940300 1.06704300
40 1.74403400 -0.00002600 0.00000000 -0.02622300 -0.01366700 1.50212900
41 1.36875900 -0.00003500 -0.00002200 -0.14793300 0.25506700 -1.34370900
42 1.87486800 0.93508100 -0.99913000 2.23325500 0.53457700 0.76202400
43 1.50709200 -0.12162549 0.00857000 -0.04879600 -0.02132400 0.07877900
44 1.59791600 -0.06895848 0.00290503 0.00631500 -0.05280800 -0.22499400
45 5.51181000 -0.00001100 0.00000600 -1.15076500 0.00000000 0.00000000
46 0.19684800 0.00000900 -0.00000100 -0.34822500 0.00001500 -0.00000200
47 0.00000000 1.00000000 0.00000000 0.00000000 0.00000000 -1.57079600
48 -3.85027600 32.39967000 -4.25170500 0.00000000 0.00000000 -3.14156200
49 -7.83947645 49.94352566 -2.24454251 0.48832534 0.00251651 -0.74274365
50 11.00202320 1.00744835 -4.82373114 0.31172400 1.04103800 1.63469900
51 3.96184500 0.64297700 -1.92970300 0.00000000 0.00000000 0.00000000
52 0.80310100 0.45841200 -4.75786000 0.00000000 0.00000000 0.00000000
53 -0.20958701 3.29652951 1.68791751 1.58426800 0.00000000 -0.00000100
54 0.00552451 0.54110499 -0.03807948 0.01519416 0.00011860 0.01131023
55 0.00000000 0.54065951 -0.00000001 0.21377161 0.00046171 -0.02373351
56 -0.00000099 0.54211299 0.00000151 0.02167855 0.00333200 -0.02063994
57 0.00969951 0.54248097 0.00041751 0.00000000 0.00000000 0.00000000
58 0.00000000 0.54072300 0.00000100 -0.01652810 -0.00280349 0.02639645
59 0.00000400 0.54147900 0.00000100 0.08340549 -0.00492912 0.00424677
60 -0.00000048 0.54103801 -0.00000100 0.57124048 0.00738057 -0.01320081
61 -0.00000099 0.51957952 0.00000000 0.79267200 0.00412500 -0.00223200
62 -0.00465193 0.52274540 -0.14268754 -0.18381264 -0.00370348 0.01153983
63 0.00000051 0.54251049 0.00000000 0.03298800 0.01413799 0.00131306
64 -0.00001100 0.54067100 0.00000000 0.01407300 0.00292800 0.00097000
65 0.00000000 0.53940000 0.00000000 -0.00336700 0.00000200 0.00095000
66 -1.37813800 3.89395300 -0.78387300 1.77690200 0.00000000 0.00000000
67 -10.90695600 0.47861700 -2.31595800 0.00000000 0.00000000 0.00000000
68 -2.47458600 -0.05751300 1.52871800 0.00000000 0.00000000 0.00000000
69 3.39013700 -0.70700700 0.09637000 0.00000000 0.00000000 0.00000000
70 -5.10141600 -1.60216700 -2.82126100 0.46170000 1.36724100 1.13609000
time 9
0 -0.00000100 8.45008800 -27.50902600 0.00000000 0.00000000 0.00003100
1 -0.00000200 0.00000000 0.00000000 1.57074700 -1.56714200 -1.57074700
2 4.25546500 -0.33518500 -0.00000200 0.00000000 0.00000000 -0.12484800
3 7.43125200 1.49648000 0.00000200 0.00000000 0.00000000 0.24545000
4 5.27847900 0.16554400 0.00000100 0.00000000 0.00000000 0.04851100
5 0.81061441 -11.13711942 4.61940891 1.97586600 1.15990900 -1.29878500
6 -6.21447800 -0.00001100 -0.00002800 -2.92172189 -0.82501747 1.57448536
7 11.94488700 0.00000000 -0.00000100 0.08172521 -0.38772653 1.82996687
8 10.62019000 0.00000000 0.00000000 1.81768197 -0.00743190 2.71602645
9 -4.75110800 -0.69449200 0.83058100 -0.19617500 -0.07598900 0.33735800
10 -1.68808400 0.00004500 -0.00003100 0.01642800 -0.01846600 0.71331500
11 -1.33614300 0.00005900 -0.00001000 0.02584200 0.00517300 0.35617200
12 -4.82049200 -0.50945900 -0.22475900 -0.43210000 -0.06904400 1.18347900
13 -1.82698400 -0.00007100 0.00001000 0.00062300 0.04047200 1.28961100
14 -1.43657300 0.00000800 0.00000300 -0.06360300 -0.04470400 0.86686500
15 -3.99235500 -0.89118800 -1.82790700 -0.77162000 0.11408800 1.28870000
16 -1.40592200 -0.00003000 0.00000000 0.00603500 -0.02888300 0.66990400
17 -1.17535800 0.00012400 -0.00002100 0.06674100 0.01248300 1.28927800
18 -4.52674900 -0.69057700 -1.12074200 -0.60925600 0.08426700 1.37684800
19 -1.74403400 0.00003500 -0.00000700 -0.02225500 -0.01944400 1.26365700
20 -1.36876700 0.00002300 0.00000500 0.04001900 0.03390800 0.76286100
21 -2.03839699 -0.89278849 0.93250500 1.84958100 0.50887600 0.72095600
22 -1.62789100 0.15474652 0.01182601 -0.09987500 0.17985400 0.56094000
23 -1.59927900 0.00001000 0.00001100 0.03412200 -0.02595000 0.63135700
24 5.51182400 0.00000800 -0.00000400 2.08603467 -0.06549108 3.11620083
25 0.19684800 0.00000000 0.00000300 2.79340678 -0.00112144 -3.14135408
26 -4.55863147 -18.34159884 -7.42718606 2.44191300 1.34964900 2.25678400
27 6.21448800 0.00001100 0.00002100 -0.77772527 0.60811016 -1.86324715
28 11.94488700 -0.00003500 -0.00019900 -0.37008689 -0.36576539 -1.82912642
29 10.62017300 -0.00000400 0.00001000 2.84592564 -0.88983930 0.80634456
30 4.75117100 0.69437600 -0.83047700 -0.06487300 -0.39364000 0.55419500
31 1.68806800 -0.00002200 0.00000100 0.01171600 -0.02181400 0.94698000
32 1.33614300 -0.00005100 -0.00001000 0.00239400 -0.03863700 0.30776800
33 4.82051800 0.50934200 0.22486500 -0.12564700 -0.32635900 0.75031200
34 1.82700000 0.00006800 0.00001000 0.01352100 0.03817800 1.61369400
35 1.43658100 -0.00000600 0.00001100 0.01466500 0.00366700 -0.97448300
36 3.99235700 0.89108800 1.82799600 -0.36795900 -0.15069400 1.01187800
37 1.40592200 0.00003200 -0.00000500 -0.01759000 -0.02364400 1.51411800
38 1.17535800 -0.00012900 0.00000300 -0.10080900 0.07107400 -1.00405600
39 4.52676800 0.69046600 1.12084000 -0.25986600 -0.21940300 1.06704300
40 1.74403400 -0.00002600 0.00000000 -0.02622300 -0.01366700 1.50212900
41 1.36875900 -0.00003500 -0.00002200 -0.14793300 0.25506700 -1.34370900
42 1.87486800 0.93508100 -0.99913000 2.23325500 0.53457700 0.76202400
43 1.50709200 -0.12162549 0.00857000 -0.04879600 -0.02132400 0.07877900
44 1.59791600 -0.06895848 0.00290503 0.00631500 -0.05280800 -0.22499400
45 5.51181000 -0.00001100 0.00000600 -1.15076500 0.00000000 0.00000000
46 0.19684800 0.00000900 -0.00000100 -0.34822500 0.00001500 -0.00000200
47 0.00000000 1.00000000 0.00000000 0.00000000 0.00000000 -1.57079600
48 -3.85027600 32.39967000 -4.25170500 0.00000000 0.00000000 -3.14156200
49 -7.91881643 49.94352566 -2.22851479 0.48626885 0.00153000 -0.73863598
50 11.00202320 1.00744835 -4.82373114 0.31172400 1.04103800 1.63469900
51 3.96184500 0.64297700 -1.92970300 0.00000000 0.00000000 0.00000000
52 0.80310100 0.45841200 -4.75786000 0.00000000 0.00000000 0.00000000
53 -0.20958701 3.29652951 1.68791751 1.58426800 0.00000000 -0.00000100
54 0.00552451 0.54110499 -0.03807948 0.01519069 -0.00047766 0.01130577
55 0.00000000 0.54065951 -0.00000001 0.21377163 0.00047553 -0.02386036
56 -0.00000099 0.54211299 0.00000151 0.02167855 0.00333200 -0.02063994
57 0.00969951 0.54248097 0.00041751 0.00000000 0.00000000 0.00000000
58 0.00000000 0.54072300 0.00000100 -0.01652810 -0.00280349 0.02639645
59 0.00000400 0.54147900 0.00000100 0.08340549 -0.00492763 0.00420432
60 -0.00000048 0.54103801 -0.00000100 0.57119478 0.00754596 -0.01346288
61 -0.00000099 0.51957952 0.00000000 0.79267200 0.00412500 -0.00223200
62 -0.00451224 0.52274688 -0.14268705 -0.18381170 -0.00373062 0.01124318
63 0.00000051 0.54251049 0.00000000 0.03298751 0.01413848 0.00127061
64 -0.00001100 0.54067100 0.00000000 0.01407300 0.00292800 0.00097000
65 0.00000000 0.53940000 0.00000000 -0.00336700 0.00000200 0.00095000
66 -1.37813800 3.89395300 -0.78387300 1.77690200 0.00000000 0.00000000
67 -10.90695600 0.47861700 -2.31595800 0.00000000 0.00000000 0.00000000
68 -2.47458600 -0.05751300 1.52871800 0.00000000 0.00000000 0.00000000
69 3.39013700 -0.70700700 0.09637000 0.00000000 0.00000000 0.00000000
70 -5.10141600 -1.60216700 -2.82126100 0.46170000 1.36724100 1.13609000
time 10
0 -0.00000100 8.45008800 -27.50902600 0.00000000 0.00000000 0.00003100
1 -0.00000200 0.00000000 0.00000000 1.57074700 -1.56714200 -1.57074700
2 4.25546500 -0.33518500 -0.00000200 0.00000000 0.00000000 -0.12484800
3 7.43125200 1.49648000 0.00000200 0.00000000 0.00000000 0.24545000
4 5.27847900 0.16554400 0.00000100 0.00000000 0.00000000 0.04851100
5 0.81061441 -11.13711942 4.61940891 1.97586600 1.15990900 -1.29878500
6 -6.21447800 -0.00001100 -0.00002800 -2.91874213 -0.82236152 1.56751115
7 11.94488700 0.00000000 -0.00000100 0.08374441 -0.38779944 1.82416702
8 10.62019000 0.00000000 0.00000000 1.81458989 -0.00849352 2.71619252
9 -4.75110800 -0.69449200 0.83058100 -0.19617500 -0.07598900 0.33735800
10 -1.68808400 0.00004500 -0.00003100 0.01642800 -0.01846600 0.71331500
11 -1.33614300 0.00005900 -0.00001000 0.02584200 0.00517300 0.35617200
12 -4.82049200 -0.50945900 -0.22475900 -0.43210000 -0.06904400 1.18347900
13 -1.82698400 -0.00007100 0.00001000 0.00062300 0.04047200 1.28961100
14 -1.43657300 0.00000800 0.00000300 -0.06360300 -0.04470400 0.86686500
15 -3.99235500 -0.89118800 -1.82790700 -0.77162000 0.11408800 1.28870000
16 -1.40592200 -0.00003000 0.00000000 0.00603500 -0.02888300 0.66990400
17 -1.17535800 0.00012400 -0.00002100 0.06674100 0.01248300 1.28927800
18 -4.52674900 -0.69057700 -1.12074200 -0.60925600 0.08426700 1.37684800
19 -1.74403400 0.00003500 -0.00000700 -0.02225500 -0.01944400 1.26365700
20 -1.36876700 0.00002300 0.00000500 0.04001900 0.03390800 0.76286100
21 -2.03839699 -0.89278849 0.93250500 1.84958100 0.50887600 0.72095600
22 -1.62789100 0.15474652 0.01182601 -0.09987500 0.17985400 0.56094000
23 -1.59927900 0.00001000 0.00001100 0.03412200 -0.02595000 0.63135700
24 5.51182400 0.00000800 -0.00000400 2.08603467 -0.06549108 3.11620083
25 0.19684800 0.00000000 0.00000300 2.79340678 -0.00112144 -3.14135408
26 -4.55863147 -18.34159884 -7.42718606 2.44191300 1.34964900 2.25678400
27 6.21448800 0.00001100 0.00002100 -0.78167874 0.60867150 -1.85811514
28 11.94488700 -0.00003500 -0.00019900 -0.36783202 -0.36282857 -1.83563768
29 10.62017300 -0.00000400 0.00001000 2.84214843 -0.88946026 0.81642835
30 4.75117100 0.69437600 -0.83047700 -0.06487300 -0.39364000 0.55419500
31 1.68806800 -0.00002200 0.00000100 0.01171600 -0.02181400 0.94698000
32 1.33614300 -0.00005100 -0.00001000 0.00239400 -0.03863700 0.30776800
33 4.82051800 0.50934200 0.22486500 -0.12564700 -0.32635900 0.75031200
34 1.82700000 0.00006800 0.00001000 0.01352100 0.03817800 1.61369400
35 1.43658100 -0.00000600 0.00001100 0.01466500 0.00366700 -0.97448300
36 3.99235700 0.89108800 1.82799600 -0.36795900 -0.15069400 1.01187800
37 1.40592200 0.00003200 -0.00000500 -0.01759000 -0.02364400 1.51411800
38 1.17535800 -0.00012900 0.00000300 -0.10080900 0.07107400 -1.00405600
39 4.52676800 0.69046600 1.12084000 -0.25986600 -0.21940300 1.06704300
40 1.74403400 -0.00002600 0.00000000 -0.02622300 -0.01366700 1.50212900
41 1.36875900 -0.00003500 -0.00002200 -0.14793300 0.25506700 -1.34370900
42 1.87486800 0.93508100 -0.99913000 2.23325500 0.53457700 0.76202400
43 1.50709200 -0.12162549 0.00857000 -0.04879600 -0.02132400 0.07877900
44 1.59791600 -0.06895848 0.00290503 0.00631500 -0.05280800 -0.22499400
45 5.51181000 -0.00001100 0.00000600 -1.15076500 0.00000000 0.00000000
46 0.19684800 0.00000900 -0.00000100 -0.34822500 0.00001500 -0.00000200
47 0.00000000 1.00000000 0.00000000 0.00000000 0.00000000 -1.57079600
48 -3.85027600 32.39967000 -4.25170500 0.00000000 0.00000000 -3.14156200
49 -7.99860911 49.94352566 -2.21489266 0.48431370 0.00040616 -0.73462410
50 11.00202320 1.00744835 -4.82373114 0.31172400 1.04103800 1.63469900
51 3.96184500 0.64297700 -1.92970300 0.00000000 0.00000000 0.00000000
52 0.80310100 0.45841200 -4.75786000 0.00000000 0.00000000 0.00000000
53 -0.20958701 3.29652951 1.68791751 1.58426800 0.00000000 -0.00000100
54 0.00552451 0.54110499 -0.03807948 0.01518713 -0.00115931 0.01125788
55 0.00000000 0.54065951 -0.00000001 0.21372822 0.00053084 -0.02398326
56 -0.00000099 0.54211299 0.00000151 0.02167855 0.00333250 -0.02068239
57 0.00969951 0.54248097 0.00041751 0.00000000 0.00000000 0.00000000
58 0.00000000 0.54072300 0.00000100 -0.01648516 -0.00280448 0.02639645
59 0.00000400 0.54147900 0.00000100 0.08340550 -0.00492566 0.00416187
60 -0.00000048 0.54103801 -0.00000100 0.57119359 0.00772366 -0.01376594
61 -0.00000099 0.51957952 0.00000000 0.79267200 0.00412500 -0.00223200
62 -0.00436170 0.52274738 -0.14268557 -0.18381127 -0.00375827 0.01094604
63 0.00000051 0.54251049 0.00000000 0.03298751 0.01413848 0.00127061
64 -0.00001100 0.54067100 0.00000000 0.01407300 0.00292800 0.00097000
65 0.00000000 0.53940000 0.00000000 -0.00336700 0.00000200 0.00095000
66 -1.37813800 3.89395300 -0.78387300 1.77690200 0.00000000 0.00000000
67 -10.90695600 0.47861700 -2.31595800 0.00000000 0.00000000 0.00000000
68 -2.47458600 -0.05751300 1.52871800 0.00000000 0.00000000 0.00000000
69 3.39013700 -0.70700700 0.09637000 0.00000000 0.00000000 0.00000000
70 -5.10141600 -1.60216700 -2.82126100 0.46170000 1.36724100 1.13609000
time 11
0 -0.00000100 8.45008800 -27.50902600 0.00000000 0.00000000 0.00003100
1 -0.00000200 0.00000000 0.00000000 1.57074700 -1.56714200 -1.57074700
2 4.25546500 -0.33518500 -0.00000200 0.00000000 0.00000000 -0.12484800
3 7.43125200 1.49648000 0.00000200 0.00000000 0.00000000 0.24545000
4 5.27847900 0.16554400 0.00000100 0.00000000 0.00000000 0.04851100
5 0.81061441 -11.13711942 4.61940891 1.97586600 1.15990900 -1.29878500
6 -6.21447800 -0.00001100 -0.00002800 -2.91726479 -0.81999240 1.56032952
7 11.94488700 0.00000000 -0.00000100 0.08624092 -0.38797858 1.81678493
8 10.62019000 0.00000000 0.00000000 1.80860970 -0.00820014 2.71823736
9 -4.75110800 -0.69449200 0.83058100 -0.19617500 -0.07598900 0.33735800
10 -1.68808400 0.00004500 -0.00003100 0.01642800 -0.01846600 0.71331500
11 -1.33614300 0.00005900 -0.00001000 0.02584200 0.00517300 0.35617200
12 -4.82049200 -0.50945900 -0.22475900 -0.43210000 -0.06904400 1.18347900
13 -1.82698400 -0.00007100 0.00001000 0.00062300 0.04047200 1.28961100
14 -1.43657300 0.00000800 0.00000300 -0.06360300 -0.04470400 0.86686500
15 -3.99235500 -0.89118800 -1.82790700 -0.77162000 0.11408800 1.28870000
16 -1.40592200 -0.00003000 0.00000000 0.00603500 -0.02888300 0.66990400
17 -1.17535800 0.00012400 -0.00002100 0.06674100 0.01248300 1.28927800
18 -4.52674900 -0.69057700 -1.12074200 -0.60925600 0.08426700 1.37684800
19 -1.74403400 0.00003500 -0.00000700 -0.02225500 -0.01944400 1.26365700
20 -1.36876700 0.00002300 0.00000500 0.04001900 0.03390800 0.76286100
21 -2.03839699 -0.89278849 0.93250500 1.84958100 0.50887600 0.72095600
22 -1.62789100 0.15474652 0.01182601 -0.09987500 0.17985400 0.56094000
23 -1.59927900 0.00001000 0.00001100 0.03412200 -0.02595000 0.63135700
24 5.51182400 0.00000800 -0.00000400 2.08603467 -0.06549108 3.11620083
25 0.19684800 0.00000000 0.00000300 2.79340678 -0.00112144 -3.14135408
26 -4.55863147 -18.34159884 -7.42718606 2.44191300 1.34964900 2.25678400
27 6.21448800 0.00001100 0.00002100 -0.78718006 0.60952135 -1.85140436
28 11.94488700 -0.00003500 -0.00019900 -0.36490233 -0.35820804 -1.84412940
29 10.62017300 -0.00000400 0.00001000 2.83790366 -0.88871090 0.83077085
30 4.75117100 0.69437600 -0.83047700 -0.06487300 -0.39364000 0.55419500
31 1.68806800 -0.00002200 0.00000100 0.01171600 -0.02181400 0.94698000
32 1.33614300 -0.00005100 -0.00001000 0.00239400 -0.03863700 0.30776800
33 4.82051800 0.50934200 0.22486500 -0.12564700 -0.32635900 0.75031200
34 1.82700000 0.00006800 0.00001000 0.01352100 0.03817800 1.61369400
35 1.43658100 -0.00000600 0.00001100 0.01466500 0.00366700 -0.97448300
36 3.99235700 0.89108800 1.82799600 -0.36795900 -0.15069400 1.01187800
37 1.40592200 0.00003200 -0.00000500 -0.01759000 -0.02364400 1.51411800
38 1.17535800 -0.00012900 0.00000300 -0.10080900 0.07107400 -1.00405600
39 4.52676800 0.69046600 1.12084000 -0.25986600 -0.21940300 1.06704300
40 1.74403400 -0.00002600 0.00000000 -0.02622300 -0.01366700 1.50212900
41 1.36875900 -0.00003500 -0.00002200 -0.14793300 0.25506700 -1.34370900
42 1.87486800 0.93508100 -0.99913000 2.23325500 0.53457700 0.76202400
43 1.50709200 -0.12162549 0.00857000 -0.04879600 -0.02132400 0.07877900
44 1.59791600 -0.06895848 0.00290503 0.00631500 -0.05280800 -0.22499400
45 5.51181000 -0.00001100 0.00000600 -1.15076500 0.00000000 0.00000000
46 0.19684800 0.00000900 -0.00000100 -0.34822500 0.00001500 -0.00000200
47 0.00000000 1.00000000 0.00000000 0.00000000 0.00000000 -1.57079600
48 -3.85027600 32.39967000 -4.25170500 0.00000000 0.00000000 -3.14156200
49 -8.09323781 49.94352566 -2.20610035 0.47981614 -0.00021290 -0.72954110
50 11.00202320 1.00744835 -4.82373114 0.31172400 1.04103800 1.63469900
51 3.96184500 0.64297700 -1.92970300 0.00000000 0.00000000 0.00000000
52 0.80310100 0.45841200 -4.75786000 0.00000000 0.00000000 0.00000000
53 -0.20958701 3.29652951 1.68791751 1.58426800 0.00000000 -0.00000100
54 0.00552451 0.54110499 -0.03807948 0.01518315 -0.00184095 0.01125244
55 0.00000000 0.54065951 -0.00000001 0.21372825 0.00054911 -0.02415256
56 -0.00000099 0.54211299 0.00000151 0.02163610 0.00333200 -0.02068239
57 0.00969951 0.54248097 0.00041751 0.00000000 0.00000000 0.00000000
58 0.00000000 0.54072300 0.00000100 -0.01648516 -0.00280448 0.02639645
59 0.00000400 0.54147900 0.00000100 0.08340550 -0.00492221 0.00407648
60 -0.00000048 0.54103801 -0.00000100 0.57119196 0.00790136 -0.01406899
61 -0.00000099 0.51957952 0.00000000 0.79267200 0.00412500 -0.00223200
62 -0.00420375 0.52274886 -0.14268458 -0.18381089 -0.00383181 0.01061040
63 0.00000051 0.54251049 0.00000000 0.03298751 0.01413848 0.00127061
64 -0.00001100 0.54067100 0.00000000 0.01407300 0.00292849 0.00092755
65 0.00000000 0.53940000 0.00000000 -0.00336700 0.00000200 0.00095000
66 -1.37813800 3.89395300 -0.78387300 1.77690200 0.00000000 0.00000000
67 -10.90695600 0.47861700 -2.31595800 0.00000000 0.00000000 0.00000000
68 -2.47458600 -0.05751300 1.52871800 0.00000000 0.00000000 0.00000000
69 3.39013700 -0.70700700 0.09637000 0.00000000 0.00000000 0.00000000
70 -5.10141600 -1.60216700 -2.82126100 0.46170000 1.36724100 1.13609000
time 12
0 -0.00000100 8.45008800 -27.50902600 0.00000000 0.00000000 0.00003100
1 -0.00000200 0.00000000 0.00000000 1.57074700 -1.56714200 -1.57074700
2 4.25546500 -0.33518500 -0.00000200 0.00000000 0.00000000 -0.12484800
3 7.43125200 1.49648000 0.00000200 0.00000000 0.00000000 0.24545000
4 5.27847900 0.16554400 0.00000100 0.00000000 0.00000000 0.04851100
5 0.81061441 -11.13711942 4.61940891 1.97586600 1.15990900 -1.29878500
6 -6.21447800 -0.00001100 -0.00002800 -2.91629784 -0.81766906 1.55323811
7 11.94488700 0.00000000 -0.00000100 0.08880576 -0.38837055 1.80915392
8 10.62019000 0.00000000 0.00000000 1.80332349 -0.00790441 2.72048117
9 -4.75110800 -0.69449200 0.83058100 -0.19617500 -0.07598900 0.33735800
10 -1.68808400 0.00004500 -0.00003100 0.01642800 -0.01846600 0.71331500
11 -1.33614300 0.00005900 -0.00001000 0.02584200 0.00517300 0.35617200
12 -4.82049200 -0.50945900 -0.22475900 -0.43210000 -0.06904400 1.18347900
13 -1.82698400 -0.00007100 0.00001000 0.00062300 0.04047200 1.28961100
14 -1.43657300 0.00000800 0.00000300 -0.06360300 -0.04470400 0.86686500
15 -3.99235500 -0.89118800 -1.82790700 -0.77162000 0.11408800 1.28870000
16 -1.40592200 -0.00003000 0.00000000 0.00603500 -0.02888300 0.66990400
17 -1.17535800 0.00012400 -0.00002100 0.06674100 0.01248300 1.28927800
18 -4.52674900 -0.69057700 -1.12074200 -0.60925600 0.08426700 1.37684800
19 -1.74403400 0.00003500 -0.00000700 -0.02225500 -0.01944400 1.26365700
20 -1.36876700 0.00002300 0.00000500 0.04001900 0.03390800 0.76286100
21 -2.03839699 -0.89278849 0.93250500 1.84958100 0.50887600 0.72095600
22 -1.62789100 0.15474652 0.01182601 -0.09987500 0.17985400 0.56094000
23 -1.59927900 0.00001000 0.00001100 0.03412200 -0.02595000 0.63135700
24 5.51182400 0.00000800 -0.00000400 2.08603467 -0.06549108 3.11620083
25 0.19684800 0.00000000 0.00000300 2.79340678 -0.00112144 -3.14135408
26 -4.55863147 -18.34159884 -7.42718606 2.44191300 1.34964900 2.25678400
27 6.21448800 0.00001100 0.00002100 -0.79226560 0.61102824 -1.84418993
28 11.94488700 -0.00003500 -0.00019900 -0.36203542 -0.35368830 -1.85263913
29 10.62017300 -0.00000400 0.00001000 2.83338994 -0.88767350 0.84401722
30 4.75117100 0.69437600 -0.83047700 -0.06487300 -0.39364000 0.55419500
31 1.68806800 -0.00002200 0.00000100 0.01171600 -0.02181400 0.94698000
32 1.33614300 -0.00005100 -0.00001000 0.00239400 -0.03863700 0.30776800
33 4.82051800 0.50934200 0.22486500 -0.12564700 -0.32635900 0.75031200
34 1.82700000 0.00006800 0.00001000 0.01352100 0.03817800 1.61369400
35 1.43658100 -0.00000600 0.00001100 0.01466500 0.00366700 -0.97448300
36 3.99235700 0.89108800 1.82799600 -0.36795900 -0.15069400 1.01187800
37 1.40592200 0.00003200 -0.00000500 -0.01759000 -0.02364400 1.51411800
38 1.17535800 -0.00012900 0.00000300 -0.10080900 0.07107400 -1.00405600
39 4.52676800 0.69046600 1.12084000 -0.25986600 -0.21940300 1.06704300
40 1.74403400 -0.00002600 0.00000000 -0.02622300 -0.01366700 1.50212900
41 1.36875900 -0.00003500 -0.00002200 -0.14793300 0.25506700 -1.34370900
42 1.87486800 0.93508100 -0.99913000 2.23325500 0.53457700 0.76202400
43 1.50709200 -0.12162549 0.00857000 -0.04879600 -0.02132400 0.07877900
44 1.59791600 -0.06895848 0.00290503 0.00631500 -0.05280800 -0.22499400
45 5.51181000 -0.00001100 0.00000600 -1.15076500 0.00000000 0.00000000
46 0.19684800 0.00000900 -0.00000100 -0.34822500 0.00001500 -0.00000200
47 0.00000000 1.00000000 0.00000000 0.00000000 0.00000000 -1.57079600
48 -3.85027600 32.39967000 -4.25170500 0.00000000 0.00000000 -3.14156200
49 -8.19053207 49.94352566 -2.20533441 0.47594703 -0.00098202 -0.72446184
50 11.00202320 1.00744835 -4.82373114 0.31172400 1.04103800 1.63469900
51 3.96184500 0.64297700 -1.92970300 0.00000000 0.00000000 0.00000000
52 0.80310100 0.45841200 -4.75786000 0.00000000 0.00000000 0.00000000
53 -0.20958701 3.29652951 1.68791751 1.58426800 0.00000000 -0.00000100
54 0.00552451 0.54110499 -0.03807948 0.01517916 -0.00256505 0.01124699
55 0.00000000 0.54065951 -0.00000001 0.21368486 0.00060442 -0.02427496
56 -0.00000099 0.54211299 0.00000151 0.02163610 0.00333200 -0.02068239
57 0.00969951 0.54248097 0.00041751 0.00000000 0.00000000 0.00000000
58 0.00000000 0.54072300 0.00000100 -0.01648516 -0.00280398 0.02643939
59 0.00000400 0.54147900 0.00000100 0.08340599 -0.00492023 0.00403403
60 -0.00000048 0.54103801 -0.00000100 0.57119042 0.00809141 -0.01441302
61 -0.00000099 0.51957952 0.00000000 0.79267200 0.00412500 -0.00223200
62 -0.00403692 0.52274985 -0.14268409 -0.18381050 -0.00386291 0.01027081
63 0.00000051 0.54251049 0.00000000 0.03298751 0.01413897 0.00122816
64 -0.00001100 0.54067100 0.00000000 0.01407300 0.00292849 0.00092755
65 0.00000000 0.53940000 0.00000000 -0.00336700 0.00000200 0.00095000
66 -1.37813800 3.89395300 -0.78387300 1.77690200 0.00000000 0.00000000
67 -10.90695600 0.47861700 -2.31595800 0.00000000 0.00000000 0.00000000
68 -2.47458600 -0.05751300 1.52871800 0.00000000 0.00000000 0.00000000
69 3.39013700 -0.70700700 0.09637000 0.00000000 0.00000000 0.00000000
70 -5.10141600 -1.60216700 -2.82126100 0.46170000 1.36724100 1.13609000
time 13
0 -0.00000100 8.45008800 -27.50902600 0.00000000 0.00000000 0.00003100
1 -0.00000200 0.00000000 0.00000000 1.57074700 -1.56714200 -1.57074700
2 4.25546500 -0.33518500 -0.00000200 0.00000000 0.00000000 -0.12484800
3 7.43125200 1.49648000 0.00000200 0.00000000 0.00000000 0.24545000
4 5.27847900 0.16554400 0.00000100 0.00000000 0.00000000 0.04851100
5 0.81061441 -11.13711942 4.61940891 1.97586600 1.15990900 -1.29878500
6 -6.21447800 -0.00001100 -0.00002800 -2.91527251 -0.81541091 1.54616792
7 11.94488700 0.00000000 -0.00000100 0.09135883 -0.38874543 1.80155679
8 10.62019000 0.00000000 0.00000000 1.79795682 -0.00770858 2.72281117
9 -4.75110800 -0.69449200 0.83058100 -0.19617500 -0.07598900 0.33735800
10 -1.68808400 0.00004500 -0.00003100 0.01642800 -0.01846600 0.71331500
11 -1.33614300 0.00005900 -0.00001000 0.02584200 0.00517300 0.35617200
12 -4.82049200 -0.50945900 -0.22475900 -0.43210000 -0.06904400 1.18347900
13 -1.82698400 -0.00007100 0.00001000 0.00062300 0.04047200 1.28961100
14 -1.43657300 0.00000800 0.00000300 -0.06360300 -0.04470400 0.86686500
15 -3.99235500 -0.89118800 -1.82790700 -0.77162000 0.11408800 1.28870000
16 -1.40592200 -0.00003000 0.00000000 0.00603500 -0.02888300 0.66990400
17 -1.17535800 0.00012400 -0.00002100 0.06674100 0.01248300 1.28927800
18 -4.52674900 -0.69057700 -1.12074200 -0.60925600 0.08426700 1.37684800
19 -1.74403400 0.00003500 -0.00000700 -0.02225500 -0.01944400 1.26365700
20 -1.36876700 0.00002300 0.00000500 0.04001900 0.03390800 0.76286100
21 -2.03839699 -0.89278849 0.93250500 1.84958100 0.50887600 0.72095600
22 -1.62789100 0.15474652 0.01182601 -0.09987500 0.17985400 0.56094000
23 -1.59927900 0.00001000 0.00001100 0.03412200 -0.02595000 0.63135700
24 5.51182400 0.00000800 -0.00000400 2.08603467 -0.06549108 3.11620083
25 0.19684800 0.00000000 0.00000300 2.79340678 -0.00112144 -3.14135408
26 -4.55863147 -18.34159884 -7.42718606 2.44191300 1.34964900 2.25678400
27 6.21448800 0.00001100 0.00002100 -0.79722554 0.61253008 -1.83692521
28 11.94488700 -0.00003500 -0.00019900 -0.35917040 -0.34925101 -1.86107162
29 10.62017300 -0.00000400 0.00001000 2.82881973 -0.88651243 0.85733809
30 4.75117100 0.69437600 -0.83047700 -0.06487300 -0.39364000 0.55419500
31 1.68806800 -0.00002200 0.00000100 0.01171600 -0.02181400 0.94698000
32 1.33614300 -0.00005100 -0.00001000 0.00239400 -0.03863700 0.30776800
33 4.82051800 0.50934200 0.22486500 -0.12564700 -0.32635900 0.75031200
34 1.82700000 0.00006800 0.00001000 0.01352100 0.03817800 1.61369400
35 1.43658100 -0.00000600 0.00001100 0.01466500 0.00366700 -0.97448300
36 3.99235700 0.89108800 1.82799600 -0.36795900 -0.15069400 1.01187800
37 1.40592200 0.00003200 -0.00000500 -0.01759000 -0.02364400 1.51411800
38 1.17535800 -0.00012900 0.00000300 -0.10080900 0.07107400 -1.00405600
39 4.52676800 0.69046600 1.12084000 -0.25986600 -0.21940300 1.06704300
40 1.74403400 -0.00002600 0.00000000 -0.02622300 -0.01366700 1.50212900
41 1.36875900 -0.00003500 -0.00002200 -0.14793300 0.25506700 -1.34370900
42 1.87486800 0.93508100 -0.99913000 2.23325500 0.53457700 0.76202400
43 1.50709200 -0.12162549 0.00857000 -0.04879600 -0.02132400 0.07877900
44 1.59791600 -0.06895848 0.00290503 0.00631500 -0.05280800 -0.22499400
45 5.51181000 -0.00001100 0.00000600 -1.15076500 0.00000000 0.00000000
46 0.19684800 0.00000900 -0.00000100 -0.34822500 0.00001500 -0.00000200
47 0.00000000 1.00000000 0.00000000 0.00000000 0.00000000 -1.57079600
48 -3.85027600 32.39967000 -4.25170500 0.00000000 0.00000000 -3.14156200
49 -8.28794493 49.94352566 -2.20512995 0.47199617 -0.00188628 -0.71938688
50 11.00202320 1.00744835 -4.82373114 0.31172400 1.04103800 1.63469900
51 3.96184500 0.64297700 -1.92970300 0.00000000 0.00000000 0.00000000
52 0.80310100 0.45841200 -4.75786000 0.00000000 0.00000000 0.00000000
53 -0.20958701 3.29652951 1.68791751 1.58426800 0.00000000 -0.00000100
54 0.00552451 0.54110499 -0.03807948 0.01521760 -0.00333258 0.01124117
55 0.00000000 0.54065951 -0.00000001 0.21368489 0.00062269 -0.02444476
56 -0.00000099 0.54211299 0.00000151 0.02163561 0.00333250 -0.02072533
57 0.00969951 0.54248097 0.00041751 0.00000000 0.00000000 0.00000000
58 0.00000000 0.54072300 0.00000100 -0.01644271 -0.00280447 0.02643939
59 0.00000400 0.54147900 0.00000100 0.08340599 -0.00491678 0.00394913
60 -0.00000048 0.54103801 -0.00000100 0.57114404 0.00828102 -0.01475700
61 -0.00000099 0.51957952 0.00000000 0.79267200 0.00412500 -0.00223200
62 -0.00386169 0.52275133 -0.14268458 -0.18380969 -0.00394090 0.00989322
63 0.00000051 0.54251049 0.00000000 0.03298751 0.01413897 0.00122816
64 -0.00001100 0.54067100 0.00000000 0.01407300 0.00292849 0.00092755
65 0.00000000 0.53940000 0.00000000 -0.00332406 0.00000200 0.00095000
66 -1.37813800 3.89395300 -0.78387300 1.77690200 0.00000000 0.00000000
67 -10.90695600 0.47861700 -2.31595800 0.00000000 0.00000000 0.00000000
68 -2.47458600 -0.05751300 1.52871800 0.00000000 0.00000000 0.00000000
69 3.39013700 -0.70700700 0.09637000 0.00000000 0.00000000 0.00000000
70 -5.10141600 -1.60216700 -2.82126100 0.46170000 1.36724100 1.13609000
time 14
0 -0.00000100 8.45008800 -27.50902600 0.00000000 0.00000000 0.00003100
1 -0.00000200 0.00000000 0.00000000 1.57074700 -1.56714200 -1.57074700
2 4.25546500 -0.33518500 -0.00000200 0.00000000 0.00000000 -0.12484800
3 7.43125200 1.49648000 0.00000200 0.00000000 0.00000000 0.24545000
4 5.27847900 0.16554400 0.00000100 0.00000000 0.00000000 0.04851100
5 0.81061441 -11.13711942 4.61940891 1.97586600 1.15990900 -1.29878500
6 -6.21447800 -0.00001100 -0.00002800 -2.91554091 -0.81353014 1.53935282
7 11.94488700 0.00000000 -0.00000100 0.09413737 -0.38923384 1.79335286
8 10.62019000 0.00000000 0.00000000 1.79235415 -0.00647332 2.72623113
9 -4.75110800 -0.69449200 0.83058100 -0.19617500 -0.07598900 0.33735800
10 -1.68808400 0.00004500 -0.00003100 0.01642800 -0.01846600 0.71331500
11 -1.33614300 0.00005900 -0.00001000 0.02584200 0.00517300 0.35617200
12 -4.82049200 -0.50945900 -0.22475900 -0.43210000 -0.06904400 1.18347900
13 -1.82698400 -0.00007100 0.00001000 0.00062300 0.04047200 1.28961100
14 -1.43657300 0.00000800 0.00000300 -0.06360300 -0.04470400 0.86686500
15 -3.99235500 -0.89118800 -1.82790700 -0.77162000 0.11408800 1.28870000
16 -1.40592200 -0.00003000 0.00000000 0.00603500 -0.02888300 0.66990400
17 -1.17535800 0.00012400 -0.00002100 0.06674100 0.01248300 1.28927800
18 -4.52674900 -0.69057700 -1.12074200 -0.60925600 0.08426700 1.37684800
19 -1.74403400 0.00003500 -0.00000700 -0.02225500 -0.01944400 1.26365700
20 -1.36876700 0.00002300 0.00000500 0.04001900 0.03390800 0.76286100
21 -2.03839699 -0.89278849 0.93250500 1.84958100 0.50887600 0.72095600
22 -1.62789100 0.15474652 0.01182601 -0.09987500 0.17985400 0.56094000
23 -1.59927900 0.00001000 0.00001100 0.03412200 -0.02595000 0.63135700
24 5.51182400 0.00000800 -0.00000400 2.08603467 -0.06549108 3.11620083
25 0.19684800 0.00000000 0.00000300 2.79340678 -0.00112144 -3.14135408
26 -4.55863147 -18.34159884 -7.42718606 2.44191300 1.34964900 2.25678400
27 6.21448800 0.00001100 0.00002100 -0.80276485 0.61468402 -1.82897118
28 11.94488700 -0.00003500 -0.00019900 -0.35617021 -0.34429669 -1.86998098
29 10.62017300 -0.00000400 0.00001000 2.82449810 -0.88447682 0.87071558
30 4.75117100 0.69437600 -0.83047700 -0.06487300 -0.39364000 0.55419500
31 1.68806800 -0.00002200 0.00000100 0.01171600 -0.02181400 0.94698000
32 1.33614300 -0.00005100 -0.00001000 0.00239400 -0.03863700 0.30776800
33 4.82051800 0.50934200 0.22486500 -0.12564700 -0.32635900 0.75031200
34 1.82700000 0.00006800 0.00001000 0.01352100 0.03817800 1.61369400
35 1.43658100 -0.00000600 0.00001100 0.01466500 0.00366700 -0.97448300
36 3.99235700 0.89108800 1.82799600 -0.36795900 -0.15069400 1.01187800
37 1.40592200 0.00003200 -0.00000500 -0.01759000 -0.02364400 1.51411800
38 1.17535800 -0.00012900 0.00000300 -0.10080900 0.07107400 -1.00405600
39 4.52676800 0.69046600 1.12084000 -0.25986600 -0.21940300 1.06704300
40 1.74403400 -0.00002600 0.00000000 -0.02622300 -0.01366700 1.50212900
41 1.36875900 -0.00003500 -0.00002200 -0.14793300 0.25506700 -1.34370900
42 1.87486800 0.93508100 -0.99913000 2.23325500 0.53457700 0.76202400
43 1.50709200 -0.12162549 0.00857000 -0.04879600 -0.02132400 0.07877900
44 1.59791600 -0.06895848 0.00290503 0.00631500 -0.05280800 -0.22499400
45 5.51181000 -0.00001100 0.00000600 -1.15076500 0.00000000 0.00000000
46 0.19684800 0.00000900 -0.00000100 -0.34822500 0.00001500 -0.00000200
47 0.00000000 1.00000000 0.00000000 0.00000000 0.00000000 -1.57079600
48 -3.85027600 32.39967000 -4.25170500 0.00000000 0.00000000 -3.14156200
49 -8.39232225 49.94352566 -2.21486355 0.46770274 -0.00246530 -0.71429702
50 11.00202320 1.00744835 -4.82373114 0.31172400 1.04103800 1.63469900
51 3.96184500 0.64297700 -1.92970300 0.00000000 0.00000000 0.00000000
52 0.80310100 0.45841200 -4.75786000 0.00000000 0.00000000 0.00000000
53 -0.20958701 3.29652951 1.68791751 1.58426800 0.00000000 -0.00000100
54 0.00552451 0.54110499 -0.03807948 0.01521311 -0.00414207 0.01123524
55 0.00000000 0.54065951 -0.00000001 0.21364152 0.00068246 -0.02460960
56 -0.00000099 0.54211299 0.00000151 0.02159316 0.00333201 -0.02072533
57 0.00969951 0.54248097 0.00041751 0.00000000 0.00000000 0.00000000
58 0.00000000 0.54072300 0.00000100 -0.01644271 -0.00280447 0.02643939
59 0.00000400 0.54147900 0.00000100 0.08340599 -0.00491480 0.00390619
60 -0.00000048 0.54103801 -0.00000100 0.57114226 0.00852340 -0.01513013
61 -0.00000099 0.51957952 0.00000000 0.79267200 0.00412500 -0.00223200
62 -0.00368301 0.52275231 -0.14268360 -0.18380934 -0.00397594 0.00951118
63 0.00000051 0.54251049 0.00000000 0.03298701 0.01413996 0.00118522
64 -0.00001100 0.54067100 0.00000000 0.01407300 0.00292849 0.00092755
65 0.00000000 0.53940000 0.00000000 -0.00332406 0.00000200 0.00095000
66 -1.37813800 3.89395300 -0.78387300 1.77690200 0.00000000 0.00000000
67 -10.90695600 0.47861700 -2.31595800 0.00000000 0.00000000 0.00000000
68 -2.47458600 -0.05751300 1.52871800 0.00000000 0.00000000 0.00000000
69 3.39013700 -0.70700700 0.09637000 0.00000000 0.00000000 0.00000000
70 -5.10141600 -1.60216700 -2.82126100 0.46170000 1.36724100 1.13609000
time 15
0 -0.00000100 8.45008800 -27.50902600 0.00000000 0.00000000 0.00003100
1 -0.00000200 0.00000000 0.00000000 1.57074700 -1.56714200 -1.57074700
2 4.25546500 -0.33518500 -0.00000200 0.00000000 0.00000000 -0.12484800
3 7.43125200 1.49648000 0.00000200 0.00000000 0.00000000 0.24545000
4 5.27847900 0.16554400 0.00000100 0.00000000 0.00000000 0.04851100
5 0.81061441 -11.13711942 4.61940891 1.97586600 1.15990900 -1.29878500
6 -6.21447800 -0.00001100 -0.00002800 -2.91640439 -0.81181528 1.53250439
7 11.94488700 0.00000000 -0.00000100 0.09703392 -0.38992402 1.78470851
8 10.62019000 0.00000000 0.00000000 1.78719322 -0.00512687 2.73037035
9 -4.75110800 -0.69449200 0.83058100 -0.19617500 -0.07598900 0.33735800
10 -1.68808400 0.00004500 -0.00003100 0.01642800 -0.01846600 0.71331500
11 -1.33614300 0.00005900 -0.00001000 0.02584200 0.00517300 0.35617200
12 -4.82049200 -0.50945900 -0.22475900 -0.43210000 -0.06904400 1.18347900
13 -1.82698400 -0.00007100 0.00001000 0.00062300 0.04047200 1.28961100
14 -1.43657300 0.00000800 0.00000300 -0.06360300 -0.04470400 0.86686500
15 -3.99235500 -0.89118800 -1.82790700 -0.77162000 0.11408800 1.28870000
16 -1.40592200 -0.00003000 0.00000000 0.00603500 -0.02888300 0.66990400
17 -1.17535800 0.00012400 -0.00002100 0.06674100 0.01248300 1.28927800
18 -4.52674900 -0.69057700 -1.12074200 -0.60925600 0.08426700 1.37684800
19 -1.74403400 0.00003500 -0.00000700 -0.02225500 -0.01944400 1.26365700
20 -1.36876700 0.00002300 0.00000500 0.04001900 0.03390800 0.76286100
21 -2.03839699 -0.89278849 0.93250500 1.84958100 0.50887600 0.72095600
22 -1.62789100 0.15474652 0.01182601 -0.09987500 0.17985400 0.56094000
23 -1.59927900 0.00001000 0.00001100 0.03412200 -0.02595000 0.63135700
24 5.51182400 0.00000800 -0.00000400 2.08603467 -0.06549108 3.11620083
25 0.19684800 0.00000000 0.00000300 2.79340678 -0.00112144 -3.14135408
26 -4.55863147 -18.34159884 -7.42718606 2.44191300 1.34964900 2.25678400
27 6.21448800 0.00001100 0.00002100 -0.80819910 0.61745632 -1.82034677
28 11.94488700 -0.00003500 -0.00019900 -0.35312751 -0.33906352 -1.87904080
29 10.62017300 -0.00000400 0.00001000 2.82031207 -0.88199689 0.88298563
30 4.75117100 0.69437600 -0.83047700 -0.06487300 -0.39364000 0.55419500
31 1.68806800 -0.00002200 0.00000100 0.01171600 -0.02181400 0.94698000
32 1.33614300 -0.00005100 -0.00001000 0.00239400 -0.03863700 0.30776800
33 4.82051800 0.50934200 0.22486500 -0.12564700 -0.32635900 0.75031200
34 1.82700000 0.00006800 0.00001000 0.01352100 0.03817800 1.61369400
35 1.43658100 -0.00000600 0.00001100 0.01466500 0.00366700 -0.97448300
36 3.99235700 0.89108800 1.82799600 -0.36795900 -0.15069400 1.01187800
37 1.40592200 0.00003200 -0.00000500 -0.01759000 -0.02364400 1.51411800
38 1.17535800 -0.00012900 0.00000300 -0.10080900 0.07107400 -1.00405600
39 4.52676800 0.69046600 1.12084000 -0.25986600 -0.21940300 1.06704300
40 1.74403400 -0.00002600 0.00000000 -0.02622300 -0.01366700 1.50212900
41 1.36875900 -0.00003500 -0.00002200 -0.14793300 0.25506700 -1.34370900
42 1.87486800 0.93508100 -0.99913000 2.23325500 0.53457700 0.76202400
43 1.50709200 -0.12162549 0.00857000 -0.04879600 -0.02132400 0.07877900
44 1.59791600 -0.06895848 0.00290503 0.00631500 -0.05280800 -0.22499400
45 5.51181000 -0.00001100 0.00000600 -1.15076500 0.00000000 0.00000000
46 0.19684800 0.00000900 -0.00000100 -0.34822500 0.00001500 -0.00000200
47 0.00000000 1.00000000 0.00000000 0.00000000 0.00000000 -1.57079600
48 -3.85027600 32.39967000 -4.25170500 0.00000000 0.00000000 -3.14156200
49 -8.50171505 49.94352566 -2.23360406 0.46390935 -0.00314474 -0.70913833
50 11.00202320 1.00744835 -4.82373114 0.31172400 1.04103800 1.63469900
51 3.96184500 0.64297700 -1.92970300 0.00000000 0.00000000 0.00000000
52 0.80310100 0.45841200 -4.75786000 0.00000000 0.00000000 0.00000000
53 -0.20958701 3.29652951 1.68791751 1.58426800 0.00000000 -0.00000100
54 0.00552451 0.54110499 -0.03807948 0.01520860 -0.00490911 0.01122930
55 0.00000000 0.54065951 -0.00000001 0.21364157 0.00070073 -0.02477890
56 -0.00000099 0.54211299 0.00000151 0.02159316 0.00333201 -0.02072533
57 0.00969951 0.54248097 0.00041751 0.00000000 0.00000000 0.00000000
58 0.00000000 0.54072300 0.00000100 -0.01640026 -0.00280447 0.02648184
59 0.00000400 0.54147900 0.00000100 0.08340649 -0.00491135 0.00382129
60 -0.00000048 0.54103801 -0.00000100 0.57114045 0.00871345 -0.01547414
61 -0.00000099 0.51957952 0.00000000 0.79267200 0.00412500 -0.00223200
62 -0.00350038 0.52275281 -0.14268409 -0.18380859 -0.00405344 0.00913309
63 0.00000051 0.54251049 0.00000000 0.03298701 0.01413996 0.00118522
64 -0.00001100 0.54067100 0.00000000 0.01407300 0.00292849 0.00092755
65 0.00000000 0.53940000 0.00000000 -0.00336700 0.00000200 0.00095000
66 -1.37813800 3.89395300 -0.78387300 1.77690200 0.00000000 0.00000000
67 -10.90695600 0.47861700 -2.31595800 0.00000000 0.00000000 0.00000000
68 -2.47458600 -0.05751300 1.52871800 0.00000000 0.00000000 0.00000000
69 3.39013700 -0.70700700 0.09637000 0.00000000 0.00000000 0.00000000
70 -5.10141600 -1.60216700 -2.82126100 0.46170000 1.36724100 1.13609000
time 16
0 -0.00000100 8.45008800 -27.50902600 0.00000000 0.00000000 0.00003100
1 -0.00000200 0.00000000 0.00000000 1.57074700 -1.56714200 -1.57074700
2 4.25546500 -0.33518500 -0.00000200 0.00000000 0.00000000 -0.12484800
3 7.43125200 1.49648000 0.00000200 0.00000000 0.00000000 0.24545000
4 5.27847900 0.16554400 0.00000100 0.00000000 0.00000000 0.04851100
5 0.81061441 -11.13711942 4.61940891 1.97586600 1.15990900 -1.29878500
6 -6.21447800 -0.00001100 -0.00002800 -2.91727756 -0.81018765 1.52571303
7 11.94488700 0.00000000 -0.00000100 0.09999219 -0.39061639 1.77600294
8 10.62019000 0.00000000 0.00000000 1.78209459 -0.00381587 2.73457781
9 -4.75110800 -0.69449200 0.83058100 -0.19617500 -0.07598900 0.33735800
10 -1.68808400 0.00004500 -0.00003100 0.01642800 -0.01846600 0.71331500
11 -1.33614300 0.00005900 -0.00001000 0.02584200 0.00517300 0.35617200
12 -4.82049200 -0.50945900 -0.22475900 -0.43210000 -0.06904400 1.18347900
13 -1.82698400 -0.00007100 0.00001000 0.00062300 0.04047200 1.28961100
14 -1.43657300 0.00000800 0.00000300 -0.06360300 -0.04470400 0.86686500
15 -3.99235500 -0.89118800 -1.82790700 -0.77162000 0.11408800 1.28870000
16 -1.40592200 -0.00003000 0.00000000 0.00603500 -0.02888300 0.66990400
17 -1.17535800 0.00012400 -0.00002100 0.06674100 0.01248300 1.28927800
18 -4.52674900 -0.69057700 -1.12074200 -0.60925600 0.08426700 1.37684800
19 -1.74403400 0.00003500 -0.00000700 -0.02225500 -0.01944400 1.26365700
20 -1.36876700 0.00002300 0.00000500 0.04001900 0.03390800 0.76286100
21 -2.03839699 -0.89278849 0.93250500 1.84958100 0.50887600 0.72095600
22 -1.62789100 0.15474652 0.01182601 -0.09987500 0.17985400 0.56094000
23 -1.59927900 0.00001000 0.00001100 0.03412200 -0.02595000 0.63135700
24 5.51182400 0.00000800 -0.00000400 2.08603467 -0.06549108 3.11620083
25 0.19684800 0.00000000 0.00000300 2.79340678 -0.00112144 -3.14135408
26 -4.55863147 -18.34159884 -7.42718606 2.44191300 1.34964900 2.25678400
27 6.21448800 0.00001100 0.00002100 -0.81361942 0.62020536 -1.81165447
28 11.94488700 -0.00003500 -0.00019900 -0.35019258 -0.33397335 -1.88799224
29 10.62017300 -0.00000400 0.00001000 2.81612453 -0.87932205 0.89520437
30 4.75117100 0.69437600 -0.83047700 -0.06487300 -0.39364000 0.55419500
31 1.68806800 -0.00002200 0.00000100 0.01171600 -0.02181400 0.94698000
32 1.33614300 -0.00005100 -0.00001000 0.00239400 -0.03863700 0.30776800
33 4.82051800 0.50934200 0.22486500 -0.12564700 -0.32635900 0.75031200
34 1.82700000 0.00006800 0.00001000 0.01352100 0.03817800 1.61369400
35 1.43658100 -0.00000600 0.00001100 0.01466500 0.00366700 -0.97448300
36 3.99235700 0.89108800 1.82799600 -0.36795900 -0.15069400 1.01187800
37 1.40592200 0.00003200 -0.00000500 -0.01759000 -0.02364400 1.51411800
38 1.17535800 -0.00012900 0.00000300 -0.10080900 0.07107400 -1.00405600
39 4.52676800 0.69046600 1.12084000 -0.25986600 -0.21940300 1.06704300
40 1.74403400 -0.00002600 0.00000000 -0.02622300 -0.01366700 1.50212900
41 1.36875900 -0.00003500 -0.00002200 -0.14793300 0.25506700 -1.34370900
42 1.87486800 0.93508100 -0.99913000 2.23325500 0.53457700 0.76202400
43 1.50709200 -0.12162549 0.00857000 -0.04879600 -0.02132400 0.07877900
44 1.59791600 -0.06895848 0.00290503 0.00631500 -0.05280800 -0.22499400
45 5.51181000 -0.00001100 0.00000600 -1.15076500 0.00000000 0.00000000
46 0.19684800 0.00000900 -0.00000100 -0.34822500 0.00001500 -0.00000200
47 0.00000000 1.00000000 0.00000000 0.00000000 0.00000000 -1.57079600
48 -3.85027600 32.39967000 -4.25170500 0.00000000 0.00000000 -3.14156200
49 -8.61110785 49.94352566 -2.25234457 0.46004513 -0.00376989 -0.70400284
50 11.00202320 1.00744835 -4.82373114 0.31172400 1.04103800 1.63469900
51 3.96184500 0.64297700 -1.92970300 0.00000000 0.00000000 0.00000000
52 0.80310100 0.45841200 -4.75786000 0.00000000 0.00000000 0.00000000
53 -0.20958701 3.29652951 1.68791751 1.58426800 0.00000000 -0.00000100
54 0.00552451 0.54110499 -0.03807948 0.01520409 -0.00576104 0.01122287
55 0.00000000 0.54065951 -0.00000001 0.21364067 0.00076146 -0.02494376
56 -0.00000099 0.54211299 0.00000151 0.02155071 0.00333201 -0.02076778
57 0.00969951 0.54248097 0.00041751 0.00000000 0.00000000 0.00000000
58 0.00000000 0.54072300 0.00000100 -0.01640026 -0.00280447 0.02648184
59 0.00000400 0.54147900 0.00000100 0.08344894 -0.00490988 0.00377835
60 -0.00000048 0.54103801 -0.00000100 0.57109435 0.00891495 -0.01585907
61 -0.00000099 0.51957952 0.00000000 0.79267200 0.00412500 -0.00223200
62 -0.00331183 0.52275281 -0.14268409 -0.18380827 -0.00408898 0.00875155
63 0.00000051 0.54251049 0.00000000 0.03298701 0.01413996 0.00118522
64 -0.00001100 0.54067100 0.00000000 0.01407300 0.00292849 0.00092755
65 0.00000000 0.53940000 0.00000000 -0.00332406 0.00000200 0.00095000
66 -1.37813800 3.89395300 -0.78387300 1.77690200 0.00000000 0.00000000
67 -10.90695600 0.47861700 -2.31595800 0.00000000 0.00000000 0.00000000
68 -2.47458600 -0.05751300 1.52871800 0.00000000 0.00000000 0.00000000
69 3.39013700 -0.70700700 0.09637000 0.00000000 0.00000000 0.00000000
70 -5.10141600 -1.60216700 -2.82126100 0.46170000 1.36724100 1.13609000
time 17
0 -0.00000100 8.45008800 -27.50902600 0.00000000 0.00000000 0.00003100
1 -0.00000200 0.00000000 0.00000000 1.57074700 -1.56714200 -1.57074700
2 4.25546500 -0.33518500 -0.00000200 0.00000000 0.00000000 -0.12484800
3 7.43125200 1.49648000 0.00000200 0.00000000 0.00000000 0.24545000
4 5.27847900 0.16554400 0.00000100 0.00000000 0.00000000 0.04851100
5 0.81061441 -11.13711942 4.61940891 1.97586600 1.15990900 -1.29878500
6 -6.21447800 -0.00001100 -0.00002800 -2.91865308 -0.80867109 1.51925884
7 11.94488700 0.00000000 -0.00000100 0.10291438 -0.39145979 1.76738255
8 10.62019000 0.00000000 0.00000000 1.77807465 -0.00234802 2.73893696
9 -4.75110800 -0.69449200 0.83058100 -0.19617500 -0.07598900 0.33735800
10 -1.68808400 0.00004500 -0.00003100 0.01642800 -0.01846600 0.71331500
11 -1.33614300 0.00005900 -0.00001000 0.02584200 0.00517300 0.35617200
12 -4.82049200 -0.50945900 -0.22475900 -0.43210000 -0.06904400 1.18347900
13 -1.82698400 -0.00007100 0.00001000 0.00062300 0.04047200 1.28961100
14 -1.43657300 0.00000800 0.00000300 -0.06360300 -0.04470400 0.86686500
15 -3.99235500 -0.89118800 -1.82790700 -0.77162000 0.11408800 1.28870000
16 -1.40592200 -0.00003000 0.00000000 0.00603500 -0.02888300 0.66990400
17 -1.17535800 0.00012400 -0.00002100 0.06674100 0.01248300 1.28927800
18 -4.52674900 -0.69057700 -1.12074200 -0.60925600 0.08426700 1.37684800
19 -1.74403400 0.00003500 -0.00000700 -0.02225500 -0.01944400 1.26365700
20 -1.36876700 0.00002300 0.00000500 0.04001900 0.03390800 0.76286100
21 -2.03839699 -0.89278849 0.93250500 1.84958100 0.50887600 0.72095600
22 -1.62789100 0.15474652 0.01182601 -0.09987500 0.17985400 0.56094000
23 -1.59927900 0.00001000 0.00001100 0.03412200 -0.02595000 0.63135700
24 5.51182400 0.00000800 -0.00000400 2.08603467 -0.06549108 3.11620083
25 0.19684800 0.00000000 0.00000300 2.79340678 -0.00112144 -3.14135408
26 -4.55863147 -18.34159884 -7.42718606 2.44191300 1.34964900 2.25678400
27 6.21448800 0.00001100 0.00002100 -0.81869192 0.62371114 -1.80268327
28 11.94488700 -0.00003500 -0.00019900 -0.34743664 -0.32886115 -1.89655246
29 10.62017300 -0.00000400 0.00001000 2.81197347 -0.87612153 0.90537425
30 4.75117100 0.69437600 -0.83047700 -0.06487300 -0.39364000 0.55419500
31 1.68806800 -0.00002200 0.00000100 0.01171600 -0.02181400 0.94698000
32 1.33614300 -0.00005100 -0.00001000 0.00239400 -0.03863700 0.30776800
33 4.82051800 0.50934200 0.22486500 -0.12564700 -0.32635900 0.75031200
34 1.82700000 0.00006800 0.00001000 0.01352100 0.03817800 1.61369400
35 1.43658100 -0.00000600 0.00001100 0.01466500 0.00366700 -0.97448300
36 3.99235700 0.89108800 1.82799600 -0.36795900 -0.15069400 1.01187800
37 1.40592200 0.00003200 -0.00000500 -0.01759000 -0.02364400 1.51411800
38 1.17535800 -0.00012900 0.00000300 -0.10080900 0.07107400 -1.00405600
39 4.52676800 0.69046600 1.12084000 -0.25986600 -0.21940300 1.06704300
40 1.74403400 -0.00002600 0.00000000 -0.02622300 -0.01366700 1.50212900
41 1.36875900 -0.00003500 -0.00002200 -0.14793300 0.25506700 -1.34370900
42 1.87486800 0.93508100 -0.99913000 2.23325500 0.53457700 0.76202400
43 1.50709200 -0.12162549 0.00857000 -0.04879600 -0.02132400 0.07877900
44 1.59791600 -0.06895848 0.00290503 0.00631500 -0.05280800 -0.22499400
45 5.51181000 -0.00001100 0.00000600 -1.15076500 0.00000000 0.00000000
46 0.19684800 0.00000900 -0.00000100 -0.34822500 0.00001500 -0.00000200
47 0.00000000 1.00000000 0.00000000 0.00000000 0.00000000 -1.57079600
48 -3.85027600 32.39967000 -4.25170500 0.00000000 0.00000000 -3.14156200
49 -8.72104452 49.94352585 -2.28139442 0.45714814 -0.00466101 -0.69933522
50 11.00202320 1.00744835 -4.82373114 0.31172400 1.04103800 1.63469900
51 3.96184500 0.64297700 -1.92970300 0.00000000 0.00000000 0.00000000
52 0.80310100 0.45841200 -4.75786000 0.00000000 0.00000000 0.00000000
53 -0.20958701 3.29652951 1.68791751 1.58426800 0.00000000 -0.00000100
54 0.00552451 0.54110499 -0.03807948 0.01519958 -0.00657053 0.01121692
55 0.00000000 0.54065951 -0.00000001 0.21359778 0.00077879 -0.02511354
56 -0.00000099 0.54211299 0.00000151 0.02155071 0.00333201 -0.02076778
57 0.00969951 0.54248097 0.00041751 0.00000000 0.00000000 0.00000000
58 0.00000000 0.54072300 0.00000100 -0.01635781 -0.00280545 0.02648184
59 0.00000400 0.54147900 0.00000100 0.08344944 -0.00490643 0.00369345
60 -0.00000048 0.54103801 -0.00000100 0.57109233 0.00915734 -0.01623219
61 -0.00000099 0.51957952 0.00000000 0.79267200 0.00412500 -0.00223200
62 -0.00312081 0.52275330 -0.14268360 -0.18380757 -0.00416648 0.00837346
63 0.00000051 0.54251049 0.00000000 0.03298652 0.01414046 0.00114277
64 -0.00001100 0.54067100 0.00000000 0.01407251 0.00292899 0.00088510
65 0.00000000 0.53940000 0.00000000 -0.00336700 0.00000200 0.00095000
66 -1.37813800 3.89395300 -0.78387300 1.77690200 0.00000000 0.00000000
67 -10.90695600 0.47861700 -2.31595800 0.00000000 0.00000000 0.00000000
68 -2.47458600 -0.05751300 1.52871800 0.00000000 0.00000000 0.00000000
69 3.39013700 -0.70700700 0.09637000 0.00000000 0.00000000 0.00000000
70 -5.10141600 -1.60216700 -2.82126100 0.46170000 1.36724100 1.13609000
time 18
0 -0.00000100 8.45008800 -27.50902600 0.00000000 0.00000000 0.00003100
1 -0.00000200 0.00000000 0.00000000 1.57074700 -1.56714200 -1.57074700
2 4.25546500 -0.33518500 -0.00000200 0.00000000 0.00000000 -0.12484800
3 7.43125200 1.49648000 0.00000200 0.00000000 0.00000000 0.24545000
4 5.27847900 0.16554400 0.00000100 0.00000000 0.00000000 0.04851100
5 0.81061441 -11.13711942 4.61940891 1.97586600 1.15990900 -1.29878500
6 -6.21447800 -0.00001100 -0.00002800 -2.92127484 -0.80789194 1.51336597
7 11.94488700 0.00000000 -0.00000100 0.10572703 -0.39235608 1.75895231
8 10.62019000 0.00000000 0.00000000 1.77466112 0.00015112 2.74403298
9 -4.75110800 -0.69449200 0.83058100 -0.19617500 -0.07598900 0.33735800
10 -1.68808400 0.00004500 -0.00003100 0.01642800 -0.01846600 0.71331500
11 -1.33614300 0.00005900 -0.00001000 0.02584200 0.00517300 0.35617200
12 -4.82049200 -0.50945900 -0.22475900 -0.43210000 -0.06904400 1.18347900
13 -1.82698400 -0.00007100 0.00001000 0.00062300 0.04047200 1.28961100
14 -1.43657300 0.00000800 0.00000300 -0.06360300 -0.04470400 0.86686500
15 -3.99235500 -0.89118800 -1.82790700 -0.77162000 0.11408800 1.28870000
16 -1.40592200 -0.00003000 0.00000000 0.00603500 -0.02888300 0.66990400
17 -1.17535800 0.00012400 -0.00002100 0.06674100 0.01248300 1.28927800
18 -4.52674900 -0.69057700 -1.12074200 -0.60925600 0.08426700 1.37684800
19 -1.74403400 0.00003500 -0.00000700 -0.02225500 -0.01944400 1.26365700
20 -1.36876700 0.00002300 0.00000500 0.04001900 0.03390800 0.76286100
21 -2.03839699 -0.89278849 0.93250500 1.84958100 0.50887600 0.72095600
22 -1.62789100 0.15474652 0.01182601 -0.09987500 0.17985400 0.56094000
23 -1.59927900 0.00001000 0.00001100 0.03412200 -0.02595000 0.63135700
24 5.51182400 0.00000800 -0.00000400 2.08603467 -0.06549108 3.11620083
25 0.19684800 0.00000000 0.00000300 2.79340678 -0.00112144 -3.14135408
26 -4.55863147 -18.34159884 -7.42718606 2.44191300 1.34964900 2.25678400
27 6.21448800 0.00001100 0.00002100 -0.82353553 0.62817670 -1.79337730
28 11.94488700 -0.00003500 -0.00019900 -0.34469933 -0.32371880 -1.90500652
29 10.62017300 -0.00000400 0.00001000 2.80849934 -0.87215674 0.91368232
30 4.75117100 0.69437600 -0.83047700 -0.06487300 -0.39364000 0.55419500
31 1.68806800 -0.00002200 0.00000100 0.01171600 -0.02181400 0.94698000
32 1.33614300 -0.00005100 -0.00001000 0.00239400 -0.03863700 0.30776800
33 4.82051800 0.50934200 0.22486500 -0.12564700 -0.32635900 0.75031200
34 1.82700000 0.00006800 0.00001000 0.01352100 0.03817800 1.61369400
35 1.43658100 -0.00000600 0.00001100 0.01466500 0.00366700 -0.97448300
36 3.99235700 0.89108800 1.82799600 -0.36795900 -0.15069400 1.01187800
37 1.40592200 0.00003200 -0.00000500 -0.01759000 -0.02364400 1.51411800
38 1.17535800 -0.00012900 0.00000300 -0.10080900 0.07107400 -1.00405600
39 4.52676800 0.69046600 1.12084000 -0.25986600 -0.21940300 1.06704300
40 1.74403400 -0.00002600 0.00000000 -0.02622300 -0.01366700 1.50212900
41 1.36875900 -0.00003500 -0.00002200 -0.14793300 0.25506700 -1.34370900
42 1.87486800 0.93508100 -0.99913000 2.23325500 0.53457700 0.76202400
43 1.50709200 -0.12162549 0.00857000 -0.04879600 -0.02132400 0.07877900
44 1.59791600 -0.06895848 0.00290503 0.00631500 -0.05280800 -0.22499400
45 5.51181000 -0.00001100 0.00000600 -1.15076500 0.00000000 0.00000000
46 0.19684800 0.00000900 -0.00000100 -0.34822500 0.00001500 -0.00000200
47 0.00000000 1.00000000 0.00000000 0.00000000 0.00000000 -1.57079600
48 -3.85027600 32.39967000 -4.25170500 0.00000000 0.00000000 -3.14156200
49 -8.83196824 49.94352645 -2.32479245 0.45456789 -0.00545377 -0.69515232
50 11.00202320 1.00744835 -4.82373114 0.31172400 1.04103800 1.63469900
51 3.96184500 0.64297700 -1.92970300 0.00000000 0.00000000 0.00000000
52 0.80310100 0.45841200 -4.75786000 0.00000000 0.00000000 0.00000000
53 -0.20958701 3.29652951 1.68791751 1.58426800 0.00000000 -0.00000100
54 0.00552451 0.54110499 -0.03807948 0.01519483 -0.00742247 0.01116803
55 0.00000000 0.54065951 -0.00000001 0.21355444 0.00083908 -0.02527838
56 -0.00000099 0.54211299 0.00000151 0.02155022 0.00333251 -0.02081072
57 0.00969951 0.54248097 0.00041751 0.00000000 0.00000000 0.00000000
58 0.00000000 0.54072300 0.00000100 -0.01635781 -0.00280495 0.02652429
59 0.00000400 0.54147900 0.00000100 0.08344944 -0.00490445 0.00365101
60 -0.00000048 0.54103801 -0.00000100 0.57104590 0.00935887 -0.01661710
61 -0.00000099 0.51957952 0.00000000 0.79267200 0.00412500 -0.00223200
62 -0.00293276 0.52275379 -0.14268360 -0.18380682 -0.00420548 0.00794897
63 0.00000051 0.54251049 0.00000000 0.03298652 0.01414046 0.00114277
64 -0.00001100 0.54067100 0.00000000 0.01407251 0.00292899 0.00088510
65 0.00000000 0.53940000 0.00000000 -0.00336700 0.00000200 0.00095000
66 -1.37813800 3.89395300 -0.78387300 1.77690200 0.00000000 0.00000000
67 -10.90695600 0.47861700 -2.31595800 0.00000000 0.00000000 0.00000000
68 -2.47458600 -0.05751300 1.52871800 0.00000000 0.00000000 0.00000000
69 3.39013700 -0.70700700 0.09637000 0.00000000 0.00000000 0.00000000
70 -5.10141600 -1.60216700 -2.82126100 0.46170000 1.36724100 1.13609000
time 19
0 -0.00000100 8.45008800 -27.50902600 0.00000000 0.00000000 0.00003100
1 -0.00000200 0.00000000 0.00000000 1.57074700 -1.56714200 -1.57074700
2 4.25546500 -0.33518500 -0.00000200 0.00000000 0.00000000 -0.12484800
3 7.43125200 1.49648000 0.00000200 0.00000000 0.00000000 0.24545000
4 5.27847900 0.16554400 0.00000100 0.00000000 0.00000000 0.04851100
5 0.81061441 -11.13711942 4.61940891 1.97586600 1.15990900 -1.29878500
6 -6.21447800 -0.00001100 -0.00002800 -2.92385653 -0.80721273 1.50744309
7 11.94488700 0.00000000 -0.00000100 0.10860666 -0.39328823 1.75041175
8 10.62019000 0.00000000 0.00000000 1.77132530 0.00265478 2.74926161
9 -4.75110800 -0.69449200 0.83058100 -0.19617500 -0.07598900 0.33735800
10 -1.68808400 0.00004500 -0.00003100 0.01642800 -0.01846600 0.71331500
11 -1.33614300 0.00005900 -0.00001000 0.02584200 0.00517300 0.35617200
12 -4.82049200 -0.50945900 -0.22475900 -0.43210000 -0.06904400 1.18347900
13 -1.82698400 -0.00007100 0.00001000 0.00062300 0.04047200 1.28961100
14 -1.43657300 0.00000800 0.00000300 -0.06360300 -0.04470400 0.86686500
15 -3.99235500 -0.89118800 -1.82790700 -0.77162000 0.11408800 1.28870000
16 -1.40592200 -0.00003000 0.00000000 0.00603500 -0.02888300 0.66990400
17 -1.17535800 0.00012400 -0.00002100 0.06674100 0.01248300 1.28927800
18 -4.52674900 -0.69057700 -1.12074200 -0.60925600 0.08426700 1.37684800
19 -1.74403400 0.00003500 -0.00000700 -0.02225500 -0.01944400 1.26365700
20 -1.36876700 0.00002300 0.00000500 0.04001900 0.03390800 0.76286100
21 -2.03839699 -0.89278849 0.93250500 1.84958100 0.50887600 0.72095600
22 -1.62789100 0.15474652 0.01182601 -0.09987500 0.17985400 0.56094000
23 -1.59927900 0.00001000 0.00001100 0.03412200 -0.02595000 0.63135700
24 5.51182400 0.00000800 -0.00000400 2.08603467 -0.06549108 3.11620083
25 0.19684800 0.00000000 0.00000300 2.79340678 -0.00112144 -3.14135408
26 -4.55863147 -18.34159884 -7.42718606 2.44191300 1.34964900 2.25678400
27 6.21448800 0.00001100 0.00002100 -0.82840442 0.63262249 -1.78413254
28 11.94488700 -0.00003500 -0.00019900 -0.34201712 -0.31872296 -1.91333981
29 10.62017300 -0.00000400 0.00001000 2.80526929 -0.86799014 0.92172188
30 4.75117100 0.69437600 -0.83047700 -0.06487300 -0.39364000 0.55419500
31 1.68806800 -0.00002200 0.00000100 0.01171600 -0.02181400 0.94698000
32 1.33614300 -0.00005100 -0.00001000 0.00239400 -0.03863700 0.30776800
33 4.82051800 0.50934200 0.22486500 -0.12564700 -0.32635900 0.75031200
34 1.82700000 0.00006800 0.00001000 0.01352100 0.03817800 1.61369400
35 1.43658100 -0.00000600 0.00001100 0.01466500 0.00366700 -0.97448300
36 3.99235700 0.89108800 1.82799600 -0.36795900 -0.15069400 1.01187800
37 1.40592200 0.00003200 -0.00000500 -0.01759000 -0.02364400 1.51411800
38 1.17535800 -0.00012900 0.00000300 -0.10080900 0.07107400 -1.00405600
39 4.52676800 0.69046600 1.12084000 -0.25986600 -0.21940300 1.06704300
40 1.74403400 -0.00002600 0.00000000 -0.02622300 -0.01366700 1.50212900
41 1.36875900 -0.00003500 -0.00002200 -0.14793300 0.25506700 -1.34370900
42 1.87486800 0.93508100 -0.99913000 2.23325500 0.53457700 0.76202400
43 1.50709200 -0.12162549 0.00857000 -0.04879600 -0.02132400 0.07877900
44 1.59791600 -0.06895848 0.00290503 0.00631500 -0.05280800 -0.22499400
45 5.51181000 -0.00001100 0.00000600 -1.15076500 0.00000000 0.00000000
46 0.19684800 0.00000900 -0.00000100 -0.34822500 0.00001500 -0.00000200
47 0.00000000 1.00000000 0.00000000 0.00000000 0.00000000 -1.57079600
48 -3.85027600 32.39967000 -4.25170500 0.00000000 0.00000000 -3.14156200
49 -8.94277334 49.94352704 -2.36762900 0.45196514 -0.00619520 -0.69099555
50 11.00202320 1.00744835 -4.82373114 0.31172400 1.04103800 1.63469900
51 3.96184500 0.64297700 -1.92970300 0.00000000 0.00000000 0.00000000
52 0.80310100 0.45841200 -4.75786000 0.00000000 0.00000000 0.00000000
53 -0.20958701 3.29652951 1.68791751 1.58426800 0.00000000 -0.00000100
54 0.00552451 0.54110499 -0.03807948 0.01519078 -0.00823195 0.01116159
55 0.00000000 0.54065951 -0.00000001 0.21355406 0.00089932 -0.02544323
56 -0.00000099 0.54211299 0.00000151 0.02150777 0.00333202 -0.02081072
57 0.00969951 0.54248097 0.00041751 0.00000000 0.00000000 0.00000000
58 0.00000000 0.54072300 0.00000100 -0.01631487 -0.00280544 0.02652429
59 0.00000400 0.54147900 0.00000100 0.08344944 -0.00490100 0.00356561
60 -0.00000048 0.54103801 -0.00000100 0.57104357 0.00960176 -0.01699021
61 -0.00000099 0.51957952 0.00000000 0.79267200 0.00412500 -0.00223200
62 -0.00274322 0.52275379 -0.14268508 -0.18380617 -0.00428297 0.00757088
63 0.00000051 0.54251049 0.00000000 0.03298652 0.01414144 0.00110032
64 -0.00001100 0.54067100 0.00000000 0.01407251 0.00292899 0.00088510
65 0.00000000 0.53940000 0.00000000 -0.00332406 0.00000200 0.00095000
66 -1.37813800 3.89395300 -0.78387300 1.77690200 0.00000000 0.00000000
67 -10.90695600 0.47861700 -2.31595800 0.00000000 0.00000000 0.00000000
68 -2.47458600 -0.05751300 1.52871800 0.00000000 0.00000000 0.00000000
69 3.39013700 -0.70700700 0.09637000 0.00000000 0.00000000 0.00000000
70 -5.10141600 -1.60216700 -2.82126100 0.46170000 1.36724100 1.13609000
time 20
0 -0.00000100 8.45008800 -27.50902600 0.00000000 0.00000000 0.00003100
1 -0.00000200 0.00000000 0.00000000 1.57074700 -1.56714200 -1.57074700
2 4.25546500 -0.33518500 -0.00000200 0.00000000 0.00000000 -0.12484800
3 7.43125200 1.49648000 0.00000200 0.00000000 0.00000000 0.24545000
4 5.27847900 0.16554400 0.00000100 0.00000000 0.00000000 0.04851100
5 0.81061441 -11.13711942 4.61940891 1.97586600 1.15990900 -1.29878500
6 -6.21447800 -0.00001100 -0.00002800 -2.92644464 -0.80658506 1.50179845
7 11.94488700 0.00000000 -0.00000100 0.11135823 -0.39420592 1.74218926
8 10.62019000 0.00000000 0.00000000 1.76831895 0.00503689 2.75412902
9 -4.75110800 -0.69449200 0.83058100 -0.19617500 -0.07598900 0.33735800
10 -1.68808400 0.00004500 -0.00003100 0.01642800 -0.01846600 0.71331500
11 -1.33614300 0.00005900 -0.00001000 0.02584200 0.00517300 0.35617200
12 -4.82049200 -0.50945900 -0.22475900 -0.43210000 -0.06904400 1.18347900
13 -1.82698400 -0.00007100 0.00001000 0.00062300 0.04047200 1.28961100
14 -1.43657300 0.00000800 0.00000300 -0.06360300 -0.04470400 0.86686500
15 -3.99235500 -0.89118800 -1.82790700 -0.77162000 0.11408800 1.28870000
16 -1.40592200 -0.00003000 0.00000000 0.00603500 -0.02888300 0.66990400
17 -1.17535800 0.00012400 -0.00002100 0.06674100 0.01248300 1.28927800
18 -4.52674900 -0.69057700 -1.12074200 -0.60925600 0.08426700 1.37684800
19 -1.74403400 0.00003500 -0.00000700 -0.02225500 -0.01944400 1.26365700
20 -1.36876700 0.00002300 0.00000500 0.04001900 0.03390800 0.76286100
21 -2.03839699 -0.89278849 0.93250500 1.84958100 0.50887600 0.72095600
22 -1.62789100 0.15474652 0.01182601 -0.09987500 0.17985400 0.56094000
23 -1.59927900 0.00001000 0.00001100 0.03412200 -0.02595000 0.63135700
24 5.51182400 0.00000800 -0.00000400 2.08603467 -0.06549108 3.11620083
25 0.19684800 0.00000000 0.00000300 2.79340678 -0.00112144 -3.14135408
26 -4.55863147 -18.34159884 -7.42718606 2.44191300 1.34964900 2.25678400
27 6.21448800 0.00001100 0.00002100 -0.83283873 0.63717259 -1.77475378
28 11.94488700 -0.00003500 -0.00019900 -0.33953304 -0.31361959 -1.92110497
29 10.62017300 -0.00000400 0.00001000 2.80151332 -0.86368707 0.92925891
30 4.75117100 0.69437600 -0.83047700 -0.06487300 -0.39364000 0.55419500
31 1.68806800 -0.00002200 0.00000100 0.01171600 -0.02181400 0.94698000
32 1.33614300 -0.00005100 -0.00001000 0.00239400 -0.03863700 0.30776800
33 4.82051800 0.50934200 0.22486500 -0.12564700 -0.32635900 0.75031200
34 1.82700000 0.00006800 0.00001000 0.01352100 0.03817800 1.61369400
35 1.43658100 -0.00000600 0.00001100 0.01466500 0.00366700 -0.97448300
36 3.99235700 0.89108800 1.82799600 -0.36795900 -0.15069400 1.01187800
37 1.40592200 0.00003200 -0.00000500 -0.01759000 -0.02364400 1.51411800
38 1.17535800 -0.00012900 0.00000300 -0.10080900 0.07107400 -1.00405600
39 4.52676800 0.69046600 1.12084000 -0.25986600 -0.21940300 1.06704300
40 1.74403400 -0.00002600 0.00000000 -0.02622300 -0.01366700 1.50212900
41 1.36875900 -0.00003500 -0.00002200 -0.14793300 0.25506700 -1.34370900
42 1.87486800 0.93508100 -0.99913000 2.23325500 0.53457700 0.76202400
43 1.50709200 -0.12162549 0.00857000 -0.04879600 -0.02132400 0.07877900
44 1.59791600 -0.06895848 0.00290503 0.00631500 -0.05280800 -0.22499400
45 5.51181000 -0.00001100 0.00000600 -1.15076500 0.00000000 0.00000000
46 0.19684800 0.00000900 -0.00000100 -0.34822500 0.00001500 -0.00000200
47 0.00000000 1.00000000 0.00000000 0.00000000 0.00000000 -1.57079600
48 -3.85027600 32.39967000 -4.25170500 0.00000000 0.00000000 -3.14156200
49 -9.04966372 49.94352763 -2.41294178 0.44958973 -0.00713635 -0.68711161
50 11.00202320 1.00744835 -4.82373114 0.31172400 1.04103800 1.63469900
51 3.96184500 0.64297700 -1.92970300 0.00000000 0.00000000 0.00000000
52 0.80310100 0.45841200 -4.75786000 0.00000000 0.00000000 0.00000000
53 -0.20958701 3.29652951 1.68791751 1.58426800 0.00000000 -0.00000100
54 0.00552451 0.54110499 -0.03807948 0.01518624 -0.00904144 0.01115564
55 0.00000000 0.54065951 -0.00000001 0.21351119 0.00091716 -0.02561301
56 -0.00000099 0.54211299 0.00000151 0.02150777 0.00333202 -0.02081072
57 0.00969951 0.54248097 0.00041751 0.00000000 0.00000000 0.00000000
58 0.00000000 0.54072300 0.00000100 -0.01631487 -0.00280544 0.02652429
59 0.00000400 0.54147900 0.00000100 0.08344994 -0.00489903 0.00352317
60 -0.00000048 0.54103801 -0.00000100 0.57099731 0.00980332 -0.01737510
61 -0.00000099 0.51957952 0.00000000 0.79267200 0.00412500 -0.00223200
62 -0.00255911 0.52275429 -0.14268508 -0.18380544 -0.00431852 0.00718934
63 0.00000051 0.54251049 0.00000000 0.03298652 0.01414144 0.00110032
64 -0.00001100 0.54067100 0.00000000 0.01407251 0.00292899 0.00088510
65 0.00000000 0.53940000 0.00000000 -0.00336700 0.00000200 0.00095000
66 -1.37813800 3.89395300 -0.78387300 1.77690200 0.00000000 0.00000000
67 -10.90695600 0.47861700 -2.31595800 0.00000000 0.00000000 0.00000000
68 -2.47458600 -0.05751300 1.52871800 0.00000000 0.00000000 0.00000000
69 3.39013700 -0.70700700 0.09637000 0.00000000 0.00000000 0.00000000
70 -5.10141600 -1.60216700 -2.82126100 0.46170000 1.36724100 1.13609000
time 21
0 -0.00000100 8.45008800 -27.50902600 0.00000000 0.00000000 0.00003100
1 -0.00000200 0.00000000 0.00000000 1.57074700 -1.56714200 -1.57074700
2 4.25546500 -0.33518500 -0.00000200 0.00000000 0.00000000 -0.12484800
3 7.43125200 1.49648000 0.00000200 0.00000000 0.00000000 0.24545000
4 5.27847900 0.16554400 0.00000100 0.00000000 0.00000000 0.04851100
5 0.81061441 -11.13711942 4.61940891 1.97586600 1.15990900 -1.29878500
6 -6.21447800 -0.00001100 -0.00002800 -2.92956223 -0.80658763 1.49719410
7 11.94488700 0.00000000 -0.00000100 0.11340366 -0.39490000 1.73613545
8 10.62019000 0.00000000 0.00000000 1.76612089 0.00831260 2.75668883
9 -4.75110800 -0.69449200 0.83058100 -0.19617500 -0.07598900 0.33735800
10 -1.68808400 0.00004500 -0.00003100 0.01642800 -0.01846600 0.71331500
11 -1.33614300 0.00005900 -0.00001000 0.02584200 0.00517300 0.35617200
12 -4.82049200 -0.50945900 -0.22475900 -0.43210000 -0.06904400 1.18347900
13 -1.82698400 -0.00007100 0.00001000 0.00062300 0.04047200 1.28961100
14 -1.43657300 0.00000800 0.00000300 -0.06360300 -0.04470400 0.86686500
15 -3.99235500 -0.89118800 -1.82790700 -0.77162000 0.11408800 1.28870000
16 -1.40592200 -0.00003000 0.00000000 0.00603500 -0.02888300 0.66990400
17 -1.17535800 0.00012400 -0.00002100 0.06674100 0.01248300 1.28927800
18 -4.52674900 -0.69057700 -1.12074200 -0.60925600 0.08426700 1.37684800
19 -1.74403400 0.00003500 -0.00000700 -0.02225500 -0.01944400 1.26365700
20 -1.36876700 0.00002300 0.00000500 0.04001900 0.03390800 0.76286100
21 -2.03839699 -0.89278849 0.93250500 1.84958100 0.50887600 0.72095600
22 -1.62789100 0.15474652 0.01182601 -0.09987500 0.17985400 0.56094000
23 -1.59927900 0.00001000 0.00001100 0.03412200 -0.02595000 0.63135700
24 5.51182400 0.00000800 -0.00000400 2.08603467 -0.06549108 3.11620083
25 0.19684800 0.00000000 0.00000300 2.79340678 -0.00112144 -3.14135408
26 -4.55863147 -18.34159884 -7.42718606 2.44191300 1.34964900 2.25678400
27 6.21448800 0.00001100 0.00002100 -0.83647810 0.64271202 -1.76611967
28 11.94488700 -0.00003500 -0.00019900 -0.33731858 -0.30907515 -1.92824434
29 10.62017300 -0.00000400 0.00001000 2.79736069 -0.85921940 0.93550735
30 4.75117100 0.69437600 -0.83047700 -0.06487300 -0.39364000 0.55419500
31 1.68806800 -0.00002200 0.00000100 0.01171600 -0.02181400 0.94698000
32 1.33614300 -0.00005100 -0.00001000 0.00239400 -0.03863700 0.30776800
33 4.82051800 0.50934200 0.22486500 -0.12564700 -0.32635900 0.75031200
34 1.82700000 0.00006800 0.00001000 0.01352100 0.03817800 1.61369400
35 1.43658100 -0.00000600 0.00001100 0.01466500 0.00366700 -0.97448300
36 3.99235700 0.89108800 1.82799600 -0.36795900 -0.15069400 1.01187800
37 1.40592200 0.00003200 -0.00000500 -0.01759000 -0.02364400 1.51411800
38 1.17535800 -0.00012900 0.00000300 -0.10080900 0.07107400 -1.00405600
39 4.52676800 0.69046600 1.12084000 -0.25986600 -0.21940300 1.06704300
40 1.74403400 -0.00002600 0.00000000 -0.02622300 -0.01366700 1.50212900
41 1.36875900 -0.00003500 -0.00002200 -0.14793300 0.25506700 -1.34370900
42 1.87486800 0.93508100 -0.99913000 2.23325500 0.53457700 0.76202400
43 1.50709200 -0.12162549 0.00857000 -0.04879600 -0.02132400 0.07877900
44 1.59791600 -0.06895848 0.00290503 0.00631500 -0.05280800 -0.22499400
45 5.51181000 -0.00001100 0.00000600 -1.15076500 0.00000000 0.00000000
46 0.19684800 0.00000900 -0.00000100 -0.34822500 0.00001500 -0.00000200
47 0.00000000 1.00000000 0.00000000 0.00000000 0.00000000 -1.57079600
48 -3.85027600 32.39967000 -4.25170500 0.00000000 0.00000000 -3.14156200
49 -9.14643284 49.94352763 -2.46769577 0.44729311 -0.00892215 -0.68464069
50 11.00202320 1.00744835 -4.82373114 0.31172400 1.04103800 1.63469900
51 3.96184500 0.64297700 -1.92970300 0.00000000 0.00000000 0.00000000
52 0.80310100 0.45841200 -4.75786000 0.00000000 0.00000000 0.00000000
53 -0.20958701 3.29652951 1.68791751 1.58426800 0.00000000 -0.00000100
54 0.00552451 0.54110499 -0.03807948 0.01518168 -0.00985142 0.01114968
55 0.00000000 0.54065951 -0.00000001 0.21351034 0.00097790 -0.02577786
56 -0.00000099 0.54211299 0.00000151 0.02146532 0.00333203 -0.02085317
57 0.00969951 0.54248097 0.00041751 0.00000000 0.00000000 0.00000000
58 0.00000000 0.54072300 0.00000100 -0.01627242 -0.00280593 0.02652429
59 0.00000400 0.54147900 0.00000100 0.08344994 -0.00489557 0.00343777
60 -0.00000048 0.54103801 -0.00000100 0.57099505 0.01003388 -0.01770724
61 -0.00000099 0.51957952 0.00000000 0.79267200 0.00412500 -0.00223200
62 -0.00237154 0.52275330 -0.14268606 -0.18380487 -0.00439997 0.00676881
63 0.00000051 0.54251049 0.00000000 0.03298652 0.01414144 0.00110032
64 -0.00001100 0.54067100 0.00000000 0.01407251 0.00292899 0.00088510
65 0.00000000 0.53940000 0.00000000 -0.00336700 0.00000200 0.00095000
66 -1.37813800 3.89395300 -0.78387300 1.77690200 0.00000000 0.00000000
67 -10.90695600 0.47861700 -2.31595800 0.00000000 0.00000000 0.00000000
68 -2.47458600 -0.05751300 1.52871800 0.00000000 0.00000000 0.00000000
69 3.39013700 -0.70700700 0.09637000 0.00000000 0.00000000 0.00000000
70 -5.10141600 -1.60216700 -2.82126100 0.46170000 1.36724100 1.13609000
time 22
0 -0.00000100 8.45008800 -27.50902600 0.00000000 0.00000000 0.00003100
1 -0.00000200 0.00000000 0.00000000 1.57074700 -1.56714200 -1.57074700
2 4.25546500 -0.33518500 -0.00000200 0.00000000 0.00000000 -0.12484800
3 7.43125200 1.49648000 0.00000200 0.00000000 0.00000000 0.24545000
4 5.27847900 0.16554400 0.00000100 0.00000000 0.00000000 0.04851100
5 0.81061441 -11.13711942 4.61940891 1.97586600 1.15990900 -1.29878500
6 -6.21447800 -0.00001100 -0.00002800 -2.93247692 -0.80664757 1.49252551
7 11.94488700 0.00000000 -0.00000100 0.11537944 -0.39553550 1.73018326
8 10.62019000 0.00000000 0.00000000 1.76373694 0.01165058 2.75902767
9 -4.75110800 -0.69449200 0.83058100 -0.19617500 -0.07598900 0.33735800
10 -1.68808400 0.00004500 -0.00003100 0.01642800 -0.01846600 0.71331500
11 -1.33614300 0.00005900 -0.00001000 0.02584200 0.00517300 0.35617200
12 -4.82049200 -0.50945900 -0.22475900 -0.43210000 -0.06904400 1.18347900
13 -1.82698400 -0.00007100 0.00001000 0.00062300 0.04047200 1.28961100
14 -1.43657300 0.00000800 0.00000300 -0.06360300 -0.04470400 0.86686500
15 -3.99235500 -0.89118800 -1.82790700 -0.77162000 0.11408800 1.28870000
16 -1.40592200 -0.00003000 0.00000000 0.00603500 -0.02888300 0.66990400
17 -1.17535800 0.00012400 -0.00002100 0.06674100 0.01248300 1.28927800
18 -4.52674900 -0.69057700 -1.12074200 -0.60925600 0.08426700 1.37684800
19 -1.74403400 0.00003500 -0.00000700 -0.02225500 -0.01944400 1.26365700
20 -1.36876700 0.00002300 0.00000500 0.04001900 0.03390800 0.76286100
21 -2.03839699 -0.89278849 0.93250500 1.84958100 0.50887600 0.72095600
22 -1.62789100 0.15474652 0.01182601 -0.09987500 0.17985400 0.56094000
23 -1.59927900 0.00001000 0.00001100 0.03412200 -0.02595000 0.63135700
24 5.51182400 0.00000800 -0.00000400 2.08603467 -0.06549108 3.11620083
25 0.19684800 0.00000000 0.00000300 2.79340678 -0.00112144 -3.14135408
26 -4.55863147 -18.34159884 -7.42718606 2.44191300 1.34964900 2.25678400
27 6.21448800 0.00001100 0.00002100 -0.84007699 0.64814189 -1.75753167
28 11.94488700 -0.00003500 -0.00019900 -0.33523085 -0.30446759 -1.93507281
29 10.62017300 -0.00000400 0.00001000 2.79320978 -0.85466876 0.94186759
30 4.75117100 0.69437600 -0.83047700 -0.06487300 -0.39364000 0.55419500
31 1.68806800 -0.00002200 0.00000100 0.01171600 -0.02181400 0.94698000
32 1.33614300 -0.00005100 -0.00001000 0.00239400 -0.03863700 0.30776800
33 4.82051800 0.50934200 0.22486500 -0.12564700 -0.32635900 0.75031200
34 1.82700000 0.00006800 0.00001000 0.01352100 0.03817800 1.61369400
35 1.43658100 -0.00000600 0.00001100 0.01466500 0.00366700 -0.97448300
36 3.99235700 0.89108800 1.82799600 -0.36795900 -0.15069400 1.01187800
37 1.40592200 0.00003200 -0.00000500 -0.01759000 -0.02364400 1.51411800
38 1.17535800 -0.00012900 0.00000300 -0.10080900 0.07107400 -1.00405600
39 4.52676800 0.69046600 1.12084000 -0.25986600 -0.21940300 1.06704300
40 1.74403400 -0.00002600 0.00000000 -0.02622300 -0.01366700 1.50212900
41 1.36875900 -0.00003500 -0.00002200 -0.14793300 0.25506700 -1.34370900
42 1.87486800 0.93508100 -0.99913000 2.23325500 0.53457700 0.76202400
43 1.50709200 -0.12162549 0.00857000 -0.04879600 -0.02132400 0.07877900
44 1.59791600 -0.06895848 0.00290503 0.00631500 -0.05280800 -0.22499400
45 5.51181000 -0.00001100 0.00000600 -1.15076500 0.00000000 0.00000000
46 0.19684800 0.00000900 -0.00000100 -0.34822500 0.00001500 -0.00000200
47 0.00000000 1.00000000 0.00000000 0.00000000 0.00000000 -1.57079600
48 -3.85027600 32.39967000 -4.25170500 0.00000000 0.00000000 -3.14156200
49 -9.24165076 49.94352763 -2.52135381 0.44475230 -0.01070037 -0.68219631
50 11.00202320 1.00744835 -4.82373114 0.31172400 1.04103800 1.63469900
51 3.96184500 0.64297700 -1.92970300 0.00000000 0.00000000 0.00000000
52 0.80310100 0.45841200 -4.75786000 0.00000000 0.00000000 0.00000000
53 -0.20958701 3.29652951 1.68791751 1.58426800 0.00000000 -0.00000100
54 0.00552451 0.54110499 -0.03807948 0.01522006 -0.01066091 0.01114302
55 0.00000000 0.54065951 -0.00000001 0.21346747 0.00099526 -0.02594714
56 -0.00000099 0.54211299 0.00000151 0.02146532 0.00333203 -0.02085317
57 0.00969951 0.54248097 0.00041751 0.00000000 0.00000000 0.00000000
58 0.00000000 0.54072300 0.00000100 -0.01627242 -0.00280592 0.02656674
59 0.00000400 0.54147900 0.00000100 0.08344994 -0.00489360 0.00339533
60 -0.00000048 0.54103801 -0.00000100 0.57099337 0.01023532 -0.01809219
61 -0.00000099 0.51957952 0.00000000 0.79267200 0.00412500 -0.00223200
62 -0.00219287 0.52275281 -0.14268705 -0.18380411 -0.00442712 0.00647167
63 0.00000051 0.54251049 0.00000000 0.03298603 0.01414194 0.00105738
64 -0.00001100 0.54067100 0.00000000 0.01407251 0.00292899 0.00084216
65 0.00000000 0.53940000 0.00000000 -0.00336700 0.00000200 0.00095000
66 -1.37813800 3.89395300 -0.78387300 1.77690200 0.00000000 0.00000000
67 -10.90695600 0.47861700 -2.31595800 0.00000000 0.00000000 0.00000000
68 -2.47458600 -0.05751300 1.52871800 0.00000000 0.00000000 0.00000000
69 3.39013700 -0.70700700 0.09637000 0.00000000 0.00000000 0.00000000
70 -5.10141600 -1.60216700 -2.82126100 0.46170000 1.36724100 1.13609000
time 23
0 -0.00000100 8.45008800 -27.50902600 0.00000000 0.00000000 0.00003100
1 -0.00000200 0.00000000 0.00000000 1.57074700 -1.56714200 -1.57074700
2 4.25546500 -0.33518500 -0.00000200 0.00000000 0.00000000 -0.12484800
3 7.43125200 1.49648000 0.00000200 0.00000000 0.00000000 0.24545000
4 5.27847900 0.16554400 0.00000100 0.00000000 0.00000000 0.04851100
5 0.81061441 -11.13711942 4.61940891 1.97586600 1.15990900 -1.29878500
6 -6.21447800 -0.00001100 -0.00002800 -2.93493449 -0.80676866 1.48814025
7 11.94488700 0.00000000 -0.00000100 0.11701268 -0.39567536 1.72525135
8 10.62019000 0.00000000 0.00000000 1.76082281 0.01508765 2.75973049
9 -4.75110800 -0.69449200 0.83058100 -0.19617500 -0.07598900 0.33735800
10 -1.68808400 0.00004500 -0.00003100 0.01642800 -0.01846600 0.71331500
11 -1.33614300 0.00005900 -0.00001000 0.02584200 0.00517300 0.35617200
12 -4.82049200 -0.50945900 -0.22475900 -0.43210000 -0.06904400 1.18347900
13 -1.82698400 -0.00007100 0.00001000 0.00062300 0.04047200 1.28961100
14 -1.43657300 0.00000800 0.00000300 -0.06360300 -0.04470400 0.86686500
15 -3.99235500 -0.89118800 -1.82790700 -0.77162000 0.11408800 1.28870000
16 -1.40592200 -0.00003000 0.00000000 0.00603500 -0.02888300 0.66990400
17 -1.17535800 0.00012400 -0.00002100 0.06674100 0.01248300 1.28927800
18 -4.52674900 -0.69057700 -1.12074200 -0.60925600 0.08426700 1.37684800
19 -1.74403400 0.00003500 -0.00000700 -0.02225500 -0.01944400 1.26365700
20 -1.36876700 0.00002300 0.00000500 0.04001900 0.03390800 0.76286100
21 -2.03839699 -0.89278849 0.93250500 1.84958100 0.50887600 0.72095600
22 -1.62789100 0.15474652 0.01182601 -0.09987500 0.17985400 0.56094000
23 -1.59927900 0.00001000 0.00001100 0.03412200 -0.02595000 0.63135700
24 5.51182400 0.00000800 -0.00000400 2.08603467 -0.06549108 3.11620083
25 0.19684800 0.00000000 0.00000300 2.79340678 -0.00112144 -3.14135408
26 -4.55863147 -18.34159884 -7.42718606 2.44191300 1.34964900 2.25678400
27 6.21448800 0.00001100 0.00002100 -0.84316480 0.65364305 -1.74883556
28 11.94488700 -0.00003500 -0.00019900 -0.33318149 -0.29966997 -1.94176528
29 10.62017300 -0.00000400 0.00001000 2.78747700 -0.85019634 0.94960748
30 4.75117100 0.69437600 -0.83047700 -0.06487300 -0.39364000 0.55419500
31 1.68806800 -0.00002200 0.00000100 0.01171600 -0.02181400 0.94698000
32 1.33614300 -0.00005100 -0.00001000 0.00239400 -0.03863700 0.30776800
33 4.82051800 0.50934200 0.22486500 -0.12564700 -0.32635900 0.75031200
34 1.82700000 0.00006800 0.00001000 0.01352100 0.03817800 1.61369400
35 1.43658100 -0.00000600 0.00001100 0.01466500 0.00366700 -0.97448300
36 3.99235700 0.89108800 1.82799600 -0.36795900 -0.15069400 1.01187800
37 1.40592200 0.00003200 -0.00000500 -0.01759000 -0.02364400 1.51411800
38 1.17535800 -0.00012900 0.00000300 -0.10080900 0.07107400 -1.00405600
39 4.52676800 0.69046600 1.12084000 -0.25986600 -0.21940300 1.06704300
40 1.74403400 -0.00002600 0.00000000 -0.02622300 -0.01366700 1.50212900
41 1.36875900 -0.00003500 -0.00002200 -0.14793300 0.25506700 -1.34370900
42 1.87486800 0.93508100 -0.99913000 2.23325500 0.53457700 0.76202400
43 1.50709200 -0.12162549 0.00857000 -0.04879600 -0.02132400 0.07877900
44 1.59791600 -0.06895848 0.00290503 0.00631500 -0.05280800 -0.22499400
45 5.51181000 -0.00001100 0.00000600 -1.15076500 0.00000000 0.00000000
46 0.19684800 0.00000900 -0.00000100 -0.34822500 0.00001500 -0.00000200
47 0.00000000 1.00000000 0.00000000 0.00000000 0.00000000 -1.57079600
48 -3.85027600 32.39967000 -4.25170500 0.00000000 0.00000000 -3.14156200
49 -9.33068641 49.94352763 -2.57382724 0.44150624 -0.01308199 -0.68016440
50 11.00202320 1.00744835 -4.82373114 0.31172400 1.04103800 1.63469900
51 3.96184500 0.64297700 -1.92970300 0.00000000 0.00000000 0.00000000
52 0.80310100 0.45841200 -4.75786000 0.00000000 0.00000000 0.00000000
53 -0.20958701 3.29652951 1.68791751 1.58426800 0.00000000 -0.00000100
54 0.00552451 0.54110499 -0.03807948 0.01521551 -0.01142795 0.01113757
55 0.00000000 0.54065951 -0.00000001 0.21346713 0.00105600 -0.02611248
56 -0.00000099 0.54211299 0.00000151 0.02146483 0.00333253 -0.02089562
57 0.00969951 0.54248097 0.00041751 0.00000000 0.00000000 0.00000000
58 0.00000000 0.54072300 0.00000100 -0.01622997 -0.00280641 0.02656674
59 0.00000400 0.54147900 0.00000100 0.08345044 -0.00489015 0.00331043
60 -0.00000048 0.54103801 -0.00000100 0.57094674 0.01042506 -0.01843609
61 -0.00000099 0.51957952 0.00000000 0.79267200 0.00412500 -0.00223200
62 -0.00201567 0.52275231 -0.14268853 -0.18380342 -0.00446266 0.00609012
63 0.00000051 0.54251049 0.00000000 0.03298603 0.01414194 0.00105738
64 -0.00001100 0.54067100 0.00000000 0.01407251 0.00292899 0.00084216
65 0.00000000 0.53940000 0.00000000 -0.00332406 0.00000200 0.00095000
66 -1.37813800 3.89395300 -0.78387300 1.77690200 0.00000000 0.00000000
67 -10.90695600 0.47861700 -2.31595800 0.00000000 0.00000000 0.00000000
68 -2.47458600 -0.05751300 1.52871800 0.00000000 0.00000000 0.00000000
69 3.39013700 -0.70700700 0.09637000 0.00000000 0.00000000 0.00000000
70 -5.10141600 -1.60216700 -2.82126100 0.46170000 1.36724100 1.13609000
time 24
0 -0.00000100 8.45008800 -27.50902600 0.00000000 0.00000000 0.00003100
1 -0.00000200 0.00000000 0.00000000 1.57074700 -1.56714200 -1.57074700
2 4.25546500 -0.33518500 -0.00000200 0.00000000 0.00000000 -0.12484800
3 7.43125200 1.49648000 0.00000200 0.00000000 0.00000000 0.24545000
4 5.27847900 0.16554400 0.00000100 0.00000000 0.00000000 0.04851100
5 0.81061441 -11.13711942 4.61940891 1.97586600 1.15990900 -1.29878500
6 -6.21447800 -0.00001100 -0.00002800 -2.93548352 -0.80638900 1.48391536
7 11.94488700 0.00000000 -0.00000100 0.11721261 -0.39516997 1.72480734
8 10.62019000 0.00000000 0.00000000 1.75890667 0.01799530 2.75217662
9 -4.75110800 -0.69449200 0.83058100 -0.19617500 -0.07598900 0.33735800
10 -1.68808400 0.00004500 -0.00003100 0.01642800 -0.01846600 0.71331500
11 -1.33614300 0.00005900 -0.00001000 0.02584200 0.00517300 0.35617200
12 -4.82049200 -0.50945900 -0.22475900 -0.43210000 -0.06904400 1.18347900
13 -1.82698400 -0.00007100 0.00001000 0.00062300 0.04047200 1.28961100
14 -1.43657300 0.00000800 0.00000300 -0.06360300 -0.04470400 0.86686500
15 -3.99235500 -0.89118800 -1.82790700 -0.77162000 0.11408800 1.28870000
16 -1.40592200 -0.00003000 0.00000000 0.00603500 -0.02888300 0.66990400
17 -1.17535800 0.00012400 -0.00002100 0.06674100 0.01248300 1.28927800
18 -4.52674900 -0.69057700 -1.12074200 -0.60925600 0.08426700 1.37684800
19 -1.74403400 0.00003500 -0.00000700 -0.02225500 -0.01944400 1.26365700
20 -1.36876700 0.00002300 0.00000500 0.04001900 0.03390800 0.76286100
21 -2.03839699 -0.89278849 0.93250500 1.84958100 0.50887600 0.72095600
22 -1.62789100 0.15474652 0.01182601 -0.09987500 0.17985400 0.56094000
23 -1.59927900 0.00001000 0.00001100 0.03412200 -0.02595000 0.63135700
24 5.51182400 0.00000800 -0.00000400 2.08603467 -0.06549108 3.11620083
25 0.19684800 0.00000000 0.00000300 2.79340678 -0.00112144 -3.14135408
26 -4.55863147 -18.34159884 -7.42718606 2.44191300 1.34964900 2.25678400
27 6.21448800 0.00001100 0.00002100 -0.84473948 0.65993482 -1.74122625
28 11.94488700 -0.00003500 -0.00019900 -0.33131050 -0.29517353 -1.94762727
29 10.62017300 -0.00000400 0.00001000 2.77684526 -0.84662987 0.95925577
30 4.75117100 0.69437600 -0.83047700 -0.06487300 -0.39364000 0.55419500
31 1.68806800 -0.00002200 0.00000100 0.01171600 -0.02181400 0.94698000
32 1.33614300 -0.00005100 -0.00001000 0.00239400 -0.03863700 0.30776800
33 4.82051800 0.50934200 0.22486500 -0.12564700 -0.32635900 0.75031200
34 1.82700000 0.00006800 0.00001000 0.01352100 0.03817800 1.61369400
35 1.43658100 -0.00000600 0.00001100 0.01466500 0.00366700 -0.97448300
36 3.99235700 0.89108800 1.82799600 -0.36795900 -0.15069400 1.01187800
37 1.40592200 0.00003200 -0.00000500 -0.01759000 -0.02364400 1.51411800
38 1.17535800 -0.00012900 0.00000300 -0.10080900 0.07107400 -1.00405600
39 4.52676800 0.69046600 1.12084000 -0.25986600 -0.21940300 1.06704300
40 1.74403400 -0.00002600 0.00000000 -0.02622300 -0.01366700 1.50212900
41 1.36875900 -0.00003500 -0.00002200 -0.14793300 0.25506700 -1.34370900
42 1.87486800 0.93508100 -0.99913000 2.23325500 0.53457700 0.76202400
43 1.50709200 -0.12162549 0.00857000 -0.04879600 -0.02132400 0.07877900
44 1.59791600 -0.06895848 0.00290503 0.00631500 -0.05280800 -0.22499400
45 5.51181000 -0.00001100 0.00000600 -1.15076500 0.00000000 0.00000000
46 0.19684800 0.00000900 -0.00000100 -0.34822500 0.00001500 -0.00000200
47 0.00000000 1.00000000 0.00000000 0.00000000 0.00000000 -1.57079600
48 -3.85027600 32.39967000 -4.25170500 0.00000000 0.00000000 -3.14156200
49 -9.40495588 49.94352763 -2.62171966 0.43822733 -0.01871493 -0.67994289
50 11.00202320 1.00744835 -4.82373114 0.31172400 1.04103800 1.63469900
51 3.96184500 0.64297700 -1.92970300 0.00000000 0.00000000 0.00000000
52 0.80310100 0.45841200 -4.75786000 0.00000000 0.00000000 0.00000000
53 -0.20958701 3.29652951 1.68791751 1.58426800 0.00000000 -0.00000100
54 0.00552451 0.54110499 -0.03807948 0.01521194 -0.01215254 0.01113212
55 0.00000000 0.54065951 -0.00000001 0.21342425 0.00106893 -0.02623932
56 -0.00000099 0.54211299 0.00000151 0.02142238 0.00333205 -0.02089612
57 0.00969951 0.54248097 0.00041751 0.00000000 0.00000000 0.00000000
58 0.00000000 0.54072300 0.00000100 -0.01622997 -0.00280641 0.02656674
59 0.00000400 0.54147900 0.00000100 0.08345044 -0.00488818 0.00326749
60 -0.00000048 0.54103801 -0.00000100 0.57094509 0.01061467 -0.01878007
61 -0.00000099 0.51957952 0.00000000 0.79267200 0.00412500 -0.00223200
62 -0.00184883 0.52275083 -0.14269051 -0.18380286 -0.00453621 0.00575449
63 0.00000051 0.54251049 0.00000000 0.03298603 0.01414292 0.00101493
64 -0.00001100 0.54067100 0.00000000 0.01407251 0.00292899 0.00084216
65 0.00000000 0.53940000 0.00000000 -0.00336700 0.00000200 0.00095000
66 -1.37813800 3.89395300 -0.78387300 1.77690200 0.00000000 0.00000000
67 -10.90695600 0.47861700 -2.31595800 0.00000000 0.00000000 0.00000000
68 -2.47458600 -0.05751300 1.52871800 0.00000000 0.00000000 0.00000000
69 3.39013700 -0.70700700 0.09637000 0.00000000 0.00000000 0.00000000
70 -5.10141600 -1.60216700 -2.82126100 0.46170000 1.36724100 1.13609000
time 25
0 -0.00000100 8.45008800 -27.50902600 0.00000000 0.00000000 0.00003100
1 -0.00000200 0.00000000 0.00000000 1.57074700 -1.56714200 -1.57074700
2 4.25546500 -0.33518500 -0.00000200 0.00000000 0.00000000 -0.12484800
3 7.43125200 1.49648000 0.00000200 0.00000000 0.00000000 0.24545000
4 5.27847900 0.16554400 0.00000100 0.00000000 0.00000000 0.04851100
5 0.81061441 -11.13711942 4.61940891 1.97586600 1.15990900 -1.29878500
6 -6.21447800 -0.00001100 -0.00002800 -2.93444507 -0.80557077 1.47959372
7 11.94488700 0.00000000 -0.00000100 0.11641289 -0.39398073 1.72730344
8 10.62019000 0.00000000 0.00000000 1.75725204 0.02050824 2.73933159
9 -4.75110800 -0.69449200 0.83058100 -0.19617500 -0.07598900 0.33735800
10 -1.68808400 0.00004500 -0.00003100 0.01642800 -0.01846600 0.71331500
11 -1.33614300 0.00005900 -0.00001000 0.02584200 0.00517300 0.35617200
12 -4.82049200 -0.50945900 -0.22475900 -0.43210000 -0.06904400 1.18347900
13 -1.82698400 -0.00007100 0.00001000 0.00062300 0.04047200 1.28961100
14 -1.43657300 0.00000800 0.00000300 -0.06360300 -0.04470400 0.86686500
15 -3.99235500 -0.89118800 -1.82790700 -0.77162000 0.11408800 1.28870000
16 -1.40592200 -0.00003000 0.00000000 0.00603500 -0.02888300 0.66990400
17 -1.17535800 0.00012400 -0.00002100 0.06674100 0.01248300 1.28927800
18 -4.52674900 -0.69057700 -1.12074200 -0.60925600 0.08426700 1.37684800
19 -1.74403400 0.00003500 -0.00000700 -0.02225500 -0.01944400 1.26365700
20 -1.36876700 0.00002300 0.00000500 0.04001900 0.03390800 0.76286100
21 -2.03839699 -0.89278849 0.93250500 1.84958100 0.50887600 0.72095600
22 -1.62789100 0.15474652 0.01182601 -0.09987500 0.17985400 0.56094000
23 -1.59927900 0.00001000 0.00001100 0.03412200 -0.02595000 0.63135700
24 5.51182400 0.00000800 -0.00000400 2.08603467 -0.06549108 3.11620083
25 0.19684800 0.00000000 0.00000300 2.79340678 -0.00112144 -3.14135408
26 -4.55863147 -18.34159884 -7.42718606 2.44191300 1.34964900 2.25678400
27 6.21448800 0.00001100 0.00002100 -0.84532039 0.66653860 -1.73415524
28 11.94488700 -0.00003500 -0.00019900 -0.32968257 -0.29065535 -1.95287852
29 10.62017300 -0.00000400 0.00001000 2.76279618 -0.84357179 0.97055860
30 4.75117100 0.69437600 -0.83047700 -0.06487300 -0.39364000 0.55419500
31 1.68806800 -0.00002200 0.00000100 0.01171600 -0.02181400 0.94698000
32 1.33614300 -0.00005100 -0.00001000 0.00239400 -0.03863700 0.30776800
33 4.82051800 0.50934200 0.22486500 -0.12564700 -0.32635900 0.75031200
34 1.82700000 0.00006800 0.00001000 0.01352100 0.03817800 1.61369400
35 1.43658100 -0.00000600 0.00001100 0.01466500 0.00366700 -0.97448300
36 3.99235700 0.89108800 1.82799600 -0.36795900 -0.15069400 1.01187800
37 1.40592200 0.00003200 -0.00000500 -0.01759000 -0.02364400 1.51411800
38 1.17535800 -0.00012900 0.00000300 -0.10080900 0.07107400 -1.00405600
39 4.52676800 0.69046600 1.12084000 -0.25986600 -0.21940300 1.06704300
40 1.74403400 -0.00002600 0.00000000 -0.02622300 -0.01366700 1.50212900
41 1.36875900 -0.00003500 -0.00002200 -0.14793300 0.25506700 -1.34370900
42 1.87486800 0.93508100 -0.99913000 2.23325500 0.53457700 0.76202400
43 1.50709200 -0.12162549 0.00857000 -0.04879600 -0.02132400 0.07877900
44 1.59791600 -0.06895848 0.00290503 0.00631500 -0.05280800 -0.22499400
45 5.51181000 -0.00001100 0.00000600 -1.15076500 0.00000000 0.00000000
46 0.19684800 0.00000900 -0.00000100 -0.34822500 0.00001500 -0.00000200
47 0.00000000 1.00000000 0.00000000 0.00000000 0.00000000 -1.57079600
48 -3.85027600 32.39967000 -4.25170500 0.00000000 0.00000000 -3.14156200
49 -9.46906079 49.94352763 -2.66483179 0.43471940 -0.02640176 -0.68097969
50 11.00202320 1.00744835 -4.82373114 0.31172400 1.04103800 1.63469900
51 3.96184500 0.64297700 -1.92970300 0.00000000 0.00000000 0.00000000
52 0.80310100 0.45841200 -4.75786000 0.00000000 0.00000000 0.00000000
53 -0.20958701 3.29652951 1.68791751 1.58426800 0.00000000 -0.00000100
54 0.00552451 0.54110499 -0.03807948 0.01520853 -0.01283419 0.01108422
55 0.00000000 0.54065951 -0.00000001 0.21342343 0.00112918 -0.02640416
56 -0.00000099 0.54211299 0.00000151 0.02142238 0.00333205 -0.02089612
57 0.00969951 0.54248097 0.00041751 0.00000000 0.00000000 0.00000000
58 0.00000000 0.54072300 0.00000100 -0.01618753 -0.00280690 0.02656674
59 0.00000400 0.54147900 0.00000100 0.08345045 -0.00488472 0.00318259
60 -0.00000048 0.54103801 -0.00000100 0.57089895 0.01079208 -0.01908348
61 -0.00000099 0.51957952 0.00000000 0.79267200 0.00412500 -0.00223200
62 -0.00169187 0.52274985 -0.14269149 -0.18380266 -0.00456731 0.00541490
63 0.00000051 0.54251049 0.00000000 0.03298603 0.01414292 0.00101493
64 -0.00001100 0.54067100 0.00000000 0.01407251 0.00292899 0.00084216
65 0.00000000 0.53940000 0.00000000 -0.00332406 0.00000200 0.00099245
66 -1.37813800 3.89395300 -0.78387300 1.77690200 0.00000000 0.00000000
67 -10.90695600 0.47861700 -2.31595800 0.00000000 0.00000000 0.00000000
68 -2.47458600 -0.05751300 1.52871800 0.00000000 0.00000000 0.00000000
69 3.39013700 -0.70700700 0.09637000 0.00000000 0.00000000 0.00000000
70 -5.10141600 -1.60216700 -2.82126100 0.46170000 1.36724100 1.13609000
time 26
0 -0.00000100 8.45008800 -27.50902600 0.00000000 0.00000000 0.00003100
1 -0.00000200 0.00000000 0.00000000 1.57074700 -1.56714200 -1.57074700
2 4.25546500 -0.33518500 -0.00000200 0.00000000 0.00000000 -0.12484800
3 7.43125200 1.49648000 0.00000200 0.00000000 0.00000000 0.24545000
4 5.27847900 0.16554400 0.00000100 0.00000000 0.00000000 0.04851100
5 0.81061441 -11.13711942 4.61940891 1.97586600 1.15990900 -1.29878500
6 -6.21447800 -0.00001100 -0.00002800 -2.93280095 -0.80462548 1.47529279
7 11.94488700 0.00000000 -0.00000100 0.11551469 -0.39239227 1.73029018
8 10.62019000 0.00000000 0.00000000 1.75522407 0.02300329 2.72534597
9 -4.75110800 -0.69449200 0.83058100 -0.19617500 -0.07598900 0.33735800
10 -1.68808400 0.00004500 -0.00003100 0.01642800 -0.01846600 0.71331500
11 -1.33614300 0.00005900 -0.00001000 0.02584200 0.00517300 0.35617200
12 -4.82049200 -0.50945900 -0.22475900 -0.43210000 -0.06904400 1.18347900
13 -1.82698400 -0.00007100 0.00001000 0.00062300 0.04047200 1.28961100
14 -1.43657300 0.00000800 0.00000300 -0.06360300 -0.04470400 0.86686500
15 -3.99235500 -0.89118800 -1.82790700 -0.77162000 0.11408800 1.28870000
16 -1.40592200 -0.00003000 0.00000000 0.00603500 -0.02888300 0.66990400
17 -1.17535800 0.00012400 -0.00002100 0.06674100 0.01248300 1.28927800
18 -4.52674900 -0.69057700 -1.12074200 -0.60925600 0.08426700 1.37684800
19 -1.74403400 0.00003500 -0.00000700 -0.02225500 -0.01944400 1.26365700
20 -1.36876700 0.00002300 0.00000500 0.04001900 0.03390800 0.76286100
21 -2.03839699 -0.89278849 0.93250500 1.84958100 0.50887600 0.72095600
22 -1.62789100 0.15474652 0.01182601 -0.09987500 0.17985400 0.56094000
23 -1.59927900 0.00001000 0.00001100 0.03412200 -0.02595000 0.63135700
24 5.51182400 0.00000800 -0.00000400 2.08603467 -0.06549108 3.11620083
25 0.19684800 0.00000000 0.00000300 2.79340678 -0.00112144 -3.14135408
26 -4.55863147 -18.34159884 -7.42718606 2.44191300 1.34964900 2.25678400
27 6.21448800 0.00001100 0.00002100 -0.84587495 0.67284579 -1.72725810
28 11.94488700 -0.00003500 -0.00019900 -0.32810221 -0.28601984 -1.95800511
29 10.62017300 -0.00000400 0.00001000 2.74801589 -0.84045540 0.98270024
30 4.75117100 0.69437600 -0.83047700 -0.06487300 -0.39364000 0.55419500
31 1.68806800 -0.00002200 0.00000100 0.01171600 -0.02181400 0.94698000
32 1.33614300 -0.00005100 -0.00001000 0.00239400 -0.03863700 0.30776800
33 4.82051800 0.50934200 0.22486500 -0.12564700 -0.32635900 0.75031200
34 1.82700000 0.00006800 0.00001000 0.01352100 0.03817800 1.61369400
35 1.43658100 -0.00000600 0.00001100 0.01466500 0.00366700 -0.97448300
36 3.99235700 0.89108800 1.82799600 -0.36795900 -0.15069400 1.01187800
37 1.40592200 0.00003200 -0.00000500 -0.01759000 -0.02364400 1.51411800
38 1.17535800 -0.00012900 0.00000300 -0.10080900 0.07107400 -1.00405600
39 4.52676800 0.69046600 1.12084000 -0.25986600 -0.21940300 1.06704300
40 1.74403400 -0.00002600 0.00000000 -0.02622300 -0.01366700 1.50212900
41 1.36875900 -0.00003500 -0.00002200 -0.14793300 0.25506700 -1.34370900
42 1.87486800 0.93508100 -0.99913000 2.23325500 0.53457700 0.76202400
43 1.50709200 -0.12162549 0.00857000 -0.04879600 -0.02132400 0.07877900
44 1.59791600 -0.06895848 0.00290503 0.00631500 -0.05280800 -0.22499400
45 5.51181000 -0.00001100 0.00000600 -1.15076500 0.00000000 0.00000000
46 0.19684800 0.00000900 -0.00000100 -0.34822500 0.00001500 -0.00000200
47 0.00000000 1.00000000 0.00000000 0.00000000 0.00000000 -1.57079600
48 -3.85027600 32.39967000 -4.25170500 0.00000000 0.00000000 -3.14156200
49 -9.52967016 49.94352763 -2.70420845 0.43095281 -0.03438627 -0.68219454
50 11.00202320 1.00744835 -4.82373114 0.31172400 1.04103800 1.63469900
51 3.96184500 0.64297700 -1.92970300 0.00000000 0.00000000 0.00000000
52 0.80310100 0.45841200 -4.75786000 0.00000000 0.00000000 0.00000000
53 -0.20958701 3.29652951 1.68791751 1.58426800 0.00000000 -0.00000100
54 0.00552451 0.54110499 -0.03807948 0.01520495 -0.01351583 0.01107926
55 0.00000000 0.54065951 -0.00000001 0.21338056 0.00114260 -0.02653149
56 -0.00000099 0.54211299 0.00000151 0.02142238 0.00333255 -0.02093856
57 0.00969951 0.54248097 0.00041751 0.00000000 0.00000000 0.00000000
58 0.00000000 0.54072300 0.00000100 -0.01618753 -0.00280640 0.02660919
59 0.00000400 0.54147900 0.00000100 0.08345045 -0.00488324 0.00314014
60 -0.00000048 0.54103801 -0.00000100 0.57089730 0.01096984 -0.01938699
61 -0.00000099 0.51957952 0.00000000 0.79267200 0.00412500 -0.00223200
62 -0.00153935 0.52274935 -0.14269297 -0.18380215 -0.00464136 0.00507926
63 0.00000051 0.54251049 0.00000000 0.03298603 0.01414292 0.00101493
64 -0.00001100 0.54067100 0.00000000 0.01407251 0.00292899 0.00084216
65 0.00000000 0.53940000 0.00000000 -0.00336700 0.00000200 0.00099245
66 -1.37813800 3.89395300 -0.78387300 1.77690200 0.00000000 0.00000000
67 -10.90695600 0.47861700 -2.31595800 0.00000000 0.00000000 0.00000000
68 -2.47458600 -0.05751300 1.52871800 0.00000000 0.00000000 0.00000000
69 3.39013700 -0.70700700 0.09637000 0.00000000 0.00000000 0.00000000
70 -5.10141600 -1.60216700 -2.82126100 0.46170000 1.36724100 1.13609000
time 27
0 -0.00000100 8.45008800 -27.50902600 0.00000000 0.00000000 0.00003100
1 -0.00000200 0.00000000 0.00000000 1.57074700 -1.56714200 -1.57074700
2 4.25546500 -0.33518500 -0.00000200 0.00000000 0.00000000 -0.12484800
3 7.43125200 1.49648000 0.00000200 0.00000000 0.00000000 0.24545000
4 5.27847900 0.16554400 0.00000100 0.00000000 0.00000000 0.04851100
5 0.81061441 -11.13711942 4.61940891 1.97586600 1.15990900 -1.29878500
6 -6.21447800 -0.00001100 -0.00002800 -2.93042635 -0.80344446 1.47138430
7 11.94488700 0.00000000 -0.00000100 0.11415598 -0.39062058 1.73442457
8 10.62019000 0.00000000 0.00000000 1.75409061 0.02476865 2.70973815
9 -4.75110800 -0.69449200 0.83058100 -0.19617500 -0.07598900 0.33735800
10 -1.68808400 0.00004500 -0.00003100 0.01642800 -0.01846600 0.71331500
11 -1.33614300 0.00005900 -0.00001000 0.02584200 0.00517300 0.35617200
12 -4.82049200 -0.50945900 -0.22475900 -0.43210000 -0.06904400 1.18347900
13 -1.82698400 -0.00007100 0.00001000 0.00062300 0.04047200 1.28961100
14 -1.43657300 0.00000800 0.00000300 -0.06360300 -0.04470400 0.86686500
15 -3.99235500 -0.89118800 -1.82790700 -0.77162000 0.11408800 1.28870000
16 -1.40592200 -0.00003000 0.00000000 0.00603500 -0.02888300 0.66990400
17 -1.17535800 0.00012400 -0.00002100 0.06674100 0.01248300 1.28927800
18 -4.52674900 -0.69057700 -1.12074200 -0.60925600 0.08426700 1.37684800
19 -1.74403400 0.00003500 -0.00000700 -0.02225500 -0.01944400 1.26365700
20 -1.36876700 0.00002300 0.00000500 0.04001900 0.03390800 0.76286100
21 -2.03839699 -0.89278849 0.93250500 1.84958100 0.50887600 0.72095600
22 -1.62789100 0.15474652 0.01182601 -0.09987500 0.17985400 0.56094000
23 -1.59927900 0.00001000 0.00001100 0.03412200 -0.02595000 0.63135700
24 5.51182400 0.00000800 -0.00000400 2.08603467 -0.06549108 3.11620083
25 0.19684800 0.00000000 0.00000300 2.79340678 -0.00112144 -3.14135408
26 -4.55863147 -18.34159884 -7.42718606 2.44191300 1.34964900 2.25678400
27 6.21448800 0.00001100 0.00002100 -0.84530390 0.67912864 -1.72121195
28 11.94488700 -0.00003500 -0.00019900 -0.32676005 -0.28191248 -1.96215446
29 10.62017300 -0.00000400 0.00001000 2.73265985 -0.83799680 0.99348552
30 4.75117100 0.69437600 -0.83047700 -0.06487300 -0.39364000 0.55419500
31 1.68806800 -0.00002200 0.00000100 0.01171600 -0.02181400 0.94698000
32 1.33614300 -0.00005100 -0.00001000 0.00239400 -0.03863700 0.30776800
33 4.82051800 0.50934200 0.22486500 -0.12564700 -0.32635900 0.75031200
34 1.82700000 0.00006800 0.00001000 0.01352100 0.03817800 1.61369400
35 1.43658100 -0.00000600 0.00001100 0.01466500 0.00366700 -0.97448300
36 3.99235700 0.89108800 1.82799600 -0.36795900 -0.15069400 1.01187800
37 1.40592200 0.00003200 -0.00000500 -0.01759000 -0.02364400 1.51411800
38 1.17535800 -0.00012900 0.00000300 -0.10080900 0.07107400 -1.00405600
39 4.52676800 0.69046600 1.12084000 -0.25986600 -0.21940300 1.06704300
40 1.74403400 -0.00002600 0.00000000 -0.02622300 -0.01366700 1.50212900
41 1.36875900 -0.00003500 -0.00002200 -0.14793300 0.25506700 -1.34370900
42 1.87486800 0.93508100 -0.99913000 2.23325500 0.53457700 0.76202400
43 1.50709200 -0.12162549 0.00857000 -0.04879600 -0.02132400 0.07877900
44 1.59791600 -0.06895848 0.00290503 0.00631500 -0.05280800 -0.22499400
45 5.51181000 -0.00001100 0.00000600 -1.15076500 0.00000000 0.00000000
46 0.19684800 0.00000900 -0.00000100 -0.34822500 0.00001500 -0.00000200
47 0.00000000 1.00000000 0.00000000 0.00000000 0.00000000 -1.57079600
48 -3.85027600 32.39967000 -4.25170500 0.00000000 0.00000000 -3.14156200
49 -9.57857192 49.94352763 -2.74125758 0.42802842 -0.04298647 -0.68395521
50 11.00202320 1.00744835 -4.82373114 0.31172400 1.04103800 1.63469900
51 3.96184500 0.64297700 -1.92970300 0.00000000 0.00000000 0.00000000
52 0.80310100 0.45841200 -4.75786000 0.00000000 0.00000000 0.00000000
53 -0.20958701 3.29652951 1.68791751 1.58426800 0.00000000 -0.00000100
54 0.00552451 0.54110499 -0.03807948 0.01520138 -0.01411209 0.01107479
55 0.00000000 0.54065951 -0.00000001 0.21338064 0.00115596 -0.02665883
56 -0.00000099 0.54211299 0.00000151 0.02137993 0.00333206 -0.02093856
57 0.00969951 0.54248097 0.00041751 0.00000000 0.00000000 0.00000000
58 0.00000000 0.54072300 0.00000100 -0.01618753 -0.00280640 0.02660919
59 0.00000400 0.54147900 0.00000100 0.08345094 -0.00488127 0.00309720
60 -0.00000048 0.54103801 -0.00000100 0.57085113 0.01113543 -0.01964942
61 -0.00000099 0.51957952 0.00000000 0.79267200 0.00412500 -0.00223200
62 -0.00140263 0.52274738 -0.14269495 -0.18380140 -0.00466456 0.00482506
63 0.00000051 0.54251049 0.00000000 0.03298553 0.01414342 0.00097248
64 -0.00001100 0.54067100 0.00000000 0.01402845 0.00292898 0.00084216
65 0.00000000 0.53940000 0.00000000 -0.00336700 0.00000200 0.00099245
66 -1.37813800 3.89395300 -0.78387300 1.77690200 0.00000000 0.00000000
67 -10.90695600 0.47861700 -2.31595800 0.00000000 0.00000000 0.00000000
68 -2.47458600 -0.05751300 1.52871800 0.00000000 0.00000000 0.00000000
69 3.39013700 -0.70700700 0.09637000 0.00000000 0.00000000 0.00000000
70 -5.10141600 -1.60216700 -2.82126100 0.46170000 1.36724100 1.13609000
time 28
0 -0.00000100 8.45008800 -27.50902600 0.00000000 0.00000000 0.00003100
1 -0.00000200 0.00000000 0.00000000 1.57074700 -1.56714200 -1.57074700
2 4.25546500 -0.33518500 -0.00000200 0.00000000 0.00000000 -0.12484800
3 7.43125200 1.49648000 0.00000200 0.00000000 0.00000000 0.24545000
4 5.27847900 0.16554400 0.00000100 0.00000000 0.00000000 0.04851100
5 0.81061441 -11.13711942 4.61940891 1.97586600 1.15990900 -1.29878500
6 -6.21447800 -0.00001100 -0.00002800 -2.92592106 -0.80156950 1.46829450
7 11.94488700 0.00000000 -0.00000100 0.11195109 -0.38833816 1.74142247
8 10.62019000 0.00000000 0.00000000 1.75534944 0.02452229 2.68995246
9 -4.75110800 -0.69449200 0.83058100 -0.19617500 -0.07598900 0.33735800
10 -1.68808400 0.00004500 -0.00003100 0.01642800 -0.01846600 0.71331500
11 -1.33614300 0.00005900 -0.00001000 0.02584200 0.00517300 0.35617200
12 -4.82049200 -0.50945900 -0.22475900 -0.43210000 -0.06904400 1.18347900
13 -1.82698400 -0.00007100 0.00001000 0.00062300 0.04047200 1.28961100
14 -1.43657300 0.00000800 0.00000300 -0.06360300 -0.04470400 0.86686500
15 -3.99235500 -0.89118800 -1.82790700 -0.77162000 0.11408800 1.28870000
16 -1.40592200 -0.00003000 0.00000000 0.00603500 -0.02888300 0.66990400
17 -1.17535800 0.00012400 -0.00002100 0.06674100 0.01248300 1.28927800
18 -4.52674900 -0.69057700 -1.12074200 -0.60925600 0.08426700 1.37684800
19 -1.74403400 0.00003500 -0.00000700 -0.02225500 -0.01944400 1.26365700
20 -1.36876700 0.00002300 0.00000500 0.04001900 0.03390800 0.76286100
21 -2.03839699 -0.89278849 0.93250500 1.84958100 0.50887600 0.72095600
22 -1.62789100 0.15474652 0.01182601 -0.09987500 0.17985400 0.56094000
23 -1.59927900 0.00001000 0.00001100 0.03412200 -0.02595000 0.63135700
24 5.51182400 0.00000800 -0.00000400 2.08603467 -0.06549108 3.11620083
25 0.19684800 0.00000000 0.00000300 2.79340678 -0.00112144 -3.14135408
26 -4.55863147 -18.34159884 -7.42718606 2.44191300 1.34964900 2.25678400
27 6.21448800 0.00001100 0.00002100 -0.84279689 0.68503137 -1.71711536
28 11.94488700 -0.00003500 -0.00019900 -0.32598380 -0.27876694 -1.96429611
29 10.62017300 -0.00000400 0.00001000 2.71521602 -0.83710452 1.00194308
30 4.75117100 0.69437600 -0.83047700 -0.06487300 -0.39364000 0.55419500
31 1.68806800 -0.00002200 0.00000100 0.01171600 -0.02181400 0.94698000
32 1.33614300 -0.00005100 -0.00001000 0.00239400 -0.03863700 0.30776800
33 4.82051800 0.50934200 0.22486500 -0.12564700 -0.32635900 0.75031200
34 1.82700000 0.00006800 0.00001000 0.01352100 0.03817800 1.61369400
35 1.43658100 -0.00000600 0.00001100 0.01466500 0.00366700 -0.97448300
36 3.99235700 0.89108800 1.82799600 -0.36795900 -0.15069400 1.01187800
37 1.40592200 0.00003200 -0.00000500 -0.01759000 -0.02364400 1.51411800
38 1.17535800 -0.00012900 0.00000300 -0.10080900 0.07107400 -1.00405600
39 4.52676800 0.69046600 1.12084000 -0.25986600 -0.21940300 1.06704300
40 1.74403400 -0.00002600 0.00000000 -0.02622300 -0.01366700 1.50212900
41 1.36875900 -0.00003500 -0.00002200 -0.14793300 0.25506700 -1.34370900
42 1.87486800 0.93508100 -0.99913000 2.23325500 0.53457700 0.76202400
43 1.50709200 -0.12162549 0.00857000 -0.04879600 -0.02132400 0.07877900
44 1.59791600 -0.06895848 0.00290503 0.00631500 -0.05280800 -0.22499400
45 5.51181000 -0.00001100 0.00000600 -1.15076500 0.00000000 0.00000000
46 0.19684800 0.00000900 -0.00000100 -0.34822500 0.00001500 -0.00000200
47 0.00000000 1.00000000 0.00000000 0.00000000 0.00000000 -1.57079600
48 -3.85027600 32.39967000 -4.25170500 0.00000000 0.00000000 -3.14156200
49 -9.60229424 49.94352763 -2.77041026 0.42733732 -0.05315981 -0.68711721
50 11.00202320 1.00744835 -4.82373114 0.31172400 1.04103800 1.63469900
51 3.96184500 0.64297700 -1.92970300 0.00000000 0.00000000 0.00000000
52 0.80310100 0.45841200 -4.75786000 0.00000000 0.00000000 0.00000000
53 -0.20958701 3.29652951 1.68791751 1.58426800 0.00000000 -0.00000100
54 0.00552451 0.54110499 -0.03807948 0.01519881 -0.01466639 0.01107083
55 0.00000000 0.54065951 -0.00000001 0.21337980 0.00121226 -0.02678123
56 -0.00000099 0.54211299 0.00000151 0.02137993 0.00333206 -0.02093856
57 0.00969951 0.54248097 0.00041751 0.00000000 0.00000000 0.00000000
58 0.00000000 0.54072300 0.00000100 -0.01614458 -0.00280689 0.02660919
59 0.00000400 0.54147900 0.00000100 0.08345095 -0.00487930 0.00305475
60 -0.00000048 0.54103801 -0.00000100 0.57084943 0.01130085 -0.01991146
61 -0.00000099 0.51957952 0.00000000 0.79267200 0.00412500 -0.00223200
62 -0.00127281 0.52274738 -0.14269544 -0.18384365 -0.00469203 0.00452790
63 0.00000051 0.54251049 0.00000000 0.03298553 0.01414342 0.00097248
64 -0.00001100 0.54067100 0.00000000 0.01407251 0.00292899 0.00084216
65 0.00000000 0.53940000 0.00000000 -0.00332406 0.00000200 0.00099245
66 -1.37813800 3.89395300 -0.78387300 1.77690200 0.00000000 0.00000000
67 -10.90695600 0.47861700 -2.31595800 0.00000000 0.00000000 0.00000000
68 -2.47458600 -0.05751300 1.52871800 0.00000000 0.00000000 0.00000000
69 3.39013700 -0.70700700 0.09637000 0.00000000 0.00000000 0.00000000
70 -5.10141600 -1.60216700 -2.82126100 0.46170000 1.36724100 1.13609000
time 29
0 -0.00000100 8.45008800 -27.50902600 0.00000000 0.00000000 0.00003100
1 -0.00000200 0.00000000 0.00000000 1.57074700 -1.56714200 -1.57074700
2 4.25546500 -0.33518500 -0.00000200 0.00000000 0.00000000 -0.12484800
3 7.43125200 1.49648000 0.00000200 0.00000000 0.00000000 0.24545000
4 5.27847900 0.16554400 0.00000100 0.00000000 0.00000000 0.04851100
5 0.81061441 -11.13711942 4.61940891 1.97586600 1.15990900 -1.29878500
6 -6.21447800 -0.00001100 -0.00002800 -2.92097670 -0.79943994 1.46489619
7 11.94488700 0.00000000 -0.00000100 0.10982909 -0.38582443 1.74812933
8 10.62019000 0.00000000 0.00000000 1.75660555 0.02443835 2.67046101
9 -4.75110800 -0.69449200 0.83058100 -0.19617500 -0.07598900 0.33735800
10 -1.68808400 0.00004500 -0.00003100 0.01642800 -0.01846600 0.71331500
11 -1.33614300 0.00005900 -0.00001000 0.02584200 0.00517300 0.35617200
12 -4.82049200 -0.50945900 -0.22475900 -0.43210000 -0.06904400 1.18347900
13 -1.82698400 -0.00007100 0.00001000 0.00062300 0.04047200 1.28961100
14 -1.43657300 0.00000800 0.00000300 -0.06360300 -0.04470400 0.86686500
15 -3.99235500 -0.89118800 -1.82790700 -0.77162000 0.11408800 1.28870000
16 -1.40592200 -0.00003000 0.00000000 0.00603500 -0.02888300 0.66990400
17 -1.17535800 0.00012400 -0.00002100 0.06674100 0.01248300 1.28927800
18 -4.52674900 -0.69057700 -1.12074200 -0.60925600 0.08426700 1.37684800
19 -1.74403400 0.00003500 -0.00000700 -0.02225500 -0.01944400 1.26365700
20 -1.36876700 0.00002300 0.00000500 0.04001900 0.03390800 0.76286100
21 -2.03839699 -0.89278849 0.93250500 1.84958100 0.50887600 0.72095600
22 -1.62789100 0.15474652 0.01182601 -0.09987500 0.17985400 0.56094000
23 -1.59927900 0.00001000 0.00001100 0.03412200 -0.02595000 0.63135700
24 5.51182400 0.00000800 -0.00000400 2.08603467 -0.06549108 3.11620083
25 0.19684800 0.00000000 0.00000300 2.79340678 -0.00112144 -3.14135408
26 -4.55863147 -18.34159884 -7.42718606 2.44191300 1.34964900 2.25678400
27 6.21448800 0.00001100 0.00002100 -0.84054579 0.69050134 -1.71335501
28 11.94488700 -0.00003500 -0.00019900 -0.32526622 -0.27560968 -1.96627262
29 10.62017300 -0.00000400 0.00001000 2.69815924 -0.83609720 1.01020713
30 4.75117100 0.69437600 -0.83047700 -0.06487300 -0.39364000 0.55419500
31 1.68806800 -0.00002200 0.00000100 0.01171600 -0.02181400 0.94698000
32 1.33614300 -0.00005100 -0.00001000 0.00239400 -0.03863700 0.30776800
33 4.82051800 0.50934200 0.22486500 -0.12564700 -0.32635900 0.75031200
34 1.82700000 0.00006800 0.00001000 0.01352100 0.03817800 1.61369400
35 1.43658100 -0.00000600 0.00001100 0.01466500 0.00366700 -0.97448300
36 3.99235700 0.89108800 1.82799600 -0.36795900 -0.15069400 1.01187800
37 1.40592200 0.00003200 -0.00000500 -0.01759000 -0.02364400 1.51411800
38 1.17535800 -0.00012900 0.00000300 -0.10080900 0.07107400 -1.00405600
39 4.52676800 0.69046600 1.12084000 -0.25986600 -0.21940300 1.06704300
40 1.74403400 -0.00002600 0.00000000 -0.02622300 -0.01366700 1.50212900
41 1.36875900 -0.00003500 -0.00002200 -0.14793300 0.25506700 -1.34370900
42 1.87486800 0.93508100 -0.99913000 2.23325500 0.53457700 0.76202400
43 1.50709200 -0.12162549 0.00857000 -0.04879600 -0.02132400 0.07877900
44 1.59791600 -0.06895848 0.00290503 0.00631500 -0.05280800 -0.22499400
45 5.51181000 -0.00001100 0.00000600 -1.15076500 0.00000000 0.00000000
46 0.19684800 0.00000900 -0.00000100 -0.34822500 0.00001500 -0.00000200
47 0.00000000 1.00000000 0.00000000 0.00000000 0.00000000 -1.57079600
48 -3.85027600 32.39967000 -4.25170500 0.00000000 0.00000000 -3.14156200
49 -9.62468324 49.94352763 -2.79521153 0.42679235 -0.06307172 -0.69026044
50 11.00202320 1.00744835 -4.82373114 0.31172400 1.04103800 1.63469900
51 3.96184500 0.64297700 -1.92970300 0.00000000 0.00000000 0.00000000
52 0.80310100 0.45841200 -4.75786000 0.00000000 0.00000000 0.00000000
53 -0.20958701 3.29652951 1.68791751 1.58426800 0.00000000 -0.00000100
54 0.00552451 0.54110499 -0.03807948 0.01519574 -0.01517775 0.01106685
55 0.00000000 0.54065951 -0.00000001 0.21333692 0.00122075 -0.02686610
56 -0.00000099 0.54211299 0.00000151 0.02137993 0.00333206 -0.02093856
57 0.00969951 0.54248097 0.00041751 0.00000000 0.00000000 0.00000000
58 0.00000000 0.54072300 0.00000100 -0.01614458 -0.00280689 0.02660919
59 0.00000400 0.54147900 0.00000100 0.08345095 -0.00487782 0.00301230
60 -0.00000048 0.54103801 -0.00000100 0.57084799 0.01141394 -0.02014488
61 -0.00000099 0.51957952 0.00000000 0.79267200 0.00412500 -0.00223200
62 -0.00115781 0.52274639 -0.14269742 -0.18384355 -0.00475373 0.00431961
63 0.00000051 0.54251049 0.00000000 0.03298553 0.01414342 0.00097248
64 -0.00001100 0.54067100 0.00000000 0.01407251 0.00292899 0.00084216
65 0.00000000 0.53940000 0.00000000 -0.00336700 0.00000200 0.00099245
66 -1.37813800 3.89395300 -0.78387300 1.77690200 0.00000000 0.00000000
67 -10.90695600 0.47861700 -2.31595800 0.00000000 0.00000000 0.00000000
68 -2.47458600 -0.05751300 1.52871800 0.00000000 0.00000000 0.00000000
69 3.39013700 -0.70700700 0.09637000 0.00000000 0.00000000 0.00000000
70 -5.10141600 -1.60216700 -2.82126100 0.46170000 1.36724100 1.13609000
time 30
0 -0.00000100 8.45008800 -27.50902600 0.00000000 0.00000000 0.00003100
1 -0.00000200 0.00000000 0.00000000 1.57074700 -1.56714200 -1.57074700
2 4.25546500 -0.33518500 -0.00000200 0.00000000 0.00000000 -0.12484800
3 7.43125200 1.49648000 0.00000200 0.00000000 0.00000000 0.24545000
4 5.27847900 0.16554400 0.00000100 0.00000000 0.00000000 0.04851100
5 0.81061441 -11.13711942 4.61940891 1.97586600 1.15990900 -1.29878500
6 -6.21447800 -0.00001100 -0.00002800 -2.91590306 -0.79728078 1.46128007
7 11.94488700 0.00000000 -0.00000100 0.10776449 -0.38330580 1.75466913
8 10.62019000 0.00000000 0.00000000 1.75767962 0.02450558 2.65119332
9 -4.75110800 -0.69449200 0.83058100 -0.19617500 -0.07598900 0.33735800
10 -1.68808400 0.00004500 -0.00003100 0.01642800 -0.01846600 0.71331500
11 -1.33614300 0.00005900 -0.00001000 0.02584200 0.00517300 0.35617200
12 -4.82049200 -0.50945900 -0.22475900 -0.43210000 -0.06904400 1.18347900
13 -1.82698400 -0.00007100 0.00001000 0.00062300 0.04047200 1.28961100
14 -1.43657300 0.00000800 0.00000300 -0.06360300 -0.04470400 0.86686500
15 -3.99235500 -0.89118800 -1.82790700 -0.77162000 0.11408800 1.28870000
16 -1.40592200 -0.00003000 0.00000000 0.00603500 -0.02888300 0.66990400
17 -1.17535800 0.00012400 -0.00002100 0.06674100 0.01248300 1.28927800
18 -4.52674900 -0.69057700 -1.12074200 -0.60925600 0.08426700 1.37684800
19 -1.74403400 0.00003500 -0.00000700 -0.02225500 -0.01944400 1.26365700
20 -1.36876700 0.00002300 0.00000500 0.04001900 0.03390800 0.76286100
21 -2.03839851 -0.89278749 0.93250500 1.84958100 0.50887600 0.72095600
22 -1.62789048 0.15474597 0.01182600 -0.09987500 0.17985400 0.56094000
23 -1.59927900 0.00001000 0.00001100 0.03412200 -0.02595000 0.63135700
24 5.51182400 0.00000800 -0.00000400 2.08603467 -0.06549108 3.11620083
25 0.19684800 0.00000000 0.00000300 2.79340678 -0.00112144 -3.14135408
26 -4.55863147 -18.34159884 -7.42718606 2.44191300 1.34964900 2.25678400
27 6.21448800 0.00001100 0.00002100 -0.83865510 0.69568137 -1.70989134
28 11.94488700 -0.00003500 -0.00019900 -0.32468112 -0.27246175 -1.96800210
29 10.62017300 -0.00000400 0.00001000 2.68159370 -0.83479666 1.01844393
30 4.75117100 0.69437600 -0.83047700 -0.06487300 -0.39364000 0.55419500
31 1.68806800 -0.00002200 0.00000100 0.01171600 -0.02181400 0.94698000
32 1.33614300 -0.00005100 -0.00001000 0.00239400 -0.03863700 0.30776800
33 4.82051800 0.50934200 0.22486500 -0.12564700 -0.32635900 0.75031200
34 1.82700000 0.00006800 0.00001000 0.01352100 0.03817800 1.61369400
35 1.43658100 -0.00000600 0.00001100 0.01466500 0.00366700 -0.97448300
36 3.99235700 0.89108800 1.82799600 -0.36795900 -0.15069400 1.01187800
37 1.40592200 0.00003200 -0.00000500 -0.01759000 -0.02364400 1.51411800
38 1.17535800 -0.00012900 0.00000300 -0.10080900 0.07107400 -1.00405600
39 4.52676800 0.69046600 1.12084000 -0.25986600 -0.21940300 1.06704300
40 1.74403400 -0.00002600 0.00000000 -0.02622300 -0.01366700 1.50212900
41 1.36875900 -0.00003500 -0.00002200 -0.14793300 0.25506700 -1.34370900
42 1.87486800 0.93508100 -0.99913000 2.23325500 0.53457700 0.76202400
43 1.50709399 -0.12162701 0.00857151 -0.04879600 -0.02132400 0.07877900
44 1.59791453 -0.06895848 0.00290300 0.00631500 -0.05280800 -0.22499400
45 5.51181000 -0.00001100 0.00000600 -1.15076500 0.00000000 0.00000000
46 0.19684800 0.00000900 -0.00000100 -0.34822500 0.00001500 -0.00000200
47 0.00000000 1.00000000 0.00000000 0.00000000 0.00000000 -1.57079600
48 -3.85027600 32.39967000 -4.25170500 0.00000000 0.00000000 -3.14156200
49 -9.64651098 49.94352763 -2.81739063 0.42627232 -0.07268708 -0.69347036
50 11.00201360 1.00745236 -4.82372870 0.31172400 1.04103800 1.63469900
51 3.96184500 0.64297700 -1.92970300 0.00000000 0.00000000 0.00000000
52 0.80310100 0.45841200 -4.75786000 0.00000000 0.00000000 0.00000000
53 -0.20958500 3.29652699 1.68791748 1.58426800 0.00000000 -0.00000100
54 0.00552599 0.54110400 -0.03808151 0.01519368 -0.01560372 0.01106387
55 -0.00000101 0.54065951 -0.00000101 0.21333700 0.00123411 -0.02699295
56 -0.00000149 0.54211249 0.00000000 0.02137993 0.00333256 -0.02098101
57 0.00970494 0.54248151 0.00024271 0.00000000 0.00000000 0.00000000
58 0.00000000 0.54072300 0.00000100 -0.01614458 -0.00280689 0.02660919
59 0.00000400 0.54147900 0.00000100 0.08345095 -0.00487584 0.00296985
60 0.00000147 0.54103800 0.00000051 0.57080213 0.01155534 -0.02032587
61 0.00000051 0.51957648 -0.00000049 0.79267200 0.00412500 -0.00223200
62 -0.00105810 0.52274594 -0.14269939 -0.18384279 -0.00477347 0.00410736
63 0.00000003 0.54251151 0.00000000 0.03298553 0.01414342 0.00097248
64 -0.00001100 0.54067100 0.00000000 0.01407251 0.00292948 0.00079971
65 0.00000000 0.53940000 0.00000000 -0.00332406 0.00000200 0.00099245
66 -1.37813800 3.89395300 -0.78387300 1.77690200 0.00000000 0.00000000
67 -10.90695600 0.47861700 -2.31595800 0.00000000 0.00000000 0.00000000
68 -2.47458600 -0.05751300 1.52871800 0.00000000 0.00000000 0.00000000
69 3.39013700 -0.70700700 0.09637000 0.00000000 0.00000000 0.00000000
70 -5.10141600 -1.60216700 -2.82126100 0.46170000 1.36724100 1.13609000
time 31
0 -0.00000100 8.45008800 -27.50902600 0.00000000 0.00000000 0.00003100
1 -0.00000200 0.00000000 0.00000000 1.57074700 -1.56714200 -1.57074700
2 4.25546500 -0.33518500 -0.00000200 0.00000000 0.00000000 -0.12484800
3 7.43125200 1.49648000 0.00000200 0.00000000 0.00000000 0.24545000
4 5.27847900 0.16554400 0.00000100 0.00000000 0.00000000 0.04851100
5 0.81061441 -11.13711942 4.61940891 1.97586600 1.15990900 -1.29878500
6 -6.21447800 -0.00001100 -0.00002800 -2.91321495 -0.79662239 1.46349767
7 11.94488700 0.00000000 -0.00000100 0.10554448 -0.38167187 1.76147297
8 10.62019000 0.00000000 0.00000000 1.76189422 0.02271479 2.64106157
9 -4.75110800 -0.69449200 0.83058100 -0.19617500 -0.07598900 0.33735800
10 -1.68808400 0.00004500 -0.00003100 0.01642800 -0.01846600 0.71331500
11 -1.33614300 0.00005900 -0.00001000 0.02584200 0.00517300 0.35617200
12 -4.82049200 -0.50945900 -0.22475900 -0.43210000 -0.06904400 1.18347900
13 -1.82698400 -0.00007100 0.00001000 0.00062300 0.04047200 1.28961100
14 -1.43657300 0.00000800 0.00000300 -0.06360300 -0.04470400 0.86686500
15 -3.99235500 -0.89118800 -1.82790700 -0.77162000 0.11408800 1.28870000
16 -1.40592200 -0.00003000 0.00000000 0.00603500 -0.02888300 0.66990400
17 -1.17535800 0.00012400 -0.00002100 0.06674100 0.01248300 1.28927800
18 -4.52674900 -0.69057700 -1.12074200 -0.60925600 0.08426700 1.37684800
19 -1.74403400 0.00003500 -0.00000700 -0.02225500 -0.01944400 1.26365700
20 -1.36876700 0.00002300 0.00000500 0.04001900 0.03390800 0.76286100
21 -2.03839851 -0.89278749 0.93250500 1.84958100 0.50887600 0.72095600
22 -1.62789048 0.15474597 0.01182600 -0.09987500 0.17985400 0.56094000
23 -1.59927900 0.00001000 0.00001100 0.03412200 -0.02595000 0.63135700
24 5.51182400 0.00000800 -0.00000400 2.08603467 -0.06549108 3.11620083
25 0.19684800 0.00000000 0.00000300 2.79340678 -0.00112144 -3.14135408
26 -4.55863147 -18.34159884 -7.42718606 2.44191300 1.34964900 2.25678400
27 6.21448800 0.00001100 0.00002100 -0.83371198 0.69704148 -1.71164366
28 11.94488700 -0.00003500 -0.00019900 -0.32556232 -0.27298156 -1.96486935
29 10.62017300 -0.00000400 0.00001000 2.67388703 -0.83723305 1.01521534
30 4.75117100 0.69437600 -0.83047700 -0.06487300 -0.39364000 0.55419500
31 1.68806800 -0.00002200 0.00000100 0.01171600 -0.02181400 0.94698000
32 1.33614300 -0.00005100 -0.00001000 0.00239400 -0.03863700 0.30776800
33 4.82051800 0.50934200 0.22486500 -0.12564700 -0.32635900 0.75031200
34 1.82700000 0.00006800 0.00001000 0.01352100 0.03817800 1.61369400
35 1.43658100 -0.00000600 0.00001100 0.01466500 0.00366700 -0.97448300
36 3.99235700 0.89108800 1.82799600 -0.36795900 -0.15069400 1.01187800
37 1.40592200 0.00003200 -0.00000500 -0.01759000 -0.02364400 1.51411800
38 1.17535800 -0.00012900 0.00000300 -0.10080900 0.07107400 -1.00405600
39 4.52676800 0.69046600 1.12084000 -0.25986600 -0.21940300 1.06704300
40 1.74403400 -0.00002600 0.00000000 -0.02622300 -0.01366700 1.50212900
41 1.36875900 -0.00003500 -0.00002200 -0.14793300 0.25506700 -1.34370900
42 1.87486800 0.93508100 -0.99913000 2.23325500 0.53457700 0.76202400
43 1.50709399 -0.12162701 0.00857151 -0.04879600 -0.02132400 0.07877900
44 1.59791453 -0.06895848 0.00290300 0.00631500 -0.05280800 -0.22499400
45 5.51181000 -0.00001100 0.00000600 -1.15076500 0.00000000 0.00000000
46 0.19684800 0.00000900 -0.00000100 -0.34822500 0.00001500 -0.00000200
47 0.00000000 1.00000000 0.00000000 0.00000000 0.00000000 -1.57079600
48 -3.85027600 32.39967000 -4.25170500 0.00000000 0.00000000 -3.14156200
49 -9.60220790 49.94352763 -2.82593329 0.42971001 -0.07710205 -0.69713925
50 11.00201360 1.00745236 -4.82372870 0.31172400 1.04103800 1.63469900
51 3.96184500 0.64297700 -1.92970300 0.00000000 0.00000000 0.00000000
52 0.80310100 0.45841200 -4.75786000 0.00000000 0.00000000 0.00000000
53 -0.20958500 3.29652699 1.68791748 1.58426800 0.00000000 -0.00000100
54 0.00552599 0.54110400 -0.03808151 0.01519163 -0.01598724 0.01106089
55 -0.00000101 0.54065951 -0.00000101 0.21333612 0.00128101 -0.02703095
56 -0.00000149 0.54211249 0.00000000 0.02133699 0.00333208 -0.02098151
57 0.00970494 0.54248151 0.00024271 0.00000000 0.00000000 0.00000000
58 0.00000000 0.54072300 0.00000100 -0.01610213 -0.00280736 0.02665164
59 0.00000400 0.54147900 0.00000100 0.08345095 -0.00487436 0.00292691
60 0.00000147 0.54103800 0.00000051 0.57080108 0.01165609 -0.02051832
61 0.00000051 0.51957648 -0.00000049 0.79267200 0.00412500 -0.00223200
62 -0.00097518 0.52274594 -0.14269939 -0.18384247 -0.00478927 0.00393806
63 0.00000003 0.54251151 0.00000000 0.03298504 0.01414391 0.00092954
64 -0.00001100 0.54067100 0.00000000 0.01407251 0.00292948 0.00079971
65 0.00000000 0.53940000 0.00000000 -0.00336700 0.00000200 0.00099245
66 -1.37813800 3.89395300 -0.78387300 1.77690200 0.00000000 0.00000000
67 -10.90695600 0.47861700 -2.31595800 0.00000000 0.00000000 0.00000000
68 -2.47458600 -0.05751300 1.52871800 0.00000000 0.00000000 0.00000000
69 3.39013700 -0.70700700 0.09637000 0.00000000 0.00000000 0.00000000
70 -5.10141600 -1.60216700 -2.82126100 0.46170000 1.36724100 1.13609000
time 32
0 -0.00000100 8.45008800 -27.50902600 0.00000000 0.00000000 0.00003100
1 -0.00000200 0.00000000 0.00000000 1.57074700 -1.56714200 -1.57074700
2 4.25546500 -0.33518500 -0.00000200 0.00000000 0.00000000 -0.12484800
3 7.43125200 1.49648000 0.00000200 0.00000000 0.00000000 0.24545000
4 5.27847900 0.16554400 0.00000100 0.00000000 0.00000000 0.04851100
5 0.81061441 -11.13711942 4.61940891 1.97586600 1.15990900 -1.29878500
6 -6.21447800 -0.00001100 -0.00002800 -2.91046170 -0.79602739 1.46559809
7 11.94488700 0.00000000 -0.00000100 0.10332845 -0.38008082 1.76824007
8 10.62019000 0.00000000 0.00000000 1.76600932 0.02102526 2.63115863
9 -4.75110800 -0.69449200 0.83058100 -0.19617500 -0.07598900 0.33735800
10 -1.68808400 0.00004500 -0.00003100 0.01642800 -0.01846600 0.71331500
11 -1.33614300 0.00005900 -0.00001000 0.02584200 0.00517300 0.35617200
12 -4.82049200 -0.50945900 -0.22475900 -0.43210000 -0.06904400 1.18347900
13 -1.82698400 -0.00007100 0.00001000 0.00062300 0.04047200 1.28961100
14 -1.43657300 0.00000800 0.00000300 -0.06360300 -0.04470400 0.86686500
15 -3.99235500 -0.89118800 -1.82790700 -0.77162000 0.11408800 1.28870000
16 -1.40592200 -0.00003000 0.00000000 0.00603500 -0.02888300 0.66990400
17 -1.17535800 0.00012400 -0.00002100 0.06674100 0.01248300 1.28927800
18 -4.52674900 -0.69057700 -1.12074200 -0.60925600 0.08426700 1.37684800
19 -1.74403400 0.00003500 -0.00000700 -0.02225500 -0.01944400 1.26365700
20 -1.36876700 0.00002300 0.00000500 0.04001900 0.03390800 0.76286100
21 -2.03839851 -0.89278749 0.93250500 1.84958100 0.50887600 0.72095600
22 -1.62789048 0.15474597 0.01182600 -0.09987500 0.17985400 0.56094000
23 -1.59927900 0.00001000 0.00001100 0.03412200 -0.02595000 0.63135700
24 5.51182400 0.00000800 -0.00000400 2.08603467 -0.06549108 3.11620083
25 0.19684800 0.00000000 0.00000300 2.79340678 -0.00112144 -3.14135408
26 -4.55863147 -18.34159884 -7.42718606 2.44191300 1.34964900 2.25678400
27 6.21448800 0.00001100 0.00002100 -0.82917285 0.69811267 -1.71374105
28 11.94488700 -0.00003500 -0.00019900 -0.32658397 -0.27356740 -1.96147732
29 10.62017300 -0.00000400 0.00001000 2.66670804 -0.83950120 1.01194796
30 4.75117100 0.69437600 -0.83047700 -0.06487300 -0.39364000 0.55419500
31 1.68806800 -0.00002200 0.00000100 0.01171600 -0.02181400 0.94698000
32 1.33614300 -0.00005100 -0.00001000 0.00239400 -0.03863700 0.30776800
33 4.82051800 0.50934200 0.22486500 -0.12564700 -0.32635900 0.75031200
34 1.82700000 0.00006800 0.00001000 0.01352100 0.03817800 1.61369400
35 1.43658100 -0.00000600 0.00001100 0.01466500 0.00366700 -0.97448300
36 3.99235700 0.89108800 1.82799600 -0.36795900 -0.15069400 1.01187800
37 1.40592200 0.00003200 -0.00000500 -0.01759000 -0.02364400 1.51411800
38 1.17535800 -0.00012900 0.00000300 -0.10080900 0.07107400 -1.00405600
39 4.52676800 0.69046600 1.12084000 -0.25986600 -0.21940300 1.06704300
40 1.74403400 -0.00002600 0.00000000 -0.02622300 -0.01366700 1.50212900
41 1.36875900 -0.00003500 -0.00002200 -0.14793300 0.25506700 -1.34370900
42 1.87486800 0.93508100 -0.99913000 2.23325500 0.53457700 0.76202400
43 1.50709399 -0.12162701 0.00857151 -0.04879600 -0.02132400 0.07877900
44 1.59791453 -0.06895848 0.00290300 0.00631500 -0.05280800 -0.22499400
45 5.51181000 -0.00001100 0.00000600 -1.15076500 0.00000000 0.00000000
46 0.19684800 0.00000900 -0.00000100 -0.34822500 0.00001500 -0.00000200
47 0.00000000 1.00000000 0.00000000 0.00000000 0.00000000 -1.57079600
48 -3.85027600 32.39967000 -4.25170500 0.00000000 0.00000000 -3.14156200
49 -9.55734254 49.94352763 -2.83185479 0.43316126 -0.08121054 -0.70086841
50 11.00201360 1.00745236 -4.82372870 0.31172400 1.04103800 1.63469900
51 3.96184500 0.64297700 -1.92970300 0.00000000 0.00000000 0.00000000
52 0.80310100 0.45841200 -4.75786000 0.00000000 0.00000000 0.00000000
53 -0.20958500 3.29652699 1.68791748 1.58426800 0.00000000 -0.00000100
54 0.00552599 0.54110400 -0.03808151 0.01519008 -0.01628586 0.01105841
55 -0.00000101 0.54065951 -0.00000101 0.21329324 0.00128951 -0.02711582
56 -0.00000149 0.54211249 0.00000000 0.02133699 0.00333208 -0.02098151
57 0.00970494 0.54248151 0.00024271 0.00000000 0.00000000 0.00000000
58 0.00000000 0.54072300 0.00000100 -0.01610213 -0.00280736 0.02665164
59 0.00000400 0.54147900 0.00000100 0.08345095 -0.00487436 0.00292691
60 0.00000147 0.54103800 0.00000051 0.57080071 0.01173312 -0.02062886
61 0.00000051 0.51957648 -0.00000049 0.79267200 0.00412500 -0.00223200
62 -0.00090361 0.52274495 -0.14269988 -0.18384216 -0.00480457 0.00376827
63 0.00000003 0.54251151 0.00000000 0.03298504 0.01414391 0.00092954
64 -0.00001100 0.54067100 0.00000000 0.01407251 0.00292948 0.00079971
65 0.00000000 0.53940000 0.00000000 -0.00332406 0.00000200 0.00099245
66 -1.37813800 3.89395300 -0.78387300 1.77690200 0.00000000 0.00000000
67 -10.90695600 0.47861700 -2.31595800 0.00000000 0.00000000 0.00000000
68 -2.47458600 -0.05751300 1.52871800 0.00000000 0.00000000 0.00000000
69 3.39013700 -0.70700700 0.09637000 0.00000000 0.00000000 0.00000000
70 -5.10141600 -1.60216700 -2.82126100 0.46170000 1.36724100 1.13609000
time 33
0 -0.00000100 8.45008800 -27.50902600 0.00000000 0.00000000 0.00003100
1 -0.00000200 0.00000000 0.00000000 1.57074700 -1.56714200 -1.57074700
2 4.25546500 -0.33518500 -0.00000200 0.00000000 0.00000000 -0.12484800
3 7.43125200 1.49648000 0.00000200 0.00000000 0.00000000 0.24545000
4 5.27847900 0.16554400 0.00000100 0.00000000 0.00000000 0.04851100
5 0.81061441 -11.13711942 4.61940891 1.97586600 1.15990900 -1.29878500
6 -6.21447800 -0.00001100 -0.00002800 -2.90788968 -0.79552832 1.46782450
7 11.94488700 0.00000000 -0.00000100 0.10117138 -0.37841104 1.77472887
8 10.62019000 0.00000000 0.00000000 1.76951715 0.01980733 2.62229778
9 -4.75110800 -0.69449200 0.83058100 -0.19617500 -0.07598900 0.33735800
10 -1.68808400 0.00004500 -0.00003100 0.01642800 -0.01846600 0.71331500
11 -1.33614300 0.00005900 -0.00001000 0.02584200 0.00517300 0.35617200
12 -4.82049200 -0.50945900 -0.22475900 -0.43210000 -0.06904400 1.18347900
13 -1.82698400 -0.00007100 0.00001000 0.00062300 0.04047200 1.28961100
14 -1.43657300 0.00000800 0.00000300 -0.06360300 -0.04470400 0.86686500
15 -3.99235500 -0.89118800 -1.82790700 -0.77162000 0.11408800 1.28870000
16 -1.40592200 -0.00003000 0.00000000 0.00603500 -0.02888300 0.66990400
17 -1.17535800 0.00012400 -0.00002100 0.06674100 0.01248300 1.28927800
18 -4.52674900 -0.69057700 -1.12074200 -0.60925600 0.08426700 1.37684800
19 -1.74403400 0.00003500 -0.00000700 -0.02225500 -0.01944400 1.26365700
20 -1.36876700 0.00002300 0.00000500 0.04001900 0.03390800 0.76286100
21 -2.03839851 -0.89278749 0.93250500 1.84958100 0.50887600 0.72095600
22 -1.62789048 0.15474597 0.01182600 -0.09987500 0.17985400 0.56094000
23 -1.59927900 0.00001000 0.00001100 0.03412200 -0.02595000 0.63135700
24 5.51182400 0.00000800 -0.00000400 2.08603467 -0.06549108 3.11620083
25 0.19684800 0.00000000 0.00000300 2.79340678 -0.00112144 -3.14135408
26 -4.55863147 -18.34159884 -7.42718606 2.44191300 1.34964900 2.25678400
27 6.21448800 0.00001100 0.00002100 -0.82520092 0.69860239 -1.71640254
28 11.94488700 -0.00003500 -0.00019900 -0.32763382 -0.27425600 -1.95803622
29 10.62017300 -0.00000400 0.00001000 2.66074067 -0.84174436 1.00891825
30 4.75117100 0.69437600 -0.83047700 -0.06487300 -0.39364000 0.55419500
31 1.68806800 -0.00002200 0.00000100 0.01171600 -0.02181400 0.94698000
32 1.33614300 -0.00005100 -0.00001000 0.00239400 -0.03863700 0.30776800
33 4.82051800 0.50934200 0.22486500 -0.12564700 -0.32635900 0.75031200
34 1.82700000 0.00006800 0.00001000 0.01352100 0.03817800 1.61369400
35 1.43658100 -0.00000600 0.00001100 0.01466500 0.00366700 -0.97448300
36 3.99235700 0.89108800 1.82799600 -0.36795900 -0.15069400 1.01187800
37 1.40592200 0.00003200 -0.00000500 -0.01759000 -0.02364400 1.51411800
38 1.17535800 -0.00012900 0.00000300 -0.10080900 0.07107400 -1.00405600
39 4.52676800 0.69046600 1.12084000 -0.25986600 -0.21940300 1.06704300
40 1.74403400 -0.00002600 0.00000000 -0.02622300 -0.01366700 1.50212900
41 1.36875900 -0.00003500 -0.00002200 -0.14793300 0.25506700 -1.34370900
42 1.87486800 0.93508100 -0.99913000 2.23325500 0.53457700 0.76202400
43 1.50709399 -0.12162701 0.00857151 -0.04879600 -0.02132400 0.07877900
44 1.59791453 -0.06895848 0.00290300 0.00631500 -0.05280800 -0.22499400
45 5.51181000 -0.00001100 0.00000600 -1.15076500 0.00000000 0.00000000
46 0.19684800 0.00000900 -0.00000100 -0.34822500 0.00001500 -0.00000200
47 0.00000000 1.00000000 0.00000000 0.00000000 0.00000000 -1.57079600
48 -3.85027600 32.39967000 -4.25170500 0.00000000 0.00000000 -3.14156200
49 -9.50962235 49.94352763 -2.83266301 0.43608605 -0.08458801 -0.70442197
50 11.00201360 1.00745236 -4.82372870 0.31172400 1.04103800 1.63469900
51 3.96184500 0.64297700 -1.92970300 0.00000000 0.00000000 0.00000000
52 0.80310100 0.45841200 -4.75786000 0.00000000 0.00000000 0.00000000
53 -0.20958500 3.29652699 1.68791748 1.58426800 0.00000000 -0.00000100
54 0.00552599 0.54110400 -0.03808151 0.01518856 -0.01649859 0.01105691
55 -0.00000101 0.54065951 -0.00000101 0.21329327 0.00129396 -0.02715827
56 -0.00000149 0.54211249 0.00000000 0.02133699 0.00333208 -0.02098151
57 0.00970494 0.54248151 0.00024271 0.00000000 0.00000000 0.00000000
58 0.00000000 0.54072300 0.00000100 -0.01610213 -0.00280736 0.02665164
59 0.00000400 0.54147900 0.00000100 0.08345145 -0.00487239 0.00288446
60 0.00000147 0.54103800 0.00000051 0.57080020 0.01176869 -0.02075175
61 0.00000051 0.51957648 -0.00000049 0.79267200 0.00412500 -0.00223200
62 -0.00085376 0.52274495 -0.14270087 -0.18384225 -0.00481247 0.00368337
63 0.00000003 0.54251151 0.00000000 0.03298504 0.01414391 0.00092954
64 -0.00001100 0.54067100 0.00000000 0.01407251 0.00292948 0.00079971
65 0.00000000 0.53940000 0.00000000 -0.00336700 0.00000200 0.00099245
66 -1.37813800 3.89395300 -0.78387300 1.77690200 0.00000000 0.00000000
67 -10.90695600 0.47861700 -2.31595800 0.00000000 0.00000000 0.00000000
68 -2.47458600 -0.05751300 1.52871800 0.00000000 0.00000000 0.00000000
69 3.39013700 -0.70700700 0.09637000 0.00000000 0.00000000 0.00000000
70 -5.10141600 -1.60216700 -2.82126100 0.46170000 1.36724100 1.13609000
time 34
0 -0.00000100 8.45008800 -27.50902600 0.00000000 0.00000000 0.00003100
1 -0.00000200 0.00000000 0.00000000 1.57074700 -1.56714200 -1.57074700
2 4.25546500 -0.33518500 -0.00000200 0.00000000 0.00000000 -0.12484800
3 7.43125200 1.49648000 0.00000200 0.00000000 0.00000000 0.24545000
4 5.27847900 0.16554400 0.00000100 0.00000000 0.00000000 0.04851100
5 0.81061441 -11.13711942 4.61940891 1.97586600 1.15990900 -1.29878500
6 -6.21447800 -0.00001100 -0.00002800 -2.90763434 -0.79638567 1.47290093
7 11.94488700 0.00000000 -0.00000100 0.09874723 -0.37710457 1.78209643
8 10.62019000 0.00000000 0.00000000 1.77225509 0.02040566 2.61758662
9 -4.75110800 -0.69449200 0.83058100 -0.19617500 -0.07598900 0.33735800
10 -1.68808400 0.00004500 -0.00003100 0.01642800 -0.01846600 0.71331500
11 -1.33614300 0.00005900 -0.00001000 0.02584200 0.00517300 0.35617200
12 -4.82049200 -0.50945900 -0.22475900 -0.43210000 -0.06904400 1.18347900
13 -1.82698400 -0.00007100 0.00001000 0.00062300 0.04047200 1.28961100
14 -1.43657300 0.00000800 0.00000300 -0.06360300 -0.04470400 0.86686500
15 -3.99235500 -0.89118800 -1.82790700 -0.77162000 0.11408800 1.28870000
16 -1.40592200 -0.00003000 0.00000000 0.00603500 -0.02888300 0.66990400
17 -1.17535800 0.00012400 -0.00002100 0.06674100 0.01248300 1.28927800
18 -4.52674900 -0.69057700 -1.12074200 -0.60925600 0.08426700 1.37684800
19 -1.74403400 0.00003500 -0.00000700 -0.02225500 -0.01944400 1.26365700
20 -1.36876700 0.00002300 0.00000500 0.04001900 0.03390800 0.76286100
21 -2.03839851 -0.89278749 0.93250500 1.84958100 0.50887600 0.72095600
22 -1.62789048 0.15474597 0.01182600 -0.09987500 0.17985400 0.56094000
23 -1.59927900 0.00001000 0.00001100 0.03412200 -0.02595000 0.63135700
24 5.51182400 0.00000800 -0.00000400 2.08603467 -0.06549108 3.11620083
25 0.19684800 0.00000000 0.00000300 2.79340678 -0.00112144 -3.14135408
26 -4.55863147 -18.34159884 -7.42718606 2.44191300 1.34964900 2.25678400
27 6.21448800 0.00001100 0.00002100 -0.82102787 0.69633323 -1.72205549
28 11.94488700 -0.00003500 -0.00019900 -0.32943978 -0.27680972 -1.95231445
29 10.62017300 -0.00000400 0.00001000 2.66035102 -0.84429192 1.00331054
30 4.75117100 0.69437600 -0.83047700 -0.06487300 -0.39364000 0.55419500
31 1.68806800 -0.00002200 0.00000100 0.01171600 -0.02181400 0.94698000
32 1.33614300 -0.00005100 -0.00001000 0.00239400 -0.03863700 0.30776800
33 4.82051800 0.50934200 0.22486500 -0.12564700 -0.32635900 0.75031200
34 1.82700000 0.00006800 0.00001000 0.01352100 0.03817800 1.61369400
35 1.43658100 -0.00000600 0.00001100 0.01466500 0.00366700 -0.97448300
36 3.99235700 0.89108800 1.82799600 -0.36795900 -0.15069400 1.01187800
37 1.40592200 0.00003200 -0.00000500 -0.01759000 -0.02364400 1.51411800
38 1.17535800 -0.00012900 0.00000300 -0.10080900 0.07107400 -1.00405600
39 4.52676800 0.69046600 1.12084000 -0.25986600 -0.21940300 1.06704300
40 1.74403400 -0.00002600 0.00000000 -0.02622300 -0.01366700 1.50212900
41 1.36875900 -0.00003500 -0.00002200 -0.14793300 0.25506700 -1.34370900
42 1.87486800 0.93508100 -0.99913000 2.23325500 0.53457700 0.76202400
43 1.50709399 -0.12162701 0.00857151 -0.04879600 -0.02132400 0.07877900
44 1.59791453 -0.06895848 0.00290300 0.00631500 -0.05280800 -0.22499400
45 5.51181000 -0.00001100 0.00000600 -1.15076500 0.00000000 0.00000000
46 0.19684800 0.00000900 -0.00000100 -0.34822500 0.00001500 -0.00000200
47 0.00000000 1.00000000 0.00000000 0.00000000 0.00000000 -1.57079600
48 -3.85027600 32.39967000 -4.25170500 0.00000000 0.00000000 -3.14156200
49 -9.43151870 49.94352763 -2.81791467 0.43842971 -0.08453376 -0.70874387
50 11.00201360 1.00745236 -4.82372870 0.31172400 1.04103800 1.63469900
51 3.96184500 0.64297700 -1.92970300 0.00000000 0.00000000 0.00000000
52 0.80310100 0.45841200 -4.75786000 0.00000000 0.00000000 0.00000000
53 -0.20958500 3.29652699 1.68791748 1.58426800 0.00000000 -0.00000100
54 0.00552599 0.54110400 -0.03808151 0.01518804 -0.01662643 0.01105592
55 -0.00000101 0.54065951 -0.00000101 0.21329330 0.00129841 -0.02720022
56 -0.00000149 0.54211249 0.00000000 0.02133699 0.00333208 -0.02098151
57 0.00970494 0.54248151 0.00024271 0.00000000 0.00000000 0.00000000
58 0.00000000 0.54072300 0.00000100 -0.01610213 -0.00280736 0.02665164
59 0.00000400 0.54147900 0.00000100 0.08345145 -0.00487239 0.00288446
60 0.00000147 0.54103800 0.00000051 0.57079953 0.01182201 -0.02078035
61 0.00000051 0.51957648 -0.00000049 0.79267200 0.00412500 -0.00223200
62 -0.00082118 0.52274396 -0.14270186 -0.18384185 -0.00482037 0.00359848
63 0.00000003 0.54251151 0.00000000 0.03298504 0.01414391 0.00092954
64 -0.00001100 0.54067100 0.00000000 0.01407251 0.00292948 0.00079971
65 0.00000000 0.53940000 0.00000000 -0.00332406 0.00000200 0.00099245
66 -1.37813800 3.89395300 -0.78387300 1.77690200 0.00000000 0.00000000
67 -10.90695600 0.47861700 -2.31595800 0.00000000 0.00000000 0.00000000
68 -2.47458600 -0.05751300 1.52871800 0.00000000 0.00000000 0.00000000
69 3.39013700 -0.70700700 0.09637000 0.00000000 0.00000000 0.00000000
70 -5.10141600 -1.60216700 -2.82126100 0.46170000 1.36724100 1.13609000
time 35
0 -0.00000100 8.45008800 -27.50902600 0.00000000 0.00000000 0.00003100
1 -0.00000200 0.00000000 0.00000000 1.57074700 -1.56714200 -1.57074700
2 4.25546500 -0.33518500 -0.00000200 0.00000000 0.00000000 -0.12484800
3 7.43125200 1.49648000 0.00000200 0.00000000 0.00000000 0.24545000
4 5.27847900 0.16554400 0.00000100 0.00000000 0.00000000 0.04851100
5 0.81061441 -11.13711942 4.61940891 1.97586600 1.15990900 -1.29878500
6 -6.21447800 -0.00001100 -0.00002800 -2.90817564 -0.79772735 1.47900142
7 11.94488700 0.00000000 -0.00000100 0.09611245 -0.37594509 1.78978343
8 10.62019000 0.00000000 0.00000000 1.77528502 0.02162774 2.61448527
9 -4.75110800 -0.69449200 0.83058100 -0.19617500 -0.07598900 0.33735800
10 -1.68808400 0.00004500 -0.00003100 0.01642800 -0.01846600 0.71331500
11 -1.33614300 0.00005900 -0.00001000 0.02584200 0.00517300 0.35617200
12 -4.82049200 -0.50945900 -0.22475900 -0.43210000 -0.06904400 1.18347900
13 -1.82698400 -0.00007100 0.00001000 0.00062300 0.04047200 1.28961100
14 -1.43657300 0.00000800 0.00000300 -0.06360300 -0.04470400 0.86686500
15 -3.99235500 -0.89118800 -1.82790700 -0.77162000 0.11408800 1.28870000
16 -1.40592200 -0.00003000 0.00000000 0.00603500 -0.02888300 0.66990400
17 -1.17535800 0.00012400 -0.00002100 0.06674100 0.01248300 1.28927800
18 -4.52674900 -0.69057700 -1.12074200 -0.60925600 0.08426700 1.37684800
19 -1.74403400 0.00003500 -0.00000700 -0.02225500 -0.01944400 1.26365700
20 -1.36876700 0.00002300 0.00000500 0.04001900 0.03390800 0.76286100
21 -2.03839851 -0.89278749 0.93250500 1.84958100 0.50887600 0.72095600
22 -1.62789048 0.15474597 0.01182600 -0.09987500 0.17985400 0.56094000
23 -1.59927900 0.00001000 0.00001100 0.03412200 -0.02595000 0.63135700
24 5.51182400 0.00000800 -0.00000400 2.08603467 -0.06549108 3.11620083
25 0.19684800 0.00000000 0.00000300 2.79340678 -0.00112144 -3.14135408
26 -4.55863147 -18.34159884 -7.42718606 2.44191300 1.34964900 2.25678400
27 6.21448800 0.00001100 0.00002100 -0.81627201 0.69304702 -1.72888272
28 11.94488700 -0.00003500 -0.00019900 -0.33163465 -0.28031135 -1.94529844
29 10.62017300 -0.00000400 0.00001000 2.66215672 -0.84699481 0.99565563
30 4.75117100 0.69437600 -0.83047700 -0.06487300 -0.39364000 0.55419500
31 1.68806800 -0.00002200 0.00000100 0.01171600 -0.02181400 0.94698000
32 1.33614300 -0.00005100 -0.00001000 0.00239400 -0.03863700 0.30776800
33 4.82051800 0.50934200 0.22486500 -0.12564700 -0.32635900 0.75031200
34 1.82700000 0.00006800 0.00001000 0.01352100 0.03817800 1.61369400
35 1.43658100 -0.00000600 0.00001100 0.01466500 0.00366700 -0.97448300
36 3.99235700 0.89108800 1.82799600 -0.36795900 -0.15069400 1.01187800
37 1.40592200 0.00003200 -0.00000500 -0.01759000 -0.02364400 1.51411800
38 1.17535800 -0.00012900 0.00000300 -0.10080900 0.07107400 -1.00405600
39 4.52676800 0.69046600 1.12084000 -0.25986600 -0.21940300 1.06704300
40 1.74403400 -0.00002600 0.00000000 -0.02622300 -0.01366700 1.50212900
41 1.36875900 -0.00003500 -0.00002200 -0.14793300 0.25506700 -1.34370900
42 1.87486800 0.93508100 -0.99913000 2.23325500 0.53457700 0.76202400
43 1.50709399 -0.12162701 0.00857151 -0.04879600 -0.02132400 0.07877900
44 1.59791453 -0.06895848 0.00290300 0.00631500 -0.05280800 -0.22499400
45 5.51181000 -0.00001100 0.00000600 -1.15076500 0.00000000 0.00000000
46 0.19684800 0.00000900 -0.00000100 -0.34822500 0.00001500 -0.00000200
47 0.00000000 1.00000000 0.00000000 0.00000000 0.00000000 -1.57079600
48 -3.85027600 32.39967000 -4.25170500 0.00000000 0.00000000 -3.14156200
49 -9.34113603 49.94352763 -2.79802391 0.44107432 -0.08319920 -0.71348396
50 11.00201360 1.00745236 -4.82372870 0.31172400 1.04103800 1.63469900
51 3.96184500 0.64297700 -1.92970300 0.00000000 0.00000000 0.00000000
52 0.80310100 0.45841200 -4.75786000 0.00000000 0.00000000 0.00000000
53 -0.20958500 3.29652699 1.68791748 1.58426800 0.00000000 -0.00000100
54 0.00552599 0.54110400 -0.03808151 0.01518753 -0.01671182 0.01105542
55 -0.00000101 0.54065951 -0.00000101 0.21329330 0.00129841 -0.02720022
56 -0.00000149 0.54211249 0.00000000 0.02133699 0.00333208 -0.02098151
57 0.00970494 0.54248151 0.00024271 0.00000000 0.00000000 0.00000000
58 0.00000000 0.54072300 0.00000100 -0.01610213 -0.00280736 0.02665164
59 0.00000400 0.54147900 0.00000100 0.08345145 -0.00487239 0.00288446
60 0.00000147 0.54103800 0.00000051 0.57079919 0.01183387 -0.02082131
61 0.00000051 0.51957648 -0.00000049 0.79267200 0.00412500 -0.00223200
62 -0.00081328 0.52274446 -0.14270186 -0.18384185 -0.00482037 0.00359848
63 0.00000003 0.54251151 0.00000000 0.03298504 0.01414391 0.00092954
64 -0.00001100 0.54067100 0.00000000 0.01407251 0.00292948 0.00079971
65 0.00000000 0.53940000 0.00000000 -0.00328000 0.00000200 0.00099245
66 -1.37813800 3.89395300 -0.78387300 1.77690200 0.00000000 0.00000000
67 -10.90695600 0.47861700 -2.31595800 0.00000000 0.00000000 0.00000000
68 -2.47458600 -0.05751300 1.52871800 0.00000000 0.00000000 0.00000000
69 3.39013700 -0.70700700 0.09637000 0.00000000 0.00000000 0.00000000
70 -5.10141600 -1.60216700 -2.82126100 0.46170000 1.36724100 1.13609000
time 36
0 -0.00000100 8.45008800 -27.50902600 0.00000000 0.00000000 0.00003100
1 -0.00000200 0.00000000 0.00000000 1.57074700 -1.56714200 -1.57074700
2 4.25546500 -0.33518500 -0.00000200 0.00000000 0.00000000 -0.12484800
3 7.43125200 1.49648000 0.00000200 0.00000000 0.00000000 0.24545000
4 5.27847900 0.16554400 0.00000100 0.00000000 0.00000000 0.04851100
5 0.81061441 -11.13711942 4.61940891 1.97586600 1.15990900 -1.29878500
6 -6.21447800 -0.00001100 -0.00002800 -2.91027085 -0.79980465 1.48585723
7 11.94488700 0.00000000 -0.00000100 0.09377273 -0.37524690 1.79672525
8 10.62019000 0.00000000 0.00000000 1.77679827 0.02374073 2.61379497
9 -4.75110800 -0.69449200 0.83058100 -0.19617500 -0.07598900 0.33735800
10 -1.68808400 0.00004500 -0.00003100 0.01642800 -0.01846600 0.71331500
11 -1.33614300 0.00005900 -0.00001000 0.02584200 0.00517300 0.35617200
12 -4.82049200 -0.50945900 -0.22475900 -0.43210000 -0.06904400 1.18347900
13 -1.82698400 -0.00007100 0.00001000 0.00062300 0.04047200 1.28961100
14 -1.43657300 0.00000800 0.00000300 -0.06360300 -0.04470400 0.86686500
15 -3.99235500 -0.89118800 -1.82790700 -0.77162000 0.11408800 1.28870000
16 -1.40592200 -0.00003000 0.00000000 0.00603500 -0.02888300 0.66990400
17 -1.17535800 0.00012400 -0.00002100 0.06674100 0.01248300 1.28927800
18 -4.52674900 -0.69057700 -1.12074200 -0.60925600 0.08426700 1.37684800
19 -1.74403400 0.00003500 -0.00000700 -0.02225500 -0.01944400 1.26365700
20 -1.36876700 0.00002300 0.00000500 0.04001900 0.03390800 0.76286100
21 -2.03839851 -0.89278749 0.93250500 1.84958100 0.50887600 0.72095600
22 -1.62789048 0.15474597 0.01182600 -0.09987500 0.17985400 0.56094000
23 -1.59927900 0.00001000 0.00001100 0.03412200 -0.02595000 0.63135700
24 5.51182400 0.00000800 -0.00000400 2.08603467 -0.06549108 3.11620083
25 0.19684800 0.00000000 0.00000300 2.79340678 -0.00112144 -3.14135408
26 -4.55863147 -18.34159884 -7.42718606 2.44191300 1.34964900 2.25678400
27 6.21448800 0.00001100 0.00002100 -0.81221088 0.68937758 -1.73601826
28 11.94488700 -0.00003500 -0.00019900 -0.33369263 -0.28417503 -1.93870681
29 10.62017300 -0.00000400 0.00001000 2.66643099 -0.84939536 0.98866762
30 4.75117100 0.69437600 -0.83047700 -0.06487300 -0.39364000 0.55419500
31 1.68806800 -0.00002200 0.00000100 0.01171600 -0.02181400 0.94698000
32 1.33614300 -0.00005100 -0.00001000 0.00239400 -0.03863700 0.30776800
33 4.82051800 0.50934200 0.22486500 -0.12564700 -0.32635900 0.75031200
34 1.82700000 0.00006800 0.00001000 0.01352100 0.03817800 1.61369400
35 1.43658100 -0.00000600 0.00001100 0.01466500 0.00366700 -0.97448300
36 3.99235700 0.89108800 1.82799600 -0.36795900 -0.15069400 1.01187800
37 1.40592200 0.00003200 -0.00000500 -0.01759000 -0.02364400 1.51411800
38 1.17535800 -0.00012900 0.00000300 -0.10080900 0.07107400 -1.00405600
39 4.52676800 0.69046600 1.12084000 -0.25986600 -0.21940300 1.06704300
40 1.74403400 -0.00002600 0.00000000 -0.02622300 -0.01366700 1.50212900
41 1.36875900 -0.00003500 -0.00002200 -0.14793300 0.25506700 -1.34370900
42 1.87486800 0.93508100 -0.99913000 2.23325500 0.53457700 0.76202400
43 1.50709399 -0.12162701 0.00857151 -0.04879600 -0.02132400 0.07877900
44 1.59791453 -0.06895848 0.00290300 0.00631500 -0.05280800 -0.22499400
45 5.51181000 -0.00001100 0.00000600 -1.15076500 0.00000000 0.00000000
46 0.19684800 0.00000900 -0.00000100 -0.34822500 0.00001500 -0.00000200
47 0.00000000 1.00000000 0.00000000 0.00000000 0.00000000 -1.57079600
48 -3.85027600 32.39967000 -4.25170500 0.00000000 0.00000000 -3.14156200
49 -9.24952788 49.94352763 -2.77742407 0.44225020 -0.08055434 -0.71767070
50 11.00201360 1.00745236 -4.82372870 0.31172400 1.04103800 1.63469900
51 3.96184500 0.64297700 -1.92970300 0.00000000 0.00000000 0.00000000
52 0.80310100 0.45841200 -4.75786000 0.00000000 0.00000000 0.00000000
53 -0.20958500 3.29652699 1.68791748 1.58426800 0.00000000 -0.00000100
54 0.00552599 0.54110400 -0.03808151 0.01518854 -0.01658398 0.01105642
55 -0.00000101 0.54065951 -0.00000101 0.21329327 0.00129396 -0.02715827
56 -0.00000149 0.54211249 0.00000000 0.02133699 0.00333208 -0.02098151
57 0.00970494 0.54248151 0.00024271 0.00000000 0.00000000 0.00000000
58 0.00000000 0.54072300 0.00000100 -0.01610213 -0.00280736 0.02665164
59 0.00000400 0.54147900 0.00000100 0.08345145 -0.00487239 0.00288446
60 0.00000147 0.54103800 0.00000051 0.57079953 0.01182201 -0.02078035
61 0.00000051 0.51957648 -0.00000049 0.79267200 0.00412500 -0.00223200
62 -0.00083154 0.52274446 -0.14270137 -0.18384181 -0.00481642 0.00364093
63 0.00000003 0.54251151 0.00000000 0.03298504 0.01414391 0.00092954
64 -0.00001100 0.54067100 0.00000000 0.01407251 0.00292948 0.00079971
65 0.00000000 0.53940000 0.00000000 -0.00332406 0.00000200 0.00099245
66 -1.37813800 3.89395300 -0.78387300 1.77690200 0.00000000 0.00000000
67 -10.90695600 0.47861700 -2.31595800 0.00000000 0.00000000 0.00000000
68 -2.47458600 -0.05751300 1.52871800 0.00000000 0.00000000 0.00000000
69 3.39013700 -0.70700700 0.09637000 0.00000000 0.00000000 0.00000000
70 -5.10141600 -1.60216700 -2.82126100 0.46170000 1.36724100 1.13609000
time 37
0 -0.00000100 8.45008800 -27.50902600 0.00000000 0.00000000 0.00003100
1 -0.00000200 0.00000000 0.00000000 1.57074700 -1.56714200 -1.57074700
2 4.25546500 -0.33518500 -0.00000200 0.00000000 0.00000000 -0.12484800
3 7.43125200 1.49648000 0.00000200 0.00000000 0.00000000 0.24545000
4 5.27847900 0.16554400 0.00000100 0.00000000 0.00000000 0.04851100
5 0.81061441 -11.13711942 4.61940891 1.97586600 1.15990900 -1.29878500
6 -6.21447800 -0.00001100 -0.00002800 -2.91269283 -0.80195830 1.49217606
7 11.94488700 0.00000000 -0.00000100 0.09156059 -0.37471669 1.80322390
8 10.62019000 0.00000000 0.00000000 1.77754668 0.02720777 2.61471861
9 -4.75110800 -0.69449200 0.83058100 -0.19617500 -0.07598900 0.33735800
10 -1.68808400 0.00004500 -0.00003100 0.01642800 -0.01846600 0.71331500
11 -1.33614300 0.00005900 -0.00001000 0.02584200 0.00517300 0.35617200
12 -4.82049200 -0.50945900 -0.22475900 -0.43210000 -0.06904400 1.18347900
13 -1.82698400 -0.00007100 0.00001000 0.00062300 0.04047200 1.28961100
14 -1.43657300 0.00000800 0.00000300 -0.06360300 -0.04470400 0.86686500
15 -3.99235500 -0.89118800 -1.82790700 -0.77162000 0.11408800 1.28870000
16 -1.40592200 -0.00003000 0.00000000 0.00603500 -0.02888300 0.66990400
17 -1.17535800 0.00012400 -0.00002100 0.06674100 0.01248300 1.28927800
18 -4.52674900 -0.69057700 -1.12074200 -0.60925600 0.08426700 1.37684800
19 -1.74403400 0.00003500 -0.00000700 -0.02225500 -0.01944400 1.26365700
20 -1.36876700 0.00002300 0.00000500 0.04001900 0.03390800 0.76286100
21 -2.03839851 -0.89278749 0.93250500 1.84958100 0.50887600 0.72095600
22 -1.62789048 0.15474597 0.01182600 -0.09987500 0.17985400 0.56094000
23 -1.59927900 0.00001000 0.00001100 0.03412200 -0.02595000 0.63135700
24 5.51182400 0.00000800 -0.00000400 2.08603467 -0.06549108 3.11620083
25 0.19684800 0.00000000 0.00000300 2.79340678 -0.00112144 -3.14135408
26 -4.55863147 -18.34159884 -7.42718606 2.44191300 1.34964900 2.25678400
27 6.21448800 0.00001100 0.00002100 -0.80945508 0.68405537 -1.74400439
28 11.94488700 -0.00003500 -0.00019900 -0.33599778 -0.28847714 -1.93160326
29 10.62017300 -0.00000400 0.00001000 2.67326664 -0.85079383 0.98206339
30 4.75117100 0.69437600 -0.83047700 -0.06487300 -0.39364000 0.55419500
31 1.68806800 -0.00002200 0.00000100 0.01171600 -0.02181400 0.94698000
32 1.33614300 -0.00005100 -0.00001000 0.00239400 -0.03863700 0.30776800
33 4.82051800 0.50934200 0.22486500 -0.12564700 -0.32635900 0.75031200
34 1.82700000 0.00006800 0.00001000 0.01352100 0.03817800 1.61369400
35 1.43658100 -0.00000600 0.00001100 0.01466500 0.00366700 -0.97448300
36 3.99235700 0.89108800 1.82799600 -0.36795900 -0.15069400 1.01187800
37 1.40592200 0.00003200 -0.00000500 -0.01759000 -0.02364400 1.51411800
38 1.17535800 -0.00012900 0.00000300 -0.10080900 0.07107400 -1.00405600
39 4.52676800 0.69046600 1.12084000 -0.25986600 -0.21940300 1.06704300
40 1.74403400 -0.00002600 0.00000000 -0.02622300 -0.01366700 1.50212900
41 1.36875900 -0.00003500 -0.00002200 -0.14793300 0.25506700 -1.34370900
42 1.87486800 0.93508100 -0.99913000 2.23325500 0.53457700 0.76202400
43 1.50709399 -0.12162701 0.00857151 -0.04879600 -0.02132400 0.07877900
44 1.59791453 -0.06895848 0.00290300 0.00631500 -0.05280800 -0.22499400
45 5.51181000 -0.00001100 0.00000600 -1.15076500 0.00000000 0.00000000
46 0.19684800 0.00000900 -0.00000100 -0.34822500 0.00001500 -0.00000200
47 0.00000000 1.00000000 0.00000000 0.00000000 0.00000000 -1.57079600
48 -3.85027600 32.39967000 -4.25170500 0.00000000 0.00000000 -3.14156200
49 -9.16027537 49.94352743 -2.74145737 0.44272868 -0.07631892 -0.72200583
50 11.00201360 1.00745236 -4.82372870 0.31172400 1.04103800 1.63469900
51 3.96184500 0.64297700 -1.92970300 0.00000000 0.00000000 0.00000000
52 0.80310100 0.45841200 -4.75786000 0.00000000 0.00000000 0.00000000
53 -0.20958500 3.29652699 1.68791748 1.58426800 0.00000000 -0.00000100
54 0.00552599 0.54110400 -0.03808151 0.01518958 -0.01632831 0.01105840
55 -0.00000101 0.54065951 -0.00000101 0.21329324 0.00128951 -0.02711582
56 -0.00000149 0.54211249 0.00000000 0.02133699 0.00333208 -0.02098151
57 0.00970494 0.54248151 0.00024271 0.00000000 0.00000000 0.00000000
58 0.00000000 0.54072300 0.00000100 -0.01610213 -0.00280736 0.02665164
59 0.00000400 0.54147900 0.00000100 0.08345095 -0.00487436 0.00292691
60 0.00000147 0.54103800 0.00000051 0.57080038 0.01174498 -0.02066982
61 0.00000051 0.51957648 -0.00000049 0.79267200 0.00412500 -0.00223200
62 -0.00089176 0.52274446 -0.14270087 -0.18384216 -0.00480457 0.00376827
63 0.00000003 0.54251151 0.00000000 0.03298504 0.01414391 0.00092954
64 -0.00001100 0.54067100 0.00000000 0.01407251 0.00292948 0.00079971
65 0.00000000 0.53940000 0.00000000 -0.00332406 0.00000200 0.00099245
66 -1.37813800 3.89395300 -0.78387300 1.77690200 0.00000000 0.00000000
67 -10.90695600 0.47861700 -2.31595800 0.00000000 0.00000000 0.00000000
68 -2.47458600 -0.05751300 1.52871800 0.00000000 0.00000000 0.00000000
69 3.39013700 -0.70700700 0.09637000 0.00000000 0.00000000 0.00000000
70 -5.10141600 -1.60216700 -2.82126100 0.46170000 1.36724100 1.13609000
time 38
0 -0.00000100 8.45008800 -27.50902600 0.00000000 0.00000000 0.00003100
1 -0.00000200 0.00000000 0.00000000 1.57074700 -1.56714200 -1.57074700
2 4.25546500 -0.33518500 -0.00000200 0.00000000 0.00000000 -0.12484800
3 7.43125200 1.49648000 0.00000200 0.00000000 0.00000000 0.24545000
4 5.27847900 0.16554400 0.00000100 0.00000000 0.00000000 0.04851100
5 0.81061441 -11.13711942 4.61940891 1.97586600 1.15990900 -1.29878500
6 -6.21447800 -0.00001100 -0.00002800 -2.91349662 -0.80329487 1.49664898
7 11.94488700 0.00000000 -0.00000100 0.08945792 -0.37385375 1.80963194
8 10.62019000 0.00000000 0.00000000 1.77922391 0.03212315 2.61531352
9 -4.75110800 -0.69449200 0.83058100 -0.19617500 -0.07598900 0.33735800
10 -1.68808400 0.00004500 -0.00003100 0.01642800 -0.01846600 0.71331500
11 -1.33614300 0.00005900 -0.00001000 0.02584200 0.00517300 0.35617200
12 -4.82049200 -0.50945900 -0.22475900 -0.43210000 -0.06904400 1.18347900
13 -1.82698400 -0.00007100 0.00001000 0.00062300 0.04047200 1.28961100
14 -1.43657300 0.00000800 0.00000300 -0.06360300 -0.04470400 0.86686500
15 -3.99235500 -0.89118800 -1.82790700 -0.77162000 0.11408800 1.28870000
16 -1.40592200 -0.00003000 0.00000000 0.00603500 -0.02888300 0.66990400
17 -1.17535800 0.00012400 -0.00002100 0.06674100 0.01248300 1.28927800
18 -4.52674900 -0.69057700 -1.12074200 -0.60925600 0.08426700 1.37684800
19 -1.74403400 0.00003500 -0.00000700 -0.02225500 -0.01944400 1.26365700
20 -1.36876700 0.00002300 0.00000500 0.04001900 0.03390800 0.76286100
21 -2.03839851 -0.89278749 0.93250500 1.84958100 0.50887600 0.72095600
22 -1.62789048 0.15474597 0.01182600 -0.09987500 0.17985400 0.56094000
23 -1.59927900 0.00001000 0.00001100 0.03412200 -0.02595000 0.63135700
24 5.51182400 0.00000800 -0.00000400 2.08603467 -0.06549108 3.11620083
25 0.19684800 0.00000000 0.00000300 2.79340678 -0.00112144 -3.14135408
26 -4.55863147 -18.34159884 -7.42718606 2.44191300 1.34964900 2.25678400
27 6.21448800 0.00001100 0.00002100 -0.80856609 0.67576686 -1.75347063
28 11.94488700 -0.00003500 -0.00019900 -0.33881046 -0.29325408 -1.92292043
29 10.62017300 -0.00000400 0.00001000 2.68186635 -0.85053424 0.97506539
30 4.75117100 0.69437600 -0.83047700 -0.06487300 -0.39364000 0.55419500
31 1.68806800 -0.00002200 0.00000100 0.01171600 -0.02181400 0.94698000
32 1.33614300 -0.00005100 -0.00001000 0.00239400 -0.03863700 0.30776800
33 4.82051800 0.50934200 0.22486500 -0.12564700 -0.32635900 0.75031200
34 1.82700000 0.00006800 0.00001000 0.01352100 0.03817800 1.61369400
35 1.43658100 -0.00000600 0.00001100 0.01466500 0.00366700 -0.97448300
36 3.99235700 0.89108800 1.82799600 -0.36795900 -0.15069400 1.01187800
37 1.40592200 0.00003200 -0.00000500 -0.01759000 -0.02364400 1.51411800
38 1.17535800 -0.00012900 0.00000300 -0.10080900 0.07107400 -1.00405600
39 4.52676800 0.69046600 1.12084000 -0.25986600 -0.21940300 1.06704300
40 1.74403400 -0.00002600 0.00000000 -0.02622300 -0.01366700 1.50212900
41 1.36875900 -0.00003500 -0.00002200 -0.14793300 0.25506700 -1.34370900
42 1.87486800 0.93508100 -0.99913000 2.23325500 0.53457700 0.76202400
43 1.50709399 -0.12162701 0.00857151 -0.04879600 -0.02132400 0.07877900
44 1.59791453 -0.06895848 0.00290300 0.00631500 -0.05280800 -0.22499400
45 5.51181000 -0.00001100 0.00000600 -1.15076500 0.00000000 0.00000000
46 0.19684800 0.00000900 -0.00000100 -0.34822500 0.00001500 -0.00000200
47 0.00000000 1.00000000 0.00000000 0.00000000 0.00000000 -1.57079600
48 -3.85027600 32.39967000 -4.25170500 0.00000000 0.00000000 -3.14156200
49 -9.07751234 49.94352684 -2.67469254 0.44423447 -0.07070062 -0.72713706
50 11.00201360 1.00745236 -4.82372870 0.31172400 1.04103800 1.63469900
51 3.96184500 0.64297700 -1.92970300 0.00000000 0.00000000 0.00000000
52 0.80310100 0.45841200 -4.75786000 0.00000000 0.00000000 0.00000000
53 -0.20958500 3.29652699 1.68791748 1.58426800 0.00000000 -0.00000100
54 0.00552599 0.54110400 -0.03808151 0.01519163 -0.01594479 0.01106089
55 -0.00000101 0.54065951 -0.00000101 0.21333612 0.00128101 -0.02703095
56 -0.00000149 0.54211249 0.00000000 0.02133699 0.00333208 -0.02098151
57 0.00970494 0.54248151 0.00024271 0.00000000 0.00000000 0.00000000
58 0.00000000 0.54072300 0.00000100 -0.01610213 -0.00280736 0.02665164
59 0.00000400 0.54147900 0.00000100 0.08345095 -0.00487584 0.00296985
60 0.00000147 0.54103800 0.00000051 0.57080142 0.01164423 -0.02047736
61 0.00000051 0.51957648 -0.00000049 0.79267200 0.00412500 -0.00223200
62 -0.00098851 0.52274643 -0.14269890 -0.18384247 -0.00478927 0.00393806
63 0.00000003 0.54251151 0.00000000 0.03298504 0.01414391 0.00092954
64 -0.00001100 0.54067100 0.00000000 0.01407251 0.00292948 0.00079971
65 0.00000000 0.53940000 0.00000000 -0.00336700 0.00000200 0.00099245
66 -1.37813800 3.89395300 -0.78387300 1.77690200 0.00000000 0.00000000
67 -10.90695600 0.47861700 -2.31595800 0.00000000 0.00000000 0.00000000
68 -2.47458600 -0.05751300 1.52871800 0.00000000 0.00000000 0.00000000
69 3.39013700 -0.70700700 0.09637000 0.00000000 0.00000000 0.00000000
70 -5.10141600 -1.60216700 -2.82126100 0.46170000 1.36724100 1.13609000
time 39
0 -0.00000100 8.45008800 -27.50902600 0.00000000 0.00000000 0.00003100
1 -0.00000200 0.00000000 0.00000000 1.57074700 -1.56714200 -1.57074700
2 4.25546500 -0.33518500 -0.00000200 0.00000000 0.00000000 -0.12484800
3 7.43125200 1.49648000 0.00000200 0.00000000 0.00000000 0.24545000
4 5.27847900 0.16554400 0.00000100 0.00000000 0.00000000 0.04851100
5 0.81061441 -11.13711942 4.61940891 1.97586600 1.15990900 -1.29878500
6 -6.21447800 -0.00001100 -0.00002800 -2.91586354 -0.80529435 1.50174223
7 11.94488700 0.00000000 -0.00000100 0.08765537 -0.37349454 1.81513089
8 10.62019000 0.00000000 0.00000000 1.78024639 0.03777499 2.61860421
9 -4.75110800 -0.69449200 0.83058100 -0.19617500 -0.07598900 0.33735800
10 -1.68808400 0.00004500 -0.00003100 0.01642800 -0.01846600 0.71331500
11 -1.33614300 0.00005900 -0.00001000 0.02584200 0.00517300 0.35617200
12 -4.82049200 -0.50945900 -0.22475900 -0.43210000 -0.06904400 1.18347900
13 -1.82698400 -0.00007100 0.00001000 0.00062300 0.04047200 1.28961100
14 -1.43657300 0.00000800 0.00000300 -0.06360300 -0.04470400 0.86686500
15 -3.99235500 -0.89118800 -1.82790700 -0.77162000 0.11408800 1.28870000
16 -1.40592200 -0.00003000 0.00000000 0.00603500 -0.02888300 0.66990400
17 -1.17535800 0.00012400 -0.00002100 0.06674100 0.01248300 1.28927800
18 -4.52674900 -0.69057700 -1.12074200 -0.60925600 0.08426700 1.37684800
19 -1.74403400 0.00003500 -0.00000700 -0.02225500 -0.01944400 1.26365700
20 -1.36876700 0.00002300 0.00000500 0.04001900 0.03390800 0.76286100
21 -2.03839851 -0.89278749 0.93250500 1.84958100 0.50887600 0.72095600
22 -1.62789048 0.15474597 0.01182600 -0.09987500 0.17985400 0.56094000
23 -1.59927900 0.00001000 0.00001100 0.03412200 -0.02595000 0.63135700
24 5.51182400 0.00000800 -0.00000400 2.08603467 -0.06549108 3.11620083
25 0.19684800 0.00000000 0.00000300 2.79340678 -0.00112144 -3.14135408
26 -4.55863147 -18.34159884 -7.42718606 2.44191300 1.34964900 2.25678400
27 6.21448800 0.00001100 0.00002100 -0.80780701 0.66749288 -1.76275729
28 11.94488700 -0.00003500 -0.00019900 -0.34151404 -0.29835684 -1.91445391
29 10.62017300 -0.00000400 0.00001000 2.69260687 -0.84978829 0.96751574
30 4.75117100 0.69437600 -0.83047700 -0.06487300 -0.39364000 0.55419500
31 1.68806800 -0.00002200 0.00000100 0.01171600 -0.02181400 0.94698000
32 1.33614300 -0.00005100 -0.00001000 0.00239400 -0.03863700 0.30776800
33 4.82051800 0.50934200 0.22486500 -0.12564700 -0.32635900 0.75031200
34 1.82700000 0.00006800 0.00001000 0.01352100 0.03817800 1.61369400
35 1.43658100 -0.00000600 0.00001100 0.01466500 0.00366700 -0.97448300
36 3.99235700 0.89108800 1.82799600 -0.36795900 -0.15069400 1.01187800
37 1.40592200 0.00003200 -0.00000500 -0.01759000 -0.02364400 1.51411800
38 1.17535800 -0.00012900 0.00000300 -0.10080900 0.07107400 -1.00405600
39 4.52676800 0.69046600 1.12084000 -0.25986600 -0.21940300 1.06704300
40 1.74403400 -0.00002600 0.00000000 -0.02622300 -0.01366700 1.50212900
41 1.36875900 -0.00003500 -0.00002200 -0.14793300 0.25506700 -1.34370900
42 1.87486800 0.93508100 -0.99913000 2.23325500 0.53457700 0.76202400
43 1.50709399 -0.12162701 0.00857151 -0.04879600 -0.02132400 0.07877900
44 1.59791453 -0.06895848 0.00290300 0.00631500 -0.05280800 -0.22499400
45 5.51181000 -0.00001100 0.00000600 -1.15076500 0.00000000 0.00000000
46 0.19684800 0.00000900 -0.00000100 -0.34822500 0.00001500 -0.00000200
47 0.00000000 1.00000000 0.00000000 0.00000000 0.00000000 -1.57079600
48 -3.85027600 32.39967000 -4.25170500 0.00000000 0.00000000 -3.14156200
49 -8.99502368 49.94352625 -2.61133699 0.44500453 -0.06395246 -0.73188455
50 11.00201360 1.00745236 -4.82372870 0.31172400 1.04103800 1.63469900
51 3.96184500 0.64297700 -1.92970300 0.00000000 0.00000000 0.00000000
52 0.80310100 0.45841200 -4.75786000 0.00000000 0.00000000 0.00000000
53 -0.20958500 3.29652699 1.68791748 1.58426800 0.00000000 -0.00000100
54 0.00552599 0.54110400 -0.03808151 0.01519471 -0.01539049 0.01106536
55 -0.00000101 0.54065951 -0.00000101 0.21333694 0.00122520 -0.02690855
56 -0.00000149 0.54211249 0.00000000 0.02137993 0.00333206 -0.02093856
57 0.00970494 0.54248151 0.00024271 0.00000000 0.00000000 0.00000000
58 0.00000000 0.54072300 0.00000100 -0.01614458 -0.00280689 0.02660919
59 0.00000400 0.54147900 0.00000100 0.08345095 -0.00487782 0.00301230
60 0.00000147 0.54103800 0.00000051 0.57084744 0.01147862 -0.02021495
61 0.00000051 0.51957648 -0.00000049 0.79267200 0.00412500 -0.00223200
62 -0.00111487 0.52274692 -0.14269791 -0.18384319 -0.00476558 0.00419226
63 0.00000003 0.54251151 0.00000000 0.03298553 0.01414342 0.00097248
64 -0.00001100 0.54067100 0.00000000 0.01407251 0.00292948 0.00079971
65 0.00000000 0.53940000 0.00000000 -0.00336700 0.00000200 0.00099245
66 -1.37813800 3.89395300 -0.78387300 1.77690200 0.00000000 0.00000000
67 -10.90695600 0.47861700 -2.31595800 0.00000000 0.00000000 0.00000000
68 -2.47458600 -0.05751300 1.52871800 0.00000000 0.00000000 0.00000000
69 3.39013700 -0.70700700 0.09637000 0.00000000 0.00000000 0.00000000
70 -5.10141600 -1.60216700 -2.82126100 0.46170000 1.36724100 1.13609000
time 40
0 -0.00000100 8.45008800 -27.50902600 0.00000000 0.00000000 0.00003100
1 -0.00000200 0.00000000 0.00000000 1.57074700 -1.56714200 -1.57074700
2 4.25546500 -0.33518500 -0.00000200 0.00000000 0.00000000 -0.12484800
3 7.43125200 1.49648000 0.00000200 0.00000000 0.00000000 0.24545000
4 5.27847900 0.16554400 0.00000100 0.00000000 0.00000000 0.04851100
5 0.81061441 -11.13711942 4.61940891 1.97586600 1.15990900 -1.29878500
6 -6.21447800 -0.00001100 -0.00002800 -2.91852574 -0.80745392 1.50689664
7 11.94488700 0.00000000 -0.00000100 0.08592569 -0.37324284 1.82028959
8 10.62019000 0.00000000 0.00000000 1.78103215 0.04367827 2.62266338
9 -4.75110800 -0.69449200 0.83058100 -0.19617500 -0.07598900 0.33735800
10 -1.68808400 0.00004500 -0.00003100 0.01642800 -0.01846600 0.71331500
11 -1.33614300 0.00005900 -0.00001000 0.02584200 0.00517300 0.35617200
12 -4.82049200 -0.50945900 -0.22475900 -0.43210000 -0.06904400 1.18347900
13 -1.82698400 -0.00007100 0.00001000 0.00062300 0.04047200 1.28961100
14 -1.43657300 0.00000800 0.00000300 -0.06360300 -0.04470400 0.86686500
15 -3.99235500 -0.89118800 -1.82790700 -0.77162000 0.11408800 1.28870000
16 -1.40592200 -0.00003000 0.00000000 0.00603500 -0.02888300 0.66990400
17 -1.17535800 0.00012400 -0.00002100 0.06674100 0.01248300 1.28927800
18 -4.52674900 -0.69057700 -1.12074200 -0.60925600 0.08426700 1.37684800
19 -1.74403400 0.00003500 -0.00000700 -0.02225500 -0.01944400 1.26365700
20 -1.36876700 0.00002300 0.00000500 0.04001900 0.03390800 0.76286100
21 -2.03839851 -0.89278749 0.93250500 1.84958100 0.50887600 0.72095600
22 -1.62789048 0.15474597 0.01182600 -0.09987500 0.17985400 0.56094000
23 -1.59927900 0.00001000 0.00001100 0.03412200 -0.02595000 0.63135700
24 5.51182400 0.00000800 -0.00000400 2.08603467 -0.06549108 3.11620083
25 0.19684800 0.00000000 0.00000300 2.79340678 -0.00112144 -3.14135408
26 -4.55863147 -18.34159884 -7.42718606 2.44191300 1.34964900 2.25678400
27 6.21448800 0.00001100 0.00002100 -0.80710790 0.65909445 -1.77203197
28 11.94488700 -0.00003500 -0.00019900 -0.34430997 -0.30346968 -1.90575447
29 10.62017300 -0.00000400 0.00001000 2.70394649 -0.84888926 0.95991236
30 4.75117100 0.69437600 -0.83047700 -0.06487300 -0.39364000 0.55419500
31 1.68806800 -0.00002200 0.00000100 0.01171600 -0.02181400 0.94698000
32 1.33614300 -0.00005100 -0.00001000 0.00239400 -0.03863700 0.30776800
33 4.82051800 0.50934200 0.22486500 -0.12564700 -0.32635900 0.75031200
34 1.82700000 0.00006800 0.00001000 0.01352100 0.03817800 1.61369400
35 1.43658100 -0.00000600 0.00001100 0.01466500 0.00366700 -0.97448300
36 3.99235700 0.89108800 1.82799600 -0.36795900 -0.15069400 1.01187800
37 1.40592200 0.00003200 -0.00000500 -0.01759000 -0.02364400 1.51411800
38 1.17535800 -0.00012900 0.00000300 -0.10080900 0.07107400 -1.00405600
39 4.52676800 0.69046600 1.12084000 -0.25986600 -0.21940300 1.06704300
40 1.74403400 -0.00002600 0.00000000 -0.02622300 -0.01366700 1.50212900
41 1.36875900 -0.00003500 -0.00002200 -0.14793300 0.25506700 -1.34370900
42 1.87486800 0.93508100 -0.99913000 2.23325500 0.53457700 0.76202400
43 1.50709399 -0.12162701 0.00857151 -0.04879600 -0.02132400 0.07877900
44 1.59791453 -0.06895848 0.00290300 0.00631500 -0.05280800 -0.22499400
45 5.51181000 -0.00001100 0.00000600 -1.15076500 0.00000000 0.00000000
46 0.19684800 0.00000900 -0.00000100 -0.34822500 0.00001500 -0.00000200
47 0.00000000 1.00000000 0.00000000 0.00000000 0.00000000 -1.57079600
48 -3.85027600 32.39967000 -4.25170500 0.00000000 0.00000000 -3.14156200
49 -8.91241790 49.94352566 -2.54790636 0.44547913 -0.05681878 -0.73647585
50 11.00201360 1.00745236 -4.82372870 0.31172400 1.04103800 1.63469900
51 3.96184500 0.64297700 -1.92970300 0.00000000 0.00000000 0.00000000
52 0.80310100 0.45841200 -4.75786000 0.00000000 0.00000000 0.00000000
53 -0.20958500 3.29652699 1.68791748 1.58426800 0.00000000 -0.00000100
54 0.00552599 0.54110400 -0.03808151 0.01519881 -0.01466639 0.01107083
55 -0.00000101 0.54065951 -0.00000101 0.21337980 0.00121226 -0.02678123
56 -0.00000149 0.54211249 0.00000000 0.02137993 0.00333206 -0.02093856
57 0.00970494 0.54248151 0.00024271 0.00000000 0.00000000 0.00000000
58 0.00000000 0.54072300 0.00000100 -0.01614458 -0.00280689 0.02660919
59 0.00000400 0.54147900 0.00000100 0.08345095 -0.00487930 0.00305475
60 0.00000147 0.54103800 0.00000051 0.57084943 0.01130085 -0.01991146
61 0.00000051 0.51957648 -0.00000049 0.79267200 0.00412500 -0.00223200
62 -0.00127380 0.52274939 -0.14269594 -0.18384365 -0.00469203 0.00452790
63 0.00000003 0.54251151 0.00000000 0.03298553 0.01414342 0.00097248
64 -0.00001100 0.54067100 0.00000000 0.01407251 0.00292899 0.00084216
65 0.00000000 0.53940000 0.00000000 -0.00332406 0.00000200 0.00099245
66 -1.37813800 3.89395300 -0.78387300 1.77690200 0.00000000 0.00000000
67 -10.90695600 0.47861700 -2.31595800 0.00000000 0.00000000 0.00000000
68 -2.47458600 -0.05751300 1.52871800 0.00000000 0.00000000 0.00000000
69 3.39013700 -0.70700700 0.09637000 0.00000000 0.00000000 0.00000000
70 -5.10141600 -1.60216700 -2.82126100 0.46170000 1.36724100 1.13609000
time 41
0 -0.00000100 8.45008800 -27.50902600 0.00000000 0.00000000 0.00003100
1 -0.00000200 0.00000000 0.00000000 1.57074700 -1.56714200 -1.57074700
2 4.25546500 -0.33518500 -0.00000200 0.00000000 0.00000000 -0.12484800
3 7.43125200 1.49648000 0.00000200 0.00000000 0.00000000 0.24545000
4 5.27847900 0.16554400 0.00000100 0.00000000 0.00000000 0.04851100
5 0.81061441 -11.13711942 4.61940891 1.97586600 1.15990900 -1.29878500
6 -6.21447800 -0.00001100 -0.00002800 -2.91880092 -0.80844695 1.50996631
7 11.94488700 0.00000000 -0.00000100 0.08481729 -0.37321623 1.82365049
8 10.62019000 0.00000000 0.00000000 1.78275772 0.04814449 2.62835627
9 -4.75110800 -0.69449200 0.83058100 -0.19617500 -0.07598900 0.33735800
10 -1.68808400 0.00004500 -0.00003100 0.01642800 -0.01846600 0.71331500
11 -1.33614300 0.00005900 -0.00001000 0.02584200 0.00517300 0.35617200
12 -4.82049200 -0.50945900 -0.22475900 -0.43210000 -0.06904400 1.18347900
13 -1.82698400 -0.00007100 0.00001000 0.00062300 0.04047200 1.28961100
14 -1.43657300 0.00000800 0.00000300 -0.06360300 -0.04470400 0.86686500
15 -3.99235500 -0.89118800 -1.82790700 -0.77162000 0.11408800 1.28870000
16 -1.40592200 -0.00003000 0.00000000 0.00603500 -0.02888300 0.66990400
17 -1.17535800 0.00012400 -0.00002100 0.06674100 0.01248300 1.28927800
18 -4.52674900 -0.69057700 -1.12074200 -0.60925600 0.08426700 1.37684800
19 -1.74403400 0.00003500 -0.00000700 -0.02225500 -0.01944400 1.26365700
20 -1.36876700 0.00002300 0.00000500 0.04001900 0.03390800 0.76286100
21 -2.03839851 -0.89278749 0.93250500 1.84958100 0.50887600 0.72095600
22 -1.62789048 0.15474597 0.01182600 -0.09987500 0.17985400 0.56094000
23 -1.59927900 0.00001000 0.00001100 0.03412200 -0.02595000 0.63135700
24 5.51182400 0.00000800 -0.00000400 2.08603467 -0.06549108 3.11620083
25 0.19684800 0.00000000 0.00000300 2.79340678 -0.00112144 -3.14135408
26 -4.55863147 -18.34159884 -7.42718606 2.44191300 1.34964900 2.25678400
27 6.21448800 0.00001100 0.00002100 -0.80876355 0.64798715 -1.78217758
28 11.94488700 -0.00003500 -0.00019900 -0.34745792 -0.30831967 -1.89625491
29 10.62017300 -0.00000400 0.00001000 2.71712399 -0.84752114 0.95192922
30 4.75117100 0.69437600 -0.83047700 -0.06487300 -0.39364000 0.55419500
31 1.68806800 -0.00002200 0.00000100 0.01171600 -0.02181400 0.94698000
32 1.33614300 -0.00005100 -0.00001000 0.00239400 -0.03863700 0.30776800
33 4.82051800 0.50934200 0.22486500 -0.12564700 -0.32635900 0.75031200
34 1.82700000 0.00006800 0.00001000 0.01352100 0.03817800 1.61369400
35 1.43658100 -0.00000600 0.00001100 0.01466500 0.00366700 -0.97448300
36 3.99235700 0.89108800 1.82799600 -0.36795900 -0.15069400 1.01187800
37 1.40592200 0.00003200 -0.00000500 -0.01759000 -0.02364400 1.51411800
38 1.17535800 -0.00012900 0.00000300 -0.10080900 0.07107400 -1.00405600
39 4.52676800 0.69046600 1.12084000 -0.25986600 -0.21940300 1.06704300
40 1.74403400 -0.00002600 0.00000000 -0.02622300 -0.01366700 1.50212900
41 1.36875900 -0.00003500 -0.00002200 -0.14793300 0.25506700 -1.34370900
42 1.87486800 0.93508100 -0.99913000 2.23325500 0.53457700 0.76202400
43 1.50709399 -0.12162701 0.00857151 -0.04879600 -0.02132400 0.07877900
44 1.59791453 -0.06895848 0.00290300 0.00631500 -0.05280800 -0.22499400
45 5.51181000 -0.00001100 0.00000600 -1.15076500 0.00000000 0.00000000
46 0.19684800 0.00000900 -0.00000100 -0.34822500 0.00001500 -0.00000200
47 0.00000000 1.00000000 0.00000000 0.00000000 0.00000000 -1.57079600
48 -3.85027600 32.39967000 -4.25170500 0.00000000 0.00000000 -3.14156200
49 -8.83801907 49.94352566 -2.45532268 0.44727989 -0.04826570 -0.74027291
50 11.00201360 1.00745236 -4.82372870 0.31172400 1.04103800 1.63469900
51 3.96184500 0.64297700 -1.92970300 0.00000000 0.00000000 0.00000000
52 0.80310100 0.45841200 -4.75786000 0.00000000 0.00000000 0.00000000
53 -0.20958500 3.29652699 1.68791748 1.58426800 0.00000000 -0.00000100
54 0.00552599 0.54110400 -0.03808151 0.01520290 -0.01389935 0.01107629
55 -0.00000101 0.54065951 -0.00000101 0.21338061 0.00115151 -0.02661638
56 -0.00000149 0.54211249 0.00000000 0.02137993 0.00333206 -0.02093856
57 0.00970494 0.54248151 0.00024271 0.00000000 0.00000000 0.00000000
58 0.00000000 0.54072300 0.00000100 -0.01618753 -0.00280640 0.02660919
59 0.00000400 0.54147900 0.00000100 0.08345094 -0.00488127 0.00309720
60 0.00000147 0.54103800 0.00000051 0.57089577 0.01111155 -0.01956710
61 0.00000051 0.51957648 -0.00000049 0.79267200 0.00412500 -0.00223200
62 -0.00145347 0.52274988 -0.14269347 -0.18380182 -0.00465666 0.00490996
63 0.00000003 0.54251151 0.00000000 0.03298553 0.01414342 0.00097248
64 -0.00001100 0.54067100 0.00000000 0.01407251 0.00292899 0.00084216
65 0.00000000 0.53940000 0.00000000 -0.00332406 0.00000200 0.00099245
66 -1.37813800 3.89395300 -0.78387300 1.77690200 0.00000000 0.00000000
67 -10.90695600 0.47861700 -2.31595800 0.00000000 0.00000000 0.00000000
68 -2.47458600 -0.05751300 1.52871800 0.00000000 0.00000000 0.00000000
69 3.39013700 -0.70700700 0.09637000 0.00000000 0.00000000 0.00000000
70 -5.10141600 -1.60216700 -2.82126100 0.46170000 1.36724100 1.13609000
time 42
0 -0.00000100 8.45008800 -27.50902600 0.00000000 0.00000000 0.00003100
1 -0.00000200 0.00000000 0.00000000 1.57074700 -1.56714200 -1.57074700
2 4.25546500 -0.33518500 -0.00000200 0.00000000 0.00000000 -0.12484800
3 7.43125200 1.49648000 0.00000200 0.00000000 0.00000000 0.24545000
4 5.27847900 0.16554400 0.00000100 0.00000000 0.00000000 0.04851100
5 0.81061441 -11.13711942 4.61940891 1.97586600 1.15990900 -1.29878500
6 -6.21447800 -0.00001100 -0.00002800 -2.92003897 -0.80971135 1.51338029
7 11.94488700 0.00000000 -0.00000100 0.08384119 -0.37347153 1.82650622
8 10.62019000 0.00000000 0.00000000 1.78416218 0.05298176 2.63515957
9 -4.75110800 -0.69449200 0.83058100 -0.19617500 -0.07598900 0.33735800
10 -1.68808400 0.00004500 -0.00003100 0.01642800 -0.01846600 0.71331500
11 -1.33614300 0.00005900 -0.00001000 0.02584200 0.00517300 0.35617200
12 -4.82049200 -0.50945900 -0.22475900 -0.43210000 -0.06904400 1.18347900
13 -1.82698400 -0.00007100 0.00001000 0.00062300 0.04047200 1.28961100
14 -1.43657300 0.00000800 0.00000300 -0.06360300 -0.04470400 0.86686500
15 -3.99235500 -0.89118800 -1.82790700 -0.77162000 0.11408800 1.28870000
16 -1.40592200 -0.00003000 0.00000000 0.00603500 -0.02888300 0.66990400
17 -1.17535800 0.00012400 -0.00002100 0.06674100 0.01248300 1.28927800
18 -4.52674900 -0.69057700 -1.12074200 -0.60925600 0.08426700 1.37684800
19 -1.74403400 0.00003500 -0.00000700 -0.02225500 -0.01944400 1.26365700
20 -1.36876700 0.00002300 0.00000500 0.04001900 0.03390800 0.76286100
21 -2.03839851 -0.89278749 0.93250500 1.84958100 0.50887600 0.72095600
22 -1.62789048 0.15474597 0.01182600 -0.09987500 0.17985400 0.56094000
23 -1.59927900 0.00001000 0.00001100 0.03412200 -0.02595000 0.63135700
24 5.51182400 0.00000800 -0.00000400 2.08603467 -0.06549108 3.11620083
25 0.19684800 0.00000000 0.00000300 2.79340678 -0.00112144 -3.14135408
26 -4.55863147 -18.34159884 -7.42718606 2.44191300 1.34964900 2.25678400
27 6.21448800 0.00001100 0.00002100 -0.81000808 0.63721478 -1.79177037
28 11.94488700 -0.00003500 -0.00019900 -0.35061518 -0.31321807 -1.88676750
29 10.62017300 -0.00000400 0.00001000 2.73082097 -0.84584139 0.94371937
30 4.75117100 0.69437600 -0.83047700 -0.06487300 -0.39364000 0.55419500
31 1.68806800 -0.00002200 0.00000100 0.01171600 -0.02181400 0.94698000
32 1.33614300 -0.00005100 -0.00001000 0.00239400 -0.03863700 0.30776800
33 4.82051800 0.50934200 0.22486500 -0.12564700 -0.32635900 0.75031200
34 1.82700000 0.00006800 0.00001000 0.01352100 0.03817800 1.61369400
35 1.43658100 -0.00000600 0.00001100 0.01466500 0.00366700 -0.97448300
36 3.99235700 0.89108800 1.82799600 -0.36795900 -0.15069400 1.01187800
37 1.40592200 0.00003200 -0.00000500 -0.01759000 -0.02364400 1.51411800
38 1.17535800 -0.00012900 0.00000300 -0.10080900 0.07107400 -1.00405600
39 4.52676800 0.69046600 1.12084000 -0.25986600 -0.21940300 1.06704300
40 1.74403400 -0.00002600 0.00000000 -0.02622300 -0.01366700 1.50212900
41 1.36875900 -0.00003500 -0.00002200 -0.14793300 0.25506700 -1.34370900
42 1.87486800 0.93508100 -0.99913000 2.23325500 0.53457700 0.76202400
43 1.50709399 -0.12162701 0.00857151 -0.04879600 -0.02132400 0.07877900
44 1.59791453 -0.06895848 0.00290300 0.00631500 -0.05280800 -0.22499400
45 5.51181000 -0.00001100 0.00000600 -1.15076500 0.00000000 0.00000000
46 0.19684800 0.00000900 -0.00000100 -0.34822500 0.00001500 -0.00000200
47 0.00000000 1.00000000 0.00000000 0.00000000 0.00000000 -1.57079600
48 -3.85027600 32.39967000 -4.25170500 0.00000000 0.00000000 -3.14156200
49 -8.76496220 49.94352566 -2.36864989 0.44868696 -0.03942533 -0.74387676
50 11.00201360 1.00745236 -4.82372870 0.31172400 1.04103800 1.63469900
51 3.96184500 0.64297700 -1.92970300 0.00000000 0.00000000 0.00000000
52 0.80310100 0.45841200 -4.75786000 0.00000000 0.00000000 0.00000000
53 -0.20958500 3.29652699 1.68791748 1.58426800 0.00000000 -0.00000100
54 0.00552599 0.54110400 -0.03808151 0.01520751 -0.01300447 0.01108323
55 -0.00000101 0.54065951 -0.00000101 0.21342345 0.00113412 -0.02644661
56 -0.00000149 0.54211249 0.00000000 0.02142238 0.00333205 -0.02089612
57 0.00970494 0.54248151 0.00024271 0.00000000 0.00000000 0.00000000
58 0.00000000 0.54072300 0.00000100 -0.01618753 -0.00280640 0.02660919
59 0.00000400 0.54147900 0.00000100 0.08345045 -0.00488472 0.00318259
60 0.00000147 0.54103800 0.00000051 0.57089835 0.01085676 -0.01915355
61 0.00000051 0.51957648 -0.00000049 0.79267200 0.00412500 -0.00223200
62 -0.00165584 0.52275186 -0.14269100 -0.18380225 -0.00457521 0.00533000
63 0.00000003 0.54251151 0.00000000 0.03298603 0.01414292 0.00101493
64 -0.00001100 0.54067100 0.00000000 0.01407251 0.00292899 0.00084216
65 0.00000000 0.53940000 0.00000000 -0.00332406 0.00000200 0.00099245
66 -1.37813800 3.89395300 -0.78387300 1.77690200 0.00000000 0.00000000
67 -10.90695600 0.47861700 -2.31595800 0.00000000 0.00000000 0.00000000
68 -2.47458600 -0.05751300 1.52871800 0.00000000 0.00000000 0.00000000
69 3.39013700 -0.70700700 0.09637000 0.00000000 0.00000000 0.00000000
70 -5.10141600 -1.60216700 -2.82126100 0.46170000 1.36724100 1.13609000
time 43
0 -0.00000100 8.45008800 -27.50902600 0.00000000 0.00000000 0.00003100
1 -0.00000200 0.00000000 0.00000000 1.57074700 -1.56714200 -1.57074700
2 4.25546500 -0.33518500 -0.00000200 0.00000000 0.00000000 -0.12484800
3 7.43125200 1.49648000 0.00000200 0.00000000 0.00000000 0.24545000
4 5.27847900 0.16554400 0.00000100 0.00000000 0.00000000 0.04851100
5 0.81061441 -11.13711942 4.61940891 1.97586600 1.15990900 -1.29878500
6 -6.21447800 -0.00001100 -0.00002800 -2.92128125 -0.81103573 1.51681468
7 11.94488700 0.00000000 -0.00000100 0.08292631 -0.37367936 1.82925449
8 10.62019000 0.00000000 0.00000000 1.78559782 0.05792579 2.64211813
9 -4.75110800 -0.69449200 0.83058100 -0.19617500 -0.07598900 0.33735800
10 -1.68808400 0.00004500 -0.00003100 0.01642800 -0.01846600 0.71331500
11 -1.33614300 0.00005900 -0.00001000 0.02584200 0.00517300 0.35617200
12 -4.82049200 -0.50945900 -0.22475900 -0.43210000 -0.06904400 1.18347900
13 -1.82698400 -0.00007100 0.00001000 0.00062300 0.04047200 1.28961100
14 -1.43657300 0.00000800 0.00000300 -0.06360300 -0.04470400 0.86686500
15 -3.99235500 -0.89118800 -1.82790700 -0.77162000 0.11408800 1.28870000
16 -1.40592200 -0.00003000 0.00000000 0.00603500 -0.02888300 0.66990400
17 -1.17535800 0.00012400 -0.00002100 0.06674100 0.01248300 1.28927800
18 -4.52674900 -0.69057700 -1.12074200 -0.60925600 0.08426700 1.37684800
19 -1.74403400 0.00003500 -0.00000700 -0.02225500 -0.01944400 1.26365700
20 -1.36876700 0.00002300 0.00000500 0.04001900 0.03390800 0.76286100
21 -2.03839851 -0.89278749 0.93250500 1.84958100 0.50887600 0.72095600
22 -1.62789048 0.15474597 0.01182600 -0.09987500 0.17985400 0.56094000
23 -1.59927900 0.00001000 0.00001100 0.03412200 -0.02595000 0.63135700
24 5.51182400 0.00000800 -0.00000400 2.08603467 -0.06549108 3.11620083
25 0.19684800 0.00000000 0.00000300 2.79340678 -0.00112144 -3.14135408
26 -4.55863147 -18.34159884 -7.42718606 2.44191300 1.34964900 2.25678400
27 6.21448800 0.00001100 0.00002100 -0.81117037 0.62643017 -1.80131627
28 11.94488700 -0.00003500 -0.00019900 -0.35384018 -0.31816265 -1.87712005
29 10.62017300 -0.00000400 0.00001000 2.74459869 -0.84393901 0.93535558
30 4.75117100 0.69437600 -0.83047700 -0.06487300 -0.39364000 0.55419500
31 1.68806800 -0.00002200 0.00000100 0.01171600 -0.02181400 0.94698000
32 1.33614300 -0.00005100 -0.00001000 0.00239400 -0.03863700 0.30776800
33 4.82051800 0.50934200 0.22486500 -0.12564700 -0.32635900 0.75031200
34 1.82700000 0.00006800 0.00001000 0.01352100 0.03817800 1.61369400
35 1.43658100 -0.00000600 0.00001100 0.01466500 0.00366700 -0.97448300
36 3.99235700 0.89108800 1.82799600 -0.36795900 -0.15069400 1.01187800
37 1.40592200 0.00003200 -0.00000500 -0.01759000 -0.02364400 1.51411800
38 1.17535800 -0.00012900 0.00000300 -0.10080900 0.07107400 -1.00405600
39 4.52676800 0.69046600 1.12084000 -0.25986600 -0.21940300 1.06704300
40 1.74403400 -0.00002600 0.00000000 -0.02622300 -0.01366700 1.50212900
41 1.36875900 -0.00003500 -0.00002200 -0.14793300 0.25506700 -1.34370900
42 1.87486800 0.93508100 -0.99913000 2.23325500 0.53457700 0.76202400
43 1.50709399 -0.12162701 0.00857151 -0.04879600 -0.02132400 0.07877900
44 1.59791453 -0.06895848 0.00290300 0.00631500 -0.05280800 -0.22499400
45 5.51181000 -0.00001100 0.00000600 -1.15076500 0.00000000 0.00000000
46 0.19684800 0.00000900 -0.00000100 -0.34822500 0.00001500 -0.00000200
47 0.00000000 1.00000000 0.00000000 0.00000000 0.00000000 -1.57079600
48 -3.85027600 32.39967000 -4.25170500 0.00000000 0.00000000 -3.14156200
49 -8.69178670 49.94352566 -2.28141561 0.45002830 -0.03053431 -0.74750753
50 11.00201360 1.00745236 -4.82372870 0.31172400 1.04103800 1.63469900
51 3.96184500 0.64297700 -1.92970300 0.00000000 0.00000000 0.00000000
52 0.80310100 0.45841200 -4.75786000 0.00000000 0.00000000 0.00000000
53 -0.20958500 3.29652699 1.68791748 1.58426800 0.00000000 -0.00000100
54 0.00552599 0.54110400 -0.03808151 0.01521245 -0.01202470 0.01113311
55 -0.00000101 0.54065951 -0.00000101 0.21342425 0.00106893 -0.02623932
56 -0.00000149 0.54211249 0.00000000 0.02142238 0.00333205 -0.02089612
57 0.00970494 0.54248151 0.00024271 0.00000000 0.00000000 0.00000000
58 0.00000000 0.54072300 0.00000100 -0.01622997 -0.00280641 0.02656674
59 0.00000400 0.54147900 0.00000100 0.08345044 -0.00488818 0.00326749
60 0.00000147 0.54103800 0.00000051 0.57094534 0.01059096 -0.01869864
61 0.00000051 0.51957648 -0.00000049 0.79267200 0.00412500 -0.00223200
62 -0.00187894 0.52275235 -0.14269051 -0.18380332 -0.00453226 0.00579693
63 0.00000003 0.54251151 0.00000000 0.03298603 0.01414292 0.00101493
64 -0.00001100 0.54067100 0.00000000 0.01407251 0.00292899 0.00084216
65 0.00000000 0.53940000 0.00000000 -0.00332406 0.00000200 0.00095000
66 -1.37813800 3.89395300 -0.78387300 1.77690200 0.00000000 0.00000000
67 -10.90695600 0.47861700 -2.31595800 0.00000000 0.00000000 0.00000000
68 -2.47458600 -0.05751300 1.52871800 0.00000000 0.00000000 0.00000000
69 3.39013700 -0.70700700 0.09637000 0.00000000 0.00000000 0.00000000
70 -5.10141600 -1.60216700 -2.82126100 0.46170000 1.36724100 1.13609000
time 44
0 -0.00000100 8.45008800 -27.50902600 0.00000000 0.00000000 0.00003100
1 -0.00000200 0.00000000 0.00000000 1.57074700 -1.56714200 -1.57074700
2 4.25546500 -0.33518500 -0.00000200 0.00000000 0.00000000 -0.12484800
3 7.43125200 1.49648000 0.00000200 0.00000000 0.00000000 0.24545000
4 5.27847900 0.16554400 0.00000100 0.00000000 0.00000000 0.04851100
5 0.81061441 -11.13711942 4.61940891 1.97586600 1.15990900 -1.29878500
6 -6.21447800 -0.00001100 -0.00002800 -2.92349169 -0.81283309 1.52163707
7 11.94488700 0.00000000 -0.00000100 0.08262103 -0.37466256 1.82990212
8 10.62019000 0.00000000 0.00000000 1.78681282 0.05972952 2.65289877
9 -4.75110800 -0.69449200 0.83058100 -0.19617500 -0.07598900 0.33735800
10 -1.68808400 0.00004500 -0.00003100 0.01642800 -0.01846600 0.71331500
11 -1.33614300 0.00005900 -0.00001000 0.02584200 0.00517300 0.35617200
12 -4.82049200 -0.50945900 -0.22475900 -0.43210000 -0.06904400 1.18347900
13 -1.82698400 -0.00007100 0.00001000 0.00062300 0.04047200 1.28961100
14 -1.43657300 0.00000800 0.00000300 -0.06360300 -0.04470400 0.86686500
15 -3.99235500 -0.89118800 -1.82790700 -0.77162000 0.11408800 1.28870000
16 -1.40592200 -0.00003000 0.00000000 0.00603500 -0.02888300 0.66990400
17 -1.17535800 0.00012400 -0.00002100 0.06674100 0.01248300 1.28927800
18 -4.52674900 -0.69057700 -1.12074200 -0.60925600 0.08426700 1.37684800
19 -1.74403400 0.00003500 -0.00000700 -0.02225500 -0.01944400 1.26365700
20 -1.36876700 0.00002300 0.00000500 0.04001900 0.03390800 0.76286100
21 -2.03839851 -0.89278749 0.93250500 1.84958100 0.50887600 0.72095600
22 -1.62789048 0.15474597 0.01182600 -0.09987500 0.17985400 0.56094000
23 -1.59927900 0.00001000 0.00001100 0.03412200 -0.02595000 0.63135700
24 5.51182400 0.00000800 -0.00000400 2.08603467 -0.06549108 3.11620083
25 0.19684800 0.00000000 0.00000300 2.79340678 -0.00112144 -3.14135408
26 -4.55863147 -18.34159884 -7.42718606 2.44191300 1.34964900 2.25678400
27 6.21448800 0.00001100 0.00002100 -0.81186864 0.61741489 -1.80975063
28 11.94488700 -0.00003500 -0.00019900 -0.35657749 -0.32240177 -1.86881073
29 10.62017300 -0.00000400 0.00001000 2.75912094 -0.84388131 0.92558834
30 4.75117100 0.69437600 -0.83047700 -0.06487300 -0.39364000 0.55419500
31 1.68806800 -0.00002200 0.00000100 0.01171600 -0.02181400 0.94698000
32 1.33614300 -0.00005100 -0.00001000 0.00239400 -0.03863700 0.30776800
33 4.82051800 0.50934200 0.22486500 -0.12564700 -0.32635900 0.75031200
34 1.82700000 0.00006800 0.00001000 0.01352100 0.03817800 1.61369400
35 1.43658100 -0.00000600 0.00001100 0.01466500 0.00366700 -0.97448300
36 3.99235700 0.89108800 1.82799600 -0.36795900 -0.15069400 1.01187800
37 1.40592200 0.00003200 -0.00000500 -0.01759000 -0.02364400 1.51411800
38 1.17535800 -0.00012900 0.00000300 -0.10080900 0.07107400 -1.00405600
39 4.52676800 0.69046600 1.12084000 -0.25986600 -0.21940300 1.06704300
40 1.74403400 -0.00002600 0.00000000 -0.02622300 -0.01366700 1.50212900
41 1.36875900 -0.00003500 -0.00002200 -0.14793300 0.25506700 -1.34370900
42 1.87486800 0.93508100 -0.99913000 2.23325500 0.53457700 0.76202400
43 1.50709399 -0.12162701 0.00857151 -0.04879600 -0.02132400 0.07877900
44 1.59791453 -0.06895848 0.00290300 0.00631500 -0.05280800 -0.22499400
45 5.51181000 -0.00001100 0.00000600 -1.15076500 0.00000000 0.00000000
46 0.19684800 0.00000900 -0.00000100 -0.34822500 0.00001500 -0.00000200
47 0.00000000 1.00000000 0.00000000 0.00000000 0.00000000 -1.57079600
48 -3.85027600 32.39967000 -4.25170500 0.00000000 0.00000000 -3.14156200
49 -8.61559425 49.94352566 -2.21611390 0.45153399 -0.02159606 -0.74896926
50 11.00201360 1.00745236 -4.82372870 0.31172400 1.04103800 1.63469900
51 3.96184500 0.64297700 -1.92970300 0.00000000 0.00000000 0.00000000
52 0.80310100 0.45841200 -4.75786000 0.00000000 0.00000000 0.00000000
53 -0.20958500 3.29652699 1.68791748 1.58426800 0.00000000 -0.00000100
54 0.00552599 0.54110400 -0.03808151 0.01521804 -0.01100198 0.01114054
55 -0.00000101 0.54065951 -0.00000101 0.21346752 0.00100416 -0.02603204
56 -0.00000149 0.54211249 0.00000000 0.02146532 0.00333203 -0.02085317
57 0.00970494 0.54248151 0.00024271 0.00000000 0.00000000 0.00000000
58 0.00000000 0.54072300 0.00000100 -0.01627242 -0.00280592 0.02656674
59 0.00000400 0.54147900 0.00000100 0.08344994 -0.00489212 0.00335288
60 0.00000147 0.54103800 0.00000051 0.57094802 0.01032384 -0.01824362
61 0.00000051 0.51957648 -0.00000049 0.79267200 0.00412500 -0.00223200
62 -0.00211438 0.52275383 -0.14268903 -0.18380375 -0.00444292 0.00630187
63 0.00000003 0.54251151 0.00000000 0.03298603 0.01414194 0.00105738
64 -0.00001100 0.54067100 0.00000000 0.01407251 0.00292899 0.00084216
65 0.00000000 0.53940000 0.00000000 -0.00336700 0.00000200 0.00095000
66 -1.37813800 3.89395300 -0.78387300 1.77690200 0.00000000 0.00000000
67 -10.90695600 0.47861700 -2.31595800 0.00000000 0.00000000 0.00000000
68 -2.47458600 -0.05751300 1.52871800 0.00000000 0.00000000 0.00000000
69 3.39013700 -0.70700700 0.09637000 0.00000000 0.00000000 0.00000000
70 -5.10141600 -1.60216700 -2.82126100 0.46170000 1.36724100 1.13609000
time 45
0 -0.00000100 8.45008800 -27.50902600 0.00000000 0.00000000 0.00003100
1 -0.00000200 0.00000000 0.00000000 1.57074700 -1.56714200 -1.57074700
2 4.25546500 -0.33518500 -0.00000200 0.00000000 0.00000000 -0.12484800
3 7.43125200 1.49648000 0.00000200 0.00000000 0.00000000 0.24545000
4 5.27847900 0.16554400 0.00000100 0.00000000 0.00000000 0.04851100
5 0.81061441 -11.13711942 4.61940891 1.97586600 1.15990900 -1.29878500
6 -6.21447800 -0.00001100 -0.00002800 -2.92631301 -0.81468942 1.52723207
7 11.94488700 0.00000000 -0.00000100 0.08262642 -0.37610123 1.82949119
8 10.62019000 0.00000000 0.00000000 1.78803650 0.06000297 2.66529752
9 -4.75110800 -0.69449200 0.83058100 -0.19617500 -0.07598900 0.33735800
10 -1.68808400 0.00004500 -0.00003100 0.01642800 -0.01846600 0.71331500
11 -1.33614300 0.00005900 -0.00001000 0.02584200 0.00517300 0.35617200
12 -4.82049200 -0.50945900 -0.22475900 -0.43210000 -0.06904400 1.18347900
13 -1.82698400 -0.00007100 0.00001000 0.00062300 0.04047200 1.28961100
14 -1.43657300 0.00000800 0.00000300 -0.06360300 -0.04470400 0.86686500
15 -3.99235500 -0.89118800 -1.82790700 -0.77162000 0.11408800 1.28870000
16 -1.40592200 -0.00003000 0.00000000 0.00603500 -0.02888300 0.66990400
17 -1.17535800 0.00012400 -0.00002100 0.06674100 0.01248300 1.28927800
18 -4.52674900 -0.69057700 -1.12074200 -0.60925600 0.08426700 1.37684800
19 -1.74403400 0.00003500 -0.00000700 -0.02225500 -0.01944400 1.26365700
20 -1.36876700 0.00002300 0.00000500 0.04001900 0.03390800 0.76286100
21 -2.03839851 -0.89278749 0.93250500 1.84958100 0.50887600 0.72095600
22 -1.62789048 0.15474597 0.01182600 -0.09987500 0.17985400 0.56094000
23 -1.59927900 0.00001000 0.00001100 0.03412200 -0.02595000 0.63135700
24 5.51182400 0.00000800 -0.00000400 2.08603467 -0.06549108 3.11620083
25 0.19684800 0.00000000 0.00000300 2.79340678 -0.00112144 -3.14135408
26 -4.55863147 -18.34159884 -7.42718606 2.44191300 1.34964900 2.25678400
27 6.21448800 0.00001100 0.00002100 -0.81207531 0.60968092 -1.81740205
28 11.94488700 -0.00003500 -0.00019900 -0.35911824 -0.32627879 -1.86118688
29 10.62017300 -0.00000400 0.00001000 2.77369124 -0.84458864 0.91484701
30 4.75117100 0.69437600 -0.83047700 -0.06487300 -0.39364000 0.55419500
31 1.68806800 -0.00002200 0.00000100 0.01171600 -0.02181400 0.94698000
32 1.33614300 -0.00005100 -0.00001000 0.00239400 -0.03863700 0.30776800
33 4.82051800 0.50934200 0.22486500 -0.12564700 -0.32635900 0.75031200
34 1.82700000 0.00006800 0.00001000 0.01352100 0.03817800 1.61369400
35 1.43658100 -0.00000600 0.00001100 0.01466500 0.00366700 -0.97448300
36 3.99235700 0.89108800 1.82799600 -0.36795900 -0.15069400 1.01187800
37 1.40592200 0.00003200 -0.00000500 -0.01759000 -0.02364400 1.51411800
38 1.17535800 -0.00012900 0.00000300 -0.10080900 0.07107400 -1.00405600
39 4.52676800 0.69046600 1.12084000 -0.25986600 -0.21940300 1.06704300
40 1.74403400 -0.00002600 0.00000000 -0.02622300 -0.01366700 1.50212900
41 1.36875900 -0.00003500 -0.00002200 -0.14793300 0.25506700 -1.34370900
42 1.87486800 0.93508100 -0.99913000 2.23325500 0.53457700 0.76202400
43 1.50709399 -0.12162701 0.00857151 -0.04879600 -0.02132400 0.07877900
44 1.59791453 -0.06895848 0.00290300 0.00631500 -0.05280800 -0.22499400
45 5.51181000 -0.00001100 0.00000600 -1.15076500 0.00000000 0.00000000
46 0.19684800 0.00000900 -0.00000100 -0.34822500 0.00001500 -0.00000200
47 0.00000000 1.00000000 0.00000000 0.00000000 0.00000000 -1.57079600
48 -3.85027600 32.39967000 -4.25170500 0.00000000 0.00000000 -3.14156200
49 -8.53890803 49.94352566 -2.16559336 0.45331479 -0.01294222 -0.74952209
50 11.00201360 1.00745236 -4.82372870 0.31172400 1.04103800 1.63469900
51 3.96184500 0.64297700 -1.92970300 0.00000000 0.00000000 0.00000000
52 0.80310100 0.45841200 -4.75786000 0.00000000 0.00000000 0.00000000
53 -0.20958500 3.29652699 1.68791748 1.58426800 0.00000000 -0.00000100
54 0.00552599 0.54110400 -0.03808151 0.01518168 -0.00989387 0.01114918
55 -0.00000101 0.54065951 -0.00000101 0.21351034 0.00097790 -0.02577786
56 -0.00000149 0.54211249 0.00000000 0.02146532 0.00333203 -0.02085317
57 0.00970494 0.54248151 0.00024271 0.00000000 0.00000000 0.00000000
58 0.00000000 0.54072300 0.00000100 -0.01627242 -0.00280592 0.02656674
59 0.00000400 0.54147900 0.00000100 0.08344994 -0.00489557 0.00343777
60 0.00000147 0.54103800 0.00000051 0.57099515 0.01004573 -0.01774820
61 0.00000051 0.51957648 -0.00000049 0.79267200 0.00412500 -0.00223200
62 -0.00236612 0.52275383 -0.14268705 -0.18380487 -0.00439997 0.00676881
63 0.00000003 0.54251151 0.00000000 0.03298652 0.01414144 0.00110032
64 -0.00001100 0.54067100 0.00000000 0.01407251 0.00292899 0.00088510
65 0.00000000 0.53940000 0.00000000 -0.00336700 0.00000200 0.00095000
66 -1.37813800 3.89395300 -0.78387300 1.77690200 0.00000000 0.00000000
67 -10.90695600 0.47861700 -2.31595800 0.00000000 0.00000000 0.00000000
68 -2.47458600 -0.05751300 1.52871800 0.00000000 0.00000000 0.00000000
69 3.39013700 -0.70700700 0.09637000 0.00000000 0.00000000 0.00000000
70 -5.10141600 -1.60216700 -2.82126100 0.46170000 1.36724100 1.13609000
time 46
0 -0.00000100 8.45008800 -27.50902600 0.00000000 0.00000000 0.00003100
1 -0.00000200 0.00000000 0.00000000 1.57074700 -1.56714200 -1.57074700
2 4.25546500 -0.33518500 -0.00000200 0.00000000 0.00000000 -0.12484800
3 7.43125200 1.49648000 0.00000200 0.00000000 0.00000000 0.24545000
4 5.27847900 0.16554400 0.00000100 0.00000000 0.00000000 0.04851100
5 0.81061441 -11.13711942 4.61940891 1.97586600 1.15990900 -1.29878500
6 -6.21447800 -0.00001100 -0.00002800 -2.92914247 -0.81657031 1.53287603
7 11.94488700 0.00000000 -0.00000100 0.08269780 -0.37749807 1.82898983
8 10.62019000 0.00000000 0.00000000 1.78924541 0.06029698 2.67775315
9 -4.75110800 -0.69449200 0.83058100 -0.19617500 -0.07598900 0.33735800
10 -1.68808400 0.00004500 -0.00003100 0.01642800 -0.01846600 0.71331500
11 -1.33614300 0.00005900 -0.00001000 0.02584200 0.00517300 0.35617200
12 -4.82049200 -0.50945900 -0.22475900 -0.43210000 -0.06904400 1.18347900
13 -1.82698400 -0.00007100 0.00001000 0.00062300 0.04047200 1.28961100
14 -1.43657300 0.00000800 0.00000300 -0.06360300 -0.04470400 0.86686500
15 -3.99235500 -0.89118800 -1.82790700 -0.77162000 0.11408800 1.28870000
16 -1.40592200 -0.00003000 0.00000000 0.00603500 -0.02888300 0.66990400
17 -1.17535800 0.00012400 -0.00002100 0.06674100 0.01248300 1.28927800
18 -4.52674900 -0.69057700 -1.12074200 -0.60925600 0.08426700 1.37684800
19 -1.74403400 0.00003500 -0.00000700 -0.02225500 -0.01944400 1.26365700
20 -1.36876700 0.00002300 0.00000500 0.04001900 0.03390800 0.76286100
21 -2.03839851 -0.89278749 0.93250500 1.84958100 0.50887600 0.72095600
22 -1.62789048 0.15474597 0.01182600 -0.09987500 0.17985400 0.56094000
23 -1.59927900 0.00001000 0.00001100 0.03412200 -0.02595000 0.63135700
24 5.51182400 0.00000800 -0.00000400 2.08603467 -0.06549108 3.11620083
25 0.19684800 0.00000000 0.00000300 2.79340678 -0.00112144 -3.14135408
26 -4.55863147 -18.34159884 -7.42718606 2.44191300 1.34964900 2.25678400
27 6.21448800 0.00001100 0.00002100 -0.81220966 0.60195194 -1.82492052
28 11.94488700 -0.00003500 -0.00019900 -0.36174900 -0.33019246 -1.85349164
29 10.62017300 -0.00000400 0.00001000 2.78816823 -0.84510735 0.90410989
30 4.75117100 0.69437600 -0.83047700 -0.06487300 -0.39364000 0.55419500
31 1.68806800 -0.00002200 0.00000100 0.01171600 -0.02181400 0.94698000
32 1.33614300 -0.00005100 -0.00001000 0.00239400 -0.03863700 0.30776800
33 4.82051800 0.50934200 0.22486500 -0.12564700 -0.32635900 0.75031200
34 1.82700000 0.00006800 0.00001000 0.01352100 0.03817800 1.61369400
35 1.43658100 -0.00000600 0.00001100 0.01466500 0.00366700 -0.97448300
36 3.99235700 0.89108800 1.82799600 -0.36795900 -0.15069400 1.01187800
37 1.40592200 0.00003200 -0.00000500 -0.01759000 -0.02364400 1.51411800
38 1.17535800 -0.00012900 0.00000300 -0.10080900 0.07107400 -1.00405600
39 4.52676800 0.69046600 1.12084000 -0.25986600 -0.21940300 1.06704300
40 1.74403400 -0.00002600 0.00000000 -0.02622300 -0.01366700 1.50212900
41 1.36875900 -0.00003500 -0.00002200 -0.14793300 0.25506700 -1.34370900
42 1.87486800 0.93508100 -0.99913000 2.23325500 0.53457700 0.76202400
43 1.50709399 -0.12162701 0.00857151 -0.04879600 -0.02132400 0.07877900
44 1.59791453 -0.06895848 0.00290300 0.00631500 -0.05280800 -0.22499400
45 5.51181000 -0.00001100 0.00000600 -1.15076500 0.00000000 0.00000000
46 0.19684800 0.00000900 -0.00000100 -0.34822500 0.00001500 -0.00000200
47 0.00000000 1.00000000 0.00000000 0.00000000 0.00000000 -1.57079600
48 -3.85027600 32.39967000 -4.25170500 0.00000000 0.00000000 -3.14156200
49 -8.46222182 49.94352566 -2.11507283 0.45503045 -0.00424746 -0.75009449
50 11.00201360 1.00745236 -4.82372870 0.31172400 1.04103800 1.63469900
51 3.96184500 0.64297700 -1.92970300 0.00000000 0.00000000 0.00000000
52 0.80310100 0.45841200 -4.75786000 0.00000000 0.00000000 0.00000000
53 -0.20958500 3.29652699 1.68791748 1.58426800 0.00000000 -0.00000100
54 0.00552599 0.54110400 -0.03808151 0.01518775 -0.00878576 0.01115762
55 -0.00000101 0.54065951 -0.00000101 0.21355412 0.00091315 -0.02557057
56 -0.00000149 0.54211249 0.00000000 0.02150777 0.00333202 -0.02081072
57 0.00970494 0.54248151 0.00024271 0.00000000 0.00000000 0.00000000
58 0.00000000 0.54072300 0.00000100 -0.01631487 -0.00280544 0.02652429
59 0.00000400 0.54147900 0.00000100 0.08344994 -0.00489903 0.00352317
60 0.00000147 0.54103800 0.00000051 0.57104273 0.00971482 -0.01722317
61 0.00000051 0.51957648 -0.00000049 0.79267200 0.00412500 -0.00223200
62 -0.00262377 0.52275482 -0.14268508 -0.18380585 -0.00430667 0.00731669
63 0.00000003 0.54251151 0.00000000 0.03298652 0.01414144 0.00110032
64 -0.00001100 0.54067100 0.00000000 0.01407251 0.00292899 0.00088510
65 0.00000000 0.53940000 0.00000000 -0.00336700 0.00000200 0.00095000
66 -1.37813800 3.89395300 -0.78387300 1.77690200 0.00000000 0.00000000
67 -10.90695600 0.47861700 -2.31595800 0.00000000 0.00000000 0.00000000
68 -2.47458600 -0.05751300 1.52871800 0.00000000 0.00000000 0.00000000
69 3.39013700 -0.70700700 0.09637000 0.00000000 0.00000000 0.00000000
70 -5.10141600 -1.60216700 -2.82126100 0.46170000 1.36724100 1.13609000
time 47
0 -0.00000100 8.45008800 -27.50902600 0.00000000 0.00000000 0.00003100
1 -0.00000200 0.00000000 0.00000000 1.57074700 -1.56714200 -1.57074700
2 4.25546500 -0.33518500 -0.00000200 0.00000000 0.00000000 -0.12484800
3 7.43125200 1.49648000 0.00000200 0.00000000 0.00000000 0.24545000
4 5.27847900 0.16554400 0.00000100 0.00000000 0.00000000 0.04851100
5 0.81061441 -11.13711942 4.61940891 1.97586600 1.15990900 -1.29878500
6 -6.21447800 -0.00001100 -0.00002800 -2.93293477 -0.81887550 1.53973665
7 11.94488700 0.00000000 -0.00000100 0.08291698 -0.37925279 1.82784002
8 10.62019000 0.00000000 0.00000000 1.79017800 0.05898304 2.69150768
9 -4.75110800 -0.69449200 0.83058100 -0.19617500 -0.07598900 0.33735800
10 -1.68808400 0.00004500 -0.00003100 0.01642800 -0.01846600 0.71331500
11 -1.33614300 0.00005900 -0.00001000 0.02584200 0.00517300 0.35617200
12 -4.82049200 -0.50945900 -0.22475900 -0.43210000 -0.06904400 1.18347900
13 -1.82698400 -0.00007100 0.00001000 0.00062300 0.04047200 1.28961100
14 -1.43657300 0.00000800 0.00000300 -0.06360300 -0.04470400 0.86686500
15 -3.99235500 -0.89118800 -1.82790700 -0.77162000 0.11408800 1.28870000
16 -1.40592200 -0.00003000 0.00000000 0.00603500 -0.02888300 0.66990400
17 -1.17535800 0.00012400 -0.00002100 0.06674100 0.01248300 1.28927800
18 -4.52674900 -0.69057700 -1.12074200 -0.60925600 0.08426700 1.37684800
19 -1.74403400 0.00003500 -0.00000700 -0.02225500 -0.01944400 1.26365700
20 -1.36876700 0.00002300 0.00000500 0.04001900 0.03390800 0.76286100
21 -2.03839851 -0.89278749 0.93250500 1.84958100 0.50887600 0.72095600
22 -1.62789048 0.15474597 0.01182600 -0.09987500 0.17985400 0.56094000
23 -1.59927900 0.00001000 0.00001100 0.03412200 -0.02595000 0.63135700
24 5.51182400 0.00000800 -0.00000400 2.08603467 -0.06549108 3.11620083
25 0.19684800 0.00000000 0.00000300 2.79340678 -0.00112144 -3.14135408
26 -4.55863147 -18.34159884 -7.42718606 2.44191300 1.34964900 2.25678400
27 6.21448800 0.00001100 0.00002100 -0.81132981 0.59605316 -1.83148108
28 11.94488700 -0.00003500 -0.00019900 -0.36404692 -0.33365209 -1.84677453
29 10.62017300 -0.00000400 0.00001000 2.80225587 -0.84678269 0.89249841
30 4.75117100 0.69437600 -0.83047700 -0.06487300 -0.39364000 0.55419500
31 1.68806800 -0.00002200 0.00000100 0.01171600 -0.02181400 0.94698000
32 1.33614300 -0.00005100 -0.00001000 0.00239400 -0.03863700 0.30776800
33 4.82051800 0.50934200 0.22486500 -0.12564700 -0.32635900 0.75031200
34 1.82700000 0.00006800 0.00001000 0.01352100 0.03817800 1.61369400
35 1.43658100 -0.00000600 0.00001100 0.01466500 0.00366700 -0.97448300
36 3.99235700 0.89108800 1.82799600 -0.36795900 -0.15069400 1.01187800
37 1.40592200 0.00003200 -0.00000500 -0.01759000 -0.02364400 1.51411800
38 1.17535800 -0.00012900 0.00000300 -0.10080900 0.07107400 -1.00405600
39 4.52676800 0.69046600 1.12084000 -0.25986600 -0.21940300 1.06704300
40 1.74403400 -0.00002600 0.00000000 -0.02622300 -0.01366700 1.50212900
41 1.36875900 -0.00003500 -0.00002200 -0.14793300 0.25506700 -1.34370900
42 1.87486800 0.93508100 -0.99913000 2.23325500 0.53457700 0.76202400
43 1.50709399 -0.12162701 0.00857151 -0.04879600 -0.02132400 0.07877900
44 1.59791453 -0.06895848 0.00290300 0.00631500 -0.05280800 -0.22499400
45 5.51181000 -0.00001100 0.00000600 -1.15076500 0.00000000 0.00000000
46 0.19684800 0.00000900 -0.00000100 -0.34822500 0.00001500 -0.00000200
47 0.00000000 1.00000000 0.00000000 0.00000000 0.00000000 -1.57079600
48 -3.85027600 32.39967000 -4.25170500 0.00000000 0.00000000 -3.14156200
49 -8.38162633 49.94352566 -2.08553623 0.45674541 0.00379601 -0.74973522
50 11.00201360 1.00745236 -4.82372870 0.31172400 1.04103800 1.63469900
51 3.96184500 0.64297700 -1.92970300 0.00000000 0.00000000 0.00000000
52 0.80310100 0.45841200 -4.75786000 0.00000000 0.00000000 0.00000000
53 -0.20958500 3.29652699 1.68791748 1.58426800 0.00000000 -0.00000100
54 0.00552599 0.54110400 -0.03808151 0.01519382 -0.00763570 0.01116605
55 -0.00000101 0.54065951 -0.00000101 0.21355446 0.00084352 -0.02532083
56 -0.00000149 0.54211249 0.00000000 0.02155022 0.00333251 -0.02081072
57 0.00970494 0.54248151 0.00024271 0.00000000 0.00000000 0.00000000
58 0.00000000 0.54072300 0.00000100 -0.01635781 -0.00280495 0.02652429
59 0.00000400 0.54147900 0.00000100 0.08344944 -0.00490248 0.00360806
60 0.00000147 0.54103800 0.00000051 0.57104516 0.00942403 -0.01668669
61 0.00000051 0.51957648 -0.00000049 0.79267200 0.00412500 -0.00223200
62 -0.00288438 0.52275482 -0.14268458 -0.18380638 -0.00421338 0.00786407
63 0.00000003 0.54251151 0.00000000 0.03298652 0.01414046 0.00114277
64 -0.00001100 0.54067100 0.00000000 0.01407251 0.00292899 0.00088510
65 0.00000000 0.53940000 0.00000000 -0.00332294 0.00000200 0.00095000
66 -1.37813800 3.89395300 -0.78387300 1.77690200 0.00000000 0.00000000
67 -10.90695600 0.47861700 -2.31595800 0.00000000 0.00000000 0.00000000
68 -2.47458600 -0.05751300 1.52871800 0.00000000 0.00000000 0.00000000
69 3.39013700 -0.70700700 0.09637000 0.00000000 0.00000000 0.00000000
70 -5.10141600 -1.60216700 -2.82126100 0.46170000 1.36724100 1.13609000
time 48
0 -0.00000100 8.45008800 -27.50902600 0.00000000 0.00000000 0.00003100
1 -0.00000200 0.00000000 0.00000000 1.57074700 -1.56714200 -1.57074700
2 4.25546500 -0.33518500 -0.00000200 0.00000000 0.00000000 -0.12484800
3 7.43125200 1.49648000 0.00000200 0.00000000 0.00000000 0.24545000
4 5.27847900 0.16554400 0.00000100 0.00000000 0.00000000 0.04851100
5 0.81061441 -11.13711942 4.61940891 1.97586600 1.15990900 -1.29878500
6 -6.21447800 -0.00001100 -0.00002800 -2.93889334 -0.82203529 1.54927340
7 11.94488700 0.00000000 -0.00000100 0.08363985 -0.38181263 1.82505607
8 10.62019000 0.00000000 0.00000000 1.79032657 0.05478132 2.70862051
9 -4.75110800 -0.69449200 0.83058100 -0.19617500 -0.07598900 0.33735800
10 -1.68808400 0.00004500 -0.00003100 0.01642800 -0.01846600 0.71331500
11 -1.33614300 0.00005900 -0.00001000 0.02584200 0.00517300 0.35617200
12 -4.82049200 -0.50945900 -0.22475900 -0.43210000 -0.06904400 1.18347900
13 -1.82698400 -0.00007100 0.00001000 0.00062300 0.04047200 1.28961100
14 -1.43657300 0.00000800 0.00000300 -0.06360300 -0.04470400 0.86686500
15 -3.99235500 -0.89118800 -1.82790700 -0.77162000 0.11408800 1.28870000
16 -1.40592200 -0.00003000 0.00000000 0.00603500 -0.02888300 0.66990400
17 -1.17535800 0.00012400 -0.00002100 0.06674100 0.01248300 1.28927800
18 -4.52674900 -0.69057700 -1.12074200 -0.60925600 0.08426700 1.37684800
19 -1.74403400 0.00003500 -0.00000700 -0.02225500 -0.01944400 1.26365700
20 -1.36876700 0.00002300 0.00000500 0.04001900 0.03390800 0.76286100
21 -2.03839851 -0.89278749 0.93250500 1.84958100 0.50887600 0.72095600
22 -1.62789048 0.15474597 0.01182600 -0.09987500 0.17985400 0.56094000
23 -1.59927900 0.00001000 0.00001100 0.03412200 -0.02595000 0.63135700
24 5.51182400 0.00000800 -0.00000400 2.08603467 -0.06549108 3.11620083
25 0.19684800 0.00000000 0.00000300 2.79340678 -0.00112144 -3.14135408
26 -4.55863147 -18.34159884 -7.42718606 2.44191300 1.34964900 2.25678400
27 6.21448800 0.00001100 0.00002100 -0.80941241 0.59322051 -1.83685720
28 11.94488700 -0.00003500 -0.00019900 -0.36571479 -0.33643893 -1.84195989
29 10.62017300 -0.00000400 0.00001000 2.81663608 -0.85066122 0.87951237
30 4.75117100 0.69437600 -0.83047700 -0.06487300 -0.39364000 0.55419500
31 1.68806800 -0.00002200 0.00000100 0.01171600 -0.02181400 0.94698000
32 1.33614300 -0.00005100 -0.00001000 0.00239400 -0.03863700 0.30776800
33 4.82051800 0.50934200 0.22486500 -0.12564700 -0.32635900 0.75031200
34 1.82700000 0.00006800 0.00001000 0.01352100 0.03817800 1.61369400
35 1.43658100 -0.00000600 0.00001100 0.01466500 0.00366700 -0.97448300
36 3.99235700 0.89108800 1.82799600 -0.36795900 -0.15069400 1.01187800
37 1.40592200 0.00003200 -0.00000500 -0.01759000 -0.02364400 1.51411800
38 1.17535800 -0.00012900 0.00000300 -0.10080900 0.07107400 -1.00405600
39 4.52676800 0.69046600 1.12084000 -0.25986600 -0.21940300 1.06704300
40 1.74403400 -0.00002600 0.00000000 -0.02622300 -0.01366700 1.50212900
41 1.36875900 -0.00003500 -0.00002200 -0.14793300 0.25506700 -1.34370900
42 1.87486800 0.93508100 -0.99913000 2.23325500 0.53457700 0.76202400
43 1.50709399 -0.12162701 0.00857151 -0.04879600 -0.02132400 0.07877900
44 1.59791453 -0.06895848 0.00290300 0.00631500 -0.05280800 -0.22499400
45 5.51181000 -0.00001100 0.00000600 -1.15076500 0.00000000 0.00000000
46 0.19684800 0.00000900 -0.00000100 -0.34822500 0.00001500 -0.00000200
47 0.00000000 1.00000000 0.00000000 0.00000000 0.00000000 -1.57079600
48 -3.85027600 32.39967000 -4.25170500 0.00000000 0.00000000 -3.14156200
49 -8.29211255 49.94352566 -2.09176114 0.45810964 0.01136538 -0.74747818
50 11.00201360 1.00745236 -4.82372870 0.31172400 1.04103800 1.63469900
51 3.96184500 0.64297700 -1.92970300 0.00000000 0.00000000 0.00000000
52 0.80310100 0.45841200 -4.75786000 0.00000000 0.00000000 0.00000000
53 -0.20958500 3.29652699 1.68791748 1.58426800 0.00000000 -0.00000100
54 0.00552599 0.54110400 -0.03808151 0.01520008 -0.00644269 0.01121791
55 -0.00000101 0.54065951 -0.00000101 0.21359826 0.00077435 -0.02507109
56 -0.00000149 0.54211249 0.00000000 0.02155071 0.00333201 -0.02076778
57 0.00970494 0.54248151 0.00024271 0.00000000 0.00000000 0.00000000
58 0.00000000 0.54072300 0.00000100 -0.01635781 -0.00280545 0.02648184
59 0.00000400 0.54147900 0.00000100 0.08344943 -0.00490791 0.00373590
60 0.00000147 0.54103800 0.00000051 0.57109267 0.00910452 -0.01620308
61 0.00000051 0.51957648 -0.00000049 0.79267200 0.00412500 -0.00223200
62 -0.00314895 0.52275531 -0.14268261 -0.18380755 -0.00416253 0.00841591
63 0.00000003 0.54251151 0.00000000 0.03298652 0.01414046 0.00114277
64 -0.00001100 0.54067100 0.00000000 0.01407251 0.00292899 0.00088510
65 0.00000000 0.53940000 0.00000000 -0.00332406 0.00000200 0.00095000
66 -1.37813800 3.89395300 -0.78387300 1.77690200 0.00000000 0.00000000
67 -10.90695600 0.47861700 -2.31595800 0.00000000 0.00000000 0.00000000
68 -2.47458600 -0.05751300 1.52871800 0.00000000 0.00000000 0.00000000
69 3.39013700 -0.70700700 0.09637000 0.00000000 0.00000000 0.00000000
70 -5.10141600 -1.60216700 -2.82126100 0.46170000 1.36724100 1.13609000
time 49
0 -0.00000100 8.45008800 -27.50902600 0.00000000 0.00000000 0.00003100
1 -0.00000200 0.00000000 0.00000000 1.57074700 -1.56714200 -1.57074700
2 4.25546500 -0.33518500 -0.00000200 0.00000000 0.00000000 -0.12484800
3 7.43125200 1.49648000 0.00000200 0.00000000 0.00000000 0.24545000
4 5.27847900 0.16554400 0.00000100 0.00000000 0.00000000 0.04851100
5 0.81061441 -11.13711942 4.61940891 1.97586600 1.15990900 -1.29878500
6 -6.21447800 -0.00001100 -0.00002800 -2.94473393 -0.82513584 1.55873442
7 11.94488700 0.00000000 -0.00000100 0.08439639 -0.38432871 1.82216838
8 10.62019000 0.00000000 0.00000000 1.79025771 0.05051160 2.72579935
9 -4.75110800 -0.69449200 0.83058100 -0.19617500 -0.07598900 0.33735800
10 -1.68808400 0.00004500 -0.00003100 0.01642800 -0.01846600 0.71331500
11 -1.33614300 0.00005900 -0.00001000 0.02584200 0.00517300 0.35617200
12 -4.82049200 -0.50945900 -0.22475900 -0.43210000 -0.06904400 1.18347900
13 -1.82698400 -0.00007100 0.00001000 0.00062300 0.04047200 1.28961100
14 -1.43657300 0.00000800 0.00000300 -0.06360300 -0.04470400 0.86686500
15 -3.99235500 -0.89118800 -1.82790700 -0.77162000 0.11408800 1.28870000
16 -1.40592200 -0.00003000 0.00000000 0.00603500 -0.02888300 0.66990400
17 -1.17535800 0.00012400 -0.00002100 0.06674100 0.01248300 1.28927800
18 -4.52674900 -0.69057700 -1.12074200 -0.60925600 0.08426700 1.37684800
19 -1.74403400 0.00003500 -0.00000700 -0.02225500 -0.01944400 1.26365700
20 -1.36876700 0.00002300 0.00000500 0.04001900 0.03390800 0.76286100
21 -2.03839851 -0.89278749 0.93250500 1.84958100 0.50887600 0.72095600
22 -1.62789048 0.15474597 0.01182600 -0.09987500 0.17985400 0.56094000
23 -1.59927900 0.00001000 0.00001100 0.03412200 -0.02595000 0.63135700
24 5.51182400 0.00000800 -0.00000400 2.08603467 -0.06549108 3.11620083
25 0.19684800 0.00000000 0.00000300 2.79340678 -0.00112144 -3.14135408
26 -4.55863147 -18.34159884 -7.42718606 2.44191300 1.34964900 2.25678400
27 6.21448800 0.00001100 0.00002100 -0.80735644 0.59041663 -1.84216122
28 11.94488700 -0.00003500 -0.00019900 -0.36734674 -0.33923176 -1.83715255
29 10.62017300 -0.00000400 0.00001000 2.83101063 -0.85442348 0.86653363
30 4.75117100 0.69437600 -0.83047700 -0.06487300 -0.39364000 0.55419500
31 1.68806800 -0.00002200 0.00000100 0.01171600 -0.02181400 0.94698000
32 1.33614300 -0.00005100 -0.00001000 0.00239400 -0.03863700 0.30776800
33 4.82051800 0.50934200 0.22486500 -0.12564700 -0.32635900 0.75031200
34 1.82700000 0.00006800 0.00001000 0.01352100 0.03817800 1.61369400
35 1.43658100 -0.00000600 0.00001100 0.01466500 0.00366700 -0.97448300
36 3.99235700 0.89108800 1.82799600 -0.36795900 -0.15069400 1.01187800
37 1.40592200 0.00003200 -0.00000500 -0.01759000 -0.02364400 1.51411800
38 1.17535800 -0.00012900 0.00000300 -0.10080900 0.07107400 -1.00405600
39 4.52676800 0.69046600 1.12084000 -0.25986600 -0.21940300 1.06704300
40 1.74403400 -0.00002600 0.00000000 -0.02622300 -0.01366700 1.50212900
41 1.36875900 -0.00003500 -0.00002200 -0.14793300 0.25506700 -1.34370900
42 1.87486800 0.93508100 -0.99913000 2.23325500 0.53457700 0.76202400
43 1.50709399 -0.12162701 0.00857151 -0.04879600 -0.02132400 0.07877900
44 1.59791453 -0.06895848 0.00290300 0.00631500 -0.05280800 -0.22499400
45 5.51181000 -0.00001100 0.00000600 -1.15076500 0.00000000 0.00000000
46 0.19684800 0.00000900 -0.00000100 -0.34822500 0.00001500 -0.00000200
47 0.00000000 1.00000000 0.00000000 0.00000000 0.00000000 -1.57079600
48 -3.85027600 32.39967000 -4.25170500 0.00000000 0.00000000 -3.14156200
49 -8.20271738 49.94352566 -2.09854755 0.45943581 0.01878083 -0.74522295
50 11.00201360 1.00745236 -4.82372870 0.31172400 1.04103800 1.63469900
51 3.96184500 0.64297700 -1.92970300 0.00000000 0.00000000 0.00000000
52 0.80310100 0.45841200 -4.75786000 0.00000000 0.00000000 0.00000000
53 -0.20958500 3.29652699 1.68791748 1.58426800 0.00000000 -0.00000100
54 0.00552599 0.54110400 -0.03808151 0.01520660 -0.00529213 0.01122633
55 -0.00000101 0.54065951 -0.00000101 0.21364113 0.00075208 -0.02485935
56 -0.00000149 0.54211249 0.00000000 0.02159316 0.00333250 -0.02076778
57 0.00970494 0.54248151 0.00024271 0.00000000 0.00000000 0.00000000
58 0.00000000 0.54072300 0.00000100 -0.01640026 -0.00280447 0.02648184
59 0.00000400 0.54147900 0.00000100 0.08344894 -0.00491136 0.00382129
60 0.00000147 0.54103800 0.00000051 0.57109542 0.00881375 -0.01566659
61 0.00000051 0.51957648 -0.00000049 0.79267200 0.00412500 -0.00223200
62 -0.00341253 0.52275433 -0.14268360 -0.18380866 -0.00406924 0.00896329
63 0.00000003 0.54251151 0.00000000 0.03298701 0.01413996 0.00118522
64 -0.00001100 0.54067100 0.00000000 0.01407300 0.00292849 0.00092755
65 0.00000000 0.53940000 0.00000000 -0.00336700 0.00000200 0.00095000
66 -1.37813800 3.89395300 -0.78387300 1.77690200 0.00000000 0.00000000
67 -10.90695600 0.47861700 -2.31595800 0.00000000 0.00000000 0.00000000
68 -2.47458600 -0.05751300 1.52871800 0.00000000 0.00000000 0.00000000
69 3.39013700 -0.70700700 0.09637000 0.00000000 0.00000000 0.00000000
70 -5.10141600 -1.60216700 -2.82126100 0.46170000 1.36724100 1.13609000
time 50
0 -0.00000100 8.45008800 -27.50902600 0.00000000 0.00000000 0.00003100
1 -0.00000200 0.00000000 0.00000000 1.57074700 -1.56714200 -1.57074700
2 4.25546500 -0.33518500 -0.00000200 0.00000000 0.00000000 -0.12484800
3 7.43125200 1.49648000 0.00000200 0.00000000 0.00000000 0.24545000
4 5.27847900 0.16554400 0.00000100 0.00000000 0.00000000 0.04851100
5 0.81061441 -11.13711942 4.61940891 1.97586600 1.15990900 -1.29878500
6 -6.21447800 -0.00001100 -0.00002800 -2.95019390 -0.82799237 1.56799348
7 11.94488700 0.00000000 -0.00000100 0.08507843 -0.38680171 1.81948526
8 10.62019000 0.00000000 0.00000000 1.79083911 0.04583960 2.74182124
9 -4.75110800 -0.69449200 0.83058100 -0.19617500 -0.07598900 0.33735800
10 -1.68808400 0.00004500 -0.00003100 0.01642800 -0.01846600 0.71331500
11 -1.33614300 0.00005900 -0.00001000 0.02584200 0.00517300 0.35617200
12 -4.82049200 -0.50945900 -0.22475900 -0.43210000 -0.06904400 1.18347900
13 -1.82698400 -0.00007100 0.00001000 0.00062300 0.04047200 1.28961100
14 -1.43657300 0.00000800 0.00000300 -0.06360300 -0.04470400 0.86686500
15 -3.99235500 -0.89118800 -1.82790700 -0.77162000 0.11408800 1.28870000
16 -1.40592200 -0.00003000 0.00000000 0.00603500 -0.02888300 0.66990400
17 -1.17535800 0.00012400 -0.00002100 0.06674100 0.01248300 1.28927800
18 -4.52674900 -0.69057700 -1.12074200 -0.60925600 0.08426700 1.37684800
19 -1.74403400 0.00003500 -0.00000700 -0.02225500 -0.01944400 1.26365700
20 -1.36876700 0.00002300 0.00000500 0.04001900 0.03390800 0.76286100
21 -2.03839851 -0.89278749 0.93250500 1.84958100 0.50887600 0.72095600
22 -1.62789048 0.15474597 0.01182600 -0.09987500 0.17985400 0.56094000
23 -1.59927900 0.00001000 0.00001100 0.03412200 -0.02595000 0.63135700
24 5.51182400 0.00000800 -0.00000400 2.08603467 -0.06549108 3.11620083
25 0.19684800 0.00000000 0.00000300 2.79340678 -0.00112144 -3.14135408
26 -4.55863147 -18.34159884 -7.42718606 2.44191300 1.34964900 2.25678400
27 6.21448800 0.00001100 0.00002100 -0.80477062 0.58820138 -1.84708720
28 11.94488700 -0.00003500 -0.00019900 -0.36905363 -0.34192177 -1.83226705
29 10.62017300 -0.00000400 0.00001000 2.84413212 -0.85817379 0.85298940
30 4.75117100 0.69437600 -0.83047700 -0.06487300 -0.39364000 0.55419500
31 1.68806800 -0.00002200 0.00000100 0.01171600 -0.02181400 0.94698000
32 1.33614300 -0.00005100 -0.00001000 0.00239400 -0.03863700 0.30776800
33 4.82051800 0.50934200 0.22486500 -0.12564700 -0.32635900 0.75031200
34 1.82700000 0.00006800 0.00001000 0.01352100 0.03817800 1.61369400
35 1.43658100 -0.00000600 0.00001100 0.01466500 0.00366700 -0.97448300
36 3.99235700 0.89108800 1.82799600 -0.36795900 -0.15069400 1.01187800
37 1.40592200 0.00003200 -0.00000500 -0.01759000 -0.02364400 1.51411800
38 1.17535800 -0.00012900 0.00000300 -0.10080900 0.07107400 -1.00405600
39 4.52676800 0.69046600 1.12084000 -0.25986600 -0.21940300 1.06704300
40 1.74403400 -0.00002600 0.00000000 -0.02622300 -0.01366700 1.50212900
41 1.36875900 -0.00003500 -0.00002200 -0.14793300 0.25506700 -1.34370900
42 1.87486800 0.93508100 -0.99913000 2.23325500 0.53457700 0.76202400
43 1.50709399 -0.12162701 0.00857151 -0.04879600 -0.02132400 0.07877900
44 1.59791453 -0.06895848 0.00290300 0.00631500 -0.05280800 -0.22499400
45 5.51181000 -0.00001100 0.00000600 -1.15076500 0.00000000 0.00000000
46 0.19684800 0.00000900 -0.00000100 -0.34822500 0.00001500 -0.00000200
47 0.00000000 1.00000000 0.00000000 0.00000000 0.00000000 -1.57079600
48 -3.85027600 32.39967000 -4.25170500 0.00000000 0.00000000 -3.14156200
49 -8.11329614 49.94352566 -2.11011744 0.46144561 0.02553247 -0.74314187
50 11.00201360 1.00745236 -4.82372870 0.31172400 1.04103800 1.63469900
51 3.96184500 0.64297700 -1.92970300 0.00000000 0.00000000 0.00000000
52 0.80310100 0.45841200 -4.75786000 0.00000000 0.00000000 0.00000000
53 -0.20958500 3.29652699 1.68791748 1.58426800 0.00000000 -0.00000100
54 0.00552599 0.54110400 -0.03808151 0.01521261 -0.00418452 0.01123474
55 -0.00000101 0.54065951 -0.00000101 0.21364152 0.00068246 -0.02460960
56 -0.00000149 0.54211249 0.00000000 0.02159316 0.00333201 -0.02072533
57 0.00970494 0.54248151 0.00024271 0.00000000 0.00000000 0.00000000
58 0.00000000 0.54072300 0.00000100 -0.01644271 -0.00280447 0.02643939
59 0.00000400 0.54147900 0.00000100 0.08340599 -0.00491480 0.00390619
60 0.00000147 0.54103800 0.00000051 0.57114226 0.00852340 -0.01513013
61 0.00000051 0.51957648 -0.00000049 0.79267200 0.00412500 -0.00223200
62 -0.00366969 0.52275334 -0.14268409 -0.18380936 -0.00397989 0.00946873
63 0.00000003 0.54251151 0.00000000 0.03298751 0.01413897 0.00122816
64 -0.00001100 0.54067100 0.00000000 0.01407300 0.00292849 0.00092755
65 0.00000000 0.53940000 0.00000000 -0.00336700 0.00000200 0.00095000
66 -1.37813800 3.89395300 -0.78387300 1.77690200 0.00000000 0.00000000
67 -10.90695600 0.47861700 -2.31595800 0.00000000 0.00000000 0.00000000
68 -2.47458600 -0.05751300 1.52871800 0.00000000 0.00000000 0.00000000
69 3.39013700 -0.70700700 0.09637000 0.00000000 0.00000000 0.00000000
70 -5.10141600 -1.60216700 -2.82126100 0.46170000 1.36724100 1.13609000
time 51
0 -0.00000100 8.45008800 -27.50902600 0.00000000 0.00000000 0.00003100
1 -0.00000200 0.00000000 0.00000000 1.57074700 -1.56714200 -1.57074700
2 4.25546500 -0.33518500 -0.00000200 0.00000000 0.00000000 -0.12484800
3 7.43125200 1.49648000 0.00000200 0.00000000 0.00000000 0.24545000
4 5.27847900 0.16554400 0.00000100 0.00000000 0.00000000 0.04851100
5 0.81061441 -11.13711942 4.61940891 1.97586600 1.15990900 -1.29878500
6 -6.21447800 -0.00001100 -0.00002800 -2.95649224 -0.83126741 1.57805170
7 11.94488700 0.00000000 -0.00000100 0.08512284 -0.38891912 1.81863940
8 10.62019000 0.00000000 0.00000000 1.79021104 0.04188086 2.75411388
9 -4.75110800 -0.69449200 0.83058100 -0.19617500 -0.07598900 0.33735800
10 -1.68808400 0.00004500 -0.00003100 0.01642800 -0.01846600 0.71331500
11 -1.33614300 0.00005900 -0.00001000 0.02584200 0.00517300 0.35617200
12 -4.82049200 -0.50945900 -0.22475900 -0.43210000 -0.06904400 1.18347900
13 -1.82698400 -0.00007100 0.00001000 0.00062300 0.04047200 1.28961100
14 -1.43657300 0.00000800 0.00000300 -0.06360300 -0.04470400 0.86686500
15 -3.99235500 -0.89118800 -1.82790700 -0.77162000 0.11408800 1.28870000
16 -1.40592200 -0.00003000 0.00000000 0.00603500 -0.02888300 0.66990400
17 -1.17535800 0.00012400 -0.00002100 0.06674100 0.01248300 1.28927800
18 -4.52674900 -0.69057700 -1.12074200 -0.60925600 0.08426700 1.37684800
19 -1.74403400 0.00003500 -0.00000700 -0.02225500 -0.01944400 1.26365700
20 -1.36876700 0.00002300 0.00000500 0.04001900 0.03390800 0.76286100
21 -2.03839851 -0.89278749 0.93250500 1.84958100 0.50887600 0.72095600
22 -1.62789048 0.15474597 0.01182600 -0.09987500 0.17985400 0.56094000
23 -1.59927900 0.00001000 0.00001100 0.03412200 -0.02595000 0.63135700
24 5.51182400 0.00000800 -0.00000400 2.08603467 -0.06549108 3.11620083
25 0.19684800 0.00000000 0.00000300 2.79340678 -0.00112144 -3.14135408
26 -4.55863147 -18.34159884 -7.42718606 2.44191300 1.34964900 2.25678400
27 6.21448800 0.00001100 0.00002100 -0.80123686 0.58832009 -1.85117877
28 11.94488700 -0.00003500 -0.00019900 -0.37028294 -0.34400732 -1.82868006
29 10.62017300 -0.00000400 0.00001000 2.85383890 -0.86248797 0.84208347
30 4.75117100 0.69437600 -0.83047700 -0.06487300 -0.39364000 0.55419500
31 1.68806800 -0.00002200 0.00000100 0.01171600 -0.02181400 0.94698000
32 1.33614300 -0.00005100 -0.00001000 0.00239400 -0.03863700 0.30776800
33 4.82051800 0.50934200 0.22486500 -0.12564700 -0.32635900 0.75031200
34 1.82700000 0.00006800 0.00001000 0.01352100 0.03817800 1.61369400
35 1.43658100 -0.00000600 0.00001100 0.01466500 0.00366700 -0.97448300
36 3.99235700 0.89108800 1.82799600 -0.36795900 -0.15069400 1.01187800
37 1.40592200 0.00003200 -0.00000500 -0.01759000 -0.02364400 1.51411800
38 1.17535800 -0.00012900 0.00000300 -0.10080900 0.07107400 -1.00405600
39 4.52676800 0.69046600 1.12084000 -0.25986600 -0.21940300 1.06704300
40 1.74403400 -0.00002600 0.00000000 -0.02622300 -0.01366700 1.50212900
41 1.36875900 -0.00003500 -0.00002200 -0.14793300 0.25506700 -1.34370900
42 1.87486800 0.93508100 -0.99913000 2.23325500 0.53457700 0.76202400
43 1.50709399 -0.12162701 0.00857151 -0.04879600 -0.02132400 0.07877900
44 1.59791453 -0.06895848 0.00290300 0.00631500 -0.05280800 -0.22499400
45 5.51181000 -0.00001100 0.00000600 -1.15076500 0.00000000 0.00000000
46 0.19684800 0.00000900 -0.00000100 -0.34822500 0.00001500 -0.00000200
47 0.00000000 1.00000000 0.00000000 0.00000000 0.00000000 -1.57079600
48 -3.85027600 32.39967000 -4.25170500 0.00000000 0.00000000 -3.14156200
49 -8.02269215 49.94352566 -2.14181661 0.46179925 0.02996062 -0.74174561
50 11.00201360 1.00745236 -4.82372870 0.31172400 1.04103800 1.63469900
51 3.96184500 0.64297700 -1.92970300 0.00000000 0.00000000 0.00000000
52 0.80310100 0.45841200 -4.75786000 0.00000000 0.00000000 0.00000000
53 -0.20958500 3.29652699 1.68791748 1.58426800 0.00000000 -0.00000100
54 0.00552599 0.54110400 -0.03808151 0.01521910 -0.00307690 0.01124315
55 -0.00000101 0.54065951 -0.00000101 0.21368488 0.00061825 -0.02440231
56 -0.00000149 0.54211249 0.00000000 0.02163610 0.00333200 -0.02068239
57 0.00970494 0.54248151 0.00024271 0.00000000 0.00000000 0.00000000
58 0.00000000 0.54072300 0.00000100 -0.01644271 -0.00280447 0.02643939
59 0.00000400 0.54147900 0.00000100 0.08340599 -0.00491875 0.00399158
60 0.00000147 0.54103800 0.00000051 0.57114484 0.00820401 -0.01464644
61 0.00000051 0.51957648 -0.00000049 0.79267200 0.00412500 -0.00223200
62 -0.00391846 0.52275235 -0.14268409 -0.18381014 -0.00392905 0.01002056
63 0.00000003 0.54251151 0.00000000 0.03298751 0.01413897 0.00122816
64 -0.00001100 0.54067100 0.00000000 0.01407300 0.00292849 0.00092755
65 0.00000000 0.53940000 0.00000000 -0.00336700 0.00000200 0.00095000
66 -1.37813800 3.89395300 -0.78387300 1.77690200 0.00000000 0.00000000
67 -10.90695600 0.47861700 -2.31595800 0.00000000 0.00000000 0.00000000
68 -2.47458600 -0.05751300 1.52871800 0.00000000 0.00000000 0.00000000
69 3.39013700 -0.70700700 0.09637000 0.00000000 0.00000000 0.00000000
70 -5.10141600 -1.60216700 -2.82126100 0.46170000 1.36724100 1.13609000
time 52
0 -0.00000100 8.45008800 -27.50902600 0.00000000 0.00000000 0.00003100
1 -0.00000200 0.00000000 0.00000000 1.57074700 -1.56714200 -1.57074700
2 4.25546500 -0.33518500 -0.00000200 0.00000000 0.00000000 -0.12484800
3 7.43125200 1.49648000 0.00000200 0.00000000 0.00000000 0.24545000
4 5.27847900 0.16554400 0.00000100 0.00000000 0.00000000 0.04851100
5 0.81061441 -11.13711942 4.61940891 1.97586600 1.15990900 -1.29878500
6 -6.21447800 -0.00001100 -0.00002800 -2.96272197 -0.83440813 1.58810697
7 11.94488700 0.00000000 -0.00000100 0.08519151 -0.39091868 1.81794357
8 10.62019000 0.00000000 0.00000000 1.78966671 0.03771947 2.76580204
9 -4.75110800 -0.69449200 0.83058100 -0.19617500 -0.07598900 0.33735800
10 -1.68808400 0.00004500 -0.00003100 0.01642800 -0.01846600 0.71331500
11 -1.33614300 0.00005900 -0.00001000 0.02584200 0.00517300 0.35617200
12 -4.82049200 -0.50945900 -0.22475900 -0.43210000 -0.06904400 1.18347900
13 -1.82698400 -0.00007100 0.00001000 0.00062300 0.04047200 1.28961100
14 -1.43657300 0.00000800 0.00000300 -0.06360300 -0.04470400 0.86686500
15 -3.99235500 -0.89118800 -1.82790700 -0.77162000 0.11408800 1.28870000
16 -1.40592200 -0.00003000 0.00000000 0.00603500 -0.02888300 0.66990400
17 -1.17535800 0.00012400 -0.00002100 0.06674100 0.01248300 1.28927800
18 -4.52674900 -0.69057700 -1.12074200 -0.60925600 0.08426700 1.37684800
19 -1.74403400 0.00003500 -0.00000700 -0.02225500 -0.01944400 1.26365700
20 -1.36876700 0.00002300 0.00000500 0.04001900 0.03390800 0.76286100
21 -2.03839851 -0.89278749 0.93250500 1.84958100 0.50887600 0.72095600
22 -1.62789048 0.15474597 0.01182600 -0.09987500 0.17985400 0.56094000
23 -1.59927900 0.00001000 0.00001100 0.03412200 -0.02595000 0.63135700
24 5.51182400 0.00000800 -0.00000400 2.08603467 -0.06549108 3.11620083
25 0.19684800 0.00000000 0.00000300 2.79340678 -0.00112144 -3.14135408
26 -4.55863147 -18.34159884 -7.42718606 2.44191300 1.34964900 2.25678400
27 6.21448800 0.00001100 0.00002100 -0.79745344 0.58872455 -1.85505439
28 11.94488700 -0.00003500 -0.00019900 -0.37148019 -0.34607204 -1.82519564
29 10.62017300 -0.00000400 0.00001000 2.86294946 -0.86683118 0.83130024
30 4.75117100 0.69437600 -0.83047700 -0.06487300 -0.39364000 0.55419500
31 1.68806800 -0.00002200 0.00000100 0.01171600 -0.02181400 0.94698000
32 1.33614300 -0.00005100 -0.00001000 0.00239400 -0.03863700 0.30776800
33 4.82051800 0.50934200 0.22486500 -0.12564700 -0.32635900 0.75031200
34 1.82700000 0.00006800 0.00001000 0.01352100 0.03817800 1.61369400
35 1.43658100 -0.00000600 0.00001100 0.01466500 0.00366700 -0.97448300
36 3.99235700 0.89108800 1.82799600 -0.36795900 -0.15069400 1.01187800
37 1.40592200 0.00003200 -0.00000500 -0.01759000 -0.02364400 1.51411800
38 1.17535800 -0.00012900 0.00000300 -0.10080900 0.07107400 -1.00405600
39 4.52676800 0.69046600 1.12084000 -0.25986600 -0.21940300 1.06704300
40 1.74403400 -0.00002600 0.00000000 -0.02622300 -0.01366700 1.50212900
41 1.36875900 -0.00003500 -0.00002200 -0.14793300 0.25506700 -1.34370900
42 1.87486800 0.93508100 -0.99913000 2.23325500 0.53457700 0.76202400
43 1.50709399 -0.12162701 0.00857151 -0.04879600 -0.02132400 0.07877900
44 1.59791453 -0.06895848 0.00290300 0.00631500 -0.05280800 -0.22499400
45 5.51181000 -0.00001100 0.00000600 -1.15076500 0.00000000 0.00000000
46 0.19684800 0.00000900 -0.00000100 -0.34822500 0.00001500 -0.00000200
47 0.00000000 1.00000000 0.00000000 0.00000000 0.00000000 -1.57079600
48 -3.85027600 32.39967000 -4.25170500 0.00000000 0.00000000 -3.14156200
49 -7.93223152 49.94352566 -2.17487065 0.46216604 0.03401407 -0.74047774
50 11.00201360 1.00745236 -4.82372870 0.31172400 1.04103800 1.63469900
51 3.96184500 0.64297700 -1.92970300 0.00000000 0.00000000 0.00000000
52 0.80310100 0.45841200 -4.75786000 0.00000000 0.00000000 0.00000000
53 -0.20958500 3.29652699 1.68791748 1.58426800 0.00000000 -0.00000100
54 0.00552599 0.54110400 -0.03808151 0.01518215 -0.00205369 0.01125095
55 -0.00000101 0.54065951 -0.00000101 0.21372825 0.00055355 -0.02419501
56 -0.00000149 0.54211249 0.00000000 0.02163610 0.00333200 -0.02068239
57 0.00970494 0.54248151 0.00024271 0.00000000 0.00000000 0.00000000
58 0.00000000 0.54072300 0.00000100 -0.01648516 -0.00280398 0.02643939
59 0.00000400 0.54147900 0.00000100 0.08340550 -0.00492221 0.00407648
60 0.00000147 0.54103800 0.00000051 0.57119158 0.00793740 -0.01419190
61 0.00000051 0.51957648 -0.00000049 0.79267200 0.00412500 -0.00223200
62 -0.00415933 0.52275087 -0.14268458 -0.18381093 -0.00384366 0.01048305
63 0.00000003 0.54251151 0.00000000 0.03298751 0.01413848 0.00127061
64 -0.00001100 0.54067100 0.00000000 0.01407300 0.00292849 0.00092755
65 0.00000000 0.53940000 0.00000000 -0.00336700 0.00000200 0.00095000
66 -1.37813800 3.89395300 -0.78387300 1.77690200 0.00000000 0.00000000
67 -10.90695600 0.47861700 -2.31595800 0.00000000 0.00000000 0.00000000
68 -2.47458600 -0.05751300 1.52871800 0.00000000 0.00000000 0.00000000
69 3.39013700 -0.70700700 0.09637000 0.00000000 0.00000000 0.00000000
70 -5.10141600 -1.60216700 -2.82126100 0.46170000 1.36724100 1.13609000
time 53
0 -0.00000100 8.45008800 -27.50902600 0.00000000 0.00000000 0.00003100
1 -0.00000200 0.00000000 0.00000000 1.57074700 -1.56714200 -1.57074700
2 4.25546500 -0.33518500 -0.00000200 0.00000000 0.00000000 -0.12484800
3 7.43125200 1.49648000 0.00000200 0.00000000 0.00000000 0.24545000
4 5.27847900 0.16554400 0.00000100 0.00000000 0.00000000 0.04851100
5 0.81061441 -11.13711942 4.61940891 1.97586600 1.15990900 -1.29878500
6 -6.21447800 -0.00001100 -0.00002800 -2.96771277 -0.83719381 1.59780092
7 11.94488700 0.00000000 -0.00000100 0.08487757 -0.39249715 1.81828121
8 10.62019000 0.00000000 0.00000000 1.78941710 0.03287906 2.77470415
9 -4.75110800 -0.69449200 0.83058100 -0.19617500 -0.07598900 0.33735800
10 -1.68808400 0.00004500 -0.00003100 0.01642800 -0.01846600 0.71331500
11 -1.33614300 0.00005900 -0.00001000 0.02584200 0.00517300 0.35617200
12 -4.82049200 -0.50945900 -0.22475900 -0.43210000 -0.06904400 1.18347900
13 -1.82698400 -0.00007100 0.00001000 0.00062300 0.04047200 1.28961100
14 -1.43657300 0.00000800 0.00000300 -0.06360300 -0.04470400 0.86686500
15 -3.99235500 -0.89118800 -1.82790700 -0.77162000 0.11408800 1.28870000
16 -1.40592200 -0.00003000 0.00000000 0.00603500 -0.02888300 0.66990400
17 -1.17535800 0.00012400 -0.00002100 0.06674100 0.01248300 1.28927800
18 -4.52674900 -0.69057700 -1.12074200 -0.60925600 0.08426700 1.37684800
19 -1.74403400 0.00003500 -0.00000700 -0.02225500 -0.01944400 1.26365700
20 -1.36876700 0.00002300 0.00000500 0.04001900 0.03390800 0.76286100
21 -2.03839851 -0.89278749 0.93250500 1.84958100 0.50887600 0.72095600
22 -1.62789048 0.15474597 0.01182600 -0.09987500 0.17985400 0.56094000
23 -1.59927900 0.00001000 0.00001100 0.03412200 -0.02595000 0.63135700
24 5.51182400 0.00000800 -0.00000400 2.08603467 -0.06549108 3.11620083
25 0.19684800 0.00000000 0.00000300 2.79340678 -0.00112144 -3.14135408
26 -4.55863147 -18.34159884 -7.42718606 2.44191300 1.34964900 2.25678400
27 6.21448800 0.00001100 0.00002100 -0.79295640 0.58964203 -1.85866657
28 11.94488700 -0.00003500 -0.00019900 -0.37268522 -0.34788329 -1.82170127
29 10.62017300 -0.00000400 0.00001000 2.86960209 -0.87159833 0.82136153
30 4.75117100 0.69437600 -0.83047700 -0.06487300 -0.39364000 0.55419500
31 1.68806800 -0.00002200 0.00000100 0.01171600 -0.02181400 0.94698000
32 1.33614300 -0.00005100 -0.00001000 0.00239400 -0.03863700 0.30776800
33 4.82051800 0.50934200 0.22486500 -0.12564700 -0.32635900 0.75031200
34 1.82700000 0.00006800 0.00001000 0.01352100 0.03817800 1.61369400
35 1.43658100 -0.00000600 0.00001100 0.01466500 0.00366700 -0.97448300
36 3.99235700 0.89108800 1.82799600 -0.36795900 -0.15069400 1.01187800
37 1.40592200 0.00003200 -0.00000500 -0.01759000 -0.02364400 1.51411800
38 1.17535800 -0.00012900 0.00000300 -0.10080900 0.07107400 -1.00405600
39 4.52676800 0.69046600 1.12084000 -0.25986600 -0.21940300 1.06704300
40 1.74403400 -0.00002600 0.00000000 -0.02622300 -0.01366700 1.50212900
41 1.36875900 -0.00003500 -0.00002200 -0.14793300 0.25506700 -1.34370900
42 1.87486800 0.93508100 -0.99913000 2.23325500 0.53457700 0.76202400
43 1.50709399 -0.12162701 0.00857151 -0.04879600 -0.02132400 0.07877900
44 1.59791453 -0.06895848 0.00290300 0.00631500 -0.05280800 -0.22499400
45 5.51181000 -0.00001100 0.00000600 -1.15076500 0.00000000 0.00000000
46 0.19684800 0.00000900 -0.00000100 -0.34822500 0.00001500 -0.00000200
47 0.00000000 1.00000000 0.00000000 0.00000000 0.00000000 -1.57079600
48 -3.85027600 32.39967000 -4.25170500 0.00000000 0.00000000 -3.14156200
49 -7.84161327 49.94352566 -2.21027715 0.46272488 0.03661994 -0.73951850
50 11.00201360 1.00745236 -4.82372870 0.31172400 1.04103800 1.63469900
51 3.96184500 0.64297700 -1.92970300 0.00000000 0.00000000 0.00000000
52 0.80310100 0.45841200 -4.75786000 0.00000000 0.00000000 0.00000000
53 -0.20958500 3.29652699 1.68791748 1.58426800 0.00000000 -0.00000100
54 0.00552599 0.54110400 -0.03808151 0.01518771 -0.00107441 0.01130083
55 -0.00000101 0.54065951 -0.00000101 0.21372822 0.00053084 -0.02398326
56 -0.00000149 0.54211249 0.00000000 0.02167855 0.00333200 -0.02063994
57 0.00970494 0.54248151 0.00024271 0.00000000 0.00000000 0.00000000
58 0.00000000 0.54072300 0.00000100 -0.01652810 -0.00280349 0.02639645
59 0.00000400 0.54147900 0.00000100 0.08340550 -0.00492566 0.00416187
60 0.00000147 0.54103800 0.00000051 0.57119402 0.00767085 -0.01373731
61 0.00000051 0.51957648 -0.00000049 0.79267200 0.00412500 -0.00223200
62 -0.00437799 0.52274939 -0.14268508 -0.18381127 -0.00375827 0.01094604
63 0.00000003 0.54251151 0.00000000 0.03298751 0.01413848 0.00127061
64 -0.00001100 0.54067100 0.00000000 0.01407300 0.00292800 0.00097000
65 0.00000000 0.53940000 0.00000000 -0.00332406 0.00000200 0.00095000
66 -1.37813800 3.89395300 -0.78387300 1.77690200 0.00000000 0.00000000
67 -10.90695600 0.47861700 -2.31595800 0.00000000 0.00000000 0.00000000
68 -2.47458600 -0.05751300 1.52871800 0.00000000 0.00000000 0.00000000
69 3.39013700 -0.70700700 0.09637000 0.00000000 0.00000000 0.00000000
70 -5.10141600 -1.60216700 -2.82126100 0.46170000 1.36724100 1.13609000
time 54
0 -0.00000100 8.45008800 -27.50902600 0.00000000 0.00000000 0.00003100
1 -0.00000200 0.00000000 0.00000000 1.57074700 -1.56714200 -1.57074700
2 4.25546500 -0.33518500 -0.00000200 0.00000000 0.00000000 -0.12484800
3 7.43125200 1.49648000 0.00000200 0.00000000 0.00000000 0.24545000
4 5.27847900 0.16554400 0.00000100 0.00000000 0.00000000 0.04851100
5 0.81061441 -11.13711942 4.61940891 1.97586600 1.15990900 -1.29878500
6 -6.21447800 -0.00001100 -0.00002800 -2.97140810 -0.83972497 1.60596564
7 11.94488700 0.00000000 -0.00000100 0.08299906 -0.39262613 1.82356282
8 10.62019000 0.00000000 0.00000000 1.78939557 0.03113283 2.77325915
9 -4.75110800 -0.69449200 0.83058100 -0.19617500 -0.07598900 0.33735800
10 -1.68808400 0.00004500 -0.00003100 0.01642800 -0.01846600 0.71331500
11 -1.33614300 0.00005900 -0.00001000 0.02584200 0.00517300 0.35617200
12 -4.82049200 -0.50945900 -0.22475900 -0.43210000 -0.06904400 1.18347900
13 -1.82698400 -0.00007100 0.00001000 0.00062300 0.04047200 1.28961100
14 -1.43657300 0.00000800 0.00000300 -0.06360300 -0.04470400 0.86686500
15 -3.99235500 -0.89118800 -1.82790700 -0.77162000 0.11408800 1.28870000
16 -1.40592200 -0.00003000 0.00000000 0.00603500 -0.02888300 0.66990400
17 -1.17535800 0.00012400 -0.00002100 0.06674100 0.01248300 1.28927800
18 -4.52674900 -0.69057700 -1.12074200 -0.60925600 0.08426700 1.37684800
19 -1.74403400 0.00003500 -0.00000700 -0.02225500 -0.01944400 1.26365700
20 -1.36876700 0.00002300 0.00000500 0.04001900 0.03390800 0.76286100
21 -2.03839851 -0.89278749 0.93250500 1.84958100 0.50887600 0.72095600
22 -1.62789048 0.15474597 0.01182600 -0.09987500 0.17985400 0.56094000
23 -1.59927900 0.00001000 0.00001100 0.03412200 -0.02595000 0.63135700
24 5.51182400 0.00000800 -0.00000400 2.08603467 -0.06549108 3.11620083
25 0.19684800 0.00000000 0.00000300 2.79340678 -0.00112144 -3.14135408
26 -4.55863147 -18.34159884 -7.42718606 2.44191300 1.34964900 2.25678400
27 6.21448800 0.00001100 0.00002100 -0.78771174 0.59217414 -1.86159344
28 11.94488700 -0.00003500 -0.00019900 -0.37369467 -0.34970553 -1.81867325
29 10.62017300 -0.00000400 0.00001000 2.86920974 -0.87522001 0.81658816
30 4.75117100 0.69437600 -0.83047700 -0.06487300 -0.39364000 0.55419500
31 1.68806800 -0.00002200 0.00000100 0.01171600 -0.02181400 0.94698000
32 1.33614300 -0.00005100 -0.00001000 0.00239400 -0.03863700 0.30776800
33 4.82051800 0.50934200 0.22486500 -0.12564700 -0.32635900 0.75031200
34 1.82700000 0.00006800 0.00001000 0.01352100 0.03817800 1.61369400
35 1.43658100 -0.00000600 0.00001100 0.01466500 0.00366700 -0.97448300
36 3.99235700 0.89108800 1.82799600 -0.36795900 -0.15069400 1.01187800
37 1.40592200 0.00003200 -0.00000500 -0.01759000 -0.02364400 1.51411800
38 1.17535800 -0.00012900 0.00000300 -0.10080900 0.07107400 -1.00405600
39 4.52676800 0.69046600 1.12084000 -0.25986600 -0.21940300 1.06704300
40 1.74403400 -0.00002600 0.00000000 -0.02622300 -0.01366700 1.50212900
41 1.36875900 -0.00003500 -0.00002200 -0.14793300 0.25506700 -1.34370900
42 1.87486800 0.93508100 -0.99913000 2.23325500 0.53457700 0.76202400
43 1.50709399 -0.12162701 0.00857151 -0.04879600 -0.02132400 0.07877900
44 1.59791453 -0.06895848 0.00290300 0.00631500 -0.05280800 -0.22499400
45 5.51181000 -0.00001100 0.00000600 -1.15076500 0.00000000 0.00000000
46 0.19684800 0.00000900 -0.00000100 -0.34822500 0.00001500 -0.00000200
47 0.00000000 1.00000000 0.00000000 0.00000000 0.00000000 -1.57079600
48 -3.85027600 32.39967000 -4.25170500 0.00000000 0.00000000 -3.14156200
49 -7.76249267 49.94352566 -2.24718191 0.46188293 0.03530386 -0.74149089
50 11.00201360 1.00745236 -4.82372870 0.31172400 1.04103800 1.63469900
51 3.96184500 0.64297700 -1.92970300 0.00000000 0.00000000 0.00000000
52 0.80310100 0.45841200 -4.75786000 0.00000000 0.00000000 0.00000000
53 -0.20958500 3.29652699 1.68791748 1.58426800 0.00000000 -0.00000100
54 0.00552599 0.54110400 -0.03808151 0.01519267 -0.00017953 0.01130775
55 -0.00000101 0.54065951 -0.00000101 0.21377162 0.00046615 -0.02377596
56 -0.00000149 0.54211249 0.00000000 0.02167855 0.00333200 -0.02063994
57 0.00970494 0.54248151 0.00024271 0.00000000 0.00000000 0.00000000
58 0.00000000 0.54072300 0.00000100 -0.01652810 -0.00280349 0.02639645
59 0.00000400 0.54147900 0.00000100 0.08340549 -0.00492912 0.00424677
60 0.00000147 0.54103800 0.00000051 0.57119565 0.00745711 -0.01331135
61 0.00000051 0.51957648 -0.00000049 0.79267200 0.00412500 -0.00223200
62 -0.00458184 0.52274791 -0.14268656 -0.18381217 -0.00371878 0.01137003
63 0.00000003 0.54251151 0.00000000 0.03298800 0.01413799 0.00131306
64 -0.00001100 0.54067100 0.00000000 0.01407300 0.00292800 0.00097000
65 0.00000000 0.53940000 0.00000000 -0.00332406 0.00000200 0.00095000
66 -1.37813800 3.89395300 -0.78387300 1.77690200 0.00000000 0.00000000
67 -10.90695600 0.47861700 -2.31595800 0.00000000 0.00000000 0.00000000
68 -2.47458600 -0.05751300 1.52871800 0.00000000 0.00000000 0.00000000
69 3.39013700 -0.70700700 0.09637000 0.00000000 0.00000000 0.00000000
70 -5.10141600 -1.60216700 -2.82126100 0.46170000 1.36724100 1.13609000
time 55
0 -0.00000100 8.45008800 -27.50902600 0.00000000 0.00000000 0.00003100
1 -0.00000200 0.00000000 0.00000000 1.57074700 -1.56714200 -1.57074700
2 4.25546500 -0.33518500 -0.00000200 0.00000000 0.00000000 -0.12484800
3 7.43125200 1.49648000 0.00000200 0.00000000 0.00000000 0.24545000
4 5.27847900 0.16554400 0.00000100 0.00000000 0.00000000 0.04851100
5 0.81061441 -11.13711942 4.61940891 1.97586600 1.15990900 -1.29878500
6 -6.21447800 -0.00001100 -0.00002800 -2.97414409 -0.84207627 1.61305693
7 11.94488700 0.00000000 -0.00000100 0.08027467 -0.39189480 1.83150174
8 10.62019000 0.00000000 0.00000000 1.78905418 0.03085255 2.76561610
9 -4.75110800 -0.69449200 0.83058100 -0.19617500 -0.07598900 0.33735800
10 -1.68808400 0.00004500 -0.00003100 0.01642800 -0.01846600 0.71331500
11 -1.33614300 0.00005900 -0.00001000 0.02584200 0.00517300 0.35617200
12 -4.82049200 -0.50945900 -0.22475900 -0.43210000 -0.06904400 1.18347900
13 -1.82698400 -0.00007100 0.00001000 0.00062300 0.04047200 1.28961100
14 -1.43657300 0.00000800 0.00000300 -0.06360300 -0.04470400 0.86686500
15 -3.99235500 -0.89118800 -1.82790700 -0.77162000 0.11408800 1.28870000
16 -1.40592200 -0.00003000 0.00000000 0.00603500 -0.02888300 0.66990400
17 -1.17535800 0.00012400 -0.00002100 0.06674100 0.01248300 1.28927800
18 -4.52674900 -0.69057700 -1.12074200 -0.60925600 0.08426700 1.37684800
19 -1.74403400 0.00003500 -0.00000700 -0.02225500 -0.01944400 1.26365700
20 -1.36876700 0.00002300 0.00000500 0.04001900 0.03390800 0.76286100
21 -2.03839851 -0.89278749 0.93250500 1.84958100 0.50887600 0.72095600
22 -1.62789048 0.15474597 0.01182600 -0.09987500 0.17985400 0.56094000
23 -1.59927900 0.00001000 0.00001100 0.03412200 -0.02595000 0.63135700
24 5.51182400 0.00000800 -0.00000400 2.08603467 -0.06549108 3.11620083
25 0.19684800 0.00000000 0.00000300 2.79340678 -0.00112144 -3.14135408
26 -4.55863147 -18.34159884 -7.42718606 2.44191300 1.34964900 2.25678400
27 6.21448800 0.00001100 0.00002100 -0.78208946 0.59559503 -1.86429110
28 11.94488700 -0.00003500 -0.00019900 -0.37451407 -0.35146855 -1.81619963
29 10.62017300 -0.00000400 0.00001000 2.86475505 -0.87846569 0.81560212
30 4.75117100 0.69437600 -0.83047700 -0.06487300 -0.39364000 0.55419500
31 1.68806800 -0.00002200 0.00000100 0.01171600 -0.02181400 0.94698000
32 1.33614300 -0.00005100 -0.00001000 0.00239400 -0.03863700 0.30776800
33 4.82051800 0.50934200 0.22486500 -0.12564700 -0.32635900 0.75031200
34 1.82700000 0.00006800 0.00001000 0.01352100 0.03817800 1.61369400
35 1.43658100 -0.00000600 0.00001100 0.01466500 0.00366700 -0.97448300
36 3.99235700 0.89108800 1.82799600 -0.36795900 -0.15069400 1.01187800
37 1.40592200 0.00003200 -0.00000500 -0.01759000 -0.02364400 1.51411800
38 1.17535800 -0.00012900 0.00000300 -0.10080900 0.07107400 -1.00405600
39 4.52676800 0.69046600 1.12084000 -0.25986600 -0.21940300 1.06704300
40 1.74403400 -0.00002600 0.00000000 -0.02622300 -0.01366700 1.50212900
41 1.36875900 -0.00003500 -0.00002200 -0.14793300 0.25506700 -1.34370900
42 1.87486800 0.93508100 -0.99913000 2.23325500 0.53457700 0.76202400
43 1.50709399 -0.12162701 0.00857151 -0.04879600 -0.02132400 0.07877900
44 1.59791453 -0.06895848 0.00290300 0.00631500 -0.05280800 -0.22499400
45 5.51181000 -0.00001100 0.00000600 -1.15076500 0.00000000 0.00000000
46 0.19684800 0.00000900 -0.00000100 -0.34822500 0.00001500 -0.00000200
47 0.00000000 1.00000000 0.00000000 0.00000000 0.00000000 -1.57079600
48 -3.85027600 32.39967000 -4.25170500 0.00000000 0.00000000 -3.14156200
49 -7.69108659 49.94352566 -2.28328049 0.45967765 0.03158214 -0.74483526
50 11.00201360 1.00745236 -4.82372870 0.31172400 1.04103800 1.63469900
51 3.96184500 0.64297700 -1.92970300 0.00000000 0.00000000 0.00000000
52 0.80310100 0.45841200 -4.75786000 0.00000000 0.00000000 0.00000000
53 -0.20958500 3.29652699 1.68791748 1.58426800 0.00000000 -0.00000100
54 0.00552599 0.54110400 -0.03808151 0.01519713 0.00062996 0.01131418
55 -0.00000101 0.54065951 -0.00000101 0.21377160 0.00044789 -0.02360616
56 -0.00000149 0.54211249 0.00000000 0.02167855 0.00333200 -0.02063994
57 0.00970494 0.54248151 0.00024271 0.00000000 0.00000000 0.00000000
58 0.00000000 0.54072300 0.00000100 -0.01657055 -0.00280300 0.02639694
59 0.00000400 0.54147900 0.00000100 0.08340500 -0.00493109 0.00428971
60 0.00000147 0.54103800 0.00000051 0.57124181 0.00722657 -0.01297919
61 0.00000051 0.51957648 -0.00000049 0.79267200 0.00412500 -0.00223200
62 -0.00476299 0.52274594 -0.14268754 -0.18381259 -0.00364128 0.01174812
63 0.00000003 0.54251151 0.00000000 0.03298800 0.01413799 0.00131306
64 -0.00001100 0.54067100 0.00000000 0.01407300 0.00292800 0.00097000
65 0.00000000 0.53940000 0.00000000 -0.00332406 0.00000200 0.00095000
66 -1.37813800 3.89395300 -0.78387300 1.77690200 0.00000000 0.00000000
67 -10.90695600 0.47861700 -2.31595800 0.00000000 0.00000000 0.00000000
68 -2.47458600 -0.05751300 1.52871800 0.00000000 0.00000000 0.00000000
69 3.39013700 -0.70700700 0.09637000 0.00000000 0.00000000 0.00000000
70 -5.10141600 -1.60216700 -2.82126100 0.46170000 1.36724100 1.13609000
time 56
0 -0.00000100 8.45008800 -27.50902600 0.00000000 0.00000000 0.00003100
1 -0.00000200 0.00000000 0.00000000 1.57074700 -1.56714200 -1.57074700
2 4.25546500 -0.33518500 -0.00000200 0.00000000 0.00000000 -0.12484800
3 7.43125200 1.49648000 0.00000200 0.00000000 0.00000000 0.24545000
4 5.27847900 0.16554400 0.00000100 0.00000000 0.00000000 0.04851100
5 0.81061441 -11.13711942 4.61940891 1.97586600 1.15990900 -1.29878500
6 -6.21447800 -0.00001100 -0.00002800 -2.97659321 -0.84426046 1.61984100
7 11.94488700 0.00000000 -0.00000100 0.07747616 -0.39103782 1.83978379
8 10.62019000 0.00000000 0.00000000 1.78813677 0.03074741 2.75671853
9 -4.75110800 -0.69449200 0.83058100 -0.19617500 -0.07598900 0.33735800
10 -1.68808400 0.00004500 -0.00003100 0.01642800 -0.01846600 0.71331500
11 -1.33614300 0.00005900 -0.00001000 0.02584200 0.00517300 0.35617200
12 -4.82049200 -0.50945900 -0.22475900 -0.43210000 -0.06904400 1.18347900
13 -1.82698400 -0.00007100 0.00001000 0.00062300 0.04047200 1.28961100
14 -1.43657300 0.00000800 0.00000300 -0.06360300 -0.04470400 0.86686500
15 -3.99235500 -0.89118800 -1.82790700 -0.77162000 0.11408800 1.28870000
16 -1.40592200 -0.00003000 0.00000000 0.00603500 -0.02888300 0.66990400
17 -1.17535800 0.00012400 -0.00002100 0.06674100 0.01248300 1.28927800
18 -4.52674900 -0.69057700 -1.12074200 -0.60925600 0.08426700 1.37684800
19 -1.74403400 0.00003500 -0.00000700 -0.02225500 -0.01944400 1.26365700
20 -1.36876700 0.00002300 0.00000500 0.04001900 0.03390800 0.76286100
21 -2.03839851 -0.89278749 0.93250500 1.84958100 0.50887600 0.72095600
22 -1.62789048 0.15474597 0.01182600 -0.09987500 0.17985400 0.56094000
23 -1.59927900 0.00001000 0.00001100 0.03412200 -0.02595000 0.63135700
24 5.51182400 0.00000800 -0.00000400 2.08603467 -0.06549108 3.11620083
25 0.19684800 0.00000000 0.00000300 2.79340678 -0.00112144 -3.14135408
26 -4.55863147 -18.34159884 -7.42718606 2.44191300 1.34964900 2.25678400
27 6.21448800 0.00001100 0.00002100 -0.77645997 0.59922789 -1.86674286
28 11.94488700 -0.00003500 -0.00019900 -0.37522703 -0.35331399 -1.81420019
29 10.62017300 -0.00000400 0.00001000 2.85936586 -0.88179218 0.81637029
30 4.75117100 0.69437600 -0.83047700 -0.06487300 -0.39364000 0.55419500
31 1.68806800 -0.00002200 0.00000100 0.01171600 -0.02181400 0.94698000
32 1.33614300 -0.00005100 -0.00001000 0.00239400 -0.03863700 0.30776800
33 4.82051800 0.50934200 0.22486500 -0.12564700 -0.32635900 0.75031200
34 1.82700000 0.00006800 0.00001000 0.01352100 0.03817800 1.61369400
35 1.43658100 -0.00000600 0.00001100 0.01466500 0.00366700 -0.97448300
36 3.99235700 0.89108800 1.82799600 -0.36795900 -0.15069400 1.01187800
37 1.40592200 0.00003200 -0.00000500 -0.01759000 -0.02364400 1.51411800
38 1.17535800 -0.00012900 0.00000300 -0.10080900 0.07107400 -1.00405600
39 4.52676800 0.69046600 1.12084000 -0.25986600 -0.21940300 1.06704300
40 1.74403400 -0.00002600 0.00000000 -0.02622300 -0.01366700 1.50212900
41 1.36875900 -0.00003500 -0.00002200 -0.14793300 0.25506700 -1.34370900
42 1.87486800 0.93508100 -0.99913000 2.23325500 0.53457700 0.76202400
43 1.50709399 -0.12162701 0.00857151 -0.04879600 -0.02132400 0.07877900
44 1.59791453 -0.06895848 0.00290300 0.00631500 -0.05280800 -0.22499400
45 5.51181000 -0.00001100 0.00000600 -1.15076500 0.00000000 0.00000000
46 0.19684800 0.00000900 -0.00000100 -0.34822500 0.00001500 -0.00000200
47 0.00000000 1.00000000 0.00000000 0.00000000 0.00000000 -1.57079600
48 -3.85027600 32.39967000 -4.25170500 0.00000000 0.00000000 -3.14156200
49 -7.62219963 49.94352566 -2.31826244 0.45672014 0.02735684 -0.74818396
50 11.00201360 1.00745236 -4.82372870 0.31172400 1.04103800 1.63469900
51 3.96184500 0.64297700 -1.92970300 0.00000000 0.00000000 0.00000000
52 0.80310100 0.45841200 -4.75786000 0.00000000 0.00000000 0.00000000
53 -0.20958500 3.29652699 1.68791748 1.58426800 0.00000000 -0.00000100
54 0.00552599 0.54110400 -0.03808151 0.01520059 0.00126915 0.01131863
55 -0.00000101 0.54065951 -0.00000101 0.21381502 0.00039260 -0.02348376
56 -0.00000149 0.54211249 0.00000000 0.02172100 0.00333200 -0.02059700
57 0.00970494 0.54248151 0.00024271 0.00000000 0.00000000 0.00000000
58 0.00000000 0.54072300 0.00000100 -0.01657055 -0.00280349 0.02635400
59 0.00000400 0.54147900 0.00000100 0.08340500 -0.00493257 0.00433216
60 0.00000147 0.54103800 0.00000051 0.57124315 0.00704888 -0.01267613
61 0.00000051 0.51957648 -0.00000049 0.79267200 0.00412500 -0.00223200
62 -0.00491896 0.52274446 -0.14268903 -0.18381305 -0.00361019 0.01208771
63 0.00000003 0.54251151 0.00000000 0.03298800 0.01413799 0.00131306
64 -0.00001100 0.54067100 0.00000000 0.01407300 0.00292800 0.00097000
65 0.00000000 0.53940000 0.00000000 -0.00336700 0.00000200 0.00095000
66 -1.37813800 3.89395300 -0.78387300 1.77690200 0.00000000 0.00000000
67 -10.90695600 0.47861700 -2.31595800 0.00000000 0.00000000 0.00000000
68 -2.47458600 -0.05751300 1.52871800 0.00000000 0.00000000 0.00000000
69 3.39013700 -0.70700700 0.09637000 0.00000000 0.00000000 0.00000000
70 -5.10141600 -1.60216700 -2.82126100 0.46170000 1.36724100 1.13609000
time 57
0 -0.00000100 8.45008800 -27.50902600 0.00000000 0.00000000 0.00003100
1 -0.00000200 0.00000000 0.00000000 1.57074700 -1.56714200 -1.57074700
2 4.25546500 -0.33518500 -0.00000200 0.00000000 0.00000000 -0.12484800
3 7.43125200 1.49648000 0.00000200 0.00000000 0.00000000 0.24545000
4 5.27847900 0.16554400 0.00000100 0.00000000 0.00000000 0.04851100
5 0.81061441 -11.13711942 4.61940891 1.97586600 1.15990900 -1.29878500
6 -6.21447800 -0.00001100 -0.00002800 -2.97821365 -0.84605527 1.62524844
7 11.94488700 0.00000000 -0.00000100 0.07483016 -0.38989984 1.84768609
8 10.62019000 0.00000000 0.00000000 1.78723072 0.03106610 2.74709603
9 -4.75110800 -0.69449200 0.83058100 -0.19617500 -0.07598900 0.33735800
10 -1.68808400 0.00004500 -0.00003100 0.01642800 -0.01846600 0.71331500
11 -1.33614300 0.00005900 -0.00001000 0.02584200 0.00517300 0.35617200
12 -4.82049200 -0.50945900 -0.22475900 -0.43210000 -0.06904400 1.18347900
13 -1.82698400 -0.00007100 0.00001000 0.00062300 0.04047200 1.28961100
14 -1.43657300 0.00000800 0.00000300 -0.06360300 -0.04470400 0.86686500
15 -3.99235500 -0.89118800 -1.82790700 -0.77162000 0.11408800 1.28870000
16 -1.40592200 -0.00003000 0.00000000 0.00603500 -0.02888300 0.66990400
17 -1.17535800 0.00012400 -0.00002100 0.06674100 0.01248300 1.28927800
18 -4.52674900 -0.69057700 -1.12074200 -0.60925600 0.08426700 1.37684800
19 -1.74403400 0.00003500 -0.00000700 -0.02225500 -0.01944400 1.26365700
20 -1.36876700 0.00002300 0.00000500 0.04001900 0.03390800 0.76286100
21 -2.03839851 -0.89278749 0.93250500 1.84958100 0.50887600 0.72095600
22 -1.62789048 0.15474597 0.01182600 -0.09987500 0.17985400 0.56094000
23 -1.59927900 0.00001000 0.00001100 0.03412200 -0.02595000 0.63135700
24 5.51182400 0.00000800 -0.00000400 2.08603467 -0.06549108 3.11620083
25 0.19684800 0.00000000 0.00000300 2.79340678 -0.00112144 -3.14135408
26 -4.55863147 -18.34159884 -7.42718606 2.44191300 1.34964900 2.25678400
27 6.21448800 0.00001100 0.00002100 -0.77134947 0.60256844 -1.86869961
28 11.94488700 -0.00003500 -0.00019900 -0.37573879 -0.35480300 -1.81260454
29 10.62017300 -0.00000400 0.00001000 2.85306883 -0.88464799 0.81834633
30 4.75117100 0.69437600 -0.83047700 -0.06487300 -0.39364000 0.55419500
31 1.68806800 -0.00002200 0.00000100 0.01171600 -0.02181400 0.94698000
32 1.33614300 -0.00005100 -0.00001000 0.00239400 -0.03863700 0.30776800
33 4.82051800 0.50934200 0.22486500 -0.12564700 -0.32635900 0.75031200
34 1.82700000 0.00006800 0.00001000 0.01352100 0.03817800 1.61369400
35 1.43658100 -0.00000600 0.00001100 0.01466500 0.00366700 -0.97448300
36 3.99235700 0.89108800 1.82799600 -0.36795900 -0.15069400 1.01187800
37 1.40592200 0.00003200 -0.00000500 -0.01759000 -0.02364400 1.51411800
38 1.17535800 -0.00012900 0.00000300 -0.10080900 0.07107400 -1.00405600
39 4.52676800 0.69046600 1.12084000 -0.25986600 -0.21940300 1.06704300
40 1.74403400 -0.00002600 0.00000000 -0.02622300 -0.01366700 1.50212900
41 1.36875900 -0.00003500 -0.00002200 -0.14793300 0.25506700 -1.34370900
42 1.87486800 0.93508100 -0.99913000 2.23325500 0.53457700 0.76202400
43 1.50709399 -0.12162701 0.00857151 -0.04879600 -0.02132400 0.07877900
44 1.59791453 -0.06895848 0.00290300 0.00631500 -0.05280800 -0.22499400
45 5.51181000 -0.00001100 0.00000600 -1.15076500 0.00000000 0.00000000
46 0.19684800 0.00000900 -0.00000100 -0.34822500 0.00001500 -0.00000200
47 0.00000000 1.00000000 0.00000000 0.00000000 0.00000000 -1.57079600
48 -3.85027600 32.39967000 -4.25170500 0.00000000 0.00000000 -3.14156200
49 -7.56538653 49.94352566 -2.34904059 0.45385400 0.02282640 -0.75142740
50 11.00201360 1.00745236 -4.82372870 0.31172400 1.04103800 1.63469900
51 3.96184500 0.64297700 -1.92970300 0.00000000 0.00000000 0.00000000
52 0.80310100 0.45841200 -4.75786000 0.00000000 0.00000000 0.00000000
53 -0.20958500 3.29652699 1.68791748 1.58426800 0.00000000 -0.00000100
54 0.00552599 0.54110400 -0.03808151 0.01520405 0.00182296 0.01132308
55 -0.00000101 0.54065951 -0.00000101 0.21381502 0.00037878 -0.02335641
56 -0.00000149 0.54211249 0.00000000 0.02172100 0.00333200 -0.02059700
57 0.00970494 0.54248151 0.00024271 0.00000000 0.00000000 0.00000000
58 0.00000000 0.54072300 0.00000100 -0.01657055 -0.00280349 0.02635400
59 0.00000400 0.54147900 0.00000100 0.08340500 -0.00493454 0.00437461
60 0.00000147 0.54103800 0.00000051 0.57124456 0.00692400 -0.01240219
61 0.00000051 0.51957648 -0.00000049 0.79267200 0.00412500 -0.00223200
62 -0.00504631 0.52274199 -0.14268952 -0.18381352 -0.00358649 0.01234240
63 0.00000003 0.54251151 0.00000000 0.03298800 0.01413700 0.00135600
64 -0.00001100 0.54067100 0.00000000 0.01407300 0.00292800 0.00097000
65 0.00000000 0.53940000 0.00000000 -0.00336700 0.00000200 0.00095000
66 -1.37813800 3.89395300 -0.78387300 1.77690200 0.00000000 0.00000000
67 -10.90695600 0.47861700 -2.31595800 0.00000000 0.00000000 0.00000000
68 -2.47458600 -0.05751300 1.52871800 0.00000000 0.00000000 0.00000000
69 3.39013700 -0.70700700 0.09637000 0.00000000 0.00000000 0.00000000
70 -5.10141600 -1.60216700 -2.82126100 0.46170000 1.36724100 1.13609000
time 58
0 -0.00000100 8.45008800 -27.50902600 0.00000000 0.00000000 0.00003100
1 -0.00000200 0.00000000 0.00000000 1.57074700 -1.56714200 -1.57074700
2 4.25546500 -0.33518500 -0.00000200 0.00000000 0.00000000 -0.12484800
3 7.43125200 1.49648000 0.00000200 0.00000000 0.00000000 0.24545000
4 5.27847900 0.16554400 0.00000100 0.00000000 0.00000000 0.04851100
5 0.81061441 -11.13711942 4.61940891 1.97586600 1.15990900 -1.29878500
6 -6.21447800 -0.00001100 -0.00002800 -2.97930641 -0.84724034 1.62781536
7 11.94488700 0.00000000 -0.00000100 0.07281807 -0.38868605 1.85389643
8 10.62019000 0.00000000 0.00000000 1.78484112 0.03338798 2.73795814
9 -4.75110800 -0.69449200 0.83058100 -0.19617500 -0.07598900 0.33735800
10 -1.68808400 0.00004500 -0.00003100 0.01642800 -0.01846600 0.71331500
11 -1.33614300 0.00005900 -0.00001000 0.02584200 0.00517300 0.35617200
12 -4.82049200 -0.50945900 -0.22475900 -0.43210000 -0.06904400 1.18347900
13 -1.82698400 -0.00007100 0.00001000 0.00062300 0.04047200 1.28961100
14 -1.43657300 0.00000800 0.00000300 -0.06360300 -0.04470400 0.86686500
15 -3.99235500 -0.89118800 -1.82790700 -0.77162000 0.11408800 1.28870000
16 -1.40592200 -0.00003000 0.00000000 0.00603500 -0.02888300 0.66990400
17 -1.17535800 0.00012400 -0.00002100 0.06674100 0.01248300 1.28927800
18 -4.52674900 -0.69057700 -1.12074200 -0.60925600 0.08426700 1.37684800
19 -1.74403400 0.00003500 -0.00000700 -0.02225500 -0.01944400 1.26365700
20 -1.36876700 0.00002300 0.00000500 0.04001900 0.03390800 0.76286100
21 -2.03839851 -0.89278749 0.93250500 1.84958100 0.50887600 0.72095600
22 -1.62789048 0.15474597 0.01182600 -0.09987500 0.17985400 0.56094000
23 -1.59927900 0.00001000 0.00001100 0.03412200 -0.02595000 0.63135700
24 5.51182400 0.00000800 -0.00000400 2.08603467 -0.06549108 3.11620083
25 0.19684800 0.00000000 0.00000300 2.79340678 -0.00112144 -3.14135408
26 -4.55863147 -18.34159884 -7.42718606 2.44191300 1.34964900 2.25678400
27 6.21448800 0.00001100 0.00002100 -0.76846446 0.60496120 -1.86981987
28 11.94488700 -0.00003500 -0.00019900 -0.37578241 -0.35588132 -1.81247656
29 10.62017300 -0.00000400 0.00001000 2.84760164 -0.88585354 0.82371004
30 4.75117100 0.69437600 -0.83047700 -0.06487300 -0.39364000 0.55419500
31 1.68806800 -0.00002200 0.00000100 0.01171600 -0.02181400 0.94698000
32 1.33614300 -0.00005100 -0.00001000 0.00239400 -0.03863700 0.30776800
33 4.82051800 0.50934200 0.22486500 -0.12564700 -0.32635900 0.75031200
34 1.82700000 0.00006800 0.00001000 0.01352100 0.03817800 1.61369400
35 1.43658100 -0.00000600 0.00001100 0.01466500 0.00366700 -0.97448300
36 3.99235700 0.89108800 1.82799600 -0.36795900 -0.15069400 1.01187800
37 1.40592200 0.00003200 -0.00000500 -0.01759000 -0.02364400 1.51411800
38 1.17535800 -0.00012900 0.00000300 -0.10080900 0.07107400 -1.00405600
39 4.52676800 0.69046600 1.12084000 -0.25986600 -0.21940300 1.06704300
40 1.74403400 -0.00002600 0.00000000 -0.02622300 -0.01366700 1.50212900
41 1.36875900 -0.00003500 -0.00002200 -0.14793300 0.25506700 -1.34370900
42 1.87486800 0.93508100 -0.99913000 2.23325500 0.53457700 0.76202400
43 1.50709399 -0.12162701 0.00857151 -0.04879600 -0.02132400 0.07877900
44 1.59791453 -0.06895848 0.00290300 0.00631500 -0.05280800 -0.22499400
45 5.51181000 -0.00001100 0.00000600 -1.15076500 0.00000000 0.00000000
46 0.19684800 0.00000900 -0.00000100 -0.34822500 0.00001500 -0.00000200
47 0.00000000 1.00000000 0.00000000 0.00000000 0.00000000 -1.57079600
48 -3.85027600 32.39967000 -4.25170500 0.00000000 0.00000000 -3.14156200
49 -7.53657146 49.94352566 -2.36368193 0.44970460 0.01921916 -0.75417008
50 11.00201360 1.00745236 -4.82372870 0.31172400 1.04103800 1.63469900
51 3.96184500 0.64297700 -1.92970300 0.00000000 0.00000000 0.00000000
52 0.80310100 0.45841200 -4.75786000 0.00000000 0.00000000 0.00000000
53 -0.20958500 3.29652699 1.68791748 1.58426800 0.00000000 -0.00000100
54 0.00552599 0.54110400 -0.03808151 0.01520652 0.00224893 0.01132653
55 -0.00000101 0.54065951 -0.00000101 0.21381551 0.00036989 -0.02327201
56 -0.00000149 0.54211249 0.00000000 0.02172100 0.00333200 -0.02059700
57 0.00970494 0.54248151 0.00024271 0.00000000 0.00000000 0.00000000
58 0.00000000 0.54072300 0.00000100 -0.01661300 -0.00280300 0.02635400
59 0.00000400 0.54147900 0.00000100 0.08340500 -0.00493652 0.00441706
60 0.00000147 0.54103800 0.00000051 0.57124551 0.00678234 -0.01222153
61 0.00000051 0.51957648 -0.00000049 0.79267200 0.00412500 -0.00223200
62 -0.00513960 0.52274149 -0.14269100 -0.18381351 -0.00352479 0.01255070
63 0.00000003 0.54251151 0.00000000 0.03298800 0.01413700 0.00135600
64 -0.00001100 0.54067100 0.00000000 0.01407300 0.00292800 0.00097000
65 0.00000000 0.53940000 0.00000000 -0.00336700 0.00000200 0.00095000
66 -1.37813800 3.89395300 -0.78387300 1.77690200 0.00000000 0.00000000
67 -10.90695600 0.47861700 -2.31595800 0.00000000 0.00000000 0.00000000
68 -2.47458600 -0.05751300 1.52871800 0.00000000 0.00000000 0.00000000
69 3.39013700 -0.70700700 0.09637000 0.00000000 0.00000000 0.00000000
70 -5.10141600 -1.60216700 -2.82126100 0.46170000 1.36724100 1.13609000
time 59
0 -0.00000100 8.45008800 -27.50902600 0.00000000 0.00000000 0.00003100
1 -0.00000200 0.00000000 0.00000000 1.57074700 -1.56714200 -1.57074700
2 4.25546500 -0.33518500 -0.00000200 0.00000000 0.00000000 -0.12484800
3 7.43125200 1.49648000 0.00000200 0.00000000 0.00000000 0.24545000
4 5.27847900 0.16554400 0.00000100 0.00000000 0.00000000 0.04851100
5 0.81061441 -11.13711942 4.61940891 1.97586600 1.15990900 -1.29878500
6 -6.21447800 -0.00001100 -0.00002800 -2.98071561 -0.84838918 1.63040204
7 11.94488700 0.00000000 -0.00000100 0.07091024 -0.38746967 1.85978426
8 10.62019000 0.00000000 0.00000000 1.78199688 0.03600949 2.72929847
9 -4.75110800 -0.69449200 0.83058100 -0.19617500 -0.07598900 0.33735800
10 -1.68808400 0.00004500 -0.00003100 0.01642800 -0.01846600 0.71331500
11 -1.33614300 0.00005900 -0.00001000 0.02584200 0.00517300 0.35617200
12 -4.82049200 -0.50945900 -0.22475900 -0.43210000 -0.06904400 1.18347900
13 -1.82698400 -0.00007100 0.00001000 0.00062300 0.04047200 1.28961100
14 -1.43657300 0.00000800 0.00000300 -0.06360300 -0.04470400 0.86686500
15 -3.99235500 -0.89118800 -1.82790700 -0.77162000 0.11408800 1.28870000
16 -1.40592200 -0.00003000 0.00000000 0.00603500 -0.02888300 0.66990400
17 -1.17535800 0.00012400 -0.00002100 0.06674100 0.01248300 1.28927800
18 -4.52674900 -0.69057700 -1.12074200 -0.60925600 0.08426700 1.37684800
19 -1.74403400 0.00003500 -0.00000700 -0.02225500 -0.01944400 1.26365700
20 -1.36876700 0.00002300 0.00000500 0.04001900 0.03390800 0.76286100
21 -2.03839851 -0.89278749 0.93250500 1.84958100 0.50887600 0.72095600
22 -1.62789048 0.15474597 0.01182600 -0.09987500 0.17985400 0.56094000
23 -1.59927900 0.00001000 0.00001100 0.03412200 -0.02595000 0.63135700
24 5.51182400 0.00000800 -0.00000400 2.08603467 -0.06549108 3.11620083
25 0.19684800 0.00000000 0.00000300 2.79340678 -0.00112144 -3.14135408
26 -4.55863147 -18.34159884 -7.42718606 2.44191300 1.34964900 2.25678400
27 6.21448800 0.00001100 0.00002100 -0.76570128 0.60735374 -1.87081404
28 11.94488700 -0.00003500 -0.00019900 -0.37569577 -0.35709085 -1.81267100
29 10.62017300 -0.00000400 0.00001000 2.84250740 -0.88702005 0.82970128
30 4.75117100 0.69437600 -0.83047700 -0.06487300 -0.39364000 0.55419500
31 1.68806800 -0.00002200 0.00000100 0.01171600 -0.02181400 0.94698000
32 1.33614300 -0.00005100 -0.00001000 0.00239400 -0.03863700 0.30776800
33 4.82051800 0.50934200 0.22486500 -0.12564700 -0.32635900 0.75031200
34 1.82700000 0.00006800 0.00001000 0.01352100 0.03817800 1.61369400
35 1.43658100 -0.00000600 0.00001100 0.01466500 0.00366700 -0.97448300
36 3.99235700 0.89108800 1.82799600 -0.36795900 -0.15069400 1.01187800
37 1.40592200 0.00003200 -0.00000500 -0.01759000 -0.02364400 1.51411800
38 1.17535800 -0.00012900 0.00000300 -0.10080900 0.07107400 -1.00405600
39 4.52676800 0.69046600 1.12084000 -0.25986600 -0.21940300 1.06704300
40 1.74403400 -0.00002600 0.00000000 -0.02622300 -0.01366700 1.50212900
41 1.36875900 -0.00003500 -0.00002200 -0.14793300 0.25506700 -1.34370900
42 1.87486800 0.93508100 -0.99913000 2.23325500 0.53457700 0.76202400
43 1.50709399 -0.12162701 0.00857151 -0.04879600 -0.02132400 0.07877900
44 1.59791453 -0.06895848 0.00290300 0.00631500 -0.05280800 -0.22499400
45 5.51181000 -0.00001100 0.00000600 -1.15076500 0.00000000 0.00000000
46 0.19684800 0.00000900 -0.00000100 -0.34822500 0.00001500 -0.00000200
47 0.00000000 1.00000000 0.00000000 0.00000000 0.00000000 -1.57079600
48 -3.85027600 32.39967000 -4.25170500 0.00000000 0.00000000 -3.14156200
49 -7.50987268 49.94352566 -2.37856126 0.44512841 0.01578309 -0.75663050
50 11.00201360 1.00745236 -4.82372870 0.31172400 1.04103800 1.63469900
51 3.96184500 0.64297700 -1.92970300 0.00000000 0.00000000 0.00000000
52 0.80310100 0.45841200 -4.75786000 0.00000000 0.00000000 0.00000000
53 -0.20958500 3.29652699 1.68791748 1.58426800 0.00000000 -0.00000100
54 0.00552599 0.54110400 -0.03808151 0.01520751 0.00250461 0.01132801
55 -0.00000101 0.54065951 -0.00000101 0.21381600 0.00032300 -0.02323400
56 -0.00000149 0.54211249 0.00000000 0.02172100 0.00333200 -0.02059700
57 0.00970494 0.54248151 0.00024271 0.00000000 0.00000000 0.00000000
58 0.00000000 0.54072300 0.00000100 -0.01661300 -0.00280300 0.02635400
59 0.00000400 0.54147900 0.00000100 0.08340500 -0.00493800 0.00446000
60 0.00000147 0.54103800 0.00000051 0.57124551 0.00674631 -0.01209912
61 0.00000051 0.51957648 -0.00000049 0.79267200 0.00412500 -0.00223200
62 -0.00520080 0.52274100 -0.14269100 -0.18381400 -0.00351295 0.01267755
63 0.00000003 0.54251151 0.00000000 0.03298800 0.01413700 0.00135600
64 -0.00001100 0.54067100 0.00000000 0.01407300 0.00292800 0.00097000
65 0.00000000 0.53940000 0.00000000 -0.00336700 0.00000200 0.00095000
66 -1.37813800 3.89395300 -0.78387300 1.77690200 0.00000000 0.00000000
67 -10.90695600 0.47861700 -2.31595800 0.00000000 0.00000000 0.00000000
68 -2.47458600 -0.05751300 1.52871800 0.00000000 0.00000000 0.00000000
69 3.39013700 -0.70700700 0.09637000 0.00000000 0.00000000 0.00000000
70 -5.10141600 -1.60216700 -2.82126100 0.46170000 1.36724100 1.13609000
time 60
0 -0.00000100 8.45008800 -27.50902600 0.00000000 0.00000000 0.00003100
1 -0.00000200 0.00000000 0.00000000 1.57074700 -1.56714200 -1.57074700
2 4.25546500 -0.33518500 -0.00000200 0.00000000 0.00000000 -0.12484800
3 7.43125200 1.49648000 0.00000200 0.00000000 0.00000000 0.24545000
4 5.27847900 0.16554400 0.00000100 0.00000000 0.00000000 0.04851100
5 0.81061441 -11.13711942 4.61940891 1.97586600 1.15990900 -1.29878500
6 -6.21447800 -0.00001100 -0.00002800 -2.98217468 -0.84957093 1.63301207
7 11.94488700 0.00000000 -0.00000100 0.06899028 -0.38637977 1.86574424
8 10.62019000 0.00000000 0.00000000 1.77918610 0.03839578 2.72024939
9 -4.75110800 -0.69449200 0.83058100 -0.19617500 -0.07598900 0.33735800
10 -1.68808400 0.00004500 -0.00003100 0.01642800 -0.01846600 0.71331500
11 -1.33614300 0.00005900 -0.00001000 0.02584200 0.00517300 0.35617200
12 -4.82049200 -0.50945900 -0.22475900 -0.43210000 -0.06904400 1.18347900
13 -1.82698400 -0.00007100 0.00001000 0.00062300 0.04047200 1.28961100
14 -1.43657300 0.00000800 0.00000300 -0.06360300 -0.04470400 0.86686500
15 -3.99235500 -0.89118800 -1.82790700 -0.77162000 0.11408800 1.28870000
16 -1.40592200 -0.00003000 0.00000000 0.00603500 -0.02888300 0.66990400
17 -1.17535800 0.00012400 -0.00002100 0.06674100 0.01248300 1.28927800
18 -4.52674900 -0.69057700 -1.12074200 -0.60925600 0.08426700 1.37684800
19 -1.74403400 0.00003500 -0.00000700 -0.02225500 -0.01944400 1.26365700
20 -1.36876700 0.00002300 0.00000500 0.04001900 0.03390800 0.76286100
21 -2.03839699 -0.89278849 0.93250500 1.84958100 0.50887600 0.72095600
22 -1.62789100 0.15474652 0.01182601 -0.09987500 0.17985400 0.56094000
23 -1.59927900 0.00001000 0.00001100 0.03412200 -0.02595000 0.63135700
24 5.51182400 0.00000800 -0.00000400 2.08603467 -0.06549108 3.11620083
25 0.19684800 0.00000000 0.00000300 2.79340678 -0.00112144 -3.14135408
26 -4.55863147 -18.34159884 -7.42718606 2.44191300 1.34964900 2.25678400
27 6.21448800 0.00001100 0.00002100 -0.76280079 0.61001956 -1.87175423
28 11.94488700 -0.00003500 -0.00019900 -0.37553797 -0.35820010 -1.81306223
29 10.62017300 -0.00000400 0.00001000 2.83703474 -0.88831562 0.83567583
30 4.75117100 0.69437600 -0.83047700 -0.06487300 -0.39364000 0.55419500
31 1.68806800 -0.00002200 0.00000100 0.01171600 -0.02181400 0.94698000
32 1.33614300 -0.00005100 -0.00001000 0.00239400 -0.03863700 0.30776800
33 4.82051800 0.50934200 0.22486500 -0.12564700 -0.32635900 0.75031200
34 1.82700000 0.00006800 0.00001000 0.01352100 0.03817800 1.61369400
35 1.43658100 -0.00000600 0.00001100 0.01466500 0.00366700 -0.97448300
36 3.99235700 0.89108800 1.82799600 -0.36795900 -0.15069400 1.01187800
37 1.40592200 0.00003200 -0.00000500 -0.01759000 -0.02364400 1.51411800
38 1.17535800 -0.00012900 0.00000300 -0.10080900 0.07107400 -1.00405600
39 4.52676800 0.69046600 1.12084000 -0.25986600 -0.21940300 1.06704300
40 1.74403400 -0.00002600 0.00000000 -0.02622300 -0.01366700 1.50212900
41 1.36875900 -0.00003500 -0.00002200 -0.14793300 0.25506700 -1.34370900
42 1.87486800 0.93508100 -0.99913000 2.23325500 0.53457700 0.76202400
43 1.50709200 -0.12162701 0.00857101 -0.04879600 -0.02132400 0.07877900
44 1.59791600 -0.06895747 0.00290300 0.00631500 -0.05280800 -0.22499400
45 5.51181000 -0.00001100 0.00000600 -1.15076500 0.00000000 0.00000000
46 0.19684800 0.00000900 -0.00000100 -0.34822500 0.00001500 -0.00000200
47 0.00000000 1.00000000 0.00000000 0.00000000 0.00000000 -1.57079600
48 -3.85027600 32.39967000 -4.25170500 0.00000000 0.00000000 -3.14156200
49 -7.48373317 49.94352566 -2.39606273 0.44058031 0.01205004 -0.75908258
50 11.00202320 1.00744835 -4.82373114 0.31172400 1.04103800 1.63469900
51 3.96184500 0.64297700 -1.92970300 0.00000000 0.00000000 0.00000000
52 0.80310100 0.45841200 -4.75786000 0.00000000 0.00000000 0.00000000
53 -0.20958701 3.29652951 1.68791751 1.58426800 0.00000000 -0.00000100
54 0.00552451 0.54110499 -0.03807948 0.01520849 0.00267539 0.01132949
55 0.00000000 0.54065951 -0.00000001 0.21381600 0.00031856 -0.02319155
56 -0.00000099 0.54211299 0.00000151 0.02172100 0.00333200 -0.02059700
57 0.00969951 0.54248097 0.00041751 0.00000000 0.00000000 0.00000000
58 0.00000000 0.54072300 0.00000100 -0.01661300 -0.00280300 0.02635400
59 0.00000400 0.54147900 0.00000100 0.08340500 -0.00493800 0.00446000
60 -0.00000048 0.54103801 -0.00000100 0.57124600 0.00668115 -0.01202903
61 -0.00000099 0.51957952 0.00000000 0.79267200 0.00412500 -0.00223200
62 -0.00523831 0.52273849 -0.14269248 -0.18381400 -0.00350505 0.01276245
63 0.00000051 0.54251049 0.00000000 0.03298800 0.01413700 0.00135600
64 -0.00001100 0.54067100 0.00000000 0.01407300 0.00292800 0.00101294
65 0.00000000 0.53940000 0.00000000 -0.00336700 0.00000200 0.00095000
66 -1.37813800 3.89395300 -0.78387300 1.77690200 0.00000000 0.00000000
67 -10.90695600 0.47861700 -2.31595800 0.00000000 0.00000000 0.00000000
68 -2.47458600 -0.05751300 1.52871800 0.00000000 0.00000000 0.00000000
69 3.39013700 -0.70700700 0.09637000 0.00000000 0.00000000 0.00000000
70 -5.10141600 -1.60216700 -2.82126100 0.46170000 1.36724100 1.13609000
end
