version 1
nodes
0 "root" -1
1 "pelvis" 0
2 "spine_01" 1
3 "spine_02" 2
4 "spine_03" 3
5 "clavicle_r" 4
6 "upperarm_r" 5
7 "lowerarm_r" 6
8 "hand_r" 7
9 "index_01_r" 8
10 "index_02_r" 9
11 "index_03_r" 10
12 "middle_01_r" 8
13 "middle_02_r" 12
14 "middle_03_r" 13
15 "pinky_01_r" 8
16 "pinky_02_r" 15
17 "pinky_03_r" 16
18 "ring_01_r" 8
19 "ring_02_r" 18
20 "ring_03_r" 19
21 "thumb_01_r" 8
22 "thumb_02_r" 21
23 "thumb_03_r" 22
24 "lowerarm_twist_01_r" 7
25 "upperarm_twist_01_r" 6
26 "clavicle_l" 4
27 "upperarm_l" 26
28 "lowerarm_l" 27
29 "hand_l" 28
30 "index_01_l" 29
31 "index_02_l" 30
32 "index_03_l" 31
33 "middle_01_l" 29
34 "middle_02_l" 33
35 "middle_03_l" 34
36 "pinky_01_l" 29
37 "pinky_02_l" 36
38 "pinky_03_l" 37
39 "ring_01_l" 29
40 "ring_02_l" 39
41 "ring_03_l" 40
42 "thumb_01_l" 29
43 "thumb_02_l" 42
44 "thumb_03_l" 43
45 "lowerarm_twist_01_l" 28
46 "upperarm_twist_01_l" 27
47 "cam_driver" -1
48 "BaseRoot" -1
49 "Base" 48
50 "Clip" 49
51 "ClipHolder" 50
52 "Bullet" 49
53 "Bullet02" 49
54 "Bullet03" 49
55 "Bullet04" 49
56 "Bullet05" 49
57 "Trigger" 49
58 "Bolt" 49
59 "BoltRotate" 58
60 "BoltHammer" 58
61 "rhand_ikTarget" 49
62 "lhand_ikTarget" 49
63 "Bayonet" 49
end
skeleton
time 0
0 -0.00000100 7.45008900 -27.50902600 0.00000000 0.00000000 0.00003100
1 -0.00000200 0.00000000 0.00000000 1.57074700 -1.56714200 -1.57074700
2 4.25546600 -0.33518300 -0.00000200 0.00000000 0.00000000 -0.12484800
3 7.43125000 1.49647900 0.00000200 0.00000000 0.00000000 0.24545000
4 5.27847900 0.16554400 0.00000100 0.00000000 0.00000000 0.04851100
5 -1.64873900 -13.09409500 6.31045700 1.97586500 1.15990900 -1.29878600
6 -6.21447800 -0.00000900 -0.00002600 3.05862442 -0.20043392 1.55471240
7 11.94488500 0.00000000 0.00000000 -0.28639526 -0.34336839 1.75530365
8 10.62018800 0.00000000 0.00000000 0.55741849 -0.15401533 2.84302081
9 -4.75110800 -0.69449800 0.83058000 -0.15418600 -0.29167200 0.37319500
10 -1.68806800 0.00004700 -0.00003100 0.02287100 -0.00946300 0.26249200
11 -1.33614000 0.00005500 -0.00001000 0.02592200 0.00450900 0.38004900
12 -4.82049400 -0.50946400 -0.22475900 -0.67850600 -0.12493700 1.39189400
13 -1.82698400 -0.00006900 0.00000800 -0.01519000 0.03755800 0.88963800
14 -1.43656900 0.00000400 0.00000300 -0.05788200 -0.05197400 0.74803500
15 -3.99235700 -0.89119100 -1.82790900 -0.78312200 0.47783100 1.73317100
16 -1.40591800 -0.00002500 -0.00000200 0.01158200 -0.02712100 0.47278000
17 -1.17535800 0.00012600 -0.00001900 0.02643300 0.06261000 0.30325800
18 -4.52675100 -0.69058000 -1.12074100 -0.76414900 0.22720200 1.67117900
19 -1.74403800 0.00003200 -0.00000800 -0.01149500 -0.02729000 0.80897100
20 -1.36877100 0.00002300 0.00000200 -0.22704800 0.07843600 0.24818000
21 -1.87479600 -0.93512500 0.99917500 1.79694600 0.72864500 1.01706100
22 -1.52344700 0.00003100 0.00003100 0.10575300 0.13820400 0.75781300
23 -1.59928500 0.00001100 0.00001500 0.02972300 -0.03090300 0.78512800
24 5.58312400 0.11572500 0.29500100 1.94756400 -0.06728900 3.12123600
25 0.19684600 -0.00000200 0.00000300 2.79340694 -0.00042895 -3.14149100
26 -0.42065400 -14.75184200 -3.44053500 1.97586200 1.15991000 1.84280300
27 6.21448600 0.00000800 0.00001900 -1.14921437 0.74586846 -2.06322225
28 11.94488800 -0.00003100 -0.00020000 -0.91757387 -0.33406599 -1.86588271
29 10.62016500 0.00000200 0.00000600 -1.02882738 -0.82362438 -0.46286980
30 4.75115800 0.69437400 -0.83047400 0.12842900 -0.44158200 0.41817400
31 1.68806500 -0.00002200 0.00000200 0.00068800 -0.02474600 1.41163600
32 1.33615100 -0.00005100 -0.00000900 0.00291500 -0.03857300 0.29474600
33 4.82051500 0.50933800 0.22486600 -0.14851600 -0.31147800 1.00052700
34 1.82699200 0.00006600 0.00001000 0.01090700 0.03895400 1.54771100
35 1.43658100 -0.00000600 0.00001000 0.01503200 0.00167500 -0.83651700
36 3.99235300 0.89108700 1.82799300 -0.45399300 -0.08851700 1.25458700
37 1.40592600 0.00003100 -0.00000300 -0.01421100 -0.02586600 1.37541000
38 1.17536200 -0.00013200 0.00000100 -0.07487300 0.09798600 -0.69969900
39 4.52675800 0.69046400 1.12084300 -0.34960800 -0.17836200 1.24133300
40 1.74404100 -0.00003100 -0.00000200 -0.02639200 -0.01328600 1.51729600
41 1.36876700 -0.00003100 -0.00001800 -0.12191500 0.10180800 -1.06387600
42 2.12628300 1.15633000 -0.76950800 1.84706400 0.52542000 0.27660500
43 1.57833300 -0.31926700 -0.04171300 -0.04202400 -0.07377300 0.12077200
44 1.59179200 -0.07172100 0.01248600 0.03799300 0.07429800 -0.27107500
45 5.51180600 -0.00000200 0.00000300 -0.99849200 0.00000000 0.00000000
46 0.19684900 0.00000300 -0.00000100 -0.34822500 0.00001500 -0.00000200
47 0.00000000 0.00000000 0.00000000 0.00000000 0.00000000 -1.57079600
48 -4.14904400 4.91099600 -4.12447000 0.00000000 0.00000000 -3.14156200
49 -8.79266749 22.80097600 -0.32342953 0.43640669 0.26621372 -0.37806888
50 44.49528500 2.91572800 -17.31057200 0.00000000 0.00000000 0.00000000
51 0.85166200 0.00000000 0.00000000 0.00000000 0.00000000 0.00000000
52 0.34715900 -0.00505500 -1.70929100 0.00000000 0.00000000 0.00000000
53 0.36657500 -0.00505900 0.90475500 0.00000000 0.00000000 0.00000000
54 0.34911900 -0.00506100 0.26595600 0.00000000 0.00000000 0.00000000
55 0.34946000 -0.00505600 -0.38449600 0.00000000 0.00000000 0.00000000
56 0.33780700 -0.00505700 -1.09133600 0.00000000 0.00000000 0.00000000
57 3.93872200 -0.00328400 -1.03767400 0.00000000 0.00000000 0.00000000
58 0.45171900 0.00102000 1.29854300 0.00000000 0.00000000 0.00000000
59 -0.52680000 0.00000000 0.00000000 0.00000000 0.00000000 0.00000000
60 0.62233900 0.00000000 0.00000000 0.00000000 0.00000000 0.00000000
61 11.82444300 1.48996400 -1.86721900 -0.20588600 1.09315300 1.34480400
62 -1.31467200 -2.66988200 -2.04237200 -3.02352800 1.09807700 -2.21761800
63 -34.91577900 -0.00157300 0.20016800 0.00000000 0.00000000 0.00000000
time 1
0 -0.00000100 7.45008900 -27.50902600 0.00000000 0.00000000 0.00003100
1 -0.00000200 0.00000000 0.00000000 1.57074700 -1.56714200 -1.57074700
2 4.25546600 -0.33518300 -0.00000200 0.00000000 0.00000000 -0.12484800
3 7.43125000 1.49647900 0.00000200 0.00000000 0.00000000 0.24545000
4 5.27847900 0.16554400 0.00000100 0.00000000 0.00000000 0.04851100
5 -1.64873900 -13.09409500 6.31045700 1.97586500 1.15990900 -1.29878600
6 -6.21447800 -0.00000900 -0.00002600 3.05880311 -0.20033411 1.55450555
7 11.94488500 0.00000000 0.00000000 -0.28669567 -0.34316503 1.75625299
8 10.62018800 0.00000000 0.00000000 0.55258039 -0.15614433 2.84128696
9 -4.75110800 -0.69449800 0.83058000 -0.15418600 -0.29167200 0.37319500
10 -1.68806800 0.00004700 -0.00003100 0.02287100 -0.00946300 0.26249200
11 -1.33614000 0.00005500 -0.00001000 0.02592200 0.00450900 0.38004900
12 -4.82049400 -0.50946400 -0.22475900 -0.67850600 -0.12493700 1.39189400
13 -1.82698400 -0.00006900 0.00000800 -0.01519000 0.03755800 0.88963800
14 -1.43656900 0.00000400 0.00000300 -0.05788200 -0.05197400 0.74803500
15 -3.99235700 -0.89119100 -1.82790900 -0.78312200 0.47783100 1.73317100
16 -1.40591800 -0.00002500 -0.00000200 0.01158200 -0.02712100 0.47278000
17 -1.17535800 0.00012600 -0.00001900 0.02643300 0.06261000 0.30325800
18 -4.52675100 -0.69058000 -1.12074100 -0.76414900 0.22720200 1.67117900
19 -1.74403800 0.00003200 -0.00000800 -0.01149500 -0.02729000 0.80897100
20 -1.36877100 0.00002300 0.00000200 -0.22704800 0.07843600 0.24818000
21 -1.87479600 -0.93512500 0.99917500 1.79694600 0.72864500 1.01706100
22 -1.52344700 0.00003100 0.00003100 0.10575300 0.13820400 0.75781300
23 -1.59928500 0.00001100 0.00001500 0.02972300 -0.03090300 0.78512800
24 5.58312400 0.11572500 0.29500100 1.94756400 -0.06728900 3.12123600
25 0.19684600 -0.00000200 0.00000300 2.79340694 -0.00042895 -3.14149100
26 -0.42065400 -14.75184200 -3.44053500 1.97586200 1.15991000 1.84280300
27 6.21448600 0.00000800 0.00001900 -1.14943187 0.74570852 -2.06225323
28 11.94488800 -0.00003100 -0.00020000 -0.91710617 -0.33253098 -1.86733382
29 10.62016500 0.00000200 0.00000600 -1.02398216 -0.82919824 -0.46404697
30 4.75115800 0.69437400 -0.83047400 0.12842900 -0.44158200 0.41817400
31 1.68806500 -0.00002200 0.00000200 0.00068800 -0.02474600 1.41163600
32 1.33615100 -0.00005100 -0.00000900 0.00291500 -0.03857300 0.29474600
33 4.82051500 0.50933800 0.22486600 -0.14851600 -0.31147800 1.00052700
34 1.82699200 0.00006600 0.00001000 0.01090700 0.03895400 1.54771100
35 1.43658100 -0.00000600 0.00001000 0.01503200 0.00167500 -0.83651700
36 3.99235300 0.89108700 1.82799300 -0.45399300 -0.08851700 1.25458700
37 1.40592600 0.00003100 -0.00000300 -0.01421100 -0.02586600 1.37541000
38 1.17536200 -0.00013200 0.00000100 -0.07487300 0.09798600 -0.69969900
39 4.52675800 0.69046400 1.12084300 -0.34960800 -0.17836200 1.24133300
40 1.74404100 -0.00003100 -0.00000200 -0.02639200 -0.01328600 1.51729600
41 1.36876700 -0.00003100 -0.00001800 -0.12191500 0.10180800 -1.06387600
42 2.12628300 1.15633000 -0.76950800 1.84706400 0.52542000 0.27660500
43 1.57833300 -0.31926700 -0.04171300 -0.04202400 -0.07377300 0.12077200
44 1.59179200 -0.07172100 0.01248600 0.03799300 0.07429800 -0.27107500
45 5.51180600 -0.00000200 0.00000300 -0.99849200 0.00000000 0.00000000
46 0.19684900 0.00000300 -0.00000100 -0.34822500 0.00001500 -0.00000200
47 0.00000000 0.00000000 0.00000000 0.00000000 0.00000000 -1.57079600
48 -4.14904400 4.91099600 -4.12447000 0.00000000 0.00000000 -3.14156200
49 -8.79495188 22.80097600 -0.32232324 0.43111864 0.26510546 -0.37847366
50 44.49528500 2.91572800 -17.31057200 0.00000000 0.00000000 0.00000000
51 0.85166200 0.00000000 0.00000000 0.00000000 0.00000000 0.00000000
52 0.34715900 -0.00505500 -1.70929100 0.00000000 0.00000000 0.00000000
53 0.36657500 -0.00505900 0.90475500 0.00000000 0.00000000 0.00000000
54 0.34911900 -0.00506100 0.26595600 0.00000000 0.00000000 0.00000000
55 0.34946000 -0.00505600 -0.38449600 0.00000000 0.00000000 0.00000000
56 0.33780700 -0.00505700 -1.09133600 0.00000000 0.00000000 0.00000000
57 3.93872200 -0.00328400 -1.03767400 0.00000000 0.00000000 0.00000000
58 0.45171900 0.00102000 1.29854300 0.00000000 0.00000000 0.00000000
59 -0.52680000 0.00000000 0.00000000 0.00000000 0.00000000 0.00000000
60 0.62233900 0.00000000 0.00000000 0.00000000 0.00000000 0.00000000
61 11.82444300 1.48996400 -1.86721900 -0.20588600 1.09315300 1.34480400
62 -1.31467200 -2.66988200 -2.04237200 -3.02352800 1.09807700 -2.21761800
63 -34.91577900 -0.00157300 0.20016800 0.00000000 0.00000000 0.00000000
time 2
0 -0.00000100 7.45008900 -27.50902600 0.00000000 0.00000000 0.00003100
1 -0.00000200 0.00000000 0.00000000 1.57074700 -1.56714200 -1.57074700
2 4.25546600 -0.33518300 -0.00000200 0.00000000 0.00000000 -0.12484800
3 7.43125000 1.49647900 0.00000200 0.00000000 0.00000000 0.24545000
4 5.27847900 0.16554400 0.00000100 0.00000000 0.00000000 0.04851100
5 -1.64873900 -13.09409500 6.31045700 1.97586500 1.15990900 -1.29878600
6 -6.21447800 -0.00000900 -0.00002600 3.05890768 -0.20028937 1.55443506
7 11.94488500 0.00000000 0.00000000 -0.28716115 -0.34292530 1.75744483
8 10.62018800 0.00000000 0.00000000 0.54776492 -0.15876260 2.83933003
9 -4.75110800 -0.69449800 0.83058000 -0.15418600 -0.29167200 0.37319500
10 -1.68806800 0.00004700 -0.00003100 0.02287100 -0.00946300 0.26249200
11 -1.33614000 0.00005500 -0.00001000 0.02592200 0.00450900 0.38004900
12 -4.82049400 -0.50946400 -0.22475900 -0.67850600 -0.12493700 1.39189400
13 -1.82698400 -0.00006900 0.00000800 -0.01519000 0.03755800 0.88963800
14 -1.43656900 0.00000400 0.00000300 -0.05788200 -0.05197400 0.74803500
15 -3.99235700 -0.89119100 -1.82790900 -0.78312200 0.47783100 1.73317100
16 -1.40591800 -0.00002500 -0.00000200 0.01158200 -0.02712100 0.47278000
17 -1.17535800 0.00012600 -0.00001900 0.02643300 0.06261000 0.30325800
18 -4.52675100 -0.69058000 -1.12074100 -0.76414900 0.22720200 1.67117900
19 -1.74403800 0.00003200 -0.00000800 -0.01149500 -0.02729000 0.80897100
20 -1.36877100 0.00002300 0.00000200 -0.22704800 0.07843600 0.24818000
21 -1.87479600 -0.93512500 0.99917500 1.79694600 0.72864500 1.01706100
22 -1.52344700 0.00003100 0.00003100 0.10575300 0.13820400 0.75781300
23 -1.59928500 0.00001100 0.00001500 0.02972300 -0.03090300 0.78512800
24 5.58312400 0.11572500 0.29500100 1.94756400 -0.06728900 3.12123600
25 0.19684600 -0.00000200 0.00000300 2.79340694 -0.00042895 -3.14149100
26 -0.42065400 -14.75184200 -3.44053500 1.97586200 1.15991000 1.84280300
27 6.21448600 0.00000800 0.00001900 -1.14960349 0.74600562 -2.06121301
28 11.94488800 -0.00003100 -0.00020000 -0.91654657 -0.33092975 -1.86909029
29 10.62016500 0.00000200 0.00000600 -1.01922609 -0.83492904 -0.46525814
30 4.75115800 0.69437400 -0.83047400 0.12842900 -0.44158200 0.41817400
31 1.68806500 -0.00002200 0.00000200 0.00068800 -0.02474600 1.41163600
32 1.33615100 -0.00005100 -0.00000900 0.00291500 -0.03857300 0.29474600
33 4.82051500 0.50933800 0.22486600 -0.14851600 -0.31147800 1.00052700
34 1.82699200 0.00006600 0.00001000 0.01090700 0.03895400 1.54771100
35 1.43658100 -0.00000600 0.00001000 0.01503200 0.00167500 -0.83651700
36 3.99235300 0.89108700 1.82799300 -0.45399300 -0.08851700 1.25458700
37 1.40592600 0.00003100 -0.00000300 -0.01421100 -0.02586600 1.37541000
38 1.17536200 -0.00013200 0.00000100 -0.07487300 0.09798600 -0.69969900
39 4.52675800 0.69046400 1.12084300 -0.34960800 -0.17836200 1.24133300
40 1.74404100 -0.00003100 -0.00000200 -0.02639200 -0.01328600 1.51729600
41 1.36876700 -0.00003100 -0.00001800 -0.12191500 0.10180800 -1.06387600
42 2.12628300 1.15633000 -0.76950800 1.84706400 0.52542000 0.27660500
43 1.57833300 -0.31926700 -0.04171300 -0.04202400 -0.07377300 0.12077200
44 1.59179200 -0.07172100 0.01248600 0.03799300 0.07429800 -0.27107500
45 5.51180600 -0.00000200 0.00000300 -0.99849200 0.00000000 0.00000000
46 0.19684900 0.00000300 -0.00000100 -0.34822500 0.00001500 -0.00000200
47 0.00000000 0.00000000 0.00000000 0.00000000 0.00000000 -1.57079600
48 -4.14904400 4.91099600 -4.12447000 0.00000000 0.00000000 -3.14156200
49 -8.79820127 22.80097600 -0.32527494 0.42570334 0.26362477 -0.37895534
50 44.49528500 2.91572800 -17.31057200 0.00000000 0.00000000 0.00000000
51 0.85166200 0.00000000 0.00000000 0.00000000 0.00000000 0.00000000
52 0.34715900 -0.00505500 -1.70929100 0.00000000 0.00000000 0.00000000
53 0.36657500 -0.00505900 0.90475500 0.00000000 0.00000000 0.00000000
54 0.34911900 -0.00506100 0.26595600 0.00000000 0.00000000 0.00000000
55 0.34946000 -0.00505600 -0.38449600 0.00000000 0.00000000 0.00000000
56 0.33780700 -0.00505700 -1.09133600 0.00000000 0.00000000 0.00000000
57 3.93872200 -0.00328400 -1.03767400 0.00000000 0.00000000 0.00000000
58 0.45171900 0.00102000 1.29854300 0.00000000 0.00000000 0.00000000
59 -0.52680000 0.00000000 0.00000000 0.00000000 0.00000000 0.00000000
60 0.62233900 0.00000000 0.00000000 0.00000000 0.00000000 0.00000000
61 11.82444300 1.48996400 -1.86721900 -0.20588600 1.09315300 1.34480400
62 -1.31467200 -2.66988200 -2.04237200 -3.02352800 1.09807700 -2.21761800
63 -34.91577900 -0.00157300 0.20016800 0.00000000 0.00000000 0.00000000
time 3
0 -0.00000100 7.45008900 -27.50902600 0.00000000 0.00000000 0.00003100
1 -0.00000200 0.00000000 0.00000000 1.57074700 -1.56714200 -1.57074700
2 4.25546600 -0.33518300 -0.00000200 0.00000000 0.00000000 -0.12484800
3 7.43125000 1.49647900 0.00000200 0.00000000 0.00000000 0.24545000
4 5.27847900 0.16554400 0.00000100 0.00000000 0.00000000 0.04851100
5 -1.64873900 -13.09409500 6.31045700 1.97586500 1.15990900 -1.29878600
6 -6.21447800 -0.00000900 -0.00002600 3.05914802 -0.20010852 1.55415103
7 11.94488500 0.00000000 0.00000000 -0.28750289 -0.34276895 1.75849119
8 10.62018800 0.00000000 0.00000000 0.54306505 -0.16163060 2.83735584
9 -4.75110800 -0.69449800 0.83058000 -0.15418600 -0.29167200 0.37319500
10 -1.68806800 0.00004700 -0.00003100 0.02287100 -0.00946300 0.26249200
11 -1.33614000 0.00005500 -0.00001000 0.02592200 0.00450900 0.38004900
12 -4.82049400 -0.50946400 -0.22475900 -0.67850600 -0.12493700 1.39189400
13 -1.82698400 -0.00006900 0.00000800 -0.01519000 0.03755800 0.88963800
14 -1.43656900 0.00000400 0.00000300 -0.05788200 -0.05197400 0.74803500
15 -3.99235700 -0.89119100 -1.82790900 -0.78312200 0.47783100 1.73317100
16 -1.40591800 -0.00002500 -0.00000200 0.01158200 -0.02712100 0.47278000
17 -1.17535800 0.00012600 -0.00001900 0.02643300 0.06261000 0.30325800
18 -4.52675100 -0.69058000 -1.12074100 -0.76414900 0.22720200 1.67117900
19 -1.74403800 0.00003200 -0.00000800 -0.01149500 -0.02729000 0.80897100
20 -1.36877100 0.00002300 0.00000200 -0.22704800 0.07843600 0.24818000
21 -1.87479600 -0.93512500 0.99917500 1.79694600 0.72864500 1.01706100
22 -1.52344700 0.00003100 0.00003100 0.10575300 0.13820400 0.75781300
23 -1.59928500 0.00001100 0.00001500 0.02972300 -0.03090300 0.78512800
24 5.58312400 0.11572500 0.29500100 1.94756400 -0.06728900 3.12123600
25 0.19684600 -0.00000200 0.00000300 2.79340694 -0.00042895 -3.14149100
26 -0.42065400 -14.75184200 -3.44053500 1.97586200 1.15991000 1.84280300
27 6.21448600 0.00000800 0.00001900 -1.14982481 0.74644546 -2.05996374
28 11.94488800 -0.00003100 -0.00020000 -0.91592424 -0.32943404 -1.87087380
29 10.62016500 0.00000200 0.00000600 -1.01490871 -0.84078814 -0.46648572
30 4.75115800 0.69437400 -0.83047400 0.12842900 -0.44158200 0.41817400
31 1.68806500 -0.00002200 0.00000200 0.00068800 -0.02474600 1.41163600
32 1.33615100 -0.00005100 -0.00000900 0.00291500 -0.03857300 0.29474600
33 4.82051500 0.50933800 0.22486600 -0.14851600 -0.31147800 1.00052700
34 1.82699200 0.00006600 0.00001000 0.01090700 0.03895400 1.54771100
35 1.43658100 -0.00000600 0.00001000 0.01503200 0.00167500 -0.83651700
36 3.99235300 0.89108700 1.82799300 -0.45399300 -0.08851700 1.25458700
37 1.40592600 0.00003100 -0.00000300 -0.01421100 -0.02586600 1.37541000
38 1.17536200 -0.00013200 0.00000100 -0.07487300 0.09798600 -0.69969900
39 4.52675800 0.69046400 1.12084300 -0.34960800 -0.17836200 1.24133300
40 1.74404100 -0.00003100 -0.00000200 -0.02639200 -0.01328600 1.51729600
41 1.36876700 -0.00003100 -0.00001800 -0.12191500 0.10180800 -1.06387600
42 2.12628300 1.15633000 -0.76950800 1.84706400 0.52542000 0.27660500
43 1.57833300 -0.31926700 -0.04171300 -0.04202400 -0.07377300 0.12077200
44 1.59179200 -0.07172100 0.01248600 0.03799300 0.07429800 -0.27107500
45 5.51180600 -0.00000200 0.00000300 -0.99849200 0.00000000 0.00000000
46 0.19684900 0.00000300 -0.00000100 -0.34822500 0.00001500 -0.00000200
47 0.00000000 0.00000000 0.00000000 0.00000000 0.00000000 -1.57079600
48 -4.14904400 4.91099600 -4.12447000 0.00000000 0.00000000 -3.14156200
49 -8.80399864 22.80097600 -0.32986297 0.42035182 0.26194511 -0.37940418
50 44.49528500 2.91572800 -17.31057200 0.00000000 0.00000000 0.00000000
51 0.85166200 0.00000000 0.00000000 0.00000000 0.00000000 0.00000000
52 0.34715900 -0.00505500 -1.70929100 0.00000000 0.00000000 0.00000000
53 0.36657500 -0.00505900 0.90475500 0.00000000 0.00000000 0.00000000
54 0.34911900 -0.00506100 0.26595600 0.00000000 0.00000000 0.00000000
55 0.34946000 -0.00505600 -0.38449600 0.00000000 0.00000000 0.00000000
56 0.33780700 -0.00505700 -1.09133600 0.00000000 0.00000000 0.00000000
57 3.93872200 -0.00328400 -1.03767400 0.00000000 0.00000000 0.00000000
58 0.45171900 0.00102000 1.29854300 0.00000000 0.00000000 0.00000000
59 -0.52680000 0.00000000 0.00000000 0.00000000 0.00000000 0.00000000
60 0.62233900 0.00000000 0.00000000 0.00000000 0.00000000 0.00000000
61 11.82444300 1.48996400 -1.86721900 -0.20588600 1.09315300 1.34480400
62 -1.31467200 -2.66988200 -2.04237200 -3.02352800 1.09807700 -2.21761800
63 -34.91577900 -0.00157300 0.20016800 0.00000000 0.00000000 0.00000000
time 4
0 -0.00000100 7.45008900 -27.50902600 0.00000000 0.00000000 0.00003100
1 -0.00000200 0.00000000 0.00000000 1.57074700 -1.56714200 -1.57074700
2 4.25546600 -0.33518300 -0.00000200 0.00000000 0.00000000 -0.12484800
3 7.43125000 1.49647900 0.00000200 0.00000000 0.00000000 0.24545000
4 5.27847900 0.16554400 0.00000100 0.00000000 0.00000000 0.04851100
5 -1.64873900 -13.09409500 6.31045700 1.97586500 1.15990900 -1.29878600
6 -6.21447800 -0.00000900 -0.00002600 3.05945338 -0.19985262 1.55338820
7 11.94488500 0.00000000 0.00000000 -0.28763248 -0.34266807 1.75896767
8 10.62018800 0.00000000 0.00000000 0.53868965 -0.16458524 2.83553397
9 -4.75110800 -0.69449800 0.83058000 -0.15418600 -0.29167200 0.37319500
10 -1.68806800 0.00004700 -0.00003100 0.02287100 -0.00946300 0.26249200
11 -1.33614000 0.00005500 -0.00001000 0.02592200 0.00450900 0.38004900
12 -4.82049400 -0.50946400 -0.22475900 -0.67850600 -0.12493700 1.39189400
13 -1.82698400 -0.00006900 0.00000800 -0.01519000 0.03755800 0.88963800
14 -1.43656900 0.00000400 0.00000300 -0.05788200 -0.05197400 0.74803500
15 -3.99235700 -0.89119100 -1.82790900 -0.78312200 0.47783100 1.73317100
16 -1.40591800 -0.00002500 -0.00000200 0.01158200 -0.02712100 0.47278000
17 -1.17535800 0.00012600 -0.00001900 0.02643300 0.06261000 0.30325800
18 -4.52675100 -0.69058000 -1.12074100 -0.76414900 0.22720200 1.67117900
19 -1.74403800 0.00003200 -0.00000800 -0.01149500 -0.02729000 0.80897100
20 -1.36877100 0.00002300 0.00000200 -0.22704800 0.07843600 0.24818000
21 -1.87479600 -0.93512500 0.99917500 1.79694600 0.72864500 1.01706100
22 -1.52344700 0.00003100 0.00003100 0.10575300 0.13820400 0.75781300
23 -1.59928500 0.00001100 0.00001500 0.02972300 -0.03090300 0.78512800
24 5.58312400 0.11572500 0.29500100 1.94756400 -0.06728900 3.12123600
25 0.19684600 -0.00000200 0.00000300 2.79340694 -0.00042895 -3.14149100
26 -0.42065400 -14.75184200 -3.44053500 1.97586200 1.15991000 1.84280300
27 6.21448600 0.00000800 0.00001900 -1.15016572 0.74671802 -2.05853022
28 11.94488800 -0.00003100 -0.00020000 -0.91543652 -0.32779110 -1.87252886
29 10.62016500 0.00000200 0.00000600 -1.01110529 -0.84646581 -0.46736620
30 4.75115800 0.69437400 -0.83047400 0.12842900 -0.44158200 0.41817400
31 1.68806500 -0.00002200 0.00000200 0.00068800 -0.02474600 1.41163600
32 1.33615100 -0.00005100 -0.00000900 0.00291500 -0.03857300 0.29474600
33 4.82051500 0.50933800 0.22486600 -0.14851600 -0.31147800 1.00052700
34 1.82699200 0.00006600 0.00001000 0.01090700 0.03895400 1.54771100
35 1.43658100 -0.00000600 0.00001000 0.01503200 0.00167500 -0.83651700
36 3.99235300 0.89108700 1.82799300 -0.45399300 -0.08851700 1.25458700
37 1.40592600 0.00003100 -0.00000300 -0.01421100 -0.02586600 1.37541000
38 1.17536200 -0.00013200 0.00000100 -0.07487300 0.09798600 -0.69969900
39 4.52675800 0.69046400 1.12084300 -0.34960800 -0.17836200 1.24133300
40 1.74404100 -0.00003100 -0.00000200 -0.02639200 -0.01328600 1.51729600
41 1.36876700 -0.00003100 -0.00001800 -0.12191500 0.10180800 -1.06387600
42 2.12628300 1.15633000 -0.76950800 1.84706400 0.52542000 0.27660500
43 1.57833300 -0.31926700 -0.04171300 -0.04202400 -0.07377300 0.12077200
44 1.59179200 -0.07172100 0.01248600 0.03799300 0.07429800 -0.27107500
45 5.51180600 -0.00000200 0.00000300 -0.99849200 0.00000000 0.00000000
46 0.19684900 0.00000300 -0.00000100 -0.34822500 0.00001500 -0.00000200
47 0.00000000 0.00000000 0.00000000 0.00000000 0.00000000 -1.57079600
48 -4.14904400 4.91099600 -4.12447000 0.00000000 0.00000000 -3.14156200
49 -8.81502664 22.80097600 -0.33224184 0.41540393 0.26015038 -0.37976823
50 44.49528500 2.91572800 -17.31057200 0.00000000 0.00000000 0.00000000
51 0.85166200 0.00000000 0.00000000 0.00000000 0.00000000 0.00000000
52 0.34715900 -0.00505500 -1.70929100 0.00000000 0.00000000 0.00000000
53 0.36657500 -0.00505900 0.90475500 0.00000000 0.00000000 0.00000000
54 0.34911900 -0.00506100 0.26595600 0.00000000 0.00000000 0.00000000
55 0.34946000 -0.00505600 -0.38449600 0.00000000 0.00000000 0.00000000
56 0.33780700 -0.00505700 -1.09133600 0.00000000 0.00000000 0.00000000
57 3.93872200 -0.00328400 -1.03767400 0.00000000 0.00000000 0.00000000
58 0.45171900 0.00102000 1.29854300 0.00000000 0.00000000 0.00000000
59 -0.52680000 0.00000000 0.00000000 0.00000000 0.00000000 0.00000000
60 0.62233900 0.00000000 0.00000000 0.00000000 0.00000000 0.00000000
61 11.82444300 1.48996400 -1.86721900 -0.20588600 1.09315300 1.34480400
62 -1.31467200 -2.66988200 -2.04237200 -3.02352800 1.09807700 -2.21761800
63 -34.91577900 -0.00157300 0.20016800 0.00000000 0.00000000 0.00000000
time 5
0 -0.00000100 7.45008900 -27.50902600 0.00000000 0.00000000 0.00003100
1 -0.00000200 0.00000000 0.00000000 1.57074700 -1.56714200 -1.57074700
2 4.25546600 -0.33518300 -0.00000200 0.00000000 0.00000000 -0.12484800
3 7.43125000 1.49647900 0.00000200 0.00000000 0.00000000 0.24545000
4 5.27847900 0.16554400 0.00000100 0.00000000 0.00000000 0.04851100
5 -1.64873900 -13.09409500 6.31045700 1.97586500 1.15990900 -1.29878600
6 -6.21447800 -0.00000900 -0.00002600 3.05982414 -0.19953292 1.55260391
7 11.94488500 0.00000000 0.00000000 -0.28792728 -0.34253123 1.75968627
8 10.62018800 0.00000000 0.00000000 0.53428898 -0.16778363 2.83356154
9 -4.75110800 -0.69449800 0.83058000 -0.15418600 -0.29167200 0.37319500
10 -1.68806800 0.00004700 -0.00003100 0.02287100 -0.00946300 0.26249200
11 -1.33614000 0.00005500 -0.00001000 0.02592200 0.00450900 0.38004900
12 -4.82049400 -0.50946400 -0.22475900 -0.67850600 -0.12493700 1.39189400
13 -1.82698400 -0.00006900 0.00000800 -0.01519000 0.03755800 0.88963800
14 -1.43656900 0.00000400 0.00000300 -0.05788200 -0.05197400 0.74803500
15 -3.99235700 -0.89119100 -1.82790900 -0.78312200 0.47783100 1.73317100
16 -1.40591800 -0.00002500 -0.00000200 0.01158200 -0.02712100 0.47278000
17 -1.17535800 0.00012600 -0.00001900 0.02643300 0.06261000 0.30325800
18 -4.52675100 -0.69058000 -1.12074100 -0.76414900 0.22720200 1.67117900
19 -1.74403800 0.00003200 -0.00000800 -0.01149500 -0.02729000 0.80897100
20 -1.36877100 0.00002300 0.00000200 -0.22704800 0.07843600 0.24818000
21 -1.87479600 -0.93512500 0.99917500 1.79694600 0.72864500 1.01706100
22 -1.52344700 0.00003100 0.00003100 0.10575300 0.13820400 0.75781300
23 -1.59928500 0.00001100 0.00001500 0.02972300 -0.03090300 0.78512800
24 5.58312400 0.11572500 0.29500100 1.94756400 -0.06728900 3.12123600
25 0.19684600 -0.00000200 0.00000300 2.79340694 -0.00042895 -3.14149100
26 -0.42065400 -14.75184200 -3.44053500 1.97586200 1.15991000 1.84280300
27 6.21448600 0.00000800 0.00001900 -1.15051058 0.74731272 -2.05710869
28 11.94488800 -0.00003100 -0.00020000 -0.91477920 -0.32624705 -1.87443715
29 10.62016500 0.00000200 0.00000600 -1.00746347 -0.85242817 -0.46841935
30 4.75115800 0.69437400 -0.83047400 0.12842900 -0.44158200 0.41817400
31 1.68806500 -0.00002200 0.00000200 0.00068800 -0.02474600 1.41163600
32 1.33615100 -0.00005100 -0.00000900 0.00291500 -0.03857300 0.29474600
33 4.82051500 0.50933800 0.22486600 -0.14851600 -0.31147800 1.00052700
34 1.82699200 0.00006600 0.00001000 0.01090700 0.03895400 1.54771100
35 1.43658100 -0.00000600 0.00001000 0.01503200 0.00167500 -0.83651700
36 3.99235300 0.89108700 1.82799300 -0.45399300 -0.08851700 1.25458700
37 1.40592600 0.00003100 -0.00000300 -0.01421100 -0.02586600 1.37541000
38 1.17536200 -0.00013200 0.00000100 -0.07487300 0.09798600 -0.69969900
39 4.52675800 0.69046400 1.12084300 -0.34960800 -0.17836200 1.24133300
40 1.74404100 -0.00003100 -0.00000200 -0.02639200 -0.01328600 1.51729600
41 1.36876700 -0.00003100 -0.00001800 -0.12191500 0.10180800 -1.06387600
42 2.12628300 1.15633000 -0.76950800 1.84706400 0.52542000 0.27660500
43 1.57833300 -0.31926700 -0.04171300 -0.04202400 -0.07377300 0.12077200
44 1.59179200 -0.07172100 0.01248600 0.03799300 0.07429800 -0.27107500
45 5.51180600 -0.00000200 0.00000300 -0.99849200 0.00000000 0.00000000
46 0.19684900 0.00000300 -0.00000100 -0.34822500 0.00001500 -0.00000200
47 0.00000000 0.00000000 0.00000000 0.00000000 0.00000000 -1.57079600
48 -4.14904400 4.91099600 -4.12447000 0.00000000 0.00000000 -3.14156200
49 -8.82681365 22.80097600 -0.33780872 0.41041847 0.25806849 -0.38009526
50 44.49528500 2.91572800 -17.31057200 0.00000000 0.00000000 0.00000000
51 0.85166200 0.00000000 0.00000000 0.00000000 0.00000000 0.00000000
52 0.34715900 -0.00505500 -1.70929100 0.00000000 0.00000000 0.00000000
53 0.36657500 -0.00505900 0.90475500 0.00000000 0.00000000 0.00000000
54 0.34911900 -0.00506100 0.26595600 0.00000000 0.00000000 0.00000000
55 0.34946000 -0.00505600 -0.38449600 0.00000000 0.00000000 0.00000000
56 0.33780700 -0.00505700 -1.09133600 0.00000000 0.00000000 0.00000000
57 3.93872200 -0.00328400 -1.03767400 0.00000000 0.00000000 0.00000000
58 0.45171900 0.00102000 1.29854300 0.00000000 0.00000000 0.00000000
59 -0.52680000 0.00000000 0.00000000 0.00000000 0.00000000 0.00000000
60 0.62233900 0.00000000 0.00000000 0.00000000 0.00000000 0.00000000
61 11.82444300 1.48996400 -1.86721900 -0.20588600 1.09315300 1.34480400
62 -1.31467200 -2.66988200 -2.04237200 -3.02352800 1.09807700 -2.21761800
63 -34.91577900 -0.00157300 0.20016800 0.00000000 0.00000000 0.00000000
time 6
0 -0.00000100 7.45008900 -27.50902600 0.00000000 0.00000000 0.00003100
1 -0.00000200 0.00000000 0.00000000 1.57074700 -1.56714200 -1.57074700
2 4.25546600 -0.33518300 -0.00000200 0.00000000 0.00000000 -0.12484800
3 7.43125000 1.49647900 0.00000200 0.00000000 0.00000000 0.24545000
4 5.27847900 0.16554400 0.00000100 0.00000000 0.00000000 0.04851100
5 -1.64873900 -13.09409500 6.31045700 1.97586500 1.15990900 -1.29878600
6 -6.21447800 -0.00000900 -0.00002600 3.05996170 -0.19926495 1.55176422
7 11.94488500 0.00000000 0.00000000 -0.28796041 -0.34258281 1.75984753
8 10.62018800 0.00000000 0.00000000 0.53262621 -0.17017542 2.83234371
9 -4.75110800 -0.69449800 0.83058000 -0.15418600 -0.29167200 0.37319500
10 -1.68806800 0.00004700 -0.00003100 0.02287100 -0.00946300 0.26249200
11 -1.33614000 0.00005500 -0.00001000 0.02592200 0.00450900 0.38004900
12 -4.82049400 -0.50946400 -0.22475900 -0.67850600 -0.12493700 1.39189400
13 -1.82698400 -0.00006900 0.00000800 -0.01519000 0.03755800 0.88963800
14 -1.43656900 0.00000400 0.00000300 -0.05788200 -0.05197400 0.74803500
15 -3.99235700 -0.89119100 -1.82790900 -0.78312200 0.47783100 1.73317100
16 -1.40591800 -0.00002500 -0.00000200 0.01158200 -0.02712100 0.47278000
17 -1.17535800 0.00012600 -0.00001900 0.02643300 0.06261000 0.30325800
18 -4.52675100 -0.69058000 -1.12074100 -0.76414900 0.22720200 1.67117900
19 -1.74403800 0.00003200 -0.00000800 -0.01149500 -0.02729000 0.80897100
20 -1.36877100 0.00002300 0.00000200 -0.22704800 0.07843600 0.24818000
21 -1.87479600 -0.93512500 0.99917500 1.79694600 0.72864500 1.01706100
22 -1.52344700 0.00003100 0.00003100 0.10575300 0.13820400 0.75781300
23 -1.59928500 0.00001100 0.00001500 0.02972300 -0.03090300 0.78512800
24 5.58312400 0.11572500 0.29500100 1.94756400 -0.06728900 3.12123600
25 0.19684600 -0.00000200 0.00000300 2.79340694 -0.00042895 -3.14149100
26 -0.42065400 -14.75184200 -3.44053500 1.97586200 1.15991000 1.84280300
27 6.21448600 0.00000800 0.00001900 -1.15066337 0.74814273 -2.05585039
28 11.94488800 -0.00003100 -0.00020000 -0.91444546 -0.32554970 -1.87556067
29 10.62016500 0.00000200 0.00000600 -1.00681200 -0.85539135 -0.46869748
30 4.75115800 0.69437400 -0.83047400 0.12842900 -0.44158200 0.41817400
31 1.68806500 -0.00002200 0.00000200 0.00068800 -0.02474600 1.41163600
32 1.33615100 -0.00005100 -0.00000900 0.00291500 -0.03857300 0.29474600
33 4.82051500 0.50933800 0.22486600 -0.14851600 -0.31147800 1.00052700
34 1.82699200 0.00006600 0.00001000 0.01090700 0.03895400 1.54771100
35 1.43658100 -0.00000600 0.00001000 0.01503200 0.00167500 -0.83651700
36 3.99235300 0.89108700 1.82799300 -0.45399300 -0.08851700 1.25458700
37 1.40592600 0.00003100 -0.00000300 -0.01421100 -0.02586600 1.37541000
38 1.17536200 -0.00013200 0.00000100 -0.07487300 0.09798600 -0.69969900
39 4.52675800 0.69046400 1.12084300 -0.34960800 -0.17836200 1.24133300
40 1.74404100 -0.00003100 -0.00000200 -0.02639200 -0.01328600 1.51729600
41 1.36876700 -0.00003100 -0.00001800 -0.12191500 0.10180800 -1.06387600
42 2.12628300 1.15633000 -0.76950800 1.84706400 0.52542000 0.27660500
43 1.57833300 -0.31926700 -0.04171300 -0.04202400 -0.07377300 0.12077200
44 1.59179200 -0.07172100 0.01248600 0.03799300 0.07429800 -0.27107500
45 5.51180600 -0.00000200 0.00000300 -0.99849200 0.00000000 0.00000000
46 0.19684900 0.00000300 -0.00000100 -0.34822500 0.00001500 -0.00000200
47 0.00000000 0.00000000 0.00000000 0.00000000 0.00000000 -1.57079600
48 -4.14904400 4.91099600 -4.12447000 0.00000000 0.00000000 -3.14156200
49 -8.84036117 22.80097600 -0.34715402 0.40834326 0.25631414 -0.38030026
50 44.49528500 2.91572800 -17.31057200 0.00000000 0.00000000 0.00000000
51 0.85166200 0.00000000 0.00000000 0.00000000 0.00000000 0.00000000
52 0.34715900 -0.00505500 -1.70929100 0.00000000 0.00000000 0.00000000
53 0.36657500 -0.00505900 0.90475500 0.00000000 0.00000000 0.00000000
54 0.34911900 -0.00506100 0.26595600 0.00000000 0.00000000 0.00000000
55 0.34946000 -0.00505600 -0.38449600 0.00000000 0.00000000 0.00000000
56 0.33780700 -0.00505700 -1.09133600 0.00000000 0.00000000 0.00000000
57 3.93872200 -0.00328400 -1.03767400 0.00000000 0.00000000 0.00000000
58 0.45171900 0.00102000 1.29854300 0.00000000 0.00000000 0.00000000
59 -0.52680000 0.00000000 0.00000000 0.00000000 0.00000000 0.00000000
60 0.62233900 0.00000000 0.00000000 0.00000000 0.00000000 0.00000000
61 11.82444300 1.48996400 -1.86721900 -0.20588600 1.09315300 1.34480400
62 -1.31467200 -2.66988200 -2.04237200 -3.02352800 1.09807700 -2.21761800
63 -34.91577900 -0.00157300 0.20016800 0.00000000 0.00000000 0.00000000
time 7
0 -0.00000100 7.45008900 -27.50902600 0.00000000 0.00000000 0.00003100
1 -0.00000200 0.00000000 0.00000000 1.57074700 -1.56714200 -1.57074700
2 4.25546600 -0.33518300 -0.00000200 0.00000000 0.00000000 -0.12484800
3 7.43125000 1.49647900 0.00000200 0.00000000 0.00000000 0.24545000
4 5.27847900 0.16554400 0.00000100 0.00000000 0.00000000 0.04851100
5 -1.64873900 -13.09409500 6.31045700 1.97586500 1.15990900 -1.29878600
6 -6.21447800 -0.00000900 -0.00002600 3.06005712 -0.19909304 1.55098616
7 11.94488500 0.00000000 0.00000000 -0.28788072 -0.34266758 1.75957273
8 10.62018800 0.00000000 0.00000000 0.53327950 -0.17172781 2.83186972
9 -4.75110800 -0.69449800 0.83058000 -0.15418600 -0.29167200 0.37319500
10 -1.68806800 0.00004700 -0.00003100 0.02287100 -0.00946300 0.26249200
11 -1.33614000 0.00005500 -0.00001000 0.02592200 0.00450900 0.38004900
12 -4.82049400 -0.50946400 -0.22475900 -0.67850600 -0.12493700 1.39189400
13 -1.82698400 -0.00006900 0.00000800 -0.01519000 0.03755800 0.88963800
14 -1.43656900 0.00000400 0.00000300 -0.05788200 -0.05197400 0.74803500
15 -3.99235700 -0.89119100 -1.82790900 -0.78312200 0.47783100 1.73317100
16 -1.40591800 -0.00002500 -0.00000200 0.01158200 -0.02712100 0.47278000
17 -1.17535800 0.00012600 -0.00001900 0.02643300 0.06261000 0.30325800
18 -4.52675100 -0.69058000 -1.12074100 -0.76414900 0.22720200 1.67117900
19 -1.74403800 0.00003200 -0.00000800 -0.01149500 -0.02729000 0.80897100
20 -1.36877100 0.00002300 0.00000200 -0.22704800 0.07843600 0.24818000
21 -1.87479600 -0.93512500 0.99917500 1.79694600 0.72864500 1.01706100
22 -1.52344700 0.00003100 0.00003100 0.10575300 0.13820400 0.75781300
23 -1.59928500 0.00001100 0.00001500 0.02972300 -0.03090300 0.78512800
24 5.58312400 0.11572500 0.29500100 1.94756400 -0.06728900 3.12123600
25 0.19684600 -0.00000200 0.00000300 2.79340694 -0.00042895 -3.14149100
26 -0.42065400 -14.75184200 -3.44053500 1.97586200 1.15991000 1.84280300
27 6.21448600 0.00000800 0.00001900 -1.15056379 0.74939489 -2.05493322
28 11.94488800 -0.00003100 -0.00020000 -0.91423243 -0.32559205 -1.87620039
29 10.62016500 0.00000200 0.00000600 -1.00868468 -0.85587516 -0.46833040
30 4.75115800 0.69437400 -0.83047400 0.12842900 -0.44158200 0.41817400
31 1.68806500 -0.00002200 0.00000200 0.00068800 -0.02474600 1.41163600
32 1.33615100 -0.00005100 -0.00000900 0.00291500 -0.03857300 0.29474600
33 4.82051500 0.50933800 0.22486600 -0.14851600 -0.31147800 1.00052700
34 1.82699200 0.00006600 0.00001000 0.01090700 0.03895400 1.54771100
35 1.43658100 -0.00000600 0.00001000 0.01503200 0.00167500 -0.83651700
36 3.99235300 0.89108700 1.82799300 -0.45399300 -0.08851700 1.25458700
37 1.40592600 0.00003100 -0.00000300 -0.01421100 -0.02586600 1.37541000
38 1.17536200 -0.00013200 0.00000100 -0.07487300 0.09798600 -0.69969900
39 4.52675800 0.69046400 1.12084300 -0.34960800 -0.17836200 1.24133300
40 1.74404100 -0.00003100 -0.00000200 -0.02639200 -0.01328600 1.51729600
41 1.36876700 -0.00003100 -0.00001800 -0.12191500 0.10180800 -1.06387600
42 2.12628300 1.15633000 -0.76950800 1.84706400 0.52542000 0.27660500
43 1.57833300 -0.31926700 -0.04171300 -0.04202400 -0.07377300 0.12077200
44 1.59179200 -0.07172100 0.01248600 0.03799300 0.07429800 -0.27107500
45 5.51180600 -0.00000200 0.00000300 -0.99849200 0.00000000 0.00000000
46 0.19684900 0.00000300 -0.00000100 -0.34822500 0.00001500 -0.00000200
47 0.00000000 0.00000000 0.00000000 0.00000000 0.00000000 -1.57079600
48 -4.14904400 4.91099600 -4.12447000 0.00000000 0.00000000 -3.14156200
49 -8.85541914 22.80097600 -0.35984018 0.40861618 0.25473681 -0.38026479
50 44.49528500 2.91572800 -17.31057200 0.00000000 0.00000000 0.00000000
51 0.85166200 0.00000000 0.00000000 0.00000000 0.00000000 0.00000000
52 0.34715900 -0.00505500 -1.70929100 0.00000000 0.00000000 0.00000000
53 0.36657500 -0.00505900 0.90475500 0.00000000 0.00000000 0.00000000
54 0.34911900 -0.00506100 0.26595600 0.00000000 0.00000000 0.00000000
55 0.34946000 -0.00505600 -0.38449600 0.00000000 0.00000000 0.00000000
56 0.33780700 -0.00505700 -1.09133600 0.00000000 0.00000000 0.00000000
57 3.93872200 -0.00328400 -1.03767400 0.00000000 0.00000000 0.00000000
58 0.45171900 0.00102000 1.29854300 0.00000000 0.00000000 0.00000000
59 -0.52680000 0.00000000 0.00000000 0.00000000 0.00000000 0.00000000
60 0.62233900 0.00000000 0.00000000 0.00000000 0.00000000 0.00000000
61 11.82444300 1.48996400 -1.86721900 -0.20588600 1.09315300 1.34480400
62 -1.31467200 -2.66988200 -2.04237200 -3.02352800 1.09807700 -2.21761800
63 -34.91577900 -0.00157300 0.20016800 0.00000000 0.00000000 0.00000000
time 8
0 -0.00000100 7.45008900 -27.50902600 0.00000000 0.00000000 0.00003100
1 -0.00000200 0.00000000 0.00000000 1.57074700 -1.56714200 -1.57074700
2 4.25546600 -0.33518300 -0.00000200 0.00000000 0.00000000 -0.12484800
3 7.43125000 1.49647900 0.00000200 0.00000000 0.00000000 0.24545000
4 5.27847900 0.16554400 0.00000100 0.00000000 0.00000000 0.04851100
5 -1.64873900 -13.09409500 6.31045700 1.97586500 1.15990900 -1.29878600
6 -6.21447800 -0.00000900 -0.00002600 3.06015312 -0.19892292 1.55021083
7 11.94488500 0.00000000 0.00000000 -0.28774585 -0.34281728 1.75929228
8 10.62018800 0.00000000 0.00000000 0.53382189 -0.17350686 2.83116724
9 -4.75110800 -0.69449800 0.83058000 -0.15418600 -0.29167200 0.37319500
10 -1.68806800 0.00004700 -0.00003100 0.02287100 -0.00946300 0.26249200
11 -1.33614000 0.00005500 -0.00001000 0.02592200 0.00450900 0.38004900
12 -4.82049400 -0.50946400 -0.22475900 -0.67850600 -0.12493700 1.39189400
13 -1.82698400 -0.00006900 0.00000800 -0.01519000 0.03755800 0.88963800
14 -1.43656900 0.00000400 0.00000300 -0.05788200 -0.05197400 0.74803500
15 -3.99235700 -0.89119100 -1.82790900 -0.78312200 0.47783100 1.73317100
16 -1.40591800 -0.00002500 -0.00000200 0.01158200 -0.02712100 0.47278000
17 -1.17535800 0.00012600 -0.00001900 0.02643300 0.06261000 0.30325800
18 -4.52675100 -0.69058000 -1.12074100 -0.76414900 0.22720200 1.67117900
19 -1.74403800 0.00003200 -0.00000800 -0.01149500 -0.02729000 0.80897100
20 -1.36877100 0.00002300 0.00000200 -0.22704800 0.07843600 0.24818000
21 -1.87479600 -0.93512500 0.99917500 1.79694600 0.72864500 1.01706100
22 -1.52344700 0.00003100 0.00003100 0.10575300 0.13820400 0.75781300
23 -1.59928500 0.00001100 0.00001500 0.02972300 -0.03090300 0.78512800
24 5.58312400 0.11572500 0.29500100 1.94756400 -0.06728900 3.12123600
25 0.19684600 -0.00000200 0.00000300 2.79340694 -0.00042895 -3.14149100
26 -0.42065400 -14.75184200 -3.44053500 1.97586200 1.15991000 1.84280300
27 6.21448600 0.00000800 0.00001900 -1.15051603 0.75084589 -2.05395369
28 11.94488800 -0.00003100 -0.00020000 -0.91400610 -0.32567894 -1.87693711
29 10.62016500 0.00000200 0.00000600 -1.01077384 -0.85659824 -0.46801795
30 4.75115800 0.69437400 -0.83047400 0.12842900 -0.44158200 0.41817400
31 1.68806500 -0.00002200 0.00000200 0.00068800 -0.02474600 1.41163600
32 1.33615100 -0.00005100 -0.00000900 0.00291500 -0.03857300 0.29474600
33 4.82051500 0.50933800 0.22486600 -0.14851600 -0.31147800 1.00052700
34 1.82699200 0.00006600 0.00001000 0.01090700 0.03895400 1.54771100
35 1.43658100 -0.00000600 0.00001000 0.01503200 0.00167500 -0.83651700
36 3.99235300 0.89108700 1.82799300 -0.45399300 -0.08851700 1.25458700
37 1.40592600 0.00003100 -0.00000300 -0.01421100 -0.02586600 1.37541000
38 1.17536200 -0.00013200 0.00000100 -0.07487300 0.09798600 -0.69969900
39 4.52675800 0.69046400 1.12084300 -0.34960800 -0.17836200 1.24133300
40 1.74404100 -0.00003100 -0.00000200 -0.02639200 -0.01328600 1.51729600
41 1.36876700 -0.00003100 -0.00001800 -0.12191500 0.10180800 -1.06387600
42 2.12628300 1.15633000 -0.76950800 1.84706400 0.52542000 0.27660500
43 1.57833300 -0.31926700 -0.04171300 -0.04202400 -0.07377300 0.12077200
44 1.59179200 -0.07172100 0.01248600 0.03799300 0.07429800 -0.27107500
45 5.51180600 -0.00000200 0.00000300 -0.99849200 0.00000000 0.00000000
46 0.19684900 0.00000300 -0.00000100 -0.34822500 0.00001500 -0.00000200
47 0.00000000 0.00000000 0.00000000 0.00000000 0.00000000 -1.57079600
48 -4.14904400 4.91099600 -4.12447000 0.00000000 0.00000000 -3.14156200
49 -8.87102911 22.80097600 -0.37484533 0.40880162 0.25307737 -0.38034165
50 44.49528500 2.91572800 -17.31057200 0.00000000 0.00000000 0.00000000
51 0.85166200 0.00000000 0.00000000 0.00000000 0.00000000 0.00000000
52 0.34715900 -0.00505500 -1.70929100 0.00000000 0.00000000 0.00000000
53 0.36657500 -0.00505900 0.90475500 0.00000000 0.00000000 0.00000000
54 0.34911900 -0.00506100 0.26595600 0.00000000 0.00000000 0.00000000
55 0.34946000 -0.00505600 -0.38449600 0.00000000 0.00000000 0.00000000
56 0.33780700 -0.00505700 -1.09133600 0.00000000 0.00000000 0.00000000
57 3.93872200 -0.00328400 -1.03767400 0.00000000 0.00000000 0.00000000
58 0.45171900 0.00102000 1.29854300 0.00000000 0.00000000 0.00000000
59 -0.52680000 0.00000000 0.00000000 0.00000000 0.00000000 0.00000000
60 0.62233900 0.00000000 0.00000000 0.00000000 0.00000000 0.00000000
61 11.82444300 1.48996400 -1.86721900 -0.20588600 1.09315300 1.34480400
62 -1.31467200 -2.66988200 -2.04237200 -3.02352800 1.09807700 -2.21761800
63 -34.91577900 -0.00157300 0.20016800 0.00000000 0.00000000 0.00000000
time 9
0 -0.00000100 7.45008900 -27.50902600 0.00000000 0.00000000 0.00003100
1 -0.00000200 0.00000000 0.00000000 1.57074700 -1.56714200 -1.57074700
2 4.25546600 -0.33518300 -0.00000200 0.00000000 0.00000000 -0.12484800
3 7.43125000 1.49647900 0.00000200 0.00000000 0.00000000 0.24545000
4 5.27847900 0.16554400 0.00000100 0.00000000 0.00000000 0.04851100
5 -1.64873900 -13.09409500 6.31045700 1.97586500 1.15990900 -1.29878600
6 -6.21447800 -0.00000900 -0.00002600 3.05992666 -0.19888116 1.54947601
7 11.94488500 0.00000000 0.00000000 -0.28772194 -0.34294970 1.75909652
8 10.62018800 0.00000000 0.00000000 0.53532938 -0.17498718 2.83065673
9 -4.75110800 -0.69449800 0.83058000 -0.15418600 -0.29167200 0.37319500
10 -1.68806800 0.00004700 -0.00003100 0.02287100 -0.00946300 0.26249200
11 -1.33614000 0.00005500 -0.00001000 0.02592200 0.00450900 0.38004900
12 -4.82049400 -0.50946400 -0.22475900 -0.67850600 -0.12493700 1.39189400
13 -1.82698400 -0.00006900 0.00000800 -0.01519000 0.03755800 0.88963800
14 -1.43656900 0.00000400 0.00000300 -0.05788200 -0.05197400 0.74803500
15 -3.99235700 -0.89119100 -1.82790900 -0.78312200 0.47783100 1.73317100
16 -1.40591800 -0.00002500 -0.00000200 0.01158200 -0.02712100 0.47278000
17 -1.17535800 0.00012600 -0.00001900 0.02643300 0.06261000 0.30325800
18 -4.52675100 -0.69058000 -1.12074100 -0.76414900 0.22720200 1.67117900
19 -1.74403800 0.00003200 -0.00000800 -0.01149500 -0.02729000 0.80897100
20 -1.36877100 0.00002300 0.00000200 -0.22704800 0.07843600 0.24818000
21 -1.87479600 -0.93512500 0.99917500 1.79694600 0.72864500 1.01706100
22 -1.52344700 0.00003100 0.00003100 0.10575300 0.13820400 0.75781300
23 -1.59928500 0.00001100 0.00001500 0.02972300 -0.03090300 0.78512800
24 5.58312400 0.11572500 0.29500100 1.94756400 -0.06728900 3.12123600
25 0.19684600 -0.00000200 0.00000300 2.79340694 -0.00042895 -3.14149100
26 -0.42065400 -14.75184200 -3.44053500 1.97586200 1.15991000 1.84280300
27 6.21448600 0.00000800 0.00001900 -1.15039533 0.75283759 -2.05310088
28 11.94488800 -0.00003100 -0.00020000 -0.91375055 -0.32616539 -1.87759888
29 10.62016500 0.00000200 0.00000600 -1.01377579 -0.85622701 -0.46750343
30 4.75115800 0.69437400 -0.83047400 0.12842900 -0.44158200 0.41817400
31 1.68806500 -0.00002200 0.00000200 0.00068800 -0.02474600 1.41163600
32 1.33615100 -0.00005100 -0.00000900 0.00291500 -0.03857300 0.29474600
33 4.82051500 0.50933800 0.22486600 -0.14851600 -0.31147800 1.00052700
34 1.82699200 0.00006600 0.00001000 0.01090700 0.03895400 1.54771100
35 1.43658100 -0.00000600 0.00001000 0.01503200 0.00167500 -0.83651700
36 3.99235300 0.89108700 1.82799300 -0.45399300 -0.08851700 1.25458700
37 1.40592600 0.00003100 -0.00000300 -0.01421100 -0.02586600 1.37541000
38 1.17536200 -0.00013200 0.00000100 -0.07487300 0.09798600 -0.69969900
39 4.52675800 0.69046400 1.12084300 -0.34960800 -0.17836200 1.24133300
40 1.74404100 -0.00003100 -0.00000200 -0.02639200 -0.01328600 1.51729600
41 1.36876700 -0.00003100 -0.00001800 -0.12191500 0.10180800 -1.06387600
42 2.12628300 1.15633000 -0.76950800 1.84706400 0.52542000 0.27660500
43 1.57833300 -0.31926700 -0.04171300 -0.04202400 -0.07377300 0.12077200
44 1.59179200 -0.07172100 0.01248600 0.03799300 0.07429800 -0.27107500
45 5.51180600 -0.00000200 0.00000300 -0.99849200 0.00000000 0.00000000
46 0.19684900 0.00000300 -0.00000100 -0.34822500 0.00001500 -0.00000200
47 0.00000000 0.00000000 0.00000000 0.00000000 0.00000000 -1.57079600
48 -4.14904400 4.91099600 -4.12447000 0.00000000 0.00000000 -3.14156200
49 -8.88799307 22.80097600 -0.39511050 0.40985561 0.25130015 -0.38031104
50 44.49528500 2.91572800 -17.31057200 0.00000000 0.00000000 0.00000000
51 0.85166200 0.00000000 0.00000000 0.00000000 0.00000000 0.00000000
52 0.34715900 -0.00505500 -1.70929100 0.00000000 0.00000000 0.00000000
53 0.36657500 -0.00505900 0.90475500 0.00000000 0.00000000 0.00000000
54 0.34911900 -0.00506100 0.26595600 0.00000000 0.00000000 0.00000000
55 0.34946000 -0.00505600 -0.38449600 0.00000000 0.00000000 0.00000000
56 0.33780700 -0.00505700 -1.09133600 0.00000000 0.00000000 0.00000000
57 3.93872200 -0.00328400 -1.03767400 0.00000000 0.00000000 0.00000000
58 0.45171900 0.00102000 1.29854300 0.00000000 0.00000000 0.00000000
59 -0.52680000 0.00000000 0.00000000 0.00000000 0.00000000 0.00000000
60 0.62233900 0.00000000 0.00000000 0.00000000 0.00000000 0.00000000
61 11.82444300 1.48996400 -1.86721900 -0.20588600 1.09315300 1.34480400
62 -1.31467200 -2.66988200 -2.04237200 -3.02352800 1.09807700 -2.21761800
63 -34.91577900 -0.00157300 0.20016800 0.00000000 0.00000000 0.00000000
time 10
0 -0.00000100 7.45008900 -27.50902600 0.00000000 0.00000000 0.00003100
1 -0.00000200 0.00000000 0.00000000 1.57074700 -1.56714200 -1.57074700
2 4.25546600 -0.33518300 -0.00000200 0.00000000 0.00000000 -0.12484800
3 7.43125000 1.49647900 0.00000200 0.00000000 0.00000000 0.24545000
4 5.27847900 0.16554400 0.00000100 0.00000000 0.00000000 0.04851100
5 -1.64873900 -13.09409500 6.31045700 1.97586500 1.15990900 -1.29878600
6 -6.21447800 -0.00000900 -0.00002600 3.05978013 -0.19886746 1.54873010
7 11.94488500 0.00000000 0.00000000 -0.28768621 -0.34308767 1.75886162
8 10.62018800 0.00000000 0.00000000 0.53706700 -0.17640515 2.83009698
9 -4.75110800 -0.69449800 0.83058000 -0.15418600 -0.29167200 0.37319500
10 -1.68806800 0.00004700 -0.00003100 0.02287100 -0.00946300 0.26249200
11 -1.33614000 0.00005500 -0.00001000 0.02592200 0.00450900 0.38004900
12 -4.82049400 -0.50946400 -0.22475900 -0.67850600 -0.12493700 1.39189400
13 -1.82698400 -0.00006900 0.00000800 -0.01519000 0.03755800 0.88963800
14 -1.43656900 0.00000400 0.00000300 -0.05788200 -0.05197400 0.74803500
15 -3.99235700 -0.89119100 -1.82790900 -0.78312200 0.47783100 1.73317100
16 -1.40591800 -0.00002500 -0.00000200 0.01158200 -0.02712100 0.47278000
17 -1.17535800 0.00012600 -0.00001900 0.02643300 0.06261000 0.30325800
18 -4.52675100 -0.69058000 -1.12074100 -0.76414900 0.22720200 1.67117900
19 -1.74403800 0.00003200 -0.00000800 -0.01149500 -0.02729000 0.80897100
20 -1.36877100 0.00002300 0.00000200 -0.22704800 0.07843600 0.24818000
21 -1.87479600 -0.93512500 0.99917500 1.79694600 0.72864500 1.01706100
22 -1.52344700 0.00003100 0.00003100 0.10575300 0.13820400 0.75781300
23 -1.59928500 0.00001100 0.00001500 0.02972300 -0.03090300 0.78512800
24 5.58312400 0.11572500 0.29500100 1.94756400 -0.06728900 3.12123600
25 0.19684600 -0.00000200 0.00000300 2.79340694 -0.00042895 -3.14149100
26 -0.42065400 -14.75184200 -3.44053500 1.97586200 1.15991000 1.84280300
27 6.21448600 0.00000800 0.00001900 -1.15006275 0.75495629 -2.05215585
28 11.94488800 -0.00003100 -0.00020000 -0.91350566 -0.32675176 -1.87822800
29 10.62016500 0.00000200 0.00000600 -1.01710793 -0.85554731 -0.46691336
30 4.75115800 0.69437400 -0.83047400 0.12842900 -0.44158200 0.41817400
31 1.68806500 -0.00002200 0.00000200 0.00068800 -0.02474600 1.41163600
32 1.33615100 -0.00005100 -0.00000900 0.00291500 -0.03857300 0.29474600
33 4.82051500 0.50933800 0.22486600 -0.14851600 -0.31147800 1.00052700
34 1.82699200 0.00006600 0.00001000 0.01090700 0.03895400 1.54771100
35 1.43658100 -0.00000600 0.00001000 0.01503200 0.00167500 -0.83651700
36 3.99235300 0.89108700 1.82799300 -0.45399300 -0.08851700 1.25458700
37 1.40592600 0.00003100 -0.00000300 -0.01421100 -0.02586600 1.37541000
38 1.17536200 -0.00013200 0.00000100 -0.07487300 0.09798600 -0.69969900
39 4.52675800 0.69046400 1.12084300 -0.34960800 -0.17836200 1.24133300
40 1.74404100 -0.00003100 -0.00000200 -0.02639200 -0.01328600 1.51729600
41 1.36876700 -0.00003100 -0.00001800 -0.12191500 0.10180800 -1.06387600
42 2.12628300 1.15633000 -0.76950800 1.84706400 0.52542000 0.27660500
43 1.57833300 -0.31926700 -0.04171300 -0.04202400 -0.07377300 0.12077200
44 1.59179200 -0.07172100 0.01248600 0.03799300 0.07429800 -0.27107500
45 5.51180600 -0.00000200 0.00000300 -0.99849200 0.00000000 0.00000000
46 0.19684900 0.00000300 -0.00000100 -0.34822500 0.00001500 -0.00000200
47 0.00000000 0.00000000 0.00000000 0.00000000 0.00000000 -1.57079600
48 -4.14904400 4.91099600 -4.12447000 0.00000000 0.00000000 -3.14156200
49 -8.90556358 22.80097600 -0.41783366 0.41102537 0.24947688 -0.38037498
50 44.49528500 2.91572800 -17.31057200 0.00000000 0.00000000 0.00000000
51 0.85166200 0.00000000 0.00000000 0.00000000 0.00000000 0.00000000
52 0.34715900 -0.00505500 -1.70929100 0.00000000 0.00000000 0.00000000
53 0.36657500 -0.00505900 0.90475500 0.00000000 0.00000000 0.00000000
54 0.34911900 -0.00506100 0.26595600 0.00000000 0.00000000 0.00000000
55 0.34946000 -0.00505600 -0.38449600 0.00000000 0.00000000 0.00000000
56 0.33780700 -0.00505700 -1.09133600 0.00000000 0.00000000 0.00000000
57 3.93872200 -0.00328400 -1.03767400 0.00000000 0.00000000 0.00000000
58 0.45171900 0.00102000 1.29854300 0.00000000 0.00000000 0.00000000
59 -0.52680000 0.00000000 0.00000000 0.00000000 0.00000000 0.00000000
60 0.62233900 0.00000000 0.00000000 0.00000000 0.00000000 0.00000000
61 11.82444300 1.48996400 -1.86721900 -0.20588600 1.09315300 1.34480400
62 -1.31467200 -2.66988200 -2.04237200 -3.02352800 1.09807700 -2.21761800
63 -34.91577900 -0.00157300 0.20016800 0.00000000 0.00000000 0.00000000
time 11
0 -0.00000100 7.45008900 -27.50902600 0.00000000 0.00000000 0.00003100
1 -0.00000200 0.00000000 0.00000000 1.57074700 -1.56714200 -1.57074700
2 4.25546600 -0.33518300 -0.00000200 0.00000000 0.00000000 -0.12484800
3 7.43125000 1.49647900 0.00000200 0.00000000 0.00000000 0.24545000
4 5.27847900 0.16554400 0.00000100 0.00000000 0.00000000 0.04851100
5 -1.64873900 -13.09409500 6.31045700 1.97586500 1.15990900 -1.29878600
6 -6.21447800 -0.00000900 -0.00002600 3.05955194 -0.19892699 1.54799907
7 11.94488500 0.00000000 0.00000000 -0.28754316 -0.34321821 1.75873388
8 10.62018800 0.00000000 0.00000000 0.53875294 -0.17798601 2.82949602
9 -4.75110800 -0.69449800 0.83058000 -0.15418600 -0.29167200 0.37319500
10 -1.68806800 0.00004700 -0.00003100 0.02287100 -0.00946300 0.26249200
11 -1.33614000 0.00005500 -0.00001000 0.02592200 0.00450900 0.38004900
12 -4.82049400 -0.50946400 -0.22475900 -0.67850600 -0.12493700 1.39189400
13 -1.82698400 -0.00006900 0.00000800 -0.01519000 0.03755800 0.88963800
14 -1.43656900 0.00000400 0.00000300 -0.05788200 -0.05197400 0.74803500
15 -3.99235700 -0.89119100 -1.82790900 -0.78312200 0.47783100 1.73317100
16 -1.40591800 -0.00002500 -0.00000200 0.01158200 -0.02712100 0.47278000
17 -1.17535800 0.00012600 -0.00001900 0.02643300 0.06261000 0.30325800
18 -4.52675100 -0.69058000 -1.12074100 -0.76414900 0.22720200 1.67117900
19 -1.74403800 0.00003200 -0.00000800 -0.01149500 -0.02729000 0.80897100
20 -1.36877100 0.00002300 0.00000200 -0.22704800 0.07843600 0.24818000
21 -1.87479600 -0.93512500 0.99917500 1.79694600 0.72864500 1.01706100
22 -1.52344700 0.00003100 0.00003100 0.10575300 0.13820400 0.75781300
23 -1.59928500 0.00001100 0.00001500 0.02972300 -0.03090300 0.78512800
24 5.58312400 0.11572500 0.29500100 1.94756400 -0.06728900 3.12123600
25 0.19684600 -0.00000200 0.00000300 2.79340694 -0.00042895 -3.14149100
26 -0.42065400 -14.75184200 -3.44053500 1.97586200 1.15991000 1.84280300
27 6.21448600 0.00000800 0.00001900 -1.14977206 0.75730197 -2.05114218
28 11.94488800 -0.00003100 -0.00020000 -0.91331862 -0.32734960 -1.87896443
29 10.62016500 0.00000200 0.00000600 -1.02051200 -0.85506888 -0.46643936
30 4.75115800 0.69437400 -0.83047400 0.12842900 -0.44158200 0.41817400
31 1.68806500 -0.00002200 0.00000200 0.00068800 -0.02474600 1.41163600
32 1.33615100 -0.00005100 -0.00000900 0.00291500 -0.03857300 0.29474600
33 4.82051500 0.50933800 0.22486600 -0.14851600 -0.31147800 1.00052700
34 1.82699200 0.00006600 0.00001000 0.01090700 0.03895400 1.54771100
35 1.43658100 -0.00000600 0.00001000 0.01503200 0.00167500 -0.83651700
36 3.99235300 0.89108700 1.82799300 -0.45399300 -0.08851700 1.25458700
37 1.40592600 0.00003100 -0.00000300 -0.01421100 -0.02586600 1.37541000
38 1.17536200 -0.00013200 0.00000100 -0.07487300 0.09798600 -0.69969900
39 4.52675800 0.69046400 1.12084300 -0.34960800 -0.17836200 1.24133300
40 1.74404100 -0.00003100 -0.00000200 -0.02639200 -0.01328600 1.51729600
41 1.36876700 -0.00003100 -0.00001800 -0.12191500 0.10180800 -1.06387600
42 2.12628300 1.15633000 -0.76950800 1.84706400 0.52542000 0.27660500
43 1.57833300 -0.31926700 -0.04171300 -0.04202400 -0.07377300 0.12077200
44 1.59179200 -0.07172100 0.01248600 0.03799300 0.07429800 -0.27107500
45 5.51180600 -0.00000200 0.00000300 -0.99849200 0.00000000 0.00000000
46 0.19684900 0.00000300 -0.00000100 -0.34822500 0.00001500 -0.00000200
47 0.00000000 0.00000000 0.00000000 0.00000000 0.00000000 -1.57079600
48 -4.14904400 4.91099600 -4.12447000 0.00000000 0.00000000 -3.14156200
49 -8.92367423 22.80097600 -0.44234231 0.41212349 0.24746305 -0.38047322
50 44.49528500 2.91572800 -17.31057200 0.00000000 0.00000000 0.00000000
51 0.85166200 0.00000000 0.00000000 0.00000000 0.00000000 0.00000000
52 0.34715900 -0.00505500 -1.70929100 0.00000000 0.00000000 0.00000000
53 0.36657500 -0.00505900 0.90475500 0.00000000 0.00000000 0.00000000
54 0.34911900 -0.00506100 0.26595600 0.00000000 0.00000000 0.00000000
55 0.34946000 -0.00505600 -0.38449600 0.00000000 0.00000000 0.00000000
56 0.33780700 -0.00505700 -1.09133600 0.00000000 0.00000000 0.00000000
57 3.93872200 -0.00328400 -1.03767400 0.00000000 0.00000000 0.00000000
58 0.45171900 0.00102000 1.29854300 0.00000000 0.00000000 0.00000000
59 -0.52680000 0.00000000 0.00000000 0.00000000 0.00000000 0.00000000
60 0.62233900 0.00000000 0.00000000 0.00000000 0.00000000 0.00000000
61 11.82444300 1.48996400 -1.86721900 -0.20588600 1.09315300 1.34480400
62 -1.31467200 -2.66988200 -2.04237200 -3.02352800 1.09807700 -2.21761800
63 -34.91577900 -0.00157300 0.20016800 0.00000000 0.00000000 0.00000000
time 12
0 -0.00000100 7.45008900 -27.50902600 0.00000000 0.00000000 0.00003100
1 -0.00000200 0.00000000 0.00000000 1.57074700 -1.56714200 -1.57074700
2 4.25546600 -0.33518300 -0.00000200 0.00000000 0.00000000 -0.12484800
3 7.43125000 1.49647900 0.00000200 0.00000000 0.00000000 0.24545000
4 5.27847900 0.16554400 0.00000100 0.00000000 0.00000000 0.04851100
5 -1.64873900 -13.09409500 6.31045700 1.97586500 1.15990900 -1.29878600
6 -6.21447800 -0.00000900 -0.00002600 3.05906995 -0.19903346 1.54721664
7 11.94488500 0.00000000 0.00000000 -0.28749952 -0.34335125 1.75853662
8 10.62018800 0.00000000 0.00000000 0.54039519 -0.17958507 2.82881771
9 -4.75110800 -0.69449800 0.83058000 -0.15418600 -0.29167200 0.37319500
10 -1.68806800 0.00004700 -0.00003100 0.02287100 -0.00946300 0.26249200
11 -1.33614000 0.00005500 -0.00001000 0.02592200 0.00450900 0.38004900
12 -4.82049400 -0.50946400 -0.22475900 -0.67850600 -0.12493700 1.39189400
13 -1.82698400 -0.00006900 0.00000800 -0.01519000 0.03755800 0.88963800
14 -1.43656900 0.00000400 0.00000300 -0.05788200 -0.05197400 0.74803500
15 -3.99235700 -0.89119100 -1.82790900 -0.78312200 0.47783100 1.73317100
16 -1.40591800 -0.00002500 -0.00000200 0.01158200 -0.02712100 0.47278000
17 -1.17535800 0.00012600 -0.00001900 0.02643300 0.06261000 0.30325800
18 -4.52675100 -0.69058000 -1.12074100 -0.76414900 0.22720200 1.67117900
19 -1.74403800 0.00003200 -0.00000800 -0.01149500 -0.02729000 0.80897100
20 -1.36877100 0.00002300 0.00000200 -0.22704800 0.07843600 0.24818000
21 -1.87479600 -0.93512500 0.99917500 1.79694600 0.72864500 1.01706100
22 -1.52344700 0.00003100 0.00003100 0.10575300 0.13820400 0.75781300
23 -1.59928500 0.00001100 0.00001500 0.02972300 -0.03090300 0.78512800
24 5.58312400 0.11572500 0.29500100 1.94756400 -0.06728900 3.12123600
25 0.19684600 -0.00000200 0.00000300 2.79340694 -0.00042895 -3.14149100
26 -0.42065400 -14.75184200 -3.44053500 1.97586200 1.15991000 1.84280300
27 6.21448600 0.00000800 0.00001900 -1.14940383 0.75999434 -2.05014775
28 11.94488800 -0.00003100 -0.00020000 -0.91292806 -0.32816937 -1.87994534
29 10.62016500 0.00000200 0.00000600 -1.02401658 -0.85446832 -0.46585993
30 4.75115800 0.69437400 -0.83047400 0.12842900 -0.44158200 0.41817400
31 1.68806500 -0.00002200 0.00000200 0.00068800 -0.02474600 1.41163600
32 1.33615100 -0.00005100 -0.00000900 0.00291500 -0.03857300 0.29474600
33 4.82051500 0.50933800 0.22486600 -0.14851600 -0.31147800 1.00052700
34 1.82699200 0.00006600 0.00001000 0.01090700 0.03895400 1.54771100
35 1.43658100 -0.00000600 0.00001000 0.01503200 0.00167500 -0.83651700
36 3.99235300 0.89108700 1.82799300 -0.45399300 -0.08851700 1.25458700
37 1.40592600 0.00003100 -0.00000300 -0.01421100 -0.02586600 1.37541000
38 1.17536200 -0.00013200 0.00000100 -0.07487300 0.09798600 -0.69969900
39 4.52675800 0.69046400 1.12084300 -0.34960800 -0.17836200 1.24133300
40 1.74404100 -0.00003100 -0.00000200 -0.02639200 -0.01328600 1.51729600
41 1.36876700 -0.00003100 -0.00001800 -0.12191500 0.10180800 -1.06387600
42 2.12628300 1.15633000 -0.76950800 1.84706400 0.52542000 0.27660500
43 1.57833300 -0.31926700 -0.04171300 -0.04202400 -0.07377300 0.12077200
44 1.59179200 -0.07172100 0.01248600 0.03799300 0.07429800 -0.27107500
45 5.51180600 -0.00000200 0.00000300 -0.99849200 0.00000000 0.00000000
46 0.19684900 0.00000300 -0.00000100 -0.34822500 0.00001500 -0.00000200
47 0.00000000 0.00000000 0.00000000 0.00000000 0.00000000 -1.57079600
48 -4.14904400 4.91099600 -4.12447000 0.00000000 0.00000000 -3.14156200
49 -8.94399225 22.80097600 -0.47138578 0.41315743 0.24536737 -0.38042003
50 44.49528500 2.91572800 -17.31057200 0.00000000 0.00000000 0.00000000
51 0.85166200 0.00000000 0.00000000 0.00000000 0.00000000 0.00000000
52 0.34715900 -0.00505500 -1.70929100 0.00000000 0.00000000 0.00000000
53 0.36657500 -0.00505900 0.90475500 0.00000000 0.00000000 0.00000000
54 0.34911900 -0.00506100 0.26595600 0.00000000 0.00000000 0.00000000
55 0.34946000 -0.00505600 -0.38449600 0.00000000 0.00000000 0.00000000
56 0.33780700 -0.00505700 -1.09133600 0.00000000 0.00000000 0.00000000
57 3.93872200 -0.00328400 -1.03767400 0.00000000 0.00000000 0.00000000
58 0.45171900 0.00102000 1.29854300 0.00000000 0.00000000 0.00000000
59 -0.52680000 0.00000000 0.00000000 0.00000000 0.00000000 0.00000000
60 0.62233900 0.00000000 0.00000000 0.00000000 0.00000000 0.00000000
61 11.82444300 1.48996400 -1.86721900 -0.20588600 1.09315300 1.34480400
62 -1.31467200 -2.66988200 -2.04237200 -3.02352800 1.09807700 -2.21761800
63 -34.91577900 -0.00157300 0.20016800 0.00000000 0.00000000 0.00000000
time 13
0 -0.00000100 7.45008900 -27.50902600 0.00000000 0.00000000 0.00003100
1 -0.00000200 0.00000000 0.00000000 1.57074700 -1.56714200 -1.57074700
2 4.25546600 -0.33518300 -0.00000200 0.00000000 0.00000000 -0.12484800
3 7.43125000 1.49647900 0.00000200 0.00000000 0.00000000 0.24545000
4 5.27847900 0.16554400 0.00000100 0.00000000 0.00000000 0.04851100
5 -1.64873900 -13.09409500 6.31045700 1.97586500 1.15990900 -1.29878600
6 -6.21447800 -0.00000900 -0.00002600 3.05871194 -0.19913965 1.54641854
7 11.94488500 0.00000000 0.00000000 -0.28745635 -0.34348350 1.75833954
8 10.62018800 0.00000000 0.00000000 0.54214069 -0.18127513 2.82818933
9 -4.75110800 -0.69449800 0.83058000 -0.15418600 -0.29167200 0.37319500
10 -1.68806800 0.00004700 -0.00003100 0.02287100 -0.00946300 0.26249200
11 -1.33614000 0.00005500 -0.00001000 0.02592200 0.00450900 0.38004900
12 -4.82049400 -0.50946400 -0.22475900 -0.67850600 -0.12493700 1.39189400
13 -1.82698400 -0.00006900 0.00000800 -0.01519000 0.03755800 0.88963800
14 -1.43656900 0.00000400 0.00000300 -0.05788200 -0.05197400 0.74803500
15 -3.99235700 -0.89119100 -1.82790900 -0.78312200 0.47783100 1.73317100
16 -1.40591800 -0.00002500 -0.00000200 0.01158200 -0.02712100 0.47278000
17 -1.17535800 0.00012600 -0.00001900 0.02643300 0.06261000 0.30325800
18 -4.52675100 -0.69058000 -1.12074100 -0.76414900 0.22720200 1.67117900
19 -1.74403800 0.00003200 -0.00000800 -0.01149500 -0.02729000 0.80897100
20 -1.36877100 0.00002300 0.00000200 -0.22704800 0.07843600 0.24818000
21 -1.87479600 -0.93512500 0.99917500 1.79694600 0.72864500 1.01706100
22 -1.52344700 0.00003100 0.00003100 0.10575300 0.13820400 0.75781300
23 -1.59928500 0.00001100 0.00001500 0.02972300 -0.03090300 0.78512800
24 5.58312400 0.11572500 0.29500100 1.94756400 -0.06728900 3.12123600
25 0.19684600 -0.00000200 0.00000300 2.79340694 -0.00042895 -3.14149100
26 -0.42065400 -14.75184200 -3.44053500 1.97586200 1.15991000 1.84280300
27 6.21448600 0.00000800 0.00001900 -1.14911073 0.76281536 -2.04920426
28 11.94488800 -0.00003100 -0.00020000 -0.91268631 -0.32898506 -1.88085482
29 10.62016500 0.00000200 0.00000600 -1.02747931 -0.85392262 -0.46539834
30 4.75115800 0.69437400 -0.83047400 0.12842900 -0.44158200 0.41817400
31 1.68806500 -0.00002200 0.00000200 0.00068800 -0.02474600 1.41163600
32 1.33615100 -0.00005100 -0.00000900 0.00291500 -0.03857300 0.29474600
33 4.82051500 0.50933800 0.22486600 -0.14851600 -0.31147800 1.00052700
34 1.82699200 0.00006600 0.00001000 0.01090700 0.03895400 1.54771100
35 1.43658100 -0.00000600 0.00001000 0.01503200 0.00167500 -0.83651700
36 3.99235300 0.89108700 1.82799300 -0.45399300 -0.08851700 1.25458700
37 1.40592600 0.00003100 -0.00000300 -0.01421100 -0.02586600 1.37541000
38 1.17536200 -0.00013200 0.00000100 -0.07487300 0.09798600 -0.69969900
39 4.52675800 0.69046400 1.12084300 -0.34960800 -0.17836200 1.24133300
40 1.74404100 -0.00003100 -0.00000200 -0.02639200 -0.01328600 1.51729600
41 1.36876700 -0.00003100 -0.00001800 -0.12191500 0.10180800 -1.06387600
42 2.12628300 1.15633000 -0.76950800 1.84706400 0.52542000 0.27660500
43 1.57833300 -0.31926700 -0.04171300 -0.04202400 -0.07377300 0.12077200
44 1.59179200 -0.07172100 0.01248600 0.03799300 0.07429800 -0.27107500
45 5.51180600 -0.00000200 0.00000300 -0.99849200 0.00000000 0.00000000
46 0.19684900 0.00000300 -0.00000100 -0.34822500 0.00001500 -0.00000200
47 0.00000000 0.00000000 0.00000000 0.00000000 0.00000000 -1.57079600
48 -4.14904400 4.91099600 -4.12447000 0.00000000 0.00000000 -3.14156200
49 -8.96451727 22.80097600 -0.50129824 0.41411834 0.24310660 -0.38049456
50 44.49528500 2.91572800 -17.31057200 0.00000000 0.00000000 0.00000000
51 0.85166200 0.00000000 0.00000000 0.00000000 0.00000000 0.00000000
52 0.34715900 -0.00505500 -1.70929100 0.00000000 0.00000000 0.00000000
53 0.36657500 -0.00505900 0.90475500 0.00000000 0.00000000 0.00000000
54 0.34911900 -0.00506100 0.26595600 0.00000000 0.00000000 0.00000000
55 0.34946000 -0.00505600 -0.38449600 0.00000000 0.00000000 0.00000000
56 0.33780700 -0.00505700 -1.09133600 0.00000000 0.00000000 0.00000000
57 3.93872200 -0.00328400 -1.03767400 0.00000000 0.00000000 0.00000000
58 0.45171900 0.00102000 1.29854300 0.00000000 0.00000000 0.00000000
59 -0.52680000 0.00000000 0.00000000 0.00000000 0.00000000 0.00000000
60 0.62233900 0.00000000 0.00000000 0.00000000 0.00000000 0.00000000
61 11.82444300 1.48996400 -1.86721900 -0.20588600 1.09315300 1.34480400
62 -1.31467200 -2.66988200 -2.04237200 -3.02352800 1.09807700 -2.21761800
63 -34.91577900 -0.00157300 0.20016800 0.00000000 0.00000000 0.00000000
time 14
0 -0.00000100 7.45008900 -27.50902600 0.00000000 0.00000000 0.00003100
1 -0.00000200 0.00000000 0.00000000 1.57074700 -1.56714200 -1.57074700
2 4.25546600 -0.33518300 -0.00000200 0.00000000 0.00000000 -0.12484800
3 7.43125000 1.49647900 0.00000200 0.00000000 0.00000000 0.24545000
4 5.27847900 0.16554400 0.00000100 0.00000000 0.00000000 0.04851100
5 -1.64873900 -13.09409500 6.31045700 1.97586500 1.15990900 -1.29878600
6 -6.21447800 -0.00000900 -0.00002600 3.05812859 -0.19932658 1.54563143
7 11.94488500 0.00000000 0.00000000 -0.28744240 -0.34356826 1.75828682
8 10.62018800 0.00000000 0.00000000 0.54353292 -0.18295349 2.82742630
9 -4.75110800 -0.69449800 0.83058000 -0.15418600 -0.29167200 0.37319500
10 -1.68806800 0.00004700 -0.00003100 0.02287100 -0.00946300 0.26249200
11 -1.33614000 0.00005500 -0.00001000 0.02592200 0.00450900 0.38004900
12 -4.82049400 -0.50946400 -0.22475900 -0.67850600 -0.12493700 1.39189400
13 -1.82698400 -0.00006900 0.00000800 -0.01519000 0.03755800 0.88963800
14 -1.43656900 0.00000400 0.00000300 -0.05788200 -0.05197400 0.74803500
15 -3.99235700 -0.89119100 -1.82790900 -0.78312200 0.47783100 1.73317100
16 -1.40591800 -0.00002500 -0.00000200 0.01158200 -0.02712100 0.47278000
17 -1.17535800 0.00012600 -0.00001900 0.02643300 0.06261000 0.30325800
18 -4.52675100 -0.69058000 -1.12074100 -0.76414900 0.22720200 1.67117900
19 -1.74403800 0.00003200 -0.00000800 -0.01149500 -0.02729000 0.80897100
20 -1.36877100 0.00002300 0.00000200 -0.22704800 0.07843600 0.24818000
21 -1.87479600 -0.93512500 0.99917500 1.79694600 0.72864500 1.01706100
22 -1.52344700 0.00003100 0.00003100 0.10575300 0.13820400 0.75781300
23 -1.59928500 0.00001100 0.00001500 0.02972300 -0.03090300 0.78512800
24 5.58312400 0.11572500 0.29500100 1.94756400 -0.06728900 3.12123600
25 0.19684600 -0.00000200 0.00000300 2.79340694 -0.00042895 -3.14149100
26 -0.42065400 -14.75184200 -3.44053500 1.97586200 1.15991000 1.84280300
27 6.21448600 0.00000800 0.00001900 -1.14890076 0.76586723 -2.04824489
28 11.94488800 -0.00003100 -0.00020000 -0.91223799 -0.32985631 -1.88201714
29 10.62016500 0.00000200 0.00000600 -1.03065104 -0.85352331 -0.46488486
30 4.75115800 0.69437400 -0.83047400 0.12842900 -0.44158200 0.41817400
31 1.68806500 -0.00002200 0.00000200 0.00068800 -0.02474600 1.41163600
32 1.33615100 -0.00005100 -0.00000900 0.00291500 -0.03857300 0.29474600
33 4.82051500 0.50933800 0.22486600 -0.14851600 -0.31147800 1.00052700
34 1.82699200 0.00006600 0.00001000 0.01090700 0.03895400 1.54771100
35 1.43658100 -0.00000600 0.00001000 0.01503200 0.00167500 -0.83651700
36 3.99235300 0.89108700 1.82799300 -0.45399300 -0.08851700 1.25458700
37 1.40592600 0.00003100 -0.00000300 -0.01421100 -0.02586600 1.37541000
38 1.17536200 -0.00013200 0.00000100 -0.07487300 0.09798600 -0.69969900
39 4.52675800 0.69046400 1.12084300 -0.34960800 -0.17836200 1.24133300
40 1.74404100 -0.00003100 -0.00000200 -0.02639200 -0.01328600 1.51729600
41 1.36876700 -0.00003100 -0.00001800 -0.12191500 0.10180800 -1.06387600
42 2.12628300 1.15633000 -0.76950800 1.84706400 0.52542000 0.27660500
43 1.57833300 -0.31926700 -0.04171300 -0.04202400 -0.07377300 0.12077200
44 1.59179200 -0.07172100 0.01248600 0.03799300 0.07429800 -0.27107500
45 5.51180600 -0.00000200 0.00000300 -0.99849200 0.00000000 0.00000000
46 0.19684900 0.00000300 -0.00000100 -0.34822500 0.00001500 -0.00000200
47 0.00000000 0.00000000 0.00000000 0.00000000 0.00000000 -1.57079600
48 -4.14904400 4.91099600 -4.12447000 0.00000000 0.00000000 -3.14156200
49 -8.98608196 22.80097600 -0.53388003 0.41473097 0.24077190 -0.38055527
50 44.49528500 2.91572800 -17.31057200 0.00000000 0.00000000 0.00000000
51 0.85166200 0.00000000 0.00000000 0.00000000 0.00000000 0.00000000
52 0.34715900 -0.00505500 -1.70929100 0.00000000 0.00000000 0.00000000
53 0.36657500 -0.00505900 0.90475500 0.00000000 0.00000000 0.00000000
54 0.34911900 -0.00506100 0.26595600 0.00000000 0.00000000 0.00000000
55 0.34946000 -0.00505600 -0.38449600 0.00000000 0.00000000 0.00000000
56 0.33780700 -0.00505700 -1.09133600 0.00000000 0.00000000 0.00000000
57 3.93872200 -0.00328400 -1.03767400 0.00000000 0.00000000 0.00000000
58 0.45171900 0.00102000 1.29854300 0.00000000 0.00000000 0.00000000
59 -0.52680000 0.00000000 0.00000000 0.00000000 0.00000000 0.00000000
60 0.62233900 0.00000000 0.00000000 0.00000000 0.00000000 0.00000000
61 11.82444300 1.48996400 -1.86721900 -0.20588600 1.09315300 1.34480400
62 -1.31467200 -2.66988200 -2.04237200 -3.02352800 1.09807700 -2.21761800
63 -34.91577900 -0.00157300 0.20016800 0.00000000 0.00000000 0.00000000
time 15
0 -0.00000100 7.45008900 -27.50902600 0.00000000 0.00000000 0.00003100
1 -0.00000200 0.00000000 0.00000000 1.57074700 -1.56714200 -1.57074700
2 4.25546600 -0.33518300 -0.00000200 0.00000000 0.00000000 -0.12484800
3 7.43125000 1.49647900 0.00000200 0.00000000 0.00000000 0.24545000
4 5.27847900 0.16554400 0.00000100 0.00000000 0.00000000 0.04851100
5 -1.64873900 -13.09409500 6.31045700 1.97586500 1.15990900 -1.29878600
6 -6.21447800 -0.00000900 -0.00002600 3.05743028 -0.19971366 1.54482715
7 11.94488500 0.00000000 0.00000000 -0.28736864 -0.34368413 1.75815777
8 10.62018800 0.00000000 0.00000000 0.54438336 -0.18469804 2.82646045
9 -4.75110800 -0.69449800 0.83058000 -0.15418600 -0.29167200 0.37319500
10 -1.68806800 0.00004700 -0.00003100 0.02287100 -0.00946300 0.26249200
11 -1.33614000 0.00005500 -0.00001000 0.02592200 0.00450900 0.38004900
12 -4.82049400 -0.50946400 -0.22475900 -0.67850600 -0.12493700 1.39189400
13 -1.82698400 -0.00006900 0.00000800 -0.01519000 0.03755800 0.88963800
14 -1.43656900 0.00000400 0.00000300 -0.05788200 -0.05197400 0.74803500
15 -3.99235700 -0.89119100 -1.82790900 -0.78312200 0.47783100 1.73317100
16 -1.40591800 -0.00002500 -0.00000200 0.01158200 -0.02712100 0.47278000
17 -1.17535800 0.00012600 -0.00001900 0.02643300 0.06261000 0.30325800
18 -4.52675100 -0.69058000 -1.12074100 -0.76414900 0.22720200 1.67117900
19 -1.74403800 0.00003200 -0.00000800 -0.01149500 -0.02729000 0.80897100
20 -1.36877100 0.00002300 0.00000200 -0.22704800 0.07843600 0.24818000
21 -1.87479600 -0.93512500 0.99917500 1.79694600 0.72864500 1.01706100
22 -1.52344700 0.00003100 0.00003100 0.10575300 0.13820400 0.75781300
23 -1.59928500 0.00001100 0.00001500 0.02972300 -0.03090300 0.78512800
24 5.58312400 0.11572500 0.29500100 1.94756400 -0.06728900 3.12123600
25 0.19684600 -0.00000200 0.00000300 2.79340694 -0.00042895 -3.14149100
26 -0.42065400 -14.75184200 -3.44053500 1.97586200 1.15991000 1.84280300
27 6.21448600 0.00000800 0.00001900 -1.14836516 0.76915027 -2.04702424
28 11.94488800 -0.00003100 -0.00020000 -0.91175253 -0.33081661 -1.88358223
29 10.62016500 0.00000200 0.00000600 -1.03336417 -0.85353959 -0.46449743
30 4.75115800 0.69437400 -0.83047400 0.12842900 -0.44158200 0.41817400
31 1.68806500 -0.00002200 0.00000200 0.00068800 -0.02474600 1.41163600
32 1.33615100 -0.00005100 -0.00000900 0.00291500 -0.03857300 0.29474600
33 4.82051500 0.50933800 0.22486600 -0.14851600 -0.31147800 1.00052700
34 1.82699200 0.00006600 0.00001000 0.01090700 0.03895400 1.54771100
35 1.43658100 -0.00000600 0.00001000 0.01503200 0.00167500 -0.83651700
36 3.99235300 0.89108700 1.82799300 -0.45399300 -0.08851700 1.25458700
37 1.40592600 0.00003100 -0.00000300 -0.01421100 -0.02586600 1.37541000
38 1.17536200 -0.00013200 0.00000100 -0.07487300 0.09798600 -0.69969900
39 4.52675800 0.69046400 1.12084300 -0.34960800 -0.17836200 1.24133300
40 1.74404100 -0.00003100 -0.00000200 -0.02639200 -0.01328600 1.51729600
41 1.36876700 -0.00003100 -0.00001800 -0.12191500 0.10180800 -1.06387600
42 2.12628300 1.15633000 -0.76950800 1.84706400 0.52542000 0.27660500
43 1.57833300 -0.31926700 -0.04171300 -0.04202400 -0.07377300 0.12077200
44 1.59179200 -0.07172100 0.01248600 0.03799300 0.07429800 -0.27107500
45 5.51180600 -0.00000200 0.00000300 -0.99849200 0.00000000 0.00000000
46 0.19684900 0.00000300 -0.00000100 -0.34822500 0.00001500 -0.00000200
47 0.00000000 0.00000000 0.00000000 0.00000000 0.00000000 -1.57079600
48 -4.14904400 4.91099600 -4.12447000 0.00000000 0.00000000 -3.14156200
49 -9.00929434 22.80097600 -0.57040536 0.41474710 0.23822423 -0.38060868
50 44.49528500 2.91572800 -17.31057200 0.00000000 0.00000000 0.00000000
51 0.85166200 0.00000000 0.00000000 0.00000000 0.00000000 0.00000000
52 0.34715900 -0.00505500 -1.70929100 0.00000000 0.00000000 0.00000000
53 0.36657500 -0.00505900 0.90475500 0.00000000 0.00000000 0.00000000
54 0.34911900 -0.00506100 0.26595600 0.00000000 0.00000000 0.00000000
55 0.34946000 -0.00505600 -0.38449600 0.00000000 0.00000000 0.00000000
56 0.33780700 -0.00505700 -1.09133600 0.00000000 0.00000000 0.00000000
57 3.93872200 -0.00328400 -1.03767400 0.00000000 0.00000000 0.00000000
58 0.45171900 0.00102000 1.29854300 0.00000000 0.00000000 0.00000000
59 -0.52680000 0.00000000 0.00000000 0.00000000 0.00000000 0.00000000
60 0.62233900 0.00000000 0.00000000 0.00000000 0.00000000 0.00000000
61 11.82444300 1.48996400 -1.86721900 -0.20588600 1.09315300 1.34480400
62 -1.31467200 -2.66988200 -2.04237200 -3.02352800 1.09807700 -2.21761800
63 -34.91577900 -0.00157300 0.20016800 0.00000000 0.00000000 0.00000000
time 16
0 -0.00000100 7.45008900 -27.50902600 0.00000000 0.00000000 0.00003100
1 -0.00000200 0.00000000 0.00000000 1.57074700 -1.56714200 -1.57074700
2 4.25546600 -0.33518300 -0.00000200 0.00000000 0.00000000 -0.12484800
3 7.43125000 1.49647900 0.00000200 0.00000000 0.00000000 0.24545000
4 5.27847900 0.16554400 0.00000100 0.00000000 0.00000000 0.04851100
5 -1.64873900 -13.09409500 6.31045700 1.97586500 1.15990900 -1.29878600
6 -6.21447800 -0.00000900 -0.00002600 3.05673236 -0.19998064 1.54400783
7 11.94488500 0.00000000 0.00000000 -0.28735031 -0.34373176 1.75803014
8 10.62018800 0.00000000 0.00000000 0.54530017 -0.18637027 2.82559711
9 -4.75110800 -0.69449800 0.83058000 -0.15418600 -0.29167200 0.37319500
10 -1.68806800 0.00004700 -0.00003100 0.02287100 -0.00946300 0.26249200
11 -1.33614000 0.00005500 -0.00001000 0.02592200 0.00450900 0.38004900
12 -4.82049400 -0.50946400 -0.22475900 -0.67850600 -0.12493700 1.39189400
13 -1.82698400 -0.00006900 0.00000800 -0.01519000 0.03755800 0.88963800
14 -1.43656900 0.00000400 0.00000300 -0.05788200 -0.05197400 0.74803500
15 -3.99235700 -0.89119100 -1.82790900 -0.78312200 0.47783100 1.73317100
16 -1.40591800 -0.00002500 -0.00000200 0.01158200 -0.02712100 0.47278000
17 -1.17535800 0.00012600 -0.00001900 0.02643300 0.06261000 0.30325800
18 -4.52675100 -0.69058000 -1.12074100 -0.76414900 0.22720200 1.67117900
19 -1.74403800 0.00003200 -0.00000800 -0.01149500 -0.02729000 0.80897100
20 -1.36877100 0.00002300 0.00000200 -0.22704800 0.07843600 0.24818000
21 -1.87479600 -0.93512500 0.99917500 1.79694600 0.72864500 1.01706100
22 -1.52344700 0.00003100 0.00003100 0.10575300 0.13820400 0.75781300
23 -1.59928500 0.00001100 0.00001500 0.02972300 -0.03090300 0.78512800
24 5.58312400 0.11572500 0.29500100 1.94756400 -0.06728900 3.12123600
25 0.19684600 -0.00000200 0.00000300 2.79340694 -0.00042895 -3.14149100
26 -0.42065400 -14.75184200 -3.44053500 1.97586200 1.15991000 1.84280300
27 6.21448600 0.00000800 0.00001900 -1.14808396 0.77249092 -2.04597361
28 11.94488800 -0.00003100 -0.00020000 -0.91127835 -0.33183568 -1.88498952
29 10.62016500 0.00000200 0.00000600 -1.03591897 -0.85344889 -0.46422558
30 4.75115800 0.69437400 -0.83047400 0.12842900 -0.44158200 0.41817400
31 1.68806500 -0.00002200 0.00000200 0.00068800 -0.02474600 1.41163600
32 1.33615100 -0.00005100 -0.00000900 0.00291500 -0.03857300 0.29474600
33 4.82051500 0.50933800 0.22486600 -0.14851600 -0.31147800 1.00052700
34 1.82699200 0.00006600 0.00001000 0.01090700 0.03895400 1.54771100
35 1.43658100 -0.00000600 0.00001000 0.01503200 0.00167500 -0.83651700
36 3.99235300 0.89108700 1.82799300 -0.45399300 -0.08851700 1.25458700
37 1.40592600 0.00003100 -0.00000300 -0.01421100 -0.02586600 1.37541000
38 1.17536200 -0.00013200 0.00000100 -0.07487300 0.09798600 -0.69969900
39 4.52675800 0.69046400 1.12084300 -0.34960800 -0.17836200 1.24133300
40 1.74404100 -0.00003100 -0.00000200 -0.02639200 -0.01328600 1.51729600
41 1.36876700 -0.00003100 -0.00001800 -0.12191500 0.10180800 -1.06387600
42 2.12628300 1.15633000 -0.76950800 1.84706400 0.52542000 0.27660500
43 1.57833300 -0.31926700 -0.04171300 -0.04202400 -0.07377300 0.12077200
44 1.59179200 -0.07172100 0.01248600 0.03799300 0.07429800 -0.27107500
45 5.51180600 -0.00000200 0.00000300 -0.99849200 0.00000000 0.00000000
46 0.19684900 0.00000300 -0.00000100 -0.34822500 0.00001500 -0.00000200
47 0.00000000 0.00000000 0.00000000 0.00000000 0.00000000 -1.57079600
48 -4.14904400 4.91099600 -4.12447000 0.00000000 0.00000000 -3.14156200
49 -9.03250972 22.80097600 -0.60693069 0.41476141 0.23574221 -0.38055737
50 44.49528500 2.91572800 -17.31057200 0.00000000 0.00000000 0.00000000
51 0.85166200 0.00000000 0.00000000 0.00000000 0.00000000 0.00000000
52 0.34715900 -0.00505500 -1.70929100 0.00000000 0.00000000 0.00000000
53 0.36657500 -0.00505900 0.90475500 0.00000000 0.00000000 0.00000000
54 0.34911900 -0.00506100 0.26595600 0.00000000 0.00000000 0.00000000
55 0.34946000 -0.00505600 -0.38449600 0.00000000 0.00000000 0.00000000
56 0.33780700 -0.00505700 -1.09133600 0.00000000 0.00000000 0.00000000
57 3.93872200 -0.00328400 -1.03767400 0.00000000 0.00000000 0.00000000
58 0.45171900 0.00102000 1.29854300 0.00000000 0.00000000 0.00000000
59 -0.52680000 0.00000000 0.00000000 0.00000000 0.00000000 0.00000000
60 0.62233900 0.00000000 0.00000000 0.00000000 0.00000000 0.00000000
61 11.82444300 1.48996400 -1.86721900 -0.20588600 1.09315300 1.34480400
62 -1.31467200 -2.66988200 -2.04237200 -3.02352800 1.09807700 -2.21761800
63 -34.91577900 -0.00157300 0.20016800 0.00000000 0.00000000 0.00000000
time 17
0 -0.00000100 7.45008900 -27.50902600 0.00000000 0.00000000 0.00003100
1 -0.00000200 0.00000000 0.00000000 1.57074700 -1.56714200 -1.57074700
2 4.25546600 -0.33518300 -0.00000200 0.00000000 0.00000000 -0.12484800
3 7.43125000 1.49647900 0.00000200 0.00000000 0.00000000 0.24545000
4 5.27847900 0.16554400 0.00000100 0.00000000 0.00000000 0.04851100
5 -1.64873900 -13.09409500 6.31045700 1.97586500 1.15990900 -1.29878600
6 -6.21447800 -0.00000900 -0.00002600 3.05587546 -0.20046724 1.54329803
7 11.94488500 0.00000000 0.00000000 -0.28738196 -0.34376575 1.75805350
8 10.62018800 0.00000000 0.00000000 0.54600376 -0.18815015 2.82458177
9 -4.75110800 -0.69449800 0.83058000 -0.15418600 -0.29167200 0.37319500
10 -1.68806800 0.00004700 -0.00003100 0.02287100 -0.00946300 0.26249200
11 -1.33614000 0.00005500 -0.00001000 0.02592200 0.00450900 0.38004900
12 -4.82049400 -0.50946400 -0.22475900 -0.67850600 -0.12493700 1.39189400
13 -1.82698400 -0.00006900 0.00000800 -0.01519000 0.03755800 0.88963800
14 -1.43656900 0.00000400 0.00000300 -0.05788200 -0.05197400 0.74803500
15 -3.99235700 -0.89119100 -1.82790900 -0.78312200 0.47783100 1.73317100
16 -1.40591800 -0.00002500 -0.00000200 0.01158200 -0.02712100 0.47278000
17 -1.17535800 0.00012600 -0.00001900 0.02643300 0.06261000 0.30325800
18 -4.52675100 -0.69058000 -1.12074100 -0.76414900 0.22720200 1.67117900
19 -1.74403800 0.00003200 -0.00000800 -0.01149500 -0.02729000 0.80897100
20 -1.36877100 0.00002300 0.00000200 -0.22704800 0.07843600 0.24818000
21 -1.87479600 -0.93512500 0.99917500 1.79694600 0.72864500 1.01706100
22 -1.52344700 0.00003100 0.00003100 0.10575300 0.13820400 0.75781300
23 -1.59928500 0.00001100 0.00001500 0.02972300 -0.03090300 0.78512800
24 5.58312400 0.11572500 0.29500100 1.94756400 -0.06728900 3.12123600
25 0.19684600 -0.00000200 0.00000300 2.79340694 -0.00042895 -3.14149100
26 -0.42065400 -14.75184200 -3.44053500 1.97586200 1.15991000 1.84280300
27 6.21448600 0.00000800 0.00001900 -1.14746686 0.77603653 -2.04474977
28 11.94488800 -0.00003100 -0.00020000 -0.91075326 -0.33283573 -1.88663027
29 10.62016500 0.00000200 0.00000600 -1.03835814 -0.85360456 -0.46394941
30 4.75115800 0.69437400 -0.83047400 0.12842900 -0.44158200 0.41817400
31 1.68806500 -0.00002200 0.00000200 0.00068800 -0.02474600 1.41163600
32 1.33615100 -0.00005100 -0.00000900 0.00291500 -0.03857300 0.29474600
33 4.82051500 0.50933800 0.22486600 -0.14851600 -0.31147800 1.00052700
34 1.82699200 0.00006600 0.00001000 0.01090700 0.03895400 1.54771100
35 1.43658100 -0.00000600 0.00001000 0.01503200 0.00167500 -0.83651700
36 3.99235300 0.89108700 1.82799300 -0.45399300 -0.08851700 1.25458700
37 1.40592600 0.00003100 -0.00000300 -0.01421100 -0.02586600 1.37541000
38 1.17536200 -0.00013200 0.00000100 -0.07487300 0.09798600 -0.69969900
39 4.52675800 0.69046400 1.12084300 -0.34960800 -0.17836200 1.24133300
40 1.74404100 -0.00003100 -0.00000200 -0.02639200 -0.01328600 1.51729600
41 1.36876700 -0.00003100 -0.00001800 -0.12191500 0.10180800 -1.06387600
42 2.12628300 1.15633000 -0.76950800 1.84706400 0.52542000 0.27660500
43 1.57833300 -0.31926700 -0.04171300 -0.04202400 -0.07377300 0.12077200
44 1.59179200 -0.07172100 0.01248600 0.03799300 0.07429800 -0.27107500
45 5.51180600 -0.00000200 0.00000300 -0.99849200 0.00000000 0.00000000
46 0.19684900 0.00000300 -0.00000100 -0.34822500 0.00001500 -0.00000200
47 0.00000000 0.00000000 0.00000000 0.00000000 0.00000000 -1.57079600
48 -4.14904400 4.91099600 -4.12447000 0.00000000 0.00000000 -3.14156200
49 -9.05567306 22.80097600 -0.64634991 0.41443370 0.23315869 -0.38063096
50 44.49528500 2.91572800 -17.31057200 0.00000000 0.00000000 0.00000000
51 0.85166200 0.00000000 0.00000000 0.00000000 0.00000000 0.00000000
52 0.34715900 -0.00505500 -1.70929100 0.00000000 0.00000000 0.00000000
53 0.36657500 -0.00505900 0.90475500 0.00000000 0.00000000 0.00000000
54 0.34911900 -0.00506100 0.26595600 0.00000000 0.00000000 0.00000000
55 0.34946000 -0.00505600 -0.38449600 0.00000000 0.00000000 0.00000000
56 0.33780700 -0.00505700 -1.09133600 0.00000000 0.00000000 0.00000000
57 3.93872200 -0.00328400 -1.03767400 0.00000000 0.00000000 0.00000000
58 0.45171900 0.00102000 1.29854300 0.00000000 0.00000000 0.00000000
59 -0.52680000 0.00000000 0.00000000 0.00000000 0.00000000 0.00000000
60 0.62233900 0.00000000 0.00000000 0.00000000 0.00000000 0.00000000
61 11.82444300 1.48996400 -1.86721900 -0.20588600 1.09315300 1.34480400
62 -1.31467200 -2.66988200 -2.04237200 -3.02352800 1.09807700 -2.21761800
63 -34.91577900 -0.00157300 0.20016800 0.00000000 0.00000000 0.00000000
time 18
0 -0.00000100 7.45008900 -27.50902600 0.00000000 0.00000000 0.00003100
1 -0.00000200 0.00000000 0.00000000 1.57074700 -1.56714200 -1.57074700
2 4.25546600 -0.33518300 -0.00000200 0.00000000 0.00000000 -0.12484800
3 7.43125000 1.49647900 0.00000200 0.00000000 0.00000000 0.24545000
4 5.27847900 0.16554400 0.00000100 0.00000000 0.00000000 0.04851100
5 -1.64873900 -13.09409500 6.31045700 1.97586500 1.15990900 -1.29878600
6 -6.21447800 -0.00000900 -0.00002600 3.05487689 -0.20095464 1.54252042
7 11.94488500 0.00000000 0.00000000 -0.28744354 -0.34379106 1.75816019
8 10.62018800 0.00000000 0.00000000 0.54653201 -0.18980513 2.82363305
9 -4.75110800 -0.69449800 0.83058000 -0.15418600 -0.29167200 0.37319500
10 -1.68806800 0.00004700 -0.00003100 0.02287100 -0.00946300 0.26249200
11 -1.33614000 0.00005500 -0.00001000 0.02592200 0.00450900 0.38004900
12 -4.82049400 -0.50946400 -0.22475900 -0.67850600 -0.12493700 1.39189400
13 -1.82698400 -0.00006900 0.00000800 -0.01519000 0.03755800 0.88963800
14 -1.43656900 0.00000400 0.00000300 -0.05788200 -0.05197400 0.74803500
15 -3.99235700 -0.89119100 -1.82790900 -0.78312200 0.47783100 1.73317100
16 -1.40591800 -0.00002500 -0.00000200 0.01158200 -0.02712100 0.47278000
17 -1.17535800 0.00012600 -0.00001900 0.02643300 0.06261000 0.30325800
18 -4.52675100 -0.69058000 -1.12074100 -0.76414900 0.22720200 1.67117900
19 -1.74403800 0.00003200 -0.00000800 -0.01149500 -0.02729000 0.80897100
20 -1.36877100 0.00002300 0.00000200 -0.22704800 0.07843600 0.24818000
21 -1.87479600 -0.93512500 0.99917500 1.79694600 0.72864500 1.01706100
22 -1.52344700 0.00003100 0.00003100 0.10575300 0.13820400 0.75781300
23 -1.59928500 0.00001100 0.00001500 0.02972300 -0.03090300 0.78512800
24 5.58312400 0.11572500 0.29500100 1.94756400 -0.06728900 3.12123600
25 0.19684600 -0.00000200 0.00000300 2.79340694 -0.00042895 -3.14149100
26 -0.42065400 -14.75184200 -3.44053500 1.97586200 1.15991000 1.84280300
27 6.21448600 0.00000800 0.00001900 -1.14696166 0.77972815 -2.04368010
28 11.94488800 -0.00003100 -0.00020000 -0.91019586 -0.33399158 -1.88830548
29 10.62016500 0.00000200 0.00000600 -1.04053611 -0.85375989 -0.46368713
30 4.75115800 0.69437400 -0.83047400 0.12842900 -0.44158200 0.41817400
31 1.68806500 -0.00002200 0.00000200 0.00068800 -0.02474600 1.41163600
32 1.33615100 -0.00005100 -0.00000900 0.00291500 -0.03857300 0.29474600
33 4.82051500 0.50933800 0.22486600 -0.14851600 -0.31147800 1.00052700
34 1.82699200 0.00006600 0.00001000 0.01090700 0.03895400 1.54771100
35 1.43658100 -0.00000600 0.00001000 0.01503200 0.00167500 -0.83651700
36 3.99235300 0.89108700 1.82799300 -0.45399300 -0.08851700 1.25458700
37 1.40592600 0.00003100 -0.00000300 -0.01421100 -0.02586600 1.37541000
38 1.17536200 -0.00013200 0.00000100 -0.07487300 0.09798600 -0.69969900
39 4.52675800 0.69046400 1.12084300 -0.34960800 -0.17836200 1.24133300
40 1.74404100 -0.00003100 -0.00000200 -0.02639200 -0.01328600 1.51729600
41 1.36876700 -0.00003100 -0.00001800 -0.12191500 0.10180800 -1.06387600
42 2.12628300 1.15633000 -0.76950800 1.84706400 0.52542000 0.27660500
43 1.57833300 -0.31926700 -0.04171300 -0.04202400 -0.07377300 0.12077200
44 1.59179200 -0.07172100 0.01248600 0.03799300 0.07429800 -0.27107500
45 5.51180600 -0.00000200 0.00000300 -0.99849200 0.00000000 0.00000000
46 0.19684900 0.00000300 -0.00000100 -0.34822500 0.00001500 -0.00000200
47 0.00000000 0.00000000 0.00000000 0.00000000 0.00000000 -1.57079600
48 -4.14904400 4.91099600 -4.12447000 0.00000000 0.00000000 -3.14156200
49 -9.07871180 22.80097600 -0.68700848 0.41391712 0.23050580 -0.38072519
50 44.49528500 2.91572800 -17.31057200 0.00000000 0.00000000 0.00000000
51 0.85166200 0.00000000 0.00000000 0.00000000 0.00000000 0.00000000
52 0.34715900 -0.00505500 -1.70929100 0.00000000 0.00000000 0.00000000
53 0.36657500 -0.00505900 0.90475500 0.00000000 0.00000000 0.00000000
54 0.34911900 -0.00506100 0.26595600 0.00000000 0.00000000 0.00000000
55 0.34946000 -0.00505600 -0.38449600 0.00000000 0.00000000 0.00000000
56 0.33780700 -0.00505700 -1.09133600 0.00000000 0.00000000 0.00000000
57 3.93872200 -0.00328400 -1.03767400 0.00000000 0.00000000 0.00000000
58 0.45171900 0.00102000 1.29854300 0.00000000 0.00000000 0.00000000
59 -0.52680000 0.00000000 0.00000000 0.00000000 0.00000000 0.00000000
60 0.62233900 0.00000000 0.00000000 0.00000000 0.00000000 0.00000000
61 11.82444300 1.48996400 -1.86721900 -0.20588600 1.09315300 1.34480400
62 -1.31467200 -2.66988200 -2.04237200 -3.02352800 1.09807700 -2.21761800
63 -34.91577900 -0.00157300 0.20016800 0.00000000 0.00000000 0.00000000
time 19
0 -0.00000100 7.45008900 -27.50902600 0.00000000 0.00000000 0.00003100
1 -0.00000200 0.00000000 0.00000000 1.57074700 -1.56714200 -1.57074700
2 4.25546600 -0.33518300 -0.00000200 0.00000000 0.00000000 -0.12484800
3 7.43125000 1.49647900 0.00000200 0.00000000 0.00000000 0.24545000
4 5.27847900 0.16554400 0.00000100 0.00000000 0.00000000 0.04851100
5 -1.64873900 -13.09409500 6.31045700 1.97586500 1.15990900 -1.29878600
6 -6.21447800 -0.00000900 -0.00002600 3.05399209 -0.20143746 1.54184776
7 11.94488500 0.00000000 0.00000000 -0.28737903 -0.34382467 1.75825881
8 10.62018800 0.00000000 0.00000000 0.54707045 -0.19143556 2.82259862
9 -4.75110800 -0.69449800 0.83058000 -0.15418600 -0.29167200 0.37319500
10 -1.68806800 0.00004700 -0.00003100 0.02287100 -0.00946300 0.26249200
11 -1.33614000 0.00005500 -0.00001000 0.02592200 0.00450900 0.38004900
12 -4.82049400 -0.50946400 -0.22475900 -0.67850600 -0.12493700 1.39189400
13 -1.82698400 -0.00006900 0.00000800 -0.01519000 0.03755800 0.88963800
14 -1.43656900 0.00000400 0.00000300 -0.05788200 -0.05197400 0.74803500
15 -3.99235700 -0.89119100 -1.82790900 -0.78312200 0.47783100 1.73317100
16 -1.40591800 -0.00002500 -0.00000200 0.01158200 -0.02712100 0.47278000
17 -1.17535800 0.00012600 -0.00001900 0.02643300 0.06261000 0.30325800
18 -4.52675100 -0.69058000 -1.12074100 -0.76414900 0.22720200 1.67117900
19 -1.74403800 0.00003200 -0.00000800 -0.01149500 -0.02729000 0.80897100
20 -1.36877100 0.00002300 0.00000200 -0.22704800 0.07843600 0.24818000
21 -1.87479600 -0.93512500 0.99917500 1.79694600 0.72864500 1.01706100
22 -1.52344700 0.00003100 0.00003100 0.10575300 0.13820400 0.75781300
23 -1.59928500 0.00001100 0.00001500 0.02972300 -0.03090300 0.78512800
24 5.58312400 0.11572500 0.29500100 1.94756400 -0.06728900 3.12123600
25 0.19684600 -0.00000200 0.00000300 2.79340694 -0.00042895 -3.14149100
26 -0.42065400 -14.75184200 -3.44053500 1.97586200 1.15991000 1.84280300
27 6.21448600 0.00000800 0.00001900 -1.14634884 0.78328532 -2.04253274
28 11.94488800 -0.00003100 -0.00020000 -0.90965872 -0.33499360 -1.88993977
29 10.62016500 0.00000200 0.00000600 -1.04270163 -0.85383358 -0.46347621
30 4.75115800 0.69437400 -0.83047400 0.12842900 -0.44158200 0.41817400
31 1.68806500 -0.00002200 0.00000200 0.00068800 -0.02474600 1.41163600
32 1.33615100 -0.00005100 -0.00000900 0.00291500 -0.03857300 0.29474600
33 4.82051500 0.50933800 0.22486600 -0.14851600 -0.31147800 1.00052700
34 1.82699200 0.00006600 0.00001000 0.01090700 0.03895400 1.54771100
35 1.43658100 -0.00000600 0.00001000 0.01503200 0.00167500 -0.83651700
36 3.99235300 0.89108700 1.82799300 -0.45399300 -0.08851700 1.25458700
37 1.40592600 0.00003100 -0.00000300 -0.01421100 -0.02586600 1.37541000
38 1.17536200 -0.00013200 0.00000100 -0.07487300 0.09798600 -0.69969900
39 4.52675800 0.69046400 1.12084300 -0.34960800 -0.17836200 1.24133300
40 1.74404100 -0.00003100 -0.00000200 -0.02639200 -0.01328600 1.51729600
41 1.36876700 -0.00003100 -0.00001800 -0.12191500 0.10180800 -1.06387600
42 2.12628300 1.15633000 -0.76950800 1.84706400 0.52542000 0.27660500
43 1.57833300 -0.31926700 -0.04171300 -0.04202400 -0.07377300 0.12077200
44 1.59179200 -0.07172100 0.01248600 0.03799300 0.07429800 -0.27107500
45 5.51180600 -0.00000200 0.00000300 -0.99849200 0.00000000 0.00000000
46 0.19684900 0.00000300 -0.00000100 -0.34822500 0.00001500 -0.00000200
47 0.00000000 0.00000000 0.00000000 0.00000000 0.00000000 -1.57079600
48 -4.14904400 4.91099600 -4.12447000 0.00000000 0.00000000 -3.14156200
49 -9.10154154 22.80097600 -0.72679806 0.41348631 0.22793757 -0.38070425
50 44.49528500 2.91572800 -17.31057200 0.00000000 0.00000000 0.00000000
51 0.85166200 0.00000000 0.00000000 0.00000000 0.00000000 0.00000000
52 0.34715900 -0.00505500 -1.70929100 0.00000000 0.00000000 0.00000000
53 0.36657500 -0.00505900 0.90475500 0.00000000 0.00000000 0.00000000
54 0.34911900 -0.00506100 0.26595600 0.00000000 0.00000000 0.00000000
55 0.34946000 -0.00505600 -0.38449600 0.00000000 0.00000000 0.00000000
56 0.33780700 -0.00505700 -1.09133600 0.00000000 0.00000000 0.00000000
57 3.93872200 -0.00328400 -1.03767400 0.00000000 0.00000000 0.00000000
58 0.45171900 0.00102000 1.29854300 0.00000000 0.00000000 0.00000000
59 -0.52680000 0.00000000 0.00000000 0.00000000 0.00000000 0.00000000
60 0.62233900 0.00000000 0.00000000 0.00000000 0.00000000 0.00000000
61 11.82444300 1.48996400 -1.86721900 -0.20588600 1.09315300 1.34480400
62 -1.31467200 -2.66988200 -2.04237200 -3.02352800 1.09807700 -2.21761800
63 -34.91577900 -0.00157300 0.20016800 0.00000000 0.00000000 0.00000000
time 20
0 -0.00000100 7.45008900 -27.50902600 0.00000000 0.00000000 0.00003100
1 -0.00000200 0.00000000 0.00000000 1.57074700 -1.56714200 -1.57074700
2 4.25546600 -0.33518300 -0.00000200 0.00000000 0.00000000 -0.12484800
3 7.43125000 1.49647900 0.00000200 0.00000000 0.00000000 0.24545000
4 5.27847900 0.16554400 0.00000100 0.00000000 0.00000000 0.04851100
5 -1.64873900 -13.09409500 6.31045700 1.97586500 1.15990900 -1.29878600
6 -6.21447800 -0.00000900 -0.00002600 3.05313629 -0.20187247 1.54128302
7 11.94488500 0.00000000 0.00000000 -0.28753100 -0.34385315 1.75857626
8 10.62018800 0.00000000 0.00000000 0.54793416 -0.19309213 2.82147362
9 -4.75110800 -0.69449800 0.83058000 -0.15418600 -0.29167200 0.37319500
10 -1.68806800 0.00004700 -0.00003100 0.02287100 -0.00946300 0.26249200
11 -1.33614000 0.00005500 -0.00001000 0.02592200 0.00450900 0.38004900
12 -4.82049400 -0.50946400 -0.22475900 -0.67850600 -0.12493700 1.39189400
13 -1.82698400 -0.00006900 0.00000800 -0.01519000 0.03755800 0.88963800
14 -1.43656900 0.00000400 0.00000300 -0.05788200 -0.05197400 0.74803500
15 -3.99235700 -0.89119100 -1.82790900 -0.78312200 0.47783100 1.73317100
16 -1.40591800 -0.00002500 -0.00000200 0.01158200 -0.02712100 0.47278000
17 -1.17535800 0.00012600 -0.00001900 0.02643300 0.06261000 0.30325800
18 -4.52675100 -0.69058000 -1.12074100 -0.76414900 0.22720200 1.67117900
19 -1.74403800 0.00003200 -0.00000800 -0.01149500 -0.02729000 0.80897100
20 -1.36877100 0.00002300 0.00000200 -0.22704800 0.07843600 0.24818000
21 -1.87479600 -0.93512500 0.99917500 1.79694600 0.72864500 1.01706100
22 -1.52344700 0.00003100 0.00003100 0.10575300 0.13820400 0.75781300
23 -1.59928500 0.00001100 0.00001500 0.02972300 -0.03090300 0.78512800
24 5.58312400 0.11572500 0.29500100 1.94756400 -0.06728900 3.12123600
25 0.19684600 -0.00000200 0.00000300 2.79340694 -0.00042895 -3.14149100
26 -0.42065400 -14.75184200 -3.44053500 1.97586200 1.15991000 1.84280300
27 6.21448600 0.00000800 0.00001900 -1.14586182 0.78683351 -2.04162661
28 11.94488800 -0.00003100 -0.00020000 -0.90922929 -0.33616032 -1.89138978
29 10.62016500 0.00000200 0.00000600 -1.04524053 -0.85372436 -0.46324366
30 4.75115800 0.69437400 -0.83047400 0.12842900 -0.44158200 0.41817400
31 1.68806500 -0.00002200 0.00000200 0.00068800 -0.02474600 1.41163600
32 1.33615100 -0.00005100 -0.00000900 0.00291500 -0.03857300 0.29474600
33 4.82051500 0.50933800 0.22486600 -0.14851600 -0.31147800 1.00052700
34 1.82699200 0.00006600 0.00001000 0.01090700 0.03895400 1.54771100
35 1.43658100 -0.00000600 0.00001000 0.01503200 0.00167500 -0.83651700
36 3.99235300 0.89108700 1.82799300 -0.45399300 -0.08851700 1.25458700
37 1.40592600 0.00003100 -0.00000300 -0.01421100 -0.02586600 1.37541000
38 1.17536200 -0.00013200 0.00000100 -0.07487300 0.09798600 -0.69969900
39 4.52675800 0.69046400 1.12084300 -0.34960800 -0.17836200 1.24133300
40 1.74404100 -0.00003100 -0.00000200 -0.02639200 -0.01328600 1.51729600
41 1.36876700 -0.00003100 -0.00001800 -0.12191500 0.10180800 -1.06387600
42 2.12628300 1.15633000 -0.76950800 1.84706400 0.52542000 0.27660500
43 1.57833300 -0.31926700 -0.04171300 -0.04202400 -0.07377300 0.12077200
44 1.59179200 -0.07172100 0.01248600 0.03799300 0.07429800 -0.27107500
45 5.51180600 -0.00000200 0.00000300 -0.99849200 0.00000000 0.00000000
46 0.19684900 0.00000300 -0.00000100 -0.34822500 0.00001500 -0.00000200
47 0.00000000 0.00000000 0.00000000 0.00000000 0.00000000 -1.57079600
48 -4.14904400 4.91099600 -4.12447000 0.00000000 0.00000000 -3.14156200
49 -9.12125906 22.80097600 -0.76598568 0.41323897 0.22548100 -0.38091159
50 44.49528500 2.91572800 -17.31057200 0.00000000 0.00000000 0.00000000
51 0.85166200 0.00000000 0.00000000 0.00000000 0.00000000 0.00000000
52 0.34715900 -0.00505500 -1.70929100 0.00000000 0.00000000 0.00000000
53 0.36657500 -0.00505900 0.90475500 0.00000000 0.00000000 0.00000000
54 0.34911900 -0.00506100 0.26595600 0.00000000 0.00000000 0.00000000
55 0.34946000 -0.00505600 -0.38449600 0.00000000 0.00000000 0.00000000
56 0.33780700 -0.00505700 -1.09133600 0.00000000 0.00000000 0.00000000
57 3.93872200 -0.00328400 -1.03767400 0.00000000 0.00000000 0.00000000
58 0.45171900 0.00102000 1.29854300 0.00000000 0.00000000 0.00000000
59 -0.52680000 0.00000000 0.00000000 0.00000000 0.00000000 0.00000000
60 0.62233900 0.00000000 0.00000000 0.00000000 0.00000000 0.00000000
61 11.82444300 1.48996400 -1.86721900 -0.20588600 1.09315300 1.34480400
62 -1.31467200 -2.66988200 -2.04237200 -3.02352800 1.09807700 -2.21761800
63 -34.91577900 -0.00157300 0.20016800 0.00000000 0.00000000 0.00000000
time 21
0 -0.00000100 7.45008900 -27.50902600 0.00000000 0.00000000 0.00003100
1 -0.00000200 0.00000000 0.00000000 1.57074700 -1.56714200 -1.57074700
2 4.25546600 -0.33518300 -0.00000200 0.00000000 0.00000000 -0.12484800
3 7.43125000 1.49647900 0.00000200 0.00000000 0.00000000 0.24545000
4 5.27847900 0.16554400 0.00000100 0.00000000 0.00000000 0.04851100
5 -1.64873900 -13.09409500 6.31045700 1.97586500 1.15990900 -1.29878600
6 -6.21447800 -0.00000900 -0.00002600 3.05227594 -0.20242486 1.54087930
7 11.94488500 0.00000000 0.00000000 -0.28760251 -0.34383959 1.75880054
8 10.62018800 0.00000000 0.00000000 0.54878225 -0.19462635 2.82046567
9 -4.75110800 -0.69449800 0.83058000 -0.15418600 -0.29167200 0.37319500
10 -1.68806800 0.00004700 -0.00003100 0.02287100 -0.00946300 0.26249200
11 -1.33614000 0.00005500 -0.00001000 0.02592200 0.00450900 0.38004900
12 -4.82049400 -0.50946400 -0.22475900 -0.67850600 -0.12493700 1.39189400
13 -1.82698400 -0.00006900 0.00000800 -0.01519000 0.03755800 0.88963800
14 -1.43656900 0.00000400 0.00000300 -0.05788200 -0.05197400 0.74803500
15 -3.99235700 -0.89119100 -1.82790900 -0.78312200 0.47783100 1.73317100
16 -1.40591800 -0.00002500 -0.00000200 0.01158200 -0.02712100 0.47278000
17 -1.17535800 0.00012600 -0.00001900 0.02643300 0.06261000 0.30325800
18 -4.52675100 -0.69058000 -1.12074100 -0.76414900 0.22720200 1.67117900
19 -1.74403800 0.00003200 -0.00000800 -0.01149500 -0.02729000 0.80897100
20 -1.36877100 0.00002300 0.00000200 -0.22704800 0.07843600 0.24818000
21 -1.87479600 -0.93512500 0.99917500 1.79694600 0.72864500 1.01706100
22 -1.52344700 0.00003100 0.00003100 0.10575300 0.13820400 0.75781300
23 -1.59928500 0.00001100 0.00001500 0.02972300 -0.03090300 0.78512800
24 5.58312400 0.11572500 0.29500100 1.94756400 -0.06728900 3.12123600
25 0.19684600 -0.00000200 0.00000300 2.79340694 -0.00042895 -3.14149100
26 -0.42065400 -14.75184200 -3.44053500 1.97586200 1.15991000 1.84280300
27 6.21448600 0.00000800 0.00001900 -1.14542624 0.79025185 -2.04081697
28 11.94488800 -0.00003100 -0.00020000 -0.90876128 -0.33717961 -1.89269594
29 10.62016500 0.00000200 0.00000600 -1.04755179 -0.85363226 -0.46309871
30 4.75115800 0.69437400 -0.83047400 0.12842900 -0.44158200 0.41817400
31 1.68806500 -0.00002200 0.00000200 0.00068800 -0.02474600 1.41163600
32 1.33615100 -0.00005100 -0.00000900 0.00291500 -0.03857300 0.29474600
33 4.82051500 0.50933800 0.22486600 -0.14851600 -0.31147800 1.00052700
34 1.82699200 0.00006600 0.00001000 0.01090700 0.03895400 1.54771100
35 1.43658100 -0.00000600 0.00001000 0.01503200 0.00167500 -0.83651700
36 3.99235300 0.89108700 1.82799300 -0.45399300 -0.08851700 1.25458700
37 1.40592600 0.00003100 -0.00000300 -0.01421100 -0.02586600 1.37541000
38 1.17536200 -0.00013200 0.00000100 -0.07487300 0.09798600 -0.69969900
39 4.52675800 0.69046400 1.12084300 -0.34960800 -0.17836200 1.24133300
40 1.74404100 -0.00003100 -0.00000200 -0.02639200 -0.01328600 1.51729600
41 1.36876700 -0.00003100 -0.00001800 -0.12191500 0.10180800 -1.06387600
42 2.12628300 1.15633000 -0.76950800 1.84706400 0.52542000 0.27660500
43 1.57833300 -0.31926700 -0.04171300 -0.04202400 -0.07377300 0.12077200
44 1.59179200 -0.07172100 0.01248600 0.03799300 0.07429800 -0.27107500
45 5.51180600 -0.00000200 0.00000300 -0.99849200 0.00000000 0.00000000
46 0.19684900 0.00000300 -0.00000100 -0.34822500 0.00001500 -0.00000200
47 0.00000000 0.00000000 0.00000000 0.00000000 0.00000000 -1.57079600
48 -4.14904400 4.91099600 -4.12447000 0.00000000 0.00000000 -3.14156200
49 -9.14034577 22.80097600 -0.80377901 0.41310350 0.22303416 -0.38112446
50 44.49528500 2.91572800 -17.31057200 0.00000000 0.00000000 0.00000000
51 0.85166200 0.00000000 0.00000000 0.00000000 0.00000000 0.00000000
52 0.34715900 -0.00505500 -1.70929100 0.00000000 0.00000000 0.00000000
53 0.36657500 -0.00505900 0.90475500 0.00000000 0.00000000 0.00000000
54 0.34911900 -0.00506100 0.26595600 0.00000000 0.00000000 0.00000000
55 0.34946000 -0.00505600 -0.38449600 0.00000000 0.00000000 0.00000000
56 0.33780700 -0.00505700 -1.09133600 0.00000000 0.00000000 0.00000000
57 3.93872200 -0.00328400 -1.03767400 0.00000000 0.00000000 0.00000000
58 0.45171900 0.00102000 1.29854300 0.00000000 0.00000000 0.00000000
59 -0.52680000 0.00000000 0.00000000 0.00000000 0.00000000 0.00000000
60 0.62233900 0.00000000 0.00000000 0.00000000 0.00000000 0.00000000
61 11.82444300 1.48996400 -1.86721900 -0.20588600 1.09315300 1.34480400
62 -1.31467200 -2.66988200 -2.04237200 -3.02352800 1.09807700 -2.21761800
63 -34.91577900 -0.00157300 0.20016800 0.00000000 0.00000000 0.00000000
time 22
0 -0.00000100 7.45008900 -27.50902600 0.00000000 0.00000000 0.00003100
1 -0.00000200 0.00000000 0.00000000 1.57074700 -1.56714200 -1.57074700
2 4.25546600 -0.33518300 -0.00000200 0.00000000 0.00000000 -0.12484800
3 7.43125000 1.49647900 0.00000200 0.00000000 0.00000000 0.24545000
4 5.27847900 0.16554400 0.00000100 0.00000000 0.00000000 0.04851100
5 -1.64873900 -13.09409500 6.31045700 1.97586500 1.15990900 -1.29878600
6 -6.21447800 -0.00000900 -0.00002600 3.05152475 -0.20280266 1.54039707
7 11.94488500 0.00000000 0.00000000 -0.28772300 -0.34394345 1.75912648
8 10.62018800 0.00000000 0.00000000 0.54983167 -0.19613174 2.81942450
9 -4.75110800 -0.69449800 0.83058000 -0.15418600 -0.29167200 0.37319500
10 -1.68806800 0.00004700 -0.00003100 0.02287100 -0.00946300 0.26249200
11 -1.33614000 0.00005500 -0.00001000 0.02592200 0.00450900 0.38004900
12 -4.82049400 -0.50946400 -0.22475900 -0.67850600 -0.12493700 1.39189400
13 -1.82698400 -0.00006900 0.00000800 -0.01519000 0.03755800 0.88963800
14 -1.43656900 0.00000400 0.00000300 -0.05788200 -0.05197400 0.74803500
15 -3.99235700 -0.89119100 -1.82790900 -0.78312200 0.47783100 1.73317100
16 -1.40591800 -0.00002500 -0.00000200 0.01158200 -0.02712100 0.47278000
17 -1.17535800 0.00012600 -0.00001900 0.02643300 0.06261000 0.30325800
18 -4.52675100 -0.69058000 -1.12074100 -0.76414900 0.22720200 1.67117900
19 -1.74403800 0.00003200 -0.00000800 -0.01149500 -0.02729000 0.80897100
20 -1.36877100 0.00002300 0.00000200 -0.22704800 0.07843600 0.24818000
21 -1.87479600 -0.93512500 0.99917500 1.79694600 0.72864500 1.01706100
22 -1.52344700 0.00003100 0.00003100 0.10575300 0.13820400 0.75781300
23 -1.59928500 0.00001100 0.00001500 0.02972300 -0.03090300 0.78512800
24 5.58312400 0.11572500 0.29500100 1.94756400 -0.06728900 3.12123600
25 0.19684600 -0.00000200 0.00000300 2.79340694 -0.00042895 -3.14149100
26 -0.42065400 -14.75184200 -3.44053500 1.97586200 1.15991000 1.84280300
27 6.21448600 0.00000800 0.00001900 -1.14479645 0.79337886 -2.03992872
28 11.94488800 -0.00003100 -0.00020000 -0.90838692 -0.33827346 -1.89393331
29 10.62016500 0.00000200 0.00000600 -1.05011756 -0.85329822 -0.46282529
30 4.75115800 0.69437400 -0.83047400 0.12842900 -0.44158200 0.41817400
31 1.68806500 -0.00002200 0.00000200 0.00068800 -0.02474600 1.41163600
32 1.33615100 -0.00005100 -0.00000900 0.00291500 -0.03857300 0.29474600
33 4.82051500 0.50933800 0.22486600 -0.14851600 -0.31147800 1.00052700
34 1.82699200 0.00006600 0.00001000 0.01090700 0.03895400 1.54771100
35 1.43658100 -0.00000600 0.00001000 0.01503200 0.00167500 -0.83651700
36 3.99235300 0.89108700 1.82799300 -0.45399300 -0.08851700 1.25458700
37 1.40592600 0.00003100 -0.00000300 -0.01421100 -0.02586600 1.37541000
38 1.17536200 -0.00013200 0.00000100 -0.07487300 0.09798600 -0.69969900
39 4.52675800 0.69046400 1.12084300 -0.34960800 -0.17836200 1.24133300
40 1.74404100 -0.00003100 -0.00000200 -0.02639200 -0.01328600 1.51729600
41 1.36876700 -0.00003100 -0.00001800 -0.12191500 0.10180800 -1.06387600
42 2.12628300 1.15633000 -0.76950800 1.84706400 0.52542000 0.27660500
43 1.57833300 -0.31926700 -0.04171300 -0.04202400 -0.07377300 0.12077200
44 1.59179200 -0.07172100 0.01248600 0.03799300 0.07429800 -0.27107500
45 5.51180600 -0.00000200 0.00000300 -0.99849200 0.00000000 0.00000000
46 0.19684900 0.00000300 -0.00000100 -0.34822500 0.00001500 -0.00000200
47 0.00000000 0.00000000 0.00000000 0.00000000 0.00000000 -1.57079600
48 -4.14904400 4.91099600 -4.12447000 0.00000000 0.00000000 -3.14156200
49 -9.15803613 22.80097600 -0.83929902 0.41319576 0.22078147 -0.38125945
50 44.49528500 2.91572800 -17.31057200 0.00000000 0.00000000 0.00000000
51 0.85166200 0.00000000 0.00000000 0.00000000 0.00000000 0.00000000
52 0.34715900 -0.00505500 -1.70929100 0.00000000 0.00000000 0.00000000
53 0.36657500 -0.00505900 0.90475500 0.00000000 0.00000000 0.00000000
54 0.34911900 -0.00506100 0.26595600 0.00000000 0.00000000 0.00000000
55 0.34946000 -0.00505600 -0.38449600 0.00000000 0.00000000 0.00000000
56 0.33780700 -0.00505700 -1.09133600 0.00000000 0.00000000 0.00000000
57 3.93872200 -0.00328400 -1.03767400 0.00000000 0.00000000 0.00000000
58 0.45171900 0.00102000 1.29854300 0.00000000 0.00000000 0.00000000
59 -0.52680000 0.00000000 0.00000000 0.00000000 0.00000000 0.00000000
60 0.62233900 0.00000000 0.00000000 0.00000000 0.00000000 0.00000000
61 11.82444300 1.48996400 -1.86721900 -0.20588600 1.09315300 1.34480400
62 -1.31467200 -2.66988200 -2.04237200 -3.02352800 1.09807700 -2.21761800
63 -34.91577900 -0.00157300 0.20016800 0.00000000 0.00000000 0.00000000
time 23
0 -0.00000100 7.45008900 -27.50902600 0.00000000 0.00000000 0.00003100
1 -0.00000200 0.00000000 0.00000000 1.57074700 -1.56714200 -1.57074700
2 4.25546600 -0.33518300 -0.00000200 0.00000000 0.00000000 -0.12484800
3 7.43125000 1.49647900 0.00000200 0.00000000 0.00000000 0.24545000
4 5.27847900 0.16554400 0.00000100 0.00000000 0.00000000 0.04851100
5 -1.64873900 -13.09409500 6.31045700 1.97586500 1.15990900 -1.29878600
6 -6.21447800 -0.00000900 -0.00002600 3.05126544 -0.20297299 1.54018136
7 11.94488500 0.00000000 0.00000000 -0.28793964 -0.34392919 1.75966424
8 10.62018800 0.00000000 0.00000000 0.55150458 -0.19817115 2.81817263
9 -4.75110800 -0.69449800 0.83058000 -0.15418600 -0.29167200 0.37319500
10 -1.68806800 0.00004700 -0.00003100 0.02287100 -0.00946300 0.26249200
11 -1.33614000 0.00005500 -0.00001000 0.02592200 0.00450900 0.38004900
12 -4.82049400 -0.50946400 -0.22475900 -0.67850600 -0.12493700 1.39189400
13 -1.82698400 -0.00006900 0.00000800 -0.01519000 0.03755800 0.88963800
14 -1.43656900 0.00000400 0.00000300 -0.05788200 -0.05197400 0.74803500
15 -3.99235700 -0.89119100 -1.82790900 -0.78312200 0.47783100 1.73317100
16 -1.40591800 -0.00002500 -0.00000200 0.01158200 -0.02712100 0.47278000
17 -1.17535800 0.00012600 -0.00001900 0.02643300 0.06261000 0.30325800
18 -4.52675100 -0.69058000 -1.12074100 -0.76414900 0.22720200 1.67117900
19 -1.74403800 0.00003200 -0.00000800 -0.01149500 -0.02729000 0.80897100
20 -1.36877100 0.00002300 0.00000200 -0.22704800 0.07843600 0.24818000
21 -1.87479600 -0.93512500 0.99917500 1.79694600 0.72864500 1.01706100
22 -1.52344700 0.00003100 0.00003100 0.10575300 0.13820400 0.75781300
23 -1.59928500 0.00001100 0.00001500 0.02972300 -0.03090300 0.78512800
24 5.58312400 0.11572500 0.29500100 1.94756400 -0.06728900 3.12123600
25 0.19684600 -0.00000200 0.00000300 2.79340694 -0.00042895 -3.14149100
26 -0.42065400 -14.75184200 -3.44053500 1.97586200 1.15991000 1.84280300
27 6.21448600 0.00000800 0.00001900 -1.14433368 0.79630940 -2.03942605
28 11.94488800 -0.00003100 -0.00020000 -0.90816044 -0.33923033 -1.89466235
29 10.62016500 0.00000200 0.00000600 -1.05345577 -0.85255358 -0.46271244
30 4.75115800 0.69437400 -0.83047400 0.12842900 -0.44158200 0.41817400
31 1.68806500 -0.00002200 0.00000200 0.00068800 -0.02474600 1.41163600
32 1.33615100 -0.00005100 -0.00000900 0.00291500 -0.03857300 0.29474600
33 4.82051500 0.50933800 0.22486600 -0.14851600 -0.31147800 1.00052700
34 1.82699200 0.00006600 0.00001000 0.01090700 0.03895400 1.54771100
35 1.43658100 -0.00000600 0.00001000 0.01503200 0.00167500 -0.83651700
36 3.99235300 0.89108700 1.82799300 -0.45399300 -0.08851700 1.25458700
37 1.40592600 0.00003100 -0.00000300 -0.01421100 -0.02586600 1.37541000
38 1.17536200 -0.00013200 0.00000100 -0.07487300 0.09798600 -0.69969900
39 4.52675800 0.69046400 1.12084300 -0.34960800 -0.17836200 1.24133300
40 1.74404100 -0.00003100 -0.00000200 -0.02639200 -0.01328600 1.51729600
41 1.36876700 -0.00003100 -0.00001800 -0.12191500 0.10180800 -1.06387600
42 2.12628300 1.15633000 -0.76950800 1.84706400 0.52542000 0.27660500
43 1.57833300 -0.31926700 -0.04171300 -0.04202400 -0.07377300 0.12077200
44 1.59179200 -0.07172100 0.01248600 0.03799300 0.07429800 -0.27107500
45 5.51180600 -0.00000200 0.00000300 -0.99849200 0.00000000 0.00000000
46 0.19684900 0.00000300 -0.00000100 -0.34822500 0.00001500 -0.00000200
47 0.00000000 0.00000000 0.00000000 0.00000000 0.00000000 -1.57079600
48 -4.14904400 4.91099600 -4.12447000 0.00000000 0.00000000 -3.14156200
49 -9.17081389 22.80097600 -0.87038561 0.41410959 0.21839562 -0.38174862
50 44.49528500 2.91572800 -17.31057200 0.00000000 0.00000000 0.00000000
51 0.85166200 0.00000000 0.00000000 0.00000000 0.00000000 0.00000000
52 0.34715900 -0.00505500 -1.70929100 0.00000000 0.00000000 0.00000000
53 0.36657500 -0.00505900 0.90475500 0.00000000 0.00000000 0.00000000
54 0.34911900 -0.00506100 0.26595600 0.00000000 0.00000000 0.00000000
55 0.34946000 -0.00505600 -0.38449600 0.00000000 0.00000000 0.00000000
56 0.33780700 -0.00505700 -1.09133600 0.00000000 0.00000000 0.00000000
57 3.93872200 -0.00328400 -1.03767400 0.00000000 0.00000000 0.00000000
58 0.45171900 0.00102000 1.29854300 0.00000000 0.00000000 0.00000000
59 -0.52680000 0.00000000 0.00000000 0.00000000 0.00000000 0.00000000
60 0.62233900 0.00000000 0.00000000 0.00000000 0.00000000 0.00000000
61 11.82444300 1.48996400 -1.86721900 -0.20588600 1.09315300 1.34480400
62 -1.31467200 -2.66988200 -2.04237200 -3.02352800 1.09807700 -2.21761800
63 -34.91577900 -0.00157300 0.20016800 0.00000000 0.00000000 0.00000000
time 24
0 -0.00000100 7.45008900 -27.50902600 0.00000000 0.00000000 0.00003100
1 -0.00000200 0.00000000 0.00000000 1.57074700 -1.56714200 -1.57074700
2 4.25546600 -0.33518300 -0.00000200 0.00000000 0.00000000 -0.12484800
3 7.43125000 1.49647900 0.00000200 0.00000000 0.00000000 0.24545000
4 5.27847900 0.16554400 0.00000100 0.00000000 0.00000000 0.04851100
5 -1.64873900 -13.09409500 6.31045700 1.97586500 1.15990900 -1.29878600
6 -6.21447800 -0.00000900 -0.00002600 3.05106913 -0.20308162 1.53994714
7 11.94488500 0.00000000 0.00000000 -0.28803093 -0.34392391 1.76019412
8 10.62018800 0.00000000 0.00000000 0.55321062 -0.19994998 2.81699283
9 -4.75110800 -0.69449800 0.83058000 -0.15418600 -0.29167200 0.37319500
10 -1.68806800 0.00004700 -0.00003100 0.02287100 -0.00946300 0.26249200
11 -1.33614000 0.00005500 -0.00001000 0.02592200 0.00450900 0.38004900
12 -4.82049400 -0.50946400 -0.22475900 -0.67850600 -0.12493700 1.39189400
13 -1.82698400 -0.00006900 0.00000800 -0.01519000 0.03755800 0.88963800
14 -1.43656900 0.00000400 0.00000300 -0.05788200 -0.05197400 0.74803500
15 -3.99235700 -0.89119100 -1.82790900 -0.78312200 0.47783100 1.73317100
16 -1.40591800 -0.00002500 -0.00000200 0.01158200 -0.02712100 0.47278000
17 -1.17535800 0.00012600 -0.00001900 0.02643300 0.06261000 0.30325800
18 -4.52675100 -0.69058000 -1.12074100 -0.76414900 0.22720200 1.67117900
19 -1.74403800 0.00003200 -0.00000800 -0.01149500 -0.02729000 0.80897100
20 -1.36877100 0.00002300 0.00000200 -0.22704800 0.07843600 0.24818000
21 -1.87479600 -0.93512500 0.99917500 1.79694600 0.72864500 1.01706100
22 -1.52344700 0.00003100 0.00003100 0.10575300 0.13820400 0.75781300
23 -1.59928500 0.00001100 0.00001500 0.02972300 -0.03090300 0.78512800
24 5.58312400 0.11572500 0.29500100 1.94756400 -0.06728900 3.12123600
25 0.19684600 -0.00000200 0.00000300 2.79340694 -0.00042895 -3.14149100
26 -0.42065400 -14.75184200 -3.44053500 1.97586200 1.15991000 1.84280300
27 6.21448600 0.00000800 0.00001900 -1.14369579 0.79897438 -2.03894614
28 11.94488800 -0.00003100 -0.00020000 -0.90801998 -0.34019260 -1.89522794
29 10.62016500 0.00000200 0.00000600 -1.05670405 -0.85181352 -0.46251351
30 4.75115800 0.69437400 -0.83047400 0.12842900 -0.44158200 0.41817400
31 1.68806500 -0.00002200 0.00000200 0.00068800 -0.02474600 1.41163600
32 1.33615100 -0.00005100 -0.00000900 0.00291500 -0.03857300 0.29474600
33 4.82051500 0.50933800 0.22486600 -0.14851600 -0.31147800 1.00052700
34 1.82699200 0.00006600 0.00001000 0.01090700 0.03895400 1.54771100
35 1.43658100 -0.00000600 0.00001000 0.01503200 0.00167500 -0.83651700
36 3.99235300 0.89108700 1.82799300 -0.45399300 -0.08851700 1.25458700
37 1.40592600 0.00003100 -0.00000300 -0.01421100 -0.02586600 1.37541000
38 1.17536200 -0.00013200 0.00000100 -0.07487300 0.09798600 -0.69969900
39 4.52675800 0.69046400 1.12084300 -0.34960800 -0.17836200 1.24133300
40 1.74404100 -0.00003100 -0.00000200 -0.02639200 -0.01328600 1.51729600
41 1.36876700 -0.00003100 -0.00001800 -0.12191500 0.10180800 -1.06387600
42 2.12628300 1.15633000 -0.76950800 1.84706400 0.52542000 0.27660500
43 1.57833300 -0.31926700 -0.04171300 -0.04202400 -0.07377300 0.12077200
44 1.59179200 -0.07172100 0.01248600 0.03799300 0.07429800 -0.27107500
45 5.51180600 -0.00000200 0.00000300 -0.99849200 0.00000000 0.00000000
46 0.19684900 0.00000300 -0.00000100 -0.34822500 0.00001500 -0.00000200
47 0.00000000 0.00000000 0.00000000 0.00000000 0.00000000 -1.57079600
48 -4.14904400 4.91099600 -4.12447000 0.00000000 0.00000000 -3.14156200
49 -9.18303666 22.80097600 -0.89915420 0.41508326 0.21625949 -0.38209552
50 44.49528500 2.91572800 -17.31057200 0.00000000 0.00000000 0.00000000
51 0.85166200 0.00000000 0.00000000 0.00000000 0.00000000 0.00000000
52 0.34715900 -0.00505500 -1.70929100 0.00000000 0.00000000 0.00000000
53 0.36657500 -0.00505900 0.90475500 0.00000000 0.00000000 0.00000000
54 0.34911900 -0.00506100 0.26595600 0.00000000 0.00000000 0.00000000
55 0.34946000 -0.00505600 -0.38449600 0.00000000 0.00000000 0.00000000
56 0.33780700 -0.00505700 -1.09133600 0.00000000 0.00000000 0.00000000
57 3.93872200 -0.00328400 -1.03767400 0.00000000 0.00000000 0.00000000
58 0.45171900 0.00102000 1.29854300 0.00000000 0.00000000 0.00000000
59 -0.52680000 0.00000000 0.00000000 0.00000000 0.00000000 0.00000000
60 0.62233900 0.00000000 0.00000000 0.00000000 0.00000000 0.00000000
61 11.82444300 1.48996400 -1.86721900 -0.20588600 1.09315300 1.34480400
62 -1.31467200 -2.66988200 -2.04237200 -3.02352800 1.09807700 -2.21761800
63 -34.91577900 -0.00157300 0.20016800 0.00000000 0.00000000 0.00000000
time 25
0 -0.00000100 7.45008900 -27.50902600 0.00000000 0.00000000 0.00003100
1 -0.00000200 0.00000000 0.00000000 1.57074700 -1.56714200 -1.57074700
2 4.25546600 -0.33518300 -0.00000200 0.00000000 0.00000000 -0.12484800
3 7.43125000 1.49647900 0.00000200 0.00000000 0.00000000 0.24545000
4 5.27847900 0.16554400 0.00000100 0.00000000 0.00000000 0.04851100
5 -1.64873900 -13.09409500 6.31045700 1.97586500 1.15990900 -1.29878600
6 -6.21447800 -0.00000900 -0.00002600 3.05099654 -0.20302782 1.53983055
7 11.94488500 0.00000000 0.00000000 -0.28828180 -0.34392940 1.76077478
8 10.62018800 0.00000000 0.00000000 0.55519270 -0.20193656 2.81595584
9 -4.75110800 -0.69449800 0.83058000 -0.15418600 -0.29167200 0.37319500
10 -1.68806800 0.00004700 -0.00003100 0.02287100 -0.00946300 0.26249200
11 -1.33614000 0.00005500 -0.00001000 0.02592200 0.00450900 0.38004900
12 -4.82049400 -0.50946400 -0.22475900 -0.67850600 -0.12493700 1.39189400
13 -1.82698400 -0.00006900 0.00000800 -0.01519000 0.03755800 0.88963800
14 -1.43656900 0.00000400 0.00000300 -0.05788200 -0.05197400 0.74803500
15 -3.99235700 -0.89119100 -1.82790900 -0.78312200 0.47783100 1.73317100
16 -1.40591800 -0.00002500 -0.00000200 0.01158200 -0.02712100 0.47278000
17 -1.17535800 0.00012600 -0.00001900 0.02643300 0.06261000 0.30325800
18 -4.52675100 -0.69058000 -1.12074100 -0.76414900 0.22720200 1.67117900
19 -1.74403800 0.00003200 -0.00000800 -0.01149500 -0.02729000 0.80897100
20 -1.36877100 0.00002300 0.00000200 -0.22704800 0.07843600 0.24818000
21 -1.87479600 -0.93512500 0.99917500 1.79694600 0.72864500 1.01706100
22 -1.52344700 0.00003100 0.00003100 0.10575300 0.13820400 0.75781300
23 -1.59928500 0.00001100 0.00001500 0.02972300 -0.03090300 0.78512800
24 5.58312400 0.11572500 0.29500100 1.94756400 -0.06728900 3.12123600
25 0.19684600 -0.00000200 0.00000300 2.79340694 -0.00042895 -3.14149100
26 -0.42065400 -14.75184200 -3.44053500 1.97586200 1.15991000 1.84280300
27 6.21448600 0.00000800 0.00001900 -1.14335571 0.80129635 -2.03877597
28 11.94488800 -0.00003100 -0.00020000 -0.90788554 -0.34108861 -1.89549716
29 10.62016500 0.00000200 0.00000600 -1.06028579 -0.85080660 -0.46244684
30 4.75115800 0.69437400 -0.83047400 0.12842900 -0.44158200 0.41817400
31 1.68806500 -0.00002200 0.00000200 0.00068800 -0.02474600 1.41163600
32 1.33615100 -0.00005100 -0.00000900 0.00291500 -0.03857300 0.29474600
33 4.82051500 0.50933800 0.22486600 -0.14851600 -0.31147800 1.00052700
34 1.82699200 0.00006600 0.00001000 0.01090700 0.03895400 1.54771100
35 1.43658100 -0.00000600 0.00001000 0.01503200 0.00167500 -0.83651700
36 3.99235300 0.89108700 1.82799300 -0.45399300 -0.08851700 1.25458700
37 1.40592600 0.00003100 -0.00000300 -0.01421100 -0.02586600 1.37541000
38 1.17536200 -0.00013200 0.00000100 -0.07487300 0.09798600 -0.69969900
39 4.52675800 0.69046400 1.12084300 -0.34960800 -0.17836200 1.24133300
40 1.74404100 -0.00003100 -0.00000200 -0.02639200 -0.01328600 1.51729600
41 1.36876700 -0.00003100 -0.00001800 -0.12191500 0.10180800 -1.06387600
42 2.12628300 1.15633000 -0.76950800 1.84706400 0.52542000 0.27660500
43 1.57833300 -0.31926700 -0.04171300 -0.04202400 -0.07377300 0.12077200
44 1.59179200 -0.07172100 0.01248600 0.03799300 0.07429800 -0.27107500
45 5.51180600 -0.00000200 0.00000300 -0.99849200 0.00000000 0.00000000
46 0.19684900 0.00000300 -0.00000100 -0.34822500 0.00001500 -0.00000200
47 0.00000000 0.00000000 0.00000000 0.00000000 0.00000000 -1.57079600
48 -4.14904400 4.91099600 -4.12447000 0.00000000 0.00000000 -3.14156200
49 -9.19270592 22.80097600 -0.92389045 0.41653435 0.21414576 -0.38251092
50 44.49528500 2.91572800 -17.31057200 0.00000000 0.00000000 0.00000000
51 0.85166200 0.00000000 0.00000000 0.00000000 0.00000000 0.00000000
52 0.34715900 -0.00505500 -1.70929100 0.00000000 0.00000000 0.00000000
53 0.36657500 -0.00505900 0.90475500 0.00000000 0.00000000 0.00000000
54 0.34911900 -0.00506100 0.26595600 0.00000000 0.00000000 0.00000000
55 0.34946000 -0.00505600 -0.38449600 0.00000000 0.00000000 0.00000000
56 0.33780700 -0.00505700 -1.09133600 0.00000000 0.00000000 0.00000000
57 3.93872200 -0.00328400 -1.03767400 0.00000000 0.00000000 0.00000000
58 0.45171900 0.00102000 1.29854300 0.00000000 0.00000000 0.00000000
59 -0.52680000 0.00000000 0.00000000 0.00000000 0.00000000 0.00000000
60 0.62233900 0.00000000 0.00000000 0.00000000 0.00000000 0.00000000
61 11.82444300 1.48996400 -1.86721900 -0.20588600 1.09315300 1.34480400
62 -1.31467200 -2.66988200 -2.04237200 -3.02352800 1.09807700 -2.21761800
63 -34.91577900 -0.00157300 0.20016800 0.00000000 0.00000000 0.00000000
time 26
0 -0.00000100 7.45008900 -27.50902600 0.00000000 0.00000000 0.00003100
1 -0.00000200 0.00000000 0.00000000 1.57074700 -1.56714200 -1.57074700
2 4.25546600 -0.33518300 -0.00000200 0.00000000 0.00000000 -0.12484800
3 7.43125000 1.49647900 0.00000200 0.00000000 0.00000000 0.24545000
4 5.27847900 0.16554400 0.00000100 0.00000000 0.00000000 0.04851100
5 -1.64873900 -13.09409500 6.31045700 1.97586500 1.15990900 -1.29878600
6 -6.21447800 -0.00000900 -0.00002600 3.05135902 -0.20278210 1.53969397
7 11.94488500 0.00000000 0.00000000 -0.28845328 -0.34396642 1.76143079
8 10.62018800 0.00000000 0.00000000 0.55771320 -0.20413840 2.81485321
9 -4.75110800 -0.69449800 0.83058000 -0.15418600 -0.29167200 0.37319500
10 -1.68806800 0.00004700 -0.00003100 0.02287100 -0.00946300 0.26249200
11 -1.33614000 0.00005500 -0.00001000 0.02592200 0.00450900 0.38004900
12 -4.82049400 -0.50946400 -0.22475900 -0.67850600 -0.12493700 1.39189400
13 -1.82698400 -0.00006900 0.00000800 -0.01519000 0.03755800 0.88963800
14 -1.43656900 0.00000400 0.00000300 -0.05788200 -0.05197400 0.74803500
15 -3.99235700 -0.89119100 -1.82790900 -0.78312200 0.47783100 1.73317100
16 -1.40591800 -0.00002500 -0.00000200 0.01158200 -0.02712100 0.47278000
17 -1.17535800 0.00012600 -0.00001900 0.02643300 0.06261000 0.30325800
18 -4.52675100 -0.69058000 -1.12074100 -0.76414900 0.22720200 1.67117900
19 -1.74403800 0.00003200 -0.00000800 -0.01149500 -0.02729000 0.80897100
20 -1.36877100 0.00002300 0.00000200 -0.22704800 0.07843600 0.24818000
21 -1.87479600 -0.93512500 0.99917500 1.79694600 0.72864500 1.01706100
22 -1.52344700 0.00003100 0.00003100 0.10575300 0.13820400 0.75781300
23 -1.59928500 0.00001100 0.00001500 0.02972300 -0.03090300 0.78512800
24 5.58312400 0.11572500 0.29500100 1.94756400 -0.06728900 3.12123600
25 0.19684600 -0.00000200 0.00000300 2.79340694 -0.00042895 -3.14149100
26 -0.42065400 -14.75184200 -3.44053500 1.97586200 1.15991000 1.84280300
27 6.21448600 0.00000800 0.00001900 -1.14297496 0.80333244 -2.03880253
28 11.94488800 -0.00003100 -0.00020000 -0.90790321 -0.34194516 -1.89545160
29 10.62016500 0.00000200 0.00000600 -1.06420232 -0.84951615 -0.46244966
30 4.75115800 0.69437400 -0.83047400 0.12842900 -0.44158200 0.41817400
31 1.68806500 -0.00002200 0.00000200 0.00068800 -0.02474600 1.41163600
32 1.33615100 -0.00005100 -0.00000900 0.00291500 -0.03857300 0.29474600
33 4.82051500 0.50933800 0.22486600 -0.14851600 -0.31147800 1.00052700
34 1.82699200 0.00006600 0.00001000 0.01090700 0.03895400 1.54771100
35 1.43658100 -0.00000600 0.00001000 0.01503200 0.00167500 -0.83651700
36 3.99235300 0.89108700 1.82799300 -0.45399300 -0.08851700 1.25458700
37 1.40592600 0.00003100 -0.00000300 -0.01421100 -0.02586600 1.37541000
38 1.17536200 -0.00013200 0.00000100 -0.07487300 0.09798600 -0.69969900
39 4.52675800 0.69046400 1.12084300 -0.34960800 -0.17836200 1.24133300
40 1.74404100 -0.00003100 -0.00000200 -0.02639200 -0.01328600 1.51729600
41 1.36876700 -0.00003100 -0.00001800 -0.12191500 0.10180800 -1.06387600
42 2.12628300 1.15633000 -0.76950800 1.84706400 0.52542000 0.27660500
43 1.57833300 -0.31926700 -0.04171300 -0.04202400 -0.07377300 0.12077200
44 1.59179200 -0.07172100 0.01248600 0.03799300 0.07429800 -0.27107500
45 5.51180600 -0.00000200 0.00000300 -0.99849200 0.00000000 0.00000000
46 0.19684900 0.00000300 -0.00000100 -0.34822500 0.00001500 -0.00000200
47 0.00000000 0.00000000 0.00000000 0.00000000 0.00000000 -1.57079600
48 -4.14904400 4.91099600 -4.12447000 0.00000000 0.00000000 -3.14156200
49 -9.19935736 22.80097600 -0.94401870 0.41861390 0.21213888 -0.38308300
50 44.49528500 2.91572800 -17.31057200 0.00000000 0.00000000 0.00000000
51 0.85166200 0.00000000 0.00000000 0.00000000 0.00000000 0.00000000
52 0.34715900 -0.00505500 -1.70929100 0.00000000 0.00000000 0.00000000
53 0.36657500 -0.00505900 0.90475500 0.00000000 0.00000000 0.00000000
54 0.34911900 -0.00506100 0.26595600 0.00000000 0.00000000 0.00000000
55 0.34946000 -0.00505600 -0.38449600 0.00000000 0.00000000 0.00000000
56 0.33780700 -0.00505700 -1.09133600 0.00000000 0.00000000 0.00000000
57 3.93872200 -0.00328400 -1.03767400 0.00000000 0.00000000 0.00000000
58 0.45171900 0.00102000 1.29854300 0.00000000 0.00000000 0.00000000
59 -0.52680000 0.00000000 0.00000000 0.00000000 0.00000000 0.00000000
60 0.62233900 0.00000000 0.00000000 0.00000000 0.00000000 0.00000000
61 11.82444300 1.48996400 -1.86721900 -0.20588600 1.09315300 1.34480400
62 -1.31467200 -2.66988200 -2.04237200 -3.02352800 1.09807700 -2.21761800
63 -34.91577900 -0.00157300 0.20016800 0.00000000 0.00000000 0.00000000
time 27
0 -0.00000100 7.45008900 -27.50902600 0.00000000 0.00000000 0.00003100
1 -0.00000200 0.00000000 0.00000000 1.57074700 -1.56714200 -1.57074700
2 4.25546600 -0.33518300 -0.00000200 0.00000000 0.00000000 -0.12484800
3 7.43125000 1.49647900 0.00000200 0.00000000 0.00000000 0.24545000
4 5.27847900 0.16554400 0.00000100 0.00000000 0.00000000 0.04851100
5 -1.64873900 -13.09409500 6.31045700 1.97586500 1.15990900 -1.29878600
6 -6.21447800 -0.00000900 -0.00002600 3.05171040 -0.20252900 1.53967530
7 11.94488500 0.00000000 0.00000000 -0.28872971 -0.34400955 1.76197196
8 10.62018800 0.00000000 0.00000000 0.56022792 -0.20604519 2.81401884
9 -4.75110800 -0.69449800 0.83058000 -0.15418600 -0.29167200 0.37319500
10 -1.68806800 0.00004700 -0.00003100 0.02287100 -0.00946300 0.26249200
11 -1.33614000 0.00005500 -0.00001000 0.02592200 0.00450900 0.38004900
12 -4.82049400 -0.50946400 -0.22475900 -0.67850600 -0.12493700 1.39189400
13 -1.82698400 -0.00006900 0.00000800 -0.01519000 0.03755800 0.88963800
14 -1.43656900 0.00000400 0.00000300 -0.05788200 -0.05197400 0.74803500
15 -3.99235700 -0.89119100 -1.82790900 -0.78312200 0.47783100 1.73317100
16 -1.40591800 -0.00002500 -0.00000200 0.01158200 -0.02712100 0.47278000
17 -1.17535800 0.00012600 -0.00001900 0.02643300 0.06261000 0.30325800
18 -4.52675100 -0.69058000 -1.12074100 -0.76414900 0.22720200 1.67117900
19 -1.74403800 0.00003200 -0.00000800 -0.01149500 -0.02729000 0.80897100
20 -1.36877100 0.00002300 0.00000200 -0.22704800 0.07843600 0.24818000
21 -1.87479600 -0.93512500 0.99917500 1.79694600 0.72864500 1.01706100
22 -1.52344700 0.00003100 0.00003100 0.10575300 0.13820400 0.75781300
23 -1.59928500 0.00001100 0.00001500 0.02972300 -0.03090300 0.78512800
24 5.58312400 0.11572500 0.29500100 1.94756400 -0.06728900 3.12123600
25 0.19684600 -0.00000200 0.00000300 2.79340694 -0.00042895 -3.14149100
26 -0.42065400 -14.75184200 -3.44053500 1.97586200 1.15991000 1.84280300
27 6.21448600 0.00000800 0.00001900 -1.14260839 0.80503564 -2.03883564
28 11.94488800 -0.00003100 -0.00020000 -0.90793531 -0.34275595 -1.89530981
29 10.62016500 0.00000200 0.00000600 -1.06803679 -0.84809214 -0.46231167
30 4.75115800 0.69437400 -0.83047400 0.12842900 -0.44158200 0.41817400
31 1.68806500 -0.00002200 0.00000200 0.00068800 -0.02474600 1.41163600
32 1.33615100 -0.00005100 -0.00000900 0.00291500 -0.03857300 0.29474600
33 4.82051500 0.50933800 0.22486600 -0.14851600 -0.31147800 1.00052700
34 1.82699200 0.00006600 0.00001000 0.01090700 0.03895400 1.54771100
35 1.43658100 -0.00000600 0.00001000 0.01503200 0.00167500 -0.83651700
36 3.99235300 0.89108700 1.82799300 -0.45399300 -0.08851700 1.25458700
37 1.40592600 0.00003100 -0.00000300 -0.01421100 -0.02586600 1.37541000
38 1.17536200 -0.00013200 0.00000100 -0.07487300 0.09798600 -0.69969900
39 4.52675800 0.69046400 1.12084300 -0.34960800 -0.17836200 1.24133300
40 1.74404100 -0.00003100 -0.00000200 -0.02639200 -0.01328600 1.51729600
41 1.36876700 -0.00003100 -0.00001800 -0.12191500 0.10180800 -1.06387600
42 2.12628300 1.15633000 -0.76950800 1.84706400 0.52542000 0.27660500
43 1.57833300 -0.31926700 -0.04171300 -0.04202400 -0.07377300 0.12077200
44 1.59179200 -0.07172100 0.01248600 0.03799300 0.07429800 -0.27107500
45 5.51180600 -0.00000200 0.00000300 -0.99849200 0.00000000 0.00000000
46 0.19684900 0.00000300 -0.00000100 -0.34822500 0.00001500 -0.00000200
47 0.00000000 0.00000000 0.00000000 0.00000000 0.00000000 -1.57079600
48 -4.14904400 4.91099600 -4.12447000 0.00000000 0.00000000 -3.14156200
49 -9.20525281 22.80097600 -0.96095995 0.42075192 0.21038301 -0.38351462
50 44.49528500 2.91572800 -17.31057200 0.00000000 0.00000000 0.00000000
51 0.85166200 0.00000000 0.00000000 0.00000000 0.00000000 0.00000000
52 0.34715900 -0.00505500 -1.70929100 0.00000000 0.00000000 0.00000000
53 0.36657500 -0.00505900 0.90475500 0.00000000 0.00000000 0.00000000
54 0.34911900 -0.00506100 0.26595600 0.00000000 0.00000000 0.00000000
55 0.34946000 -0.00505600 -0.38449600 0.00000000 0.00000000 0.00000000
56 0.33780700 -0.00505700 -1.09133600 0.00000000 0.00000000 0.00000000
57 3.93872200 -0.00328400 -1.03767400 0.00000000 0.00000000 0.00000000
58 0.45171900 0.00102000 1.29854300 0.00000000 0.00000000 0.00000000
59 -0.52680000 0.00000000 0.00000000 0.00000000 0.00000000 0.00000000
60 0.62233900 0.00000000 0.00000000 0.00000000 0.00000000 0.00000000
61 11.82444300 1.48996400 -1.86721900 -0.20588600 1.09315300 1.34480400
62 -1.31467200 -2.66988200 -2.04237200 -3.02352800 1.09807700 -2.21761800
63 -34.91577900 -0.00157300 0.20016800 0.00000000 0.00000000 0.00000000
time 28
0 -0.00000100 7.45008900 -27.50902600 0.00000000 0.00000000 0.00003100
1 -0.00000200 0.00000000 0.00000000 1.57074700 -1.56714200 -1.57074700
2 4.25546600 -0.33518300 -0.00000200 0.00000000 0.00000000 -0.12484800
3 7.43125000 1.49647900 0.00000200 0.00000000 0.00000000 0.24545000
4 5.27847900 0.16554400 0.00000100 0.00000000 0.00000000 0.04851100
5 -1.64873900 -13.09409500 6.31045700 1.97586500 1.15990900 -1.29878600
6 -6.21447800 -0.00000900 -0.00002600 3.05217666 -0.20211136 1.53960736
7 11.94488500 0.00000000 0.00000000 -0.28878136 -0.34403740 1.76230153
8 10.62018800 0.00000000 0.00000000 0.56305512 -0.20773151 2.81342877
9 -4.75110800 -0.69449800 0.83058000 -0.15418600 -0.29167200 0.37319500
10 -1.68806800 0.00004700 -0.00003100 0.02287100 -0.00946300 0.26249200
11 -1.33614000 0.00005500 -0.00001000 0.02592200 0.00450900 0.38004900
12 -4.82049400 -0.50946400 -0.22475900 -0.67850600 -0.12493700 1.39189400
13 -1.82698400 -0.00006900 0.00000800 -0.01519000 0.03755800 0.88963800
14 -1.43656900 0.00000400 0.00000300 -0.05788200 -0.05197400 0.74803500
15 -3.99235700 -0.89119100 -1.82790900 -0.78312200 0.47783100 1.73317100
16 -1.40591800 -0.00002500 -0.00000200 0.01158200 -0.02712100 0.47278000
17 -1.17535800 0.00012600 -0.00001900 0.02643300 0.06261000 0.30325800
18 -4.52675100 -0.69058000 -1.12074100 -0.76414900 0.22720200 1.67117900
19 -1.74403800 0.00003200 -0.00000800 -0.01149500 -0.02729000 0.80897100
20 -1.36877100 0.00002300 0.00000200 -0.22704800 0.07843600 0.24818000
21 -1.87479600 -0.93512500 0.99917500 1.79694600 0.72864500 1.01706100
22 -1.52344700 0.00003100 0.00003100 0.10575300 0.13820400 0.75781300
23 -1.59928500 0.00001100 0.00001500 0.02972300 -0.03090300 0.78512800
24 5.58312400 0.11572500 0.29500100 1.94756400 -0.06728900 3.12123600
25 0.19684600 -0.00000200 0.00000300 2.79340694 -0.00042895 -3.14149100
26 -0.42065400 -14.75184200 -3.44053500 1.97586200 1.15991000 1.84280300
27 6.21448600 0.00000800 0.00001900 -1.14225534 0.80627117 -2.03897005
28 11.94488800 -0.00003100 -0.00020000 -0.90818807 -0.34364039 -1.89480344
29 10.62016500 0.00000200 0.00000600 -1.07210202 -0.84621467 -0.46212817
30 4.75115800 0.69437400 -0.83047400 0.12842900 -0.44158200 0.41817400
31 1.68806500 -0.00002200 0.00000200 0.00068800 -0.02474600 1.41163600
32 1.33615100 -0.00005100 -0.00000900 0.00291500 -0.03857300 0.29474600
33 4.82051500 0.50933800 0.22486600 -0.14851600 -0.31147800 1.00052700
34 1.82699200 0.00006600 0.00001000 0.01090700 0.03895400 1.54771100
35 1.43658100 -0.00000600 0.00001000 0.01503200 0.00167500 -0.83651700
36 3.99235300 0.89108700 1.82799300 -0.45399300 -0.08851700 1.25458700
37 1.40592600 0.00003100 -0.00000300 -0.01421100 -0.02586600 1.37541000
38 1.17536200 -0.00013200 0.00000100 -0.07487300 0.09798600 -0.69969900
39 4.52675800 0.69046400 1.12084300 -0.34960800 -0.17836200 1.24133300
40 1.74404100 -0.00003100 -0.00000200 -0.02639200 -0.01328600 1.51729600
41 1.36876700 -0.00003100 -0.00001800 -0.12191500 0.10180800 -1.06387600
42 2.12628300 1.15633000 -0.76950800 1.84706400 0.52542000 0.27660500
43 1.57833300 -0.31926700 -0.04171300 -0.04202400 -0.07377300 0.12077200
44 1.59179200 -0.07172100 0.01248600 0.03799300 0.07429800 -0.27107500
45 5.51180600 -0.00000200 0.00000300 -0.99849200 0.00000000 0.00000000
46 0.19684900 0.00000300 -0.00000100 -0.34822500 0.00001500 -0.00000200
47 0.00000000 0.00000000 0.00000000 0.00000000 0.00000000 -1.57079600
48 -4.14904400 4.91099600 -4.12447000 0.00000000 0.00000000 -3.14156200
49 -9.20868526 22.80097600 -0.97261618 0.42352234 0.20893736 -0.38392210
50 44.49528500 2.91572800 -17.31057200 0.00000000 0.00000000 0.00000000
51 0.85166200 0.00000000 0.00000000 0.00000000 0.00000000 0.00000000
52 0.34715900 -0.00505500 -1.70929100 0.00000000 0.00000000 0.00000000
53 0.36657500 -0.00505900 0.90475500 0.00000000 0.00000000 0.00000000
54 0.34911900 -0.00506100 0.26595600 0.00000000 0.00000000 0.00000000
55 0.34946000 -0.00505600 -0.38449600 0.00000000 0.00000000 0.00000000
56 0.33780700 -0.00505700 -1.09133600 0.00000000 0.00000000 0.00000000
57 3.93872200 -0.00328400 -1.03767400 0.00000000 0.00000000 0.00000000
58 0.45171900 0.00102000 1.29854300 0.00000000 0.00000000 0.00000000
59 -0.52680000 0.00000000 0.00000000 0.00000000 0.00000000 0.00000000
60 0.62233900 0.00000000 0.00000000 0.00000000 0.00000000 0.00000000
61 11.82444300 1.48996400 -1.86721900 -0.20588600 1.09315300 1.34480400
62 -1.31467200 -2.66988200 -2.04237200 -3.02352800 1.09807700 -2.21761800
63 -34.91577900 -0.00157300 0.20016800 0.00000000 0.00000000 0.00000000
time 29
0 -0.00000100 7.45008900 -27.50902600 0.00000000 0.00000000 0.00003100
1 -0.00000200 0.00000000 0.00000000 1.57074700 -1.56714200 -1.57074700
2 4.25546600 -0.33518300 -0.00000200 0.00000000 0.00000000 -0.12484800
3 7.43125000 1.49647900 0.00000200 0.00000000 0.00000000 0.24545000
4 5.27847900 0.16554400 0.00000100 0.00000000 0.00000000 0.04851100
5 -1.64873900 -13.09409500 6.31045700 1.97586500 1.15990900 -1.29878600
6 -6.21447800 -0.00000900 -0.00002600 3.05282850 -0.20164999 1.53954857
7 11.94488500 0.00000000 0.00000000 -0.28890832 -0.34411853 1.76265414
8 10.62018800 0.00000000 0.00000000 0.56609839 -0.20903290 2.81305987
9 -4.75110800 -0.69449800 0.83058000 -0.15418600 -0.29167200 0.37319500
10 -1.68806800 0.00004700 -0.00003100 0.02287100 -0.00946300 0.26249200
11 -1.33614000 0.00005500 -0.00001000 0.02592200 0.00450900 0.38004900
12 -4.82049400 -0.50946400 -0.22475900 -0.67850600 -0.12493700 1.39189400
13 -1.82698400 -0.00006900 0.00000800 -0.01519000 0.03755800 0.88963800
14 -1.43656900 0.00000400 0.00000300 -0.05788200 -0.05197400 0.74803500
15 -3.99235700 -0.89119100 -1.82790900 -0.78312200 0.47783100 1.73317100
16 -1.40591800 -0.00002500 -0.00000200 0.01158200 -0.02712100 0.47278000
17 -1.17535800 0.00012600 -0.00001900 0.02643300 0.06261000 0.30325800
18 -4.52675100 -0.69058000 -1.12074100 -0.76414900 0.22720200 1.67117900
19 -1.74403800 0.00003200 -0.00000800 -0.01149500 -0.02729000 0.80897100
20 -1.36877100 0.00002300 0.00000200 -0.22704800 0.07843600 0.24818000
21 -1.87479600 -0.93512500 0.99917500 1.79694600 0.72864500 1.01706100
22 -1.52344700 0.00003100 0.00003100 0.10575300 0.13820400 0.75781300
23 -1.59928500 0.00001100 0.00001500 0.02972300 -0.03090300 0.78512800
24 5.58312400 0.11572500 0.29500100 1.94756400 -0.06728900 3.12123600
25 0.19684600 -0.00000200 0.00000300 2.79340694 -0.00042895 -3.14149100
26 -0.42065400 -14.75184200 -3.44053500 1.97586200 1.15991000 1.84280300
27 6.21448600 0.00000800 0.00001900 -1.14212260 0.80705608 -2.03944101
28 11.94488800 -0.00003100 -0.00020000 -0.90834347 -0.34442634 -1.89409822
29 10.62016500 0.00000200 0.00000600 -1.07605855 -0.84403765 -0.46203409
30 4.75115800 0.69437400 -0.83047400 0.12842900 -0.44158200 0.41817400
31 1.68806500 -0.00002200 0.00000200 0.00068800 -0.02474600 1.41163600
32 1.33615100 -0.00005100 -0.00000900 0.00291500 -0.03857300 0.29474600
33 4.82051500 0.50933800 0.22486600 -0.14851600 -0.31147800 1.00052700
34 1.82699200 0.00006600 0.00001000 0.01090700 0.03895400 1.54771100
35 1.43658100 -0.00000600 0.00001000 0.01503200 0.00167500 -0.83651700
36 3.99235300 0.89108700 1.82799300 -0.45399300 -0.08851700 1.25458700
37 1.40592600 0.00003100 -0.00000300 -0.01421100 -0.02586600 1.37541000
38 1.17536200 -0.00013200 0.00000100 -0.07487300 0.09798600 -0.69969900
39 4.52675800 0.69046400 1.12084300 -0.34960800 -0.17836200 1.24133300
40 1.74404100 -0.00003100 -0.00000200 -0.02639200 -0.01328600 1.51729600
41 1.36876700 -0.00003100 -0.00001800 -0.12191500 0.10180800 -1.06387600
42 2.12628300 1.15633000 -0.76950800 1.84706400 0.52542000 0.27660500
43 1.57833300 -0.31926700 -0.04171300 -0.04202400 -0.07377300 0.12077200
44 1.59179200 -0.07172100 0.01248600 0.03799300 0.07429800 -0.27107500
45 5.51180600 -0.00000200 0.00000300 -0.99849200 0.00000000 0.00000000
46 0.19684900 0.00000300 -0.00000100 -0.34822500 0.00001500 -0.00000200
47 0.00000000 0.00000000 0.00000000 0.00000000 0.00000000 -1.57079600
48 -4.14904400 4.91099600 -4.12447000 0.00000000 0.00000000 -3.14156200
49 -9.21060834 22.80097600 -0.97982677 0.42660331 0.20787036 -0.38426798
50 44.49528500 2.91572800 -17.31057200 0.00000000 0.00000000 0.00000000
51 0.85166200 0.00000000 0.00000000 0.00000000 0.00000000 0.00000000
52 0.34715900 -0.00505500 -1.70929100 0.00000000 0.00000000 0.00000000
53 0.36657500 -0.00505900 0.90475500 0.00000000 0.00000000 0.00000000
54 0.34911900 -0.00506100 0.26595600 0.00000000 0.00000000 0.00000000
55 0.34946000 -0.00505600 -0.38449600 0.00000000 0.00000000 0.00000000
56 0.33780700 -0.00505700 -1.09133600 0.00000000 0.00000000 0.00000000
57 3.93872200 -0.00328400 -1.03767400 0.00000000 0.00000000 0.00000000
58 0.45171900 0.00102000 1.29854300 0.00000000 0.00000000 0.00000000
59 -0.52680000 0.00000000 0.00000000 0.00000000 0.00000000 0.00000000
60 0.62233900 0.00000000 0.00000000 0.00000000 0.00000000 0.00000000
61 11.82444300 1.48996400 -1.86721900 -0.20588600 1.09315300 1.34480400
62 -1.31467200 -2.66988200 -2.04237200 -3.02352800 1.09807700 -2.21761800
63 -34.91577900 -0.00157300 0.20016800 0.00000000 0.00000000 0.00000000
time 30
0 -0.00000100 7.45008900 -27.50902600 0.00000000 0.00000000 0.00003100
1 -0.00000200 0.00000000 0.00000000 1.57074700 -1.56714200 -1.57074700
2 4.25546600 -0.33518300 -0.00000200 0.00000000 0.00000000 -0.12484800
3 7.43125000 1.49647900 0.00000200 0.00000000 0.00000000 0.24545000
4 5.27847900 0.16554400 0.00000100 0.00000000 0.00000000 0.04851100
5 -1.64873900 -13.09409500 6.31045700 1.97586500 1.15990900 -1.29878600
6 -6.21447800 -0.00000900 -0.00002600 3.05346816 -0.20118240 1.53960703
7 11.94488500 0.00000000 0.00000000 -0.28890539 -0.34419833 1.76264900
8 10.62018800 0.00000000 0.00000000 0.56921520 -0.20992030 2.81288997
9 -4.75110800 -0.69449800 0.83058000 -0.15418600 -0.29167200 0.37319500
10 -1.68806800 0.00004700 -0.00003100 0.02287100 -0.00946300 0.26249200
11 -1.33614000 0.00005500 -0.00001000 0.02592200 0.00450900 0.38004900
12 -4.82049400 -0.50946400 -0.22475900 -0.67850600 -0.12493700 1.39189400
13 -1.82698400 -0.00006900 0.00000800 -0.01519000 0.03755800 0.88963800
14 -1.43656900 0.00000400 0.00000300 -0.05788200 -0.05197400 0.74803500
15 -3.99235700 -0.89119100 -1.82790900 -0.78312200 0.47783100 1.73317100
16 -1.40591800 -0.00002500 -0.00000200 0.01158200 -0.02712100 0.47278000
17 -1.17535800 0.00012600 -0.00001900 0.02643300 0.06261000 0.30325800
18 -4.52675100 -0.69058000 -1.12074100 -0.76414900 0.22720200 1.67117900
19 -1.74403800 0.00003200 -0.00000800 -0.01149500 -0.02729000 0.80897100
20 -1.36877100 0.00002300 0.00000200 -0.22704800 0.07843600 0.24818000
21 -1.87479600 -0.93512500 0.99917500 1.79694600 0.72864500 1.01706100
22 -1.52344700 0.00003100 0.00003100 0.10575300 0.13820400 0.75781300
23 -1.59928500 0.00001100 0.00001500 0.02972300 -0.03090300 0.78512800
24 5.58312100 0.11572600 0.29499900 1.94756400 -0.06728900 3.12123600
25 0.19684600 -0.00000200 0.00000300 2.79340694 -0.00042895 -3.14149100
26 -0.42065400 -14.75184200 -3.44053500 1.97586200 1.15991000 1.84280300
27 6.21448600 0.00000800 0.00001900 -1.14185389 0.80750732 -2.03991144
28 11.94488800 -0.00003100 -0.00020000 -0.90864588 -0.34531689 -1.89325703
29 10.62016500 0.00000200 0.00000600 -1.07984274 -0.84172871 -0.46170531
30 4.75115800 0.69437400 -0.83047400 0.12842900 -0.44158200 0.41817400
31 1.68806500 -0.00002200 0.00000200 0.00068800 -0.02474600 1.41163600
32 1.33615100 -0.00005100 -0.00000900 0.00291500 -0.03857300 0.29474600
33 4.82051500 0.50933800 0.22486600 -0.14851600 -0.31147800 1.00052700
34 1.82699200 0.00006600 0.00001000 0.01090700 0.03895400 1.54771100
35 1.43658100 -0.00000600 0.00001000 0.01503200 0.00167500 -0.83651700
36 3.99235300 0.89108700 1.82799300 -0.45399300 -0.08851700 1.25458700
37 1.40592600 0.00003100 -0.00000300 -0.01421100 -0.02586600 1.37541000
38 1.17536200 -0.00013200 0.00000100 -0.07487300 0.09798600 -0.69969900
39 4.52675800 0.69046400 1.12084300 -0.34960800 -0.17836200 1.24133300
40 1.74404100 -0.00003100 -0.00000200 -0.02639200 -0.01328600 1.51729600
41 1.36876700 -0.00003100 -0.00001800 -0.12191500 0.10180800 -1.06387600
42 2.12628900 1.15633200 -0.76951000 1.84706400 0.52542000 0.27660500
43 1.57833200 -0.31926600 -0.04171500 -0.04202400 -0.07377300 0.12077200
44 1.59179100 -0.07172600 0.01248600 0.03799300 0.07429800 -0.27107500
45 5.51180600 -0.00000200 0.00000300 -0.99849200 0.00000000 0.00000000
46 0.19684900 0.00000300 -0.00000100 -0.34822500 0.00001500 -0.00000200
47 0.00000000 0.00000000 0.00000000 0.00000000 0.00000000 -1.57079600
48 -4.14904400 4.91099600 -4.12447000 0.00000000 0.00000000 -3.14156200
49 -9.21156541 22.80097600 -0.98297837 0.42980657 0.20717159 -0.38453823
50 44.49528500 2.91572800 -17.31057200 0.00000000 0.00000000 0.00000000
51 0.85166200 0.00000000 0.00000000 0.00000000 0.00000000 0.00000000
52 0.34715100 -0.00506000 -1.70929000 0.00000000 0.00000000 0.00000000
53 0.36657300 -0.00506000 0.90475100 0.00000000 0.00000000 0.00000000
54 0.34912100 -0.00505900 0.26595500 0.00000000 0.00000000 0.00000000
55 0.34945800 -0.00505900 -0.38449700 0.00000000 0.00000000 0.00000000
56 0.33780400 -0.00506200 -1.09133400 0.00000000 0.00000000 0.00000000
57 3.93872200 -0.00328400 -1.03767400 0.00000000 0.00000000 0.00000000
58 0.45171900 0.00102000 1.29854300 0.00000000 0.00000000 0.00000000
59 -0.52680000 0.00000000 0.00000000 0.00000000 0.00000000 0.00000000
60 0.62233900 0.00000000 0.00000000 0.00000000 0.00000000 0.00000000
61 11.82442500 1.48996500 -1.86721800 -0.20588600 1.09315300 1.34480400
62 -1.31468100 -2.66984500 -2.04237300 -3.02352800 1.09807700 -2.21761800
63 -34.91577900 -0.00157300 0.20016800 0.00000000 0.00000000 0.00000000
time 31
0 -0.00000100 7.45008900 -27.50902600 0.00000000 0.00000000 0.00003100
1 -0.00000200 0.00000000 0.00000000 1.57074700 -1.56714200 -1.57074700
2 4.25546600 -0.33518300 -0.00000200 0.00000000 0.00000000 -0.12484800
3 7.43125000 1.49647900 0.00000200 0.00000000 0.00000000 0.24545000
4 5.27847900 0.16554400 0.00000100 0.00000000 0.00000000 0.04851100
5 -1.64873900 -13.09409500 6.31045700 1.97586500 1.15990900 -1.29878600
6 -6.21447800 -0.00000900 -0.00002600 3.05439376 -0.20057839 1.53966032
7 11.94488500 0.00000000 0.00000000 -0.28893925 -0.34426985 1.76275592
8 10.62018800 0.00000000 0.00000000 0.57208146 -0.21041949 2.81315665
9 -4.75110800 -0.69449800 0.83058000 -0.15418600 -0.29167200 0.37319500
10 -1.68806800 0.00004700 -0.00003100 0.02287100 -0.00946300 0.26249200
11 -1.33614000 0.00005500 -0.00001000 0.02592200 0.00450900 0.38004900
12 -4.82049400 -0.50946400 -0.22475900 -0.67850600 -0.12493700 1.39189400
13 -1.82698400 -0.00006900 0.00000800 -0.01519000 0.03755800 0.88963800
14 -1.43656900 0.00000400 0.00000300 -0.05788200 -0.05197400 0.74803500
15 -3.99235700 -0.89119100 -1.82790900 -0.78312200 0.47783100 1.73317100
16 -1.40591800 -0.00002500 -0.00000200 0.01158200 -0.02712100 0.47278000
17 -1.17535800 0.00012600 -0.00001900 0.02643300 0.06261000 0.30325800
18 -4.52675100 -0.69058000 -1.12074100 -0.76414900 0.22720200 1.67117900
19 -1.74403800 0.00003200 -0.00000800 -0.01149500 -0.02729000 0.80897100
20 -1.36877100 0.00002300 0.00000200 -0.22704800 0.07843600 0.24818000
21 -1.87479600 -0.93512500 0.99917500 1.79694600 0.72864500 1.01706100
22 -1.52344700 0.00003100 0.00003100 0.10575300 0.13820400 0.75781300
23 -1.59928500 0.00001100 0.00001500 0.02972300 -0.03090300 0.78512800
24 5.58312100 0.11572600 0.29499900 1.94756400 -0.06728900 3.12123600
25 0.19684600 -0.00000200 0.00000300 2.79340694 -0.00042895 -3.14149100
26 -0.42065400 -14.75184200 -3.44053500 1.97586200 1.15991000 1.84280300
27 6.21448600 0.00000800 0.00001900 -1.14196158 0.80682979 -2.04058373
28 11.94488800 -0.00003100 -0.00020000 -0.90908525 -0.34551134 -1.89186185
29 10.62016500 0.00000200 0.00000600 -1.08307909 -0.83936562 -0.46157978
30 4.75115800 0.69437400 -0.83047400 0.12842900 -0.44158200 0.41817400
31 1.68806500 -0.00002200 0.00000200 0.00068800 -0.02474600 1.41163600
32 1.33615100 -0.00005100 -0.00000900 0.00291500 -0.03857300 0.29474600
33 4.82051500 0.50933800 0.22486600 -0.14851600 -0.31147800 1.00052700
34 1.82699200 0.00006600 0.00001000 0.01090700 0.03895400 1.54771100
35 1.43658100 -0.00000600 0.00001000 0.01503200 0.00167500 -0.83651700
36 3.99235300 0.89108700 1.82799300 -0.45399300 -0.08851700 1.25458700
37 1.40592600 0.00003100 -0.00000300 -0.01421100 -0.02586600 1.37541000
38 1.17536200 -0.00013200 0.00000100 -0.07487300 0.09798600 -0.69969900
39 4.52675800 0.69046400 1.12084300 -0.34960800 -0.17836200 1.24133300
40 1.74404100 -0.00003100 -0.00000200 -0.02639200 -0.01328600 1.51729600
41 1.36876700 -0.00003100 -0.00001800 -0.12191500 0.10180800 -1.06387600
42 2.12628900 1.15633200 -0.76951000 1.84706400 0.52542000 0.27660500
43 1.57833200 -0.31926600 -0.04171500 -0.04202400 -0.07377300 0.12077200
44 1.59179100 -0.07172600 0.01248600 0.03799300 0.07429800 -0.27107500
45 5.51180600 -0.00000200 0.00000300 -0.99849200 0.00000000 0.00000000
46 0.19684900 0.00000300 -0.00000100 -0.34822500 0.00001500 -0.00000200
47 0.00000000 0.00000000 0.00000000 0.00000000 0.00000000 -1.57079600
48 -4.14904400 4.91099600 -4.12447000 0.00000000 0.00000000 -3.14156200
49 -9.20575989 22.80097600 -0.97357154 0.43320286 0.20726219 -0.38476359
50 44.49528500 2.91572800 -17.31057200 0.00000000 0.00000000 0.00000000
51 0.85166200 0.00000000 0.00000000 0.00000000 0.00000000 0.00000000
52 0.34715100 -0.00506000 -1.70929000 0.00000000 0.00000000 0.00000000
53 0.36657300 -0.00506000 0.90475100 0.00000000 0.00000000 0.00000000
54 0.34912100 -0.00505900 0.26595500 0.00000000 0.00000000 0.00000000
55 0.34945800 -0.00505900 -0.38449700 0.00000000 0.00000000 0.00000000
56 0.33780400 -0.00506200 -1.09133400 0.00000000 0.00000000 0.00000000
57 3.93872200 -0.00328400 -1.03767400 0.00000000 0.00000000 0.00000000
58 0.45171900 0.00102000 1.29854300 0.00000000 0.00000000 0.00000000
59 -0.52680000 0.00000000 0.00000000 0.00000000 0.00000000 0.00000000
60 0.62233900 0.00000000 0.00000000 0.00000000 0.00000000 0.00000000
61 11.82442500 1.48996500 -1.86721800 -0.20588600 1.09315300 1.34480400
62 -1.31468100 -2.66984500 -2.04237300 -3.02352800 1.09807700 -2.21761800
63 -34.91577900 -0.00157300 0.20016800 0.00000000 0.00000000 0.00000000
time 32
0 -0.00000100 7.45008900 -27.50902600 0.00000000 0.00000000 0.00003100
1 -0.00000200 0.00000000 0.00000000 1.57074700 -1.56714200 -1.57074700
2 4.25546600 -0.33518300 -0.00000200 0.00000000 0.00000000 -0.12484800
3 7.43125000 1.49647900 0.00000200 0.00000000 0.00000000 0.24545000
4 5.27847900 0.16554400 0.00000100 0.00000000 0.00000000 0.04851100
5 -1.64873900 -13.09409500 6.31045700 1.97586500 1.15990900 -1.29878600
6 -6.21447800 -0.00000900 -0.00002600 3.05530692 -0.19996902 1.53983318
7 11.94488500 0.00000000 0.00000000 -0.28884326 -0.34434177 1.76250515
8 10.62018800 0.00000000 0.00000000 0.57502123 -0.21050413 2.81362403
9 -4.75110800 -0.69449800 0.83058000 -0.15418600 -0.29167200 0.37319500
10 -1.68806800 0.00004700 -0.00003100 0.02287100 -0.00946300 0.26249200
11 -1.33614000 0.00005500 -0.00001000 0.02592200 0.00450900 0.38004900
12 -4.82049400 -0.50946400 -0.22475900 -0.67850600 -0.12493700 1.39189400
13 -1.82698400 -0.00006900 0.00000800 -0.01519000 0.03755800 0.88963800
14 -1.43656900 0.00000400 0.00000300 -0.05788200 -0.05197400 0.74803500
15 -3.99235700 -0.89119100 -1.82790900 -0.78312200 0.47783100 1.73317100
16 -1.40591800 -0.00002500 -0.00000200 0.01158200 -0.02712100 0.47278000
17 -1.17535800 0.00012600 -0.00001900 0.02643300 0.06261000 0.30325800
18 -4.52675100 -0.69058000 -1.12074100 -0.76414900 0.22720200 1.67117900
19 -1.74403800 0.00003200 -0.00000800 -0.01149500 -0.02729000 0.80897100
20 -1.36877100 0.00002300 0.00000200 -0.22704800 0.07843600 0.24818000
21 -1.87479600 -0.93512500 0.99917500 1.79694600 0.72864500 1.01706100
22 -1.52344700 0.00003100 0.00003100 0.10575300 0.13820400 0.75781300
23 -1.59928500 0.00001100 0.00001500 0.02972300 -0.03090300 0.78512800
24 5.58312100 0.11572600 0.29499900 1.94756400 -0.06728900 3.12123600
25 0.19684600 -0.00000200 0.00000300 2.79340694 -0.00042895 -3.14149100
26 -0.42065400 -14.75184200 -3.44053500 1.97586200 1.15991000 1.84280300
27 6.21448600 0.00000800 0.00001900 -1.14193073 0.80581888 -2.04125356
28 11.94488800 -0.00003100 -0.00020000 -0.90967211 -0.34581175 -1.89032894
29 10.62016500 0.00000200 0.00000600 -1.08614347 -0.83686721 -0.46121727
30 4.75115800 0.69437400 -0.83047400 0.12842900 -0.44158200 0.41817400
31 1.68806500 -0.00002200 0.00000200 0.00068800 -0.02474600 1.41163600
32 1.33615100 -0.00005100 -0.00000900 0.00291500 -0.03857300 0.29474600
33 4.82051500 0.50933800 0.22486600 -0.14851600 -0.31147800 1.00052700
34 1.82699200 0.00006600 0.00001000 0.01090700 0.03895400 1.54771100
35 1.43658100 -0.00000600 0.00001000 0.01503200 0.00167500 -0.83651700
36 3.99235300 0.89108700 1.82799300 -0.45399300 -0.08851700 1.25458700
37 1.40592600 0.00003100 -0.00000300 -0.01421100 -0.02586600 1.37541000
38 1.17536200 -0.00013200 0.00000100 -0.07487300 0.09798600 -0.69969900
39 4.52675800 0.69046400 1.12084300 -0.34960800 -0.17836200 1.24133300
40 1.74404100 -0.00003100 -0.00000200 -0.02639200 -0.01328600 1.51729600
41 1.36876700 -0.00003100 -0.00001800 -0.12191500 0.10180800 -1.06387600
42 2.12628900 1.15633200 -0.76951000 1.84706400 0.52542000 0.27660500
43 1.57833200 -0.31926600 -0.04171500 -0.04202400 -0.07377300 0.12077200
44 1.59179100 -0.07172600 0.01248600 0.03799300 0.07429800 -0.27107500
45 5.51180600 -0.00000200 0.00000300 -0.99849200 0.00000000 0.00000000
46 0.19684900 0.00000300 -0.00000100 -0.34822500 0.00001500 -0.00000200
47 0.00000000 0.00000000 0.00000000 0.00000000 0.00000000 -1.57079600
48 -4.14904400 4.91099600 -4.12447000 0.00000000 0.00000000 -3.14156200
49 -9.19898837 22.80097600 -0.96010771 0.43672102 0.20772135 -0.38491228
50 44.49528500 2.91572800 -17.31057200 0.00000000 0.00000000 0.00000000
51 0.85166200 0.00000000 0.00000000 0.00000000 0.00000000 0.00000000
52 0.34715100 -0.00506000 -1.70929000 0.00000000 0.00000000 0.00000000
53 0.36657300 -0.00506000 0.90475100 0.00000000 0.00000000 0.00000000
54 0.34912100 -0.00505900 0.26595500 0.00000000 0.00000000 0.00000000
55 0.34945800 -0.00505900 -0.38449700 0.00000000 0.00000000 0.00000000
56 0.33780400 -0.00506200 -1.09133400 0.00000000 0.00000000 0.00000000
57 3.93872200 -0.00328400 -1.03767400 0.00000000 0.00000000 0.00000000
58 0.45171900 0.00102000 1.29854300 0.00000000 0.00000000 0.00000000
59 -0.52680000 0.00000000 0.00000000 0.00000000 0.00000000 0.00000000
60 0.62233900 0.00000000 0.00000000 0.00000000 0.00000000 0.00000000
61 11.82442500 1.48996500 -1.86721800 -0.20588600 1.09315300 1.34480400
62 -1.31468100 -2.66984500 -2.04237300 -3.02352800 1.09807700 -2.21761800
63 -34.91577900 -0.00157300 0.20016800 0.00000000 0.00000000 0.00000000
time 33
0 -0.00000100 7.45008900 -27.50902600 0.00000000 0.00000000 0.00003100
1 -0.00000200 0.00000000 0.00000000 1.57074700 -1.56714200 -1.57074700
2 4.25546600 -0.33518300 -0.00000200 0.00000000 0.00000000 -0.12484800
3 7.43125000 1.49647900 0.00000200 0.00000000 0.00000000 0.24545000
4 5.27847900 0.16554400 0.00000100 0.00000000 0.00000000 0.04851100
5 -1.64873900 -13.09409500 6.31045700 1.97586500 1.15990900 -1.29878600
6 -6.21447800 -0.00000900 -0.00002600 3.05635387 -0.19935963 1.54009058
7 11.94488500 0.00000000 0.00000000 -0.28886236 -0.34443861 1.76239446
8 10.62018800 0.00000000 0.00000000 0.57752504 -0.21020497 2.81422141
9 -4.75110800 -0.69449800 0.83058000 -0.15418600 -0.29167200 0.37319500
10 -1.68806800 0.00004700 -0.00003100 0.02287100 -0.00946300 0.26249200
11 -1.33614000 0.00005500 -0.00001000 0.02592200 0.00450900 0.38004900
12 -4.82049400 -0.50946400 -0.22475900 -0.67850600 -0.12493700 1.39189400
13 -1.82698400 -0.00006900 0.00000800 -0.01519000 0.03755800 0.88963800
14 -1.43656900 0.00000400 0.00000300 -0.05788200 -0.05197400 0.74803500
15 -3.99235700 -0.89119100 -1.82790900 -0.78312200 0.47783100 1.73317100
16 -1.40591800 -0.00002500 -0.00000200 0.01158200 -0.02712100 0.47278000
17 -1.17535800 0.00012600 -0.00001900 0.02643300 0.06261000 0.30325800
18 -4.52675100 -0.69058000 -1.12074100 -0.76414900 0.22720200 1.67117900
19 -1.74403800 0.00003200 -0.00000800 -0.01149500 -0.02729000 0.80897100
20 -1.36877100 0.00002300 0.00000200 -0.22704800 0.07843600 0.24818000
21 -1.87479600 -0.93512500 0.99917500 1.79694600 0.72864500 1.01706100
22 -1.52344700 0.00003100 0.00003100 0.10575300 0.13820400 0.75781300
23 -1.59928500 0.00001100 0.00001500 0.02972300 -0.03090300 0.78512800
24 5.58312100 0.11572600 0.29499900 1.94756400 -0.06728900 3.12123600
25 0.19684600 -0.00000200 0.00000300 2.79340694 -0.00042895 -3.14149100
26 -0.42065400 -14.75184200 -3.44053500 1.97586200 1.15991000 1.84280300
27 6.21448600 0.00000800 0.00001900 -1.14216115 0.80425687 -2.04216628
28 11.94488800 -0.00003100 -0.00020000 -0.91010972 -0.34575191 -1.88874330
29 10.62016500 0.00000200 0.00000600 -1.08837686 -0.83469054 -0.46105824
30 4.75115800 0.69437400 -0.83047400 0.12842900 -0.44158200 0.41817400
31 1.68806500 -0.00002200 0.00000200 0.00068800 -0.02474600 1.41163600
32 1.33615100 -0.00005100 -0.00000900 0.00291500 -0.03857300 0.29474600
33 4.82051500 0.50933800 0.22486600 -0.14851600 -0.31147800 1.00052700
34 1.82699200 0.00006600 0.00001000 0.01090700 0.03895400 1.54771100
35 1.43658100 -0.00000600 0.00001000 0.01503200 0.00167500 -0.83651700
36 3.99235300 0.89108700 1.82799300 -0.45399300 -0.08851700 1.25458700
37 1.40592600 0.00003100 -0.00000300 -0.01421100 -0.02586600 1.37541000
38 1.17536200 -0.00013200 0.00000100 -0.07487300 0.09798600 -0.69969900
39 4.52675800 0.69046400 1.12084300 -0.34960800 -0.17836200 1.24133300
40 1.74404100 -0.00003100 -0.00000200 -0.02639200 -0.01328600 1.51729600
41 1.36876700 -0.00003100 -0.00001800 -0.12191500 0.10180800 -1.06387600
42 2.12628900 1.15633200 -0.76951000 1.84706400 0.52542000 0.27660500
43 1.57833200 -0.31926600 -0.04171500 -0.04202400 -0.07377300 0.12077200
44 1.59179100 -0.07172600 0.01248600 0.03799300 0.07429800 -0.27107500
45 5.51180600 -0.00000200 0.00000300 -0.99849200 0.00000000 0.00000000
46 0.19684900 0.00000300 -0.00000100 -0.34822500 0.00001500 -0.00000200
47 0.00000000 0.00000000 0.00000000 0.00000000 0.00000000 -1.57079600
48 -4.14904400 4.91099600 -4.12447000 0.00000000 0.00000000 -3.14156200
49 -9.18956267 22.80097600 -0.94124175 0.43987094 0.20861604 -0.38501450
50 44.49528500 2.91572800 -17.31057200 0.00000000 0.00000000 0.00000000
51 0.85166200 0.00000000 0.00000000 0.00000000 0.00000000 0.00000000
52 0.34715100 -0.00506000 -1.70929000 0.00000000 0.00000000 0.00000000
53 0.36657300 -0.00506000 0.90475100 0.00000000 0.00000000 0.00000000
54 0.34912100 -0.00505900 0.26595500 0.00000000 0.00000000 0.00000000
55 0.34945800 -0.00505900 -0.38449700 0.00000000 0.00000000 0.00000000
56 0.33780400 -0.00506200 -1.09133400 0.00000000 0.00000000 0.00000000
57 3.93872200 -0.00328400 -1.03767400 0.00000000 0.00000000 0.00000000
58 0.45171900 0.00102000 1.29854300 0.00000000 0.00000000 0.00000000
59 -0.52680000 0.00000000 0.00000000 0.00000000 0.00000000 0.00000000
60 0.62233900 0.00000000 0.00000000 0.00000000 0.00000000 0.00000000
61 11.82442500 1.48996500 -1.86721800 -0.20588600 1.09315300 1.34480400
62 -1.31468100 -2.66984500 -2.04237300 -3.02352800 1.09807700 -2.21761800
63 -34.91577900 -0.00157300 0.20016800 0.00000000 0.00000000 0.00000000
time 34
0 -0.00000100 7.45008900 -27.50902600 0.00000000 0.00000000 0.00003100
1 -0.00000200 0.00000000 0.00000000 1.57074700 -1.56714200 -1.57074700
2 4.25546600 -0.33518300 -0.00000200 0.00000000 0.00000000 -0.12484800
3 7.43125000 1.49647900 0.00000200 0.00000000 0.00000000 0.24545000
4 5.27847900 0.16554400 0.00000100 0.00000000 0.00000000 0.04851100
5 -1.64873900 -13.09409500 6.31045700 1.97586500 1.15990900 -1.29878600
6 -6.21447800 -0.00000900 -0.00002600 3.05737811 -0.19870183 1.54049728
7 11.94488500 0.00000000 0.00000000 -0.28875924 -0.34444705 1.76237406
8 10.62018800 0.00000000 0.00000000 0.57860801 -0.20968987 2.81481623
9 -4.75110800 -0.69449800 0.83058000 -0.15418600 -0.29167200 0.37319500
10 -1.68806800 0.00004700 -0.00003100 0.02287100 -0.00946300 0.26249200
11 -1.33614000 0.00005500 -0.00001000 0.02592200 0.00450900 0.38004900
12 -4.82049400 -0.50946400 -0.22475900 -0.67850600 -0.12493700 1.39189400
13 -1.82698400 -0.00006900 0.00000800 -0.01519000 0.03755800 0.88963800
14 -1.43656900 0.00000400 0.00000300 -0.05788200 -0.05197400 0.74803500
15 -3.99235700 -0.89119100 -1.82790900 -0.78312200 0.47783100 1.73317100
16 -1.40591800 -0.00002500 -0.00000200 0.01158200 -0.02712100 0.47278000
17 -1.17535800 0.00012600 -0.00001900 0.02643300 0.06261000 0.30325800
18 -4.52675100 -0.69058000 -1.12074100 -0.76414900 0.22720200 1.67117900
19 -1.74403800 0.00003200 -0.00000800 -0.01149500 -0.02729000 0.80897100
20 -1.36877100 0.00002300 0.00000200 -0.22704800 0.07843600 0.24818000
21 -1.87479600 -0.93512500 0.99917500 1.79694600 0.72864500 1.01706100
22 -1.52344700 0.00003100 0.00003100 0.10575300 0.13820400 0.75781300
23 -1.59928500 0.00001100 0.00001500 0.02972300 -0.03090300 0.78512800
24 5.58312100 0.11572600 0.29499900 1.94756400 -0.06728900 3.12123600
25 0.19684600 -0.00000200 0.00000300 2.79340694 -0.00042895 -3.14149100
26 -0.42065400 -14.75184200 -3.44053500 1.97586200 1.15991000 1.84280300
27 6.21448600 0.00000800 0.00001900 -1.14252117 0.80195775 -2.04293563
28 11.94488800 -0.00003100 -0.00020000 -0.91063407 -0.34506045 -1.88717687
29 10.62016500 0.00000200 0.00000600 -1.08891554 -0.83371444 -0.46116385
30 4.75115800 0.69437400 -0.83047400 0.12842900 -0.44158200 0.41817400
31 1.68806500 -0.00002200 0.00000200 0.00068800 -0.02474600 1.41163600
32 1.33615100 -0.00005100 -0.00000900 0.00291500 -0.03857300 0.29474600
33 4.82051500 0.50933800 0.22486600 -0.14851600 -0.31147800 1.00052700
34 1.82699200 0.00006600 0.00001000 0.01090700 0.03895400 1.54771100
35 1.43658100 -0.00000600 0.00001000 0.01503200 0.00167500 -0.83651700
36 3.99235300 0.89108700 1.82799300 -0.45399300 -0.08851700 1.25458700
37 1.40592600 0.00003100 -0.00000300 -0.01421100 -0.02586600 1.37541000
38 1.17536200 -0.00013200 0.00000100 -0.07487300 0.09798600 -0.69969900
39 4.52675800 0.69046400 1.12084300 -0.34960800 -0.17836200 1.24133300
40 1.74404100 -0.00003100 -0.00000200 -0.02639200 -0.01328600 1.51729600
41 1.36876700 -0.00003100 -0.00001800 -0.12191500 0.10180800 -1.06387600
42 2.12628900 1.15633200 -0.76951000 1.84706400 0.52542000 0.27660500
43 1.57833200 -0.31926600 -0.04171500 -0.04202400 -0.07377300 0.12077200
44 1.59179100 -0.07172600 0.01248600 0.03799300 0.07429800 -0.27107500
45 5.51180600 -0.00000200 0.00000300 -0.99849200 0.00000000 0.00000000
46 0.19684900 0.00000300 -0.00000100 -0.34822500 0.00001500 -0.00000200
47 0.00000000 0.00000000 0.00000000 0.00000000 0.00000000 -1.57079600
48 -4.14904400 4.91099600 -4.12447000 0.00000000 0.00000000 -3.14156200
49 -9.17462118 22.80097600 -0.91454275 0.44184430 0.20997199 -0.38513410
50 44.49528500 2.91572800 -17.31057200 0.00000000 0.00000000 0.00000000
51 0.85166200 0.00000000 0.00000000 0.00000000 0.00000000 0.00000000
52 0.34715100 -0.00506000 -1.70929000 0.00000000 0.00000000 0.00000000
53 0.36657300 -0.00506000 0.90475100 0.00000000 0.00000000 0.00000000
54 0.34912100 -0.00505900 0.26595500 0.00000000 0.00000000 0.00000000
55 0.34945800 -0.00505900 -0.38449700 0.00000000 0.00000000 0.00000000
56 0.33780400 -0.00506200 -1.09133400 0.00000000 0.00000000 0.00000000
57 3.93872200 -0.00328400 -1.03767400 0.00000000 0.00000000 0.00000000
58 0.45171900 0.00102000 1.29854300 0.00000000 0.00000000 0.00000000
59 -0.52680000 0.00000000 0.00000000 0.00000000 0.00000000 0.00000000
60 0.62233900 0.00000000 0.00000000 0.00000000 0.00000000 0.00000000
61 11.82442500 1.48996500 -1.86721800 -0.20588600 1.09315300 1.34480400
62 -1.31468100 -2.66984500 -2.04237300 -3.02352800 1.09807700 -2.21761800
63 -34.91577900 -0.00157300 0.20016800 0.00000000 0.00000000 0.00000000
time 35
0 -0.00000100 7.45008900 -27.50902600 0.00000000 0.00000000 0.00003100
1 -0.00000200 0.00000000 0.00000000 1.57074700 -1.56714200 -1.57074700
2 4.25546600 -0.33518300 -0.00000200 0.00000000 0.00000000 -0.12484800
3 7.43125000 1.49647900 0.00000200 0.00000000 0.00000000 0.24545000
4 5.27847900 0.16554400 0.00000100 0.00000000 0.00000000 0.04851100
5 -1.64873900 -13.09409500 6.31045700 1.97586500 1.15990900 -1.29878600
6 -6.21447800 -0.00000900 -0.00002600 3.05839095 -0.19803896 1.54102697
7 11.94488500 0.00000000 0.00000000 -0.28876139 -0.34446275 1.76223928
8 10.62018800 0.00000000 0.00000000 0.57968159 -0.20887557 2.81568502
9 -4.75110800 -0.69449800 0.83058000 -0.15418600 -0.29167200 0.37319500
10 -1.68806800 0.00004700 -0.00003100 0.02287100 -0.00946300 0.26249200
11 -1.33614000 0.00005500 -0.00001000 0.02592200 0.00450900 0.38004900
12 -4.82049400 -0.50946400 -0.22475900 -0.67850600 -0.12493700 1.39189400
13 -1.82698400 -0.00006900 0.00000800 -0.01519000 0.03755800 0.88963800
14 -1.43656900 0.00000400 0.00000300 -0.05788200 -0.05197400 0.74803500
15 -3.99235700 -0.89119100 -1.82790900 -0.78312200 0.47783100 1.73317100
16 -1.40591800 -0.00002500 -0.00000200 0.01158200 -0.02712100 0.47278000
17 -1.17535800 0.00012600 -0.00001900 0.02643300 0.06261000 0.30325800
18 -4.52675100 -0.69058000 -1.12074100 -0.76414900 0.22720200 1.67117900
19 -1.74403800 0.00003200 -0.00000800 -0.01149500 -0.02729000 0.80897100
20 -1.36877100 0.00002300 0.00000200 -0.22704800 0.07843600 0.24818000
21 -1.87479600 -0.93512500 0.99917500 1.79694600 0.72864500 1.01706100
22 -1.52344700 0.00003100 0.00003100 0.10575300 0.13820400 0.75781300
23 -1.59928500 0.00001100 0.00001500 0.02972300 -0.03090300 0.78512800
24 5.58312100 0.11572600 0.29499900 1.94756400 -0.06728900 3.12123600
25 0.19684600 -0.00000200 0.00000300 2.79340694 -0.00042895 -3.14149100
26 -0.42065400 -14.75184200 -3.44053500 1.97586200 1.15991000 1.84280300
27 6.21448600 0.00000800 0.00001900 -1.14288731 0.79932907 -2.04370457
28 11.94488800 -0.00003100 -0.00020000 -0.91117315 -0.34432729 -1.88551338
29 10.62016500 0.00000200 0.00000600 -1.08937677 -0.83259919 -0.46112151
30 4.75115800 0.69437400 -0.83047400 0.12842900 -0.44158200 0.41817400
31 1.68806500 -0.00002200 0.00000200 0.00068800 -0.02474600 1.41163600
32 1.33615100 -0.00005100 -0.00000900 0.00291500 -0.03857300 0.29474600
33 4.82051500 0.50933800 0.22486600 -0.14851600 -0.31147800 1.00052700
34 1.82699200 0.00006600 0.00001000 0.01090700 0.03895400 1.54771100
35 1.43658100 -0.00000600 0.00001000 0.01503200 0.00167500 -0.83651700
36 3.99235300 0.89108700 1.82799300 -0.45399300 -0.08851700 1.25458700
37 1.40592600 0.00003100 -0.00000300 -0.01421100 -0.02586600 1.37541000
38 1.17536200 -0.00013200 0.00000100 -0.07487300 0.09798600 -0.69969900
39 4.52675800 0.69046400 1.12084300 -0.34960800 -0.17836200 1.24133300
40 1.74404100 -0.00003100 -0.00000200 -0.02639200 -0.01328600 1.51729600
41 1.36876700 -0.00003100 -0.00001800 -0.12191500 0.10180800 -1.06387600
42 2.12628900 1.15633200 -0.76951000 1.84706400 0.52542000 0.27660500
43 1.57833200 -0.31926600 -0.04171500 -0.04202400 -0.07377300 0.12077200
44 1.59179100 -0.07172600 0.01248600 0.03799300 0.07429800 -0.27107500
45 5.51180600 -0.00000200 0.00000300 -0.99849200 0.00000000 0.00000000
46 0.19684900 0.00000300 -0.00000100 -0.34822500 0.00001500 -0.00000200
47 0.00000000 0.00000000 0.00000000 0.00000000 0.00000000 -1.57079600
48 -4.14904400 4.91099600 -4.12447000 0.00000000 0.00000000 -3.14156200
49 -9.15892369 22.80097600 -0.88465675 0.44387420 0.21157974 -0.38511251
50 44.49528500 2.91572800 -17.31057200 0.00000000 0.00000000 0.00000000
51 0.85166200 0.00000000 0.00000000 0.00000000 0.00000000 0.00000000
52 0.34715100 -0.00506000 -1.70929000 0.00000000 0.00000000 0.00000000
53 0.36657300 -0.00506000 0.90475100 0.00000000 0.00000000 0.00000000
54 0.34912100 -0.00505900 0.26595500 0.00000000 0.00000000 0.00000000
55 0.34945800 -0.00505900 -0.38449700 0.00000000 0.00000000 0.00000000
56 0.33780400 -0.00506200 -1.09133400 0.00000000 0.00000000 0.00000000
57 3.93872200 -0.00328400 -1.03767400 0.00000000 0.00000000 0.00000000
58 0.45171900 0.00102000 1.29854300 0.00000000 0.00000000 0.00000000
59 -0.52680000 0.00000000 0.00000000 0.00000000 0.00000000 0.00000000
60 0.62233900 0.00000000 0.00000000 0.00000000 0.00000000 0.00000000
61 11.82442500 1.48996500 -1.86721800 -0.20588600 1.09315300 1.34480400
62 -1.31468100 -2.66984500 -2.04237300 -3.02352800 1.09807700 -2.21761800
63 -34.91577900 -0.00157300 0.20016800 0.00000000 0.00000000 0.00000000
time 36
0 -0.00000100 7.45008900 -27.50902600 0.00000000 0.00000000 0.00003100
1 -0.00000200 0.00000000 0.00000000 1.57074700 -1.56714200 -1.57074700
2 4.25546600 -0.33518300 -0.00000200 0.00000000 0.00000000 -0.12484800
3 7.43125000 1.49647900 0.00000200 0.00000000 0.00000000 0.24545000
4 5.27847900 0.16554400 0.00000100 0.00000000 0.00000000 0.04851100
5 -1.64873900 -13.09409500 6.31045700 1.97586500 1.15990900 -1.29878600
6 -6.21447800 -0.00000900 -0.00002600 3.05919978 -0.19764075 1.54154780
7 11.94488500 0.00000000 0.00000000 -0.28868677 -0.34445797 1.76218322
8 10.62018800 0.00000000 0.00000000 0.57941492 -0.20768905 2.81653715
9 -4.75110800 -0.69449800 0.83058000 -0.15418600 -0.29167200 0.37319500
10 -1.68806800 0.00004700 -0.00003100 0.02287100 -0.00946300 0.26249200
11 -1.33614000 0.00005500 -0.00001000 0.02592200 0.00450900 0.38004900
12 -4.82049400 -0.50946400 -0.22475900 -0.67850600 -0.12493700 1.39189400
13 -1.82698400 -0.00006900 0.00000800 -0.01519000 0.03755800 0.88963800
14 -1.43656900 0.00000400 0.00000300 -0.05788200 -0.05197400 0.74803500
15 -3.99235700 -0.89119100 -1.82790900 -0.78312200 0.47783100 1.73317100
16 -1.40591800 -0.00002500 -0.00000200 0.01158200 -0.02712100 0.47278000
17 -1.17535800 0.00012600 -0.00001900 0.02643300 0.06261000 0.30325800
18 -4.52675100 -0.69058000 -1.12074100 -0.76414900 0.22720200 1.67117900
19 -1.74403800 0.00003200 -0.00000800 -0.01149500 -0.02729000 0.80897100
20 -1.36877100 0.00002300 0.00000200 -0.22704800 0.07843600 0.24818000
21 -1.87479600 -0.93512500 0.99917500 1.79694600 0.72864500 1.01706100
22 -1.52344700 0.00003100 0.00003100 0.10575300 0.13820400 0.75781300
23 -1.59928500 0.00001100 0.00001500 0.02972300 -0.03090300 0.78512800
24 5.58312100 0.11572600 0.29499900 1.94756400 -0.06728900 3.12123600
25 0.19684600 -0.00000200 0.00000300 2.79340694 -0.00042895 -3.14149100
26 -0.42065400 -14.75184200 -3.44053500 1.97586200 1.15991000 1.84280300
27 6.21448600 0.00000800 0.00001900 -1.14321642 0.79665556 -2.04433294
28 11.94488800 -0.00003100 -0.00020000 -0.91160992 -0.34333680 -1.88430821
29 10.62016500 0.00000200 0.00000600 -1.08794016 -0.83253264 -0.46124215
30 4.75115800 0.69437400 -0.83047400 0.12842900 -0.44158200 0.41817400
31 1.68806500 -0.00002200 0.00000200 0.00068800 -0.02474600 1.41163600
32 1.33615100 -0.00005100 -0.00000900 0.00291500 -0.03857300 0.29474600
33 4.82051500 0.50933800 0.22486600 -0.14851600 -0.31147800 1.00052700
34 1.82699200 0.00006600 0.00001000 0.01090700 0.03895400 1.54771100
35 1.43658100 -0.00000600 0.00001000 0.01503200 0.00167500 -0.83651700
36 3.99235300 0.89108700 1.82799300 -0.45399300 -0.08851700 1.25458700
37 1.40592600 0.00003100 -0.00000300 -0.01421100 -0.02586600 1.37541000
38 1.17536200 -0.00013200 0.00000100 -0.07487300 0.09798600 -0.69969900
39 4.52675800 0.69046400 1.12084300 -0.34960800 -0.17836200 1.24133300
40 1.74404100 -0.00003100 -0.00000200 -0.02639200 -0.01328600 1.51729600
41 1.36876700 -0.00003100 -0.00001800 -0.12191500 0.10180800 -1.06387600
42 2.12628900 1.15633200 -0.76951000 1.84706400 0.52542000 0.27660500
43 1.57833200 -0.31926600 -0.04171500 -0.04202400 -0.07377300 0.12077200
44 1.59179100 -0.07172600 0.01248600 0.03799300 0.07429800 -0.27107500
45 5.51180600 -0.00000200 0.00000300 -0.99849200 0.00000000 0.00000000
46 0.19684900 0.00000300 -0.00000100 -0.34822500 0.00001500 -0.00000200
47 0.00000000 0.00000000 0.00000000 0.00000000 0.00000000 -1.57079600
48 -4.14904400 4.91099600 -4.12447000 0.00000000 0.00000000 -3.14156200
49 -9.14191831 22.80097600 -0.85427580 0.44439155 0.21351648 -0.38508831
50 44.49528500 2.91572800 -17.31057200 0.00000000 0.00000000 0.00000000
51 0.85166200 0.00000000 0.00000000 0.00000000 0.00000000 0.00000000
52 0.34715100 -0.00506000 -1.70929000 0.00000000 0.00000000 0.00000000
53 0.36657300 -0.00506000 0.90475100 0.00000000 0.00000000 0.00000000
54 0.34912100 -0.00505900 0.26595500 0.00000000 0.00000000 0.00000000
55 0.34945800 -0.00505900 -0.38449700 0.00000000 0.00000000 0.00000000
56 0.33780400 -0.00506200 -1.09133400 0.00000000 0.00000000 0.00000000
57 3.93872200 -0.00328400 -1.03767400 0.00000000 0.00000000 0.00000000
58 0.45171900 0.00102000 1.29854300 0.00000000 0.00000000 0.00000000
59 -0.52680000 0.00000000 0.00000000 0.00000000 0.00000000 0.00000000
60 0.62233900 0.00000000 0.00000000 0.00000000 0.00000000 0.00000000
61 11.82442500 1.48996500 -1.86721800 -0.20588600 1.09315300 1.34480400
62 -1.31468100 -2.66984500 -2.04237300 -3.02352800 1.09807700 -2.21761800
63 -34.91577900 -0.00157300 0.20016800 0.00000000 0.00000000 0.00000000
time 37
0 -0.00000100 7.45008900 -27.50902600 0.00000000 0.00000000 0.00003100
1 -0.00000200 0.00000000 0.00000000 1.57074700 -1.56714200 -1.57074700
2 4.25546600 -0.33518300 -0.00000200 0.00000000 0.00000000 -0.12484800
3 7.43125000 1.49647900 0.00000200 0.00000000 0.00000000 0.24545000
4 5.27847900 0.16554400 0.00000100 0.00000000 0.00000000 0.04851100
5 -1.64873900 -13.09409500 6.31045700 1.97586500 1.15990900 -1.29878600
6 -6.21447800 -0.00000900 -0.00002600 3.05959934 -0.19746062 1.54219652
7 11.94488500 0.00000000 0.00000000 -0.28877186 -0.34442420 1.76217489
8 10.62018800 0.00000000 0.00000000 0.57788054 -0.20614994 2.81734098
9 -4.75110800 -0.69449800 0.83058000 -0.15418600 -0.29167200 0.37319500
10 -1.68806800 0.00004700 -0.00003100 0.02287100 -0.00946300 0.26249200
11 -1.33614000 0.00005500 -0.00001000 0.02592200 0.00450900 0.38004900
12 -4.82049400 -0.50946400 -0.22475900 -0.67850600 -0.12493700 1.39189400
13 -1.82698400 -0.00006900 0.00000800 -0.01519000 0.03755800 0.88963800
14 -1.43656900 0.00000400 0.00000300 -0.05788200 -0.05197400 0.74803500
15 -3.99235700 -0.89119100 -1.82790900 -0.78312200 0.47783100 1.73317100
16 -1.40591800 -0.00002500 -0.00000200 0.01158200 -0.02712100 0.47278000
17 -1.17535800 0.00012600 -0.00001900 0.02643300 0.06261000 0.30325800
18 -4.52675100 -0.69058000 -1.12074100 -0.76414900 0.22720200 1.67117900
19 -1.74403800 0.00003200 -0.00000800 -0.01149500 -0.02729000 0.80897100
20 -1.36877100 0.00002300 0.00000200 -0.22704800 0.07843600 0.24818000
21 -1.87479600 -0.93512500 0.99917500 1.79694600 0.72864500 1.01706100
22 -1.52344700 0.00003100 0.00003100 0.10575300 0.13820400 0.75781300
23 -1.59928500 0.00001100 0.00001500 0.02972300 -0.03090300 0.78512800
24 5.58312100 0.11572600 0.29499900 1.94756400 -0.06728900 3.12123600
25 0.19684600 -0.00000200 0.00000300 2.79340694 -0.00042895 -3.14149100
26 -0.42065400 -14.75184200 -3.44053500 1.97586200 1.15991000 1.84280300
27 6.21448600 0.00000800 0.00001900 -1.14384632 0.79384009 -2.04498919
28 11.94488800 -0.00003100 -0.00020000 -0.91183987 -0.34209681 -1.88345396
29 10.62016500 0.00000200 0.00000600 -1.08497558 -0.83331856 -0.46157930
30 4.75115800 0.69437400 -0.83047400 0.12842900 -0.44158200 0.41817400
31 1.68806500 -0.00002200 0.00000200 0.00068800 -0.02474600 1.41163600
32 1.33615100 -0.00005100 -0.00000900 0.00291500 -0.03857300 0.29474600
33 4.82051500 0.50933800 0.22486600 -0.14851600 -0.31147800 1.00052700
34 1.82699200 0.00006600 0.00001000 0.01090700 0.03895400 1.54771100
35 1.43658100 -0.00000600 0.00001000 0.01503200 0.00167500 -0.83651700
36 3.99235300 0.89108700 1.82799300 -0.45399300 -0.08851700 1.25458700
37 1.40592600 0.00003100 -0.00000300 -0.01421100 -0.02586600 1.37541000
38 1.17536200 -0.00013200 0.00000100 -0.07487300 0.09798600 -0.69969900
39 4.52675800 0.69046400 1.12084300 -0.34960800 -0.17836200 1.24133300
40 1.74404100 -0.00003100 -0.00000200 -0.02639200 -0.01328600 1.51729600
41 1.36876700 -0.00003100 -0.00001800 -0.12191500 0.10180800 -1.06387600
42 2.12628900 1.15633200 -0.76951000 1.84706400 0.52542000 0.27660500
43 1.57833200 -0.31926600 -0.04171500 -0.04202400 -0.07377300 0.12077200
44 1.59179100 -0.07172600 0.01248600 0.03799300 0.07429800 -0.27107500
45 5.51180600 -0.00000200 0.00000300 -0.99849200 0.00000000 0.00000000
46 0.19684900 0.00000300 -0.00000100 -0.34822500 0.00001500 -0.00000200
47 0.00000000 0.00000000 0.00000000 0.00000000 0.00000000 -1.57079600
48 -4.14904400 4.91099600 -4.12447000 0.00000000 0.00000000 -3.14156200
49 -9.12377869 22.80097600 -0.82329006 0.44360245 0.21566017 -0.38500038
50 44.49528500 2.91572800 -17.31057200 0.00000000 0.00000000 0.00000000
51 0.85166200 0.00000000 0.00000000 0.00000000 0.00000000 0.00000000
52 0.34715100 -0.00506000 -1.70929000 0.00000000 0.00000000 0.00000000
53 0.36657300 -0.00506000 0.90475100 0.00000000 0.00000000 0.00000000
54 0.34912100 -0.00505900 0.26595500 0.00000000 0.00000000 0.00000000
55 0.34945800 -0.00505900 -0.38449700 0.00000000 0.00000000 0.00000000
56 0.33780400 -0.00506200 -1.09133400 0.00000000 0.00000000 0.00000000
57 3.93872200 -0.00328400 -1.03767400 0.00000000 0.00000000 0.00000000
58 0.45171900 0.00102000 1.29854300 0.00000000 0.00000000 0.00000000
59 -0.52680000 0.00000000 0.00000000 0.00000000 0.00000000 0.00000000
60 0.62233900 0.00000000 0.00000000 0.00000000 0.00000000 0.00000000
61 11.82442500 1.48996500 -1.86721800 -0.20588600 1.09315300 1.34480400
62 -1.31468100 -2.66984500 -2.04237300 -3.02352800 1.09807700 -2.21761800
63 -34.91577900 -0.00157300 0.20016800 0.00000000 0.00000000 0.00000000
time 38
0 -0.00000100 7.45008900 -27.50902600 0.00000000 0.00000000 0.00003100
1 -0.00000200 0.00000000 0.00000000 1.57074700 -1.56714200 -1.57074700
2 4.25546600 -0.33518300 -0.00000200 0.00000000 0.00000000 -0.12484800
3 7.43125000 1.49647900 0.00000200 0.00000000 0.00000000 0.24545000
4 5.27847900 0.16554400 0.00000100 0.00000000 0.00000000 0.04851100
5 -1.64873900 -13.09409500 6.31045700 1.97586500 1.15990900 -1.29878600
6 -6.21447800 -0.00000900 -0.00002600 3.06006204 -0.19721966 1.54282802
7 11.94488500 0.00000000 0.00000000 -0.28873289 -0.34439352 1.76216221
8 10.62018800 0.00000000 0.00000000 0.57636743 -0.20436975 2.81829698
9 -4.75110800 -0.69449800 0.83058000 -0.15418600 -0.29167200 0.37319500
10 -1.68806800 0.00004700 -0.00003100 0.02287100 -0.00946300 0.26249200
11 -1.33614000 0.00005500 -0.00001000 0.02592200 0.00450900 0.38004900
12 -4.82049400 -0.50946400 -0.22475900 -0.67850600 -0.12493700 1.39189400
13 -1.82698400 -0.00006900 0.00000800 -0.01519000 0.03755800 0.88963800
14 -1.43656900 0.00000400 0.00000300 -0.05788200 -0.05197400 0.74803500
15 -3.99235700 -0.89119100 -1.82790900 -0.78312200 0.47783100 1.73317100
16 -1.40591800 -0.00002500 -0.00000200 0.01158200 -0.02712100 0.47278000
17 -1.17535800 0.00012600 -0.00001900 0.02643300 0.06261000 0.30325800
18 -4.52675100 -0.69058000 -1.12074100 -0.76414900 0.22720200 1.67117900
19 -1.74403800 0.00003200 -0.00000800 -0.01149500 -0.02729000 0.80897100
20 -1.36877100 0.00002300 0.00000200 -0.22704800 0.07843600 0.24818000
21 -1.87479600 -0.93512500 0.99917500 1.79694600 0.72864500 1.01706100
22 -1.52344700 0.00003100 0.00003100 0.10575300 0.13820400 0.75781300
23 -1.59928500 0.00001100 0.00001500 0.02972300 -0.03090300 0.78512800
24 5.58312100 0.11572600 0.29499900 1.94756400 -0.06728900 3.12123600
25 0.19684600 -0.00000200 0.00000300 2.79340694 -0.00042895 -3.14149100
26 -0.42065400 -14.75184200 -3.44053500 1.97586200 1.15991000 1.84280300
27 6.21448600 0.00000800 0.00001900 -1.14429708 0.79075632 -2.04566490
28 11.94488800 -0.00003100 -0.00020000 -0.91215720 -0.34086437 -1.88243522
29 10.62016500 0.00000200 0.00000600 -1.08192174 -0.83410449 -0.46182145
30 4.75115800 0.69437400 -0.83047400 0.12842900 -0.44158200 0.41817400
31 1.68806500 -0.00002200 0.00000200 0.00068800 -0.02474600 1.41163600
32 1.33615100 -0.00005100 -0.00000900 0.00291500 -0.03857300 0.29474600
33 4.82051500 0.50933800 0.22486600 -0.14851600 -0.31147800 1.00052700
34 1.82699200 0.00006600 0.00001000 0.01090700 0.03895400 1.54771100
35 1.43658100 -0.00000600 0.00001000 0.01503200 0.00167500 -0.83651700
36 3.99235300 0.89108700 1.82799300 -0.45399300 -0.08851700 1.25458700
37 1.40592600 0.00003100 -0.00000300 -0.01421100 -0.02586600 1.37541000
38 1.17536200 -0.00013200 0.00000100 -0.07487300 0.09798600 -0.69969900
39 4.52675800 0.69046400 1.12084300 -0.34960800 -0.17836200 1.24133300
40 1.74404100 -0.00003100 -0.00000200 -0.02639200 -0.01328600 1.51729600
41 1.36876700 -0.00003100 -0.00001800 -0.12191500 0.10180800 -1.06387600
42 2.12628900 1.15633200 -0.76951000 1.84706400 0.52542000 0.27660500
43 1.57833200 -0.31926600 -0.04171500 -0.04202400 -0.07377300 0.12077200
44 1.59179100 -0.07172600 0.01248600 0.03799300 0.07429800 -0.27107500
45 5.51180600 -0.00000200 0.00000300 -0.99849200 0.00000000 0.00000000
46 0.19684900 0.00000300 -0.00000100 -0.34822500 0.00001500 -0.00000200
47 0.00000000 0.00000000 0.00000000 0.00000000 0.00000000 -1.57079600
48 -4.14904400 4.91099600 -4.12447000 0.00000000 0.00000000 -3.14156200
49 -9.10508608 22.80097600 -0.78998631 0.44287118 0.21805378 -0.38477072
50 44.49528500 2.91572800 -17.31057200 0.00000000 0.00000000 0.00000000
51 0.85166200 0.00000000 0.00000000 0.00000000 0.00000000 0.00000000
52 0.34715100 -0.00506000 -1.70929000 0.00000000 0.00000000 0.00000000
53 0.36657300 -0.00506000 0.90475100 0.00000000 0.00000000 0.00000000
54 0.34912100 -0.00505900 0.26595500 0.00000000 0.00000000 0.00000000
55 0.34945800 -0.00505900 -0.38449700 0.00000000 0.00000000 0.00000000
56 0.33780400 -0.00506200 -1.09133400 0.00000000 0.00000000 0.00000000
57 3.93872200 -0.00328400 -1.03767400 0.00000000 0.00000000 0.00000000
58 0.45171900 0.00102000 1.29854300 0.00000000 0.00000000 0.00000000
59 -0.52680000 0.00000000 0.00000000 0.00000000 0.00000000 0.00000000
60 0.62233900 0.00000000 0.00000000 0.00000000 0.00000000 0.00000000
61 11.82442500 1.48996500 -1.86721800 -0.20588600 1.09315300 1.34480400
62 -1.31468100 -2.66984500 -2.04237300 -3.02352800 1.09807700 -2.21761800
63 -34.91577900 -0.00157300 0.20016800 0.00000000 0.00000000 0.00000000
time 39
0 -0.00000100 7.45008900 -27.50902600 0.00000000 0.00000000 0.00003100
1 -0.00000200 0.00000000 0.00000000 1.57074700 -1.56714200 -1.57074700
2 4.25546600 -0.33518300 -0.00000200 0.00000000 0.00000000 -0.12484800
3 7.43125000 1.49647900 0.00000200 0.00000000 0.00000000 0.24545000
4 5.27847900 0.16554400 0.00000100 0.00000000 0.00000000 0.04851100
5 -1.64873900 -13.09409500 6.31045700 1.97586500 1.15990900 -1.29878600
6 -6.21447800 -0.00000900 -0.00002600 3.06012364 -0.19735571 1.54355632
7 11.94488500 0.00000000 0.00000000 -0.28864015 -0.34425551 1.76191427
8 10.62018800 0.00000000 0.00000000 0.57396199 -0.20194136 2.81949209
9 -4.75110800 -0.69449800 0.83058000 -0.15418600 -0.29167200 0.37319500
10 -1.68806800 0.00004700 -0.00003100 0.02287100 -0.00946300 0.26249200
11 -1.33614000 0.00005500 -0.00001000 0.02592200 0.00450900 0.38004900
12 -4.82049400 -0.50946400 -0.22475900 -0.67850600 -0.12493700 1.39189400
13 -1.82698400 -0.00006900 0.00000800 -0.01519000 0.03755800 0.88963800
14 -1.43656900 0.00000400 0.00000300 -0.05788200 -0.05197400 0.74803500
15 -3.99235700 -0.89119100 -1.82790900 -0.78312200 0.47783100 1.73317100
16 -1.40591800 -0.00002500 -0.00000200 0.01158200 -0.02712100 0.47278000
17 -1.17535800 0.00012600 -0.00001900 0.02643300 0.06261000 0.30325800
18 -4.52675100 -0.69058000 -1.12074100 -0.76414900 0.22720200 1.67117900
19 -1.74403800 0.00003200 -0.00000800 -0.01149500 -0.02729000 0.80897100
20 -1.36877100 0.00002300 0.00000200 -0.22704800 0.07843600 0.24818000
21 -1.87479600 -0.93512500 0.99917500 1.79694600 0.72864500 1.01706100
22 -1.52344700 0.00003100 0.00003100 0.10575300 0.13820400 0.75781300
23 -1.59928500 0.00001100 0.00001500 0.02972300 -0.03090300 0.78512800
24 5.58312100 0.11572600 0.29499900 1.94756400 -0.06728900 3.12123600
25 0.19684600 -0.00000200 0.00000300 2.79340694 -0.00042895 -3.14149100
26 -0.42065400 -14.75184200 -3.44053500 1.97586200 1.15991000 1.84280300
27 6.21448600 0.00000800 0.00001900 -1.14488560 0.78787544 -2.04637426
28 11.94488800 -0.00003100 -0.00020000 -0.91235590 -0.33960722 -1.88172643
29 10.62016500 0.00000200 0.00000600 -1.07761668 -0.83513704 -0.46218871
30 4.75115800 0.69437400 -0.83047400 0.12842900 -0.44158200 0.41817400
31 1.68806500 -0.00002200 0.00000200 0.00068800 -0.02474600 1.41163600
32 1.33615100 -0.00005100 -0.00000900 0.00291500 -0.03857300 0.29474600
33 4.82051500 0.50933800 0.22486600 -0.14851600 -0.31147800 1.00052700
34 1.82699200 0.00006600 0.00001000 0.01090700 0.03895400 1.54771100
35 1.43658100 -0.00000600 0.00001000 0.01503200 0.00167500 -0.83651700
36 3.99235300 0.89108700 1.82799300 -0.45399300 -0.08851700 1.25458700
37 1.40592600 0.00003100 -0.00000300 -0.01421100 -0.02586600 1.37541000
38 1.17536200 -0.00013200 0.00000100 -0.07487300 0.09798600 -0.69969900
39 4.52675800 0.69046400 1.12084300 -0.34960800 -0.17836200 1.24133300
40 1.74404100 -0.00003100 -0.00000200 -0.02639200 -0.01328600 1.51729600
41 1.36876700 -0.00003100 -0.00001800 -0.12191500 0.10180800 -1.06387600
42 2.12628900 1.15633200 -0.76951000 1.84706400 0.52542000 0.27660500
43 1.57833200 -0.31926600 -0.04171500 -0.04202400 -0.07377300 0.12077200
44 1.59179100 -0.07172600 0.01248600 0.03799300 0.07429800 -0.27107500
45 5.51180600 -0.00000200 0.00000300 -0.99849200 0.00000000 0.00000000
46 0.19684900 0.00000300 -0.00000100 -0.34822500 0.00001500 -0.00000200
47 0.00000000 0.00000000 0.00000000 0.00000000 0.00000000 -1.57079600
48 -4.14904400 4.91099600 -4.12447000 0.00000000 0.00000000 -3.14156200
49 -9.08632534 22.80097600 -0.75870554 0.44120974 0.22072487 -0.38448402
50 44.49528500 2.91572800 -17.31057200 0.00000000 0.00000000 0.00000000
51 0.85166200 0.00000000 0.00000000 0.00000000 0.00000000 0.00000000
52 0.34715100 -0.00506000 -1.70929000 0.00000000 0.00000000 0.00000000
53 0.36657300 -0.00506000 0.90475100 0.00000000 0.00000000 0.00000000
54 0.34912100 -0.00505900 0.26595500 0.00000000 0.00000000 0.00000000
55 0.34945800 -0.00505900 -0.38449700 0.00000000 0.00000000 0.00000000
56 0.33780400 -0.00506200 -1.09133400 0.00000000 0.00000000 0.00000000
57 3.93872200 -0.00328400 -1.03767400 0.00000000 0.00000000 0.00000000
58 0.45171900 0.00102000 1.29854300 0.00000000 0.00000000 0.00000000
59 -0.52680000 0.00000000 0.00000000 0.00000000 0.00000000 0.00000000
60 0.62233900 0.00000000 0.00000000 0.00000000 0.00000000 0.00000000
61 11.82442500 1.48996500 -1.86721800 -0.20588600 1.09315300 1.34480400
62 -1.31468100 -2.66984500 -2.04237300 -3.02352800 1.09807700 -2.21761800
63 -34.91577900 -0.00157300 0.20016800 0.00000000 0.00000000 0.00000000
time 40
0 -0.00000100 7.45008900 -27.50902600 0.00000000 0.00000000 0.00003100
1 -0.00000200 0.00000000 0.00000000 1.57074700 -1.56714200 -1.57074700
2 4.25546600 -0.33518300 -0.00000200 0.00000000 0.00000000 -0.12484800
3 7.43125000 1.49647900 0.00000200 0.00000000 0.00000000 0.24545000
4 5.27847900 0.16554400 0.00000100 0.00000000 0.00000000 0.04851100
5 -1.64873900 -13.09409500 6.31045700 1.97586500 1.15990900 -1.29878600
6 -6.21447800 -0.00000900 -0.00002600 3.06009644 -0.19744515 1.54416409
7 11.94488500 0.00000000 0.00000000 -0.28856484 -0.34422585 1.76167300
8 10.62018800 0.00000000 0.00000000 0.57141831 -0.19921444 2.82074568
9 -4.75110800 -0.69449800 0.83058000 -0.15418600 -0.29167200 0.37319500
10 -1.68806800 0.00004700 -0.00003100 0.02287100 -0.00946300 0.26249200
11 -1.33614000 0.00005500 -0.00001000 0.02592200 0.00450900 0.38004900
12 -4.82049400 -0.50946400 -0.22475900 -0.67850600 -0.12493700 1.39189400
13 -1.82698400 -0.00006900 0.00000800 -0.01519000 0.03755800 0.88963800
14 -1.43656900 0.00000400 0.00000300 -0.05788200 -0.05197400 0.74803500
15 -3.99235700 -0.89119100 -1.82790900 -0.78312200 0.47783100 1.73317100
16 -1.40591800 -0.00002500 -0.00000200 0.01158200 -0.02712100 0.47278000
17 -1.17535800 0.00012600 -0.00001900 0.02643300 0.06261000 0.30325800
18 -4.52675100 -0.69058000 -1.12074100 -0.76414900 0.22720200 1.67117900
19 -1.74403800 0.00003200 -0.00000800 -0.01149500 -0.02729000 0.80897100
20 -1.36877100 0.00002300 0.00000200 -0.22704800 0.07843600 0.24818000
21 -1.87479600 -0.93512500 0.99917500 1.79694600 0.72864500 1.01706100
22 -1.52344700 0.00003100 0.00003100 0.10575300 0.13820400 0.75781300
23 -1.59928500 0.00001100 0.00001500 0.02972300 -0.03090300 0.78512800
24 5.58312100 0.11572600 0.29499900 1.94756400 -0.06728900 3.12123600
25 0.19684600 -0.00000200 0.00000300 2.79340694 -0.00042895 -3.14149100
26 -0.42065400 -14.75184200 -3.44053500 1.97586200 1.15991000 1.84280300
27 6.21448600 0.00000800 0.00001900 -1.14527477 0.78479486 -2.04692852
28 11.94488800 -0.00003100 -0.00020000 -0.91258868 -0.33845049 -1.88113605
29 10.62016500 0.00000200 0.00000600 -1.07310321 -0.83607083 -0.46242962
30 4.75115800 0.69437400 -0.83047400 0.12842900 -0.44158200 0.41817400
31 1.68806500 -0.00002200 0.00000200 0.00068800 -0.02474600 1.41163600
32 1.33615100 -0.00005100 -0.00000900 0.00291500 -0.03857300 0.29474600
33 4.82051500 0.50933800 0.22486600 -0.14851600 -0.31147800 1.00052700
34 1.82699200 0.00006600 0.00001000 0.01090700 0.03895400 1.54771100
35 1.43658100 -0.00000600 0.00001000 0.01503200 0.00167500 -0.83651700
36 3.99235300 0.89108700 1.82799300 -0.45399300 -0.08851700 1.25458700
37 1.40592600 0.00003100 -0.00000300 -0.01421100 -0.02586600 1.37541000
38 1.17536200 -0.00013200 0.00000100 -0.07487300 0.09798600 -0.69969900
39 4.52675800 0.69046400 1.12084300 -0.34960800 -0.17836200 1.24133300
40 1.74404100 -0.00003100 -0.00000200 -0.02639200 -0.01328600 1.51729600
41 1.36876700 -0.00003100 -0.00001800 -0.12191500 0.10180800 -1.06387600
42 2.12628900 1.15633200 -0.76951000 1.84706400 0.52542000 0.27660500
43 1.57833200 -0.31926600 -0.04171500 -0.04202400 -0.07377300 0.12077200
44 1.59179100 -0.07172600 0.01248600 0.03799300 0.07429800 -0.27107500
45 5.51180600 -0.00000200 0.00000300 -0.99849200 0.00000000 0.00000000
46 0.19684900 0.00000300 -0.00000100 -0.34822500 0.00001500 -0.00000200
47 0.00000000 0.00000000 0.00000000 0.00000000 0.00000000 -1.57079600
48 -4.14904400 4.91099600 -4.12447000 0.00000000 0.00000000 -3.14156200
49 -9.06724036 22.80097600 -0.72658620 0.43938707 0.22368096 -0.38402836
50 44.49528500 2.91572800 -17.31057200 0.00000000 0.00000000 0.00000000
51 0.85166200 0.00000000 0.00000000 0.00000000 0.00000000 0.00000000
52 0.34715100 -0.00506000 -1.70929000 0.00000000 0.00000000 0.00000000
53 0.36657300 -0.00506000 0.90475100 0.00000000 0.00000000 0.00000000
54 0.34912100 -0.00505900 0.26595500 0.00000000 0.00000000 0.00000000
55 0.34945800 -0.00505900 -0.38449700 0.00000000 0.00000000 0.00000000
56 0.33780400 -0.00506200 -1.09133400 0.00000000 0.00000000 0.00000000
57 3.93872200 -0.00328400 -1.03767400 0.00000000 0.00000000 0.00000000
58 0.45171900 0.00102000 1.29854300 0.00000000 0.00000000 0.00000000
59 -0.52680000 0.00000000 0.00000000 0.00000000 0.00000000 0.00000000
60 0.62233900 0.00000000 0.00000000 0.00000000 0.00000000 0.00000000
61 11.82442500 1.48996500 -1.86721800 -0.20588600 1.09315300 1.34480400
62 -1.31468100 -2.66984500 -2.04237300 -3.02352800 1.09807700 -2.21761800
63 -34.91577900 -0.00157300 0.20016800 0.00000000 0.00000000 0.00000000
time 41
0 -0.00000100 7.45008900 -27.50902600 0.00000000 0.00000000 0.00003100
1 -0.00000200 0.00000000 0.00000000 1.57074700 -1.56714200 -1.57074700
2 4.25546600 -0.33518300 -0.00000200 0.00000000 0.00000000 -0.12484800
3 7.43125000 1.49647900 0.00000200 0.00000000 0.00000000 0.24545000
4 5.27847900 0.16554400 0.00000100 0.00000000 0.00000000 0.04851100
5 -1.64873900 -13.09409500 6.31045700 1.97586500 1.15990900 -1.29878600
6 -6.21447800 -0.00000900 -0.00002600 3.06003410 -0.19766445 1.54490634
7 11.94488500 0.00000000 0.00000000 -0.28838539 -0.34416398 1.76126927
8 10.62018800 0.00000000 0.00000000 0.56893144 -0.19627298 2.82218920
9 -4.75110800 -0.69449800 0.83058000 -0.15418600 -0.29167200 0.37319500
10 -1.68806800 0.00004700 -0.00003100 0.02287100 -0.00946300 0.26249200
11 -1.33614000 0.00005500 -0.00001000 0.02592200 0.00450900 0.38004900
12 -4.82049400 -0.50946400 -0.22475900 -0.67850600 -0.12493700 1.39189400
13 -1.82698400 -0.00006900 0.00000800 -0.01519000 0.03755800 0.88963800
14 -1.43656900 0.00000400 0.00000300 -0.05788200 -0.05197400 0.74803500
15 -3.99235700 -0.89119100 -1.82790900 -0.78312200 0.47783100 1.73317100
16 -1.40591800 -0.00002500 -0.00000200 0.01158200 -0.02712100 0.47278000
17 -1.17535800 0.00012600 -0.00001900 0.02643300 0.06261000 0.30325800
18 -4.52675100 -0.69058000 -1.12074100 -0.76414900 0.22720200 1.67117900
19 -1.74403800 0.00003200 -0.00000800 -0.01149500 -0.02729000 0.80897100
20 -1.36877100 0.00002300 0.00000200 -0.22704800 0.07843600 0.24818000
21 -1.87479600 -0.93512500 0.99917500 1.79694600 0.72864500 1.01706100
22 -1.52344700 0.00003100 0.00003100 0.10575300 0.13820400 0.75781300
23 -1.59928500 0.00001100 0.00001500 0.02972300 -0.03090300 0.78512800
24 5.58312100 0.11572600 0.29499900 1.94756400 -0.06728900 3.12123600
25 0.19684600 -0.00000200 0.00000300 2.79340694 -0.00042895 -3.14149100
26 -0.42065400 -14.75184200 -3.44053500 1.97586200 1.15991000 1.84280300
27 6.21448600 0.00000800 0.00001900 -1.14571354 0.78159391 -2.04758372
28 11.94488800 -0.00003100 -0.00020000 -0.91278360 -0.33719371 -1.88039741
29 10.62016500 0.00000200 0.00000600 -1.06841317 -0.83690649 -0.46273183
30 4.75115800 0.69437400 -0.83047400 0.12842900 -0.44158200 0.41817400
31 1.68806500 -0.00002200 0.00000200 0.00068800 -0.02474600 1.41163600
32 1.33615100 -0.00005100 -0.00000900 0.00291500 -0.03857300 0.29474600
33 4.82051500 0.50933800 0.22486600 -0.14851600 -0.31147800 1.00052700
34 1.82699200 0.00006600 0.00001000 0.01090700 0.03895400 1.54771100
35 1.43658100 -0.00000600 0.00001000 0.01503200 0.00167500 -0.83651700
36 3.99235300 0.89108700 1.82799300 -0.45399300 -0.08851700 1.25458700
37 1.40592600 0.00003100 -0.00000300 -0.01421100 -0.02586600 1.37541000
38 1.17536200 -0.00013200 0.00000100 -0.07487300 0.09798600 -0.69969900
39 4.52675800 0.69046400 1.12084300 -0.34960800 -0.17836200 1.24133300
40 1.74404100 -0.00003100 -0.00000200 -0.02639200 -0.01328600 1.51729600
41 1.36876700 -0.00003100 -0.00001800 -0.12191500 0.10180800 -1.06387600
42 2.12628900 1.15633200 -0.76951000 1.84706400 0.52542000 0.27660500
43 1.57833200 -0.31926600 -0.04171500 -0.04202400 -0.07377300 0.12077200
44 1.59179100 -0.07172600 0.01248600 0.03799300 0.07429800 -0.27107500
45 5.51180600 -0.00000200 0.00000300 -0.99849200 0.00000000 0.00000000
46 0.19684900 0.00000300 -0.00000100 -0.34822500 0.00001500 -0.00000200
47 0.00000000 0.00000000 0.00000000 0.00000000 0.00000000 -1.57079600
48 -4.14904400 4.91099600 -4.12447000 0.00000000 0.00000000 -3.14156200
49 -9.04792114 22.80097600 -0.69329247 0.43775887 0.22668408 -0.38354583
50 44.49528500 2.91572800 -17.31057200 0.00000000 0.00000000 0.00000000
51 0.85166200 0.00000000 0.00000000 0.00000000 0.00000000 0.00000000
52 0.34715100 -0.00506000 -1.70929000 0.00000000 0.00000000 0.00000000
53 0.36657300 -0.00506000 0.90475100 0.00000000 0.00000000 0.00000000
54 0.34912100 -0.00505900 0.26595500 0.00000000 0.00000000 0.00000000
55 0.34945800 -0.00505900 -0.38449700 0.00000000 0.00000000 0.00000000
56 0.33780400 -0.00506200 -1.09133400 0.00000000 0.00000000 0.00000000
57 3.93872200 -0.00328400 -1.03767400 0.00000000 0.00000000 0.00000000
58 0.45171900 0.00102000 1.29854300 0.00000000 0.00000000 0.00000000
59 -0.52680000 0.00000000 0.00000000 0.00000000 0.00000000 0.00000000
60 0.62233900 0.00000000 0.00000000 0.00000000 0.00000000 0.00000000
61 11.82442500 1.48996500 -1.86721800 -0.20588600 1.09315300 1.34480400
62 -1.31468100 -2.66984500 -2.04237300 -3.02352800 1.09807700 -2.21761800
63 -34.91577900 -0.00157300 0.20016800 0.00000000 0.00000000 0.00000000
time 42
0 -0.00000100 7.45008900 -27.50902600 0.00000000 0.00000000 0.00003100
1 -0.00000200 0.00000000 0.00000000 1.57074700 -1.56714200 -1.57074700
2 4.25546600 -0.33518300 -0.00000200 0.00000000 0.00000000 -0.12484800
3 7.43125000 1.49647900 0.00000200 0.00000000 0.00000000 0.24545000
4 5.27847900 0.16554400 0.00000100 0.00000000 0.00000000 0.04851100
5 -1.64873900 -13.09409500 6.31045700 1.97586500 1.15990900 -1.29878600
6 -6.21447800 -0.00000900 -0.00002600 3.05969963 -0.19797759 1.54551800
7 11.94488500 0.00000000 0.00000000 -0.28821114 -0.34411905 1.76045773
8 10.62018800 0.00000000 0.00000000 0.56747628 -0.19241309 2.82420720
9 -4.75110800 -0.69449800 0.83058000 -0.15418600 -0.29167200 0.37319500
10 -1.68806800 0.00004700 -0.00003100 0.02287100 -0.00946300 0.26249200
11 -1.33614000 0.00005500 -0.00001000 0.02592200 0.00450900 0.38004900
12 -4.82049400 -0.50946400 -0.22475900 -0.67850600 -0.12493700 1.39189400
13 -1.82698400 -0.00006900 0.00000800 -0.01519000 0.03755800 0.88963800
14 -1.43656900 0.00000400 0.00000300 -0.05788200 -0.05197400 0.74803500
15 -3.99235700 -0.89119100 -1.82790900 -0.78312200 0.47783100 1.73317100
16 -1.40591800 -0.00002500 -0.00000200 0.01158200 -0.02712100 0.47278000
17 -1.17535800 0.00012600 -0.00001900 0.02643300 0.06261000 0.30325800
18 -4.52675100 -0.69058000 -1.12074100 -0.76414900 0.22720200 1.67117900
19 -1.74403800 0.00003200 -0.00000800 -0.01149500 -0.02729000 0.80897100
20 -1.36877100 0.00002300 0.00000200 -0.22704800 0.07843600 0.24818000
21 -1.87479600 -0.93512500 0.99917500 1.79694600 0.72864500 1.01706100
22 -1.52344700 0.00003100 0.00003100 0.10575300 0.13820400 0.75781300
23 -1.59928500 0.00001100 0.00001500 0.02972300 -0.03090300 0.78512800
24 5.58312100 0.11572600 0.29499900 1.94756400 -0.06728900 3.12123600
25 0.19684600 -0.00000200 0.00000300 2.79340694 -0.00042895 -3.14149100
26 -0.42065400 -14.75184200 -3.44053500 1.97586200 1.15991000 1.84280300
27 6.21448600 0.00000800 0.00001900 -1.14625352 0.77852027 -2.04852402
28 11.94488800 -0.00003100 -0.00020000 -0.91310856 -0.33661477 -1.87941565
29 10.62016500 0.00000200 0.00000600 -1.06469848 -0.83634820 -0.46263053
30 4.75115800 0.69437400 -0.83047400 0.12842900 -0.44158200 0.41817400
31 1.68806500 -0.00002200 0.00000200 0.00068800 -0.02474600 1.41163600
32 1.33615100 -0.00005100 -0.00000900 0.00291500 -0.03857300 0.29474600
33 4.82051500 0.50933800 0.22486600 -0.14851600 -0.31147800 1.00052700
34 1.82699200 0.00006600 0.00001000 0.01090700 0.03895400 1.54771100
35 1.43658100 -0.00000600 0.00001000 0.01503200 0.00167500 -0.83651700
36 3.99235300 0.89108700 1.82799300 -0.45399300 -0.08851700 1.25458700
37 1.40592600 0.00003100 -0.00000300 -0.01421100 -0.02586600 1.37541000
38 1.17536200 -0.00013200 0.00000100 -0.07487300 0.09798600 -0.69969900
39 4.52675800 0.69046400 1.12084300 -0.34960800 -0.17836200 1.24133300
40 1.74404100 -0.00003100 -0.00000200 -0.02639200 -0.01328600 1.51729600
41 1.36876700 -0.00003100 -0.00001800 -0.12191500 0.10180800 -1.06387600
42 2.12628900 1.15633200 -0.76951000 1.84706400 0.52542000 0.27660500
43 1.57833200 -0.31926600 -0.04171500 -0.04202400 -0.07377300 0.12077200
44 1.59179100 -0.07172600 0.01248600 0.03799300 0.07429800 -0.27107500
45 5.51180600 -0.00000200 0.00000300 -0.99849200 0.00000000 0.00000000
46 0.19684900 0.00000300 -0.00000100 -0.34822500 0.00001500 -0.00000200
47 0.00000000 0.00000000 0.00000000 0.00000000 0.00000000 -1.57079600
48 -4.14904400 4.91099600 -4.12447000 0.00000000 0.00000000 -3.14156200
49 -9.02943564 22.80097600 -0.66159580 0.43713185 0.23017445 -0.38296564
50 44.49528500 2.91572800 -17.31057200 0.00000000 0.00000000 0.00000000
51 0.85166200 0.00000000 0.00000000 0.00000000 0.00000000 0.00000000
52 0.34715100 -0.00506000 -1.70929000 0.00000000 0.00000000 0.00000000
53 0.36657300 -0.00506000 0.90475100 0.00000000 0.00000000 0.00000000
54 0.34912100 -0.00505900 0.26595500 0.00000000 0.00000000 0.00000000
55 0.34945800 -0.00505900 -0.38449700 0.00000000 0.00000000 0.00000000
56 0.33780400 -0.00506200 -1.09133400 0.00000000 0.00000000 0.00000000
57 3.93872200 -0.00328400 -1.03767400 0.00000000 0.00000000 0.00000000
58 0.45171900 0.00102000 1.29854300 0.00000000 0.00000000 0.00000000
59 -0.52680000 0.00000000 0.00000000 0.00000000 0.00000000 0.00000000
60 0.62233900 0.00000000 0.00000000 0.00000000 0.00000000 0.00000000
61 11.82442500 1.48996500 -1.86721800 -0.20588600 1.09315300 1.34480400
62 -1.31468100 -2.66984500 -2.04237300 -3.02352800 1.09807700 -2.21761800
63 -34.91577900 -0.00157300 0.20016800 0.00000000 0.00000000 0.00000000
time 43
0 -0.00000100 7.45008900 -27.50902600 0.00000000 0.00000000 0.00003100
1 -0.00000200 0.00000000 0.00000000 1.57074700 -1.56714200 -1.57074700
2 4.25546600 -0.33518300 -0.00000200 0.00000000 0.00000000 -0.12484800
3 7.43125000 1.49647900 0.00000200 0.00000000 0.00000000 0.24545000
4 5.27847900 0.16554400 0.00000100 0.00000000 0.00000000 0.04851100
5 -1.64873900 -13.09409500 6.31045700 1.97586500 1.15990900 -1.29878600
6 -6.21447800 -0.00000900 -0.00002600 3.05947940 -0.19828236 1.54622627
7 11.94488500 0.00000000 0.00000000 -0.28790879 -0.34408217 1.75963308
8 10.62018800 0.00000000 0.00000000 0.56603488 -0.18852224 2.82613616
9 -4.75110800 -0.69449800 0.83058000 -0.15418600 -0.29167200 0.37319500
10 -1.68806800 0.00004700 -0.00003100 0.02287100 -0.00946300 0.26249200
11 -1.33614000 0.00005500 -0.00001000 0.02592200 0.00450900 0.38004900
12 -4.82049400 -0.50946400 -0.22475900 -0.67850600 -0.12493700 1.39189400
13 -1.82698400 -0.00006900 0.00000800 -0.01519000 0.03755800 0.88963800
14 -1.43656900 0.00000400 0.00000300 -0.05788200 -0.05197400 0.74803500
15 -3.99235700 -0.89119100 -1.82790900 -0.78312200 0.47783100 1.73317100
16 -1.40591800 -0.00002500 -0.00000200 0.01158200 -0.02712100 0.47278000
17 -1.17535800 0.00012600 -0.00001900 0.02643300 0.06261000 0.30325800
18 -4.52675100 -0.69058000 -1.12074100 -0.76414900 0.22720200 1.67117900
19 -1.74403800 0.00003200 -0.00000800 -0.01149500 -0.02729000 0.80897100
20 -1.36877100 0.00002300 0.00000200 -0.22704800 0.07843600 0.24818000
21 -1.87479600 -0.93512500 0.99917500 1.79694600 0.72864500 1.01706100
22 -1.52344700 0.00003100 0.00003100 0.10575300 0.13820400 0.75781300
23 -1.59928500 0.00001100 0.00001500 0.02972300 -0.03090300 0.78512800
24 5.58312100 0.11572600 0.29499900 1.94756400 -0.06728900 3.12123600
25 0.19684600 -0.00000200 0.00000300 2.79340694 -0.00042895 -3.14149100
26 -0.42065400 -14.75184200 -3.44053500 1.97586200 1.15991000 1.84280300
27 6.21448600 0.00000800 0.00001900 -1.14668812 0.77531276 -2.04938898
28 11.94488800 -0.00003100 -0.00020000 -0.91344931 -0.33588019 -1.87840023
29 10.62016500 0.00000200 0.00000600 -1.06096413 -0.83571053 -0.46258370
30 4.75115800 0.69437400 -0.83047400 0.12842900 -0.44158200 0.41817400
31 1.68806500 -0.00002200 0.00000200 0.00068800 -0.02474600 1.41163600
32 1.33615100 -0.00005100 -0.00000900 0.00291500 -0.03857300 0.29474600
33 4.82051500 0.50933800 0.22486600 -0.14851600 -0.31147800 1.00052700
34 1.82699200 0.00006600 0.00001000 0.01090700 0.03895400 1.54771100
35 1.43658100 -0.00000600 0.00001000 0.01503200 0.00167500 -0.83651700
36 3.99235300 0.89108700 1.82799300 -0.45399300 -0.08851700 1.25458700
37 1.40592600 0.00003100 -0.00000300 -0.01421100 -0.02586600 1.37541000
38 1.17536200 -0.00013200 0.00000100 -0.07487300 0.09798600 -0.69969900
39 4.52675800 0.69046400 1.12084300 -0.34960800 -0.17836200 1.24133300
40 1.74404100 -0.00003100 -0.00000200 -0.02639200 -0.01328600 1.51729600
41 1.36876700 -0.00003100 -0.00001800 -0.12191500 0.10180800 -1.06387600
42 2.12628900 1.15633200 -0.76951000 1.84706400 0.52542000 0.27660500
43 1.57833200 -0.31926600 -0.04171500 -0.04202400 -0.07377300 0.12077200
44 1.59179100 -0.07172600 0.01248600 0.03799300 0.07429800 -0.27107500
45 5.51180600 -0.00000200 0.00000300 -0.99849200 0.00000000 0.00000000
46 0.19684900 0.00000300 -0.00000100 -0.34822500 0.00001500 -0.00000200
47 0.00000000 0.00000000 0.00000000 0.00000000 0.00000000 -1.57079600
48 -4.14904400 4.91099600 -4.12447000 0.00000000 0.00000000 -3.14156200
49 -9.01074114 22.80097600 -0.62903014 0.43659387 0.23374877 -0.38226903
50 44.49528500 2.91572800 -17.31057200 0.00000000 0.00000000 0.00000000
51 0.85166200 0.00000000 0.00000000 0.00000000 0.00000000 0.00000000
52 0.34715100 -0.00506000 -1.70929000 0.00000000 0.00000000 0.00000000
53 0.36657300 -0.00506000 0.90475100 0.00000000 0.00000000 0.00000000
54 0.34912100 -0.00505900 0.26595500 0.00000000 0.00000000 0.00000000
55 0.34945800 -0.00505900 -0.38449700 0.00000000 0.00000000 0.00000000
56 0.33780400 -0.00506200 -1.09133400 0.00000000 0.00000000 0.00000000
57 3.93872200 -0.00328400 -1.03767400 0.00000000 0.00000000 0.00000000
58 0.45171900 0.00102000 1.29854300 0.00000000 0.00000000 0.00000000
59 -0.52680000 0.00000000 0.00000000 0.00000000 0.00000000 0.00000000
60 0.62233900 0.00000000 0.00000000 0.00000000 0.00000000 0.00000000
61 11.82442500 1.48996500 -1.86721800 -0.20588600 1.09315300 1.34480400
62 -1.31468100 -2.66984500 -2.04237300 -3.02352800 1.09807700 -2.21761800
63 -34.91577900 -0.00157300 0.20016800 0.00000000 0.00000000 0.00000000
time 44
0 -0.00000100 7.45008900 -27.50902600 0.00000000 0.00000000 0.00003100
1 -0.00000200 0.00000000 0.00000000 1.57074700 -1.56714200 -1.57074700
2 4.25546600 -0.33518300 -0.00000200 0.00000000 0.00000000 -0.12484800
3 7.43125000 1.49647900 0.00000200 0.00000000 0.00000000 0.24545000
4 5.27847900 0.16554400 0.00000100 0.00000000 0.00000000 0.04851100
5 -1.64873900 -13.09409500 6.31045700 1.97586500 1.15990900 -1.29878600
6 -6.21447800 -0.00000900 -0.00002600 3.05920167 -0.19852686 1.54677663
7 11.94488500 0.00000000 0.00000000 -0.28757267 -0.34406277 1.75870400
8 10.62018800 0.00000000 0.00000000 0.56503131 -0.18436893 2.82831456
9 -4.75110800 -0.69449800 0.83058000 -0.15418600 -0.29167200 0.37319500
10 -1.68806800 0.00004700 -0.00003100 0.02287100 -0.00946300 0.26249200
11 -1.33614000 0.00005500 -0.00001000 0.02592200 0.00450900 0.38004900
12 -4.82049400 -0.50946400 -0.22475900 -0.67850600 -0.12493700 1.39189400
13 -1.82698400 -0.00006900 0.00000800 -0.01519000 0.03755800 0.88963800
14 -1.43656900 0.00000400 0.00000300 -0.05788200 -0.05197400 0.74803500
15 -3.99235700 -0.89119100 -1.82790900 -0.78312200 0.47783100 1.73317100
16 -1.40591800 -0.00002500 -0.00000200 0.01158200 -0.02712100 0.47278000
17 -1.17535800 0.00012600 -0.00001900 0.02643300 0.06261000 0.30325800
18 -4.52675100 -0.69058000 -1.12074100 -0.76414900 0.22720200 1.67117900
19 -1.74403800 0.00003200 -0.00000800 -0.01149500 -0.02729000 0.80897100
20 -1.36877100 0.00002300 0.00000200 -0.22704800 0.07843600 0.24818000
21 -1.87479600 -0.93512500 0.99917500 1.79694600 0.72864500 1.01706100
22 -1.52344700 0.00003100 0.00003100 0.10575300 0.13820400 0.75781300
23 -1.59928500 0.00001100 0.00001500 0.02972300 -0.03090300 0.78512800
24 5.58312100 0.11572600 0.29499900 1.94756400 -0.06728900 3.12123600
25 0.19684600 -0.00000200 0.00000300 2.79340694 -0.00042895 -3.14149100
26 -0.42065400 -14.75184200 -3.44053500 1.97586200 1.15991000 1.84280300
27 6.21448600 0.00000800 0.00001900 -1.14724544 0.77215576 -2.05047342
28 11.94488800 -0.00003100 -0.00020000 -0.91382773 -0.33543790 -1.87720494
29 10.62016500 0.00000200 0.00000600 -1.05763898 -0.83448756 -0.46236425
30 4.75115800 0.69437400 -0.83047400 0.12842900 -0.44158200 0.41817400
31 1.68806500 -0.00002200 0.00000200 0.00068800 -0.02474600 1.41163600
32 1.33615100 -0.00005100 -0.00000900 0.00291500 -0.03857300 0.29474600
33 4.82051500 0.50933800 0.22486600 -0.14851600 -0.31147800 1.00052700
34 1.82699200 0.00006600 0.00001000 0.01090700 0.03895400 1.54771100
35 1.43658100 -0.00000600 0.00001000 0.01503200 0.00167500 -0.83651700
36 3.99235300 0.89108700 1.82799300 -0.45399300 -0.08851700 1.25458700
37 1.40592600 0.00003100 -0.00000300 -0.01421100 -0.02586600 1.37541000
38 1.17536200 -0.00013200 0.00000100 -0.07487300 0.09798600 -0.69969900
39 4.52675800 0.69046400 1.12084300 -0.34960800 -0.17836200 1.24133300
40 1.74404100 -0.00003100 -0.00000200 -0.02639200 -0.01328600 1.51729600
41 1.36876700 -0.00003100 -0.00001800 -0.12191500 0.10180800 -1.06387600
42 2.12628900 1.15633200 -0.76951000 1.84706400 0.52542000 0.27660500
43 1.57833200 -0.31926600 -0.04171500 -0.04202400 -0.07377300 0.12077200
44 1.59179100 -0.07172600 0.01248600 0.03799300 0.07429800 -0.27107500
45 5.51180600 -0.00000200 0.00000300 -0.99849200 0.00000000 0.00000000
46 0.19684900 0.00000300 -0.00000100 -0.34822500 0.00001500 -0.00000200
47 0.00000000 0.00000000 0.00000000 0.00000000 0.00000000 -1.57079600
48 -4.14904400 4.91099600 -4.12447000 0.00000000 0.00000000 -3.14156200
49 -8.99250968 22.80097600 -0.59651257 0.43656080 0.23735513 -0.38154366
50 44.49528500 2.91572800 -17.31057200 0.00000000 0.00000000 0.00000000
51 0.85166200 0.00000000 0.00000000 0.00000000 0.00000000 0.00000000
52 0.34715100 -0.00506000 -1.70929000 0.00000000 0.00000000 0.00000000
53 0.36657300 -0.00506000 0.90475100 0.00000000 0.00000000 0.00000000
54 0.34912100 -0.00505900 0.26595500 0.00000000 0.00000000 0.00000000
55 0.34945800 -0.00505900 -0.38449700 0.00000000 0.00000000 0.00000000
56 0.33780400 -0.00506200 -1.09133400 0.00000000 0.00000000 0.00000000
57 3.93872200 -0.00328400 -1.03767400 0.00000000 0.00000000 0.00000000
58 0.45171900 0.00102000 1.29854300 0.00000000 0.00000000 0.00000000
59 -0.52680000 0.00000000 0.00000000 0.00000000 0.00000000 0.00000000
60 0.62233900 0.00000000 0.00000000 0.00000000 0.00000000 0.00000000
61 11.82442500 1.48996500 -1.86721800 -0.20588600 1.09315300 1.34480400
62 -1.31468100 -2.66984500 -2.04237300 -3.02352800 1.09807700 -2.21761800
63 -34.91577900 -0.00157300 0.20016800 0.00000000 0.00000000 0.00000000
time 45
0 -0.00000100 7.45008900 -27.50902600 0.00000000 0.00000000 0.00003100
1 -0.00000200 0.00000000 0.00000000 1.57074700 -1.56714200 -1.57074700
2 4.25546600 -0.33518300 -0.00000200 0.00000000 0.00000000 -0.12484800
3 7.43125000 1.49647900 0.00000200 0.00000000 0.00000000 0.24545000
4 5.27847900 0.16554400 0.00000100 0.00000000 0.00000000 0.04851100
5 -1.64873900 -13.09409500 6.31045700 1.97586500 1.15990900 -1.29878600
6 -6.21447800 -0.00000900 -0.00002600 3.05891204 -0.19888660 1.54728189
7 11.94488500 0.00000000 0.00000000 -0.28717643 -0.34408368 1.75760082
8 10.62018800 0.00000000 0.00000000 0.56488862 -0.18008012 2.83065681
9 -4.75110800 -0.69449800 0.83058000 -0.15418600 -0.29167200 0.37319500
10 -1.68806800 0.00004700 -0.00003100 0.02287100 -0.00946300 0.26249200
11 -1.33614000 0.00005500 -0.00001000 0.02592200 0.00450900 0.38004900
12 -4.82049400 -0.50946400 -0.22475900 -0.67850600 -0.12493700 1.39189400
13 -1.82698400 -0.00006900 0.00000800 -0.01519000 0.03755800 0.88963800
14 -1.43656900 0.00000400 0.00000300 -0.05788200 -0.05197400 0.74803500
15 -3.99235700 -0.89119100 -1.82790900 -0.78312200 0.47783100 1.73317100
16 -1.40591800 -0.00002500 -0.00000200 0.01158200 -0.02712100 0.47278000
17 -1.17535800 0.00012600 -0.00001900 0.02643300 0.06261000 0.30325800
18 -4.52675100 -0.69058000 -1.12074100 -0.76414900 0.22720200 1.67117900
19 -1.74403800 0.00003200 -0.00000800 -0.01149500 -0.02729000 0.80897100
20 -1.36877100 0.00002300 0.00000200 -0.22704800 0.07843600 0.24818000
21 -1.87479600 -0.93512500 0.99917500 1.79694600 0.72864500 1.01706100
22 -1.52344700 0.00003100 0.00003100 0.10575300 0.13820400 0.75781300
23 -1.59928500 0.00001100 0.00001500 0.02972300 -0.03090300 0.78512800
24 5.58312100 0.11572600 0.29499900 1.94756400 -0.06728900 3.12123600
25 0.19684600 -0.00000200 0.00000300 2.79340694 -0.00042895 -3.14149100
26 -0.42065400 -14.75184200 -3.44053500 1.97586200 1.15991000 1.84280300
27 6.21448600 0.00000800 0.00001900 -1.14748070 0.76904388 -2.05149391
28 11.94488800 -0.00003100 -0.00020000 -0.91427441 -0.33521724 -1.87587231
29 10.62016500 0.00000200 0.00000600 -1.05536672 -0.83248047 -0.46181920
30 4.75115800 0.69437400 -0.83047400 0.12842900 -0.44158200 0.41817400
31 1.68806500 -0.00002200 0.00000200 0.00068800 -0.02474600 1.41163600
32 1.33615100 -0.00005100 -0.00000900 0.00291500 -0.03857300 0.29474600
33 4.82051500 0.50933800 0.22486600 -0.14851600 -0.31147800 1.00052700
34 1.82699200 0.00006600 0.00001000 0.01090700 0.03895400 1.54771100
35 1.43658100 -0.00000600 0.00001000 0.01503200 0.00167500 -0.83651700
36 3.99235300 0.89108700 1.82799300 -0.45399300 -0.08851700 1.25458700
37 1.40592600 0.00003100 -0.00000300 -0.01421100 -0.02586600 1.37541000
38 1.17536200 -0.00013200 0.00000100 -0.07487300 0.09798600 -0.69969900
39 4.52675800 0.69046400 1.12084300 -0.34960800 -0.17836200 1.24133300
40 1.74404100 -0.00003100 -0.00000200 -0.02639200 -0.01328600 1.51729600
41 1.36876700 -0.00003100 -0.00001800 -0.12191500 0.10180800 -1.06387600
42 2.12628900 1.15633200 -0.76951000 1.84706400 0.52542000 0.27660500
43 1.57833200 -0.31926600 -0.04171500 -0.04202400 -0.07377300 0.12077200
44 1.59179100 -0.07172600 0.01248600 0.03799300 0.07429800 -0.27107500
45 5.51180600 -0.00000200 0.00000300 -0.99849200 0.00000000 0.00000000
46 0.19684900 0.00000300 -0.00000100 -0.34822500 0.00001500 -0.00000200
47 0.00000000 0.00000000 0.00000000 0.00000000 0.00000000 -1.57079600
48 -4.14904400 4.91099600 -4.12447000 0.00000000 0.00000000 -3.14156200
49 -8.97525455 22.80097600 -0.56480418 0.43739786 0.24103826 -0.38085687
50 44.49528500 2.91572800 -17.31057200 0.00000000 0.00000000 0.00000000
51 0.85166200 0.00000000 0.00000000 0.00000000 0.00000000 0.00000000
52 0.34715100 -0.00506000 -1.70929000 0.00000000 0.00000000 0.00000000
53 0.36657300 -0.00506000 0.90475100 0.00000000 0.00000000 0.00000000
54 0.34912100 -0.00505900 0.26595500 0.00000000 0.00000000 0.00000000
55 0.34945800 -0.00505900 -0.38449700 0.00000000 0.00000000 0.00000000
56 0.33780400 -0.00506200 -1.09133400 0.00000000 0.00000000 0.00000000
57 3.93872200 -0.00328400 -1.03767400 0.00000000 0.00000000 0.00000000
58 0.45171900 0.00102000 1.29854300 0.00000000 0.00000000 0.00000000
59 -0.52680000 0.00000000 0.00000000 0.00000000 0.00000000 0.00000000
60 0.62233900 0.00000000 0.00000000 0.00000000 0.00000000 0.00000000
61 11.82442500 1.48996500 -1.86721800 -0.20588600 1.09315300 1.34480400
62 -1.31468100 -2.66984500 -2.04237300 -3.02352800 1.09807700 -2.21761800
63 -34.91577900 -0.00157300 0.20016800 0.00000000 0.00000000 0.00000000
time 46
0 -0.00000100 7.45008900 -27.50902600 0.00000000 0.00000000 0.00003100
1 -0.00000200 0.00000000 0.00000000 1.57074700 -1.56714200 -1.57074700
2 4.25546600 -0.33518300 -0.00000200 0.00000000 0.00000000 -0.12484800
3 7.43125000 1.49647900 0.00000200 0.00000000 0.00000000 0.24545000
4 5.27847900 0.16554400 0.00000100 0.00000000 0.00000000 0.04851100
5 -1.64873900 -13.09409500 6.31045700 1.97586500 1.15990900 -1.29878600
6 -6.21447800 -0.00000900 -0.00002600 3.05862363 -0.19912281 1.54776438
7 11.94488500 0.00000000 0.00000000 -0.28683323 -0.34403295 1.75649256
8 10.62018800 0.00000000 0.00000000 0.56481843 -0.17571628 2.83309775
9 -4.75110800 -0.69449800 0.83058000 -0.15418600 -0.29167200 0.37319500
10 -1.68806800 0.00004700 -0.00003100 0.02287100 -0.00946300 0.26249200
11 -1.33614000 0.00005500 -0.00001000 0.02592200 0.00450900 0.38004900
12 -4.82049400 -0.50946400 -0.22475900 -0.67850600 -0.12493700 1.39189400
13 -1.82698400 -0.00006900 0.00000800 -0.01519000 0.03755800 0.88963800
14 -1.43656900 0.00000400 0.00000300 -0.05788200 -0.05197400 0.74803500
15 -3.99235700 -0.89119100 -1.82790900 -0.78312200 0.47783100 1.73317100
16 -1.40591800 -0.00002500 -0.00000200 0.01158200 -0.02712100 0.47278000
17 -1.17535800 0.00012600 -0.00001900 0.02643300 0.06261000 0.30325800
18 -4.52675100 -0.69058000 -1.12074100 -0.76414900 0.22720200 1.67117900
19 -1.74403800 0.00003200 -0.00000800 -0.01149500 -0.02729000 0.80897100
20 -1.36877100 0.00002300 0.00000200 -0.22704800 0.07843600 0.24818000
21 -1.87479600 -0.93512500 0.99917500 1.79694600 0.72864500 1.01706100
22 -1.52344700 0.00003100 0.00003100 0.10575300 0.13820400 0.75781300
23 -1.59928500 0.00001100 0.00001500 0.02972300 -0.03090300 0.78512800
24 5.58312100 0.11572600 0.29499900 1.94756400 -0.06728900 3.12123600
25 0.19684600 -0.00000200 0.00000300 2.79340694 -0.00042895 -3.14149100
26 -0.42065400 -14.75184200 -3.44053500 1.97586200 1.15991000 1.84280300
27 6.21448600 0.00000800 0.00001900 -1.14797349 0.76598467 -2.05268834
28 11.94488800 -0.00003100 -0.00020000 -0.91473256 -0.33505673 -1.87437968
29 10.62016500 0.00000200 0.00000600 -1.05294797 -0.83037050 -0.46136999
30 4.75115800 0.69437400 -0.83047400 0.12842900 -0.44158200 0.41817400
31 1.68806500 -0.00002200 0.00000200 0.00068800 -0.02474600 1.41163600
32 1.33615100 -0.00005100 -0.00000900 0.00291500 -0.03857300 0.29474600
33 4.82051500 0.50933800 0.22486600 -0.14851600 -0.31147800 1.00052700
34 1.82699200 0.00006600 0.00001000 0.01090700 0.03895400 1.54771100
35 1.43658100 -0.00000600 0.00001000 0.01503200 0.00167500 -0.83651700
36 3.99235300 0.89108700 1.82799300 -0.45399300 -0.08851700 1.25458700
37 1.40592600 0.00003100 -0.00000300 -0.01421100 -0.02586600 1.37541000
38 1.17536200 -0.00013200 0.00000100 -0.07487300 0.09798600 -0.69969900
39 4.52675800 0.69046400 1.12084300 -0.34960800 -0.17836200 1.24133300
40 1.74404100 -0.00003100 -0.00000200 -0.02639200 -0.01328600 1.51729600
41 1.36876700 -0.00003100 -0.00001800 -0.12191500 0.10180800 -1.06387600
42 2.12628900 1.15633200 -0.76951000 1.84706400 0.52542000 0.27660500
43 1.57833200 -0.31926600 -0.04171500 -0.04202400 -0.07377300 0.12077200
44 1.59179100 -0.07172600 0.01248600 0.03799300 0.07429800 -0.27107500
45 5.51180600 -0.00000200 0.00000300 -0.99849200 0.00000000 0.00000000
46 0.19684900 0.00000300 -0.00000100 -0.34822500 0.00001500 -0.00000200
47 0.00000000 0.00000000 0.00000000 0.00000000 0.00000000 -1.57079600
48 -4.14904400 4.91099600 -4.12447000 0.00000000 0.00000000 -3.14156200
49 -8.95800241 22.80097600 -0.53309479 0.43823774 0.24478627 -0.38006239
50 44.49528500 2.91572800 -17.31057200 0.00000000 0.00000000 0.00000000
51 0.85166200 0.00000000 0.00000000 0.00000000 0.00000000 0.00000000
52 0.34715100 -0.00506000 -1.70929000 0.00000000 0.00000000 0.00000000
53 0.36657300 -0.00506000 0.90475100 0.00000000 0.00000000 0.00000000
54 0.34912100 -0.00505900 0.26595500 0.00000000 0.00000000 0.00000000
55 0.34945800 -0.00505900 -0.38449700 0.00000000 0.00000000 0.00000000
56 0.33780400 -0.00506200 -1.09133400 0.00000000 0.00000000 0.00000000
57 3.93872200 -0.00328400 -1.03767400 0.00000000 0.00000000 0.00000000
58 0.45171900 0.00102000 1.29854300 0.00000000 0.00000000 0.00000000
59 -0.52680000 0.00000000 0.00000000 0.00000000 0.00000000 0.00000000
60 0.62233900 0.00000000 0.00000000 0.00000000 0.00000000 0.00000000
61 11.82442500 1.48996500 -1.86721800 -0.20588600 1.09315300 1.34480400
62 -1.31468100 -2.66984500 -2.04237300 -3.02352800 1.09807700 -2.21761800
63 -34.91577900 -0.00157300 0.20016800 0.00000000 0.00000000 0.00000000
time 47
0 -0.00000100 7.45008900 -27.50902600 0.00000000 0.00000000 0.00003100
1 -0.00000200 0.00000000 0.00000000 1.57074700 -1.56714200 -1.57074700
2 4.25546600 -0.33518300 -0.00000200 0.00000000 0.00000000 -0.12484800
3 7.43125000 1.49647900 0.00000200 0.00000000 0.00000000 0.24545000
4 5.27847900 0.16554400 0.00000100 0.00000000 0.00000000 0.04851100
5 -1.64873900 -13.09409500 6.31045700 1.97586500 1.15990900 -1.29878600
6 -6.21447800 -0.00000900 -0.00002600 3.05841479 -0.19939590 1.54823613
7 11.94488500 0.00000000 0.00000000 -0.28643627 -0.34405597 1.75532592
8 10.62018800 0.00000000 0.00000000 0.56475863 -0.17159845 2.83532190
9 -4.75110800 -0.69449800 0.83058000 -0.15418600 -0.29167200 0.37319500
10 -1.68806800 0.00004700 -0.00003100 0.02287100 -0.00946300 0.26249200
11 -1.33614000 0.00005500 -0.00001000 0.02592200 0.00450900 0.38004900
12 -4.82049400 -0.50946400 -0.22475900 -0.67850600 -0.12493700 1.39189400
13 -1.82698400 -0.00006900 0.00000800 -0.01519000 0.03755800 0.88963800
14 -1.43656900 0.00000400 0.00000300 -0.05788200 -0.05197400 0.74803500
15 -3.99235700 -0.89119100 -1.82790900 -0.78312200 0.47783100 1.73317100
16 -1.40591800 -0.00002500 -0.00000200 0.01158200 -0.02712100 0.47278000
17 -1.17535800 0.00012600 -0.00001900 0.02643300 0.06261000 0.30325800
18 -4.52675100 -0.69058000 -1.12074100 -0.76414900 0.22720200 1.67117900
19 -1.74403800 0.00003200 -0.00000800 -0.01149500 -0.02729000 0.80897100
20 -1.36877100 0.00002300 0.00000200 -0.22704800 0.07843600 0.24818000
21 -1.87479600 -0.93512500 0.99917500 1.79694600 0.72864500 1.01706100
22 -1.52344700 0.00003100 0.00003100 0.10575300 0.13820400 0.75781300
23 -1.59928500 0.00001100 0.00001500 0.02972300 -0.03090300 0.78512800
24 5.58312100 0.11572600 0.29499900 1.94756400 -0.06728900 3.12123600
25 0.19684600 -0.00000200 0.00000300 2.79340694 -0.00042895 -3.14149100
26 -0.42065400 -14.75184200 -3.44053500 1.97586200 1.15991000 1.84280300
27 6.21448600 0.00000800 0.00001900 -1.14813326 0.76301443 -2.05370131
28 11.94488800 -0.00003100 -0.00020000 -0.91523964 -0.33499237 -1.87302303
29 10.62016500 0.00000200 0.00000600 -1.05077837 -0.82832433 -0.46097138
30 4.75115800 0.69437400 -0.83047400 0.12842900 -0.44158200 0.41817400
31 1.68806500 -0.00002200 0.00000200 0.00068800 -0.02474600 1.41163600
32 1.33615100 -0.00005100 -0.00000900 0.00291500 -0.03857300 0.29474600
33 4.82051500 0.50933800 0.22486600 -0.14851600 -0.31147800 1.00052700
34 1.82699200 0.00006600 0.00001000 0.01090700 0.03895400 1.54771100
35 1.43658100 -0.00000600 0.00001000 0.01503200 0.00167500 -0.83651700
36 3.99235300 0.89108700 1.82799300 -0.45399300 -0.08851700 1.25458700
37 1.40592600 0.00003100 -0.00000300 -0.01421100 -0.02586600 1.37541000
38 1.17536200 -0.00013200 0.00000100 -0.07487300 0.09798600 -0.69969900
39 4.52675800 0.69046400 1.12084300 -0.34960800 -0.17836200 1.24133300
40 1.74404100 -0.00003100 -0.00000200 -0.02639200 -0.01328600 1.51729600
41 1.36876700 -0.00003100 -0.00001800 -0.12191500 0.10180800 -1.06387600
42 2.12628900 1.15633200 -0.76951000 1.84706400 0.52542000 0.27660500
43 1.57833200 -0.31926600 -0.04171500 -0.04202400 -0.07377300 0.12077200
44 1.59179100 -0.07172600 0.01248600 0.03799300 0.07429800 -0.27107500
45 5.51180600 -0.00000200 0.00000300 -0.99849200 0.00000000 0.00000000
46 0.19684900 0.00000300 -0.00000100 -0.34822500 0.00001500 -0.00000200
47 0.00000000 0.00000000 0.00000000 0.00000000 0.00000000 -1.57079600
48 -4.14904400 4.91099600 -4.12447000 0.00000000 0.00000000 -3.14156200
49 -8.94141280 22.80097600 -0.50318181 0.43912976 0.24829018 -0.37932686
50 44.49528500 2.91572800 -17.31057200 0.00000000 0.00000000 0.00000000
51 0.85166200 0.00000000 0.00000000 0.00000000 0.00000000 0.00000000
52 0.34715100 -0.00506000 -1.70929000 0.00000000 0.00000000 0.00000000
53 0.36657300 -0.00506000 0.90475100 0.00000000 0.00000000 0.00000000
54 0.34912100 -0.00505900 0.26595500 0.00000000 0.00000000 0.00000000
55 0.34945800 -0.00505900 -0.38449700 0.00000000 0.00000000 0.00000000
56 0.33780400 -0.00506200 -1.09133400 0.00000000 0.00000000 0.00000000
57 3.93872200 -0.00328400 -1.03767400 0.00000000 0.00000000 0.00000000
58 0.45171900 0.00102000 1.29854300 0.00000000 0.00000000 0.00000000
59 -0.52680000 0.00000000 0.00000000 0.00000000 0.00000000 0.00000000
60 0.62233900 0.00000000 0.00000000 0.00000000 0.00000000 0.00000000
61 11.82442500 1.48996500 -1.86721800 -0.20588600 1.09315300 1.34480400
62 -1.31468100 -2.66984500 -2.04237300 -3.02352800 1.09807700 -2.21761800
63 -34.91577900 -0.00157300 0.20016800 0.00000000 0.00000000 0.00000000
time 48
0 -0.00000100 7.45008900 -27.50902600 0.00000000 0.00000000 0.00003100
1 -0.00000200 0.00000000 0.00000000 1.57074700 -1.56714200 -1.57074700
2 4.25546600 -0.33518300 -0.00000200 0.00000000 0.00000000 -0.12484800
3 7.43125000 1.49647900 0.00000200 0.00000000 0.00000000 0.24545000
4 5.27847900 0.16554400 0.00000100 0.00000000 0.00000000 0.04851100
5 -1.64873900 -13.09409500 6.31045700 1.97586500 1.15990900 -1.29878600
6 -6.21447800 -0.00000900 -0.00002600 3.05809185 -0.19965599 1.54872210
7 11.94488500 0.00000000 0.00000000 -0.28607099 -0.34405108 1.75431049
8 10.62018800 0.00000000 0.00000000 0.56466343 -0.16756914 2.83739967
9 -4.75110800 -0.69449800 0.83058000 -0.15418600 -0.29167200 0.37319500
10 -1.68806800 0.00004700 -0.00003100 0.02287100 -0.00946300 0.26249200
11 -1.33614000 0.00005500 -0.00001000 0.02592200 0.00450900 0.38004900
12 -4.82049400 -0.50946400 -0.22475900 -0.67850600 -0.12493700 1.39189400
13 -1.82698400 -0.00006900 0.00000800 -0.01519000 0.03755800 0.88963800
14 -1.43656900 0.00000400 0.00000300 -0.05788200 -0.05197400 0.74803500
15 -3.99235700 -0.89119100 -1.82790900 -0.78312200 0.47783100 1.73317100
16 -1.40591800 -0.00002500 -0.00000200 0.01158200 -0.02712100 0.47278000
17 -1.17535800 0.00012600 -0.00001900 0.02643300 0.06261000 0.30325800
18 -4.52675100 -0.69058000 -1.12074100 -0.76414900 0.22720200 1.67117900
19 -1.74403800 0.00003200 -0.00000800 -0.01149500 -0.02729000 0.80897100
20 -1.36877100 0.00002300 0.00000200 -0.22704800 0.07843600 0.24818000
21 -1.87479600 -0.93512500 0.99917500 1.79694600 0.72864500 1.01706100
22 -1.52344700 0.00003100 0.00003100 0.10575300 0.13820400 0.75781300
23 -1.59928500 0.00001100 0.00001500 0.02972300 -0.03090300 0.78512800
24 5.58312100 0.11572600 0.29499900 1.94756400 -0.06728900 3.12123600
25 0.19684600 -0.00000200 0.00000300 2.79340694 -0.00042895 -3.14149100
26 -0.42065400 -14.75184200 -3.44053500 1.97586200 1.15991000 1.84280300
27 6.21448600 0.00000800 0.00001900 -1.14837220 0.76019292 -2.05474460
28 11.94488800 -0.00003100 -0.00020000 -0.91558986 -0.33498956 -1.87176447
29 10.62016500 0.00000200 0.00000600 -1.04872759 -0.82622450 -0.46047343
30 4.75115800 0.69437400 -0.83047400 0.12842900 -0.44158200 0.41817400
31 1.68806500 -0.00002200 0.00000200 0.00068800 -0.02474600 1.41163600
32 1.33615100 -0.00005100 -0.00000900 0.00291500 -0.03857300 0.29474600
33 4.82051500 0.50933800 0.22486600 -0.14851600 -0.31147800 1.00052700
34 1.82699200 0.00006600 0.00001000 0.01090700 0.03895400 1.54771100
35 1.43658100 -0.00000600 0.00001000 0.01503200 0.00167500 -0.83651700
36 3.99235300 0.89108700 1.82799300 -0.45399300 -0.08851700 1.25458700
37 1.40592600 0.00003100 -0.00000300 -0.01421100 -0.02586600 1.37541000
38 1.17536200 -0.00013200 0.00000100 -0.07487300 0.09798600 -0.69969900
39 4.52675800 0.69046400 1.12084300 -0.34960800 -0.17836200 1.24133300
40 1.74404100 -0.00003100 -0.00000200 -0.02639200 -0.01328600 1.51729600
41 1.36876700 -0.00003100 -0.00001800 -0.12191500 0.10180800 -1.06387600
42 2.12628900 1.15633200 -0.76951000 1.84706400 0.52542000 0.27660500
43 1.57833200 -0.31926600 -0.04171500 -0.04202400 -0.07377300 0.12077200
44 1.59179100 -0.07172600 0.01248600 0.03799300 0.07429800 -0.27107500
45 5.51180600 -0.00000200 0.00000300 -0.99849200 0.00000000 0.00000000
46 0.19684900 0.00000300 -0.00000100 -0.34822500 0.00001500 -0.00000200
47 0.00000000 0.00000000 0.00000000 0.00000000 0.00000000 -1.57079600
48 -4.14904400 4.91099600 -4.12447000 0.00000000 0.00000000 -3.14156200
49 -8.92530404 22.80097600 -0.47470907 0.44004531 0.25170268 -0.37861491
50 44.49528500 2.91572800 -17.31057200 0.00000000 0.00000000 0.00000000
51 0.85166200 0.00000000 0.00000000 0.00000000 0.00000000 0.00000000
52 0.34715100 -0.00506000 -1.70929000 0.00000000 0.00000000 0.00000000
53 0.36657300 -0.00506000 0.90475100 0.00000000 0.00000000 0.00000000
54 0.34912100 -0.00505900 0.26595500 0.00000000 0.00000000 0.00000000
55 0.34945800 -0.00505900 -0.38449700 0.00000000 0.00000000 0.00000000
56 0.33780400 -0.00506200 -1.09133400 0.00000000 0.00000000 0.00000000
57 3.93872200 -0.00328400 -1.03767400 0.00000000 0.00000000 0.00000000
58 0.45171900 0.00102000 1.29854300 0.00000000 0.00000000 0.00000000
59 -0.52680000 0.00000000 0.00000000 0.00000000 0.00000000 0.00000000
60 0.62233900 0.00000000 0.00000000 0.00000000 0.00000000 0.00000000
61 11.82442500 1.48996500 -1.86721800 -0.20588600 1.09315300 1.34480400
62 -1.31468100 -2.66984500 -2.04237300 -3.02352800 1.09807700 -2.21761800
63 -34.91577900 -0.00157300 0.20016800 0.00000000 0.00000000 0.00000000
time 49
0 -0.00000100 7.45008900 -27.50902600 0.00000000 0.00000000 0.00003100
1 -0.00000200 0.00000000 0.00000000 1.57074700 -1.56714200 -1.57074700
2 4.25546600 -0.33518300 -0.00000200 0.00000000 0.00000000 -0.12484800
3 7.43125000 1.49647900 0.00000200 0.00000000 0.00000000 0.24545000
4 5.27847900 0.16554400 0.00000100 0.00000000 0.00000000 0.04851100
5 -1.64873900 -13.09409500 6.31045700 1.97586500 1.15990900 -1.29878600
6 -6.21447800 -0.00000900 -0.00002600 3.05789367 -0.19991332 1.54918567
7 11.94488500 0.00000000 0.00000000 -0.28570430 -0.34404942 1.75328980
8 10.62018800 0.00000000 0.00000000 0.56467775 -0.16363835 2.83953093
9 -4.75110800 -0.69449800 0.83058000 -0.15418600 -0.29167200 0.37319500
10 -1.68806800 0.00004700 -0.00003100 0.02287100 -0.00946300 0.26249200
11 -1.33614000 0.00005500 -0.00001000 0.02592200 0.00450900 0.38004900
12 -4.82049400 -0.50946400 -0.22475900 -0.67850600 -0.12493700 1.39189400
13 -1.82698400 -0.00006900 0.00000800 -0.01519000 0.03755800 0.88963800
14 -1.43656900 0.00000400 0.00000300 -0.05788200 -0.05197400 0.74803500
15 -3.99235700 -0.89119100 -1.82790900 -0.78312200 0.47783100 1.73317100
16 -1.40591800 -0.00002500 -0.00000200 0.01158200 -0.02712100 0.47278000
17 -1.17535800 0.00012600 -0.00001900 0.02643300 0.06261000 0.30325800
18 -4.52675100 -0.69058000 -1.12074100 -0.76414900 0.22720200 1.67117900
19 -1.74403800 0.00003200 -0.00000800 -0.01149500 -0.02729000 0.80897100
20 -1.36877100 0.00002300 0.00000200 -0.22704800 0.07843600 0.24818000
21 -1.87479600 -0.93512500 0.99917500 1.79694600 0.72864500 1.01706100
22 -1.52344700 0.00003100 0.00003100 0.10575300 0.13820400 0.75781300
23 -1.59928500 0.00001100 0.00001500 0.02972300 -0.03090300 0.78512800
24 5.58312100 0.11572600 0.29499900 1.94756400 -0.06728900 3.12123600
25 0.19684600 -0.00000200 0.00000300 2.79340694 -0.00042895 -3.14149100
26 -0.42065400 -14.75184200 -3.44053500 1.97586200 1.15991000 1.84280300
27 6.21448600 0.00000800 0.00001900 -1.14868781 0.75749798 -2.05584113
28 11.94488800 -0.00003100 -0.00020000 -0.91608858 -0.33498353 -1.87043278
29 10.62016500 0.00000200 0.00000600 -1.04664811 -0.82418088 -0.46007339
30 4.75115800 0.69437400 -0.83047400 0.12842900 -0.44158200 0.41817400
31 1.68806500 -0.00002200 0.00000200 0.00068800 -0.02474600 1.41163600
32 1.33615100 -0.00005100 -0.00000900 0.00291500 -0.03857300 0.29474600
33 4.82051500 0.50933800 0.22486600 -0.14851600 -0.31147800 1.00052700
34 1.82699200 0.00006600 0.00001000 0.01090700 0.03895400 1.54771100
35 1.43658100 -0.00000600 0.00001000 0.01503200 0.00167500 -0.83651700
36 3.99235300 0.89108700 1.82799300 -0.45399300 -0.08851700 1.25458700
37 1.40592600 0.00003100 -0.00000300 -0.01421100 -0.02586600 1.37541000
38 1.17536200 -0.00013200 0.00000100 -0.07487300 0.09798600 -0.69969900
39 4.52675800 0.69046400 1.12084300 -0.34960800 -0.17836200 1.24133300
40 1.74404100 -0.00003100 -0.00000200 -0.02639200 -0.01328600 1.51729600
41 1.36876700 -0.00003100 -0.00001800 -0.12191500 0.10180800 -1.06387600
42 2.12628900 1.15633200 -0.76951000 1.84706400 0.52542000 0.27660500
43 1.57833200 -0.31926600 -0.04171500 -0.04202400 -0.07377300 0.12077200
44 1.59179100 -0.07172600 0.01248600 0.03799300 0.07429800 -0.27107500
45 5.51180600 -0.00000200 0.00000300 -0.99849200 0.00000000 0.00000000
46 0.19684900 0.00000300 -0.00000100 -0.34822500 0.00001500 -0.00000200
47 0.00000000 0.00000000 0.00000000 0.00000000 0.00000000 -1.57079600
48 -4.14904400 4.91099600 -4.12447000 0.00000000 0.00000000 -3.14156200
49 -8.90940229 22.80097600 -0.44710533 0.44089091 0.25495021 -0.37802931
50 44.49528500 2.91572800 -17.31057200 0.00000000 0.00000000 0.00000000
51 0.85166200 0.00000000 0.00000000 0.00000000 0.00000000 0.00000000
52 0.34715100 -0.00506000 -1.70929000 0.00000000 0.00000000 0.00000000
53 0.36657300 -0.00506000 0.90475100 0.00000000 0.00000000 0.00000000
54 0.34912100 -0.00505900 0.26595500 0.00000000 0.00000000 0.00000000
55 0.34945800 -0.00505900 -0.38449700 0.00000000 0.00000000 0.00000000
56 0.33780400 -0.00506200 -1.09133400 0.00000000 0.00000000 0.00000000
57 3.93872200 -0.00328400 -1.03767400 0.00000000 0.00000000 0.00000000
58 0.45171900 0.00102000 1.29854300 0.00000000 0.00000000 0.00000000
59 -0.52680000 0.00000000 0.00000000 0.00000000 0.00000000 0.00000000
60 0.62233900 0.00000000 0.00000000 0.00000000 0.00000000 0.00000000
61 11.82442500 1.48996500 -1.86721800 -0.20588600 1.09315300 1.34480400
62 -1.31468100 -2.66984500 -2.04237300 -3.02352800 1.09807700 -2.21761800
63 -34.91577900 -0.00157300 0.20016800 0.00000000 0.00000000 0.00000000
time 50
0 -0.00000100 7.45008900 -27.50902600 0.00000000 0.00000000 0.00003100
1 -0.00000200 0.00000000 0.00000000 1.57074700 -1.56714200 -1.57074700
2 4.25546600 -0.33518300 -0.00000200 0.00000000 0.00000000 -0.12484800
3 7.43125000 1.49647900 0.00000200 0.00000000 0.00000000 0.24545000
4 5.27847900 0.16554400 0.00000100 0.00000000 0.00000000 0.04851100
5 -1.64873900 -13.09409500 6.31045700 1.97586500 1.15990900 -1.29878600
6 -6.21447800 -0.00000900 -0.00002600 3.05765039 -0.20012533 1.54973444
7 11.94488500 0.00000000 0.00000000 -0.28552962 -0.34403737 1.75247440
8 10.62018800 0.00000000 0.00000000 0.56480131 -0.16018333 2.84134559
9 -4.75110800 -0.69449800 0.83058000 -0.15418600 -0.29167200 0.37319500
10 -1.68806800 0.00004700 -0.00003100 0.02287100 -0.00946300 0.26249200
11 -1.33614000 0.00005500 -0.00001000 0.02592200 0.00450900 0.38004900
12 -4.82049400 -0.50946400 -0.22475900 -0.67850600 -0.12493700 1.39189400
13 -1.82698400 -0.00006900 0.00000800 -0.01519000 0.03755800 0.88963800
14 -1.43656900 0.00000400 0.00000300 -0.05788200 -0.05197400 0.74803500
15 -3.99235700 -0.89119100 -1.82790900 -0.78312200 0.47783100 1.73317100
16 -1.40591800 -0.00002500 -0.00000200 0.01158200 -0.02712100 0.47278000
17 -1.17535800 0.00012600 -0.00001900 0.02643300 0.06261000 0.30325800
18 -4.52675100 -0.69058000 -1.12074100 -0.76414900 0.22720200 1.67117900
19 -1.74403800 0.00003200 -0.00000800 -0.01149500 -0.02729000 0.80897100
20 -1.36877100 0.00002300 0.00000200 -0.22704800 0.07843600 0.24818000
21 -1.87479600 -0.93512500 0.99917500 1.79694600 0.72864500 1.01706100
22 -1.52344700 0.00003100 0.00003100 0.10575300 0.13820400 0.75781300
23 -1.59928500 0.00001100 0.00001500 0.02972300 -0.03090300 0.78512800
24 5.58312100 0.11572600 0.29499900 1.94756400 -0.06728900 3.12123600
25 0.19684600 -0.00000200 0.00000300 2.79340694 -0.00042895 -3.14149100
26 -0.42065400 -14.75184200 -3.44053500 1.97586200 1.15991000 1.84280300
27 6.21448600 0.00000800 0.00001900 -1.14887898 0.75516643 -2.05701962
28 11.94488800 -0.00003100 -0.00020000 -0.91641797 -0.33511829 -1.86924244
29 10.62016500 0.00000200 0.00000600 -1.04491853 -0.82212749 -0.45972990
30 4.75115800 0.69437400 -0.83047400 0.12842900 -0.44158200 0.41817400
31 1.68806500 -0.00002200 0.00000200 0.00068800 -0.02474600 1.41163600
32 1.33615100 -0.00005100 -0.00000900 0.00291500 -0.03857300 0.29474600
33 4.82051500 0.50933800 0.22486600 -0.14851600 -0.31147800 1.00052700
34 1.82699200 0.00006600 0.00001000 0.01090700 0.03895400 1.54771100
35 1.43658100 -0.00000600 0.00001000 0.01503200 0.00167500 -0.83651700
36 3.99235300 0.89108700 1.82799300 -0.45399300 -0.08851700 1.25458700
37 1.40592600 0.00003100 -0.00000300 -0.01421100 -0.02586600 1.37541000
38 1.17536200 -0.00013200 0.00000100 -0.07487300 0.09798600 -0.69969900
39 4.52675800 0.69046400 1.12084300 -0.34960800 -0.17836200 1.24133300
40 1.74404100 -0.00003100 -0.00000200 -0.02639200 -0.01328600 1.51729600
41 1.36876700 -0.00003100 -0.00001800 -0.12191500 0.10180800 -1.06387600
42 2.12628900 1.15633200 -0.76951000 1.84706400 0.52542000 0.27660500
43 1.57833200 -0.31926600 -0.04171500 -0.04202400 -0.07377300 0.12077200
44 1.59179100 -0.07172600 0.01248600 0.03799300 0.07429800 -0.27107500
45 5.51180600 -0.00000200 0.00000300 -0.99849200 0.00000000 0.00000000
46 0.19684900 0.00000300 -0.00000100 -0.34822500 0.00001500 -0.00000200
47 0.00000000 0.00000000 0.00000000 0.00000000 0.00000000 -1.57079600
48 -4.14904400 4.91099600 -4.12447000 0.00000000 0.00000000 -3.14156200
49 -8.89372560 22.80097600 -0.42371525 0.44180551 0.25789933 -0.37744519
50 44.49528500 2.91572800 -17.31057200 0.00000000 0.00000000 0.00000000
51 0.85166200 0.00000000 0.00000000 0.00000000 0.00000000 0.00000000
52 0.34715100 -0.00506000 -1.70929000 0.00000000 0.00000000 0.00000000
53 0.36657300 -0.00506000 0.90475100 0.00000000 0.00000000 0.00000000
54 0.34912100 -0.00505900 0.26595500 0.00000000 0.00000000 0.00000000
55 0.34945800 -0.00505900 -0.38449700 0.00000000 0.00000000 0.00000000
56 0.33780400 -0.00506200 -1.09133400 0.00000000 0.00000000 0.00000000
57 3.93872200 -0.00328400 -1.03767400 0.00000000 0.00000000 0.00000000
58 0.45171900 0.00102000 1.29854300 0.00000000 0.00000000 0.00000000
59 -0.52680000 0.00000000 0.00000000 0.00000000 0.00000000 0.00000000
60 0.62233900 0.00000000 0.00000000 0.00000000 0.00000000 0.00000000
61 11.82442500 1.48996500 -1.86721800 -0.20588600 1.09315300 1.34480400
62 -1.31468100 -2.66984500 -2.04237300 -3.02352800 1.09807700 -2.21761800
63 -34.91577900 -0.00157300 0.20016800 0.00000000 0.00000000 0.00000000
time 51
0 -0.00000100 7.45008900 -27.50902600 0.00000000 0.00000000 0.00003100
1 -0.00000200 0.00000000 0.00000000 1.57074700 -1.56714200 -1.57074700
2 4.25546600 -0.33518300 -0.00000200 0.00000000 0.00000000 -0.12484800
3 7.43125000 1.49647900 0.00000200 0.00000000 0.00000000 0.24545000
4 5.27847900 0.16554400 0.00000100 0.00000000 0.00000000 0.04851100
5 -1.64873900 -13.09409500 6.31045700 1.97586500 1.15990900 -1.29878600
6 -6.21447800 -0.00000900 -0.00002600 3.05734646 -0.20040015 1.55030905
7 11.94488500 0.00000000 0.00000000 -0.28525401 -0.34401683 1.75178499
8 10.62018800 0.00000000 0.00000000 0.56489255 -0.15693992 2.84309964
9 -4.75110800 -0.69449800 0.83058000 -0.15418600 -0.29167200 0.37319500
10 -1.68806800 0.00004700 -0.00003100 0.02287100 -0.00946300 0.26249200
11 -1.33614000 0.00005500 -0.00001000 0.02592200 0.00450900 0.38004900
12 -4.82049400 -0.50946400 -0.22475900 -0.67850600 -0.12493700 1.39189400
13 -1.82698400 -0.00006900 0.00000800 -0.01519000 0.03755800 0.88963800
14 -1.43656900 0.00000400 0.00000300 -0.05788200 -0.05197400 0.74803500
15 -3.99235700 -0.89119100 -1.82790900 -0.78312200 0.47783100 1.73317100
16 -1.40591800 -0.00002500 -0.00000200 0.01158200 -0.02712100 0.47278000
17 -1.17535800 0.00012600 -0.00001900 0.02643300 0.06261000 0.30325800
18 -4.52675100 -0.69058000 -1.12074100 -0.76414900 0.22720200 1.67117900
19 -1.74403800 0.00003200 -0.00000800 -0.01149500 -0.02729000 0.80897100
20 -1.36877100 0.00002300 0.00000200 -0.22704800 0.07843600 0.24818000
21 -1.87479600 -0.93512500 0.99917500 1.79694600 0.72864500 1.01706100
22 -1.52344700 0.00003100 0.00003100 0.10575300 0.13820400 0.75781300
23 -1.59928500 0.00001100 0.00001500 0.02972300 -0.03090300 0.78512800
24 5.58312100 0.11572600 0.29499900 1.94756400 -0.06728900 3.12123600
25 0.19684600 -0.00000200 0.00000300 2.79340694 -0.00042895 -3.14149100
26 -0.42065400 -14.75184200 -3.44053500 1.97586200 1.15991000 1.84280300
27 6.21448600 0.00000800 0.00001900 -1.14910836 0.75306338 -2.05813720
28 11.94488800 -0.00003100 -0.00020000 -0.91680873 -0.33525780 -1.86814698
29 10.62016500 0.00000200 0.00000600 -1.04330435 -0.82028670 -0.45949560
30 4.75115800 0.69437400 -0.83047400 0.12842900 -0.44158200 0.41817400
31 1.68806500 -0.00002200 0.00000200 0.00068800 -0.02474600 1.41163600
32 1.33615100 -0.00005100 -0.00000900 0.00291500 -0.03857300 0.29474600
33 4.82051500 0.50933800 0.22486600 -0.14851600 -0.31147800 1.00052700
34 1.82699200 0.00006600 0.00001000 0.01090700 0.03895400 1.54771100
35 1.43658100 -0.00000600 0.00001000 0.01503200 0.00167500 -0.83651700
36 3.99235300 0.89108700 1.82799300 -0.45399300 -0.08851700 1.25458700
37 1.40592600 0.00003100 -0.00000300 -0.01421100 -0.02586600 1.37541000
38 1.17536200 -0.00013200 0.00000100 -0.07487300 0.09798600 -0.69969900
39 4.52675800 0.69046400 1.12084300 -0.34960800 -0.17836200 1.24133300
40 1.74404100 -0.00003100 -0.00000200 -0.02639200 -0.01328600 1.51729600
41 1.36876700 -0.00003100 -0.00001800 -0.12191500 0.10180800 -1.06387600
42 2.12628900 1.15633200 -0.76951000 1.84706400 0.52542000 0.27660500
43 1.57833200 -0.31926600 -0.04171500 -0.04202400 -0.07377300 0.12077200
44 1.59179100 -0.07172600 0.01248600 0.03799300 0.07429800 -0.27107500
45 5.51180600 -0.00000200 0.00000300 -0.99849200 0.00000000 0.00000000
46 0.19684900 0.00000300 -0.00000100 -0.34822500 0.00001500 -0.00000200
47 0.00000000 0.00000000 0.00000000 0.00000000 0.00000000 -1.57079600
48 -4.14904400 4.91099600 -4.12447000 0.00000000 0.00000000 -3.14156200
49 -8.87838671 22.80097600 -0.40207854 0.44266296 0.26063670 -0.37691061
50 44.49528500 2.91572800 -17.31057200 0.00000000 0.00000000 0.00000000
51 0.85166200 0.00000000 0.00000000 0.00000000 0.00000000 0.00000000
52 0.34715100 -0.00506000 -1.70929000 0.00000000 0.00000000 0.00000000
53 0.36657300 -0.00506000 0.90475100 0.00000000 0.00000000 0.00000000
54 0.34912100 -0.00505900 0.26595500 0.00000000 0.00000000 0.00000000
55 0.34945800 -0.00505900 -0.38449700 0.00000000 0.00000000 0.00000000
56 0.33780400 -0.00506200 -1.09133400 0.00000000 0.00000000 0.00000000
57 3.93872200 -0.00328400 -1.03767400 0.00000000 0.00000000 0.00000000
58 0.45171900 0.00102000 1.29854300 0.00000000 0.00000000 0.00000000
59 -0.52680000 0.00000000 0.00000000 0.00000000 0.00000000 0.00000000
60 0.62233900 0.00000000 0.00000000 0.00000000 0.00000000 0.00000000
61 11.82442500 1.48996500 -1.86721800 -0.20588600 1.09315300 1.34480400
62 -1.31468100 -2.66984500 -2.04237300 -3.02352800 1.09807700 -2.21761800
63 -34.91577900 -0.00157300 0.20016800 0.00000000 0.00000000 0.00000000
time 52
0 -0.00000100 7.45008900 -27.50902600 0.00000000 0.00000000 0.00003100
1 -0.00000200 0.00000000 0.00000000 1.57074700 -1.56714200 -1.57074700
2 4.25546600 -0.33518300 -0.00000200 0.00000000 0.00000000 -0.12484800
3 7.43125000 1.49647900 0.00000200 0.00000000 0.00000000 0.24545000
4 5.27847900 0.16554400 0.00000100 0.00000000 0.00000000 0.04851100
5 -1.64873900 -13.09409500 6.31045700 1.97586500 1.15990900 -1.29878600
6 -6.21447800 -0.00000900 -0.00002600 3.05722292 -0.20064074 1.55088710
7 11.94488500 0.00000000 0.00000000 -0.28501391 -0.34399954 1.75119705
8 10.62018800 0.00000000 0.00000000 0.56503753 -0.15398641 2.84462357
9 -4.75110800 -0.69449800 0.83058000 -0.15418600 -0.29167200 0.37319500
10 -1.68806800 0.00004700 -0.00003100 0.02287100 -0.00946300 0.26249200
11 -1.33614000 0.00005500 -0.00001000 0.02592200 0.00450900 0.38004900
12 -4.82049400 -0.50946400 -0.22475900 -0.67850600 -0.12493700 1.39189400
13 -1.82698400 -0.00006900 0.00000800 -0.01519000 0.03755800 0.88963800
14 -1.43656900 0.00000400 0.00000300 -0.05788200 -0.05197400 0.74803500
15 -3.99235700 -0.89119100 -1.82790900 -0.78312200 0.47783100 1.73317100
16 -1.40591800 -0.00002500 -0.00000200 0.01158200 -0.02712100 0.47278000
17 -1.17535800 0.00012600 -0.00001900 0.02643300 0.06261000 0.30325800
18 -4.52675100 -0.69058000 -1.12074100 -0.76414900 0.22720200 1.67117900
19 -1.74403800 0.00003200 -0.00000800 -0.01149500 -0.02729000 0.80897100
20 -1.36877100 0.00002300 0.00000200 -0.22704800 0.07843600 0.24818000
21 -1.87479600 -0.93512500 0.99917500 1.79694600 0.72864500 1.01706100
22 -1.52344700 0.00003100 0.00003100 0.10575300 0.13820400 0.75781300
23 -1.59928500 0.00001100 0.00001500 0.02972300 -0.03090300 0.78512800
24 5.58312100 0.11572600 0.29499900 1.94756400 -0.06728900 3.12123600
25 0.19684600 -0.00000200 0.00000300 2.79340694 -0.00042895 -3.14149100
26 -0.42065400 -14.75184200 -3.44053500 1.97586200 1.15991000 1.84280300
27 6.21448600 0.00000800 0.00001900 -1.14913548 0.75110471 -2.05915406
28 11.94488800 -0.00003100 -0.00020000 -0.91719260 -0.33541952 -1.86707248
29 10.62016500 0.00000200 0.00000600 -1.04187468 -0.81846061 -0.45930875
30 4.75115800 0.69437400 -0.83047400 0.12842900 -0.44158200 0.41817400
31 1.68806500 -0.00002200 0.00000200 0.00068800 -0.02474600 1.41163600
32 1.33615100 -0.00005100 -0.00000900 0.00291500 -0.03857300 0.29474600
33 4.82051500 0.50933800 0.22486600 -0.14851600 -0.31147800 1.00052700
34 1.82699200 0.00006600 0.00001000 0.01090700 0.03895400 1.54771100
35 1.43658100 -0.00000600 0.00001000 0.01503200 0.00167500 -0.83651700
36 3.99235300 0.89108700 1.82799300 -0.45399300 -0.08851700 1.25458700
37 1.40592600 0.00003100 -0.00000300 -0.01421100 -0.02586600 1.37541000
38 1.17536200 -0.00013200 0.00000100 -0.07487300 0.09798600 -0.69969900
39 4.52675800 0.69046400 1.12084300 -0.34960800 -0.17836200 1.24133300
40 1.74404100 -0.00003100 -0.00000200 -0.02639200 -0.01328600 1.51729600
41 1.36876700 -0.00003100 -0.00001800 -0.12191500 0.10180800 -1.06387600
42 2.12628900 1.15633200 -0.76951000 1.84706400 0.52542000 0.27660500
43 1.57833200 -0.31926600 -0.04171500 -0.04202400 -0.07377300 0.12077200
44 1.59179100 -0.07172600 0.01248600 0.03799300 0.07429800 -0.27107500
45 5.51180600 -0.00000200 0.00000300 -0.99849200 0.00000000 0.00000000
46 0.19684900 0.00000300 -0.00000100 -0.34822500 0.00001500 -0.00000200
47 0.00000000 0.00000000 0.00000000 0.00000000 0.00000000 -1.57079600
48 -4.14904400 4.91099600 -4.12447000 0.00000000 0.00000000 -3.14156200
49 -8.86341465 22.80097600 -0.38280196 0.44343240 0.26314580 -0.37654428
50 44.49528500 2.91572800 -17.31057200 0.00000000 0.00000000 0.00000000
51 0.85166200 0.00000000 0.00000000 0.00000000 0.00000000 0.00000000
52 0.34715100 -0.00506000 -1.70929000 0.00000000 0.00000000 0.00000000
53 0.36657300 -0.00506000 0.90475100 0.00000000 0.00000000 0.00000000
54 0.34912100 -0.00505900 0.26595500 0.00000000 0.00000000 0.00000000
55 0.34945800 -0.00505900 -0.38449700 0.00000000 0.00000000 0.00000000
56 0.33780400 -0.00506200 -1.09133400 0.00000000 0.00000000 0.00000000
57 3.93872200 -0.00328400 -1.03767400 0.00000000 0.00000000 0.00000000
58 0.45171900 0.00102000 1.29854300 0.00000000 0.00000000 0.00000000
59 -0.52680000 0.00000000 0.00000000 0.00000000 0.00000000 0.00000000
60 0.62233900 0.00000000 0.00000000 0.00000000 0.00000000 0.00000000
61 11.82442500 1.48996500 -1.86721800 -0.20588600 1.09315300 1.34480400
62 -1.31468100 -2.66984500 -2.04237300 -3.02352800 1.09807700 -2.21761800
63 -34.91577900 -0.00157300 0.20016800 0.00000000 0.00000000 0.00000000
time 53
0 -0.00000100 7.45008900 -27.50902600 0.00000000 0.00000000 0.00003100
1 -0.00000200 0.00000000 0.00000000 1.57074700 -1.56714200 -1.57074700
2 4.25546600 -0.33518300 -0.00000200 0.00000000 0.00000000 -0.12484800
3 7.43125000 1.49647900 0.00000200 0.00000000 0.00000000 0.24545000
4 5.27847900 0.16554400 0.00000100 0.00000000 0.00000000 0.04851100
5 -1.64873900 -13.09409500 6.31045700 1.97586500 1.15990900 -1.29878600
6 -6.21447800 -0.00000900 -0.00002600 3.05722708 -0.20073533 1.55158788
7 11.94488500 0.00000000 0.00000000 -0.28508773 -0.34393517 1.75129587
8 10.62018800 0.00000000 0.00000000 0.56534333 -0.15229612 2.84554547
9 -4.75110800 -0.69449800 0.83058000 -0.15418600 -0.29167200 0.37319500
10 -1.68806800 0.00004700 -0.00003100 0.02287100 -0.00946300 0.26249200
11 -1.33614000 0.00005500 -0.00001000 0.02592200 0.00450900 0.38004900
12 -4.82049400 -0.50946400 -0.22475900 -0.67850600 -0.12493700 1.39189400
13 -1.82698400 -0.00006900 0.00000800 -0.01519000 0.03755800 0.88963800
14 -1.43656900 0.00000400 0.00000300 -0.05788200 -0.05197400 0.74803500
15 -3.99235700 -0.89119100 -1.82790900 -0.78312200 0.47783100 1.73317100
16 -1.40591800 -0.00002500 -0.00000200 0.01158200 -0.02712100 0.47278000
17 -1.17535800 0.00012600 -0.00001900 0.02643300 0.06261000 0.30325800
18 -4.52675100 -0.69058000 -1.12074100 -0.76414900 0.22720200 1.67117900
19 -1.74403800 0.00003200 -0.00000800 -0.01149500 -0.02729000 0.80897100
20 -1.36877100 0.00002300 0.00000200 -0.22704800 0.07843600 0.24818000
21 -1.87479600 -0.93512500 0.99917500 1.79694600 0.72864500 1.01706100
22 -1.52344700 0.00003100 0.00003100 0.10575300 0.13820400 0.75781300
23 -1.59928500 0.00001100 0.00001500 0.02972300 -0.03090300 0.78512800
24 5.58312100 0.11572600 0.29499900 1.94756400 -0.06728900 3.12123600
25 0.19684600 -0.00000200 0.00000300 2.79340694 -0.00042895 -3.14149100
26 -0.42065400 -14.75184200 -3.44053500 1.97586200 1.15991000 1.84280300
27 6.21448600 0.00000800 0.00001900 -1.14913437 0.74975090 -2.06025783
28 11.94488800 -0.00003100 -0.00020000 -0.91747820 -0.33563159 -1.86613974
29 10.62016500 0.00000200 0.00000600 -1.04071257 -0.81698254 -0.45947402
30 4.75115800 0.69437400 -0.83047400 0.12842900 -0.44158200 0.41817400
31 1.68806500 -0.00002200 0.00000200 0.00068800 -0.02474600 1.41163600
32 1.33615100 -0.00005100 -0.00000900 0.00291500 -0.03857300 0.29474600
33 4.82051500 0.50933800 0.22486600 -0.14851600 -0.31147800 1.00052700
34 1.82699200 0.00006600 0.00001000 0.01090700 0.03895400 1.54771100
35 1.43658100 -0.00000600 0.00001000 0.01503200 0.00167500 -0.83651700
36 3.99235300 0.89108700 1.82799300 -0.45399300 -0.08851700 1.25458700
37 1.40592600 0.00003100 -0.00000300 -0.01421100 -0.02586600 1.37541000
38 1.17536200 -0.00013200 0.00000100 -0.07487300 0.09798600 -0.69969900
39 4.52675800 0.69046400 1.12084300 -0.34960800 -0.17836200 1.24133300
40 1.74404100 -0.00003100 -0.00000200 -0.02639200 -0.01328600 1.51729600
41 1.36876700 -0.00003100 -0.00001800 -0.12191500 0.10180800 -1.06387600
42 2.12628900 1.15633200 -0.76951000 1.84706400 0.52542000 0.27660500
43 1.57833200 -0.31926600 -0.04171500 -0.04202400 -0.07377300 0.12077200
44 1.59179100 -0.07172600 0.01248600 0.03799300 0.07429800 -0.27107500
45 5.51180600 -0.00000200 0.00000300 -0.99849200 0.00000000 0.00000000
46 0.19684900 0.00000300 -0.00000100 -0.34822500 0.00001500 -0.00000200
47 0.00000000 0.00000000 0.00000000 0.00000000 0.00000000 -1.57079600
48 -4.14904400 4.91099600 -4.12447000 0.00000000 0.00000000 -3.14156200
49 -8.84870885 22.80097600 -0.36834497 0.44414631 0.26471467 -0.37640210
50 44.49528500 2.91572800 -17.31057200 0.00000000 0.00000000 0.00000000
51 0.85166200 0.00000000 0.00000000 0.00000000 0.00000000 0.00000000
52 0.34715100 -0.00506000 -1.70929000 0.00000000 0.00000000 0.00000000
53 0.36657300 -0.00506000 0.90475100 0.00000000 0.00000000 0.00000000
54 0.34912100 -0.00505900 0.26595500 0.00000000 0.00000000 0.00000000
55 0.34945800 -0.00505900 -0.38449700 0.00000000 0.00000000 0.00000000
56 0.33780400 -0.00506200 -1.09133400 0.00000000 0.00000000 0.00000000
57 3.93872200 -0.00328400 -1.03767400 0.00000000 0.00000000 0.00000000
58 0.45171900 0.00102000 1.29854300 0.00000000 0.00000000 0.00000000
59 -0.52680000 0.00000000 0.00000000 0.00000000 0.00000000 0.00000000
60 0.62233900 0.00000000 0.00000000 0.00000000 0.00000000 0.00000000
61 11.82442500 1.48996500 -1.86721800 -0.20588600 1.09315300 1.34480400
62 -1.31468100 -2.66984500 -2.04237300 -3.02352800 1.09807700 -2.21761800
63 -34.91577900 -0.00157300 0.20016800 0.00000000 0.00000000 0.00000000
time 54
0 -0.00000100 7.45008900 -27.50902600 0.00000000 0.00000000 0.00003100
1 -0.00000200 0.00000000 0.00000000 1.57074700 -1.56714200 -1.57074700
2 4.25546600 -0.33518300 -0.00000200 0.00000000 0.00000000 -0.12484800
3 7.43125000 1.49647900 0.00000200 0.00000000 0.00000000 0.24545000
4 5.27847900 0.16554400 0.00000100 0.00000000 0.00000000 0.04851100
5 -1.64873900 -13.09409500 6.31045700 1.97586500 1.15990900 -1.29878600
6 -6.21447800 -0.00000900 -0.00002600 3.05723170 -0.20083182 1.55229252
7 11.94488500 0.00000000 0.00000000 -0.28510969 -0.34393867 1.75139995
8 10.62018800 0.00000000 0.00000000 0.56553645 -0.15083403 2.84622854
9 -4.75110800 -0.69449800 0.83058000 -0.15418600 -0.29167200 0.37319500
10 -1.68806800 0.00004700 -0.00003100 0.02287100 -0.00946300 0.26249200
11 -1.33614000 0.00005500 -0.00001000 0.02592200 0.00450900 0.38004900
12 -4.82049400 -0.50946400 -0.22475900 -0.67850600 -0.12493700 1.39189400
13 -1.82698400 -0.00006900 0.00000800 -0.01519000 0.03755800 0.88963800
14 -1.43656900 0.00000400 0.00000300 -0.05788200 -0.05197400 0.74803500
15 -3.99235700 -0.89119100 -1.82790900 -0.78312200 0.47783100 1.73317100
16 -1.40591800 -0.00002500 -0.00000200 0.01158200 -0.02712100 0.47278000
17 -1.17535800 0.00012600 -0.00001900 0.02643300 0.06261000 0.30325800
18 -4.52675100 -0.69058000 -1.12074100 -0.76414900 0.22720200 1.67117900
19 -1.74403800 0.00003200 -0.00000800 -0.01149500 -0.02729000 0.80897100
20 -1.36877100 0.00002300 0.00000200 -0.22704800 0.07843600 0.24818000
21 -1.87479600 -0.93512500 0.99917500 1.79694600 0.72864500 1.01706100
22 -1.52344700 0.00003100 0.00003100 0.10575300 0.13820400 0.75781300
23 -1.59928500 0.00001100 0.00001500 0.02972300 -0.03090300 0.78512800
24 5.58312100 0.11572600 0.29499900 1.94756400 -0.06728900 3.12123600
25 0.19684600 -0.00000200 0.00000300 2.79340694 -0.00042895 -3.14149100
26 -0.42065400 -14.75184200 -3.44053500 1.97586200 1.15991000 1.84280300
27 6.21448600 0.00000800 0.00001900 -1.14918646 0.74859545 -2.06130069
28 11.94488800 -0.00003100 -0.00020000 -0.91775117 -0.33588838 -1.86530272
29 10.62016500 0.00000200 0.00000600 -1.03978349 -0.81574775 -0.45967968
30 4.75115800 0.69437400 -0.83047400 0.12842900 -0.44158200 0.41817400
31 1.68806500 -0.00002200 0.00000200 0.00068800 -0.02474600 1.41163600
32 1.33615100 -0.00005100 -0.00000900 0.00291500 -0.03857300 0.29474600
33 4.82051500 0.50933800 0.22486600 -0.14851600 -0.31147800 1.00052700
34 1.82699200 0.00006600 0.00001000 0.01090700 0.03895400 1.54771100
35 1.43658100 -0.00000600 0.00001000 0.01503200 0.00167500 -0.83651700
36 3.99235300 0.89108700 1.82799300 -0.45399300 -0.08851700 1.25458700
37 1.40592600 0.00003100 -0.00000300 -0.01421100 -0.02586600 1.37541000
38 1.17536200 -0.00013200 0.00000100 -0.07487300 0.09798600 -0.69969900
39 4.52675800 0.69046400 1.12084300 -0.34960800 -0.17836200 1.24133300
40 1.74404100 -0.00003100 -0.00000200 -0.02639200 -0.01328600 1.51729600
41 1.36876700 -0.00003100 -0.00001800 -0.12191500 0.10180800 -1.06387600
42 2.12628900 1.15633200 -0.76951000 1.84706400 0.52542000 0.27660500
43 1.57833200 -0.31926600 -0.04171500 -0.04202400 -0.07377300 0.12077200
44 1.59179100 -0.07172600 0.01248600 0.03799300 0.07429800 -0.27107500
45 5.51180600 -0.00000200 0.00000300 -0.99849200 0.00000000 0.00000000
46 0.19684900 0.00000300 -0.00000100 -0.34822500 0.00001500 -0.00000200
47 0.00000000 0.00000000 0.00000000 0.00000000 0.00000000 -1.57079600
48 -4.14904400 4.91099600 -4.12447000 0.00000000 0.00000000 -3.14156200
49 -8.83455504 22.80097600 -0.35620698 0.44477231 0.26620209 -0.37637371
50 44.49528500 2.91572800 -17.31057200 0.00000000 0.00000000 0.00000000
51 0.85166200 0.00000000 0.00000000 0.00000000 0.00000000 0.00000000
52 0.34715100 -0.00506000 -1.70929000 0.00000000 0.00000000 0.00000000
53 0.36657300 -0.00506000 0.90475100 0.00000000 0.00000000 0.00000000
54 0.34912100 -0.00505900 0.26595500 0.00000000 0.00000000 0.00000000
55 0.34945800 -0.00505900 -0.38449700 0.00000000 0.00000000 0.00000000
56 0.33780400 -0.00506200 -1.09133400 0.00000000 0.00000000 0.00000000
57 3.93872200 -0.00328400 -1.03767400 0.00000000 0.00000000 0.00000000
58 0.45171900 0.00102000 1.29854300 0.00000000 0.00000000 0.00000000
59 -0.52680000 0.00000000 0.00000000 0.00000000 0.00000000 0.00000000
60 0.62233900 0.00000000 0.00000000 0.00000000 0.00000000 0.00000000
61 11.82442500 1.48996500 -1.86721800 -0.20588600 1.09315300 1.34480400
62 -1.31468100 -2.66984500 -2.04237300 -3.02352800 1.09807700 -2.21761800
63 -34.91577900 -0.00157300 0.20016800 0.00000000 0.00000000 0.00000000
time 55
0 -0.00000100 7.45008900 -27.50902600 0.00000000 0.00000000 0.00003100
1 -0.00000200 0.00000000 0.00000000 1.57074700 -1.56714200 -1.57074700
2 4.25546600 -0.33518300 -0.00000200 0.00000000 0.00000000 -0.12484800
3 7.43125000 1.49647900 0.00000200 0.00000000 0.00000000 0.24545000
4 5.27847900 0.16554400 0.00000100 0.00000000 0.00000000 0.04851100
5 -1.64873900 -13.09409500 6.31045700 1.97586500 1.15990900 -1.29878600
6 -6.21447800 -0.00000900 -0.00002600 3.05745531 -0.20087160 1.55299760
7 11.94488500 0.00000000 0.00000000 -0.28524785 -0.34384931 1.75174567
8 10.62018800 0.00000000 0.00000000 0.56534668 -0.15010035 2.84652078
9 -4.75110800 -0.69449800 0.83058000 -0.15418600 -0.29167200 0.37319500
10 -1.68806800 0.00004700 -0.00003100 0.02287100 -0.00946300 0.26249200
11 -1.33614000 0.00005500 -0.00001000 0.02592200 0.00450900 0.38004900
12 -4.82049400 -0.50946400 -0.22475900 -0.67850600 -0.12493700 1.39189400
13 -1.82698400 -0.00006900 0.00000800 -0.01519000 0.03755800 0.88963800
14 -1.43656900 0.00000400 0.00000300 -0.05788200 -0.05197400 0.74803500
15 -3.99235700 -0.89119100 -1.82790900 -0.78312200 0.47783100 1.73317100
16 -1.40591800 -0.00002500 -0.00000200 0.01158200 -0.02712100 0.47278000
17 -1.17535800 0.00012600 -0.00001900 0.02643300 0.06261000 0.30325800
18 -4.52675100 -0.69058000 -1.12074100 -0.76414900 0.22720200 1.67117900
19 -1.74403800 0.00003200 -0.00000800 -0.01149500 -0.02729000 0.80897100
20 -1.36877100 0.00002300 0.00000200 -0.22704800 0.07843600 0.24818000
21 -1.87479600 -0.93512500 0.99917500 1.79694600 0.72864500 1.01706100
22 -1.52344700 0.00003100 0.00003100 0.10575300 0.13820400 0.75781300
23 -1.59928500 0.00001100 0.00001500 0.02972300 -0.03090300 0.78512800
24 5.58312100 0.11572600 0.29499900 1.94756400 -0.06728900 3.12123600
25 0.19684600 -0.00000200 0.00000300 2.79340694 -0.00042895 -3.14149100
26 -0.42065400 -14.75184200 -3.44053500 1.97586200 1.15991000 1.84280300
27 6.21448600 0.00000800 0.00001900 -1.14912088 0.74774142 -2.06222393
28 11.94488800 -0.00003100 -0.00020000 -0.91789113 -0.33600335 -1.86477665
29 10.62016500 0.00000200 0.00000600 -1.03865387 -0.81528642 -0.45999495
30 4.75115800 0.69437400 -0.83047400 0.12842900 -0.44158200 0.41817400
31 1.68806500 -0.00002200 0.00000200 0.00068800 -0.02474600 1.41163600
32 1.33615100 -0.00005100 -0.00000900 0.00291500 -0.03857300 0.29474600
33 4.82051500 0.50933800 0.22486600 -0.14851600 -0.31147800 1.00052700
34 1.82699200 0.00006600 0.00001000 0.01090700 0.03895400 1.54771100
35 1.43658100 -0.00000600 0.00001000 0.01503200 0.00167500 -0.83651700
36 3.99235300 0.89108700 1.82799300 -0.45399300 -0.08851700 1.25458700
37 1.40592600 0.00003100 -0.00000300 -0.01421100 -0.02586600 1.37541000
38 1.17536200 -0.00013200 0.00000100 -0.07487300 0.09798600 -0.69969900
39 4.52675800 0.69046400 1.12084300 -0.34960800 -0.17836200 1.24133300
40 1.74404100 -0.00003100 -0.00000200 -0.02639200 -0.01328600 1.51729600
41 1.36876700 -0.00003100 -0.00001800 -0.12191500 0.10180800 -1.06387600
42 2.12628900 1.15633200 -0.76951000 1.84706400 0.52542000 0.27660500
43 1.57833200 -0.31926600 -0.04171500 -0.04202400 -0.07377300 0.12077200
44 1.59179100 -0.07172600 0.01248600 0.03799300 0.07429800 -0.27107500
45 5.51180600 -0.00000200 0.00000300 -0.99849200 0.00000000 0.00000000
46 0.19684900 0.00000300 -0.00000100 -0.34822500 0.00001500 -0.00000200
47 0.00000000 0.00000000 0.00000000 0.00000000 0.00000000 -1.57079600
48 -4.14904400 4.91099600 -4.12447000 0.00000000 0.00000000 -3.14156200
49 -8.82235238 22.80097600 -0.34588282 0.44478531 0.26709118 -0.37643082
50 44.49528500 2.91572800 -17.31057200 0.00000000 0.00000000 0.00000000
51 0.85166200 0.00000000 0.00000000 0.00000000 0.00000000 0.00000000
52 0.34715100 -0.00506000 -1.70929000 0.00000000 0.00000000 0.00000000
53 0.36657300 -0.00506000 0.90475100 0.00000000 0.00000000 0.00000000
54 0.34912100 -0.00505900 0.26595500 0.00000000 0.00000000 0.00000000
55 0.34945800 -0.00505900 -0.38449700 0.00000000 0.00000000 0.00000000
56 0.33780400 -0.00506200 -1.09133400 0.00000000 0.00000000 0.00000000
57 3.93872200 -0.00328400 -1.03767400 0.00000000 0.00000000 0.00000000
58 0.45171900 0.00102000 1.29854300 0.00000000 0.00000000 0.00000000
59 -0.52680000 0.00000000 0.00000000 0.00000000 0.00000000 0.00000000
60 0.62233900 0.00000000 0.00000000 0.00000000 0.00000000 0.00000000
61 11.82442500 1.48996500 -1.86721800 -0.20588600 1.09315300 1.34480400
62 -1.31468100 -2.66984500 -2.04237300 -3.02352800 1.09807700 -2.21761800
63 -34.91577900 -0.00157300 0.20016800 0.00000000 0.00000000 0.00000000
time 56
0 -0.00000100 7.45008900 -27.50902600 0.00000000 0.00000000 0.00003100
1 -0.00000200 0.00000000 0.00000000 1.57074700 -1.56714200 -1.57074700
2 4.25546600 -0.33518300 -0.00000200 0.00000000 0.00000000 -0.12484800
3 7.43125000 1.49647900 0.00000200 0.00000000 0.00000000 0.24545000
4 5.27847900 0.16554400 0.00000100 0.00000000 0.00000000 0.04851100
5 -1.64873900 -13.09409500 6.31045700 1.97586500 1.15990900 -1.29878600
6 -6.21447800 -0.00000900 -0.00002600 3.05775867 -0.20077991 1.55357716
7 11.94488500 0.00000000 0.00000000 -0.28539976 -0.34379841 1.75235262
8 10.62018800 0.00000000 0.00000000 0.56465845 -0.15045037 2.84619192
9 -4.75110800 -0.69449800 0.83058000 -0.15418600 -0.29167200 0.37319500
10 -1.68806800 0.00004700 -0.00003100 0.02287100 -0.00946300 0.26249200
11 -1.33614000 0.00005500 -0.00001000 0.02592200 0.00450900 0.38004900
12 -4.82049400 -0.50946400 -0.22475900 -0.67850600 -0.12493700 1.39189400
13 -1.82698400 -0.00006900 0.00000800 -0.01519000 0.03755800 0.88963800
14 -1.43656900 0.00000400 0.00000300 -0.05788200 -0.05197400 0.74803500
15 -3.99235700 -0.89119100 -1.82790900 -0.78312200 0.47783100 1.73317100
16 -1.40591800 -0.00002500 -0.00000200 0.01158200 -0.02712100 0.47278000
17 -1.17535800 0.00012600 -0.00001900 0.02643300 0.06261000 0.30325800
18 -4.52675100 -0.69058000 -1.12074100 -0.76414900 0.22720200 1.67117900
19 -1.74403800 0.00003200 -0.00000800 -0.01149500 -0.02729000 0.80897100
20 -1.36877100 0.00002300 0.00000200 -0.22704800 0.07843600 0.24818000
21 -1.87479600 -0.93512500 0.99917500 1.79694600 0.72864500 1.01706100
22 -1.52344700 0.00003100 0.00003100 0.10575300 0.13820400 0.75781300
23 -1.59928500 0.00001100 0.00001500 0.02972300 -0.03090300 0.78512800
24 5.58312100 0.11572600 0.29499900 1.94756400 -0.06728900 3.12123600
25 0.19684600 -0.00000200 0.00000300 2.79340694 -0.00042895 -3.14149100
26 -0.42065400 -14.75184200 -3.44053500 1.97586200 1.15991000 1.84280300
27 6.21448600 0.00000800 0.00001900 -1.14902358 0.74698429 -2.06275428
28 11.94488800 -0.00003100 -0.00020000 -0.91804708 -0.33589569 -1.86442798
29 10.62016500 0.00000200 0.00000600 -1.03726524 -0.81574718 -0.46043969
30 4.75115800 0.69437400 -0.83047400 0.12842900 -0.44158200 0.41817400
31 1.68806500 -0.00002200 0.00000200 0.00068800 -0.02474600 1.41163600
32 1.33615100 -0.00005100 -0.00000900 0.00291500 -0.03857300 0.29474600
33 4.82051500 0.50933800 0.22486600 -0.14851600 -0.31147800 1.00052700
34 1.82699200 0.00006600 0.00001000 0.01090700 0.03895400 1.54771100
35 1.43658100 -0.00000600 0.00001000 0.01503200 0.00167500 -0.83651700
36 3.99235300 0.89108700 1.82799300 -0.45399300 -0.08851700 1.25458700
37 1.40592600 0.00003100 -0.00000300 -0.01421100 -0.02586600 1.37541000
38 1.17536200 -0.00013200 0.00000100 -0.07487300 0.09798600 -0.69969900
39 4.52675800 0.69046400 1.12084300 -0.34960800 -0.17836200 1.24133300
40 1.74404100 -0.00003100 -0.00000200 -0.02639200 -0.01328600 1.51729600
41 1.36876700 -0.00003100 -0.00001800 -0.12191500 0.10180800 -1.06387600
42 2.12628900 1.15633200 -0.76951000 1.84706400 0.52542000 0.27660500
43 1.57833200 -0.31926600 -0.04171500 -0.04202400 -0.07377300 0.12077200
44 1.59179100 -0.07172600 0.01248600 0.03799300 0.07429800 -0.27107500
45 5.51180600 -0.00000200 0.00000300 -0.99849200 0.00000000 0.00000000
46 0.19684900 0.00000300 -0.00000100 -0.34822500 0.00001500 -0.00000200
47 0.00000000 0.00000000 0.00000000 0.00000000 0.00000000 -1.57079600
48 -4.14904400 4.91099600 -4.12447000 0.00000000 0.00000000 -3.14156200
49 -8.81243271 22.80097600 -0.33750465 0.44415430 0.26737661 -0.37675827
50 44.49528500 2.91572800 -17.31057200 0.00000000 0.00000000 0.00000000
51 0.85166200 0.00000000 0.00000000 0.00000000 0.00000000 0.00000000
52 0.34715100 -0.00506000 -1.70929000 0.00000000 0.00000000 0.00000000
53 0.36657300 -0.00506000 0.90475100 0.00000000 0.00000000 0.00000000
54 0.34912100 -0.00505900 0.26595500 0.00000000 0.00000000 0.00000000
55 0.34945800 -0.00505900 -0.38449700 0.00000000 0.00000000 0.00000000
56 0.33780400 -0.00506200 -1.09133400 0.00000000 0.00000000 0.00000000
57 3.93872200 -0.00328400 -1.03767400 0.00000000 0.00000000 0.00000000
58 0.45171900 0.00102000 1.29854300 0.00000000 0.00000000 0.00000000
59 -0.52680000 0.00000000 0.00000000 0.00000000 0.00000000 0.00000000
60 0.62233900 0.00000000 0.00000000 0.00000000 0.00000000 0.00000000
61 11.82442500 1.48996500 -1.86721800 -0.20588600 1.09315300 1.34480400
62 -1.31468100 -2.66984500 -2.04237300 -3.02352800 1.09807700 -2.21761800
63 -34.91577900 -0.00157300 0.20016800 0.00000000 0.00000000 0.00000000
time 57
0 -0.00000100 7.45008900 -27.50902600 0.00000000 0.00000000 0.00003100
1 -0.00000200 0.00000000 0.00000000 1.57074700 -1.56714200 -1.57074700
2 4.25546600 -0.33518300 -0.00000200 0.00000000 0.00000000 -0.12484800
3 7.43125000 1.49647900 0.00000200 0.00000000 0.00000000 0.24545000
4 5.27847900 0.16554400 0.00000100 0.00000000 0.00000000 0.04851100
5 -1.64873900 -13.09409500 6.31045700 1.97586500 1.15990900 -1.29878600
6 -6.21447800 -0.00000900 -0.00002600 3.05812646 -0.20062719 1.55414247
7 11.94488500 0.00000000 0.00000000 -0.28571978 -0.34370185 1.75320935
8 10.62018800 0.00000000 0.00000000 0.56393874 -0.15103498 2.84570913
9 -4.75110800 -0.69449800 0.83058000 -0.15418600 -0.29167200 0.37319500
10 -1.68806800 0.00004700 -0.00003100 0.02287100 -0.00946300 0.26249200
11 -1.33614000 0.00005500 -0.00001000 0.02592200 0.00450900 0.38004900
12 -4.82049400 -0.50946400 -0.22475900 -0.67850600 -0.12493700 1.39189400
13 -1.82698400 -0.00006900 0.00000800 -0.01519000 0.03755800 0.88963800
14 -1.43656900 0.00000400 0.00000300 -0.05788200 -0.05197400 0.74803500
15 -3.99235700 -0.89119100 -1.82790900 -0.78312200 0.47783100 1.73317100
16 -1.40591800 -0.00002500 -0.00000200 0.01158200 -0.02712100 0.47278000
17 -1.17535800 0.00012600 -0.00001900 0.02643300 0.06261000 0.30325800
18 -4.52675100 -0.69058000 -1.12074100 -0.76414900 0.22720200 1.67117900
19 -1.74403800 0.00003200 -0.00000800 -0.01149500 -0.02729000 0.80897100
20 -1.36877100 0.00002300 0.00000200 -0.22704800 0.07843600 0.24818000
21 -1.87479600 -0.93512500 0.99917500 1.79694600 0.72864500 1.01706100
22 -1.52344700 0.00003100 0.00003100 0.10575300 0.13820400 0.75781300
23 -1.59928500 0.00001100 0.00001500 0.02972300 -0.03090300 0.78512800
24 5.58312100 0.11572600 0.29499900 1.94756400 -0.06728900 3.12123600
25 0.19684600 -0.00000200 0.00000300 2.79340694 -0.00042895 -3.14149100
26 -0.42065400 -14.75184200 -3.44053500 1.97586200 1.15991000 1.84280300
27 6.21448600 0.00000800 0.00001900 -1.14893263 0.74656121 -2.06329568
28 11.94488800 -0.00003100 -0.00020000 -0.91803121 -0.33588098 -1.86434094
29 10.62016500 0.00000200 0.00000600 -1.03606815 -0.81649280 -0.46103610
30 4.75115800 0.69437400 -0.83047400 0.12842900 -0.44158200 0.41817400
31 1.68806500 -0.00002200 0.00000200 0.00068800 -0.02474600 1.41163600
32 1.33615100 -0.00005100 -0.00000900 0.00291500 -0.03857300 0.29474600
33 4.82051500 0.50933800 0.22486600 -0.14851600 -0.31147800 1.00052700
34 1.82699200 0.00006600 0.00001000 0.01090700 0.03895400 1.54771100
35 1.43658100 -0.00000600 0.00001000 0.01503200 0.00167500 -0.83651700
36 3.99235300 0.89108700 1.82799300 -0.45399300 -0.08851700 1.25458700
37 1.40592600 0.00003100 -0.00000300 -0.01421100 -0.02586600 1.37541000
38 1.17536200 -0.00013200 0.00000100 -0.07487300 0.09798600 -0.69969900
39 4.52675800 0.69046400 1.12084300 -0.34960800 -0.17836200 1.24133300
40 1.74404100 -0.00003100 -0.00000200 -0.02639200 -0.01328600 1.51729600
41 1.36876700 -0.00003100 -0.00001800 -0.12191500 0.10180800 -1.06387600
42 2.12628900 1.15633200 -0.76951000 1.84706400 0.52542000 0.27660500
43 1.57833200 -0.31926600 -0.04171500 -0.04202400 -0.07377300 0.12077200
44 1.59179100 -0.07172600 0.01248600 0.03799300 0.07429800 -0.27107500
45 5.51180600 -0.00000200 0.00000300 -0.99849200 0.00000000 0.00000000
46 0.19684900 0.00000300 -0.00000100 -0.34822500 0.00001500 -0.00000200
47 0.00000000 0.00000000 0.00000000 0.00000000 0.00000000 -1.57079600
48 -4.14904400 4.91099600 -4.12447000 0.00000000 0.00000000 -3.14156200
49 -8.80327403 22.80097600 -0.33231449 0.44348289 0.26737488 -0.37705278
50 44.49528500 2.91572800 -17.31057200 0.00000000 0.00000000 0.00000000
51 0.85166200 0.00000000 0.00000000 0.00000000 0.00000000 0.00000000
52 0.34715100 -0.00506000 -1.70929000 0.00000000 0.00000000 0.00000000
53 0.36657300 -0.00506000 0.90475100 0.00000000 0.00000000 0.00000000
54 0.34912100 -0.00505900 0.26595500 0.00000000 0.00000000 0.00000000
55 0.34945800 -0.00505900 -0.38449700 0.00000000 0.00000000 0.00000000
56 0.33780400 -0.00506200 -1.09133400 0.00000000 0.00000000 0.00000000
57 3.93872200 -0.00328400 -1.03767400 0.00000000 0.00000000 0.00000000
58 0.45171900 0.00102000 1.29854300 0.00000000 0.00000000 0.00000000
59 -0.52680000 0.00000000 0.00000000 0.00000000 0.00000000 0.00000000
60 0.62233900 0.00000000 0.00000000 0.00000000 0.00000000 0.00000000
61 11.82442500 1.48996500 -1.86721800 -0.20588600 1.09315300 1.34480400
62 -1.31468100 -2.66984500 -2.04237300 -3.02352800 1.09807700 -2.21761800
63 -34.91577900 -0.00157300 0.20016800 0.00000000 0.00000000 0.00000000
time 58
0 -0.00000100 7.45008900 -27.50902600 0.00000000 0.00000000 0.00003100
1 -0.00000200 0.00000000 0.00000000 1.57074700 -1.56714200 -1.57074700
2 4.25546600 -0.33518300 -0.00000200 0.00000000 0.00000000 -0.12484800
3 7.43125000 1.49647900 0.00000200 0.00000000 0.00000000 0.24545000
4 5.27847900 0.16554400 0.00000100 0.00000000 0.00000000 0.04851100
5 -1.64873900 -13.09409500 6.31045700 1.97586500 1.15990900 -1.29878600
6 -6.21447800 -0.00000900 -0.00002600 3.05829361 -0.20058743 1.55438703
7 11.94488500 0.00000000 0.00000000 -0.28594201 -0.34357386 1.75383393
8 10.62018800 0.00000000 0.00000000 0.56205553 -0.15170499 2.84500046
9 -4.75110800 -0.69449800 0.83058000 -0.15418600 -0.29167200 0.37319500
10 -1.68806800 0.00004700 -0.00003100 0.02287100 -0.00946300 0.26249200
11 -1.33614000 0.00005500 -0.00001000 0.02592200 0.00450900 0.38004900
12 -4.82049400 -0.50946400 -0.22475900 -0.67850600 -0.12493700 1.39189400
13 -1.82698400 -0.00006900 0.00000800 -0.01519000 0.03755800 0.88963800
14 -1.43656900 0.00000400 0.00000300 -0.05788200 -0.05197400 0.74803500
15 -3.99235700 -0.89119100 -1.82790900 -0.78312200 0.47783100 1.73317100
16 -1.40591800 -0.00002500 -0.00000200 0.01158200 -0.02712100 0.47278000
17 -1.17535800 0.00012600 -0.00001900 0.02643300 0.06261000 0.30325800
18 -4.52675100 -0.69058000 -1.12074100 -0.76414900 0.22720200 1.67117900
19 -1.74403800 0.00003200 -0.00000800 -0.01149500 -0.02729000 0.80897100
20 -1.36877100 0.00002300 0.00000200 -0.22704800 0.07843600 0.24818000
21 -1.87479600 -0.93512500 0.99917500 1.79694600 0.72864500 1.01706100
22 -1.52344700 0.00003100 0.00003100 0.10575300 0.13820400 0.75781300
23 -1.59928500 0.00001100 0.00001500 0.02972300 -0.03090300 0.78512800
24 5.58312100 0.11572600 0.29499900 1.94756400 -0.06728900 3.12123600
25 0.19684600 -0.00000200 0.00000300 2.79340694 -0.00042895 -3.14149100
26 -0.42065400 -14.75184200 -3.44053500 1.97586200 1.15991000 1.84280300
27 6.21448600 0.00000800 0.00001900 -1.14899849 0.74605570 -2.06347813
28 11.94488800 -0.00003100 -0.00020000 -0.91799199 -0.33532770 -1.86461015
29 10.62016500 0.00000200 0.00000600 -1.03372561 -0.81839532 -0.46157083
30 4.75115800 0.69437400 -0.83047400 0.12842900 -0.44158200 0.41817400
31 1.68806500 -0.00002200 0.00000200 0.00068800 -0.02474600 1.41163600
32 1.33615100 -0.00005100 -0.00000900 0.00291500 -0.03857300 0.29474600
33 4.82051500 0.50933800 0.22486600 -0.14851600 -0.31147800 1.00052700
34 1.82699200 0.00006600 0.00001000 0.01090700 0.03895400 1.54771100
35 1.43658100 -0.00000600 0.00001000 0.01503200 0.00167500 -0.83651700
36 3.99235300 0.89108700 1.82799300 -0.45399300 -0.08851700 1.25458700
37 1.40592600 0.00003100 -0.00000300 -0.01421100 -0.02586600 1.37541000
38 1.17536200 -0.00013200 0.00000100 -0.07487300 0.09798600 -0.69969900
39 4.52675800 0.69046400 1.12084300 -0.34960800 -0.17836200 1.24133300
40 1.74404100 -0.00003100 -0.00000200 -0.02639200 -0.01328600 1.51729600
41 1.36876700 -0.00003100 -0.00001800 -0.12191500 0.10180800 -1.06387600
42 2.12628900 1.15633200 -0.76951000 1.84706400 0.52542000 0.27660500
43 1.57833200 -0.31926600 -0.04171500 -0.04202400 -0.07377300 0.12077200
44 1.59179100 -0.07172600 0.01248600 0.03799300 0.07429800 -0.27107500
45 5.51180600 -0.00000200 0.00000300 -0.99849200 0.00000000 0.00000000
46 0.19684900 0.00000300 -0.00000100 -0.34822500 0.00001500 -0.00000200
47 0.00000000 0.00000000 0.00000000 0.00000000 0.00000000 -1.57079600
48 -4.14904400 4.91099600 -4.12447000 0.00000000 0.00000000 -3.14156200
49 -8.79804175 22.80097600 -0.32651047 0.44154355 0.26724651 -0.37736024
50 44.49528500 2.91572800 -17.31057200 0.00000000 0.00000000 0.00000000
51 0.85166200 0.00000000 0.00000000 0.00000000 0.00000000 0.00000000
52 0.34715100 -0.00506000 -1.70929000 0.00000000 0.00000000 0.00000000
53 0.36657300 -0.00506000 0.90475100 0.00000000 0.00000000 0.00000000
54 0.34912100 -0.00505900 0.26595500 0.00000000 0.00000000 0.00000000
55 0.34945800 -0.00505900 -0.38449700 0.00000000 0.00000000 0.00000000
56 0.33780400 -0.00506200 -1.09133400 0.00000000 0.00000000 0.00000000
57 3.93872200 -0.00328400 -1.03767400 0.00000000 0.00000000 0.00000000
58 0.45171900 0.00102000 1.29854300 0.00000000 0.00000000 0.00000000
59 -0.52680000 0.00000000 0.00000000 0.00000000 0.00000000 0.00000000
60 0.62233900 0.00000000 0.00000000 0.00000000 0.00000000 0.00000000
61 11.82442500 1.48996500 -1.86721800 -0.20588600 1.09315300 1.34480400
62 -1.31468100 -2.66984500 -2.04237300 -3.02352800 1.09807700 -2.21761800
63 -34.91577900 -0.00157300 0.20016800 0.00000000 0.00000000 0.00000000
time 59
0 -0.00000100 7.45008900 -27.50902600 0.00000000 0.00000000 0.00003100
1 -0.00000200 0.00000000 0.00000000 1.57074700 -1.56714200 -1.57074700
2 4.25546600 -0.33518300 -0.00000200 0.00000000 0.00000000 -0.12484800
3 7.43125000 1.49647900 0.00000200 0.00000000 0.00000000 0.24545000
4 5.27847900 0.16554400 0.00000100 0.00000000 0.00000000 0.04851100
5 -1.64873900 -13.09409500 6.31045700 1.97586500 1.15990900 -1.29878600
6 -6.21447800 -0.00000900 -0.00002600 3.05849627 -0.20048271 1.55448043
7 11.94488500 0.00000000 0.00000000 -0.28608617 -0.34349071 1.75444817
8 10.62018800 0.00000000 0.00000000 0.55972667 -0.15261853 2.84412423
9 -4.75110800 -0.69449800 0.83058000 -0.15418600 -0.29167200 0.37319500
10 -1.68806800 0.00004700 -0.00003100 0.02287100 -0.00946300 0.26249200
11 -1.33614000 0.00005500 -0.00001000 0.02592200 0.00450900 0.38004900
12 -4.82049400 -0.50946400 -0.22475900 -0.67850600 -0.12493700 1.39189400
13 -1.82698400 -0.00006900 0.00000800 -0.01519000 0.03755800 0.88963800
14 -1.43656900 0.00000400 0.00000300 -0.05788200 -0.05197400 0.74803500
15 -3.99235700 -0.89119100 -1.82790900 -0.78312200 0.47783100 1.73317100
16 -1.40591800 -0.00002500 -0.00000200 0.01158200 -0.02712100 0.47278000
17 -1.17535800 0.00012600 -0.00001900 0.02643300 0.06261000 0.30325800
18 -4.52675100 -0.69058000 -1.12074100 -0.76414900 0.22720200 1.67117900
19 -1.74403800 0.00003200 -0.00000800 -0.01149500 -0.02729000 0.80897100
20 -1.36877100 0.00002300 0.00000200 -0.22704800 0.07843600 0.24818000
21 -1.87479600 -0.93512500 0.99917500 1.79694600 0.72864500 1.01706100
22 -1.52344700 0.00003100 0.00003100 0.10575300 0.13820400 0.75781300
23 -1.59928500 0.00001100 0.00001500 0.02972300 -0.03090300 0.78512800
24 5.58312100 0.11572600 0.29499900 1.94756400 -0.06728900 3.12123600
25 0.19684600 -0.00000200 0.00000300 2.79340694 -0.00042895 -3.14149100
26 -0.42065400 -14.75184200 -3.44053500 1.97586200 1.15991000 1.84280300
27 6.21448600 0.00000800 0.00001900 -1.14912929 0.74572872 -2.06338646
28 11.94488800 -0.00003100 -0.00020000 -0.91783047 -0.33473144 -1.86509011
29 10.62016500 0.00000200 0.00000600 -1.03122205 -0.82093171 -0.46221203
30 4.75115800 0.69437400 -0.83047400 0.12842900 -0.44158200 0.41817400
31 1.68806500 -0.00002200 0.00000200 0.00068800 -0.02474600 1.41163600
32 1.33615100 -0.00005100 -0.00000900 0.00291500 -0.03857300 0.29474600
33 4.82051500 0.50933800 0.22486600 -0.14851600 -0.31147800 1.00052700
34 1.82699200 0.00006600 0.00001000 0.01090700 0.03895400 1.54771100
35 1.43658100 -0.00000600 0.00001000 0.01503200 0.00167500 -0.83651700
36 3.99235300 0.89108700 1.82799300 -0.45399300 -0.08851700 1.25458700
37 1.40592600 0.00003100 -0.00000300 -0.01421100 -0.02586600 1.37541000
38 1.17536200 -0.00013200 0.00000100 -0.07487300 0.09798600 -0.69969900
39 4.52675800 0.69046400 1.12084300 -0.34960800 -0.17836200 1.24133300
40 1.74404100 -0.00003100 -0.00000200 -0.02639200 -0.01328600 1.51729600
41 1.36876700 -0.00003100 -0.00001800 -0.12191500 0.10180800 -1.06387600
42 2.12628900 1.15633200 -0.76951000 1.84706400 0.52542000 0.27660500
43 1.57833200 -0.31926600 -0.04171500 -0.04202400 -0.07377300 0.12077200
44 1.59179100 -0.07172600 0.01248600 0.03799300 0.07429800 -0.27107500
45 5.51180600 -0.00000200 0.00000300 -0.99849200 0.00000000 0.00000000
46 0.19684900 0.00000300 -0.00000100 -0.34822500 0.00001500 -0.00000200
47 0.00000000 0.00000000 0.00000000 0.00000000 0.00000000 -1.57079600
48 -4.14904400 4.91099600 -4.12447000 0.00000000 0.00000000 -3.14156200
49 -8.79487112 22.80097600 -0.32294100 0.43903961 0.26691585 -0.37767433
50 44.49528500 2.91572800 -17.31057200 0.00000000 0.00000000 0.00000000
51 0.85166200 0.00000000 0.00000000 0.00000000 0.00000000 0.00000000
52 0.34715100 -0.00506000 -1.70929000 0.00000000 0.00000000 0.00000000
53 0.36657300 -0.00506000 0.90475100 0.00000000 0.00000000 0.00000000
54 0.34912100 -0.00505900 0.26595500 0.00000000 0.00000000 0.00000000
55 0.34945800 -0.00505900 -0.38449700 0.00000000 0.00000000 0.00000000
56 0.33780400 -0.00506200 -1.09133400 0.00000000 0.00000000 0.00000000
57 3.93872200 -0.00328400 -1.03767400 0.00000000 0.00000000 0.00000000
58 0.45171900 0.00102000 1.29854300 0.00000000 0.00000000 0.00000000
59 -0.52680000 0.00000000 0.00000000 0.00000000 0.00000000 0.00000000
60 0.62233900 0.00000000 0.00000000 0.00000000 0.00000000 0.00000000
61 11.82442500 1.48996500 -1.86721800 -0.20588600 1.09315300 1.34480400
62 -1.31468100 -2.66984500 -2.04237300 -3.02352800 1.09807700 -2.21761800
63 -34.91577900 -0.00157300 0.20016800 0.00000000 0.00000000 0.00000000
time 60
0 -0.00000100 7.45008900 -27.50902600 0.00000000 0.00000000 0.00003100
1 -0.00000200 0.00000000 0.00000000 1.57074700 -1.56714200 -1.57074700
2 4.25546600 -0.33518300 -0.00000200 0.00000000 0.00000000 -0.12484800
3 7.43125000 1.49647900 0.00000200 0.00000000 0.00000000 0.24545000
4 5.27847900 0.16554400 0.00000100 0.00000000 0.00000000 0.04851100
5 -1.64873900 -13.09409500 6.31045700 1.97586500 1.15990900 -1.29878600
6 -6.21447800 -0.00000900 -0.00002600 3.05862442 -0.20043392 1.55471240
7 11.94488500 0.00000000 0.00000000 -0.28639526 -0.34336839 1.75530365
8 10.62018800 0.00000000 0.00000000 0.55741849 -0.15401533 2.84302081
9 -4.75110800 -0.69449800 0.83058000 -0.15418600 -0.29167200 0.37319500
10 -1.68806800 0.00004700 -0.00003100 0.02287100 -0.00946300 0.26249200
11 -1.33614000 0.00005500 -0.00001000 0.02592200 0.00450900 0.38004900
12 -4.82049400 -0.50946400 -0.22475900 -0.67850600 -0.12493700 1.39189400
13 -1.82698400 -0.00006900 0.00000800 -0.01519000 0.03755800 0.88963800
14 -1.43656900 0.00000400 0.00000300 -0.05788200 -0.05197400 0.74803500
15 -3.99235700 -0.89119100 -1.82790900 -0.78312200 0.47783100 1.73317100
16 -1.40591800 -0.00002500 -0.00000200 0.01158200 -0.02712100 0.47278000
17 -1.17535800 0.00012600 -0.00001900 0.02643300 0.06261000 0.30325800
18 -4.52675100 -0.69058000 -1.12074100 -0.76414900 0.22720200 1.67117900
19 -1.74403800 0.00003200 -0.00000800 -0.01149500 -0.02729000 0.80897100
20 -1.36877100 0.00002300 0.00000200 -0.22704800 0.07843600 0.24818000
21 -1.87479600 -0.93512500 0.99917500 1.79694600 0.72864500 1.01706100
22 -1.52344700 0.00003100 0.00003100 0.10575300 0.13820400 0.75781300
23 -1.59928500 0.00001100 0.00001500 0.02972300 -0.03090300 0.78512800
24 5.58312400 0.11572500 0.29500100 1.94756400 -0.06728900 3.12123600
25 0.19684600 -0.00000200 0.00000300 2.79340694 -0.00042895 -3.14149100
26 -0.42065400 -14.75184200 -3.44053500 1.97586200 1.15991000 1.84280300
27 6.21448600 0.00000800 0.00001900 -1.14921437 0.74586846 -2.06322225
28 11.94488800 -0.00003100 -0.00020000 -0.91757387 -0.33406599 -1.86588271
29 10.62016500 0.00000200 0.00000600 -1.02882738 -0.82362438 -0.46286980
30 4.75115800 0.69437400 -0.83047400 0.12842900 -0.44158200 0.41817400
31 1.68806500 -0.00002200 0.00000200 0.00068800 -0.02474600 1.41163600
32 1.33615100 -0.00005100 -0.00000900 0.00291500 -0.03857300 0.29474600
33 4.82051500 0.50933800 0.22486600 -0.14851600 -0.31147800 1.00052700
34 1.82699200 0.00006600 0.00001000 0.01090700 0.03895400 1.54771100
35 1.43658100 -0.00000600 0.00001000 0.01503200 0.00167500 -0.83651700
36 3.99235300 0.89108700 1.82799300 -0.45399300 -0.08851700 1.25458700
37 1.40592600 0.00003100 -0.00000300 -0.01421100 -0.02586600 1.37541000
38 1.17536200 -0.00013200 0.00000100 -0.07487300 0.09798600 -0.69969900
39 4.52675800 0.69046400 1.12084300 -0.34960800 -0.17836200 1.24133300
40 1.74404100 -0.00003100 -0.00000200 -0.02639200 -0.01328600 1.51729600
41 1.36876700 -0.00003100 -0.00001800 -0.12191500 0.10180800 -1.06387600
42 2.12628300 1.15633000 -0.76950800 1.84706400 0.52542000 0.27660500
43 1.57833300 -0.31926700 -0.04171300 -0.04202400 -0.07377300 0.12077200
44 1.59179200 -0.07172100 0.01248600 0.03799300 0.07429800 -0.27107500
45 5.51180600 -0.00000200 0.00000300 -0.99849200 0.00000000 0.00000000
46 0.19684900 0.00000300 -0.00000100 -0.34822500 0.00001500 -0.00000200
47 0.00000000 0.00000000 0.00000000 0.00000000 0.00000000 -1.57079600
48 -4.14904400 4.91099600 -4.12447000 0.00000000 0.00000000 -3.14156200
49 -8.79266749 22.80097600 -0.32342953 0.43640669 0.26621372 -0.37806888
50 44.49528500 2.91572800 -17.31057200 0.00000000 0.00000000 0.00000000
51 0.85166200 0.00000000 0.00000000 0.00000000 0.00000000 0.00000000
52 0.34715900 -0.00505500 -1.70929100 0.00000000 0.00000000 0.00000000
53 0.36657500 -0.00505900 0.90475500 0.00000000 0.00000000 0.00000000
54 0.34911900 -0.00506100 0.26595600 0.00000000 0.00000000 0.00000000
55 0.34946000 -0.00505600 -0.38449600 0.00000000 0.00000000 0.00000000
56 0.33780700 -0.00505700 -1.09133600 0.00000000 0.00000000 0.00000000
57 3.93872200 -0.00328400 -1.03767400 0.00000000 0.00000000 0.00000000
58 0.45171900 0.00102000 1.29854300 0.00000000 0.00000000 0.00000000
59 -0.52680000 0.00000000 0.00000000 0.00000000 0.00000000 0.00000000
60 0.62233900 0.00000000 0.00000000 0.00000000 0.00000000 0.00000000
61 11.82444300 1.48996400 -1.86721900 -0.20588600 1.09315300 1.34480400
62 -1.31467200 -2.66988200 -2.04237200 -3.02352800 1.09807700 -2.21761800
63 -34.91577900 -0.00157300 0.20016800 0.00000000 0.00000000 0.00000000
end
