version 1
nodes
0 "root" -1
1 "pelvis" 0
2 "spine_01" 1
3 "spine_02" 2
4 "spine_03" 3
5 "clavicle_r" 4
6 "upperarm_r" 5
7 "lowerarm_r" 6
8 "hand_r" 7
9 "index_01_r" 8
10 "index_02_r" 9
11 "index_03_r" 10
12 "middle_01_r" 8
13 "middle_02_r" 12
14 "middle_03_r" 13
15 "pinky_01_r" 8
16 "pinky_02_r" 15
17 "pinky_03_r" 16
18 "ring_01_r" 8
19 "ring_02_r" 18
20 "ring_03_r" 19
21 "thumb_01_r" 8
22 "thumb_02_r" 21
23 "thumb_03_r" 22
24 "lowerarm_twist_01_r" 7
25 "upperarm_twist_01_r" 6
26 "clavicle_l" 4
27 "upperarm_l" 26
28 "lowerarm_l" 27
29 "hand_l" 28
30 "index_01_l" 29
31 "index_02_l" 30
32 "index_03_l" 31
33 "middle_01_l" 29
34 "middle_02_l" 33
35 "middle_03_l" 34
36 "pinky_01_l" 29
37 "pinky_02_l" 36
38 "pinky_03_l" 37
39 "ring_01_l" 29
40 "ring_02_l" 39
41 "ring_03_l" 40
42 "thumb_01_l" 29
43 "thumb_02_l" 42
44 "thumb_03_l" 43
45 "lowerarm_twist_01_l" 28
46 "upperarm_twist_01_l" 27
47 "cam_driver" -1
48 "Base" -1
49 "rhand_ikTarget" 48
50 "Trigger" 48
51 "Mag" 48
52 "Bullets" 51
53 "Bolt" 48
54 "lhand_ikTarget" 48
end
skeleton
time 0
0  0.000000 7.449219 -27.500000  0.000000 -0.000000 -0.000001
1  -0.000002 -0.000000 0.000002  1.570743 -1.567137 -1.570743
2  4.255471 -0.335182 -0.000002  0.000000 -0.000000 -0.124848
3  7.431252 1.496477 0.000002  0.000000 -0.000000 0.245450
4  5.278481 0.165541 0.000001  0.000000 -0.000000 0.048511
5  3.362211 -9.173538 0.985056  1.975864 1.159909 -1.298786
6  -6.214486 -0.000006 -0.000027  0.328737 -2.414640 -1.556890
7  11.944885 -0.000003 -0.000000  -0.250871 -0.348305 1.650495
8  10.620186 0.000003 -0.000004  1.073765 0.499073 2.255414
9  -4.751108 -0.694494 0.830576  0.015781 -0.165461 0.438149
10  -1.688067 0.000048 -0.000031  0.014612 -0.020008 0.807967
11  -1.336140 0.000054 -0.000011  0.021168 -0.015777 1.194252
12  -4.820496 -0.509456 -0.224760  -0.297358 -0.050548 1.328590
13  -1.826990 -0.000074 0.000008  0.004249 0.040304 1.378879
14  -1.436580 0.000005 0.000001  -0.054590 -0.055484 0.685661
15  -3.992356 -0.891189 -1.827909  -0.523732 0.138145 1.095785
16  -1.405915 -0.000024 -0.000002  -0.016290 -0.024628 1.460204
17  -1.175361 0.000124 -0.000020  0.049791 0.046300 0.725667
18  -4.526751 -0.690572 -1.120746  -0.361292 0.112520 1.351639
19  -1.744042 0.000031 -0.000008  -0.026556 -0.013108 1.523354
20  -1.368764 0.000027 0.000004  0.020850 0.048215 0.303416
21  -1.874797 -0.935125 0.999173  2.033502 0.447899 0.715008
22  -1.523451 0.000036 0.000030  0.083736 0.152575 0.605550
23  -1.599276 -0.000001 0.000014  0.034086 -0.026152 0.634453
24  5.582034 0.115725 0.294923  -0.433104 -3.086253 -0.044153
25  0.196847 -0.000002 0.000003  -0.348186 3.141587 0.000016
26  1.295743 -15.314354 -2.149156  -1.165731 1.981683 -1.298790
27  6.214490 0.000006 0.000018  -0.413289 0.435265 -2.080575
28  11.944893 -0.000035 -0.000190  -1.192018 -0.293036 -0.976157
29  10.620168 0.000005 0.000012  -2.378180 -0.315836 0.438609
30  4.751164 0.694376 -0.830473  -0.355478 -0.400771 0.965161
31  1.688065 -0.000030 0.000003  -0.003698 -0.023825 1.750697
32  1.336147 -0.000050 -0.000008  0.031017 -0.023268 -0.556451
33  4.820515 0.509339 0.224865  -0.510593 -0.292923 1.253244
34  1.827002 0.000065 0.000007  0.017437 0.036582 1.718867
35  1.436577 -0.000013 0.000008  0.015146 0.001069 -0.800484
36  3.992349 0.891086 1.827996  -0.594116 0.149984 1.423254
37  1.405920 0.000022 -0.000008  -0.025798 -0.014375 1.938562
38  1.175361 -0.000133 0.000006  0.102798 0.068187 0.942077
39  4.526759 0.690455 1.120843  -0.544058 0.084007 1.616091
40  1.744042 -0.000033 -0.000002  -0.021978 -0.019862 1.247349
41  1.368764 -0.000031 -0.000021  -0.105942 0.118396 -0.918482
42  1.937358 1.013210 -0.909282  1.400827 0.754283 0.394736
43  1.523455 -0.000033 0.000004  -0.005852 -0.080639 0.057756
44  1.599281 0.000003 0.000007  0.036696 0.075049 -0.289128
45  5.511808 -0.000001 0.000005  -0.688689 0.000005 0.000007
46  0.196846 0.000000 -0.000001  -0.348225 0.000015 -0.000002
47  0.000000 0.000000 0.000000  0.000000 -0.000000 -1.570824
48  -3.152604 -17.015471 -4.393308  0.065673 -0.000000 1.570721
49  4.151416 0.245241 -3.368001  0.542649 1.118574 1.823862
50  -1.881950 -0.011782 0.033571  -0.000000 -0.000000 0.000000
51  0.011262 -0.011782 0.169349  -0.000000 -0.000000 0.000000
52  -0.027569 -0.000000 0.206381  -0.000000 -0.000000 0.000000
53  -1.268348 -0.011782 1.789045  -0.000000 -0.000000 0.000000
54  -4.825204 -2.171454 -2.495434  0.079602 2.143548 0.784091
time 1
0  0.000000 7.449219 -27.500000  0.000000 -0.000000 -0.000001
1  -0.000002 -0.000000 0.000002  1.570743 -1.567137 -1.570743
2  4.255471 -0.335182 -0.000002  0.000000 -0.000000 -0.124848
3  7.431252 1.496477 0.000002  0.000000 -0.000000 0.245450
4  5.278481 0.165541 0.000001  0.000000 -0.000000 0.048511
5  3.342679 -9.290730 1.031933  1.975864 1.159909 -1.298786
6  -6.214486 -0.000006 -0.000027  0.356220 -2.407762 -1.577080
7  11.944884 -0.000002 -0.000003  -0.247322 -0.348557 1.640127
8  10.620186 0.000002 -0.000003  1.050513 0.495676 2.273233
9  -4.751108 -0.694494 0.830576  0.015781 -0.165461 0.438149
10  -1.688066 0.000049 -0.000031  0.014612 -0.020008 0.807967
11  -1.336141 0.000055 -0.000013  0.021168 -0.015777 1.194252
12  -4.820495 -0.509456 -0.224760  -0.297358 -0.050548 1.328590
13  -1.826989 -0.000073 0.000008  0.004249 0.040304 1.378879
14  -1.436580 0.000004 0.000001  -0.054590 -0.055484 0.685661
15  -3.992355 -0.891189 -1.827910  -0.523732 0.138145 1.095785
16  -1.405914 -0.000024 -0.000001  -0.016290 -0.024628 1.460204
17  -1.175361 0.000126 -0.000022  0.049791 0.046300 0.725667
18  -4.526749 -0.690571 -1.120746  -0.361292 0.112520 1.351639
19  -1.744043 0.000034 -0.000008  -0.026556 -0.013108 1.523354
20  -1.368763 0.000025 0.000005  0.020850 0.048215 0.303416
21  -1.874796 -0.935125 0.999172  2.033502 0.447899 0.715008
22  -1.523452 0.000035 0.000030  0.083736 0.152575 0.605550
23  -1.599276 -0.000002 0.000014  0.034086 -0.026152 0.634453
24  5.582032 0.115724 0.294923  -0.433104 -3.086253 -0.044154
25  0.196845 -0.000002 0.000002  -0.348186 3.141587 0.000016
26  1.303556 -15.244038 -2.196032  -1.165731 1.981683 -1.298790
27  6.214490 0.000005 0.000018  -0.318907 0.528256 -1.959248
28  11.944893 -0.000035 -0.000190  -1.090075 -0.337736 -1.302141
29  10.620170 0.000004 0.000012  -2.048441 -0.592879 0.459778
30  4.751164 0.694377 -0.830474  -0.319493 -0.380361 0.894509
31  1.688065 -0.000028 0.000003  -0.000522 -0.024388 1.606173
32  1.336150 -0.000050 -0.000010  0.030022 -0.024526 -0.515180
33  4.820518 0.509340 0.224864  -0.487563 -0.302175 1.189508
34  1.827002 0.000065 0.000010  0.013195 0.038308 1.605773
35  1.436576 -0.000012 0.000004  0.015170 -0.000777 -0.679003
36  3.992353 0.891085 1.827993  -0.604411 0.101604 1.357192
37  1.405922 0.000021 -0.000012  -0.024588 -0.016365 1.859619
38  1.175360 -0.000133 0.000005  0.101084 0.070716 0.917371
39  4.526760 0.690456 1.120842  -0.543411 0.043368 1.542189
40  1.744042 -0.000033 0.000000  -0.021151 -0.020737 1.206781
41  1.368767 -0.000031 -0.000021  -0.091393 0.129937 -0.801141
42  1.937358 1.013211 -0.909284  1.422202 0.772164 0.420700
43  1.523455 -0.000032 0.000004  -0.006427 -0.080938 0.045316
44  1.599283 0.000003 0.000011  0.035785 0.075493 -0.301298
45  5.511810 -0.000001 0.000003  -0.663287 0.000005 0.000007
46  0.196846 0.000002 -0.000001  -0.348225 0.000015 -0.000002
47  0.000000 0.000000 0.000000  0.000048 0.000048 -1.570872
48  -3.207294 -17.156099 -4.295649  0.025366 0.013821 1.589118
49  4.151419 0.245241 -3.368001  0.542649 1.118608 1.823862
50  -1.881948 -0.011782 0.033572  -0.000000 -0.000000 0.000000
51  0.011263 -0.011782 0.169349  -0.000000 -0.000000 0.000000
52  -0.027573 0.000000 0.206380  -0.000000 -0.000000 0.000000
53  -1.268343 -0.011782 1.789045  -0.000000 -0.000000 0.000000
54  -2.782169 -2.741785 -2.952479  0.088684 2.500111 0.901920
time 2
0  0.000000 7.449219 -27.500000  0.000000 -0.000000 -0.000001
1  -0.000002 -0.000000 0.000002  1.570743 -1.567137 -1.570743
2  4.255471 -0.335182 -0.000002  0.000000 -0.000000 -0.124848
3  7.431252 1.496477 0.000002  0.000000 -0.000000 0.245450
4  5.278481 0.165541 0.000001  0.000000 -0.000000 0.048511
5  3.287991 -9.607145 1.160843  1.975864 1.159909 -1.298786
6  -6.214486 -0.000006 -0.000026  0.434437 -2.390355 -1.635397
7  11.944885 -0.000003 -0.000001  -0.238002 -0.349048 1.612883
8  10.620186 -0.000000 -0.000004  0.994111 0.487108 2.322842
9  -4.751107 -0.694495 0.830576  0.015781 -0.165461 0.438149
10  -1.688065 0.000048 -0.000030  0.014612 -0.020008 0.807967
11  -1.336141 0.000054 -0.000011  0.021168 -0.015777 1.194252
12  -4.820494 -0.509457 -0.224761  -0.297358 -0.050548 1.328590
13  -1.826989 -0.000070 0.000008  0.004249 0.040304 1.378879
14  -1.436583 0.000006 0.000001  -0.054590 -0.055484 0.685661
15  -3.992353 -0.891189 -1.827911  -0.523732 0.138145 1.095785
16  -1.405915 -0.000023 -0.000000  -0.016290 -0.024628 1.460204
17  -1.175360 0.000124 -0.000021  0.049791 0.046300 0.725667
18  -4.526749 -0.690573 -1.120746  -0.361292 0.112520 1.351639
19  -1.744041 0.000032 -0.000008  -0.026556 -0.013108 1.523354
20  -1.368766 0.000027 0.000004  0.020850 0.048215 0.303416
21  -1.874796 -0.935126 0.999171  2.033502 0.447899 0.715008
22  -1.523451 0.000036 0.000030  0.083736 0.152575 0.605550
23  -1.599277 -0.000001 0.000013  0.034086 -0.026152 0.634453
24  5.582033 0.115723 0.294922  -0.433104 -3.086253 -0.044154
25  0.196847 -0.000002 0.000003  -0.348186 3.141587 0.000016
26  1.334806 -15.056531 -2.317129  -1.165731 1.981683 -1.298790
27  6.214491 0.000006 0.000017  -0.171850 0.597256 -1.789333
28  11.944893 -0.000034 -0.000190  -0.990865 -0.349232 -1.594752
29  10.620169 0.000004 0.000015  -1.561969 -0.823087 0.315012
30  4.751164 0.694378 -0.830475  -0.240684 -0.321925 0.729616
31  1.688067 -0.000027 0.000003  0.007627 -0.023753 1.236819
32  1.336145 -0.000050 -0.000008  0.027277 -0.027558 -0.409620
33  4.820514 0.509341 0.224863  -0.428735 -0.316293 1.033822
34  1.827002 0.000066 0.000008  0.002061 0.040466 1.324896
35  1.436582 -0.000014 0.000008  0.014211 -0.005343 -0.370525
36  3.992350 0.891087 1.827994  -0.615952 -0.018004 1.199011
37  1.405921 0.000025 -0.000008  -0.021016 -0.020751 1.667868
38  1.175362 -0.000132 0.000003  0.096746 0.076565 0.858329
39  4.526758 0.690457 1.120842  -0.529313 -0.054535 1.361805
40  1.744042 -0.000034 0.000001  -0.019042 -0.022690 1.109524
41  1.368768 -0.000031 -0.000020  -0.048476 0.151186 -0.497164
42  1.937357 1.013211 -0.909285  1.486390 0.813331 0.491449
43  1.523455 -0.000033 0.000004  -0.007890 -0.081705 0.013318
44  1.599281 0.000002 0.000009  0.033568 0.076499 -0.330450
45  5.511807 -0.000002 0.000005  -0.592681 0.000005 0.000007
46  0.196846 0.000001 -0.000001  -0.348225 0.000015 -0.000002
47  0.000000 0.000000 0.000000  0.000180 0.000264 -1.570969
48  -3.351829 -17.515486 -4.033922  -0.078952 0.054752 1.634778
49  4.151415 0.245241 -3.368001  0.542649 1.118574 1.823862
50  -1.881950 -0.011782 0.033571  -0.000000 0.000000 -0.000000
51  0.011259 -0.011782 0.169349  -0.000000 0.000000 -0.000000
52  -0.027570 -0.000000 0.206380  -0.000000 0.000000 -0.000000
53  -1.268346 -0.011782 1.789045  -0.000000 0.000000 -0.000000
54  -0.512573 -3.702752 -4.222050  0.000161 2.837481 0.999859
time 3
0  0.000000 7.449219 -27.500000  0.000000 -0.000000 -0.000001
1  -0.000002 -0.000000 0.000002  1.570743 -1.567137 -1.570743
2  4.255471 -0.335182 -0.000002  0.000000 -0.000000 -0.124848
3  7.431252 1.496477 0.000002  0.000000 -0.000000 0.245450
4  5.278481 0.165541 0.000001  0.000000 -0.000000 0.048511
5  3.213770 -10.064189 1.344442  1.975864 1.159909 -1.298786
6  -6.214486 -0.000006 -0.000026  0.560409 -2.369192 -1.731017
7  11.944884 -0.000003 -0.000002  -0.224897 -0.349324 1.574570
8  10.620184 0.000001 -0.000004  0.926794 0.474934 2.398894
9  -4.751108 -0.694494 0.830577  0.015781 -0.165461 0.438149
10  -1.688068 0.000049 -0.000031  0.014612 -0.020008 0.807967
11  -1.336139 0.000055 -0.000012  0.021168 -0.015777 1.194252
12  -4.820495 -0.509456 -0.224759  -0.297358 -0.050548 1.328590
13  -1.826990 -0.000072 0.000007  0.004249 0.040304 1.378879
14  -1.436579 0.000005 0.000000  -0.054590 -0.055484 0.685661
15  -3.992356 -0.891189 -1.827910  -0.523732 0.138145 1.095785
16  -1.405915 -0.000023 -0.000001  -0.016290 -0.024628 1.460204
17  -1.175358 0.000127 -0.000022  0.049791 0.046300 0.725667
18  -4.526752 -0.690572 -1.120745  -0.361292 0.112520 1.351639
19  -1.744042 0.000030 -0.000007  -0.026556 -0.013108 1.523354
20  -1.368768 0.000025 0.000004  0.020850 0.048215 0.303416
21  -1.874796 -0.935125 0.999172  2.033502 0.447899 0.715008
22  -1.523452 0.000034 0.000030  0.083736 0.152575 0.605550
23  -1.599274 -0.000001 0.000013  0.034086 -0.026152 0.634453
24  5.582030 0.115724 0.294922  -0.433104 -3.086253 -0.044154
25  0.196845 -0.000002 0.000001  -0.348186 3.141587 0.000016
26  1.377778 -14.771366 -2.500729  -1.165731 1.981683 -1.298790
27  6.214490 0.000006 0.000017  -0.073929 0.597761 -1.673810
28  11.944894 -0.000035 -0.000191  -0.975722 -0.348580 -1.639064
29  10.620170 0.000004 0.000012  -1.443530 -0.812918 0.124497
30  4.751164 0.694377 -0.830475  -0.162373 -0.237146 0.542183
31  1.688067 -0.000029 0.000002  0.016568 -0.018947 0.777138
32  1.336147 -0.000049 -0.000009  0.023131 -0.031118 -0.268298
33  4.820515 0.509340 0.224863  -0.354465 -0.316078 0.844461
34  1.827002 0.000070 0.000008  -0.011697 0.038800 0.981113
35  1.436578 -0.000012 0.000007  0.011119 -0.010352 0.020301
36  3.992350 0.891087 1.827994  -0.604507 -0.162583 1.007482
37  1.405922 0.000022 -0.000009  -0.015707 -0.025005 1.436401
38  1.175359 -0.000133 0.000002  0.091101 0.083192 0.787709
39  4.526755 0.690457 1.120842  -0.488732 -0.167034 1.139284
40  1.744042 -0.000031 0.000001  -0.016273 -0.024752 0.992914
41  1.368767 -0.000030 -0.000019  0.013496 0.158137 -0.099927
42  1.937355 1.013210 -0.909285  1.593768 0.857230 0.596859
43  1.523455 -0.000033 0.000002  -0.009843 -0.082808 -0.030163
44  1.599281 0.000003 0.000009  0.030896 0.077626 -0.365249
45  5.511809 -0.000001 0.000001  -0.484975 0.000005 0.000007
46  0.196847 0.000001 -0.000001  -0.348225 0.000015 -0.000002
47  0.000000 0.000000 0.000000  0.000372 0.000647 -1.571209
48  -3.554960 -18.019407 -3.670630  -0.221503 0.122002 1.691399
49  4.151417 0.245240 -3.368000  0.542649 1.118574 1.823862
50  -1.881949 -0.011782 0.033572  -0.000000 -0.000000 -0.000000
51  0.011261 -0.011782 0.169350  -0.000000 -0.000000 -0.000000
52  -0.027572 0.000000 0.206380  -0.000000 -0.000000 -0.000000
53  -1.268345 -0.011782 1.789046  -0.000000 -0.000000 -0.000000
54  0.249173 -4.109014 -5.983821  -0.130615 2.734845 0.965924
time 4
0  0.000000 7.449219 -27.500000  0.000000 -0.000000 -0.000001
1  -0.000002 -0.000000 0.000002  1.570743 -1.567137 -1.570743
2  4.255471 -0.335182 -0.000002  0.000000 -0.000000 -0.124848
3  7.431252 1.496477 0.000002  0.000000 -0.000000 0.245450
4  5.278481 0.165541 0.000001  0.000000 -0.000000 0.048511
5  3.123923 -10.603269 1.559293  1.975864 1.159909 -1.298786
6  -6.214485 -0.000006 -0.000026  -2.413621 -0.788802 1.282233
7  11.944885 -0.000002 -0.000001  -0.210477 -0.349096 1.532451
8  10.620186 0.000000 -0.000004  0.872357 0.458942 2.494448
9  -4.751108 -0.694495 0.830577  0.015781 -0.165461 0.438149
10  -1.688069 0.000048 -0.000031  0.014612 -0.020008 0.807967
11  -1.336139 0.000053 -0.000011  0.021168 -0.015777 1.194252
12  -4.820497 -0.509457 -0.224760  -0.297358 -0.050548 1.328590
13  -1.826987 -0.000073 0.000007  0.004249 0.040304 1.378879
14  -1.436579 0.000005 0.000001  -0.054590 -0.055484 0.685661
15  -3.992358 -0.891190 -1.827911  -0.523732 0.138145 1.095785
16  -1.405915 -0.000020 -0.000001  -0.016290 -0.024628 1.460204
17  -1.175358 0.000127 -0.000021  0.049791 0.046300 0.725667
18  -4.526752 -0.690573 -1.120745  -0.361292 0.112520 1.351639
19  -1.744041 0.000030 -0.000008  -0.026556 -0.013108 1.523354
20  -1.368762 0.000027 0.000004  0.020850 0.048215 0.303416
21  -1.874798 -0.935126 0.999171  2.033502 0.447899 0.715008
22  -1.523450 0.000038 0.000030  0.083736 0.152575 0.605550
23  -1.599276 -0.000000 0.000014  0.034086 -0.026152 0.634453
24  5.582033 0.115722 0.294923  -0.433104 -3.086253 -0.044154
25  0.196846 -0.000000 0.000002  -0.348186 3.141587 0.000016
26  1.432466 -14.419794 -2.727298  -1.165731 1.981683 -1.298790
27  6.214490 0.000006 0.000019  0.014347 0.564101 -1.611742
28  11.944892 -0.000035 -0.000191  -0.982222 -0.348934 -1.620113
29  10.620170 0.000003 0.000013  -1.351205 -0.720286 -0.029491
30  4.751164 0.694376 -0.830473  -0.111426 -0.157256 0.394551
31  1.688064 -0.000027 0.000003  0.021601 -0.012500 0.407924
32  1.336147 -0.000053 -0.000010  0.018421 -0.034114 -0.123755
33  4.820514 0.509340 0.224865  -0.291736 -0.294865 0.685750
34  1.827001 0.000069 0.000009  -0.022016 0.034030 0.699593
35  1.436578 -0.000013 0.000007  0.007032 -0.013456 0.359866
36  3.992352 0.891085 1.827994  -0.573251 -0.278808 0.842946
37  1.405922 0.000021 -0.000009  -0.010649 -0.027546 1.244589
38  1.175364 -0.000130 0.000002  0.086031 0.088429 0.728552
39  4.526757 0.690456 1.120843  -0.435725 -0.251333 0.947837
40  1.744043 -0.000030 -0.000000  -0.013781 -0.026226 0.895315
41  1.368766 -0.000030 -0.000019  0.067990 0.143515 0.258926
42  1.937358 1.013209 -0.909283  1.735340 0.883369 0.717446
43  1.523455 -0.000032 0.000002  -0.011880 -0.084018 -0.076964
44  1.599281 0.000003 0.000009  0.028607 0.078489 -0.394441
45  5.511810 -0.000003 0.000003  -0.348792 0.000005 0.000007
46  0.196846 0.000001 -0.000002  -0.348225 0.000015 -0.000002
47  0.000000 0.000000 0.000000  0.000611 0.001270 -1.571594
48  -3.781530 -18.581924 -3.256554  -0.374998 0.209215 1.742969
49  4.151414 0.245240 -3.368001  0.542649 1.118574 1.823862
50  -1.881949 -0.011782 0.033571  -0.000000 -0.000000 0.000000
51  0.011261 -0.011782 0.169349  -0.000000 -0.000000 0.000000
52  -0.027574 0.000001 0.206379  -0.000000 -0.000000 0.000000
53  -1.268346 -0.011782 1.789044  -0.000000 -0.000000 0.000000
54  1.057789 -3.706658 -7.628402  -0.280319 2.666996 0.846963
time 5
0  0.000000 7.449219 -27.500000  0.000000 -0.000000 -0.000001
1  -0.000002 -0.000000 0.000002  1.570743 -1.567137 -1.570743
2  4.255471 -0.335182 -0.000002  0.000000 -0.000000 -0.124848
3  7.431252 1.496477 0.000002  0.000000 -0.000000 0.245450
4  5.278481 0.165541 0.000001  0.000000 -0.000000 0.048511
5  3.026263 -11.173598 1.789768  1.975864 1.159909 -1.298786
6  -6.214486 -0.000006 -0.000026  -2.221501 -0.793775 1.136027
7  11.944884 -0.000002 -0.000002  -0.197595 -0.348401 1.494739
8  10.620185 0.000003 -0.000003  0.850233 0.438019 2.600158
9  -4.751109 -0.694494 0.830578  0.015781 -0.165461 0.438149
10  -1.688071 0.000050 -0.000030  0.014612 -0.020008 0.807967
11  -1.336140 0.000051 -0.000010  0.021168 -0.015777 1.194252
12  -4.820497 -0.509457 -0.224758  -0.297358 -0.050548 1.328590
13  -1.826989 -0.000072 0.000008  0.004249 0.040304 1.378879
14  -1.436580 0.000004 0.000001  -0.054590 -0.055484 0.685661
15  -3.992358 -0.891189 -1.827909  -0.523732 0.138145 1.095785
16  -1.405914 -0.000025 -0.000001  -0.016290 -0.024628 1.460204
17  -1.175357 0.000126 -0.000021  0.049791 0.046300 0.725667
18  -4.526752 -0.690572 -1.120744  -0.361292 0.112520 1.351639
19  -1.744042 0.000031 -0.000008  -0.026556 -0.013108 1.523354
20  -1.368764 0.000026 0.000004  0.020850 0.048215 0.303416
21  -1.874798 -0.935125 0.999173  2.033502 0.447899 0.715008
22  -1.523452 0.000036 0.000029  0.083736 0.152575 0.605550
23  -1.599274 0.000001 0.000013  0.034086 -0.026152 0.634453
24  5.582032 0.115725 0.294923  -0.433104 -3.086253 -0.044154
25  0.196846 -0.000000 0.000002  -0.348186 3.141587 0.000016
26  1.494968 -14.029156 -2.977306  -1.165731 1.981683 -1.298790
27  6.214491 0.000006 0.000018  0.074377 0.518783 -1.581316
28  11.944894 -0.000035 -0.000190  -1.002426 -0.349306 -1.561049
29  10.620170 0.000007 0.000013  -1.296346 -0.554580 -0.084529
30  4.751166 0.694376 -0.830474  -0.094117 -0.122261 0.335242
31  1.688065 -0.000031 0.000002  0.022872 -0.009539 0.263448
32  1.336149 -0.000054 -0.000011  0.014478 -0.035960 -0.011519
33  4.820518 0.509339 0.224865  -0.263725 -0.259690 0.617337
34  1.827004 0.000066 0.000008  -0.025731 0.031321 0.586039
35  1.436578 -0.000013 0.000008  0.004540 -0.014487 0.537861
36  3.992354 0.891085 1.827996  -0.554328 -0.324837 0.772536
37  1.405922 0.000017 -0.000009  -0.008444 -0.028301 1.165585
38  1.175362 -0.000129 0.000003  0.083826 0.090539 0.703761
39  4.526758 0.690457 1.120842  -0.408947 -0.282769 0.866776
40  1.744043 -0.000033 0.000000  -0.012702 -0.026765 0.854501
41  1.368766 -0.000034 -0.000020  0.096118 0.126485 0.467134
42  1.937357 1.013210 -0.909284  1.885452 0.876861 0.816914
43  1.523456 -0.000030 0.000003  -0.013666 -0.085097 -0.118816
44  1.599281 0.000002 0.000011  0.027648 0.078824 -0.406731
45  5.511810 -0.000000 0.000003  -0.194450 0.000005 0.000007
46  0.196846 0.000002 -0.000002  -0.348225 0.000015 -0.000002
47  0.000000 0.000000 0.000000  0.000851 0.002157 -1.572124
48  -4.008099 -19.121004 -2.850292  -0.513295 0.302903 1.778429
49  4.151416 0.245240 -3.368000  0.542649 1.118574 1.823862
50  -1.881951 -0.011782 0.033571  0.000000 0.000000 0.000000
51  0.011260 -0.011782 0.169349  0.000000 0.000000 0.000000
52  -0.027570 -0.000000 0.206381  0.000000 0.000000 0.000000
53  -1.268347 -0.011782 1.789045  0.000000 0.000000 0.000000
54  1.768746 -3.069919 -8.980007  -0.408036 2.677341 0.685304
time 6
0  0.000000 7.449219 -27.500000  0.000000 -0.000000 -0.000001
1  -0.000002 -0.000000 0.000002  1.570743 -1.567137 -1.570743
2  4.255471 -0.335182 -0.000002  0.000000 -0.000000 -0.124848
3  7.431252 1.496477 0.000002  0.000000 -0.000000 0.245450
4  5.278481 0.165541 0.000001  0.000000 -0.000000 0.048511
5  2.936416 -11.716585 2.008525  1.975864 1.159909 -1.298786
6  -6.214486 -0.000006 -0.000026  -2.032204 -0.788035 0.994925
7  11.944883 -0.000003 -0.000002  -0.188893 -0.347670 1.469197
8  10.620184 -0.000000 -0.000003  0.871520 0.411926 2.705717
9  -4.751108 -0.694494 0.830576  0.015781 -0.165461 0.438149
10  -1.688070 0.000049 -0.000031  0.014612 -0.020008 0.807967
11  -1.336140 0.000053 -0.000011  0.021168 -0.015777 1.194252
12  -4.820496 -0.509456 -0.224761  -0.297358 -0.050548 1.328590
13  -1.826989 -0.000072 0.000008  0.004249 0.040304 1.378879
14  -1.436580 0.000005 -0.000000  -0.054590 -0.055484 0.685661
15  -3.992357 -0.891189 -1.827911  -0.523732 0.138145 1.095785
16  -1.405915 -0.000023 -0.000001  -0.016290 -0.024628 1.460204
17  -1.175360 0.000125 -0.000020  0.049791 0.046300 0.725667
18  -4.526752 -0.690572 -1.120746  -0.361292 0.112520 1.351639
19  -1.744041 0.000032 -0.000007  -0.026556 -0.013108 1.523354
20  -1.368767 0.000026 0.000004  0.020850 0.048215 0.303416
21  -1.874797 -0.935125 0.999171  2.033502 0.447899 0.715008
22  -1.523451 0.000035 0.000030  0.083736 0.152575 0.605550
23  -1.599278 -0.000001 0.000013  0.034086 -0.026152 0.634453
24  5.582031 0.115721 0.294923  -0.433104 -3.086253 -0.044154
25  0.196846 -0.000002 0.000001  -0.348186 3.141587 0.000016
26  1.557469 -13.626799 -3.239032  -1.165731 1.981683 -1.298790
27  6.214491 0.000005 0.000018  0.092004 0.473520 -1.575886
28  11.944893 -0.000035 -0.000191  -1.033785 -0.347669 -1.469221
29  10.620170 0.000004 0.000012  -1.318221 -0.377220 -0.086367
30  4.751165 0.694375 -0.830473  -0.140374 -0.197225 0.465378
31  1.688063 -0.000028 0.000002  0.022212 -0.010989 0.327806
32  1.336147 -0.000052 -0.000010  0.011925 -0.036882 0.058698
33  4.820516 0.509339 0.224864  -0.277489 -0.216558 0.691840
34  1.827003 0.000064 0.000009  -0.024557 0.032244 0.623095
35  1.436578 -0.000012 0.000008  0.003677 -0.014739 0.596948
36  3.992353 0.891084 1.827996  -0.567187 -0.294692 0.819064
37  1.405922 0.000025 -0.000008  -0.009894 -0.027822 1.217543
38  1.175360 -0.000134 0.000004  0.085288 0.089149 0.720097
39  4.526759 0.690454 1.120844  -0.426391 -0.254677 0.932381
40  1.744042 -0.000031 0.000000  -0.014260 -0.025962 0.913688
41  1.368764 -0.000033 -0.000019  0.107372 0.117101 0.559664
42  1.937356 1.013209 -0.909283  2.011988 0.837743 0.860954
43  1.523455 -0.000030 0.000003  -0.014972 -0.085804 -0.149588
44  1.599280 0.000003 0.000009  0.036121 0.075325 -0.296764
45  5.511809 -0.000001 0.000003  -0.033828 0.000005 0.000007
46  0.196846 0.000002 -0.000001  -0.348225 0.000015 -0.000002
47  0.000000 0.000000 0.000000  0.001079 0.003344 -1.572894
48  -4.191699 -19.554611 -2.506532  -0.612633 0.386858 1.795491
49  4.151417 0.245240 -3.368001  0.542649 1.118608 1.823862
50  -1.881952 -0.011781 0.033571  0.000000 0.000000 0.000000
51  0.011259 -0.011782 0.169349  0.000000 0.000000 0.000000
52  -0.027571 0.000001 0.206380  0.000000 0.000000 0.000000
53  -1.268349 -0.011782 1.789045  0.000000 0.000000 0.000000
54  2.163291 -2.640220 -9.968320  -0.506788 2.677792 0.521098
time 7
0  0.000000 7.449219 -27.500000  0.000000 -0.000000 -0.000001
1  -0.000002 -0.000000 0.000002  1.570743 -1.567137 -1.570743
2  4.255471 -0.335182 -0.000002  0.000000 -0.000000 -0.124848
3  7.431252 1.496477 0.000002  0.000000 -0.000000 0.245450
4  5.278481 0.165541 0.000001  0.000000 -0.000000 0.048511
5  2.862195 -12.169724 2.196031  1.975864 1.159909 -1.298786
6  -6.214485 -0.000006 -0.000026  -1.872375 -0.781659 0.880091
7  11.944885 -0.000001 -0.000001  -0.186619 -0.347443 1.462536
8  10.620186 0.000001 -0.000004  0.941895 0.382527 2.803284
9  -4.751107 -0.694494 0.830576  0.015781 -0.165461 0.438149
10  -1.688069 0.000048 -0.000030  0.014612 -0.020008 0.807967
11  -1.336140 0.000052 -0.000011  0.021168 -0.015777 1.194252
12  -4.820496 -0.509457 -0.224760  -0.297358 -0.050548 1.328590
13  -1.826989 -0.000074 0.000008  0.004249 0.040304 1.378879
14  -1.436580 0.000005 0.000000  -0.054590 -0.055484 0.685661
15  -3.992355 -0.891189 -1.827909  -0.523732 0.138145 1.095785
16  -1.405915 -0.000021 -0.000001  -0.016290 -0.024628 1.460204
17  -1.175360 0.000125 -0.000021  0.049791 0.046300 0.725667
18  -4.526750 -0.690572 -1.120745  -0.361292 0.112520 1.351639
19  -1.744041 0.000028 -0.000008  -0.026556 -0.013108 1.523354
20  -1.368765 0.000026 0.000004  0.020850 0.048215 0.303416
21  -1.874796 -0.935125 0.999172  2.033502 0.447899 0.715008
22  -1.523451 0.000036 0.000030  0.083736 0.152575 0.605550
23  -1.599275 0.000000 0.000013  0.034086 -0.026152 0.634453
24  5.582034 0.115723 0.294923  -0.433104 -3.086253 -0.044154
25  0.196846 -0.000001 0.000001  -0.348186 3.141587 0.000016
26  1.616065 -13.236163 -3.492946  -1.165731 1.981683 -1.298790
27  6.214492 0.000006 0.000019  0.079512 0.426184 -1.616235
28  11.944891 -0.000034 -0.000192  -1.078514 -0.340526 -1.336839
29  10.620169 0.000004 0.000014  -1.336783 -0.254082 -0.114198
30  4.751163 0.694376 -0.830476  -0.272412 -0.317790 0.779419
31  1.688064 -0.000026 0.000002  0.020103 -0.014489 0.492465
32  1.336146 -0.000049 -0.000009  0.010223 -0.037398 0.104265
33  4.820517 0.509339 0.224863  -0.313719 -0.162088 0.889925
34  1.827002 0.000068 0.000008  -0.021441 0.034389 0.716399
35  1.436578 -0.000013 0.000007  0.003077 -0.014871 0.637294
36  3.992352 0.891084 1.827994  -0.592846 -0.215970 0.933760
37  1.405921 0.000023 -0.000009  -0.013466 -0.026276 1.349358
38  1.175359 -0.000131 0.000003  0.088860 0.085601 0.760997
39  4.526759 0.690454 1.120842  -0.461729 -0.178275 1.096456
40  1.744042 -0.000031 0.000000  -0.017999 -0.023529 1.064301
41  1.368763 -0.000032 -0.000019  0.115030 0.109587 0.627441
42  1.937356 1.013210 -0.909286  2.087799 0.781524 0.854991
43  1.523455 -0.000031 0.000003  -0.015907 -0.086247 -0.171702
44  1.599282 0.000004 0.000011  0.050670 0.066432 -0.091943
45  5.511808 -0.000001 0.000005  0.120514 0.000005 0.000007
46  0.196846 0.000002 -0.000002  -0.348225 0.000015 -0.000002
47  0.000000 0.000000 0.000000  0.001282 0.004890 -1.573857
48  -4.312796 -19.808525 -2.279962  -0.650087 0.447197 1.798446
49  4.151416 0.245240 -3.368001  0.542649 1.118574 1.823862
50  -1.881951 -0.011782 0.033571  0.000000 0.000000 0.000000
51  0.011259 -0.011783 0.169349  0.000000 0.000000 0.000000
52  -0.027572 0.000001 0.206381  0.000000 0.000000 0.000000
53  -1.268348 -0.011782 1.789045  0.000000 0.000000 0.000000
54  2.155478 -2.480058 -10.351143  -0.546747 2.678166 0.447291
time 8
0  0.000000 7.449219 -27.500000  0.000000 -0.000000 -0.000001
1  -0.000002 -0.000000 0.000002  1.570743 -1.567137 -1.570743
2  4.255471 -0.335182 -0.000002  0.000000 -0.000000 -0.124848
3  7.431252 1.496477 0.000002  0.000000 -0.000000 0.245450
4  5.278481 0.165541 0.000001  0.000000 -0.000000 0.048511
5  2.807506 -12.486139 2.321035  1.975864 1.159909 -1.298786
6  -6.214486 -0.000006 -0.000027  -1.762756 -0.780019 0.802485
7  11.944885 -0.000003 -0.000001  -0.188117 -0.347586 1.466893
8  10.620186 -0.000000 -0.000003  1.021730 0.358238 2.877624
9  -4.751107 -0.694495 0.830577  0.015781 -0.165461 0.438149
10  -1.688068 0.000048 -0.000032  0.014612 -0.020008 0.807967
11  -1.336141 0.000056 -0.000010  0.021168 -0.015777 1.194252
12  -4.820496 -0.509458 -0.224759  -0.297358 -0.050548 1.328590
13  -1.826989 -0.000073 0.000008  0.004249 0.040304 1.378879
14  -1.436580 0.000005 0.000001  -0.054590 -0.055484 0.685661
15  -3.992356 -0.891190 -1.827910  -0.523732 0.138145 1.095785
16  -1.405915 -0.000021 -0.000001  -0.016290 -0.024628 1.460204
17  -1.175358 0.000127 -0.000021  0.049791 0.046300 0.725667
18  -4.526750 -0.690572 -1.120745  -0.361292 0.112520 1.351639
19  -1.744042 0.000030 -0.000007  -0.026556 -0.013108 1.523354
20  -1.368766 0.000026 0.000004  0.020850 0.048215 0.303416
21  -1.874798 -0.935126 0.999172  2.033502 0.447899 0.715008
22  -1.523452 0.000036 0.000028  0.083736 0.152575 0.605550
23  -1.599276 0.000001 0.000014  0.034086 -0.026152 0.634453
24  5.582033 0.115723 0.294923  -0.433104 -3.086253 -0.044154
25  0.196847 -0.000001 0.000003  -0.348186 3.141587 0.000016
26  1.670754 -12.884591 -3.719516  -1.165731 1.981683 -1.298790
27  6.214491 0.000006 0.000018  0.071393 0.379941 -1.678397
28  11.944895 -0.000034 -0.000192  -1.125496 -0.326538 -1.193572
29  10.620166 0.000003 0.000011  -1.311205 -0.208545 -0.166643
30  4.751162 0.694375 -0.830473  -0.409792 -0.344863 1.114016
31  1.688065 -0.000029 0.000003  0.016472 -0.018516 0.711932
32  1.336147 -0.000050 -0.000009  0.009241 -0.037649 0.130503
33  4.820514 0.509338 0.224866  -0.349966 -0.094950 1.153357
34  1.827002 0.000065 0.000009  -0.017079 0.036750 0.838861
35  1.436579 -0.000012 0.000008  0.002706 -0.014943 0.662612
36  3.992351 0.891085 1.827995  -0.612081 -0.108681 1.079799
37  1.405921 0.000021 -0.000009  -0.017804 -0.023555 1.523140
38  1.175359 -0.000132 0.000004  0.093270 0.080759 0.814191
39  4.526756 0.690455 1.120844  -0.488071 -0.069695 1.308361
40  1.744042 -0.000033 0.000001  -0.022302 -0.019502 1.263567
41  1.368767 -0.000030 -0.000019  0.120171 0.103918 0.675604
42  1.937357 1.013209 -0.909283  2.093445 0.718808 0.821159
43  1.523455 -0.000033 0.000004  -0.016662 -0.086643 -0.189720
44  1.599280 0.000002 0.000008  0.057609 0.060524 0.017388
45  5.511807 -0.000001 0.000004  0.256697 0.000005 0.000007
46  0.196846 0.000001 -0.000002  -0.348225 0.000015 -0.000002
47  0.000000 0.000000 0.000000  0.001414 0.006831 -1.575060
48  -4.351860 -19.898371 -2.197928  -0.645885 0.481297 1.794252
49  4.151413 0.245241 -3.368002  0.542649 1.118574 1.823862
50  -1.881952 -0.011782 0.033571  -0.000000 -0.000000 0.000000
51  0.011257 -0.011781 0.169349  -0.000000 -0.000000 0.000000
52  -0.027573 0.000001 0.206379  -0.000000 -0.000000 0.000000
53  -1.268348 -0.011782 1.789045  -0.000000 -0.000000 0.000000
54  1.948437 -2.472245 -10.315986  -0.509751 2.698409 0.491217
time 9
0  0.000000 7.449219 -27.500000  0.000000 -0.000000 -0.000001
1  -0.000002 -0.000000 0.000002  1.570743 -1.567137 -1.570743
2  4.255471 -0.335182 -0.000002  0.000000 -0.000000 -0.124848
3  7.431252 1.496477 0.000002  0.000000 -0.000000 0.245450
4  5.278481 0.165541 0.000001  0.000000 -0.000000 0.048511
5  2.787975 -12.603331 2.371817  1.975864 1.159909 -1.298786
6  -6.214485 -0.000006 -0.000027  -1.722158 -0.776474 0.775015
7  11.944884 -0.000002 -0.000002  -0.187381 -0.347514 1.464790
8  10.620186 0.000001 -0.000003  1.055643 0.347777 2.913802
9  -4.751109 -0.694494 0.830577  0.015781 -0.165461 0.438149
10  -1.688066 0.000048 -0.000031  0.014612 -0.020008 0.807967
11  -1.336139 0.000056 -0.000010  0.021168 -0.015777 1.194252
12  -4.820495 -0.509457 -0.224759  -0.297358 -0.050548 1.328590
13  -1.826989 -0.000074 0.000007  0.004249 0.040304 1.378879
14  -1.436581 0.000004 0.000001  -0.054590 -0.055484 0.685661
15  -3.992357 -0.891189 -1.827910  -0.523732 0.138145 1.095785
16  -1.405915 -0.000022 -0.000001  -0.016290 -0.024628 1.460204
17  -1.175359 0.000125 -0.000020  0.049791 0.046300 0.725667
18  -4.526751 -0.690572 -1.120745  -0.361292 0.112520 1.351639
19  -1.744041 0.000029 -0.000008  -0.026556 -0.013108 1.523354
20  -1.368764 0.000026 0.000004  0.020850 0.048215 0.303416
21  -1.874799 -0.935125 0.999171  2.033502 0.447899 0.715008
22  -1.523452 0.000033 0.000030  0.083736 0.152575 0.605550
23  -1.599277 -0.000001 0.000013  0.034086 -0.026152 0.634453
24  5.582032 0.115723 0.294923  -0.433104 -3.086253 -0.044153
25  0.196846 -0.000001 0.000001  -0.348186 3.141587 0.000016
26  1.713724 -12.599425 -3.903115  -1.165731 1.981683 -1.298790
27  6.214490 0.000006 0.000018  0.073891 0.344291 -1.730167
28  11.944893 -0.000034 -0.000192  -1.160290 -0.311266 -1.082737
29  10.620169 0.000004 0.000011  -1.245092 -0.211143 -0.199987
30  4.751163 0.694375 -0.830473  -0.452117 -0.272380 1.307543
31  1.688065 -0.000027 0.000002  0.012014 -0.021668 0.932623
32  1.336148 -0.000051 -0.000010  0.008773 -0.037757 0.142828
33  4.820513 0.509339 0.224865  -0.370737 -0.026506 1.414903
34  1.827002 0.000070 0.000008  -0.012453 0.038572 0.961690
35  1.436578 -0.000013 0.000007  0.002502 -0.014978 0.676392
36  3.992351 0.891085 1.827995  -0.615413 0.000505 1.223262
37  1.405922 0.000018 -0.000010  -0.021627 -0.020116 1.697349
38  1.175361 -0.000132 0.000003  0.097429 0.075678 0.867358
39  4.526755 0.690456 1.120844  -0.490953 0.042241 1.517622
40  1.744042 -0.000030 0.000001  -0.025717 -0.014697 1.463126
41  1.368766 -0.000031 -0.000021  0.123407 0.100047 0.707420
42  1.937357 1.013209 -0.909282  1.946982 0.668677 0.768091
43  1.523454 -0.000034 0.000003  -0.017681 -0.085780 -0.206765
44  1.599282 0.000001 0.000007  0.052108 0.065318 -0.070148
45  5.511809 -0.000002 0.000003  0.364429 0.000005 0.000007
46  0.196846 0.000001 -0.000002  -0.348225 0.000015 -0.000002
47  0.000000 0.000000 0.000000  0.001462 0.009204 -1.576552
48  -4.367485 -19.933529 -2.151052  -0.639401 0.498593 1.790630
49  4.151416 0.245239 -3.368000  0.542649 1.118574 1.823862
50  -1.881952 -0.011782 0.033571  -0.000000 -0.000000 -0.000000
51  0.011260 -0.011783 0.169350  -0.000000 -0.000000 -0.000000
52  -0.027571 0.000000 0.206380  -0.000000 -0.000000 -0.000000
53  -1.268348 -0.011783 1.789045  -0.000000 -0.000000 -0.000000
54  1.796093 -2.460526 -10.237858  -0.433561 2.747440 0.582935
time 10
0  0.000000 7.449219 -27.500000  0.000000 -0.000000 -0.000001
1  -0.000002 -0.000000 0.000002  1.570743 -1.567137 -1.570743
2  4.255471 -0.335182 -0.000002  0.000000 -0.000000 -0.124848
3  7.431252 1.496477 0.000002  0.000000 -0.000000 0.245450
4  5.278481 0.165541 0.000001  0.000000 -0.000000 0.048511
5  2.787975 -12.603331 2.371817  1.975864 1.159909 -1.298786
6  -6.214485 -0.000006 -0.000027  -1.721322 -0.767771 0.779818
7  11.944885 -0.000001 -0.000001  -0.187040 -0.347479 1.463738
8  10.620187 0.000000 -0.000004  1.056953 0.336955 2.914162
9  -4.751107 -0.694495 0.830577  0.015781 -0.165461 0.438149
10  -1.688069 0.000049 -0.000030  0.014612 -0.020008 0.807967
11  -1.336139 0.000052 -0.000012  0.021168 -0.015777 1.194252
12  -4.820495 -0.509457 -0.224760  -0.297358 -0.050548 1.328590
13  -1.826989 -0.000071 0.000007  0.004249 0.040304 1.378879
14  -1.436580 0.000005 0.000000  -0.054590 -0.055484 0.685661
15  -3.992355 -0.891190 -1.827909  -0.523732 0.138145 1.095785
16  -1.405915 -0.000025 -0.000001  -0.016290 -0.024628 1.460204
17  -1.175361 0.000124 -0.000021  0.049791 0.046300 0.725667
18  -4.526748 -0.690573 -1.120744  -0.361292 0.112520 1.351639
19  -1.744041 0.000031 -0.000007  -0.026556 -0.013108 1.523354
20  -1.368762 0.000026 0.000004  0.020850 0.048215 0.303416
21  -1.874796 -0.935127 0.999174  2.033502 0.447899 0.715008
22  -1.523452 0.000032 0.000030  0.083736 0.152575 0.605550
23  -1.599277 -0.000001 0.000012  0.034086 -0.026152 0.634453
24  5.582033 0.115722 0.294923  -0.433104 -3.086253 -0.044154
25  0.196846 -0.000001 0.000003  -0.348186 3.141587 0.000016
26  1.744975 -12.411919 -4.024213  -1.165731 1.981683 -1.298790
27  6.214491 0.000006 0.000017  0.068894 0.321534 -1.768924
28  11.944893 -0.000035 -0.000191  -1.179275 -0.300905 -1.019695
29  10.620169 0.000004 0.000010  -1.166116 -0.243319 -0.207306
30  4.751165 0.694375 -0.830473  -0.440564 -0.185013 1.385048
31  1.688065 -0.000027 0.000002  0.008238 -0.023370 1.099917
32  1.336146 -0.000050 -0.000012  0.008641 -0.037793 0.146470
33  4.820515 0.509339 0.224865  -0.375885 0.024668 1.610041
34  1.827001 0.000065 0.000009  -0.008761 0.039567 1.055866
35  1.436580 -0.000013 0.000007  0.002406 -0.014990 0.682161
36  3.992351 0.891086 1.827995  -0.607443 0.083293 1.332607
37  1.405922 0.000020 -0.000009  -0.024096 -0.017084 1.830016
38  1.175360 -0.000132 0.000003  0.100437 0.071639 0.908171
39  4.526758 0.690456 1.120843  -0.477599 0.125654 1.676368
40  1.744042 -0.000033 0.000000  -0.027635 -0.010646 1.614425
41  1.368764 -0.000031 -0.000019  0.125157 0.097842 0.725138
42  1.937357 1.013209 -0.909284  1.714720 0.635096 0.716846
43  1.523456 -0.000031 0.000004  -0.018855 -0.083707 -0.220118
44  1.599281 0.000005 0.000010  0.040831 0.072892 -0.233249
45  5.511809 -0.000003 0.000002  0.435009 0.000005 0.000007
46  0.196847 0.000001 -0.000001  -0.348225 0.000015 -0.000002
47  0.000000 0.000000 0.000000  -0.003248 0.011014 -1.577707
48  -4.449519 -19.937435 -2.006516  -0.634939 0.505662 1.795396
49  4.151413 0.245241 -3.368001  0.542649 1.118574 1.823862
50  -1.881951 -0.011782 0.033571  -0.000000 0.000000 -0.000000
51  0.011258 -0.011782 0.169348  -0.000000 0.000000 -0.000000
52  -0.027571 -0.000001 0.206380  -0.000000 0.000000 -0.000000
53  -1.268350 -0.011781 1.789044  -0.000000 0.000000 -0.000000
54  1.694526 -2.444900 -10.159733  -0.364922 2.801720 0.667583
time 11
0  0.000000 7.449219 -27.500000  0.000000 -0.000000 -0.000001
1  -0.000002 -0.000000 0.000002  1.570743 -1.567137 -1.570743
2  4.255471 -0.335182 -0.000002  0.000000 -0.000000 -0.124848
3  7.431252 1.496477 0.000002  0.000000 -0.000000 0.245450
4  5.278481 0.165541 0.000001  0.000000 -0.000000 0.048511
5  2.787975 -12.603331 2.371817  1.975864 1.159909 -1.298786
6  -6.214485 -0.000006 -0.000027  -1.720225 -0.765152 0.779218
7  11.944885 -0.000004 -0.000002  -0.198055 -0.348425 1.496041
8  10.620186 0.000000 -0.000004  1.022276 0.316574 2.862630
9  -4.751108 -0.694495 0.830579  0.015781 -0.165461 0.438149
10  -1.688068 0.000049 -0.000031  0.014612 -0.020008 0.807967
11  -1.336140 0.000055 -0.000012  0.021168 -0.015777 1.194252
12  -4.820498 -0.509457 -0.224760  -0.297358 -0.050548 1.328590
13  -1.826988 -0.000072 0.000008  0.004249 0.040304 1.378879
14  -1.436581 0.000005 -0.000000  -0.054590 -0.055484 0.685661
15  -3.992357 -0.891190 -1.827910  -0.523732 0.138145 1.095785
16  -1.405915 -0.000025 -0.000001  -0.016290 -0.024628 1.460204
17  -1.175357 0.000125 -0.000021  0.049791 0.046300 0.725667
18  -4.526752 -0.690573 -1.120743  -0.361292 0.112520 1.351639
19  -1.744042 0.000029 -0.000008  -0.026556 -0.013108 1.523354
20  -1.368763 0.000026 0.000004  0.020838 0.048215 0.303416
21  -1.874799 -0.935126 0.999172  2.033502 0.447899 0.715008
22  -1.523450 0.000036 0.000030  0.083736 0.152575 0.605550
23  -1.599275 -0.000001 0.000014  0.034086 -0.026152 0.634453
24  5.582033 0.115723 0.294923  -0.433104 -3.086253 -0.044154
25  0.196846 -0.000002 0.000002  -0.348186 3.141587 0.000016
26  1.752788 -12.341606 -4.067183  -1.165731 1.981683 -1.298790
27  6.214491 0.000006 0.000019  0.048630 0.319712 -1.761716
28  11.944894 -0.000032 -0.000190  -1.162284 -0.310243 -1.076162
29  10.620168 0.000004 0.000013  -1.089820 -0.311791 -0.145441
30  4.751161 0.694377 -0.830473  -0.426557 -0.143078 1.401114
31  1.688065 -0.000029 0.000002  0.006692 -0.023861 1.165686
32  1.336149 -0.000049 -0.000010  0.008629 -0.037793 0.146610
33  4.820513 0.509341 0.224864  -0.375569 0.044131 1.685919
34  1.827001 0.000066 0.000007  -0.007275 0.039866 1.093335
35  1.436578 -0.000013 0.000008  0.002394 -0.014990 0.683300
36  3.992350 0.891087 1.827996  -0.601775 0.115668 1.376224
37  1.405921 0.000021 -0.000008  -0.024959 -0.015789 1.882461
38  1.175358 -0.000131 0.000004  0.101587 0.069997 0.924479
39  4.526754 0.690457 1.120844  -0.468715 0.157533 1.739208
40  1.744044 -0.000030 0.000000  -0.028222 -0.008980 1.673955
41  1.368768 -0.000034 -0.000021  0.125684 0.097159 0.730596
42  1.937356 1.013211 -0.909282  1.595026 0.620703 0.695416
43  1.523455 -0.000032 0.000004  -0.019419 -0.082544 -0.225500
44  1.599282 0.000007 0.000011  0.034299 0.076176 -0.320865
45  5.511808 -0.000001 0.000003  0.460438 0.000005 0.000007
46  0.196847 0.000004 -0.000001  -0.348225 0.000015 -0.000002
47  0.000000 0.000000 0.000000  -0.007970 0.008018 -1.576552
48  -4.609680 -19.808525 -1.803385  -0.663107 0.503174 1.811982
49  4.151414 0.245240 -3.368001  0.542649 1.118574 1.823862
50  -1.881951 -0.011783 0.033572  0.000000 0.000000 -0.000000
51  0.011258 -0.011782 0.169350  0.000000 0.000000 -0.000000
52  -0.027571 -0.000000 0.206380  0.000000 0.000000 -0.000000
53  -1.268350 -0.011782 1.789046  0.000000 0.000000 -0.000000
54  1.659368 -2.437088 -10.124574  -0.336052 2.827734 0.703685
time 12
0  0.000000 7.449219 -27.500000  0.000000 -0.000000 -0.000001
1  -0.000002 -0.000000 0.000002  1.570743 -1.567137 -1.570743
2  4.255471 -0.335182 -0.000002  0.000000 -0.000000 -0.124848
3  7.431252 1.496477 0.000002  0.000000 -0.000000 0.245450
4  5.278481 0.165541 0.000001  0.000000 -0.000000 0.048511
5  2.787975 -12.603331 2.371817  1.975864 1.159909 -1.298786
6  -6.214485 -0.000006 -0.000027  -1.720904 -0.760867 0.780494
7  11.944885 -0.000002 -0.000001  -0.195189 -0.348210 1.487677
8  10.620185 0.000001 -0.000004  1.013579 0.324149 2.862029
9  -4.751108 -0.694495 0.830578  0.015781 -0.165461 0.438149
10  -1.688068 0.000049 -0.000029  0.014612 -0.020008 0.807967
11  -1.336140 0.000054 -0.000010  0.021168 -0.015777 1.194252
12  -4.820498 -0.509457 -0.224761  -0.297358 -0.050548 1.328590
13  -1.826988 -0.000072 0.000007  0.004249 0.040304 1.378879
14  -1.436579 0.000004 0.000001  -0.054590 -0.055484 0.685661
15  -3.992359 -0.891189 -1.827911  -0.523732 0.138145 1.095785
16  -1.405915 -0.000025 -0.000001  -0.016290 -0.024628 1.460204
17  -1.175359 0.000126 -0.000021  0.049791 0.046300 0.725667
18  -4.526751 -0.690573 -1.120744  -0.361292 0.112520 1.351639
19  -1.744041 0.000032 -0.000007  -0.026556 -0.013108 1.523354
20  -1.368765 0.000026 0.000004  0.020850 0.048215 0.303416
21  -1.874799 -0.935126 0.999171  2.033502 0.447899 0.715008
22  -1.523451 0.000036 0.000029  0.083736 0.152575 0.605550
23  -1.599274 0.000000 0.000013  0.034086 -0.026152 0.634453
24  5.582032 0.115725 0.294922  -0.433104 -3.086253 -0.044154
25  0.196846 -0.000001 0.000002  -0.348186 3.141587 0.000016
26  1.752788 -12.341606 -4.067183  -1.165731 1.981683 -1.298790
27  6.214491 0.000006 0.000019  0.038567 0.317807 -1.766022
28  11.944892 -0.000034 -0.000192  -1.165202 -0.308717 -1.066549
29  10.620169 0.000005 0.000010  -1.083925 -0.298505 -0.133856
30  4.751163 0.694376 -0.830476  -0.426557 -0.143078 1.401114
31  1.688066 -0.000027 0.000002  0.006692 -0.023861 1.165686
32  1.336151 -0.000050 -0.000010  0.008629 -0.037793 0.146610
33  4.820516 0.509339 0.224862  -0.375569 0.044131 1.685919
34  1.827001 0.000067 0.000008  -0.007275 0.039866 1.093335
35  1.436578 -0.000013 0.000008  0.002394 -0.014990 0.683300
36  3.992352 0.891085 1.827994  -0.601775 0.115668 1.376224
37  1.405921 0.000020 -0.000009  -0.024959 -0.015789 1.882461
38  1.175361 -0.000131 0.000002  0.101587 0.069997 0.924479
39  4.526757 0.690456 1.120841  -0.468715 0.157533 1.739208
40  1.744043 -0.000031 0.000001  -0.028222 -0.008980 1.673955
41  1.368767 -0.000030 -0.000020  0.125684 0.097159 0.730596
42  1.937356 1.013210 -0.909285  1.595026 0.620703 0.695416
43  1.523455 -0.000032 0.000004  -0.019419 -0.082544 -0.225500
44  1.599282 0.000003 0.000010  0.034299 0.076176 -0.320865
45  5.511809 -0.000001 0.000002  0.460438 0.000005 0.000007
46  0.196846 0.000003 -0.000002  -0.348225 0.000015 -0.000002
47  0.000000 0.000000 0.000000  -0.000084 0.008677 -1.574338
48  -4.648744 -19.878839 -1.811198  -0.675194 0.502660 1.804070
49  4.151416 0.245240 -3.368002  0.542649 1.118574 1.823862
50  -1.881949 -0.011782 0.033571  0.000000 -0.000000 -0.000000
51  0.011260 -0.011783 0.169348  0.000000 -0.000000 -0.000000
52  -0.027569 0.000001 0.206381  0.000000 -0.000000 -0.000000
53  -1.268348 -0.011781 1.789044  0.000000 -0.000000 -0.000000
54  1.659370 -2.437088 -10.124575  -0.336052 2.827734 0.703685
time 13
0  0.000000 7.449219 -27.500000  0.000000 -0.000000 -0.000001
1  -0.000002 -0.000000 0.000002  1.570743 -1.567137 -1.570743
2  4.255471 -0.335182 -0.000002  0.000000 -0.000000 -0.124848
3  7.431252 1.496477 0.000002  0.000000 -0.000000 0.245450
4  5.278481 0.165541 0.000001  0.000000 -0.000000 0.048511
5  2.787975 -12.603331 2.371817  1.975864 1.159909 -1.298786
6  -6.214485 -0.000006 -0.000027  -1.721846 -0.755338 0.782671
7  11.944884 -0.000002 -0.000002  -0.188946 -0.347670 1.469347
8  10.620184 -0.000000 -0.000004  1.011650 0.336293 2.871043
9  -4.751108 -0.694493 0.830576  0.015781 -0.165461 0.438149
10  -1.688068 0.000048 -0.000031  0.014612 -0.020008 0.807967
11  -1.336140 0.000056 -0.000012  0.021168 -0.015777 1.194252
12  -4.820496 -0.509455 -0.224761  -0.297358 -0.050548 1.328590
13  -1.826989 -0.000072 0.000007  0.004249 0.040304 1.378879
14  -1.436581 0.000004 0.000000  -0.054590 -0.055484 0.685661
15  -3.992356 -0.891187 -1.827911  -0.523732 0.138145 1.095785
16  -1.405915 -0.000022 -0.000001  -0.016290 -0.024628 1.460204
17  -1.175358 0.000125 -0.000021  0.049791 0.046300 0.725667
18  -4.526750 -0.690571 -1.120745  -0.361292 0.112520 1.351639
19  -1.744041 0.000031 -0.000007  -0.026556 -0.013108 1.523354
20  -1.368763 0.000026 0.000004  0.020850 0.048215 0.303416
21  -1.874798 -0.935124 0.999171  2.033502 0.447899 0.715008
22  -1.523451 0.000038 0.000031  0.083736 0.152575 0.605550
23  -1.599275 0.000001 0.000013  0.034086 -0.026152 0.634453
24  5.582030 0.115722 0.294922  -0.433104 -3.086253 -0.044154
25  0.196846 -0.000001 0.000002  -0.348186 3.141587 0.000016
26  1.752788 -12.341606 -4.067183  -1.165731 1.981683 -1.298790
27  6.214491 0.000006 0.000019  0.032460 0.314107 -1.775103
28  11.944893 -0.000033 -0.000191  -1.173919 -0.303993 -1.037707
29  10.620168 0.000003 0.000012  -1.087823 -0.272601 -0.134349
30  4.751163 0.694376 -0.830472  -0.426557 -0.143078 1.401114
31  1.688065 -0.000030 0.000002  0.006692 -0.023861 1.165686
32  1.336149 -0.000049 -0.000008  0.008629 -0.037793 0.146610
33  4.820514 0.509340 0.224864  -0.375569 0.044131 1.685919
34  1.827001 0.000068 0.000008  -0.007275 0.039866 1.093335
35  1.436579 -0.000013 0.000008  0.002394 -0.014990 0.683300
36  3.992349 0.891086 1.827995  -0.601775 0.115668 1.376224
37  1.405921 0.000021 -0.000010  -0.024959 -0.015789 1.882461
38  1.175363 -0.000131 0.000003  0.101587 0.069997 0.924479
39  4.526755 0.690456 1.120842  -0.468715 0.157533 1.739208
40  1.744043 -0.000030 0.000000  -0.028222 -0.008980 1.673955
41  1.368764 -0.000030 -0.000020  0.125684 0.097159 0.730596
42  1.937356 1.013210 -0.909284  1.595026 0.620703 0.695416
43  1.523456 -0.000034 0.000002  -0.019419 -0.082544 -0.225500
44  1.599281 0.000004 0.000009  0.034299 0.076176 -0.320865
45  5.511808 -0.000003 0.000004  0.460438 0.000005 0.000007
46  0.196847 0.000002 -0.000001  -0.348225 0.000015 -0.000002
47  0.000000 0.000000 0.000000  0.014549 0.009911 -1.572220
48  -4.660463 -20.007750 -1.858074  -0.682145 0.500508 1.792536
49  4.151417 0.245240 -3.367999  0.542649 1.118574 1.823862
50  -1.881950 -0.011783 0.033572  0.000000 -0.000000 -0.000000
51  0.011259 -0.011783 0.169350  0.000000 -0.000000 -0.000000
52  -0.027572 0.000000 0.206380  0.000000 -0.000000 -0.000000
53  -1.268349 -0.011783 1.789045  0.000000 -0.000000 -0.000000
54  1.659368 -2.437087 -10.124573  -0.336052 2.827734 0.703685
time 14
0  0.000000 7.449219 -27.500000  0.000000 -0.000000 -0.000001
1  -0.000002 -0.000000 0.000002  1.570743 -1.567137 -1.570743
2  4.255471 -0.335182 -0.000002  0.000000 -0.000000 -0.124848
3  7.431252 1.496477 0.000002  0.000000 -0.000000 0.245450
4  5.278481 0.165541 0.000001  0.000000 -0.000000 0.048511
5  2.787975 -12.603331 2.371817  1.975864 1.159909 -1.298786
6  -6.214485 -0.000006 -0.000027  -1.721219 -0.758221 0.783871
7  11.944883 -0.000002 -0.000000  -0.185659 -0.347335 1.459731
8  10.620186 -0.000001 -0.000004  1.012233 0.346514 2.881229
9  -4.751109 -0.694495 0.830577  0.015781 -0.165461 0.438149
10  -1.688068 0.000050 -0.000030  0.014612 -0.020008 0.807967
11  -1.336140 0.000057 -0.000012  0.021168 -0.015777 1.194252
12  -4.820496 -0.509457 -0.224761  -0.297358 -0.050548 1.328590
13  -1.826989 -0.000073 0.000007  0.004249 0.040304 1.378879
14  -1.436577 0.000005 0.000001  -0.054590 -0.055484 0.685661
15  -3.992357 -0.891189 -1.827911  -0.523732 0.138145 1.095785
16  -1.405915 -0.000022 -0.000001  -0.016290 -0.024628 1.460204
17  -1.175359 0.000125 -0.000021  0.049791 0.046300 0.725667
18  -4.526751 -0.690572 -1.120745  -0.361292 0.112520 1.351639
19  -1.744042 0.000032 -0.000008  -0.026556 -0.013108 1.523354
20  -1.368763 0.000026 0.000004  0.020850 0.048215 0.303416
21  -1.874798 -0.935126 0.999171  2.033502 0.447899 0.715008
22  -1.523453 0.000034 0.000029  0.083736 0.152575 0.605550
23  -1.599277 -0.000002 0.000013  0.034086 -0.026152 0.634453
24  5.582032 0.115722 0.294922  -0.433104 -3.086253 -0.044154
25  0.196846 -0.000001 0.000003  -0.348186 3.141587 0.000016
26  1.752788 -12.341606 -4.067183  -1.165731 1.981683 -1.298790
27  6.214491 0.000006 0.000019  0.038220 0.312314 -1.780533
28  11.944893 -0.000035 -0.000189  -1.180531 -0.300161 -1.015441
29  10.620169 0.000004 0.000012  -1.097420 -0.254713 -0.142586
30  4.751162 0.694377 -0.830474  -0.426557 -0.143078 1.401114
31  1.688066 -0.000030 0.000001  0.006692 -0.023861 1.165686
32  1.336147 -0.000049 -0.000008  0.008629 -0.037793 0.146610
33  4.820514 0.509340 0.224866  -0.375569 0.044131 1.685919
34  1.827002 0.000069 0.000008  -0.007275 0.039866 1.093335
35  1.436579 -0.000013 0.000007  0.002394 -0.014990 0.683300
36  3.992351 0.891086 1.827996  -0.601775 0.115668 1.376224
37  1.405922 0.000024 -0.000009  -0.024959 -0.015789 1.882461
38  1.175359 -0.000131 0.000002  0.101587 0.069997 0.924479
39  4.526756 0.690457 1.120844  -0.468715 0.157533 1.739208
40  1.744044 -0.000030 0.000000  -0.028222 -0.008980 1.673955
41  1.368764 -0.000031 -0.000019  0.125684 0.097159 0.730596
42  1.937356 1.013210 -0.909283  1.595026 0.620703 0.695416
43  1.523455 -0.000031 0.000003  -0.019419 -0.082544 -0.225500
44  1.599282 0.000004 0.000011  0.034299 0.076176 -0.320865
45  5.511809 0.000000 0.000005  0.460438 0.000005 0.000007
46  0.196846 0.000001 -0.000001  -0.348225 0.000015 -0.000002
47  0.000000 0.000000 0.000000  0.022435 0.010570 -1.571306
48  -4.676088 -20.078064 -1.986984  -0.685724 0.497862 1.781670
49  4.151415 0.245241 -3.368002  0.542649 1.118574 1.823862
50  -1.881952 -0.011782 0.033571  -0.000000 -0.000000 -0.000000
51  0.011261 -0.011782 0.169349  -0.000000 -0.000000 -0.000000
52  -0.027573 -0.000001 0.206379  -0.000000 -0.000000 -0.000000
53  -1.268347 -0.011783 1.789045  -0.000000 -0.000000 -0.000000
54  1.659371 -2.437090 -10.124574  -0.336052 2.827734 0.703685
time 15
0  0.000000 7.449219 -27.500000  0.000000 -0.000000 -0.000001
1  -0.000002 -0.000000 0.000002  1.570743 -1.567137 -1.570743
2  4.255471 -0.335182 -0.000002  0.000000 -0.000000 -0.124848
3  7.431252 1.496477 0.000002  0.000000 -0.000000 0.245450
4  5.278481 0.165541 0.000001  0.000000 -0.000000 0.048511
5  2.787975 -12.603331 2.371817  1.975864 1.159909 -1.298786
6  -6.214485 -0.000006 -0.000027  -1.715628 -0.791632 0.775916
7  11.944883 -0.000004 -0.000001  -0.202235 -0.348689 1.508311
8  10.620183 0.000002 -0.000004  1.011177 0.352166 2.818368
9  -4.751107 -0.694495 0.830578  0.015781 -0.165461 0.438149
10  -1.688069 0.000047 -0.000031  0.014612 -0.020008 0.807967
11  -1.336139 0.000056 -0.000011  0.021168 -0.015777 1.194252
12  -4.820496 -0.509457 -0.224760  -0.297358 -0.050548 1.328590
13  -1.826989 -0.000072 0.000007  0.004249 0.040304 1.378879
14  -1.436579 0.000004 -0.000000  -0.054590 -0.055484 0.685661
15  -3.992357 -0.891189 -1.827909  -0.523732 0.138145 1.095785
16  -1.405916 -0.000021 -0.000001  -0.016290 -0.024628 1.460204
17  -1.175358 0.000126 -0.000021  0.049791 0.046300 0.725667
18  -4.526751 -0.690571 -1.120744  -0.361292 0.112520 1.351639
19  -1.744041 0.000032 -0.000007  -0.026556 -0.013108 1.523354
20  -1.368764 0.000026 0.000005  0.020850 0.048215 0.303416
21  -1.874797 -0.935125 0.999172  2.033502 0.447899 0.715008
22  -1.523451 0.000037 0.000029  0.083736 0.152575 0.605550
23  -1.599275 0.000000 0.000014  0.034086 -0.026152 0.634453
24  5.582032 0.115723 0.294922  -0.433104 -3.086253 -0.044154
25  0.196846 -0.000002 0.000002  -0.348186 3.141587 0.000016
26  0.408997 -13.064284 -3.141373  -1.165731 1.981683 -1.298790
27  6.214490 0.000006 0.000017  0.179447 0.270807 -1.576635
28  11.944894 -0.000035 -0.000191  -1.097794 -0.335634 -1.278714
29  10.620171 0.000005 0.000012  -1.245287 -0.357179 -0.059783
30  4.751165 0.694376 -0.830474  -0.426557 -0.143078 1.401114
31  1.688065 -0.000027 0.000001  0.006692 -0.023861 1.165686
32  1.336145 -0.000052 -0.000011  0.008629 -0.037793 0.146610
33  4.820515 0.509340 0.224864  -0.375569 0.044131 1.685919
34  1.827002 0.000067 0.000008  -0.007275 0.039866 1.093335
35  1.436577 -0.000012 0.000006  0.002394 -0.014990 0.683300
36  3.992351 0.891086 1.827994  -0.601775 0.115668 1.376224
37  1.405922 0.000023 -0.000010  -0.024959 -0.015789 1.882461
38  1.175364 -0.000134 0.000004  0.101587 0.069997 0.924479
39  4.526758 0.690456 1.120844  -0.468715 0.157533 1.739208
40  1.744042 -0.000034 0.000000  -0.028222 -0.008980 1.673955
41  1.368764 -0.000030 -0.000021  0.125684 0.097159 0.730596
42  1.937357 1.013210 -0.909284  1.595026 0.620703 0.695416
43  1.523455 -0.000032 0.000003  -0.019419 -0.082544 -0.225500
44  1.599282 0.000002 0.000010  0.034299 0.076176 -0.320865
45  5.511809 0.000001 0.000002  0.460438 0.000005 0.000007
46  0.196847 0.000001 -0.000003  -0.348225 0.000015 -0.000002
47  0.000000 0.000000 0.000000  0.015268 0.007706 -1.572846
48  -4.722965 -19.956966 -2.350277  -0.695217 0.446822 1.776427
49  4.151417 0.245241 -3.368001  0.542649 1.118574 1.823862
50  -1.881950 -0.011782 0.033571  -0.000000 0.000000 -0.000000
51  0.011261 -0.011783 -1.053345  -0.000000 0.000000 -0.000000
52  -0.027573 0.000001 0.206379  -0.000000 0.000000 -0.000000
53  -1.268348 -0.011782 1.789045  -0.000000 0.000000 -0.000000
54  1.659372 -2.437090 -11.351175  -0.336052 2.827734 0.703685
time 16
0  0.000000 7.449219 -27.500000  0.000000 -0.000000 -0.000001
1  -0.000002 -0.000000 0.000002  1.570743 -1.567137 -1.570743
2  4.255471 -0.335182 -0.000002  0.000000 -0.000000 -0.124848
3  7.431252 1.496477 0.000002  0.000000 -0.000000 0.245450
4  5.278481 0.165541 0.000001  0.000000 -0.000000 0.048511
5  2.787975 -12.603331 2.371817  1.975864 1.159909 -1.298786
6  -6.214485 -0.000006 -0.000027  -1.722002 -0.795680 0.765858
7  11.944883 -0.000003 -0.000001  -0.195097 -0.348210 1.487377
8  10.620185 -0.000000 -0.000004  0.964200 0.430113 2.834715
9  -4.751107 -0.694495 0.830577  0.015781 -0.165461 0.438149
10  -1.688067 0.000048 -0.000030  0.014612 -0.020008 0.807967
11  -1.336140 0.000052 -0.000010  0.021168 -0.015777 1.194252
12  -4.820495 -0.509457 -0.224760  -0.297358 -0.050548 1.328590
13  -1.826988 -0.000077 0.000008  0.004249 0.040304 1.378879
14  -1.436581 0.000004 0.000000  -0.054590 -0.055484 0.685661
15  -3.992354 -0.891190 -1.827910  -0.523732 0.138145 1.095785
16  -1.405915 -0.000022 -0.000002  -0.016290 -0.024628 1.460204
17  -1.175358 0.000126 -0.000020  0.049791 0.046300 0.725667
18  -4.526748 -0.690573 -1.120743  -0.361292 0.112520 1.351639
19  -1.744041 0.000030 -0.000008  -0.026556 -0.013108 1.523354
20  -1.368766 0.000026 0.000004  0.020850 0.048215 0.303416
21  -1.874794 -0.935127 0.999173  2.033502 0.447899 0.715008
22  -1.523451 0.000036 0.000030  0.083736 0.152575 0.605550
23  -1.599276 -0.000001 0.000013  0.034086 -0.026152 0.634453
24  5.582032 0.115721 0.294923  -0.433104 -3.086253 -0.044154
25  0.196846 -0.000002 0.000002  -0.348186 3.141587 0.000016
26  -0.950421 -13.865091 -2.242908  -1.165731 1.981683 -1.298790
27  6.214491 0.000005 0.000017  0.231565 0.185803 -1.405129
28  11.944891 -0.000035 -0.000191  -1.084276 -0.339187 -1.319600
29  10.620171 0.000006 0.000011  -1.282363 -0.185906 -0.101136
30  4.751163 0.694376 -0.830473  -0.426557 -0.143078 1.401114
31  1.688065 -0.000027 0.000003  0.006692 -0.023861 1.165686
32  1.336146 -0.000050 -0.000010  0.008629 -0.037793 0.146610
33  4.820515 0.509339 0.224864  -0.375569 0.044131 1.685919
34  1.827001 0.000066 0.000008  -0.007275 0.039866 1.093335
35  1.436576 -0.000013 0.000008  0.002394 -0.014990 0.683300
36  3.992351 0.891085 1.827994  -0.601775 0.115668 1.376224
37  1.405921 0.000019 -0.000010  -0.024959 -0.015789 1.882461
38  1.175363 -0.000134 0.000003  0.101587 0.069997 0.924479
39  4.526755 0.690456 1.120842  -0.468715 0.157533 1.739208
40  1.744043 -0.000031 -0.000001  -0.028222 -0.008980 1.673955
41  1.368768 -0.000030 -0.000022  0.125684 0.097159 0.730596
42  1.937357 1.013210 -0.909284  1.595026 0.620703 0.695416
43  1.523456 -0.000031 0.000001  -0.019419 -0.082544 -0.225500
44  1.599282 0.000003 0.000007  0.034299 0.076176 -0.320865
45  5.511807 -0.000000 0.000002  0.460438 0.000005 0.000007
46  0.196846 0.000001 -0.000002  -0.348225 0.000015 -0.000002
47  0.000000 0.000000 0.000000  0.001702 0.004854 -1.574819
48  -4.785467 -19.964781 -2.619816  -0.765870 0.457919 1.710845
49  4.151414 0.245241 -3.368000  0.542649 1.118574 1.823862
50  -1.881951 -0.011781 0.033572  -0.000000 0.000000 -0.000000
51  0.038605 -0.023502 -3.014341  0.002577 0.054905 0.033574
52  -0.027570 -0.000000 0.206380  0.000000 -0.000000 0.000000
53  -1.268347 -0.011782 1.789045  -0.000000 0.000000 -0.000000
54  1.202325 -2.386305 -13.390297  -0.375056 2.868144 0.725931
time 17
0  0.000000 7.449219 -27.500000  0.000000 -0.000000 -0.000001
1  -0.000002 -0.000000 0.000002  1.570743 -1.567137 -1.570743
2  4.255471 -0.335182 -0.000002  0.000000 -0.000000 -0.124848
3  7.431252 1.496477 0.000002  0.000000 -0.000000 0.245450
4  5.278481 0.165541 0.000001  0.000000 -0.000000 0.048511
5  2.787975 -12.603331 2.371817  1.975864 1.159909 -1.298786
6  -6.214485 -0.000006 -0.000027  -1.708731 -0.806129 0.784922
7  11.944883 -0.000002 -0.000001  -0.193402 -0.348066 1.482419
8  10.620187 -0.000001 -0.000003  1.049239 0.390012 2.899709
9  -4.751108 -0.694494 0.830577  0.015781 -0.165461 0.438149
10  -1.688070 0.000049 -0.000028  0.014612 -0.020008 0.807967
11  -1.336140 0.000057 -0.000012  0.021168 -0.015777 1.194252
12  -4.820496 -0.509457 -0.224761  -0.297358 -0.050548 1.328590
13  -1.826990 -0.000072 0.000007  0.004249 0.040304 1.378879
14  -1.436579 0.000004 0.000001  -0.054590 -0.055484 0.685661
15  -3.992355 -0.891189 -1.827910  -0.523732 0.138145 1.095785
16  -1.405916 -0.000022 -0.000001  -0.016290 -0.024628 1.460204
17  -1.175361 0.000126 -0.000021  0.049791 0.046300 0.725667
18  -4.526749 -0.690573 -1.120744  -0.361292 0.112520 1.351639
19  -1.744041 0.000030 -0.000008  -0.026556 -0.013108 1.523354
20  -1.368763 0.000026 0.000004  0.020850 0.048215 0.303416
21  -1.874796 -0.935125 0.999171  2.033502 0.447899 0.715008
22  -1.523452 0.000034 0.000031  0.083736 0.152575 0.605550
23  -1.599275 0.000001 0.000013  0.034086 -0.026152 0.634453
24  5.582031 0.115722 0.294923  -0.433104 -3.086253 -0.044154
25  0.196846 -0.000001 0.000003  -0.348186 3.141587 0.000016
26  -0.942607 -13.814307 -2.723392  -1.165731 1.981683 -1.298790
27  6.214491 0.000006 0.000017  0.446147 0.164868 -1.363470
28  11.944893 -0.000033 -0.000190  -1.075855 -0.341121 -1.344850
29  10.620170 0.000008 0.000015  -1.350425 -0.390061 -0.260735
30  4.751163 0.694376 -0.830473  -0.426557 -0.143078 1.401114
31  1.688065 -0.000031 0.000003  0.006692 -0.023861 1.165686
32  1.336147 -0.000049 -0.000009  0.008629 -0.037793 0.146610
33  4.820514 0.509340 0.224864  -0.375569 0.044131 1.685919
34  1.827003 0.000068 0.000010  -0.007275 0.039866 1.093335
35  1.436576 -0.000013 0.000006  0.002394 -0.014990 0.683300
36  3.992353 0.891085 1.827995  -0.601775 0.115668 1.376224
37  1.405921 0.000022 -0.000012  -0.024959 -0.015789 1.882461
38  1.175359 -0.000131 0.000002  0.101587 0.069997 0.924479
39  4.526754 0.690457 1.120843  -0.468715 0.157533 1.739208
40  1.744042 -0.000031 -0.000001  -0.028222 -0.008980 1.673955
41  1.368768 -0.000031 -0.000020  0.125684 0.097159 0.730596
42  1.937357 1.013210 -0.909283  1.595026 0.620703 0.695416
43  1.523455 -0.000030 0.000002  -0.019419 -0.082544 -0.225500
44  1.599282 0.000001 0.000010  0.034299 0.076176 -0.320865
45  5.511807 0.000002 0.000003  0.460438 0.000005 0.000007
46  0.196846 0.000001 -0.000000  -0.348225 0.000015 -0.000002
47  0.000000 0.000000 0.000000  -0.008509 0.005381 -1.575445
48  -4.922190 -19.980406 -2.717476  -0.676076 0.466745 1.722379
49  4.151417 0.245239 -3.368002  0.542649 1.118574 1.823862
50  -1.881949 -0.011784 0.033571  -0.000000 0.000000 0.000000
51  0.089388 -0.117256 -4.701894  -0.075539 -0.018655 0.084028
52  -0.027575 0.000002 0.206380  -0.000000 -0.000000 0.000000
53  -1.268345 -0.011783 1.789045  -0.000000 0.000000 0.000000
54  2.190637 -3.148048 -14.753621  -0.263590 2.863121 0.808127
time 18
0  0.000000 7.449219 -27.500000  0.000000 -0.000000 -0.000001
1  -0.000002 -0.000000 0.000002  1.570743 -1.567137 -1.570743
2  4.255471 -0.335182 -0.000002  0.000000 -0.000000 -0.124848
3  7.431252 1.496477 0.000002  0.000000 -0.000000 0.245450
4  5.278481 0.165541 0.000001  0.000000 -0.000000 0.048511
5  2.787975 -12.603331 2.371817  1.975864 1.159909 -1.298786
6  -6.214485 -0.000006 -0.000027  -1.702723 -0.817768 0.790026
7  11.944884 -0.000001 -0.000001  -0.193875 -0.348102 1.483821
8  10.620186 -0.000002 -0.000004  1.094287 0.406576 2.911668
9  -4.751109 -0.694494 0.830576  0.015781 -0.165461 0.438149
10  -1.688069 0.000049 -0.000030  0.014612 -0.020008 0.807967
11  -1.336140 0.000052 -0.000011  0.021168 -0.015777 1.194252
12  -4.820497 -0.509456 -0.224761  -0.297358 -0.050548 1.328590
13  -1.826990 -0.000071 0.000007  0.004249 0.040304 1.378879
14  -1.436579 0.000004 0.000001  -0.054590 -0.055484 0.685661
15  -3.992358 -0.891189 -1.827912  -0.523732 0.138145 1.095785
16  -1.405916 -0.000020 -0.000001  -0.016290 -0.024628 1.460204
17  -1.175357 0.000125 -0.000022  0.049791 0.046300 0.725667
18  -4.526751 -0.690572 -1.120746  -0.361292 0.112520 1.351639
19  -1.744042 0.000034 -0.000007  -0.026556 -0.013108 1.523354
20  -1.368763 0.000026 0.000004  0.020850 0.048215 0.303416
21  -1.874797 -0.935125 0.999171  2.033502 0.447899 0.715008
22  -1.523451 0.000033 0.000030  0.083736 0.152575 0.605550
23  -1.599277 -0.000002 0.000014  0.034086 -0.026152 0.634453
24  5.582031 0.115722 0.294923  -0.433104 -3.086253 -0.044154
25  0.196846 -0.000001 0.000003  -0.348186 3.141587 0.000016
26  -0.891824 -13.501795 -3.707797  -1.165731 1.981683 -1.298790
27  6.214491 0.000006 0.000018  0.586818 0.158422 -1.337257
28  11.944895 -0.000034 -0.000191  -1.061302 -0.343967 -1.388167
29  10.620169 0.000006 0.000012  -1.429157 -0.500099 -0.231822
30  4.751163 0.694377 -0.830476  -0.426557 -0.143078 1.401114
31  1.688065 -0.000027 0.000002  0.006692 -0.023861 1.165686
32  1.336146 -0.000051 -0.000011  0.008629 -0.037793 0.146610
33  4.820516 0.509339 0.224864  -0.375569 0.044131 1.685919
34  1.827003 0.000068 0.000008  -0.007275 0.039866 1.093335
35  1.436576 -0.000013 0.000008  0.002394 -0.014990 0.683300
36  3.992351 0.891086 1.827993  -0.601775 0.115668 1.376224
37  1.405920 0.000020 -0.000011  -0.024959 -0.015789 1.882461
38  1.175364 -0.000132 0.000004  0.101587 0.069997 0.924479
39  4.526756 0.690456 1.120842  -0.468715 0.157533 1.739208
40  1.744042 -0.000033 0.000000  -0.028222 -0.008980 1.673955
41  1.368765 -0.000031 -0.000020  0.125684 0.097159 0.730596
42  1.937356 1.013210 -0.909285  1.595026 0.620703 0.695416
43  1.523456 -0.000033 0.000003  -0.019419 -0.082544 -0.225500
44  1.599283 0.000005 0.000010  0.034299 0.076176 -0.320865
45  5.511809 0.000001 0.000005  0.460438 0.000005 0.000007
46  0.196847 0.000002 0.000000  -0.348225 0.000015 -0.000002
47  0.000000 0.000000 0.000000  -0.014382 0.006747 -1.575782
48  -5.031568 -20.019468 -2.932326  -0.646559 0.444256 1.693973
49  4.151418 0.245240 -3.368001  0.542649 1.118574 1.823862
50  -1.881949 -0.011782 0.033571  0.000000 0.000000 0.000000
51  0.405804 -0.253978 -6.424603  -0.176341 -0.107391 0.077721
52  -0.027572 0.000000 0.206380  0.000000 -0.000000 0.000000
53  -1.268346 -0.011783 1.789045  0.000000 0.000000 0.000000
54  3.405515 -4.230112 -15.902095  -0.124210 2.865520 0.833673
time 19
0  0.000000 7.449219 -27.500000  0.000000 -0.000000 -0.000001
1  -0.000002 -0.000000 0.000002  1.570743 -1.567137 -1.570743
2  4.255471 -0.335182 -0.000002  0.000000 -0.000000 -0.124848
3  7.431252 1.496477 0.000002  0.000000 -0.000000 0.245450
4  5.278481 0.165541 0.000001  0.000000 -0.000000 0.048511
5  2.787975 -12.603331 2.371817  1.975864 1.159909 -1.298786
6  -6.214485 -0.000006 -0.000027  -1.699482 -0.830334 0.790101
7  11.944884 -0.000002 0.000000  -0.193849 -0.348102 1.483771
8  10.620187 0.000004 -0.000003  1.108988 0.433630 2.916656
9  -4.751108 -0.694495 0.830578  0.015781 -0.165461 0.438149
10  -1.688069 0.000047 -0.000031  0.014612 -0.020008 0.807967
11  -1.336139 0.000056 -0.000010  0.021168 -0.015777 1.194252
12  -4.820496 -0.509457 -0.224760  -0.297358 -0.050548 1.328590
13  -1.826988 -0.000075 0.000008  0.004249 0.040304 1.378879
14  -1.436580 0.000004 0.000000  -0.054590 -0.055484 0.685661
15  -3.992356 -0.891188 -1.827909  -0.523732 0.138145 1.095785
16  -1.405915 -0.000027 -0.000000  -0.016290 -0.024628 1.460204
17  -1.175358 0.000126 -0.000021  0.049791 0.046300 0.725667
18  -4.526749 -0.690572 -1.120744  -0.361292 0.112520 1.351639
19  -1.744041 0.000032 -0.000007  -0.026556 -0.013108 1.523354
20  -1.368761 0.000026 0.000004  0.020850 0.048215 0.303416
21  -1.874797 -0.935125 0.999173  2.033502 0.447899 0.715008
22  -1.523451 0.000035 0.000030  0.083736 0.152575 0.605550
23  -1.599278 -0.000001 0.000013  0.034086 -0.026152 0.634453
24  5.582032 0.115725 0.294923  -0.433104 -3.086253 -0.044154
25  0.196846 -0.000002 0.000003  -0.348186 3.141587 0.000016
26  -0.833228 -13.154129 -4.672670  -1.165731 1.981683 -1.298790
27  6.214492 0.000005 0.000018  0.693692 0.157357 -1.306457
28  11.944894 -0.000035 -0.000193  -1.053767 -0.345195 -1.410489
29  10.620169 0.000004 0.000012  -1.492494 -0.523776 -0.188894
30  4.751163 0.694376 -0.830476  -0.426557 -0.143078 1.401114
31  1.688065 -0.000031 0.000003  0.006692 -0.023861 1.165686
32  1.336147 -0.000050 -0.000009  0.008629 -0.037793 0.146610
33  4.820515 0.509339 0.224862  -0.375569 0.044131 1.685919
34  1.827002 0.000064 0.000008  -0.007275 0.039866 1.093335
35  1.436576 -0.000013 0.000007  0.002394 -0.014990 0.683300
36  3.992351 0.891086 1.827991  -0.601775 0.115668 1.376224
37  1.405920 0.000022 -0.000009  -0.024959 -0.015789 1.882461
38  1.175363 -0.000133 0.000003  0.101587 0.069997 0.924479
39  4.526757 0.690456 1.120841  -0.468715 0.157533 1.739208
40  1.744041 -0.000030 0.000000  -0.028222 -0.008980 1.673955
41  1.368765 -0.000029 -0.000019  0.125684 0.097159 0.730596
42  1.937357 1.013209 -0.909287  1.595026 0.620703 0.695416
43  1.523456 -0.000035 0.000004  -0.019419 -0.082544 -0.225500
44  1.599282 0.000002 0.000009  0.034299 0.076176 -0.320865
45  5.511809 -0.000002 0.000003  0.460438 0.000005 0.000007
46  0.196846 0.000001 -0.000004  -0.348225 0.000015 -0.000002
47  0.000000 0.000000 0.000000  -0.017042 0.008641 -1.575878
48  -5.117508 -20.042908 -3.194053  -0.646196 0.426683 1.663661
49  4.151414 0.245241 -3.368002  0.542649 1.118574 1.823862
50  -1.881950 -0.011782 0.033571  0.000000 0.000000 0.000000
51  0.991759 -0.406326 -8.221532  -0.254445 -0.179211 0.048805
52  -0.027573 0.000001 0.206381  0.000000 0.000000 0.000000
53  -1.268347 -0.011782 1.789045  0.000000 0.000000 0.000000
54  4.522737 -5.183267 -17.128695  -0.014560 2.867319 0.823399
time 20
0  0.000000 7.449219 -27.500000  0.000000 -0.000000 -0.000001
1  -0.000002 -0.000000 0.000002  1.570743 -1.567137 -1.570743
2  4.255471 -0.335182 -0.000002  0.000000 -0.000000 -0.124848
3  7.431252 1.496477 0.000002  0.000000 -0.000000 0.245450
4  5.278481 0.165541 0.000001  0.000000 -0.000000 0.048511
5  2.787975 -12.603331 2.371817  1.975864 1.159909 -1.298786
6  -6.214485 -0.000006 -0.000027  -1.692952 -0.841021 0.795505
7  11.944885 -0.000003 -0.000001  -0.194782 -0.348174 1.486475
8  10.620187 0.000001 -0.000004  1.122888 0.420674 2.931771
9  -4.751110 -0.694495 0.830575  0.015781 -0.165461 0.438149
10  -1.688066 0.000049 -0.000032  0.014612 -0.020008 0.807967
11  -1.336139 0.000054 -0.000012  0.021168 -0.015777 1.194252
12  -4.820498 -0.509457 -0.224762  -0.297358 -0.050548 1.328590
13  -1.826988 -0.000076 0.000007  0.004249 0.040304 1.378879
14  -1.436581 0.000006 -0.000000  -0.054590 -0.055484 0.685661
15  -3.992356 -0.891189 -1.827910  -0.523732 0.138145 1.095785
16  -1.405915 -0.000022 -0.000001  -0.016290 -0.024628 1.460204
17  -1.175361 0.000126 -0.000021  0.049791 0.046300 0.725667
18  -4.526753 -0.690572 -1.120746  -0.361292 0.112520 1.351639
19  -1.744041 0.000033 -0.000007  -0.026556 -0.013108 1.523354
20  -1.368762 0.000025 0.000004  0.020850 0.048215 0.303416
21  -1.874797 -0.935125 0.999171  2.033502 0.447899 0.715008
22  -1.523451 0.000035 0.000030  0.083736 0.152575 0.605550
23  -1.599276 -0.000000 0.000013  0.034086 -0.026152 0.634453
24  5.582033 0.115722 0.294922  -0.433104 -3.086253 -0.044154
25  0.196846 -0.000002 0.000002  -0.348186 3.141587 0.000016
26  -0.805885 -12.986157 -5.110183  -1.165731 1.981683 -1.298790
27  6.214491 0.000005 0.000017  0.804453 0.162177 -1.254687
28  11.944895 -0.000035 -0.000193  -1.044792 -0.346441 -1.436899
29  10.620169 0.000006 0.000012  -1.533370 -0.531978 -0.192865
30  4.751163 0.694376 -0.830474  -0.426557 -0.143078 1.401114
31  1.688065 -0.000030 0.000002  0.006692 -0.023861 1.165686
32  1.336146 -0.000050 -0.000009  0.008629 -0.037793 0.146610
33  4.820517 0.509339 0.224864  -0.375569 0.044131 1.685919
34  1.827003 0.000065 0.000010  -0.007275 0.039866 1.093335
35  1.436576 -0.000011 0.000006  0.002394 -0.014990 0.683300
36  3.992349 0.891084 1.827995  -0.601775 0.115668 1.376224
37  1.405923 0.000028 -0.000010  -0.024959 -0.015789 1.882461
38  1.175361 -0.000132 0.000001  0.101587 0.069997 0.924479
39  4.526756 0.690455 1.120843  -0.468715 0.157533 1.739208
40  1.744043 -0.000031 0.000000  -0.028222 -0.008980 1.673955
41  1.368765 -0.000030 -0.000020  0.125684 0.097159 0.730625
42  1.937357 1.013209 -0.909284  1.595026 0.620703 0.695416
43  1.523456 -0.000033 0.000004  -0.019419 -0.082544 -0.225500
44  1.599282 0.000004 0.000009  0.034299 0.076176 -0.320865
45  5.511809 0.000000 0.000003  0.460438 0.000005 0.000007
46  0.196847 0.000000 -0.000003  -0.348225 0.000015 -0.000002
47  0.000000 0.000000 0.000000  -0.017677 0.010738 -1.575926
48  -5.207355 -20.039001 -3.354214  -0.629596 0.426308 1.665758
49  4.151415 0.245241 -3.368001  0.542649 1.118574 1.823862
50  -1.881948 -0.011782 0.033571  -0.000000 -0.000000 -0.000000
51  1.753499 -0.574299 -9.995024  -0.311348 -0.239249 -0.002020
52  -0.027575 0.000001 0.206380  -0.000000 0.000000 0.000000
53  -1.268348 -0.011782 1.789045  -0.000000 -0.000000 -0.000000
54  5.491517 -6.046573 -18.402172  0.070425 2.863796 0.783997
time 21
0  0.000000 7.449219 -27.500000  0.000000 -0.000000 -0.000001
1  -0.000002 -0.000000 0.000002  1.570743 -1.567137 -1.570743
2  4.255471 -0.335182 -0.000002  0.000000 -0.000000 -0.124848
3  7.431252 1.496477 0.000002  0.000000 -0.000000 0.245450
4  5.278481 0.165541 0.000001  0.000000 -0.000000 0.048511
5  2.787975 -12.603331 2.371817  1.975864 1.159909 -1.298786
6  -6.214485 -0.000006 -0.000027  -1.687308 -0.846946 0.801134
7  11.944885 -0.000003 -0.000001  -0.195939 -0.348269 1.489881
8  10.620185 -0.000001 -0.000004  1.141664 0.405343 2.943880
9  -4.751107 -0.694494 0.830579  0.015781 -0.165461 0.438149
10  -1.688069 0.000049 -0.000030  0.014612 -0.020008 0.807967
11  -1.336140 0.000053 -0.000011  0.021168 -0.015777 1.194252
12  -4.820496 -0.509456 -0.224760  -0.297358 -0.050548 1.328590
13  -1.826988 -0.000073 0.000008  0.004249 0.040304 1.378879
14  -1.436582 0.000004 0.000002  -0.054590 -0.055484 0.685661
15  -3.992354 -0.891188 -1.827908  -0.523732 0.138145 1.095785
16  -1.405914 -0.000024 -0.000001  -0.016290 -0.024628 1.460204
17  -1.175360 0.000126 -0.000021  0.049791 0.046300 0.725667
18  -4.526750 -0.690572 -1.120744  -0.361292 0.112520 1.351639
19  -1.744042 0.000030 -0.000007  -0.026556 -0.013108 1.523354
20  -1.368763 0.000025 0.000004  0.020850 0.048215 0.303416
21  -1.874796 -0.935125 0.999175  2.033502 0.447899 0.715008
22  -1.523451 0.000037 0.000030  0.083736 0.152575 0.605550
23  -1.599275 -0.000002 0.000014  0.034086 -0.026152 0.634453
24  5.582032 0.115721 0.294922  -0.433104 -3.086253 -0.044154
25  0.196846 -0.000002 0.000003  -0.348186 3.141587 0.000016
26  -0.805885 -12.986157 -5.110183  -1.165731 1.981683 -1.298790
27  6.214491 0.000005 0.000017  0.900640 0.174397 -1.191589
28  11.944892 -0.000036 -0.000190  -1.044681 -0.346460 -1.437231
29  10.620169 0.000004 0.000011  -1.558607 -0.478722 -0.226045
30  4.751164 0.694376 -0.830474  -0.426557 -0.143078 1.401114
31  1.688066 -0.000030 0.000002  0.006692 -0.023861 1.165686
32  1.336147 -0.000048 -0.000010  0.008629 -0.037793 0.146610
33  4.820515 0.509340 0.224865  -0.375569 0.044131 1.685919
34  1.827002 0.000069 0.000008  -0.007275 0.039866 1.093335
35  1.436576 -0.000014 0.000010  0.002394 -0.014990 0.683300
36  3.992350 0.891086 1.827996  -0.601775 0.115668 1.376224
37  1.405921 0.000024 -0.000010  -0.024959 -0.015789 1.882461
38  1.175363 -0.000133 0.000001  0.101587 0.069997 0.924479
39  4.526758 0.690457 1.120842  -0.468715 0.157533 1.739208
40  1.744042 -0.000031 0.000001  -0.028222 -0.008980 1.673955
41  1.368768 -0.000031 -0.000018  0.125684 0.097159 0.730596
42  1.937357 1.013209 -0.909284  1.595026 0.620703 0.695416
43  1.523458 -0.000035 0.000004  -0.019419 -0.082544 -0.225500
44  1.599282 0.000002 0.000008  0.034299 0.076176 -0.320865
45  5.511808 -0.000001 0.000002  0.460438 0.000005 0.000007
46  0.196846 0.000002 -0.000001  -0.348225 0.000015 -0.000002
47  0.000000 0.000000 0.000000  -0.014861 0.012764 -1.575589
48  -5.285482 -20.031187 -3.420622  -0.608224 0.426288 1.669761
49  4.151414 0.245241 -3.368001  0.542649 1.118574 1.823917
50  -1.881952 -0.011782 0.033572  0.000000 -0.000000 -0.000000
51  2.589463 -0.746178 -11.655232  -0.348332 -0.290131 -0.072774
52  -0.027572 -0.000002 0.206380  -0.000000 0.000000 -0.000000
53  -1.268348 -0.011781 1.789045  0.000000 -0.000000 -0.000000
54  6.272789 -6.827847 -19.660023  0.134092 2.853374 0.721407
time 22
0  0.000000 7.449219 -27.500000  0.000000 -0.000000 -0.000001
1  -0.000002 -0.000000 0.000002  1.570743 -1.567137 -1.570743
2  4.255471 -0.335182 -0.000002  0.000000 -0.000000 -0.124848
3  7.431252 1.496477 0.000002  0.000000 -0.000000 0.245450
4  5.278481 0.165541 0.000001  0.000000 -0.000000 0.048511
5  2.787975 -12.603331 2.371817  1.975864 1.159909 -1.298786
6  -6.214485 -0.000006 -0.000027  -1.684697 -0.849486 0.803536
7  11.944884 -0.000002 -0.000002  -0.196819 -0.348329 1.492435
8  10.620185 -0.000002 -0.000004  1.151598 0.397738 2.948538
9  -4.751107 -0.694495 0.830577  0.015781 -0.165461 0.438149
10  -1.688068 0.000049 -0.000029  0.014612 -0.020008 0.807967
11  -1.336140 0.000051 -0.000012  0.021168 -0.015777 1.194252
12  -4.820497 -0.509456 -0.224760  -0.297358 -0.050548 1.328590
13  -1.826988 -0.000075 0.000008  0.004249 0.040304 1.378879
14  -1.436581 0.000003 0.000001  -0.054590 -0.055484 0.685661
15  -3.992356 -0.891188 -1.827909  -0.523732 0.138145 1.095785
16  -1.405915 -0.000024 -0.000001  -0.016290 -0.024628 1.460204
17  -1.175357 0.000127 -0.000021  0.049791 0.046300 0.725667
18  -4.526750 -0.690571 -1.120744  -0.361292 0.112520 1.351639
19  -1.744042 0.000034 -0.000007  -0.026556 -0.013108 1.523354
20  -1.368763 0.000026 0.000005  0.020850 0.048215 0.303416
21  -1.874799 -0.935124 0.999171  2.033502 0.447899 0.715008
22  -1.523451 0.000037 0.000030  0.083736 0.152575 0.605550
23  -1.599279 -0.000002 0.000014  0.034086 -0.026152 0.634453
24  5.582031 0.115721 0.294923  -0.433104 -3.086253 -0.044154
25  0.196845 -0.000000 0.000002  -0.348186 3.141587 0.000016
26  -0.805885 -12.986157 -5.110183  -1.165731 1.981683 -1.298790
27  6.214491 0.000005 0.000017  0.962752 0.190119 -1.133360
28  11.944893 -0.000034 -0.000192  -1.053361 -0.345251 -1.411649
29  10.620172 0.000004 0.000010  -1.571079 -0.374214 -0.248986
30  4.751162 0.694377 -0.830471  -0.426557 -0.143078 1.401114
31  1.688066 -0.000029 0.000004  0.006692 -0.023861 1.165686
32  1.336149 -0.000051 -0.000010  0.008629 -0.037793 0.146610
33  4.820516 0.509338 0.224863  -0.375569 0.044131 1.685919
34  1.827003 0.000067 0.000009  -0.007275 0.039866 1.093335
35  1.436576 -0.000012 0.000007  0.002394 -0.014990 0.683300
36  3.992348 0.891086 1.827994  -0.601775 0.115668 1.376224
37  1.405921 0.000023 -0.000008  -0.024959 -0.015789 1.882461
38  1.175361 -0.000132 0.000002  0.101587 0.069997 0.924479
39  4.526755 0.690457 1.120844  -0.468715 0.157533 1.739208
40  1.744044 -0.000031 -0.000001  -0.028222 -0.008980 1.673955
41  1.368764 -0.000026 -0.000022  0.125684 0.097159 0.730596
42  1.937356 1.013210 -0.909283  1.595026 0.620703 0.695416
43  1.523457 -0.000033 0.000004  -0.019419 -0.082544 -0.225500
44  1.599282 0.000000 0.000010  0.034299 0.076176 -0.320865
45  5.511808 -0.000001 0.000001  0.460438 0.000005 0.000007
46  0.196846 0.000001 -0.000001  -0.348225 0.000015 -0.000002
47  0.000000 0.000000 0.000000  -0.007826 0.014609 -1.574723
48  -5.316733 -20.023375 -3.440154  -0.597071 0.425932 1.671954
49  4.151417 0.245240 -3.368001  0.542649 1.118574 1.823862
50  -1.881951 -0.011782 0.033571  -0.000000 0.000000 0.000000
51  3.409800 -0.918060 -13.108401  -0.366884 -0.332562 -0.159852
52  -0.027572 -0.000001 0.206380  -0.000000 0.000000 0.000000
53  -1.268348 -0.011782 1.789044  -0.000000 0.000000 0.000000
54  6.819684 -7.503650 -20.828024  0.178832 2.836356 0.641660
time 23
0  0.000000 7.449219 -27.500000  0.000000 -0.000000 -0.000001
1  -0.000002 -0.000000 0.000002  1.570743 -1.567137 -1.570743
2  4.255471 -0.335182 -0.000002  0.000000 -0.000000 -0.124848
3  7.431252 1.496477 0.000002  0.000000 -0.000000 0.245450
4  5.278481 0.165541 0.000001  0.000000 -0.000000 0.048511
5  2.787975 -12.603331 2.371817  1.975864 1.159909 -1.298786
6  -6.214485 -0.000006 -0.000027  -1.684539 -0.850967 0.802710
7  11.944885 -0.000003 -0.000002  -0.197818 -0.348413 1.495390
8  10.620184 0.000000 -0.000004  1.150325 0.398459 2.944151
9  -4.751108 -0.694494 0.830577  0.015781 -0.165461 0.438149
10  -1.688068 0.000048 -0.000031  0.014612 -0.020008 0.807967
11  -1.336139 0.000054 -0.000010  0.021168 -0.015777 1.194252
12  -4.820498 -0.509456 -0.224760  -0.297358 -0.050548 1.328590
13  -1.826988 -0.000076 0.000008  0.004249 0.040304 1.378879
14  -1.436581 0.000004 0.000000  -0.054590 -0.055484 0.685661
15  -3.992356 -0.891189 -1.827909  -0.523732 0.138145 1.095785
16  -1.405915 -0.000025 -0.000001  -0.016290 -0.024628 1.460204
17  -1.175359 0.000125 -0.000020  0.049791 0.046300 0.725667
18  -4.526752 -0.690571 -1.120744  -0.361292 0.112520 1.351639
19  -1.744041 0.000031 -0.000008  -0.026556 -0.013108 1.523354
20  -1.368766 0.000026 0.000004  0.020850 0.048215 0.303416
21  -1.874798 -0.935125 0.999172  2.033502 0.447899 0.715008
22  -1.523451 0.000036 0.000029  0.083736 0.152575 0.605550
23  -1.599277 -0.000001 0.000014  0.034086 -0.026152 0.634453
24  5.582032 0.115722 0.294923  -0.433104 -3.086253 -0.044153
25  0.196847 -0.000002 0.000001  -0.348186 3.141587 0.000016
26  -0.805885 -12.986157 -5.110183  -1.165731 1.981683 -1.298790
27  6.214491 0.000005 0.000017  0.987041 0.202115 -1.074662
28  11.944892 -0.000034 -0.000189  -1.063592 -0.343558 -1.381371
29  10.620169 0.000003 0.000013  -1.572833 -0.233967 -0.245507
30  4.751163 0.694377 -0.830474  -0.426557 -0.143078 1.401114
31  1.688063 -0.000027 0.000004  0.006692 -0.023861 1.165686
32  1.336146 -0.000050 -0.000011  0.008629 -0.037793 0.146610
33  4.820515 0.509340 0.224864  -0.375569 0.044131 1.685919
34  1.827001 0.000069 0.000007  -0.007275 0.039866 1.093335
35  1.436578 -0.000013 0.000008  0.002394 -0.014990 0.683300
36  3.992351 0.891087 1.827995  -0.601775 0.115668 1.376224
37  1.405922 0.000024 -0.000009  -0.024959 -0.015789 1.882461
38  1.175360 -0.000130 0.000002  0.101587 0.069997 0.924479
39  4.526756 0.690457 1.120841  -0.468715 0.157533 1.739208
40  1.744042 -0.000032 0.000000  -0.028222 -0.008980 1.673955
41  1.368769 -0.000031 -0.000021  0.125684 0.097159 0.730596
42  1.937357 1.013211 -0.909286  1.595026 0.620703 0.695416
43  1.523455 -0.000035 0.000003  -0.019419 -0.082544 -0.225500
44  1.599279 0.000002 0.000011  0.034299 0.076176 -0.320865
45  5.511809 -0.000003 0.000004  0.462444 0.000005 0.000007
46  0.196846 0.000002 -0.000000  -0.348225 0.000015 -0.000002
47  0.000000 0.000000 0.000000  0.001318 0.016179 -1.573472
48  -5.316733 -20.011656 -3.451873  -0.598627 0.423385 1.671858
49  4.151415 0.245242 -3.368002  0.542649 1.118574 1.823862
50  -1.881951 -0.011782 0.033571  0.000000 -0.000000 0.000000
51  4.116855 -1.086032 -14.260780  -0.369281 -0.366085 -0.257565
52  -0.027573 -0.000001 0.206380  -0.000000 0.000000 0.000000
53  -1.268348 -0.011782 1.789044  0.000000 -0.000000 0.000000
54  7.104849 -8.054447 -21.816336  0.205885 2.814764 0.551545
time 24
0  0.000000 7.449219 -27.500000  0.000000 -0.000000 -0.000001
1  -0.000002 -0.000000 0.000002  1.570743 -1.567137 -1.570743
2  4.255471 -0.335182 -0.000002  0.000000 -0.000000 -0.124848
3  7.431252 1.496477 0.000002  0.000000 -0.000000 0.245450
4  5.278481 0.165541 0.000001  0.000000 -0.000000 0.048511
5  2.787975 -12.603331 2.371817  1.975864 1.159909 -1.298786
6  -6.214485 -0.000006 -0.000027  -1.684853 -0.852660 0.800684
7  11.944887 -0.000003 -0.000001  -0.199737 -0.348533 1.500999
8  10.620185 0.000001 -0.000003  1.145340 0.401405 2.931951
9  -4.751106 -0.694494 0.830578  0.015781 -0.165461 0.438149
10  -1.688067 0.000049 -0.000030  0.014612 -0.020008 0.807967
11  -1.336139 0.000052 -0.000010  0.021168 -0.015777 1.194252
12  -4.820494 -0.509456 -0.224760  -0.297358 -0.050548 1.328590
13  -1.826989 -0.000074 0.000008  0.004249 0.040304 1.378879
14  -1.436580 0.000004 0.000000  -0.054590 -0.055484 0.685661
15  -3.992354 -0.891188 -1.827909  -0.523732 0.138145 1.095785
16  -1.405914 -0.000023 -0.000001  -0.016290 -0.024628 1.460204
17  -1.175358 0.000125 -0.000022  0.049791 0.046300 0.725667
18  -4.526747 -0.690570 -1.120743  -0.361292 0.112520 1.351639
19  -1.744041 0.000034 -0.000008  -0.026556 -0.013108 1.523354
20  -1.368765 0.000025 0.000004  0.020850 0.048215 0.303416
21  -1.874796 -0.935124 0.999173  2.033502 0.447899 0.715008
22  -1.523452 0.000035 0.000030  0.083736 0.152575 0.605550
23  -1.599276 -0.000001 0.000013  0.034086 -0.026152 0.634453
24  5.582030 0.115722 0.294923  -0.433104 -3.086253 -0.044154
25  0.196846 -0.000002 0.000003  -0.348186 3.141587 0.000016
26  -0.805885 -12.986157 -5.110183  -1.165731 1.981683 -1.298790
27  6.214491 0.000005 0.000017  0.969206 0.218622 -1.021113
28  11.944893 -0.000035 -0.000190  -1.072383 -0.341847 -1.355127
29  10.620168 0.000002 0.000012  -1.560312 -0.077353 -0.207995
30  4.751165 0.694376 -0.830474  -0.426557 -0.143078 1.401143
31  1.688066 -0.000030 0.000002  0.006692 -0.023861 1.165686
32  1.336148 -0.000049 -0.000013  0.008629 -0.037793 0.146610
33  4.820516 0.509340 0.224866  -0.375569 0.044131 1.685919
34  1.827003 0.000069 0.000012  -0.007275 0.039866 1.093335
35  1.436576 -0.000012 0.000004  0.002394 -0.014990 0.683300
36  3.992351 0.891086 1.827994  -0.601775 0.115668 1.376224
37  1.405923 0.000020 -0.000010  -0.024959 -0.015789 1.882461
38  1.175361 -0.000133 0.000003  0.101587 0.069997 0.924479
39  4.526758 0.690456 1.120842  -0.468715 0.157533 1.739208
40  1.744042 -0.000032 0.000000  -0.028222 -0.008980 1.673955
41  1.368762 -0.000028 -0.000020  0.125684 0.097159 0.730596
42  1.937356 1.013212 -0.909285  1.595026 0.620703 0.695416
43  1.523454 -0.000034 0.000005  -0.019419 -0.082544 -0.225500
44  1.599281 0.000005 0.000008  0.034299 0.076176 -0.320865
45  5.511808 -0.000003 0.000003  0.468071 0.000005 0.000007
46  0.196848 0.000003 -0.000001  -0.348225 0.000015 -0.000002
47  0.000000 0.000000 0.000000  0.010475 0.017402 -1.572028
48  -5.316733 -19.999937 -3.459686  -0.604541 0.417047 1.671191
49  4.151415 0.245240 -3.368002  0.542649 1.118574 1.823862
50  -1.881949 -0.011782 0.033570  -0.000000 0.000000 -0.000000
51  4.609056 -1.238381 -15.022523  -0.358962 -0.389996 -0.357916
52  -0.027570 -0.000002 0.206380  0.000000 0.000000 0.000000
53  -1.268345 -0.011782 1.789044  -0.000000 0.000000 -0.000000
54  7.104854 -8.460709 -22.519484  0.217262 2.791373 0.458791
time 25
0  0.000000 7.449219 -27.500000  0.000000 -0.000000 -0.000001
1  -0.000002 -0.000000 0.000002  1.570743 -1.567137 -1.570743
2  4.255471 -0.335182 -0.000002  0.000000 -0.000000 -0.124848
3  7.431252 1.496477 0.000002  0.000000 -0.000000 0.245450
4  5.278481 0.165541 0.000001  0.000000 -0.000000 0.048511
5  2.787975 -12.603331 2.371817  1.975864 1.159909 -1.298786
6  -6.214485 -0.000006 -0.000027  -1.685637 -0.854644 0.797531
7  11.944885 -0.000002 -0.000001  -0.202629 -0.348713 1.509463
8  10.620184 -0.000000 -0.000003  1.137916 0.406996 2.912179
9  -4.751107 -0.694495 0.830577  0.015781 -0.165461 0.438149
10  -1.688068 0.000048 -0.000030  0.014612 -0.020008 0.807967
11  -1.336139 0.000055 -0.000011  0.021168 -0.015777 1.194252
12  -4.820495 -0.509457 -0.224760  -0.297358 -0.050548 1.328590
13  -1.826989 -0.000070 0.000008  0.004249 0.040304 1.378879
14  -1.436582 0.000003 0.000001  -0.054590 -0.055484 0.685661
15  -3.992356 -0.891190 -1.827909  -0.523732 0.138145 1.095785
16  -1.405914 -0.000023 -0.000000  -0.016290 -0.024628 1.460204
17  -1.175360 0.000127 -0.000022  0.049791 0.046300 0.725667
18  -4.526749 -0.690572 -1.120744  -0.361292 0.112520 1.351639
19  -1.744042 0.000031 -0.000008  -0.026556 -0.013108 1.523354
20  -1.368765 0.000025 0.000004  0.020850 0.048215 0.303416
21  -1.874798 -0.935126 0.999171  2.033502 0.447899 0.715008
22  -1.523451 0.000038 0.000029  0.083736 0.152575 0.605550
23  -1.599275 -0.000002 0.000014  0.034086 -0.026152 0.634453
24  5.582031 0.115722 0.294923  -0.433104 -3.086253 -0.044154
25  0.196846 -0.000001 0.000003  -0.348186 3.141587 0.000016
26  -0.805885 -12.986157 -5.110183  -1.165731 1.981683 -1.298790
27  6.214491 0.000005 0.000017  0.893075 0.247601 -0.968032
28  11.944893 -0.000034 -0.000192  -1.074746 -0.341363 -1.348165
29  10.620166 0.000001 0.000012  -1.517682 0.084271 -0.112032
30  4.751164 0.694382 -0.830473  -0.426557 -0.143078 1.401114
31  1.688065 -0.000030 0.000003  0.006692 -0.023861 1.165686
32  1.336149 -0.000051 -0.000007  0.008629 -0.037793 0.146610
33  4.820516 0.509344 0.224863  -0.375569 0.044131 1.685919
34  1.827002 0.000068 0.000009  -0.007275 0.039866 1.093335
35  1.436576 -0.000013 0.000007  0.002394 -0.014990 0.683300
36  3.992350 0.891090 1.827992  -0.601775 0.115668 1.376224
37  1.405921 0.000021 -0.000010  -0.024959 -0.015789 1.882461
38  1.175364 -0.000134 0.000003  0.101587 0.069997 0.924479
39  4.526758 0.690459 1.120843  -0.468729 0.157533 1.739248
40  1.744044 -0.000031 0.000002  -0.028222 -0.008980 1.673955
41  1.368766 -0.000030 -0.000018  0.125684 0.097159 0.730596
42  1.937357 1.013214 -0.909284  1.595026 0.620703 0.695416
43  1.523456 -0.000032 0.000006  -0.019419 -0.082544 -0.225500
44  1.599282 0.000002 0.000011  0.034299 0.076176 -0.320865
45  5.511810 -0.000003 0.000002  0.476799 0.000005 0.000007
46  0.196846 0.000001 -0.000001  -0.348225 0.000015 -0.000002
47  0.000000 0.000000 0.000000  0.017509 0.018193 -1.570439
48  -5.312827 -19.980406 -3.463592  -0.613827 0.406563 1.669475
49  4.151414 0.245241 -3.368001  0.542649 1.118574 1.823862
50  -1.881953 -0.011782 0.033571  -0.000000 0.000000 -0.000000
51  4.796560 -1.375105 -15.295968  -0.340482 -0.404296 -0.451115
52  -0.027573 0.000000 0.206380  0.000000 -0.000000 0.000000
53  -1.268349 -0.011782 1.789045  -0.000000 0.000000 -0.000000
54  6.815773 -8.714622 -22.824179  0.216019 2.769181 0.372258
time 26
0  0.000000 7.449219 -27.500000  0.000000 -0.000000 -0.000001
1  -0.000002 -0.000000 0.000002  1.570743 -1.567137 -1.570743
2  4.255471 -0.335182 -0.000002  0.000000 -0.000000 -0.124848
3  7.431252 1.496477 0.000002  0.000000 -0.000000 0.245450
4  5.278481 0.165541 0.000001  0.000000 -0.000000 0.048511
5  2.787975 -12.603331 2.371817  1.975864 1.159909 -1.298786
6  -6.214485 -0.000006 -0.000027  -1.686839 -0.856946 0.793253
7  11.944884 -0.000002 -0.000002  -0.206533 -0.348917 1.520882
8  10.620184 0.000000 -0.000004  1.129365 0.415654 2.885016
9  -4.751107 -0.694494 0.830579  0.015781 -0.165461 0.438149
10  -1.688071 0.000050 -0.000031  0.014612 -0.020008 0.807967
11  -1.336141 0.000055 -0.000011  0.021168 -0.015777 1.194252
12  -4.820495 -0.509456 -0.224759  -0.297358 -0.050548 1.328590
13  -1.826989 -0.000076 0.000007  0.004249 0.040304 1.378879
14  -1.436580 0.000004 -0.000000  -0.054590 -0.055484 0.685661
15  -3.992355 -0.891189 -1.827909  -0.523732 0.138145 1.095785
16  -1.405915 -0.000024 -0.000001  -0.016290 -0.024628 1.460204
17  -1.175358 0.000125 -0.000021  0.049791 0.046300 0.725667
18  -4.526751 -0.690572 -1.120744  -0.361292 0.112520 1.351639
19  -1.744041 0.000032 -0.000007  -0.026556 -0.013108 1.523354
20  -1.368762 0.000026 0.000004  0.020850 0.048215 0.303416
21  -1.874796 -0.935125 0.999173  2.033502 0.447899 0.715008
22  -1.523452 0.000038 0.000030  0.083736 0.152575 0.605550
23  -1.599278 -0.000002 0.000013  0.034086 -0.026152 0.634453
24  5.582032 0.115722 0.294923  -0.433104 -3.086253 -0.044154
25  0.196846 -0.000002 0.000002  -0.348186 3.141587 0.000016
26  -0.805885 -12.986157 -5.110183  -1.165731 1.981683 -1.298790
27  6.214491 0.000005 0.000017  0.745880 0.319516 -0.911675
28  11.944895 -0.000036 -0.000192  -1.058458 -0.344451 -1.396566
29  10.620170 0.000006 0.000010  -1.382629 0.175975 0.037197
30  4.751163 0.694376 -0.830473  -0.417197 -0.162002 1.352244
31  1.688066 -0.000029 0.000003  0.005830 -0.024077 1.201676
32  1.336146 -0.000052 -0.000006  0.006928 -0.038141 0.191570
33  4.820515 0.509338 0.224865  -0.376632 0.031248 1.654915
34  1.827003 0.000070 0.000009  -0.005226 0.040190 1.144533
35  1.436577 -0.000013 0.000008  0.003713 -0.014727 0.594853
36  3.992350 0.891085 1.827995  -0.601055 0.119263 1.381108
37  1.405919 0.000020 -0.000010  -0.024911 -0.015849 1.880086
38  1.175363 -0.000135 0.000003  0.089986 0.084415 0.774295
39  4.526758 0.690454 1.120844  -0.470669 0.151193 1.726558
40  1.744041 -0.000032 0.000004  -0.028282 -0.008800 1.680569
41  1.368763 -0.000031 -0.000018  0.108774 0.115795 0.571806
42  1.937356 1.013208 -0.909284  1.631878 0.601108 0.749208
43  1.523457 -0.000030 0.000002  -0.016063 -0.078841 -0.139076
44  1.599281 0.000001 0.000010  0.044474 0.070735 -0.182422
45  5.511809 -0.000001 0.000001  0.488028 0.000005 0.000007
46  0.196847 0.000001 -0.000001  -0.348225 0.000015 -0.000002
47  0.000000 0.000000 0.000000  0.020326 0.018468 -1.568947
48  -5.308920 -19.956966 -3.467498  -0.625498 0.391596 1.666044
49  4.151413 0.245242 -3.368001  0.542649 1.118574 1.823862
50  -1.881951 -0.011781 0.033571  0.000000 0.000000 0.000000
51  4.726244 -1.488388 -14.917048  -0.305571 -0.401976 -0.533823
52  -0.027572 -0.000003 0.206381  0.000000 0.000000 0.000000
53  -1.268350 -0.011781 1.789044  0.000000 0.000000 0.000000
54  6.487638 -8.628679 -22.484324  0.183803 2.794446 0.341716
time 27
0  0.000000 7.449219 -27.500000  0.000000 -0.000000 -0.000001
1  -0.000002 -0.000000 0.000002  1.570743 -1.567137 -1.570743
2  4.255471 -0.335182 -0.000002  0.000000 -0.000000 -0.124848
3  7.431252 1.496477 0.000002  0.000000 -0.000000 0.245450
4  5.278481 0.165541 0.000001  0.000000 -0.000000 0.048511
5  2.787975 -12.603331 2.371817  1.975864 1.159909 -1.298786
6  -6.214485 -0.000006 -0.000027  -1.688510 -0.859538 0.787699
7  11.944886 -0.000003 -0.000001  -0.211463 -0.349120 1.535305
8  10.620184 0.000001 -0.000004  1.120741 0.427889 2.850700
9  -4.751107 -0.694494 0.830578  0.015781 -0.165461 0.438149
10  -1.688066 0.000049 -0.000030  0.014612 -0.020008 0.807967
11  -1.336139 0.000057 -0.000010  0.021168 -0.015777 1.194252
12  -4.820496 -0.509456 -0.224760  -0.297358 -0.050548 1.328590
13  -1.826989 -0.000074 0.000006  0.004249 0.040304 1.378879
14  -1.436579 0.000005 0.000000  -0.054590 -0.055484 0.685661
15  -3.992355 -0.891189 -1.827910  -0.523732 0.138145 1.095785
16  -1.405914 -0.000022 -0.000001  -0.016290 -0.024628 1.460204
17  -1.175359 0.000126 -0.000021  0.049791 0.046300 0.725667
18  -4.526751 -0.690572 -1.120744  -0.361292 0.112520 1.351639
19  -1.744041 0.000032 -0.000007  -0.026556 -0.013108 1.523354
20  -1.368765 0.000026 0.000004  0.020850 0.048215 0.303416
21  -1.874796 -0.935125 0.999172  2.033502 0.447899 0.715008
22  -1.523451 0.000039 0.000030  0.083736 0.152575 0.605550
23  -1.599277 -0.000002 0.000014  0.034086 -0.026152 0.634453
24  5.582033 0.115722 0.294923  -0.433104 -3.086253 -0.044154
25  0.196847 -0.000001 0.000003  -0.348186 3.141587 0.000016
26  -0.805885 -12.986157 -5.110183  -1.165731 1.981683 -1.298790
27  6.214491 0.000005 0.000017  0.576963 0.435237 -0.871888
28  11.944891 -0.000036 -0.000190  -1.020968 -0.348673 -1.506792
29  10.620170 0.000004 0.000010  -1.190135 0.154413 0.168113
30  4.751165 0.694376 -0.830473  -0.390833 -0.205398 1.233363
31  1.688066 -0.000029 0.000002  0.003744 -0.024496 1.287487
32  1.336149 -0.000049 -0.000008  0.002781 -0.038668 0.299370
33  4.820517 0.509339 0.224865  -0.377512 0.000423 1.580963
34  1.827002 0.000068 0.000008  -0.000276 0.040525 1.267132
35  1.436577 -0.000014 0.000007  0.006781 -0.013588 0.379341
36  3.992352 0.891087 1.827995  -0.599258 0.127835 1.392782
37  1.405919 0.000024 -0.000009  -0.024827 -0.015993 1.874421
38  1.175361 -0.000132 0.000003  0.051456 0.112099 0.386426
39  4.526757 0.690456 1.120844  -0.474970 0.135985 1.696542
40  1.744041 -0.000030 0.000000  -0.028414 -0.008345 1.696395
41  1.368762 -0.000031 -0.000020  0.053441 0.149520 0.159303
42  1.937359 1.013207 -0.909285  1.712880 0.547860 0.871679
43  1.523455 -0.000035 0.000001  -0.006631 -0.071123 0.071781
44  1.599283 0.000001 0.000008  0.066059 0.051164 0.168478
45  5.511809 0.000000 0.000004  0.501238 0.000005 0.000007
46  0.196846 0.000001 -0.000001  -0.348225 0.000015 -0.000002
47  0.000000 0.000000 0.000000  0.019643 0.018253 -1.567599
48  -5.301107 -19.925716 -3.467498  -0.638415 0.371773 1.660610
49  4.151414 0.245242 -3.368003  0.542649 1.118574 1.823862
50  -1.881953 -0.011781 0.033571  -0.000000 0.000000 0.000000
51  4.538739 -1.574329 -13.956085  -0.251688 -0.379151 -0.603918
52  -0.027574 -0.000001 0.206380  0.000000 0.000000 -0.000000
53  -1.268348 -0.011782 1.789044  -0.000000 0.000000 0.000000
54  6.358732 -8.171635 -21.515549  0.110098 2.877965 0.394975
time 28
0  0.000000 7.449219 -27.500000  0.000000 -0.000000 -0.000001
1  -0.000002 -0.000000 0.000002  1.570743 -1.567137 -1.570743
2  4.255471 -0.335182 -0.000002  0.000000 -0.000000 -0.124848
3  7.431252 1.496477 0.000002  0.000000 -0.000000 0.245450
4  5.278481 0.165541 0.000001  0.000000 -0.000000 0.048511
5  2.787975 -12.603331 2.371817  1.975864 1.159909 -1.298786
6  -6.214485 -0.000006 -0.000027  -1.692011 -0.857052 0.781470
7  11.944885 -0.000000 -0.000001  -0.217470 -0.349276 1.552834
8  10.620185 -0.000000 -0.000004  1.114046 0.444031 2.804727
9  -4.751105 -0.694495 0.830577  0.015781 -0.165461 0.438149
10  -1.688064 0.000049 -0.000030  0.014612 -0.020008 0.807967
11  -1.336140 0.000054 -0.000010  0.021168 -0.015777 1.194252
12  -4.820494 -0.509457 -0.224761  -0.297358 -0.050548 1.328590
13  -1.826989 -0.000074 0.000008  0.004249 0.040304 1.378879
14  -1.436579 0.000005 0.000001  -0.054590 -0.055484 0.685661
15  -3.992354 -0.891189 -1.827909  -0.523732 0.138145 1.095785
16  -1.405915 -0.000022 -0.000001  -0.016290 -0.024628 1.460204
17  -1.175358 0.000125 -0.000021  0.049791 0.046300 0.725667
18  -4.526749 -0.690572 -1.120744  -0.361292 0.112520 1.351639
19  -1.744040 0.000035 -0.000007  -0.026556 -0.013108 1.523354
20  -1.368763 0.000026 0.000005  0.020850 0.048215 0.303416
21  -1.874796 -0.935125 0.999173  2.033502 0.447899 0.715008
22  -1.523453 0.000032 0.000030  0.083736 0.152575 0.605550
23  -1.599274 0.000001 0.000013  0.034086 -0.026152 0.634453
24  5.582032 0.115722 0.294923  -0.433104 -3.086253 -0.044154
25  0.196846 -0.000001 0.000002  -0.348186 3.141587 0.000016
26  -0.805885 -12.986157 -5.110183  -1.165731 1.981683 -1.298790
27  6.214491 0.000005 0.000017  0.429491 0.554040 -0.876007
28  11.944896 -0.000035 -0.000190  -0.974872 -0.348525 -1.641606
29  10.620169 0.000003 0.000014  -1.029748 0.068646 0.242777
30  4.751164 0.694376 -0.830475  -0.352177 -0.252845 1.087890
31  1.688065 -0.000030 0.000001  0.001227 -0.024748 1.389482
32  1.336149 -0.000049 -0.000009  -0.002205 -0.038704 0.428226
33  4.820516 0.509339 0.224861  -0.375586 -0.036297 1.492746
34  1.827003 0.000069 0.000010  0.005632 0.040130 1.413425
35  1.436575 -0.000011 0.000008  0.010040 -0.011395 0.119256
36  3.992352 0.891086 1.827994  -0.596993 0.137984 1.406696
37  1.405920 0.000023 -0.000008  -0.024719 -0.016161 1.867660
38  1.175364 -0.000133 0.000005  -0.006813 0.123101 -0.100526
39  4.526758 0.690456 1.120841  -0.479468 0.117732 1.660953
40  1.744042 -0.000034 0.000000  -0.028570 -0.007817 1.715209
41  1.368762 -0.000030 -0.000021  -0.027036 0.156411 -0.357405
42  1.937359 1.013210 -0.909285  1.796162 0.474119 1.006470
43  1.523456 -0.000032 0.000005  0.006612 -0.064663 0.327032
44  1.599282 0.000007 0.000010  0.081435 0.018614 0.602300
45  5.511807 -0.000004 0.000004  0.515854 0.000005 0.000007
46  0.196847 -0.000001 -0.000002  -0.348225 0.000015 -0.000002
47  0.000000 0.000000 0.000000  0.017761 0.017701 -1.566492
48  -5.293295 -19.886652 -3.377652  -0.651539 0.347250 1.652794
49  4.151415 0.245242 -3.368000  0.542649 1.118574 1.823862
50  -1.881950 -0.011781 0.033572  0.000000 0.000000 0.000000
51  4.253575 -1.625111 -12.670889  -0.190387 -0.343136 -0.653238
52  -0.027571 0.000000 0.206380  -0.000000 0.000000 0.000000
53  -1.268348 -0.011781 1.789045  0.000000 0.000000 0.000000
54  6.358731 -7.546617 -20.187380  0.011633 2.964857 0.504036
time 29
0  0.000000 7.449219 -27.500000  0.000000 -0.000000 -0.000001
1  -0.000002 -0.000000 0.000002  1.570743 -1.567137 -1.570743
2  4.255471 -0.335182 -0.000002  0.000000 -0.000000 -0.124848
3  7.431252 1.496477 0.000002  0.000000 -0.000000 0.245450
4  5.278481 0.165541 0.000001  0.000000 -0.000000 0.048511
5  2.787975 -12.603331 2.371817  1.975864 1.159909 -1.298786
6  -6.214485 -0.000006 -0.000027  -1.698071 -0.845359 0.775165
7  11.944885 -0.000003 -0.000001  -0.223845 -0.349324 1.571465
8  10.620185 0.000001 -0.000003  1.110007 0.462819 2.747665
9  -4.751106 -0.694494 0.830577  0.015781 -0.165461 0.438149
10  -1.688067 0.000048 -0.000030  0.014612 -0.020008 0.807967
11  -1.336139 0.000053 -0.000011  0.021168 -0.015777 1.194252
12  -4.820494 -0.509457 -0.224759  -0.297358 -0.050548 1.328590
13  -1.826988 -0.000072 0.000008  0.004249 0.040304 1.378879
14  -1.436581 0.000005 0.000001  -0.054590 -0.055484 0.685661
15  -3.992355 -0.891189 -1.827909  -0.523732 0.138145 1.095785
16  -1.405915 -0.000023 -0.000001  -0.016290 -0.024628 1.460204
17  -1.175356 0.000125 -0.000021  0.049791 0.046300 0.725667
18  -4.526749 -0.690572 -1.120744  -0.361292 0.112520 1.351639
19  -1.744042 0.000030 -0.000007  -0.026556 -0.013108 1.523354
20  -1.368760 0.000027 0.000004  0.020838 0.048215 0.303416
21  -1.874796 -0.935126 0.999172  2.033502 0.447899 0.715008
22  -1.523451 0.000034 0.000029  0.083736 0.152575 0.605550
23  -1.599276 -0.000001 0.000014  0.034086 -0.026152 0.634453
24  5.582033 0.115724 0.294922  -0.433104 -3.086253 -0.044154
25  0.196846 -0.000002 0.000002  -0.348186 3.141587 0.000016
26  -0.805885 -12.986157 -5.110183  -1.165731 1.981683 -1.298790
27  6.214491 0.000005 0.000017  0.305961 0.642098 -0.933300
28  11.944893 -0.000036 -0.000191  -0.934501 -0.343539 -1.760562
29  10.620171 0.000003 0.000010  -0.936254 -0.041614 0.280782
30  4.751162 0.694376 -0.830476  -0.314390 -0.287828 0.963848
31  1.688066 -0.000029 0.000002  -0.000870 -0.024760 1.474258
32  1.336144 -0.000050 -0.000010  -0.006339 -0.038237 0.535653
33  4.820515 0.509341 0.224863  -0.371501 -0.066702 1.418990
34  1.827003 0.000066 0.000009  0.010450 0.039147 1.534876
35  1.436575 -0.000014 0.000010  0.012246 -0.008998 -0.095080
36  3.992351 0.891086 1.827994  -0.594979 0.146450 1.418370
37  1.405921 0.000024 -0.000011  -0.024624 -0.016305 1.862056
38  1.175362 -0.000131 0.000002  -0.052930 0.111416 -0.489771
39  4.526757 0.690455 1.120841  -0.482715 0.102380 1.631343
40  1.744042 -0.000032 0.000002  -0.028689 -0.007362 1.730888
41  1.368765 -0.000031 -0.000019  -0.086455 0.133257 -0.763545
42  1.937355 1.013211 -0.909286  1.854624 0.405831 1.109809
43  1.523456 -0.000034 0.000002  0.018524 -0.061991 0.538249
44  1.599280 0.000001 0.000009  0.082873 -0.010473 0.951888
45  5.511811 -0.000004 0.000001  0.531304 0.000005 0.000007
46  0.196847 0.000001 -0.000001  -0.348225 0.000015 -0.000002
47  0.000000 0.000000 0.000000  0.015017 0.016886 -1.565626
48  -5.281576 -19.839775 -3.139363  -0.663833 0.320437 1.643929
49  4.151414 0.245240 -3.368001  0.542649 1.118574 1.823862
50  -1.881949 -0.011783 0.033571  -0.000000 0.000000 0.000000
51  3.902003 -1.644644 -11.315377  -0.130344 -0.303296 -0.675353
52  -0.027573 -0.000000 0.206380  -0.000000 -0.000000 0.000000
53  -1.268350 -0.011783 1.789044  -0.000000 0.000000 0.000000
54  6.370450 -6.898163 -18.812340  -0.084537 3.012313 0.624505
time 30
0  0.000000 7.449219 -27.500000  0.000000 -0.000000 -0.000001
1  -0.000002 -0.000000 0.000002  1.570743 -1.567137 -1.570743
2  4.255471 -0.335182 -0.000002  0.000000 -0.000000 -0.124848
3  7.431252 1.496477 0.000002  0.000000 -0.000000 0.245450
4  5.278481 0.165541 0.000001  0.000000 -0.000000 0.048511
5  2.787107 -12.601562 2.371094  1.975864 1.159909 -1.298786
6  -6.214485 -0.000007 -0.000027  -1.705648 -0.826366 0.769536
7  11.944885 -0.000002 -0.000002  -0.229497 -0.349276 1.587992
8  10.620185 0.000001 -0.000004  1.108042 0.482088 2.687027
9  -4.751107 -0.694494 0.830580  0.015781 -0.165461 0.438149
10  -1.688068 0.000049 -0.000030  0.014612 -0.020008 0.807967
11  -1.336139 0.000058 -0.000011  0.021168 -0.015777 1.194252
12  -4.820495 -0.509456 -0.224758  -0.297358 -0.050548 1.328587
13  -1.826987 -0.000074 0.000008  0.004249 0.040304 1.378879
14  -1.436582 0.000005 0.000001  -0.054587 -0.055486 0.685634
15  -3.992356 -0.891188 -1.827907  -0.523732 0.138145 1.095785
16  -1.405916 -0.000023 -0.000002  -0.016290 -0.024628 1.460204
17  -1.175357 0.000126 -0.000022  0.049791 0.046300 0.725667
18  -4.526750 -0.690572 -1.120743  -0.361292 0.112520 1.351639
19  -1.744041 0.000031 -0.000008  -0.026556 -0.013108 1.523354
20  -1.368767 0.000026 0.000004  0.020850 0.048215 0.303416
21  -1.874797 -0.935125 0.999174  2.033502 0.447899 0.715008
22  -1.523452 0.000034 0.000029  0.083736 0.152575 0.605548
23  -1.599275 0.000000 0.000013  0.034086 -0.026152 0.634453
24  5.582034 0.115724 0.294922  -0.433104 -3.086253 -0.044154
25  0.196845 -0.000002 0.000002  -0.348186 3.141587 0.000016
26  -0.805885 -12.986157 -5.110183  -1.165731 1.981683 -1.298790
27  6.214491 0.000005 0.000017  0.209566 0.682932 -1.025138
28  11.944893 -0.000034 -0.000192  -0.910456 -0.338350 -1.832334
29  10.620171 0.000004 0.000013  -0.923050 -0.153322 0.310877
30  4.751163 0.694376 -0.830475  -0.297277 -0.300987 0.911479
31  1.688066 -0.000030 0.000003  -0.001745 -0.024712 1.509542
32  1.336147 -0.000050 -0.000009  -0.008041 -0.037913 0.580426
33  4.820516 0.509341 0.224864  -0.369143 -0.079274 1.388143
34  1.827003 0.000068 0.000005  0.012416 0.038572 1.585248
35  1.436576 -0.000014 0.000007  0.012977 -0.007896 -0.182755
36  3.992350 0.891087 1.827994  -0.594116 0.149984 1.423254
37  1.405921 0.000021 -0.000010  -0.024588 -0.016365 1.859680
38  1.175361 -0.000133 0.000004  -0.069049 0.102236 -0.640671
39  4.526757 0.690457 1.120842  -0.483938 0.095932 1.619019
40  1.744046 -0.000028 0.000001  -0.028737 -0.007170 1.737453
41  1.368763 -0.000029 -0.000021  -0.105942 0.118396 -0.918482
42  1.937357 1.013211 -0.909285  1.876188 0.375869 1.150661
43  1.523456 -0.000031 0.000003  0.023522 -0.061631 0.624912
44  1.599280 0.000000 0.000009  0.080644 -0.021774 1.089655
45  5.511809 -0.000001 0.000003  0.547040 0.000005 0.000007
46  0.196846 0.000002 -0.000001  -0.348225 0.000015 -0.000002
47  0.000000 0.000000 0.000000  0.011709 0.015916 -1.565000
48  -5.265950 -19.792898 -2.803416  -0.674467 0.294295 1.635159
49  4.148438 0.245118 -3.369141  0.542658 1.118607 1.823909
50  -1.881949 -0.011781 0.033571  -0.000000 -0.000000 0.000000
51  3.503552 -1.601672 -10.100497  -0.078439 -0.268515 -0.656928
52  -0.027569 0.000001 0.206381  -0.000000 -0.000000 0.000000
53  -1.268347 -0.011781 1.789044  -0.000000 -0.000000 0.000000
54  6.307949 -6.253609 -17.718554  -0.147154 3.003917 0.708775
time 31
0  0.000000 7.449219 -27.500000  0.000000 -0.000000 -0.000001
1  -0.000002 -0.000000 0.000002  1.570743 -1.567137 -1.570743
2  4.255471 -0.335182 -0.000002  0.000000 -0.000000 -0.124848
3  7.431252 1.496477 0.000002  0.000000 -0.000000 0.245450
4  5.278481 0.165541 0.000001  0.000000 -0.000000 0.048511
5  2.787107 -12.601562 2.371094  1.975864 1.159909 -1.298786
6  -6.214485 -0.000007 -0.000027  -1.713643 -0.802716 0.765108
7  11.944883 -0.000003 -0.000002  -0.233599 -0.349180 1.599962
8  10.620186 0.000001 -0.000004  1.107860 0.499614 2.630507
9  -4.751108 -0.694495 0.830579  0.015781 -0.165461 0.438149
10  -1.688068 0.000048 -0.000030  0.014612 -0.020008 0.807967
11  -1.336140 0.000053 -0.000010  0.021168 -0.015777 1.194252
12  -4.820497 -0.509457 -0.224759  -0.297358 -0.050548 1.328587
13  -1.826987 -0.000076 0.000008  0.004249 0.040304 1.378879
14  -1.436581 0.000003 0.000000  -0.054587 -0.055486 0.685634
15  -3.992355 -0.891190 -1.827909  -0.523732 0.138145 1.095785
16  -1.405914 -0.000024 -0.000001  -0.016290 -0.024628 1.460204
17  -1.175357 0.000126 -0.000021  0.049791 0.046300 0.725667
18  -4.526752 -0.690573 -1.120744  -0.361292 0.112520 1.351639
19  -1.744040 0.000032 -0.000008  -0.026556 -0.013108 1.523354
20  -1.368763 0.000026 0.000005  0.020850 0.048215 0.303416
21  -1.874798 -0.935126 0.999172  2.033502 0.447899 0.715008
22  -1.523451 0.000036 0.000030  0.083736 0.152575 0.605548
23  -1.599277 -0.000002 0.000013  0.034086 -0.026152 0.634453
24  5.582032 0.115723 0.294922  -0.433104 -3.086253 -0.044153
25  0.196846 -0.000001 0.000001  -0.348186 3.141587 0.000016
26  -0.805883 -12.990063 -4.922678  -1.165731 1.981683 -1.298790
27  6.214491 0.000005 0.000017  0.128022 0.702354 -1.116789
28  11.944893 -0.000034 -0.000192  -0.899523 -0.335392 -1.865484
29  10.620169 0.000005 0.000012  -0.935718 -0.253970 0.329978
30  4.751164 0.694377 -0.830474  -0.297277 -0.300987 0.911479
31  1.688065 -0.000029 0.000003  -0.001745 -0.024712 1.509542
32  1.336146 -0.000051 -0.000009  -0.008041 -0.037913 0.580426
33  4.820517 0.509340 0.224865  -0.369143 -0.079274 1.388143
34  1.827002 0.000066 0.000009  0.012416 0.038572 1.585248
35  1.436579 -0.000013 0.000007  0.012977 -0.007896 -0.182755
36  3.992351 0.891088 1.827994  -0.594116 0.149984 1.423254
37  1.405921 0.000021 -0.000009  -0.024588 -0.016365 1.859680
38  1.175362 -0.000132 0.000004  -0.069049 0.102236 -0.640671
39  4.526757 0.690457 1.120843  -0.483938 0.095932 1.619019
40  1.744042 -0.000033 0.000001  -0.028737 -0.007170 1.737453
41  1.368765 -0.000031 -0.000019  -0.105942 0.118396 -0.918482
42  1.937357 1.013212 -0.909284  1.876188 0.375869 1.150681
43  1.523454 -0.000030 0.000005  0.023522 -0.061619 0.624912
44  1.599280 0.000003 0.000008  0.080644 -0.021774 1.089655
45  5.511810 -0.000002 0.000004  0.562490 0.000005 0.000007
46  0.196847 0.000002 -0.000001  -0.348225 0.000015 -0.000002
47  0.000000 0.000000 0.000000  0.008114 0.014909 -1.564615
48  -5.258137 -19.753836 -2.416685  -0.682715 0.271825 1.627629
49  4.148438 0.245117 -3.369141  0.542658 1.118607 1.823909
50  -1.881948 -0.011782 0.033572  0.000000 -0.000000 -0.000000
51  3.077761 -1.480577 -9.057496  -0.034504 -0.241581 -0.595489
52  -0.027572 -0.000001 0.206380  0.000000 -0.000000 0.000000
53  -1.268347 -0.011781 1.789045  0.000000 -0.000000 -0.000000
54  6.222010 -5.530932 -16.886497  -0.182524 2.967705 0.775796
time 32
0  0.000000 7.449219 -27.500000  0.000000 -0.000000 -0.000001
1  -0.000002 -0.000000 0.000002  1.570743 -1.567137 -1.570743
2  4.255471 -0.335182 -0.000002  0.000000 -0.000000 -0.124848
3  7.431252 1.496477 0.000002  0.000000 -0.000000 0.245450
4  5.278481 0.165541 0.000001  0.000000 -0.000000 0.048511
5  2.787107 -12.601562 2.371094  1.975864 1.159909 -1.298786
6  -6.214485 -0.000007 -0.000027  -1.720852 -0.777691 0.762256
7  11.944884 -0.000001 -0.000002  -0.235689 -0.349120 1.606072
8  10.620185 0.000000 -0.000004  1.109279 0.512841 2.585434
9  -4.751108 -0.694494 0.830578  0.015781 -0.165461 0.438149
10  -1.688067 0.000048 -0.000030  0.014612 -0.020008 0.807967
11  -1.336140 0.000053 -0.000010  0.021168 -0.015777 1.194252
12  -4.820495 -0.509457 -0.224759  -0.297358 -0.050548 1.328587
13  -1.826988 -0.000074 0.000008  0.004249 0.040304 1.378879
14  -1.436581 0.000004 0.000001  -0.054587 -0.055486 0.685634
15  -3.992357 -0.891189 -1.827910  -0.523732 0.138145 1.095785
16  -1.405916 -0.000025 -0.000001  -0.016290 -0.024628 1.460204
17  -1.175358 0.000125 -0.000021  0.049791 0.046300 0.725667
18  -4.526751 -0.690572 -1.120744  -0.361292 0.112520 1.351639
19  -1.744040 0.000030 -0.000007  -0.026556 -0.013108 1.523354
20  -1.368767 0.000026 0.000004  0.020850 0.048215 0.303416
21  -1.874798 -0.935125 0.999173  2.033502 0.447899 0.715008
22  -1.523454 0.000034 0.000030  0.083736 0.152575 0.605548
23  -1.599274 -0.000001 0.000013  0.034086 -0.026152 0.634453
24  5.582030 0.115721 0.294923  -0.433104 -3.086253 -0.044154
25  0.196846 -0.000001 0.000002  -0.348186 3.141587 0.000016
26  -0.805884 -12.993968 -4.414850  -1.165731 1.981683 -1.298790
27  6.214491 0.000006 0.000018  0.044466 0.729904 -1.197019
28  11.944893 -0.000034 -0.000190  -0.894684 -0.333978 -1.880126
29  10.620168 0.000003 0.000015  -0.897034 -0.345155 0.307267
30  4.751164 0.694376 -0.830474  -0.297277 -0.300987 0.911479
31  1.688065 -0.000030 0.000002  -0.001745 -0.024712 1.509542
32  1.336144 -0.000051 -0.000010  -0.008041 -0.037913 0.580426
33  4.820514 0.509340 0.224864  -0.369143 -0.079274 1.388143
34  1.827002 0.000066 0.000008  0.012416 0.038572 1.585248
35  1.436581 -0.000012 0.000008  0.012977 -0.007896 -0.182755
36  3.992351 0.891087 1.827994  -0.594116 0.149984 1.423254
37  1.405921 0.000023 -0.000009  -0.024588 -0.016365 1.859680
38  1.175363 -0.000133 0.000004  -0.069049 0.102236 -0.640671
39  4.526758 0.690456 1.120843  -0.483938 0.095932 1.619019
40  1.744042 -0.000032 0.000001  -0.028737 -0.007170 1.737453
41  1.368764 -0.000031 -0.000019  -0.105942 0.118396 -0.918482
42  1.937357 1.013211 -0.909283  1.876188 0.375869 1.150661
43  1.523454 -0.000032 0.000005  0.023522 -0.061619 0.624912
44  1.599281 0.000002 0.000010  0.080644 -0.021774 1.089655
45  5.511807 -0.000003 0.000005  0.577080 0.000005 0.000007
46  0.196846 0.000001 -0.000001  -0.348225 0.000015 -0.000002
47  0.000000 0.000000 0.000000  0.004554 0.013950 -1.564471
48  -5.250325 -19.722586 -2.029955  -0.687903 0.256069 1.622291
49  4.148438 0.245116 -3.369141  0.542658 1.118607 1.823909
50  -1.881951 -0.011783 0.033571  0.000000 -0.000000 -0.000000
51  2.632433 -1.304790 -8.170748  0.003368 -0.222654 -0.501321
52  -0.027571 -0.000001 0.206380  0.000000 0.000000 0.000000
53  -1.268348 -0.011783 1.789045  0.000000 -0.000000 -0.000000
54  6.182947 -4.679346 -16.144287  -0.208813 2.935243 0.873641
time 33
0  0.000000 7.449219 -27.500000  0.000000 -0.000000 -0.000001
1  -0.000002 -0.000000 0.000002  1.570743 -1.567137 -1.570743
2  4.255471 -0.335182 -0.000002  0.000000 -0.000000 -0.124848
3  7.431252 1.496477 0.000002  0.000000 -0.000000 0.245450
4  5.278481 0.165541 0.000001  0.000000 -0.000000 0.048511
5  2.787107 -12.601562 2.371094  1.975864 1.159909 -1.298786
6  -6.214485 -0.000007 -0.000027  -1.726181 -0.755179 0.761505
7  11.944885 -0.000003 -0.000002  -0.235649 -0.349120 1.605971
8  10.620184 -0.000000 -0.000003  1.112336 0.519093 2.558811
9  -4.751106 -0.694494 0.830576  0.015781 -0.165461 0.438149
10  -1.688067 0.000049 -0.000030  0.014612 -0.020008 0.807967
11  -1.336139 0.000056 -0.000011  0.021168 -0.015777 1.194252
12  -4.820494 -0.509456 -0.224761  -0.297358 -0.050548 1.328587
13  -1.826988 -0.000073 0.000008  0.004249 0.040304 1.378879
14  -1.436582 0.000004 -0.000000  -0.054587 -0.055486 0.685634
15  -3.992355 -0.891188 -1.827910  -0.523732 0.138145 1.095785
16  -1.405916 -0.000023 -0.000001  -0.016290 -0.024628 1.460204
17  -1.175358 0.000126 -0.000021  0.049791 0.046300 0.725667
18  -4.526749 -0.690572 -1.120745  -0.361292 0.112520 1.351639
19  -1.744042 0.000031 -0.000008  -0.026556 -0.013108 1.523354
20  -1.368766 0.000026 0.000004  0.020850 0.048215 0.303416
21  -1.874797 -0.935125 0.999171  2.033502 0.447899 0.715008
22  -1.523451 0.000037 0.000029  0.083736 0.152575 0.605548
23  -1.599277 -0.000000 0.000013  0.034086 -0.026152 0.634453
24  5.582032 0.115721 0.294923  -0.433104 -3.086253 -0.044154
25  0.196846 -0.000002 0.000002  -0.348186 3.141587 0.000016
26  -0.809790 -13.001781 -3.680451  -1.165731 1.981683 -1.298790
27  6.214490 0.000006 0.000018  -0.040964 0.766282 -1.270508
28  11.944893 -0.000036 -0.000190  -0.897307 -0.334760 -1.872225
29  10.620169 0.000005 0.000010  -0.802711 -0.411141 0.232111
30  4.751164 0.694376 -0.830473  -0.297277 -0.300987 0.911479
31  1.688065 -0.000028 0.000002  -0.001745 -0.024712 1.509542
32  1.336147 -0.000049 -0.000009  -0.008053 -0.037913 0.580426
33  4.820518 0.509339 0.224866  -0.369143 -0.079274 1.388143
34  1.827002 0.000066 0.000008  0.012416 0.038572 1.585248
35  1.436577 -0.000012 0.000007  0.012977 -0.007896 -0.182755
36  3.992352 0.891085 1.827995  -0.594116 0.149984 1.423254
37  1.405922 0.000019 -0.000010  -0.024588 -0.016365 1.859680
38  1.175365 -0.000133 0.000003  -0.069049 0.102236 -0.640671
39  4.526759 0.690455 1.120845  -0.483938 0.095932 1.619019
40  1.744042 -0.000031 0.000002  -0.028737 -0.007170 1.737453
41  1.368766 -0.000032 -0.000021  -0.105942 0.118396 -0.918482
42  1.937358 1.013210 -0.909283  1.876188 0.375869 1.150661
43  1.523455 -0.000031 0.000002  0.023522 -0.061631 0.624912
44  1.599282 0.000004 0.000010  0.080644 -0.021774 1.089655
45  5.511807 0.000000 0.000002  0.590289 0.000005 0.000007
46  0.196845 0.000001 -0.000001  -0.348225 0.000015 -0.000002
47  0.000000 0.000000 0.000000  0.001294 0.013111 -1.564519
48  -5.246418 -19.714771 -1.690100  -0.689615 0.250066 1.620289
49  4.148437 0.245116 -3.369142  0.542658 1.118607 1.823909
50  -1.881954 -0.011782 0.033571  0.000000 -0.000000 0.000000
51  2.187107 -1.086034 -7.428539  0.035606 -0.210797 -0.384771
52  -0.027573 -0.000000 0.206380  0.000000 0.000000 -0.000000
53  -1.268350 -0.011782 1.789045  0.000000 -0.000000 0.000000
54  6.132164 -3.730095 -15.491925  -0.226882 2.906679 0.993166
time 34
0  0.000000 7.449219 -27.500000  0.000000 -0.000000 -0.000001
1  -0.000002 -0.000000 0.000002  1.570743 -1.567137 -1.570743
2  4.255471 -0.335182 -0.000002  0.000000 -0.000000 -0.124848
3  7.431252 1.496477 0.000002  0.000000 -0.000000 0.245450
4  5.278481 0.165541 0.000001  0.000000 -0.000000 0.048511
5  2.787107 -12.601562 2.371094  1.975864 1.159909 -1.298786
6  -6.214485 -0.000007 -0.000027  -1.728795 -0.738937 0.763682
7  11.944884 -0.000004 -0.000001  -0.232994 -0.349204 1.598209
8  10.620189 0.000001 -0.000003  1.117685 0.515937 2.563649
9  -4.751108 -0.694495 0.830577  0.015781 -0.165461 0.438149
10  -1.688069 0.000049 -0.000032  0.014612 -0.020008 0.807967
11  -1.336139 0.000052 -0.000012  0.021168 -0.015777 1.194252
12  -4.820496 -0.509457 -0.224760  -0.297358 -0.050548 1.328587
13  -1.826989 -0.000072 0.000007  0.004249 0.040304 1.378879
14  -1.436582 0.000003 0.000000  -0.054587 -0.055486 0.685634
15  -3.992358 -0.891190 -1.827912  -0.523732 0.138145 1.095785
16  -1.405915 -0.000023 -0.000001  -0.016290 -0.024628 1.460204
17  -1.175359 0.000126 -0.000021  0.049791 0.046300 0.725667
18  -4.526753 -0.690572 -1.120746  -0.361292 0.112520 1.351639
19  -1.744042 0.000033 -0.000008  -0.026556 -0.013108 1.523354
20  -1.368765 0.000026 0.000005  0.020850 0.048215 0.303416
21  -1.874797 -0.935125 0.999172  2.033502 0.447899 0.715008
22  -1.523452 0.000035 0.000029  0.083736 0.152575 0.605548
23  -1.599276 -0.000000 0.000013  0.034086 -0.026152 0.634453
24  5.582035 0.115723 0.294923  -0.433104 -3.086253 -0.044154
25  0.196845 -0.000002 0.000002  -0.348186 3.141587 0.000016
26  -0.809789 -13.013500 -2.813238  -1.165731 1.981683 -1.298790
27  6.214490 0.000006 0.000018  -0.136041 0.808742 -1.347274
28  11.944894 -0.000033 -0.000192  -0.911897 -0.338703 -1.828024
29  10.620169 0.000005 0.000014  -0.658938 -0.420307 0.098340
30  4.751163 0.694376 -0.830473  -0.297277 -0.300987 0.911479
31  1.688065 -0.000027 0.000003  -0.001745 -0.024712 1.509542
32  1.336144 -0.000050 -0.000009  -0.008041 -0.037913 0.580426
33  4.820516 0.509340 0.224865  -0.369143 -0.079274 1.388143
34  1.827002 0.000068 0.000008  0.012416 0.038572 1.585248
35  1.436579 -0.000013 0.000006  0.012977 -0.007896 -0.182755
36  3.992352 0.891086 1.827995  -0.594116 0.149984 1.423254
37  1.405921 0.000024 -0.000012  -0.024588 -0.016365 1.859680
38  1.175360 -0.000131 0.000005  -0.069049 0.102236 -0.640671
39  4.526758 0.690456 1.120844  -0.483938 0.095932 1.619019
40  1.744042 -0.000031 0.000001  -0.028737 -0.007170 1.737453
41  1.368767 -0.000030 -0.000019  -0.105942 0.118396 -0.918482
42  1.937356 1.013210 -0.909285  1.876188 0.375869 1.150661
43  1.523455 -0.000033 0.000002  0.023522 -0.061631 0.624912
44  1.599279 -0.000003 0.000009  0.080644 -0.021774 1.089655
45  5.511808 0.000000 0.000005  0.601519 0.000005 0.000007
46  0.196846 0.000002 -0.000001  -0.348225 0.000015 -0.000002
47  0.000000 0.000000 0.000000  -0.001546 0.012356 -1.564519
48  -5.250325 -19.714771 -1.436186  -0.686813 0.261716 1.621623
49  4.148440 0.245116 -3.369142  0.542658 1.118607 1.823909
50  -1.881948 -0.011782 0.033572  0.000000 -0.000000 -0.000000
51  1.749594 -0.843839 -6.815240  0.061924 -0.204023 -0.256720
52  -0.027571 0.000000 0.206380  0.000000 0.000000 0.000000
53  -1.268347 -0.011782 1.789045  0.000000 -0.000000 -0.000000
54  6.011065 -2.726160 -14.933314  -0.238830 2.882687 1.123720
time 35
0  0.000000 7.449219 -27.500000  0.000000 -0.000000 -0.000001
1  -0.000002 -0.000000 0.000002  1.570743 -1.567137 -1.570743
2  4.255471 -0.335182 -0.000002  0.000000 -0.000000 -0.124848
3  7.431252 1.496477 0.000002  0.000000 -0.000000 0.245450
4  5.278481 0.165541 0.000001  0.000000 -0.000000 0.048511
5  2.787107 -12.601562 2.371094  1.975864 1.159909 -1.298786
6  -6.214485 -0.000007 -0.000027  -1.728899 -0.729070 0.768485
7  11.944884 -0.000003 -0.000002  -0.227999 -0.349300 1.583585
8  10.620187 0.000000 -0.000003  1.126309 0.504514 2.600158
9  -4.751107 -0.694494 0.830578  0.015781 -0.165461 0.438149
10  -1.688069 0.000050 -0.000031  0.014612 -0.020008 0.807967
11  -1.336139 0.000055 -0.000012  0.021168 -0.015777 1.194252
12  -4.820496 -0.509457 -0.224760  -0.297358 -0.050548 1.328587
13  -1.826988 -0.000073 0.000008  0.004249 0.040304 1.378879
14  -1.436578 0.000004 0.000001  -0.054587 -0.055486 0.685634
15  -3.992356 -0.891189 -1.827910  -0.523732 0.138145 1.095785
16  -1.405915 -0.000025 -0.000001  -0.016290 -0.024628 1.460204
17  -1.175359 0.000125 -0.000021  0.049791 0.046300 0.725667
18  -4.526751 -0.690572 -1.120745  -0.361292 0.112520 1.351639
19  -1.744041 0.000032 -0.000007  -0.026556 -0.013108 1.523354
20  -1.368763 0.000026 0.000004  0.020850 0.048215 0.303416
21  -1.874798 -0.935126 0.999171  2.033502 0.447899 0.715008
22  -1.523450 0.000038 0.000030  0.083736 0.152575 0.605548
23  -1.599274 -0.000001 0.000013  0.034086 -0.026152 0.634453
24  5.582032 0.115722 0.294923  -0.433104 -3.086253 -0.044154
25  0.196846 -0.000001 0.000002  -0.348186 3.141587 0.000016
26  -0.809790 -13.025220 -1.899148  -1.165731 1.981683 -1.298790
27  6.214491 0.000005 0.000018  -0.257280 0.849156 -1.440891
28  11.944893 -0.000036 -0.000190  -0.940706 -0.344618 -1.742053
29  10.620170 0.000005 0.000009  -0.505079 -0.352392 -0.063558
30  4.751163 0.694377 -0.830474  -0.297277 -0.300999 0.911479
31  1.688064 -0.000028 0.000003  -0.001745 -0.024712 1.509542
32  1.336145 -0.000050 -0.000009  -0.008041 -0.037913 0.580426
33  4.820513 0.509341 0.224864  -0.369143 -0.079274 1.388143
34  1.827002 0.000064 0.000008  0.012416 0.038572 1.585248
35  1.436578 -0.000013 0.000006  0.012977 -0.007896 -0.182755
36  3.992349 0.891086 1.827994  -0.594116 0.149984 1.423254
37  1.405921 0.000022 -0.000010  -0.024588 -0.016365 1.859680
38  1.175359 -0.000131 0.000003  -0.069049 0.102236 -0.640671
39  4.526755 0.690457 1.120843  -0.483938 0.095932 1.619019
40  1.744043 -0.000031 0.000001  -0.028737 -0.007170 1.737453
41  1.368770 -0.000031 -0.000019  -0.105942 0.118396 -0.918482
42  1.937355 1.013210 -0.909284  1.876188 0.375869 1.150661
43  1.523456 -0.000032 0.000003  0.023522 -0.061631 0.624912
44  1.599282 0.000004 0.000008  0.080644 -0.021774 1.089655
45  5.511808 0.000000 0.000000  0.610247 0.000005 0.000007
46  0.196848 0.000001 -0.000002  -0.348225 0.000015 -0.000002
47  0.000000 0.000000 0.000000  -0.003895 0.011589 -1.564567
48  -5.258137 -19.726492 -1.264306  -0.678721 0.291274 1.625055
49  4.148439 0.245116 -3.369140  0.542658 1.118607 1.823909
50  -1.881951 -0.011782 0.033572  0.000000 -0.000000 -0.000000
51  1.339426 -0.597737 -6.315224  0.082154 -0.199545 -0.128587
52  -0.027571 -0.000000 0.206381  0.000000 -0.000000 -0.000000
53  -1.268346 -0.011782 1.789045  0.000000 -0.000000 -0.000000
54  5.796214 -1.737848 -14.464551  -0.247243 2.864020 1.253708
time 36
0  0.000000 7.449219 -27.500000  0.000000 -0.000000 -0.000001
1  -0.000002 -0.000000 0.000002  1.570743 -1.567137 -1.570743
2  4.255471 -0.335182 -0.000002  0.000000 -0.000000 -0.124848
3  7.431252 1.496477 0.000002  0.000000 -0.000000 0.245450
4  5.278481 0.165541 0.000001  0.000000 -0.000000 0.048511
5  2.787107 -12.601562 2.371094  1.975864 1.159909 -1.298786
6  -6.214485 -0.000007 -0.000027  -1.727226 -0.723647 0.775315
7  11.944884 -0.000000 -0.000001  -0.221624 -0.349312 1.564954
8  10.620185 0.000001 -0.000004  1.138608 0.487379 2.655777
9  -4.751107 -0.694495 0.830579  0.015781 -0.165461 0.438149
10  -1.688068 0.000048 -0.000029  0.014612 -0.020008 0.807967
11  -1.336140 0.000055 -0.000011  0.021168 -0.015777 1.194252
12  -4.820496 -0.509456 -0.224759  -0.297358 -0.050548 1.328587
13  -1.826988 -0.000074 0.000008  0.004249 0.040304 1.378879
14  -1.436579 0.000005 0.000001  -0.054587 -0.055486 0.685634
15  -3.992355 -0.891189 -1.827909  -0.523732 0.138145 1.095785
16  -1.405915 -0.000022 -0.000001  -0.016290 -0.024628 1.460204
17  -1.175358 0.000125 -0.000021  0.049791 0.046300 0.725667
18  -4.526752 -0.690572 -1.120744  -0.361292 0.112520 1.351639
19  -1.744042 0.000031 -0.000007  -0.026556 -0.013108 1.523354
20  -1.368764 0.000025 0.000004  0.020850 0.048215 0.303416
21  -1.874797 -0.935125 0.999174  2.033502 0.447899 0.715008
22  -1.523452 0.000033 0.000030  0.083736 0.152575 0.605548
23  -1.599277 -0.000000 0.000013  0.034086 -0.026152 0.634453
24  5.582033 0.115724 0.294923  -0.433104 -3.086253 -0.044154
25  0.196846 0.000000 0.000002  -0.348186 3.141587 0.000016
26  -0.813695 -13.033033 -1.031934  -1.165731 1.981683 -1.298790
27  6.214491 0.000005 0.000017  -0.411138 0.875276 -1.558006
28  11.944892 -0.000033 -0.000192  -0.981299 -0.348897 -1.622765
29  10.620169 0.000005 0.000012  -0.385909 -0.222759 -0.211441
30  4.751165 0.694376 -0.830476  -0.297277 -0.300987 0.911479
31  1.688066 -0.000029 0.000003  -0.001745 -0.024712 1.509542
32  1.336147 -0.000049 -0.000010  -0.008041 -0.037913 0.580426
33  4.820514 0.509340 0.224862  -0.369143 -0.079274 1.388143
34  1.827001 0.000068 0.000007  0.012416 0.038572 1.585248
35  1.436581 -0.000013 0.000007  0.012977 -0.007896 -0.182755
36  3.992350 0.891086 1.827993  -0.594116 0.149984 1.423254
37  1.405921 0.000023 -0.000008  -0.024588 -0.016365 1.859680
38  1.175359 -0.000132 0.000003  -0.069049 0.102236 -0.640671
39  4.526756 0.690457 1.120840  -0.483938 0.095932 1.619019
40  1.744042 -0.000029 0.000000  -0.028737 -0.007170 1.737453
41  1.368761 -0.000030 -0.000018  -0.105942 0.118396 -0.918482
42  1.937356 1.013210 -0.909288  1.876188 0.375869 1.150661
43  1.523456 -0.000032 0.000005  0.023522 -0.061631 0.624912
44  1.599283 0.000004 0.000010  0.080644 -0.021774 1.089655
45  5.511810 -0.000002 0.000003  0.615900 0.000005 0.000007
46  0.196846 0.000002 -0.000001  -0.348225 0.000015 -0.000002
47  0.000000 0.000000 0.000000  -0.005681 0.010750 -1.564615
48  -5.269856 -19.738211 -1.154928  -0.664819 0.330408 1.630298
49  4.148438 0.245117 -3.369142  0.542658 1.118607 1.823909
50  -1.881949 -0.011782 0.033570  0.000000 -0.000000 0.000000
51  0.964413 -0.367262 -5.916774  0.096728 -0.194079 -0.011604
52  -0.027569 -0.000000 0.206380  -0.000000 -0.000000 0.000000
53  -1.268346 -0.011782 1.789044  0.000000 -0.000000 0.000000
54  5.479798 -0.847196 -14.097352  -0.255655 2.851050 1.371159
time 37
0  0.000000 7.449219 -27.500000  0.000000 -0.000000 -0.000001
1  -0.000002 -0.000000 0.000002  1.570743 -1.567137 -1.570743
2  4.255471 -0.335182 -0.000002  0.000000 -0.000000 -0.124848
3  7.431252 1.496477 0.000002  0.000000 -0.000000 0.245450
4  5.278481 0.165541 0.000001  0.000000 -0.000000 0.048511
5  2.787107 -12.601562 2.371094  1.975864 1.159909 -1.298786
6  -6.214485 -0.000007 -0.000027  -1.724510 -0.721001 0.783421
7  11.944884 -0.000003 -0.000001  -0.214867 -0.349216 1.545222
8  10.620187 0.000000 -0.000003  1.155164 0.466968 2.718338
9  -4.751109 -0.694495 0.830578  0.015781 -0.165461 0.438149
10  -1.688066 0.000048 -0.000030  0.014612 -0.020008 0.807967
11  -1.336139 0.000053 -0.000011  0.021168 -0.015777 1.194252
12  -4.820496 -0.509456 -0.224758  -0.297358 -0.050548 1.328587
13  -1.826988 -0.000075 0.000007  0.004249 0.040304 1.378879
14  -1.436579 0.000004 0.000000  -0.054587 -0.055486 0.685634
15  -3.992356 -0.891189 -1.827908  -0.523732 0.138145 1.095785
16  -1.405915 -0.000023 -0.000001  -0.016290 -0.024628 1.460204
17  -1.175356 0.000126 -0.000021  0.049791 0.046300 0.725667
18  -4.526749 -0.690572 -1.120743  -0.361292 0.112520 1.351639
19  -1.744041 0.000033 -0.000007  -0.026556 -0.013108 1.523354
20  -1.368763 0.000027 0.000005  0.020850 0.048215 0.303416
21  -1.874798 -0.935125 0.999173  2.033502 0.447899 0.715008
22  -1.523452 0.000034 0.000030  0.083736 0.152575 0.605548
23  -1.599276 -0.000002 0.000014  0.034086 -0.026152 0.634453
24  5.582031 0.115722 0.294923  -0.433104 -3.086253 -0.044154
25  0.196846 -0.000001 0.000002  -0.348186 3.141587 0.000016
26  -0.813697 -13.044751 -0.301443  -1.165731 1.981683 -1.298790
27  6.214491 0.000006 0.000017  -0.576585 0.875080 -1.685137
28  11.944891 -0.000037 -0.000192  -1.028946 -0.348097 -1.483476
29  10.620169 0.000006 0.000012  -0.319893 -0.067184 -0.330739
30  4.751163 0.694376 -0.830471  -0.297277 -0.300999 0.911479
31  1.688068 -0.000027 0.000002  -0.001745 -0.024712 1.509542
32  1.336147 -0.000050 -0.000011  -0.008041 -0.037913 0.580426
33  4.820516 0.509340 0.224866  -0.369143 -0.079274 1.388143
34  1.827002 0.000067 0.000007  0.012416 0.038572 1.585248
35  1.436578 -0.000012 0.000008  0.012977 -0.007896 -0.182755
36  3.992350 0.891086 1.827996  -0.594116 0.149984 1.423254
37  1.405921 0.000020 -0.000008  -0.024588 -0.016365 1.859680
38  1.175360 -0.000132 0.000002  -0.069049 0.102236 -0.640671
39  4.526757 0.690456 1.120845  -0.483938 0.095932 1.619019
40  1.744042 -0.000029 -0.000001  -0.028737 -0.007170 1.737453
41  1.368768 -0.000031 -0.000017  -0.105942 0.118396 -0.918482
42  1.937358 1.013210 -0.909281  1.876188 0.375869 1.150661
43  1.523456 -0.000030 0.000003  0.023522 -0.061619 0.624912
44  1.599282 0.000001 0.000010  0.080644 -0.021774 1.089655
45  5.511809 0.000000 0.000004  0.617880 0.000005 0.000007
46  0.196846 0.000000 -0.000002  -0.348225 0.000015 -0.000002
47  0.000000 0.000000 0.000000  -0.006807 0.009767 -1.564760
48  -5.281576 -19.753836 -1.096332  -0.644484 0.370805 1.636970
49  4.148435 0.245118 -3.369142  0.542658 1.118607 1.823909
50  -1.881953 -0.011782 0.033571  0.000000 -0.000000 0.000000
51  0.640183 -0.160224 -5.600358  0.106687 -0.184443 0.083677
52  -0.027571 -0.000000 0.206381  0.000000 -0.000000 0.000000
53  -1.268348 -0.011782 1.789045  0.000000 -0.000000 0.000000
54  5.096973 -0.132329 -13.831718  -0.267415 2.843253 1.464951
time 38
0  0.000000 7.449219 -27.500000  0.000000 -0.000000 -0.000001
1  -0.000002 -0.000000 0.000002  1.570743 -1.567137 -1.570743
2  4.255471 -0.335182 -0.000002  0.000000 -0.000000 -0.124848
3  7.431252 1.496477 0.000002  0.000000 -0.000000 0.245450
4  5.278481 0.165541 0.000001  0.000000 -0.000000 0.048511
5  2.787107 -12.601562 2.371094  1.975864 1.159909 -1.298786
6  -6.214485 -0.000007 -0.000027  -1.721114 -0.720129 0.791752
7  11.944883 -0.000003 -0.000001  -0.208978 -0.349025 1.528044
8  10.620188 0.000001 -0.000004  1.177288 0.445534 2.776060
9  -4.751105 -0.694494 0.830579  0.015781 -0.165461 0.438149
10  -1.688066 0.000047 -0.000030  0.014612 -0.020008 0.807967
11  -1.336140 0.000056 -0.000010  0.021168 -0.015777 1.194252
12  -4.820492 -0.509456 -0.224758  -0.297358 -0.050548 1.328587
13  -1.826988 -0.000074 0.000007  0.004249 0.040304 1.378879
14  -1.436581 0.000005 0.000001  -0.054587 -0.055486 0.685634
15  -3.992354 -0.891188 -1.827908  -0.523732 0.138145 1.095785
16  -1.405916 -0.000024 -0.000001  -0.016290 -0.024628 1.460204
17  -1.175358 0.000126 -0.000021  0.049791 0.046300 0.725667
18  -4.526747 -0.690571 -1.120743  -0.361292 0.112520 1.351639
19  -1.744042 0.000032 -0.000008  -0.026556 -0.013108 1.523354
20  -1.368764 0.000026 0.000004  0.020850 0.048215 0.303416
21  -1.874796 -0.935125 0.999174  2.033502 0.447899 0.715008
22  -1.523452 0.000033 0.000030  0.083736 0.152575 0.605548
23  -1.599275 -0.000000 0.000013  0.034086 -0.026152 0.634453
24  5.582032 0.115722 0.294923  -0.433104 -3.086253 -0.044154
25  0.196846 -0.000001 0.000002  -0.348186 3.141587 0.000016
26  -0.817603 -13.048659 0.206385  -1.165731 1.981683 -1.298790
27  6.214490 0.000005 0.000016  -0.707263 0.847558 -1.791393
28  11.944893 -0.000034 -0.000191  -1.076667 -0.340954 -1.342364
29  10.620168 0.000003 0.000011  -0.306446 0.072877 -0.427194
30  4.751166 0.694377 -0.830472  -0.297277 -0.300987 0.911479
31  1.688065 -0.000027 0.000005  -0.001745 -0.024712 1.509542
32  1.336145 -0.000052 -0.000012  -0.008053 -0.037913 0.580426
33  4.820516 0.509341 0.224865  -0.369143 -0.079274 1.388143
34  1.827000 0.000067 0.000008  0.012416 0.038572 1.585248
35  1.436578 -0.000012 0.000007  0.012977 -0.007896 -0.182755
36  3.992350 0.891086 1.827995  -0.594116 0.149984 1.423254
37  1.405921 0.000022 -0.000013  -0.024588 -0.016365 1.859680
38  1.175359 -0.000132 0.000004  -0.069049 0.102236 -0.640671
39  4.526757 0.690457 1.120843  -0.483938 0.095920 1.619019
40  1.744042 -0.000032 -0.000001  -0.028737 -0.007170 1.737453
41  1.368764 -0.000030 -0.000018  -0.105942 0.118396 -0.918482
42  1.937356 1.013211 -0.909283  1.876188 0.375869 1.150661
43  1.523455 -0.000032 0.000004  0.023522 -0.061619 0.624912
44  1.599281 0.000002 0.000010  0.080644 -0.021774 1.089655
45  5.511810 -0.000001 0.000004  0.617880 0.000005 0.000007
46  0.196845 0.000002 -0.000001  -0.348225 0.000015 -0.000002
47  0.000000 0.000000 0.000000  -0.007191 0.008545 -1.564952
48  -5.289388 -19.769461 -1.072894  -0.617354 0.404352 1.644310
49  4.148437 0.245117 -3.369141  0.542658 1.118607 1.823909
50  -1.881950 -0.011782 0.033572  -0.000000 0.000000 0.000000
51  0.382363 -0.011781 -5.358163  0.113242 -0.167675 0.147857
52  -0.027571 -0.000001 0.206380  -0.000000 0.000000 0.000000
53  -1.268348 -0.011782 1.789044  -0.000000 0.000000 0.000000
54  4.682897 0.348151 -13.659836  -0.285960 2.840105 1.524712
time 39
0  0.000000 7.449219 -27.500000  0.000000 -0.000000 -0.000001
1  -0.000002 -0.000000 0.000002  1.570743 -1.567137 -1.570743
2  4.255471 -0.335182 -0.000002  0.000000 -0.000000 -0.124848
3  7.431252 1.496477 0.000002  0.000000 -0.000000 0.245450
4  5.278481 0.165541 0.000001  0.000000 -0.000000 0.048511
5  2.787107 -12.601562 2.371094  1.975864 1.159909 -1.298786
6  -6.214485 -0.000007 -0.000027  -1.717508 -0.720710 0.799408
7  11.944884 -0.000002 -0.000002  -0.205508 -0.348869 1.517877
8  10.620185 0.000002 -0.000003  1.207017 0.425364 2.817617
9  -4.751105 -0.694495 0.830577  0.015781 -0.165461 0.438149
10  -1.688072 0.000050 -0.000031  0.014612 -0.020008 0.807967
11  -1.336139 0.000054 -0.000011  0.021168 -0.015777 1.194252
12  -4.820494 -0.509457 -0.224760  -0.297358 -0.050548 1.328587
13  -1.826988 -0.000074 0.000008  0.004249 0.040304 1.378879
14  -1.436579 0.000004 0.000001  -0.054587 -0.055486 0.685634
15  -3.992354 -0.891190 -1.827910  -0.523732 0.138145 1.095785
16  -1.405915 -0.000022 -0.000001  -0.016290 -0.024628 1.460204
17  -1.175357 0.000126 -0.000021  0.049791 0.046300 0.725667
18  -4.526749 -0.690572 -1.120744  -0.361292 0.112520 1.351639
19  -1.744041 0.000032 -0.000008  -0.026556 -0.013108 1.523354
20  -1.368766 0.000025 0.000004  0.020850 0.048215 0.303416
21  -1.874797 -0.935126 0.999171  2.033502 0.447899 0.715008
22  -1.523452 0.000035 0.000030  0.083736 0.152575 0.605548
23  -1.599277 -0.000002 0.000013  0.034086 -0.026152 0.634453
24  5.582032 0.115724 0.294923  -0.433104 -3.086253 -0.044153
25  0.196846 -0.000002 0.000002  -0.348186 3.141587 0.000016
26  -0.817602 -13.052564 0.393892  -1.165731 1.981683 -1.298790
27  6.214491 0.000005 0.000018  -0.760839 0.804930 -1.854397
28  11.944895 -0.000033 -0.000192  -1.117001 -0.329588 -1.219927
29  10.620171 0.000003 0.000011  -0.339381 0.160982 -0.507405
30  4.751166 0.694376 -0.830473  -0.297277 -0.300987 0.911479
31  1.688066 -0.000029 0.000003  -0.001745 -0.024712 1.509542
32  1.336147 -0.000049 -0.000007  -0.008041 -0.037913 0.580426
33  4.820516 0.509339 0.224862  -0.369143 -0.079274 1.388143
34  1.827002 0.000070 0.000008  0.012416 0.038572 1.585248
35  1.436578 -0.000012 0.000008  0.012977 -0.007896 -0.182755
36  3.992351 0.891086 1.827993  -0.594116 0.149984 1.423254
37  1.405921 0.000022 -0.000009  -0.024588 -0.016365 1.859680
38  1.175359 -0.000132 0.000001  -0.069049 0.102236 -0.640671
39  4.526756 0.690456 1.120842  -0.483938 0.095932 1.619019
40  1.744042 -0.000032 -0.000002  -0.028737 -0.007170 1.737453
41  1.368764 -0.000031 -0.000017  -0.105942 0.118396 -0.918482
42  1.937357 1.013209 -0.909284  1.876188 0.375869 1.150661
43  1.523456 -0.000036 0.000002  0.023522 -0.061631 0.624912
44  1.599281 0.000002 0.000010  0.080644 -0.021774 1.089655
45  5.511808 -0.000001 0.000002  0.617880 0.000005 0.000007
46  0.196848 0.000002 -0.000002  -0.348225 0.000015 -0.000002
47  0.000000 0.000000 0.000000  -0.007191 0.007047 -1.565867
48  -5.293295 -19.781179 -1.068988  -0.583273 0.422931 1.651173
49  4.148439 0.245116 -3.369141  0.542658 1.118607 1.823909
50  -1.881953 -0.011782 0.033571  0.000000 -0.000000 0.000000
51  0.202670 0.081970 -5.170660  0.117065 -0.141062 0.172053
52  -0.027572 0.000000 0.206380  -0.000000 0.000000 0.000000
53  -1.268348 -0.011782 1.789045  0.000000 -0.000000 0.000000
54  4.268822 0.539564 -13.585616  -0.314065 2.841604 1.541209
time 40
0  0.000000 7.449219 -27.500000  0.000000 -0.000000 -0.000001
1  -0.000002 -0.000000 0.000002  1.570743 -1.567137 -1.570743
2  4.255471 -0.335182 -0.000002  0.000000 -0.000000 -0.124848
3  7.431252 1.496477 0.000002  0.000000 -0.000000 0.245450
4  5.278481 0.165541 0.000001  0.000000 -0.000000 0.048511
5  2.787107 -12.601562 2.371094  1.975864 1.159909 -1.298786
6  -6.214485 -0.000007 -0.000027  -1.714112 -0.723012 0.805337
7  11.944884 -0.000003 -0.000001  -0.204272 -0.348809 1.514271
8  10.620185 0.000002 -0.000004  1.246534 0.412077 2.844811
9  -4.751106 -0.694494 0.830578  0.015781 -0.165461 0.438149
10  -1.688069 0.000049 -0.000031  0.014612 -0.020008 0.807967
11  -1.336139 0.000052 -0.000012  0.021168 -0.015777 1.194252
12  -4.820495 -0.509456 -0.224759  -0.297358 -0.050548 1.328587
13  -1.826988 -0.000074 0.000008  0.004249 0.040304 1.378879
14  -1.436581 0.000003 0.000001  -0.054587 -0.055486 0.685634
15  -3.992355 -0.891189 -1.827909  -0.523732 0.138145 1.095785
16  -1.405914 -0.000025 -0.000001  -0.016290 -0.024628 1.460204
17  -1.175360 0.000125 -0.000020  0.049791 0.046300 0.725667
18  -4.526750 -0.690572 -1.120744  -0.361292 0.112520 1.351639
19  -1.744042 0.000032 -0.000008  -0.026556 -0.013108 1.523354
20  -1.368760 0.000027 0.000004  0.020850 0.048215 0.303416
21  -1.874796 -0.935126 0.999171  2.033502 0.447899 0.715008
22  -1.523452 0.000033 0.000029  0.083736 0.152575 0.605548
23  -1.599275 0.000001 0.000014  0.034086 -0.026152 0.634453
24  5.582033 0.115723 0.294922  -0.433104 -3.086253 -0.044154
25  0.196846 -0.000001 0.000002  -0.348186 3.141587 0.000016
26  -0.817602 -13.052564 0.393892  -1.165731 1.981683 -1.298790
27  6.214491 0.000005 0.000018  -0.734120 0.721580 -1.863103
28  11.944891 -0.000035 -0.000193  -1.164279 -0.309220 -1.069643
29  10.620169 0.000004 0.000013  -0.458161 0.261556 -0.540289
30  4.751163 0.694377 -0.830473  -0.297277 -0.300987 0.911479
31  1.688064 -0.000028 0.000004  -0.001745 -0.024712 1.509542
32  1.336147 -0.000049 -0.000009  -0.008041 -0.037913 0.580426
33  4.820515 0.509340 0.224865  -0.369143 -0.079274 1.388143
34  1.827001 0.000065 0.000008  0.012416 0.038572 1.585248
35  1.436578 -0.000013 0.000007  0.012977 -0.007896 -0.182755
36  3.992350 0.891087 1.827997  -0.594116 0.149984 1.423254
37  1.405921 0.000023 -0.000005  -0.024588 -0.016365 1.859680
38  1.175363 -0.000133 0.000004  -0.069049 0.102236 -0.640671
39  4.526755 0.690457 1.120844  -0.483938 0.095932 1.619019
40  1.744042 -0.000032 -0.000001  -0.028737 -0.007170 1.737453
41  1.368768 -0.000031 -0.000020  -0.105942 0.118396 -0.918482
42  1.937356 1.013211 -0.909283  1.876188 0.375869 1.150661
43  1.523456 -0.000032 0.000002  0.023522 -0.061619 0.624912
44  1.599279 0.000002 0.000009  0.080644 -0.021774 1.089655
45  5.511807 -0.000001 0.000004  0.617880 0.000005 0.000007
46  0.196846 0.000001 -0.000002  -0.348225 0.000015 -0.000002
47  0.000000 0.000000 0.000000  -0.007167 0.005429 -1.567792
48  -5.281576 -19.796806 -1.088520  -0.543952 0.426406 1.652127
49  4.148438 0.245116 -3.369141  0.542658 1.118607 1.823909
50  -1.881951 -0.011782 0.033571  -0.000000 -0.000000 -0.000000
51  0.108920 0.117127 -5.026122  0.113674 -0.050944 0.117890
52  -0.027572 -0.000001 0.206380  -0.000000 -0.000000 -0.000000
53  -1.268348 -0.011782 1.789044  -0.000000 -0.000000 -0.000000
54  3.425048 0.230961 -13.777032  2.736423 0.277498 -1.680790
time 41
0  0.000000 7.449219 -27.500000  0.000000 -0.000000 -0.000001
1  -0.000002 -0.000000 0.000002  1.570743 -1.567137 -1.570743
2  4.255471 -0.335182 -0.000002  0.000000 -0.000000 -0.124848
3  7.431252 1.496477 0.000002  0.000000 -0.000000 0.245450
4  5.278481 0.165541 0.000001  0.000000 -0.000000 0.048511
5  2.787107 -12.601562 2.371094  1.975864 1.159909 -1.298786
6  -6.214485 -0.000007 -0.000027  -1.711865 -0.726081 0.808564
7  11.944886 -0.000002 -0.000002  -0.203707 -0.348773 1.512618
8  10.620185 0.000001 -0.000003  1.285506 0.410754 2.864673
9  -4.751109 -0.694494 0.830577  0.015781 -0.165461 0.438149
10  -1.688068 0.000048 -0.000031  0.014612 -0.020008 0.807967
11  -1.336140 0.000053 -0.000011  0.021168 -0.015777 1.194252
12  -4.820495 -0.509455 -0.224761  -0.297358 -0.050548 1.328587
13  -1.826988 -0.000073 0.000007  0.004249 0.040304 1.378879
14  -1.436584 0.000005 -0.000000  -0.054587 -0.055486 0.685663
15  -3.992355 -0.891188 -1.827909  -0.523732 0.138145 1.095785
16  -1.405914 -0.000025 -0.000000  -0.016290 -0.024628 1.460204
17  -1.175355 0.000126 -0.000021  0.049791 0.046300 0.725667
18  -4.526751 -0.690571 -1.120744  -0.361292 0.112520 1.351639
19  -1.744042 0.000033 -0.000008  -0.026556 -0.013108 1.523354
20  -1.368764 0.000026 0.000005  0.020850 0.048215 0.303416
21  -1.874797 -0.935125 0.999172  2.033502 0.447899 0.715008
22  -1.523451 0.000037 0.000030  0.083736 0.152575 0.605548
23  -1.599276 -0.000000 0.000013  0.034086 -0.026152 0.634453
24  5.582033 0.115723 0.294923  -0.433104 -3.086253 -0.044154
25  0.196847 -0.000002 0.000002  -0.348186 3.141587 0.000016
26  -0.817602 -13.052564 0.393892  -1.165731 1.981683 -1.298790
27  6.214491 0.000005 0.000018  -0.648274 0.591707 -1.846626
28  11.944892 -0.000034 -0.000191  -1.220828 -0.272165 -0.872948
29  10.620171 0.000005 0.000010  -0.639352 0.396756 -0.574323
30  4.751164 0.694376 -0.830473  -0.297277 -0.300987 0.911479
31  1.688066 -0.000029 0.000004  -0.001745 -0.024712 1.509542
32  1.336147 -0.000051 -0.000009  -0.008041 -0.037913 0.580426
33  4.820516 0.509340 0.224868  -0.369143 -0.079274 1.388143
34  1.827002 0.000067 0.000006  0.012416 0.038572 1.585248
35  1.436577 -0.000013 0.000006  0.012977 -0.007896 -0.182755
36  3.992350 0.891086 1.827996  -0.594116 0.149984 1.423254
37  1.405921 0.000023 -0.000009  -0.024588 -0.016365 1.859680
38  1.175361 -0.000132 0.000005  -0.069049 0.102236 -0.640671
39  4.526757 0.690456 1.120845  -0.483938 0.095932 1.619019
40  1.744042 -0.000031 0.000000  -0.028737 -0.007170 1.737453
41  1.368764 -0.000031 -0.000020  -0.105942 0.118396 -0.918482
42  1.937356 1.013210 -0.909282  1.876188 0.375869 1.150681
43  1.523455 -0.000034 0.000001  0.023522 -0.061619 0.624912
44  1.599280 0.000004 0.000008  0.080644 -0.021774 1.089655
45  5.511810 -0.000001 0.000002  0.617880 0.000005 0.000007
46  0.196845 0.000001 -0.000001  -0.348225 0.000015 -0.000002
47  0.000000 0.000000 0.000000  -0.007107 0.003859 -1.570247
48  -5.262044 -19.804619 -1.123677  -0.510805 0.423109 1.643833
49  4.148438 0.245117 -3.369141  0.542658 1.118607 1.823909
50  -1.881949 -0.011783 0.033572  0.000000 -0.000000 -0.000000
51  0.065948 0.128847 -4.928464  0.081136 0.082234 0.013603
52  -0.027572 0.000000 0.206380  -0.000000 0.000000 -0.000000
53  -1.268347 -0.011783 1.789045  0.000000 -0.000000 -0.000000
54  2.194543 -0.405776 -14.023131  2.611287 0.213772 -1.815114
time 42
0  0.000000 7.449219 -27.500000  0.000000 -0.000000 -0.000001
1  -0.000002 -0.000000 0.000002  1.570743 -1.567137 -1.570743
2  4.255471 -0.335182 -0.000002  0.000000 -0.000000 -0.124848
3  7.431252 1.496477 0.000002  0.000000 -0.000000 0.245450
4  5.278481 0.165541 0.000001  0.000000 -0.000000 0.048511
5  2.787107 -12.601562 2.371094  1.975864 1.159909 -1.298786
6  -6.214485 -0.000007 -0.000027  -1.711709 -0.728408 0.807964
7  11.944884 -0.000003 -0.000001  -0.203313 -0.348761 1.511466
8  10.620184 0.000002 -0.000004  1.308030 0.423440 2.874228
9  -4.751105 -0.694494 0.830578  0.015781 -0.165461 0.438149
10  -1.688066 0.000049 -0.000028  0.014612 -0.020008 0.807967
11  -1.336141 0.000055 -0.000012  0.021168 -0.015777 1.194252
12  -4.820495 -0.509457 -0.224761  -0.297358 -0.050548 1.328587
13  -1.826990 -0.000073 0.000006  0.004249 0.040304 1.378879
14  -1.436580 0.000005 0.000000  -0.054587 -0.055486 0.685634
15  -3.992354 -0.891189 -1.827909  -0.523732 0.138145 1.095785
16  -1.405914 -0.000027 -0.000001  -0.016290 -0.024628 1.460204
17  -1.175358 0.000126 -0.000022  0.049791 0.046300 0.725667
18  -4.526748 -0.690572 -1.120743  -0.361292 0.112520 1.351639
19  -1.744042 0.000032 -0.000008  -0.026556 -0.013108 1.523354
20  -1.368764 0.000026 0.000004  0.020850 0.048215 0.303416
21  -1.874794 -0.935125 0.999174  2.033502 0.447899 0.715008
22  -1.523452 0.000035 0.000031  0.083736 0.152575 0.605548
23  -1.599277 -0.000002 0.000013  0.034086 -0.026152 0.634453
24  5.582032 0.115722 0.294922  -0.433104 -3.086253 -0.044153
25  0.196846 -0.000001 0.000003  -0.348186 3.141587 0.000016
26  -0.817602 -13.052564 0.393892  -1.165731 1.981683 -1.298790
27  6.214491 0.000005 0.000018  -0.516346 0.499108 -1.807775
28  11.944895 -0.000035 -0.000190  -1.245131 -0.250532 -0.779020
29  10.620170 0.000005 0.000012  -0.762420 0.426037 -0.617546
30  4.751163 0.694376 -0.830475  -0.297277 -0.300987 0.911479
31  1.688066 -0.000031 0.000003  -0.001745 -0.024712 1.509542
32  1.336146 -0.000049 -0.000008  -0.008041 -0.037913 0.580426
33  4.820515 0.509340 0.224862  -0.369143 -0.079274 1.388143
34  1.827002 0.000066 0.000011  0.012416 0.038572 1.585248
35  1.436578 -0.000013 0.000006  0.012977 -0.007896 -0.182755
36  3.992350 0.891086 1.827993  -0.594116 0.149984 1.423254
37  1.405921 0.000020 -0.000008  -0.024588 -0.016365 1.859680
38  1.175365 -0.000132 0.000002  -0.069049 0.102236 -0.640671
39  4.526756 0.690457 1.120841  -0.483938 0.095932 1.619019
40  1.744042 -0.000029 -0.000001  -0.028737 -0.007170 1.737453
41  1.368763 -0.000031 -0.000020  -0.105942 0.118396 -0.918482
42  1.937356 1.013210 -0.909285  1.876188 0.375869 1.150661
43  1.523456 -0.000035 0.000001  0.023522 -0.061631 0.624912
44  1.599282 0.000002 0.000011  0.080644 -0.021774 1.089655
45  5.511809 -0.000002 0.000004  0.617880 0.000005 0.000007
46  0.196847 0.000000 -0.000000  -0.348225 0.000015 -0.000002
47  0.000000 0.000000 0.000000  -0.006987 0.002517 -1.572653
48  -5.246418 -19.808525 -1.166647  -0.498251 0.417541 1.628391
49  4.148438 0.245116 -3.369141  0.542658 1.118607 1.823909
50  -1.881950 -0.011783 0.033571  0.000000 -0.000000 0.000000
51  0.046417 0.132754 -4.877681  0.018720 0.147984 -0.047836
52  -0.027569 -0.000001 0.206380  0.000000 -0.000000 -0.000000
53  -1.268346 -0.011783 1.789045  0.000000 -0.000000 0.000000
54  1.514835 -1.058139 -14.042663  2.562820 0.137002 -1.877799
time 43
0  0.000000 7.449219 -27.500000  0.000000 -0.000000 -0.000001
1  -0.000002 -0.000000 0.000002  1.570743 -1.567137 -1.570743
2  4.255471 -0.335182 -0.000002  0.000000 -0.000000 -0.124848
3  7.431252 1.496477 0.000002  0.000000 -0.000000 0.245450
4  5.278481 0.165541 0.000001  0.000000 -0.000000 0.048511
5  2.787107 -12.601562 2.371094  1.975864 1.159909 -1.298786
6  -6.214485 -0.000007 -0.000027  -1.714478 -0.735075 0.797456
7  11.944886 -0.000003 -0.000002  -0.212567 -0.349156 1.538511
8  10.620184 0.000000 -0.000003  1.297478 0.448270 2.807401
9  -4.751107 -0.694495 0.830577  0.015781 -0.165461 0.438149
10  -1.688067 0.000048 -0.000029  0.014612 -0.020008 0.807967
11  -1.336140 0.000054 -0.000009  0.021168 -0.015777 1.194252
12  -4.820496 -0.509457 -0.224761  -0.297358 -0.050548 1.328587
13  -1.826987 -0.000074 0.000009  0.004249 0.040304 1.378879
14  -1.436578 0.000003 0.000001  -0.054587 -0.055486 0.685634
15  -3.992357 -0.891190 -1.827911  -0.523732 0.138145 1.095785
16  -1.405916 -0.000023 -0.000001  -0.016290 -0.024628 1.460204
17  -1.175358 0.000124 -0.000020  0.049791 0.046300 0.725667
18  -4.526750 -0.690572 -1.120745  -0.361292 0.112520 1.351639
19  -1.744041 0.000033 -0.000007  -0.026556 -0.013108 1.523354
20  -1.368766 0.000027 0.000004  0.020838 0.048215 0.303416
21  -1.874796 -0.935126 0.999172  2.033502 0.447899 0.715008
22  -1.523451 0.000037 0.000030  0.083736 0.152575 0.605548
23  -1.599278 -0.000003 0.000013  0.034086 -0.026152 0.634453
24  5.582031 0.115722 0.294923  -0.433104 -3.086253 -0.044154
25  0.196847 -0.000002 0.000002  -0.348186 3.141587 0.000016
26  -0.817602 -13.052564 0.393892  -1.165731 1.981683 -1.298790
27  6.214491 0.000005 0.000018  -0.353259 0.527247 -1.657895
28  11.944894 -0.000035 -0.000192  -1.180457 -0.300216 -1.015717
29  10.620170 0.000005 0.000013  -0.710971 0.231792 -0.489846
30  4.751163 0.694377 -0.830473  -0.297277 -0.300987 0.911479
31  1.688066 -0.000029 0.000005  -0.001745 -0.024712 1.509542
32  1.336146 -0.000053 -0.000010  -0.008041 -0.037913 0.580426
33  4.820516 0.509340 0.224865  -0.369143 -0.079274 1.388143
34  1.827002 0.000067 0.000008  0.012416 0.038572 1.585248
35  1.436579 -0.000013 0.000010  0.012977 -0.007896 -0.182755
36  3.992351 0.891086 1.827994  -0.594116 0.149984 1.423254
37  1.405921 0.000019 -0.000008  -0.024588 -0.016365 1.859680
38  1.175362 -0.000132 0.000003  -0.069049 0.102236 -0.640671
39  4.526757 0.690456 1.120842  -0.483938 0.095932 1.619019
40  1.744042 -0.000030 0.000000  -0.028737 -0.007170 1.737453
41  1.368764 -0.000032 -0.000020  -0.105942 0.118396 -0.918482
42  1.937357 1.013210 -0.909286  1.876188 0.375869 1.150661
43  1.523456 -0.000035 0.000003  0.023522 -0.061619 0.624912
44  1.599284 0.000006 0.000010  0.080644 -0.021774 1.089655
45  5.511808 -0.000002 0.000003  0.617880 0.000005 0.000007
46  0.196847 0.000001 -0.000002  -0.348225 0.000015 -0.000002
47  0.000000 0.000000 0.000000  -0.006783 0.001582 -1.574530
48  -5.219074 -19.769461 -1.221336  -0.518171 0.372602 1.619240
49  4.148441 0.245116 -3.369142  0.542658 1.118607 1.823909
50  -1.881948 -0.011783 0.033571  0.000000 -0.000000 0.000000
51  0.022982 0.058533 -4.807365  -0.050048 0.108699 -0.045054
52  -0.027574 -0.000000 0.206380  -0.000000 0.000000 -0.000000
53  -1.268347 -0.011782 1.789045  0.000000 -0.000000 0.000000
54  1.835158 -1.749567 -13.808281  2.618170 0.080698 -1.860172
time 44
0  0.000000 7.449219 -27.500000  0.000000 -0.000000 -0.000001
1  -0.000002 -0.000000 0.000002  1.570743 -1.567137 -1.570743
2  4.255471 -0.335182 -0.000002  0.000000 -0.000000 -0.124848
3  7.431252 1.496477 0.000002  0.000000 -0.000000 0.245450
4  5.278481 0.165541 0.000001  0.000000 -0.000000 0.048511
5  2.787107 -12.601562 2.371094  1.975864 1.159909 -1.298786
6  -6.214485 -0.000007 -0.000027  -1.719756 -0.751106 0.776891
7  11.944885 -0.000002 -0.000001  -0.228354 -0.349288 1.584687
8  10.620185 0.000002 -0.000004  1.265201 0.478451 2.687178
9  -4.751108 -0.694494 0.830577  0.015781 -0.165461 0.438149
10  -1.688067 0.000049 -0.000030  0.014612 -0.020008 0.807967
11  -1.336139 0.000055 -0.000011  0.021168 -0.015777 1.194252
12  -4.820496 -0.509456 -0.224762  -0.297358 -0.050548 1.328587
13  -1.826989 -0.000073 0.000007  0.004249 0.040304 1.378879
14  -1.436583 0.000006 -0.000000  -0.054587 -0.055486 0.685634
15  -3.992354 -0.891188 -1.827911  -0.523732 0.138145 1.095785
16  -1.405917 -0.000024 -0.000001  -0.016290 -0.024628 1.460204
17  -1.175358 0.000126 -0.000021  0.049791 0.046300 0.725667
18  -4.526749 -0.690571 -1.120746  -0.361292 0.112520 1.351639
19  -1.744041 0.000035 -0.000007  -0.026556 -0.013108 1.523354
20  -1.368764 0.000025 0.000005  0.020850 0.048215 0.303416
21  -1.874795 -0.935124 0.999171  2.033502 0.447899 0.715008
22  -1.523452 0.000035 0.000030  0.083736 0.152575 0.605548
23  -1.599278 -0.000002 0.000013  0.034086 -0.026152 0.634453
24  5.582030 0.115724 0.294922  -0.433104 -3.086253 -0.044154
25  0.196846 -0.000001 0.000002  -0.348186 3.141587 0.000016
26  -0.817602 -13.052564 0.393892  -1.165731 1.981683 -1.298790
27  6.214491 0.000005 0.000018  -0.246593 0.582514 -1.505112
28  11.944891 -0.000036 -0.000190  -1.077221 -0.340824 -1.340762
29  10.620169 0.000005 0.000014  -0.633408 -0.032373 -0.298707
30  4.751163 0.694376 -0.830473  -0.297277 -0.300987 0.911479
31  1.688066 -0.000028 0.000005  -0.001745 -0.024712 1.509542
32  1.336148 -0.000049 -0.000010  -0.008041 -0.037913 0.580426
33  4.820514 0.509340 0.224865  -0.369143 -0.079274 1.388143
34  1.827002 0.000068 0.000006  0.012416 0.038572 1.585248
35  1.436577 -0.000013 0.000008  0.012977 -0.007896 -0.182755
36  3.992349 0.891086 1.827996  -0.594116 0.149984 1.423254
37  1.405921 0.000019 -0.000008  -0.024588 -0.016365 1.859680
38  1.175359 -0.000132 0.000004  -0.069049 0.102236 -0.640671
39  4.526756 0.690456 1.120844  -0.483938 0.095932 1.619019
40  1.744042 -0.000033 0.000001  -0.028737 -0.007170 1.737453
41  1.368763 -0.000031 -0.000018  -0.105942 0.118396 -0.918482
42  1.937356 1.013210 -0.909283  1.876188 0.375869 1.150661
43  1.523455 -0.000034 0.000002  0.023522 -0.061619 0.624912
44  1.599281 -0.000000 0.000009  0.080644 -0.021774 1.089655
45  5.511808 -0.000000 0.000004  0.617880 0.000005 0.000007
46  0.196845 0.000001 -0.000002  -0.348225 0.000015 -0.000002
47  0.000000 0.000000 0.000000  -0.006496 0.001222 -1.575252
48  -5.070632 -19.703053 -1.420561  -0.551733 0.294295 1.623339
49  4.148437 0.245116 -3.369141  0.542658 1.118607 1.823909
50  -1.881952 -0.011782 0.033571  0.000000 -0.000000 -0.000000
51  0.011259 -0.011782 -4.369853  -0.083293 0.038162 -0.022918
52  -0.027573 0.000001 0.206380  0.000000 0.000000 -0.000000
53  -1.268349 -0.011782 1.789045  0.000000 -0.000000 -0.000000
54  2.487518 -2.085516 -13.152008  2.694743 0.065254 -1.830008
time 45
0  0.000000 7.449219 -27.500000  0.000000 -0.000000 -0.000001
1  -0.000002 -0.000000 0.000002  1.570743 -1.567137 -1.570743
2  4.255471 -0.335182 -0.000002  0.000000 -0.000000 -0.124848
3  7.431252 1.496477 0.000002  0.000000 -0.000000 0.245450
4  5.278481 0.165541 0.000001  0.000000 -0.000000 0.048511
5  2.787107 -12.601562 2.371094  1.975864 1.159909 -1.298786
6  -6.214485 -0.000007 -0.000027  -1.725763 -0.782400 0.752349
7  11.944884 -0.000003 -0.000002  -0.233178 -0.349192 1.598760
8  10.620186 0.000001 -0.000004  1.241404 0.511668 2.649407
9  -4.751109 -0.694494 0.830577  0.015781 -0.165461 0.438149
10  -1.688068 0.000048 -0.000030  0.014612 -0.020008 0.807967
11  -1.336139 0.000050 -0.000011  0.021168 -0.015777 1.194252
12  -4.820497 -0.509456 -0.224761  -0.297358 -0.050548 1.328587
13  -1.826989 -0.000073 0.000008  0.004249 0.040304 1.378879
14  -1.436578 0.000007 -0.000000  -0.054587 -0.055486 0.685634
15  -3.992358 -0.891189 -1.827911  -0.523732 0.138145 1.095785
16  -1.405917 -0.000023 -0.000001  -0.016290 -0.024628 1.460204
17  -1.175358 0.000126 -0.000021  0.049791 0.046300 0.725667
18  -4.526750 -0.690571 -1.120744  -0.361292 0.112520 1.351639
19  -1.744040 0.000030 -0.000007  -0.026556 -0.013108 1.523354
20  -1.368765 0.000026 0.000004  0.020850 0.048215 0.303416
21  -1.874799 -0.935125 0.999172  2.033502 0.447899 0.715008
22  -1.523450 0.000038 0.000029  0.083736 0.152575 0.605548
23  -1.599277 -0.000001 0.000013  0.034086 -0.026152 0.634453
24  5.582034 0.115724 0.294922  -0.433104 -3.086253 -0.044154
25  0.196846 -0.000001 0.000002  -0.348186 3.141587 0.000016
26  -0.817602 -13.052564 0.393892  -1.165731 1.981683 -1.298790
27  6.214491 0.000005 0.000018  -0.248259 0.588344 -1.559878
28  11.944893 -0.000034 -0.000190  -1.025326 -0.348376 -1.494084
29  10.620170 0.000004 0.000010  -0.612946 -0.273862 -0.248198
30  4.751164 0.694376 -0.830475  -0.297277 -0.300987 0.911479
31  1.688066 -0.000028 0.000002  -0.001745 -0.024712 1.509542
32  1.336146 -0.000050 -0.000009  -0.008041 -0.037913 0.580426
33  4.820515 0.509340 0.224862  -0.369143 -0.079274 1.388143
34  1.827002 0.000069 0.000008  0.012416 0.038572 1.585248
35  1.436576 -0.000013 0.000008  0.012977 -0.007896 -0.182755
36  3.992351 0.891086 1.827992  -0.594116 0.149984 1.423254
37  1.405921 0.000021 -0.000008  -0.024588 -0.016365 1.859680
38  1.175363 -0.000132 0.000002  -0.069049 0.102236 -0.640671
39  4.526757 0.690457 1.120841  -0.483938 0.095932 1.619019
40  1.744042 -0.000032 0.000000  -0.028737 -0.007170 1.737453
41  1.368761 -0.000030 -0.000021  -0.105942 0.118396 -0.918482
42  1.937357 1.013209 -0.909287  1.876188 0.375869 1.150661
43  1.523455 -0.000031 0.000004  0.023522 -0.061619 0.624912
44  1.599280 0.000003 0.000009  0.080644 -0.021774 1.089655
45  5.511808 0.000001 0.000002  0.617880 0.000005 0.000007
46  0.196847 0.000002 -0.000002  -0.348225 0.000015 -0.000002
47  0.000000 0.000000 0.000000  0.007778 0.001738 -1.574627
48  -4.652650 -19.667896 -1.916670  -0.568125 0.252021 1.628487
49  4.148438 0.245117 -3.369140  0.542658 1.118607 1.823909
50  -1.881950 -0.011781 0.033571  0.000000 -0.000000 0.000000
51  0.011262 -0.011782 -1.998685  0.000000 -0.000000 0.000000
52  -0.027572 0.000001 0.206380  0.000000 -0.000000 0.000000
53  -1.268345 -0.011782 1.789045  0.000000 -0.000000 0.000000
54  2.866440 -1.296426 -10.819906  2.712429 0.155145 -1.806725
time 46
0  0.000000 7.449219 -27.500000  0.000000 -0.000000 -0.000001
1  -0.000002 -0.000000 0.000002  1.570743 -1.567137 -1.570743
2  4.255471 -0.335182 -0.000002  0.000000 -0.000000 -0.124848
3  7.431252 1.496477 0.000002  0.000000 -0.000000 0.245450
4  5.278481 0.165541 0.000001  0.000000 -0.000000 0.048511
5  2.787107 -12.601562 2.371094  1.975864 1.159909 -1.298786
6  -6.214485 -0.000007 -0.000027  -1.709619 -0.834143 0.761505
7  11.944884 -0.000004 -0.000002  -0.224857 -0.349324 1.574420
8  10.620186 0.000001 -0.000004  1.381679 0.438380 2.827143
9  -4.751107 -0.694494 0.830579  0.015781 -0.165461 0.438149
10  -1.688067 0.000047 -0.000030  0.014612 -0.020008 0.807967
11  -1.336140 0.000053 -0.000013  0.021168 -0.015777 1.194252
12  -4.820497 -0.509457 -0.224761  -0.297358 -0.050548 1.328587
13  -1.826988 -0.000073 0.000008  0.004249 0.040304 1.378879
14  -1.436576 0.000006 0.000000  -0.054587 -0.055486 0.685634
15  -3.992356 -0.891189 -1.827910  -0.523732 0.138145 1.095785
16  -1.405916 -0.000022 -0.000001  -0.016290 -0.024628 1.460204
17  -1.175359 0.000126 -0.000020  0.049791 0.046300 0.725667
18  -4.526752 -0.690572 -1.120745  -0.361292 0.112520 1.351639
19  -1.744041 0.000030 -0.000008  -0.026556 -0.013108 1.523354
20  -1.368765 0.000027 0.000005  0.020850 0.048215 0.303416
21  -1.874797 -0.935125 0.999172  2.033502 0.447899 0.715008
22  -1.523451 0.000037 0.000030  0.083736 0.152575 0.605548
23  -1.599277 -0.000001 0.000014  0.034086 -0.026152 0.634453
24  5.582033 0.115725 0.294922  -0.433104 -3.086253 -0.044154
25  0.196846 -0.000002 0.000002  -0.348186 3.141587 0.000016
26  -0.817602 -13.052564 0.393892  -1.165731 1.981683 -1.298790
27  6.214491 0.000005 0.000018  -0.275602 0.572565 -1.699648
28  11.944895 -0.000034 -0.000191  -1.049667 -0.345790 -1.422534
29  10.620170 0.000004 0.000012  -0.602714 -0.332129 -0.421320
30  4.751163 0.694376 -0.830474  -0.297277 -0.300987 0.911479
31  1.688065 -0.000030 0.000003  -0.001745 -0.024712 1.509542
32  1.336144 -0.000051 -0.000010  -0.008041 -0.037913 0.580426
33  4.820515 0.509340 0.224863  -0.369143 -0.079274 1.388143
34  1.827002 0.000068 0.000008  0.012416 0.038572 1.585248
35  1.436580 -0.000013 0.000007  0.012977 -0.007896 -0.182755
36  3.992351 0.891086 1.827994  -0.594116 0.149984 1.423254
37  1.405921 0.000023 -0.000009  -0.024588 -0.016365 1.859680
38  1.175360 -0.000132 0.000004  -0.069049 0.102236 -0.640671
39  4.526756 0.690456 1.120843  -0.483938 0.095932 1.619019
40  1.744042 -0.000030 0.000000  -0.028737 -0.007170 1.737453
41  1.368765 -0.000031 -0.000019  -0.105942 0.118396 -0.918482
42  1.937358 1.013210 -0.909283  1.876188 0.375869 1.150661
43  1.523455 -0.000029 0.000002  0.023522 -0.061619 0.624912
44  1.599282 0.000005 0.000008  0.080644 -0.021774 1.089655
45  5.511807 -0.000000 0.000004  0.617880 0.000005 0.000007
46  0.196847 0.000002 -0.000001  -0.348225 0.000015 -0.000002
47  0.000000 0.000000 0.000000  0.021884 0.003260 -1.574049
48  -4.187792 -19.667896 -2.588565  -0.414163 0.299191 1.662517
49  4.148439 0.245117 -3.369141  0.542658 1.118607 1.823909
50  -1.881949 -0.011782 0.033571  0.000000 -0.000000 -0.000000
51  0.011261 -0.011782 0.169350  0.000000 -0.000000 -0.000000
52  -0.027572 -0.000001 0.206380  0.000000 -0.000000 -0.000000
53  -1.268345 -0.011782 1.789046  0.000000 -0.000000 -0.000000
54  2.866438 -1.296428 -8.647967  2.712429 0.155145 -1.806725
time 47
0  0.000000 7.449219 -27.500000  0.000000 -0.000000 -0.000001
1  -0.000002 -0.000000 0.000002  1.570743 -1.567137 -1.570743
2  4.255471 -0.335182 -0.000002  0.000000 -0.000000 -0.124848
3  7.431252 1.496477 0.000002  0.000000 -0.000000 0.245450
4  5.278481 0.165541 0.000001  0.000000 -0.000000 0.048511
5  2.787107 -12.601562 2.371094  1.975864 1.159909 -1.298786
6  -6.214485 -0.000007 -0.000027  -1.702251 -0.849221 0.765258
7  11.944885 -0.000002 -0.000001  -0.229103 -0.349276 1.586840
8  10.620186 -0.000000 -0.000004  1.313379 0.384451 2.800760
9  -4.751110 -0.694494 0.830576  0.015781 -0.165461 0.438149
10  -1.688068 0.000048 -0.000030  0.014612 -0.020008 0.807967
11  -1.336139 0.000055 -0.000011  0.021168 -0.015777 1.194252
12  -4.820496 -0.509456 -0.224761  -0.297358 -0.050548 1.328587
13  -1.826989 -0.000076 0.000008  0.004249 0.040304 1.378879
14  -1.436581 0.000005 -0.000000  -0.054587 -0.055486 0.685634
15  -3.992359 -0.891189 -1.827911  -0.523732 0.138145 1.095785
16  -1.405915 -0.000025 -0.000001  -0.016290 -0.024628 1.460204
17  -1.175357 0.000126 -0.000020  0.049791 0.046300 0.725667
18  -4.526752 -0.690572 -1.120745  -0.361292 0.112520 1.351639
19  -1.744042 0.000032 -0.000007  -0.026556 -0.013108 1.523354
20  -1.368766 0.000027 0.000004  0.020850 0.048215 0.303416
21  -1.874799 -0.935125 0.999171  2.033502 0.447899 0.715008
22  -1.523452 0.000035 0.000030  0.083736 0.152575 0.605548
23  -1.599277 -0.000001 0.000013  0.034086 -0.026152 0.634453
24  5.582031 0.115723 0.294922  -0.433104 -3.086253 -0.044154
25  0.196846 -0.000001 0.000002  -0.348186 3.141587 0.000016
26  -0.817602 -13.052564 0.393892  -1.165731 1.981683 -1.298790
27  6.214491 0.000005 0.000018  -0.314673 0.612082 -1.701239
28  11.944892 -0.000035 -0.000190  -1.033969 -0.347650 -1.468724
29  10.620168 0.000005 0.000012  -0.492947 -0.335246 -0.403794
30  4.751164 0.694376 -0.830474  -0.297277 -0.300987 0.911479
31  1.688064 -0.000030 0.000002  -0.001745 -0.024712 1.509542
32  1.336147 -0.000053 -0.000009  -0.008041 -0.037913 0.580426
33  4.820516 0.509340 0.224865  -0.369143 -0.079274 1.388143
34  1.827002 0.000069 0.000009  0.012416 0.038572 1.585248
35  1.436580 -0.000013 0.000005  0.012977 -0.007896 -0.182755
36  3.992350 0.891086 1.827995  -0.594116 0.149984 1.423254
37  1.405921 0.000023 -0.000008  -0.024588 -0.016365 1.859680
38  1.175363 -0.000132 0.000003  -0.069049 0.102236 -0.640671
39  4.526757 0.690456 1.120843  -0.483938 0.095932 1.619019
40  1.744042 -0.000030 0.000000  -0.028737 -0.007170 1.737453
41  1.368762 -0.000030 -0.000020  -0.105942 0.118396 -0.918482
42  1.937358 1.013210 -0.909282  1.876188 0.375869 1.150661
43  1.523456 -0.000032 0.000002  0.023522 -0.061619 0.624912
44  1.599280 0.000001 0.000009  0.080644 -0.021774 1.089655
45  5.511809 -0.000001 0.000003  0.617880 0.000005 0.000007
46  0.196845 0.000001 -0.000000  -0.348225 0.000015 -0.000002
47  0.000000 0.000000 0.000000  0.008629 0.005453 -1.574242
48  -4.277639 -19.667896 -2.799509  -0.449697 0.303298 1.717804
49  4.148438 0.245116 -3.369142  0.542658 1.118607 1.823909
50  -1.881951 -0.011783 0.033571  -0.000000 -0.000000 -0.000000
51  0.011260 -0.011782 0.169349  -0.000000 -0.000000 -0.000000
52  -0.027568 -0.000001 0.206380  -0.000000 -0.000000 -0.000000
53  -1.268346 -0.011783 1.789045  -0.000000 -0.000000 -0.000000
54  2.866437 -1.296429 -8.647968  2.712429 0.155145 -1.806725
time 48
0  0.000000 7.449219 -27.500000  0.000000 -0.000000 -0.000001
1  -0.000002 -0.000000 0.000002  1.570743 -1.567137 -1.570743
2  4.255471 -0.335182 -0.000002  0.000000 -0.000000 -0.124848
3  7.431252 1.496477 0.000002  0.000000 -0.000000 0.245450
4  5.278481 0.165541 0.000001  0.000000 -0.000000 0.048511
5  2.787107 -12.601562 2.371094  1.975864 1.159909 -1.298786
6  -6.214485 -0.000007 -0.000027  -1.698020 -0.853771 0.767660
7  11.944887 -0.000003 -0.000001  -0.235150 -0.349144 1.604519
8  10.620186 -0.000000 -0.000004  1.257596 0.352136 2.753855
9  -4.751106 -0.694495 0.830578  0.015781 -0.165461 0.438149
10  -1.688069 0.000049 -0.000029  0.014612 -0.020008 0.807967
11  -1.336141 0.000053 -0.000010  0.021168 -0.015777 1.194252
12  -4.820495 -0.509458 -0.224759  -0.297358 -0.050548 1.328587
13  -1.826989 -0.000073 0.000009  0.004249 0.040304 1.378879
14  -1.436581 0.000004 0.000001  -0.054587 -0.055486 0.685634
15  -3.992356 -0.891190 -1.827908  -0.523732 0.138145 1.095785
16  -1.405914 -0.000026 -0.000000  -0.016290 -0.024628 1.460204
17  -1.175359 0.000124 -0.000020  0.049791 0.046300 0.725667
18  -4.526751 -0.690573 -1.120744  -0.361292 0.112520 1.351639
19  -1.744042 0.000034 -0.000008  -0.026556 -0.013108 1.523354
20  -1.368765 0.000026 0.000005  0.020850 0.048215 0.303416
21  -1.874798 -0.935126 0.999172  2.033502 0.447899 0.715008
22  -1.523453 0.000035 0.000030  0.083736 0.152575 0.605548
23  -1.599276 -0.000001 0.000013  0.034086 -0.026152 0.634453
24  5.582032 0.115723 0.294922  -0.433104 -3.086253 -0.044154
25  0.196846 -0.000002 0.000002  -0.348186 3.141587 0.000016
26  -0.817602 -13.052564 0.393892  -1.165731 1.981683 -1.298790
27  6.214491 0.000005 0.000018  -0.380463 0.650618 -1.722678
28  11.944893 -0.000033 -0.000191  -1.017791 -0.348841 -1.516185
29  10.620168 0.000005 0.000012  -0.395750 -0.338252 -0.349314
30  4.751163 0.694376 -0.830471  -0.297277 -0.300987 0.911479
31  1.688064 -0.000029 0.000002  -0.001745 -0.024712 1.509542
32  1.336148 -0.000051 -0.000011  -0.008041 -0.037913 0.580426
33  4.820515 0.509340 0.224867  -0.369143 -0.079274 1.388143
34  1.827001 0.000070 0.000007  0.012416 0.038572 1.585248
35  1.436575 -0.000015 0.000007  0.012977 -0.007896 -0.182755
36  3.992350 0.891086 1.827997  -0.594116 0.149984 1.423254
37  1.405922 0.000019 -0.000009  -0.024588 -0.016365 1.859680
38  1.175361 -0.000132 0.000003  -0.069049 0.102236 -0.640671
39  4.526756 0.690456 1.120844  -0.483938 0.095932 1.619019
40  1.744042 -0.000030 0.000001  -0.028737 -0.007170 1.737453
41  1.368762 -0.000030 -0.000020  -0.105942 0.118396 -0.918482
42  1.937357 1.013210 -0.909282  1.876188 0.375869 1.150661
43  1.523456 -0.000032 0.000002  0.023522 -0.061619 0.624912
44  1.599282 0.000002 0.000009  0.080644 -0.021774 1.089655
45  5.511808 -0.000001 0.000004  0.617880 0.000005 0.000007
46  0.196847 0.000002 -0.000001  -0.348225 0.000015 -0.000002
47  0.000000 0.000000 0.000000  -0.004626 0.006639 -1.574434
48  -4.422174 -19.667896 -2.850292  -0.489692 0.294729 1.751071
49  4.148436 0.245117 -3.369142  0.542658 1.118607 1.823909
50  -1.881953 -0.011782 0.033571  -0.000000 0.000000 0.000000
51  0.011258 -0.011781 0.169349  -0.000000 0.000000 0.000000
52  -0.027571 0.000001 0.206380  -0.000000 0.000000 0.000000
53  -1.268349 -0.011781 1.789045  -0.000000 0.000000 0.000000
54  2.866436 -1.296427 -8.647967  2.712429 0.155145 -1.806725
time 49
0  0.000000 7.449219 -27.500000  0.000000 -0.000000 -0.000001
1  -0.000002 -0.000000 0.000002  1.570743 -1.567137 -1.570743
2  4.255471 -0.335182 -0.000002  0.000000 -0.000000 -0.124848
3  7.431252 1.496477 0.000002  0.000000 -0.000000 0.245450
4  5.278481 0.165541 0.000001  0.000000 -0.000000 0.048511
5  2.787107 -12.601562 2.371094  1.975864 1.159909 -1.298786
6  -6.214485 -0.000007 -0.000027  -1.692115 -0.863295 0.770812
7  11.944883 -0.000002 -0.000001  -0.238975 -0.349001 1.615687
8  10.620187 0.000002 -0.000004  1.285943 0.345582 2.747815
9  -4.751108 -0.694494 0.830578  0.015781 -0.165461 0.438149
10  -1.688068 0.000048 -0.000031  0.014612 -0.020008 0.807967
11  -1.336140 0.000055 -0.000011  0.021168 -0.015777 1.194252
12  -4.820496 -0.509456 -0.224759  -0.297358 -0.050548 1.328587
13  -1.826988 -0.000074 0.000008  0.004249 0.040304 1.378879
14  -1.436580 0.000005 0.000000  -0.054587 -0.055486 0.685634
15  -3.992357 -0.891189 -1.827910  -0.523732 0.138145 1.095785
16  -1.405914 -0.000021 -0.000000  -0.016290 -0.024628 1.460204
17  -1.175358 0.000125 -0.000021  0.049791 0.046300 0.725667
18  -4.526750 -0.690571 -1.120744  -0.361292 0.112520 1.351639
19  -1.744042 0.000033 -0.000007  -0.026556 -0.013108 1.523354
20  -1.368764 0.000026 0.000005  0.020850 0.048215 0.303416
21  -1.874797 -0.935125 0.999173  2.033502 0.447899 0.715008
22  -1.523452 0.000035 0.000030  0.083736 0.152575 0.605548
23  -1.599275 -0.000000 0.000013  0.034086 -0.026152 0.634453
24  5.582034 0.115724 0.294923  -0.433104 -3.086253 -0.044154
25  0.196846 -0.000002 0.000003  -0.348186 3.141587 0.000016
26  -0.817602 -13.052564 0.393892  -1.165731 1.981683 -1.298790
27  6.214491 0.000005 0.000018  -0.436260 0.691004 -1.763869
28  11.944891 -0.000035 -0.000191  -1.018826 -0.348785 -1.513146
29  10.620170 0.000004 0.000013  -0.377821 -0.316764 -0.345540
30  4.751164 0.694376 -0.830474  -0.297277 -0.300987 0.911479
31  1.688065 -0.000029 0.000003  -0.001745 -0.024712 1.509542
32  1.336148 -0.000050 -0.000010  -0.008041 -0.037913 0.580426
33  4.820517 0.509340 0.224865  -0.369143 -0.079274 1.388143
34  1.827001 0.000070 0.000007  0.012416 0.038572 1.585248
35  1.436580 -0.000014 0.000007  0.012977 -0.007896 -0.182755
36  3.992352 0.891086 1.827996  -0.594116 0.149984 1.423254
37  1.405921 0.000020 -0.000009  -0.024588 -0.016365 1.859680
38  1.175364 -0.000132 0.000003  -0.069049 0.102236 -0.640671
39  4.526758 0.690457 1.120843  -0.483938 0.095932 1.619019
40  1.744042 -0.000030 -0.000000  -0.028737 -0.007170 1.737453
41  1.368763 -0.000031 -0.000018  -0.105942 0.118396 -0.918482
42  1.937358 1.013211 -0.909282  1.876188 0.375869 1.150661
43  1.523456 -0.000031 0.000003  0.023522 -0.061631 0.624912
44  1.599281 0.000003 0.000008  0.080644 -0.021774 1.089655
45  5.511808 -0.000001 0.000003  0.617880 0.000005 0.000007
46  0.196846 0.000001 -0.000002  -0.348225 0.000015 -0.000002
47  0.000000 0.000000 0.000000  -0.000899 0.006580 -1.574193
48  -4.484676 -19.667896 -2.979202  -0.465882 0.275557 1.746305
49  4.148438 0.245117 -3.369141  0.542658 1.118607 1.823909
50  -1.881950 -0.011783 0.033571  0.000000 -0.000000 -0.000000
51  0.011259 -0.011781 0.169349  0.000000 -0.000000 -0.000000
52  -0.027570 -0.000000 0.206380  0.000000 -0.000000 -0.000000
53  -1.268348 -0.011781 1.789045  0.000000 -0.000000 -0.000000
54  2.866438 -1.296428 -8.647967  2.712429 0.155145 -1.806725
time 50
0  0.000000 7.449219 -27.500000  0.000000 -0.000000 -0.000001
1  -0.000002 -0.000000 0.000002  1.570743 -1.567137 -1.570743
2  4.255471 -0.335182 -0.000002  0.000000 -0.000000 -0.124848
3  7.431252 1.496477 0.000002  0.000000 -0.000000 0.245450
4  5.278481 0.165541 0.000001  0.000000 -0.000000 0.048511
5  2.787107 -12.601562 2.371094  1.975864 1.159909 -1.298786
6  -6.214485 -0.000007 -0.000027  -1.684906 -0.876733 0.774264
7  11.944885 -0.000002 -0.000001  -0.240894 -0.348917 1.621297
8  10.620185 0.000001 -0.000004  1.338741 0.343508 2.765634
9  -4.751107 -0.694493 0.830578  0.015781 -0.165461 0.438149
10  -1.688070 0.000048 -0.000030  0.014612 -0.020008 0.807967
11  -1.336142 0.000055 -0.000011  0.021168 -0.015777 1.194252
12  -4.820496 -0.509455 -0.224760  -0.297358 -0.050548 1.328587
13  -1.826988 -0.000073 0.000008  0.004249 0.040304 1.378879
14  -1.436580 0.000006 0.000000  -0.054587 -0.055486 0.685634
15  -3.992353 -0.891188 -1.827908  -0.523732 0.138145 1.095785
16  -1.405915 -0.000023 -0.000001  -0.016290 -0.024628 1.460204
17  -1.175358 0.000125 -0.000021  0.049791 0.046300 0.725667
18  -4.526750 -0.690571 -1.120744  -0.361292 0.112520 1.351639
19  -1.744042 0.000029 -0.000008  -0.026556 -0.013108 1.523354
20  -1.368766 0.000026 0.000005  0.020850 0.048215 0.303416
21  -1.874797 -0.935125 0.999172  2.033502 0.447899 0.715008
22  -1.523451 0.000035 0.000030  0.083736 0.152575 0.605548
23  -1.599273 0.000002 0.000013  0.034086 -0.026152 0.634453
24  5.582030 0.115722 0.294923  -0.433104 -3.086253 -0.044154
25  0.196846 -0.000001 0.000003  -0.348186 3.141587 0.000016
26  -0.817602 -13.052564 0.393892  -1.165731 1.981683 -1.298790
27  6.214491 0.000005 0.000018  -0.488656 0.730044 -1.810397
28  11.944894 -0.000034 -0.000193  -1.027025 -0.348246 -1.489112
29  10.620169 0.000004 0.000014  -0.385617 -0.279132 -0.365527
30  4.751165 0.694376 -0.830475  -0.297277 -0.300987 0.911479
31  1.688064 -0.000028 0.000003  -0.001745 -0.024712 1.509542
32  1.336146 -0.000051 -0.000009  -0.008041 -0.037913 0.580426
33  4.820517 0.509340 0.224862  -0.369143 -0.079274 1.388143
34  1.827002 0.000068 0.000007  0.012416 0.038572 1.585248
35  1.436577 -0.000013 0.000008  0.012977 -0.007896 -0.182755
36  3.992352 0.891086 1.827993  -0.594116 0.149984 1.423254
37  1.405921 0.000023 -0.000010  -0.024588 -0.016365 1.859680
38  1.175360 -0.000132 0.000003  -0.069049 0.102236 -0.640671
39  4.526757 0.690456 1.120840  -0.483938 0.095932 1.619019
40  1.744042 -0.000030 0.000001  -0.028737 -0.007170 1.737453
41  1.368763 -0.000030 -0.000021  -0.105942 0.118396 -0.918482
42  1.937356 1.013210 -0.909285  1.876188 0.375869 1.150661
43  1.523456 -0.000034 0.000003  0.023522 -0.061631 0.624912
44  1.599281 0.000002 0.000009  0.080644 -0.021774 1.089655
45  5.511809 -0.000002 0.000004  0.617880 0.000005 0.000007
46  0.196846 0.000001 -0.000002  -0.348225 0.000015 -0.000002
47  0.000000 0.000000 0.000000  0.007275 0.006412 -1.573568
48  -4.504208 -19.667896 -3.174521  -0.420544 0.259722 1.732102
49  4.148439 0.245116 -3.369141  0.542658 1.118607 1.823909
50  -1.881948 -0.011783 0.033571  0.000000 -0.000000 -0.000000
51  0.011261 -0.011782 0.169349  0.000000 -0.000000 -0.000000
52  -0.027573 0.000000 0.206380  0.000000 -0.000000 -0.000000
53  -1.268345 -0.011783 1.789044  0.000000 -0.000000 -0.000000
54  2.866439 -1.296428 -8.647965  2.712429 0.155145 -1.806725
time 51
0  0.000000 7.449219 -27.500000  0.000000 -0.000000 -0.000001
1  -0.000002 -0.000000 0.000002  1.570743 -1.567137 -1.570743
2  4.255471 -0.335182 -0.000002  0.000000 -0.000000 -0.124848
3  7.431252 1.496477 0.000002  0.000000 -0.000000 0.245450
4  5.278481 0.165541 0.000001  0.000000 -0.000000 0.048511
5  2.787107 -12.601562 2.371094  1.975864 1.159909 -1.298786
6  -6.214485 -0.000007 -0.000027  -1.677852 -0.888875 0.777867
7  11.944884 -0.000004 -0.000001  -0.241946 -0.348857 1.624402
8  10.620187 0.000001 -0.000003  1.365960 0.338398 2.782220
9  -4.751105 -0.694494 0.830579  0.015781 -0.165461 0.438149
10  -1.688068 0.000048 -0.000030  0.014612 -0.020008 0.807967
11  -1.336139 0.000055 -0.000010  0.021168 -0.015777 1.194252
12  -4.820495 -0.509456 -0.224759  -0.297358 -0.050548 1.328587
13  -1.826989 -0.000074 0.000007  0.004249 0.040304 1.378879
14  -1.436581 0.000003 0.000000  -0.054587 -0.055486 0.685634
15  -3.992353 -0.891189 -1.827909  -0.523732 0.138145 1.095785
16  -1.405916 -0.000023 -0.000001  -0.016290 -0.024628 1.460204
17  -1.175359 0.000126 -0.000020  0.049791 0.046300 0.725667
18  -4.526747 -0.690572 -1.120742  -0.361292 0.112520 1.351639
19  -1.744041 0.000032 -0.000008  -0.026556 -0.013108 1.523354
20  -1.368767 0.000027 0.000005  0.020850 0.048215 0.303416
21  -1.874795 -0.935125 0.999173  2.033502 0.447899 0.715008
22  -1.523451 0.000036 0.000031  0.083736 0.152575 0.605548
23  -1.599276 -0.000001 0.000013  0.034086 -0.026152 0.634453
24  5.582031 0.115724 0.294923  -0.433104 -3.086253 -0.044154
25  0.196846 -0.000002 0.000002  -0.348186 3.141587 0.000016
26  -0.817602 -13.052564 0.393892  -1.165731 1.981683 -1.298790
27  6.214491 0.000005 0.000018  -0.546743 0.762443 -1.854958
28  11.944896 -0.000035 -0.000191  -1.033452 -0.347706 -1.470271
29  10.620169 0.000004 0.000009  -0.376896 -0.237381 -0.371369
30  4.751163 0.694376 -0.830471  -0.297277 -0.300999 0.911479
31  1.688065 -0.000029 0.000003  -0.001745 -0.024712 1.509542
32  1.336145 -0.000051 -0.000009  -0.008041 -0.037913 0.580426
33  4.820514 0.509340 0.224868  -0.369143 -0.079274 1.388143
34  1.827001 0.000067 0.000010  0.012416 0.038572 1.585248
35  1.436577 -0.000012 0.000008  0.012977 -0.007896 -0.182755
36  3.992349 0.891086 1.827999  -0.594116 0.149984 1.423254
37  1.405921 0.000025 -0.000009  -0.024588 -0.016365 1.859680
38  1.175362 -0.000133 0.000004  -0.069049 0.102236 -0.640671
39  4.526754 0.690457 1.120846  -0.483938 0.095932 1.619019
40  1.744043 -0.000031 0.000000  -0.028737 -0.007170 1.737453
41  1.368762 -0.000031 -0.000018  -0.105942 0.118396 -0.918482
42  1.937354 1.013210 -0.909282  1.876188 0.375869 1.150661
43  1.523456 -0.000032 0.000001  0.023522 -0.061619 0.624912
44  1.599281 0.000003 0.000010  0.080644 -0.021774 1.089655
45  5.511809 -0.000003 0.000001  0.617880 0.000005 0.000007
46  0.196848 0.000001 -0.000002  -0.348225 0.000015 -0.000002
47  0.000000 0.000000 0.000000  0.015460 0.006184 -1.572750
48  -4.566710 -19.667896 -3.362026  -0.396059 0.253364 1.723809
49  4.148438 0.245116 -3.369140  0.542658 1.118607 1.823909
50  -1.881950 -0.011783 0.033572  0.000000 0.000000 0.000000
51  0.011259 -0.011783 0.169349  0.000000 0.000000 0.000000
52  -0.027575 -0.000000 0.206380  0.000000 0.000000 0.000000
53  -1.268348 -0.011783 1.789045  0.000000 0.000000 0.000000
54  2.866439 -1.296428 -8.647967  2.712429 0.155145 -1.806725
time 52
0  0.000000 7.449219 -27.500000  0.000000 -0.000000 -0.000001
1  -0.000002 -0.000000 0.000002  1.570743 -1.567137 -1.570743
2  4.255471 -0.335182 -0.000002  0.000000 -0.000000 -0.124848
3  7.431252 1.496477 0.000002  0.000000 -0.000000 0.245450
4  5.278481 0.165541 0.000001  0.000000 -0.000000 0.048511
5  2.787107 -12.601562 2.371094  1.975864 1.159909 -1.298786
6  -6.214485 -0.000007 -0.000027  -1.670485 -0.894034 0.786198
7  11.944884 -0.000004 -0.000001  -0.239382 -0.348977 1.616889
8  10.620186 0.000001 -0.000004  1.355989 0.321023 2.806439
9  -4.751106 -0.694494 0.830577  0.015781 -0.165461 0.438149
10  -1.688068 0.000050 -0.000030  0.014612 -0.020008 0.807967
11  -1.336140 0.000058 -0.000011  0.021168 -0.015777 1.194252
12  -4.820495 -0.509456 -0.224760  -0.297358 -0.050548 1.328587
13  -1.826988 -0.000074 0.000009  0.004249 0.040304 1.378879
14  -1.436583 0.000005 0.000001  -0.054587 -0.055486 0.685634
15  -3.992355 -0.891188 -1.827910  -0.523732 0.138145 1.095785
16  -1.405915 -0.000023 0.000000  -0.016290 -0.024628 1.460204
17  -1.175358 0.000126 -0.000021  0.049791 0.046300 0.725667
18  -4.526747 -0.690571 -1.120744  -0.361292 0.112520 1.351639
19  -1.744041 0.000030 -0.000007  -0.026556 -0.013108 1.523354
20  -1.368763 0.000027 0.000005  0.020838 0.048215 0.303416
21  -1.874797 -0.935125 0.999171  2.033502 0.447899 0.715008
22  -1.523451 0.000037 0.000030  0.083736 0.152575 0.605548
23  -1.599276 -0.000001 0.000014  0.034086 -0.026152 0.634453
24  5.582032 0.115724 0.294922  -0.433104 -3.086253 -0.044154
25  0.196846 -0.000003 0.000003  -0.348186 3.141587 0.000016
26  -0.817602 -13.052564 0.393892  -1.165731 1.981683 -1.298790
27  6.214491 0.000005 0.000018  -0.610798 0.779342 -1.899146
28  11.944892 -0.000034 -0.000191  -1.041726 -0.346813 -1.445905
29  10.620168 0.000004 0.000010  -0.341622 -0.182826 -0.368743
30  4.751165 0.694376 -0.830474  -0.297277 -0.300987 0.911479
31  1.688066 -0.000031 0.000002  -0.001745 -0.024712 1.509542
32  1.336148 -0.000050 -0.000009  -0.008041 -0.037913 0.580426
33  4.820517 0.509340 0.224863  -0.369143 -0.079274 1.388143
34  1.827001 0.000067 0.000007  0.012416 0.038572 1.585248
35  1.436580 -0.000012 0.000007  0.012977 -0.007896 -0.182755
36  3.992352 0.891086 1.827994  -0.594116 0.149984 1.423254
37  1.405921 0.000023 -0.000008  -0.024588 -0.016365 1.859680
38  1.175361 -0.000133 0.000003  -0.069049 0.102236 -0.640671
39  4.526759 0.690456 1.120841  -0.483938 0.095932 1.619019
40  1.744042 -0.000031 0.000001  -0.028737 -0.007170 1.737453
41  1.368764 -0.000030 -0.000020  -0.105942 0.118396 -0.918482
42  1.937358 1.013210 -0.909285  1.876188 0.375869 1.150661
43  1.523455 -0.000029 0.000003  0.023522 -0.061631 0.624912
44  1.599280 0.000002 0.000009  0.080644 -0.021774 1.089655
45  5.511807 -0.000000 0.000003  0.617880 0.000005 0.000007
46  0.196846 0.000001 -0.000001  -0.348225 0.000015 -0.000002
47  0.000000 0.000000 0.000000  0.019175 0.005968 -1.571787
48  -4.730778 -19.703053 -3.487030  -0.398912 0.268370 1.728289
49  4.148437 0.245118 -3.369142  0.542658 1.118607 1.823909
50  -1.881952 -0.011782 0.033571  -0.000000 0.000000 0.000000
51  0.011258 -0.011781 0.169349  -0.000000 0.000000 0.000000
52  -0.027573 0.000001 0.206380  -0.000000 0.000000 0.000000
53  -1.268349 -0.011781 1.789045  -0.000000 0.000000 0.000000
54  2.866437 -1.296427 -8.647967  2.712429 0.155145 -1.806725
time 53
0  0.000000 7.449219 -27.500000  0.000000 -0.000000 -0.000001
1  -0.000002 -0.000000 0.000002  1.570743 -1.567137 -1.570743
2  4.255471 -0.335182 -0.000002  0.000000 -0.000000 -0.124848
3  7.431252 1.496477 0.000002  0.000000 -0.000000 0.245450
4  5.278481 0.165541 0.000001  0.000000 -0.000000 0.048511
5  2.787107 -12.601562 2.371094  1.975864 1.159909 -1.298786
6  -6.214485 -0.000007 -0.000027  -1.677957 -0.893875 0.809840
7  11.944883 -0.000003 -0.000002  -0.232153 -0.349216 1.595755
8  10.620186 0.000002 -0.000004  1.327752 0.299830 2.846434
9  -4.751108 -0.694495 0.830576  0.015781 -0.165461 0.438149
10  -1.688070 0.000049 -0.000031  0.014612 -0.020008 0.807967
11  -1.336140 0.000056 -0.000011  0.021168 -0.015777 1.194252
12  -4.820494 -0.509457 -0.224761  -0.297358 -0.050548 1.328587
13  -1.826988 -0.000074 0.000007  0.004249 0.040304 1.378879
14  -1.436582 0.000003 0.000000  -0.054587 -0.055486 0.685634
15  -3.992356 -0.891189 -1.827910  -0.523732 0.138145 1.095785
16  -1.405915 -0.000025 -0.000001  -0.016290 -0.024628 1.460204
17  -1.175361 0.000125 -0.000021  0.049791 0.046300 0.725667
18  -4.526750 -0.690572 -1.120746  -0.361292 0.112520 1.351639
19  -1.744043 0.000032 -0.000007  -0.026556 -0.013108 1.523354
20  -1.368764 0.000026 0.000005  0.020838 0.048215 0.303416
21  -1.874795 -0.935126 0.999172  2.033502 0.447899 0.715008
22  -1.523451 0.000035 0.000030  0.083736 0.152575 0.605548
23  -1.599272 0.000001 0.000013  0.034086 -0.026152 0.634453
24  5.582032 0.115723 0.294923  -0.433104 -3.086253 -0.044154
25  0.196846 -0.000001 0.000002  -0.348186 3.141587 0.000016
26  -0.817602 -13.052564 0.393892  -1.165731 1.981683 -1.298790
27  6.214491 0.000005 0.000018  -0.664444 0.777633 -1.939963
28  11.944893 -0.000034 -0.000190  -1.057091 -0.344674 -1.400544
29  10.620172 0.000003 0.000013  -0.308833 -0.115356 -0.380919
30  4.751165 0.694377 -0.830473  -0.297277 -0.300987 0.911479
31  1.688066 -0.000029 0.000004  -0.001745 -0.024712 1.509542
32  1.336146 -0.000052 -0.000010  -0.008041 -0.037913 0.580426
33  4.820516 0.509340 0.224864  -0.369143 -0.079274 1.388143
34  1.827002 0.000067 0.000008  0.012416 0.038572 1.585248
35  1.436577 -0.000014 0.000008  0.012977 -0.007896 -0.182755
36  3.992350 0.891087 1.827994  -0.594116 0.149984 1.423254
37  1.405921 0.000026 -0.000009  -0.024588 -0.016365 1.859680
38  1.175361 -0.000132 0.000004  -0.069049 0.102236 -0.640671
39  4.526756 0.690457 1.120844  -0.483938 0.095932 1.619019
40  1.744042 -0.000033 0.000001  -0.028737 -0.007170 1.737453
41  1.368765 -0.000031 -0.000019  -0.105942 0.118396 -0.918482
42  1.937357 1.013210 -0.909284  1.876188 0.375869 1.150661
43  1.523455 -0.000032 0.000003  0.023522 -0.061631 0.624912
44  1.599281 0.000001 0.000009  0.080644 -0.021774 1.089655
45  5.511811 -0.000001 0.000005  0.617880 0.000005 0.000007
46  0.196846 0.000001 -0.000001  -0.348225 0.000015 -0.000002
47  0.000000 0.000000 0.000000  0.017318 0.005777 -1.570824
48  -4.945628 -19.777273 -3.557345  -0.405085 0.301541 1.738012
49  4.148437 0.245118 -3.369142  0.542658 1.118607 1.823909
50  -1.881952 -0.011782 0.033570  -0.000000 -0.000000 0.000000
51  0.011259 -0.011782 0.169348  -0.000000 -0.000000 0.000000
52  -0.027575 0.000000 0.206379  -0.000000 -0.000000 0.000000
53  -1.268347 -0.011782 1.789044  -0.000000 -0.000000 0.000000
54  2.866438 -1.296427 -8.647967  2.712429 0.155145 -1.806725
time 54
0  0.000000 7.449219 -27.500000  0.000000 -0.000000 -0.000001
1  -0.000002 -0.000000 0.000002  1.570743 -1.567137 -1.570743
2  4.255471 -0.335182 -0.000002  0.000000 -0.000000 -0.124848
3  7.431252 1.496477 0.000002  0.000000 -0.000000 0.245450
4  5.278481 0.165541 0.000001  0.000000 -0.000000 0.048511
5  2.787107 -12.601562 2.371094  1.975864 1.159909 -1.298786
6  -6.214485 -0.000007 -0.000027  -1.714530 -0.893795 0.850595
7  11.944883 -0.000003 -0.000001  -0.224253 -0.349324 1.572667
8  10.620184 0.000000 -0.000003  1.284269 0.291743 2.879066
9  -4.751106 -0.694494 0.830577  0.015781 -0.165461 0.438149
10  -1.688069 0.000048 -0.000030  0.014612 -0.020008 0.807967
11  -1.336140 0.000058 -0.000012  0.021168 -0.015777 1.194252
12  -4.820494 -0.509456 -0.224759  -0.297358 -0.050548 1.328587
13  -1.826989 -0.000074 0.000008  0.004249 0.040304 1.378879
14  -1.436580 0.000005 -0.000000  -0.054587 -0.055486 0.685634
15  -3.992355 -0.891188 -1.827910  -0.523732 0.138145 1.095785
16  -1.405914 -0.000025 -0.000001  -0.016290 -0.024628 1.460204
17  -1.175360 0.000124 -0.000022  0.049791 0.046300 0.725667
18  -4.526749 -0.690571 -1.120745  -0.361292 0.112520 1.351639
19  -1.744041 0.000032 -0.000008  -0.026556 -0.013108 1.523354
20  -1.368765 0.000026 0.000004  0.020850 0.048215 0.303416
21  -1.874797 -0.935125 0.999171  2.033502 0.447899 0.715008
22  -1.523452 0.000034 0.000030  0.083736 0.152575 0.605548
23  -1.599275 -0.000000 0.000014  0.034086 -0.026152 0.634453
24  5.582031 0.115724 0.294924  -0.433104 -3.086253 -0.044154
25  0.196845 -0.000001 0.000003  -0.348186 3.141587 0.000016
26  -0.817602 -13.052564 0.393892  -1.165731 1.981683 -1.298790
27  6.214491 0.000005 0.000018  -0.692967 0.790693 -1.924797
28  11.944893 -0.000036 -0.000191  -1.068984 -0.342535 -1.365293
29  10.620170 0.000005 0.000014  -0.252172 -0.041317 -0.309308
30  4.751164 0.694377 -0.830473  -0.234299 -0.266412 0.757025
31  1.688065 -0.000030 0.000002  0.006009 -0.024041 1.194055
32  1.336147 -0.000051 -0.000011  -0.004326 -0.038524 0.483037
33  4.820517 0.509341 0.224866  -0.354001 -0.127224 1.192888
34  1.827003 0.000066 0.000008  0.002289 0.040454 1.330498
35  1.436578 -0.000012 0.000006  0.011311 -0.010149 0.001928
36  3.992350 0.891086 1.827993  -0.613843 0.027221 1.258316
37  1.405921 0.000023 -0.000010  -0.021292 -0.020463 1.681086
38  1.175360 -0.000132 0.000002  -0.033766 0.118619 -0.323136
39  4.526757 0.690456 1.120842  -0.492597 -0.004810 1.429810
40  1.744042 -0.000033 0.000000  -0.026400 -0.013426 1.511877
41  1.368762 -0.000031 -0.000021  -0.059442 0.147243 -0.570837
42  1.937357 1.013210 -0.909285  1.908950 0.493977 1.100078
43  1.523455 -0.000034 0.000002  0.012448 -0.064891 0.433866
44  1.599280 0.000004 0.000009  0.083029 0.009122 0.717239
45  5.511808 -0.000000 0.000005  0.583672 0.000005 0.000007
46  0.196847 0.000001 -0.000002  -0.348225 0.000015 -0.000002
47  0.000000 0.000000 0.000000  0.012512 0.005597 -1.569958
48  -5.133134 -19.855400 -3.604221  -0.411051 0.334909 1.747640
49  4.148441 0.245116 -3.369142  0.542658 1.118607 1.823909
50  -1.881950 -0.011783 0.033571  0.000000 0.000000 0.000000
51  0.011261 -0.011782 0.169349  0.000000 0.000000 0.000000
52  -0.027570 -0.000000 0.206380  0.000000 0.000000 0.000000
53  -1.268347 -0.011782 1.789045  0.000000 0.000000 0.000000
54  2.815656 -1.628470 -9.280799  2.750572 0.069903 -1.837926
time 55
0  0.000000 7.449219 -27.500000  0.000000 -0.000000 -0.000001
1  -0.000002 -0.000000 0.000002  1.570743 -1.567137 -1.570743
2  4.255471 -0.335182 -0.000002  0.000000 -0.000000 -0.124848
3  7.431252 1.496477 0.000002  0.000000 -0.000000 0.245450
4  5.278481 0.165541 0.000001  0.000000 -0.000000 0.048511
5  2.787107 -12.601562 2.371094  1.975864 1.159909 -1.298786
6  -6.214485 -0.000007 -0.000027  -1.777908 -0.898240 0.900056
7  11.944883 -0.000003 -0.000001  -0.220349 -0.349312 1.561248
8  10.620184 0.000001 -0.000004  1.238384 0.305241 2.883874
9  -4.751108 -0.694494 0.830577  0.015781 -0.165461 0.438149
10  -1.688070 0.000048 -0.000030  0.014612 -0.020008 0.807967
11  -1.336139 0.000053 -0.000011  0.021168 -0.015777 1.194252
12  -4.820496 -0.509457 -0.224760  -0.297358 -0.050548 1.328587
13  -1.826988 -0.000071 0.000007  0.004249 0.040304 1.378879
14  -1.436582 0.000004 -0.000000  -0.054587 -0.055486 0.685634
15  -3.992357 -0.891189 -1.827911  -0.523732 0.138145 1.095785
16  -1.405914 -0.000023 -0.000001  -0.016290 -0.024628 1.460204
17  -1.175357 0.000126 -0.000021  0.049791 0.046300 0.725667
18  -4.526749 -0.690572 -1.120746  -0.361292 0.112520 1.351639
19  -1.744041 0.000030 -0.000008  -0.026556 -0.013108 1.523354
20  -1.368761 0.000027 0.000005  0.020838 0.048215 0.303416
21  -1.874796 -0.935125 0.999172  2.033502 0.447899 0.715008
22  -1.523451 0.000034 0.000030  0.083736 0.152575 0.605548
23  -1.599274 0.000000 0.000014  0.034086 -0.026152 0.634453
24  5.582031 0.115724 0.294923  -0.433104 -3.086253 -0.044154
25  0.196846 -0.000002 0.000002  -0.348186 3.141587 0.000016
26  -0.743382 -13.130691 0.307951  -1.165731 1.981683 -1.298790
27  6.214491 0.000005 0.000018  -0.694632 0.801119 -1.853929
28  11.944892 -0.000032 -0.000192  -1.062114 -0.343818 -1.385736
29  10.620170 0.000003 0.000015  -0.164621 -0.028810 -0.166216
30  4.751166 0.694376 -0.830471  -0.135205 -0.178745 0.478092
31  1.688065 -0.000027 0.000004  0.018785 -0.016167 0.578747
32  1.336147 -0.000051 -0.000012  0.004627 -0.038488 0.251563
33  4.820517 0.509340 0.224866  -0.301698 -0.210793 0.817819
34  1.826999 0.000070 0.000008  -0.016983 0.036798 0.841570
35  1.436579 -0.000013 0.000008  0.007152 -0.013408 0.351782
36  3.992348 0.891086 1.827997  -0.595135 -0.206898 0.946471
37  1.405919 0.000023 -0.000011  -0.013334 -0.026348 1.344302
38  1.175362 -0.000129 0.000003  0.044097 0.115191 0.321537
39  4.526758 0.690456 1.120845  -0.456275 -0.192621 1.066886
40  1.744044 -0.000034 0.000001  -0.018395 -0.023218 1.081352
41  1.368765 -0.000032 -0.000019  0.047377 0.151533 0.118905
42  1.937357 1.013210 -0.909281  1.942122 0.729175 0.979491
43  1.523456 -0.000032 0.000002  -0.005948 -0.076504 0.072574
44  1.599281 0.000004 0.000009  0.054673 0.063184 -0.030099
45  5.511809 -0.000002 0.000005  0.488888 0.000005 0.000007
46  0.196847 0.000003 -0.000001  -0.348225 0.000015 -0.000002
47  0.000000 0.000000 0.000000  0.005932 0.005429 -1.569140
48  -5.211261 -19.890558 -3.658911  -0.413644 0.350133 1.752024
49  4.148439 0.245118 -3.369139  0.542658 1.118607 1.823909
50  -1.881949 -0.011781 0.033572  -0.000000 0.000000 -0.000000
51  0.011260 -0.011782 0.169350  -0.000000 0.000000 -0.000000
52  -0.027572 0.000000 0.206380  -0.000000 0.000000 -0.000000
53  -1.268346 -0.011781 1.789046  -0.000000 0.000000 -0.000000
54  2.526584 -2.687094 -9.913630  -0.319801 -3.067251 1.272089
time 56
0  0.000000 7.449219 -27.500000  0.000000 -0.000000 -0.000001
1  -0.000002 -0.000000 0.000002  1.570743 -1.567137 -1.570743
2  4.255471 -0.335182 -0.000002  0.000000 -0.000000 -0.124848
3  7.431252 1.496477 0.000002  0.000000 -0.000000 0.245450
4  5.278481 0.165541 0.000001  0.000000 -0.000000 0.048511
5  2.787107 -12.601562 2.371094  1.975864 1.159909 -1.298786
6  -6.214485 -0.000007 -0.000027  -1.865791 -0.914323 0.954245
7  11.944885 -0.000002 -0.000000  -0.225567 -0.349312 1.576523
8  10.620185 0.000000 -0.000004  1.230960 0.333979 2.861067
9  -4.751105 -0.694494 0.830577  0.015781 -0.165461 0.438149
10  -1.688070 0.000048 -0.000030  0.014612 -0.020008 0.807967
11  -1.336140 0.000056 -0.000010  0.021168 -0.015777 1.194252
12  -4.820493 -0.509456 -0.224761  -0.297358 -0.050548 1.328587
13  -1.826988 -0.000075 0.000008  0.004249 0.040304 1.378879
14  -1.436581 0.000004 0.000000  -0.054587 -0.055486 0.685634
15  -3.992356 -0.891189 -1.827910  -0.523732 0.138145 1.095785
16  -1.405914 -0.000024 -0.000000  -0.016290 -0.024628 1.460204
17  -1.175355 0.000126 -0.000021  0.049791 0.046300 0.725667
18  -4.526747 -0.690572 -1.120745  -0.361292 0.112520 1.351639
19  -1.744042 0.000031 -0.000007  -0.026556 -0.013108 1.523354
20  -1.368762 0.000027 0.000004  0.020850 0.048215 0.303416
21  -1.874795 -0.935125 0.999172  2.033502 0.447899 0.715008
22  -1.523452 0.000035 0.000029  0.083736 0.152575 0.605548
23  -1.599277 -0.000001 0.000013  0.034086 -0.026152 0.634453
24  5.582032 0.115723 0.294923  -0.433104 -3.086253 -0.044154
25  0.196846 -0.000002 0.000003  -0.348186 3.141587 0.000016
26  -0.548063 -13.337729 0.073569  -1.165731 1.981683 -1.298790
27  6.214491 0.000006 0.000017  -0.689080 0.739153 -1.808431
28  11.944892 -0.000034 -0.000191  -1.042317 -0.346758 -1.444248
29  10.620171 0.000005 0.000013  -0.230004 -0.145640 -0.032707
30  4.751163 0.694376 -0.830474  -0.094117 -0.122261 0.335242
31  1.688063 -0.000029 0.000001  0.022872 -0.009539 0.263448
32  1.336149 -0.000050 -0.000009  0.014478 -0.035960 -0.011519
33  4.820512 0.509340 0.224862  -0.263725 -0.259690 0.617337
34  1.827001 0.000066 0.000008  -0.025731 0.031321 0.586039
35  1.436577 -0.000011 0.000008  0.004540 -0.014487 0.537861
36  3.992350 0.891087 1.827996  -0.554328 -0.324837 0.772536
37  1.405920 0.000021 -0.000010  -0.008444 -0.028301 1.165585
38  1.175362 -0.000132 0.000003  0.083826 0.090539 0.703761
39  4.526755 0.690457 1.120844  -0.408947 -0.282769 0.866776
40  1.744044 -0.000032 0.000001  -0.012702 -0.026765 0.854501
41  1.368765 -0.000033 -0.000019  0.096118 0.126485 0.467134
42  1.937357 1.013210 -0.909283  1.885452 0.876861 0.816914
43  1.523455 -0.000035 0.000001  -0.013666 -0.085097 -0.118816
44  1.599280 0.000001 0.000009  0.027648 0.078824 -0.406731
45  5.511809 0.000001 0.000004  0.344811 0.000005 0.000007
46  0.196847 0.000001 -0.000001  -0.348225 0.000015 -0.000002
47  0.000000 0.000000 0.000000  -0.001210 0.005249 -1.568466
48  -5.035474 -19.781179 -3.737038  -0.377073 0.336134 1.751166
49  4.148436 0.245118 -3.369140  0.542658 1.118607 1.823909
50  -1.881952 -0.011781 0.033571  -0.000000 0.000000 -0.000000
51  0.011260 -0.011781 0.169349  -0.000000 0.000000 -0.000000
52  -0.027572 0.000000 0.206380  -0.000000 0.000000 -0.000000
53  -1.268348 -0.011781 1.789044  -0.000000 0.000000 -0.000000
54  1.589053 -4.362926 -8.843283  -0.258045 -3.029016 1.232499
time 57
0  0.000000 7.449219 -27.500000  0.000000 -0.000000 -0.000001
1  -0.000002 -0.000000 0.000002  1.570743 -1.567137 -1.570743
2  4.255471 -0.335182 -0.000002  0.000000 -0.000000 -0.124848
3  7.431252 1.496477 0.000002  0.000000 -0.000000 0.245450
4  5.278481 0.165541 0.000001  0.000000 -0.000000 0.048511
5  2.787107 -12.601562 2.371094  1.975864 1.159909 -1.298786
6  -6.214485 -0.000007 -0.000027  -1.976559 -0.939957 1.017816
7  11.944885 -0.000003 -0.000001  -0.239974 -0.348953 1.618642
8  10.620187 0.000000 -0.000004  1.277028 0.367797 2.822755
9  -4.751107 -0.694495 0.830578  0.015781 -0.165461 0.438149
10  -1.688067 0.000048 -0.000029  0.014612 -0.020008 0.807967
11  -1.336139 0.000056 -0.000012  0.021168 -0.015777 1.194252
12  -4.820494 -0.509457 -0.224759  -0.297358 -0.050548 1.328587
13  -1.826989 -0.000071 0.000008  0.004249 0.040304 1.378879
14  -1.436582 0.000004 0.000001  -0.054587 -0.055486 0.685634
15  -3.992356 -0.891189 -1.827910  -0.523732 0.138145 1.095785
16  -1.405915 -0.000023 -0.000001  -0.016290 -0.024628 1.460204
17  -1.175359 0.000127 -0.000022  0.049791 0.046300 0.725667
18  -4.526749 -0.690572 -1.120745  -0.361292 0.112520 1.351639
19  -1.744042 0.000030 -0.000007  -0.026556 -0.013108 1.523354
20  -1.368765 0.000025 0.000005  0.020850 0.048215 0.303416
21  -1.874796 -0.935126 0.999172  2.033502 0.447899 0.715008
22  -1.523452 0.000034 0.000029  0.083736 0.152575 0.605548
23  -1.599276 0.000000 0.000014  0.034086 -0.026152 0.634453
24  5.582032 0.115724 0.294923  -0.433104 -3.086253 -0.044154
25  0.196847 -0.000001 0.000002  -0.348186 3.141587 0.000016
26  -0.270711 -13.638519 -0.266285  -1.165731 1.981683 -1.298790
27  6.214490 0.000005 0.000018  -0.628148 0.636184 -1.786712
28  11.944893 -0.000036 -0.000190  -1.044533 -0.346478 -1.437673
29  10.620166 0.000005 0.000013  -0.538257 -0.281545 0.045730
30  4.751163 0.694377 -0.830475  -0.103043 -0.140981 0.366646
31  1.688066 -0.000029 0.000002  0.022260 -0.011121 0.339473
32  1.336146 -0.000049 -0.000009  0.021537 -0.032244 -0.218063
33  4.820514 0.509340 0.224863  -0.279100 -0.283767 0.654314
34  1.827003 0.000066 0.000009  -0.023802 0.032807 0.646099
35  1.436579 -0.000012 0.000006  0.005546 -0.014140 0.468008
36  3.992349 0.891087 1.827993  -0.564826 -0.300563 0.810133
37  1.405923 0.000021 -0.000010  -0.009619 -0.027918 1.207554
38  1.175361 -0.000132 0.000003  0.090765 0.083576 0.783553
39  4.526757 0.690457 1.120843  -0.423524 -0.266350 0.909971
40  1.744041 -0.000031 0.000001  -0.013277 -0.026477 0.876207
41  1.368765 -0.000032 -0.000021  0.086878 0.132981 0.395737
42  1.937356 1.013210 -0.909285  1.771421 0.892381 0.667920
43  1.523455 -0.000032 0.000003  -0.013259 -0.084809 -0.109022
44  1.599280 0.000003 0.000009  0.028187 0.078633 -0.399810
45  5.511809 -0.000001 0.000004  0.164493 0.000005 0.000007
46  0.196847 0.000001 -0.000002  -0.348225 0.000015 -0.000002
47  0.000000 0.000000 0.000000  -0.007790 0.005022 -1.567888
48  -4.613586 -19.496016 -3.842510  -0.286968 0.299685 1.745352
49  4.148437 0.245117 -3.369140  0.542658 1.118607 1.823909
50  -1.881949 -0.011783 0.033571  0.000000 -0.000000 0.000000
51  0.011257 -0.011782 0.169348  0.000000 -0.000000 0.000000
52  -0.027570 -0.000000 0.206380  0.000000 -0.000000 0.000000
53  -1.268348 -0.011783 1.789044  0.000000 -0.000000 0.000000
54  0.319484 -5.421554 -6.952602  -0.209865 -3.128503 1.129847
time 58
0  0.000000 7.449219 -27.500000  0.000000 -0.000000 -0.000001
1  -0.000002 -0.000000 0.000002  1.570743 -1.567137 -1.570743
2  4.255471 -0.335182 -0.000002  0.000000 -0.000000 -0.124848
3  7.431252 1.496477 0.000002  0.000000 -0.000000 0.245450
4  5.278481 0.165541 0.000001  0.000000 -0.000000 0.048511
5  2.787107 -12.601562 2.371094  1.975864 1.159909 -1.298786
6  -6.214485 -0.000007 -0.000027  -2.106867 -0.965564 1.093246
7  11.944885 -0.000002 -0.000002  -0.260611 -0.347443 1.679091
8  10.620184 0.000002 -0.000003  1.348639 0.405764 2.764522
9  -4.751108 -0.694494 0.830577  0.015781 -0.165461 0.438149
10  -1.688066 0.000048 -0.000030  0.014612 -0.020008 0.807967
11  -1.336140 0.000054 -0.000011  0.021168 -0.015777 1.194252
12  -4.820496 -0.509457 -0.224760  -0.297358 -0.050548 1.328587
13  -1.826989 -0.000071 0.000007  0.004249 0.040304 1.378879
14  -1.436577 0.000005 -0.000000  -0.054587 -0.055486 0.685634
15  -3.992358 -0.891189 -1.827910  -0.523732 0.138145 1.095785
16  -1.405915 -0.000024 -0.000001  -0.016290 -0.024628 1.460204
17  -1.175360 0.000124 -0.000021  0.049791 0.046300 0.725667
18  -4.526751 -0.690572 -1.120744  -0.361292 0.112520 1.351639
19  -1.744041 0.000030 -0.000006  -0.026556 -0.013108 1.523354
20  -1.368763 0.000026 0.000004  0.020838 0.048215 0.303416
21  -1.874797 -0.935125 0.999172  2.033502 0.447899 0.715008
22  -1.523451 0.000036 0.000030  0.083736 0.152575 0.605548
23  -1.599275 0.000000 0.000012  0.034086 -0.026152 0.634453
24  5.582030 0.115724 0.294923  -0.433104 -3.086253 -0.044153
25  0.196847 -0.000002 0.000002  -0.348186 3.141587 0.000016
26  0.065235 -13.994000 -0.668641  -1.165731 1.981683 -1.298790
27  6.214491 0.000007 0.000017  -0.485048 0.548014 -1.786618
28  11.944892 -0.000034 -0.000191  -1.074968 -0.341307 -1.347502
29  10.620170 0.000005 0.000014  -1.012452 -0.381488 0.049275
30  4.751163 0.694377 -0.830474  -0.129190 -0.188320 0.449603
31  1.688063 -0.000028 0.000003  0.020019 -0.015100 0.544733
32  1.336146 -0.000050 -0.000009  0.025971 -0.028781 -0.363400
33  4.820517 0.509340 0.224865  -0.314898 -0.303482 0.745438
34  1.827003 0.000068 0.000008  -0.018313 0.036151 0.805065
35  1.436578 -0.000015 0.000008  0.008075 -0.012869 0.281230
36  3.992352 0.891086 1.827996  -0.587465 -0.235540 0.905998
37  1.405922 0.000020 -0.000010  -0.012615 -0.026695 1.317013
38  1.175362 -0.000130 0.000004  0.095535 0.078063 0.842681
39  4.526757 0.690457 1.120842  -0.457765 -0.220713 1.021007
40  1.744043 -0.000036 0.000000  -0.014739 -0.025698 0.932356
41  1.368767 -0.000028 -0.000019  0.060009 0.147015 0.203788
42  1.937357 1.013210 -0.909284  1.661967 0.881212 0.552364
43  1.523456 -0.000032 0.000002  -0.012180 -0.084102 -0.083753
44  1.599280 0.000002 0.000008  0.029517 0.078153 -0.382868
45  5.511809 -0.000001 0.000003  -0.035418 0.000005 0.000007
46  0.196846 0.000001 -0.000002  -0.348225 0.000015 -0.000002
47  0.000000 0.000000 0.000000  -0.012596 0.004746 -1.567551
48  -4.090133 -19.101473 -3.959701  -0.172533 0.250007 1.730386
49  4.148438 0.245116 -3.369141  0.542658 1.118607 1.823909
50  -1.881951 -0.011782 0.033572  -0.000000 0.000000 -0.000000
51  0.011260 -0.011782 0.169349  -0.000000 0.000000 -0.000000
52  -0.027570 -0.000000 0.206381  -0.000000 0.000000 -0.000000
53  -1.268347 -0.011782 1.789046  -0.000000 0.000000 -0.000000
54  -0.879770 -5.015293 -5.561935  -0.167420 2.947838 0.993354
time 59
0  0.000000 7.449219 -27.500000  0.000000 -0.000000 -0.000001
1  -0.000002 -0.000000 0.000002  1.570743 -1.567137 -1.570743
2  4.255471 -0.335182 -0.000002  0.000000 -0.000000 -0.124848
3  7.431252 1.496477 0.000002  0.000000 -0.000000 0.245450
4  5.278481 0.165541 0.000001  0.000000 -0.000000 0.048511
5  2.787107 -12.601562 2.371094  1.975864 1.159909 -1.298786
6  -6.214485 -0.000007 -0.000027  -2.247417 -0.983499 1.177532
7  11.944883 -0.000002 -0.000001  -0.283957 -0.344279 1.747954
8  10.620183 0.000002 -0.000005  1.416284 0.447007 2.685705
9  -4.751105 -0.694495 0.830578  0.015781 -0.165461 0.438149
10  -1.688068 0.000048 -0.000031  0.014612 -0.020008 0.807967
11  -1.336138 0.000052 -0.000012  0.021168 -0.015777 1.194252
12  -4.820497 -0.509457 -0.224760  -0.297358 -0.050548 1.328587
13  -1.826989 -0.000072 0.000008  0.004249 0.040304 1.378879
14  -1.436579 0.000004 0.000000  -0.054587 -0.055486 0.685634
15  -3.992353 -0.891188 -1.827908  -0.523732 0.138145 1.095785
16  -1.405914 -0.000023 -0.000000  -0.016290 -0.024628 1.460204
17  -1.175360 0.000125 -0.000021  0.049791 0.046300 0.725667
18  -4.526749 -0.690571 -1.120744  -0.361292 0.112520 1.351639
19  -1.744042 0.000031 -0.000008  -0.026556 -0.013108 1.523354
20  -1.368763 0.000026 0.000005  0.020850 0.048215 0.303416
21  -1.874797 -0.935126 0.999172  2.033502 0.447899 0.715008
22  -1.523451 0.000035 0.000030  0.083736 0.152575 0.605548
23  -1.599276 -0.000002 0.000014  0.034086 -0.026152 0.634453
24  5.582032 0.115724 0.294922  -0.433104 -3.086253 -0.044154
25  0.196846 -0.000001 0.000002  -0.348186 3.141587 0.000016
26  0.412903 -14.369011 -1.090529  -1.165731 1.981683 -1.298790
27  6.214491 0.000005 0.000018  -0.368874 0.436694 -1.865724
28  11.944893 -0.000034 -0.000191  -1.138276 -0.321441 -1.153404
29  10.620170 0.000004 0.000013  -1.614197 -0.427025 0.123676
30  4.751164 0.694376 -0.830473  -0.172232 -0.249861 0.567813
31  1.688065 -0.000030 0.000003  0.015465 -0.019858 0.841355
32  1.336145 -0.000049 -0.000009  0.028596 -0.026180 -0.458735
33  4.820515 0.509340 0.224864  -0.364245 -0.314795 0.870513
34  1.827002 0.000066 0.000009  -0.009816 0.039315 1.029280
35  1.436579 -0.000011 0.000008  0.011179 -0.010280 0.014715
36  3.992350 0.891086 1.827994  -0.607815 -0.142466 1.034643
37  1.405921 0.000019 -0.000010  -0.016510 -0.024478 1.468867
38  1.175359 -0.000133 0.000003  0.098747 0.073952 0.884984
39  4.526756 0.690457 1.120842  -0.495971 -0.151825 1.170968
40  1.744043 -0.000030 0.000000  -0.016681 -0.024488 1.009328
41  1.368766 -0.000030 -0.000021  0.017847 0.157717 -0.072314
42  1.937357 1.013211 -0.909284  1.568933 0.853695 0.473353
43  1.523455 -0.000032 0.000004  -0.010682 -0.083179 -0.049198
44  1.599281 0.000002 0.000009  0.031303 0.077458 -0.359960
45  5.511810 -0.000000 0.000005  -0.235302 0.000005 0.000007
46  0.196846 0.000001 -0.000001  -0.348225 0.000015 -0.000002
47  0.000000 0.000000 0.000000  -0.014453 0.004374 -1.567455
48  -3.617462 -18.663960 -4.080798  -0.062508 0.196835 1.705221
49  4.148437 0.245118 -3.369140  0.542658 1.118607 1.823909
50  -1.881952 -0.011782 0.033571  0.000000 -0.000000 -0.000000
51  0.011257 -0.011782 0.169349  0.000000 -0.000000 -0.000000
52  -0.027573 0.000000 0.206380  0.000000 -0.000000 -0.000000
53  -1.268350 -0.011781 1.789045  0.000000 -0.000000 -0.000000
54  -2.391536 -3.804315 -4.331428  -0.090560 2.633934 0.863649
time 60
0  0.000000 7.449219 -27.500000  0.000000 -0.000000 -0.000001
1  -0.000002 -0.000000 0.000002  1.570743 -1.567137 -1.570743
2  4.255471 -0.335182 -0.000002  0.000000 -0.000000 -0.124848
3  7.431252 1.496477 0.000002  0.000000 -0.000000 0.245450
4  5.278481 0.165541 0.000001  0.000000 -0.000000 0.048511
5  2.787107 -12.601562 2.371094  1.975864 1.159909 -1.298786
6  -6.214485 -0.000007 -0.000027  -2.384885 -0.990721 1.265046
7  11.944884 -0.000003 -0.000002  -0.306526 -0.339736 1.815215
8  10.620187 -0.000000 -0.000004  1.449434 0.489543 2.589941
9  -4.751107 -0.694493 0.830577  0.015781 -0.165461 0.438149
10  -1.688069 0.000049 -0.000029  0.014612 -0.020008 0.807967
11  -1.336138 0.000053 -0.000011  0.021168 -0.015777 1.194252
12  -4.820496 -0.509456 -0.224760  -0.297358 -0.050548 1.328587
13  -1.826988 -0.000074 0.000007  0.004249 0.040304 1.378879
14  -1.436578 0.000005 0.000001  -0.054590 -0.055484 0.685661
15  -3.992355 -0.891188 -1.827910  -0.523732 0.138145 1.095785
16  -1.405913 -0.000024 -0.000000  -0.016290 -0.024628 1.460204
17  -1.175356 0.000128 -0.000022  0.049791 0.046300 0.725667
18  -4.526749 -0.690571 -1.120744  -0.361292 0.112520 1.351639
19  -1.744041 0.000036 -0.000007  -0.026549 -0.013110 1.523316
20  -1.368767 0.000026 0.000005  0.020850 0.048211 0.303430
21  -1.874796 -0.935125 0.999173  2.033502 0.447899 0.715008
22  -1.523450 0.000035 0.000029  0.083736 0.152575 0.605548
23  -1.599276 -0.000002 0.000014  0.034086 -0.026152 0.634453
24  5.582032 0.115721 0.294922  -0.433104 -3.086253 -0.044154
25  0.196847 -0.000002 0.000002  -0.348186 3.141587 0.000016
26  0.748851 -14.728397 -1.488979  -1.165731 1.981683 -1.298790
27  6.214491 0.000005 0.000017  -0.314465 0.316686 -1.990048
28  11.944893 -0.000034 -0.000190  -1.212812 -0.278471 -0.902507
29  10.620170 0.000004 0.000014  -2.170047 -0.325411 0.259876
30  4.751164 0.694375 -0.830474  -0.228587 -0.310911 0.702585
31  1.688065 -0.000029 0.000005  0.008993 -0.023334 1.172602
32  1.336146 -0.000052 -0.000012  0.030034 -0.024514 -0.515553
33  4.820514 0.509340 0.224864  -0.417760 -0.315562 1.006827
34  1.827002 0.000067 0.000010  0.000119 0.040525 1.276775
35  1.436579 -0.000013 0.000009  0.013684 -0.006601 -0.280682
36  3.992351 0.891086 1.827994  -0.616024 -0.038378 1.172352
37  1.405921 0.000020 -0.000008  -0.020333 -0.021422 1.635401
38  1.175361 -0.000131 0.000001  0.100820 0.071100 0.913559
39  4.526757 0.690456 1.120843  -0.525180 -0.070810 1.331015
40  1.744042 -0.000031 -0.000000  -0.018670 -0.023002 1.093160
41  1.368767 -0.000031 -0.000021  -0.030523 0.155776 -0.379823
42  1.937356 1.013210 -0.909284  1.496189 0.819587 0.426518
43  1.523456 -0.000033 0.000002  -0.009016 -0.082221 -0.011593
44  1.599284 0.000003 0.000011  0.033221 0.076655 -0.335063
45  5.511810 -0.000001 0.000005  -0.415594 0.000005 0.000007
46  0.196847 0.000002 -0.000002  -0.348225 0.000015 -0.000002
47  0.000000 0.000000 0.000000  -0.014046 0.003931 -1.567551
48  -3.344016 -18.249884 -4.201896  0.015718 0.148342 1.673383
49  4.151415 0.245241 -3.368001  0.542649 1.118574 1.823862
50  -1.881949 -0.011782 0.033572  -0.000000 0.000000 0.000000
51  0.011259 -0.011782 0.169349  -0.000000 0.000000 0.000000
52  -0.027573 0.000000 0.206380  -0.000000 0.000000 0.000000
53  -1.268346 -0.011782 1.789045  -0.000000 0.000000 0.000000
54  -4.032212 -2.675376 -3.081390  0.012876 2.301737 0.791821
time 61
0  0.000000 7.449219 -27.500000  0.000000 -0.000000 -0.000001
1  -0.000002 -0.000000 0.000002  1.570743 -1.567137 -1.570743
2  4.255471 -0.335182 -0.000002  0.000000 -0.000000 -0.124848
3  7.431252 1.496477 0.000002  0.000000 -0.000000 0.245450
4  5.278481 0.165541 0.000001  0.000000 -0.000000 0.048511
5  2.787107 -12.601562 2.371094  1.975864 1.159909 -1.298786
6  -6.214485 -0.000007 -0.000027  0.633610 -2.154073 -1.795714
7  11.944884 -0.000003 -0.000002  -0.325100 -0.334835 1.871307
8  10.620187 0.000003 -0.000003  1.443721 0.529885 2.488498
9  -4.751105 -0.694494 0.830577  0.015781 -0.165461 0.438149
10  -1.688068 0.000048 -0.000029  0.014612 -0.020008 0.807967
11  -1.336139 0.000055 -0.000010  0.021168 -0.015777 1.194252
12  -4.820492 -0.509456 -0.224760  -0.297358 -0.050548 1.328587
13  -1.826989 -0.000073 0.000008  0.004249 0.040304 1.378879
14  -1.436580 0.000005 0.000000  -0.054590 -0.055484 0.685661
15  -3.992353 -0.891189 -1.827910  -0.523732 0.138145 1.095785
16  -1.405916 -0.000023 -0.000000  -0.016290 -0.024628 1.460204
17  -1.175360 0.000124 -0.000020  0.049791 0.046300 0.725667
18  -4.526749 -0.690572 -1.120744  -0.361292 0.112520 1.351639
19  -1.744041 0.000031 -0.000007  -0.026549 -0.013110 1.523316
20  -1.368764 0.000025 0.000004  0.020850 0.048211 0.303430
21  -1.874795 -0.935125 0.999172  2.033502 0.447899 0.715008
22  -1.523452 0.000036 0.000029  0.083736 0.152575 0.605548
23  -1.599277 0.000000 0.000014  0.034086 -0.026152 0.634453
24  5.582033 0.115723 0.294924  -0.433104 -3.086253 -0.044154
25  0.196846 -0.000001 0.000001  -0.348186 3.141587 0.000016
26  1.026203 -15.029187 -1.828833  -1.165731 1.981683 -1.298790
27  6.214490 0.000006 0.000017  -0.309538 0.288379 -2.065596
28  11.944892 -0.000033 -0.000191  -1.241844 -0.253694 -0.792060
29  10.620169 0.000003 0.000012  -2.402541 -0.236305 0.314487
30  4.751162 0.694379 -0.830473  -0.288287 -0.359712 0.831147
31  1.688066 -0.000026 0.000004  0.002522 -0.024508 1.469318
32  1.336148 -0.000050 -0.000010  0.030729 -0.023639 -0.544406
33  4.820515 0.509342 0.224864  -0.465280 -0.307880 1.130527
34  1.827002 0.000069 0.000008  0.009108 0.039483 1.500576
35  1.436578 -0.000013 0.000006  0.014930 -0.002778 -0.545985
36  3.992352 0.891088 1.827994  -0.611003 0.056698 1.297218
37  1.405921 0.000019 -0.000008  -0.023341 -0.018102 1.787195
38  1.175362 -0.000132 0.000007  0.102043 0.069326 0.930985
39  4.526758 0.690457 1.120843  -0.540178 0.006155 1.474306
40  1.744045 -0.000030 -0.000001  -0.020372 -0.021504 1.169936
41  1.368766 -0.000031 -0.000020  -0.071654 0.141742 -0.655603
42  1.937358 1.013211 -0.909284  1.443939 0.787192 0.403618
43  1.523456 -0.000033 0.000002  -0.007458 -0.081406 0.022857
44  1.599279 0.000003 0.000009  0.034958 0.075876 -0.312274
45  5.511809 -0.000002 0.000004  -0.559671 0.000005 0.000007
46  0.196846 0.000003 -0.000002  -0.348225 0.000015 -0.000002
47  0.000000 0.000000 0.000000  -0.012955 0.003404 -1.567792
48  -3.246357 -17.910030 -4.311274  0.059240 0.107549 1.641736
49  4.151414 0.245241 -3.368002  0.542649 1.118574 1.823862
50  -1.881951 -0.011782 0.033570  -0.000000 0.000000 -0.000000
51  0.011260 -0.011782 0.169348  -0.000000 0.000000 -0.000000
52  -0.027571 -0.000000 0.206380  -0.000000 0.000000 -0.000000
53  -1.268348 -0.011782 1.789044  -0.000000 0.000000 -0.000000
54  -4.825202 -2.171455 -2.495435  0.079602 2.143548 0.784091
time 62
0  0.000000 7.449219 -27.500000  0.000000 -0.000000 -0.000001
1  -0.000002 -0.000000 0.000002  1.570743 -1.567137 -1.570743
2  4.255471 -0.335182 -0.000002  0.000000 -0.000000 -0.124848
3  7.431252 1.496477 0.000002  0.000000 -0.000000 0.245450
4  5.278481 0.165541 0.000001  0.000000 -0.000000 0.048511
5  2.787107 -12.601562 2.371094  1.975864 1.159909 -1.298786
6  -6.214485 -0.000007 -0.000027  0.531776 -2.164575 -1.731392
7  11.944884 -0.000001 -0.000001  -0.339073 -0.330436 1.914077
8  10.620189 0.000003 -0.000004  1.420578 0.564305 2.392524
9  -4.751106 -0.694495 0.830579  0.015781 -0.165461 0.438149
10  -1.688068 0.000048 -0.000030  0.014612 -0.020008 0.807967
11  -1.336140 0.000053 -0.000011  0.021168 -0.015777 1.194252
12  -4.820496 -0.509457 -0.224759  -0.297358 -0.050548 1.328587
13  -1.826990 -0.000071 0.000007  0.004249 0.040304 1.378879
14  -1.436580 0.000005 0.000001  -0.054590 -0.055484 0.685661
15  -3.992353 -0.891189 -1.827909  -0.523732 0.138145 1.095785
16  -1.405915 -0.000023 -0.000001  -0.016290 -0.024628 1.460204
17  -1.175358 0.000127 -0.000021  0.049791 0.046300 0.725667
18  -4.526749 -0.690572 -1.120743  -0.361292 0.112520 1.351639
19  -1.744041 0.000032 -0.000008  -0.026549 -0.013110 1.523316
20  -1.368765 0.000024 0.000004  0.020850 0.048211 0.303430
21  -1.874797 -0.935126 0.999173  2.033502 0.447899 0.715008
22  -1.523451 0.000035 0.000030  0.083736 0.152575 0.605548
23  -1.599277 -0.000002 0.000014  0.034086 -0.026152 0.634453
24  5.582035 0.115724 0.294923  -0.433104 -3.086253 -0.044154
25  0.196846 -0.000000 0.000002  -0.348186 3.141587 0.000016
26  1.221522 -15.236226 -2.063215  -1.165731 1.981683 -1.298790
27  6.214491 0.000005 0.000018  -0.360060 0.352896 -2.080201
28  11.944892 -0.000035 -0.000191  -1.226442 -0.267533 -0.851842
29  10.620169 0.000004 0.000015  -2.385245 -0.260391 0.329584
30  4.751165 0.694376 -0.830473  -0.336128 -0.390213 0.927458
31  1.688067 -0.000030 0.000003  -0.002032 -0.024185 1.674625
32  1.336147 -0.000050 -0.000010  0.030981 -0.023316 -0.554957
33  4.820517 0.509339 0.224864  -0.498322 -0.297801 1.219333
34  1.827002 0.000068 0.000008  0.015220 0.037553 1.659083
35  1.436576 -0.000011 0.000006  0.015182 0.000014 -0.731292
36  3.992352 0.891085 1.827994  -0.599989 0.124391 1.388065
37  1.405922 0.000020 -0.000009  -0.025175 -0.015442 1.896654
38  1.175361 -0.000132 0.000004  0.102642 0.068439 0.939698
39  4.526759 0.690456 1.120842  -0.544086 0.062435 1.576842
40  1.744042 -0.000030 0.000000  -0.021547 -0.020329 1.225742
41  1.368765 -0.000031 -0.000020  -0.097265 0.125610 -0.847231
42  1.937359 1.013210 -0.909284  1.411900 0.763427 0.395750
43  1.523454 -0.000033 0.000003  -0.006308 -0.080854 0.048022
44  1.599278 0.000003 0.000011  0.036217 0.075289 -0.295571
45  5.511808 -0.000001 0.000004  -0.654455 0.000005 0.000007
46  0.196847 0.000001 -0.000001  -0.348225 0.000015 -0.000002
47  0.000000 0.000000 0.000000  -0.011325 0.002828 -1.568177
48  -3.183855 -17.644396 -4.401121  0.085540 0.073431 1.614570
49  4.151413 0.245240 -3.368001  0.542649 1.118574 1.823862
50  -1.881953 -0.011782 0.033571  -0.000000 0.000000 -0.000000
51  0.011257 -0.011782 0.169348  -0.000000 0.000000 -0.000000
52  -0.027573 0.000000 0.206379  -0.000000 0.000000 -0.000000
53  -1.268350 -0.011782 1.789045  -0.000000 0.000000 -0.000000
54  -4.825203 -2.171454 -2.495433  0.079602 2.143548 0.784091
time 63
0  0.000000 7.449219 -27.500000  0.000000 -0.000000 -0.000001
1  -0.000002 -0.000000 0.000002  1.570743 -1.567137 -1.570743
2  4.255471 -0.335182 -0.000002  0.000000 -0.000000 -0.124848
3  7.431252 1.496477 0.000002  0.000000 -0.000000 0.245450
4  5.278481 0.165541 0.000001  0.000000 -0.000000 0.048511
5  2.787107 -12.601562 2.371094  1.975864 1.159909 -1.298786
6  -6.214485 -0.000007 -0.000027  0.453612 -2.177749 -1.684258
7  11.944884 -0.000003 -0.000003  -0.349300 -0.326805 1.945779
8  10.620186 0.000002 -0.000004  1.388302 0.590037 2.307518
9  -4.751109 -0.694495 0.830578  0.015781 -0.165461 0.438149
10  -1.688071 0.000048 -0.000030  0.014612 -0.020008 0.807967
11  -1.336142 0.000055 -0.000012  0.021168 -0.015777 1.194252
12  -4.820495 -0.509456 -0.224760  -0.297358 -0.050548 1.328587
13  -1.826990 -0.000072 0.000007  0.004249 0.040304 1.378879
14  -1.436579 0.000005 0.000000  -0.054590 -0.055484 0.685661
15  -3.992355 -0.891190 -1.827910  -0.523732 0.138145 1.095785
16  -1.405914 -0.000023 -0.000001  -0.016290 -0.024628 1.460204
17  -1.175360 0.000126 -0.000021  0.049791 0.046300 0.725667
18  -4.526749 -0.690572 -1.120744  -0.361292 0.112520 1.351639
19  -1.744042 0.000031 -0.000008  -0.026549 -0.013110 1.523355
20  -1.368764 0.000026 0.000004  0.020850 0.048211 0.303430
21  -1.874796 -0.935126 0.999173  2.033502 0.447899 0.715008
22  -1.523451 0.000035 0.000030  0.083736 0.152575 0.605548
23  -1.599277 -0.000001 0.000013  0.034086 -0.026152 0.634453
24  5.582032 0.115725 0.294923  -0.433104 -3.086252 -0.044154
25  0.196846 -0.000002 0.000002  -0.348186 3.141587 0.000016
26  1.295743 -15.314354 -2.149156  -1.165731 1.981683 -1.298790
27  6.214490 0.000006 0.000018  -0.408848 0.398130 -2.094711
28  11.944893 -0.000034 -0.000191  -1.216395 -0.275700 -0.889413
29  10.620169 0.000004 0.000013  -2.362590 -0.273046 0.350621
30  4.751164 0.694377 -0.830475  -0.355478 -0.400771 0.965161
31  1.688065 -0.000030 0.000001  -0.003698 -0.023825 1.750697
32  1.336147 -0.000049 -0.000011  0.031017 -0.023268 -0.556451
33  4.820517 0.509340 0.224863  -0.510593 -0.292923 1.253244
34  1.827001 0.000070 0.000010  0.017437 0.036582 1.718867
35  1.436578 -0.000012 0.000007  0.015146 0.001069 -0.800484
36  3.992352 0.891088 1.827993  -0.594116 0.149984 1.423254
37  1.405922 0.000022 -0.000011  -0.025798 -0.014375 1.938562
38  1.175362 -0.000133 -0.000001  0.102798 0.068187 0.942077
39  4.526759 0.690457 1.120842  -0.544058 0.084007 1.616091
40  1.744043 -0.000032 0.000000  -0.021978 -0.019862 1.247349
41  1.368764 -0.000031 -0.000019  -0.105942 0.118396 -0.918482
42  1.937358 1.013211 -0.909285  1.400827 0.754283 0.394736
43  1.523457 -0.000033 0.000005  -0.005852 -0.080639 0.057756
44  1.599279 0.000003 0.000009  0.036696 0.075049 -0.289128
45  5.511809 -0.000001 0.000003  -0.688689 0.000005 0.000007
46  0.196846 0.000002 -0.000001  -0.348225 0.000015 -0.000002
47  0.000000 0.000000 0.000000  -0.009360 0.002241 -1.568658
48  -3.156511 -17.445171 -4.471435  0.099080 0.045867 1.593313
49  4.151415 0.245240 -3.368000  0.542649 1.118574 1.823862
50  -1.881951 -0.011782 0.033572  0.000000 -0.000000 -0.000000
51  0.011259 -0.011782 0.169349  0.000000 -0.000000 -0.000000
52  -0.027573 -0.000000 0.206380  0.000000 -0.000000 -0.000000
53  -1.268347 -0.011782 1.789045  0.000000 -0.000000 -0.000000
54  -4.825201 -2.171454 -2.495433  0.079602 2.143548 0.784091
time 64
0  0.000000 7.449219 -27.500000  0.000000 -0.000000 -0.000001
1  -0.000002 -0.000000 0.000002  1.570743 -1.567137 -1.570743
2  4.255471 -0.335182 -0.000002  0.000000 -0.000000 -0.124848
3  7.431252 1.496477 0.000002  0.000000 -0.000000 0.245450
4  5.278481 0.165541 0.000001  0.000000 -0.000000 0.048511
5  2.787107 -12.601562 2.371094  1.975864 1.159909 -1.298786
6  -6.214485 -0.000007 -0.000027  0.398646 -2.189997 -1.652510
7  11.944884 -0.000002 -0.000001  -0.356608 -0.323989 1.968617
8  10.620186 0.000002 -0.000002  1.355698 0.605909 2.239338
9  -4.751107 -0.694494 0.830577  0.015781 -0.165461 0.438149
10  -1.688067 0.000049 -0.000030  0.014612 -0.020008 0.807967
11  -1.336141 0.000055 -0.000012  0.021168 -0.015777 1.194252
12  -4.820496 -0.509456 -0.224761  -0.297358 -0.050548 1.328587
13  -1.826988 -0.000074 0.000008  0.004249 0.040304 1.378879
14  -1.436581 0.000003 0.000001  -0.054590 -0.055484 0.685661
15  -3.992353 -0.891189 -1.827910  -0.523732 0.138145 1.095785
16  -1.405914 -0.000023 -0.000002  -0.016290 -0.024628 1.460204
17  -1.175360 0.000125 -0.000021  0.049791 0.046300 0.725667
18  -4.526748 -0.690572 -1.120744  -0.361292 0.112520 1.351639
19  -1.744041 0.000028 -0.000008  -0.026549 -0.013110 1.523355
20  -1.368764 0.000026 0.000004  0.020850 0.048211 0.303430
21  -1.874797 -0.935125 0.999171  2.033502 0.447899 0.715008
22  -1.523452 0.000036 0.000030  0.083736 0.152575 0.605548
23  -1.599276 -0.000001 0.000014  0.034086 -0.026152 0.634453
24  5.582032 0.115725 0.294923  -0.433104 -3.086253 -0.044154
25  0.196846 -0.000002 0.000002  -0.348186 3.141587 0.000016
26  1.295743 -15.314354 -2.149156  -1.165731 1.981683 -1.298790
27  6.214490 0.000006 0.000018  -0.390457 0.410321 -2.086754
28  11.944893 -0.000035 -0.000191  -1.209377 -0.281020 -0.914884
29  10.620170 0.000005 0.000011  -2.395963 -0.277722 0.365652
30  4.751165 0.694376 -0.830474  -0.355478 -0.400771 0.965161
31  1.688066 -0.000028 0.000000  -0.003698 -0.023825 1.750697
32  1.336144 -0.000050 -0.000010  0.031017 -0.023268 -0.556451
33  4.820516 0.509340 0.224864  -0.510593 -0.292923 1.253244
34  1.827001 0.000068 0.000009  0.017437 0.036582 1.718867
35  1.436576 -0.000013 0.000009  0.015146 0.001069 -0.800484
36  3.992353 0.891086 1.827994  -0.594116 0.149984 1.423254
37  1.405921 0.000021 -0.000013  -0.025798 -0.014375 1.938562
38  1.175362 -0.000131 0.000003  0.102798 0.068187 0.942077
39  4.526759 0.690456 1.120843  -0.544058 0.084007 1.616091
40  1.744041 -0.000030 0.000000  -0.021978 -0.019862 1.247349
41  1.368765 -0.000031 -0.000022  -0.105942 0.118396 -0.918482
42  1.937359 1.013209 -0.909285  1.400827 0.754283 0.394736
43  1.523456 -0.000033 0.000005  -0.005852 -0.080639 0.057756
44  1.599281 0.000003 0.000011  0.036696 0.075049 -0.289128
45  5.511810 -0.000001 0.000003  -0.688689 0.000005 0.000007
46  0.196846 0.000001 -0.000001  -0.348225 0.000015 -0.000002
47  0.000000 0.000000 0.000000  -0.007227 0.001678 -1.569140
48  -3.144792 -17.296730 -4.518312  0.104060 0.025174 1.579205
49  4.151415 0.245241 -3.368001  0.542649 1.118574 1.823862
50  -1.881949 -0.011782 0.033571  -0.000000 0.000000 0.000000
51  0.011259 -0.011782 0.169349  -0.000000 0.000000 0.000000
52  -0.027572 -0.000000 0.206380  -0.000000 0.000000 0.000000
53  -1.268347 -0.011782 1.789045  -0.000000 0.000000 0.000000
54  -4.825203 -2.171454 -2.495434  0.079602 2.143548 0.784091
time 65
0  0.000000 7.449219 -27.500000  0.000000 -0.000000 -0.000001
1  -0.000002 -0.000000 0.000002  1.570743 -1.567137 -1.570743
2  4.255471 -0.335182 -0.000002  0.000000 -0.000000 -0.124848
3  7.431252 1.496477 0.000002  0.000000 -0.000000 0.245450
4  5.278481 0.165541 0.000001  0.000000 -0.000000 0.048511
5  2.787107 -12.601562 2.371094  1.975864 1.159909 -1.298786
6  -6.214485 -0.000007 -0.000027  0.365677 -2.198621 -1.633670
7  11.944884 -0.000003 -0.000003  -0.361669 -0.321927 1.984543
8  10.620187 0.000001 -0.000003  1.331500 0.611891 2.193845
9  -4.751109 -0.694495 0.830578  0.015781 -0.165461 0.438149
10  -1.688069 0.000048 -0.000029  0.014612 -0.020008 0.807967
11  -1.336141 0.000056 -0.000011  0.021168 -0.015777 1.194252
12  -4.820497 -0.509457 -0.224760  -0.297358 -0.050548 1.328587
13  -1.826989 -0.000075 0.000007  0.004249 0.040304 1.378879
14  -1.436582 0.000005 0.000001  -0.054590 -0.055484 0.685661
15  -3.992357 -0.891189 -1.827909  -0.523732 0.138145 1.095785
16  -1.405916 -0.000024 -0.000002  -0.016290 -0.024628 1.460204
17  -1.175359 0.000126 -0.000021  0.049791 0.046300 0.725667
18  -4.526751 -0.690572 -1.120743  -0.361292 0.112520 1.351639
19  -1.744042 0.000034 -0.000009  -0.026549 -0.013110 1.523316
20  -1.368766 0.000026 0.000004  0.020850 0.048211 0.303430
21  -1.874797 -0.935125 0.999173  2.033502 0.447899 0.715008
22  -1.523451 0.000036 0.000030  0.083736 0.152575 0.605548
23  -1.599276 -0.000002 0.000013  0.034086 -0.026152 0.634453
24  5.582032 0.115725 0.294922  -0.433104 -3.086253 -0.044154
25  0.196846 -0.000002 0.000002  -0.348186 3.141587 0.000016
26  1.295743 -15.314354 -2.149156  -1.165731 1.981683 -1.298790
27  6.214490 0.000006 0.000018  -0.379145 0.418673 -2.080294
28  11.944894 -0.000034 -0.000192  -1.203579 -0.285224 -0.935658
29  10.620169 0.000004 0.000011  -2.415598 -0.285738 0.378452
30  4.751163 0.694376 -0.830475  -0.355478 -0.400771 0.965161
31  1.688066 -0.000028 -0.000002  -0.003698 -0.023825 1.750697
32  1.336147 -0.000049 -0.000011  0.031017 -0.023268 -0.556451
33  4.820515 0.509340 0.224863  -0.510593 -0.292923 1.253244
34  1.827002 0.000069 0.000006  0.017437 0.036582 1.718867
35  1.436575 -0.000011 0.000006  0.015146 0.001069 -0.800484
36  3.992349 0.891086 1.827994  -0.594116 0.149984 1.423254
37  1.405922 0.000021 -0.000014  -0.025798 -0.014375 1.938562
38  1.175361 -0.000133 0.000002  0.102798 0.068187 0.942077
39  4.526758 0.690457 1.120841  -0.544058 0.084007 1.616091
40  1.744042 -0.000033 -0.000001  -0.021978 -0.019862 1.247349
41  1.368765 -0.000031 -0.000023  -0.105942 0.118396 -0.918482
42  1.937354 1.013211 -0.909284  1.400827 0.754283 0.394736
43  1.523457 -0.000033 0.000005  -0.005852 -0.080639 0.057756
44  1.599281 0.000003 0.000009  0.036696 0.075049 -0.289128
45  5.511808 -0.000001 0.000004  -0.688689 0.000005 0.000007
46  0.196848 0.000001 -0.000001  -0.348225 0.000015 -0.000002
47  0.000000 0.000000 0.000000  -0.005081 0.001151 -1.569621
48  -3.140885 -17.191257 -4.533937  0.104734 0.012064 1.573200
49  4.151412 0.245241 -3.368001  0.542649 1.118608 1.823862
50  -1.881951 -0.011782 0.033571  0.000000 0.000000 0.000000
51  0.011259 -0.011782 0.169349  0.000000 0.000000 0.000000
52  -0.027570 0.000000 0.206380  0.000000 0.000000 0.000000
53  -1.268350 -0.011782 1.789045  0.000000 0.000000 0.000000
54  -4.825204 -2.171454 -2.495434  0.079602 2.143548 0.784091
time 66
0  0.000000 7.449219 -27.500000  0.000000 -0.000000 -0.000001
1  -0.000002 -0.000000 0.000002  1.570743 -1.567137 -1.570743
2  4.255471 -0.335182 -0.000002  0.000000 -0.000000 -0.124848
3  7.431252 1.496477 0.000002  0.000000 -0.000000 0.245450
4  5.278481 0.165541 0.000001  0.000000 -0.000000 0.048511
5  2.787107 -12.601562 2.371094  1.975864 1.159909 -1.298786
6  -6.214485 -0.000007 -0.000027  0.355018 -2.201954 -1.629768
7  11.944882 -0.000001 -0.000001  -0.364929 -0.320549 1.994910
8  10.620186 -0.000000 -0.000004  1.315890 0.613965 2.167132
9  -4.751108 -0.694495 0.830576  0.015781 -0.165461 0.438149
10  -1.688070 0.000048 -0.000031  0.014612 -0.020008 0.807967
11  -1.336139 0.000053 -0.000011  0.021168 -0.015777 1.194252
12  -4.820496 -0.509457 -0.224760  -0.297358 -0.050548 1.328587
13  -1.826990 -0.000073 0.000007  0.004249 0.040304 1.378879
14  -1.436579 0.000005 0.000000  -0.054590 -0.055484 0.685661
15  -3.992355 -0.891189 -1.827910  -0.523732 0.138145 1.095785
16  -1.405916 -0.000022 -0.000001  -0.016290 -0.024628 1.460204
17  -1.175358 0.000124 -0.000019  0.049791 0.046300 0.725667
18  -4.526752 -0.690573 -1.120746  -0.361292 0.112520 1.351639
19  -1.744042 0.000032 -0.000008  -0.026549 -0.013110 1.523316
20  -1.368766 0.000027 0.000005  0.020850 0.048211 0.303430
21  -1.874796 -0.935125 0.999171  2.033502 0.447899 0.715008
22  -1.523451 0.000035 0.000030  0.083736 0.152575 0.605548
23  -1.599275 0.000000 0.000013  0.034086 -0.026152 0.634453
24  5.582033 0.115724 0.294923  -0.433104 -3.086253 -0.044154
25  0.196846 -0.000001 0.000002  -0.348186 3.141587 0.000016
26  1.295743 -15.314354 -2.149156  -1.165731 1.981683 -1.298790
27  6.214490 0.000006 0.000018  -0.375328 0.423550 -2.075426
28  11.944893 -0.000034 -0.000191  -1.198740 -0.288590 -0.952731
29  10.620169 0.000005 0.000014  -2.421736 -0.295462 0.393220
30  4.751163 0.694378 -0.830474  -0.355478 -0.400771 0.965161
31  1.688064 -0.000030 -0.000003  -0.003698 -0.023825 1.750697
32  1.336147 -0.000051 -0.000010  0.031017 -0.023268 -0.556451
33  4.820514 0.509342 0.224864  -0.510593 -0.292923 1.253244
34  1.827002 0.000068 0.000009  0.017437 0.036582 1.718867
35  1.436575 -0.000012 0.000003  0.015146 0.001069 -0.800484
36  3.992349 0.891088 1.827996  -0.594116 0.149984 1.423254
37  1.405921 0.000021 -0.000010  -0.025798 -0.014375 1.938562
38  1.175361 -0.000131 0.000001  0.102798 0.068187 0.942077
39  4.526757 0.690458 1.120843  -0.544058 0.084007 1.616091
40  1.744043 -0.000033 -0.000000  -0.021978 -0.019862 1.247349
41  1.368766 -0.000030 -0.000021  -0.105942 0.118396 -0.918482
42  1.937356 1.013211 -0.909284  1.400827 0.754283 0.394736
43  1.523457 -0.000033 0.000002  -0.005852 -0.080639 0.057756
44  1.599281 0.000003 0.000008  0.036696 0.075049 -0.289128
45  5.511808 0.000000 0.000004  -0.688689 0.000005 0.000007
46  0.196847 0.000001 -0.000002  -0.348225 0.000015 -0.000002
47  0.000000 0.000000 0.000000  -0.003116 0.000683 -1.570102
48  -3.144792 -17.109224 -4.510499  0.098613 0.005074 1.571770
49  4.151415 0.245241 -3.368001  0.542649 1.118574 1.823862
50  -1.881950 -0.011782 0.033571  -0.000000 0.000000 -0.000000
51  0.011260 -0.011782 0.169349  -0.000000 0.000000 -0.000000
52  -0.027572 -0.000000 0.206380  -0.000000 0.000000 -0.000000
53  -1.268348 -0.011782 1.789045  -0.000000 0.000000 -0.000000
54  -4.825203 -2.171454 -2.495434  0.079602 2.143548 0.784091
time 67
0  0.000000 7.449219 -27.500000  0.000000 -0.000000 -0.000001
1  -0.000002 -0.000000 0.000002  1.570743 -1.567137 -1.570743
2  4.255471 -0.335182 -0.000002  0.000000 -0.000000 -0.124848
3  7.431252 1.496477 0.000002  0.000000 -0.000000 0.245450
4  5.278481 0.165541 0.000001  0.000000 -0.000000 0.048511
5  2.787107 -12.601562 2.371094  1.975864 1.159909 -1.298786
6  -6.214485 -0.000007 -0.000027  0.357004 -2.202827 -1.635998
7  11.944883 -0.000002 -0.000000  -0.366730 -0.319770 2.000619
8  10.620185 0.000000 -0.000003  1.300789 0.617512 2.148051
9  -4.751107 -0.694495 0.830577  0.015781 -0.165461 0.438149
10  -1.688068 0.000049 -0.000030  0.014612 -0.020008 0.807967
11  -1.336141 0.000052 -0.000011  0.021168 -0.015777 1.194252
12  -4.820494 -0.509456 -0.224761  -0.297358 -0.050548 1.328587
13  -1.826990 -0.000073 0.000007  0.004249 0.040304 1.378879
14  -1.436580 0.000005 0.000000  -0.054590 -0.055484 0.685661
15  -3.992353 -0.891189 -1.827911  -0.523732 0.138145 1.095785
16  -1.405915 -0.000023 -0.000002  -0.016290 -0.024628 1.460204
17  -1.175358 0.000126 -0.000021  0.049791 0.046300 0.725667
18  -4.526750 -0.690572 -1.120746  -0.361292 0.112520 1.351639
19  -1.744041 0.000033 -0.000008  -0.026549 -0.013110 1.523316
20  -1.368766 0.000027 0.000004  0.020850 0.048211 0.303430
21  -1.874796 -0.935126 0.999172  2.033502 0.447899 0.715008
22  -1.523452 0.000037 0.000030  0.083736 0.152575 0.605548
23  -1.599277 -0.000001 0.000013  0.034086 -0.026152 0.634453
24  5.582032 0.115723 0.294923  -0.433104 -3.086253 -0.044154
25  0.196846 -0.000001 0.000002  -0.348186 3.141587 0.000016
26  1.295743 -15.314354 -2.149156  -1.165731 1.981683 -1.298790
27  6.214490 0.000006 0.000018  -0.377063 0.425483 -2.072337
28  11.944893 -0.000034 -0.000191  -1.195083 -0.291027 -0.965494
29  10.620170 0.000004 0.000012  -2.417546 -0.303998 0.411862
30  4.751164 0.694375 -0.830474  -0.355478 -0.400771 0.965161
31  1.688066 -0.000032 -0.000001  -0.003698 -0.023825 1.750697
32  1.336147 -0.000050 -0.000010  0.031017 -0.023268 -0.556451
33  4.820515 0.509338 0.224863  -0.510593 -0.292923 1.253244
34  1.827003 0.000068 0.000009  0.017437 0.036582 1.718867
35  1.436577 -0.000011 0.000006  0.015146 0.001069 -0.800484
36  3.992350 0.891084 1.827994  -0.594116 0.149984 1.423254
37  1.405920 0.000020 -0.000012  -0.025798 -0.014375 1.938562
38  1.175361 -0.000131 0.000006  0.102798 0.068187 0.942077
39  4.526758 0.690454 1.120842  -0.544058 0.084007 1.616091
40  1.744041 -0.000032 0.000000  -0.021978 -0.019862 1.247349
41  1.368765 -0.000032 -0.000018  -0.105942 0.118396 -0.918482
42  1.937357 1.013208 -0.909286  1.400827 0.754283 0.394736
43  1.523457 -0.000033 0.000004  -0.005852 -0.080639 0.057756
44  1.599282 0.000003 0.000009  0.036696 0.075049 -0.289128
45  5.511808 -0.000001 0.000002  -0.688689 0.000005 0.000007
46  0.196846 0.000001 -0.000002  -0.348225 0.000015 -0.000002
47  0.000000 0.000000 0.000000  -0.001498 0.000324 -1.570487
48  -3.148698 -17.058441 -4.463623  0.085177 0.001501 1.571007
49  4.151414 0.245240 -3.368001  0.542649 1.118574 1.823862
50  -1.881948 -0.011783 0.033571  0.000000 0.000000 0.000000
51  0.011260 -0.011782 0.169350  0.000000 0.000000 0.000000
52  -0.027571 -0.000000 0.206380  0.000000 0.000000 0.000000
53  -1.268347 -0.011783 1.789045  0.000000 0.000000 0.000000
54  -4.825202 -2.171455 -2.495433  0.079602 2.143548 0.784091
time 68
0  0.000000 7.449219 -27.500000  0.000000 -0.000000 -0.000001
1  -0.000002 -0.000000 0.000002  1.570743 -1.567137 -1.570743
2  4.255471 -0.335182 -0.000002  0.000000 -0.000000 -0.124848
3  7.431252 1.496477 0.000002  0.000000 -0.000000 0.245450
4  5.278481 0.165541 0.000001  0.000000 -0.000000 0.048511
5  3.074659 -10.887551 1.678075  1.975864 1.159909 -1.298786
6  -6.214486 -0.000006 -0.000026  0.335403 -2.309237 -1.592593
7  11.944885 -0.000002 -0.000001  -0.311438 -0.335937 1.826422
8  10.568214 0.025943 0.198007  1.163736 0.570175 2.182853
9  -4.751108 -0.694495 0.830576  0.015781 -0.165461 0.438149
10  -1.688068 0.000048 -0.000030  0.014612 -0.020008 0.807967
11  -1.336138 0.000052 -0.000011  0.021168 -0.015777 1.194252
12  -4.820496 -0.509457 -0.224761  -0.297358 -0.050548 1.328587
13  -1.826989 -0.000073 0.000007  0.004249 0.040304 1.378879
14  -1.436581 0.000004 0.000000  -0.054590 -0.055484 0.685661
15  -3.992355 -0.891190 -1.827909  -0.523732 0.138145 1.095785
16  -1.405916 -0.000022 -0.000001  -0.016290 -0.024628 1.460204
17  -1.175357 0.000126 -0.000021  0.049791 0.046300 0.725667
18  -4.526749 -0.690572 -1.120744  -0.361292 0.112520 1.351639
19  -1.744042 0.000033 -0.000007  -0.026549 -0.013110 1.523316
20  -1.368763 0.000025 0.000004  0.020850 0.048211 0.303430
21  -1.874797 -0.935126 0.999171  2.033502 0.447899 0.715008
22  -1.523451 0.000036 0.000030  0.083736 0.152575 0.605548
23  -1.599277 0.000000 0.000013  0.034086 -0.026152 0.634453
24  5.582034 0.115723 0.294922  -0.433104 -3.086253 -0.044154
25  0.196847 -0.000001 0.000002  -0.348186 3.141587 0.000016
26  1.295743 -15.314354 -2.149156  -1.165731 1.981683 -1.298790
27  6.214490 0.000006 0.000018  -0.380741 0.425708 -2.070933
28  11.944892 -0.000035 -0.000192  -1.192793 -0.292534 -0.973450
29  10.620168 0.000005 0.000013  -2.409995 -0.310121 0.427812
30  4.751163 0.694376 -0.830473  -0.355478 -0.400771 0.965161
31  1.688064 -0.000029 0.000001  -0.003698 -0.023825 1.750697
32  1.336148 -0.000051 -0.000008  0.031017 -0.023268 -0.556451
33  4.820514 0.509340 0.224865  -0.510593 -0.292923 1.253244
34  1.827002 0.000066 0.000009  0.017437 0.036582 1.718867
35  1.436578 -0.000012 0.000006  0.015146 0.001069 -0.800484
36  3.992349 0.891086 1.827995  -0.594116 0.149984 1.423254
37  1.405921 0.000020 -0.000013  -0.025798 -0.014375 1.938562
38  1.175361 -0.000133 0.000004  0.102798 0.068187 0.942077
39  4.526756 0.690456 1.120843  -0.544058 0.084007 1.616091
40  1.744041 -0.000033 -0.000003  -0.021978 -0.019862 1.247349
41  1.368765 -0.000030 -0.000020  -0.105942 0.118396 -0.918482
42  1.937356 1.013210 -0.909284  1.400827 0.754283 0.394736
43  1.523460 -0.000033 0.000003  -0.005852 -0.080639 0.057756
44  1.599283 0.000003 0.000010  0.036696 0.075049 -0.289128
45  5.511808 -0.000000 0.000002  -0.688689 0.000005 0.000007
46  0.196846 0.000001 -0.000002  -0.348225 0.000015 -0.000002
47  0.000000 0.000000 0.000000  -0.000395 0.000084 -1.570728
48  -3.152604 -17.027189 -4.416746  0.071794 0.000178 1.570817
49  4.151415 0.245241 -3.368001  0.542649 1.118574 1.823862
50  -1.881952 -0.011782 0.033571  -0.000000 -0.000000 0.000000
51  0.011258 -0.011782 0.169349  -0.000000 -0.000000 0.000000
52  -0.027573 0.000000 0.206380  -0.000000 -0.000000 0.000000
53  -1.268348 -0.011782 1.789045  -0.000000 -0.000000 0.000000
54  -4.825204 -2.171454 -2.495434  0.079602 2.143548 0.784091
time 69
0  0.000000 7.449219 -27.500000  0.000000 -0.000000 -0.000001
1  -0.000002 -0.000000 0.000002  1.570743 -1.567137 -1.570743
2  4.255471 -0.335182 -0.000002  0.000000 -0.000000 -0.124848
3  7.431252 1.496477 0.000002  0.000000 -0.000000 0.245450
4  5.278481 0.165541 0.000001  0.000000 -0.000000 0.048511
5  3.362211 -9.173538 0.985056  1.975864 1.159909 -1.298786
6  -6.214486 -0.000006 -0.000027  0.328737 -2.414640 -1.556890
7  11.944885 -0.000003 -0.000000  -0.250871 -0.348305 1.650495
8  10.620186 0.000003 -0.000004  1.073765 0.499073 2.255414
9  -4.751108 -0.694494 0.830576  0.015781 -0.165461 0.438149
10  -1.688067 0.000048 -0.000031  0.014612 -0.020008 0.807967
11  -1.336140 0.000054 -0.000011  0.021168 -0.015777 1.194252
12  -4.820496 -0.509456 -0.224760  -0.297358 -0.050548 1.328590
13  -1.826990 -0.000074 0.000008  0.004249 0.040304 1.378879
14  -1.436580 0.000005 0.000001  -0.054590 -0.055484 0.685661
15  -3.992356 -0.891189 -1.827909  -0.523732 0.138145 1.095785
16  -1.405915 -0.000024 -0.000002  -0.016290 -0.024628 1.460204
17  -1.175361 0.000124 -0.000020  0.049791 0.046300 0.725667
18  -4.526751 -0.690572 -1.120746  -0.361292 0.112520 1.351639
19  -1.744042 0.000031 -0.000008  -0.026556 -0.013108 1.523354
20  -1.368764 0.000027 0.000004  0.020850 0.048215 0.303416
21  -1.874797 -0.935125 0.999173  2.033502 0.447899 0.715008
22  -1.523451 0.000036 0.000030  0.083736 0.152575 0.605550
23  -1.599276 -0.000001 0.000014  0.034086 -0.026152 0.634453
24  5.582034 0.115725 0.294923  -0.433104 -3.086253 -0.044153
25  0.196847 -0.000002 0.000003  -0.348186 3.141587 0.000016
26  1.295743 -15.314354 -2.149156  -1.165731 1.981683 -1.298790
27  6.214490 0.000006 0.000018  -0.413289 0.435265 -2.080575
28  11.944893 -0.000035 -0.000190  -1.192018 -0.293036 -0.976157
29  10.620168 0.000005 0.000012  -2.378180 -0.315836 0.438609
30  4.751164 0.694376 -0.830473  -0.355478 -0.400771 0.965161
31  1.688065 -0.000030 0.000003  -0.003698 -0.023825 1.750697
32  1.336147 -0.000050 -0.000008  0.031017 -0.023268 -0.556451
33  4.820515 0.509339 0.224865  -0.510593 -0.292923 1.253244
34  1.827002 0.000065 0.000007  0.017437 0.036582 1.718867
35  1.436577 -0.000013 0.000008  0.015146 0.001069 -0.800484
36  3.992349 0.891086 1.827996  -0.594116 0.149984 1.423254
37  1.405920 0.000022 -0.000008  -0.025798 -0.014375 1.938562
38  1.175361 -0.000133 0.000006  0.102798 0.068187 0.942077
39  4.526759 0.690455 1.120843  -0.544058 0.084007 1.616091
40  1.744042 -0.000033 -0.000002  -0.021978 -0.019862 1.247349
41  1.368764 -0.000031 -0.000021  -0.105942 0.118396 -0.918482
42  1.937358 1.013210 -0.909282  1.400827 0.754283 0.394736
43  1.523455 -0.000033 0.000004  -0.005852 -0.080639 0.057756
44  1.599281 0.000003 0.000007  0.036696 0.075049 -0.289128
45  5.511808 -0.000001 0.000005  -0.688689 0.000005 0.000007
46  0.196846 0.000000 -0.000001  -0.348225 0.000015 -0.000002
47  0.000000 0.000000 0.000000  0.000000 -0.000000 -1.570824
48  -3.152604 -17.015471 -4.393308  0.065673 -0.000000 1.570721
49  4.151416 0.245241 -3.368001  0.542649 1.118574 1.823862
50  -1.881950 -0.011782 0.033571  -0.000000 -0.000000 0.000000
51  0.011262 -0.011782 0.169349  -0.000000 -0.000000 0.000000
52  -0.027569 -0.000000 0.206381  -0.000000 -0.000000 0.000000
53  -1.268348 -0.011782 1.789045  -0.000000 -0.000000 0.000000
54  -4.825204 -2.171454 -2.495434  0.079602 2.143548 0.784091
end
