// Created by Crowbar 0.74
version 1
nodes
  0 "root" -1
  1 "pelvis" 0
  2 "spine_01" 1
  3 "spine_02" 2
  4 "spine_03" 3
  5 "clavicle_r" 4
  6 "upperarm_r" 5
  7 "lowerarm_r" 6
  8 "hand_r" 7
  9 "index_01_r" 8
  10 "index_02_r" 9
  11 "index_03_r" 10
  12 "middle_01_r" 8
  13 "middle_02_r" 12
  14 "middle_03_r" 13
  15 "pinky_01_r" 8
  16 "pinky_02_r" 15
  17 "pinky_03_r" 16
  18 "ring_01_r" 8
  19 "ring_02_r" 18
  20 "ring_03_r" 19
  21 "thumb_01_r" 8
  22 "thumb_02_r" 21
  23 "thumb_03_r" 22
  24 "lowerarm_twist_01_r" 7
  25 "upperarm_twist_01_r" 6
  26 "clavicle_l" 4
  27 "upperarm_l" 26
  28 "lowerarm_l" 27
  29 "hand_l" 28
  30 "index_01_l" 29
  31 "index_02_l" 30
  32 "index_03_l" 31
  33 "middle_01_l" 29
  34 "middle_02_l" 33
  35 "middle_03_l" 34
  36 "pinky_01_l" 29
  37 "pinky_02_l" 36
  38 "pinky_03_l" 37
  39 "ring_01_l" 29
  40 "ring_02_l" 39
  41 "ring_03_l" 40
  42 "thumb_01_l" 29
  43 "thumb_02_l" 42
  44 "thumb_03_l" 43
  45 "lowerarm_twist_01_l" 28
  46 "upperarm_twist_01_l" 27
  47 "cam_driver" -1
  48 "Base" -1
  49 "rhand_ikTarget" 48
  50 "Trigger" 48
  51 "Mag" 48
  52 "MagCover" 51
  53 "Bullet" 51
  54 "Bullet.001" 53
  55 "Bullet.002" 54
  56 "Bullet.003" 55
  57 "Bullet.004" 56
  58 "Bullet.005" 57
  59 "Bullet.006" 58
  60 "Bullet.007" 59
  61 "Bullet.008" 60
  62 "Bullet.009" 61
  63 "Bullet.010" 62
  64 "Bullet.011" 63
  65 "Bolt" 48
  66 "Cover" 48
  67 "BulletCover" 66
  68 "lhand_ikTarget" 48
end
skeleton
  time 0
    0 -0.000001 8.445313 -27.500000 0.000000 0.000000 -0.000001
    1 -0.000002 0.000000 0.000000 1.570747 -1.567142 -1.570747
    2 4.255466 -0.335183 -0.000002 0.000000 0.000000 -0.124848
    3 7.431250 1.496479 0.000002 0.000000 0.000000 0.245450
    4 5.278479 0.165544 0.000001 0.000000 0.000000 0.048511
    5 3.026260 -10.982190 0.098309 1.975865 1.159909 -1.298786
    6 -6.214478 -0.000009 -0.000026 2.937629 -0.085957 2.130149
    7 11.944885 0.000000 0.000000 -0.185392 -0.347323 1.458922
    8 10.620188 0.000000 0.000000 0.323501 0.024506 2.381452
    9 -4.751108 -0.694498 0.830580 -0.196212 -0.076015 0.337430
    10 -1.688068 0.000047 -0.000031 0.016437 -0.018540 0.713390
    11 -1.336140 0.000055 -0.000010 0.025883 0.005183 0.356198
    12 -4.820494 -0.509464 -0.224759 -0.432170 -0.068984 1.183566
    13 -1.826984 -0.000069 0.000008 0.000641 0.040522 1.289652
    14 -1.436569 0.000004 0.000003 -0.063695 -0.044748 0.866877
    15 -3.992357 -0.891191 -1.827909 -0.771692 0.114163 1.288777
    16 -1.405918 -0.000025 -0.000002 0.006033 -0.028905 0.669971
    17 -1.175358 0.000126 -0.000019 0.066817 0.012507 1.289381
    18 -4.526751 -0.690580 -1.120741 -0.609313 0.084231 1.376921
    19 -1.744038 0.000032 -0.000008 -0.022302 -0.019489 1.263691
    20 -1.368771 0.000023 0.000002 0.040064 0.033970 0.762951
    21 -2.034957 -0.896062 0.932767 1.849460 0.508918 0.720988
    22 -1.625013 0.152379 0.011750 -0.099919 0.179908 0.561003
    23 -1.599285 0.000011 0.000015 0.034164 -0.026049 0.631423
    24 5.511820 0.000008 -0.000002 2.243089 -0.002560 -3.140367
    25 0.196846 -0.000002 0.000003 2.793407 0.000006 -3.141577
    26 2.537964 1.322876 -6.028179 1.975862 1.159910 1.842803
    27 6.214486 0.000008 0.000019 0.547459 0.002489 -1.001780
    28 11.944888 -0.000031 -0.000200 0.414415 -0.294422 -2.158090
    29 10.620165 0.000002 0.000006 -1.844487 -0.477568 0.060731
    30 4.751158 0.694374 -0.830474 -0.056768 0.023921 0.325089
    31 1.688065 -0.000022 0.000002 0.128120 -0.152971 0.079245
    32 1.336151 -0.000051 -0.000009 0.083929 -0.146338 -0.285780
    33 4.820515 0.509338 0.224866 -0.227604 -0.145633 0.325157
    34 1.826992 0.000066 0.000010 -0.037584 0.015166 0.086395
    35 1.436581 -0.000006 0.000010 0.011107 -0.010364 0.022084
    36 3.992353 0.891087 1.827993 -0.336119 -0.275058 0.359559
    37 1.405926 0.000031 -0.000003 0.013955 -0.026024 0.383409
    38 1.175362 -0.000132 0.000001 0.021231 0.121471 0.128394
    39 4.526758 0.690464 1.120843 -0.285250 -0.195743 0.415031
    40 1.744041 -0.000031 -0.000002 0.009865 -0.027940 0.071267
    41 1.368767 -0.000031 -0.000018 0.036591 0.154469 0.048093
    42 1.874857 0.935081 -0.999129 1.495479 0.797446 0.199901
    43 1.523453 -0.000032 -0.000002 0.038214 -0.033007 0.408799
    44 1.599281 -0.000004 0.000010 0.047722 0.068590 -0.135637
    45 5.511806 -0.000002 0.000003 -0.023278 0.000004 0.000008
    46 0.196849 0.000003 -0.000001 -0.348225 0.000015 -0.000002
    47 0.000000 0.999512 0.000000 0.000000 0.000000 -1.570796
    48 -8.533613 -25.838132 -1.306303 0.017917 -0.010028 1.612715
    49 11.000000 1.173828 -4.839844 0.311838 1.041096 1.634876
    50 3.961849 0.642975 -1.929704 0.000000 0.000000 0.000000
    51 -2.857964 -1.151006 -1.511703 0.000000 0.000000 0.000000
    52 2.895435 -2.097063 0.046948 0.000000 0.000000 0.000000
    53 3.454203 -1.867332 -0.585907 1.196421 -0.003266 0.000599
    54 -0.000002 0.689174 0.000000 -0.127080 0.002026 -0.004246
    55 -0.000006 0.481626 0.000000 0.155540 -0.005503 0.003004
    56 -0.000004 0.504691 0.000000 0.409496 0.003283 0.010095
    57 -0.000006 0.488307 0.000000 -0.135035 -0.002561 -0.005964
    58 -0.000006 0.490659 0.000000 -0.264913 -0.006976 -0.009053
    59 -0.000004 0.501841 0.000000 -0.533121 0.006872 0.048841
    60 -0.000002 0.488363 0.000000 -0.703248 0.036711 0.051498
    61 0.000002 0.470322 0.000000 0.134890 -0.001089 -0.077341
    62 0.000000 0.484582 0.000000 -0.065151 -0.005112 0.008751
    63 -0.000002 0.464710 0.000000 -0.047140 0.014322 0.003125
    64 0.000000 0.497667 0.000000 0.003010 0.002932 -0.001541
    65 -10.906960 0.478617 -2.315958 0.000000 0.000000 0.000000
    66 -2.474586 -0.057514 1.528718 0.000000 0.000000 0.000000
    67 3.390135 1.751309 0.131980 0.000000 0.000000 0.000000
    68 27.329263 -21.305537 -8.907688 2.009438 -1.241842 -1.540030
  time 1
    0 -0.000001 8.445313 -27.500000 0.000000 0.000000 -0.000001
    1 -0.000002 0.000000 0.000000 1.570747 -1.567142 -1.570747
    2 4.255466 -0.335183 -0.000002 0.000000 0.000000 -0.124848
    3 7.431250 1.496479 0.000002 0.000000 0.000000 0.245450
    4 5.278479 0.165544 0.000001 0.000000 0.000000 0.048511
    5 3.080950 -10.642336 0.043620 1.975865 1.159909 -1.298786
    6 -6.214478 -0.000009 -0.000026 2.945778 -0.073339 2.156185
    7 11.944885 0.000000 0.000000 -0.198937 -0.348497 1.498658
    8 10.620188 0.000000 0.000000 0.337847 0.009228 2.375213
    9 -4.751108 -0.694498 0.830580 -0.196212 -0.076015 0.337430
    10 -1.688068 0.000047 -0.000031 0.016437 -0.018540 0.713390
    11 -1.336140 0.000055 -0.000010 0.025883 0.005183 0.356198
    12 -4.820494 -0.509464 -0.224759 -0.432170 -0.068984 1.183566
    13 -1.826984 -0.000069 0.000008 0.000641 0.040522 1.289652
    14 -1.436569 0.000004 0.000003 -0.063695 -0.044748 0.866877
    15 -3.992357 -0.891191 -1.827909 -0.771692 0.114163 1.288777
    16 -1.405918 -0.000025 -0.000002 0.006033 -0.028905 0.669971
    17 -1.175358 0.000126 -0.000019 0.066817 0.012507 1.289381
    18 -4.526751 -0.690580 -1.120741 -0.609313 0.084231 1.376921
    19 -1.744038 0.000032 -0.000008 -0.022302 -0.019489 1.263691
    20 -1.368771 0.000023 0.000002 0.040064 0.033970 0.762951
    21 -2.034957 -0.896062 0.932767 1.849460 0.508918 0.720988
    22 -1.625013 0.152379 0.011750 -0.099919 0.179908 0.561003
    23 -1.599285 0.000011 0.000015 0.034164 -0.026049 0.631423
    24 5.511820 0.000008 -0.000002 2.243089 -0.002560 -3.140367
    25 0.196846 -0.000002 0.000003 2.793407 0.000006 -3.141577
    26 2.459837 1.029898 -6.012553 1.975862 1.159910 1.842803
    27 6.214486 0.000008 0.000019 0.526123 0.018489 -1.087165
    28 11.944888 -0.000031 -0.000200 0.350741 -0.326265 -1.950292
    29 10.620165 0.000002 0.000006 -1.854294 -0.476840 0.014878
    30 4.751158 0.694374 -0.830474 -0.056768 0.023921 0.325089
    31 1.688065 -0.000022 0.000002 0.128120 -0.152971 0.079245
    32 1.336151 -0.000051 -0.000009 0.083929 -0.146338 -0.285780
    33 4.820515 0.509338 0.224866 -0.227604 -0.145633 0.325157
    34 1.826992 0.000066 0.000010 -0.037584 0.015166 0.086395
    35 1.436581 -0.000006 0.000010 0.011107 -0.010364 0.022084
    36 3.992353 0.891087 1.827993 -0.336119 -0.275058 0.359559
    37 1.405926 0.000031 -0.000003 0.013955 -0.026024 0.383409
    38 1.175362 -0.000132 0.000001 0.021231 0.121471 0.128394
    39 4.526758 0.690464 1.120843 -0.285250 -0.195743 0.415031
    40 1.744041 -0.000031 -0.000002 0.009865 -0.027940 0.071267
    41 1.368767 -0.000031 -0.000018 0.036591 0.154469 0.048093
    42 1.874857 0.935081 -0.999129 1.495479 0.797446 0.199901
    43 1.523453 -0.000032 -0.000002 0.038214 -0.033007 0.408799
    44 1.599281 -0.000004 0.000010 0.047722 0.068590 -0.135637
    45 5.511806 -0.000002 0.000003 -0.023278 0.000004 0.000008
    46 0.196849 0.000003 -0.000001 -0.348225 0.000015 -0.000002
    47 0.000000 0.999512 0.000000 0.000000 0.000000 -1.570796
    48 -8.525800 -25.142798 -1.071921 0.035025 -0.009087 1.612332
    49 11.000000 1.173828 -4.839844 0.311838 1.041096 1.634876
    50 3.961849 0.642975 -1.929704 0.000000 0.000000 0.000000
    51 -2.857964 -1.151006 -1.511703 0.000000 0.000000 0.000000
    52 2.895435 -2.097063 0.046948 0.000000 0.000000 0.000000
    53 3.454203 -1.867332 -0.585907 1.196421 -0.003253 0.000599
    54 -0.000002 0.689174 0.000000 -0.127080 0.002026 -0.004224
    55 -0.000006 0.481626 0.000000 0.155540 -0.005503 0.003004
    56 -0.000004 0.504691 0.000000 0.409496 0.003283 0.010095
    57 -0.000006 0.488307 0.000000 -0.135035 -0.002561 -0.005952
    58 -0.000006 0.490659 0.000000 -0.264913 -0.006988 -0.009077
    59 -0.000004 0.501841 0.000000 -0.533121 0.006872 0.048854
    60 -0.000002 0.488363 0.000000 -0.703248 0.036711 0.051486
    61 0.000002 0.470322 0.000000 0.134890 -0.001089 -0.077341
    62 0.000000 0.484582 0.000000 -0.065151 -0.005112 0.008751
    63 -0.000002 0.464710 0.000000 -0.047140 0.014322 0.003113
    64 0.000000 0.497667 0.000000 0.003010 0.002932 -0.001541
    65 -10.906960 0.478617 -2.315958 0.000000 0.000000 0.000000
    66 -2.474586 -0.057514 1.528718 0.000000 0.000000 0.000000
    67 3.390135 1.751309 0.131980 0.000000 0.000000 0.000000
    68 24.442457 -21.168814 -8.735808 2.003434 -1.258161 -1.469272
  time 2
    0 -0.000001 8.445313 -27.500000 0.000000 0.000000 -0.000001
    1 -0.000002 0.000000 0.000000 1.570747 -1.567142 -1.570747
    2 4.255466 -0.335183 -0.000002 0.000000 0.000000 -0.124848
    3 7.431250 1.496479 0.000002 0.000000 0.000000 0.245450
    4 5.278479 0.165544 0.000001 0.000000 0.000000 0.048511
    5 3.241111 -9.696995 -0.116541 1.975865 1.159909 -1.298786
    6 -6.214478 -0.000009 -0.000026 2.972312 -0.044698 2.221864
    7 11.944885 0.000000 0.000000 -0.231483 -0.349240 1.593766
    8 10.620188 0.000000 0.000000 0.373026 -0.030352 2.364456
    9 -4.751108 -0.694498 0.830580 -0.196212 -0.076015 0.337430
    10 -1.688068 0.000047 -0.000031 0.016437 -0.018540 0.713390
    11 -1.336140 0.000055 -0.000010 0.025883 0.005183 0.356198
    12 -4.820494 -0.509464 -0.224759 -0.432170 -0.068984 1.183566
    13 -1.826984 -0.000069 0.000008 0.000641 0.040522 1.289652
    14 -1.436569 0.000004 0.000003 -0.063695 -0.044748 0.866877
    15 -3.992357 -0.891191 -1.827909 -0.771692 0.114163 1.288777
    16 -1.405918 -0.000025 -0.000002 0.006033 -0.028905 0.669971
    17 -1.175358 0.000126 -0.000019 0.066817 0.012507 1.289381
    18 -4.526751 -0.690580 -1.120741 -0.609313 0.084231 1.376921
    19 -1.744038 0.000032 -0.000008 -0.022302 -0.019489 1.263691
    20 -1.368771 0.000023 0.000002 0.040064 0.033970 0.762951
    21 -2.034957 -0.896062 0.932767 1.849460 0.508918 0.720988
    22 -1.625013 0.152379 0.011750 -0.099919 0.179908 0.561003
    23 -1.599285 0.000011 0.000015 0.034164 -0.026049 0.631423
    24 5.511820 0.000008 -0.000002 2.243089 -0.002560 -3.140367
    25 0.196846 -0.000002 0.000003 2.793407 0.000006 -3.141577
    26 2.241080 0.201748 -5.969583 1.975862 1.159910 1.842803
    27 6.214486 0.000008 0.000019 0.507972 0.029007 -1.155299
    28 11.944888 -0.000031 -0.000200 0.298355 -0.341557 -1.790766
    29 10.620165 0.000002 0.000006 -1.859533 -0.471710 -0.001535
    30 4.751158 0.694374 -0.830474 -0.056768 0.023921 0.325089
    31 1.688065 -0.000022 0.000002 0.128120 -0.152971 0.079245
    32 1.336151 -0.000051 -0.000009 0.083929 -0.146338 -0.285780
    33 4.820515 0.509338 0.224866 -0.227604 -0.145633 0.325157
    34 1.826992 0.000066 0.000010 -0.037584 0.015166 0.086395
    35 1.436581 -0.000006 0.000010 0.011107 -0.010364 0.022084
    36 3.992353 0.891087 1.827993 -0.336119 -0.275058 0.359559
    37 1.405926 0.000031 -0.000003 0.013955 -0.026024 0.383409
    38 1.175362 -0.000132 0.000001 0.021231 0.121471 0.128394
    39 4.526758 0.690464 1.120843 -0.285250 -0.195743 0.415031
    40 1.744041 -0.000031 -0.000002 0.009865 -0.027940 0.071267
    41 1.368767 -0.000031 -0.000018 0.036591 0.154469 0.048093
    42 1.874857 0.935081 -0.999129 1.495479 0.797446 0.199901
    43 1.523453 -0.000032 -0.000002 0.038214 -0.033007 0.408799
    44 1.599281 -0.000004 0.000010 0.047722 0.068590 -0.135637
    45 5.511806 -0.000002 0.000003 -0.023278 0.000004 0.000008
    46 0.196849 0.000003 -0.000001 -0.348225 0.000015 -0.000002
    47 0.000000 0.999512 0.000000 0.000000 0.000000 -1.570796
    48 -8.506269 -23.279460 -0.513310 0.075867 -0.006460 1.611566
    49 11.000000 1.173828 -4.839844 0.311838 1.041096 1.634876
    50 3.961849 0.642975 -1.929704 0.000000 0.000000 0.000000
    51 -2.857964 -1.151006 -1.511703 0.000000 0.000000 0.000000
    52 2.895435 -2.097063 0.046948 0.000000 0.000000 0.000000
    53 3.454203 -1.867332 -0.585907 1.196421 -0.003266 0.000599
    54 -0.000002 0.689174 0.000000 -0.127080 0.002026 -0.004246
    55 -0.000006 0.481626 0.000000 0.155540 -0.005491 0.002992
    56 -0.000004 0.504691 0.000000 0.409496 0.003283 0.010107
    57 -0.000006 0.488307 0.000000 -0.135035 -0.002573 -0.005976
    58 -0.000006 0.490659 0.000000 -0.264913 -0.006976 -0.009053
    59 -0.000004 0.501841 0.000000 -0.533121 0.006872 0.048841
    60 -0.000002 0.488363 0.000000 -0.703248 0.036711 0.051498
    61 0.000002 0.470322 0.000000 0.134890 -0.001089 -0.077341
    62 0.000000 0.484582 0.000000 -0.065151 -0.005112 0.008751
    63 -0.000002 0.464710 0.000000 -0.047140 0.014322 0.003125
    64 0.000000 0.497667 0.000000 0.003010 0.002932 -0.001541
    65 -10.906960 0.478617 -2.315958 0.000000 0.000000 0.000000
    66 -2.474586 -0.057514 1.528718 0.000000 0.000000 0.000000
    67 3.390135 1.751309 0.131980 0.000000 0.000000 0.000000
    68 20.411084 -21.184439 -8.356890 1.979417 -1.297943 -1.379715
  time 3
    0 -0.000001 8.445313 -27.500000 0.000000 0.000000 -0.000001
    1 -0.000002 0.000000 0.000000 1.570747 -1.567142 -1.570747
    2 4.255466 -0.335183 -0.000002 0.000000 0.000000 -0.124848
    3 7.431250 1.496479 0.000002 0.000000 0.000000 0.245450
    4 5.278479 0.165544 0.000001 0.000000 0.000000 0.048511
    5 3.483306 -8.251638 -0.362642 1.975865 1.159909 -1.298786
    6 -6.214478 -0.000009 -0.000026 3.020709 -0.016036 2.309560
    7 11.944885 0.000000 0.000000 -0.270823 -0.346256 1.709102
    8 10.620188 0.000000 0.000000 0.417783 -0.085891 2.361150
    9 -4.751108 -0.694498 0.830580 -0.196212 -0.076015 0.337430
    10 -1.688068 0.000047 -0.000031 0.016437 -0.018540 0.713390
    11 -1.336140 0.000055 -0.000010 0.025883 0.005183 0.356198
    12 -4.820494 -0.509464 -0.224759 -0.432170 -0.068984 1.183566
    13 -1.826984 -0.000069 0.000008 0.000641 0.040522 1.289652
    14 -1.436569 0.000004 0.000003 -0.063695 -0.044748 0.866877
    15 -3.992357 -0.891191 -1.827909 -0.771692 0.114163 1.288777
    16 -1.405918 -0.000025 -0.000002 0.006033 -0.028905 0.669971
    17 -1.175358 0.000126 -0.000019 0.066817 0.012507 1.289381
    18 -4.526751 -0.690580 -1.120741 -0.609313 0.084231 1.376921
    19 -1.744038 0.000032 -0.000008 -0.022302 -0.019489 1.263691
    20 -1.368771 0.000023 0.000002 0.040064 0.033970 0.762951
    21 -2.034957 -0.896062 0.932767 1.849460 0.508918 0.720988
    22 -1.625013 0.152379 0.011750 -0.099919 0.179908 0.561003
    23 -1.599285 0.000011 0.000015 0.034164 -0.026049 0.631423
    24 5.511820 0.000008 -0.000002 2.243089 -0.002560 -3.140367
    25 0.196846 -0.000002 0.000003 2.793407 0.000006 -3.141577
    26 1.905133 -1.063916 -5.903175 1.975862 1.159910 1.842803
    27 6.214486 0.000008 0.000019 0.491383 0.034889 -1.205146
    28 11.944888 -0.000031 -0.000200 0.260378 -0.347465 -1.678422
    29 10.620165 0.000002 0.000006 -1.862303 -0.461285 0.007917
    30 4.751158 0.694374 -0.830474 -0.056768 0.023921 0.325089
    31 1.688065 -0.000022 0.000002 0.128120 -0.152971 0.079245
    32 1.336151 -0.000051 -0.000009 0.083929 -0.146338 -0.285780
    33 4.820515 0.509338 0.224866 -0.227604 -0.145633 0.325157
    34 1.826992 0.000066 0.000010 -0.037584 0.015166 0.086395
    35 1.436581 -0.000006 0.000010 0.011107 -0.010364 0.022084
    36 3.992353 0.891087 1.827993 -0.336119 -0.275058 0.359559
    37 1.405926 0.000031 -0.000003 0.013955 -0.026024 0.383409
    38 1.175362 -0.000132 0.000001 0.021231 0.121471 0.128394
    39 4.526758 0.690464 1.120843 -0.285250 -0.195743 0.415031
    40 1.744041 -0.000031 -0.000002 0.009865 -0.027940 0.071267
    41 1.368767 -0.000031 -0.000018 0.036591 0.154469 0.048093
    42 1.874857 0.935081 -0.999129 1.495479 0.797446 0.199901
    43 1.523453 -0.000032 -0.000002 0.038214 -0.033007 0.408799
    44 1.599281 -0.000004 0.000010 0.047722 0.068590 -0.135637
    45 5.511806 -0.000002 0.000003 -0.023278 0.000004 0.000008
    46 0.196849 0.000003 -0.000001 -0.348225 0.000015 -0.000002
    47 0.000000 0.999512 0.000000 0.000000 0.000000 -1.570796
    48 -8.482830 -20.580159 0.158586 0.124740 -0.002412 1.610800
    49 11.000000 1.173828 -4.839844 0.311838 1.041096 1.634876
    50 3.961849 0.642975 -1.929704 0.000000 0.000000 0.000000
    51 -2.857964 -1.151006 -1.511703 0.000000 0.000000 0.000000
    52 2.895435 -2.097063 0.046948 0.000000 0.000000 0.000000
    53 3.454203 -1.867332 -0.585907 1.196421 -0.003266 0.000599
    54 -0.000002 0.689174 0.000000 -0.127080 0.002026 -0.004246
    55 -0.000006 0.481626 0.000000 0.155540 -0.005503 0.003004
    56 -0.000004 0.504691 0.000000 0.409496 0.003283 0.010107
    57 -0.000006 0.488307 0.000000 -0.135035 -0.002573 -0.005964
    58 -0.000006 0.490659 0.000000 -0.264913 -0.006988 -0.009077
    59 -0.000004 0.501841 0.000000 -0.533121 0.006872 0.048868
    60 -0.000002 0.488363 0.000000 -0.703248 0.036711 0.051498
    61 0.000002 0.470322 0.000000 0.134890 -0.001089 -0.077353
    62 0.000000 0.484582 0.000000 -0.065151 -0.005112 0.008751
    63 -0.000002 0.464710 0.000000 -0.047140 0.014322 0.003125
    64 0.000000 0.497667 0.000000 0.003010 0.002932 -0.001541
    65 -10.906960 0.478617 -2.315958 0.000000 0.000000 0.000000
    66 -2.474586 -0.057514 1.528718 0.000000 0.000000 0.000000
    67 3.390135 1.751309 0.131980 0.000000 0.000000 0.000000
    68 15.563279 -21.250847 -7.931096 1.919565 -1.344253 -1.254447
  time 4
    0 -0.000001 8.445313 -27.500000 0.000000 0.000000 -0.000001
    1 -0.000002 0.000000 0.000000 1.570747 -1.567142 -1.570747
    2 4.255466 -0.335183 -0.000002 0.000000 0.000000 -0.124848
    3 7.431250 1.496479 0.000002 0.000000 0.000000 0.245450
    4 5.278479 0.165544 0.000001 0.000000 0.000000 0.048511
    5 3.788002 -6.423457 -0.671245 1.975865 1.159909 -1.298786
    6 -6.214478 -0.000009 -0.000026 3.086200 -0.005173 2.403316
    7 11.944885 0.000000 0.000000 -0.308008 -0.339389 1.819639
    8 10.620188 0.000000 0.000000 0.462653 -0.146836 2.369764
    9 -4.751108 -0.694498 0.830580 -0.196212 -0.076015 0.337430
    10 -1.688068 0.000047 -0.000031 0.016437 -0.018540 0.713390
    11 -1.336140 0.000055 -0.000010 0.025883 0.005183 0.356198
    12 -4.820494 -0.509464 -0.224759 -0.432170 -0.068984 1.183566
    13 -1.826984 -0.000069 0.000008 0.000641 0.040522 1.289652
    14 -1.436569 0.000004 0.000003 -0.063695 -0.044748 0.866877
    15 -3.992357 -0.891191 -1.827909 -0.771692 0.114163 1.288777
    16 -1.405918 -0.000025 -0.000002 0.006033 -0.028905 0.669971
    17 -1.175358 0.000126 -0.000019 0.066817 0.012507 1.289381
    18 -4.526751 -0.690580 -1.120741 -0.609313 0.084231 1.376921
    19 -1.744038 0.000032 -0.000008 -0.022302 -0.019489 1.263691
    20 -1.368771 0.000023 0.000002 0.040064 0.033970 0.762951
    21 -2.034957 -0.896062 0.932767 1.849460 0.508918 0.720988
    22 -1.625013 0.152379 0.011750 -0.099919 0.179908 0.561003
    23 -1.599285 0.000011 0.000015 0.034164 -0.026049 0.631423
    24 5.511820 0.000008 -0.000002 2.243089 -0.002560 -3.140367
    25 0.196846 -0.000002 0.000003 2.793407 0.000006 -3.141577
    26 1.475432 -2.681153 -5.817235 1.975862 1.159910 1.842803
    27 6.214486 0.000008 0.000019 0.475696 0.037032 -1.237822
    28 11.944888 -0.000031 -0.000200 0.236551 -0.349095 -1.608629
    29 10.620165 0.000002 0.000006 -1.863052 -0.445764 0.039337
    30 4.751158 0.694374 -0.830474 -0.056768 0.023921 0.325089
    31 1.688065 -0.000022 0.000002 0.128120 -0.152971 0.079245
    32 1.336151 -0.000051 -0.000009 0.083929 -0.146338 -0.285780
    33 4.820515 0.509338 0.224866 -0.227604 -0.145633 0.325157
    34 1.826992 0.000066 0.000010 -0.037584 0.015166 0.086395
    35 1.436581 -0.000006 0.000010 0.011107 -0.010364 0.022084
    36 3.992353 0.891087 1.827993 -0.336119 -0.275058 0.359559
    37 1.405926 0.000031 -0.000003 0.013955 -0.026024 0.383409
    38 1.175362 -0.000132 0.000001 0.021231 0.121471 0.128394
    39 4.526758 0.690464 1.120843 -0.285250 -0.195743 0.415031
    40 1.744041 -0.000031 -0.000002 0.009865 -0.027940 0.071267
    41 1.368767 -0.000031 -0.000018 0.036591 0.154469 0.048093
    42 1.874857 0.935081 -0.999129 1.495479 0.797446 0.199901
    43 1.523453 -0.000032 -0.000002 0.038214 -0.033007 0.408799
    44 1.599281 -0.000004 0.000010 0.047722 0.068590 -0.135637
    45 5.511806 -0.000002 0.000003 -0.023278 0.000004 0.000008
    46 0.196849 0.000003 -0.000001 -0.348225 0.000015 -0.000002
    47 0.000000 0.999512 0.000000 0.000000 0.000000 -1.570796
    48 -8.463298 -17.384749 0.717196 0.165764 0.002676 1.610512
    49 11.000000 1.173828 -4.839844 0.311838 1.041096 1.634876
    50 3.961849 0.642975 -1.929704 0.000000 0.000000 0.000000
    51 -2.857964 -1.151006 -1.511703 0.000000 0.000000 0.000000
    52 2.895435 -2.097063 0.046948 0.000000 0.000000 0.000000
    53 3.454203 -1.867332 -0.585907 1.196421 -0.003266 0.000599
    54 -0.000002 0.689174 0.000000 -0.127080 0.002026 -0.004246
    55 -0.000006 0.481626 0.000000 0.155540 -0.005503 0.003004
    56 -0.000004 0.504691 0.000000 0.409496 0.003283 0.010095
    57 -0.000006 0.488307 0.000000 -0.135035 -0.002561 -0.005952
    58 -0.000006 0.490659 0.000000 -0.264913 -0.006988 -0.009077
    59 -0.000004 0.501841 0.000000 -0.533121 0.006872 0.048854
    60 -0.000002 0.488363 0.000000 -0.703248 0.036723 0.051510
    61 0.000002 0.470322 0.000000 0.134890 -0.001089 -0.077353
    62 0.000000 0.484582 0.000000 -0.065116 -0.005112 0.008751
    63 -0.000002 0.464710 0.000000 -0.047140 0.014322 0.003113
    64 0.000000 0.497667 0.000000 0.003010 0.002932 -0.001553
    65 -10.906960 0.478617 -2.315958 0.000000 0.000000 0.000000
    66 -2.474586 -0.057514 1.528718 0.000000 0.000000 0.000000
    67 3.390135 1.751309 0.131980 0.000000 0.000000 0.000000
    68 10.227179 -21.250847 -7.606867 1.821877 -1.380242 -1.091486
  time 5
    0 -0.000001 8.445313 -27.500000 0.000000 0.000000 -0.000001
    1 -0.000002 0.000000 0.000000 1.570747 -1.567142 -1.570747
    2 4.255466 -0.335183 -0.000002 0.000000 0.000000 -0.124848
    3 7.431250 1.496479 0.000002 0.000000 0.000000 0.245450
    4 5.278479 0.165544 0.000001 0.000000 0.000000 0.048511
    5 4.139576 -4.321831 -1.026725 1.975865 1.159909 -1.298786
    6 -6.214478 -0.000009 -0.000026 3.149455 -0.026941 2.489589
    7 11.944885 0.000000 0.000000 -0.339038 -0.330448 1.913973
    8 10.620188 0.000000 0.000000 0.499168 -0.196714 2.384666
    9 -4.751108 -0.694498 0.830580 -0.196212 -0.076015 0.337430
    10 -1.688068 0.000047 -0.000031 0.016437 -0.018540 0.713390
    11 -1.336140 0.000055 -0.000010 0.025883 0.005183 0.356198
    12 -4.820494 -0.509464 -0.224759 -0.432170 -0.068984 1.183566
    13 -1.826984 -0.000069 0.000008 0.000641 0.040522 1.289652
    14 -1.436569 0.000004 0.000003 -0.063695 -0.044748 0.866877
    15 -3.992357 -0.891191 -1.827909 -0.771692 0.114163 1.288777
    16 -1.405918 -0.000025 -0.000002 0.006033 -0.028905 0.669971
    17 -1.175358 0.000126 -0.000019 0.066817 0.012507 1.289381
    18 -4.526751 -0.690580 -1.120741 -0.609313 0.084231 1.376921
    19 -1.744038 0.000032 -0.000008 -0.022302 -0.019489 1.263691
    20 -1.368771 0.000023 0.000002 0.040064 0.033970 0.762951
    21 -2.034957 -0.896062 0.932767 1.849460 0.508918 0.721000
    22 -1.625013 0.152379 0.011750 -0.099919 0.179908 0.561003
    23 -1.599285 0.000011 0.000015 0.034164 -0.026049 0.631423
    24 5.511820 0.000008 -0.000002 2.243089 -0.002560 -3.140367
    25 0.196846 -0.000002 0.000003 2.793407 0.000006 -3.141577
    26 0.975417 -4.567929 -5.719576 1.975862 1.159910 1.842803
    27 6.214486 0.000008 0.000019 0.460550 0.036334 -1.256584
    28 11.944888 -0.000031 -0.000200 0.224436 -0.349323 -1.573270
    29 10.620165 0.000002 0.000006 -1.861854 -0.426039 0.088065
    30 4.751158 0.694374 -0.830474 -0.056768 0.023921 0.325089
    31 1.688065 -0.000022 0.000002 0.128120 -0.152971 0.079245
    32 1.336151 -0.000051 -0.000009 0.083929 -0.146338 -0.285780
    33 4.820515 0.509338 0.224866 -0.227604 -0.145633 0.325157
    34 1.826992 0.000066 0.000010 -0.037584 0.015166 0.086395
    35 1.436581 -0.000006 0.000010 0.011107 -0.010364 0.022084
    36 3.992353 0.891087 1.827993 -0.336119 -0.275058 0.359559
    37 1.405926 0.000031 -0.000003 0.013955 -0.026024 0.383409
    38 1.175362 -0.000132 0.000001 0.021231 0.121471 0.128394
    39 4.526758 0.690464 1.120843 -0.285250 -0.195743 0.415031
    40 1.744041 -0.000031 -0.000002 0.009865 -0.027940 0.071267
    41 1.368767 -0.000031 -0.000018 0.036591 0.154469 0.048093
    42 1.874857 0.935081 -0.999129 1.495479 0.797446 0.199901
    43 1.523453 -0.000032 -0.000002 0.038214 -0.033007 0.408799
    44 1.599281 -0.000004 0.000010 0.047722 0.068590 -0.135637
    45 5.511806 -0.000002 0.000003 -0.023278 0.000004 0.000008
    46 0.196849 0.000003 -0.000001 -0.348225 0.000015 -0.000002
    47 0.000000 0.999512 0.000000 0.000000 0.000000 -1.570796
    48 -8.455486 -14.029178 0.951579 0.183029 0.008459 1.610704
    49 11.000000 1.173828 -4.839844 0.311838 1.041096 1.634876
    50 3.961849 0.642975 -1.929704 0.000000 0.000000 0.000000
    51 -2.857964 -1.151006 -1.511703 0.000000 0.000000 0.000000
    52 2.895435 -2.097063 0.046948 0.000000 0.000000 0.000000
    53 3.454203 -1.867332 -0.585907 1.196421 -0.003266 0.000599
    54 -0.000002 0.689174 0.000000 -0.127080 0.002026 -0.004246
    55 -0.000006 0.481626 0.000000 0.155540 -0.005491 0.002992
    56 -0.000004 0.504691 0.000000 0.409496 0.003283 0.010107
    57 -0.000006 0.488307 0.000000 -0.135035 -0.002573 -0.005964
    58 -0.000006 0.490659 0.000000 -0.264913 -0.006976 -0.009065
    59 -0.000004 0.501841 0.000000 -0.533121 0.006872 0.048841
    60 -0.000002 0.488363 0.000000 -0.703248 0.036711 0.051498
    61 0.000002 0.470322 0.000000 0.134890 -0.001089 -0.077353
    62 0.000000 0.484582 0.000000 -0.065116 -0.005112 0.008751
    63 -0.000002 0.464710 0.000000 -0.047140 0.014322 0.003125
    64 0.000000 0.497667 0.000000 0.003010 0.002932 -0.001553
    65 -10.906960 0.478617 -2.315958 0.000000 0.000000 0.000000
    66 -2.474586 -0.057514 1.528718 0.000000 0.000000 0.000000
    67 3.390135 1.751309 0.131980 0.000000 0.000000 0.000000
    68 4.727011 -21.039903 -7.528740 1.743822 -1.392150 -0.947514
  time 6
    0 -0.000001 8.445313 -27.500000 0.000000 0.000000 -0.000001
    1 -0.000002 0.000000 0.000000 1.570747 -1.567142 -1.570747
    2 4.255466 -0.335183 -0.000002 0.000000 0.000000 -0.124848
    3 7.431250 1.496479 0.000002 0.000000 0.000000 0.245450
    4 5.278479 0.165544 0.000001 0.000000 0.000000 0.048511
    5 4.518494 -2.052230 -1.409549 1.975865 1.159909 -1.298786
    6 -6.214478 -0.000009 -0.000026 3.194970 -0.075303 2.556010
    7 11.944885 0.000000 0.000000 -0.361459 -0.322011 1.983949
    8 10.620188 0.000000 0.000000 0.515880 -0.230166 2.398915
    9 -4.751108 -0.694498 0.830580 -0.196212 -0.076015 0.337430
    10 -1.688068 0.000047 -0.000031 0.016437 -0.018540 0.713390
    11 -1.336140 0.000055 -0.000010 0.025883 0.005183 0.356198
    12 -4.820494 -0.509464 -0.224759 -0.432170 -0.068984 1.183566
    13 -1.826984 -0.000069 0.000008 0.000641 0.040522 1.289652
    14 -1.436569 0.000004 0.000003 -0.063695 -0.044748 0.866877
    15 -3.992357 -0.891191 -1.827909 -0.771692 0.114163 1.288777
    16 -1.405918 -0.000025 -0.000002 0.006033 -0.028905 0.669971
    17 -1.175358 0.000126 -0.000019 0.066817 0.012507 1.289381
    18 -4.526751 -0.690580 -1.120741 -0.609313 0.084231 1.376921
    19 -1.744038 0.000032 -0.000008 -0.022302 -0.019489 1.263691
    20 -1.368771 0.000023 0.000002 0.040064 0.033970 0.762951
    21 -2.034957 -0.896062 0.932767 1.849460 0.508918 0.720988
    22 -1.625013 0.152379 0.011750 -0.099919 0.179908 0.561003
    23 -1.599285 0.000011 0.000015 0.034164 -0.026049 0.631423
    24 5.511820 0.000008 -0.000002 2.243089 -0.002560 -3.140367
    25 0.196846 -0.000002 0.000003 2.793407 0.000006 -3.141577
    26 0.428525 -6.634398 -5.610197 1.975862 1.159910 1.842803
    27 6.214486 0.000008 0.000019 0.446005 0.033493 -1.265568
    28 11.944888 -0.000031 -0.000200 0.220508 -0.349311 -1.561774
    29 10.620165 0.000002 0.000006 -1.858710 -0.403534 0.148543
    30 4.751158 0.694374 -0.830474 -0.056768 0.023921 0.325089
    31 1.688065 -0.000022 0.000002 0.128120 -0.152971 0.079245
    32 1.336151 -0.000051 -0.000009 0.083929 -0.146338 -0.285780
    33 4.820515 0.509338 0.224866 -0.227604 -0.145633 0.325157
    34 1.826992 0.000066 0.000010 -0.037584 0.015166 0.086395
    35 1.436581 -0.000006 0.000010 0.011107 -0.010364 0.022084
    36 3.992353 0.891087 1.827993 -0.336119 -0.275058 0.359559
    37 1.405926 0.000031 -0.000003 0.013955 -0.026024 0.383409
    38 1.175362 -0.000132 0.000001 0.021231 0.121471 0.128394
    39 4.526758 0.690464 1.120843 -0.285250 -0.195743 0.415031
    40 1.744041 -0.000031 -0.000002 0.009865 -0.027940 0.071267
    41 1.368767 -0.000031 -0.000018 0.036591 0.154469 0.048093
    42 1.874857 0.935081 -0.999129 1.495479 0.797446 0.199901
    43 1.523453 -0.000032 -0.000002 0.038214 -0.033007 0.408799
    44 1.599281 -0.000004 0.000010 0.047722 0.068590 -0.135637
    45 5.511806 -0.000002 0.000003 -0.023278 0.000004 0.000008
    46 0.196849 0.000003 -0.000001 -0.348225 0.000015 -0.000002
    47 0.000000 0.999512 0.000000 0.000000 0.000000 -1.570796
    48 -8.459392 -10.806423 0.896889 0.164825 0.014390 1.613672
    49 11.000000 1.173828 -4.839844 0.311838 1.041096 1.634876
    50 3.961849 0.642975 -1.929704 0.000000 0.000000 0.000000
    51 -2.857964 -1.151006 -1.511703 0.000000 0.000000 0.000000
    52 2.895435 -2.097063 0.046948 0.000000 0.000000 0.000000
    53 3.454203 -1.867332 -0.585907 1.196421 -0.003253 0.000599
    54 -0.000002 0.689174 0.000000 -0.127080 0.002026 -0.004246
    55 -0.000006 0.481626 0.000000 0.155540 -0.005503 0.003004
    56 -0.000004 0.504691 0.000000 0.409496 0.003283 0.010095
    57 -0.000006 0.488307 0.000000 -0.135035 -0.002561 -0.005952
    58 -0.000006 0.490659 0.000000 -0.264913 -0.006988 -0.009065
    59 -0.000004 0.501841 0.000000 -0.533121 0.006872 0.048841
    60 -0.000002 0.488363 0.000000 -0.703248 0.036711 0.051498
    61 0.000002 0.470322 0.000000 0.134890 -0.001089 -0.077353
    62 0.000000 0.484582 0.000000 -0.065151 -0.005112 0.008739
    63 -0.000002 0.464710 0.000000 -0.047140 0.014322 0.003125
    64 0.000000 0.497667 0.000000 0.003010 0.002932 -0.001541
    65 -10.906960 0.478617 -2.315958 0.000000 0.000000 0.000000
    66 -2.474586 -0.057514 1.528718 0.000000 0.000000 0.000000
    67 3.390135 1.751309 0.131980 0.000000 0.000000 0.000000
    68 -0.691123 -20.535982 -7.966253 1.776512 -1.374949 -0.914827
  time 7
    0 -0.000001 8.445313 -27.500000 0.000000 0.000000 -0.000001
    1 -0.000002 0.000000 0.000000 1.570747 -1.567142 -1.570747
    2 4.255466 -0.335183 -0.000002 0.000000 0.000000 -0.124848
    3 7.431250 1.496479 0.000002 0.000000 0.000000 0.245450
    4 5.278479 0.165544 0.000001 0.000000 0.000000 0.048511
    5 4.901318 0.272060 -1.804092 1.975865 1.159909 -1.298786
    6 -6.214478 -0.000009 -0.000026 3.226274 -0.132836 2.600352
    7 11.944885 0.000000 0.000000 -0.375212 -0.315935 2.027761
    8 10.620188 0.000000 0.000000 0.515842 -0.254594 2.412559
    9 -4.751108 -0.694498 0.830580 -0.196212 -0.076015 0.337430
    10 -1.688068 0.000047 -0.000031 0.016437 -0.018540 0.713390
    11 -1.336140 0.000055 -0.000010 0.025883 0.005183 0.356198
    12 -4.820494 -0.509464 -0.224759 -0.432170 -0.068984 1.183566
    13 -1.826984 -0.000069 0.000008 0.000641 0.040522 1.289652
    14 -1.436569 0.000004 0.000003 -0.063695 -0.044748 0.866877
    15 -3.992357 -0.891191 -1.827909 -0.771692 0.114163 1.288777
    16 -1.405918 -0.000025 -0.000002 0.006033 -0.028905 0.669971
    17 -1.175358 0.000126 -0.000019 0.066817 0.012507 1.289381
    18 -4.526751 -0.690580 -1.120741 -0.609313 0.084231 1.376921
    19 -1.744038 0.000032 -0.000008 -0.022302 -0.019489 1.263691
    20 -1.368771 0.000023 0.000002 0.040064 0.033970 0.762951
    21 -2.034957 -0.896062 0.932767 1.849460 0.508918 0.720988
    22 -1.625013 0.152379 0.011750 -0.099919 0.179908 0.561015
    23 -1.599285 0.000011 0.000015 0.034164 -0.026049 0.631423
    24 5.511820 0.000008 -0.000002 2.243089 -0.002560 -3.140367
    25 0.196846 -0.000002 0.000003 2.793407 0.000006 -3.141577
    26 -0.141805 -8.786808 -5.496913 1.975862 1.159910 1.842803
    27 6.214486 0.000008 0.000019 0.432182 0.029156 -1.269861
    28 11.944888 -0.000031 -0.000200 0.220627 -0.349311 -1.562155
    29 10.620165 0.000002 0.000006 -1.853770 -0.380168 0.214769
    30 4.751158 0.694374 -0.830474 -0.056768 0.023921 0.325089
    31 1.688065 -0.000022 0.000002 0.128120 -0.152971 0.079245
    32 1.336151 -0.000051 -0.000009 0.083929 -0.146338 -0.285780
    33 4.820515 0.509338 0.224866 -0.227604 -0.145633 0.325157
    34 1.826992 0.000066 0.000010 -0.037584 0.015166 0.086395
    35 1.436581 -0.000006 0.000010 0.011107 -0.010364 0.022084
    36 3.992353 0.891087 1.827993 -0.336119 -0.275058 0.359559
    37 1.405926 0.000031 -0.000003 0.013955 -0.026024 0.383409
    38 1.175362 -0.000132 0.000001 0.021231 0.121471 0.128394
    39 4.526758 0.690464 1.120843 -0.285250 -0.195743 0.415031
    40 1.744041 -0.000031 -0.000002 0.009865 -0.027940 0.071267
    41 1.368767 -0.000031 -0.000018 0.036591 0.154469 0.048093
    42 1.874857 0.935081 -0.999129 1.495479 0.797446 0.199901
    43 1.523453 -0.000032 -0.000002 0.038214 -0.033007 0.408799
    44 1.599281 -0.000004 0.000010 0.047722 0.068590 -0.135637
    45 5.511806 -0.000002 0.000003 -0.023278 0.000004 0.000008
    46 0.196849 0.000003 -0.000001 -0.348225 0.000015 -0.000002
    47 0.000000 0.999512 0.000000 0.000000 0.000000 -1.570796
    48 -8.467205 -7.833676 0.740635 0.121220 0.020024 1.619609
    49 11.000000 1.173828 -4.839844 0.311838 1.041096 1.634876
    50 3.961849 0.642975 -1.929704 0.000000 0.000000 0.000000
    51 -2.857964 -1.151006 -1.511703 0.000000 0.000000 0.000000
    52 2.895435 -2.097063 0.046948 0.000000 0.000000 0.000000
    53 3.454203 -1.867332 -0.585907 1.196421 -0.003266 0.000599
    54 -0.000002 0.689174 0.000000 -0.127080 0.002026 -0.004246
    55 -0.000006 0.481626 0.000000 0.155540 -0.005503 0.003004
    56 -0.000004 0.504691 0.000000 0.409496 0.003283 0.010107
    57 -0.000006 0.488307 0.000000 -0.135035 -0.002561 -0.005964
    58 -0.000006 0.490659 0.000000 -0.264913 -0.006988 -0.009065
    59 -0.000004 0.501841 0.000000 -0.533121 0.006872 0.048854
    60 -0.000002 0.488363 0.000000 -0.703248 0.036711 0.051498
    61 0.000002 0.470322 0.000000 0.134890 -0.001089 -0.077341
    62 0.000000 0.484582 0.000000 -0.065151 -0.005112 0.008751
    63 -0.000002 0.464710 0.000000 -0.047140 0.014322 0.003125
    64 0.000000 0.497667 0.000000 0.003010 0.002932 -0.001541
    65 -10.906960 0.478617 -2.315958 0.000000 0.000000 0.000000
    66 -2.474586 -0.057514 1.528718 0.000000 0.000000 0.000000
    67 3.390135 1.751309 0.131980 0.000000 0.000000 0.000000
    68 -5.910032 -19.758614 -8.856905 1.883063 -1.338784 -0.956866
  time 8
    0 -0.000001 8.445313 -27.500000 0.000000 0.000000 -0.000001
    1 -0.000002 0.000000 0.000000 1.570747 -1.567142 -1.570747
    2 4.255466 -0.335183 -0.000002 0.000000 0.000000 -0.124848
    3 7.431250 1.496479 0.000002 0.000000 0.000000 0.245450
    4 5.278479 0.165544 0.000001 0.000000 0.000000 0.048511
    5 5.280236 2.541660 -2.186917 1.975865 1.159909 -1.298786
    6 -6.214478 -0.000009 -0.000026 3.243020 -0.191602 2.627749
    7 11.944885 0.000000 0.000000 -0.381843 -0.312747 2.049229
    8 10.620188 0.000000 0.000000 0.509393 -0.266894 2.428158
    9 -4.751108 -0.694498 0.830580 -0.196212 -0.076015 0.337430
    10 -1.688068 0.000047 -0.000031 0.016437 -0.018540 0.713390
    11 -1.336140 0.000055 -0.000010 0.025883 0.005183 0.356198
    12 -4.820494 -0.509464 -0.224759 -0.432170 -0.068984 1.183566
    13 -1.826984 -0.000069 0.000008 0.000641 0.040522 1.289652
    14 -1.436569 0.000004 0.000003 -0.063695 -0.044748 0.866877
    15 -3.992357 -0.891191 -1.827909 -0.771692 0.114163 1.288777
    16 -1.405918 -0.000025 -0.000002 0.006033 -0.028905 0.669971
    17 -1.175358 0.000126 -0.000019 0.066817 0.012507 1.289381
    18 -4.526751 -0.690580 -1.120741 -0.609313 0.084231 1.376921
    19 -1.744038 0.000032 -0.000008 -0.022302 -0.019489 1.263691
    20 -1.368771 0.000023 0.000002 0.040064 0.033970 0.762951
    21 -2.034957 -0.896062 0.932767 1.849460 0.508918 0.720988
    22 -1.625013 0.152379 0.011750 -0.099919 0.179908 0.561003
    23 -1.599285 0.000011 0.000015 0.034164 -0.026049 0.631423
    24 5.511820 0.000008 -0.000002 2.243089 -0.002560 -3.140367
    25 0.196846 -0.000002 0.000003 2.793407 0.000006 -3.141577
    26 -0.712135 -10.939217 -5.383628 1.975862 1.159910 1.842803
    27 6.214486 0.000008 0.000019 0.419801 0.023574 -1.274393
    28 11.944888 -0.000031 -0.000200 0.220650 -0.349311 -1.562155
    29 10.620165 0.000002 0.000006 -1.847781 -0.358028 0.280867
    30 4.751158 0.694374 -0.830474 -0.056768 0.023921 0.325089
    31 1.688065 -0.000022 0.000002 0.128120 -0.152971 0.079245
    32 1.336151 -0.000051 -0.000009 0.083929 -0.146338 -0.285780
    33 4.820515 0.509338 0.224866 -0.227604 -0.145633 0.325157
    34 1.826992 0.000066 0.000010 -0.037584 0.015166 0.086395
    35 1.436581 -0.000006 0.000010 0.011107 -0.010364 0.022084
    36 3.992353 0.891087 1.827993 -0.336119 -0.275058 0.359559
    37 1.405926 0.000031 -0.000003 0.013955 -0.026024 0.383409
    38 1.175362 -0.000132 0.000001 0.021231 0.121471 0.128394
    39 4.526758 0.690464 1.120843 -0.285250 -0.195743 0.415031
    40 1.744041 -0.000031 -0.000002 0.009865 -0.027940 0.071267
    41 1.368767 -0.000031 -0.000018 0.036591 0.154469 0.048093
    42 1.874857 0.935081 -0.999129 1.495479 0.797446 0.199901
    43 1.523453 -0.000032 -0.000002 0.038214 -0.033007 0.408799
    44 1.599281 -0.000004 0.000010 0.047722 0.068590 -0.135637
    45 5.511806 -0.000002 0.000003 -0.023278 0.000004 0.000008
    46 0.196849 0.000003 -0.000001 -0.348225 0.000015 -0.000002
    47 0.000000 0.999512 0.000000 0.000000 0.000000 -1.570796
    48 -8.482830 -5.192971 0.490627 0.069138 0.025063 1.626408
    49 11.000000 1.173828 -4.839844 0.311838 1.041096 1.634876
    50 3.961849 0.642975 -1.929704 0.000000 0.000000 0.000000
    51 -2.857964 -1.151006 -1.511703 0.000000 0.000000 0.000000
    52 2.895435 -2.097063 0.046948 0.000000 0.000000 0.000000
    53 3.454203 -1.867332 -0.585907 1.196421 -0.003266 0.000599
    54 -0.000002 0.689174 0.000000 -0.127080 0.002026 -0.004246
    55 -0.000006 0.481626 0.000000 0.155540 -0.005503 0.003004
    56 -0.000004 0.504691 0.000000 0.409496 0.003283 0.010107
    57 -0.000006 0.488307 0.000000 -0.135035 -0.002561 -0.005964
    58 -0.000006 0.490659 0.000000 -0.264913 -0.006976 -0.009065
    59 -0.000004 0.501841 0.000000 -0.533121 0.006872 0.048854
    60 -0.000002 0.488363 0.000000 -0.703248 0.036711 0.051498
    61 0.000002 0.470322 0.000000 0.134890 -0.001089 -0.077353
    62 0.000000 0.484582 0.000000 -0.065151 -0.005112 0.008751
    63 -0.000002 0.464710 0.000000 -0.047140 0.014322 0.003125
    64 0.000000 0.497667 0.000000 0.003010 0.002932 -0.001541
    65 -10.906960 0.478617 -2.315958 0.000000 0.000000 0.000000
    66 -2.474586 -0.057514 1.528718 0.000000 0.000000 0.000000
    67 3.390135 1.751309 0.131980 0.000000 0.000000 0.000000
    68 -10.824245 -18.813273 -9.806153 1.993236 -1.296179 -1.002118
  time 9
    0 -0.000001 8.445313 -27.500000 0.000000 0.000000 -0.000001
    1 -0.000002 0.000000 0.000000 1.570747 -1.567142 -1.570747
    2 4.255466 -0.335183 -0.000002 0.000000 0.000000 -0.124848
    3 7.431250 1.496479 0.000002 0.000000 0.000000 0.245450
    4 5.278479 0.165544 0.000001 0.000000 0.000000 0.048511
    5 5.631809 4.643287 -2.546303 1.975865 1.159909 -1.298786
    6 -6.214478 -0.000009 -0.000026 3.246399 -0.244685 2.643148
    7 11.944885 0.000000 0.000000 -0.381872 -0.312735 2.049280
    8 10.620188 0.000000 0.000000 0.506150 -0.264808 2.451022
    9 -4.751108 -0.694498 0.830580 -0.196212 -0.076015 0.337430
    10 -1.688068 0.000047 -0.000031 0.016437 -0.018540 0.713390
    11 -1.336140 0.000055 -0.000010 0.025883 0.005183 0.356198
    12 -4.820494 -0.509464 -0.224759 -0.432170 -0.068984 1.183566
    13 -1.826984 -0.000069 0.000008 0.000641 0.040522 1.289652
    14 -1.436569 0.000004 0.000003 -0.063695 -0.044748 0.866877
    15 -3.992357 -0.891191 -1.827909 -0.771692 0.114163 1.288777
    16 -1.405918 -0.000025 -0.000002 0.006033 -0.028905 0.669971
    17 -1.175358 0.000126 -0.000019 0.066817 0.012507 1.289381
    18 -4.526751 -0.690580 -1.120741 -0.609313 0.084231 1.376921
    19 -1.744038 0.000032 -0.000008 -0.022302 -0.019489 1.263691
    20 -1.368771 0.000023 0.000002 0.040064 0.033970 0.762951
    21 -2.034957 -0.896062 0.932767 1.849460 0.508918 0.720988
    22 -1.625013 0.152379 0.011750 -0.099919 0.179908 0.561003
    23 -1.599285 0.000011 0.000015 0.034164 -0.026049 0.631423
    24 5.511820 0.000008 -0.000002 2.243089 -0.002560 -3.140367
    25 0.196846 -0.000002 0.000003 2.793407 0.000006 -3.141577
    26 -1.259027 -13.001780 -5.278156 1.975862 1.159910 1.842803
    27 6.214486 0.000008 0.000019 0.409703 0.016994 -1.284092
    28 11.944888 -0.000031 -0.000200 0.216297 -0.349251 -1.549515
    29 10.620165 0.000002 0.000006 -1.841942 -0.339362 0.340771
    30 4.751158 0.694374 -0.830474 -0.056768 0.023921 0.325089
    31 1.688065 -0.000022 0.000002 0.128120 -0.152971 0.079245
    32 1.336151 -0.000051 -0.000009 0.083929 -0.146338 -0.285780
    33 4.820515 0.509338 0.224866 -0.227604 -0.145633 0.325157
    34 1.826992 0.000066 0.000010 -0.037584 0.015166 0.086395
    35 1.436581 -0.000006 0.000010 0.011107 -0.010364 0.022084
    36 3.992353 0.891087 1.827993 -0.336119 -0.275058 0.359559
    37 1.405926 0.000031 -0.000003 0.013955 -0.026024 0.383409
    38 1.175362 -0.000132 0.000001 0.021231 0.121471 0.128394
    39 4.526758 0.690464 1.120843 -0.285250 -0.195743 0.415031
    40 1.744041 -0.000031 -0.000002 0.009865 -0.027940 0.071267
    41 1.368767 -0.000031 -0.000018 0.036591 0.154469 0.048093
    42 1.874857 0.935081 -0.999129 1.495479 0.797446 0.199901
    43 1.523453 -0.000032 -0.000002 0.038214 -0.033007 0.408799
    44 1.599281 -0.000004 0.000010 0.047722 0.068590 -0.135637
    45 5.511806 -0.000002 0.000003 -0.023278 0.000004 0.000008
    46 0.196849 0.000003 -0.000001 -0.348225 0.000015 -0.000002
    47 0.000000 0.999512 0.000000 0.000000 0.000000 -1.570796
    48 -8.494549 -2.962434 0.146867 0.025532 0.028830 1.631770
    49 11.000000 1.173828 -4.839844 0.311838 1.041096 1.634876
    50 3.961849 0.642975 -1.929704 0.000000 0.000000 0.000000
    51 -2.857964 -1.151006 -1.511703 0.000000 0.000000 0.000000
    52 2.895435 -2.097063 0.046948 0.000000 0.000000 0.000000
    53 3.454203 -1.867332 -0.585907 1.196421 -0.003266 0.000599
    54 -0.000002 0.689174 0.000000 -0.127080 0.002026 -0.004246
    55 -0.000006 0.481626 0.000000 0.155540 -0.005503 0.003004
    56 -0.000004 0.504691 0.000000 0.409496 0.003283 0.010095
    57 -0.000006 0.488307 0.000000 -0.135035 -0.002561 -0.005964
    58 -0.000006 0.490659 0.000000 -0.264913 -0.006976 -0.009065
    59 -0.000004 0.501841 0.000000 -0.533121 0.006872 0.048854
    60 -0.000002 0.488363 0.000000 -0.703248 0.036711 0.051498
    61 0.000002 0.470322 0.000000 0.134890 -0.001089 -0.077341
    62 0.000000 0.484582 0.000000 -0.065151 -0.005112 0.008751
    63 -0.000002 0.464710 0.000000 -0.047140 0.014322 0.003125
    64 0.000000 0.497667 0.000000 0.003010 0.002932 -0.001553
    65 -10.906960 0.478617 -2.315958 0.000000 0.000000 0.000000
    66 -2.474586 -0.057514 1.528718 0.000000 0.000000 0.000000
    67 3.390135 1.751309 0.131980 0.000000 0.000000 0.000000
    68 -15.316569 -17.891370 -10.458517 2.073102 -1.261072 -1.016194
  time 10
    0 -0.000001 8.445313 -27.500000 0.000000 0.000000 -0.000001
    1 -0.000002 0.000000 0.000000 1.570747 -1.567142 -1.570747
    2 4.255466 -0.335183 -0.000002 0.000000 0.000000 -0.124848
    3 7.431250 1.496479 0.000002 0.000000 0.000000 0.245450
    4 5.278479 0.165544 0.000001 0.000000 0.000000 0.048511
    5 5.936506 6.471467 -2.854906 1.975865 1.159909 -1.298786
    6 -6.214478 -0.000009 -0.000026 3.238995 -0.286884 2.650508
    7 11.944885 0.000000 0.000000 -0.375197 -0.315947 2.027710
    8 10.620188 0.000000 0.000000 0.516414 -0.246976 2.487111
    9 -4.751108 -0.694498 0.830580 -0.196212 -0.076015 0.337430
    10 -1.688068 0.000047 -0.000031 0.016437 -0.018540 0.713390
    11 -1.336140 0.000055 -0.000010 0.025883 0.005183 0.356198
    12 -4.820494 -0.509464 -0.224759 -0.432170 -0.068984 1.183566
    13 -1.826984 -0.000069 0.000008 0.000641 0.040522 1.289652
    14 -1.436569 0.000004 0.000003 -0.063695 -0.044748 0.866877
    15 -3.992357 -0.891191 -1.827909 -0.771692 0.114163 1.288777
    16 -1.405918 -0.000025 -0.000002 0.006033 -0.028905 0.669971
    17 -1.175358 0.000126 -0.000019 0.066817 0.012507 1.289381
    18 -4.526751 -0.690580 -1.120741 -0.609313 0.084231 1.376921
    19 -1.744038 0.000032 -0.000008 -0.022302 -0.019489 1.263691
    20 -1.368771 0.000023 0.000002 0.040064 0.033970 0.762951
    21 -2.034957 -0.896062 0.932767 1.849460 0.508918 0.720988
    22 -1.625013 0.152379 0.011750 -0.099919 0.179908 0.561003
    23 -1.599285 0.000011 0.000015 0.034164 -0.026049 0.631423
    24 5.511820 0.000008 -0.000002 2.243089 -0.002560 -3.140367
    25 0.196846 -0.000002 0.000003 2.793407 0.000006 -3.141577
    26 -1.759042 -14.888556 -5.176590 1.975862 1.159910 1.842803
    27 6.214486 0.000008 0.000019 0.403212 0.009767 -1.304126
    28 11.944888 -0.000031 -0.000200 0.203306 -0.348760 -1.511486
    29 10.620165 0.000002 0.000006 -1.837975 -0.326388 0.388477
    30 4.751158 0.694374 -0.830474 -0.056768 0.023921 0.325089
    31 1.688065 -0.000022 0.000002 0.128120 -0.152971 0.079245
    32 1.336151 -0.000051 -0.000009 0.083929 -0.146338 -0.285780
    33 4.820515 0.509338 0.224866 -0.227604 -0.145633 0.325157
    34 1.826992 0.000066 0.000010 -0.037584 0.015166 0.086395
    35 1.436581 -0.000006 0.000010 0.011107 -0.010364 0.022084
    36 3.992353 0.891087 1.827993 -0.336119 -0.275058 0.359559
    37 1.405926 0.000031 -0.000003 0.013955 -0.026024 0.383409
    38 1.175362 -0.000132 0.000001 0.021231 0.121471 0.128394
    39 4.526758 0.690464 1.120843 -0.285250 -0.195743 0.415031
    40 1.744041 -0.000031 -0.000002 0.009865 -0.027940 0.071267
    41 1.368767 -0.000031 -0.000018 0.036591 0.154469 0.048093
    42 1.874857 0.935081 -0.999129 1.495479 0.797446 0.199901
    43 1.523453 -0.000032 -0.000002 0.038214 -0.033007 0.408799
    44 1.599281 -0.000004 0.000010 0.047722 0.068590 -0.135637
    45 5.511806 -0.000002 0.000003 -0.023278 0.000004 0.000008
    46 0.196849 0.000003 -0.000001 -0.348225 0.000015 -0.000002
    47 0.000000 0.999512 0.000000 0.000000 0.000000 -1.570796
    48 -8.510175 -1.224100 -0.275021 0.007276 0.030284 1.633972
    49 11.000000 1.173828 -4.839844 0.311838 1.041096 1.634876
    50 3.961849 0.642975 -1.929704 0.000000 0.000000 0.000000
    51 -2.857964 -1.151006 -1.511703 0.000000 0.000000 0.000000
    52 2.895435 -2.097063 0.046948 0.000000 0.000000 0.000000
    53 3.454203 -1.867332 -0.585907 1.196421 -0.003266 0.000599
    54 -0.000002 0.689174 0.000000 -0.127080 0.002026 -0.004246
    55 -0.000006 0.481626 0.000000 0.155540 -0.005503 0.003004
    56 -0.000004 0.504691 0.000000 0.409496 0.003283 0.010107
    57 -0.000006 0.488307 0.000000 -0.135035 -0.002573 -0.005964
    58 -0.000006 0.490659 0.000000 -0.264913 -0.006988 -0.009065
    59 -0.000004 0.501841 0.000000 -0.533121 0.006872 0.048854
    60 -0.000002 0.488363 0.000000 -0.703248 0.036711 0.051498
    61 0.000002 0.470322 0.000000 0.134890 -0.001089 -0.077353
    62 0.000000 0.484582 0.000000 -0.065151 -0.005112 0.008751
    63 -0.000002 0.464710 0.000000 -0.047140 0.014322 0.003125
    64 0.000000 0.497667 0.000000 0.003010 0.002932 -0.001541
    65 -10.906960 0.478617 -2.315958 0.000000 0.000000 0.000000
    66 -2.474586 -0.057514 1.528718 0.000000 0.000000 0.000000
    67 3.390135 1.751309 0.131980 0.000000 0.000000 0.000000
    68 -19.285440 -17.270257 -10.509300 2.102647 -1.247576 -0.978972
  time 11
    0 -0.000001 8.445313 -27.500000 0.000000 0.000000 -0.000001
    1 -0.000002 0.000000 0.000000 1.570747 -1.567142 -1.570747
    2 4.255466 -0.335183 -0.000002 0.000000 0.000000 -0.124848
    3 7.431250 1.496479 0.000002 0.000000 0.000000 0.245450
    4 5.278479 0.165544 0.000001 0.000000 0.000000 0.048511
    5 6.178700 7.916824 -3.097101 1.975865 1.159909 -1.298786
    6 -6.214478 -0.000009 -0.000026 3.232038 -0.315066 2.648467
    7 11.944885 0.000000 0.000000 -0.366053 -0.320058 1.998501
    8 10.620188 0.000000 0.000000 0.544725 -0.233655 2.513421
    9 -4.751108 -0.694498 0.830580 -0.196212 -0.076015 0.337430
    10 -1.688068 0.000047 -0.000031 0.016437 -0.018540 0.713390
    11 -1.336140 0.000055 -0.000010 0.025883 0.005183 0.356198
    12 -4.820494 -0.509464 -0.224759 -0.432170 -0.068984 1.183566
    13 -1.826984 -0.000069 0.000008 0.000641 0.040522 1.289652
    14 -1.436569 0.000004 0.000003 -0.063695 -0.044748 0.866877
    15 -3.992357 -0.891191 -1.827909 -0.771692 0.114163 1.288777
    16 -1.405918 -0.000025 -0.000002 0.006033 -0.028905 0.669971
    17 -1.175358 0.000126 -0.000019 0.066817 0.012507 1.289381
    18 -4.526751 -0.690580 -1.120741 -0.609313 0.084231 1.376921
    19 -1.744038 0.000032 -0.000008 -0.022302 -0.019489 1.263691
    20 -1.368771 0.000023 0.000002 0.040064 0.033970 0.762951
    21 -2.034957 -0.896062 0.932767 1.849460 0.508918 0.721000
    22 -1.625013 0.152379 0.011750 -0.099919 0.179908 0.561003
    23 -1.599285 0.000011 0.000015 0.034164 -0.026049 0.631423
    24 5.511820 0.000008 -0.000002 2.243089 -0.002560 -3.140367
    25 0.196846 -0.000002 0.000003 2.793407 0.000006 -3.141577
    26 -2.188742 -16.513606 -5.090650 1.975862 1.159910 1.842803
    27 6.214486 0.000008 0.000019 0.401349 0.002738 -1.340300
    28 11.944888 -0.000031 -0.000200 0.176853 -0.346315 -1.433848
    29 10.620165 0.000002 0.000006 -1.837451 -0.321093 0.417087
    30 4.751158 0.694374 -0.830474 -0.056768 0.023921 0.325089
    31 1.688065 -0.000022 0.000002 0.128120 -0.152971 0.079245
    32 1.336151 -0.000051 -0.000009 0.083929 -0.146338 -0.285780
    33 4.820515 0.509338 0.224866 -0.227604 -0.145633 0.325157
    34 1.826992 0.000066 0.000010 -0.037584 0.015166 0.086395
    35 1.436581 -0.000006 0.000010 0.011107 -0.010364 0.022084
    36 3.992353 0.891087 1.827993 -0.336119 -0.275058 0.359559
    37 1.405926 0.000031 -0.000003 0.013955 -0.026024 0.383409
    38 1.175362 -0.000132 0.000001 0.021231 0.121471 0.128394
    39 4.526758 0.690464 1.120843 -0.285250 -0.195743 0.415031
    40 1.744041 -0.000031 -0.000002 0.009865 -0.027940 0.071267
    41 1.368767 -0.000031 -0.000018 0.036591 0.154469 0.048093
    42 1.874857 0.935081 -0.999129 1.495479 0.797446 0.199901
    43 1.523453 -0.000032 -0.000002 0.038214 -0.033007 0.408799
    44 1.599281 -0.000004 0.000010 0.047722 0.068590 -0.135637
    45 5.511806 -0.000002 0.000003 -0.023278 0.000004 0.000008
    46 0.196849 0.000003 -0.000001 -0.348225 0.000015 -0.000002
    47 0.000000 0.999512 0.000000 0.000000 0.000000 -1.570796
    48 -8.521894 -0.036563 -0.747692 0.009936 0.019793 1.628514
    49 11.000000 1.173828 -4.839844 0.311838 1.041096 1.634876
    50 3.961849 0.642975 -1.929704 0.000000 0.000000 0.000000
    51 -2.857964 -1.151006 -1.511703 0.000000 0.000000 0.000000
    52 2.895435 -2.097063 0.046948 0.000000 0.000000 0.000000
    53 3.454203 -1.867332 -0.585907 1.196421 -0.003266 0.000599
    54 -0.000002 0.689174 0.000000 -0.127080 0.002026 -0.004246
    55 -0.000006 0.481626 0.000000 0.155540 -0.005503 0.003004
    56 -0.000004 0.504691 0.000000 0.409496 0.003283 0.010095
    57 -0.000006 0.488307 0.000000 -0.135035 -0.002561 -0.005964
    58 -0.000006 0.490659 0.000000 -0.264913 -0.006976 -0.009065
    59 -0.000004 0.501841 0.000000 -0.533121 0.006872 0.048854
    60 -0.000002 0.488363 0.000000 -0.703248 0.036711 0.051498
    61 0.000002 0.470322 0.000000 0.134890 -0.001089 -0.077353
    62 0.000000 0.484582 0.000000 -0.065116 -0.005112 0.008751
    63 -0.000002 0.464710 0.000000 -0.047140 0.014322 0.003125
    64 0.000000 0.497667 0.000000 0.003010 0.002932 -0.001553
    65 -10.906960 0.478617 -2.315958 0.000000 0.000000 0.000000
    66 -2.474586 -0.057514 1.528718 0.000000 0.000000 0.000000
    67 3.390135 1.751309 0.131980 0.000000 0.000000 0.000000
    68 -22.699607 -17.059313 -9.853029 2.066335 -1.244489 -0.872221
  time 12
    0 -0.000001 8.445313 -27.500000 0.000000 0.000000 -0.000001
    1 -0.000002 0.000000 0.000000 1.570747 -1.567142 -1.570747
    2 4.255466 -0.335183 -0.000002 0.000000 0.000000 -0.124848
    3 7.431250 1.496479 0.000002 0.000000 0.000000 0.245450
    4 5.278479 0.165544 0.000001 0.000000 0.000000 0.048511
    5 6.334955 8.862165 -3.257262 1.975865 1.159909 -1.298786
    6 -6.214478 -0.000009 -0.000026 3.231293 -0.330629 2.640180
    7 11.944885 0.000000 0.000000 -0.359793 -0.322694 1.978633
    8 10.620188 0.000000 0.000000 0.575440 -0.235145 2.515097
    9 -4.751108 -0.694498 0.830580 -0.196212 -0.076015 0.337430
    10 -1.688068 0.000047 -0.000031 0.016437 -0.018540 0.713390
    11 -1.336140 0.000055 -0.000010 0.025883 0.005183 0.356198
    12 -4.820494 -0.509464 -0.224759 -0.432170 -0.068984 1.183566
    13 -1.826984 -0.000069 0.000008 0.000641 0.040522 1.289652
    14 -1.436569 0.000004 0.000003 -0.063695 -0.044748 0.866877
    15 -3.992357 -0.891191 -1.827909 -0.771692 0.114163 1.288777
    16 -1.405918 -0.000025 -0.000002 0.006033 -0.028905 0.669971
    17 -1.175358 0.000126 -0.000019 0.066817 0.012507 1.289381
    18 -4.526751 -0.690580 -1.120741 -0.609313 0.084231 1.376921
    19 -1.744038 0.000032 -0.000008 -0.022302 -0.019489 1.263691
    20 -1.368771 0.000023 0.000002 0.040064 0.033970 0.762951
    21 -2.034957 -0.896062 0.932767 1.849460 0.508918 0.720988
    22 -1.625013 0.152379 0.011750 -0.099919 0.179908 0.561003
    23 -1.599285 0.000011 0.000015 0.034164 -0.026049 0.631423
    24 5.511820 0.000008 -0.000002 2.243089 -0.002560 -3.140367
    25 0.196846 -0.000002 0.000003 2.793407 0.000006 -3.141577
    26 -2.524690 -17.779270 -5.024242 1.975862 1.159910 1.842803
    27 6.214486 0.000008 0.000019 0.404655 -0.002296 -1.400880
    28 11.944888 -0.000031 -0.000200 0.131186 -0.337374 -1.297858
    29 10.620165 0.000002 0.000006 -1.841643 -0.325495 0.417343
    30 4.751158 0.694374 -0.830474 -0.056768 0.023921 0.325089
    31 1.688065 -0.000022 0.000002 0.128120 -0.152971 0.079245
    32 1.336151 -0.000051 -0.000009 0.083929 -0.146338 -0.285780
    33 4.820515 0.509338 0.224866 -0.227604 -0.145633 0.325157
    34 1.826992 0.000066 0.000010 -0.037584 0.015166 0.086395
    35 1.436581 -0.000006 0.000010 0.011107 -0.010364 0.022084
    36 3.992353 0.891087 1.827993 -0.336119 -0.275058 0.359559
    37 1.405926 0.000031 -0.000003 0.013955 -0.026024 0.383409
    38 1.175362 -0.000132 0.000001 0.021231 0.121471 0.128394
    39 4.526758 0.690464 1.120843 -0.285250 -0.195743 0.415031
    40 1.744041 -0.000031 -0.000002 0.009865 -0.027940 0.071267
    41 1.368767 -0.000031 -0.000018 0.036591 0.154469 0.048093
    42 1.874857 0.935081 -0.999129 1.495479 0.797446 0.199901
    43 1.523453 -0.000032 -0.000002 0.038214 -0.033007 0.408799
    44 1.599281 -0.000004 0.000010 0.047722 0.068590 -0.135637
    45 5.511806 -0.000002 0.000003 -0.023278 0.000004 0.000008
    46 0.196849 0.000003 -0.000001 -0.348225 0.000015 -0.000002
    47 0.000000 0.999512 0.000000 0.000000 0.000000 -1.570796
    48 -8.529707 0.639239 -1.142235 0.015074 0.000380 1.618269
    49 11.000000 1.173828 -4.839844 0.311838 1.041096 1.634876
    50 3.961849 0.642975 -1.929704 0.000000 0.000000 0.000000
    51 -2.857964 -1.151006 -1.511703 0.000000 0.000000 0.000000
    52 2.895435 -2.097063 0.046948 0.000000 0.000000 0.000000
    53 3.454203 -1.867332 -0.585907 1.196421 -0.003266 0.000599
    54 -0.000002 0.689174 0.000000 -0.127080 0.002026 -0.004246
    55 -0.000006 0.481626 0.000000 0.155540 -0.005503 0.003004
    56 -0.000004 0.504691 0.000000 0.409496 0.003283 0.010095
    57 -0.000006 0.488307 0.000000 -0.135035 -0.002561 -0.005964
    58 -0.000006 0.490659 0.000000 -0.264913 -0.006976 -0.009065
    59 -0.000004 0.501841 0.000000 -0.533121 0.006872 0.048841
    60 -0.000002 0.488363 0.000000 -0.703248 0.036711 0.051498
    61 0.000002 0.470322 0.000000 0.134890 -0.001089 -0.077341
    62 0.000000 0.484582 0.000000 -0.065151 -0.005112 0.008751
    63 -0.000002 0.464710 0.000000 -0.047140 0.014322 0.003125
    64 0.000000 0.497667 0.000000 0.003010 0.002932 -0.001553
    65 -10.906960 0.478617 -2.315958 0.000000 0.000000 0.000000
    66 -2.474586 -0.057514 1.528718 0.000000 0.000000 0.000000
    67 3.390135 1.751309 0.131980 0.000000 0.000000 0.000000
    68 -25.594227 -17.047594 -8.931126 2.008580 -1.234697 -0.741191
  time 13
    0 -0.000001 8.445313 -27.500000 0.000000 0.000000 -0.000001
    1 -0.000002 0.000000 0.000000 1.570747 -1.567142 -1.570747
    2 4.255466 -0.335183 -0.000002 0.000000 0.000000 -0.124848
    3 7.431250 1.496479 0.000002 0.000000 0.000000 0.245450
    4 5.278479 0.165544 0.000001 0.000000 0.000000 0.048511
    5 6.393551 9.202020 -3.315857 1.975865 1.159909 -1.298786
    6 -6.214478 -0.000009 -0.000026 3.232088 -0.335518 2.635109
    7 11.944885 0.000000 0.000000 -0.357474 -0.323629 1.971357
    8 10.620188 0.000000 0.000000 0.589939 -0.238252 2.511092
    9 -4.751108 -0.694498 0.830580 -0.196212 -0.076015 0.337430
    10 -1.688068 0.000047 -0.000031 0.016437 -0.018540 0.713390
    11 -1.336140 0.000055 -0.000010 0.025883 0.005183 0.356198
    12 -4.820494 -0.509464 -0.224759 -0.432170 -0.068984 1.183566
    13 -1.826984 -0.000069 0.000008 0.000641 0.040522 1.289652
    14 -1.436569 0.000004 0.000003 -0.063695 -0.044748 0.866911
    15 -3.992357 -0.891191 -1.827909 -0.771692 0.114163 1.288777
    16 -1.405918 -0.000025 -0.000002 0.006033 -0.028905 0.669971
    17 -1.175358 0.000126 -0.000019 0.066817 0.012507 1.289381
    18 -4.526751 -0.690580 -1.120741 -0.609313 0.084231 1.376921
    19 -1.744038 0.000032 -0.000008 -0.022302 -0.019489 1.263691
    20 -1.368771 0.000023 0.000002 0.040064 0.033970 0.762951
    21 -2.034957 -0.896062 0.932767 1.849460 0.508918 0.721000
    22 -1.625013 0.152379 0.011750 -0.099919 0.179908 0.561003
    23 -1.599285 0.000011 0.000015 0.034164 -0.026049 0.631423
    24 5.511820 0.000008 -0.000002 2.243089 -0.002560 -3.140367
    25 0.196846 -0.000002 0.000003 2.793407 0.000006 -3.141577
    26 -2.743447 -18.607420 -4.981272 1.975862 1.159910 1.842803
    27 6.214486 0.000008 0.000019 0.412528 -0.002346 -1.500735
    28 11.944888 -0.000031 -0.000200 0.059302 -0.309690 -1.072625
    29 10.620165 0.000002 0.000006 -1.851599 -0.342837 0.373533
    30 4.751158 0.694374 -0.830474 -0.056768 0.023921 0.325089
    31 1.688065 -0.000022 0.000002 0.128120 -0.152971 0.079245
    32 1.336151 -0.000051 -0.000009 0.083929 -0.146338 -0.285780
    33 4.820515 0.509338 0.224866 -0.227604 -0.145633 0.325157
    34 1.826992 0.000066 0.000010 -0.037584 0.015166 0.086395
    35 1.436581 -0.000006 0.000010 0.011107 -0.010364 0.022084
    36 3.992353 0.891087 1.827993 -0.336119 -0.275058 0.359559
    37 1.405926 0.000031 -0.000003 0.013955 -0.026024 0.383409
    38 1.175362 -0.000132 0.000001 0.021231 0.121471 0.128394
    39 4.526758 0.690464 1.120843 -0.285250 -0.195743 0.415031
    40 1.744041 -0.000031 -0.000002 0.009865 -0.027940 0.071267
    41 1.368767 -0.000031 -0.000018 0.036591 0.154469 0.048093
    42 1.874857 0.935081 -0.999129 1.495479 0.797446 0.199901
    43 1.523453 -0.000032 -0.000002 0.038214 -0.033007 0.408799
    44 1.599281 -0.000004 0.000010 0.047722 0.068590 -0.135637
    45 5.511806 -0.000002 0.000003 -0.023278 0.000004 0.000008
    46 0.196849 0.000003 -0.000001 -0.348225 0.000015 -0.000002
    47 0.000000 0.999512 0.000000 0.000000 0.000000 -1.570796
    48 -8.533613 0.850183 -1.306303 0.017917 -0.010028 1.612715
    49 11.000000 1.173828 -4.839844 0.311838 1.041096 1.634876
    50 3.961849 0.642975 -1.929704 0.000000 0.000000 0.000000
    51 -2.857964 -1.151006 -1.511703 0.000000 0.000000 0.000000
    52 2.895435 -2.097063 0.046948 0.000000 0.000000 0.000000
    53 3.454203 -1.867332 -0.585907 1.196421 -0.003266 0.000599
    54 -0.000002 0.689174 0.000000 -0.127080 0.002026 -0.004246
    55 -0.000006 0.481626 0.000000 0.155540 -0.005503 0.003004
    56 -0.000004 0.504691 0.000000 0.409496 0.003283 0.010095
    57 -0.000006 0.488307 0.000000 -0.135035 -0.002561 -0.005952
    58 -0.000006 0.490659 0.000000 -0.264913 -0.006976 -0.009065
    59 -0.000004 0.501841 0.000000 -0.533121 0.006872 0.048841
    60 -0.000002 0.488363 0.000000 -0.703248 0.036711 0.051498
    61 0.000002 0.470322 0.000000 0.134890 -0.001089 -0.077341
    62 0.000000 0.484582 0.000000 -0.065116 -0.005112 0.008751
    63 -0.000002 0.464710 0.000000 -0.047140 0.014322 0.003125
    64 0.000000 0.497667 0.000000 0.003010 0.002932 -0.001541
    65 -10.906960 0.478617 -2.315958 0.000000 0.000000 0.000000
    66 -2.474586 -0.057514 1.528718 0.000000 0.000000 0.000000
    67 3.390135 1.751309 0.131980 0.000000 0.000000 0.000000
    68 -28.012269 -16.953841 -8.427205 1.980561 -1.227376 -0.643792
  time 14
    0 -0.000001 8.445313 -27.500000 0.000000 0.000000 -0.000001
    1 -0.000002 0.000000 0.000000 1.570747 -1.567142 -1.570747
    2 4.255466 -0.335183 -0.000002 0.000000 0.000000 -0.124848
    3 7.431250 1.496479 0.000002 0.000000 0.000000 0.245450
    4 5.278479 0.165544 0.000001 0.000000 0.000000 0.048511
    5 6.327142 8.803570 -3.249449 1.975865 1.159909 -1.298786
    6 -6.214478 -0.000009 -0.000026 3.219318 -0.324341 2.628924
    7 11.944885 0.000000 0.000000 -0.355511 -0.324420 1.965165
    8 10.620188 0.000000 0.000000 0.579256 -0.226931 2.505877
    9 -4.751108 -0.694498 0.830580 -0.196212 -0.076015 0.337430
    10 -1.688068 0.000047 -0.000031 0.016437 -0.018540 0.713390
    11 -1.336140 0.000055 -0.000010 0.025883 0.005183 0.356198
    12 -4.820494 -0.509464 -0.224759 -0.432170 -0.068984 1.183566
    13 -1.826984 -0.000069 0.000008 0.000641 0.040522 1.289652
    14 -1.436569 0.000004 0.000003 -0.063695 -0.044748 0.866877
    15 -3.992357 -0.891191 -1.827909 -0.771692 0.114163 1.288777
    16 -1.405918 -0.000025 -0.000002 0.006033 -0.028905 0.669971
    17 -1.175358 0.000126 -0.000019 0.066817 0.012507 1.289381
    18 -4.526751 -0.690580 -1.120741 -0.609313 0.084231 1.376921
    19 -1.744038 0.000032 -0.000008 -0.022302 -0.019489 1.263691
    20 -1.368771 0.000023 0.000002 0.040064 0.033970 0.762951
    21 -2.034957 -0.896062 0.932767 1.849460 0.508918 0.720988
    22 -1.625013 0.152379 0.011750 -0.099919 0.179908 0.561003
    23 -1.599285 0.000011 0.000015 0.034164 -0.026049 0.631423
    24 5.511820 0.000008 -0.000002 2.243089 -0.002560 -3.140367
    25 0.196846 -0.000002 0.000003 2.793407 0.000006 -3.141577
    26 -2.821574 -18.900398 -4.965646 1.975862 1.159910 1.842803
    27 6.214486 0.000008 0.000019 0.429717 0.005829 -1.682476
    28 11.944888 -0.000031 -0.000200 -0.046607 -0.224168 -0.676371
    29 10.620165 0.000002 0.000006 -1.876301 -0.383974 0.244082
    30 4.751158 0.694374 -0.830474 -0.056768 0.023921 0.325089
    31 1.688065 -0.000022 0.000002 0.128120 -0.152971 0.079245
    32 1.336151 -0.000051 -0.000009 0.083929 -0.146338 -0.285780
    33 4.820515 0.509338 0.224866 -0.227604 -0.145633 0.325157
    34 1.826992 0.000066 0.000010 -0.037584 0.015166 0.086395
    35 1.436581 -0.000006 0.000010 0.011107 -0.010364 0.022084
    36 3.992353 0.891087 1.827993 -0.336119 -0.275058 0.359559
    37 1.405926 0.000031 -0.000003 0.013955 -0.026024 0.383409
    38 1.175362 -0.000132 0.000001 0.021231 0.121471 0.128394
    39 4.526758 0.690464 1.120843 -0.285250 -0.195743 0.415031
    40 1.744041 -0.000031 -0.000002 0.009865 -0.027940 0.071267
    41 1.368767 -0.000031 -0.000018 0.036591 0.154469 0.048093
    42 1.874857 0.935081 -0.999129 1.495479 0.797446 0.199901
    43 1.523453 -0.000032 -0.000002 0.038214 -0.033007 0.408799
    44 1.599281 -0.000004 0.000010 0.047722 0.068590 -0.135637
    45 5.511806 -0.000002 0.000003 -0.023278 0.000004 0.000008
    46 0.196849 0.000003 -0.000001 -0.348225 0.000015 -0.000002
    47 0.000000 0.999512 0.000000 0.000000 0.000000 -1.570796
    48 -8.533613 0.326729 -1.306303 0.017917 -0.010028 1.612715
    49 11.000000 1.173828 -4.839844 0.311838 1.041096 1.634876
    50 3.961849 0.642975 -1.929704 0.000000 0.000000 0.000000
    51 -2.857964 -1.151006 -1.511703 0.000000 0.000000 0.000000
    52 2.895435 -2.097063 0.046948 0.000000 0.000000 0.000000
    53 3.454203 -1.867332 -0.585907 1.196421 -0.003266 0.000599
    54 -0.000002 0.689174 0.000000 -0.127080 0.002026 -0.004246
    55 -0.000006 0.481626 0.000000 0.155540 -0.005503 0.003004
    56 -0.000004 0.504691 0.000000 0.409496 0.003283 0.010095
    57 -0.000006 0.488307 0.000000 -0.135035 -0.002561 -0.005952
    58 -0.000006 0.490659 0.000000 -0.264913 -0.006976 -0.009065
    59 -0.000004 0.501841 0.000000 -0.533121 0.006872 0.048854
    60 -0.000002 0.488363 0.000000 -0.703248 0.036711 0.051498
    61 0.000002 0.470322 0.000000 0.134890 -0.001089 -0.077353
    62 0.000000 0.484582 0.000000 -0.065151 -0.005112 0.008751
    63 -0.000002 0.464710 0.000000 -0.047140 0.014322 0.003125
    64 0.000000 0.497667 0.000000 0.003010 0.002932 -0.001553
    65 -10.906960 0.478617 -2.315958 0.000000 0.000000 0.000000
    66 -2.474586 -0.057514 1.528718 0.000000 0.000000 0.000000
    67 3.390135 1.751309 0.131980 0.000000 0.000000 0.000000
    68 -29.695914 -16.727272 -8.415486 1.980179 -1.226053 -0.578702
  time 15
    0 -0.000001 8.445313 -27.500000 0.000000 0.000000 -0.000001
    1 -0.000002 0.000000 0.000000 1.570747 -1.567142 -1.570747
    2 4.255466 -0.335183 -0.000002 0.000000 0.000000 -0.124848
    3 7.431250 1.496479 0.000002 0.000000 0.000000 0.245450
    4 5.278479 0.165544 0.000001 0.000000 0.000000 0.048511
    5 6.143543 7.705880 -3.061943 1.975865 1.159909 -1.298786
    6 -6.214478 -0.000009 -0.000026 3.187318 -0.296034 2.609629
    7 11.944885 0.000000 0.000000 -0.349772 -0.326625 1.947206
    8 10.620188 0.000000 0.000000 0.552433 -0.198417 2.491488
    9 -4.751108 -0.694498 0.830580 -0.196212 -0.076015 0.337430
    10 -1.688068 0.000047 -0.000031 0.016437 -0.018540 0.713390
    11 -1.336140 0.000055 -0.000010 0.025883 0.005183 0.356198
    12 -4.820494 -0.509464 -0.224759 -0.432170 -0.068984 1.183566
    13 -1.826984 -0.000069 0.000008 0.000641 0.040522 1.289652
    14 -1.436569 0.000004 0.000003 -0.063695 -0.044748 0.866877
    15 -3.992357 -0.891191 -1.827909 -0.771692 0.114163 1.288777
    16 -1.405918 -0.000025 -0.000002 0.006033 -0.028905 0.669971
    17 -1.175358 0.000126 -0.000019 0.066817 0.012507 1.289381
    18 -4.526751 -0.690580 -1.120741 -0.609313 0.084231 1.376921
    19 -1.744038 0.000032 -0.000008 -0.022302 -0.019489 1.263691
    20 -1.368771 0.000023 0.000002 0.040064 0.033970 0.762951
    21 -2.034957 -0.896062 0.932767 1.849460 0.508918 0.720988
    22 -1.625013 0.152379 0.011750 -0.099919 0.179908 0.561003
    23 -1.599285 0.000011 0.000015 0.034164 -0.026049 0.631423
    24 5.511820 0.000008 -0.000002 2.243089 -0.002560 -3.140367
    25 0.196846 -0.000002 0.000003 2.793407 0.000006 -3.141577
    26 -2.704383 -18.451165 -4.938302 1.975862 1.159910 1.842803
    27 6.214486 0.000008 0.000019 0.449852 -0.008278 -1.672379
    28 11.944888 -0.000031 -0.000200 -0.039224 -0.232845 -0.708951
    29 10.620165 0.000002 0.000006 -1.845461 -0.362065 0.208830
    30 4.751158 0.694374 -0.830474 -0.056768 0.023921 0.325089
    31 1.688065 -0.000022 0.000002 0.128120 -0.152971 0.079245
    32 1.336151 -0.000051 -0.000009 0.083929 -0.146338 -0.285780
    33 4.820515 0.509338 0.224866 -0.227604 -0.145633 0.325157
    34 1.826992 0.000066 0.000010 -0.037584 0.015166 0.086395
    35 1.436581 -0.000006 0.000010 0.011107 -0.010364 0.022084
    36 3.992353 0.891087 1.827993 -0.336119 -0.275058 0.359559
    37 1.405926 0.000031 -0.000003 0.013955 -0.026024 0.383409
    38 1.175362 -0.000132 0.000001 0.021231 0.121471 0.128394
    39 4.526758 0.690464 1.120843 -0.285250 -0.195743 0.415031
    40 1.744041 -0.000031 -0.000002 0.009865 -0.027940 0.071267
    41 1.368767 -0.000031 -0.000018 0.036591 0.154469 0.048093
    42 1.874857 0.935081 -0.999129 1.495479 0.797446 0.199901
    43 1.523453 -0.000032 -0.000002 0.038214 -0.033007 0.408799
    44 1.599281 -0.000004 0.000010 0.047722 0.068590 -0.135637
    45 5.511806 -0.000002 0.000003 -0.023278 0.000004 0.000008
    46 0.196849 0.000003 -0.000001 -0.348225 0.000015 -0.000002
    47 0.000000 0.999512 0.000000 0.000000 0.000000 -1.570796
    48 -8.533613 -1.126440 -1.306303 0.017917 -0.010028 1.612715
    49 11.000000 1.173828 -4.839844 0.311838 1.041096 1.634876
    50 3.961849 0.642975 -1.929704 0.000000 0.000000 0.000000
    51 -2.857964 -1.151006 -1.511703 0.000000 0.000000 0.000000
    52 2.895435 -2.097063 0.046948 0.000000 0.000000 0.000000
    53 3.454203 -1.867332 -0.585907 1.196421 -0.003266 0.000599
    54 -0.000002 0.689174 0.000000 -0.127080 0.002026 -0.004246
    55 -0.000006 0.481626 0.000000 0.155540 -0.005503 0.003004
    56 -0.000004 0.504691 0.000000 0.409496 0.003283 0.010095
    57 -0.000006 0.488307 0.000000 -0.135035 -0.002561 -0.005964
    58 -0.000006 0.490659 0.000000 -0.264913 -0.006976 -0.009065
    59 -0.000004 0.501841 0.000000 -0.533121 0.006872 0.048854
    60 -0.000002 0.488363 0.000000 -0.703248 0.036711 0.051498
    61 0.000002 0.470322 0.000000 0.134890 -0.001089 -0.077353
    62 0.000000 0.484582 0.000000 -0.065151 -0.005112 0.008751
    63 -0.000002 0.464710 0.000000 -0.047140 0.014322 0.003125
    64 0.000000 0.497667 0.000000 0.003010 0.002932 -0.001541
    65 -10.906960 0.478617 -2.315958 0.000000 0.000000 0.000000
    66 -2.474586 -0.057514 1.528718 0.000000 0.000000 0.000000
    67 3.390135 1.751309 0.131980 0.000000 0.000000 0.000000
    68 -27.633351 -16.715553 -8.278763 1.829406 -1.262571 -0.472329
  time 16
    0 -0.000001 8.445313 -27.500000 0.000000 0.000000 -0.000001
    1 -0.000002 0.000000 0.000000 1.570747 -1.567142 -1.570747
    2 4.255466 -0.335183 -0.000002 0.000000 0.000000 -0.124848
    3 7.431250 1.496479 0.000002 0.000000 0.000000 0.245450
    4 5.278479 0.165544 0.000001 0.000000 0.000000 0.048511
    5 5.866191 6.049580 -2.780685 1.975865 1.159909 -1.298786
    6 -6.214478 -0.000009 -0.000026 3.146473 -0.259496 2.575862
    7 11.944885 0.000000 0.000000 -0.340272 -0.330029 1.917792
    8 10.620188 0.000000 0.000000 0.518131 -0.161603 2.470394
    9 -4.751108 -0.694498 0.830580 -0.196212 -0.076015 0.337430
    10 -1.688068 0.000047 -0.000031 0.016437 -0.018540 0.713390
    11 -1.336140 0.000055 -0.000010 0.025883 0.005183 0.356198
    12 -4.820494 -0.509464 -0.224759 -0.432170 -0.068984 1.183566
    13 -1.826984 -0.000069 0.000008 0.000641 0.040522 1.289652
    14 -1.436569 0.000004 0.000003 -0.063695 -0.044748 0.866877
    15 -3.992357 -0.891191 -1.827909 -0.771692 0.114163 1.288777
    16 -1.405918 -0.000025 -0.000002 0.006033 -0.028905 0.669971
    17 -1.175358 0.000126 -0.000019 0.066817 0.012507 1.289381
    18 -4.526751 -0.690580 -1.120741 -0.609313 0.084231 1.376921
    19 -1.744038 0.000032 -0.000008 -0.022302 -0.019489 1.263691
    20 -1.368771 0.000023 0.000002 0.040064 0.033970 0.762951
    21 -2.034957 -0.896062 0.932767 1.849460 0.508918 0.720988
    22 -1.625013 0.152379 0.011750 -0.099919 0.179908 0.561003
    23 -1.599285 0.000011 0.000015 0.034164 -0.026049 0.631423
    24 5.511820 0.000008 -0.000002 2.243089 -0.002560 -3.140367
    25 0.196846 -0.000002 0.000003 2.793407 0.000006 -3.141577
    26 -2.380154 -17.208940 -4.867987 1.975862 1.159910 1.842803
    27 6.214486 0.000008 0.000019 0.460550 -0.032752 -1.633503
    28 11.944888 -0.000031 -0.000200 -0.016840 -0.255915 -0.801409
    29 10.620165 0.000002 0.000006 -1.798376 -0.326057 0.130023
    30 4.751158 0.694374 -0.830474 -0.056768 0.023921 0.325089
    31 1.688065 -0.000022 0.000002 0.128120 -0.152971 0.079245
    32 1.336151 -0.000051 -0.000009 0.083929 -0.146338 -0.285780
    33 4.820515 0.509338 0.224866 -0.227604 -0.145633 0.325157
    34 1.826992 0.000066 0.000010 -0.037584 0.015166 0.086395
    35 1.436581 -0.000006 0.000010 0.011107 -0.010364 0.022084
    36 3.992353 0.891087 1.827993 -0.336119 -0.275058 0.359559
    37 1.405926 0.000031 -0.000003 0.013955 -0.026024 0.383409
    38 1.175362 -0.000132 0.000001 0.021231 0.121471 0.128394
    39 4.526758 0.690464 1.120843 -0.285250 -0.195743 0.415031
    40 1.744041 -0.000031 -0.000002 0.009865 -0.027940 0.071267
    41 1.368767 -0.000031 -0.000018 0.036591 0.154469 0.048093
    42 1.874857 0.935081 -0.999129 1.495479 0.797446 0.199901
    43 1.523453 -0.000032 -0.000002 0.038214 -0.033007 0.408799
    44 1.599281 -0.000004 0.000010 0.047722 0.068590 -0.135637
    45 5.511806 -0.000002 0.000003 -0.023278 0.000004 0.000008
    46 0.196849 0.000003 -0.000001 -0.348225 0.000015 -0.000002
    47 0.000000 0.999512 0.000000 0.000000 0.000000 -1.570796
    48 -8.533613 -3.317913 -1.306303 0.017917 -0.010028 1.612715
    49 11.000000 1.173828 -4.839844 0.311838 1.041096 1.634876
    50 3.961849 0.642975 -1.929704 0.000000 0.000000 0.000000
    51 -2.857964 -1.151006 -1.511703 0.000000 0.000000 0.000000
    52 2.895435 -2.097063 0.046948 0.000000 0.000000 0.000000
    53 3.454203 -1.867332 -0.585907 1.196421 -0.003266 0.000599
    54 -0.000002 0.689174 0.000000 -0.127080 0.002026 -0.004246
    55 -0.000006 0.481626 0.000000 0.155540 -0.005503 0.003004
    56 -0.000004 0.504691 0.000000 0.409496 0.003283 0.010095
    57 -0.000006 0.488307 0.000000 -0.135035 -0.002561 -0.005952
    58 -0.000006 0.490659 0.000000 -0.264913 -0.006976 -0.009065
    59 -0.000004 0.501841 0.000000 -0.533121 0.006872 0.048841
    60 -0.000002 0.488363 0.000000 -0.703248 0.036711 0.051498
    61 0.000002 0.470322 0.000000 0.134890 -0.001089 -0.077341
    62 0.000000 0.484582 0.000000 -0.065151 -0.005112 0.008751
    63 -0.000002 0.464710 0.000000 -0.047140 0.014322 0.003125
    64 0.000000 0.497667 0.000000 0.003010 0.002932 -0.001541
    65 -10.906960 0.478617 -2.315958 0.000000 0.000000 0.000000
    66 -2.474586 -0.057514 1.528718 0.000000 0.000000 0.000000
    67 3.390135 1.751309 0.131980 0.000000 0.000000 0.000000
    68 -23.746514 -16.805399 -7.915470 1.571701 -1.303236 -0.323917
  time 17
    0 -0.000001 8.445313 -27.500000 0.000000 0.000000 -0.000001
    1 -0.000002 0.000000 0.000000 1.570747 -1.567142 -1.570747
    2 4.255466 -0.335183 -0.000002 0.000000 0.000000 -0.124848
    3 7.431250 1.496479 0.000002 0.000000 0.000000 0.245450
    4 5.278479 0.165544 0.000001 0.000000 0.000000 0.048511
    5 5.518524 3.967485 -2.429111 1.975865 1.159909 -1.298786
    6 -6.214478 -0.000009 -0.000026 3.104734 -0.222123 2.528303
    7 11.944885 0.000000 0.000000 -0.326980 -0.334283 1.877024
    8 10.620188 0.000000 0.000000 0.482799 -0.123684 2.446179
    9 -4.751108 -0.694498 0.830580 -0.196212 -0.076015 0.337430
    10 -1.688068 0.000047 -0.000031 0.016437 -0.018540 0.713390
    11 -1.336140 0.000055 -0.000010 0.025883 0.005183 0.356198
    12 -4.820494 -0.509464 -0.224759 -0.432170 -0.068984 1.183566
    13 -1.826984 -0.000069 0.000008 0.000641 0.040522 1.289652
    14 -1.436569 0.000004 0.000003 -0.063695 -0.044748 0.866877
    15 -3.992357 -0.891191 -1.827909 -0.771692 0.114163 1.288777
    16 -1.405918 -0.000025 -0.000002 0.006033 -0.028905 0.669971
    17 -1.175358 0.000126 -0.000019 0.066817 0.012507 1.289381
    18 -4.526751 -0.690580 -1.120741 -0.609313 0.084231 1.376921
    19 -1.744038 0.000032 -0.000008 -0.022302 -0.019489 1.263691
    20 -1.368771 0.000023 0.000002 0.040064 0.033970 0.762951
    21 -2.034957 -0.896062 0.932767 1.849460 0.508918 0.720988
    22 -1.625013 0.152379 0.011750 -0.099919 0.179908 0.561003
    23 -1.599285 0.000011 0.000015 0.034164 -0.026049 0.631423
    24 5.511820 0.000008 -0.000002 2.243089 -0.002560 -3.140367
    25 0.196846 -0.000002 0.000003 2.793407 0.000006 -3.141577
    26 -1.895765 -15.353414 -4.778141 1.975862 1.159910 1.842803
    27 6.214486 0.000008 0.000019 0.455081 -0.059419 -1.574672
    28 11.944888 -0.000031 -0.000200 0.019385 -0.285421 -0.936636
    29 10.620165 0.000002 0.000006 -1.756756 -0.302328 0.057794
    30 4.751158 0.694374 -0.830474 -0.041306 0.019650 0.344223
    31 1.688065 -0.000022 0.000002 0.116052 -0.147674 0.145702
    32 1.336151 -0.000051 -0.000009 0.074748 -0.141244 -0.227248
    33 4.820515 0.509338 0.224866 -0.214251 -0.140036 0.369520
    34 1.826992 0.000066 0.000010 -0.036553 0.017515 0.149512
    35 1.436581 -0.000006 0.000010 0.010424 -0.011048 0.085263
    36 3.992353 0.891087 1.827993 -0.353846 -0.257035 0.422564
    37 1.405926 0.000031 -0.000003 0.012325 -0.026839 0.445389
    38 1.175362 -0.000132 0.000001 0.025845 0.120584 0.166639
    39 4.526758 0.690464 1.120843 -0.285517 -0.186088 0.466417
    40 1.744041 -0.000031 -0.000002 0.007600 -0.028635 0.151440
    41 1.368767 -0.000031 -0.000018 0.042463 0.152971 0.086497
    42 1.874857 0.935081 -0.999129 1.511439 0.776344 0.241001
    43 1.523453 -0.000032 -0.000002 0.038214 -0.033007 0.408799
    44 1.599281 -0.000004 0.000010 0.052983 0.064611 -0.056648
    45 5.511806 -0.000002 0.000003 -0.023278 0.000004 0.000008
    46 0.196849 0.000003 -0.000001 -0.348225 0.000015 -0.000002
    47 0.000000 0.999512 0.000000 0.000000 0.000000 -1.570796
    48 -8.533613 -6.067997 -1.306303 0.017917 -0.010028 1.612715
    49 11.000000 1.173828 -4.839844 0.311838 1.041096 1.634876
    50 3.961849 0.642975 -1.929704 0.000000 0.000000 0.000000
    51 -2.857964 -1.151006 -1.511703 0.000000 0.000000 0.000000
    52 2.895435 -2.097063 0.046948 0.000000 0.000000 0.000000
    53 3.454203 -1.867332 -0.585907 1.196421 -0.003266 0.000599
    54 -0.000002 0.689174 0.000000 -0.127080 0.002026 -0.004246
    55 -0.000006 0.481626 0.000000 0.155540 -0.005503 0.003004
    56 -0.000004 0.504691 0.000000 0.409496 0.003283 0.010107
    57 -0.000006 0.488307 0.000000 -0.135035 -0.002561 -0.005952
    58 -0.000006 0.490659 0.000000 -0.264913 -0.006976 -0.009065
    59 -0.000004 0.501841 0.000000 -0.533121 0.006872 0.048841
    60 -0.000002 0.488363 0.000000 -0.703248 0.036711 0.051498
    61 0.000002 0.470322 0.000000 0.134890 -0.001089 -0.077341
    62 0.000000 0.484582 0.000000 -0.065151 -0.005112 0.008751
    63 -0.000002 0.464710 0.000000 -0.047140 0.014322 0.003125
    64 0.000000 0.497667 0.000000 0.003010 0.002932 -0.001553
    65 -10.906960 0.478617 -2.315958 0.000000 0.000000 0.000000
    66 -2.474586 -0.057514 1.528718 0.000000 0.000000 0.000000
    67 3.390135 1.751309 0.131980 0.000000 0.000000 0.000000
    68 -18.402601 -16.981186 -7.442800 1.316664 -1.309763 -0.196760
  time 18
    0 -0.000001 8.445313 -27.500000 0.000000 0.000000 -0.000001
    1 -0.000002 0.000000 0.000000 1.570747 -1.567142 -1.570747
    2 4.255466 -0.335183 -0.000002 0.000000 0.000000 -0.124848
    3 7.431250 1.496479 0.000002 0.000000 0.000000 0.245450
    4 5.278479 0.165544 0.000001 0.000000 0.000000 0.048511
    5 5.123981 1.608038 -2.030662 1.975865 1.159909 -1.298786
    6 -6.214478 -0.000009 -0.000026 3.066324 -0.188238 2.470108
    7 11.944885 0.000000 0.000000 -0.310001 -0.338898 1.825626
    8 10.620188 0.000000 0.000000 0.449795 -0.088700 2.422710
    9 -4.751108 -0.694498 0.830580 -0.196212 -0.076015 0.337430
    10 -1.688068 0.000047 -0.000031 0.016437 -0.018540 0.713390
    11 -1.336140 0.000055 -0.000010 0.025883 0.005183 0.356198
    12 -4.820494 -0.509464 -0.224759 -0.432170 -0.068984 1.183566
    13 -1.826984 -0.000069 0.000008 0.000641 0.040522 1.289652
    14 -1.436569 0.000004 0.000003 -0.063695 -0.044748 0.866877
    15 -3.992357 -0.891191 -1.827909 -0.771692 0.114163 1.288777
    16 -1.405918 -0.000025 -0.000002 0.006033 -0.028905 0.669971
    17 -1.175358 0.000126 -0.000019 0.066817 0.012507 1.289381
    18 -4.526751 -0.690580 -1.120741 -0.609313 0.084231 1.376921
    19 -1.744038 0.000032 -0.000008 -0.022302 -0.019489 1.263691
    20 -1.368771 0.000023 0.000002 0.040064 0.033970 0.762951
    21 -2.034957 -0.896062 0.932767 1.849460 0.508918 0.721000
    22 -1.625013 0.152379 0.011750 -0.099919 0.179908 0.561003
    23 -1.599285 0.000011 0.000015 0.034164 -0.026049 0.631423
    24 5.511820 0.000008 -0.000002 2.243089 -0.002560 -3.140367
    25 0.196846 -0.000002 0.000003 2.793407 0.000006 -3.141577
    26 -1.294184 -13.048657 -4.688294 1.975862 1.159910 1.842803
    27 6.214486 0.000008 0.000019 0.431821 -0.079008 -1.503040
    28 11.944888 -0.000031 -0.000200 0.068128 -0.314100 -1.101392
    29 10.620165 0.000002 0.000006 -1.777267 -0.399595 0.039274
    30 4.751158 0.694374 -0.830474 -0.002936 0.007662 0.391893
    31 1.688065 -0.000022 0.000002 0.087133 -0.130656 0.314713
    32 1.336151 -0.000051 -0.000009 0.052948 -0.126012 -0.079015
    33 4.820515 0.509338 0.224866 -0.179528 -0.128543 0.481727
    34 1.826992 0.000066 0.000010 -0.033282 0.023136 0.310424
    35 1.436581 -0.000006 0.000010 0.008519 -0.012582 0.246256
    36 3.992353 0.891087 1.827993 -0.393128 -0.206554 0.580423
    37 1.405926 0.000031 -0.000003 0.007951 -0.028445 0.603179
    38 1.175362 -0.000132 0.000001 0.037290 0.117564 0.262898
    39 4.526758 0.690464 1.120843 -0.283970 -0.161679 0.596201
    40 1.744041 -0.000031 -0.000002 0.001560 -0.029569 0.358469
    41 1.368767 -0.000031 -0.000018 0.056965 0.148213 0.183085
    42 1.874857 0.935081 -0.999129 1.545073 0.721436 0.338921
    43 1.523453 -0.000032 -0.000002 0.038214 -0.033007 0.408799
    44 1.599281 -0.000004 0.000010 0.064932 0.052590 0.146699
    45 5.511806 -0.000002 0.000003 -0.023278 0.000004 0.000008
    46 0.196849 0.000003 -0.000001 -0.348225 0.000015 -0.000002
    47 0.000000 0.999512 0.000000 0.000000 0.000000 -1.570796
    48 -8.533613 -9.189186 -1.306303 0.017917 -0.010028 1.612715
    49 11.000000 1.173828 -4.839844 0.311838 1.041096 1.634876
    50 3.961849 0.642975 -1.929704 0.000000 0.000000 0.000000
    51 -2.857964 -1.151006 -1.511703 0.000000 0.000000 0.000000
    52 2.895435 -2.097063 0.046948 0.000000 0.000000 0.000000
    53 3.454203 -1.867332 -0.585907 1.196421 -0.003266 0.000599
    54 -0.000002 0.689174 0.000000 -0.127080 0.002026 -0.004246
    55 -0.000006 0.481626 0.000000 0.155540 -0.005503 0.003004
    56 -0.000004 0.504691 0.000000 0.409496 0.003283 0.010107
    57 -0.000006 0.488307 0.000000 -0.135035 -0.002561 -0.005952
    58 -0.000006 0.490659 0.000000 -0.264913 -0.006988 -0.009077
    59 -0.000004 0.501841 0.000000 -0.533121 0.006872 0.048854
    60 -0.000002 0.488363 0.000000 -0.703248 0.036711 0.051498
    61 0.000002 0.470322 0.000000 0.134890 -0.001089 -0.077341
    62 0.000000 0.484582 0.000000 -0.065151 -0.005112 0.008751
    63 -0.000002 0.464710 0.000000 -0.047140 0.014322 0.003125
    64 0.000000 0.497667 0.000000 0.003010 0.002932 -0.001553
    65 -10.906960 0.478617 -2.315958 0.000000 0.000000 0.000000
    66 -2.474586 -0.057514 1.528718 0.000000 0.000000 0.000000
    67 3.390135 1.751309 0.131980 0.000000 0.000000 0.000000
    68 -11.984436 -17.219474 -6.981848 1.436082 -1.208940 -0.449089
  time 19
    0 -0.000001 8.445313 -27.500000 0.000000 0.000000 -0.000001
    1 -0.000002 0.000000 0.000000 1.570747 -1.567142 -1.570747
    2 4.255466 -0.335183 -0.000002 0.000000 0.000000 -0.124848
    3 7.431250 1.496479 0.000002 0.000000 0.000000 0.245450
    4 5.278479 0.165544 0.000001 0.000000 0.000000 0.048511
    5 4.705999 -0.892038 -1.608774 1.975865 1.159909 -1.298786
    6 -6.214478 -0.000009 -0.000026 3.032784 -0.159576 2.405418
    7 11.944885 0.000000 0.000000 -0.289825 -0.343248 1.765300
    8 10.620188 0.000000 0.000000 0.420148 -0.058356 2.403059
    9 -4.751108 -0.694498 0.830580 -0.196212 -0.076015 0.337430
    10 -1.688068 0.000047 -0.000031 0.016437 -0.018540 0.713390
    11 -1.336140 0.000055 -0.000010 0.025883 0.005183 0.356198
    12 -4.820494 -0.509464 -0.224759 -0.432170 -0.068984 1.183566
    13 -1.826984 -0.000069 0.000008 0.000641 0.040522 1.289652
    14 -1.436569 0.000004 0.000003 -0.063695 -0.044748 0.866911
    15 -3.992357 -0.891191 -1.827909 -0.771692 0.114163 1.288777
    16 -1.405918 -0.000025 -0.000002 0.006033 -0.028905 0.669971
    17 -1.175358 0.000126 -0.000019 0.066817 0.012507 1.289381
    18 -4.526751 -0.690580 -1.120741 -0.609313 0.084231 1.376921
    19 -1.744038 0.000032 -0.000008 -0.022302 -0.019489 1.263691
    20 -1.368771 0.000023 0.000002 0.040064 0.033970 0.762951
    21 -2.034957 -0.896062 0.932767 1.849460 0.508918 0.720988
    22 -1.625013 0.152379 0.011750 -0.099919 0.179908 0.561003
    23 -1.599285 0.000011 0.000015 0.034164 -0.026049 0.631423
    24 5.511820 0.000008 -0.000002 2.243089 -0.002560 -3.140367
    25 0.196846 -0.000002 0.000003 2.793407 0.000006 -3.141577
    26 -0.614476 -10.462640 -4.625792 1.975862 1.159910 1.842803
    27 6.214486 0.000008 0.000019 0.398224 -0.085040 -1.424254
    28 11.944888 -0.000031 -0.000200 0.127873 -0.336476 -1.287779
    29 10.620165 0.000002 0.000006 -1.839247 -0.584897 0.070630
    30 4.751158 0.694374 -0.830474 0.046144 -0.010673 0.453260
    31 1.688065 -0.000022 0.000002 0.054067 -0.101138 0.537505
    32 1.336151 -0.000051 -0.000009 0.028128 -0.101348 0.115697
    33 4.820515 0.509338 0.224866 -0.132405 -0.119446 0.629556
    34 1.826992 0.000066 0.000010 -0.027637 0.029655 0.523606
    35 1.436581 -0.000006 0.000010 0.005666 -0.014092 0.459522
    36 3.992353 0.891087 1.827993 -0.431453 -0.131726 0.784072
    37 1.405926 0.000031 -0.000003 0.001886 -0.029464 0.812005
    38 1.175362 -0.000132 0.000001 0.051708 0.111991 0.388683
    39 4.526758 0.690464 1.120843 -0.277111 -0.130223 0.766397
    40 1.744041 -0.000031 -0.000002 -0.006602 -0.028874 0.636148
    41 1.368767 -0.000031 -0.000018 0.075097 0.139944 0.309204
    42 1.874857 0.935081 -0.999129 1.576416 0.646534 0.456905
    43 1.523453 -0.000032 -0.000002 0.038214 -0.033007 0.408799
    44 1.599281 -0.000004 0.000010 0.076641 0.033235 0.418083
    45 5.511806 -0.000002 0.000003 -0.023278 0.000004 0.000008
    46 0.196849 0.000003 -0.000001 -0.348225 0.000015 -0.000002
    47 0.000000 0.999512 0.000000 0.000000 0.000000 -1.570796
    48 -8.533613 -12.493975 -1.306303 0.017917 -0.010028 1.612715
    49 11.000000 1.173828 -4.839844 0.311838 1.041096 1.634876
    50 3.961849 0.642975 -1.929704 0.000000 0.000000 0.000000
    51 -2.857964 -1.151006 -1.511703 0.000000 0.000000 0.000000
    52 2.895435 -2.097063 0.046948 0.000000 0.000000 0.000000
    53 3.454203 -1.867332 -0.585907 1.196421 -0.003266 0.000599
    54 -0.000002 0.689174 0.000000 -0.127080 0.002026 -0.004246
    55 -0.000006 0.481626 0.000000 0.155540 -0.005491 0.002992
    56 -0.000004 0.504691 0.000000 0.409496 0.003283 0.010107
    57 -0.000006 0.488307 0.000000 -0.135035 -0.002561 -0.005952
    58 -0.000006 0.490659 0.000000 -0.264913 -0.006988 -0.009077
    59 -0.000004 0.501841 0.000000 -0.533121 0.006872 0.048854
    60 -0.000002 0.488363 0.000000 -0.703248 0.036711 0.051498
    61 0.000002 0.470322 0.000000 0.134890 -0.001089 -0.077341
    62 0.000000 0.484582 0.000000 -0.065151 -0.005112 0.008751
    63 -0.000002 0.464710 0.000000 -0.047140 0.014322 0.003125
    64 0.000000 0.497667 0.000000 0.003010 0.002932 -0.001553
    65 -10.906960 0.478617 -2.315958 0.000000 0.000000 0.000000
    66 -2.474586 -0.057514 1.528718 0.000000 0.000000 0.000000
    67 3.390135 1.751309 0.131980 0.000000 0.000000 0.000000
    68 -4.859219 -17.500733 -6.649807 1.594098 -1.014440 -0.744875
  time 20
    0 -0.000001 8.445313 -27.500000 0.000000 0.000000 -0.000001
    1 -0.000002 0.000000 0.000000 1.570747 -1.567142 -1.570747
    2 4.255466 -0.335183 -0.000002 0.000000 0.000000 -0.124848
    3 7.431250 1.496479 0.000002 0.000000 0.000000 0.245450
    4 5.278479 0.165544 0.000001 0.000000 0.000000 0.048511
    5 4.295830 -3.388208 -1.182980 1.975865 1.159909 -1.298786
    6 -6.214478 -0.000009 -0.000026 3.004511 -0.136304 2.338998
    7 11.944885 0.000000 0.000000 -0.267359 -0.346688 1.698936
    8 10.620188 0.000000 0.000000 0.393897 -0.033033 2.389089
    9 -4.751108 -0.694498 0.830580 -0.196212 -0.076015 0.337430
    10 -1.688068 0.000047 -0.000031 0.016437 -0.018540 0.713390
    11 -1.336140 0.000055 -0.000010 0.025883 0.005183 0.356198
    12 -4.820494 -0.509464 -0.224759 -0.432170 -0.068984 1.183566
    13 -1.826984 -0.000069 0.000008 0.000641 0.040522 1.289652
    14 -1.436569 0.000004 0.000003 -0.063695 -0.044748 0.866877
    15 -3.992357 -0.891191 -1.827909 -0.771692 0.114163 1.288777
    16 -1.405918 -0.000025 -0.000002 0.006033 -0.028905 0.669971
    17 -1.175358 0.000126 -0.000019 0.066817 0.012507 1.289381
    18 -4.526751 -0.690580 -1.120741 -0.609313 0.084231 1.376921
    19 -1.744038 0.000032 -0.000008 -0.022302 -0.019489 1.263691
    20 -1.368771 0.000023 0.000002 0.040064 0.033970 0.762951
    21 -2.034957 -0.896062 0.932767 1.849460 0.508918 0.721000
    22 -1.625013 0.152379 0.011750 -0.099919 0.179908 0.561003
    23 -1.599285 0.000011 0.000015 0.034164 -0.026049 0.631423
    24 5.511820 0.000008 -0.000002 2.243089 -0.002560 -3.140367
    25 0.196846 -0.000002 0.000003 2.793407 0.000006 -3.141577
    26 0.088671 -7.775058 -4.610167 1.975862 1.159910 1.842803
    27 6.214486 0.000008 0.000019 0.368112 -0.074522 -1.342764
    28 11.944888 -0.000031 -0.000200 0.196374 -0.348304 -1.491218
    29 10.620165 0.000002 0.000006 -1.841119 -0.670746 0.091130
    30 4.751158 0.694374 -0.830474 0.094040 -0.031966 0.513726
    31 1.688065 -0.000022 0.000002 0.028432 -0.065124 0.758585
    32 1.336151 -0.000051 -0.000009 0.008641 -0.072381 0.309311
    33 4.820515 0.509338 0.224866 -0.084491 -0.117325 0.777528
    34 1.826992 0.000066 0.000010 -0.020734 0.034821 0.736874
    35 1.436581 -0.000006 0.000010 0.002550 -0.014967 0.672738
    36 3.992353 0.891087 1.827993 -0.453576 -0.050876 0.983305
    37 1.405926 0.000031 -0.000003 -0.004274 -0.029212 1.020830
    38 1.175362 -0.000132 0.000001 0.065298 0.104669 0.514270
    39 4.526758 0.690464 1.120843 -0.265022 -0.100381 0.936167
    40 1.744041 -0.000031 -0.000002 -0.014260 -0.025962 0.913782
    41 1.368767 -0.000031 -0.000018 0.092008 0.129493 0.434953
    42 1.874857 0.935081 -0.999129 1.595475 0.569387 0.565943
    43 1.523453 -0.000032 -0.000002 0.038214 -0.033007 0.408799
    44 1.599281 -0.000004 0.000010 0.082729 0.011519 0.688495
    45 5.511806 -0.000002 0.000003 -0.023278 0.000004 0.000008
    46 0.196849 0.000003 -0.000001 -0.348225 0.000015 -0.000002
    47 0.000000 0.999512 0.000000 0.000000 0.000000 -1.570796
    48 -8.533613 -15.798763 -1.306303 0.017917 -0.010028 1.612715
    49 11.000000 1.173828 -4.839844 0.311838 1.041096 1.634876
    50 3.961849 0.642975 -1.929704 0.000000 0.000000 0.000000
    51 -2.857964 -1.151006 -1.511703 0.000000 0.000000 0.000000
    52 2.895435 -2.097063 0.046948 0.000000 0.000000 0.000000
    53 3.454203 -1.867332 -0.585907 1.196421 -0.003266 0.000599
    54 -0.000002 0.689174 0.000000 -0.127080 0.002026 -0.004246
    55 -0.000006 0.481626 0.000000 0.155540 -0.005503 0.003004
    56 -0.000004 0.504691 0.000000 0.409496 0.003283 0.010095
    57 -0.000006 0.488307 0.000000 -0.135035 -0.002561 -0.005952
    58 -0.000006 0.490659 0.000000 -0.264913 -0.006988 -0.009077
    59 -0.000004 0.501841 0.000000 -0.533121 0.006872 0.048841
    60 -0.000002 0.488363 0.000000 -0.703248 0.036723 0.051510
    61 0.000002 0.470322 0.000000 0.134890 -0.001089 -0.077341
    62 0.000000 0.484582 0.000000 -0.065151 -0.005112 0.008751
    63 -0.000002 0.464710 0.000000 -0.047140 0.014322 0.003125
    64 0.000000 0.497667 0.000000 0.003010 0.002932 -0.001541
    65 -10.906960 0.478617 -2.315958 0.000000 0.000000 0.000000
    66 -2.474586 -0.057514 1.528718 0.000000 0.000000 0.000000
    67 3.390135 1.751309 0.131980 0.000000 0.000000 0.000000
    68 2.598040 -17.809336 -6.556054 1.600293 -0.910619 -0.866553
  time 21
    0 -0.000001 8.445313 -27.500000 0.000000 0.000000 -0.000001
    1 -0.000002 0.000000 0.000000 1.570747 -1.567142 -1.570747
    2 4.255466 -0.335183 -0.000002 0.000000 0.000000 -0.124848
    3 7.431250 1.496479 0.000002 0.000000 0.000000 0.245450
    4 5.278479 0.165544 0.000001 0.000000 0.000000 0.048511
    5 3.901287 -5.747655 -0.784530 1.975865 1.159909 -1.298786
    6 -6.214478 -0.000009 -0.000026 2.981256 -0.117962 2.275112
    7 11.944885 0.000000 0.000000 -0.244091 -0.348749 1.630663
    8 10.620188 0.000000 0.000000 0.371081 -0.012563 2.381127
    9 -4.751108 -0.694498 0.830580 -0.196212 -0.076015 0.337430
    10 -1.688068 0.000047 -0.000031 0.016437 -0.018540 0.713390
    11 -1.336140 0.000055 -0.000010 0.025883 0.005183 0.356198
    12 -4.820494 -0.509464 -0.224759 -0.432170 -0.068984 1.183566
    13 -1.826984 -0.000069 0.000008 0.000641 0.040522 1.289652
    14 -1.436569 0.000004 0.000003 -0.063695 -0.044748 0.866877
    15 -3.992357 -0.891191 -1.827909 -0.771692 0.114163 1.288777
    16 -1.405918 -0.000025 -0.000002 0.006033 -0.028905 0.669971
    17 -1.175358 0.000126 -0.000019 0.066817 0.012507 1.289381
    18 -4.526751 -0.690580 -1.120741 -0.609313 0.084231 1.376921
    19 -1.744038 0.000032 -0.000008 -0.022302 -0.019489 1.263691
    20 -1.368771 0.000023 0.000002 0.040064 0.033970 0.762951
    21 -2.034957 -0.896062 0.932767 1.849460 0.508918 0.720988
    22 -1.625013 0.152379 0.011750 -0.099919 0.179908 0.561003
    23 -1.599285 0.000011 0.000015 0.034164 -0.026049 0.631423
    24 5.511820 0.000008 -0.000002 2.243089 -0.002560 -3.140367
    25 0.196846 -0.000002 0.000003 2.793407 0.000006 -3.141577
    26 0.784005 -5.146072 -4.664856 1.975862 1.159910 1.842803
    27 6.214486 0.000008 0.000019 0.362763 -0.048453 -1.263024
    28 11.944888 -0.000031 -0.000200 0.268849 -0.346507 -1.703375
    29 10.620165 0.000002 0.000006 -1.796729 -0.635897 0.090108
    30 4.751158 0.694374 -0.830474 0.129881 -0.050224 0.559393
    31 1.688065 -0.000022 0.000002 0.014746 -0.034755 0.924341
    32 1.336151 -0.000051 -0.000009 -0.002193 -0.048256 0.455345
    33 4.820515 0.509338 0.224866 -0.048097 -0.120429 0.890112
    34 1.826992 0.000066 0.000010 -0.014873 0.037697 0.897999
    35 1.436581 -0.000006 0.000010 0.000117 -0.015182 0.833780
    36 3.992353 0.891087 1.827993 -0.459402 0.012175 1.132235
    37 1.405926 0.000031 -0.000003 -0.008804 -0.028181 1.178665
    38 1.175362 -0.000132 0.000001 0.075006 0.097957 0.610132
    39 4.526758 0.690464 1.120843 -0.252568 -0.079290 1.065101
    40 1.744041 -0.000031 -0.000002 -0.019293 -0.022475 1.120764
    41 1.368767 -0.000031 -0.000018 0.103956 0.120133 0.530848
    42 1.874857 0.935081 -0.999129 1.602907 0.509534 0.644768
    43 1.523453 -0.000032 -0.000002 0.038214 -0.033007 0.408799
    44 1.599281 -0.000004 0.000010 0.083352 -0.005307 0.889982
    45 5.511806 -0.000002 0.000003 -0.023278 0.000004 0.000008
    46 0.196849 0.000003 -0.000001 -0.348225 0.000015 -0.000002
    47 0.000000 0.999512 0.000000 0.000000 0.000000 -1.570796
    48 -8.533613 -18.919952 -1.306303 0.017917 -0.010028 1.612715
    49 11.000000 1.173828 -4.839844 0.311838 1.041096 1.634876
    50 3.961849 0.642975 -1.929704 0.000000 0.000000 0.000000
    51 -2.857964 -1.151006 -1.511703 0.000000 0.000000 0.000000
    52 2.895435 -2.097063 0.046948 0.000000 0.000000 0.000000
    53 3.454203 -1.867332 -0.585907 1.196421 -0.003266 0.000599
    54 -0.000002 0.689174 0.000000 -0.127080 0.002026 -0.004246
    55 -0.000006 0.481626 0.000000 0.155540 -0.005503 0.003004
    56 -0.000004 0.504691 0.000000 0.409496 0.003283 0.010095
    57 -0.000006 0.488307 0.000000 -0.135035 -0.002561 -0.005952
    58 -0.000006 0.490659 0.000000 -0.264913 -0.006988 -0.009065
    59 -0.000004 0.501841 0.000000 -0.533121 0.006872 0.048841
    60 -0.000002 0.488363 0.000000 -0.703248 0.036711 0.051498
    61 0.000002 0.470322 0.000000 0.134890 -0.001089 -0.077341
    62 0.000000 0.484582 0.000000 -0.065151 -0.005112 0.008751
    63 -0.000002 0.464710 0.000000 -0.047140 0.014322 0.003113
    64 0.000000 0.497667 0.000000 0.003010 0.002932 -0.001541
    65 -10.906960 0.478617 -2.315958 0.000000 0.000000 0.000000
    66 -2.474586 -0.057514 1.528718 0.000000 0.000000 0.000000
    67 3.390135 1.751309 0.131980 0.000000 0.000000 0.000000
    68 9.981078 -18.145284 -6.849032 1.567794 -0.942197 -0.924274
  time 22
    0 -0.000001 8.445313 -27.500000 0.000000 0.000000 -0.000001
    1 -0.000002 0.000000 0.000000 1.570747 -1.567142 -1.570747
    2 4.255466 -0.335183 -0.000002 0.000000 0.000000 -0.124848
    3 7.431250 1.496479 0.000002 0.000000 0.000000 0.245450
    4 5.278479 0.165544 0.000001 0.000000 0.000000 0.048511
    5 3.553620 -7.829750 -0.432957 1.975865 1.159909 -1.298786
    6 -6.214478 -0.000009 -0.000026 2.962871 -0.104049 2.218092
    7 11.944885 0.000000 0.000000 -0.221923 -0.349324 1.565899
    8 10.620188 0.000000 0.000000 0.351888 0.003312 2.378286
    9 -4.751108 -0.694498 0.830580 -0.196212 -0.076015 0.337430
    10 -1.688068 0.000047 -0.000031 0.016437 -0.018540 0.713390
    11 -1.336140 0.000055 -0.000010 0.025883 0.005183 0.356198
    12 -4.820494 -0.509464 -0.224759 -0.432170 -0.068984 1.183566
    13 -1.826984 -0.000069 0.000008 0.000641 0.040522 1.289652
    14 -1.436569 0.000004 0.000003 -0.063695 -0.044748 0.866877
    15 -3.992357 -0.891191 -1.827909 -0.771692 0.114163 1.288777
    16 -1.405918 -0.000025 -0.000002 0.006033 -0.028905 0.669971
    17 -1.175358 0.000126 -0.000019 0.066817 0.012507 1.289381
    18 -4.526751 -0.690580 -1.120741 -0.609313 0.084231 1.376921
    19 -1.744038 0.000032 -0.000008 -0.022302 -0.019489 1.263691
    20 -1.368771 0.000023 0.000002 0.040064 0.033970 0.762951
    21 -2.034957 -0.896062 0.932767 1.849460 0.508918 0.720988
    22 -1.625013 0.152379 0.011750 -0.099919 0.179908 0.561003
    23 -1.599285 0.000011 0.000015 0.034164 -0.026049 0.631423
    24 5.511820 0.000008 -0.000002 2.243089 -0.002560 -3.140367
    25 0.196846 -0.000002 0.000003 2.793407 0.000006 -3.141577
    26 1.416836 -2.751467 -4.809392 1.975862 1.159910 1.842803
    27 6.214486 0.000008 0.000019 0.393776 -0.018346 -1.190200
    28 11.944888 -0.000031 -0.000200 0.333610 -0.332233 -1.897389
    29 10.620165 0.000002 0.000006 -1.782132 -0.591880 0.105627
    30 4.751158 0.694374 -0.830474 0.143936 -0.057973 0.577464
    31 1.688065 -0.000022 0.000002 0.010779 -0.022315 0.989085
    32 1.336151 -0.000051 -0.000009 -0.005464 -0.038381 0.512699
    33 4.820515 0.509338 0.224866 -0.033821 -0.122778 0.934664
    34 1.826992 0.000066 0.000010 -0.012464 0.038560 0.961202
    35 1.436581 -0.000006 0.000010 -0.000841 -0.015158 0.896959
    36 3.992353 0.891087 1.827993 -0.459111 0.037030 1.190626
    37 1.405926 0.000031 -0.000003 -0.010542 -0.027582 1.240646
    38 1.175362 -0.000132 0.000001 0.078673 0.095045 0.648179
    39 4.526758 0.690464 1.120843 -0.246918 -0.071442 1.116019
    40 1.744041 -0.000031 -0.000002 -0.021031 -0.020857 1.200937
    41 1.368767 -0.000031 -0.000018 0.108439 0.116107 0.568883
    42 1.874857 0.935081 -0.999129 1.604312 0.485647 0.675234
    43 1.523453 -0.000032 -0.000002 0.038214 -0.033007 0.408799
    44 1.599281 -0.000004 0.000010 0.082693 -0.011815 0.968040
    45 5.511806 -0.000002 0.000003 -0.023278 0.000004 0.000008
    46 0.196849 0.000003 -0.000001 -0.348225 0.000015 -0.000002
    47 0.000000 0.999512 0.000000 0.000000 0.000000 -1.570796
    48 -8.533613 -21.666130 -1.306303 0.017917 -0.010028 1.612715
    49 11.000000 1.173828 -4.839844 0.311838 1.041096 1.634876
    50 3.961849 0.642975 -1.929704 0.000000 0.000000 0.000000
    51 -2.857964 -1.151006 -1.511703 0.000000 0.000000 0.000000
    52 2.895435 -2.097063 0.046948 0.000000 0.000000 0.000000
    53 3.454203 -1.867332 -0.585907 1.196421 -0.003266 0.000599
    54 -0.000002 0.689174 0.000000 -0.127080 0.002026 -0.004246
    55 -0.000006 0.481626 0.000000 0.155540 -0.005503 0.003004
    56 -0.000004 0.504691 0.000000 0.409496 0.003283 0.010095
    57 -0.000006 0.488307 0.000000 -0.135035 -0.002561 -0.005964
    58 -0.000006 0.490659 0.000000 -0.264913 -0.006976 -0.009065
    59 -0.000004 0.501841 0.000000 -0.533121 0.006872 0.048841
    60 -0.000002 0.488363 0.000000 -0.703248 0.036711 0.051498
    61 0.000002 0.470322 0.000000 0.134890 -0.001089 -0.077341
    62 0.000000 0.484582 0.000000 -0.065151 -0.005112 0.008751
    63 -0.000002 0.464710 0.000000 -0.047140 0.014322 0.003113
    64 0.000000 0.497667 0.000000 0.003010 0.002932 -0.001541
    65 -10.906960 0.478617 -2.315958 0.000000 0.000000 0.000000
    66 -2.474586 -0.057514 1.528718 0.000000 0.000000 0.000000
    67 3.390135 1.751309 0.131980 0.000000 0.000000 0.000000
    68 16.735190 -18.574984 -7.446706 1.589714 -1.010383 -1.022618
  time 23
    0 -0.000001 8.445313 -27.500000 0.000000 0.000000 -0.000001
    1 -0.000002 0.000000 0.000000 1.570747 -1.567142 -1.570747
    2 4.255466 -0.335183 -0.000002 0.000000 0.000000 -0.124848
    3 7.431250 1.496479 0.000002 0.000000 0.000000 0.245450
    4 5.278479 0.165544 0.000001 0.000000 0.000000 0.048511
    5 3.276268 -9.486051 -0.151698 1.975865 1.159909 -1.298786
    6 -6.214478 -0.000009 -0.000026 2.949256 -0.094147 2.172080
    7 11.944885 0.000000 0.000000 -0.203144 -0.348749 1.510992
    8 10.620188 0.000000 0.000000 0.336893 0.014845 2.378798
    9 -4.751108 -0.694498 0.830580 -0.196212 -0.076015 0.337430
    10 -1.688068 0.000047 -0.000031 0.016437 -0.018540 0.713390
    11 -1.336140 0.000055 -0.000010 0.025883 0.005183 0.356198
    12 -4.820494 -0.509464 -0.224759 -0.432170 -0.068984 1.183566
    13 -1.826984 -0.000069 0.000008 0.000641 0.040522 1.289652
    14 -1.436569 0.000004 0.000003 -0.063695 -0.044748 0.866877
    15 -3.992357 -0.891191 -1.827909 -0.771692 0.114163 1.288777
    16 -1.405918 -0.000025 -0.000002 0.006033 -0.028905 0.669971
    17 -1.175358 0.000126 -0.000019 0.066817 0.012507 1.289381
    18 -4.526751 -0.690580 -1.120741 -0.609313 0.084231 1.376921
    19 -1.744038 0.000032 -0.000008 -0.022302 -0.019489 1.263691
    20 -1.368771 0.000023 0.000002 0.040064 0.033970 0.762951
    21 -2.034957 -0.896062 0.932767 1.849460 0.508918 0.720988
    22 -1.625013 0.152379 0.011750 -0.099919 0.179908 0.561003
    23 -1.599285 0.000011 0.000015 0.034164 -0.026049 0.631423
    24 5.511820 0.000008 -0.000002 2.243089 -0.002560 -3.140367
    25 0.196846 -0.000002 0.000003 2.793407 0.000006 -3.141577
    26 1.952009 -0.767032 -5.071118 1.975862 1.159910 1.842803
    27 6.214486 0.000008 0.000019 0.453458 0.003386 -1.125485
    28 11.944888 -0.000031 -0.000200 0.381572 -0.312878 -2.048416
    29 10.620165 0.000002 0.000006 -1.786549 -0.553886 0.120060
    30 4.751158 0.694374 -0.830474 0.094040 -0.031966 0.513726
    31 1.688065 -0.000022 0.000002 0.028432 -0.065124 0.758585
    32 1.336151 -0.000051 -0.000009 0.008641 -0.072381 0.309311
    33 4.820515 0.509338 0.224866 -0.084491 -0.117325 0.777528
    34 1.826992 0.000066 0.000010 -0.020734 0.034821 0.736874
    35 1.436581 -0.000006 0.000010 0.002550 -0.014967 0.672738
    36 3.992353 0.891087 1.827993 -0.453576 -0.050876 0.983305
    37 1.405926 0.000031 -0.000003 -0.004274 -0.029212 1.020830
    38 1.175362 -0.000132 0.000001 0.065298 0.104669 0.514270
    39 4.526758 0.690464 1.120843 -0.265022 -0.100381 0.936167
    40 1.744041 -0.000031 -0.000002 -0.014260 -0.025962 0.913782
    41 1.368767 -0.000031 -0.000018 0.092008 0.129493 0.434953
    42 1.874857 0.935081 -0.999129 1.595475 0.569387 0.565943
    43 1.523453 -0.000032 -0.000002 0.038214 -0.033007 0.408799
    44 1.599281 -0.000004 0.000010 0.082729 0.011519 0.688495
    45 5.511806 -0.000002 0.000003 -0.023278 0.000004 0.000008
    46 0.196849 0.000003 -0.000001 -0.348225 0.000015 -0.000002
    47 0.000000 0.999512 0.000000 0.000000 0.000000 -1.570796
    48 -8.533613 -23.861509 -1.306303 0.017917 -0.010028 1.612715
    49 11.000000 1.173828 -4.839844 0.311838 1.041096 1.634876
    50 3.961849 0.642975 -1.929704 0.000000 0.000000 0.000000
    51 -2.857964 -1.151006 -1.511703 0.000000 0.000000 0.000000
    52 2.895435 -2.097063 0.046948 0.000000 0.000000 0.000000
    53 3.454203 -1.867332 -0.585907 1.196421 -0.003253 0.000599
    54 -0.000002 0.689174 0.000000 -0.127080 0.002026 -0.004224
    55 -0.000006 0.481626 0.000000 0.155540 -0.005503 0.003004
    56 -0.000004 0.504691 0.000000 0.409496 0.003283 0.010095
    57 -0.000006 0.488307 0.000000 -0.135035 -0.002561 -0.005964
    58 -0.000006 0.490659 0.000000 -0.264913 -0.006976 -0.009065
    59 -0.000004 0.501841 0.000000 -0.533121 0.006872 0.048841
    60 -0.000002 0.488363 0.000000 -0.703248 0.036711 0.051498
    61 0.000002 0.470322 0.000000 0.134890 -0.001089 -0.077341
    62 0.000000 0.484582 0.000000 -0.065151 -0.005112 0.008739
    63 -0.000002 0.464710 0.000000 -0.047140 0.014322 0.003125
    64 0.000000 0.497667 0.000000 0.003010 0.002932 -0.001553
    65 -10.906960 0.478617 -2.315958 0.000000 0.000000 0.000000
    66 -2.474586 -0.057514 1.528718 0.000000 0.000000 0.000000
    67 3.390135 1.751309 0.131980 0.000000 0.000000 0.000000
    68 22.266609 -19.184378 -8.130321 1.670151 -1.094710 -1.159505
  time 24
    0 -0.000001 8.445313 -27.500000 0.000000 0.000000 -0.000001
    1 -0.000002 0.000000 0.000000 1.570747 -1.567142 -1.570747
    2 4.255466 -0.335183 -0.000002 0.000000 0.000000 -0.124848
    3 7.431250 1.496479 0.000002 0.000000 0.000000 0.245450
    4 5.278479 0.165544 0.000001 0.000000 0.000000 0.048511
    5 3.092669 -10.583740 0.031901 1.975865 1.159909 -1.298786
    6 -6.214478 -0.000009 -0.000026 2.940660 -0.088067 2.141343
    7 11.944885 0.000000 0.000000 -0.190179 -0.347790 1.473011
    8 10.620188 0.000000 0.000000 0.327049 0.021995 2.380568
    9 -4.751108 -0.694498 0.830580 -0.196212 -0.076015 0.337430
    10 -1.688068 0.000047 -0.000031 0.016437 -0.018540 0.713390
    11 -1.336140 0.000055 -0.000010 0.025883 0.005183 0.356198
    12 -4.820494 -0.509464 -0.224759 -0.432170 -0.068984 1.183566
    13 -1.826984 -0.000069 0.000008 0.000641 0.040522 1.289652
    14 -1.436569 0.000004 0.000003 -0.063695 -0.044748 0.866877
    15 -3.992357 -0.891191 -1.827909 -0.771692 0.114163 1.288777
    16 -1.405918 -0.000025 -0.000002 0.006033 -0.028905 0.669971
    17 -1.175358 0.000126 -0.000019 0.066817 0.012507 1.289381
    18 -4.526751 -0.690580 -1.120741 -0.609313 0.084231 1.376921
    19 -1.744038 0.000032 -0.000008 -0.022302 -0.019489 1.263691
    20 -1.368771 0.000023 0.000002 0.040064 0.033970 0.762951
    21 -2.034957 -0.896062 0.932767 1.849460 0.508918 0.720988
    22 -1.625013 0.152379 0.011750 -0.099919 0.179908 0.561003
    23 -1.599285 0.000011 0.000015 0.034164 -0.026049 0.631423
    24 5.511820 0.000008 -0.000002 2.243089 -0.002560 -3.140367
    25 0.196846 -0.000002 0.000003 2.793407 0.000006 -3.141577
    26 2.338740 0.650980 -5.469568 1.975862 1.159910 1.842803
    27 6.214486 0.000008 0.000019 0.517588 0.010265 -1.064428
    28 11.944888 -0.000031 -0.000200 0.409162 -0.297693 -2.140111
    29 10.620165 0.000002 0.000006 -1.805338 -0.521089 0.111950
    30 4.751158 0.694374 -0.830474 -0.002936 0.007662 0.391893
    31 1.688065 -0.000022 0.000002 0.087133 -0.130656 0.314713
    32 1.336151 -0.000051 -0.000009 0.052948 -0.126012 -0.079015
    33 4.820515 0.509338 0.224866 -0.179528 -0.128543 0.481727
    34 1.826992 0.000066 0.000010 -0.033282 0.023136 0.310424
    35 1.436581 -0.000006 0.000010 0.008519 -0.012582 0.246256
    36 3.992353 0.891087 1.827993 -0.393128 -0.206554 0.580423
    37 1.405926 0.000031 -0.000003 0.007951 -0.028445 0.603179
    38 1.175362 -0.000132 0.000001 0.037290 0.117564 0.262898
    39 4.526758 0.690464 1.120843 -0.283970 -0.161679 0.596201
    40 1.744041 -0.000031 -0.000002 0.001560 -0.029569 0.358469
    41 1.368767 -0.000031 -0.000018 0.056965 0.148213 0.183085
    42 1.874857 0.935081 -0.999129 1.545073 0.721436 0.338921
    43 1.523453 -0.000032 -0.000002 0.038214 -0.033007 0.408799
    44 1.599281 -0.000004 0.000010 0.064932 0.052590 0.146699
    45 5.511806 -0.000002 0.000003 -0.023278 0.000004 0.000008
    46 0.196849 0.000003 -0.000001 -0.348225 0.000015 -0.000002
    47 0.000000 0.999512 0.000000 0.000000 0.000000 -1.570796
    48 -8.533613 -25.314678 -1.306303 0.017917 -0.010028 1.612715
    49 11.000000 1.173828 -4.839844 0.311838 1.041096 1.634876
    50 3.961849 0.642975 -1.929704 0.000000 0.000000 0.000000
    51 -2.857964 -1.151006 -1.511703 0.000000 0.000000 0.000000
    52 2.895435 -2.097063 0.046948 0.000000 0.000000 0.000000
    53 3.454203 -1.867332 -0.585907 1.196421 -0.003253 0.000599
    54 -0.000002 0.689174 0.000000 -0.127080 0.002026 -0.004224
    55 -0.000006 0.481626 0.000000 0.155540 -0.005491 0.002992
    56 -0.000004 0.504691 0.000000 0.409496 0.003283 0.010107
    57 -0.000006 0.488307 0.000000 -0.135035 -0.002561 -0.005964
    58 -0.000006 0.490659 0.000000 -0.264913 -0.006976 -0.009065
    59 -0.000004 0.501841 0.000000 -0.533121 0.006872 0.048841
    60 -0.000002 0.488363 0.000000 -0.703248 0.036711 0.051498
    61 0.000002 0.470322 0.000000 0.134890 -0.001089 -0.077353
    62 0.000000 0.484582 0.000000 -0.065151 -0.005112 0.008751
    63 -0.000002 0.464710 0.000000 -0.047140 0.014322 0.003125
    64 0.000000 0.497667 0.000000 0.003010 0.002932 -0.001541
    65 -10.906960 0.478617 -2.315958 0.000000 0.000000 0.000000
    66 -2.474586 -0.057514 1.528718 0.000000 0.000000 0.000000
    67 3.390135 1.751309 0.131980 0.000000 0.000000 0.000000
    68 25.997192 -20.067217 -8.688931 1.813300 -1.176215 -1.336069
  time 25
    0 -0.000001 8.445313 -27.500000 0.000000 0.000000 -0.000001
    1 -0.000002 0.000000 0.000000 1.570747 -1.567142 -1.570747
    2 4.255466 -0.335183 -0.000002 0.000000 0.000000 -0.124848
    3 7.431250 1.496479 0.000002 0.000000 0.000000 0.245450
    4 5.278479 0.165544 0.000001 0.000000 0.000000 0.048511
    5 3.026260 -10.982190 0.098309 1.975865 1.159909 -1.298786
    6 -6.214478 -0.000009 -0.000026 2.937629 -0.085957 2.130149
    7 11.944885 0.000000 0.000000 -0.185392 -0.347323 1.458922
    8 10.620188 0.000000 0.000000 0.323501 0.024506 2.381452
    9 -4.751108 -0.694498 0.830580 -0.196212 -0.076015 0.337430
    10 -1.688068 0.000047 -0.000031 0.016437 -0.018540 0.713390
    11 -1.336140 0.000055 -0.000010 0.025883 0.005183 0.356198
    12 -4.820494 -0.509464 -0.224759 -0.432170 -0.068984 1.183566
    13 -1.826984 -0.000069 0.000008 0.000641 0.040522 1.289652
    14 -1.436569 0.000004 0.000003 -0.063695 -0.044748 0.866877
    15 -3.992357 -0.891191 -1.827909 -0.771692 0.114163 1.288777
    16 -1.405918 -0.000025 -0.000002 0.006033 -0.028905 0.669971
    17 -1.175358 0.000126 -0.000019 0.066817 0.012507 1.289381
    18 -4.526751 -0.690580 -1.120741 -0.609313 0.084231 1.376921
    19 -1.744038 0.000032 -0.000008 -0.022302 -0.019489 1.263691
    20 -1.368771 0.000023 0.000002 0.040064 0.033970 0.762951
    21 -2.034957 -0.896062 0.932767 1.849460 0.508918 0.720988
    22 -1.625013 0.152379 0.011750 -0.099919 0.179908 0.561003
    23 -1.599285 0.000011 0.000015 0.034164 -0.026049 0.631423
    24 5.511820 0.000008 -0.000002 2.243089 -0.002560 -3.140367
    25 0.196846 -0.000002 0.000003 2.793407 0.000006 -3.141577
    26 2.537964 1.322876 -6.028179 1.975862 1.159910 1.842803
    27 6.214486 0.000008 0.000019 0.547459 0.002489 -1.001780
    28 11.944888 -0.000031 -0.000200 0.414415 -0.294422 -2.158090
    29 10.620165 0.000002 0.000006 -1.844487 -0.477568 0.060731
    30 4.751158 0.694374 -0.830474 -0.056768 0.023921 0.325089
    31 1.688065 -0.000022 0.000002 0.128120 -0.152971 0.079245
    32 1.336151 -0.000051 -0.000009 0.083929 -0.146338 -0.285780
    33 4.820515 0.509338 0.224866 -0.227604 -0.145633 0.325157
    34 1.826992 0.000066 0.000010 -0.037584 0.015166 0.086395
    35 1.436581 -0.000006 0.000010 0.011107 -0.010364 0.022084
    36 3.992353 0.891087 1.827993 -0.336119 -0.275058 0.359559
    37 1.405926 0.000031 -0.000003 0.013955 -0.026024 0.383409
    38 1.175362 -0.000132 0.000001 0.021231 0.121471 0.128394
    39 4.526758 0.690464 1.120843 -0.285250 -0.195743 0.415031
    40 1.744041 -0.000031 -0.000002 0.009865 -0.027940 0.071267
    41 1.368767 -0.000031 -0.000018 0.036591 0.154469 0.048093
    42 1.874857 0.935081 -0.999129 1.495479 0.797446 0.199901
    43 1.523453 -0.000032 -0.000002 0.038214 -0.033007 0.408799
    44 1.599281 -0.000004 0.000010 0.047722 0.068590 -0.135637
    45 5.511806 -0.000002 0.000003 -0.023278 0.000004 0.000008
    46 0.196849 0.000003 -0.000001 -0.348225 0.000015 -0.000002
    47 0.000000 0.999512 0.000000 0.000000 0.000000 -1.570796
    48 -8.533613 -25.838132 -1.306303 0.017917 -0.010028 1.612715
    49 11.000000 1.173828 -4.839844 0.311838 1.041096 1.634876
    50 3.961849 0.642975 -1.929704 0.000000 0.000000 0.000000
    51 -2.857964 -1.151006 -1.511703 0.000000 0.000000 0.000000
    52 2.895435 -2.097063 0.046948 0.000000 0.000000 0.000000
    53 3.454203 -1.867332 -0.585907 1.196421 -0.003266 0.000599
    54 -0.000002 0.689174 0.000000 -0.127080 0.002026 -0.004246
    55 -0.000006 0.481626 0.000000 0.155540 -0.005503 0.003004
    56 -0.000004 0.504691 0.000000 0.409496 0.003283 0.010095
    57 -0.000006 0.488307 0.000000 -0.135035 -0.002561 -0.005964
    58 -0.000006 0.490659 0.000000 -0.264913 -0.006976 -0.009053
    59 -0.000004 0.501841 0.000000 -0.533121 0.006872 0.048841
    60 -0.000002 0.488363 0.000000 -0.703248 0.036711 0.051498
    61 0.000002 0.470322 0.000000 0.134890 -0.001089 -0.077341
    62 0.000000 0.484582 0.000000 -0.065151 -0.005112 0.008751
    63 -0.000002 0.464710 0.000000 -0.047140 0.014322 0.003125
    64 0.000000 0.497667 0.000000 0.003010 0.002932 -0.001541
    65 -10.906960 0.478617 -2.315958 0.000000 0.000000 0.000000
    66 -2.474586 -0.057514 1.528718 0.000000 0.000000 0.000000
    67 3.390135 1.751309 0.131980 0.000000 0.000000 0.000000
    68 27.329263 -21.305537 -8.907688 2.009438 -1.241842 -1.540030
end
