version 1
nodes
0 "root" -1
1 "pelvis" 0
2 "spine_01" 1
3 "spine_02" 2
4 "spine_03" 3
5 "clavicle_r" 4
6 "upperarm_r" 5
7 "lowerarm_r" 6
8 "hand_r" 7
9 "index_01_r" 8
10 "index_02_r" 9
11 "index_03_r" 10
12 "middle_01_r" 8
13 "middle_02_r" 12
14 "middle_03_r" 13
15 "pinky_01_r" 8
16 "pinky_02_r" 15
17 "pinky_03_r" 16
18 "ring_01_r" 8
19 "ring_02_r" 18
20 "ring_03_r" 19
21 "thumb_01_r" 8
22 "thumb_02_r" 21
23 "thumb_03_r" 22
24 "lowerarm_twist_01_r" 7
25 "upperarm_twist_01_r" 6
26 "clavicle_l" 4
27 "upperarm_l" 26
28 "lowerarm_l" 27
29 "hand_l" 28
30 "index_01_l" 29
31 "index_02_l" 30
32 "index_03_l" 31
33 "middle_01_l" 29
34 "middle_02_l" 33
35 "middle_03_l" 34
36 "pinky_01_l" 29
37 "pinky_02_l" 36
38 "pinky_03_l" 37
39 "ring_01_l" 29
40 "ring_02_l" 39
41 "ring_03_l" 40
42 "thumb_01_l" 29
43 "thumb_02_l" 42
44 "thumb_03_l" 43
45 "lowerarm_twist_01_l" 28
46 "upperarm_twist_01_l" 27
47 "cam_driver" -1
48 "BaseRoot" -1
49 "Base" 48
50 "rhand_ikTarget" 49
51 "Trigger" 49
52 "Mag" 49
53 "Bullets" 52
54 "Bolt" 49
55 "MagRelease" 49
56 "Ring" 49
57 "lhand_ikTarget" 49
end
skeleton
time 0
0 -0.00000100 8.45008800 -27.50902600 0.00000000 0.00000000 0.00003100
1 -0.00000200 0.00000000 0.00000000 1.57074700 -1.56714200 -1.57074700
2 4.25546600 -0.33518300 -0.00000200 0.00000000 0.00000000 -0.12484800
3 7.43125000 1.49647900 0.00000200 0.00000000 0.00000000 0.24545000
4 5.27847900 0.16554400 0.00000100 0.00000000 0.00000000 0.04851100
5 -1.18125772 -12.69647015 5.81522249 1.97586500 1.15990900 -1.29878600
6 -6.21447800 -0.00000900 -0.00002600 -2.92840941 -0.68308653 1.25222447
7 11.94488500 0.00000000 0.00000000 -0.30749253 -0.31883855 1.82037800
8 10.62018800 0.00000000 0.00000000 1.02804999 0.15550638 2.72835985
9 -4.75110800 -0.69449800 0.83058000 -0.09752500 -0.07215500 0.36368700
10 -1.68806800 0.00004700 -0.00003100 0.01721300 -0.01778100 0.66972400
11 -1.33614000 0.00005500 -0.00001000 0.02612800 -0.00326300 0.67798300
12 -4.82049400 -0.50946400 -0.22475900 -0.30541200 -0.05688900 1.32645300
13 -1.82698400 -0.00006900 0.00000800 0.00812100 0.03962700 1.47482300
14 -1.43656900 0.00000400 0.00000300 -0.04326900 -0.06465400 0.49796600
15 -3.99235700 -0.89119100 -1.82790900 -0.50659500 0.21040700 1.39085000
16 -1.40591800 -0.00002500 -0.00000200 -0.01377600 -0.02606000 1.36159100
17 -1.17535800 0.00012600 -0.00001900 0.03573700 0.05772100 0.45866000
18 -4.52675100 -0.69058000 -1.12074100 -0.34755600 0.15083300 1.45582700
19 -1.74403800 0.00003200 -0.00000800 -0.02723700 -0.01149200 1.58318100
20 -1.36877100 0.00002300 0.00000200 0.01247300 0.05098700 0.13591400
21 -1.87479600 -0.93512500 0.99917500 2.10041000 0.44182000 0.86547100
22 -1.52344700 0.00003100 0.00003100 0.08946800 0.14926500 0.64392300
23 -1.59928500 0.00001100 0.00001500 0.03405500 -0.02608500 0.63444600
24 5.58312700 0.11572500 0.29499809 2.70854600 -0.05525400 3.09741800
25 0.19684600 -0.00000200 0.00000300 2.79340684 -0.00094123 -3.14132714
26 -0.48187272 -9.57959314 -1.24982145 1.97586200 1.15991000 1.84280300
27 6.21448600 0.00000800 0.00001900 -0.87851252 0.79665713 -1.87422878
28 11.94488800 -0.00003100 -0.00020000 -0.00973695 -0.36512784 -1.59705368
29 10.62016500 0.00000200 0.00000600 -1.04342162 -0.84265066 -0.23483157
30 4.75115800 0.69437400 -0.83047400 -0.33659400 -0.22394700 1.27220000
31 1.68806500 -0.00002200 0.00000200 -0.00123400 -0.02467300 1.48766100
32 1.33615100 -0.00005100 -0.00000900 0.01621300 -0.03516800 -0.06228900
33 4.82051500 0.50933800 0.22486600 -0.37685200 -0.01490600 1.55226800
34 1.82699200 0.00006600 0.00001000 -0.00051300 0.04045200 1.26079000
35 1.43658100 -0.00000600 0.00001000 0.01098600 -0.01043400 0.02903600
36 3.99235300 0.89108700 1.82799300 -0.58773500 -0.00855600 1.20568000
37 1.40592600 0.00003100 -0.00000300 -0.01283800 -0.02655700 1.32518700
38 1.17536200 -0.00013200 0.00000100 0.05517300 0.11025000 0.42008900
39 4.52675800 0.69046400 1.12084300 -0.49029100 0.04882300 1.52995500
40 1.74404100 -0.00003100 -0.00000200 -0.02474200 -0.01616300 1.40363300
41 1.36876700 -0.00003100 -0.00001800 -0.32324300 0.09380000 -0.20753100
42 1.93928191 1.01468891 -0.90910291 2.07330300 0.40321500 1.15292400
43 1.52345300 -0.00003200 -0.00000200 0.01413000 -0.08869500 0.51776000
44 1.59928100 -0.00000400 0.00001000 0.08163300 -0.01737100 1.03514200
45 5.51180600 -0.00000200 0.00000300 -0.27198700 0.00000000 0.00000000
46 0.19684900 0.00000300 -0.00000100 -0.34822500 0.00001500 -0.00000200
47 0.00000000 1.00000000 0.00000000 0.00000000 0.00000000 -1.57079600
48 -3.84604500 6.58686700 -4.01251600 0.00000000 0.00000000 -3.14156200
49 -7.12935959 20.51636940 -1.53616678 0.37104109 0.21587651 -0.46629891
50 7.38614938 0.11542955 -3.65939982 0.60677400 1.10882600 1.87296100
51 1.32804700 -0.01178200 0.11704500 0.00000000 0.00000000 0.00000000
52 -1.98416800 -0.01178200 0.82896700 0.00000000 0.00000000 0.00000000
53 0.09614000 0.00000000 0.43283900 0.00000000 0.13264500 0.00000000
54 1.61035391 1.20213509 1.18377500 0.00000000 0.09424800 0.00000000
55 -3.31358200 -0.81149100 0.41883600 0.00000000 0.00000000 0.00000000
56 -0.77083300 -1.06967300 1.39120900 0.00000000 0.08377600 0.00000000
57 0.13109200 -2.70192000 -4.24361100 2.90765600 -0.06655600 -1.98217000
time 1
0 -0.00000100 8.45008800 -27.50902600 0.00000000 0.00000000 0.00003100
1 -0.00000200 0.00000000 0.00000000 1.57074700 -1.56714200 -1.57074700
2 4.25546600 -0.33518300 -0.00000200 0.00000000 0.00000000 -0.12484800
3 7.43125000 1.49647900 0.00000200 0.00000000 0.00000000 0.24545000
4 5.27847900 0.16554400 0.00000100 0.00000000 0.00000000 0.04851100
5 -1.18125772 -12.69647015 5.81522249 1.97586500 1.15990900 -1.29878600
6 -6.21447800 -0.00000900 -0.00002600 -2.92867544 -0.68277360 1.25101928
7 11.94488500 0.00000000 0.00000000 -0.30772683 -0.31860411 1.82097884
8 10.62018800 0.00000000 0.00000000 1.02236977 0.15591855 2.72343768
9 -4.75110800 -0.69449800 0.83058000 -0.09752500 -0.07215500 0.36368700
10 -1.68806800 0.00004700 -0.00003100 0.01721300 -0.01778100 0.66972400
11 -1.33614000 0.00005500 -0.00001000 0.02612800 -0.00326300 0.67798300
12 -4.82049400 -0.50946400 -0.22475900 -0.30541200 -0.05688900 1.32645300
13 -1.82698400 -0.00006900 0.00000800 0.00812100 0.03962700 1.47482300
14 -1.43656900 0.00000400 0.00000300 -0.04326900 -0.06465400 0.49796600
15 -3.99235700 -0.89119100 -1.82790900 -0.50659500 0.21040700 1.39085000
16 -1.40591800 -0.00002500 -0.00000200 -0.01377600 -0.02606000 1.36159100
17 -1.17535800 0.00012600 -0.00001900 0.03573700 0.05772100 0.45866000
18 -4.52675100 -0.69058000 -1.12074100 -0.34755600 0.15083300 1.45582700
19 -1.74403800 0.00003200 -0.00000800 -0.02723700 -0.01149200 1.58318100
20 -1.36877100 0.00002300 0.00000200 0.01247300 0.05098700 0.13591400
21 -1.87479600 -0.93512500 0.99917500 2.10041000 0.44182000 0.86547100
22 -1.52344700 0.00003100 0.00003100 0.08946800 0.14926500 0.64392300
23 -1.59928500 0.00001100 0.00001500 0.03405500 -0.02608500 0.63444600
24 5.58312700 0.11572500 0.29499809 2.70854600 -0.05525400 3.09741800
25 0.19684600 -0.00000200 0.00000300 2.79340684 -0.00094123 -3.14132714
26 -0.48187272 -9.57959314 -1.24982145 1.97586200 1.15991000 1.84280300
27 6.21448600 0.00000800 0.00001900 -0.88095993 0.79747120 -1.87353237
28 11.94488800 -0.00003100 -0.00020000 -0.00836516 -0.36299320 -1.60118046
29 10.62016500 0.00000200 0.00000600 -1.04199757 -0.84166869 -0.22711493
30 4.75115800 0.69437400 -0.83047400 -0.33659400 -0.22394700 1.27220000
31 1.68806500 -0.00002200 0.00000200 -0.00123400 -0.02467300 1.48766100
32 1.33615100 -0.00005100 -0.00000900 0.01621300 -0.03516800 -0.06228900
33 4.82051500 0.50933800 0.22486600 -0.37685200 -0.01490600 1.55226800
34 1.82699200 0.00006600 0.00001000 -0.00051300 0.04045200 1.26079000
35 1.43658100 -0.00000600 0.00001000 0.01098600 -0.01043400 0.02903600
36 3.99235300 0.89108700 1.82799300 -0.58773500 -0.00855600 1.20568000
37 1.40592600 0.00003100 -0.00000300 -0.01283800 -0.02655700 1.32518700
38 1.17536200 -0.00013200 0.00000100 0.05517300 0.11025000 0.42008900
39 4.52675800 0.69046400 1.12084300 -0.49029100 0.04882300 1.52995500
40 1.74404100 -0.00003100 -0.00000200 -0.02474200 -0.01616300 1.40363300
41 1.36876700 -0.00003100 -0.00001800 -0.32324300 0.09380000 -0.20753100
42 1.93928191 1.01468891 -0.90910291 2.07330300 0.40321500 1.15292400
43 1.52345300 -0.00003200 -0.00000200 0.01413000 -0.08869500 0.51776000
44 1.59928100 -0.00000400 0.00001000 0.08163300 -0.01737100 1.03514200
45 5.51180600 -0.00000200 0.00000300 -0.27198700 0.00000000 0.00000000
46 0.19684900 0.00000300 -0.00000100 -0.34822500 0.00001500 -0.00000200
47 0.00000000 1.00000000 0.00000000 0.00000000 0.00000000 -1.57079600
48 -3.84604500 6.58686700 -4.01251600 0.00000000 0.00000000 -3.14156200
49 -7.13718177 20.51637853 -1.52864479 0.36511172 0.21506732 -0.46604541
50 7.38614938 0.11542955 -3.65939982 0.60677400 1.10882600 1.87296100
51 1.32804700 -0.01178200 0.11704500 0.00000000 0.00000000 0.00000000
52 -1.98416800 -0.01178200 0.82896700 0.00000000 0.00000000 0.00000000
53 0.09614000 0.00000000 0.43283900 0.00000000 0.13264500 0.00000000
54 1.61035391 1.20213509 1.18377500 0.00000000 0.09424800 0.00000000
55 -3.31358200 -0.81149100 0.41883600 0.00000000 0.00000000 0.00000000
56 -0.77083300 -1.06967300 1.39120900 0.00000000 0.08377600 0.00000000
57 0.13109200 -2.70192000 -4.24361100 2.90765600 -0.06655600 -1.98217000
time 2
0 -0.00000100 8.45008800 -27.50902600 0.00000000 0.00000000 0.00003100
1 -0.00000200 0.00000000 0.00000000 1.57074700 -1.56714200 -1.57074700
2 4.25546600 -0.33518300 -0.00000200 0.00000000 0.00000000 -0.12484800
3 7.43125000 1.49647900 0.00000200 0.00000000 0.00000000 0.24545000
4 5.27847900 0.16554400 0.00000100 0.00000000 0.00000000 0.04851100
5 -1.18125772 -12.69647015 5.81522249 1.97586500 1.15990900 -1.29878600
6 -6.21447800 -0.00000900 -0.00002600 -2.92923950 -0.68249490 1.25000477
7 11.94488500 0.00000000 0.00000000 -0.30790761 -0.31829188 1.82168678
8 10.62018800 0.00000000 0.00000000 1.01678432 0.15618695 2.71827860
9 -4.75110800 -0.69449800 0.83058000 -0.09752500 -0.07215500 0.36368700
10 -1.68806800 0.00004700 -0.00003100 0.01721300 -0.01778100 0.66972400
11 -1.33614000 0.00005500 -0.00001000 0.02612800 -0.00326300 0.67798300
12 -4.82049400 -0.50946400 -0.22475900 -0.30541200 -0.05688900 1.32645300
13 -1.82698400 -0.00006900 0.00000800 0.00812100 0.03962700 1.47482300
14 -1.43656900 0.00000400 0.00000300 -0.04326900 -0.06465400 0.49796600
15 -3.99235700 -0.89119100 -1.82790900 -0.50659500 0.21040700 1.39085000
16 -1.40591800 -0.00002500 -0.00000200 -0.01377600 -0.02606000 1.36159100
17 -1.17535800 0.00012600 -0.00001900 0.03573700 0.05772100 0.45866000
18 -4.52675100 -0.69058000 -1.12074100 -0.34755600 0.15083300 1.45582700
19 -1.74403800 0.00003200 -0.00000800 -0.02723700 -0.01149200 1.58318100
20 -1.36877100 0.00002300 0.00000200 0.01247300 0.05098700 0.13591400
21 -1.87479600 -0.93512500 0.99917500 2.10041000 0.44182000 0.86547100
22 -1.52344700 0.00003100 0.00003100 0.08946800 0.14926500 0.64392300
23 -1.59928500 0.00001100 0.00001500 0.03405500 -0.02608500 0.63444600
24 5.58312700 0.11572500 0.29499809 2.70854600 -0.05525400 3.09741800
25 0.19684600 -0.00000200 0.00000300 2.79340684 -0.00094123 -3.14132714
26 -0.48187272 -9.57959314 -1.24982145 1.97586200 1.15991000 1.84280300
27 6.21448600 0.00000800 0.00001900 -0.88293028 0.79849263 -1.87238992
28 11.94488800 -0.00003100 -0.00020000 -0.00694125 -0.36088241 -1.60535815
29 10.62016500 0.00000200 0.00000600 -1.04084217 -0.84105837 -0.21923536
30 4.75115800 0.69437400 -0.83047400 -0.33659400 -0.22394700 1.27220000
31 1.68806500 -0.00002200 0.00000200 -0.00123400 -0.02467300 1.48766100
32 1.33615100 -0.00005100 -0.00000900 0.01621300 -0.03516800 -0.06228900
33 4.82051500 0.50933800 0.22486600 -0.37685200 -0.01490600 1.55226800
34 1.82699200 0.00006600 0.00001000 -0.00051300 0.04045200 1.26079000
35 1.43658100 -0.00000600 0.00001000 0.01098600 -0.01043400 0.02903600
36 3.99235300 0.89108700 1.82799300 -0.58773500 -0.00855600 1.20568000
37 1.40592600 0.00003100 -0.00000300 -0.01283800 -0.02655700 1.32518700
38 1.17536200 -0.00013200 0.00000100 0.05517300 0.11025000 0.42008900
39 4.52675800 0.69046400 1.12084300 -0.49029100 0.04882300 1.52995500
40 1.74404100 -0.00003100 -0.00000200 -0.02474200 -0.01616300 1.40363300
41 1.36876700 -0.00003100 -0.00001800 -0.32324300 0.09380000 -0.20753100
42 1.93928191 1.01468891 -0.90910291 2.07330300 0.40321500 1.15292400
43 1.52345300 -0.00003200 -0.00000200 0.01413000 -0.08869500 0.51776000
44 1.59928100 -0.00000400 0.00001000 0.08163300 -0.01737100 1.03514200
45 5.51180600 -0.00000200 0.00000300 -0.27198700 0.00000000 0.00000000
46 0.19684900 0.00000300 -0.00000100 -0.34822500 0.00001500 -0.00000200
47 0.00000000 1.00000000 0.00000000 0.00000000 0.00000000 -1.57079600
48 -3.84604500 6.58686700 -4.01251600 0.00000000 0.00000000 -3.14156200
49 -7.14577165 20.51640539 -1.52492690 0.35909197 0.21389616 -0.46585175
50 7.38614938 0.11542955 -3.65939982 0.60677400 1.10882600 1.87296100
51 1.32804700 -0.01178200 0.11704500 0.00000000 0.00000000 0.00000000
52 -1.98416800 -0.01178200 0.82896700 0.00000000 0.00000000 0.00000000
53 0.09614000 0.00000000 0.43283900 0.00000000 0.13264500 0.00000000
54 1.61035391 1.20213509 1.18377500 0.00000000 0.09424800 0.00000000
55 -3.31358200 -0.81149100 0.41883600 0.00000000 0.00000000 0.00000000
56 -0.77083300 -1.06967300 1.39120900 0.00000000 0.08377600 0.00000000
57 0.13109200 -2.70192000 -4.24361100 2.90765600 -0.06655600 -1.98217000
time 3
0 -0.00000100 8.45008800 -27.50902600 0.00000000 0.00000000 0.00003100
1 -0.00000200 0.00000000 0.00000000 1.57074700 -1.56714200 -1.57074700
2 4.25546600 -0.33518300 -0.00000200 0.00000000 0.00000000 -0.12484800
3 7.43125000 1.49647900 0.00000200 0.00000000 0.00000000 0.24545000
4 5.27847900 0.16554400 0.00000100 0.00000000 0.00000000 0.04851100
5 -1.18125772 -12.69647015 5.81522249 1.97586500 1.15990900 -1.29878600
6 -6.21447800 -0.00000900 -0.00002600 -2.92921866 -0.68199336 1.24849875
7 11.94488500 0.00000000 0.00000000 -0.30805759 -0.31813443 1.82211738
8 10.62018800 0.00000000 0.00000000 1.01230053 0.15590693 2.71362512
9 -4.75110800 -0.69449800 0.83058000 -0.09752500 -0.07215500 0.36368700
10 -1.68806800 0.00004700 -0.00003100 0.01721300 -0.01778100 0.66972400
11 -1.33614000 0.00005500 -0.00001000 0.02612800 -0.00326300 0.67798300
12 -4.82049400 -0.50946400 -0.22475900 -0.30541200 -0.05688900 1.32645300
13 -1.82698400 -0.00006900 0.00000800 0.00812100 0.03962700 1.47482300
14 -1.43656900 0.00000400 0.00000300 -0.04326900 -0.06465400 0.49796600
15 -3.99235700 -0.89119100 -1.82790900 -0.50659500 0.21040700 1.39085000
16 -1.40591800 -0.00002500 -0.00000200 -0.01377600 -0.02606000 1.36159100
17 -1.17535800 0.00012600 -0.00001900 0.03573700 0.05772100 0.45866000
18 -4.52675100 -0.69058000 -1.12074100 -0.34755600 0.15083300 1.45582700
19 -1.74403800 0.00003200 -0.00000800 -0.02723700 -0.01149200 1.58318100
20 -1.36877100 0.00002300 0.00000200 0.01247300 0.05098700 0.13591400
21 -1.87479600 -0.93512500 0.99917500 2.10041000 0.44182000 0.86547100
22 -1.52344700 0.00003100 0.00003100 0.08946800 0.14926500 0.64392300
23 -1.59928500 0.00001100 0.00001500 0.03405500 -0.02608500 0.63444600
24 5.58312700 0.11572500 0.29499809 2.70854600 -0.05525400 3.09741800
25 0.19684600 -0.00000200 0.00000300 2.79340684 -0.00094123 -3.14132714
26 -0.48187272 -9.57959314 -1.24982145 1.97586200 1.15991000 1.84280300
27 6.21448600 0.00000800 0.00001900 -0.88489173 0.79934795 -1.87132209
28 11.94488800 -0.00003100 -0.00020000 -0.00575215 -0.35892064 -1.60891118
29 10.62016500 0.00000200 0.00000600 -1.04049365 -0.84072666 -0.21202772
30 4.75115800 0.69437400 -0.83047400 -0.33659400 -0.22394700 1.27220000
31 1.68806500 -0.00002200 0.00000200 -0.00123400 -0.02467300 1.48766100
32 1.33615100 -0.00005100 -0.00000900 0.01621300 -0.03516800 -0.06228900
33 4.82051500 0.50933800 0.22486600 -0.37685200 -0.01490600 1.55226800
34 1.82699200 0.00006600 0.00001000 -0.00051300 0.04045200 1.26079000
35 1.43658100 -0.00000600 0.00001000 0.01098600 -0.01043400 0.02903600
36 3.99235300 0.89108700 1.82799300 -0.58773500 -0.00855600 1.20568000
37 1.40592600 0.00003100 -0.00000300 -0.01283800 -0.02655700 1.32518700
38 1.17536200 -0.00013200 0.00000100 0.05517300 0.11025000 0.42008900
39 4.52675800 0.69046400 1.12084300 -0.49029100 0.04882300 1.52995500
40 1.74404100 -0.00003100 -0.00000200 -0.02474200 -0.01616300 1.40363300
41 1.36876700 -0.00003100 -0.00001800 -0.32324300 0.09380000 -0.20753100
42 1.93928191 1.01468891 -0.90910291 2.07330300 0.40321500 1.15292400
43 1.52345300 -0.00003200 -0.00000200 0.01413000 -0.08869500 0.51776000
44 1.59928100 -0.00000400 0.00001000 0.08163300 -0.01737100 1.03514200
45 5.51180600 -0.00000200 0.00000300 -0.27198700 0.00000000 0.00000000
46 0.19684900 0.00000300 -0.00000100 -0.34822500 0.00001500 -0.00000200
47 0.00000000 1.00000000 0.00000000 0.00000000 0.00000000 -1.57079600
48 -3.84604500 6.58686700 -4.01251600 0.00000000 0.00000000 -3.14156200
49 -7.15905051 20.51644870 -1.51963397 0.35422199 0.21257619 -0.46561203
50 7.38614938 0.11542955 -3.65939982 0.60677400 1.10882600 1.87296100
51 1.32804700 -0.01178200 0.11704500 0.00000000 0.00000000 0.00000000
52 -1.98416800 -0.01178200 0.82896700 0.00000000 0.00000000 0.00000000
53 0.09614000 0.00000000 0.43283900 0.00000000 0.13264500 0.00000000
54 1.61035391 1.20213509 1.18377500 0.00000000 0.09424800 0.00000000
55 -3.31358200 -0.81149100 0.41883600 0.00000000 0.00000000 0.00000000
56 -0.77083300 -1.06967300 1.39120900 0.00000000 0.08377600 0.00000000
57 0.13109200 -2.70192000 -4.24361100 2.90765600 -0.06655600 -1.98217000
time 4
0 -0.00000100 8.45008800 -27.50902600 0.00000000 0.00000000 0.00003100
1 -0.00000200 0.00000000 0.00000000 1.57074700 -1.56714200 -1.57074700
2 4.25546600 -0.33518300 -0.00000200 0.00000000 0.00000000 -0.12484800
3 7.43125000 1.49647900 0.00000200 0.00000000 0.00000000 0.24545000
4 5.27847900 0.16554400 0.00000100 0.00000000 0.00000000 0.04851100
5 -1.18125772 -12.69647015 5.81522249 1.97586500 1.15990900 -1.29878600
6 -6.21447800 -0.00000900 -0.00002600 -2.92773700 -0.68081547 1.24534442
7 11.94488500 0.00000000 0.00000000 -0.30764891 -0.31864821 1.82071269
8 10.62018800 0.00000000 0.00000000 1.01120247 0.15453205 2.71111886
9 -4.75110800 -0.69449800 0.83058000 -0.09752500 -0.07215500 0.36368700
10 -1.68806800 0.00004700 -0.00003100 0.01721300 -0.01778100 0.66972400
11 -1.33614000 0.00005500 -0.00001000 0.02612800 -0.00326300 0.67798300
12 -4.82049400 -0.50946400 -0.22475900 -0.30541200 -0.05688900 1.32645300
13 -1.82698400 -0.00006900 0.00000800 0.00812100 0.03962700 1.47482300
14 -1.43656900 0.00000400 0.00000300 -0.04326900 -0.06465400 0.49796600
15 -3.99235700 -0.89119100 -1.82790900 -0.50659500 0.21040700 1.39085000
16 -1.40591800 -0.00002500 -0.00000200 -0.01377600 -0.02606000 1.36159100
17 -1.17535800 0.00012600 -0.00001900 0.03573700 0.05772100 0.45866000
18 -4.52675100 -0.69058000 -1.12074100 -0.34755600 0.15083300 1.45582700
19 -1.74403800 0.00003200 -0.00000800 -0.02723700 -0.01149200 1.58318100
20 -1.36877100 0.00002300 0.00000200 0.01247300 0.05098700 0.13591400
21 -1.87479600 -0.93512500 0.99917500 2.10041000 0.44182000 0.86547100
22 -1.52344700 0.00003100 0.00003100 0.08946800 0.14926500 0.64392300
23 -1.59928500 0.00001100 0.00001500 0.03405500 -0.02608500 0.63444600
24 5.58312700 0.11572500 0.29499809 2.70854600 -0.05525400 3.09741800
25 0.19684600 -0.00000200 0.00000300 2.79340684 -0.00094123 -3.14132714
26 -0.48187272 -9.57959314 -1.24982145 1.97586200 1.15991000 1.84280300
27 6.21448600 0.00000800 0.00001900 -0.88743003 0.79889570 -1.87074516
28 11.94488800 -0.00003100 -0.00020000 -0.00516935 -0.35779369 -1.61079738
29 10.62016500 0.00000200 0.00000600 -1.04146212 -0.84024829 -0.20739370
30 4.75115800 0.69437400 -0.83047400 -0.33659400 -0.22394700 1.27220000
31 1.68806500 -0.00002200 0.00000200 -0.00123400 -0.02467300 1.48766100
32 1.33615100 -0.00005100 -0.00000900 0.01621300 -0.03516800 -0.06228900
33 4.82051500 0.50933800 0.22486600 -0.37685200 -0.01490600 1.55226800
34 1.82699200 0.00006600 0.00001000 -0.00051300 0.04045200 1.26079000
35 1.43658100 -0.00000600 0.00001000 0.01098600 -0.01043400 0.02903600
36 3.99235300 0.89108700 1.82799300 -0.58773500 -0.00855600 1.20568000
37 1.40592600 0.00003100 -0.00000300 -0.01283800 -0.02655700 1.32518700
38 1.17536200 -0.00013200 0.00000100 0.05517300 0.11025000 0.42008900
39 4.52675800 0.69046400 1.12084300 -0.49029100 0.04882300 1.52995500
40 1.74404100 -0.00003100 -0.00000200 -0.02474200 -0.01616300 1.40363300
41 1.36876700 -0.00003100 -0.00001800 -0.32324300 0.09380000 -0.20753100
42 1.93928191 1.01468891 -0.90910291 2.07330300 0.40321500 1.15292400
43 1.52345300 -0.00003200 -0.00000200 0.01413000 -0.08869500 0.51776000
44 1.59928100 -0.00000400 0.00001000 0.08163300 -0.01737100 1.03514200
45 5.51180600 -0.00000200 0.00000300 -0.27198700 0.00000000 0.00000000
46 0.19684900 0.00000300 -0.00000100 -0.34822500 0.00001500 -0.00000200
47 0.00000000 1.00000000 0.00000000 0.00000000 0.00000000 -1.57079600
48 -3.84604500 6.58686700 -4.01251600 0.00000000 0.00000000 -3.14156200
49 -7.18676478 20.51650703 -1.50281092 0.35258226 0.21128782 -0.46514055
50 7.38614938 0.11542955 -3.65939982 0.60677400 1.10882600 1.87296100
51 1.32804700 -0.01178200 0.11704500 0.00000000 0.00000000 0.00000000
52 -1.98416800 -0.01178200 0.82896700 0.00000000 0.00000000 0.00000000
53 0.09614000 0.00000000 0.43283900 0.00000000 0.13264500 0.00000000
54 1.61035391 1.20213509 1.18377500 0.00000000 0.09424800 0.00000000
55 -3.31358200 -0.81149100 0.41883600 0.00000000 0.00000000 0.00000000
56 -0.77083300 -1.06967300 1.39120900 0.00000000 0.08377600 0.00000000
57 0.13109200 -2.70192000 -4.24361100 2.90765600 -0.06655600 -1.98217000
time 5
0 -0.00000100 8.45008800 -27.50902600 0.00000000 0.00000000 0.00003100
1 -0.00000200 0.00000000 0.00000000 1.57074700 -1.56714200 -1.57074700
2 4.25546600 -0.33518300 -0.00000200 0.00000000 0.00000000 -0.12484800
3 7.43125000 1.49647900 0.00000200 0.00000000 0.00000000 0.24545000
4 5.27847900 0.16554400 0.00000100 0.00000000 0.00000000 0.04851100
5 -1.18125772 -12.69647015 5.81522249 1.97586500 1.15990900 -1.29878600
6 -6.21447800 -0.00000900 -0.00002600 -2.92628473 -0.67959106 1.24203126
7 11.94488500 0.00000000 0.00000000 -0.30721176 -0.31917255 1.81933712
8 10.62018800 0.00000000 0.00000000 1.01005558 0.15297512 2.70844997
9 -4.75110800 -0.69449800 0.83058000 -0.09752500 -0.07215500 0.36368700
10 -1.68806800 0.00004700 -0.00003100 0.01721300 -0.01778100 0.66972400
11 -1.33614000 0.00005500 -0.00001000 0.02612800 -0.00326300 0.67798300
12 -4.82049400 -0.50946400 -0.22475900 -0.30541200 -0.05688900 1.32645300
13 -1.82698400 -0.00006900 0.00000800 0.00812100 0.03962700 1.47482300
14 -1.43656900 0.00000400 0.00000300 -0.04326900 -0.06465400 0.49796600
15 -3.99235700 -0.89119100 -1.82790900 -0.50659500 0.21040700 1.39085000
16 -1.40591800 -0.00002500 -0.00000200 -0.01377600 -0.02606000 1.36159100
17 -1.17535800 0.00012600 -0.00001900 0.03573700 0.05772100 0.45866000
18 -4.52675100 -0.69058000 -1.12074100 -0.34755600 0.15083300 1.45582700
19 -1.74403800 0.00003200 -0.00000800 -0.02723700 -0.01149200 1.58318100
20 -1.36877100 0.00002300 0.00000200 0.01247300 0.05098700 0.13591400
21 -1.87479600 -0.93512500 0.99917500 2.10041000 0.44182000 0.86547100
22 -1.52344700 0.00003100 0.00003100 0.08946800 0.14926500 0.64392300
23 -1.59928500 0.00001100 0.00001500 0.03405500 -0.02608500 0.63444600
24 5.58312700 0.11572500 0.29499809 2.70854600 -0.05525400 3.09741800
25 0.19684600 -0.00000200 0.00000300 2.79340684 -0.00094123 -3.14132714
26 -0.48187272 -9.57959314 -1.24982145 1.97586200 1.15991000 1.84280300
27 6.21448600 0.00000800 0.00001900 -0.88975338 0.79867461 -1.86993650
28 11.94488800 -0.00003100 -0.00020000 -0.00450734 -0.35655371 -1.61280380
29 10.62016500 0.00000200 0.00000600 -1.04265628 -0.83996179 -0.20252701
30 4.75115800 0.69437400 -0.83047400 -0.33659400 -0.22394700 1.27220000
31 1.68806500 -0.00002200 0.00000200 -0.00123400 -0.02467300 1.48766100
32 1.33615100 -0.00005100 -0.00000900 0.01621300 -0.03516800 -0.06228900
33 4.82051500 0.50933800 0.22486600 -0.37685200 -0.01490600 1.55226800
34 1.82699200 0.00006600 0.00001000 -0.00051300 0.04045200 1.26079000
35 1.43658100 -0.00000600 0.00001000 0.01098600 -0.01043400 0.02903600
36 3.99235300 0.89108700 1.82799300 -0.58773500 -0.00855600 1.20568000
37 1.40592600 0.00003100 -0.00000300 -0.01283800 -0.02655700 1.32518700
38 1.17536200 -0.00013200 0.00000100 0.05517300 0.11025000 0.42008900
39 4.52675800 0.69046400 1.12084300 -0.49029100 0.04882300 1.52995500
40 1.74404100 -0.00003100 -0.00000200 -0.02474200 -0.01616300 1.40363300
41 1.36876700 -0.00003100 -0.00001800 -0.32324300 0.09380000 -0.20753100
42 1.93928191 1.01468891 -0.90910291 2.07330300 0.40321500 1.15292400
43 1.52345300 -0.00003200 -0.00000200 0.01413000 -0.08869500 0.51776000
44 1.59928100 -0.00000400 0.00001000 0.08163300 -0.01737100 1.03514200
45 5.51180600 -0.00000200 0.00000300 -0.27198700 0.00000000 0.00000000
46 0.19684900 0.00000300 -0.00000100 -0.34822500 0.00001500 -0.00000200
47 0.00000000 1.00000000 0.00000000 0.00000000 0.00000000 -1.57079600
48 -3.84604500 6.58686700 -4.01251600 0.00000000 0.00000000 -3.14156200
49 -7.21671054 20.51657928 -1.48841004 0.35095655 0.20972333 -0.46453804
50 7.38614938 0.11542955 -3.65939982 0.60677400 1.10882600 1.87296100
51 1.32804700 -0.01178200 0.11704500 0.00000000 0.00000000 0.00000000
52 -1.98416800 -0.01178200 0.82896700 0.00000000 0.00000000 0.00000000
53 0.09614000 0.00000000 0.43283900 0.00000000 0.13264500 0.00000000
54 1.61035391 1.20213509 1.18377500 0.00000000 0.09424800 0.00000000
55 -3.31358200 -0.81149100 0.41883600 0.00000000 0.00000000 0.00000000
56 -0.77083300 -1.06967300 1.39120900 0.00000000 0.08377600 0.00000000
57 0.13109200 -2.70192000 -4.24361100 2.90765600 -0.06655600 -1.98217000
time 6
0 -0.00000100 8.45008800 -27.50902600 0.00000000 0.00000000 0.00003100
1 -0.00000200 0.00000000 0.00000000 1.57074700 -1.56714200 -1.57074700
2 4.25546600 -0.33518300 -0.00000200 0.00000000 0.00000000 -0.12484800
3 7.43125000 1.49647900 0.00000200 0.00000000 0.00000000 0.24545000
4 5.27847900 0.16554400 0.00000100 0.00000000 0.00000000 0.04851100
5 -1.18125772 -12.69647015 5.81522249 1.97586500 1.15990900 -1.29878600
6 -6.21447800 -0.00000900 -0.00002600 -2.92481172 -0.67830388 1.23900150
7 11.94488500 0.00000000 0.00000000 -0.30640032 -0.31975131 1.81671693
8 10.62018800 0.00000000 0.00000000 1.01151392 0.15184140 2.70920135
9 -4.75110800 -0.69449800 0.83058000 -0.09752500 -0.07215500 0.36368700
10 -1.68806800 0.00004700 -0.00003100 0.01721300 -0.01778100 0.66972400
11 -1.33614000 0.00005500 -0.00001000 0.02612800 -0.00326300 0.67798300
12 -4.82049400 -0.50946400 -0.22475900 -0.30541200 -0.05688900 1.32645300
13 -1.82698400 -0.00006900 0.00000800 0.00812100 0.03962700 1.47482300
14 -1.43656900 0.00000400 0.00000300 -0.04326900 -0.06465400 0.49796600
15 -3.99235700 -0.89119100 -1.82790900 -0.50659500 0.21040700 1.39085000
16 -1.40591800 -0.00002500 -0.00000200 -0.01377600 -0.02606000 1.36159100
17 -1.17535800 0.00012600 -0.00001900 0.03573700 0.05772100 0.45866000
18 -4.52675100 -0.69058000 -1.12074100 -0.34755600 0.15083300 1.45582700
19 -1.74403800 0.00003200 -0.00000800 -0.02723700 -0.01149200 1.58318100
20 -1.36877100 0.00002300 0.00000200 0.01247300 0.05098700 0.13591400
21 -1.87479600 -0.93512500 0.99917500 2.10041000 0.44182000 0.86547100
22 -1.52344700 0.00003100 0.00003100 0.08946800 0.14926500 0.64392300
23 -1.59928500 0.00001100 0.00001500 0.03405500 -0.02608500 0.63444600
24 5.58312700 0.11572500 0.29499809 2.70854600 -0.05525400 3.09741800
25 0.19684600 -0.00000200 0.00000300 2.79340684 -0.00094123 -3.14132714
26 -0.48187272 -9.57959314 -1.24982145 1.97586200 1.15991000 1.84280300
27 6.21448600 0.00000800 0.00001900 -0.89109185 0.79821810 -1.86928203
28 11.94488800 -0.00003100 -0.00020000 -0.00451648 -0.35655360 -1.61266694
29 10.62016500 0.00000200 0.00000600 -1.04427317 -0.83971638 -0.20218857
30 4.75115800 0.69437400 -0.83047400 -0.33659400 -0.22394700 1.27220000
31 1.68806500 -0.00002200 0.00000200 -0.00123400 -0.02467300 1.48766100
32 1.33615100 -0.00005100 -0.00000900 0.01621300 -0.03516800 -0.06228900
33 4.82051500 0.50933800 0.22486600 -0.37685200 -0.01490600 1.55226800
34 1.82699200 0.00006600 0.00001000 -0.00051300 0.04045200 1.26079000
35 1.43658100 -0.00000600 0.00001000 0.01098600 -0.01043400 0.02903600
36 3.99235300 0.89108700 1.82799300 -0.58773500 -0.00855600 1.20568000
37 1.40592600 0.00003100 -0.00000300 -0.01283800 -0.02655700 1.32518700
38 1.17536200 -0.00013200 0.00000100 0.05517300 0.11025000 0.42008900
39 4.52675800 0.69046400 1.12084300 -0.49029100 0.04882300 1.52995500
40 1.74404100 -0.00003100 -0.00000200 -0.02474200 -0.01616300 1.40363300
41 1.36876700 -0.00003100 -0.00001800 -0.32324300 0.09380000 -0.20753100
42 1.93928191 1.01468891 -0.90910291 2.07330300 0.40321500 1.15292400
43 1.52345300 -0.00003200 -0.00000200 0.01413000 -0.08869500 0.51776000
44 1.59928100 -0.00000400 0.00001000 0.08163300 -0.01737100 1.03514200
45 5.51180600 -0.00000200 0.00000300 -0.27198700 0.00000000 0.00000000
46 0.19684900 0.00000300 -0.00000100 -0.34822500 0.00001500 -0.00000200
47 0.00000000 1.00000000 0.00000000 0.00000000 0.00000000 -1.57079600
48 -3.84604500 6.58686700 -4.01251600 0.00000000 0.00000000 -3.14156200
49 -7.24979663 20.51666410 -1.47885042 0.35259779 0.20887491 -0.46374037
50 7.38614938 0.11542955 -3.65939982 0.60677400 1.10882600 1.87296100
51 1.32804700 -0.01178200 0.11704500 0.00000000 0.00000000 0.00000000
52 -1.98416800 -0.01178200 0.82896700 0.00000000 0.00000000 0.00000000
53 0.09614000 0.00000000 0.43283900 0.00000000 0.13264500 0.00000000
54 1.61035391 1.20213509 1.18377500 0.00000000 0.09424800 0.00000000
55 -3.31358200 -0.81149100 0.41883600 0.00000000 0.00000000 0.00000000
56 -0.77083300 -1.06967300 1.39120900 0.00000000 0.08377600 0.00000000
57 0.13109200 -2.70192000 -4.24361100 2.90765600 -0.06655600 -1.98217000
time 7
0 -0.00000100 8.45008800 -27.50902600 0.00000000 0.00000000 0.00003100
1 -0.00000200 0.00000000 0.00000000 1.57074700 -1.56714200 -1.57074700
2 4.25546600 -0.33518300 -0.00000200 0.00000000 0.00000000 -0.12484800
3 7.43125000 1.49647900 0.00000200 0.00000000 0.00000000 0.24545000
4 5.27847900 0.16554400 0.00000100 0.00000000 0.00000000 0.04851100
5 -1.18125772 -12.69647015 5.81522249 1.97586500 1.15990900 -1.29878600
6 -6.21447800 -0.00000900 -0.00002600 -2.92360475 -0.67705486 1.23597636
7 11.94488500 0.00000000 0.00000000 -0.30523899 -0.32049138 1.81315551
8 10.62018800 0.00000000 0.00000000 1.01447521 0.15120785 2.71230145
9 -4.75110800 -0.69449800 0.83058000 -0.09752500 -0.07215500 0.36368700
10 -1.68806800 0.00004700 -0.00003100 0.01721300 -0.01778100 0.66972400
11 -1.33614000 0.00005500 -0.00001000 0.02612800 -0.00326300 0.67798300
12 -4.82049400 -0.50946400 -0.22475900 -0.30541200 -0.05688900 1.32645300
13 -1.82698400 -0.00006900 0.00000800 0.00812100 0.03962700 1.47482300
14 -1.43656900 0.00000400 0.00000300 -0.04326900 -0.06465400 0.49796600
15 -3.99235700 -0.89119100 -1.82790900 -0.50659500 0.21040700 1.39085000
16 -1.40591800 -0.00002500 -0.00000200 -0.01377600 -0.02606000 1.36159100
17 -1.17535800 0.00012600 -0.00001900 0.03573700 0.05772100 0.45866000
18 -4.52675100 -0.69058000 -1.12074100 -0.34755600 0.15083300 1.45582700
19 -1.74403800 0.00003200 -0.00000800 -0.02723700 -0.01149200 1.58318100
20 -1.36877100 0.00002300 0.00000200 0.01247300 0.05098700 0.13591400
21 -1.87479600 -0.93512500 0.99917500 2.10041000 0.44182000 0.86547100
22 -1.52344700 0.00003100 0.00003100 0.08946800 0.14926500 0.64392300
23 -1.59928500 0.00001100 0.00001500 0.03405500 -0.02608500 0.63444600
24 5.58312700 0.11572500 0.29499809 2.70854600 -0.05525400 3.09741800
25 0.19684600 -0.00000200 0.00000300 2.79340684 -0.00094123 -3.14132714
26 -0.48187272 -9.57959314 -1.24982145 1.97586200 1.15991000 1.84280300
27 6.21448600 0.00000800 0.00001900 -0.89184329 0.79755064 -1.86866671
28 11.94488800 -0.00003100 -0.00020000 -0.00497201 -0.35748134 -1.61145725
29 10.62016500 0.00000200 0.00000600 -1.04610712 -0.83922949 -0.20466507
30 4.75115800 0.69437400 -0.83047400 -0.33659400 -0.22394700 1.27220000
31 1.68806500 -0.00002200 0.00000200 -0.00123400 -0.02467300 1.48766100
32 1.33615100 -0.00005100 -0.00000900 0.01621300 -0.03516800 -0.06228900
33 4.82051500 0.50933800 0.22486600 -0.37685200 -0.01490600 1.55226800
34 1.82699200 0.00006600 0.00001000 -0.00051300 0.04045200 1.26079000
35 1.43658100 -0.00000600 0.00001000 0.01098600 -0.01043400 0.02903600
36 3.99235300 0.89108700 1.82799300 -0.58773500 -0.00855600 1.20568000
37 1.40592600 0.00003100 -0.00000300 -0.01283800 -0.02655700 1.32518700
38 1.17536200 -0.00013200 0.00000100 0.05517300 0.11025000 0.42008900
39 4.52675800 0.69046400 1.12084300 -0.49029100 0.04882300 1.52995500
40 1.74404100 -0.00003100 -0.00000200 -0.02474200 -0.01616300 1.40363300
41 1.36876700 -0.00003100 -0.00001800 -0.32324300 0.09380000 -0.20753100
42 1.93928191 1.01468891 -0.90910291 2.07330300 0.40321500 1.15292400
43 1.52345300 -0.00003200 -0.00000200 0.01413000 -0.08869500 0.51776000
44 1.59928100 -0.00000400 0.00001000 0.08163300 -0.01737100 1.03514200
45 5.51180600 -0.00000200 0.00000300 -0.27198700 0.00000000 0.00000000
46 0.19684900 0.00000300 -0.00000100 -0.34822500 0.00001500 -0.00000200
47 0.00000000 1.00000000 0.00000000 0.00000000 0.00000000 -1.57079600
48 -3.84604500 6.58686700 -4.01251600 0.00000000 0.00000000 -3.14156200
49 -7.28677745 20.51676022 -1.47331725 0.35610220 0.20856358 -0.46254131
50 7.38614938 0.11542955 -3.65939982 0.60677400 1.10882600 1.87296100
51 1.32804700 -0.01178200 0.11704500 0.00000000 0.00000000 0.00000000
52 -1.98416800 -0.01178200 0.82896700 0.00000000 0.00000000 0.00000000
53 0.09614000 0.00000000 0.43283900 0.00000000 0.13264500 0.00000000
54 1.61035391 1.20213509 1.18377500 0.00000000 0.09424800 0.00000000
55 -3.31358200 -0.81149100 0.41883600 0.00000000 0.00000000 0.00000000
56 -0.77083300 -1.06967300 1.39120900 0.00000000 0.08377600 0.00000000
57 0.13109200 -2.70192000 -4.24361100 2.90765600 -0.06655600 -1.98217000
time 8
0 -0.00000100 8.45008800 -27.50902600 0.00000000 0.00000000 0.00003100
1 -0.00000200 0.00000000 0.00000000 1.57074700 -1.56714200 -1.57074700
2 4.25546600 -0.33518300 -0.00000200 0.00000000 0.00000000 -0.12484800
3 7.43125000 1.49647900 0.00000200 0.00000000 0.00000000 0.24545000
4 5.27847900 0.16554400 0.00000100 0.00000000 0.00000000 0.04851100
5 -1.18125772 -12.69647015 5.81522249 1.97586500 1.15990900 -1.29878600
6 -6.21447800 -0.00000900 -0.00002600 -2.92309112 -0.67589554 1.23284424
7 11.94488500 0.00000000 0.00000000 -0.30408624 -0.32155581 1.80954128
8 10.62018800 0.00000000 0.00000000 1.01596404 0.15108755 2.71447852
9 -4.75110800 -0.69449800 0.83058000 -0.09752500 -0.07215500 0.36368700
10 -1.68806800 0.00004700 -0.00003100 0.01721300 -0.01778100 0.66972400
11 -1.33614000 0.00005500 -0.00001000 0.02612800 -0.00326300 0.67798300
12 -4.82049400 -0.50946400 -0.22475900 -0.30541200 -0.05688900 1.32645300
13 -1.82698400 -0.00006900 0.00000800 0.00812100 0.03962700 1.47482300
14 -1.43656900 0.00000400 0.00000300 -0.04326900 -0.06465400 0.49796600
15 -3.99235700 -0.89119100 -1.82790900 -0.50659500 0.21040700 1.39085000
16 -1.40591800 -0.00002500 -0.00000200 -0.01377600 -0.02606000 1.36159100
17 -1.17535800 0.00012600 -0.00001900 0.03573700 0.05772100 0.45866000
18 -4.52675100 -0.69058000 -1.12074100 -0.34755600 0.15083300 1.45582700
19 -1.74403800 0.00003200 -0.00000800 -0.02723700 -0.01149200 1.58318100
20 -1.36877100 0.00002300 0.00000200 0.01247300 0.05098700 0.13591400
21 -1.87479600 -0.93512500 0.99917500 2.10041000 0.44182000 0.86547100
22 -1.52344700 0.00003100 0.00003100 0.08946800 0.14926500 0.64392300
23 -1.59928500 0.00001100 0.00001500 0.03405500 -0.02608500 0.63444600
24 5.58312700 0.11572500 0.29499809 2.70854600 -0.05525400 3.09741800
25 0.19684600 -0.00000200 0.00000300 2.79340684 -0.00094123 -3.14132714
26 -0.48187272 -9.57959314 -1.24982145 1.97586200 1.15991000 1.84280300
27 6.21448600 0.00000800 0.00001900 -0.89284893 0.79726322 -1.86749974
28 11.94488800 -0.00003100 -0.00020000 -0.00502482 -0.35800073 -1.61127915
29 10.62016500 0.00000200 0.00000600 -1.04739490 -0.83846103 -0.20540649
30 4.75115800 0.69437400 -0.83047400 -0.33659400 -0.22394700 1.27220000
31 1.68806500 -0.00002200 0.00000200 -0.00123400 -0.02467300 1.48766100
32 1.33615100 -0.00005100 -0.00000900 0.01621300 -0.03516800 -0.06228900
33 4.82051500 0.50933800 0.22486600 -0.37685200 -0.01490600 1.55226800
34 1.82699200 0.00006600 0.00001000 -0.00051300 0.04045200 1.26079000
35 1.43658100 -0.00000600 0.00001000 0.01098600 -0.01043400 0.02903600
36 3.99235300 0.89108700 1.82799300 -0.58773500 -0.00855600 1.20568000
37 1.40592600 0.00003100 -0.00000300 -0.01283800 -0.02655700 1.32518700
38 1.17536200 -0.00013200 0.00000100 0.05517300 0.11025000 0.42008900
39 4.52675800 0.69046400 1.12084300 -0.49029100 0.04882300 1.52995500
40 1.74404100 -0.00003100 -0.00000200 -0.02474200 -0.01616300 1.40363300
41 1.36876700 -0.00003100 -0.00001800 -0.32324300 0.09380000 -0.20753100
42 1.93928191 1.01468891 -0.90910291 2.07330300 0.40321500 1.15292400
43 1.52345300 -0.00003200 -0.00000200 0.01413000 -0.08869500 0.51776000
44 1.59928100 -0.00000400 0.00001000 0.08163300 -0.01737100 1.03514200
45 5.51180600 -0.00000200 0.00000300 -0.27198700 0.00000000 0.00000000
46 0.19684900 0.00000300 -0.00000100 -0.34822500 0.00001500 -0.00000200
47 0.00000000 1.00000000 0.00000000 0.00000000 0.00000000 -1.57079600
48 -3.84604500 6.58686700 -4.01251600 0.00000000 0.00000000 -3.14156200
49 -7.32669937 20.51686647 -1.46959129 0.35798575 0.20825670 -0.46126342
50 7.38614938 0.11542955 -3.65939982 0.60677400 1.10882600 1.87296100
51 1.32804700 -0.01178200 0.11704500 0.00000000 0.00000000 0.00000000
52 -1.98416800 -0.01178200 0.82896700 0.00000000 0.00000000 0.00000000
53 0.09614000 0.00000000 0.43283900 0.00000000 0.13264500 0.00000000
54 1.61035391 1.20213509 1.18377500 0.00000000 0.09424800 0.00000000
55 -3.31358200 -0.81149100 0.41883600 0.00000000 0.00000000 0.00000000
56 -0.77083300 -1.06967300 1.39120900 0.00000000 0.08377600 0.00000000
57 0.13109200 -2.70192000 -4.24361100 2.90765600 -0.06655600 -1.98217000
time 9
0 -0.00000100 8.45008800 -27.50902600 0.00000000 0.00000000 0.00003100
1 -0.00000200 0.00000000 0.00000000 1.57074700 -1.56714200 -1.57074700
2 4.25546600 -0.33518300 -0.00000200 0.00000000 0.00000000 -0.12484800
3 7.43125000 1.49647900 0.00000200 0.00000000 0.00000000 0.24545000
4 5.27847900 0.16554400 0.00000100 0.00000000 0.00000000 0.04851100
5 -1.18125772 -12.69647015 5.81522249 1.97586500 1.15990900 -1.29878600
6 -6.21447800 -0.00000900 -0.00002600 -2.92313999 -0.67486125 1.23020628
7 11.94488500 0.00000000 0.00000000 -0.30253094 -0.32255119 1.80465262
8 10.62018800 0.00000000 0.00000000 1.01890005 0.15213349 2.72010173
9 -4.75110800 -0.69449800 0.83058000 -0.09752500 -0.07215500 0.36368700
10 -1.68806800 0.00004700 -0.00003100 0.01721300 -0.01778100 0.66972400
11 -1.33614000 0.00005500 -0.00001000 0.02612800 -0.00326300 0.67798300
12 -4.82049400 -0.50946400 -0.22475900 -0.30541200 -0.05688900 1.32645300
13 -1.82698400 -0.00006900 0.00000800 0.00812100 0.03962700 1.47482300
14 -1.43656900 0.00000400 0.00000300 -0.04326900 -0.06465400 0.49796600
15 -3.99235700 -0.89119100 -1.82790900 -0.50659500 0.21040700 1.39085000
16 -1.40591800 -0.00002500 -0.00000200 -0.01377600 -0.02606000 1.36159100
17 -1.17535800 0.00012600 -0.00001900 0.03573700 0.05772100 0.45866000
18 -4.52675100 -0.69058000 -1.12074100 -0.34755600 0.15083300 1.45582700
19 -1.74403800 0.00003200 -0.00000800 -0.02723700 -0.01149200 1.58318100
20 -1.36877100 0.00002300 0.00000200 0.01247300 0.05098700 0.13591400
21 -1.87479600 -0.93512500 0.99917500 2.10041000 0.44182000 0.86547100
22 -1.52344700 0.00003100 0.00003100 0.08946800 0.14926500 0.64392300
23 -1.59928500 0.00001100 0.00001500 0.03405500 -0.02608500 0.63444600
24 5.58312700 0.11572500 0.29499809 2.70854600 -0.05525400 3.09741800
25 0.19684600 -0.00000200 0.00000300 2.79340684 -0.00094123 -3.14132714
26 -0.48187272 -9.57959314 -1.24982145 1.97586200 1.15991000 1.84280300
27 6.21448600 0.00000800 0.00001900 -0.89281384 0.79701559 -1.86617640
28 11.94488800 -0.00003100 -0.00020000 -0.00561479 -0.35966671 -1.60956361
29 10.62016500 0.00000200 0.00000600 -1.04857038 -0.83726595 -0.21027882
30 4.75115800 0.69437400 -0.83047400 -0.33659400 -0.22394700 1.27220000
31 1.68806500 -0.00002200 0.00000200 -0.00123400 -0.02467300 1.48766100
32 1.33615100 -0.00005100 -0.00000900 0.01621300 -0.03516800 -0.06228900
33 4.82051500 0.50933800 0.22486600 -0.37685200 -0.01490600 1.55226800
34 1.82699200 0.00006600 0.00001000 -0.00051300 0.04045200 1.26079000
35 1.43658100 -0.00000600 0.00001000 0.01098600 -0.01043400 0.02903600
36 3.99235300 0.89108700 1.82799300 -0.58773500 -0.00855600 1.20568000
37 1.40592600 0.00003100 -0.00000300 -0.01283800 -0.02655700 1.32518700
38 1.17536200 -0.00013200 0.00000100 0.05517300 0.11025000 0.42008900
39 4.52675800 0.69046400 1.12084300 -0.49029100 0.04882300 1.52995500
40 1.74404100 -0.00003100 -0.00000200 -0.02474200 -0.01616300 1.40363300
41 1.36876700 -0.00003100 -0.00001800 -0.32324300 0.09380000 -0.20753100
42 1.93928191 1.01468891 -0.90910291 2.07330300 0.40321500 1.15292400
43 1.52345300 -0.00003200 -0.00000200 0.01413000 -0.08869500 0.51776000
44 1.59928100 -0.00000400 0.00001000 0.08163300 -0.01737100 1.03514200
45 5.51180600 -0.00000200 0.00000300 -0.27198700 0.00000000 0.00000000
46 0.19684900 0.00000300 -0.00000100 -0.34822500 0.00001500 -0.00000200
47 0.00000000 1.00000000 0.00000000 0.00000000 0.00000000 -1.57079600
48 -3.84604500 6.58686700 -4.01251600 0.00000000 0.00000000 -3.14156200
49 -7.36911741 20.51698149 -1.47553420 0.36222027 0.20889044 -0.45944353
50 7.38614938 0.11542955 -3.65939982 0.60677400 1.10882600 1.87296100
51 1.32804700 -0.01178200 0.11704500 0.00000000 0.00000000 0.00000000
52 -1.98416800 -0.01178200 0.82896700 0.00000000 0.00000000 0.00000000
53 0.09614000 0.00000000 0.43283900 0.00000000 0.13264500 0.00000000
54 1.61035391 1.20213509 1.18377500 0.00000000 0.09424800 0.00000000
55 -3.31358200 -0.81149100 0.41883600 0.00000000 0.00000000 0.00000000
56 -0.77083300 -1.06967300 1.39120900 0.00000000 0.08377600 0.00000000
57 0.13109200 -2.70192000 -4.24361100 2.90765600 -0.06655600 -1.98217000
time 10
0 -0.00000100 8.45008800 -27.50902600 0.00000000 0.00000000 0.00003100
1 -0.00000200 0.00000000 0.00000000 1.57074700 -1.56714200 -1.57074700
2 4.25546600 -0.33518300 -0.00000200 0.00000000 0.00000000 -0.12484800
3 7.43125000 1.49647900 0.00000200 0.00000000 0.00000000 0.24545000
4 5.27847900 0.16554400 0.00000100 0.00000000 0.00000000 0.04851100
5 -1.18125772 -12.69647015 5.81522249 1.97586500 1.15990900 -1.29878600
6 -6.21447800 -0.00000900 -0.00002600 -2.92347079 -0.67400989 1.22785795
7 11.94488500 0.00000000 0.00000000 -0.30080551 -0.32350331 1.79944787
8 10.62018800 0.00000000 0.00000000 1.02226786 0.15342352 2.72644687
9 -4.75110800 -0.69449800 0.83058000 -0.09752500 -0.07215500 0.36368700
10 -1.68806800 0.00004700 -0.00003100 0.01721300 -0.01778100 0.66972400
11 -1.33614000 0.00005500 -0.00001000 0.02612800 -0.00326300 0.67798300
12 -4.82049400 -0.50946400 -0.22475900 -0.30541200 -0.05688900 1.32645300
13 -1.82698400 -0.00006900 0.00000800 0.00812100 0.03962700 1.47482300
14 -1.43656900 0.00000400 0.00000300 -0.04326900 -0.06465400 0.49796600
15 -3.99235700 -0.89119100 -1.82790900 -0.50659500 0.21040700 1.39085000
16 -1.40591800 -0.00002500 -0.00000200 -0.01377600 -0.02606000 1.36159100
17 -1.17535800 0.00012600 -0.00001900 0.03573700 0.05772100 0.45866000
18 -4.52675100 -0.69058000 -1.12074100 -0.34755600 0.15083300 1.45582700
19 -1.74403800 0.00003200 -0.00000800 -0.02723700 -0.01149200 1.58318100
20 -1.36877100 0.00002300 0.00000200 0.01247300 0.05098700 0.13591400
21 -1.87479600 -0.93512500 0.99917500 2.10041000 0.44182000 0.86547100
22 -1.52344700 0.00003100 0.00003100 0.08946800 0.14926500 0.64392300
23 -1.59928500 0.00001100 0.00001500 0.03405500 -0.02608500 0.63444600
24 5.58312700 0.11572500 0.29499809 2.70854600 -0.05525400 3.09741800
25 0.19684600 -0.00000200 0.00000300 2.79340684 -0.00094123 -3.14132714
26 -0.48187272 -9.57959314 -1.24982145 1.97586200 1.15991000 1.84280300
27 6.21448600 0.00000800 0.00001900 -0.89248848 0.79684942 -1.86487658
28 11.94488800 -0.00003100 -0.00020000 -0.00626987 -0.36164011 -1.60751309
29 10.62016500 0.00000200 0.00000600 -1.04965262 -0.83608920 -0.21613058
30 4.75115800 0.69437400 -0.83047400 -0.33659400 -0.22394700 1.27220000
31 1.68806500 -0.00002200 0.00000200 -0.00123400 -0.02467300 1.48766100
32 1.33615100 -0.00005100 -0.00000900 0.01621300 -0.03516800 -0.06228900
33 4.82051500 0.50933800 0.22486600 -0.37685200 -0.01490600 1.55226800
34 1.82699200 0.00006600 0.00001000 -0.00051300 0.04045200 1.26079000
35 1.43658100 -0.00000600 0.00001000 0.01098600 -0.01043400 0.02903600
36 3.99235300 0.89108700 1.82799300 -0.58773500 -0.00855600 1.20568000
37 1.40592600 0.00003100 -0.00000300 -0.01283800 -0.02655700 1.32518700
38 1.17536200 -0.00013200 0.00000100 0.05517300 0.11025000 0.42008900
39 4.52675800 0.69046400 1.12084300 -0.49029100 0.04882300 1.52995500
40 1.74404100 -0.00003100 -0.00000200 -0.02474200 -0.01616300 1.40363300
41 1.36876700 -0.00003100 -0.00001800 -0.32324300 0.09380000 -0.20753100
42 1.93928191 1.01468891 -0.90910291 2.07330300 0.40321500 1.15292400
43 1.52345300 -0.00003200 -0.00000200 0.01413000 -0.08869500 0.51776000
44 1.59928100 -0.00000400 0.00001000 0.08163300 -0.01737100 1.03514200
45 5.51180600 -0.00000200 0.00000300 -0.27198700 0.00000000 0.00000000
46 0.19684900 0.00000300 -0.00000100 -0.34822500 0.00001500 -0.00000200
47 0.00000000 1.00000000 0.00000000 0.00000000 0.00000000 -1.57079600
48 -3.84604500 6.58686700 -4.01251600 0.00000000 0.00000000 -3.14156200
49 -7.41234485 20.51710411 -1.48485182 0.36691012 0.20969356 -0.45759683
50 7.38614938 0.11542955 -3.65939982 0.60677400 1.10882600 1.87296100
51 1.32804700 -0.01178200 0.11704500 0.00000000 0.00000000 0.00000000
52 -1.98416800 -0.01178200 0.82896700 0.00000000 0.00000000 0.00000000
53 0.09614000 0.00000000 0.43283900 0.00000000 0.13264500 0.00000000
54 1.61035391 1.20213509 1.18377500 0.00000000 0.09424800 0.00000000
55 -3.31358200 -0.81149100 0.41883600 0.00000000 0.00000000 0.00000000
56 -0.77083300 -1.06967300 1.39120900 0.00000000 0.08377600 0.00000000
57 0.13109200 -2.70192000 -4.24361100 2.90765600 -0.06655600 -1.98217000
time 11
0 -0.00000100 8.45008800 -27.50902600 0.00000000 0.00000000 0.00003100
1 -0.00000200 0.00000000 0.00000000 1.57074700 -1.56714200 -1.57074700
2 4.25546600 -0.33518300 -0.00000200 0.00000000 0.00000000 -0.12484800
3 7.43125000 1.49647900 0.00000200 0.00000000 0.00000000 0.24545000
4 5.27847900 0.16554400 0.00000100 0.00000000 0.00000000 0.04851100
5 -1.18125772 -12.69647015 5.81522249 1.97586500 1.15990900 -1.29878600
6 -6.21447800 -0.00000900 -0.00002600 -2.92413352 -0.67306571 1.22517403
7 11.94488500 0.00000000 0.00000000 -0.29913023 -0.32474053 1.79427038
8 10.62018800 0.00000000 0.00000000 1.02511517 0.15476462 2.73239378
9 -4.75110800 -0.69449800 0.83058000 -0.09752500 -0.07215500 0.36368700
10 -1.68806800 0.00004700 -0.00003100 0.01721300 -0.01778100 0.66972400
11 -1.33614000 0.00005500 -0.00001000 0.02612800 -0.00326300 0.67798300
12 -4.82049400 -0.50946400 -0.22475900 -0.30541200 -0.05688900 1.32645300
13 -1.82698400 -0.00006900 0.00000800 0.00812100 0.03962700 1.47482300
14 -1.43656900 0.00000400 0.00000300 -0.04326900 -0.06465400 0.49796600
15 -3.99235700 -0.89119100 -1.82790900 -0.50659500 0.21040700 1.39085000
16 -1.40591800 -0.00002500 -0.00000200 -0.01377600 -0.02606000 1.36159100
17 -1.17535800 0.00012600 -0.00001900 0.03573700 0.05772100 0.45866000
18 -4.52675100 -0.69058000 -1.12074100 -0.34755600 0.15083300 1.45582700
19 -1.74403800 0.00003200 -0.00000800 -0.02723700 -0.01149200 1.58318100
20 -1.36877100 0.00002300 0.00000200 0.01247300 0.05098700 0.13591400
21 -1.87479600 -0.93512500 0.99917500 2.10041000 0.44182000 0.86547100
22 -1.52344700 0.00003100 0.00003100 0.08946800 0.14926500 0.64392300
23 -1.59928500 0.00001100 0.00001500 0.03405500 -0.02608500 0.63444600
24 5.58312700 0.11572500 0.29499809 2.70854600 -0.05525400 3.09741800
25 0.19684600 -0.00000200 0.00000300 2.79340684 -0.00094123 -3.14132714
26 -0.48187272 -9.57959314 -1.24982145 1.97586200 1.15991000 1.84280300
27 6.21448600 0.00000800 0.00001900 -0.89222148 0.79704430 -1.86316800
28 11.94488800 -0.00003100 -0.00020000 -0.00688813 -0.36340027 -1.60594764
29 10.62016500 0.00000200 0.00000600 -1.05083523 -0.83498246 -0.22120589
30 4.75115800 0.69437400 -0.83047400 -0.33659400 -0.22394700 1.27220000
31 1.68806500 -0.00002200 0.00000200 -0.00123400 -0.02467300 1.48766100
32 1.33615100 -0.00005100 -0.00000900 0.01621300 -0.03516800 -0.06228900
33 4.82051500 0.50933800 0.22486600 -0.37685200 -0.01490600 1.55226800
34 1.82699200 0.00006600 0.00001000 -0.00051300 0.04045200 1.26079000
35 1.43658100 -0.00000600 0.00001000 0.01098600 -0.01043400 0.02903600
36 3.99235300 0.89108700 1.82799300 -0.58773500 -0.00855600 1.20568000
37 1.40592600 0.00003100 -0.00000300 -0.01283800 -0.02655700 1.32518700
38 1.17536200 -0.00013200 0.00000100 0.05517300 0.11025000 0.42008900
39 4.52675800 0.69046400 1.12084300 -0.49029100 0.04882300 1.52995500
40 1.74404100 -0.00003100 -0.00000200 -0.02474200 -0.01616300 1.40363300
41 1.36876700 -0.00003100 -0.00001800 -0.32324300 0.09380000 -0.20753100
42 1.93928191 1.01468891 -0.90910291 2.07330300 0.40321500 1.15292400
43 1.52345300 -0.00003200 -0.00000200 0.01413000 -0.08869500 0.51776000
44 1.59928100 -0.00000400 0.00001000 0.08163300 -0.01737100 1.03514200
45 5.51180600 -0.00000200 0.00000300 -0.27198700 0.00000000 0.00000000
46 0.19684900 0.00000300 -0.00000100 -0.34822500 0.00001500 -0.00000200
47 0.00000000 1.00000000 0.00000000 0.00000000 0.00000000 -1.57079600
48 -3.84604500 6.58686700 -4.01251600 0.00000000 0.00000000 -3.14156200
49 -7.45895975 20.51723320 -1.49693896 0.37103601 0.21024537 -0.45563845
50 7.38614938 0.11542955 -3.65939982 0.60677400 1.10882600 1.87296100
51 1.32804700 -0.01178200 0.11704500 0.00000000 0.00000000 0.00000000
52 -1.98416800 -0.01178200 0.82896700 0.00000000 0.00000000 0.00000000
53 0.09614000 0.00000000 0.43283900 0.00000000 0.13264500 0.00000000
54 1.61035391 1.20213509 1.18377500 0.00000000 0.09424800 0.00000000
55 -3.31358200 -0.81149100 0.41883600 0.00000000 0.00000000 0.00000000
56 -0.77083300 -1.06967300 1.39120900 0.00000000 0.08377600 0.00000000
57 0.13109200 -2.70192000 -4.24361100 2.90765600 -0.06655600 -1.98217000
time 12
0 -0.00000100 8.45008800 -27.50902600 0.00000000 0.00000000 0.00003100
1 -0.00000200 0.00000000 0.00000000 1.57074700 -1.56714200 -1.57074700
2 4.25546600 -0.33518300 -0.00000200 0.00000000 0.00000000 -0.12484800
3 7.43125000 1.49647900 0.00000200 0.00000000 0.00000000 0.24545000
4 5.27847900 0.16554400 0.00000100 0.00000000 0.00000000 0.04851100
5 -1.18125772 -12.69647015 5.81522249 1.97586500 1.15990900 -1.29878600
6 -6.21447800 -0.00000900 -0.00002600 -2.92499760 -0.67233350 1.22264850
7 11.94488500 0.00000000 0.00000000 -0.29764356 -0.32593336 1.78965310
8 10.62018800 0.00000000 0.00000000 1.02800328 0.15489074 2.73661835
9 -4.75110800 -0.69449800 0.83058000 -0.09752500 -0.07215500 0.36368700
10 -1.68806800 0.00004700 -0.00003100 0.01721300 -0.01778100 0.66972400
11 -1.33614000 0.00005500 -0.00001000 0.02612800 -0.00326300 0.67798300
12 -4.82049400 -0.50946400 -0.22475900 -0.30541200 -0.05688900 1.32645300
13 -1.82698400 -0.00006900 0.00000800 0.00812100 0.03962700 1.47482300
14 -1.43656900 0.00000400 0.00000300 -0.04326900 -0.06465400 0.49796600
15 -3.99235700 -0.89119100 -1.82790900 -0.50659500 0.21040700 1.39085000
16 -1.40591800 -0.00002500 -0.00000200 -0.01377600 -0.02606000 1.36159100
17 -1.17535800 0.00012600 -0.00001900 0.03573700 0.05772100 0.45866000
18 -4.52675100 -0.69058000 -1.12074100 -0.34755600 0.15083300 1.45582700
19 -1.74403800 0.00003200 -0.00000800 -0.02723700 -0.01149200 1.58318100
20 -1.36877100 0.00002300 0.00000200 0.01247300 0.05098700 0.13591400
21 -1.87479600 -0.93512500 0.99917500 2.10041000 0.44182000 0.86547100
22 -1.52344700 0.00003100 0.00003100 0.08946800 0.14926500 0.64392300
23 -1.59928500 0.00001100 0.00001500 0.03405500 -0.02608500 0.63444600
24 5.58312700 0.11572500 0.29499809 2.70854600 -0.05525400 3.09741800
25 0.19684600 -0.00000200 0.00000300 2.79340684 -0.00094123 -3.14132714
26 -0.48187272 -9.57959314 -1.24982145 1.97586200 1.15991000 1.84280300
27 6.21448600 0.00000800 0.00001900 -0.89119946 0.79800982 -1.86085770
28 11.94488800 -0.00003100 -0.00020000 -0.00720015 -0.36504343 -1.60497756
29 10.62016500 0.00000200 0.00000600 -1.05334132 -0.83542504 -0.22473840
30 4.75115800 0.69437400 -0.83047400 -0.33659400 -0.22394700 1.27220000
31 1.68806500 -0.00002200 0.00000200 -0.00123400 -0.02467300 1.48766100
32 1.33615100 -0.00005100 -0.00000900 0.01621300 -0.03516800 -0.06228900
33 4.82051500 0.50933800 0.22486600 -0.37685200 -0.01490600 1.55226800
34 1.82699200 0.00006600 0.00001000 -0.00051300 0.04045200 1.26079000
35 1.43658100 -0.00000600 0.00001000 0.01098600 -0.01043400 0.02903600
36 3.99235300 0.89108700 1.82799300 -0.58773500 -0.00855600 1.20568000
37 1.40592600 0.00003100 -0.00000300 -0.01283800 -0.02655700 1.32518700
38 1.17536200 -0.00013200 0.00000100 0.05517300 0.11025000 0.42008900
39 4.52675800 0.69046400 1.12084300 -0.49029100 0.04882300 1.52995500
40 1.74404100 -0.00003100 -0.00000200 -0.02474200 -0.01616300 1.40363300
41 1.36876700 -0.00003100 -0.00001800 -0.32324300 0.09380000 -0.20753100
42 1.93928191 1.01468891 -0.90910291 2.07330300 0.40321500 1.15292400
43 1.52345300 -0.00003200 -0.00000200 0.01413000 -0.08869500 0.51776000
44 1.59928100 -0.00000400 0.00001000 0.08163300 -0.01737100 1.03514200
45 5.51180600 -0.00000200 0.00000300 -0.27198700 0.00000000 0.00000000
46 0.19684900 0.00000300 -0.00000100 -0.34822500 0.00001500 -0.00000200
47 0.00000000 1.00000000 0.00000000 0.00000000 0.00000000 -1.57079600
48 -3.84604500 6.58686700 -4.01251600 0.00000000 0.00000000 -3.14156200
49 -7.51043549 20.51736708 -1.51822922 0.37480261 0.20920731 -0.45387716
50 7.38614938 0.11542955 -3.65939982 0.60677400 1.10882600 1.87296100
51 1.32804700 -0.01178200 0.11704500 0.00000000 0.00000000 0.00000000
52 -1.98416800 -0.01178200 0.82896700 0.00000000 0.00000000 0.00000000
53 0.09614000 0.00000000 0.43283900 0.00000000 0.13264500 0.00000000
54 1.61035391 1.20213509 1.18377500 0.00000000 0.09424800 0.00000000
55 -3.31358200 -0.81149100 0.41883600 0.00000000 0.00000000 0.00000000
56 -0.77083300 -1.06967300 1.39120900 0.00000000 0.08377600 0.00000000
57 0.13109200 -2.70192000 -4.24361100 2.90765600 -0.06655600 -1.98217000
time 13
0 -0.00000100 8.45008800 -27.50902600 0.00000000 0.00000000 0.00003100
1 -0.00000200 0.00000000 0.00000000 1.57074700 -1.56714200 -1.57074700
2 4.25546600 -0.33518300 -0.00000200 0.00000000 0.00000000 -0.12484800
3 7.43125000 1.49647900 0.00000200 0.00000000 0.00000000 0.24545000
4 5.27847900 0.16554400 0.00000100 0.00000000 0.00000000 0.04851100
5 -1.18125772 -12.69647015 5.81522249 1.97586500 1.15990900 -1.29878600
6 -6.21447800 -0.00000900 -0.00002600 -2.92596013 -0.67161201 1.22013396
7 11.94488500 0.00000000 0.00000000 -0.29615246 -0.32711305 1.78511014
8 10.62018800 0.00000000 0.00000000 1.03099763 0.15497208 2.74073166
9 -4.75110800 -0.69449800 0.83058000 -0.09752500 -0.07215500 0.36368700
10 -1.68806800 0.00004700 -0.00003100 0.01721300 -0.01778100 0.66972400
11 -1.33614000 0.00005500 -0.00001000 0.02612800 -0.00326300 0.67798300
12 -4.82049400 -0.50946400 -0.22475900 -0.30541200 -0.05688900 1.32645300
13 -1.82698400 -0.00006900 0.00000800 0.00812100 0.03962700 1.47482300
14 -1.43656900 0.00000400 0.00000300 -0.04326900 -0.06465400 0.49796600
15 -3.99235700 -0.89119100 -1.82790900 -0.50659500 0.21040700 1.39085000
16 -1.40591800 -0.00002500 -0.00000200 -0.01377600 -0.02606000 1.36159100
17 -1.17535800 0.00012600 -0.00001900 0.03573700 0.05772100 0.45866000
18 -4.52675100 -0.69058000 -1.12074100 -0.34755600 0.15083300 1.45582700
19 -1.74403800 0.00003200 -0.00000800 -0.02723700 -0.01149200 1.58318100
20 -1.36877100 0.00002300 0.00000200 0.01247300 0.05098700 0.13591400
21 -1.87479600 -0.93512500 0.99917500 2.10041000 0.44182000 0.86547100
22 -1.52344700 0.00003100 0.00003100 0.08946800 0.14926500 0.64392300
23 -1.59928500 0.00001100 0.00001500 0.03405500 -0.02608500 0.63444600
24 5.58312700 0.11572500 0.29499809 2.70854600 -0.05525400 3.09741800
25 0.19684600 -0.00000200 0.00000300 2.79340684 -0.00094123 -3.14132714
26 -0.48187272 -9.57959314 -1.24982145 1.97586200 1.15991000 1.84280300
27 6.21448600 0.00000800 0.00001900 -0.89013621 0.79901663 -1.85856108
28 11.94488800 -0.00003100 -0.00020000 -0.00752233 -0.36665907 -1.60399140
29 10.62016500 0.00000200 0.00000600 -1.05605453 -0.83608751 -0.22809515
30 4.75115800 0.69437400 -0.83047400 -0.33659400 -0.22394700 1.27220000
31 1.68806500 -0.00002200 0.00000200 -0.00123400 -0.02467300 1.48766100
32 1.33615100 -0.00005100 -0.00000900 0.01621300 -0.03516800 -0.06228900
33 4.82051500 0.50933800 0.22486600 -0.37685200 -0.01490600 1.55226800
34 1.82699200 0.00006600 0.00001000 -0.00051300 0.04045200 1.26079000
35 1.43658100 -0.00000600 0.00001000 0.01098600 -0.01043400 0.02903600
36 3.99235300 0.89108700 1.82799300 -0.58773500 -0.00855600 1.20568000
37 1.40592600 0.00003100 -0.00000300 -0.01283800 -0.02655700 1.32518700
38 1.17536200 -0.00013200 0.00000100 0.05517300 0.11025000 0.42008900
39 4.52675800 0.69046400 1.12084300 -0.49029100 0.04882300 1.52995500
40 1.74404100 -0.00003100 -0.00000200 -0.02474200 -0.01616300 1.40363300
41 1.36876700 -0.00003100 -0.00001800 -0.32324300 0.09380000 -0.20753100
42 1.93928191 1.01468891 -0.90910291 2.07330300 0.40321500 1.15292400
43 1.52345300 -0.00003200 -0.00000200 0.01413000 -0.08869500 0.51776000
44 1.59928100 -0.00000400 0.00001000 0.08163300 -0.01737100 1.03514200
45 5.51180600 -0.00000200 0.00000300 -0.27198700 0.00000000 0.00000000
46 0.19684900 0.00000300 -0.00000100 -0.34822500 0.00001500 -0.00000200
47 0.00000000 1.00000000 0.00000000 0.00000000 0.00000000 -1.57079600
48 -3.84604500 6.58686700 -4.01251600 0.00000000 0.00000000 -3.14156200
49 -7.56207790 20.51750495 -1.54035676 0.37851163 0.20799720 -0.45222266
50 7.38614938 0.11542955 -3.65939982 0.60677400 1.10882600 1.87296100
51 1.32804700 -0.01178200 0.11704500 0.00000000 0.00000000 0.00000000
52 -1.98416800 -0.01178200 0.82896700 0.00000000 0.00000000 0.00000000
53 0.09614000 0.00000000 0.43283900 0.00000000 0.13264500 0.00000000
54 1.61035391 1.20213509 1.18377500 0.00000000 0.09424800 0.00000000
55 -3.31358200 -0.81149100 0.41883600 0.00000000 0.00000000 0.00000000
56 -0.77083300 -1.06967300 1.39120900 0.00000000 0.08377600 0.00000000
57 0.13109200 -2.70192000 -4.24361100 2.90765600 -0.06655600 -1.98217000
time 14
0 -0.00000100 8.45008800 -27.50902600 0.00000000 0.00000000 0.00003100
1 -0.00000200 0.00000000 0.00000000 1.57074700 -1.56714200 -1.57074700
2 4.25546600 -0.33518300 -0.00000200 0.00000000 0.00000000 -0.12484800
3 7.43125000 1.49647900 0.00000200 0.00000000 0.00000000 0.24545000
4 5.27847900 0.16554400 0.00000100 0.00000000 0.00000000 0.04851100
5 -1.18125772 -12.69647015 5.81522249 1.97586500 1.15990900 -1.29878600
6 -6.21447800 -0.00000900 -0.00002600 -2.92740908 -0.67100309 1.21761238
7 11.94488500 0.00000000 0.00000000 -0.29478367 -0.32836308 1.78092799
8 10.62018800 0.00000000 0.00000000 1.03321882 0.15499351 2.74364260
9 -4.75110800 -0.69449800 0.83058000 -0.09752500 -0.07215500 0.36368700
10 -1.68806800 0.00004700 -0.00003100 0.01721300 -0.01778100 0.66972400
11 -1.33614000 0.00005500 -0.00001000 0.02612800 -0.00326300 0.67798300
12 -4.82049400 -0.50946400 -0.22475900 -0.30541200 -0.05688900 1.32645300
13 -1.82698400 -0.00006900 0.00000800 0.00812100 0.03962700 1.47482300
14 -1.43656900 0.00000400 0.00000300 -0.04326900 -0.06465400 0.49796600
15 -3.99235700 -0.89119100 -1.82790900 -0.50659500 0.21040700 1.39085000
16 -1.40591800 -0.00002500 -0.00000200 -0.01377600 -0.02606000 1.36159100
17 -1.17535800 0.00012600 -0.00001900 0.03573700 0.05772100 0.45866000
18 -4.52675100 -0.69058000 -1.12074100 -0.34755600 0.15083300 1.45582700
19 -1.74403800 0.00003200 -0.00000800 -0.02723700 -0.01149200 1.58318100
20 -1.36877100 0.00002300 0.00000200 0.01247300 0.05098700 0.13591400
21 -1.87479600 -0.93512500 0.99917500 2.10041000 0.44182000 0.86547100
22 -1.52344700 0.00003100 0.00003100 0.08946800 0.14926500 0.64392300
23 -1.59928500 0.00001100 0.00001500 0.03405500 -0.02608500 0.63444600
24 5.58312700 0.11572500 0.29499809 2.70854600 -0.05525400 3.09741800
25 0.19684600 -0.00000200 0.00000300 2.79340684 -0.00094123 -3.14132714
26 -0.48187272 -9.57959314 -1.24982145 1.97586200 1.15991000 1.84280300
27 6.21448600 0.00000800 0.00001900 -0.88888080 0.80069791 -1.85573388
28 11.94488800 -0.00003100 -0.00020000 -0.00762917 -0.36795063 -1.60388033
29 10.62016500 0.00000200 0.00000600 -1.05912767 -0.83705806 -0.23000050
30 4.75115800 0.69437400 -0.83047400 -0.33659400 -0.22394700 1.27220000
31 1.68806500 -0.00002200 0.00000200 -0.00123400 -0.02467300 1.48766100
32 1.33615100 -0.00005100 -0.00000900 0.01621300 -0.03516800 -0.06228900
33 4.82051500 0.50933800 0.22486600 -0.37685200 -0.01490600 1.55226800
34 1.82699200 0.00006600 0.00001000 -0.00051300 0.04045200 1.26079000
35 1.43658100 -0.00000600 0.00001000 0.01098600 -0.01043400 0.02903600
36 3.99235300 0.89108700 1.82799300 -0.58773500 -0.00855600 1.20568000
37 1.40592600 0.00003100 -0.00000300 -0.01283800 -0.02655700 1.32518700
38 1.17536200 -0.00013200 0.00000100 0.05517300 0.11025000 0.42008900
39 4.52675800 0.69046400 1.12084300 -0.49029100 0.04882300 1.52995500
40 1.74404100 -0.00003100 -0.00000200 -0.02474200 -0.01616300 1.40363300
41 1.36876700 -0.00003100 -0.00001800 -0.32324300 0.09380000 -0.20753100
42 1.93928191 1.01468891 -0.90910291 2.07330300 0.40321500 1.15292400
43 1.52345300 -0.00003200 -0.00000200 0.01413000 -0.08869500 0.51776000
44 1.59928100 -0.00000400 0.00001000 0.08163300 -0.01737100 1.03514200
45 5.51180600 -0.00000200 0.00000300 -0.27198700 0.00000000 0.00000000
46 0.19684900 0.00000300 -0.00000100 -0.34822500 0.00001500 -0.00000200
47 0.00000000 1.00000000 0.00000000 0.00000000 0.00000000 -1.57079600
48 -3.84604500 6.58686700 -4.01251600 0.00000000 0.00000000 -3.14156200
49 -7.61702845 20.51764512 -1.56921774 0.38120092 0.20611083 -0.45071911
50 7.38614938 0.11542955 -3.65939982 0.60677400 1.10882600 1.87296100
51 1.32804700 -0.01178200 0.11704500 0.00000000 0.00000000 0.00000000
52 -1.98416800 -0.01178200 0.82896700 0.00000000 0.00000000 0.00000000
53 0.09614000 0.00000000 0.43283900 0.00000000 0.13264500 0.00000000
54 1.61035391 1.20213509 1.18377500 0.00000000 0.09424800 0.00000000
55 -3.31358200 -0.81149100 0.41883600 0.00000000 0.00000000 0.00000000
56 -0.77083300 -1.06967300 1.39120900 0.00000000 0.08377600 0.00000000
57 0.13109200 -2.70192000 -4.24361100 2.90765600 -0.06655600 -1.98217000
time 15
0 -0.00000100 8.45008800 -27.50902600 0.00000000 0.00000000 0.00003100
1 -0.00000200 0.00000000 0.00000000 1.57074700 -1.56714200 -1.57074700
2 4.25546600 -0.33518300 -0.00000200 0.00000000 0.00000000 -0.12484800
3 7.43125000 1.49647900 0.00000200 0.00000000 0.00000000 0.24545000
4 5.27847900 0.16554400 0.00000100 0.00000000 0.00000000 0.04851100
5 -1.18125772 -12.69647015 5.81522249 1.97586500 1.15990900 -1.29878600
6 -6.21447800 -0.00000900 -0.00002600 -2.92974675 -0.67066460 1.21531264
7 11.94488500 0.00000000 0.00000000 -0.29371922 -0.32972154 1.77746437
8 10.62018800 0.00000000 0.00000000 1.03434442 0.15473144 2.74425646
9 -4.75110800 -0.69449800 0.83058000 -0.09752500 -0.07215500 0.36368700
10 -1.68806800 0.00004700 -0.00003100 0.01721300 -0.01778100 0.66972400
11 -1.33614000 0.00005500 -0.00001000 0.02612800 -0.00326300 0.67798300
12 -4.82049400 -0.50946400 -0.22475900 -0.30541200 -0.05688900 1.32645300
13 -1.82698400 -0.00006900 0.00000800 0.00812100 0.03962700 1.47482300
14 -1.43656900 0.00000400 0.00000300 -0.04326900 -0.06465400 0.49796600
15 -3.99235700 -0.89119100 -1.82790900 -0.50659500 0.21040700 1.39085000
16 -1.40591800 -0.00002500 -0.00000200 -0.01377600 -0.02606000 1.36159100
17 -1.17535800 0.00012600 -0.00001900 0.03573700 0.05772100 0.45866000
18 -4.52675100 -0.69058000 -1.12074100 -0.34755600 0.15083300 1.45582700
19 -1.74403800 0.00003200 -0.00000800 -0.02723700 -0.01149200 1.58318100
20 -1.36877100 0.00002300 0.00000200 0.01247300 0.05098700 0.13591400
21 -1.87479600 -0.93512500 0.99917500 2.10041000 0.44182000 0.86547100
22 -1.52344700 0.00003100 0.00003100 0.08946800 0.14926500 0.64392300
23 -1.59928500 0.00001100 0.00001500 0.03405500 -0.02608500 0.63444600
24 5.58312700 0.11572500 0.29499809 2.70854600 -0.05525400 3.09741800
25 0.19684600 -0.00000200 0.00000300 2.79340684 -0.00094123 -3.14132714
26 -0.48187272 -9.57959314 -1.24982145 1.97586200 1.15991000 1.84280300
27 6.21448600 0.00000800 0.00001900 -0.88753662 0.80339743 -1.85224012
28 11.94488800 -0.00003100 -0.00020000 -0.00725438 -0.36892906 -1.60499213
29 10.62016500 0.00000200 0.00000600 -1.06282096 -0.83879654 -0.22942489
30 4.75115800 0.69437400 -0.83047400 -0.33659400 -0.22394700 1.27220000
31 1.68806500 -0.00002200 0.00000200 -0.00123400 -0.02467300 1.48766100
32 1.33615100 -0.00005100 -0.00000900 0.01621300 -0.03516800 -0.06228900
33 4.82051500 0.50933800 0.22486600 -0.37685200 -0.01490600 1.55226800
34 1.82699200 0.00006600 0.00001000 -0.00051300 0.04045200 1.26079000
35 1.43658100 -0.00000600 0.00001000 0.01098600 -0.01043400 0.02903600
36 3.99235300 0.89108700 1.82799300 -0.58773500 -0.00855600 1.20568000
37 1.40592600 0.00003100 -0.00000300 -0.01283800 -0.02655700 1.32518700
38 1.17536200 -0.00013200 0.00000100 0.05517300 0.11025000 0.42008900
39 4.52675800 0.69046400 1.12084300 -0.49029100 0.04882300 1.52995500
40 1.74404100 -0.00003100 -0.00000200 -0.02474200 -0.01616300 1.40363300
41 1.36876700 -0.00003100 -0.00001800 -0.32324300 0.09380000 -0.20753100
42 1.93928191 1.01468891 -0.90910291 2.07330300 0.40321500 1.15292400
43 1.52345300 -0.00003200 -0.00000200 0.01413000 -0.08869500 0.51776000
44 1.59928100 -0.00000400 0.00001000 0.08163300 -0.01737100 1.03514200
45 5.51180600 -0.00000200 0.00000300 -0.27198700 0.00000000 0.00000000
46 0.19684900 0.00000300 -0.00000100 -0.34822500 0.00001500 -0.00000200
47 0.00000000 1.00000000 0.00000000 0.00000000 0.00000000 -1.57079600
48 -3.84604500 6.58686700 -4.01251600 0.00000000 0.00000000 -3.14156200
49 -7.67633338 20.51778673 -1.60771601 0.38223305 0.20290211 -0.44949306
50 7.38614938 0.11542955 -3.65939982 0.60677400 1.10882600 1.87296100
51 1.32804700 -0.01178200 0.11704500 0.00000000 0.00000000 0.00000000
52 -1.98416800 -0.01178200 0.82896700 0.00000000 0.00000000 0.00000000
53 0.09614000 0.00000000 0.43283900 0.00000000 0.13264500 0.00000000
54 1.61035391 1.20213509 1.18377500 0.00000000 0.09424800 0.00000000
55 -3.31358200 -0.81149100 0.41883600 0.00000000 0.00000000 0.00000000
56 -0.77083300 -1.06967300 1.39120900 0.00000000 0.08377600 0.00000000
57 0.13109200 -2.70192000 -4.24361100 2.90765600 -0.06655600 -1.98217000
time 16
0 -0.00000100 8.45008800 -27.50902600 0.00000000 0.00000000 0.00003100
1 -0.00000200 0.00000000 0.00000000 1.57074700 -1.56714200 -1.57074700
2 4.25546600 -0.33518300 -0.00000200 0.00000000 0.00000000 -0.12484800
3 7.43125000 1.49647900 0.00000200 0.00000000 0.00000000 0.24545000
4 5.27847900 0.16554400 0.00000100 0.00000000 0.00000000 0.04851100
5 -1.18125772 -12.69647015 5.81522249 1.97586500 1.15990900 -1.29878600
6 -6.21447800 -0.00000900 -0.00002600 -2.93195368 -0.67037039 1.21286414
7 11.94488500 0.00000000 0.00000000 -0.29252471 -0.33109740 1.77397443
8 10.62018800 0.00000000 0.00000000 1.03537820 0.15434261 2.74491260
9 -4.75110800 -0.69449800 0.83058000 -0.09752500 -0.07215500 0.36368700
10 -1.68806800 0.00004700 -0.00003100 0.01721300 -0.01778100 0.66972400
11 -1.33614000 0.00005500 -0.00001000 0.02612800 -0.00326300 0.67798300
12 -4.82049400 -0.50946400 -0.22475900 -0.30541200 -0.05688900 1.32645300
13 -1.82698400 -0.00006900 0.00000800 0.00812100 0.03962700 1.47482300
14 -1.43656900 0.00000400 0.00000300 -0.04326900 -0.06465400 0.49796600
15 -3.99235700 -0.89119100 -1.82790900 -0.50659500 0.21040700 1.39085000
16 -1.40591800 -0.00002500 -0.00000200 -0.01377600 -0.02606000 1.36159100
17 -1.17535800 0.00012600 -0.00001900 0.03573700 0.05772100 0.45866000
18 -4.52675100 -0.69058000 -1.12074100 -0.34755600 0.15083300 1.45582700
19 -1.74403800 0.00003200 -0.00000800 -0.02723700 -0.01149200 1.58318100
20 -1.36877100 0.00002300 0.00000200 0.01247300 0.05098700 0.13591400
21 -1.87479600 -0.93512500 0.99917500 2.10041000 0.44182000 0.86547100
22 -1.52344700 0.00003100 0.00003100 0.08946800 0.14926500 0.64392300
23 -1.59928500 0.00001100 0.00001500 0.03405500 -0.02608500 0.63444600
24 5.58312700 0.11572500 0.29499809 2.70854600 -0.05525400 3.09741800
25 0.19684600 -0.00000200 0.00000300 2.79340684 -0.00094123 -3.14132714
26 -0.48187272 -9.57959314 -1.24982145 1.97586200 1.15991000 1.84280300
27 6.21448600 0.00000800 0.00001900 -0.88602551 0.80607644 -1.84869851
28 11.94488800 -0.00003100 -0.00020000 -0.00691195 -0.36993421 -1.60621340
29 10.62016500 0.00000200 0.00000600 -1.06675017 -0.84062934 -0.22859949
30 4.75115800 0.69437400 -0.83047400 -0.33659400 -0.22394700 1.27220000
31 1.68806500 -0.00002200 0.00000200 -0.00123400 -0.02467300 1.48766100
32 1.33615100 -0.00005100 -0.00000900 0.01621300 -0.03516800 -0.06228900
33 4.82051500 0.50933800 0.22486600 -0.37685200 -0.01490600 1.55226800
34 1.82699200 0.00006600 0.00001000 -0.00051300 0.04045200 1.26079000
35 1.43658100 -0.00000600 0.00001000 0.01098600 -0.01043400 0.02903600
36 3.99235300 0.89108700 1.82799300 -0.58773500 -0.00855600 1.20568000
37 1.40592600 0.00003100 -0.00000300 -0.01283800 -0.02655700 1.32518700
38 1.17536200 -0.00013200 0.00000100 0.05517300 0.11025000 0.42008900
39 4.52675800 0.69046400 1.12084300 -0.49029100 0.04882300 1.52995500
40 1.74404100 -0.00003100 -0.00000200 -0.02474200 -0.01616300 1.40363300
41 1.36876700 -0.00003100 -0.00001800 -0.32324300 0.09380000 -0.20753100
42 1.93928191 1.01468891 -0.90910291 2.07330300 0.40321500 1.15292400
43 1.52345300 -0.00003200 -0.00000200 0.01413000 -0.08869500 0.51776000
44 1.59928100 -0.00000400 0.00001000 0.08163300 -0.01737100 1.03514200
45 5.51180600 -0.00000200 0.00000300 -0.27198700 0.00000000 0.00000000
46 0.19684900 0.00000300 -0.00000100 -0.34822500 0.00001500 -0.00000200
47 0.00000000 1.00000000 0.00000000 0.00000000 0.00000000 -1.57079600
48 -3.84604500 6.58686700 -4.01251600 0.00000000 0.00000000 -3.14156200
49 -7.73562092 20.51792815 -1.64623520 0.38324541 0.19974337 -0.44817971
50 7.38614938 0.11542955 -3.65939982 0.60677400 1.10882600 1.87296100
51 1.32804700 -0.01178200 0.11704500 0.00000000 0.00000000 0.00000000
52 -1.98416800 -0.01178200 0.82896700 0.00000000 0.00000000 0.00000000
53 0.09614000 0.00000000 0.43283900 0.00000000 0.13264500 0.00000000
54 1.61035391 1.20213509 1.18377500 0.00000000 0.09424800 0.00000000
55 -3.31358200 -0.81149100 0.41883600 0.00000000 0.00000000 0.00000000
56 -0.77083300 -1.06967300 1.39120900 0.00000000 0.08377600 0.00000000
57 0.13109200 -2.70192000 -4.24361100 2.90765600 -0.06655600 -1.98217000
time 17
0 -0.00000100 8.45008800 -27.50902600 0.00000000 0.00000000 0.00003100
1 -0.00000200 0.00000000 0.00000000 1.57074700 -1.56714200 -1.57074700
2 4.25546600 -0.33518300 -0.00000200 0.00000000 0.00000000 -0.12484800
3 7.43125000 1.49647900 0.00000200 0.00000000 0.00000000 0.24545000
4 5.27847900 0.16554400 0.00000100 0.00000000 0.00000000 0.04851100
5 -1.18125772 -12.69647015 5.81522249 1.97586500 1.15990900 -1.29878600
6 -6.21447800 -0.00000900 -0.00002600 -2.93496097 -0.67032564 1.21083286
7 11.94488500 0.00000000 0.00000000 -0.29145371 -0.33235490 1.77071972
8 10.62018800 0.00000000 0.00000000 1.03564651 0.15461629 2.74516369
9 -4.75110800 -0.69449800 0.83058000 -0.09752500 -0.07215500 0.36368700
10 -1.68806800 0.00004700 -0.00003100 0.01721300 -0.01778100 0.66972400
11 -1.33614000 0.00005500 -0.00001000 0.02612800 -0.00326300 0.67798300
12 -4.82049400 -0.50946400 -0.22475900 -0.30541200 -0.05688900 1.32645300
13 -1.82698400 -0.00006900 0.00000800 0.00812100 0.03962700 1.47482300
14 -1.43656900 0.00000400 0.00000300 -0.04326900 -0.06465400 0.49796600
15 -3.99235700 -0.89119100 -1.82790900 -0.50659500 0.21040700 1.39085000
16 -1.40591800 -0.00002500 -0.00000200 -0.01377600 -0.02606000 1.36159100
17 -1.17535800 0.00012600 -0.00001900 0.03573700 0.05772100 0.45866000
18 -4.52675100 -0.69058000 -1.12074100 -0.34755600 0.15083300 1.45582700
19 -1.74403800 0.00003200 -0.00000800 -0.02723700 -0.01149200 1.58318100
20 -1.36877100 0.00002300 0.00000200 0.01247300 0.05098700 0.13591400
21 -1.87479600 -0.93512500 0.99917500 2.10041000 0.44182000 0.86547100
22 -1.52344700 0.00003100 0.00003100 0.08946800 0.14926500 0.64392300
23 -1.59928500 0.00001100 0.00001500 0.03405500 -0.02608500 0.63444600
24 5.58312700 0.11572500 0.29499809 2.70854600 -0.05525400 3.09741800
25 0.19684600 -0.00000200 0.00000300 2.79340684 -0.00094123 -3.14132714
26 -0.48187272 -9.57959314 -1.24982145 1.97586200 1.15991000 1.84280300
27 6.21448600 0.00000800 0.00001900 -0.88404593 0.80939325 -1.84460543
28 11.94488800 -0.00003100 -0.00020000 -0.00636989 -0.37082280 -1.60780910
29 10.62016500 0.00000200 0.00000600 -1.07046249 -0.84244024 -0.22746614
30 4.75115800 0.69437400 -0.83047400 -0.33659400 -0.22394700 1.27220000
31 1.68806500 -0.00002200 0.00000200 -0.00123400 -0.02467300 1.48766100
32 1.33615100 -0.00005100 -0.00000900 0.01621300 -0.03516800 -0.06228900
33 4.82051500 0.50933800 0.22486600 -0.37685200 -0.01490600 1.55226800
34 1.82699200 0.00006600 0.00001000 -0.00051300 0.04045200 1.26079000
35 1.43658100 -0.00000600 0.00001000 0.01098600 -0.01043400 0.02903600
36 3.99235300 0.89108700 1.82799300 -0.58773500 -0.00855600 1.20568000
37 1.40592600 0.00003100 -0.00000300 -0.01283800 -0.02655700 1.32518700
38 1.17536200 -0.00013200 0.00000100 0.05517300 0.11025000 0.42008900
39 4.52675800 0.69046400 1.12084300 -0.49029100 0.04882300 1.52995500
40 1.74404100 -0.00003100 -0.00000200 -0.02474200 -0.01616300 1.40363300
41 1.36876700 -0.00003100 -0.00001800 -0.32324300 0.09380000 -0.20753100
42 1.93928191 1.01468891 -0.90910291 2.07330300 0.40321500 1.15292400
43 1.52345300 -0.00003200 -0.00000200 0.01413000 -0.08869500 0.51776000
44 1.59928100 -0.00000400 0.00001000 0.08163300 -0.01737100 1.03514200
45 5.51180600 -0.00000200 0.00000300 -0.27198700 0.00000000 0.00000000
46 0.19684900 0.00000300 -0.00000100 -0.34822500 0.00001500 -0.00000200
47 0.00000000 1.00000000 0.00000000 0.00000000 0.00000000 -1.57079600
48 -3.84604500 6.58686700 -4.01251600 0.00000000 0.00000000 -3.14156200
49 -7.79497759 20.51806839 -1.69325774 0.38344273 0.19643827 -0.44702388
50 7.38614938 0.11542955 -3.65939982 0.60677400 1.10882600 1.87296100
51 1.32804700 -0.01178200 0.11704500 0.00000000 0.00000000 0.00000000
52 -1.98416800 -0.01178200 0.82896700 0.00000000 0.00000000 0.00000000
53 0.09614000 0.00000000 0.43283900 0.00000000 0.13264500 0.00000000
54 1.61035391 1.20213509 1.18377500 0.00000000 0.09424800 0.00000000
55 -3.31358200 -0.81149100 0.41883600 0.00000000 0.00000000 0.00000000
56 -0.77083300 -1.06967300 1.39120900 0.00000000 0.08377600 0.00000000
57 0.13109200 -2.70192000 -4.24361100 2.90765600 -0.06655600 -1.98217000
time 18
0 -0.00000100 8.45008800 -27.50902600 0.00000000 0.00000000 0.00003100
1 -0.00000200 0.00000000 0.00000000 1.57074700 -1.56714200 -1.57074700
2 4.25546600 -0.33518300 -0.00000200 0.00000000 0.00000000 -0.12484800
3 7.43125000 1.49647900 0.00000200 0.00000000 0.00000000 0.24545000
4 5.27847900 0.16554400 0.00000100 0.00000000 0.00000000 0.04851100
5 -1.18125772 -12.69647015 5.81522249 1.97586500 1.15990900 -1.29878600
6 -6.21447800 -0.00000900 -0.00002600 -2.93857571 -0.67058392 1.20901835
7 11.94488500 0.00000000 0.00000000 -0.29047251 -0.33362008 1.76757399
8 10.62018800 0.00000000 0.00000000 1.03564885 0.15549153 2.74527991
9 -4.75110800 -0.69449800 0.83058000 -0.09752500 -0.07215500 0.36368700
10 -1.68806800 0.00004700 -0.00003100 0.01721300 -0.01778100 0.66972400
11 -1.33614000 0.00005500 -0.00001000 0.02612800 -0.00326300 0.67798300
12 -4.82049400 -0.50946400 -0.22475900 -0.30541200 -0.05688900 1.32645300
13 -1.82698400 -0.00006900 0.00000800 0.00812100 0.03962700 1.47482300
14 -1.43656900 0.00000400 0.00000300 -0.04326900 -0.06465400 0.49796600
15 -3.99235700 -0.89119100 -1.82790900 -0.50659500 0.21040700 1.39085000
16 -1.40591800 -0.00002500 -0.00000200 -0.01377600 -0.02606000 1.36159100
17 -1.17535800 0.00012600 -0.00001900 0.03573700 0.05772100 0.45866000
18 -4.52675100 -0.69058000 -1.12074100 -0.34755600 0.15083300 1.45582700
19 -1.74403800 0.00003200 -0.00000800 -0.02723700 -0.01149200 1.58318100
20 -1.36877100 0.00002300 0.00000200 0.01247300 0.05098700 0.13591400
21 -1.87479600 -0.93512500 0.99917500 2.10041000 0.44182000 0.86547100
22 -1.52344700 0.00003100 0.00003100 0.08946800 0.14926500 0.64392300
23 -1.59928500 0.00001100 0.00001500 0.03405500 -0.02608500 0.63444600
24 5.58312700 0.11572500 0.29499809 2.70854600 -0.05525400 3.09741800
25 0.19684600 -0.00000200 0.00000300 2.79340684 -0.00094123 -3.14132714
26 -0.48187272 -9.57959314 -1.24982145 1.97586200 1.15991000 1.84280300
27 6.21448600 0.00000800 0.00001900 -0.88203313 0.81313844 -1.84034721
28 11.94488800 -0.00003100 -0.00020000 -0.00581652 -0.37165117 -1.60960209
29 10.62016500 0.00000200 0.00000600 -1.07427757 -0.84418365 -0.22614316
30 4.75115800 0.69437400 -0.83047400 -0.33659400 -0.22394700 1.27220000
31 1.68806500 -0.00002200 0.00000200 -0.00123400 -0.02467300 1.48766100
32 1.33615100 -0.00005100 -0.00000900 0.01621300 -0.03516800 -0.06228900
33 4.82051500 0.50933800 0.22486600 -0.37685200 -0.01490600 1.55226800
34 1.82699200 0.00006600 0.00001000 -0.00051300 0.04045200 1.26079000
35 1.43658100 -0.00000600 0.00001000 0.01098600 -0.01043400 0.02903600
36 3.99235300 0.89108700 1.82799300 -0.58773500 -0.00855600 1.20568000
37 1.40592600 0.00003100 -0.00000300 -0.01283800 -0.02655700 1.32518700
38 1.17536200 -0.00013200 0.00000100 0.05517300 0.11025000 0.42008900
39 4.52675800 0.69046400 1.12084300 -0.49029100 0.04882300 1.52995500
40 1.74404100 -0.00003100 -0.00000200 -0.02474200 -0.01616300 1.40363300
41 1.36876700 -0.00003100 -0.00001800 -0.32324300 0.09380000 -0.20753100
42 1.93928191 1.01468891 -0.90910291 2.07330300 0.40321500 1.15292400
43 1.52345300 -0.00003200 -0.00000200 0.01413000 -0.08869500 0.51776000
44 1.59928100 -0.00000400 0.00001000 0.08163300 -0.01737100 1.03514200
45 5.51180600 -0.00000200 0.00000300 -0.27198700 0.00000000 0.00000000
46 0.19684900 0.00000300 -0.00000100 -0.34822500 0.00001500 -0.00000200
47 0.00000000 1.00000000 0.00000000 0.00000000 0.00000000 -1.57079600
48 -3.84604500 6.58686700 -4.01251600 0.00000000 0.00000000 -3.14156200
49 -7.85441040 20.51820614 -1.74635754 0.38324090 0.19306778 -0.44597669
50 7.38614938 0.11542955 -3.65939982 0.60677400 1.10882600 1.87296100
51 1.32804700 -0.01178200 0.11704500 0.00000000 0.00000000 0.00000000
52 -1.98416800 -0.01178200 0.82896700 0.00000000 0.00000000 0.00000000
53 0.09614000 0.00000000 0.43283900 0.00000000 0.13264500 0.00000000
54 1.61035391 1.20213509 1.18377500 0.00000000 0.09424800 0.00000000
55 -3.31358200 -0.81149100 0.41883600 0.00000000 0.00000000 0.00000000
56 -0.77083300 -1.06967300 1.39120900 0.00000000 0.08377600 0.00000000
57 0.13109200 -2.70192000 -4.24361100 2.90765600 -0.06655600 -1.98217000
time 19
0 -0.00000100 8.45008800 -27.50902600 0.00000000 0.00000000 0.00003100
1 -0.00000200 0.00000000 0.00000000 1.57074700 -1.56714200 -1.57074700
2 4.25546600 -0.33518300 -0.00000200 0.00000000 0.00000000 -0.12484800
3 7.43125000 1.49647900 0.00000200 0.00000000 0.00000000 0.24545000
4 5.27847900 0.16554400 0.00000100 0.00000000 0.00000000 0.04851100
5 -1.18125772 -12.69647015 5.81522249 1.97586500 1.15990900 -1.29878600
6 -6.21447800 -0.00000900 -0.00002600 -2.94210841 -0.67072621 1.20725647
7 11.94488500 0.00000000 0.00000000 -0.28940738 -0.33488435 1.76430639
8 10.62018800 0.00000000 0.00000000 1.03557745 0.15627825 2.74546648
9 -4.75110800 -0.69449800 0.83058000 -0.09752500 -0.07215500 0.36368700
10 -1.68806800 0.00004700 -0.00003100 0.01721300 -0.01778100 0.66972400
11 -1.33614000 0.00005500 -0.00001000 0.02612800 -0.00326300 0.67798300
12 -4.82049400 -0.50946400 -0.22475900 -0.30541200 -0.05688900 1.32645300
13 -1.82698400 -0.00006900 0.00000800 0.00812100 0.03962700 1.47482300
14 -1.43656900 0.00000400 0.00000300 -0.04326900 -0.06465400 0.49796600
15 -3.99235700 -0.89119100 -1.82790900 -0.50659500 0.21040700 1.39085000
16 -1.40591800 -0.00002500 -0.00000200 -0.01377600 -0.02606000 1.36159100
17 -1.17535800 0.00012600 -0.00001900 0.03573700 0.05772100 0.45866000
18 -4.52675100 -0.69058000 -1.12074100 -0.34755600 0.15083300 1.45582700
19 -1.74403800 0.00003200 -0.00000800 -0.02723700 -0.01149200 1.58318100
20 -1.36877100 0.00002300 0.00000200 0.01247300 0.05098700 0.13591400
21 -1.87479600 -0.93512500 0.99917500 2.10041000 0.44182000 0.86547100
22 -1.52344700 0.00003100 0.00003100 0.08946800 0.14926500 0.64392300
23 -1.59928500 0.00001100 0.00001500 0.03405500 -0.02608500 0.63444600
24 5.58312700 0.11572500 0.29499809 2.70854600 -0.05525400 3.09741800
25 0.19684600 -0.00000200 0.00000300 2.79340684 -0.00094123 -3.14132714
26 -0.48187272 -9.57959314 -1.24982145 1.97586200 1.15991000 1.84280300
27 6.21448600 0.00000800 0.00001900 -0.88002787 0.81678949 -1.83604807
28 11.94488800 -0.00003100 -0.00020000 -0.00525188 -0.37251128 -1.61125041
29 10.62016500 0.00000200 0.00000600 -1.07813489 -0.84582567 -0.22477653
30 4.75115800 0.69437400 -0.83047400 -0.33659400 -0.22394700 1.27220000
31 1.68806500 -0.00002200 0.00000200 -0.00123400 -0.02467300 1.48766100
32 1.33615100 -0.00005100 -0.00000900 0.01621300 -0.03516800 -0.06228900
33 4.82051500 0.50933800 0.22486600 -0.37685200 -0.01490600 1.55226800
34 1.82699200 0.00006600 0.00001000 -0.00051300 0.04045200 1.26079000
35 1.43658100 -0.00000600 0.00001000 0.01098600 -0.01043400 0.02903600
36 3.99235300 0.89108700 1.82799300 -0.58773500 -0.00855600 1.20568000
37 1.40592600 0.00003100 -0.00000300 -0.01283800 -0.02655700 1.32518700
38 1.17536200 -0.00013200 0.00000100 0.05517300 0.11025000 0.42008900
39 4.52675800 0.69046400 1.12084300 -0.49029100 0.04882300 1.52995500
40 1.74404100 -0.00003100 -0.00000200 -0.02474200 -0.01616300 1.40363300
41 1.36876700 -0.00003100 -0.00001800 -0.32324300 0.09380000 -0.20753100
42 1.93928191 1.01468891 -0.90910291 2.07330300 0.40321500 1.15292400
43 1.52345300 -0.00003200 -0.00000200 0.01413000 -0.08869500 0.51776000
44 1.59928100 -0.00000400 0.00001000 0.08163300 -0.01737100 1.03514200
45 5.51180600 -0.00000200 0.00000300 -0.27198700 0.00000000 0.00000000
46 0.19684900 0.00000300 -0.00000100 -0.34822500 0.00001500 -0.00000200
47 0.00000000 1.00000000 0.00000000 0.00000000 0.00000000 -1.57079600
48 -3.84604500 6.58686700 -4.01251600 0.00000000 0.00000000 -3.14156200
49 -7.91364654 20.51834010 -1.79866080 0.38311496 0.18978173 -0.44484184
50 7.38614938 0.11542955 -3.65939982 0.60677400 1.10882600 1.87296100
51 1.32804700 -0.01178200 0.11704500 0.00000000 0.00000000 0.00000000
52 -1.98416800 -0.01178200 0.82896700 0.00000000 0.00000000 0.00000000
53 0.09614000 0.00000000 0.43283900 0.00000000 0.13264500 0.00000000
54 1.61035391 1.20213509 1.18377500 0.00000000 0.09424800 0.00000000
55 -3.31358200 -0.81149100 0.41883600 0.00000000 0.00000000 0.00000000
56 -0.77083300 -1.06967300 1.39120900 0.00000000 0.08377600 0.00000000
57 0.13109200 -2.70192000 -4.24361100 2.90765600 -0.06655600 -1.98217000
time 20
0 -0.00000100 8.45008800 -27.50902600 0.00000000 0.00000000 0.00003100
1 -0.00000200 0.00000000 0.00000000 1.57074700 -1.56714200 -1.57074700
2 4.25546600 -0.33518300 -0.00000200 0.00000000 0.00000000 -0.12484800
3 7.43125000 1.49647900 0.00000200 0.00000000 0.00000000 0.24545000
4 5.27847900 0.16554400 0.00000100 0.00000000 0.00000000 0.04851100
5 -1.18125772 -12.69647015 5.81522249 1.97586500 1.15990900 -1.29878600
6 -6.21447800 -0.00000900 -0.00002600 -2.94550478 -0.67111982 1.20593119
7 11.94488500 0.00000000 0.00000000 -0.28862372 -0.33602892 1.76190488
8 10.62018800 0.00000000 0.00000000 1.03635109 0.15661099 2.74516070
9 -4.75110800 -0.69449800 0.83058000 -0.09752500 -0.07215500 0.36368700
10 -1.68806800 0.00004700 -0.00003100 0.01721300 -0.01778100 0.66972400
11 -1.33614000 0.00005500 -0.00001000 0.02612800 -0.00326300 0.67798300
12 -4.82049400 -0.50946400 -0.22475900 -0.30541200 -0.05688900 1.32645300
13 -1.82698400 -0.00006900 0.00000800 0.00812100 0.03962700 1.47482300
14 -1.43656900 0.00000400 0.00000300 -0.04326900 -0.06465400 0.49796600
15 -3.99235700 -0.89119100 -1.82790900 -0.50659500 0.21040700 1.39085000
16 -1.40591800 -0.00002500 -0.00000200 -0.01377600 -0.02606000 1.36159100
17 -1.17535800 0.00012600 -0.00001900 0.03573700 0.05772100 0.45866000
18 -4.52675100 -0.69058000 -1.12074100 -0.34755600 0.15083300 1.45582700
19 -1.74403800 0.00003200 -0.00000800 -0.02723700 -0.01149200 1.58318100
20 -1.36877100 0.00002300 0.00000200 0.01247300 0.05098700 0.13591400
21 -1.87479600 -0.93512500 0.99917500 2.10041000 0.44182000 0.86547100
22 -1.52344700 0.00003100 0.00003100 0.08946800 0.14926500 0.64392300
23 -1.59928500 0.00001100 0.00001500 0.03405500 -0.02608500 0.63444600
24 5.58312700 0.11572500 0.29499809 2.70854600 -0.05525400 3.09741800
25 0.19684600 -0.00000200 0.00000300 2.79340684 -0.00094123 -3.14132714
26 -0.48187272 -9.57959314 -1.24982145 1.97586200 1.15991000 1.84280300
27 6.21448600 0.00000800 0.00001900 -0.87737096 0.82032871 -1.83198452
28 11.94488800 -0.00003100 -0.00020000 -0.00492962 -0.37338026 -1.61247729
29 10.62016500 0.00000200 0.00000600 -1.08258185 -0.84822970 -0.22359170
30 4.75115800 0.69437400 -0.83047400 -0.33659400 -0.22394700 1.27220000
31 1.68806500 -0.00002200 0.00000200 -0.00123400 -0.02467300 1.48766100
32 1.33615100 -0.00005100 -0.00000900 0.01621300 -0.03516800 -0.06228900
33 4.82051500 0.50933800 0.22486600 -0.37685200 -0.01490600 1.55226800
34 1.82699200 0.00006600 0.00001000 -0.00051300 0.04045200 1.26079000
35 1.43658100 -0.00000600 0.00001000 0.01098600 -0.01043400 0.02903600
36 3.99235300 0.89108700 1.82799300 -0.58773500 -0.00855600 1.20568000
37 1.40592600 0.00003100 -0.00000300 -0.01283800 -0.02655700 1.32518700
38 1.17536200 -0.00013200 0.00000100 0.05517300 0.11025000 0.42008900
39 4.52675800 0.69046400 1.12084300 -0.49029100 0.04882300 1.52995500
40 1.74404100 -0.00003100 -0.00000200 -0.02474200 -0.01616300 1.40363300
41 1.36876700 -0.00003100 -0.00001800 -0.32324300 0.09380000 -0.20753100
42 1.93928191 1.01468891 -0.90910291 2.07330300 0.40321500 1.15292400
43 1.52345300 -0.00003200 -0.00000200 0.01413000 -0.08869500 0.51776000
44 1.59928100 -0.00000400 0.00001000 0.08163300 -0.01737100 1.03514200
45 5.51180600 -0.00000200 0.00000300 -0.27198700 0.00000000 0.00000000
46 0.19684900 0.00000300 -0.00000100 -0.34822500 0.00001500 -0.00000200
47 0.00000000 1.00000000 0.00000000 0.00000000 0.00000000 -1.57079600
48 -3.84604500 6.58686700 -4.01251600 0.00000000 0.00000000 -3.14156200
49 -7.96581643 20.51846890 -1.85123265 0.38339661 0.18630385 -0.44427189
50 7.38614938 0.11542955 -3.65939982 0.60677400 1.10882600 1.87296100
51 1.32804700 -0.01178200 0.11704500 0.00000000 0.00000000 0.00000000
52 -1.98416800 -0.01178200 0.82896700 0.00000000 0.00000000 0.00000000
53 0.09614000 0.00000000 0.43283900 0.00000000 0.13264500 0.00000000
54 1.61035391 1.20213509 1.18377500 0.00000000 0.09424800 0.00000000
55 -3.31358200 -0.81149100 0.41883600 0.00000000 0.00000000 0.00000000
56 -0.77083300 -1.06967300 1.39120900 0.00000000 0.08377600 0.00000000
57 0.13109200 -2.70192000 -4.24361100 2.90765600 -0.06655600 -1.98217000
time 21
0 -0.00000100 8.45008800 -27.50902600 0.00000000 0.00000000 0.00003100
1 -0.00000200 0.00000000 0.00000000 1.57074700 -1.56714200 -1.57074700
2 4.25546600 -0.33518300 -0.00000200 0.00000000 0.00000000 -0.12484800
3 7.43125000 1.49647900 0.00000200 0.00000000 0.00000000 0.24545000
4 5.27847900 0.16554400 0.00000100 0.00000000 0.00000000 0.04851100
5 -1.18125772 -12.69647015 5.81522249 1.97586500 1.15990900 -1.29878600
6 -6.21447800 -0.00000900 -0.00002600 -2.94877010 -0.67156978 1.20479558
7 11.94488500 0.00000000 0.00000000 -0.28785796 -0.33712105 1.75982627
8 10.62018800 0.00000000 0.00000000 1.03718292 0.15683032 2.74452639
9 -4.75110800 -0.69449800 0.83058000 -0.09752500 -0.07215500 0.36368700
10 -1.68806800 0.00004700 -0.00003100 0.01721300 -0.01778100 0.66972400
11 -1.33614000 0.00005500 -0.00001000 0.02612800 -0.00326300 0.67798300
12 -4.82049400 -0.50946400 -0.22475900 -0.30541200 -0.05688900 1.32645300
13 -1.82698400 -0.00006900 0.00000800 0.00812100 0.03962700 1.47482300
14 -1.43656900 0.00000400 0.00000300 -0.04326900 -0.06465400 0.49796600
15 -3.99235700 -0.89119100 -1.82790900 -0.50659500 0.21040700 1.39085000
16 -1.40591800 -0.00002500 -0.00000200 -0.01377600 -0.02606000 1.36159100
17 -1.17535800 0.00012600 -0.00001900 0.03573700 0.05772100 0.45866000
18 -4.52675100 -0.69058000 -1.12074100 -0.34755600 0.15083300 1.45582700
19 -1.74403800 0.00003200 -0.00000800 -0.02723700 -0.01149200 1.58318100
20 -1.36877100 0.00002300 0.00000200 0.01247300 0.05098700 0.13591400
21 -1.87479600 -0.93512500 0.99917500 2.10041000 0.44182000 0.86547100
22 -1.52344700 0.00003100 0.00003100 0.08946800 0.14926500 0.64392300
23 -1.59928500 0.00001100 0.00001500 0.03405500 -0.02608500 0.63444600
24 5.58312700 0.11572500 0.29499809 2.70854600 -0.05525400 3.09741800
25 0.19684600 -0.00000200 0.00000300 2.79340684 -0.00094123 -3.14132714
26 -0.48187272 -9.57959314 -1.24982145 1.97586200 1.15991000 1.84280300
27 6.21448600 0.00000800 0.00001900 -0.87484397 0.82384731 -1.82816661
28 11.94488800 -0.00003100 -0.00020000 -0.00449348 -0.37418020 -1.61371017
29 10.62016500 0.00000200 0.00000600 -1.08731674 -0.85062808 -0.22230676
30 4.75115800 0.69437400 -0.83047400 -0.33659400 -0.22394700 1.27220000
31 1.68806500 -0.00002200 0.00000200 -0.00123400 -0.02467300 1.48766100
32 1.33615100 -0.00005100 -0.00000900 0.01621300 -0.03516800 -0.06228900
33 4.82051500 0.50933800 0.22486600 -0.37685200 -0.01490600 1.55226800
34 1.82699200 0.00006600 0.00001000 -0.00051300 0.04045200 1.26079000
35 1.43658100 -0.00000600 0.00001000 0.01098600 -0.01043400 0.02903600
36 3.99235300 0.89108700 1.82799300 -0.58773500 -0.00855600 1.20568000
37 1.40592600 0.00003100 -0.00000300 -0.01283800 -0.02655700 1.32518700
38 1.17536200 -0.00013200 0.00000100 0.05517300 0.11025000 0.42008900
39 4.52675800 0.69046400 1.12084300 -0.49029100 0.04882300 1.52995500
40 1.74404100 -0.00003100 -0.00000200 -0.02474200 -0.01616300 1.40363300
41 1.36876700 -0.00003100 -0.00001800 -0.32324300 0.09380000 -0.20753100
42 1.93928191 1.01468891 -0.90910291 2.07330300 0.40321500 1.15292400
43 1.52345300 -0.00003200 -0.00000200 0.01413000 -0.08869500 0.51776000
44 1.59928100 -0.00000400 0.00001000 0.08163300 -0.01737100 1.03514200
45 5.51180600 -0.00000200 0.00000300 -0.27198700 0.00000000 0.00000000
46 0.19684900 0.00000300 -0.00000100 -0.34822500 0.00001500 -0.00000200
47 0.00000000 1.00000000 0.00000000 0.00000000 0.00000000 -1.57079600
48 -3.84604500 6.58686700 -4.01251600 0.00000000 0.00000000 -3.14156200
49 -8.01523289 20.51859152 -1.90443811 0.38370590 0.18264536 -0.44399256
50 7.38614938 0.11542955 -3.65939982 0.60677400 1.10882600 1.87296100
51 1.32804700 -0.01178200 0.11704500 0.00000000 0.00000000 0.00000000
52 -1.98416800 -0.01178200 0.82896700 0.00000000 0.00000000 0.00000000
53 0.09614000 0.00000000 0.43283900 0.00000000 0.13264500 0.00000000
54 1.61035391 1.20213509 1.18377500 0.00000000 0.09424800 0.00000000
55 -3.31358200 -0.81149100 0.41883600 0.00000000 0.00000000 0.00000000
56 -0.77083300 -1.06967300 1.39120900 0.00000000 0.08377600 0.00000000
57 0.13109200 -2.70192000 -4.24361100 2.90765600 -0.06655600 -1.98217000
time 22
0 -0.00000100 8.45008800 -27.50902600 0.00000000 0.00000000 0.00003100
1 -0.00000200 0.00000000 0.00000000 1.57074700 -1.56714200 -1.57074700
2 4.25546600 -0.33518300 -0.00000200 0.00000000 0.00000000 -0.12484800
3 7.43125000 1.49647900 0.00000200 0.00000000 0.00000000 0.24545000
4 5.27847900 0.16554400 0.00000100 0.00000000 0.00000000 0.04851100
5 -1.18125772 -12.69647015 5.81522249 1.97586500 1.15990900 -1.29878600
6 -6.21447800 -0.00000900 -0.00002600 -2.95171705 -0.67208067 1.20374786
7 11.94488500 0.00000000 0.00000000 -0.28726622 -0.33818099 1.75787792
8 10.62018800 0.00000000 0.00000000 1.03853250 0.15680334 2.74399580
9 -4.75110800 -0.69449800 0.83058000 -0.09752500 -0.07215500 0.36368700
10 -1.68806800 0.00004700 -0.00003100 0.01721300 -0.01778100 0.66972400
11 -1.33614000 0.00005500 -0.00001000 0.02612800 -0.00326300 0.67798300
12 -4.82049400 -0.50946400 -0.22475900 -0.30541200 -0.05688900 1.32645300
13 -1.82698400 -0.00006900 0.00000800 0.00812100 0.03962700 1.47482300
14 -1.43656900 0.00000400 0.00000300 -0.04326900 -0.06465400 0.49796600
15 -3.99235700 -0.89119100 -1.82790900 -0.50659500 0.21040700 1.39085000
16 -1.40591800 -0.00002500 -0.00000200 -0.01377600 -0.02606000 1.36159100
17 -1.17535800 0.00012600 -0.00001900 0.03573700 0.05772100 0.45866000
18 -4.52675100 -0.69058000 -1.12074100 -0.34755600 0.15083300 1.45582700
19 -1.74403800 0.00003200 -0.00000800 -0.02723700 -0.01149200 1.58318100
20 -1.36877100 0.00002300 0.00000200 0.01247300 0.05098700 0.13591400
21 -1.87479600 -0.93512500 0.99917500 2.10041000 0.44182000 0.86547100
22 -1.52344700 0.00003100 0.00003100 0.08946800 0.14926500 0.64392300
23 -1.59928500 0.00001100 0.00001500 0.03405500 -0.02608500 0.63444600
24 5.58312700 0.11572500 0.29499809 2.70854600 -0.05525400 3.09741800
25 0.19684600 -0.00000200 0.00000300 2.79340684 -0.00094123 -3.14132714
26 -0.48187272 -9.57959314 -1.24982145 1.97586200 1.15991000 1.84280300
27 6.21448600 0.00000800 0.00001900 -0.87209785 0.82705128 -1.82431379
28 11.94488800 -0.00003100 -0.00020000 -0.00429241 -0.37497365 -1.61452905
29 10.62016500 0.00000200 0.00000600 -1.09214063 -0.85325292 -0.22130774
30 4.75115800 0.69437400 -0.83047400 -0.33659400 -0.22394700 1.27220000
31 1.68806500 -0.00002200 0.00000200 -0.00123400 -0.02467300 1.48766100
32 1.33615100 -0.00005100 -0.00000900 0.01621300 -0.03516800 -0.06228900
33 4.82051500 0.50933800 0.22486600 -0.37685200 -0.01490600 1.55226800
34 1.82699200 0.00006600 0.00001000 -0.00051300 0.04045200 1.26079000
35 1.43658100 -0.00000600 0.00001000 0.01098600 -0.01043400 0.02903600
36 3.99235300 0.89108700 1.82799300 -0.58773500 -0.00855600 1.20568000
37 1.40592600 0.00003100 -0.00000300 -0.01283800 -0.02655700 1.32518700
38 1.17536200 -0.00013200 0.00000100 0.05517300 0.11025000 0.42008900
39 4.52675800 0.69046400 1.12084300 -0.49029100 0.04882300 1.52995500
40 1.74404100 -0.00003100 -0.00000200 -0.02474200 -0.01616300 1.40363300
41 1.36876700 -0.00003100 -0.00001800 -0.32324300 0.09380000 -0.20753100
42 1.93928191 1.01468891 -0.90910291 2.07330300 0.40321500 1.15292400
43 1.52345300 -0.00003200 -0.00000200 0.01413000 -0.08869500 0.51776000
44 1.59928100 -0.00000400 0.00001000 0.08163300 -0.01737100 1.03514200
45 5.51180600 -0.00000200 0.00000300 -0.27198700 0.00000000 0.00000000
46 0.19684900 0.00000300 -0.00000100 -0.34822500 0.00001500 -0.00000200
47 0.00000000 1.00000000 0.00000000 0.00000000 0.00000000 -1.57079600
48 -3.84604500 6.58686700 -4.01251600 0.00000000 0.00000000 -3.14156200
49 -8.06190867 20.51870654 -1.95474926 0.38440218 0.17912111 -0.44371619
50 7.38614938 0.11542955 -3.65939982 0.60677400 1.10882600 1.87296100
51 1.32804700 -0.01178200 0.11704500 0.00000000 0.00000000 0.00000000
52 -1.98416800 -0.01178200 0.82896700 0.00000000 0.00000000 0.00000000
53 0.09614000 0.00000000 0.43283900 0.00000000 0.13264500 0.00000000
54 1.61035391 1.20213509 1.18377500 0.00000000 0.09424800 0.00000000
55 -3.31358200 -0.81149100 0.41883600 0.00000000 0.00000000 0.00000000
56 -0.77083300 -1.06967300 1.39120900 0.00000000 0.08377600 0.00000000
57 0.13109200 -2.70192000 -4.24361100 2.90765600 -0.06655600 -1.98217000
time 23
0 -0.00000100 8.45008800 -27.50902600 0.00000000 0.00000000 0.00003100
1 -0.00000200 0.00000000 0.00000000 1.57074700 -1.56714200 -1.57074700
2 4.25546600 -0.33518300 -0.00000200 0.00000000 0.00000000 -0.12484800
3 7.43125000 1.49647900 0.00000200 0.00000000 0.00000000 0.24545000
4 5.27847900 0.16554400 0.00000100 0.00000000 0.00000000 0.04851100
5 -1.18125772 -12.69647015 5.81522249 1.97586500 1.15990900 -1.29878600
6 -6.21447800 -0.00000900 -0.00002600 -2.95340553 -0.67239357 1.20301989
7 11.94488500 0.00000000 0.00000000 -0.28694596 -0.33903979 1.75689862
8 10.62018800 0.00000000 0.00000000 1.04191053 0.15516274 2.74341582
9 -4.75110800 -0.69449800 0.83058000 -0.09752500 -0.07215500 0.36368700
10 -1.68806800 0.00004700 -0.00003100 0.01721300 -0.01778100 0.66972400
11 -1.33614000 0.00005500 -0.00001000 0.02612800 -0.00326300 0.67798300
12 -4.82049400 -0.50946400 -0.22475900 -0.30541200 -0.05688900 1.32645300
13 -1.82698400 -0.00006900 0.00000800 0.00812100 0.03962700 1.47482300
14 -1.43656900 0.00000400 0.00000300 -0.04326900 -0.06465400 0.49796600
15 -3.99235700 -0.89119100 -1.82790900 -0.50659500 0.21040700 1.39085000
16 -1.40591800 -0.00002500 -0.00000200 -0.01377600 -0.02606000 1.36159100
17 -1.17535800 0.00012600 -0.00001900 0.03573700 0.05772100 0.45866000
18 -4.52675100 -0.69058000 -1.12074100 -0.34755600 0.15083300 1.45582700
19 -1.74403800 0.00003200 -0.00000800 -0.02723700 -0.01149200 1.58318100
20 -1.36877100 0.00002300 0.00000200 0.01247300 0.05098700 0.13591400
21 -1.87479600 -0.93512500 0.99917500 2.10041000 0.44182000 0.86547100
22 -1.52344700 0.00003100 0.00003100 0.08946800 0.14926500 0.64392300
23 -1.59928500 0.00001100 0.00001500 0.03405500 -0.02608500 0.63444600
24 5.58312700 0.11572500 0.29499809 2.70854600 -0.05525400 3.09741800
25 0.19684600 -0.00000200 0.00000300 2.79340684 -0.00094123 -3.14132714
26 -0.48187272 -9.57959314 -1.24982145 1.97586200 1.15991000 1.84280300
27 6.21448600 0.00000800 0.00001900 -0.86901730 0.82955330 -1.82139631
28 11.94488800 -0.00003100 -0.00020000 -0.00444828 -0.37575228 -1.61411336
29 10.62016500 0.00000200 0.00000600 -1.09774001 -0.85708932 -0.22141740
30 4.75115800 0.69437400 -0.83047400 -0.33659400 -0.22394700 1.27220000
31 1.68806500 -0.00002200 0.00000200 -0.00123400 -0.02467300 1.48766100
32 1.33615100 -0.00005100 -0.00000900 0.01621300 -0.03516800 -0.06228900
33 4.82051500 0.50933800 0.22486600 -0.37685200 -0.01490600 1.55226800
34 1.82699200 0.00006600 0.00001000 -0.00051300 0.04045200 1.26079000
35 1.43658100 -0.00000600 0.00001000 0.01098600 -0.01043400 0.02903600
36 3.99235300 0.89108700 1.82799300 -0.58773500 -0.00855600 1.20568000
37 1.40592600 0.00003100 -0.00000300 -0.01283800 -0.02655700 1.32518700
38 1.17536200 -0.00013200 0.00000100 0.05517300 0.11025000 0.42008900
39 4.52675800 0.69046400 1.12084300 -0.49029100 0.04882300 1.52995500
40 1.74404100 -0.00003100 -0.00000200 -0.02474200 -0.01616300 1.40363300
41 1.36876700 -0.00003100 -0.00001800 -0.32324300 0.09380000 -0.20753100
42 1.93928191 1.01468891 -0.90910291 2.07330300 0.40321500 1.15292400
43 1.52345300 -0.00003200 -0.00000200 0.01413000 -0.08869500 0.51776000
44 1.59928100 -0.00000400 0.00001000 0.08163300 -0.01737100 1.03514200
45 5.51180600 -0.00000200 0.00000300 -0.27198700 0.00000000 0.00000000
46 0.19684900 0.00000300 -0.00000100 -0.34822500 0.00001500 -0.00000200
47 0.00000000 1.00000000 0.00000000 0.00000000 0.00000000 -1.57079600
48 -3.84604500 6.58686700 -4.01251600 0.00000000 0.00000000 -3.14156200
49 -8.09751752 20.51881279 -1.99740869 0.38676453 0.17525025 -0.44405734
50 7.38614938 0.11542955 -3.65939982 0.60677400 1.10882600 1.87296100
51 1.32804700 -0.01178200 0.11704500 0.00000000 0.00000000 0.00000000
52 -1.98416800 -0.01178200 0.82896700 0.00000000 0.00000000 0.00000000
53 0.09614000 0.00000000 0.43283900 0.00000000 0.13264500 0.00000000
54 1.61035391 1.20213509 1.18377500 0.00000000 0.09424800 0.00000000
55 -3.31358200 -0.81149100 0.41883600 0.00000000 0.00000000 0.00000000
56 -0.77083300 -1.06967300 1.39120900 0.00000000 0.08377600 0.00000000
57 0.13109200 -2.70192000 -4.24361100 2.90765600 -0.06655600 -1.98217000
time 24
0 -0.00000100 8.45008800 -27.50902600 0.00000000 0.00000000 0.00003100
1 -0.00000200 0.00000000 0.00000000 1.57074700 -1.56714200 -1.57074700
2 4.25546600 -0.33518300 -0.00000200 0.00000000 0.00000000 -0.12484800
3 7.43125000 1.49647900 0.00000200 0.00000000 0.00000000 0.24545000
4 5.27847900 0.16554400 0.00000100 0.00000000 0.00000000 0.04851100
5 -1.18125772 -12.69647015 5.81522249 1.97586500 1.15990900 -1.29878600
6 -6.21447800 -0.00000900 -0.00002600 -2.95481490 -0.67268717 1.20243180
7 11.94488500 0.00000000 0.00000000 -0.28684138 -0.33980631 1.75669006
8 10.62018800 0.00000000 0.00000000 1.04524575 0.15286010 2.74169614
9 -4.75110800 -0.69449800 0.83058000 -0.09752500 -0.07215500 0.36368700
10 -1.68806800 0.00004700 -0.00003100 0.01721300 -0.01778100 0.66972400
11 -1.33614000 0.00005500 -0.00001000 0.02612800 -0.00326300 0.67798300
12 -4.82049400 -0.50946400 -0.22475900 -0.30541200 -0.05688900 1.32645300
13 -1.82698400 -0.00006900 0.00000800 0.00812100 0.03962700 1.47482300
14 -1.43656900 0.00000400 0.00000300 -0.04326900 -0.06465400 0.49796600
15 -3.99235700 -0.89119100 -1.82790900 -0.50659500 0.21040700 1.39085000
16 -1.40591800 -0.00002500 -0.00000200 -0.01377600 -0.02606000 1.36159100
17 -1.17535800 0.00012600 -0.00001900 0.03573700 0.05772100 0.45866000
18 -4.52675100 -0.69058000 -1.12074100 -0.34755600 0.15083300 1.45582700
19 -1.74403800 0.00003200 -0.00000800 -0.02723700 -0.01149200 1.58318100
20 -1.36877100 0.00002300 0.00000200 0.01247300 0.05098700 0.13591400
21 -1.87479600 -0.93512500 0.99917500 2.10041000 0.44182000 0.86547100
22 -1.52344700 0.00003100 0.00003100 0.08946800 0.14926500 0.64392300
23 -1.59928500 0.00001100 0.00001500 0.03405500 -0.02608500 0.63444600
24 5.58312700 0.11572500 0.29499809 2.70854600 -0.05525400 3.09741800
25 0.19684600 -0.00000200 0.00000300 2.79340684 -0.00094123 -3.14132714
26 -0.48187272 -9.57959314 -1.24982145 1.97586200 1.15991000 1.84280300
27 6.21448600 0.00000800 0.00001900 -0.86588548 0.83188783 -1.81877895
28 11.94488800 -0.00003100 -0.00020000 -0.00451991 -0.37652754 -1.61392460
29 10.62016500 0.00000200 0.00000600 -1.10380905 -0.86135851 -0.22060090
30 4.75115800 0.69437400 -0.83047400 -0.33659400 -0.22394700 1.27220000
31 1.68806500 -0.00002200 0.00000200 -0.00123400 -0.02467300 1.48766100
32 1.33615100 -0.00005100 -0.00000900 0.01621300 -0.03516800 -0.06228900
33 4.82051500 0.50933800 0.22486600 -0.37685200 -0.01490600 1.55226800
34 1.82699200 0.00006600 0.00001000 -0.00051300 0.04045200 1.26079000
35 1.43658100 -0.00000600 0.00001000 0.01098600 -0.01043400 0.02903600
36 3.99235300 0.89108700 1.82799300 -0.58773500 -0.00855600 1.20568000
37 1.40592600 0.00003100 -0.00000300 -0.01283800 -0.02655700 1.32518700
38 1.17536200 -0.00013200 0.00000100 0.05517300 0.11025000 0.42008900
39 4.52675800 0.69046400 1.12084300 -0.49029100 0.04882300 1.52995500
40 1.74404100 -0.00003100 -0.00000200 -0.02474200 -0.01616300 1.40363300
41 1.36876700 -0.00003100 -0.00001800 -0.32324300 0.09380000 -0.20753100
42 1.93928191 1.01468891 -0.90910291 2.07330300 0.40321500 1.15292400
43 1.52345300 -0.00003200 -0.00000200 0.01413000 -0.08869500 0.51776000
44 1.59928100 -0.00000400 0.00001000 0.08163300 -0.01737100 1.03514200
45 5.51180600 -0.00000200 0.00000300 -0.27198700 0.00000000 0.00000000
46 0.19684900 0.00000300 -0.00000100 -0.34822500 0.00001500 -0.00000200
47 0.00000000 1.00000000 0.00000000 0.00000000 0.00000000 -1.57079600
48 -3.84604500 6.58686700 -4.01251600 0.00000000 0.00000000 -3.14156200
49 -8.12997257 20.51890900 -2.03734579 0.38894344 0.17093539 -0.44464822
50 7.38614938 0.11542955 -3.65939982 0.60677400 1.10882600 1.87296100
51 1.32804700 -0.01178200 0.11704500 0.00000000 0.00000000 0.00000000
52 -1.98416800 -0.01178200 0.82896700 0.00000000 0.00000000 0.00000000
53 0.09614000 0.00000000 0.43283900 0.00000000 0.13264500 0.00000000
54 1.61035391 1.20213509 1.18377500 0.00000000 0.09424800 0.00000000
55 -3.31358200 -0.81149100 0.41883600 0.00000000 0.00000000 0.00000000
56 -0.77083300 -1.06967300 1.39120900 0.00000000 0.08377600 0.00000000
57 0.13109200 -2.70192000 -4.24361100 2.90765600 -0.06655600 -1.98217000
time 25
0 -0.00000100 8.45008800 -27.50902600 0.00000000 0.00000000 0.00003100
1 -0.00000200 0.00000000 0.00000000 1.57074700 -1.56714200 -1.57074700
2 4.25546600 -0.33518300 -0.00000200 0.00000000 0.00000000 -0.12484800
3 7.43125000 1.49647900 0.00000200 0.00000000 0.00000000 0.24545000
4 5.27847900 0.16554400 0.00000100 0.00000000 0.00000000 0.04851100
5 -1.18125772 -12.69647015 5.81522249 1.97586500 1.15990900 -1.29878600
6 -6.21447800 -0.00000900 -0.00002600 -2.95518355 -0.67286150 1.20189825
7 11.94488500 0.00000000 0.00000000 -0.28698839 -0.34037960 1.75699205
8 10.62018800 0.00000000 0.00000000 1.04970612 0.14951975 2.73973366
9 -4.75110800 -0.69449800 0.83058000 -0.09752500 -0.07215500 0.36368700
10 -1.68806800 0.00004700 -0.00003100 0.01721300 -0.01778100 0.66972400
11 -1.33614000 0.00005500 -0.00001000 0.02612800 -0.00326300 0.67798300
12 -4.82049400 -0.50946400 -0.22475900 -0.30541200 -0.05688900 1.32645300
13 -1.82698400 -0.00006900 0.00000800 0.00812100 0.03962700 1.47482300
14 -1.43656900 0.00000400 0.00000300 -0.04326900 -0.06465400 0.49796600
15 -3.99235700 -0.89119100 -1.82790900 -0.50659500 0.21040700 1.39085000
16 -1.40591800 -0.00002500 -0.00000200 -0.01377600 -0.02606000 1.36159100
17 -1.17535800 0.00012600 -0.00001900 0.03573700 0.05772100 0.45866000
18 -4.52675100 -0.69058000 -1.12074100 -0.34755600 0.15083300 1.45582700
19 -1.74403800 0.00003200 -0.00000800 -0.02723700 -0.01149200 1.58318100
20 -1.36877100 0.00002300 0.00000200 0.01247300 0.05098700 0.13591400
21 -1.87479600 -0.93512500 0.99917500 2.10041000 0.44182000 0.86547100
22 -1.52344700 0.00003100 0.00003100 0.08946800 0.14926500 0.64392300
23 -1.59928500 0.00001100 0.00001500 0.03405500 -0.02608500 0.63444600
24 5.58312700 0.11572500 0.29499809 2.70854600 -0.05525400 3.09741800
25 0.19684600 -0.00000200 0.00000300 2.79340684 -0.00094123 -3.14132714
26 -0.48187272 -9.57959314 -1.24982145 1.97586200 1.15991000 1.84280300
27 6.21448600 0.00000800 0.00001900 -0.86279767 0.83372058 -1.81681151
28 11.94488800 -0.00003100 -0.00020000 -0.00491676 -0.37720003 -1.61305831
29 10.62016500 0.00000200 0.00000600 -1.11022192 -0.86625049 -0.22011437
30 4.75115800 0.69437400 -0.83047400 -0.33659400 -0.22394700 1.27220000
31 1.68806500 -0.00002200 0.00000200 -0.00123400 -0.02467300 1.48766100
32 1.33615100 -0.00005100 -0.00000900 0.01621300 -0.03516800 -0.06228900
33 4.82051500 0.50933800 0.22486600 -0.37685200 -0.01490600 1.55226800
34 1.82699200 0.00006600 0.00001000 -0.00051300 0.04045200 1.26079000
35 1.43658100 -0.00000600 0.00001000 0.01098600 -0.01043400 0.02903600
36 3.99235300 0.89108700 1.82799300 -0.58773500 -0.00855600 1.20568000
37 1.40592600 0.00003100 -0.00000300 -0.01283800 -0.02655700 1.32518700
38 1.17536200 -0.00013200 0.00000100 0.05517300 0.11025000 0.42008900
39 4.52675800 0.69046400 1.12084300 -0.49029100 0.04882300 1.52995500
40 1.74404100 -0.00003100 -0.00000200 -0.02474200 -0.01616300 1.40363300
41 1.36876700 -0.00003100 -0.00001800 -0.32324300 0.09380000 -0.20753100
42 1.93928191 1.01468891 -0.90910291 2.07330300 0.40321500 1.15292400
43 1.52345300 -0.00003200 -0.00000200 0.01413000 -0.08869500 0.51776000
44 1.59928100 -0.00000400 0.00001000 0.08163300 -0.01737100 1.03514200
45 5.51180600 -0.00000200 0.00000300 -0.27198700 0.00000000 0.00000000
46 0.19684900 0.00000300 -0.00000100 -0.34822500 0.00001500 -0.00000200
47 0.00000000 1.00000000 0.00000000 0.00000000 0.00000000 -1.57079600
48 -3.84604500 6.58686700 -4.01251600 0.00000000 0.00000000 -3.14156200
49 -8.15589061 20.51899391 -2.07115691 0.39197369 0.16637253 -0.44556992
50 7.38614938 0.11542955 -3.65939982 0.60677400 1.10882600 1.87296100
51 1.32804700 -0.01178200 0.11704500 0.00000000 0.00000000 0.00000000
52 -1.98416800 -0.01178200 0.82896700 0.00000000 0.00000000 0.00000000
53 0.09614000 0.00000000 0.43283900 0.00000000 0.13264500 0.00000000
54 1.61035391 1.20213509 1.18377500 0.00000000 0.09424800 0.00000000
55 -3.31358200 -0.81149100 0.41883600 0.00000000 0.00000000 0.00000000
56 -0.77083300 -1.06967300 1.39120900 0.00000000 0.08377600 0.00000000
57 0.13109200 -2.70192000 -4.24361100 2.90765600 -0.06655600 -1.98217000
time 26
0 -0.00000100 8.45008800 -27.50902600 0.00000000 0.00000000 0.00003100
1 -0.00000200 0.00000000 0.00000000 1.57074700 -1.56714200 -1.57074700
2 4.25546600 -0.33518300 -0.00000200 0.00000000 0.00000000 -0.12484800
3 7.43125000 1.49647900 0.00000200 0.00000000 0.00000000 0.24545000
4 5.27847900 0.16554400 0.00000100 0.00000000 0.00000000 0.04851100
5 -1.18125772 -12.69647015 5.81522249 1.97586500 1.15990900 -1.29878600
6 -6.21447800 -0.00000900 -0.00002600 -2.95471483 -0.67296818 1.20152692
7 11.94488500 0.00000000 0.00000000 -0.28723305 -0.34089891 1.75773215
8 10.62018800 0.00000000 0.00000000 1.05533551 0.14547924 2.73820439
9 -4.75110800 -0.69449800 0.83058000 -0.09752500 -0.07215500 0.36368700
10 -1.68806800 0.00004700 -0.00003100 0.01721300 -0.01778100 0.66972400
11 -1.33614000 0.00005500 -0.00001000 0.02612800 -0.00326300 0.67798300
12 -4.82049400 -0.50946400 -0.22475900 -0.30541200 -0.05688900 1.32645300
13 -1.82698400 -0.00006900 0.00000800 0.00812100 0.03962700 1.47482300
14 -1.43656900 0.00000400 0.00000300 -0.04326900 -0.06465400 0.49796600
15 -3.99235700 -0.89119100 -1.82790900 -0.50659500 0.21040700 1.39085000
16 -1.40591800 -0.00002500 -0.00000200 -0.01377600 -0.02606000 1.36159100
17 -1.17535800 0.00012600 -0.00001900 0.03573700 0.05772100 0.45866000
18 -4.52675100 -0.69058000 -1.12074100 -0.34755600 0.15083300 1.45582700
19 -1.74403800 0.00003200 -0.00000800 -0.02723700 -0.01149200 1.58318100
20 -1.36877100 0.00002300 0.00000200 0.01247300 0.05098700 0.13591400
21 -1.87479600 -0.93512500 0.99917500 2.10041000 0.44182000 0.86547100
22 -1.52344700 0.00003100 0.00003100 0.08946800 0.14926500 0.64392300
23 -1.59928500 0.00001100 0.00001500 0.03405500 -0.02608500 0.63444600
24 5.58312700 0.11572500 0.29499809 2.70854600 -0.05525400 3.09741800
25 0.19684600 -0.00000200 0.00000300 2.79340684 -0.00094123 -3.14132714
26 -0.48187272 -9.57959314 -1.24982145 1.97586200 1.15991000 1.84280300
27 6.21448600 0.00000800 0.00001900 -0.85964224 0.83483914 -1.81541355
28 11.94488800 -0.00003100 -0.00020000 -0.00552781 -0.37801925 -1.61136160
29 10.62016500 0.00000200 0.00000600 -1.11690690 -0.87155665 -0.22073481
30 4.75115800 0.69437400 -0.83047400 -0.33659400 -0.22394700 1.27220000
31 1.68806500 -0.00002200 0.00000200 -0.00123400 -0.02467300 1.48766100
32 1.33615100 -0.00005100 -0.00000900 0.01621300 -0.03516800 -0.06228900
33 4.82051500 0.50933800 0.22486600 -0.37685200 -0.01490600 1.55226800
34 1.82699200 0.00006600 0.00001000 -0.00051300 0.04045200 1.26079000
35 1.43658100 -0.00000600 0.00001000 0.01098600 -0.01043400 0.02903600
36 3.99235300 0.89108700 1.82799300 -0.58773500 -0.00855600 1.20568000
37 1.40592600 0.00003100 -0.00000300 -0.01283800 -0.02655700 1.32518700
38 1.17536200 -0.00013200 0.00000100 0.05517300 0.11025000 0.42008900
39 4.52675800 0.69046400 1.12084300 -0.49029100 0.04882300 1.52995500
40 1.74404100 -0.00003100 -0.00000200 -0.02474200 -0.01616300 1.40363300
41 1.36876700 -0.00003100 -0.00001800 -0.32324300 0.09380000 -0.20753100
42 1.93928191 1.01468891 -0.90910291 2.07330300 0.40321500 1.15292400
43 1.52345300 -0.00003200 -0.00000200 0.01413000 -0.08869500 0.51776000
44 1.59928100 -0.00000400 0.00001000 0.08163300 -0.01737100 1.03514200
45 5.51180600 -0.00000200 0.00000300 -0.27198700 0.00000000 0.00000000
46 0.19684900 0.00000300 -0.00000100 -0.34822500 0.00001500 -0.00000200
47 0.00000000 1.00000000 0.00000000 0.00000000 0.00000000 -1.57079600
48 -3.84604500 6.58686700 -4.01251600 0.00000000 0.00000000 -3.14156200
49 -8.17561020 20.51906598 -2.09817069 0.39618784 0.16199389 -0.44674700
50 7.38614938 0.11542955 -3.65939982 0.60677400 1.10882600 1.87296100
51 1.32804700 -0.01178200 0.11704500 0.00000000 0.00000000 0.00000000
52 -1.98416800 -0.01178200 0.82896700 0.00000000 0.00000000 0.00000000
53 0.09614000 0.00000000 0.43283900 0.00000000 0.13264500 0.00000000
54 1.61035391 1.20213509 1.18377500 0.00000000 0.09424800 0.00000000
55 -3.31358200 -0.81149100 0.41883600 0.00000000 0.00000000 0.00000000
56 -0.77083300 -1.06967300 1.39120900 0.00000000 0.08377600 0.00000000
57 0.13109200 -2.70192000 -4.24361100 2.90765600 -0.06655600 -1.98217000
time 27
0 -0.00000100 8.45008800 -27.50902600 0.00000000 0.00000000 0.00003100
1 -0.00000200 0.00000000 0.00000000 1.57074700 -1.56714200 -1.57074700
2 4.25546600 -0.33518300 -0.00000200 0.00000000 0.00000000 -0.12484800
3 7.43125000 1.49647900 0.00000200 0.00000000 0.00000000 0.24545000
4 5.27847900 0.16554400 0.00000100 0.00000000 0.00000000 0.04851100
5 -1.18125772 -12.69647015 5.81522249 1.97586500 1.15990900 -1.29878600
6 -6.21447800 -0.00000900 -0.00002600 -2.95403395 -0.67291222 1.20117844
7 11.94488500 0.00000000 0.00000000 -0.28746463 -0.34130482 1.75849719
8 10.62018800 0.00000000 0.00000000 1.06118586 0.14126168 2.73668225
9 -4.75110800 -0.69449800 0.83058000 -0.09752500 -0.07215500 0.36368700
10 -1.68806800 0.00004700 -0.00003100 0.01721300 -0.01778100 0.66972400
11 -1.33614000 0.00005500 -0.00001000 0.02612800 -0.00326300 0.67798300
12 -4.82049400 -0.50946400 -0.22475900 -0.30541200 -0.05688900 1.32645300
13 -1.82698400 -0.00006900 0.00000800 0.00812100 0.03962700 1.47482300
14 -1.43656900 0.00000400 0.00000300 -0.04326900 -0.06465400 0.49796600
15 -3.99235700 -0.89119100 -1.82790900 -0.50659500 0.21040700 1.39085000
16 -1.40591800 -0.00002500 -0.00000200 -0.01377600 -0.02606000 1.36159100
17 -1.17535800 0.00012600 -0.00001900 0.03573700 0.05772100 0.45866000
18 -4.52675100 -0.69058000 -1.12074100 -0.34755600 0.15083300 1.45582700
19 -1.74403800 0.00003200 -0.00000800 -0.02723700 -0.01149200 1.58318100
20 -1.36877100 0.00002300 0.00000200 0.01247300 0.05098700 0.13591400
21 -1.87479600 -0.93512500 0.99917500 2.10041000 0.44182000 0.86547100
22 -1.52344700 0.00003100 0.00003100 0.08946800 0.14926500 0.64392300
23 -1.59928500 0.00001100 0.00001500 0.03405500 -0.02608500 0.63444600
24 5.58312700 0.11572500 0.29499809 2.70854600 -0.05525400 3.09741800
25 0.19684600 -0.00000200 0.00000300 2.79340684 -0.00094123 -3.14132714
26 -0.48187272 -9.57959314 -1.24982145 1.97586200 1.15991000 1.84280300
27 6.21448600 0.00000800 0.00001900 -0.85646145 0.83575291 -1.81432068
28 11.94488800 -0.00003100 -0.00020000 -0.00618927 -0.37895445 -1.60945980
29 10.62016500 0.00000200 0.00000600 -1.12339177 -0.87672196 -0.22153124
30 4.75115800 0.69437400 -0.83047400 -0.33659400 -0.22394700 1.27220000
31 1.68806500 -0.00002200 0.00000200 -0.00123400 -0.02467300 1.48766100
32 1.33615100 -0.00005100 -0.00000900 0.01621300 -0.03516800 -0.06228900
33 4.82051500 0.50933800 0.22486600 -0.37685200 -0.01490600 1.55226800
34 1.82699200 0.00006600 0.00001000 -0.00051300 0.04045200 1.26079000
35 1.43658100 -0.00000600 0.00001000 0.01098600 -0.01043400 0.02903600
36 3.99235300 0.89108700 1.82799300 -0.58773500 -0.00855600 1.20568000
37 1.40592600 0.00003100 -0.00000300 -0.01283800 -0.02655700 1.32518700
38 1.17536200 -0.00013200 0.00000100 0.05517300 0.11025000 0.42008900
39 4.52675800 0.69046400 1.12084300 -0.49029100 0.04882300 1.52995500
40 1.74404100 -0.00003100 -0.00000200 -0.02474200 -0.01616300 1.40363300
41 1.36876700 -0.00003100 -0.00001800 -0.32324300 0.09380000 -0.20753100
42 1.93928191 1.01468891 -0.90910291 2.07330300 0.40321500 1.15292400
43 1.52345300 -0.00003200 -0.00000200 0.01413000 -0.08869500 0.51776000
44 1.59928100 -0.00000400 0.00001000 0.08163300 -0.01737100 1.03514200
45 5.51180600 -0.00000200 0.00000300 -0.27198700 0.00000000 0.00000000
46 0.19684900 0.00000300 -0.00000100 -0.34822500 0.00001500 -0.00000200
47 0.00000000 1.00000000 0.00000000 0.00000000 0.00000000 -1.57079600
48 -3.84604500 6.58686700 -4.01251600 0.00000000 0.00000000 -3.14156200
49 -8.19257159 20.51912448 -2.12216317 0.40059876 0.15775297 -0.44792417
50 7.38614938 0.11542955 -3.65939982 0.60677400 1.10882600 1.87296100
51 1.32804700 -0.01178200 0.11704500 0.00000000 0.00000000 0.00000000
52 -1.98416800 -0.01178200 0.82896700 0.00000000 0.00000000 0.00000000
53 0.09614000 0.00000000 0.43283900 0.00000000 0.13264500 0.00000000
54 1.61035391 1.20213509 1.18377500 0.00000000 0.09424800 0.00000000
55 -3.31358200 -0.81149100 0.41883600 0.00000000 0.00000000 0.00000000
56 -0.77083300 -1.06967300 1.39120900 0.00000000 0.08377600 0.00000000
57 0.13109200 -2.70192000 -4.24361100 2.90765600 -0.06655600 -1.98217000
time 28
0 -0.00000100 8.45008800 -27.50902600 0.00000000 0.00000000 0.00003100
1 -0.00000200 0.00000000 0.00000000 1.57074700 -1.56714200 -1.57074700
2 4.25546600 -0.33518300 -0.00000200 0.00000000 0.00000000 -0.12484800
3 7.43125000 1.49647900 0.00000200 0.00000000 0.00000000 0.24545000
4 5.27847900 0.16554400 0.00000100 0.00000000 0.00000000 0.04851100
5 -1.18125772 -12.69647015 5.81522249 1.97586500 1.15990900 -1.29878600
6 -6.21447800 -0.00000900 -0.00002600 -2.95240529 -0.67275222 1.20124710
7 11.94488500 0.00000000 0.00000000 -0.28783746 -0.34154666 1.75958357
8 10.62018800 0.00000000 0.00000000 1.06857027 0.13624824 2.73596923
9 -4.75110800 -0.69449800 0.83058000 -0.09752500 -0.07215500 0.36368700
10 -1.68806800 0.00004700 -0.00003100 0.01721300 -0.01778100 0.66972400
11 -1.33614000 0.00005500 -0.00001000 0.02612800 -0.00326300 0.67798300
12 -4.82049400 -0.50946400 -0.22475900 -0.30541200 -0.05688900 1.32645300
13 -1.82698400 -0.00006900 0.00000800 0.00812100 0.03962700 1.47482300
14 -1.43656900 0.00000400 0.00000300 -0.04326900 -0.06465400 0.49796600
15 -3.99235700 -0.89119100 -1.82790900 -0.50659500 0.21040700 1.39085000
16 -1.40591800 -0.00002500 -0.00000200 -0.01377600 -0.02606000 1.36159100
17 -1.17535800 0.00012600 -0.00001900 0.03573700 0.05772100 0.45866000
18 -4.52675100 -0.69058000 -1.12074100 -0.34755600 0.15083300 1.45582700
19 -1.74403800 0.00003200 -0.00000800 -0.02723700 -0.01149200 1.58318100
20 -1.36877100 0.00002300 0.00000200 0.01247300 0.05098700 0.13591400
21 -1.87479600 -0.93512500 0.99917500 2.10041000 0.44182000 0.86547100
22 -1.52344700 0.00003100 0.00003100 0.08946800 0.14926500 0.64392300
23 -1.59928500 0.00001100 0.00001500 0.03405500 -0.02608500 0.63444600
24 5.58312700 0.11572500 0.29499809 2.70854600 -0.05525400 3.09741800
25 0.19684600 -0.00000200 0.00000300 2.79340684 -0.00094123 -3.14132714
26 -0.48187272 -9.57959314 -1.24982145 1.97586200 1.15991000 1.84280300
27 6.21448600 0.00000800 0.00001900 -0.85307161 0.83580748 -1.81418658
28 11.94488800 -0.00003100 -0.00020000 -0.00736284 -0.38030800 -1.60636166
29 10.62016500 0.00000200 0.00000600 -1.12991598 -0.88248629 -0.22404240
30 4.75115800 0.69437400 -0.83047400 -0.33659400 -0.22394700 1.27220000
31 1.68806500 -0.00002200 0.00000200 -0.00123400 -0.02467300 1.48766100
32 1.33615100 -0.00005100 -0.00000900 0.01621300 -0.03516800 -0.06228900
33 4.82051500 0.50933800 0.22486600 -0.37685200 -0.01490600 1.55226800
34 1.82699200 0.00006600 0.00001000 -0.00051300 0.04045200 1.26079000
35 1.43658100 -0.00000600 0.00001000 0.01098600 -0.01043400 0.02903600
36 3.99235300 0.89108700 1.82799300 -0.58773500 -0.00855600 1.20568000
37 1.40592600 0.00003100 -0.00000300 -0.01283800 -0.02655700 1.32518700
38 1.17536200 -0.00013200 0.00000100 0.05517300 0.11025000 0.42008900
39 4.52675800 0.69046400 1.12084300 -0.49029100 0.04882300 1.52995500
40 1.74404100 -0.00003100 -0.00000200 -0.02474200 -0.01616300 1.40363300
41 1.36876700 -0.00003100 -0.00001800 -0.32324300 0.09380000 -0.20753100
42 1.93928191 1.01468891 -0.90910291 2.07330300 0.40321500 1.15292400
43 1.52345300 -0.00003200 -0.00000200 0.01413000 -0.08869500 0.51776000
44 1.59928100 -0.00000400 0.00001000 0.08163300 -0.01737100 1.03514200
45 5.51180600 -0.00000200 0.00000300 -0.27198700 0.00000000 0.00000000
46 0.19684900 0.00000300 -0.00000100 -0.34822500 0.00001500 -0.00000200
47 0.00000000 1.00000000 0.00000000 0.00000000 0.00000000 -1.57079600
48 -3.84604500 6.58686700 -4.01251600 0.00000000 0.00000000 -3.14156200
49 -8.20073801 20.51916771 -2.13848006 0.40665010 0.15374439 -0.44930257
50 7.38614938 0.11542955 -3.65939982 0.60677400 1.10882600 1.87296100
51 1.32804700 -0.01178200 0.11704500 0.00000000 0.00000000 0.00000000
52 -1.98416800 -0.01178200 0.82896700 0.00000000 0.00000000 0.00000000
53 0.09614000 0.00000000 0.43283900 0.00000000 0.13264500 0.00000000
54 1.61035391 1.20213509 1.18377500 0.00000000 0.09424800 0.00000000
55 -3.31358200 -0.81149100 0.41883600 0.00000000 0.00000000 0.00000000
56 -0.77083300 -1.06967300 1.39120900 0.00000000 0.08377600 0.00000000
57 0.13109200 -2.70192000 -4.24361100 2.90765600 -0.06655600 -1.98217000
time 29
0 -0.00000100 8.45008800 -27.50902600 0.00000000 0.00000000 0.00003100
1 -0.00000200 0.00000000 0.00000000 1.57074700 -1.56714200 -1.57074700
2 4.25546600 -0.33518300 -0.00000200 0.00000000 0.00000000 -0.12484800
3 7.43125000 1.49647900 0.00000200 0.00000000 0.00000000 0.24545000
4 5.27847900 0.16554400 0.00000100 0.00000000 0.00000000 0.04851100
5 -1.18125772 -12.69647015 5.81522249 1.97586500 1.15990900 -1.29878600
6 -6.21447800 -0.00000900 -0.00002600 -2.95031398 -0.67244980 1.20114279
7 11.94488500 0.00000000 0.00000000 -0.28826929 -0.34169863 1.76069776
8 10.62018800 0.00000000 0.00000000 1.07638470 0.13106019 2.73573193
9 -4.75110800 -0.69449800 0.83058000 -0.09752500 -0.07215500 0.36368700
10 -1.68806800 0.00004700 -0.00003100 0.01721300 -0.01778100 0.66972400
11 -1.33614000 0.00005500 -0.00001000 0.02612800 -0.00326300 0.67798300
12 -4.82049400 -0.50946400 -0.22475900 -0.30541200 -0.05688900 1.32645300
13 -1.82698400 -0.00006900 0.00000800 0.00812100 0.03962700 1.47482300
14 -1.43656900 0.00000400 0.00000300 -0.04326900 -0.06465400 0.49796600
15 -3.99235700 -0.89119100 -1.82790900 -0.50659500 0.21040700 1.39085000
16 -1.40591800 -0.00002500 -0.00000200 -0.01377600 -0.02606000 1.36159100
17 -1.17535800 0.00012600 -0.00001900 0.03573700 0.05772100 0.45866000
18 -4.52675100 -0.69058000 -1.12074100 -0.34755600 0.15083300 1.45582700
19 -1.74403800 0.00003200 -0.00000800 -0.02723700 -0.01149200 1.58318100
20 -1.36877100 0.00002300 0.00000200 0.01247300 0.05098700 0.13591400
21 -1.87479600 -0.93512500 0.99917500 2.10041000 0.44182000 0.86547100
22 -1.52344700 0.00003100 0.00003100 0.08946800 0.14926500 0.64392300
23 -1.59928500 0.00001100 0.00001500 0.03405500 -0.02608500 0.63444600
24 5.58312700 0.11572500 0.29499809 2.70854600 -0.05525400 3.09741800
25 0.19684600 -0.00000200 0.00000300 2.79340684 -0.00094123 -3.14132714
26 -0.48187272 -9.57959314 -1.24982145 1.97586200 1.15991000 1.84280300
27 6.21448600 0.00000800 0.00001900 -0.85013884 0.83547251 -1.81462658
28 11.94488800 -0.00003100 -0.00020000 -0.00861864 -0.38177920 -1.60275343
29 10.62016500 0.00000200 0.00000600 -1.13622747 -0.88791916 -0.22721451
30 4.75115800 0.69437400 -0.83047400 -0.33659400 -0.22394700 1.27220000
31 1.68806500 -0.00002200 0.00000200 -0.00123400 -0.02467300 1.48766100
32 1.33615100 -0.00005100 -0.00000900 0.01621300 -0.03516800 -0.06228900
33 4.82051500 0.50933800 0.22486600 -0.37685200 -0.01490600 1.55226800
34 1.82699200 0.00006600 0.00001000 -0.00051300 0.04045200 1.26079000
35 1.43658100 -0.00000600 0.00001000 0.01098600 -0.01043400 0.02903600
36 3.99235300 0.89108700 1.82799300 -0.58773500 -0.00855600 1.20568000
37 1.40592600 0.00003100 -0.00000300 -0.01283800 -0.02655700 1.32518700
38 1.17536200 -0.00013200 0.00000100 0.05517300 0.11025000 0.42008900
39 4.52675800 0.69046400 1.12084300 -0.49029100 0.04882300 1.52995500
40 1.74404100 -0.00003100 -0.00000200 -0.02474200 -0.01616300 1.40363300
41 1.36876700 -0.00003100 -0.00001800 -0.32324300 0.09380000 -0.20753100
42 1.93928191 1.01468891 -0.90910291 2.07330300 0.40321500 1.15292400
43 1.52345300 -0.00003200 -0.00000200 0.01413000 -0.08869500 0.51776000
44 1.59928100 -0.00000400 0.00001000 0.08163300 -0.01737100 1.03514200
45 5.51180600 -0.00000200 0.00000300 -0.27198700 0.00000000 0.00000000
46 0.19684900 0.00000300 -0.00000100 -0.34822500 0.00001500 -0.00000200
47 0.00000000 1.00000000 0.00000000 0.00000000 0.00000000 -1.57079600
48 -3.84604500 6.58686700 -4.01251600 0.00000000 0.00000000 -3.14156200
49 -8.20662363 20.51919447 -2.14965711 0.41326038 0.15015617 -0.45068593
50 7.38614938 0.11542955 -3.65939982 0.60677400 1.10882600 1.87296100
51 1.32804700 -0.01178200 0.11704500 0.00000000 0.00000000 0.00000000
52 -1.98416800 -0.01178200 0.82896700 0.00000000 0.00000000 0.00000000
53 0.09614000 0.00000000 0.43283900 0.00000000 0.13264500 0.00000000
54 1.61035391 1.20213509 1.18377500 0.00000000 0.09424800 0.00000000
55 -3.31358200 -0.81149100 0.41883600 0.00000000 0.00000000 0.00000000
56 -0.77083300 -1.06967300 1.39120900 0.00000000 0.08377600 0.00000000
57 0.13109200 -2.70192000 -4.24361100 2.90765600 -0.06655600 -1.98217000
time 30
0 -0.00000100 8.45008800 -27.50902600 0.00000000 0.00000000 0.00003100
1 -0.00000200 0.00000000 0.00000000 1.57074700 -1.56714200 -1.57074700
2 4.25546600 -0.33518300 -0.00000200 0.00000000 0.00000000 -0.12484800
3 7.43125000 1.49647900 0.00000200 0.00000000 0.00000000 0.24545000
4 5.27847900 0.16554400 0.00000100 0.00000000 0.00000000 0.04851100
5 -1.18125772 -12.69647015 5.81522249 1.97586500 1.15990900 -1.29878600
6 -6.21447800 -0.00000900 -0.00002600 -2.94804805 -0.67205805 1.20098361
7 11.94488500 0.00000000 0.00000000 -0.28856319 -0.34186365 1.76162797
8 10.62018800 0.00000000 0.00000000 1.08412115 0.12611840 2.73574602
9 -4.75110800 -0.69449800 0.83058000 -0.09752500 -0.07215500 0.36368700
10 -1.68806800 0.00004700 -0.00003100 0.01721300 -0.01778100 0.66972400
11 -1.33614000 0.00005500 -0.00001000 0.02612800 -0.00326300 0.67798300
12 -4.82049400 -0.50946400 -0.22475900 -0.30541200 -0.05688900 1.32645300
13 -1.82698400 -0.00006900 0.00000800 0.00812100 0.03962700 1.47482300
14 -1.43656900 0.00000400 0.00000300 -0.04326900 -0.06465400 0.49796600
15 -3.99235700 -0.89119100 -1.82790900 -0.50659500 0.21040700 1.39085000
16 -1.40591800 -0.00002500 -0.00000200 -0.01377600 -0.02606000 1.36159100
17 -1.17535800 0.00012600 -0.00001900 0.03573700 0.05772100 0.45866000
18 -4.52675100 -0.69058000 -1.12074100 -0.34755600 0.15083300 1.45582700
19 -1.74403800 0.00003200 -0.00000800 -0.02723700 -0.01149200 1.58318100
20 -1.36877100 0.00002300 0.00000200 0.01247300 0.05098700 0.13591400
21 -1.87479600 -0.93512500 0.99917500 2.10041000 0.44182000 0.86547100
22 -1.52344700 0.00003100 0.00003100 0.08946800 0.14926500 0.64392300
23 -1.59928500 0.00001100 0.00001500 0.03405500 -0.02608500 0.63444600
24 5.58312327 0.11572500 0.29499827 2.70854600 -0.05525400 3.09741800
25 0.19684600 -0.00000200 0.00000300 2.79340684 -0.00094123 -3.14132714
26 -0.48187272 -9.57959314 -1.24982145 1.97586200 1.15991000 1.84280300
27 6.21448600 0.00000800 0.00001900 -0.84763088 0.83480623 -1.81543490
28 11.94488800 -0.00003100 -0.00020000 -0.00988515 -0.38318536 -1.59914961
29 10.62016500 0.00000200 0.00000600 -1.14208853 -0.89283927 -0.23067249
30 4.75115800 0.69437400 -0.83047400 -0.33659400 -0.22394700 1.27220000
31 1.68806500 -0.00002200 0.00000200 -0.00123400 -0.02467300 1.48766100
32 1.33615100 -0.00005100 -0.00000900 0.01621300 -0.03516800 -0.06228900
33 4.82051500 0.50933800 0.22486600 -0.37685200 -0.01490600 1.55226800
34 1.82699200 0.00006600 0.00001000 -0.00051300 0.04045200 1.26079000
35 1.43658100 -0.00000600 0.00001000 0.01098600 -0.01043400 0.02903600
36 3.99235300 0.89108700 1.82799300 -0.58773500 -0.00855600 1.20568000
37 1.40592600 0.00003100 -0.00000300 -0.01283800 -0.02655700 1.32518700
38 1.17536200 -0.00013200 0.00000100 0.05517300 0.11025000 0.42008900
39 4.52675800 0.69046400 1.12084300 -0.49029100 0.04882300 1.52995500
40 1.74404100 -0.00003100 -0.00000200 -0.02474200 -0.01616300 1.40363300
41 1.36876700 -0.00003100 -0.00001800 -0.32324300 0.09380000 -0.20753100
42 1.93928282 1.01468791 -0.90910127 2.07330300 0.40321500 1.15292400
43 1.52345300 -0.00003200 -0.00000200 0.01413000 -0.08869500 0.51776000
44 1.59928100 -0.00000400 0.00001000 0.08163300 -0.01737100 1.03514200
45 5.51180600 -0.00000200 0.00000300 -0.27198700 0.00000000 0.00000000
46 0.19684900 0.00000300 -0.00000100 -0.34822500 0.00001500 -0.00000200
47 0.00000000 1.00000000 0.00000000 0.00000000 0.00000000 -1.57079600
48 -3.84604500 6.58686700 -4.01251600 0.00000000 0.00000000 -3.14156200
49 -8.21163393 20.51920379 -2.15704905 0.41994521 0.14694827 -0.45203969
50 7.38614865 0.11542837 -3.65940128 0.60677400 1.10882600 1.87296100
51 1.32804700 -0.01178200 0.11704500 0.00000000 0.00000000 0.00000000
52 -1.98416800 -0.01178200 0.82896700 0.00000000 0.00000000 0.00000000
53 0.09614000 0.00000000 0.43283900 0.00000000 0.13264500 0.00000000
54 1.61035536 1.20213700 1.18377500 0.00000000 0.09424800 0.00000000
55 -3.31358200 -0.81149100 0.41883600 0.00000000 0.00000000 0.00000000
56 -0.77083300 -1.06967300 1.39120900 0.00000000 0.08377600 0.00000000
57 0.13109200 -2.70192000 -4.24361100 2.90765600 -0.06655600 -1.98217000
time 31
0 -0.00000100 8.45008800 -27.50902600 0.00000000 0.00000000 0.00003100
1 -0.00000200 0.00000000 0.00000000 1.57074700 -1.56714200 -1.57074700
2 4.25546600 -0.33518300 -0.00000200 0.00000000 0.00000000 -0.12484800
3 7.43125000 1.49647900 0.00000200 0.00000000 0.00000000 0.24545000
4 5.27847900 0.16554400 0.00000100 0.00000000 0.00000000 0.04851100
5 -1.18125772 -12.69647015 5.81522249 1.97586500 1.15990900 -1.29878600
6 -6.21447800 -0.00000900 -0.00002600 -2.94436292 -0.67150566 1.20163766
7 11.94488500 0.00000000 0.00000000 -0.28913739 -0.34158605 1.76328346
8 10.62018800 0.00000000 0.00000000 1.09250094 0.12107112 2.73742778
9 -4.75110800 -0.69449800 0.83058000 -0.09752500 -0.07215500 0.36368700
10 -1.68806800 0.00004700 -0.00003100 0.01721300 -0.01778100 0.66972400
11 -1.33614000 0.00005500 -0.00001000 0.02612800 -0.00326300 0.67798300
12 -4.82049400 -0.50946400 -0.22475900 -0.30541200 -0.05688900 1.32645300
13 -1.82698400 -0.00006900 0.00000800 0.00812100 0.03962700 1.47482300
14 -1.43656900 0.00000400 0.00000300 -0.04326900 -0.06465400 0.49796600
15 -3.99235700 -0.89119100 -1.82790900 -0.50659500 0.21040700 1.39085000
16 -1.40591800 -0.00002500 -0.00000200 -0.01377600 -0.02606000 1.36159100
17 -1.17535800 0.00012600 -0.00001900 0.03573700 0.05772100 0.45866000
18 -4.52675100 -0.69058000 -1.12074100 -0.34755600 0.15083300 1.45582700
19 -1.74403800 0.00003200 -0.00000800 -0.02723700 -0.01149200 1.58318100
20 -1.36877100 0.00002300 0.00000200 0.01247300 0.05098700 0.13591400
21 -1.87479600 -0.93512500 0.99917500 2.10041000 0.44182000 0.86547100
22 -1.52344700 0.00003100 0.00003100 0.08946800 0.14926500 0.64392300
23 -1.59928500 0.00001100 0.00001500 0.03405500 -0.02608500 0.63444600
24 5.58312327 0.11572500 0.29499827 2.70854600 -0.05525400 3.09741800
25 0.19684600 -0.00000200 0.00000300 2.79340684 -0.00094123 -3.14132714
26 -0.48187272 -9.57959314 -1.24982145 1.97586200 1.15991000 1.84280300
27 6.21448600 0.00000800 0.00001900 -0.84527380 0.83233576 -1.81783867
28 11.94488800 -0.00003100 -0.00020000 -0.01171841 -0.38483396 -1.59401845
29 10.62016500 0.00000200 0.00000600 -1.14579256 -0.89717613 -0.23678278
30 4.75115800 0.69437400 -0.83047400 -0.33659400 -0.22394700 1.27220000
31 1.68806500 -0.00002200 0.00000200 -0.00123400 -0.02467300 1.48766100
32 1.33615100 -0.00005100 -0.00000900 0.01621300 -0.03516800 -0.06228900
33 4.82051500 0.50933800 0.22486600 -0.37685200 -0.01490600 1.55226800
34 1.82699200 0.00006600 0.00001000 -0.00051300 0.04045200 1.26079000
35 1.43658100 -0.00000600 0.00001000 0.01098600 -0.01043400 0.02903600
36 3.99235300 0.89108700 1.82799300 -0.58773500 -0.00855600 1.20568000
37 1.40592600 0.00003100 -0.00000300 -0.01283800 -0.02655700 1.32518700
38 1.17536200 -0.00013200 0.00000100 0.05517300 0.11025000 0.42008900
39 4.52675800 0.69046400 1.12084300 -0.49029100 0.04882300 1.52995500
40 1.74404100 -0.00003100 -0.00000200 -0.02474200 -0.01616300 1.40363300
41 1.36876700 -0.00003100 -0.00001800 -0.32324300 0.09380000 -0.20753100
42 1.93928282 1.01468791 -0.90910127 2.07330300 0.40321500 1.15292400
43 1.52345300 -0.00003200 -0.00000200 0.01413000 -0.08869500 0.51776000
44 1.59928100 -0.00000400 0.00001000 0.08163300 -0.01737100 1.03514200
45 5.51180600 -0.00000200 0.00000300 -0.27198700 0.00000000 0.00000000
46 0.19684900 0.00000300 -0.00000100 -0.34822500 0.00001500 -0.00000200
47 0.00000000 1.00000000 0.00000000 0.00000000 0.00000000 -1.57079600
48 -3.84604500 6.58686700 -4.01251600 0.00000000 0.00000000 -3.14156200
49 -8.19136348 20.51919447 -2.14211085 0.42775016 0.14579429 -0.45345979
50 7.38614865 0.11542837 -3.65940128 0.60677400 1.10882600 1.87296100
51 1.32804700 -0.01178200 0.11704500 0.00000000 0.00000000 0.00000000
52 -1.98416800 -0.01178200 0.82896700 0.00000000 0.00000000 0.00000000
53 0.09614000 0.00000000 0.43283900 0.00000000 0.13264500 0.00000000
54 1.61035536 1.20213700 1.18377500 0.00000000 0.09424800 0.00000000
55 -3.31358200 -0.81149100 0.41883600 0.00000000 0.00000000 0.00000000
56 -0.77083300 -1.06967300 1.39120900 0.00000000 0.08377600 0.00000000
57 0.13109200 -2.70192000 -4.24361100 2.90765600 -0.06655600 -1.98217000
time 32
0 -0.00000100 8.45008800 -27.50902600 0.00000000 0.00000000 0.00003100
1 -0.00000200 0.00000000 0.00000000 1.57074700 -1.56714200 -1.57074700
2 4.25546600 -0.33518300 -0.00000200 0.00000000 0.00000000 -0.12484800
3 7.43125000 1.49647900 0.00000200 0.00000000 0.00000000 0.24545000
4 5.27847900 0.16554400 0.00000100 0.00000000 0.00000000 0.04851100
5 -1.18125772 -12.69647015 5.81522249 1.97586500 1.15990900 -1.29878600
6 -6.21447800 -0.00000900 -0.00002600 -2.94050762 -0.67086488 1.20222882
7 11.94488500 0.00000000 0.00000000 -0.28956458 -0.34134509 1.76471604
8 10.62018800 0.00000000 0.00000000 1.10081858 0.11624153 2.73939575
9 -4.75110800 -0.69449800 0.83058000 -0.09752500 -0.07215500 0.36368700
10 -1.68806800 0.00004700 -0.00003100 0.01721300 -0.01778100 0.66972400
11 -1.33614000 0.00005500 -0.00001000 0.02612800 -0.00326300 0.67798300
12 -4.82049400 -0.50946400 -0.22475900 -0.30541200 -0.05688900 1.32645300
13 -1.82698400 -0.00006900 0.00000800 0.00812100 0.03962700 1.47482300
14 -1.43656900 0.00000400 0.00000300 -0.04326900 -0.06465400 0.49796600
15 -3.99235700 -0.89119100 -1.82790900 -0.50659500 0.21040700 1.39085000
16 -1.40591800 -0.00002500 -0.00000200 -0.01377600 -0.02606000 1.36159100
17 -1.17535800 0.00012600 -0.00001900 0.03573700 0.05772100 0.45866000
18 -4.52675100 -0.69058000 -1.12074100 -0.34755600 0.15083300 1.45582700
19 -1.74403800 0.00003200 -0.00000800 -0.02723700 -0.01149200 1.58318100
20 -1.36877100 0.00002300 0.00000200 0.01247300 0.05098700 0.13591400
21 -1.87479600 -0.93512500 0.99917500 2.10041000 0.44182000 0.86547100
22 -1.52344700 0.00003100 0.00003100 0.08946800 0.14926500 0.64392300
23 -1.59928500 0.00001100 0.00001500 0.03405500 -0.02608500 0.63444600
24 5.58312327 0.11572500 0.29499827 2.70854600 -0.05525400 3.09741800
25 0.19684600 -0.00000200 0.00000300 2.79340684 -0.00094123 -3.14132714
26 -0.48187272 -9.57959314 -1.24982145 1.97586200 1.15991000 1.84280300
27 6.21448600 0.00000800 0.00001900 -0.84334416 0.82954359 -1.82059902
28 11.94488800 -0.00003100 -0.00020000 -0.01356161 -0.38641760 -1.58887882
29 10.62016500 0.00000200 0.00000600 -1.14903418 -0.90099965 -0.24322685
30 4.75115800 0.69437400 -0.83047400 -0.33659400 -0.22394700 1.27220000
31 1.68806500 -0.00002200 0.00000200 -0.00123400 -0.02467300 1.48766100
32 1.33615100 -0.00005100 -0.00000900 0.01621300 -0.03516800 -0.06228900
33 4.82051500 0.50933800 0.22486600 -0.37685200 -0.01490600 1.55226800
34 1.82699200 0.00006600 0.00001000 -0.00051300 0.04045200 1.26079000
35 1.43658100 -0.00000600 0.00001000 0.01098600 -0.01043400 0.02903600
36 3.99235300 0.89108700 1.82799300 -0.58773500 -0.00855600 1.20568000
37 1.40592600 0.00003100 -0.00000300 -0.01283800 -0.02655700 1.32518700
38 1.17536200 -0.00013200 0.00000100 0.05517300 0.11025000 0.42008900
39 4.52675800 0.69046400 1.12084300 -0.49029100 0.04882300 1.52995500
40 1.74404100 -0.00003100 -0.00000200 -0.02474200 -0.01616300 1.40363300
41 1.36876700 -0.00003100 -0.00001800 -0.32324300 0.09380000 -0.20753100
42 1.93928282 1.01468791 -0.90910127 2.07330300 0.40321500 1.15292400
43 1.52345300 -0.00003200 -0.00000200 0.01413000 -0.08869500 0.51776000
44 1.59928100 -0.00000400 0.00001000 0.08163300 -0.01737100 1.03514200
45 5.51180600 -0.00000200 0.00000300 -0.27198700 0.00000000 0.00000000
46 0.19684900 0.00000300 -0.00000100 -0.34822500 0.00001500 -0.00000200
47 0.00000000 1.00000000 0.00000000 0.00000000 0.00000000 -1.57079600
48 -3.84604500 6.58686700 -4.01251600 0.00000000 0.00000000 -3.14156200
49 -8.17028137 20.51916771 -2.12330841 0.43562803 0.14502187 -0.45483229
50 7.38614865 0.11542837 -3.65940128 0.60677400 1.10882600 1.87296100
51 1.32804700 -0.01178200 0.11704500 0.00000000 0.00000000 0.00000000
52 -1.98416800 -0.01178200 0.82896700 0.00000000 0.00000000 0.00000000
53 0.09614000 0.00000000 0.43283900 0.00000000 0.13264500 0.00000000
54 1.61035536 1.20213700 1.18377500 0.00000000 0.09424800 0.00000000
55 -3.31358200 -0.81149100 0.41883600 0.00000000 0.00000000 0.00000000
56 -0.77083300 -1.06967300 1.39120900 0.00000000 0.08377600 0.00000000
57 0.13109200 -2.70192000 -4.24361100 2.90765600 -0.06655600 -1.98217000
time 33
0 -0.00000100 8.45008800 -27.50902600 0.00000000 0.00000000 0.00003100
1 -0.00000200 0.00000000 0.00000000 1.57074700 -1.56714200 -1.57074700
2 4.25546600 -0.33518300 -0.00000200 0.00000000 0.00000000 -0.12484800
3 7.43125000 1.49647900 0.00000200 0.00000000 0.00000000 0.24545000
4 5.27847900 0.16554400 0.00000100 0.00000000 0.00000000 0.04851100
5 -1.18125772 -12.69647015 5.81522249 1.97586500 1.15990900 -1.29878600
6 -6.21447800 -0.00000900 -0.00002600 -2.93631271 -0.67019596 1.20266738
7 11.94488500 0.00000000 0.00000000 -0.29016309 -0.34095553 1.76651751
8 10.62018800 0.00000000 0.00000000 1.10801194 0.11165539 2.74092502
9 -4.75110800 -0.69449800 0.83058000 -0.09752500 -0.07215500 0.36368700
10 -1.68806800 0.00004700 -0.00003100 0.01721300 -0.01778100 0.66972400
11 -1.33614000 0.00005500 -0.00001000 0.02612800 -0.00326300 0.67798300
12 -4.82049400 -0.50946400 -0.22475900 -0.30541200 -0.05688900 1.32645300
13 -1.82698400 -0.00006900 0.00000800 0.00812100 0.03962700 1.47482300
14 -1.43656900 0.00000400 0.00000300 -0.04326900 -0.06465400 0.49796600
15 -3.99235700 -0.89119100 -1.82790900 -0.50659500 0.21040700 1.39085000
16 -1.40591800 -0.00002500 -0.00000200 -0.01377600 -0.02606000 1.36159100
17 -1.17535800 0.00012600 -0.00001900 0.03573700 0.05772100 0.45866000
18 -4.52675100 -0.69058000 -1.12074100 -0.34755600 0.15083300 1.45582700
19 -1.74403800 0.00003200 -0.00000800 -0.02723700 -0.01149200 1.58318100
20 -1.36877100 0.00002300 0.00000200 0.01247300 0.05098700 0.13591400
21 -1.87479600 -0.93512500 0.99917500 2.10041000 0.44182000 0.86547100
22 -1.52344700 0.00003100 0.00003100 0.08946800 0.14926500 0.64392300
23 -1.59928500 0.00001100 0.00001500 0.03405500 -0.02608500 0.63444600
24 5.58312327 0.11572500 0.29499827 2.70854600 -0.05525400 3.09741800
25 0.19684600 -0.00000200 0.00000300 2.79340684 -0.00094123 -3.14132714
26 -0.48187272 -9.57959314 -1.24982145 1.97586200 1.15991000 1.84280300
27 6.21448600 0.00000800 0.00001900 -0.84254049 0.82646180 -1.82393295
28 11.94488800 -0.00003100 -0.00020000 -0.01515566 -0.38761283 -1.58415270
29 10.62016500 0.00000200 0.00000600 -1.15130572 -0.90390720 -0.24877806
30 4.75115800 0.69437400 -0.83047400 -0.33659400 -0.22394700 1.27220000
31 1.68806500 -0.00002200 0.00000200 -0.00123400 -0.02467300 1.48766100
32 1.33615100 -0.00005100 -0.00000900 0.01621300 -0.03516800 -0.06228900
33 4.82051500 0.50933800 0.22486600 -0.37685200 -0.01490600 1.55226800
34 1.82699200 0.00006600 0.00001000 -0.00051300 0.04045200 1.26079000
35 1.43658100 -0.00000600 0.00001000 0.01098600 -0.01043400 0.02903600
36 3.99235300 0.89108700 1.82799300 -0.58773500 -0.00855600 1.20568000
37 1.40592600 0.00003100 -0.00000300 -0.01283800 -0.02655700 1.32518700
38 1.17536200 -0.00013200 0.00000100 0.05517300 0.11025000 0.42008900
39 4.52675800 0.69046400 1.12084300 -0.49029100 0.04882300 1.52995500
40 1.74404100 -0.00003100 -0.00000200 -0.02474200 -0.01616300 1.40363300
41 1.36876700 -0.00003100 -0.00001800 -0.32324300 0.09380000 -0.20753100
42 1.93928282 1.01468791 -0.90910127 2.07330300 0.40321500 1.15292400
43 1.52345300 -0.00003200 -0.00000200 0.01413000 -0.08869500 0.51776000
44 1.59928100 -0.00000400 0.00001000 0.08163300 -0.01737100 1.03514200
45 5.51180600 -0.00000200 0.00000300 -0.27198700 0.00000000 0.00000000
46 0.19684900 0.00000300 -0.00000100 -0.34822500 0.00001500 -0.00000200
47 0.00000000 1.00000000 0.00000000 0.00000000 0.00000000 -1.57079600
48 -3.84604500 6.58686700 -4.01251600 0.00000000 0.00000000 -3.14156200
49 -8.14423576 20.51912448 -2.09647309 0.44247588 0.14486067 -0.45617032
50 7.38614865 0.11542837 -3.65940128 0.60677400 1.10882600 1.87296100
51 1.32804700 -0.01178200 0.11704500 0.00000000 0.00000000 0.00000000
52 -1.98416800 -0.01178200 0.82896700 0.00000000 0.00000000 0.00000000
53 0.09614000 0.00000000 0.43283900 0.00000000 0.13264500 0.00000000
54 1.61035536 1.20213700 1.18377500 0.00000000 0.09424800 0.00000000
55 -3.31358200 -0.81149100 0.41883600 0.00000000 0.00000000 0.00000000
56 -0.77083300 -1.06967300 1.39120900 0.00000000 0.08377600 0.00000000
57 0.13109200 -2.70192000 -4.24361100 2.90765600 -0.06655600 -1.98217000
time 34
0 -0.00000100 8.45008800 -27.50902600 0.00000000 0.00000000 0.00003100
1 -0.00000200 0.00000000 0.00000000 1.57074700 -1.56714200 -1.57074700
2 4.25546600 -0.33518300 -0.00000200 0.00000000 0.00000000 -0.12484800
3 7.43125000 1.49647900 0.00000200 0.00000000 0.00000000 0.24545000
4 5.27847900 0.16554400 0.00000100 0.00000000 0.00000000 0.04851100
5 -1.18125772 -12.69647015 5.81522249 1.97586500 1.15990900 -1.29878600
6 -6.21447800 -0.00000900 -0.00002600 -2.93205535 -0.66956167 1.20359000
7 11.94488500 0.00000000 0.00000000 -0.29111408 -0.34034799 1.76925414
8 10.62018800 0.00000000 0.00000000 1.11240376 0.10800596 2.74124475
9 -4.75110800 -0.69449800 0.83058000 -0.09752500 -0.07215500 0.36368700
10 -1.68806800 0.00004700 -0.00003100 0.01721300 -0.01778100 0.66972400
11 -1.33614000 0.00005500 -0.00001000 0.02612800 -0.00326300 0.67798300
12 -4.82049400 -0.50946400 -0.22475900 -0.30541200 -0.05688900 1.32645300
13 -1.82698400 -0.00006900 0.00000800 0.00812100 0.03962700 1.47482300
14 -1.43656900 0.00000400 0.00000300 -0.04326900 -0.06465400 0.49796600
15 -3.99235700 -0.89119100 -1.82790900 -0.50659500 0.21040700 1.39085000
16 -1.40591800 -0.00002500 -0.00000200 -0.01377600 -0.02606000 1.36159100
17 -1.17535800 0.00012600 -0.00001900 0.03573700 0.05772100 0.45866000
18 -4.52675100 -0.69058000 -1.12074100 -0.34755600 0.15083300 1.45582700
19 -1.74403800 0.00003200 -0.00000800 -0.02723700 -0.01149200 1.58318100
20 -1.36877100 0.00002300 0.00000200 0.01247300 0.05098700 0.13591400
21 -1.87479600 -0.93512500 0.99917500 2.10041000 0.44182000 0.86547100
22 -1.52344700 0.00003100 0.00003100 0.08946800 0.14926500 0.64392300
23 -1.59928500 0.00001100 0.00001500 0.03405500 -0.02608500 0.63444600
24 5.58312327 0.11572500 0.29499827 2.70854600 -0.05525400 3.09741800
25 0.19684600 -0.00000200 0.00000300 2.79340684 -0.00094123 -3.14132714
26 -0.48187272 -9.57959314 -1.24982145 1.97586200 1.15991000 1.84280300
27 6.21448600 0.00000800 0.00001900 -0.84289200 0.82289644 -1.82769969
28 11.94488800 -0.00003100 -0.00020000 -0.01634436 -0.38767465 -1.58074054
29 10.62016500 0.00000200 0.00000600 -1.15111971 -0.90524102 -0.25206630
30 4.75115800 0.69437400 -0.83047400 -0.33659400 -0.22394700 1.27220000
31 1.68806500 -0.00002200 0.00000200 -0.00123400 -0.02467300 1.48766100
32 1.33615100 -0.00005100 -0.00000900 0.01621300 -0.03516800 -0.06228900
33 4.82051500 0.50933800 0.22486600 -0.37685200 -0.01490600 1.55226800
34 1.82699200 0.00006600 0.00001000 -0.00051300 0.04045200 1.26079000
35 1.43658100 -0.00000600 0.00001000 0.01098600 -0.01043400 0.02903600
36 3.99235300 0.89108700 1.82799300 -0.58773500 -0.00855600 1.20568000
37 1.40592600 0.00003100 -0.00000300 -0.01283800 -0.02655700 1.32518700
38 1.17536200 -0.00013200 0.00000100 0.05517300 0.11025000 0.42008900
39 4.52675800 0.69046400 1.12084300 -0.49029100 0.04882300 1.52995500
40 1.74404100 -0.00003100 -0.00000200 -0.02474200 -0.01616300 1.40363300
41 1.36876700 -0.00003100 -0.00001800 -0.32324300 0.09380000 -0.20753100
42 1.93928282 1.01468791 -0.90910127 2.07330300 0.40321500 1.15292400
43 1.52345300 -0.00003200 -0.00000200 0.01413000 -0.08869500 0.51776000
44 1.59928100 -0.00000400 0.00001000 0.08163300 -0.01737100 1.03514200
45 5.51180600 -0.00000200 0.00000300 -0.27198700 0.00000000 0.00000000
46 0.19684900 0.00000300 -0.00000100 -0.34822500 0.00001500 -0.00000200
47 0.00000000 1.00000000 0.00000000 0.00000000 0.00000000 -1.57079600
48 -3.84604500 6.58686700 -4.01251600 0.00000000 0.00000000 -3.14156200
49 -8.10192214 20.51906598 -2.05334462 0.44649600 0.14597114 -0.45751748
50 7.38614865 0.11542837 -3.65940128 0.60677400 1.10882600 1.87296100
51 1.32804700 -0.01178200 0.11704500 0.00000000 0.00000000 0.00000000
52 -1.98416800 -0.01178200 0.82896700 0.00000000 0.00000000 0.00000000
53 0.09614000 0.00000000 0.43283900 0.00000000 0.13264500 0.00000000
54 1.61035536 1.20213700 1.18377500 0.00000000 0.09424800 0.00000000
55 -3.31358200 -0.81149100 0.41883600 0.00000000 0.00000000 0.00000000
56 -0.77083300 -1.06967300 1.39120900 0.00000000 0.08377600 0.00000000
57 0.13109200 -2.70192000 -4.24361100 2.90765600 -0.06655600 -1.98217000
time 35
0 -0.00000100 8.45008800 -27.50902600 0.00000000 0.00000000 0.00003100
1 -0.00000200 0.00000000 0.00000000 1.57074700 -1.56714200 -1.57074700
2 4.25546600 -0.33518300 -0.00000200 0.00000000 0.00000000 -0.12484800
3 7.43125000 1.49647900 0.00000200 0.00000000 0.00000000 0.24545000
4 5.27847900 0.16554400 0.00000100 0.00000000 0.00000000 0.04851100
5 -1.18125772 -12.69647015 5.81522249 1.97586500 1.15990900 -1.29878600
6 -6.21447800 -0.00000900 -0.00002600 -2.92760275 -0.66897261 1.20450838
7 11.94488500 0.00000000 0.00000000 -0.29199549 -0.33970618 1.77186839
8 10.62018800 0.00000000 0.00000000 1.11682847 0.10461545 2.74194884
9 -4.75110800 -0.69449800 0.83058000 -0.09752500 -0.07215500 0.36368700
10 -1.68806800 0.00004700 -0.00003100 0.01721300 -0.01778100 0.66972400
11 -1.33614000 0.00005500 -0.00001000 0.02612800 -0.00326300 0.67798300
12 -4.82049400 -0.50946400 -0.22475900 -0.30541200 -0.05688900 1.32645300
13 -1.82698400 -0.00006900 0.00000800 0.00812100 0.03962700 1.47482300
14 -1.43656900 0.00000400 0.00000300 -0.04326900 -0.06465400 0.49796600
15 -3.99235700 -0.89119100 -1.82790900 -0.50659500 0.21040700 1.39085000
16 -1.40591800 -0.00002500 -0.00000200 -0.01377600 -0.02606000 1.36159100
17 -1.17535800 0.00012600 -0.00001900 0.03573700 0.05772100 0.45866000
18 -4.52675100 -0.69058000 -1.12074100 -0.34755600 0.15083300 1.45582700
19 -1.74403800 0.00003200 -0.00000800 -0.02723700 -0.01149200 1.58318100
20 -1.36877100 0.00002300 0.00000200 0.01247300 0.05098700 0.13591400
21 -1.87479600 -0.93512500 0.99917500 2.10041000 0.44182000 0.86547100
22 -1.52344700 0.00003100 0.00003100 0.08946800 0.14926500 0.64392300
23 -1.59928500 0.00001100 0.00001500 0.03405500 -0.02608500 0.63444600
24 5.58312327 0.11572500 0.29499827 2.70854600 -0.05525400 3.09741800
25 0.19684600 -0.00000200 0.00000300 2.79340684 -0.00094123 -3.14132714
26 -0.48187272 -9.57959314 -1.24982145 1.97586200 1.15991000 1.84280300
27 6.21448600 0.00000800 0.00001900 -0.84356256 0.81900407 -1.83184066
28 11.94488800 -0.00003100 -0.00020000 -0.01758031 -0.38783481 -1.57711451
29 10.62016500 0.00000200 0.00000600 -1.15038785 -0.90618358 -0.25589938
30 4.75115800 0.69437400 -0.83047400 -0.33659400 -0.22394700 1.27220000
31 1.68806500 -0.00002200 0.00000200 -0.00123400 -0.02467300 1.48766100
32 1.33615100 -0.00005100 -0.00000900 0.01621300 -0.03516800 -0.06228900
33 4.82051500 0.50933800 0.22486600 -0.37685200 -0.01490600 1.55226800
34 1.82699200 0.00006600 0.00001000 -0.00051300 0.04045200 1.26079000
35 1.43658100 -0.00000600 0.00001000 0.01098600 -0.01043400 0.02903600
36 3.99235300 0.89108700 1.82799300 -0.58773500 -0.00855600 1.20568000
37 1.40592600 0.00003100 -0.00000300 -0.01283800 -0.02655700 1.32518700
38 1.17536200 -0.00013200 0.00000100 0.05517300 0.11025000 0.42008900
39 4.52675800 0.69046400 1.12084300 -0.49029100 0.04882300 1.52995500
40 1.74404100 -0.00003100 -0.00000200 -0.02474200 -0.01616300 1.40363300
41 1.36876700 -0.00003100 -0.00001800 -0.32324300 0.09380000 -0.20753100
42 1.93928282 1.01468791 -0.90910127 2.07330300 0.40321500 1.15292400
43 1.52345300 -0.00003200 -0.00000200 0.01413000 -0.08869500 0.51776000
44 1.59928100 -0.00000400 0.00001000 0.08163300 -0.01737100 1.03514200
45 5.51180600 -0.00000200 0.00000300 -0.27198700 0.00000000 0.00000000
46 0.19684900 0.00000300 -0.00000100 -0.34822500 0.00001500 -0.00000200
47 0.00000000 1.00000000 0.00000000 0.00000000 0.00000000 -1.57079600
48 -3.84604500 6.58686700 -4.01251600 0.00000000 0.00000000 -3.14156200
49 -8.05680300 20.51899391 -2.00662734 0.45058738 0.14748967 -0.45878845
50 7.38614865 0.11542837 -3.65940128 0.60677400 1.10882600 1.87296100
51 1.32804700 -0.01178200 0.11704500 0.00000000 0.00000000 0.00000000
52 -1.98416800 -0.01178200 0.82896700 0.00000000 0.00000000 0.00000000
53 0.09614000 0.00000000 0.43283900 0.00000000 0.13264500 0.00000000
54 1.61035536 1.20213700 1.18377500 0.00000000 0.09424800 0.00000000
55 -3.31358200 -0.81149100 0.41883600 0.00000000 0.00000000 0.00000000
56 -0.77083300 -1.06967300 1.39120900 0.00000000 0.08377600 0.00000000
57 0.13109200 -2.70192000 -4.24361100 2.90765600 -0.06655600 -1.98217000
time 36
0 -0.00000100 8.45008800 -27.50902600 0.00000000 0.00000000 0.00003100
1 -0.00000200 0.00000000 0.00000000 1.57074700 -1.56714200 -1.57074700
2 4.25546600 -0.33518300 -0.00000200 0.00000000 0.00000000 -0.12484800
3 7.43125000 1.49647900 0.00000200 0.00000000 0.00000000 0.24545000
4 5.27847900 0.16554400 0.00000100 0.00000000 0.00000000 0.04851100
5 -1.18125772 -12.69647015 5.81522249 1.97586500 1.15990900 -1.29878600
6 -6.21447800 -0.00000900 -0.00002600 -2.92434900 -0.66864300 1.20571881
7 11.94488500 0.00000000 0.00000000 -0.29284942 -0.33898240 1.77454573
8 10.62018800 0.00000000 0.00000000 1.11778516 0.10309856 2.74190756
9 -4.75110800 -0.69449800 0.83058000 -0.09752500 -0.07215500 0.36368700
10 -1.68806800 0.00004700 -0.00003100 0.01721300 -0.01778100 0.66972400
11 -1.33614000 0.00005500 -0.00001000 0.02612800 -0.00326300 0.67798300
12 -4.82049400 -0.50946400 -0.22475900 -0.30541200 -0.05688900 1.32645300
13 -1.82698400 -0.00006900 0.00000800 0.00812100 0.03962700 1.47482300
14 -1.43656900 0.00000400 0.00000300 -0.04326900 -0.06465400 0.49796600
15 -3.99235700 -0.89119100 -1.82790900 -0.50659500 0.21040700 1.39085000
16 -1.40591800 -0.00002500 -0.00000200 -0.01377600 -0.02606000 1.36159100
17 -1.17535800 0.00012600 -0.00001900 0.03573700 0.05772100 0.45866000
18 -4.52675100 -0.69058000 -1.12074100 -0.34755600 0.15083300 1.45582700
19 -1.74403800 0.00003200 -0.00000800 -0.02723700 -0.01149200 1.58318100
20 -1.36877100 0.00002300 0.00000200 0.01247300 0.05098700 0.13591400
21 -1.87479600 -0.93512500 0.99917500 2.10041000 0.44182000 0.86547100
22 -1.52344700 0.00003100 0.00003100 0.08946800 0.14926500 0.64392300
23 -1.59928500 0.00001100 0.00001500 0.03405500 -0.02608500 0.63444600
24 5.58312327 0.11572500 0.29499827 2.70854600 -0.05525400 3.09741800
25 0.19684600 -0.00000200 0.00000300 2.79340684 -0.00094123 -3.14132714
26 -0.48187272 -9.57959314 -1.24982145 1.97586200 1.15991000 1.84280300
27 6.21448600 0.00000800 0.00001900 -0.84514675 0.81572456 -1.83552994
28 11.94488800 -0.00003100 -0.00020000 -0.01808733 -0.38733280 -1.57532412
29 10.62016500 0.00000200 0.00000600 -1.14761559 -0.90525783 -0.25752377
30 4.75115800 0.69437400 -0.83047400 -0.33659400 -0.22394700 1.27220000
31 1.68806500 -0.00002200 0.00000200 -0.00123400 -0.02467300 1.48766100
32 1.33615100 -0.00005100 -0.00000900 0.01621300 -0.03516800 -0.06228900
33 4.82051500 0.50933800 0.22486600 -0.37685200 -0.01490600 1.55226800
34 1.82699200 0.00006600 0.00001000 -0.00051300 0.04045200 1.26079000
35 1.43658100 -0.00000600 0.00001000 0.01098600 -0.01043400 0.02903600
36 3.99235300 0.89108700 1.82799300 -0.58773500 -0.00855600 1.20568000
37 1.40592600 0.00003100 -0.00000300 -0.01283800 -0.02655700 1.32518700
38 1.17536200 -0.00013200 0.00000100 0.05517300 0.11025000 0.42008900
39 4.52675800 0.69046400 1.12084300 -0.49029100 0.04882300 1.52995500
40 1.74404100 -0.00003100 -0.00000200 -0.02474200 -0.01616300 1.40363300
41 1.36876700 -0.00003100 -0.00001800 -0.32324300 0.09380000 -0.20753100
42 1.93928282 1.01468791 -0.90910127 2.07330300 0.40321500 1.15292400
43 1.52345300 -0.00003200 -0.00000200 0.01413000 -0.08869500 0.51776000
44 1.59928100 -0.00000400 0.00001000 0.08163300 -0.01737100 1.03514200
45 5.51180600 -0.00000200 0.00000300 -0.27198700 0.00000000 0.00000000
46 0.19684900 0.00000300 -0.00000100 -0.34822500 0.00001500 -0.00000200
47 0.00000000 1.00000000 0.00000000 0.00000000 0.00000000 -1.57079600
48 -3.84604500 6.58686700 -4.01251600 0.00000000 0.00000000 -3.14156200
49 -8.00963365 20.51890900 -1.95976378 0.45152375 0.14996550 -0.45972664
50 7.38614865 0.11542837 -3.65940128 0.60677400 1.10882600 1.87296100
51 1.32804700 -0.01178200 0.11704500 0.00000000 0.00000000 0.00000000
52 -1.98416800 -0.01178200 0.82896700 0.00000000 0.00000000 0.00000000
53 0.09614000 0.00000000 0.43283900 0.00000000 0.13264500 0.00000000
54 1.61035536 1.20213700 1.18377500 0.00000000 0.09424800 0.00000000
55 -3.31358200 -0.81149100 0.41883600 0.00000000 0.00000000 0.00000000
56 -0.77083300 -1.06967300 1.39120900 0.00000000 0.08377600 0.00000000
57 0.13109200 -2.70192000 -4.24361100 2.90765600 -0.06655600 -1.98217000
time 37
0 -0.00000100 8.45008800 -27.50902600 0.00000000 0.00000000 0.00003100
1 -0.00000200 0.00000000 0.00000000 1.57074700 -1.56714200 -1.57074700
2 4.25546600 -0.33518300 -0.00000200 0.00000000 0.00000000 -0.12484800
3 7.43125000 1.49647900 0.00000200 0.00000000 0.00000000 0.24545000
4 5.27847900 0.16554400 0.00000100 0.00000000 0.00000000 0.04851100
5 -1.18125772 -12.69647015 5.81522249 1.97586500 1.15990900 -1.29878600
6 -6.21447800 -0.00000900 -0.00002600 -2.92163015 -0.66846873 1.20680900
7 11.94488500 0.00000000 0.00000000 -0.29370642 -0.33812064 1.77698682
8 10.62018800 0.00000000 0.00000000 1.11603862 0.10326038 2.74136437
9 -4.75110800 -0.69449800 0.83058000 -0.09752500 -0.07215500 0.36368700
10 -1.68806800 0.00004700 -0.00003100 0.01721300 -0.01778100 0.66972400
11 -1.33614000 0.00005500 -0.00001000 0.02612800 -0.00326300 0.67798300
12 -4.82049400 -0.50946400 -0.22475900 -0.30541200 -0.05688900 1.32645300
13 -1.82698400 -0.00006900 0.00000800 0.00812100 0.03962700 1.47482300
14 -1.43656900 0.00000400 0.00000300 -0.04326900 -0.06465400 0.49796600
15 -3.99235700 -0.89119100 -1.82790900 -0.50659500 0.21040700 1.39085000
16 -1.40591800 -0.00002500 -0.00000200 -0.01377600 -0.02606000 1.36159100
17 -1.17535800 0.00012600 -0.00001900 0.03573700 0.05772100 0.45866000
18 -4.52675100 -0.69058000 -1.12074100 -0.34755600 0.15083300 1.45582700
19 -1.74403800 0.00003200 -0.00000800 -0.02723700 -0.01149200 1.58318100
20 -1.36877100 0.00002300 0.00000200 0.01247300 0.05098700 0.13591400
21 -1.87479600 -0.93512500 0.99917500 2.10041000 0.44182000 0.86547100
22 -1.52344700 0.00003100 0.00003100 0.08946800 0.14926500 0.64392300
23 -1.59928500 0.00001100 0.00001500 0.03405500 -0.02608500 0.63444600
24 5.58312327 0.11572500 0.29499827 2.70854600 -0.05525400 3.09741800
25 0.19684600 -0.00000200 0.00000300 2.79340684 -0.00094123 -3.14132714
26 -0.48187272 -9.57959314 -1.24982145 1.97586200 1.15991000 1.84280300
27 6.21448600 0.00000800 0.00001900 -0.84776782 0.81270357 -1.83882610
28 11.94488800 -0.00003100 -0.00020000 -0.01816514 -0.38598495 -1.57497161
29 10.62016500 0.00000200 0.00000600 -1.14311547 -0.90265871 -0.25727779
30 4.75115800 0.69437400 -0.83047400 -0.33659400 -0.22394700 1.27220000
31 1.68806500 -0.00002200 0.00000200 -0.00123400 -0.02467300 1.48766100
32 1.33615100 -0.00005100 -0.00000900 0.01621300 -0.03516800 -0.06228900
33 4.82051500 0.50933800 0.22486600 -0.37685200 -0.01490600 1.55226800
34 1.82699200 0.00006600 0.00001000 -0.00051300 0.04045200 1.26079000
35 1.43658100 -0.00000600 0.00001000 0.01098600 -0.01043400 0.02903600
36 3.99235300 0.89108700 1.82799300 -0.58773500 -0.00855600 1.20568000
37 1.40592600 0.00003100 -0.00000300 -0.01283800 -0.02655700 1.32518700
38 1.17536200 -0.00013200 0.00000100 0.05517300 0.11025000 0.42008900
39 4.52675800 0.69046400 1.12084300 -0.49029100 0.04882300 1.52995500
40 1.74404100 -0.00003100 -0.00000200 -0.02474200 -0.01616300 1.40363300
41 1.36876700 -0.00003100 -0.00001800 -0.32324300 0.09380000 -0.20753100
42 1.93928282 1.01468791 -0.90910127 2.07330300 0.40321500 1.15292400
43 1.52345300 -0.00003200 -0.00000200 0.01413000 -0.08869500 0.51776000
44 1.59928100 -0.00000400 0.00001000 0.08163300 -0.01737100 1.03514200
45 5.51180600 -0.00000200 0.00000300 -0.27198700 0.00000000 0.00000000
46 0.19684900 0.00000300 -0.00000100 -0.34822500 0.00001500 -0.00000200
47 0.00000000 1.00000000 0.00000000 0.00000000 0.00000000 -1.57079600
48 -3.84604500 6.58686700 -4.01251600 0.00000000 0.00000000 -3.14156200
49 -7.96133838 20.51881281 -1.90991741 0.44984813 0.15327199 -0.46035054
50 7.38614865 0.11542837 -3.65940128 0.60677400 1.10882600 1.87296100
51 1.32804700 -0.01178200 0.11704500 0.00000000 0.00000000 0.00000000
52 -1.98416800 -0.01178200 0.82896700 0.00000000 0.00000000 0.00000000
53 0.09614000 0.00000000 0.43283900 0.00000000 0.13264500 0.00000000
54 1.61035536 1.20213700 1.18377500 0.00000000 0.09424800 0.00000000
55 -3.31358200 -0.81149100 0.41883600 0.00000000 0.00000000 0.00000000
56 -0.77083300 -1.06967300 1.39120900 0.00000000 0.08377600 0.00000000
57 0.13109200 -2.70192000 -4.24361100 2.90765600 -0.06655600 -1.98217000
time 38
0 -0.00000100 8.45008800 -27.50902600 0.00000000 0.00000000 0.00003100
1 -0.00000200 0.00000000 0.00000000 1.57074700 -1.56714200 -1.57074700
2 4.25546600 -0.33518300 -0.00000200 0.00000000 0.00000000 -0.12484800
3 7.43125000 1.49647900 0.00000200 0.00000000 0.00000000 0.24545000
4 5.27847900 0.16554400 0.00000100 0.00000000 0.00000000 0.04851100
5 -1.18125772 -12.69647015 5.81522249 1.97586500 1.15990900 -1.29878600
6 -6.21447800 -0.00000900 -0.00002600 -2.91837485 -0.66804256 1.20733344
7 11.94488500 0.00000000 0.00000000 -0.29443852 -0.33729499 1.77921894
8 10.62018800 0.00000000 0.00000000 1.11432153 0.10344690 2.74090114
9 -4.75110800 -0.69449800 0.83058000 -0.09752500 -0.07215500 0.36368700
10 -1.68806800 0.00004700 -0.00003100 0.01721300 -0.01778100 0.66972400
11 -1.33614000 0.00005500 -0.00001000 0.02612800 -0.00326300 0.67798300
12 -4.82049400 -0.50946400 -0.22475900 -0.30541200 -0.05688900 1.32645300
13 -1.82698400 -0.00006900 0.00000800 0.00812100 0.03962700 1.47482300
14 -1.43656900 0.00000400 0.00000300 -0.04326900 -0.06465400 0.49796600
15 -3.99235700 -0.89119100 -1.82790900 -0.50659500 0.21040700 1.39085000
16 -1.40591800 -0.00002500 -0.00000200 -0.01377600 -0.02606000 1.36159100
17 -1.17535800 0.00012600 -0.00001900 0.03573700 0.05772100 0.45866000
18 -4.52675100 -0.69058000 -1.12074100 -0.34755600 0.15083300 1.45582700
19 -1.74403800 0.00003200 -0.00000800 -0.02723700 -0.01149200 1.58318100
20 -1.36877100 0.00002300 0.00000200 0.01247300 0.05098700 0.13591400
21 -1.87479600 -0.93512500 0.99917500 2.10041000 0.44182000 0.86547100
22 -1.52344700 0.00003100 0.00003100 0.08946800 0.14926500 0.64392300
23 -1.59928500 0.00001100 0.00001500 0.03405500 -0.02608500 0.63444600
24 5.58312327 0.11572500 0.29499827 2.70854600 -0.05525400 3.09741800
25 0.19684600 -0.00000200 0.00000300 2.79340684 -0.00094123 -3.14132714
26 -0.48187272 -9.57959314 -1.24982145 1.97586200 1.15991000 1.84280300
27 6.21448600 0.00000800 0.00001900 -0.85139346 0.80926632 -1.84256174
28 11.94488800 -0.00003100 -0.00020000 -0.01826713 -0.38452463 -1.57453750
29 10.62016500 0.00000200 0.00000600 -1.13846026 -0.89933018 -0.25698187
30 4.75115800 0.69437400 -0.83047400 -0.33659400 -0.22394700 1.27220000
31 1.68806500 -0.00002200 0.00000200 -0.00123400 -0.02467300 1.48766100
32 1.33615100 -0.00005100 -0.00000900 0.01621300 -0.03516800 -0.06228900
33 4.82051500 0.50933800 0.22486600 -0.37685200 -0.01490600 1.55226800
34 1.82699200 0.00006600 0.00001000 -0.00051300 0.04045200 1.26079000
35 1.43658100 -0.00000600 0.00001000 0.01098600 -0.01043400 0.02903600
36 3.99235300 0.89108700 1.82799300 -0.58773500 -0.00855600 1.20568000
37 1.40592600 0.00003100 -0.00000300 -0.01283800 -0.02655700 1.32518700
38 1.17536200 -0.00013200 0.00000100 0.05517300 0.11025000 0.42008900
39 4.52675800 0.69046400 1.12084300 -0.49029100 0.04882300 1.52995500
40 1.74404100 -0.00003100 -0.00000200 -0.02474200 -0.01616300 1.40363300
41 1.36876700 -0.00003100 -0.00001800 -0.32324300 0.09380000 -0.20753100
42 1.93928282 1.01468791 -0.90910127 2.07330300 0.40321500 1.15292400
43 1.52345300 -0.00003200 -0.00000200 0.01413000 -0.08869500 0.51776000
44 1.59928100 -0.00000400 0.00001000 0.08163300 -0.01737100 1.03514200
45 5.51180600 -0.00000200 0.00000300 -0.27198700 0.00000000 0.00000000
46 0.19684900 0.00000300 -0.00000100 -0.34822500 0.00001500 -0.00000200
47 0.00000000 1.00000000 0.00000000 0.00000000 0.00000000 -1.57079600
48 -3.84604500 6.58686700 -4.01251600 0.00000000 0.00000000 -3.14156200
49 -7.91383163 20.51870661 -1.85252207 0.44828610 0.15701257 -0.46090142
50 7.38614865 0.11542837 -3.65940128 0.60677400 1.10882600 1.87296100
51 1.32804700 -0.01178200 0.11704500 0.00000000 0.00000000 0.00000000
52 -1.98416800 -0.01178200 0.82896700 0.00000000 0.00000000 0.00000000
53 0.09614000 0.00000000 0.43283900 0.00000000 0.13264500 0.00000000
54 1.61035536 1.20213700 1.18377500 0.00000000 0.09424800 0.00000000
55 -3.31358200 -0.81149100 0.41883600 0.00000000 0.00000000 0.00000000
56 -0.77083300 -1.06967300 1.39120900 0.00000000 0.08377600 0.00000000
57 0.13109200 -2.70192000 -4.24361100 2.90765600 -0.06655600 -1.98217000
time 39
0 -0.00000100 8.45008800 -27.50902600 0.00000000 0.00000000 0.00003100
1 -0.00000200 0.00000000 0.00000000 1.57074700 -1.56714200 -1.57074700
2 4.25546600 -0.33518300 -0.00000200 0.00000000 0.00000000 -0.12484800
3 7.43125000 1.49647900 0.00000200 0.00000000 0.00000000 0.24545000
4 5.27847900 0.16554400 0.00000100 0.00000000 0.00000000 0.04851100
5 -1.18125772 -12.69647015 5.81522249 1.97586500 1.15990900 -1.29878600
6 -6.21447800 -0.00000900 -0.00002600 -2.91674154 -0.66797295 1.20837920
7 11.94488500 0.00000000 0.00000000 -0.29490556 -0.33634937 1.78073149
8 10.62018800 0.00000000 0.00000000 1.10997396 0.10616443 2.74114400
9 -4.75110800 -0.69449800 0.83058000 -0.09752500 -0.07215500 0.36368700
10 -1.68806800 0.00004700 -0.00003100 0.01721300 -0.01778100 0.66972400
11 -1.33614000 0.00005500 -0.00001000 0.02612800 -0.00326300 0.67798300
12 -4.82049400 -0.50946400 -0.22475900 -0.30541200 -0.05688900 1.32645300
13 -1.82698400 -0.00006900 0.00000800 0.00812100 0.03962700 1.47482300
14 -1.43656900 0.00000400 0.00000300 -0.04326900 -0.06465400 0.49796600
15 -3.99235700 -0.89119100 -1.82790900 -0.50659500 0.21040700 1.39085000
16 -1.40591800 -0.00002500 -0.00000200 -0.01377600 -0.02606000 1.36159100
17 -1.17535800 0.00012600 -0.00001900 0.03573700 0.05772100 0.45866000
18 -4.52675100 -0.69058000 -1.12074100 -0.34755600 0.15083300 1.45582700
19 -1.74403800 0.00003200 -0.00000800 -0.02723700 -0.01149200 1.58318100
20 -1.36877100 0.00002300 0.00000200 0.01247300 0.05098700 0.13591400
21 -1.87479600 -0.93512500 0.99917500 2.10041000 0.44182000 0.86547100
22 -1.52344700 0.00003100 0.00003100 0.08946800 0.14926500 0.64392300
23 -1.59928500 0.00001100 0.00001500 0.03405500 -0.02608500 0.63444600
24 5.58312327 0.11572500 0.29499827 2.70854600 -0.05525400 3.09741800
25 0.19684600 -0.00000200 0.00000300 2.79340684 -0.00094123 -3.14132714
26 -0.48187272 -9.57959314 -1.24982145 1.97586200 1.15991000 1.84280300
27 6.21448600 0.00000800 0.00001900 -0.85532294 0.80649479 -1.84567579
28 11.94488800 -0.00003100 -0.00020000 -0.01789531 -0.38290667 -1.57526035
29 10.62016500 0.00000200 0.00000600 -1.13172572 -0.89409204 -0.25624832
30 4.75115800 0.69437400 -0.83047400 -0.33659400 -0.22394700 1.27220000
31 1.68806500 -0.00002200 0.00000200 -0.00123400 -0.02467300 1.48766100
32 1.33615100 -0.00005100 -0.00000900 0.01621300 -0.03516800 -0.06228900
33 4.82051500 0.50933800 0.22486600 -0.37685200 -0.01490600 1.55226800
34 1.82699200 0.00006600 0.00001000 -0.00051300 0.04045200 1.26079000
35 1.43658100 -0.00000600 0.00001000 0.01098600 -0.01043400 0.02903600
36 3.99235300 0.89108700 1.82799300 -0.58773500 -0.00855600 1.20568000
37 1.40592600 0.00003100 -0.00000300 -0.01283800 -0.02655700 1.32518700
38 1.17536200 -0.00013200 0.00000100 0.05517300 0.11025000 0.42008900
39 4.52675800 0.69046400 1.12084300 -0.49029100 0.04882300 1.52995500
40 1.74404100 -0.00003100 -0.00000200 -0.02474200 -0.01616300 1.40363300
41 1.36876700 -0.00003100 -0.00001800 -0.32324300 0.09380000 -0.20753100
42 1.93928282 1.01468791 -0.90910127 2.07330300 0.40321500 1.15292400
43 1.52345300 -0.00003200 -0.00000200 0.01413000 -0.08869500 0.51776000
44 1.59928100 -0.00000400 0.00001000 0.08163300 -0.01737100 1.03514200
45 5.51180600 -0.00000200 0.00000300 -0.27198700 0.00000000 0.00000000
46 0.19684900 0.00000300 -0.00000100 -0.34822500 0.00001500 -0.00000200
47 0.00000000 1.00000000 0.00000000 0.00000000 0.00000000 -1.57079600
48 -3.84604500 6.58686700 -4.01251600 0.00000000 0.00000000 -3.14156200
49 -7.86691756 20.51859164 -1.80152310 0.44451487 0.16191049 -0.46098411
50 7.38614865 0.11542837 -3.65940128 0.60677400 1.10882600 1.87296100
51 1.32804700 -0.01178200 0.11704500 0.00000000 0.00000000 0.00000000
52 -1.98416800 -0.01178200 0.82896700 0.00000000 0.00000000 0.00000000
53 0.09614000 0.00000000 0.43283900 0.00000000 0.13264500 0.00000000
54 1.61035536 1.20213700 1.18377500 0.00000000 0.09424800 0.00000000
55 -3.31358200 -0.81149100 0.41883600 0.00000000 0.00000000 0.00000000
56 -0.77083300 -1.06967300 1.39120900 0.00000000 0.08377600 0.00000000
57 0.13109200 -2.70192000 -4.24361100 2.90765600 -0.06655600 -1.98217000
time 40
0 -0.00000100 8.45008800 -27.50902600 0.00000000 0.00000000 0.00003100
1 -0.00000200 0.00000000 0.00000000 1.57074700 -1.56714200 -1.57074700
2 4.25546600 -0.33518300 -0.00000200 0.00000000 0.00000000 -0.12484800
3 7.43125000 1.49647900 0.00000200 0.00000000 0.00000000 0.24545000
4 5.27847900 0.16554400 0.00000100 0.00000000 0.00000000 0.04851100
5 -1.18125772 -12.69647015 5.81522249 1.97586500 1.15990900 -1.29878600
6 -6.21447800 -0.00000900 -0.00002600 -2.91525653 -0.66803522 1.20945749
7 11.94488500 0.00000000 0.00000000 -0.29544523 -0.33536411 1.78212593
8 10.62018800 0.00000000 0.00000000 1.10491349 0.10944499 2.74157954
9 -4.75110800 -0.69449800 0.83058000 -0.09752500 -0.07215500 0.36368700
10 -1.68806800 0.00004700 -0.00003100 0.01721300 -0.01778100 0.66972400
11 -1.33614000 0.00005500 -0.00001000 0.02612800 -0.00326300 0.67798300
12 -4.82049400 -0.50946400 -0.22475900 -0.30541200 -0.05688900 1.32645300
13 -1.82698400 -0.00006900 0.00000800 0.00812100 0.03962700 1.47482300
14 -1.43656900 0.00000400 0.00000300 -0.04326900 -0.06465400 0.49796600
15 -3.99235700 -0.89119100 -1.82790900 -0.50659500 0.21040700 1.39085000
16 -1.40591800 -0.00002500 -0.00000200 -0.01377600 -0.02606000 1.36159100
17 -1.17535800 0.00012600 -0.00001900 0.03573700 0.05772100 0.45866000
18 -4.52675100 -0.69058000 -1.12074100 -0.34755600 0.15083300 1.45582700
19 -1.74403800 0.00003200 -0.00000800 -0.02723700 -0.01149200 1.58318100
20 -1.36877100 0.00002300 0.00000200 0.01247300 0.05098700 0.13591400
21 -1.87479600 -0.93512500 0.99917500 2.10041000 0.44182000 0.86547100
22 -1.52344700 0.00003100 0.00003100 0.08946800 0.14926500 0.64392300
23 -1.59928500 0.00001100 0.00001500 0.03405500 -0.02608500 0.63444600
24 5.58312327 0.11572500 0.29499827 2.70854600 -0.05525400 3.09741800
25 0.19684600 -0.00000200 0.00000300 2.79340684 -0.00094123 -3.14132714
26 -0.48187272 -9.57959314 -1.24982145 1.97586200 1.15991000 1.84280300
27 6.21448600 0.00000800 0.00001900 -0.85948680 0.80380183 -1.84884316
28 11.94488800 -0.00003100 -0.00020000 -0.01755334 -0.38126341 -1.57614655
29 10.62016500 0.00000200 0.00000600 -1.12445674 -0.88826597 -0.25536460
30 4.75115800 0.69437400 -0.83047400 -0.33659400 -0.22394700 1.27220000
31 1.68806500 -0.00002200 0.00000200 -0.00123400 -0.02467300 1.48766100
32 1.33615100 -0.00005100 -0.00000900 0.01621300 -0.03516800 -0.06228900
33 4.82051500 0.50933800 0.22486600 -0.37685200 -0.01490600 1.55226800
34 1.82699200 0.00006600 0.00001000 -0.00051300 0.04045200 1.26079000
35 1.43658100 -0.00000600 0.00001000 0.01098600 -0.01043400 0.02903600
36 3.99235300 0.89108700 1.82799300 -0.58773500 -0.00855600 1.20568000
37 1.40592600 0.00003100 -0.00000300 -0.01283800 -0.02655700 1.32518700
38 1.17536200 -0.00013200 0.00000100 0.05517300 0.11025000 0.42008900
39 4.52675800 0.69046400 1.12084300 -0.49029100 0.04882300 1.52995500
40 1.74404100 -0.00003100 -0.00000200 -0.02474200 -0.01616300 1.40363300
41 1.36876700 -0.00003100 -0.00001800 -0.32324300 0.09380000 -0.20753100
42 1.93928282 1.01468791 -0.90910127 2.07330300 0.40321500 1.15292400
43 1.52345300 -0.00003200 -0.00000200 0.01413000 -0.08869500 0.51776000
44 1.59928100 -0.00000400 0.00001000 0.08163300 -0.01737100 1.03514200
45 5.51180600 -0.00000200 0.00000300 -0.27198700 0.00000000 0.00000000
46 0.19684900 0.00000300 -0.00000100 -0.34822500 0.00001500 -0.00000200
47 0.00000000 1.00000000 0.00000000 0.00000000 0.00000000 -1.57079600
48 -3.84604500 6.58686700 -4.01251600 0.00000000 0.00000000 -3.14156200
49 -7.81988585 20.51846908 -1.75074726 0.44026577 0.16727424 -0.46084040
50 7.38614865 0.11542837 -3.65940128 0.60677400 1.10882600 1.87296100
51 1.32804700 -0.01178200 0.11704500 0.00000000 0.00000000 0.00000000
52 -1.98416800 -0.01178200 0.82896700 0.00000000 0.00000000 0.00000000
53 0.09614000 0.00000000 0.43283900 0.00000000 0.13264500 0.00000000
54 1.61035536 1.20213700 1.18377500 0.00000000 0.09424800 0.00000000
55 -3.31358200 -0.81149100 0.41883600 0.00000000 0.00000000 0.00000000
56 -0.77083300 -1.06967300 1.39120900 0.00000000 0.08377600 0.00000000
57 0.13109200 -2.70192000 -4.24361100 2.90765600 -0.06655600 -1.98217000
time 41
0 -0.00000100 8.45008800 -27.50902600 0.00000000 0.00000000 0.00003100
1 -0.00000200 0.00000000 0.00000000 1.57074700 -1.56714200 -1.57074700
2 4.25546600 -0.33518300 -0.00000200 0.00000000 0.00000000 -0.12484800
3 7.43125000 1.49647900 0.00000200 0.00000000 0.00000000 0.24545000
4 5.27847900 0.16554400 0.00000100 0.00000000 0.00000000 0.04851100
5 -1.18125772 -12.69647015 5.81522249 1.97586500 1.15990900 -1.29878600
6 -6.21447800 -0.00000900 -0.00002600 -2.91348006 -0.66793506 1.21016423
7 11.94488500 0.00000000 0.00000000 -0.29573368 -0.33440132 1.78311621
8 10.62018800 0.00000000 0.00000000 1.09985935 0.11297747 2.74257937
9 -4.75110800 -0.69449800 0.83058000 -0.09752500 -0.07215500 0.36368700
10 -1.68806800 0.00004700 -0.00003100 0.01721300 -0.01778100 0.66972400
11 -1.33614000 0.00005500 -0.00001000 0.02612800 -0.00326300 0.67798300
12 -4.82049400 -0.50946400 -0.22475900 -0.30541200 -0.05688900 1.32645300
13 -1.82698400 -0.00006900 0.00000800 0.00812100 0.03962700 1.47482300
14 -1.43656900 0.00000400 0.00000300 -0.04326900 -0.06465400 0.49796600
15 -3.99235700 -0.89119100 -1.82790900 -0.50659500 0.21040700 1.39085000
16 -1.40591800 -0.00002500 -0.00000200 -0.01377600 -0.02606000 1.36159100
17 -1.17535800 0.00012600 -0.00001900 0.03573700 0.05772100 0.45866000
18 -4.52675100 -0.69058000 -1.12074100 -0.34755600 0.15083300 1.45582700
19 -1.74403800 0.00003200 -0.00000800 -0.02723700 -0.01149200 1.58318100
20 -1.36877100 0.00002300 0.00000200 0.01247300 0.05098700 0.13591400
21 -1.87479600 -0.93512500 0.99917500 2.10041000 0.44182000 0.86547100
22 -1.52344700 0.00003100 0.00003100 0.08946800 0.14926500 0.64392300
23 -1.59928500 0.00001100 0.00001500 0.03405500 -0.02608500 0.63444600
24 5.58312327 0.11572500 0.29499827 2.70854600 -0.05525400 3.09741800
25 0.19684600 -0.00000200 0.00000300 2.79340684 -0.00094123 -3.14132714
26 -0.48187272 -9.57959314 -1.24982145 1.97586200 1.15991000 1.84280300
27 6.21448600 0.00000800 0.00001900 -0.86436164 0.80068655 -1.85213346
28 11.94488800 -0.00003100 -0.00020000 -0.01714610 -0.37943867 -1.57692458
29 10.62016500 0.00000200 0.00000600 -1.11696209 -0.88187215 -0.25469411
30 4.75115800 0.69437400 -0.83047400 -0.33659400 -0.22394700 1.27220000
31 1.68806500 -0.00002200 0.00000200 -0.00123400 -0.02467300 1.48766100
32 1.33615100 -0.00005100 -0.00000900 0.01621300 -0.03516800 -0.06228900
33 4.82051500 0.50933800 0.22486600 -0.37685200 -0.01490600 1.55226800
34 1.82699200 0.00006600 0.00001000 -0.00051300 0.04045200 1.26079000
35 1.43658100 -0.00000600 0.00001000 0.01098600 -0.01043400 0.02903600
36 3.99235300 0.89108700 1.82799300 -0.58773500 -0.00855600 1.20568000
37 1.40592600 0.00003100 -0.00000300 -0.01283800 -0.02655700 1.32518700
38 1.17536200 -0.00013200 0.00000100 0.05517300 0.11025000 0.42008900
39 4.52675800 0.69046400 1.12084300 -0.49029100 0.04882300 1.52995500
40 1.74404100 -0.00003100 -0.00000200 -0.02474200 -0.01616300 1.40363300
41 1.36876700 -0.00003100 -0.00001800 -0.32324300 0.09380000 -0.20753100
42 1.93928282 1.01468791 -0.90910127 2.07330300 0.40321500 1.15292400
43 1.52345300 -0.00003200 -0.00000200 0.01413000 -0.08869500 0.51776000
44 1.59928100 -0.00000400 0.00001000 0.08163300 -0.01737100 1.03514200
45 5.51180600 -0.00000200 0.00000300 -0.27198700 0.00000000 0.00000000
46 0.19684900 0.00000300 -0.00000100 -0.34822500 0.00001500 -0.00000200
47 0.00000000 1.00000000 0.00000000 0.00000000 0.00000000 -1.57079600
48 -3.84604500 6.58686700 -4.01251600 0.00000000 0.00000000 -3.14156200
49 -7.77435195 20.51834022 -1.69439555 0.43619439 0.17302447 -0.46058215
50 7.38614865 0.11542837 -3.65940128 0.60677400 1.10882600 1.87296100
51 1.32804700 -0.01178200 0.11704500 0.00000000 0.00000000 0.00000000
52 -1.98416800 -0.01178200 0.82896700 0.00000000 0.00000000 0.00000000
53 0.09614000 0.00000000 0.43283900 0.00000000 0.13264500 0.00000000
54 1.61035536 1.20213700 1.18377500 0.00000000 0.09424800 0.00000000
55 -3.31358200 -0.81149100 0.41883600 0.00000000 0.00000000 0.00000000
56 -0.77083300 -1.06967300 1.39120900 0.00000000 0.08377600 0.00000000
57 0.13109200 -2.70192000 -4.24361100 2.90765600 -0.06655600 -1.98217000
time 42
0 -0.00000100 8.45008800 -27.50902600 0.00000000 0.00000000 0.00003100
1 -0.00000200 0.00000000 0.00000000 1.57074700 -1.56714200 -1.57074700
2 4.25546600 -0.33518300 -0.00000200 0.00000000 0.00000000 -0.12484800
3 7.43125000 1.49647900 0.00000200 0.00000000 0.00000000 0.24545000
4 5.27847900 0.16554400 0.00000100 0.00000000 0.00000000 0.04851100
5 -1.18125772 -12.69647015 5.81522249 1.97586500 1.15990900 -1.29878600
6 -6.21447800 -0.00000900 -0.00002600 -2.91285129 -0.66811879 1.21119511
7 11.94488500 0.00000000 0.00000000 -0.29577339 -0.33341745 1.78332541
8 10.62018800 0.00000000 0.00000000 1.09421810 0.11820875 2.74488159
9 -4.75110800 -0.69449800 0.83058000 -0.09752500 -0.07215500 0.36368700
10 -1.68806800 0.00004700 -0.00003100 0.01721300 -0.01778100 0.66972400
11 -1.33614000 0.00005500 -0.00001000 0.02612800 -0.00326300 0.67798300
12 -4.82049400 -0.50946400 -0.22475900 -0.30541200 -0.05688900 1.32645300
13 -1.82698400 -0.00006900 0.00000800 0.00812100 0.03962700 1.47482300
14 -1.43656900 0.00000400 0.00000300 -0.04326900 -0.06465400 0.49796600
15 -3.99235700 -0.89119100 -1.82790900 -0.50659500 0.21040700 1.39085000
16 -1.40591800 -0.00002500 -0.00000200 -0.01377600 -0.02606000 1.36159100
17 -1.17535800 0.00012600 -0.00001900 0.03573700 0.05772100 0.45866000
18 -4.52675100 -0.69058000 -1.12074100 -0.34755600 0.15083300 1.45582700
19 -1.74403800 0.00003200 -0.00000800 -0.02723700 -0.01149200 1.58318100
20 -1.36877100 0.00002300 0.00000200 0.01247300 0.05098700 0.13591400
21 -1.87479600 -0.93512500 0.99917500 2.10041000 0.44182000 0.86547100
22 -1.52344700 0.00003100 0.00003100 0.08946800 0.14926500 0.64392300
23 -1.59928500 0.00001100 0.00001500 0.03405500 -0.02608500 0.63444600
24 5.58312327 0.11572500 0.29499827 2.70854600 -0.05525400 3.09741800
25 0.19684600 -0.00000200 0.00000300 2.79340684 -0.00094123 -3.14132714
26 -0.48187272 -9.57959314 -1.24982145 1.97586200 1.15991000 1.84280300
27 6.21448600 0.00000800 0.00001900 -0.86885152 0.79802057 -1.85501838
28 11.94488800 -0.00003100 -0.00020000 -0.01684113 -0.37806165 -1.57774461
29 10.62016500 0.00000200 0.00000600 -1.10864656 -0.87444826 -0.25516176
30 4.75115800 0.69437400 -0.83047400 -0.33659400 -0.22394700 1.27220000
31 1.68806500 -0.00002200 0.00000200 -0.00123400 -0.02467300 1.48766100
32 1.33615100 -0.00005100 -0.00000900 0.01621300 -0.03516800 -0.06228900
33 4.82051500 0.50933800 0.22486600 -0.37685200 -0.01490600 1.55226800
34 1.82699200 0.00006600 0.00001000 -0.00051300 0.04045200 1.26079000
35 1.43658100 -0.00000600 0.00001000 0.01098600 -0.01043400 0.02903600
36 3.99235300 0.89108700 1.82799300 -0.58773500 -0.00855600 1.20568000
37 1.40592600 0.00003100 -0.00000300 -0.01283800 -0.02655700 1.32518700
38 1.17536200 -0.00013200 0.00000100 0.05517300 0.11025000 0.42008900
39 4.52675800 0.69046400 1.12084300 -0.49029100 0.04882300 1.52995500
40 1.74404100 -0.00003100 -0.00000200 -0.02474200 -0.01616300 1.40363300
41 1.36876700 -0.00003100 -0.00001800 -0.32324300 0.09380000 -0.20753100
42 1.93928282 1.01468791 -0.90910127 2.07330300 0.40321500 1.15292400
43 1.52345300 -0.00003200 -0.00000200 0.01413000 -0.08869500 0.51776000
44 1.59928100 -0.00000400 0.00001000 0.08163300 -0.01737100 1.03514200
45 5.51180600 -0.00000200 0.00000300 -0.27198700 0.00000000 0.00000000
46 0.19684900 0.00000300 -0.00000100 -0.34822500 0.00001500 -0.00000200
47 0.00000000 1.00000000 0.00000000 0.00000000 0.00000000 -1.57079600
48 -3.84604500 6.58686700 -4.01251600 0.00000000 0.00000000 -3.14156200
49 -7.73125562 20.51820621 -1.64753054 0.43186508 0.17966503 -0.46007252
50 7.38614865 0.11542837 -3.65940128 0.60677400 1.10882600 1.87296100
51 1.32804700 -0.01178200 0.11704500 0.00000000 0.00000000 0.00000000
52 -1.98416800 -0.01178200 0.82896700 0.00000000 0.00000000 0.00000000
53 0.09614000 0.00000000 0.43283900 0.00000000 0.13264500 0.00000000
54 1.61035536 1.20213700 1.18377500 0.00000000 0.09424800 0.00000000
55 -3.31358200 -0.81149100 0.41883600 0.00000000 0.00000000 0.00000000
56 -0.77083300 -1.06967300 1.39120900 0.00000000 0.08377600 0.00000000
57 0.13109200 -2.70192000 -4.24361100 2.90765600 -0.06655600 -1.98217000
time 43
0 -0.00000100 8.45008800 -27.50902600 0.00000000 0.00000000 0.00003100
1 -0.00000200 0.00000000 0.00000000 1.57074700 -1.56714200 -1.57074700
2 4.25546600 -0.33518300 -0.00000200 0.00000000 0.00000000 -0.12484800
3 7.43125000 1.49647900 0.00000200 0.00000000 0.00000000 0.24545000
4 5.27847900 0.16554400 0.00000100 0.00000000 0.00000000 0.04851100
5 -1.18125772 -12.69647015 5.81522249 1.97586500 1.15990900 -1.29878600
6 -6.21447800 -0.00000900 -0.00002600 -2.91213932 -0.66820825 1.21216700
7 11.94488500 0.00000000 0.00000000 -0.29572101 -0.33240636 1.78339979
8 10.62018800 0.00000000 0.00000000 1.08856763 0.12347202 2.74725100
9 -4.75110800 -0.69449800 0.83058000 -0.09752500 -0.07215500 0.36368700
10 -1.68806800 0.00004700 -0.00003100 0.01721300 -0.01778100 0.66972400
11 -1.33614000 0.00005500 -0.00001000 0.02612800 -0.00326300 0.67798300
12 -4.82049400 -0.50946400 -0.22475900 -0.30541200 -0.05688900 1.32645300
13 -1.82698400 -0.00006900 0.00000800 0.00812100 0.03962700 1.47482300
14 -1.43656900 0.00000400 0.00000300 -0.04326900 -0.06465400 0.49796600
15 -3.99235700 -0.89119100 -1.82790900 -0.50659500 0.21040700 1.39085000
16 -1.40591800 -0.00002500 -0.00000200 -0.01377600 -0.02606000 1.36159100
17 -1.17535800 0.00012600 -0.00001900 0.03573700 0.05772100 0.45866000
18 -4.52675100 -0.69058000 -1.12074100 -0.34755600 0.15083300 1.45582700
19 -1.74403800 0.00003200 -0.00000800 -0.02723700 -0.01149200 1.58318100
20 -1.36877100 0.00002300 0.00000200 0.01247300 0.05098700 0.13591400
21 -1.87479600 -0.93512500 0.99917500 2.10041000 0.44182000 0.86547100
22 -1.52344700 0.00003100 0.00003100 0.08946800 0.14926500 0.64392300
23 -1.59928500 0.00001100 0.00001500 0.03405500 -0.02608500 0.63444600
24 5.58312327 0.11572500 0.29499827 2.70854600 -0.05525400 3.09741800
25 0.19684600 -0.00000200 0.00000300 2.79340684 -0.00094123 -3.14132714
26 -0.48187272 -9.57959314 -1.24982145 1.97586200 1.15991000 1.84280300
27 6.21448600 0.00000800 0.00001900 -0.87333903 0.79531716 -1.85789785
28 11.94488800 -0.00003100 -0.00020000 -0.01650892 -0.37670645 -1.57844667
29 10.62016500 0.00000200 0.00000600 -1.10043156 -0.86696182 -0.25554431
30 4.75115800 0.69437400 -0.83047400 -0.33659400 -0.22394700 1.27220000
31 1.68806500 -0.00002200 0.00000200 -0.00123400 -0.02467300 1.48766100
32 1.33615100 -0.00005100 -0.00000900 0.01621300 -0.03516800 -0.06228900
33 4.82051500 0.50933800 0.22486600 -0.37685200 -0.01490600 1.55226800
34 1.82699200 0.00006600 0.00001000 -0.00051300 0.04045200 1.26079000
35 1.43658100 -0.00000600 0.00001000 0.01098600 -0.01043400 0.02903600
36 3.99235300 0.89108700 1.82799300 -0.58773500 -0.00855600 1.20568000
37 1.40592600 0.00003100 -0.00000300 -0.01283800 -0.02655700 1.32518700
38 1.17536200 -0.00013200 0.00000100 0.05517300 0.11025000 0.42008900
39 4.52675800 0.69046400 1.12084300 -0.49029100 0.04882300 1.52995500
40 1.74404100 -0.00003100 -0.00000200 -0.02474200 -0.01616300 1.40363300
41 1.36876700 -0.00003100 -0.00001800 -0.32324300 0.09380000 -0.20753100
42 1.93928282 1.01468791 -0.90910127 2.07330300 0.40321500 1.15292400
43 1.52345300 -0.00003200 -0.00000200 0.01413000 -0.08869500 0.51776000
44 1.59928100 -0.00000400 0.00001000 0.08163300 -0.01737100 1.03514200
45 5.51180600 -0.00000200 0.00000300 -0.27198700 0.00000000 0.00000000
46 0.19684900 0.00000300 -0.00000100 -0.34822500 0.00001500 -0.00000200
47 0.00000000 1.00000000 0.00000000 0.00000000 0.00000000 -1.57079600
48 -3.84604500 6.58686700 -4.01251600 0.00000000 0.00000000 -3.14156200
49 -7.68800267 20.51806840 -1.59988719 0.42761629 0.18638866 -0.45949373
50 7.38614865 0.11542837 -3.65940128 0.60677400 1.10882600 1.87296100
51 1.32804700 -0.01178200 0.11704500 0.00000000 0.00000000 0.00000000
52 -1.98416800 -0.01178200 0.82896700 0.00000000 0.00000000 0.00000000
53 0.09614000 0.00000000 0.43283900 0.00000000 0.13264500 0.00000000
54 1.61035536 1.20213700 1.18377500 0.00000000 0.09424800 0.00000000
55 -3.31358200 -0.81149100 0.41883600 0.00000000 0.00000000 0.00000000
56 -0.77083300 -1.06967300 1.39120900 0.00000000 0.08377600 0.00000000
57 0.13109200 -2.70192000 -4.24361100 2.90765600 -0.06655600 -1.98217000
time 44
0 -0.00000100 8.45008800 -27.50902600 0.00000000 0.00000000 0.00003100
1 -0.00000200 0.00000000 0.00000000 1.57074700 -1.56714200 -1.57074700
2 4.25546600 -0.33518300 -0.00000200 0.00000000 0.00000000 -0.12484800
3 7.43125000 1.49647900 0.00000200 0.00000000 0.00000000 0.24545000
4 5.27847900 0.16554400 0.00000100 0.00000000 0.00000000 0.04851100
5 -1.18125772 -12.69647015 5.81522249 1.97586500 1.15990900 -1.29878600
6 -6.21447800 -0.00000900 -0.00002600 -2.91180521 -0.66851038 1.21346985
7 11.94488500 0.00000000 0.00000000 -0.29580081 -0.33149392 1.78368712
8 10.62018800 0.00000000 0.00000000 1.08346471 0.12847035 2.74960778
9 -4.75110800 -0.69449800 0.83058000 -0.09752500 -0.07215500 0.36368700
10 -1.68806800 0.00004700 -0.00003100 0.01721300 -0.01778100 0.66972400
11 -1.33614000 0.00005500 -0.00001000 0.02612800 -0.00326300 0.67798300
12 -4.82049400 -0.50946400 -0.22475900 -0.30541200 -0.05688900 1.32645300
13 -1.82698400 -0.00006900 0.00000800 0.00812100 0.03962700 1.47482300
14 -1.43656900 0.00000400 0.00000300 -0.04326900 -0.06465400 0.49796600
15 -3.99235700 -0.89119100 -1.82790900 -0.50659500 0.21040700 1.39085000
16 -1.40591800 -0.00002500 -0.00000200 -0.01377600 -0.02606000 1.36159100
17 -1.17535800 0.00012600 -0.00001900 0.03573700 0.05772100 0.45866000
18 -4.52675100 -0.69058000 -1.12074100 -0.34755600 0.15083300 1.45582700
19 -1.74403800 0.00003200 -0.00000800 -0.02723700 -0.01149200 1.58318100
20 -1.36877100 0.00002300 0.00000200 0.01247300 0.05098700 0.13591400
21 -1.87479600 -0.93512500 0.99917500 2.10041000 0.44182000 0.86547100
22 -1.52344700 0.00003100 0.00003100 0.08946800 0.14926500 0.64392300
23 -1.59928500 0.00001100 0.00001500 0.03405500 -0.02608500 0.63444600
24 5.58312327 0.11572500 0.29499827 2.70854600 -0.05525400 3.09741800
25 0.19684600 -0.00000200 0.00000300 2.79340684 -0.00094123 -3.14132714
26 -0.48187272 -9.57959314 -1.24982145 1.97586200 1.15991000 1.84280300
27 6.21448600 0.00000800 0.00001900 -0.87727892 0.79290804 -1.86073071
28 11.94488800 -0.00003100 -0.00020000 -0.01635840 -0.37561437 -1.57875285
29 10.62016500 0.00000200 0.00000600 -1.09283064 -0.86020860 -0.25633911
30 4.75115800 0.69437400 -0.83047400 -0.33659400 -0.22394700 1.27220000
31 1.68806500 -0.00002200 0.00000200 -0.00123400 -0.02467300 1.48766100
32 1.33615100 -0.00005100 -0.00000900 0.01621300 -0.03516800 -0.06228900
33 4.82051500 0.50933800 0.22486600 -0.37685200 -0.01490600 1.55226800
34 1.82699200 0.00006600 0.00001000 -0.00051300 0.04045200 1.26079000
35 1.43658100 -0.00000600 0.00001000 0.01098600 -0.01043400 0.02903600
36 3.99235300 0.89108700 1.82799300 -0.58773500 -0.00855600 1.20568000
37 1.40592600 0.00003100 -0.00000300 -0.01283800 -0.02655700 1.32518700
38 1.17536200 -0.00013200 0.00000100 0.05517300 0.11025000 0.42008900
39 4.52675800 0.69046400 1.12084300 -0.49029100 0.04882300 1.52995500
40 1.74404100 -0.00003100 -0.00000200 -0.02474200 -0.01616300 1.40363300
41 1.36876700 -0.00003100 -0.00001800 -0.32324300 0.09380000 -0.20753100
42 1.93928282 1.01468791 -0.90910127 2.07330300 0.40321500 1.15292400
43 1.52345300 -0.00003200 -0.00000200 0.01413000 -0.08869500 0.51776000
44 1.59928100 -0.00000400 0.00001000 0.08163300 -0.01737100 1.03514200
45 5.51180600 -0.00000200 0.00000300 -0.27198700 0.00000000 0.00000000
46 0.19684900 0.00000300 -0.00000100 -0.34822500 0.00001500 -0.00000200
47 0.00000000 1.00000000 0.00000000 0.00000000 0.00000000 -1.57079600
48 -3.84604500 6.58686700 -4.01251600 0.00000000 0.00000000 -3.14156200
49 -7.64539896 20.51792815 -1.55879100 0.42390627 0.19259264 -0.45905655
50 7.38614865 0.11542837 -3.65940128 0.60677400 1.10882600 1.87296100
51 1.32804700 -0.01178200 0.11704500 0.00000000 0.00000000 0.00000000
52 -1.98416800 -0.01178200 0.82896700 0.00000000 0.00000000 0.00000000
53 0.09614000 0.00000000 0.43283900 0.00000000 0.13264500 0.00000000
54 1.61035536 1.20213700 1.18377500 0.00000000 0.09424800 0.00000000
55 -3.31358200 -0.81149100 0.41883600 0.00000000 0.00000000 0.00000000
56 -0.77083300 -1.06967300 1.39120900 0.00000000 0.08377600 0.00000000
57 0.13109200 -2.70192000 -4.24361100 2.90765600 -0.06655600 -1.98217000
time 45
0 -0.00000100 8.45008800 -27.50902600 0.00000000 0.00000000 0.00003100
1 -0.00000200 0.00000000 0.00000000 1.57074700 -1.56714200 -1.57074700
2 4.25546600 -0.33518300 -0.00000200 0.00000000 0.00000000 -0.12484800
3 7.43125000 1.49647900 0.00000200 0.00000000 0.00000000 0.24545000
4 5.27847900 0.16554400 0.00000100 0.00000000 0.00000000 0.04851100
5 -1.18125772 -12.69647015 5.81522249 1.97586500 1.15990900 -1.29878600
6 -6.21447800 -0.00000900 -0.00002600 -2.91143356 -0.66886022 1.21491900
7 11.94488500 0.00000000 0.00000000 -0.29608488 -0.33058467 1.78442619
8 10.62018800 0.00000000 0.00000000 1.07969822 0.13259256 2.75133256
9 -4.75110800 -0.69449800 0.83058000 -0.09752500 -0.07215500 0.36368700
10 -1.68806800 0.00004700 -0.00003100 0.01721300 -0.01778100 0.66972400
11 -1.33614000 0.00005500 -0.00001000 0.02612800 -0.00326300 0.67798300
12 -4.82049400 -0.50946400 -0.22475900 -0.30541200 -0.05688900 1.32645300
13 -1.82698400 -0.00006900 0.00000800 0.00812100 0.03962700 1.47482300
14 -1.43656900 0.00000400 0.00000300 -0.04326900 -0.06465400 0.49796600
15 -3.99235700 -0.89119100 -1.82790900 -0.50659500 0.21040700 1.39085000
16 -1.40591800 -0.00002500 -0.00000200 -0.01377600 -0.02606000 1.36159100
17 -1.17535800 0.00012600 -0.00001900 0.03573700 0.05772100 0.45866000
18 -4.52675100 -0.69058000 -1.12074100 -0.34755600 0.15083300 1.45582700
19 -1.74403800 0.00003200 -0.00000800 -0.02723700 -0.01149200 1.58318100
20 -1.36877100 0.00002300 0.00000200 0.01247300 0.05098700 0.13591400
21 -1.87479600 -0.93512500 0.99917500 2.10041000 0.44182000 0.86547100
22 -1.52344700 0.00003100 0.00003100 0.08946800 0.14926500 0.64392300
23 -1.59928500 0.00001100 0.00001500 0.03405500 -0.02608500 0.63444600
24 5.58312327 0.11572500 0.29499827 2.70854600 -0.05525400 3.09741800
25 0.19684600 -0.00000200 0.00000300 2.79340684 -0.00094123 -3.14132714
26 -0.48187272 -9.57959314 -1.24982145 1.97586200 1.15991000 1.84280300
27 6.21448600 0.00000800 0.00001900 -0.88017266 0.79081747 -1.86337421
28 11.94488800 -0.00003100 -0.00020000 -0.01626360 -0.37486592 -1.57882075
29 10.62016500 0.00000200 0.00000600 -1.08679754 -0.85473849 -0.25734944
30 4.75115800 0.69437400 -0.83047400 -0.33659400 -0.22394700 1.27220000
31 1.68806500 -0.00002200 0.00000200 -0.00123400 -0.02467300 1.48766100
32 1.33615100 -0.00005100 -0.00000900 0.01621300 -0.03516800 -0.06228900
33 4.82051500 0.50933800 0.22486600 -0.37685200 -0.01490600 1.55226800
34 1.82699200 0.00006600 0.00001000 -0.00051300 0.04045200 1.26079000
35 1.43658100 -0.00000600 0.00001000 0.01098600 -0.01043400 0.02903600
36 3.99235300 0.89108700 1.82799300 -0.58773500 -0.00855600 1.20568000
37 1.40592600 0.00003100 -0.00000300 -0.01283800 -0.02655700 1.32518700
38 1.17536200 -0.00013200 0.00000100 0.05517300 0.11025000 0.42008900
39 4.52675800 0.69046400 1.12084300 -0.49029100 0.04882300 1.52995500
40 1.74404100 -0.00003100 -0.00000200 -0.02474200 -0.01616300 1.40363300
41 1.36876700 -0.00003100 -0.00001800 -0.32324300 0.09380000 -0.20753100
42 1.93928282 1.01468791 -0.90910127 2.07330300 0.40321500 1.15292400
43 1.52345300 -0.00003200 -0.00000200 0.01413000 -0.08869500 0.51776000
44 1.59928100 -0.00000400 0.00001000 0.08163300 -0.01737100 1.03514200
45 5.51180600 -0.00000200 0.00000300 -0.27198700 0.00000000 0.00000000
46 0.19684900 0.00000300 -0.00000100 -0.34822500 0.00001500 -0.00000200
47 0.00000000 1.00000000 0.00000000 0.00000000 0.00000000 -1.57079600
48 -3.84604500 6.58686700 -4.01251600 0.00000000 0.00000000 -3.14156200
49 -7.60492998 20.51778673 -1.52539701 0.42108061 0.19774131 -0.45911556
50 7.38614865 0.11542837 -3.65940128 0.60677400 1.10882600 1.87296100
51 1.32804700 -0.01178200 0.11704500 0.00000000 0.00000000 0.00000000
52 -1.98416800 -0.01178200 0.82896700 0.00000000 0.00000000 0.00000000
53 0.09614000 0.00000000 0.43283900 0.00000000 0.13264500 0.00000000
54 1.61035536 1.20213700 1.18377500 0.00000000 0.09424800 0.00000000
55 -3.31358200 -0.81149100 0.41883600 0.00000000 0.00000000 0.00000000
56 -0.77083300 -1.06967300 1.39120900 0.00000000 0.08377600 0.00000000
57 0.13109200 -2.70192000 -4.24361100 2.90765600 -0.06655600 -1.98217000
time 46
0 -0.00000100 8.45008800 -27.50902600 0.00000000 0.00000000 0.00003100
1 -0.00000200 0.00000000 0.00000000 1.57074700 -1.56714200 -1.57074700
2 4.25546600 -0.33518300 -0.00000200 0.00000000 0.00000000 -0.12484800
3 7.43125000 1.49647900 0.00000200 0.00000000 0.00000000 0.24545000
4 5.27847900 0.16554400 0.00000100 0.00000000 0.00000000 0.04851100
5 -1.18125772 -12.69647015 5.81522249 1.97586500 1.15990900 -1.29878600
6 -6.21447800 -0.00000900 -0.00002600 -2.91113327 -0.66916036 1.21636781
7 11.94488500 0.00000000 0.00000000 -0.29624373 -0.32967231 1.78514570
8 10.62018800 0.00000000 0.00000000 1.07592834 0.13667006 2.75310543
9 -4.75110800 -0.69449800 0.83058000 -0.09752500 -0.07215500 0.36368700
10 -1.68806800 0.00004700 -0.00003100 0.01721300 -0.01778100 0.66972400
11 -1.33614000 0.00005500 -0.00001000 0.02612800 -0.00326300 0.67798300
12 -4.82049400 -0.50946400 -0.22475900 -0.30541200 -0.05688900 1.32645300
13 -1.82698400 -0.00006900 0.00000800 0.00812100 0.03962700 1.47482300
14 -1.43656900 0.00000400 0.00000300 -0.04326900 -0.06465400 0.49796600
15 -3.99235700 -0.89119100 -1.82790900 -0.50659500 0.21040700 1.39085000
16 -1.40591800 -0.00002500 -0.00000200 -0.01377600 -0.02606000 1.36159100
17 -1.17535800 0.00012600 -0.00001900 0.03573700 0.05772100 0.45866000
18 -4.52675100 -0.69058000 -1.12074100 -0.34755600 0.15083300 1.45582700
19 -1.74403800 0.00003200 -0.00000800 -0.02723700 -0.01149200 1.58318100
20 -1.36877100 0.00002300 0.00000200 0.01247300 0.05098700 0.13591400
21 -1.87479600 -0.93512500 0.99917500 2.10041000 0.44182000 0.86547100
22 -1.52344700 0.00003100 0.00003100 0.08946800 0.14926500 0.64392300
23 -1.59928500 0.00001100 0.00001500 0.03405500 -0.02608500 0.63444600
24 5.58312327 0.11572500 0.29499827 2.70854600 -0.05525400 3.09741800
25 0.19684600 -0.00000200 0.00000300 2.79340684 -0.00094123 -3.14132714
26 -0.48187272 -9.57959314 -1.24982145 1.97586200 1.15991000 1.84280300
27 6.21448600 0.00000800 0.00001900 -0.88288799 0.78873565 -1.86576149
28 11.94488800 -0.00003100 -0.00020000 -0.01623651 -0.37415405 -1.57887724
29 10.62016500 0.00000200 0.00000600 -1.08075708 -0.84928477 -0.25819525
30 4.75115800 0.69437400 -0.83047400 -0.33659400 -0.22394700 1.27220000
31 1.68806500 -0.00002200 0.00000200 -0.00123400 -0.02467300 1.48766100
32 1.33615100 -0.00005100 -0.00000900 0.01621300 -0.03516800 -0.06228900
33 4.82051500 0.50933800 0.22486600 -0.37685200 -0.01490600 1.55226800
34 1.82699200 0.00006600 0.00001000 -0.00051300 0.04045200 1.26079000
35 1.43658100 -0.00000600 0.00001000 0.01098600 -0.01043400 0.02903600
36 3.99235300 0.89108700 1.82799300 -0.58773500 -0.00855600 1.20568000
37 1.40592600 0.00003100 -0.00000300 -0.01283800 -0.02655700 1.32518700
38 1.17536200 -0.00013200 0.00000100 0.05517300 0.11025000 0.42008900
39 4.52675800 0.69046400 1.12084300 -0.49029100 0.04882300 1.52995500
40 1.74404100 -0.00003100 -0.00000200 -0.02474200 -0.01616300 1.40363300
41 1.36876700 -0.00003100 -0.00001800 -0.32324300 0.09380000 -0.20753100
42 1.93928282 1.01468791 -0.90910127 2.07330300 0.40321500 1.15292400
43 1.52345300 -0.00003200 -0.00000200 0.01413000 -0.08869500 0.51776000
44 1.59928100 -0.00000400 0.00001000 0.08163300 -0.01737100 1.03514200
45 5.51180600 -0.00000200 0.00000300 -0.27198700 0.00000000 0.00000000
46 0.19684900 0.00000300 -0.00000100 -0.34822500 0.00001500 -0.00000200
47 0.00000000 1.00000000 0.00000000 0.00000000 0.00000000 -1.57079600
48 -3.84604500 6.58686700 -4.01251600 0.00000000 0.00000000 -3.14156200
49 -7.56448352 20.51764512 -1.49206668 0.41824055 0.20294012 -0.45909442
50 7.38614865 0.11542837 -3.65940128 0.60677400 1.10882600 1.87296100
51 1.32804700 -0.01178200 0.11704500 0.00000000 0.00000000 0.00000000
52 -1.98416800 -0.01178200 0.82896700 0.00000000 0.00000000 0.00000000
53 0.09614000 0.00000000 0.43283900 0.00000000 0.13264500 0.00000000
54 1.61035536 1.20213700 1.18377500 0.00000000 0.09424800 0.00000000
55 -3.31358200 -0.81149100 0.41883600 0.00000000 0.00000000 0.00000000
56 -0.77083300 -1.06967300 1.39120900 0.00000000 0.08377600 0.00000000
57 0.13109200 -2.70192000 -4.24361100 2.90765600 -0.06655600 -1.98217000
time 47
0 -0.00000100 8.45008800 -27.50902600 0.00000000 0.00000000 0.00003100
1 -0.00000200 0.00000000 0.00000000 1.57074700 -1.56714200 -1.57074700
2 4.25546600 -0.33518300 -0.00000200 0.00000000 0.00000000 -0.12484800
3 7.43125000 1.49647900 0.00000200 0.00000000 0.00000000 0.24545000
4 5.27847900 0.16554400 0.00000100 0.00000000 0.00000000 0.04851100
5 -1.18125772 -12.69647015 5.81522249 1.97586500 1.15990900 -1.29878600
6 -6.21447800 -0.00000900 -0.00002600 -2.91098707 -0.66969899 1.21817064
7 11.94488500 0.00000000 0.00000000 -0.29652957 -0.32889496 1.78603092
8 10.62018800 0.00000000 0.00000000 1.07304023 0.14025164 2.75508722
9 -4.75110800 -0.69449800 0.83058000 -0.09752500 -0.07215500 0.36368700
10 -1.68806800 0.00004700 -0.00003100 0.01721300 -0.01778100 0.66972400
11 -1.33614000 0.00005500 -0.00001000 0.02612800 -0.00326300 0.67798300
12 -4.82049400 -0.50946400 -0.22475900 -0.30541200 -0.05688900 1.32645300
13 -1.82698400 -0.00006900 0.00000800 0.00812100 0.03962700 1.47482300
14 -1.43656900 0.00000400 0.00000300 -0.04326900 -0.06465400 0.49796600
15 -3.99235700 -0.89119100 -1.82790900 -0.50659500 0.21040700 1.39085000
16 -1.40591800 -0.00002500 -0.00000200 -0.01377600 -0.02606000 1.36159100
17 -1.17535800 0.00012600 -0.00001900 0.03573700 0.05772100 0.45866000
18 -4.52675100 -0.69058000 -1.12074100 -0.34755600 0.15083300 1.45582700
19 -1.74403800 0.00003200 -0.00000800 -0.02723700 -0.01149200 1.58318100
20 -1.36877100 0.00002300 0.00000200 0.01247300 0.05098700 0.13591400
21 -1.87479600 -0.93512500 0.99917500 2.10041000 0.44182000 0.86547100
22 -1.52344700 0.00003100 0.00003100 0.08946800 0.14926500 0.64392300
23 -1.59928500 0.00001100 0.00001500 0.03405500 -0.02608500 0.63444600
24 5.58312327 0.11572500 0.29499827 2.70854600 -0.05525400 3.09741800
25 0.19684600 -0.00000200 0.00000300 2.79340684 -0.00094123 -3.14132714
26 -0.48187272 -9.57959314 -1.24982145 1.97586200 1.15991000 1.84280300
27 6.21448600 0.00000800 0.00001900 -0.88491384 0.78695982 -1.86824755
28 11.94488800 -0.00003100 -0.00020000 -0.01631481 -0.37388654 -1.57839997
29 10.62016500 0.00000200 0.00000600 -1.07559901 -0.84481961 -0.25985634
30 4.75115800 0.69437400 -0.83047400 -0.33659400 -0.22394700 1.27220000
31 1.68806500 -0.00002200 0.00000200 -0.00123400 -0.02467300 1.48766100
32 1.33615100 -0.00005100 -0.00000900 0.01621300 -0.03516800 -0.06228900
33 4.82051500 0.50933800 0.22486600 -0.37685200 -0.01490600 1.55226800
34 1.82699200 0.00006600 0.00001000 -0.00051300 0.04045200 1.26079000
35 1.43658100 -0.00000600 0.00001000 0.01098600 -0.01043400 0.02903600
36 3.99235300 0.89108700 1.82799300 -0.58773500 -0.00855600 1.20568000
37 1.40592600 0.00003100 -0.00000300 -0.01283800 -0.02655700 1.32518700
38 1.17536200 -0.00013200 0.00000100 0.05517300 0.11025000 0.42008900
39 4.52675800 0.69046400 1.12084300 -0.49029100 0.04882300 1.52995500
40 1.74404100 -0.00003100 -0.00000200 -0.02474200 -0.01616300 1.40363300
41 1.36876700 -0.00003100 -0.00001800 -0.32324300 0.09380000 -0.20753100
42 1.93928282 1.01468791 -0.90910127 2.07330300 0.40321500 1.15292400
43 1.52345300 -0.00003200 -0.00000200 0.01413000 -0.08869500 0.51776000
44 1.59928100 -0.00000400 0.00001000 0.08163300 -0.01737100 1.03514200
45 5.51180600 -0.00000200 0.00000300 -0.27198700 0.00000000 0.00000000
46 0.19684900 0.00000300 -0.00000100 -0.34822500 0.00001500 -0.00000200
47 0.00000000 1.00000000 0.00000000 0.00000000 0.00000000 -1.57079600
48 -3.84604500 6.58686700 -4.01251600 0.00000000 0.00000000 -3.14156200
49 -7.52468494 20.51750495 -1.46708151 0.41631484 0.20750330 -0.45915846
50 7.38614865 0.11542837 -3.65940128 0.60677400 1.10882600 1.87296100
51 1.32804700 -0.01178200 0.11704500 0.00000000 0.00000000 0.00000000
52 -1.98416800 -0.01178200 0.82896700 0.00000000 0.00000000 0.00000000
53 0.09614000 0.00000000 0.43283900 0.00000000 0.13264500 0.00000000
54 1.61035536 1.20213700 1.18377500 0.00000000 0.09424800 0.00000000
55 -3.31358200 -0.81149100 0.41883600 0.00000000 0.00000000 0.00000000
56 -0.77083300 -1.06967300 1.39120900 0.00000000 0.08377600 0.00000000
57 0.13109200 -2.70192000 -4.24361100 2.90765600 -0.06655600 -1.98217000
time 48
0 -0.00000100 8.45008800 -27.50902600 0.00000000 0.00000000 0.00003100
1 -0.00000200 0.00000000 0.00000000 1.57074700 -1.56714200 -1.57074700
2 4.25546600 -0.33518300 -0.00000200 0.00000000 0.00000000 -0.12484800
3 7.43125000 1.49647900 0.00000200 0.00000000 0.00000000 0.24545000
4 5.27847900 0.16554400 0.00000100 0.00000000 0.00000000 0.04851100
5 -1.18125772 -12.69647015 5.81522249 1.97586500 1.15990900 -1.29878600
6 -6.21447800 -0.00000900 -0.00002600 -2.91146039 -0.67045781 1.22056188
7 11.94488500 0.00000000 0.00000000 -0.29685476 -0.32817612 1.78703273
8 10.62018800 0.00000000 0.00000000 1.07067700 0.14373254 2.75756695
9 -4.75110800 -0.69449800 0.83058000 -0.09752500 -0.07215500 0.36368700
10 -1.68806800 0.00004700 -0.00003100 0.01721300 -0.01778100 0.66972400
11 -1.33614000 0.00005500 -0.00001000 0.02612800 -0.00326300 0.67798300
12 -4.82049400 -0.50946400 -0.22475900 -0.30541200 -0.05688900 1.32645300
13 -1.82698400 -0.00006900 0.00000800 0.00812100 0.03962700 1.47482300
14 -1.43656900 0.00000400 0.00000300 -0.04326900 -0.06465400 0.49796600
15 -3.99235700 -0.89119100 -1.82790900 -0.50659500 0.21040700 1.39085000
16 -1.40591800 -0.00002500 -0.00000200 -0.01377600 -0.02606000 1.36159100
17 -1.17535800 0.00012600 -0.00001900 0.03573700 0.05772100 0.45866000
18 -4.52675100 -0.69058000 -1.12074100 -0.34755600 0.15083300 1.45582700
19 -1.74403800 0.00003200 -0.00000800 -0.02723700 -0.01149200 1.58318100
20 -1.36877100 0.00002300 0.00000200 0.01247300 0.05098700 0.13591400
21 -1.87479600 -0.93512500 0.99917500 2.10041000 0.44182000 0.86547100
22 -1.52344700 0.00003100 0.00003100 0.08946800 0.14926500 0.64392300
23 -1.59928500 0.00001100 0.00001500 0.03405500 -0.02608500 0.63444600
24 5.58312327 0.11572500 0.29499827 2.70854600 -0.05525400 3.09741800
25 0.19684600 -0.00000200 0.00000300 2.79340684 -0.00094123 -3.14132714
26 -0.48187272 -9.57959314 -1.24982145 1.97586200 1.15991000 1.84280300
27 6.21448600 0.00000800 0.00001900 -0.88590035 0.78573235 -1.87029441
28 11.94488800 -0.00003100 -0.00020000 -0.01653204 -0.37390440 -1.57773873
29 10.62016500 0.00000200 0.00000600 -1.07062031 -0.84109124 -0.26255364
30 4.75115800 0.69437400 -0.83047400 -0.33659400 -0.22394700 1.27220000
31 1.68806500 -0.00002200 0.00000200 -0.00123400 -0.02467300 1.48766100
32 1.33615100 -0.00005100 -0.00000900 0.01621300 -0.03516800 -0.06228900
33 4.82051500 0.50933800 0.22486600 -0.37685200 -0.01490600 1.55226800
34 1.82699200 0.00006600 0.00001000 -0.00051300 0.04045200 1.26079000
35 1.43658100 -0.00000600 0.00001000 0.01098600 -0.01043400 0.02903600
36 3.99235300 0.89108700 1.82799300 -0.58773500 -0.00855600 1.20568000
37 1.40592600 0.00003100 -0.00000300 -0.01283800 -0.02655700 1.32518700
38 1.17536200 -0.00013200 0.00000100 0.05517300 0.11025000 0.42008900
39 4.52675800 0.69046400 1.12084300 -0.49029100 0.04882300 1.52995500
40 1.74404100 -0.00003100 -0.00000200 -0.02474200 -0.01616300 1.40363300
41 1.36876700 -0.00003100 -0.00001800 -0.32324300 0.09380000 -0.20753100
42 1.93928282 1.01468791 -0.90910127 2.07330300 0.40321500 1.15292400
43 1.52345300 -0.00003200 -0.00000200 0.01413000 -0.08869500 0.51776000
44 1.59928100 -0.00000400 0.00001000 0.08163300 -0.01737100 1.03514200
45 5.51180600 -0.00000200 0.00000300 -0.27198700 0.00000000 0.00000000
46 0.19684900 0.00000300 -0.00000100 -0.34822500 0.00001500 -0.00000200
47 0.00000000 1.00000000 0.00000000 0.00000000 0.00000000 -1.57079600
48 -3.84604500 6.58686700 -4.01251600 0.00000000 0.00000000 -3.14156200
49 -7.48411886 20.51736708 -1.45159856 0.41488135 0.21177337 -0.45916241
50 7.38614865 0.11542837 -3.65940128 0.60677400 1.10882600 1.87296100
51 1.32804700 -0.01178200 0.11704500 0.00000000 0.00000000 0.00000000
52 -1.98416800 -0.01178200 0.82896700 0.00000000 0.00000000 0.00000000
53 0.09614000 0.00000000 0.43283900 0.00000000 0.13264500 0.00000000
54 1.61035536 1.20213700 1.18377500 0.00000000 0.09424800 0.00000000
55 -3.31358200 -0.81149100 0.41883600 0.00000000 0.00000000 0.00000000
56 -0.77083300 -1.06967300 1.39120900 0.00000000 0.08377600 0.00000000
57 0.13109200 -2.70192000 -4.24361100 2.90765600 -0.06655600 -1.98217000
time 49
0 -0.00000100 8.45008800 -27.50902600 0.00000000 0.00000000 0.00003100
1 -0.00000200 0.00000000 0.00000000 1.57074700 -1.56714200 -1.57074700
2 4.25546600 -0.33518300 -0.00000200 0.00000000 0.00000000 -0.12484800
3 7.43125000 1.49647900 0.00000200 0.00000000 0.00000000 0.24545000
4 5.27847900 0.16554400 0.00000100 0.00000000 0.00000000 0.04851100
5 -1.18125772 -12.69647015 5.81522249 1.97586500 1.15990900 -1.29878600
6 -6.21447800 -0.00000900 -0.00002600 -2.91205896 -0.67123167 1.22298476
7 11.94488500 0.00000000 0.00000000 -0.29716836 -0.32745479 1.78802509
8 10.62018800 0.00000000 0.00000000 1.06823109 0.14716236 2.75991674
9 -4.75110800 -0.69449800 0.83058000 -0.09752500 -0.07215500 0.36368700
10 -1.68806800 0.00004700 -0.00003100 0.01721300 -0.01778100 0.66972400
11 -1.33614000 0.00005500 -0.00001000 0.02612800 -0.00326300 0.67798300
12 -4.82049400 -0.50946400 -0.22475900 -0.30541200 -0.05688900 1.32645300
13 -1.82698400 -0.00006900 0.00000800 0.00812100 0.03962700 1.47482300
14 -1.43656900 0.00000400 0.00000300 -0.04326900 -0.06465400 0.49796600
15 -3.99235700 -0.89119100 -1.82790900 -0.50659500 0.21040700 1.39085000
16 -1.40591800 -0.00002500 -0.00000200 -0.01377600 -0.02606000 1.36159100
17 -1.17535800 0.00012600 -0.00001900 0.03573700 0.05772100 0.45866000
18 -4.52675100 -0.69058000 -1.12074100 -0.34755600 0.15083300 1.45582700
19 -1.74403800 0.00003200 -0.00000800 -0.02723700 -0.01149200 1.58318100
20 -1.36877100 0.00002300 0.00000200 0.01247300 0.05098700 0.13591400
21 -1.87479600 -0.93512500 0.99917500 2.10041000 0.44182000 0.86547100
22 -1.52344700 0.00003100 0.00003100 0.08946800 0.14926500 0.64392300
23 -1.59928500 0.00001100 0.00001500 0.03405500 -0.02608500 0.63444600
24 5.58312327 0.11572500 0.29499827 2.70854600 -0.05525400 3.09741800
25 0.19684600 -0.00000200 0.00000300 2.79340684 -0.00094123 -3.14132714
26 -0.48187272 -9.57959314 -1.24982145 1.97586200 1.15991000 1.84280300
27 6.21448600 0.00000800 0.00001900 -0.88683359 0.78454487 -1.87235505
28 11.94488800 -0.00003100 -0.00020000 -0.01675378 -0.37391224 -1.57708058
29 10.62016500 0.00000200 0.00000600 -1.06588529 -0.83754466 -0.26502253
30 4.75115800 0.69437400 -0.83047400 -0.33659400 -0.22394700 1.27220000
31 1.68806500 -0.00002200 0.00000200 -0.00123400 -0.02467300 1.48766100
32 1.33615100 -0.00005100 -0.00000900 0.01621300 -0.03516800 -0.06228900
33 4.82051500 0.50933800 0.22486600 -0.37685200 -0.01490600 1.55226800
34 1.82699200 0.00006600 0.00001000 -0.00051300 0.04045200 1.26079000
35 1.43658100 -0.00000600 0.00001000 0.01098600 -0.01043400 0.02903600
36 3.99235300 0.89108700 1.82799300 -0.58773500 -0.00855600 1.20568000
37 1.40592600 0.00003100 -0.00000300 -0.01283800 -0.02655700 1.32518700
38 1.17536200 -0.00013200 0.00000100 0.05517300 0.11025000 0.42008900
39 4.52675800 0.69046400 1.12084300 -0.49029100 0.04882300 1.52995500
40 1.74404100 -0.00003100 -0.00000200 -0.02474200 -0.01616300 1.40363300
41 1.36876700 -0.00003100 -0.00001800 -0.32324300 0.09380000 -0.20753100
42 1.93928282 1.01468791 -0.90910127 2.07330300 0.40321500 1.15292400
43 1.52345300 -0.00003200 -0.00000200 0.01413000 -0.08869500 0.51776000
44 1.59928100 -0.00000400 0.00001000 0.08163300 -0.01737100 1.03514200
45 5.51180600 -0.00000200 0.00000300 -0.27198700 0.00000000 0.00000000
46 0.19684900 0.00000300 -0.00000100 -0.34822500 0.00001500 -0.00000200
47 0.00000000 1.00000000 0.00000000 0.00000000 0.00000000 -1.57079600
48 -3.84604500 6.58686700 -4.01251600 0.00000000 0.00000000 -3.14156200
49 -7.44375615 20.51723320 -1.43701929 0.41339346 0.21588144 -0.45928262
50 7.38614865 0.11542837 -3.65940128 0.60677400 1.10882600 1.87296100
51 1.32804700 -0.01178200 0.11704500 0.00000000 0.00000000 0.00000000
52 -1.98416800 -0.01178200 0.82896700 0.00000000 0.00000000 0.00000000
53 0.09614000 0.00000000 0.43283900 0.00000000 0.13264500 0.00000000
54 1.61035536 1.20213700 1.18377500 0.00000000 0.09424800 0.00000000
55 -3.31358200 -0.81149100 0.41883600 0.00000000 0.00000000 0.00000000
56 -0.77083300 -1.06967300 1.39120900 0.00000000 0.08377600 0.00000000
57 0.13109200 -2.70192000 -4.24361100 2.90765600 -0.06655600 -1.98217000
time 50
0 -0.00000100 8.45008800 -27.50902600 0.00000000 0.00000000 0.00003100
1 -0.00000200 0.00000000 0.00000000 1.57074700 -1.56714200 -1.57074700
2 4.25546600 -0.33518300 -0.00000200 0.00000000 0.00000000 -0.12484800
3 7.43125000 1.49647900 0.00000200 0.00000000 0.00000000 0.24545000
4 5.27847900 0.16554400 0.00000100 0.00000000 0.00000000 0.04851100
5 -1.18125772 -12.69647015 5.81522249 1.97586500 1.15990900 -1.29878600
6 -6.21447800 -0.00000900 -0.00002600 -2.91278944 -0.67228088 1.22591129
7 11.94488500 0.00000000 0.00000000 -0.29757115 -0.32657254 1.78939090
8 10.62018800 0.00000000 0.00000000 1.06654527 0.14969890 2.76237510
9 -4.75110800 -0.69449800 0.83058000 -0.09752500 -0.07215500 0.36368700
10 -1.68806800 0.00004700 -0.00003100 0.01721300 -0.01778100 0.66972400
11 -1.33614000 0.00005500 -0.00001000 0.02612800 -0.00326300 0.67798300
12 -4.82049400 -0.50946400 -0.22475900 -0.30541200 -0.05688900 1.32645300
13 -1.82698400 -0.00006900 0.00000800 0.00812100 0.03962700 1.47482300
14 -1.43656900 0.00000400 0.00000300 -0.04326900 -0.06465400 0.49796600
15 -3.99235700 -0.89119100 -1.82790900 -0.50659500 0.21040700 1.39085000
16 -1.40591800 -0.00002500 -0.00000200 -0.01377600 -0.02606000 1.36159100
17 -1.17535800 0.00012600 -0.00001900 0.03573700 0.05772100 0.45866000
18 -4.52675100 -0.69058000 -1.12074100 -0.34755600 0.15083300 1.45582700
19 -1.74403800 0.00003200 -0.00000800 -0.02723700 -0.01149200 1.58318100
20 -1.36877100 0.00002300 0.00000200 0.01247300 0.05098700 0.13591400
21 -1.87479600 -0.93512500 0.99917500 2.10041000 0.44182000 0.86547100
22 -1.52344700 0.00003100 0.00003100 0.08946800 0.14926500 0.64392300
23 -1.59928500 0.00001100 0.00001500 0.03405500 -0.02608500 0.63444600
24 5.58312327 0.11572500 0.29499827 2.70854600 -0.05525400 3.09741800
25 0.19684600 -0.00000200 0.00000300 2.79340684 -0.00094123 -3.14132714
26 -0.48187272 -9.57959314 -1.24982145 1.97586200 1.15991000 1.84280300
27 6.21448600 0.00000800 0.00001900 -0.88663974 0.78385755 -1.87413001
28 11.94488800 -0.00003100 -0.00020000 -0.01696655 -0.37427158 -1.57613925
29 10.62016500 0.00000200 0.00000600 -1.06176648 -0.83542965 -0.26821321
30 4.75115800 0.69437400 -0.83047400 -0.33659400 -0.22394700 1.27220000
31 1.68806500 -0.00002200 0.00000200 -0.00123400 -0.02467300 1.48766100
32 1.33615100 -0.00005100 -0.00000900 0.01621300 -0.03516800 -0.06228900
33 4.82051500 0.50933800 0.22486600 -0.37685200 -0.01490600 1.55226800
34 1.82699200 0.00006600 0.00001000 -0.00051300 0.04045200 1.26079000
35 1.43658100 -0.00000600 0.00001000 0.01098600 -0.01043400 0.02903600
36 3.99235300 0.89108700 1.82799300 -0.58773500 -0.00855600 1.20568000
37 1.40592600 0.00003100 -0.00000300 -0.01283800 -0.02655700 1.32518700
38 1.17536200 -0.00013200 0.00000100 0.05517300 0.11025000 0.42008900
39 4.52675800 0.69046400 1.12084300 -0.49029100 0.04882300 1.52995500
40 1.74404100 -0.00003100 -0.00000200 -0.02474200 -0.01616300 1.40363300
41 1.36876700 -0.00003100 -0.00001800 -0.32324300 0.09380000 -0.20753100
42 1.93928282 1.01468791 -0.90910127 2.07330300 0.40321500 1.15292400
43 1.52345300 -0.00003200 -0.00000200 0.01413000 -0.08869500 0.51776000
44 1.59928100 -0.00000400 0.00001000 0.08163300 -0.01737100 1.03514200
45 5.51180600 -0.00000200 0.00000300 -0.27198700 0.00000000 0.00000000
46 0.19684900 0.00000300 -0.00000100 -0.34822500 0.00001500 -0.00000200
47 0.00000000 1.00000000 0.00000000 0.00000000 0.00000000 -1.57079600
48 -3.84604500 6.58686700 -4.01251600 0.00000000 0.00000000 -3.14156200
49 -7.40353467 20.51710411 -1.43220036 0.41268166 0.21918321 -0.45928367
50 7.38614865 0.11542837 -3.65940128 0.60677400 1.10882600 1.87296100
51 1.32804700 -0.01178200 0.11704500 0.00000000 0.00000000 0.00000000
52 -1.98416800 -0.01178200 0.82896700 0.00000000 0.00000000 0.00000000
53 0.09614000 0.00000000 0.43283900 0.00000000 0.13264500 0.00000000
54 1.61035536 1.20213700 1.18377500 0.00000000 0.09424800 0.00000000
55 -3.31358200 -0.81149100 0.41883600 0.00000000 0.00000000 0.00000000
56 -0.77083300 -1.06967300 1.39120900 0.00000000 0.08377600 0.00000000
57 0.13109200 -2.70192000 -4.24361100 2.90765600 -0.06655600 -1.98217000
time 51
0 -0.00000100 8.45008800 -27.50902600 0.00000000 0.00000000 0.00003100
1 -0.00000200 0.00000000 0.00000000 1.57074700 -1.56714200 -1.57074700
2 4.25546600 -0.33518300 -0.00000200 0.00000000 0.00000000 -0.12484800
3 7.43125000 1.49647900 0.00000200 0.00000000 0.00000000 0.24545000
4 5.27847900 0.16554400 0.00000100 0.00000000 0.00000000 0.04851100
5 -1.18125772 -12.69647015 5.81522249 1.97586500 1.15990900 -1.29878600
6 -6.21447800 -0.00000900 -0.00002600 -2.91388272 -0.67335279 1.22911333
7 11.94488500 0.00000000 0.00000000 -0.29809572 -0.32579403 1.79110176
8 10.62018800 0.00000000 0.00000000 1.06483870 0.15190492 2.76412870
9 -4.75110800 -0.69449800 0.83058000 -0.09752500 -0.07215500 0.36368700
10 -1.68806800 0.00004700 -0.00003100 0.01721300 -0.01778100 0.66972400
11 -1.33614000 0.00005500 -0.00001000 0.02612800 -0.00326300 0.67798300
12 -4.82049400 -0.50946400 -0.22475900 -0.30541200 -0.05688900 1.32645300
13 -1.82698400 -0.00006900 0.00000800 0.00812100 0.03962700 1.47482300
14 -1.43656900 0.00000400 0.00000300 -0.04326900 -0.06465400 0.49796600
15 -3.99235700 -0.89119100 -1.82790900 -0.50659500 0.21040700 1.39085000
16 -1.40591800 -0.00002500 -0.00000200 -0.01377600 -0.02606000 1.36159100
17 -1.17535800 0.00012600 -0.00001900 0.03573700 0.05772100 0.45866000
18 -4.52675100 -0.69058000 -1.12074100 -0.34755600 0.15083300 1.45582700
19 -1.74403800 0.00003200 -0.00000800 -0.02723700 -0.01149200 1.58318100
20 -1.36877100 0.00002300 0.00000200 0.01247300 0.05098700 0.13591400
21 -1.87479600 -0.93512500 0.99917500 2.10041000 0.44182000 0.86547100
22 -1.52344700 0.00003100 0.00003100 0.08946800 0.14926500 0.64392300
23 -1.59928500 0.00001100 0.00001500 0.03405500 -0.02608500 0.63444600
24 5.58312327 0.11572500 0.29499827 2.70854600 -0.05525400 3.09741800
25 0.19684600 -0.00000200 0.00000300 2.79340684 -0.00094123 -3.14132714
26 -0.48187272 -9.57959314 -1.24982145 1.97586200 1.15991000 1.84280300
27 6.21448600 0.00000800 0.00001900 -0.88589897 0.78365702 -1.87556709
28 11.94488800 -0.00003100 -0.00020000 -0.01721506 -0.37460588 -1.57545496
29 10.62016500 0.00000200 0.00000600 -1.05807202 -0.83400828 -0.27106609
30 4.75115800 0.69437400 -0.83047400 -0.33659400 -0.22394700 1.27220000
31 1.68806500 -0.00002200 0.00000200 -0.00123400 -0.02467300 1.48766100
32 1.33615100 -0.00005100 -0.00000900 0.01621300 -0.03516800 -0.06228900
33 4.82051500 0.50933800 0.22486600 -0.37685200 -0.01490600 1.55226800
34 1.82699200 0.00006600 0.00001000 -0.00051300 0.04045200 1.26079000
35 1.43658100 -0.00000600 0.00001000 0.01098600 -0.01043400 0.02903600
36 3.99235300 0.89108700 1.82799300 -0.58773500 -0.00855600 1.20568000
37 1.40592600 0.00003100 -0.00000300 -0.01283800 -0.02655700 1.32518700
38 1.17536200 -0.00013200 0.00000100 0.05517300 0.11025000 0.42008900
39 4.52675800 0.69046400 1.12084300 -0.49029100 0.04882300 1.52995500
40 1.74404100 -0.00003100 -0.00000200 -0.02474200 -0.01616300 1.40363300
41 1.36876700 -0.00003100 -0.00001800 -0.32324300 0.09380000 -0.20753100
42 1.93928282 1.01468791 -0.90910127 2.07330300 0.40321500 1.15292400
43 1.52345300 -0.00003200 -0.00000200 0.01413000 -0.08869500 0.51776000
44 1.59928100 -0.00000400 0.00001000 0.08163300 -0.01737100 1.03514200
45 5.51180600 -0.00000200 0.00000300 -0.27198700 0.00000000 0.00000000
46 0.19684900 0.00000300 -0.00000100 -0.34822500 0.00001500 -0.00000200
47 0.00000000 1.00000000 0.00000000 0.00000000 0.00000000 -1.57079600
48 -3.84604500 6.58686700 -4.01251600 0.00000000 0.00000000 -3.14156200
49 -7.36337759 20.51698149 -1.43314712 0.41175797 0.22181387 -0.45942723
50 7.38614865 0.11542837 -3.65940128 0.60677400 1.10882600 1.87296100
51 1.32804700 -0.01178200 0.11704500 0.00000000 0.00000000 0.00000000
52 -1.98416800 -0.01178200 0.82896700 0.00000000 0.00000000 0.00000000
53 0.09614000 0.00000000 0.43283900 0.00000000 0.13264500 0.00000000
54 1.61035536 1.20213700 1.18377500 0.00000000 0.09424800 0.00000000
55 -3.31358200 -0.81149100 0.41883600 0.00000000 0.00000000 0.00000000
56 -0.77083300 -1.06967300 1.39120900 0.00000000 0.08377600 0.00000000
57 0.13109200 -2.70192000 -4.24361100 2.90765600 -0.06655600 -1.98217000
time 52
0 -0.00000100 8.45008800 -27.50902600 0.00000000 0.00000000 0.00003100
1 -0.00000200 0.00000000 0.00000000 1.57074700 -1.56714200 -1.57074700
2 4.25546600 -0.33518300 -0.00000200 0.00000000 0.00000000 -0.12484800
3 7.43125000 1.49647900 0.00000200 0.00000000 0.00000000 0.24545000
4 5.27847900 0.16554400 0.00000100 0.00000000 0.00000000 0.04851100
5 -1.18125772 -12.69647015 5.81522249 1.97586500 1.15990900 -1.29878600
6 -6.21447800 -0.00000900 -0.00002600 -2.91513270 -0.67453689 1.23254086
7 11.94488500 0.00000000 0.00000000 -0.29875819 -0.32505352 1.79305754
8 10.62018800 0.00000000 0.00000000 1.06304203 0.15390220 2.76559144
9 -4.75110800 -0.69449800 0.83058000 -0.09752500 -0.07215500 0.36368700
10 -1.68806800 0.00004700 -0.00003100 0.01721300 -0.01778100 0.66972400
11 -1.33614000 0.00005500 -0.00001000 0.02612800 -0.00326300 0.67798300
12 -4.82049400 -0.50946400 -0.22475900 -0.30541200 -0.05688900 1.32645300
13 -1.82698400 -0.00006900 0.00000800 0.00812100 0.03962700 1.47482300
14 -1.43656900 0.00000400 0.00000300 -0.04326900 -0.06465400 0.49796600
15 -3.99235700 -0.89119100 -1.82790900 -0.50659500 0.21040700 1.39085000
16 -1.40591800 -0.00002500 -0.00000200 -0.01377600 -0.02606000 1.36159100
17 -1.17535800 0.00012600 -0.00001900 0.03573700 0.05772100 0.45866000
18 -4.52675100 -0.69058000 -1.12074100 -0.34755600 0.15083300 1.45582700
19 -1.74403800 0.00003200 -0.00000800 -0.02723700 -0.01149200 1.58318100
20 -1.36877100 0.00002300 0.00000200 0.01247300 0.05098700 0.13591400
21 -1.87479600 -0.93512500 0.99917500 2.10041000 0.44182000 0.86547100
22 -1.52344700 0.00003100 0.00003100 0.08946800 0.14926500 0.64392300
23 -1.59928500 0.00001100 0.00001500 0.03405500 -0.02608500 0.63444600
24 5.58312327 0.11572500 0.29499827 2.70854600 -0.05525400 3.09741800
25 0.19684600 -0.00000200 0.00000300 2.79340684 -0.00094123 -3.14132714
26 -0.48187272 -9.57959314 -1.24982145 1.97586200 1.15991000 1.84280300
27 6.21448600 0.00000800 0.00001900 -0.88492596 0.78369830 -1.87697095
28 11.94488800 -0.00003100 -0.00020000 -0.01737171 -0.37498988 -1.57486240
29 10.62016500 0.00000200 0.00000600 -1.05467308 -0.83301112 -0.27362654
30 4.75115800 0.69437400 -0.83047400 -0.33659400 -0.22394700 1.27220000
31 1.68806500 -0.00002200 0.00000200 -0.00123400 -0.02467300 1.48766100
32 1.33615100 -0.00005100 -0.00000900 0.01621300 -0.03516800 -0.06228900
33 4.82051500 0.50933800 0.22486600 -0.37685200 -0.01490600 1.55226800
34 1.82699200 0.00006600 0.00001000 -0.00051300 0.04045200 1.26079000
35 1.43658100 -0.00000600 0.00001000 0.01098600 -0.01043400 0.02903600
36 3.99235300 0.89108700 1.82799300 -0.58773500 -0.00855600 1.20568000
37 1.40592600 0.00003100 -0.00000300 -0.01283800 -0.02655700 1.32518700
38 1.17536200 -0.00013200 0.00000100 0.05517300 0.11025000 0.42008900
39 4.52675800 0.69046400 1.12084300 -0.49029100 0.04882300 1.52995500
40 1.74404100 -0.00003100 -0.00000200 -0.02474200 -0.01616300 1.40363300
41 1.36876700 -0.00003100 -0.00001800 -0.32324300 0.09380000 -0.20753100
42 1.93928282 1.01468791 -0.90910127 2.07330300 0.40321500 1.15292400
43 1.52345300 -0.00003200 -0.00000200 0.01413000 -0.08869500 0.51776000
44 1.59928100 -0.00000400 0.00001000 0.08163300 -0.01737100 1.03514200
45 5.51180600 -0.00000200 0.00000300 -0.27198700 0.00000000 0.00000000
46 0.19684900 0.00000300 -0.00000100 -0.34822500 0.00001500 -0.00000200
47 0.00000000 1.00000000 0.00000000 0.00000000 0.00000000 -1.57079600
48 -3.84604500 6.58686700 -4.01251600 0.00000000 0.00000000 -3.14156200
49 -7.32348966 20.51686647 -1.43739057 0.41070811 0.22415752 -0.45969610
50 7.38614865 0.11542837 -3.65940128 0.60677400 1.10882600 1.87296100
51 1.32804700 -0.01178200 0.11704500 0.00000000 0.00000000 0.00000000
52 -1.98416800 -0.01178200 0.82896700 0.00000000 0.00000000 0.00000000
53 0.09614000 0.00000000 0.43283900 0.00000000 0.13264500 0.00000000
54 1.61035536 1.20213700 1.18377500 0.00000000 0.09424800 0.00000000
55 -3.31358200 -0.81149100 0.41883600 0.00000000 0.00000000 0.00000000
56 -0.77083300 -1.06967300 1.39120900 0.00000000 0.08377600 0.00000000
57 0.13109200 -2.70192000 -4.24361100 2.90765600 -0.06655600 -1.98217000
time 53
0 -0.00000100 8.45008800 -27.50902600 0.00000000 0.00000000 0.00003100
1 -0.00000200 0.00000000 0.00000000 1.57074700 -1.56714200 -1.57074700
2 4.25546600 -0.33518300 -0.00000200 0.00000000 0.00000000 -0.12484800
3 7.43125000 1.49647900 0.00000200 0.00000000 0.00000000 0.24545000
4 5.27847900 0.16554400 0.00000100 0.00000000 0.00000000 0.04851100
5 -1.18125772 -12.69647015 5.81522249 1.97586500 1.15990900 -1.29878600
6 -6.21447800 -0.00000900 -0.00002600 -2.91675374 -0.67606312 1.23641827
7 11.94488500 0.00000000 0.00000000 -0.29959819 -0.32415779 1.79569147
8 10.62018800 0.00000000 0.00000000 1.06135209 0.15515643 2.76614801
9 -4.75110800 -0.69449800 0.83058000 -0.09752500 -0.07215500 0.36368700
10 -1.68806800 0.00004700 -0.00003100 0.01721300 -0.01778100 0.66972400
11 -1.33614000 0.00005500 -0.00001000 0.02612800 -0.00326300 0.67798300
12 -4.82049400 -0.50946400 -0.22475900 -0.30541200 -0.05688900 1.32645300
13 -1.82698400 -0.00006900 0.00000800 0.00812100 0.03962700 1.47482300
14 -1.43656900 0.00000400 0.00000300 -0.04326900 -0.06465400 0.49796600
15 -3.99235700 -0.89119100 -1.82790900 -0.50659500 0.21040700 1.39085000
16 -1.40591800 -0.00002500 -0.00000200 -0.01377600 -0.02606000 1.36159100
17 -1.17535800 0.00012600 -0.00001900 0.03573700 0.05772100 0.45866000
18 -4.52675100 -0.69058000 -1.12074100 -0.34755600 0.15083300 1.45582700
19 -1.74403800 0.00003200 -0.00000800 -0.02723700 -0.01149200 1.58318100
20 -1.36877100 0.00002300 0.00000200 0.01247300 0.05098700 0.13591400
21 -1.87479600 -0.93512500 0.99917500 2.10041000 0.44182000 0.86547100
22 -1.52344700 0.00003100 0.00003100 0.08946800 0.14926500 0.64392300
23 -1.59928500 0.00001100 0.00001500 0.03405500 -0.02608500 0.63444600
24 5.58312327 0.11572500 0.29499827 2.70854600 -0.05525400 3.09741800
25 0.19684600 -0.00000200 0.00000300 2.79340684 -0.00094123 -3.14132714
26 -0.48187272 -9.57959314 -1.24982145 1.97586200 1.15991000 1.84280300
27 6.21448600 0.00000800 0.00001900 -0.88309201 0.78438431 -1.87789876
28 11.94488800 -0.00003100 -0.00020000 -0.01744267 -0.37528512 -1.57455454
29 10.62016500 0.00000200 0.00000600 -1.05177403 -0.83335265 -0.27559008
30 4.75115800 0.69437400 -0.83047400 -0.33659400 -0.22394700 1.27220000
31 1.68806500 -0.00002200 0.00000200 -0.00123400 -0.02467300 1.48766100
32 1.33615100 -0.00005100 -0.00000900 0.01621300 -0.03516800 -0.06228900
33 4.82051500 0.50933800 0.22486600 -0.37685200 -0.01490600 1.55226800
34 1.82699200 0.00006600 0.00001000 -0.00051300 0.04045200 1.26079000
35 1.43658100 -0.00000600 0.00001000 0.01098600 -0.01043400 0.02903600
36 3.99235300 0.89108700 1.82799300 -0.58773500 -0.00855600 1.20568000
37 1.40592600 0.00003100 -0.00000300 -0.01283800 -0.02655700 1.32518700
38 1.17536200 -0.00013200 0.00000100 0.05517300 0.11025000 0.42008900
39 4.52675800 0.69046400 1.12084300 -0.49029100 0.04882300 1.52995500
40 1.74404100 -0.00003100 -0.00000200 -0.02474200 -0.01616300 1.40363300
41 1.36876700 -0.00003100 -0.00001800 -0.32324300 0.09380000 -0.20753100
42 1.93928282 1.01468791 -0.90910127 2.07330300 0.40321500 1.15292400
43 1.52345300 -0.00003200 -0.00000200 0.01413000 -0.08869500 0.51776000
44 1.59928100 -0.00000400 0.00001000 0.08163300 -0.01737100 1.03514200
45 5.51180600 -0.00000200 0.00000300 -0.27198700 0.00000000 0.00000000
46 0.19684900 0.00000300 -0.00000100 -0.34822500 0.00001500 -0.00000200
47 0.00000000 1.00000000 0.00000000 0.00000000 0.00000000 -1.57079600
48 -3.84604500 6.58686700 -4.01251600 0.00000000 0.00000000 -3.14156200
49 -7.28353123 20.51676022 -1.45064205 0.40941133 0.22533817 -0.46003969
50 7.38614865 0.11542837 -3.65940128 0.60677400 1.10882600 1.87296100
51 1.32804700 -0.01178200 0.11704500 0.00000000 0.00000000 0.00000000
52 -1.98416800 -0.01178200 0.82896700 0.00000000 0.00000000 0.00000000
53 0.09614000 0.00000000 0.43283900 0.00000000 0.13264500 0.00000000
54 1.61035536 1.20213700 1.18377500 0.00000000 0.09424800 0.00000000
55 -3.31358200 -0.81149100 0.41883600 0.00000000 0.00000000 0.00000000
56 -0.77083300 -1.06967300 1.39120900 0.00000000 0.08377600 0.00000000
57 0.13109200 -2.70192000 -4.24361100 2.90765600 -0.06655600 -1.98217000
time 54
0 -0.00000100 8.45008800 -27.50902600 0.00000000 0.00000000 0.00003100
1 -0.00000200 0.00000000 0.00000000 1.57074700 -1.56714200 -1.57074700
2 4.25546600 -0.33518300 -0.00000200 0.00000000 0.00000000 -0.12484800
3 7.43125000 1.49647900 0.00000200 0.00000000 0.00000000 0.24545000
4 5.27847900 0.16554400 0.00000100 0.00000000 0.00000000 0.04851100
5 -1.18125772 -12.69647015 5.81522249 1.97586500 1.15990900 -1.29878600
6 -6.21447800 -0.00000900 -0.00002600 -2.91821276 -0.67743202 1.24020918
7 11.94488500 0.00000000 0.00000000 -0.30063426 -0.32328527 1.79889970
8 10.62018800 0.00000000 0.00000000 1.05963634 0.15552299 2.76517467
9 -4.75110800 -0.69449800 0.83058000 -0.09752500 -0.07215500 0.36368700
10 -1.68806800 0.00004700 -0.00003100 0.01721300 -0.01778100 0.66972400
11 -1.33614000 0.00005500 -0.00001000 0.02612800 -0.00326300 0.67798300
12 -4.82049400 -0.50946400 -0.22475900 -0.30541200 -0.05688900 1.32645300
13 -1.82698400 -0.00006900 0.00000800 0.00812100 0.03962700 1.47482300
14 -1.43656900 0.00000400 0.00000300 -0.04326900 -0.06465400 0.49796600
15 -3.99235700 -0.89119100 -1.82790900 -0.50659500 0.21040700 1.39085000
16 -1.40591800 -0.00002500 -0.00000200 -0.01377600 -0.02606000 1.36159100
17 -1.17535800 0.00012600 -0.00001900 0.03573700 0.05772100 0.45866000
18 -4.52675100 -0.69058000 -1.12074100 -0.34755600 0.15083300 1.45582700
19 -1.74403800 0.00003200 -0.00000800 -0.02723700 -0.01149200 1.58318100
20 -1.36877100 0.00002300 0.00000200 0.01247300 0.05098700 0.13591400
21 -1.87479600 -0.93512500 0.99917500 2.10041000 0.44182000 0.86547100
22 -1.52344700 0.00003100 0.00003100 0.08946800 0.14926500 0.64392300
23 -1.59928500 0.00001100 0.00001500 0.03405500 -0.02608500 0.63444600
24 5.58312327 0.11572500 0.29499827 2.70854600 -0.05525400 3.09741800
25 0.19684600 -0.00000200 0.00000300 2.79340684 -0.00094123 -3.14132714
26 -0.48187272 -9.57959314 -1.24982145 1.97586200 1.15991000 1.84280300
27 6.21448600 0.00000800 0.00001900 -0.88099411 0.78536941 -1.87853772
28 11.94488800 -0.00003100 -0.00020000 -0.01731089 -0.37548690 -1.57478325
29 10.62016500 0.00000200 0.00000600 -1.04997120 -0.83463170 -0.27623608
30 4.75115800 0.69437400 -0.83047400 -0.33659400 -0.22394700 1.27220000
31 1.68806500 -0.00002200 0.00000200 -0.00123400 -0.02467300 1.48766100
32 1.33615100 -0.00005100 -0.00000900 0.01621300 -0.03516800 -0.06228900
33 4.82051500 0.50933800 0.22486600 -0.37685200 -0.01490600 1.55226800
34 1.82699200 0.00006600 0.00001000 -0.00051300 0.04045200 1.26079000
35 1.43658100 -0.00000600 0.00001000 0.01098600 -0.01043400 0.02903600
36 3.99235300 0.89108700 1.82799300 -0.58773500 -0.00855600 1.20568000
37 1.40592600 0.00003100 -0.00000300 -0.01283800 -0.02655700 1.32518700
38 1.17536200 -0.00013200 0.00000100 0.05517300 0.11025000 0.42008900
39 4.52675800 0.69046400 1.12084300 -0.49029100 0.04882300 1.52995500
40 1.74404100 -0.00003100 -0.00000200 -0.02474200 -0.01616300 1.40363300
41 1.36876700 -0.00003100 -0.00001800 -0.32324300 0.09380000 -0.20753100
42 1.93928282 1.01468791 -0.90910127 2.07330300 0.40321500 1.15292400
43 1.52345300 -0.00003200 -0.00000200 0.01413000 -0.08869500 0.51776000
44 1.59928100 -0.00000400 0.00001000 0.08163300 -0.01737100 1.03514200
45 5.51180600 -0.00000200 0.00000300 -0.27198700 0.00000000 0.00000000
46 0.19684900 0.00000300 -0.00000100 -0.34822500 0.00001500 -0.00000200
47 0.00000000 1.00000000 0.00000000 0.00000000 0.00000000 -1.57079600
48 -3.84604500 6.58686700 -4.01251600 0.00000000 0.00000000 -3.14156200
49 -7.24612683 20.51666410 -1.46620017 0.40781795 0.22561285 -0.46081414
50 7.38614865 0.11542837 -3.65940128 0.60677400 1.10882600 1.87296100
51 1.32804700 -0.01178200 0.11704500 0.00000000 0.00000000 0.00000000
52 -1.98416800 -0.01178200 0.82896700 0.00000000 0.00000000 0.00000000
53 0.09614000 0.00000000 0.43283900 0.00000000 0.13264500 0.00000000
54 1.61035536 1.20213700 1.18377500 0.00000000 0.09424800 0.00000000
55 -3.31358200 -0.81149100 0.41883600 0.00000000 0.00000000 0.00000000
56 -0.77083300 -1.06967300 1.39120900 0.00000000 0.08377600 0.00000000
57 0.13109200 -2.70192000 -4.24361100 2.90765600 -0.06655600 -1.98217000
time 55
0 -0.00000100 8.45008800 -27.50902600 0.00000000 0.00000000 0.00003100
1 -0.00000200 0.00000000 0.00000000 1.57074700 -1.56714200 -1.57074700
2 4.25546600 -0.33518300 -0.00000200 0.00000000 0.00000000 -0.12484800
3 7.43125000 1.49647900 0.00000200 0.00000000 0.00000000 0.24545000
4 5.27847900 0.16554400 0.00000100 0.00000000 0.00000000 0.04851100
5 -1.18125772 -12.69647015 5.81522249 1.97586500 1.15990900 -1.29878600
6 -6.21447800 -0.00000900 -0.00002600 -2.91964262 -0.67876150 1.24352006
7 11.94488500 0.00000000 0.00000000 -0.30177022 -0.32240991 1.80247889
8 10.62018800 0.00000000 0.00000000 1.05719462 0.15552479 2.76230517
9 -4.75110800 -0.69449800 0.83058000 -0.09752500 -0.07215500 0.36368700
10 -1.68806800 0.00004700 -0.00003100 0.01721300 -0.01778100 0.66972400
11 -1.33614000 0.00005500 -0.00001000 0.02612800 -0.00326300 0.67798300
12 -4.82049400 -0.50946400 -0.22475900 -0.30541200 -0.05688900 1.32645300
13 -1.82698400 -0.00006900 0.00000800 0.00812100 0.03962700 1.47482300
14 -1.43656900 0.00000400 0.00000300 -0.04326900 -0.06465400 0.49796600
15 -3.99235700 -0.89119100 -1.82790900 -0.50659500 0.21040700 1.39085000
16 -1.40591800 -0.00002500 -0.00000200 -0.01377600 -0.02606000 1.36159100
17 -1.17535800 0.00012600 -0.00001900 0.03573700 0.05772100 0.45866000
18 -4.52675100 -0.69058000 -1.12074100 -0.34755600 0.15083300 1.45582700
19 -1.74403800 0.00003200 -0.00000800 -0.02723700 -0.01149200 1.58318100
20 -1.36877100 0.00002300 0.00000200 0.01247300 0.05098700 0.13591400
21 -1.87479600 -0.93512500 0.99917500 2.10041000 0.44182000 0.86547100
22 -1.52344700 0.00003100 0.00003100 0.08946800 0.14926500 0.64392300
23 -1.59928500 0.00001100 0.00001500 0.03405500 -0.02608500 0.63444600
24 5.58312327 0.11572500 0.29499827 2.70854600 -0.05525400 3.09741800
25 0.19684600 -0.00000200 0.00000300 2.79340684 -0.00094123 -3.14132714
26 -0.48187272 -9.57959314 -1.24982145 1.97586200 1.15991000 1.84280300
27 6.21448600 0.00000800 0.00001900 -0.87914435 0.78671842 -1.87873909
28 11.94488800 -0.00003100 -0.00020000 -0.01693325 -0.37519126 -1.57591614
29 10.62016500 0.00000200 0.00000600 -1.04872827 -0.83626859 -0.27448763
30 4.75115800 0.69437400 -0.83047400 -0.33659400 -0.22394700 1.27220000
31 1.68806500 -0.00002200 0.00000200 -0.00123400 -0.02467300 1.48766100
32 1.33615100 -0.00005100 -0.00000900 0.01621300 -0.03516800 -0.06228900
33 4.82051500 0.50933800 0.22486600 -0.37685200 -0.01490600 1.55226800
34 1.82699200 0.00006600 0.00001000 -0.00051300 0.04045200 1.26079000
35 1.43658100 -0.00000600 0.00001000 0.01098600 -0.01043400 0.02903600
36 3.99235300 0.89108700 1.82799300 -0.58773500 -0.00855600 1.20568000
37 1.40592600 0.00003100 -0.00000300 -0.01283800 -0.02655700 1.32518700
38 1.17536200 -0.00013200 0.00000100 0.05517300 0.11025000 0.42008900
39 4.52675800 0.69046400 1.12084300 -0.49029100 0.04882300 1.52995500
40 1.74404100 -0.00003100 -0.00000200 -0.02474200 -0.01616300 1.40363300
41 1.36876700 -0.00003100 -0.00001800 -0.32324300 0.09380000 -0.20753100
42 1.93928282 1.01468791 -0.90910127 2.07330300 0.40321500 1.15292400
43 1.52345300 -0.00003200 -0.00000200 0.01413000 -0.08869500 0.51776000
44 1.59928100 -0.00000400 0.00001000 0.08163300 -0.01737100 1.03514200
45 5.51180600 -0.00000200 0.00000300 -0.27198700 0.00000000 0.00000000
46 0.19684900 0.00000300 -0.00000100 -0.34822500 0.00001500 -0.00000200
47 0.00000000 1.00000000 0.00000000 0.00000000 0.00000000 -1.57079600
48 -3.84604500 6.58686700 -4.01251600 0.00000000 0.00000000 -3.14156200
49 -7.21350295 20.51657928 -1.48164658 0.40493459 0.22497094 -0.46173916
50 7.38614865 0.11542837 -3.65940128 0.60677400 1.10882600 1.87296100
51 1.32804700 -0.01178200 0.11704500 0.00000000 0.00000000 0.00000000
52 -1.98416800 -0.01178200 0.82896700 0.00000000 0.00000000 0.00000000
53 0.09614000 0.00000000 0.43283900 0.00000000 0.13264500 0.00000000
54 1.61035536 1.20213700 1.18377500 0.00000000 0.09424800 0.00000000
55 -3.31358200 -0.81149100 0.41883600 0.00000000 0.00000000 0.00000000
56 -0.77083300 -1.06967300 1.39120900 0.00000000 0.08377600 0.00000000
57 0.13109200 -2.70192000 -4.24361100 2.90765600 -0.06655600 -1.98217000
time 56
0 -0.00000100 8.45008800 -27.50902600 0.00000000 0.00000000 0.00003100
1 -0.00000200 0.00000000 0.00000000 1.57074700 -1.56714200 -1.57074700
2 4.25546600 -0.33518300 -0.00000200 0.00000000 0.00000000 -0.12484800
3 7.43125000 1.49647900 0.00000200 0.00000000 0.00000000 0.24545000
4 5.27847900 0.16554400 0.00000100 0.00000000 0.00000000 0.04851100
5 -1.18125772 -12.69647015 5.81522249 1.97586500 1.15990900 -1.29878600
6 -6.21447800 -0.00000900 -0.00002600 -2.92133185 -0.68000766 1.24649835
7 11.94488500 0.00000000 0.00000000 -0.30297124 -0.32151412 1.80620020
8 10.62018800 0.00000000 0.00000000 1.05359931 0.15549532 2.75796291
9 -4.75110800 -0.69449800 0.83058000 -0.09752500 -0.07215500 0.36368700
10 -1.68806800 0.00004700 -0.00003100 0.01721300 -0.01778100 0.66972400
11 -1.33614000 0.00005500 -0.00001000 0.02612800 -0.00326300 0.67798300
12 -4.82049400 -0.50946400 -0.22475900 -0.30541200 -0.05688900 1.32645300
13 -1.82698400 -0.00006900 0.00000800 0.00812100 0.03962700 1.47482300
14 -1.43656900 0.00000400 0.00000300 -0.04326900 -0.06465400 0.49796600
15 -3.99235700 -0.89119100 -1.82790900 -0.50659500 0.21040700 1.39085000
16 -1.40591800 -0.00002500 -0.00000200 -0.01377600 -0.02606000 1.36159100
17 -1.17535800 0.00012600 -0.00001900 0.03573700 0.05772100 0.45866000
18 -4.52675100 -0.69058000 -1.12074100 -0.34755600 0.15083300 1.45582700
19 -1.74403800 0.00003200 -0.00000800 -0.02723700 -0.01149200 1.58318100
20 -1.36877100 0.00002300 0.00000200 0.01247300 0.05098700 0.13591400
21 -1.87479600 -0.93512500 0.99917500 2.10041000 0.44182000 0.86547100
22 -1.52344700 0.00003100 0.00003100 0.08946800 0.14926500 0.64392300
23 -1.59928500 0.00001100 0.00001500 0.03405500 -0.02608500 0.63444600
24 5.58312327 0.11572500 0.29499827 2.70854600 -0.05525400 3.09741800
25 0.19684600 -0.00000200 0.00000300 2.79340684 -0.00094123 -3.14132714
26 -0.48187272 -9.57959314 -1.24982145 1.97586200 1.15991000 1.84280300
27 6.21448600 0.00000800 0.00001900 -0.87775812 0.78838946 -1.87860042
28 11.94488800 -0.00003100 -0.00020000 -0.01616490 -0.37428906 -1.57818685
29 10.62016500 0.00000200 0.00000600 -1.04764617 -0.83802638 -0.27063165
30 4.75115800 0.69437400 -0.83047400 -0.33659400 -0.22394700 1.27220000
31 1.68806500 -0.00002200 0.00000200 -0.00123400 -0.02467300 1.48766100
32 1.33615100 -0.00005100 -0.00000900 0.01621300 -0.03516800 -0.06228900
33 4.82051500 0.50933800 0.22486600 -0.37685200 -0.01490600 1.55226800
34 1.82699200 0.00006600 0.00001000 -0.00051300 0.04045200 1.26079000
35 1.43658100 -0.00000600 0.00001000 0.01098600 -0.01043400 0.02903600
36 3.99235300 0.89108700 1.82799300 -0.58773500 -0.00855600 1.20568000
37 1.40592600 0.00003100 -0.00000300 -0.01283800 -0.02655700 1.32518700
38 1.17536200 -0.00013200 0.00000100 0.05517300 0.11025000 0.42008900
39 4.52675800 0.69046400 1.12084300 -0.49029100 0.04882300 1.52995500
40 1.74404100 -0.00003100 -0.00000200 -0.02474200 -0.01616300 1.40363300
41 1.36876700 -0.00003100 -0.00001800 -0.32324300 0.09380000 -0.20753100
42 1.93928282 1.01468791 -0.90910127 2.07330300 0.40321500 1.15292400
43 1.52345300 -0.00003200 -0.00000200 0.01413000 -0.08869500 0.51776000
44 1.59928100 -0.00000400 0.00001000 0.08163300 -0.01737100 1.03514200
45 5.51180600 -0.00000200 0.00000300 -0.27198700 0.00000000 0.00000000
46 0.19684900 0.00000300 -0.00000100 -0.34822500 0.00001500 -0.00000200
47 0.00000000 1.00000000 0.00000000 0.00000000 0.00000000 -1.57079600
48 -3.84604500 6.58686700 -4.01251600 0.00000000 0.00000000 -3.14156200
49 -7.18533287 20.51650703 -1.49672480 0.40074388 0.22383833 -0.46281734
50 7.38614865 0.11542837 -3.65940128 0.60677400 1.10882600 1.87296100
51 1.32804700 -0.01178200 0.11704500 0.00000000 0.00000000 0.00000000
52 -1.98416800 -0.01178200 0.82896700 0.00000000 0.00000000 0.00000000
53 0.09614000 0.00000000 0.43283900 0.00000000 0.13264500 0.00000000
54 1.61035536 1.20213700 1.18377500 0.00000000 0.09424800 0.00000000
55 -3.31358200 -0.81149100 0.41883600 0.00000000 0.00000000 0.00000000
56 -0.77083300 -1.06967300 1.39120900 0.00000000 0.08377600 0.00000000
57 0.13109200 -2.70192000 -4.24361100 2.90765600 -0.06655600 -1.98217000
time 57
0 -0.00000100 8.45008800 -27.50902600 0.00000000 0.00000000 0.00003100
1 -0.00000200 0.00000000 0.00000000 1.57074700 -1.56714200 -1.57074700
2 4.25546600 -0.33518300 -0.00000200 0.00000000 0.00000000 -0.12484800
3 7.43125000 1.49647900 0.00000200 0.00000000 0.00000000 0.24545000
4 5.27847900 0.16554400 0.00000100 0.00000000 0.00000000 0.04851100
5 -1.18125772 -12.69647015 5.81522249 1.97586500 1.15990900 -1.29878600
6 -6.21447800 -0.00000900 -0.00002600 -2.92311734 -0.68114824 1.24939460
7 11.94488500 0.00000000 0.00000000 -0.30413251 -0.32064383 1.80984978
8 10.62018800 0.00000000 0.00000000 1.05005168 0.15529808 2.75342496
9 -4.75110800 -0.69449800 0.83058000 -0.09752500 -0.07215500 0.36368700
10 -1.68806800 0.00004700 -0.00003100 0.01721300 -0.01778100 0.66972400
11 -1.33614000 0.00005500 -0.00001000 0.02612800 -0.00326300 0.67798300
12 -4.82049400 -0.50946400 -0.22475900 -0.30541200 -0.05688900 1.32645300
13 -1.82698400 -0.00006900 0.00000800 0.00812100 0.03962700 1.47482300
14 -1.43656900 0.00000400 0.00000300 -0.04326900 -0.06465400 0.49796600
15 -3.99235700 -0.89119100 -1.82790900 -0.50659500 0.21040700 1.39085000
16 -1.40591800 -0.00002500 -0.00000200 -0.01377600 -0.02606000 1.36159100
17 -1.17535800 0.00012600 -0.00001900 0.03573700 0.05772100 0.45866000
18 -4.52675100 -0.69058000 -1.12074100 -0.34755600 0.15083300 1.45582700
19 -1.74403800 0.00003200 -0.00000800 -0.02723700 -0.01149200 1.58318100
20 -1.36877100 0.00002300 0.00000200 0.01247300 0.05098700 0.13591400
21 -1.87479600 -0.93512500 0.99917500 2.10041000 0.44182000 0.86547100
22 -1.52344700 0.00003100 0.00003100 0.08946800 0.14926500 0.64392300
23 -1.59928500 0.00001100 0.00001500 0.03405500 -0.02608500 0.63444600
24 5.58312327 0.11572500 0.29499827 2.70854600 -0.05525400 3.09741800
25 0.19684600 -0.00000200 0.00000300 2.79340684 -0.00094123 -3.14132714
26 -0.48187272 -9.57959314 -1.24982145 1.97586200 1.15991000 1.84280300
27 6.21448600 0.00000800 0.00001900 -0.87622854 0.79007697 -1.87820286
28 11.94488800 -0.00003100 -0.00020000 -0.01533876 -0.37324617 -1.58049501
29 10.62016500 0.00000200 0.00000600 -1.04679738 -0.84002779 -0.26657003
30 4.75115800 0.69437400 -0.83047400 -0.33659400 -0.22394700 1.27220000
31 1.68806500 -0.00002200 0.00000200 -0.00123400 -0.02467300 1.48766100
32 1.33615100 -0.00005100 -0.00000900 0.01621300 -0.03516800 -0.06228900
33 4.82051500 0.50933800 0.22486600 -0.37685200 -0.01490600 1.55226800
34 1.82699200 0.00006600 0.00001000 -0.00051300 0.04045200 1.26079000
35 1.43658100 -0.00000600 0.00001000 0.01098600 -0.01043400 0.02903600
36 3.99235300 0.89108700 1.82799300 -0.58773500 -0.00855600 1.20568000
37 1.40592600 0.00003100 -0.00000300 -0.01283800 -0.02655700 1.32518700
38 1.17536200 -0.00013200 0.00000100 0.05517300 0.11025000 0.42008900
39 4.52675800 0.69046400 1.12084300 -0.49029100 0.04882300 1.52995500
40 1.74404100 -0.00003100 -0.00000200 -0.02474200 -0.01616300 1.40363300
41 1.36876700 -0.00003100 -0.00001800 -0.32324300 0.09380000 -0.20753100
42 1.93928282 1.01468791 -0.90910127 2.07330300 0.40321500 1.15292400
43 1.52345300 -0.00003200 -0.00000200 0.01413000 -0.08869500 0.51776000
44 1.59928100 -0.00000400 0.00001000 0.08163300 -0.01737100 1.03514200
45 5.51180600 -0.00000200 0.00000300 -0.27198700 0.00000000 0.00000000
46 0.19684900 0.00000300 -0.00000100 -0.34822500 0.00001500 -0.00000200
47 0.00000000 1.00000000 0.00000000 0.00000000 0.00000000 -1.57079600
48 -3.84604500 6.58686700 -4.01251600 0.00000000 0.00000000 -3.14156200
49 -7.15998578 20.51644870 -1.51379968 0.39656571 0.22238907 -0.46377513
50 7.38614865 0.11542837 -3.65940128 0.60677400 1.10882600 1.87296100
51 1.32804700 -0.01178200 0.11704500 0.00000000 0.00000000 0.00000000
52 -1.98416800 -0.01178200 0.82896700 0.00000000 0.00000000 0.00000000
53 0.09614000 0.00000000 0.43283900 0.00000000 0.13264500 0.00000000
54 1.61035536 1.20213700 1.18377500 0.00000000 0.09424800 0.00000000
55 -3.31358200 -0.81149100 0.41883600 0.00000000 0.00000000 0.00000000
56 -0.77083300 -1.06967300 1.39120900 0.00000000 0.08377600 0.00000000
57 0.13109200 -2.70192000 -4.24361100 2.90765600 -0.06655600 -1.98217000
time 58
0 -0.00000100 8.45008800 -27.50902600 0.00000000 0.00000000 0.00003100
1 -0.00000200 0.00000000 0.00000000 1.57074700 -1.56714200 -1.57074700
2 4.25546600 -0.33518300 -0.00000200 0.00000000 0.00000000 -0.12484800
3 7.43125000 1.49647900 0.00000200 0.00000000 0.00000000 0.24545000
4 5.27847900 0.16554400 0.00000100 0.00000000 0.00000000 0.04851100
5 -1.18125772 -12.69647015 5.81522249 1.97586500 1.15990900 -1.29878600
6 -6.21447800 -0.00000900 -0.00002600 -2.92430102 -0.68182650 1.25049319
7 11.94488500 0.00000000 0.00000000 -0.30515078 -0.32008186 1.81309270
8 10.62018800 0.00000000 0.00000000 1.04466049 0.15503086 2.74674613
9 -4.75110800 -0.69449800 0.83058000 -0.09752500 -0.07215500 0.36368700
10 -1.68806800 0.00004700 -0.00003100 0.01721300 -0.01778100 0.66972400
11 -1.33614000 0.00005500 -0.00001000 0.02612800 -0.00326300 0.67798300
12 -4.82049400 -0.50946400 -0.22475900 -0.30541200 -0.05688900 1.32645300
13 -1.82698400 -0.00006900 0.00000800 0.00812100 0.03962700 1.47482300
14 -1.43656900 0.00000400 0.00000300 -0.04326900 -0.06465400 0.49796600
15 -3.99235700 -0.89119100 -1.82790900 -0.50659500 0.21040700 1.39085000
16 -1.40591800 -0.00002500 -0.00000200 -0.01377600 -0.02606000 1.36159100
17 -1.17535800 0.00012600 -0.00001900 0.03573700 0.05772100 0.45866000
18 -4.52675100 -0.69058000 -1.12074100 -0.34755600 0.15083300 1.45582700
19 -1.74403800 0.00003200 -0.00000800 -0.02723700 -0.01149200 1.58318100
20 -1.36877100 0.00002300 0.00000200 0.01247300 0.05098700 0.13591400
21 -1.87479600 -0.93512500 0.99917500 2.10041000 0.44182000 0.86547100
22 -1.52344700 0.00003100 0.00003100 0.08946800 0.14926500 0.64392300
23 -1.59928500 0.00001100 0.00001500 0.03405500 -0.02608500 0.63444600
24 5.58312327 0.11572500 0.29499827 2.70854600 -0.05525400 3.09741800
25 0.19684600 -0.00000200 0.00000300 2.79340684 -0.00094123 -3.14132714
26 -0.48187272 -9.57959314 -1.24982145 1.97586200 1.15991000 1.84280300
27 6.21448600 0.00000800 0.00001900 -0.87654207 0.79185776 -1.87740038
28 11.94488800 -0.00003100 -0.00020000 -0.01393324 -0.37133146 -1.58461123
29 10.62016500 0.00000200 0.00000600 -1.04594981 -0.84109549 -0.25867656
30 4.75115800 0.69437400 -0.83047400 -0.33659400 -0.22394700 1.27220000
31 1.68806500 -0.00002200 0.00000200 -0.00123400 -0.02467300 1.48766100
32 1.33615100 -0.00005100 -0.00000900 0.01621300 -0.03516800 -0.06228900
33 4.82051500 0.50933800 0.22486600 -0.37685200 -0.01490600 1.55226800
34 1.82699200 0.00006600 0.00001000 -0.00051300 0.04045200 1.26079000
35 1.43658100 -0.00000600 0.00001000 0.01098600 -0.01043400 0.02903600
36 3.99235300 0.89108700 1.82799300 -0.58773500 -0.00855600 1.20568000
37 1.40592600 0.00003100 -0.00000300 -0.01283800 -0.02655700 1.32518700
38 1.17536200 -0.00013200 0.00000100 0.05517300 0.11025000 0.42008900
39 4.52675800 0.69046400 1.12084300 -0.49029100 0.04882300 1.52995500
40 1.74404100 -0.00003100 -0.00000200 -0.02474200 -0.01616300 1.40363300
41 1.36876700 -0.00003100 -0.00001800 -0.32324300 0.09380000 -0.20753100
42 1.93928282 1.01468791 -0.90910127 2.07330300 0.40321500 1.15292400
43 1.52345300 -0.00003200 -0.00000200 0.01413000 -0.08869500 0.51776000
44 1.59928100 -0.00000400 0.00001000 0.08163300 -0.01737100 1.03514200
45 5.51180600 -0.00000200 0.00000300 -0.27198700 0.00000000 0.00000000
46 0.19684900 0.00000300 -0.00000100 -0.34822500 0.00001500 -0.00000200
47 0.00000000 1.00000000 0.00000000 0.00000000 0.00000000 -1.57079600
48 -3.84604500 6.58686700 -4.01251600 0.00000000 0.00000000 -3.14156200
49 -7.14708528 20.51640539 -1.52036770 0.39019152 0.22051004 -0.46467284
50 7.38614865 0.11542837 -3.65940128 0.60677400 1.10882600 1.87296100
51 1.32804700 -0.01178200 0.11704500 0.00000000 0.00000000 0.00000000
52 -1.98416800 -0.01178200 0.82896700 0.00000000 0.00000000 0.00000000
53 0.09614000 0.00000000 0.43283900 0.00000000 0.13264500 0.00000000
54 1.61035536 1.20213700 1.18377500 0.00000000 0.09424800 0.00000000
55 -3.31358200 -0.81149100 0.41883600 0.00000000 0.00000000 0.00000000
56 -0.77083300 -1.06967300 1.39120900 0.00000000 0.08377600 0.00000000
57 0.13109200 -2.70192000 -4.24361100 2.90765600 -0.06655600 -1.98217000
time 59
0 -0.00000100 8.45008800 -27.50902600 0.00000000 0.00000000 0.00003100
1 -0.00000200 0.00000000 0.00000000 1.57074700 -1.56714200 -1.57074700
2 4.25546600 -0.33518300 -0.00000200 0.00000000 0.00000000 -0.12484800
3 7.43125000 1.49647900 0.00000200 0.00000000 0.00000000 0.24545000
4 5.27847900 0.16554400 0.00000100 0.00000000 0.00000000 0.04851100
5 -1.18125772 -12.69647015 5.81522249 1.97586500 1.15990900 -1.29878600
6 -6.21447800 -0.00000900 -0.00002600 -2.92565695 -0.68236301 1.25138202
7 11.94488500 0.00000000 0.00000000 -0.30627080 -0.31955345 1.81644294
8 10.62018800 0.00000000 0.00000000 1.03862103 0.15465162 2.73904837
9 -4.75110800 -0.69449800 0.83058000 -0.09752500 -0.07215500 0.36368700
10 -1.68806800 0.00004700 -0.00003100 0.01721300 -0.01778100 0.66972400
11 -1.33614000 0.00005500 -0.00001000 0.02612800 -0.00326300 0.67798300
12 -4.82049400 -0.50946400 -0.22475900 -0.30541200 -0.05688900 1.32645300
13 -1.82698400 -0.00006900 0.00000800 0.00812100 0.03962700 1.47482300
14 -1.43656900 0.00000400 0.00000300 -0.04326900 -0.06465400 0.49796600
15 -3.99235700 -0.89119100 -1.82790900 -0.50659500 0.21040700 1.39085000
16 -1.40591800 -0.00002500 -0.00000200 -0.01377600 -0.02606000 1.36159100
17 -1.17535800 0.00012600 -0.00001900 0.03573700 0.05772100 0.45866000
18 -4.52675100 -0.69058000 -1.12074100 -0.34755600 0.15083300 1.45582700
19 -1.74403800 0.00003200 -0.00000800 -0.02723700 -0.01149200 1.58318100
20 -1.36877100 0.00002300 0.00000200 0.01247300 0.05098700 0.13591400
21 -1.87479600 -0.93512500 0.99917500 2.10041000 0.44182000 0.86547100
22 -1.52344700 0.00003100 0.00003100 0.08946800 0.14926500 0.64392300
23 -1.59928500 0.00001100 0.00001500 0.03405500 -0.02608500 0.63444600
24 5.58312327 0.11572500 0.29499827 2.70854600 -0.05525400 3.09741800
25 0.19684600 -0.00000200 0.00000300 2.79340684 -0.00094123 -3.14132714
26 -0.48187272 -9.57959314 -1.24982145 1.97586200 1.15991000 1.84280300
27 6.21448600 0.00000800 0.00001900 -0.87704815 0.79373481 -1.87634098
28 11.94488800 -0.00003100 -0.00020000 -0.01234772 -0.36893627 -1.58934994
29 10.62016500 0.00000200 0.00000600 -1.04535177 -0.84225945 -0.24925847
30 4.75115800 0.69437400 -0.83047400 -0.33659400 -0.22394700 1.27220000
31 1.68806500 -0.00002200 0.00000200 -0.00123400 -0.02467300 1.48766100
32 1.33615100 -0.00005100 -0.00000900 0.01621300 -0.03516800 -0.06228900
33 4.82051500 0.50933800 0.22486600 -0.37685200 -0.01490600 1.55226800
34 1.82699200 0.00006600 0.00001000 -0.00051300 0.04045200 1.26079000
35 1.43658100 -0.00000600 0.00001000 0.01098600 -0.01043400 0.02903600
36 3.99235300 0.89108700 1.82799300 -0.58773500 -0.00855600 1.20568000
37 1.40592600 0.00003100 -0.00000300 -0.01283800 -0.02655700 1.32518700
38 1.17536200 -0.00013200 0.00000100 0.05517300 0.11025000 0.42008900
39 4.52675800 0.69046400 1.12084300 -0.49029100 0.04882300 1.52995500
40 1.74404100 -0.00003100 -0.00000200 -0.02474200 -0.01616300 1.40363300
41 1.36876700 -0.00003100 -0.00001800 -0.32324300 0.09380000 -0.20753100
42 1.93928282 1.01468791 -0.90910127 2.07330300 0.40321500 1.15292400
43 1.52345300 -0.00003200 -0.00000200 0.01413000 -0.08869500 0.51776000
44 1.59928100 -0.00000400 0.00001000 0.08163300 -0.01737100 1.03514200
45 5.51180600 -0.00000200 0.00000300 -0.27198700 0.00000000 0.00000000
46 0.19684900 0.00000300 -0.00000100 -0.34822500 0.00001500 -0.00000200
47 0.00000000 1.00000000 0.00000000 0.00000000 0.00000000 -1.57079600
48 -3.84604500 6.58686700 -4.01251600 0.00000000 0.00000000 -3.14156200
49 -7.13778650 20.51637853 -1.52627559 0.38294126 0.21831948 -0.46555491
50 7.38614865 0.11542837 -3.65940128 0.60677400 1.10882600 1.87296100
51 1.32804700 -0.01178200 0.11704500 0.00000000 0.00000000 0.00000000
52 -1.98416800 -0.01178200 0.82896700 0.00000000 0.00000000 0.00000000
53 0.09614000 0.00000000 0.43283900 0.00000000 0.13264500 0.00000000
54 1.61035536 1.20213700 1.18377500 0.00000000 0.09424800 0.00000000
55 -3.31358200 -0.81149100 0.41883600 0.00000000 0.00000000 0.00000000
56 -0.77083300 -1.06967300 1.39120900 0.00000000 0.08377600 0.00000000
57 0.13109200 -2.70192000 -4.24361100 2.90765600 -0.06655600 -1.98217000
time 60
0 -0.00000100 8.45008800 -27.50902600 0.00000000 0.00000000 0.00003100
1 -0.00000200 0.00000000 0.00000000 1.57074700 -1.56714200 -1.57074700
2 4.25546600 -0.33518300 -0.00000200 0.00000000 0.00000000 -0.12484800
3 7.43125000 1.49647900 0.00000200 0.00000000 0.00000000 0.24545000
4 5.27847900 0.16554400 0.00000100 0.00000000 0.00000000 0.04851100
5 -1.18125772 -12.69647015 5.81522249 1.97586500 1.15990900 -1.29878600
6 -6.21447800 -0.00000900 -0.00002600 -2.92725083 -0.68290166 1.25231520
7 11.94488500 0.00000000 0.00000000 -0.30733009 -0.31896262 1.81985480
8 10.62018800 0.00000000 0.00000000 1.03250600 0.15407894 2.73111346
9 -4.75110800 -0.69449800 0.83058000 -0.09752500 -0.07215500 0.36368700
10 -1.68806800 0.00004700 -0.00003100 0.01721300 -0.01778100 0.66972400
11 -1.33614000 0.00005500 -0.00001000 0.02612800 -0.00326300 0.67798300
12 -4.82049400 -0.50946400 -0.22475900 -0.30541200 -0.05688900 1.32645300
13 -1.82698400 -0.00006900 0.00000800 0.00812100 0.03962700 1.47482300
14 -1.43656900 0.00000400 0.00000300 -0.04326900 -0.06465400 0.49796600
15 -3.99235700 -0.89119100 -1.82790900 -0.50659500 0.21040700 1.39085000
16 -1.40591800 -0.00002500 -0.00000200 -0.01377600 -0.02606000 1.36159100
17 -1.17535800 0.00012600 -0.00001900 0.03573700 0.05772100 0.45866000
18 -4.52675100 -0.69058000 -1.12074100 -0.34755600 0.15083300 1.45582700
19 -1.74403800 0.00003200 -0.00000800 -0.02723700 -0.01149200 1.58318100
20 -1.36877100 0.00002300 0.00000200 0.01247300 0.05098700 0.13591400
21 -1.87479600 -0.93512500 0.99917500 2.10041000 0.44182000 0.86547100
22 -1.52344700 0.00003100 0.00003100 0.08946800 0.14926500 0.64392300
23 -1.59928500 0.00001100 0.00001500 0.03405500 -0.02608500 0.63444600
24 5.58312700 0.11572500 0.29499809 2.70854600 -0.05525400 3.09741800
25 0.19684600 -0.00000200 0.00000300 2.79340684 -0.00094123 -3.14132714
26 -0.48187272 -9.57959314 -1.24982145 1.97586200 1.15991000 1.84280300
27 6.21448600 0.00000800 0.00001900 -0.87722474 0.79583386 -1.87496438
28 11.94488800 -0.00003100 -0.00020000 -0.01071074 -0.36656388 -1.59416471
29 10.62016500 0.00000200 0.00000600 -1.04514032 -0.84383309 -0.23961419
30 4.75115800 0.69437400 -0.83047400 -0.33659400 -0.22394700 1.27220000
31 1.68806500 -0.00002200 0.00000200 -0.00123400 -0.02467300 1.48766100
32 1.33615100 -0.00005100 -0.00000900 0.01621300 -0.03516800 -0.06228900
33 4.82051500 0.50933800 0.22486600 -0.37685200 -0.01490600 1.55226800
34 1.82699200 0.00006600 0.00001000 -0.00051300 0.04045200 1.26079000
35 1.43658100 -0.00000600 0.00001000 0.01098600 -0.01043400 0.02903600
36 3.99235300 0.89108700 1.82799300 -0.58773500 -0.00855600 1.20568000
37 1.40592600 0.00003100 -0.00000300 -0.01283800 -0.02655700 1.32518700
38 1.17536200 -0.00013200 0.00000100 0.05517300 0.11025000 0.42008900
39 4.52675800 0.69046400 1.12084300 -0.49029100 0.04882300 1.52995500
40 1.74404100 -0.00003100 -0.00000200 -0.02474200 -0.01616300 1.40363300
41 1.36876700 -0.00003100 -0.00001800 -0.32324300 0.09380000 -0.20753100
42 1.93928191 1.01468891 -0.90910291 2.07330300 0.40321500 1.15292400
43 1.52345300 -0.00003200 -0.00000200 0.01413000 -0.08869500 0.51776000
44 1.59928100 -0.00000400 0.00001000 0.08163300 -0.01737100 1.03514200
45 5.51180600 -0.00000200 0.00000300 -0.27198700 0.00000000 0.00000000
46 0.19684900 0.00000300 -0.00000100 -0.34822500 0.00001500 -0.00000200
47 0.00000000 1.00000000 0.00000000 0.00000000 0.00000000 -1.57079600
48 -3.84604500 6.58686700 -4.01251600 0.00000000 0.00000000 -3.14156200
49 -7.12935959 20.51636940 -1.53616678 0.37560751 0.21575192 -0.46647482
50 7.38614938 0.11542955 -3.65939982 0.60677400 1.10882600 1.87296100
51 1.32804700 -0.01178200 0.11704500 0.00000000 0.00000000 0.00000000
52 -1.98416800 -0.01178200 0.82896700 0.00000000 0.00000000 0.00000000
53 0.09614000 0.00000000 0.43283900 0.00000000 0.13264500 0.00000000
54 1.61035391 1.20213509 1.18377500 0.00000000 0.09424800 0.00000000
55 -3.31358200 -0.81149100 0.41883600 0.00000000 0.00000000 0.00000000
56 -0.77083300 -1.06967300 1.39120900 0.00000000 0.08377600 0.00000000
57 0.13109200 -2.70192000 -4.24361100 2.90765600 -0.06655600 -1.98217000
end
